level,split,env_id,horizon,cap,base_seed,alpha,c,b,n_envs,n_episodes,regret,regret_se,k_final,search_frac,is_argmin
env,val,beta_good_common,50,64,5001000,0.5,1.0,0.0,1,2000,0.09461859734356404,0.0018572422649983126,8.0,0.125,False
env,val,beta_good_common,50,64,5001000,0.5,1.0,1.0,1,2000,0.09172415834665298,0.0018069533730631464,14.0,0.25,False
env,val,beta_good_common,50,64,5001000,0.5,2.0,0.0,1,2000,0.09143470966815949,0.001826313291979826,15.0,0.27083333333333337,False
env,val,beta_good_common,50,64,5001000,0.5,1.0,2.0,1,2000,0.09584584076702594,0.001897442959264853,21.0,0.39583333333333326,False
env,val,beta_good_common,50,64,5001000,0.5,3.0,0.0,1,2000,0.098389080286026,0.0019430792092283878,22.0,0.41666666666666674,False
env,val,beta_good_common,50,64,5001000,0.5,2.0,1.0,1,2000,0.10632130886614323,0.002026291077016198,28.0,0.5416666666666667,False
env,val,beta_good_common,50,64,5001000,0.5,1.0,4.0,1,2000,0.12342956879734993,0.002248716250428872,35.0,0.6875,False
env,val,beta_good_common,50,64,5001000,0.5,1.0,8.0,1,2000,0.18730742841959,0.0029300029699964895,48.6675,0.9722395833333333,False
env,val,beta_good_common,50,64,5001000,0.5,2.0,2.0,1,2000,0.14959097389876844,0.002597248408062652,42.0,0.8333333333333335,False
env,val,beta_good_common,50,64,5001000,0.5,2.0,4.0,1,2000,0.18743822540342808,0.0029705229624435127,48.6885,0.9726770833333332,False
env,val,beta_good_common,50,64,5001000,0.5,3.0,1.0,1,2000,0.1499011809527874,0.0025823484394726214,42.0,0.8333333333333335,False
env,val,beta_good_common,50,64,5001000,0.5,2.0,8.0,1,2000,0.19895977346599103,0.003092044456463768,49.1605,0.9825104166666665,False
env,val,beta_good_common,50,64,5001000,0.5,3.0,2.0,1,2000,0.18626524871587755,0.002977181675188297,48.686,0.9726249999999997,False
env,val,beta_good_common,50,64,5001000,0.5,4.0,0.0,1,2000,0.10834444585442543,0.0020565559420318846,29.0,0.5625,False
env,val,beta_good_common,50,64,5001000,0.5,3.0,4.0,1,2000,0.19634275195002557,0.003056415050649192,49.031,0.9798124999999999,False
env,val,beta_good_common,50,64,5001000,0.5,3.0,8.0,1,2000,0.21422759087383747,0.0032013374701112267,49.964,0.99925,False
env,val,beta_good_common,50,64,5001000,0.5,4.0,1.0,1,2000,0.18727056546509266,0.002967394605511954,48.6855,0.9726145833333333,False
env,val,beta_good_common,50,64,5001000,0.5,4.0,2.0,1,2000,0.1915897336900234,0.002979593812712143,48.917,0.9774374999999998,False
env,val,beta_good_common,50,64,5001000,0.5,4.0,4.0,1,2000,0.21422104811668397,0.003194062659302158,49.955,0.9990625,False
env,val,beta_good_common,50,64,5001000,0.5,6.0,0.0,1,2000,0.15254334343969822,0.0025620961648164836,43.0,0.8541666666666665,False
env,val,beta_good_common,50,64,5001000,0.5,4.0,8.0,1,2000,0.21569142806529998,0.003222281222372662,50.0,1.0,False
env,val,beta_good_common,50,64,5001000,0.5,6.0,1.0,1,2000,0.215544745400548,0.003211639565146815,49.9865,0.99971875,False
env,val,beta_good_common,50,64,5001000,0.5,6.0,4.0,1,2000,0.21569142806529998,0.003222281222372662,50.0,1.0,False
env,val,beta_good_common,50,64,5001000,0.5,6.0,2.0,1,2000,0.21569142806529998,0.003222281222372662,50.0,1.0,False
env,val,beta_good_common,50,64,5001000,0.75,1.0,0.0,1,2000,0.09370254738628864,0.0018471033919935606,19.0,0.3541666666666667,False
env,val,beta_good_common,50,64,5001000,0.5,6.0,8.0,1,2000,0.21569142806529998,0.003222281222372662,50.0,1.0,False
env,val,beta_good_common,50,64,5001000,0.75,1.0,1.0,1,2000,0.13466775713860987,0.0024209537111341208,38.0,0.75,False
env,val,beta_good_common,50,64,5001000,0.75,1.0,2.0,1,2000,0.1876040273308754,0.0029672808584211875,48.682,0.9725416666666665,False
env,val,beta_good_common,50,64,5001000,0.75,1.0,4.0,1,2000,0.1883406404852867,0.002957148121074955,48.78,0.9745833333333332,False
env,val,beta_good_common,50,64,5001000,0.75,2.0,0.0,1,2000,0.1336657459884882,0.002410658145527297,38.0,0.75,False
env,val,beta_good_common,50,64,5001000,0.75,1.0,8.0,1,2000,0.21562895381450653,0.003195827193854956,49.901,0.9979375,False
env,val,beta_good_common,50,64,5001000,0.75,2.0,1.0,1,2000,0.20029670000076294,0.003076389912616649,49.324,0.9859166666666666,False
env,val,beta_good_common,50,64,5001000,0.75,2.0,2.0,1,2000,0.215544745400548,0.003211639565146815,49.9865,0.99971875,False
env,val,beta_good_common,50,64,5001000,0.75,3.0,0.0,1,2000,0.21569142806529998,0.003222281222372662,50.0,1.0,False
env,val,beta_good_common,50,64,5001000,0.75,2.0,4.0,1,2000,0.21569142806529998,0.003222281222372662,50.0,1.0,False
env,val,beta_good_common,50,64,5001000,0.75,2.0,8.0,1,2000,0.21569142806529998,0.003222281222372662,50.0,1.0,False
env,val,beta_good_common,50,64,5001000,0.75,3.0,1.0,1,2000,0.21569142806529998,0.003222281222372662,50.0,1.0,False
env,val,beta_good_common,50,64,5001000,0.75,3.0,2.0,1,2000,0.21569142806529998,0.003222281222372662,50.0,1.0,False
env,val,beta_good_common,50,64,5001000,0.75,3.0,4.0,1,2000,0.21569142806529998,0.003222281222372662,50.0,1.0,False
env,val,beta_good_common,50,64,5001000,0.75,3.0,8.0,1,2000,0.21569142806529998,0.003222281222372662,50.0,1.0,False
env,val,beta_good_common,50,64,5001000,0.75,4.0,0.0,1,2000,0.21569142806529998,0.003222281222372662,50.0,1.0,False
env,val,beta_good_common,50,64,5001000,0.75,4.0,1.0,1,2000,0.21569142806529998,0.003222281222372662,50.0,1.0,False
env,val,beta_good_common,50,64,5001000,0.75,4.0,2.0,1,2000,0.21569142806529998,0.003222281222372662,50.0,1.0,False
env,val,beta_good_common,50,64,5001000,0.75,4.0,4.0,1,2000,0.21569142806529998,0.003222281222372662,50.0,1.0,False
env,val,beta_good_common,50,64,5001000,0.75,6.0,0.0,1,2000,0.21569142806529998,0.003222281222372662,50.0,1.0,False
env,val,beta_good_common,50,64,5001000,0.75,4.0,8.0,1,2000,0.21569142806529998,0.003222281222372662,50.0,1.0,False
env,val,beta_good_common,50,64,5001000,0.75,6.0,1.0,1,2000,0.21569142806529998,0.003222281222372662,50.0,1.0,False
env,val,beta_good_common,50,64,5001000,0.75,6.0,2.0,1,2000,0.21569142806529998,0.003222281222372662,50.0,1.0,False
env,val,beta_good_common,50,64,5001000,0.75,6.0,4.0,1,2000,0.21569142806529998,0.003222281222372662,50.0,1.0,False
env,val,beta_good_common,50,64,5001000,0.75,6.0,8.0,1,2000,0.21569142806529998,0.003222281222372662,50.0,1.0,False
env,val,beta_good_common,100,64,5004000,0.5,1.0,0.0,1,2000,0.08149040646851063,0.0015610340937868678,10.0,0.08163265306122448,False
env,val,beta_good_common,100,64,5004000,0.5,1.0,1.0,1,2000,0.06940038800239563,0.0013912756766534052,20.0,0.1836734693877551,False
env,val,beta_good_common,100,64,5004000,0.5,1.0,2.0,1,2000,0.07303891196846962,0.0014953896257631886,30.0,0.2857142857142856,False
env,val,beta_good_common,100,64,5004000,0.5,2.0,0.0,1,2000,0.06938054537773132,0.0013914855425271638,20.0,0.1836734693877551,False
env,val,beta_good_common,100,64,5004000,0.5,1.0,4.0,1,2000,0.08919613167643548,0.0017362797149826298,50.0,0.48979591836734687,False
env,val,beta_good_common,100,64,5004000,0.5,2.0,1.0,1,2000,0.07924045747518539,0.0016377893283273702,40.0,0.38775510204081615,False
env,val,beta_good_common,100,64,5004000,0.5,1.0,8.0,1,2000,0.10265454295277596,0.001869457303188267,64.0,0.6326530612244898,False
env,val,beta_good_common,100,64,5004000,0.5,2.0,2.0,1,2000,0.09818032976984978,0.0018148955495785933,60.0,0.5918367346938778,False
env,val,beta_good_common,100,64,5004000,0.5,2.0,4.0,1,2000,0.10261695379018784,0.00186822744993314,64.0,0.6326530612244898,False
env,val,beta_good_common,100,64,5004000,0.5,3.0,0.0,1,2000,0.07311346065998077,0.0014955983748234601,30.0,0.2857142857142856,False
env,val,beta_good_common,100,64,5004000,0.5,2.0,8.0,1,2000,0.10234859672188759,0.0018684319530329402,64.0,0.6326530612244898,False
env,val,beta_good_common,100,64,5004000,0.5,3.0,1.0,1,2000,0.09804755449295044,0.0018159449335409376,60.0,0.5918367346938778,False
env,val,beta_good_common,100,64,5004000,0.5,3.0,2.0,1,2000,0.1025168343782425,0.0018675416296192388,64.0,0.6326530612244898,False
env,val,beta_good_common,100,64,5004000,0.5,3.0,4.0,1,2000,0.10234859672188759,0.0018684319530329402,64.0,0.6326530612244898,False
env,val,beta_good_common,100,64,5004000,0.5,4.0,0.0,1,2000,0.07925091549754143,0.0016375547327185857,40.0,0.38775510204081615,False
env,val,beta_good_common,100,64,5004000,0.5,3.0,8.0,1,2000,0.10234859672188759,0.0018684319530329402,64.0,0.6326530612244898,False
env,val,beta_good_common,100,64,5004000,0.5,4.0,1.0,1,2000,0.10249122235178948,0.0018678812418495955,64.0,0.6326530612244898,False
env,val,beta_good_common,100,64,5004000,0.5,4.0,2.0,1,2000,0.10234859672188759,0.0018684319530329402,64.0,0.6326530612244898,False
env,val,beta_good_common,100,64,5004000,0.5,6.0,0.0,1,2000,0.09790436732769013,0.0018154729623605368,60.0,0.5918367346938778,False
env,val,beta_good_common,100,64,5004000,0.5,4.0,4.0,1,2000,0.10234859672188759,0.0018684319530329402,64.0,0.6326530612244898,False
env,val,beta_good_common,100,64,5004000,0.5,4.0,8.0,1,2000,0.10234859672188759,0.0018684319530329402,64.0,0.6326530612244898,False
env,val,beta_good_common,100,64,5004000,0.5,6.0,1.0,1,2000,0.10234859672188759,0.0018684319530329402,64.0,0.6326530612244898,False
env,val,beta_good_common,100,64,5004000,0.5,6.0,2.0,1,2000,0.10234859672188759,0.0018684319530329402,64.0,0.6326530612244898,False
env,val,beta_good_common,100,64,5004000,0.75,1.0,0.0,1,2000,0.07413223218917847,0.001500858992201495,32.0,0.3061224489795918,False
env,val,beta_good_common,100,64,5004000,0.5,6.0,4.0,1,2000,0.10234859672188759,0.0018684319530329402,64.0,0.6326530612244898,False
env,val,beta_good_common,100,64,5004000,0.5,6.0,8.0,1,2000,0.10234859672188759,0.0018684319530329402,64.0,0.6326530612244898,False
env,val,beta_good_common,100,64,5004000,0.75,1.0,1.0,1,2000,0.09967440125346184,0.0018501693921910843,63.0,0.6224489795918368,False
env,val,beta_good_common,100,64,5004000,0.75,1.0,2.0,1,2000,0.10249122235178948,0.0018678812418495955,64.0,0.6326530612244898,False
env,val,beta_good_common,100,64,5004000,0.75,2.0,0.0,1,2000,0.10234859672188759,0.0018684319530329402,64.0,0.6326530612244898,False
env,val,beta_good_common,100,64,5004000,0.75,1.0,4.0,1,2000,0.10234859672188759,0.0018684319530329402,64.0,0.6326530612244898,False
env,val,beta_good_common,100,64,5004000,0.75,1.0,8.0,1,2000,0.10234859672188759,0.0018684319530329402,64.0,0.6326530612244898,False
env,val,beta_good_common,100,64,5004000,0.75,2.0,1.0,1,2000,0.10234859672188759,0.0018684319530329402,64.0,0.6326530612244898,False
env,val,beta_good_common,100,64,5004000,0.75,2.0,2.0,1,2000,0.10234859672188759,0.0018684319530329402,64.0,0.6326530612244898,False
env,val,beta_good_common,100,64,5004000,0.75,2.0,4.0,1,2000,0.10234859672188759,0.0018684319530329402,64.0,0.6326530612244898,False
env,val,beta_good_common,100,64,5004000,0.75,2.0,8.0,1,2000,0.10234859672188759,0.0018684319530329402,64.0,0.6326530612244898,False
env,val,beta_good_common,100,64,5004000,0.75,3.0,0.0,1,2000,0.10234859672188759,0.0018684319530329402,64.0,0.6326530612244898,False
env,val,beta_good_common,100,64,5004000,0.75,3.0,1.0,1,2000,0.10234859672188759,0.0018684319530329402,64.0,0.6326530612244898,False
env,val,beta_good_common,100,64,5004000,0.75,3.0,2.0,1,2000,0.10234859672188759,0.0018684319530329402,64.0,0.6326530612244898,False
env,val,beta_good_common,100,64,5004000,0.75,3.0,4.0,1,2000,0.10234859672188759,0.0018684319530329402,64.0,0.6326530612244898,False
env,val,beta_good_common,100,64,5004000,0.75,3.0,8.0,1,2000,0.10234859672188759,0.0018684319530329402,64.0,0.6326530612244898,False
env,val,beta_good_common,100,64,5004000,0.75,4.0,0.0,1,2000,0.10234859672188759,0.0018684319530329402,64.0,0.6326530612244898,False
env,val,beta_good_common,100,64,5004000,0.75,4.0,1.0,1,2000,0.10234859672188759,0.0018684319530329402,64.0,0.6326530612244898,False
env,val,beta_good_common,100,64,5004000,0.75,4.0,2.0,1,2000,0.10234859672188759,0.0018684319530329402,64.0,0.6326530612244898,False
env,val,beta_good_common,100,64,5004000,0.75,4.0,4.0,1,2000,0.10234859672188759,0.0018684319530329402,64.0,0.6326530612244898,False
env,val,beta_good_common,100,64,5004000,0.75,6.0,0.0,1,2000,0.10234859672188759,0.0018684319530329402,64.0,0.6326530612244898,False
env,val,beta_good_common,100,64,5004000,0.75,4.0,8.0,1,2000,0.10234859672188759,0.0018684319530329402,64.0,0.6326530612244898,False
env,val,beta_good_common,100,64,5004000,0.75,6.0,1.0,1,2000,0.10234859672188759,0.0018684319530329402,64.0,0.6326530612244898,False
env,val,beta_good_common,100,64,5004000,0.75,6.0,2.0,1,2000,0.10234859672188759,0.0018684319530329402,64.0,0.6326530612244898,False
env,val,beta_good_common,100,64,5004000,0.75,6.0,4.0,1,2000,0.10234859672188759,0.0018684319530329402,64.0,0.6326530612244898,False
env,val,beta_good_common,100,64,5004000,0.75,6.0,8.0,1,2000,0.10234859672188759,0.0018684319530329402,64.0,0.6326530612244898,False
env,val,beta_good_common,200,64,5007000,0.5,1.0,0.0,1,2000,0.06551402163505554,0.0011793726506563703,15.0,0.06565656565656565,False
env,val,beta_good_common,200,64,5007000,0.5,1.0,1.0,1,2000,0.0539539922773838,0.0010748176920073627,28.0,0.1313131313131313,False
env,val,beta_good_common,200,64,5007000,0.5,2.0,0.0,1,2000,0.05340573778748512,0.0010639410269102114,29.0,0.1363636363636363,False
env,val,beta_good_common,200,64,5007000,0.5,1.0,2.0,1,2000,0.054482570707798,0.0011167655727263243,42.0,0.20202020202020202,False
env,val,beta_good_common,200,64,5007000,0.5,1.0,4.0,1,2000,0.0588050696849823,0.0011977515530434556,64.0,0.31313131313131315,False
env,val,beta_good_common,200,64,5007000,0.5,1.0,8.0,1,2000,0.05879899135231972,0.0011978891269134168,64.0,0.31313131313131315,False
env,val,beta_good_common,200,64,5007000,0.5,2.0,1.0,1,2000,0.057494681656360624,0.0011790663941334597,57.0,0.2777777777777778,False
env,val,beta_good_common,200,64,5007000,0.5,3.0,0.0,1,2000,0.05491115060448647,0.001124256848571447,43.0,0.20707070707070716,False
env,val,beta_good_common,200,64,5007000,0.5,2.0,2.0,1,2000,0.05879899135231972,0.0011978891269134168,64.0,0.31313131313131315,False
env,val,beta_good_common,200,64,5007000,0.5,2.0,4.0,1,2000,0.05879899135231972,0.0011978891269134168,64.0,0.31313131313131315,False
env,val,beta_good_common,200,64,5007000,0.5,2.0,8.0,1,2000,0.05879899135231972,0.0011978891269134168,64.0,0.31313131313131315,False
env,val,beta_good_common,200,64,5007000,0.5,3.0,1.0,1,2000,0.05879899135231972,0.0011978891269134168,64.0,0.31313131313131315,False
env,val,beta_good_common,200,64,5007000,0.5,3.0,2.0,1,2000,0.05879899135231972,0.0011978891269134168,64.0,0.31313131313131315,False
env,val,beta_good_common,200,64,5007000,0.5,3.0,4.0,1,2000,0.05879899135231972,0.0011978891269134168,64.0,0.31313131313131315,False
env,val,beta_good_common,200,64,5007000,0.5,4.0,0.0,1,2000,0.057494681656360624,0.0011790663941334597,57.0,0.2777777777777778,False
env,val,beta_good_common,200,64,5007000,0.5,3.0,8.0,1,2000,0.05879899135231972,0.0011978891269134168,64.0,0.31313131313131315,False
env,val,beta_good_common,200,64,5007000,0.5,4.0,1.0,1,2000,0.05879899135231972,0.0011978891269134168,64.0,0.31313131313131315,False
env,val,beta_good_common,200,64,5007000,0.5,6.0,0.0,1,2000,0.05879899135231972,0.0011978891269134168,64.0,0.31313131313131315,False
env,val,beta_good_common,200,64,5007000,0.5,4.0,2.0,1,2000,0.05879899135231972,0.0011978891269134168,64.0,0.31313131313131315,False
env,val,beta_good_common,200,64,5007000,0.5,4.0,4.0,1,2000,0.05879899135231972,0.0011978891269134168,64.0,0.31313131313131315,False
env,val,beta_good_common,200,64,5007000,0.5,4.0,8.0,1,2000,0.05879899135231972,0.0011978891269134168,64.0,0.31313131313131315,False
env,val,beta_good_common,200,64,5007000,0.5,6.0,1.0,1,2000,0.05879899135231972,0.0011978891269134168,64.0,0.31313131313131315,False
env,val,beta_good_common,200,64,5007000,0.5,6.0,2.0,1,2000,0.05879899135231972,0.0011978891269134168,64.0,0.31313131313131315,False
env,val,beta_good_common,200,64,5007000,0.5,6.0,4.0,1,2000,0.05879899135231972,0.0011978891269134168,64.0,0.31313131313131315,False
env,val,beta_good_common,200,64,5007000,0.5,6.0,8.0,1,2000,0.05879899135231972,0.0011978891269134168,64.0,0.31313131313131315,False
env,val,beta_good_common,200,64,5007000,0.75,1.0,0.0,1,2000,0.056923432558774946,0.0011870608867809247,54.0,0.2626262626262626,False
env,val,beta_good_common,200,64,5007000,0.75,1.0,1.0,1,2000,0.05879899135231972,0.0011978891269134168,64.0,0.31313131313131315,False
env,val,beta_good_common,200,64,5007000,0.75,1.0,2.0,1,2000,0.05879899135231972,0.0011978891269134168,64.0,0.31313131313131315,False
env,val,beta_good_common,200,64,5007000,0.75,2.0,0.0,1,2000,0.05879899135231972,0.0011978891269134168,64.0,0.31313131313131315,False
env,val,beta_good_common,200,64,5007000,0.75,1.0,8.0,1,2000,0.05879899135231972,0.0011978891269134168,64.0,0.31313131313131315,False
env,val,beta_good_common,200,64,5007000,0.75,1.0,4.0,1,2000,0.05879899135231972,0.0011978891269134168,64.0,0.31313131313131315,False
env,val,beta_good_common,200,64,5007000,0.75,2.0,1.0,1,2000,0.05879899135231972,0.0011978891269134168,64.0,0.31313131313131315,False
env,val,beta_good_common,200,64,5007000,0.75,2.0,2.0,1,2000,0.05879899135231972,0.0011978891269134168,64.0,0.31313131313131315,False
env,val,beta_good_common,200,64,5007000,0.75,2.0,4.0,1,2000,0.05879899135231972,0.0011978891269134168,64.0,0.31313131313131315,False
env,val,beta_good_common,200,64,5007000,0.75,2.0,8.0,1,2000,0.05879899135231972,0.0011978891269134168,64.0,0.31313131313131315,False
env,val,beta_good_common,200,64,5007000,0.75,3.0,0.0,1,2000,0.05879899135231972,0.0011978891269134168,64.0,0.31313131313131315,False
env,val,beta_good_common,200,64,5007000,0.75,3.0,1.0,1,2000,0.05879899135231972,0.0011978891269134168,64.0,0.31313131313131315,False
env,val,beta_good_common,200,64,5007000,0.75,3.0,2.0,1,2000,0.05879899135231972,0.0011978891269134168,64.0,0.31313131313131315,False
env,val,beta_good_common,200,64,5007000,0.75,3.0,4.0,1,2000,0.05879899135231972,0.0011978891269134168,64.0,0.31313131313131315,False
env,val,beta_rare_excellent,50,64,5046000,0.5,1.0,0.0,1,2000,0.18272383782616816,0.0028035694001575053,8.0,0.125,False
env,val,beta_good_common,200,64,5007000,0.75,3.0,8.0,1,2000,0.05879899135231972,0.0011978891269134168,64.0,0.31313131313131315,False
env,val,beta_good_common,200,64,5007000,0.75,4.0,0.0,1,2000,0.05879899135231972,0.0011978891269134168,64.0,0.31313131313131315,False
env,val,beta_rare_excellent,50,64,5046000,0.5,1.0,1.0,1,2000,0.17012539740093052,0.0027628652375675344,14.0,0.25,False
env,val,beta_rare_excellent,50,64,5046000,0.5,1.0,2.0,1,2000,0.16822969928802922,0.0027249614845551444,21.0,0.39583333333333326,False
env,val,beta_good_common,200,64,5007000,0.75,4.0,1.0,1,2000,0.05879899135231972,0.0011978891269134168,64.0,0.31313131313131315,False
env,val,beta_rare_excellent,50,64,5046000,0.5,1.0,4.0,1,2000,0.16265450218715705,0.0027206449971924236,34.9375,0.6861979166666666,False
env,val,beta_good_common,200,64,5007000,0.75,4.0,2.0,1,2000,0.05879899135231972,0.0011978891269134168,64.0,0.31313131313131315,False
env,val,beta_rare_excellent,50,64,5046000,0.5,2.0,0.0,1,2000,0.1696273538689129,0.0027667152669657246,15.0,0.27083333333333337,False
env,val,beta_good_common,200,64,5007000,0.75,6.0,0.0,1,2000,0.05879899135231972,0.0011978891269134168,64.0,0.31313131313131315,False
env,val,beta_rare_excellent,50,64,5046000,0.5,1.0,8.0,1,2000,0.20599757702846547,0.002773735990611296,48.7035,0.9729895833333333,False
env,val,beta_good_common,200,64,5007000,0.75,4.0,4.0,1,2000,0.05879899135231972,0.0011978891269134168,64.0,0.31313131313131315,False
env,val,beta_good_common,200,64,5007000,0.75,4.0,8.0,1,2000,0.05879899135231972,0.0011978891269134168,64.0,0.31313131313131315,False
env,val,beta_rare_excellent,50,64,5046000,0.5,2.0,1.0,1,2000,0.16585974183073268,0.0026909760515254648,27.9935,0.5415312500000001,False
env,val,beta_rare_excellent,50,64,5046000,0.5,2.0,2.0,1,2000,0.16435626372357365,0.002723353881960697,41.826,0.8297083333333335,False
env,val,beta_rare_excellent,50,64,5046000,0.5,3.0,0.0,1,2000,0.16809502394660375,0.0027192738811438683,22.0,0.41666666666666674,False
env,val,beta_rare_excellent,50,64,5046000,0.5,2.0,4.0,1,2000,0.20564407232613302,0.0027718905415537727,49.3115,0.98565625,False
env,val,beta_good_common,200,64,5007000,0.75,6.0,1.0,1,2000,0.05879899135231972,0.0011978891269134168,64.0,0.31313131313131315,False
env,val,beta_rare_excellent,50,64,5046000,0.5,2.0,8.0,1,2000,0.20496683943161043,0.002770025476185849,49.525,0.9901041666666668,False
env,val,beta_rare_excellent,50,64,5046000,0.5,3.0,1.0,1,2000,0.16336290105606896,0.002723926591476425,41.892,0.8310833333333335,False
env,val,beta_good_common,200,64,5007000,0.75,6.0,2.0,1,2000,0.05879899135231972,0.0011978891269134168,64.0,0.31313131313131315,False
env,val,beta_rare_excellent,50,64,5046000,0.5,3.0,2.0,1,2000,0.2056864985327702,0.002777548125378562,49.6195,0.9920729166666666,False
env,val,beta_rare_excellent,50,64,5046000,0.5,4.0,0.0,1,2000,0.16542714333231562,0.002698456423237492,29.0,0.5625,False
env,val,beta_rare_excellent,50,64,5046000,0.5,3.0,8.0,1,2000,0.2049695707501378,0.002774773821055939,49.8145,0.9961354166666666,False
env,val,beta_rare_excellent,50,64,5046000,0.5,3.0,4.0,1,2000,0.20494272883213124,0.0027723321635197947,49.731,0.9943958333333334,False
env,val,beta_rare_excellent,50,64,5046000,0.5,4.0,1.0,1,2000,0.20491617266717366,0.0027725554354743553,49.7765,0.99534375,False
env,val,beta_rare_excellent,50,64,5046000,0.5,4.0,2.0,1,2000,0.2047905911875423,0.0027733042487991444,49.8285,0.9964270833333333,False
env,val,beta_rare_excellent,50,64,5046000,0.5,6.0,0.0,1,2000,0.16415017614816316,0.002727724723716844,43.0,0.8541666666666665,False
env,val,beta_rare_excellent,50,64,5046000,0.5,4.0,4.0,1,2000,0.2049536103324499,0.0027722460793867336,49.8805,0.9975104166666667,False
env,val,beta_rare_excellent,50,64,5046000,0.5,4.0,8.0,1,2000,0.20495186107768676,0.0027693748146919665,49.9185,0.9983020833333333,False
env,val,beta_good_common,200,64,5007000,0.75,6.0,4.0,1,2000,0.05879899135231972,0.0011978891269134168,64.0,0.31313131313131315,False
env,val,beta_good_common,200,64,5007000,0.75,6.0,8.0,1,2000,0.05879899135231972,0.0011978891269134168,64.0,0.31313131313131315,False
env,val,beta_rare_excellent,50,64,5046000,0.5,6.0,1.0,1,2000,0.2050436760147568,0.0027675169306698205,49.9725,0.9994270833333334,False
env,val,beta_rare_excellent,50,64,5046000,0.5,6.0,2.0,1,2000,0.2050436760147568,0.0027675169306698205,49.9785,0.9995520833333332,False
env,val,beta_rare_excellent,50,64,5046000,0.75,1.0,0.0,1,2000,0.16534462114516646,0.002736952592340627,19.0,0.3541666666666667,False
env,val,beta_rare_excellent,50,64,5046000,0.5,6.0,8.0,1,2000,0.20493706739111803,0.0027680297752947576,49.9895,0.99978125,False
env,val,beta_rare_excellent,50,64,5046000,0.5,6.0,4.0,1,2000,0.20501996240741574,0.0027667266153990518,49.9835,0.99965625,False
env,val,beta_rare_excellent,50,64,5046000,0.75,1.0,1.0,1,2000,0.16131606334412937,0.0027161482386564187,37.9355,0.74865625,False
env,val,beta_rare_excellent,50,64,5046000,0.75,1.0,2.0,1,2000,0.2055480364950199,0.0027846113476259556,49.439,0.9883125,False
env,val,beta_rare_excellent,50,64,5046000,0.75,2.0,0.0,1,2000,0.16098315194272436,0.00271652091440827,38.0,0.75,False
env,val,beta_rare_excellent,50,64,5046000,0.75,1.0,4.0,1,2000,0.20502095511811785,0.002776170904734876,49.6215,0.9921145833333332,False
env,val,beta_rare_excellent,50,64,5046000,0.75,1.0,8.0,1,2000,0.20495344113907776,0.002774868765087714,49.736,0.9945,False
env,val,beta_rare_excellent,50,64,5046000,0.75,2.0,1.0,1,2000,0.20524441845319233,0.0027720028654741446,49.924,0.9984166666666666,False
env,val,beta_rare_excellent,50,64,5046000,0.75,2.0,2.0,1,2000,0.20490788768953644,0.0027716670825354175,49.9465,0.9988854166666667,False
env,val,beta_rare_excellent,50,64,5046000,0.75,2.0,4.0,1,2000,0.2050436760147568,0.0027675169306698205,49.9645,0.9992604166666667,False
env,val,beta_rare_excellent,50,64,5046000,0.75,3.0,0.0,1,2000,0.2049431271313224,0.002769416851874459,50.0,1.0,False
env,val,beta_rare_excellent,50,64,5046000,0.75,2.0,8.0,1,2000,0.20501996240741574,0.0027667266153990518,49.974,0.9994583333333332,False
env,val,beta_rare_excellent,50,64,5046000,0.75,3.0,1.0,1,2000,0.2049431271313224,0.002769416851874459,50.0,1.0,False
env,val,beta_rare_excellent,50,64,5046000,0.75,3.0,4.0,1,2000,0.2049431271313224,0.002769416851874459,50.0,1.0,False
env,val,beta_rare_excellent,50,64,5046000,0.75,4.0,0.0,1,2000,0.2049431271313224,0.002769416851874459,50.0,1.0,False
env,val,beta_rare_excellent,50,64,5046000,0.75,4.0,2.0,1,2000,0.2049431271313224,0.002769416851874459,50.0,1.0,False
env,val,beta_rare_excellent,50,64,5046000,0.75,3.0,2.0,1,2000,0.2049431271313224,0.002769416851874459,50.0,1.0,False
env,val,beta_rare_excellent,50,64,5046000,0.75,4.0,1.0,1,2000,0.2049431271313224,0.002769416851874459,50.0,1.0,False
env,val,beta_rare_excellent,50,64,5046000,0.75,3.0,8.0,1,2000,0.2049431271313224,0.002769416851874459,50.0,1.0,False
env,val,beta_rare_excellent,50,64,5046000,0.75,4.0,4.0,1,2000,0.2049431271313224,0.002769416851874459,50.0,1.0,False
env,val,beta_rare_excellent,50,64,5046000,0.75,6.0,0.0,1,2000,0.2049431271313224,0.002769416851874459,50.0,1.0,False
env,val,beta_rare_excellent,50,64,5046000,0.75,4.0,8.0,1,2000,0.2049431271313224,0.002769416851874459,50.0,1.0,False
env,val,beta_rare_excellent,50,64,5046000,0.75,6.0,1.0,1,2000,0.2049431271313224,0.002769416851874459,50.0,1.0,False
env,val,beta_rare_excellent,50,64,5046000,0.75,6.0,2.0,1,2000,0.2049431271313224,0.002769416851874459,50.0,1.0,False
env,val,beta_rare_excellent,50,64,5046000,0.75,6.0,4.0,1,2000,0.2049431271313224,0.002769416851874459,50.0,1.0,False
env,val,beta_rare_excellent,100,64,5049000,0.5,1.0,0.0,1,2000,0.19702031649637503,0.002823904002062634,10.0,0.08163265306122448,False
env,val,beta_rare_excellent,50,64,5046000,0.75,6.0,8.0,1,2000,0.2049431271313224,0.002769416851874459,50.0,1.0,False
env,val,beta_rare_excellent,100,64,5049000,0.5,2.0,0.0,1,2000,0.17535409460170195,0.002816549862842695,20.0,0.1836734693877551,False
env,val,beta_rare_excellent,100,64,5049000,0.5,1.0,2.0,1,2000,0.17663543644314633,0.0027808757317599442,30.0,0.2857142857142856,False
env,val,beta_rare_excellent,100,64,5049000,0.5,1.0,1.0,1,2000,0.17535409460170195,0.002816549862842695,20.0,0.1836734693877551,False
env,val,beta_rare_excellent,100,64,5049000,0.5,3.0,0.0,1,2000,0.17663543644314633,0.0027808757317599442,30.0,0.2857142857142856,False
env,val,beta_rare_excellent,100,64,5049000,0.5,1.0,4.0,1,2000,0.18159779588785022,0.0028196917629951224,50.0,0.48979591836734687,False
env,val,beta_rare_excellent,100,64,5049000,0.5,1.0,8.0,1,2000,0.17446002522483467,0.0027713777401932632,64.0,0.6326530612244898,False
env,val,beta_rare_excellent,100,64,5049000,0.5,2.0,1.0,1,2000,0.1731924500647001,0.0027924341700168408,40.0,0.38775510204081615,False
env,val,beta_rare_excellent,100,64,5049000,0.5,2.0,2.0,1,2000,0.17700764192268253,0.00278152049609338,60.0,0.5918367346938778,False
env,val,beta_rare_excellent,100,64,5049000,0.5,2.0,8.0,1,2000,0.17460028973594308,0.0027693919941951845,64.0,0.6326530612244898,False
env,val,beta_rare_excellent,100,64,5049000,0.5,2.0,4.0,1,2000,0.17460028973594308,0.0027693919941951845,64.0,0.6326530612244898,False
env,val,beta_rare_excellent,100,64,5049000,0.5,3.0,1.0,1,2000,0.17700764192268253,0.00278152049609338,60.0,0.5918367346938778,False
env,val,beta_rare_excellent,100,64,5049000,0.5,3.0,2.0,1,2000,0.17460028973594308,0.0027693919941951845,64.0,0.6326530612244898,False
env,val,beta_rare_excellent,100,64,5049000,0.5,4.0,0.0,1,2000,0.1731924500647001,0.0027924341700168408,40.0,0.38775510204081615,False
env,val,beta_rare_excellent,100,64,5049000,0.5,3.0,4.0,1,2000,0.17460028973594308,0.0027693919941951845,64.0,0.6326530612244898,False
env,val,beta_rare_excellent,100,64,5049000,0.5,3.0,8.0,1,2000,0.17460028973594308,0.0027693919941951845,64.0,0.6326530612244898,False
env,val,beta_rare_excellent,100,64,5049000,0.5,4.0,1.0,1,2000,0.17460028973594308,0.0027693919941951845,64.0,0.6326530612244898,False
env,val,beta_rare_excellent,100,64,5049000,0.5,4.0,2.0,1,2000,0.17460028973594308,0.0027693919941951845,64.0,0.6326530612244898,False
env,val,beta_rare_excellent,100,64,5049000,0.5,6.0,0.0,1,2000,0.17700764192268253,0.00278152049609338,60.0,0.5918367346938778,False
env,val,beta_rare_excellent,100,64,5049000,0.75,1.0,0.0,1,2000,0.17591968368226663,0.0027936487996593072,32.0,0.3061224489795918,False
env,val,beta_rare_excellent,100,64,5049000,0.5,4.0,4.0,1,2000,0.17460028973594308,0.0027693919941951845,64.0,0.6326530612244898,False
env,val,beta_rare_excellent,100,64,5049000,0.5,4.0,8.0,1,2000,0.17460028973594308,0.0027693919941951845,64.0,0.6326530612244898,False
env,val,beta_rare_excellent,100,64,5049000,0.5,6.0,1.0,1,2000,0.17460028973594308,0.0027693919941951845,64.0,0.6326530612244898,False
env,val,beta_rare_excellent,100,64,5049000,0.5,6.0,2.0,1,2000,0.17460028973594308,0.0027693919941951845,64.0,0.6326530612244898,False
env,val,beta_rare_excellent,100,64,5049000,0.5,6.0,4.0,1,2000,0.17460028973594308,0.0027693919941951845,64.0,0.6326530612244898,False
env,val,beta_rare_excellent,100,64,5049000,0.5,6.0,8.0,1,2000,0.17460028973594308,0.0027693919941951845,64.0,0.6326530612244898,False
env,val,beta_rare_excellent,100,64,5049000,0.75,1.0,2.0,1,2000,0.17460028973594308,0.0027693919941951845,64.0,0.6326530612244898,False
env,val,beta_rare_excellent,100,64,5049000,0.75,1.0,1.0,1,2000,0.17453926791995764,0.0027708940577700673,63.0,0.6224489795918368,False
env,val,beta_rare_excellent,100,64,5049000,0.75,1.0,4.0,1,2000,0.17460028973594308,0.0027693919941951845,64.0,0.6326530612244898,False
env,val,beta_rare_excellent,100,64,5049000,0.75,2.0,0.0,1,2000,0.17460028973594308,0.0027693919941951845,64.0,0.6326530612244898,False
env,val,beta_rare_excellent,100,64,5049000,0.75,2.0,1.0,1,2000,0.17460028973594308,0.0027693919941951845,64.0,0.6326530612244898,False
env,val,beta_rare_excellent,100,64,5049000,0.75,1.0,8.0,1,2000,0.17460028973594308,0.0027693919941951845,64.0,0.6326530612244898,False
env,val,beta_rare_excellent,100,64,5049000,0.75,3.0,0.0,1,2000,0.17460028973594308,0.0027693919941951845,64.0,0.6326530612244898,False
env,val,beta_rare_excellent,100,64,5049000,0.75,2.0,4.0,1,2000,0.17460028973594308,0.0027693919941951845,64.0,0.6326530612244898,False
env,val,beta_rare_excellent,100,64,5049000,0.75,2.0,2.0,1,2000,0.17460028973594308,0.0027693919941951845,64.0,0.6326530612244898,False
env,val,beta_rare_excellent,100,64,5049000,0.75,2.0,8.0,1,2000,0.17460028973594308,0.0027693919941951845,64.0,0.6326530612244898,False
env,val,beta_rare_excellent,100,64,5049000,0.75,3.0,1.0,1,2000,0.17460028973594308,0.0027693919941951845,64.0,0.6326530612244898,False
env,val,beta_rare_excellent,100,64,5049000,0.75,3.0,2.0,1,2000,0.17460028973594308,0.0027693919941951845,64.0,0.6326530612244898,False
env,val,beta_rare_excellent,100,64,5049000,0.75,4.0,0.0,1,2000,0.17460028973594308,0.0027693919941951845,64.0,0.6326530612244898,False
env,val,beta_rare_excellent,100,64,5049000,0.75,3.0,4.0,1,2000,0.17460028973594308,0.0027693919941951845,64.0,0.6326530612244898,False
env,val,beta_rare_excellent,100,64,5049000,0.75,3.0,8.0,1,2000,0.17460028973594308,0.0027693919941951845,64.0,0.6326530612244898,False
env,val,beta_rare_excellent,100,64,5049000,0.75,4.0,1.0,1,2000,0.17460028973594308,0.0027693919941951845,64.0,0.6326530612244898,False
env,val,beta_rare_excellent,100,64,5049000,0.75,6.0,0.0,1,2000,0.17460028973594308,0.0027693919941951845,64.0,0.6326530612244898,False
env,val,beta_rare_excellent,100,64,5049000,0.75,4.0,2.0,1,2000,0.17460028973594308,0.0027693919941951845,64.0,0.6326530612244898,False
env,val,beta_rare_excellent,100,64,5049000,0.75,4.0,4.0,1,2000,0.17460028973594308,0.0027693919941951845,64.0,0.6326530612244898,False
env,val,beta_rare_excellent,100,64,5049000,0.75,4.0,8.0,1,2000,0.17460028973594308,0.0027693919941951845,64.0,0.6326530612244898,False
env,val,beta_rare_excellent,100,64,5049000,0.75,6.0,1.0,1,2000,0.17460028973594308,0.0027693919941951845,64.0,0.6326530612244898,False
env,val,beta_rare_excellent,100,64,5049000,0.75,6.0,2.0,1,2000,0.17460028973594308,0.0027693919941951845,64.0,0.6326530612244898,False
env,val,beta_rare_excellent,200,64,5052000,0.5,1.0,0.0,1,2000,0.20250394438765942,0.002687861634629792,15.0,0.06565656565656565,False
env,val,beta_rare_excellent,100,64,5049000,0.75,6.0,4.0,1,2000,0.17460028973594308,0.0027693919941951845,64.0,0.6326530612244898,False
env,val,beta_rare_excellent,100,64,5049000,0.75,6.0,8.0,1,2000,0.17460028973594308,0.0027693919941951845,64.0,0.6326530612244898,False
env,val,beta_rare_excellent,200,64,5052000,0.5,1.0,1.0,1,2000,0.18012970448099078,0.002714456283790647,28.0,0.1313131313131313,False
env,val,beta_rare_excellent,200,64,5052000,0.5,2.0,0.0,1,2000,0.1782183504011482,0.002720219499421544,29.0,0.1363636363636363,False
env,val,beta_rare_excellent,200,64,5052000,0.5,1.0,2.0,1,2000,0.17300060133542866,0.0027335327346609643,42.0,0.20202020202020202,False
env,val,beta_rare_excellent,200,64,5052000,0.5,1.0,4.0,1,2000,0.1777677250225097,0.0027311596513710386,64.0,0.31313131313131315,False
env,val,beta_rare_excellent,200,64,5052000,0.5,3.0,0.0,1,2000,0.17294877515267582,0.0027370348893925294,43.0,0.20707070707070716,False
env,val,beta_rare_excellent,200,64,5052000,0.5,1.0,8.0,1,2000,0.1777677250225097,0.0027311596513710386,64.0,0.31313131313131315,False
env,val,beta_rare_excellent,200,64,5052000,0.5,2.0,4.0,1,2000,0.1777677250225097,0.0027311596513710386,64.0,0.31313131313131315,False
env,val,beta_rare_excellent,200,64,5052000,0.5,2.0,1.0,1,2000,0.17892537434957922,0.0027131260089940847,57.0,0.2777777777777778,False
env,val,beta_rare_excellent,200,64,5052000,0.5,2.0,2.0,1,2000,0.1777677250225097,0.0027311596513710386,64.0,0.31313131313131315,False
env,val,beta_rare_excellent,200,64,5052000,0.5,2.0,8.0,1,2000,0.1777677250225097,0.0027311596513710386,64.0,0.31313131313131315,False
env,val,beta_rare_excellent,200,64,5052000,0.5,3.0,1.0,1,2000,0.1777677250225097,0.0027311596513710386,64.0,0.31313131313131315,False
env,val,beta_rare_excellent,200,64,5052000,0.5,3.0,2.0,1,2000,0.1777677250225097,0.0027311596513710386,64.0,0.31313131313131315,False
env,val,beta_rare_excellent,200,64,5052000,0.5,3.0,4.0,1,2000,0.1777677250225097,0.0027311596513710386,64.0,0.31313131313131315,False
env,val,beta_rare_excellent,200,64,5052000,0.5,3.0,8.0,1,2000,0.1777677250225097,0.0027311596513710386,64.0,0.31313131313131315,False
env,val,beta_rare_excellent,200,64,5052000,0.5,4.0,0.0,1,2000,0.17892537434957922,0.0027131260089940847,57.0,0.2777777777777778,False
env,val,beta_rare_excellent,200,64,5052000,0.5,6.0,0.0,1,2000,0.1777677250225097,0.0027311596513710386,64.0,0.31313131313131315,False
env,val,beta_rare_excellent,200,64,5052000,0.5,4.0,1.0,1,2000,0.1777677250225097,0.0027311596513710386,64.0,0.31313131313131315,False
env,val,beta_rare_excellent,200,64,5052000,0.5,4.0,2.0,1,2000,0.1777677250225097,0.0027311596513710386,64.0,0.31313131313131315,False
env,val,beta_rare_excellent,200,64,5052000,0.5,4.0,4.0,1,2000,0.1777677250225097,0.0027311596513710386,64.0,0.31313131313131315,False
env,val,beta_rare_excellent,200,64,5052000,0.5,6.0,1.0,1,2000,0.1777677250225097,0.0027311596513710386,64.0,0.31313131313131315,False
env,val,beta_rare_excellent,200,64,5052000,0.5,4.0,8.0,1,2000,0.1777677250225097,0.0027311596513710386,64.0,0.31313131313131315,False
env,val,beta_rare_excellent,200,64,5052000,0.5,6.0,2.0,1,2000,0.1777677250225097,0.0027311596513710386,64.0,0.31313131313131315,False
env,val,beta_rare_excellent,200,64,5052000,0.75,1.0,0.0,1,2000,0.17670375289022922,0.0027140264254020318,54.0,0.2626262626262626,False
env,val,beta_rare_excellent,200,64,5052000,0.5,6.0,4.0,1,2000,0.1777677250225097,0.0027311596513710386,64.0,0.31313131313131315,False
env,val,beta_rare_excellent,200,64,5052000,0.5,6.0,8.0,1,2000,0.1777677250225097,0.0027311596513710386,64.0,0.31313131313131315,False
env,val,beta_rare_excellent,200,64,5052000,0.75,1.0,1.0,1,2000,0.1777677250225097,0.0027311596513710386,64.0,0.31313131313131315,False
env,val,beta_rare_excellent,200,64,5052000,0.75,2.0,0.0,1,2000,0.1777677250225097,0.0027311596513710386,64.0,0.31313131313131315,False
env,val,beta_rare_excellent,200,64,5052000,0.75,1.0,2.0,1,2000,0.1777677250225097,0.0027311596513710386,64.0,0.31313131313131315,False
env,val,beta_rare_excellent,200,64,5052000,0.75,1.0,4.0,1,2000,0.1777677250225097,0.0027311596513710386,64.0,0.31313131313131315,False
env,val,beta_rare_excellent,200,64,5052000,0.75,1.0,8.0,1,2000,0.1777677250225097,0.0027311596513710386,64.0,0.31313131313131315,False
env,val,beta_rare_excellent,200,64,5052000,0.75,2.0,4.0,1,2000,0.1777677250225097,0.0027311596513710386,64.0,0.31313131313131315,False
env,val,beta_rare_excellent,200,64,5052000,0.75,2.0,1.0,1,2000,0.1777677250225097,0.0027311596513710386,64.0,0.31313131313131315,False
env,val,beta_rare_excellent,200,64,5052000,0.75,3.0,0.0,1,2000,0.1777677250225097,0.0027311596513710386,64.0,0.31313131313131315,False
env,val,beta_rare_excellent,200,64,5052000,0.75,2.0,8.0,1,2000,0.1777677250225097,0.0027311596513710386,64.0,0.31313131313131315,False
env,val,beta_rare_excellent,200,64,5052000,0.75,2.0,2.0,1,2000,0.1777677250225097,0.0027311596513710386,64.0,0.31313131313131315,False
env,val,beta_rare_excellent,200,64,5052000,0.75,3.0,2.0,1,2000,0.1777677250225097,0.0027311596513710386,64.0,0.31313131313131315,False
env,val,beta_rare_excellent,200,64,5052000,0.75,3.0,4.0,1,2000,0.1777677250225097,0.0027311596513710386,64.0,0.31313131313131315,False
env,val,beta_rare_excellent,200,64,5052000,0.75,3.0,1.0,1,2000,0.1777677250225097,0.0027311596513710386,64.0,0.31313131313131315,False
env,val,beta_rare_excellent,200,64,5052000,0.75,4.0,0.0,1,2000,0.1777677250225097,0.0027311596513710386,64.0,0.31313131313131315,False
env,val,beta_rare_excellent,200,64,5052000,0.75,3.0,8.0,1,2000,0.1777677250225097,0.0027311596513710386,64.0,0.31313131313131315,False
env,val,beta_rare_excellent,200,64,5052000,0.75,6.0,0.0,1,2000,0.1777677250225097,0.0027311596513710386,64.0,0.31313131313131315,False
env,val,beta_mostly_mediocre,50,64,5031000,0.5,1.0,0.0,1,2000,0.14996648544073105,0.0023165499014371252,8.0,0.125,False
env,val,beta_rare_excellent,200,64,5052000,0.75,4.0,1.0,1,2000,0.1777677250225097,0.0027311596513710386,64.0,0.31313131313131315,False
env,val,beta_rare_excellent,200,64,5052000,0.75,4.0,2.0,1,2000,0.1777677250225097,0.0027311596513710386,64.0,0.31313131313131315,False
env,val,beta_mostly_mediocre,50,64,5031000,0.5,1.0,1.0,1,2000,0.14387418873608113,0.002334243616924391,14.0,0.25,False
env,val,beta_rare_excellent,200,64,5052000,0.75,4.0,8.0,1,2000,0.1777677250225097,0.0027311596513710386,64.0,0.31313131313131315,False
env,val,beta_rare_excellent,200,64,5052000,0.75,6.0,1.0,1,2000,0.1777677250225097,0.0027311596513710386,64.0,0.31313131313131315,False
env,val,beta_rare_excellent,200,64,5052000,0.75,6.0,2.0,1,2000,0.1777677250225097,0.0027311596513710386,64.0,0.31313131313131315,False
env,val,beta_mostly_mediocre,50,64,5031000,0.5,1.0,2.0,1,2000,0.14607649459689856,0.0023941547598004356,21.0,0.39583333333333326,False
env,val,beta_rare_excellent,200,64,5052000,0.75,4.0,4.0,1,2000,0.1777677250225097,0.0027311596513710386,64.0,0.31313131313131315,False
env,val,beta_mostly_mediocre,50,64,5031000,0.5,2.0,0.0,1,2000,0.1456820746511221,0.0023521603921869633,15.0,0.27083333333333337,False
env,val,beta_mostly_mediocre,50,64,5031000,0.5,1.0,4.0,1,2000,0.16266133920103312,0.00247134067384566,35.0,0.6875,False
env,val,beta_mostly_mediocre,50,64,5031000,0.5,1.0,8.0,1,2000,0.20499558325111866,0.00269566299596774,48.1805,0.9620937499999999,False
env,val,beta_mostly_mediocre,50,64,5031000,0.5,2.0,1.0,1,2000,0.15144345369935036,0.0024314667589711665,28.0,0.5416666666666667,False
env,val,beta_mostly_mediocre,50,64,5031000,0.5,3.0,0.0,1,2000,0.14579921654611827,0.002397589310259564,22.0,0.41666666666666674,False
env,val,beta_mostly_mediocre,50,64,5031000,0.5,2.0,2.0,1,2000,0.17939530947059393,0.0025466031464941295,41.9955,0.8332395833333335,False
env,val,beta_rare_excellent,200,64,5052000,0.75,6.0,4.0,1,2000,0.1777677250225097,0.0027311596513710386,64.0,0.31313131313131315,False
env,val,beta_mostly_mediocre,50,64,5031000,0.5,2.0,4.0,1,2000,0.21275994697213174,0.0027504574454967194,48.426,0.9672083333333332,False
env,val,beta_mostly_mediocre,50,64,5031000,0.5,2.0,8.0,1,2000,0.22552887378633021,0.0027658048034717516,49.99,0.9997916666666666,False
env,val,beta_rare_excellent,200,64,5052000,0.75,6.0,8.0,1,2000,0.1777677250225097,0.0027311596513710386,64.0,0.31313131313131315,False
env,val,beta_mostly_mediocre,50,64,5031000,0.5,3.0,1.0,1,2000,0.17925945460051299,0.002540047049842141,41.9955,0.8332395833333335,False
env,val,beta_mostly_mediocre,50,64,5031000,0.5,3.0,2.0,1,2000,0.21123671681433917,0.00274191275449239,48.326,0.965125,False
env,val,beta_mostly_mediocre,50,64,5031000,0.5,3.0,4.0,1,2000,0.22510687752068043,0.0027673302067161157,49.9855,0.9996979166666667,False
env,val,beta_mostly_mediocre,50,64,5031000,0.5,4.0,0.0,1,2000,0.15327056735754013,0.0024569066460166634,29.0,0.5625,False
env,val,beta_mostly_mediocre,50,64,5031000,0.5,3.0,8.0,1,2000,0.22556298184394835,0.0027704453517216282,50.0,1.0,False
env,val,beta_mostly_mediocre,50,64,5031000,0.5,4.0,1.0,1,2000,0.20914287658035755,0.0027173992767832436,48.2305,0.9631354166666666,False
env,val,beta_mostly_mediocre,50,64,5031000,0.5,4.0,2.0,1,2000,0.22503197284042836,0.0027752923212286144,49.9745,0.99946875,False
env,val,beta_mostly_mediocre,50,64,5031000,0.5,4.0,8.0,1,2000,0.22556298184394835,0.0027704453517216282,50.0,1.0,False
env,val,beta_mostly_mediocre,50,64,5031000,0.5,4.0,4.0,1,2000,0.22556298184394835,0.0027704453517216282,50.0,1.0,False
env,val,beta_mostly_mediocre,50,64,5031000,0.5,6.0,0.0,1,2000,0.18340280363708736,0.002571704401363484,43.0,0.8541666666666665,False
env,val,beta_mostly_mediocre,50,64,5031000,0.75,1.0,0.0,1,2000,0.14579897408932446,0.002386709090806431,19.0,0.3541666666666667,False
env,val,beta_mostly_mediocre,50,64,5031000,0.5,6.0,1.0,1,2000,0.22556298184394835,0.0027704453517216282,50.0,1.0,False
env,val,beta_mostly_mediocre,50,64,5031000,0.5,6.0,2.0,1,2000,0.22556298184394835,0.0027704453517216282,50.0,1.0,False
env,val,beta_mostly_mediocre,50,64,5031000,0.5,6.0,4.0,1,2000,0.22556298184394835,0.0027704453517216282,50.0,1.0,False
env,val,beta_mostly_mediocre,50,64,5031000,0.5,6.0,8.0,1,2000,0.22556298184394835,0.0027704453517216282,50.0,1.0,False
env,val,beta_mostly_mediocre,50,64,5031000,0.75,1.0,1.0,1,2000,0.16860402517020703,0.002494326958419678,38.0,0.75,False
env,val,beta_mostly_mediocre,50,64,5031000,0.75,1.0,2.0,1,2000,0.20542905628681182,0.002694647118751563,48.169,0.9618541666666667,False
env,val,beta_mostly_mediocre,50,64,5031000,0.75,1.0,4.0,1,2000,0.22428741626441479,0.0027516858501228144,49.9065,0.9980520833333333,False
env,val,beta_mostly_mediocre,50,64,5031000,0.75,2.0,0.0,1,2000,0.16870584638416766,0.002492906568897639,38.0,0.75,False
env,val,beta_mostly_mediocre,50,64,5031000,0.75,1.0,8.0,1,2000,0.22556298184394835,0.0027704453517216282,50.0,1.0,False
env,val,beta_mostly_mediocre,50,64,5031000,0.75,2.0,1.0,1,2000,0.22549584290385247,0.0027677753053484445,49.996,0.9999166666666667,False
env,val,beta_mostly_mediocre,50,64,5031000,0.75,2.0,2.0,1,2000,0.22556298184394835,0.0027704453517216282,50.0,1.0,False
env,val,beta_mostly_mediocre,50,64,5031000,0.75,2.0,4.0,1,2000,0.22556298184394835,0.0027704453517216282,50.0,1.0,False
env,val,beta_mostly_mediocre,50,64,5031000,0.75,2.0,8.0,1,2000,0.22556298184394835,0.0027704453517216282,50.0,1.0,False
env,val,beta_mostly_mediocre,50,64,5031000,0.75,3.0,0.0,1,2000,0.22556298184394835,0.0027704453517216282,50.0,1.0,False
env,val,beta_mostly_mediocre,50,64,5031000,0.75,3.0,1.0,1,2000,0.22556298184394835,0.0027704453517216282,50.0,1.0,False
env,val,beta_mostly_mediocre,50,64,5031000,0.75,3.0,2.0,1,2000,0.22556298184394835,0.0027704453517216282,50.0,1.0,False
env,val,beta_mostly_mediocre,50,64,5031000,0.75,3.0,4.0,1,2000,0.22556298184394835,0.0027704453517216282,50.0,1.0,False
env,val,beta_mostly_mediocre,50,64,5031000,0.75,3.0,8.0,1,2000,0.22556298184394835,0.0027704453517216282,50.0,1.0,False
env,val,beta_mostly_mediocre,50,64,5031000,0.75,4.0,0.0,1,2000,0.22556298184394835,0.0027704453517216282,50.0,1.0,False
env,val,beta_mostly_mediocre,50,64,5031000,0.75,4.0,2.0,1,2000,0.22556298184394835,0.0027704453517216282,50.0,1.0,False
env,val,beta_mostly_mediocre,50,64,5031000,0.75,4.0,1.0,1,2000,0.22556298184394835,0.0027704453517216282,50.0,1.0,False
env,val,beta_mostly_mediocre,50,64,5031000,0.75,6.0,0.0,1,2000,0.22556298184394835,0.0027704453517216282,50.0,1.0,False
env,val,beta_mostly_mediocre,50,64,5031000,0.75,4.0,4.0,1,2000,0.22556298184394835,0.0027704453517216282,50.0,1.0,False
env,val,beta_mostly_mediocre,50,64,5031000,0.75,4.0,8.0,1,2000,0.22556298184394835,0.0027704453517216282,50.0,1.0,False
env,val,beta_mostly_mediocre,50,64,5031000,0.75,6.0,4.0,1,2000,0.22556298184394835,0.0027704453517216282,50.0,1.0,False
env,val,beta_mostly_mediocre,50,64,5031000,0.75,6.0,2.0,1,2000,0.22556298184394835,0.0027704453517216282,50.0,1.0,False
env,val,beta_mostly_mediocre,50,64,5031000,0.75,6.0,1.0,1,2000,0.22556298184394835,0.0027704453517216282,50.0,1.0,False
env,val,beta_mostly_mediocre,100,64,5034000,0.5,1.0,0.0,1,2000,0.1509766468256712,0.002177574232155327,10.0,0.08163265306122448,False
env,val,beta_mostly_mediocre,50,64,5031000,0.75,6.0,8.0,1,2000,0.22556298184394835,0.0027704453517216282,50.0,1.0,False
env,val,beta_mostly_mediocre,100,64,5034000,0.5,1.0,1.0,1,2000,0.14208821202814578,0.002154683907210794,20.0,0.1836734693877551,False
env,val,beta_mostly_mediocre,100,64,5034000,0.5,1.0,2.0,1,2000,0.1424358243495226,0.0021952443988509933,30.0,0.2857142857142856,False
env,val,beta_mostly_mediocre,100,64,5034000,0.5,2.0,0.0,1,2000,0.14208821202814578,0.002154683907210794,20.0,0.1836734693877551,False
env,val,beta_mostly_mediocre,100,64,5034000,0.5,3.0,0.0,1,2000,0.1424358243495226,0.0021952443988509933,30.0,0.2857142857142856,False
env,val,beta_mostly_mediocre,100,64,5034000,0.5,1.0,4.0,1,2000,0.15173244434595107,0.0022955015042847,50.0,0.48979591836734687,False
env,val,beta_mostly_mediocre,100,64,5034000,0.5,1.0,8.0,1,2000,0.16089072321355344,0.002392890059144257,64.0,0.6326530612244898,False
env,val,beta_mostly_mediocre,100,64,5034000,0.5,2.0,1.0,1,2000,0.14595852145552635,0.0022432080584168053,40.0,0.38775510204081615,False
env,val,beta_mostly_mediocre,100,64,5034000,0.5,2.0,2.0,1,2000,0.1577077395915985,0.0023723895926833364,60.0,0.5918367346938778,False
env,val,beta_mostly_mediocre,100,64,5034000,0.5,2.0,4.0,1,2000,0.16089072321355344,0.002392890059144257,64.0,0.6326530612244898,False
env,val,beta_mostly_mediocre,100,64,5034000,0.5,2.0,8.0,1,2000,0.16089072321355344,0.002392890059144257,64.0,0.6326530612244898,False
env,val,beta_mostly_mediocre,100,64,5034000,0.5,3.0,1.0,1,2000,0.1577077395915985,0.0023723895926833364,60.0,0.5918367346938778,False
env,val,beta_mostly_mediocre,100,64,5034000,0.5,3.0,2.0,1,2000,0.16089072321355344,0.002392890059144257,64.0,0.6326530612244898,False
env,val,beta_mostly_mediocre,100,64,5034000,0.5,3.0,4.0,1,2000,0.16089072321355344,0.002392890059144257,64.0,0.6326530612244898,False
env,val,beta_mostly_mediocre,100,64,5034000,0.5,4.0,0.0,1,2000,0.14595852145552635,0.0022432080584168053,40.0,0.38775510204081615,False
env,val,beta_mostly_mediocre,100,64,5034000,0.5,3.0,8.0,1,2000,0.16089072321355344,0.002392890059144257,64.0,0.6326530612244898,False
env,val,beta_mostly_mediocre,100,64,5034000,0.5,4.0,1.0,1,2000,0.16089072321355344,0.002392890059144257,64.0,0.6326530612244898,False
env,val,beta_mostly_mediocre,100,64,5034000,0.5,4.0,2.0,1,2000,0.16089072321355344,0.002392890059144257,64.0,0.6326530612244898,False
env,val,beta_mostly_mediocre,100,64,5034000,0.5,6.0,0.0,1,2000,0.1577077395915985,0.0023723895926833364,60.0,0.5918367346938778,False
env,val,beta_mostly_mediocre,100,64,5034000,0.5,4.0,4.0,1,2000,0.16089072321355344,0.002392890059144257,64.0,0.6326530612244898,False
env,val,beta_mostly_mediocre,100,64,5034000,0.5,4.0,8.0,1,2000,0.16089072321355344,0.002392890059144257,64.0,0.6326530612244898,False
env,val,beta_mostly_mediocre,100,64,5034000,0.75,1.0,0.0,1,2000,0.1421469197422266,0.002174375979657443,32.0,0.3061224489795918,False
env,val,beta_mostly_mediocre,100,64,5034000,0.5,6.0,1.0,1,2000,0.16089072321355344,0.002392890059144257,64.0,0.6326530612244898,False
env,val,beta_mostly_mediocre,100,64,5034000,0.5,6.0,2.0,1,2000,0.16089072321355344,0.002392890059144257,64.0,0.6326530612244898,False
env,val,beta_mostly_mediocre,100,64,5034000,0.5,6.0,4.0,1,2000,0.16089072321355344,0.002392890059144257,64.0,0.6326530612244898,False
env,val,beta_mostly_mediocre,100,64,5034000,0.5,6.0,8.0,1,2000,0.16089072321355344,0.002392890059144257,64.0,0.6326530612244898,False
env,val,beta_mostly_mediocre,100,64,5034000,0.75,1.0,1.0,1,2000,0.15872842612862587,0.0023795262448083054,63.0,0.6224489795918368,False
env,val,beta_mostly_mediocre,100,64,5034000,0.75,1.0,2.0,1,2000,0.16089072321355344,0.002392890059144257,64.0,0.6326530612244898,False
env,val,beta_mostly_mediocre,100,64,5034000,0.75,2.0,0.0,1,2000,0.16089072321355344,0.002392890059144257,64.0,0.6326530612244898,False
env,val,beta_mostly_mediocre,100,64,5034000,0.75,1.0,4.0,1,2000,0.16089072321355344,0.002392890059144257,64.0,0.6326530612244898,False
env,val,beta_mostly_mediocre,100,64,5034000,0.75,1.0,8.0,1,2000,0.16089072321355344,0.002392890059144257,64.0,0.6326530612244898,False
env,val,beta_mostly_mediocre,100,64,5034000,0.75,2.0,1.0,1,2000,0.16089072321355344,0.002392890059144257,64.0,0.6326530612244898,False
env,val,beta_mostly_mediocre,100,64,5034000,0.75,3.0,0.0,1,2000,0.16089072321355344,0.002392890059144257,64.0,0.6326530612244898,False
env,val,beta_mostly_mediocre,100,64,5034000,0.75,2.0,2.0,1,2000,0.16089072321355344,0.002392890059144257,64.0,0.6326530612244898,False
env,val,beta_mostly_mediocre,100,64,5034000,0.75,2.0,4.0,1,2000,0.16089072321355344,0.002392890059144257,64.0,0.6326530612244898,False
env,val,beta_mostly_mediocre,100,64,5034000,0.75,2.0,8.0,1,2000,0.16089072321355344,0.002392890059144257,64.0,0.6326530612244898,False
env,val,beta_mostly_mediocre,100,64,5034000,0.75,3.0,1.0,1,2000,0.16089072321355344,0.002392890059144257,64.0,0.6326530612244898,False
env,val,beta_mostly_mediocre,100,64,5034000,0.75,3.0,2.0,1,2000,0.16089072321355344,0.002392890059144257,64.0,0.6326530612244898,False
env,val,beta_mostly_mediocre,100,64,5034000,0.75,3.0,4.0,1,2000,0.16089072321355344,0.002392890059144257,64.0,0.6326530612244898,False
env,val,beta_mostly_mediocre,100,64,5034000,0.75,4.0,0.0,1,2000,0.16089072321355344,0.002392890059144257,64.0,0.6326530612244898,False
env,val,beta_mostly_mediocre,100,64,5034000,0.75,3.0,8.0,1,2000,0.16089072321355344,0.002392890059144257,64.0,0.6326530612244898,False
env,val,beta_mostly_mediocre,100,64,5034000,0.75,4.0,1.0,1,2000,0.16089072321355344,0.002392890059144257,64.0,0.6326530612244898,False
env,val,beta_mostly_mediocre,100,64,5034000,0.75,4.0,4.0,1,2000,0.16089072321355344,0.002392890059144257,64.0,0.6326530612244898,False
env,val,beta_mostly_mediocre,100,64,5034000,0.75,6.0,0.0,1,2000,0.16089072321355344,0.002392890059144257,64.0,0.6326530612244898,False
env,val,beta_mostly_mediocre,100,64,5034000,0.75,4.0,2.0,1,2000,0.16089072321355344,0.002392890059144257,64.0,0.6326530612244898,False
env,val,beta_mostly_mediocre,100,64,5034000,0.75,4.0,8.0,1,2000,0.16089072321355344,0.002392890059144257,64.0,0.6326530612244898,False
env,val,beta_mostly_mediocre,100,64,5034000,0.75,6.0,2.0,1,2000,0.16089072321355344,0.002392890059144257,64.0,0.6326530612244898,False
env,val,beta_mostly_mediocre,100,64,5034000,0.75,6.0,1.0,1,2000,0.16089072321355344,0.002392890059144257,64.0,0.6326530612244898,False
env,val,beta_mostly_mediocre,100,64,5034000,0.75,6.0,4.0,1,2000,0.16089072321355344,0.002392890059144257,64.0,0.6326530612244898,False
env,val,beta_mostly_mediocre,100,64,5034000,0.75,6.0,8.0,1,2000,0.16089072321355344,0.002392890059144257,64.0,0.6326530612244898,False
env,val,beta_mostly_mediocre,200,64,5037000,0.5,1.0,0.0,1,2000,0.13410193653404712,0.0019113142006233058,15.0,0.06565656565656565,False
env,val,beta_mostly_mediocre,200,64,5037000,0.5,1.0,1.0,1,2000,0.12776335252821444,0.0019513007154602685,28.0,0.1313131313131313,False
env,val,beta_mostly_mediocre,200,64,5037000,0.5,2.0,0.0,1,2000,0.12747337913513185,0.0019297720370939346,29.0,0.1363636363636363,False
env,val,beta_mostly_mediocre,200,64,5037000,0.5,1.0,2.0,1,2000,0.12963788387179376,0.0020265961106079268,42.0,0.20202020202020202,False
env,val,beta_mostly_mediocre,200,64,5037000,0.5,1.0,4.0,1,2000,0.136039856210351,0.0021137162023521345,64.0,0.31313131313131315,False
env,val,beta_mostly_mediocre,200,64,5037000,0.5,3.0,0.0,1,2000,0.13060547991096974,0.0020145748303888903,43.0,0.20707070707070716,False
env,val,beta_mostly_mediocre,200,64,5037000,0.5,2.0,1.0,1,2000,0.1319964821636677,0.0020742934379359744,57.0,0.2777777777777778,False
env,val,beta_mostly_mediocre,200,64,5037000,0.5,1.0,8.0,1,2000,0.136039856210351,0.0021137162023521345,64.0,0.31313131313131315,False
env,val,beta_mostly_mediocre,200,64,5037000,0.5,2.0,8.0,1,2000,0.136039856210351,0.0021137162023521345,64.0,0.31313131313131315,False
env,val,beta_mostly_mediocre,200,64,5037000,0.5,2.0,4.0,1,2000,0.136039856210351,0.0021137162023521345,64.0,0.31313131313131315,False
env,val,beta_mostly_mediocre,200,64,5037000,0.5,2.0,2.0,1,2000,0.136039856210351,0.0021137162023521345,64.0,0.31313131313131315,False
env,val,beta_mostly_mediocre,200,64,5037000,0.5,3.0,1.0,1,2000,0.136039856210351,0.0021137162023521345,64.0,0.31313131313131315,False
env,val,beta_mostly_mediocre,200,64,5037000,0.5,3.0,2.0,1,2000,0.136039856210351,0.0021137162023521345,64.0,0.31313131313131315,False
env,val,beta_mostly_mediocre,200,64,5037000,0.5,3.0,8.0,1,2000,0.136039856210351,0.0021137162023521345,64.0,0.31313131313131315,False
env,val,beta_mostly_mediocre,200,64,5037000,0.5,3.0,4.0,1,2000,0.136039856210351,0.0021137162023521345,64.0,0.31313131313131315,False
env,val,beta_mostly_mediocre,200,64,5037000,0.5,4.0,0.0,1,2000,0.1319964821636677,0.0020742934379359744,57.0,0.2777777777777778,False
env,val,beta_mostly_mediocre,200,64,5037000,0.5,6.0,0.0,1,2000,0.136039856210351,0.0021137162023521345,64.0,0.31313131313131315,False
env,val,beta_mostly_mediocre,200,64,5037000,0.5,4.0,1.0,1,2000,0.136039856210351,0.0021137162023521345,64.0,0.31313131313131315,False
env,val,beta_mostly_mediocre,200,64,5037000,0.5,4.0,2.0,1,2000,0.136039856210351,0.0021137162023521345,64.0,0.31313131313131315,False
env,val,beta_mostly_mediocre,200,64,5037000,0.5,4.0,4.0,1,2000,0.136039856210351,0.0021137162023521345,64.0,0.31313131313131315,False
env,val,beta_mostly_mediocre,200,64,5037000,0.5,4.0,8.0,1,2000,0.136039856210351,0.0021137162023521345,64.0,0.31313131313131315,False
env,val,beta_mostly_mediocre,200,64,5037000,0.5,6.0,1.0,1,2000,0.136039856210351,0.0021137162023521345,64.0,0.31313131313131315,False
env,val,beta_mostly_mediocre,200,64,5037000,0.5,6.0,2.0,1,2000,0.136039856210351,0.0021137162023521345,64.0,0.31313131313131315,False
env,val,beta_mostly_mediocre,200,64,5037000,0.5,6.0,4.0,1,2000,0.136039856210351,0.0021137162023521345,64.0,0.31313131313131315,False
env,val,beta_mostly_mediocre,200,64,5037000,0.5,6.0,8.0,1,2000,0.136039856210351,0.0021137162023521345,64.0,0.31313131313131315,False
env,val,beta_mostly_mediocre,200,64,5037000,0.75,1.0,0.0,1,2000,0.1314645604044199,0.002064713314991341,54.0,0.2626262626262626,False
env,val,beta_mostly_mediocre,200,64,5037000,0.75,1.0,1.0,1,2000,0.136039856210351,0.0021137162023521345,64.0,0.31313131313131315,False
env,val,beta_mostly_mediocre,200,64,5037000,0.75,2.0,0.0,1,2000,0.136039856210351,0.0021137162023521345,64.0,0.31313131313131315,False
env,val,beta_mostly_mediocre,200,64,5037000,0.75,1.0,2.0,1,2000,0.136039856210351,0.0021137162023521345,64.0,0.31313131313131315,False
env,val,beta_mostly_mediocre,200,64,5037000,0.75,1.0,4.0,1,2000,0.136039856210351,0.0021137162023521345,64.0,0.31313131313131315,False
env,val,beta_mostly_mediocre,200,64,5037000,0.75,2.0,1.0,1,2000,0.136039856210351,0.0021137162023521345,64.0,0.31313131313131315,False
env,val,beta_mostly_mediocre,200,64,5037000,0.75,1.0,8.0,1,2000,0.136039856210351,0.0021137162023521345,64.0,0.31313131313131315,False
env,val,beta_mostly_mediocre,200,64,5037000,0.75,3.0,0.0,1,2000,0.136039856210351,0.0021137162023521345,64.0,0.31313131313131315,False
env,val,beta_mostly_mediocre,200,64,5037000,0.75,2.0,2.0,1,2000,0.136039856210351,0.0021137162023521345,64.0,0.31313131313131315,False
env,val,beta_mostly_mediocre,200,64,5037000,0.75,2.0,4.0,1,2000,0.136039856210351,0.0021137162023521345,64.0,0.31313131313131315,False
env,val,beta_mostly_mediocre,200,64,5037000,0.75,2.0,8.0,1,2000,0.136039856210351,0.0021137162023521345,64.0,0.31313131313131315,False
env,val,beta_mostly_mediocre,200,64,5037000,0.75,3.0,1.0,1,2000,0.136039856210351,0.0021137162023521345,64.0,0.31313131313131315,False
env,val,beta_mostly_mediocre,200,64,5037000,0.75,3.0,2.0,1,2000,0.136039856210351,0.0021137162023521345,64.0,0.31313131313131315,False
env,val,beta_mostly_mediocre,200,64,5037000,0.75,4.0,0.0,1,2000,0.136039856210351,0.0021137162023521345,64.0,0.31313131313131315,False
env,val,beta_mostly_mediocre,200,64,5037000,0.75,3.0,4.0,1,2000,0.136039856210351,0.0021137162023521345,64.0,0.31313131313131315,False
env,val,beta_mostly_mediocre,200,64,5037000,0.75,3.0,8.0,1,2000,0.136039856210351,0.0021137162023521345,64.0,0.31313131313131315,False
env,val,beta_mostly_mediocre,200,64,5037000,0.75,4.0,1.0,1,2000,0.136039856210351,0.0021137162023521345,64.0,0.31313131313131315,False
env,val,beta_mostly_mediocre,200,64,5037000,0.75,6.0,0.0,1,2000,0.136039856210351,0.0021137162023521345,64.0,0.31313131313131315,False
env,val,beta_mostly_mediocre,200,64,5037000,0.75,4.0,2.0,1,2000,0.136039856210351,0.0021137162023521345,64.0,0.31313131313131315,False
env,val,beta_skewed,50,64,5061000,0.5,1.0,0.0,1,2000,0.2780144348580143,0.004477033698094719,8.0,0.125,False
env,val,beta_mostly_mediocre,200,64,5037000,0.75,4.0,8.0,1,2000,0.136039856210351,0.0021137162023521345,64.0,0.31313131313131315,False
env,val,beta_mostly_mediocre,200,64,5037000,0.75,4.0,4.0,1,2000,0.136039856210351,0.0021137162023521345,64.0,0.31313131313131315,False
env,val,beta_skewed,50,64,5061000,0.5,1.0,1.0,1,2000,0.23181033492271672,0.0042741957039657595,14.0,0.25,False
env,val,beta_mostly_mediocre,200,64,5037000,0.75,6.0,1.0,1,2000,0.136039856210351,0.0021137162023521345,64.0,0.31313131313131315,False
env,val,beta_mostly_mediocre,200,64,5037000,0.75,6.0,2.0,1,2000,0.136039856210351,0.0021137162023521345,64.0,0.31313131313131315,False
env,val,beta_skewed,50,64,5061000,0.5,1.0,2.0,1,2000,0.21274271367452458,0.004136517500887593,21.0,0.39583333333333326,False
env,val,beta_mostly_mediocre,200,64,5037000,0.75,6.0,4.0,1,2000,0.136039856210351,0.0021137162023521345,64.0,0.31313131313131315,False
env,val,beta_skewed,50,64,5061000,0.5,2.0,0.0,1,2000,0.22613204175201826,0.0042039652095033535,15.0,0.27083333333333337,False
env,val,beta_skewed,50,64,5061000,0.5,1.0,4.0,1,2000,0.1789520311183296,0.003870326320763587,34.9885,0.6872604166666666,False
env,val,beta_mostly_mediocre,200,64,5037000,0.75,6.0,8.0,1,2000,0.136039856210351,0.0021137162023521345,64.0,0.31313131313131315,False
env,val,beta_skewed,50,64,5061000,0.5,1.0,8.0,1,2000,0.3266603829038067,0.004640330040942336,49.2905,0.98521875,False
env,val,beta_skewed,50,64,5061000,0.5,2.0,1.0,1,2000,0.19799842158635148,0.004079805459447863,27.9995,0.5416562500000001,False
env,val,beta_skewed,50,64,5061000,0.5,3.0,0.0,1,2000,0.20974973453418352,0.004143606177327993,22.0,0.41666666666666674,False
env,val,beta_skewed,50,64,5061000,0.5,2.0,2.0,1,2000,0.20206114543299192,0.004069108414279118,41.9605,0.8325104166666667,False
env,val,beta_skewed,50,64,5061000,0.5,2.0,4.0,1,2000,0.3274204620222299,0.0046310247021891385,49.72,0.9941666666666666,False
env,val,beta_skewed,50,64,5061000,0.5,2.0,8.0,1,2000,0.32717710691357205,0.004629231327620347,49.806,0.9959583333333333,False
env,val,beta_skewed,50,64,5061000,0.5,3.0,1.0,1,2000,0.1988097956997808,0.004031176916602709,41.9835,0.8329895833333335,False
env,val,beta_skewed,50,64,5061000,0.5,3.0,2.0,1,2000,0.3275572414700146,0.004627772837512292,49.886,0.997625,False
env,val,beta_skewed,50,64,5061000,0.5,4.0,0.0,1,2000,0.1922618703348562,0.004054802998765274,29.0,0.5625,False
env,val,beta_skewed,50,64,5061000,0.5,3.0,4.0,1,2000,0.3275255800580344,0.004627955703480831,49.92,0.9983333333333333,False
env,val,beta_skewed,50,64,5061000,0.5,3.0,8.0,1,2000,0.3274544343745074,0.004627161411775374,49.942,0.9987916666666666,False
env,val,beta_skewed,50,64,5061000,0.5,4.0,1.0,1,2000,0.32681331119050444,0.004636702191952302,49.941,0.9987708333333334,False
env,val,beta_skewed,50,64,5061000,0.5,4.0,2.0,1,2000,0.32724237882641316,0.004633564063057072,49.9625,0.99921875,False
env,val,beta_skewed,50,64,5061000,0.5,4.0,4.0,1,2000,0.32724237882641316,0.004633564063057072,49.972,0.9994166666666666,False
env,val,beta_skewed,50,64,5061000,0.5,6.0,0.0,1,2000,0.20505953173525632,0.004111531940919336,43.0,0.8541666666666665,False
env,val,beta_skewed,50,64,5061000,0.5,4.0,8.0,1,2000,0.32724237882641316,0.004633564063057072,49.98,0.9995833333333334,False
env,val,beta_skewed,50,64,5061000,0.5,6.0,1.0,1,2000,0.32705799468902114,0.004638078400150357,49.9975,0.9999479166666667,False
env,val,beta_skewed,50,64,5061000,0.5,6.0,2.0,1,2000,0.32705799468902114,0.004638078400150357,49.9975,0.9999479166666667,False
env,val,beta_skewed,50,64,5061000,0.75,1.0,0.0,1,2000,0.21378508133991272,0.0041513445138658235,19.0,0.3541666666666667,False
env,val,beta_skewed,50,64,5061000,0.5,6.0,4.0,1,2000,0.32705799468902114,0.004638078400150357,49.9975,0.9999479166666667,False
env,val,beta_skewed,50,64,5061000,0.5,6.0,8.0,1,2000,0.3271518281711469,0.00464034678624817,49.998,0.9999583333333334,False
env,val,beta_skewed,50,64,5061000,0.75,1.0,1.0,1,2000,0.18347963889082894,0.0038623982177057787,37.99,0.7497916666666667,False
env,val,beta_skewed,50,64,5061000,0.75,1.0,2.0,1,2000,0.3192692990914657,0.00460238468215931,49.6475,0.99265625,False
env,val,beta_skewed,50,64,5061000,0.75,1.0,4.0,1,2000,0.3273780230809207,0.004625668524569848,49.872,0.9973333333333334,False
env,val,beta_skewed,50,64,5061000,0.75,2.0,0.0,1,2000,0.1830783912532497,0.0038585710621693516,38.0,0.75,False
env,val,beta_skewed,50,64,5061000,0.75,1.0,8.0,1,2000,0.3274491687644477,0.004626463660400578,49.903,0.9979791666666666,False
env,val,beta_skewed,50,64,5061000,0.75,2.0,1.0,1,2000,0.3271774645700789,0.004635401942888407,49.993,0.9998541666666667,False
env,val,beta_skewed,50,64,5061000,0.75,2.0,2.0,1,2000,0.3271774645700789,0.004635401942888407,49.9945,0.9998854166666667,False
env,val,beta_skewed,50,64,5061000,0.75,2.0,4.0,1,2000,0.3271774645700789,0.004635401942888407,49.996,0.9999166666666668,False
env,val,beta_skewed,50,64,5061000,0.75,3.0,0.0,1,2000,0.32718660406528216,0.004640516924675982,50.0,1.0,False
env,val,beta_skewed,50,64,5061000,0.75,2.0,8.0,1,2000,0.3271774645700789,0.004635401942888407,49.9965,0.9999270833333334,False
env,val,beta_skewed,50,64,5061000,0.75,3.0,1.0,1,2000,0.32718660406528216,0.004640516924675982,50.0,1.0,False
env,val,beta_skewed,50,64,5061000,0.75,3.0,2.0,1,2000,0.32718660406528216,0.004640516924675982,50.0,1.0,False
env,val,beta_skewed,50,64,5061000,0.75,3.0,4.0,1,2000,0.32718660406528216,0.004640516924675982,50.0,1.0,False
env,val,beta_skewed,50,64,5061000,0.75,4.0,0.0,1,2000,0.32718660406528216,0.004640516924675982,50.0,1.0,False
env,val,beta_skewed,50,64,5061000,0.75,3.0,8.0,1,2000,0.32718660406528216,0.004640516924675982,50.0,1.0,False
env,val,beta_skewed,50,64,5061000,0.75,4.0,1.0,1,2000,0.32718660406528216,0.004640516924675982,50.0,1.0,False
env,val,beta_skewed,50,64,5061000,0.75,4.0,2.0,1,2000,0.32718660406528216,0.004640516924675982,50.0,1.0,False
env,val,beta_skewed,50,64,5061000,0.75,4.0,4.0,1,2000,0.32718660406528216,0.004640516924675982,50.0,1.0,False
env,val,beta_skewed,50,64,5061000,0.75,4.0,8.0,1,2000,0.32718660406528216,0.004640516924675982,50.0,1.0,False
env,val,beta_skewed,50,64,5061000,0.75,6.0,0.0,1,2000,0.32718660406528216,0.004640516924675982,50.0,1.0,False
env,val,beta_skewed,50,64,5061000,0.75,6.0,2.0,1,2000,0.32718660406528216,0.004640516924675982,50.0,1.0,False
env,val,beta_skewed,50,64,5061000,0.75,6.0,1.0,1,2000,0.32718660406528216,0.004640516924675982,50.0,1.0,False
env,val,beta_skewed,50,64,5061000,0.75,6.0,4.0,1,2000,0.32718660406528216,0.004640516924675982,50.0,1.0,False
env,val,beta_skewed,100,64,5064000,0.5,1.0,0.0,1,2000,0.29035077190864833,0.004238987509121554,10.0,0.08163265306122448,False
env,val,beta_skewed,50,64,5061000,0.75,6.0,8.0,1,2000,0.32718660406528216,0.004640516924675982,50.0,1.0,False
env,val,beta_skewed,100,64,5064000,0.5,1.0,1.0,1,2000,0.22087233427260072,0.003941961783133716,20.0,0.1836734693877551,False
env,val,beta_skewed,100,64,5064000,0.5,1.0,2.0,1,2000,0.19183359033521266,0.003837129167353456,30.0,0.2857142857142856,False
env,val,beta_skewed,100,64,5064000,0.5,2.0,0.0,1,2000,0.22087233427260072,0.003941961783133716,20.0,0.1836734693877551,False
env,val,beta_skewed,100,64,5064000,0.5,3.0,0.0,1,2000,0.19183359033521266,0.003837129167353456,30.0,0.2857142857142856,False
env,val,beta_skewed,100,64,5064000,0.5,1.0,4.0,1,2000,0.17522207814687862,0.0038782030132382137,50.0,0.48979591836734687,False
env,val,beta_skewed,100,64,5064000,0.5,1.0,8.0,1,2000,0.1621000831434503,0.0036234605055787,64.0,0.6326530612244898,False
env,val,beta_skewed,100,64,5064000,0.5,2.0,1.0,1,2000,0.18532078616786749,0.0037828474737675653,40.0,0.38775510204081615,False
env,val,beta_skewed,100,64,5064000,0.5,2.0,2.0,1,2000,0.1641945293257013,0.0036579836097470736,60.0,0.5918367346938778,False
env,val,beta_skewed,100,64,5064000,0.5,2.0,4.0,1,2000,0.16191016983333975,0.0036206110138046637,64.0,0.6326530612244898,False
env,val,beta_skewed,100,64,5064000,0.5,2.0,8.0,1,2000,0.16191016983333975,0.0036206110138046637,64.0,0.6326530612244898,False
env,val,beta_skewed,100,64,5064000,0.5,3.0,1.0,1,2000,0.16417841544840484,0.0036579589287158254,60.0,0.5918367346938778,False
env,val,beta_skewed,100,64,5064000,0.5,3.0,2.0,1,2000,0.1619285329217091,0.0036206394754247757,64.0,0.6326530612244898,False
env,val,beta_skewed,100,64,5064000,0.5,4.0,0.0,1,2000,0.18532078616786749,0.0037828474737675653,40.0,0.38775510204081615,False
env,val,beta_skewed,100,64,5064000,0.5,3.0,4.0,1,2000,0.1619285329217091,0.0036206394754247757,64.0,0.6326530612244898,False
env,val,beta_skewed,100,64,5064000,0.5,3.0,8.0,1,2000,0.1619285329217091,0.0036206394754247757,64.0,0.6326530612244898,False
env,val,beta_skewed,100,64,5064000,0.5,4.0,1.0,1,2000,0.1619285329217091,0.0036206394754247757,64.0,0.6326530612244898,False
env,val,beta_skewed,100,64,5064000,0.5,4.0,2.0,1,2000,0.1619285329217091,0.0036206394754247757,64.0,0.6326530612244898,False
env,val,beta_skewed,100,64,5064000,0.5,6.0,0.0,1,2000,0.16415921349916607,0.0036574733409400193,60.0,0.5918367346938778,False
env,val,beta_skewed,100,64,5064000,0.5,4.0,4.0,1,2000,0.1619285329217091,0.0036206394754247757,64.0,0.6326530612244898,False
env,val,beta_skewed,100,64,5064000,0.5,4.0,8.0,1,2000,0.1619285329217091,0.0036206394754247757,64.0,0.6326530612244898,False
env,val,beta_skewed,100,64,5064000,0.5,6.0,1.0,1,2000,0.1619285329217091,0.0036206394754247757,64.0,0.6326530612244898,False
env,val,beta_skewed,100,64,5064000,0.5,6.0,2.0,1,2000,0.1619285329217091,0.0036206394754247757,64.0,0.6326530612244898,False
env,val,beta_skewed,100,64,5064000,0.75,1.0,0.0,1,2000,0.1874022251991555,0.0038147145557015055,32.0,0.3061224489795918,False
env,val,beta_skewed,100,64,5064000,0.5,6.0,4.0,1,2000,0.1619285329217091,0.0036206394754247757,64.0,0.6326530612244898,False
env,val,beta_skewed,100,64,5064000,0.5,6.0,8.0,1,2000,0.1619285329217091,0.0036206394754247757,64.0,0.6326530612244898,False
env,val,beta_skewed,100,64,5064000,0.75,1.0,1.0,1,2000,0.16384820577595383,0.0036528604516518066,63.0,0.6224489795918368,False
env,val,beta_skewed,100,64,5064000,0.75,1.0,2.0,1,2000,0.1619285329217091,0.0036206394754247757,64.0,0.6326530612244898,False
env,val,beta_skewed,100,64,5064000,0.75,2.0,0.0,1,2000,0.1619285329217091,0.0036206394754247757,64.0,0.6326530612244898,False
env,val,beta_skewed,100,64,5064000,0.75,1.0,4.0,1,2000,0.1619285329217091,0.0036206394754247757,64.0,0.6326530612244898,False
env,val,beta_skewed,100,64,5064000,0.75,1.0,8.0,1,2000,0.1619285329217091,0.0036206394754247757,64.0,0.6326530612244898,False
env,val,beta_skewed,100,64,5064000,0.75,2.0,1.0,1,2000,0.1619285329217091,0.0036206394754247757,64.0,0.6326530612244898,False
env,val,beta_skewed,100,64,5064000,0.75,2.0,2.0,1,2000,0.1619285329217091,0.0036206394754247757,64.0,0.6326530612244898,False
env,val,beta_skewed,100,64,5064000,0.75,3.0,0.0,1,2000,0.1619285329217091,0.0036206394754247757,64.0,0.6326530612244898,False
env,val,beta_skewed,100,64,5064000,0.75,2.0,4.0,1,2000,0.1619285329217091,0.0036206394754247757,64.0,0.6326530612244898,False
env,val,beta_skewed,100,64,5064000,0.75,2.0,8.0,1,2000,0.1619285329217091,0.0036206394754247757,64.0,0.6326530612244898,False
env,val,beta_skewed,100,64,5064000,0.75,3.0,2.0,1,2000,0.1619285329217091,0.0036206394754247757,64.0,0.6326530612244898,False
env,val,beta_skewed,100,64,5064000,0.75,3.0,1.0,1,2000,0.1619285329217091,0.0036206394754247757,64.0,0.6326530612244898,False
env,val,beta_skewed,100,64,5064000,0.75,3.0,8.0,1,2000,0.1619285329217091,0.0036206394754247757,64.0,0.6326530612244898,False
env,val,beta_skewed,100,64,5064000,0.75,3.0,4.0,1,2000,0.1619285329217091,0.0036206394754247757,64.0,0.6326530612244898,False
env,val,beta_skewed,100,64,5064000,0.75,4.0,0.0,1,2000,0.1619285329217091,0.0036206394754247757,64.0,0.6326530612244898,False
env,val,beta_skewed,100,64,5064000,0.75,4.0,1.0,1,2000,0.1619285329217091,0.0036206394754247757,64.0,0.6326530612244898,False
env,val,beta_skewed,100,64,5064000,0.75,4.0,2.0,1,2000,0.1619285329217091,0.0036206394754247757,64.0,0.6326530612244898,False
env,val,beta_skewed,100,64,5064000,0.75,4.0,4.0,1,2000,0.1619285329217091,0.0036206394754247757,64.0,0.6326530612244898,False
env,val,beta_skewed,100,64,5064000,0.75,6.0,0.0,1,2000,0.1619285329217091,0.0036206394754247757,64.0,0.6326530612244898,False
env,val,beta_skewed,100,64,5064000,0.75,4.0,8.0,1,2000,0.1619285329217091,0.0036206394754247757,64.0,0.6326530612244898,False
env,val,beta_skewed,100,64,5064000,0.75,6.0,1.0,1,2000,0.1619285329217091,0.0036206394754247757,64.0,0.6326530612244898,False
env,val,beta_skewed,100,64,5064000,0.75,6.0,2.0,1,2000,0.1619285329217091,0.0036206394754247757,64.0,0.6326530612244898,False
env,val,beta_skewed,100,64,5064000,0.75,6.0,8.0,1,2000,0.1619285329217091,0.0036206394754247757,64.0,0.6326530612244898,False
env,val,beta_skewed,100,64,5064000,0.75,6.0,4.0,1,2000,0.1619285329217091,0.0036206394754247757,64.0,0.6326530612244898,False
env,val,beta_skewed,200,64,5067000,0.5,1.0,0.0,1,2000,0.27721099741756916,0.0039052137012553336,15.0,0.06565656565656565,False
env,val,beta_skewed,200,64,5067000,0.5,1.0,1.0,1,2000,0.21505730958655478,0.0036911612929437453,28.0,0.1313131313131313,False
env,val,beta_skewed,200,64,5067000,0.5,2.0,0.0,1,2000,0.2127353378534317,0.0036805311925744424,29.0,0.1363636363636363,False
env,val,beta_skewed,200,64,5067000,0.5,1.0,2.0,1,2000,0.18739198005385696,0.0034744276348326907,42.0,0.20202020202020202,False
env,val,beta_skewed,200,64,5067000,0.5,1.0,8.0,1,2000,0.16125535017251968,0.003267956280951551,64.0,0.31313131313131315,False
env,val,beta_skewed,200,64,5067000,0.5,1.0,4.0,1,2000,0.16125535017251968,0.003267956280951551,64.0,0.31313131313131315,False
env,val,beta_skewed,200,64,5067000,0.5,3.0,0.0,1,2000,0.18541881078667938,0.0034478497890416573,43.0,0.20707070707070716,False
env,val,beta_skewed,200,64,5067000,0.5,2.0,2.0,1,2000,0.16125535017251968,0.003267956280951551,64.0,0.31313131313131315,False
env,val,beta_skewed,200,64,5067000,0.5,2.0,1.0,1,2000,0.17003265985101462,0.003401862349568687,57.0,0.2777777777777778,False
env,val,beta_skewed,200,64,5067000,0.5,2.0,4.0,1,2000,0.16125535017251968,0.003267956280951551,64.0,0.31313131313131315,False
env,val,beta_skewed,200,64,5067000,0.5,2.0,8.0,1,2000,0.16125535017251968,0.003267956280951551,64.0,0.31313131313131315,False
env,val,beta_skewed,200,64,5067000,0.5,3.0,1.0,1,2000,0.16125535017251968,0.003267956280951551,64.0,0.31313131313131315,False
env,val,beta_skewed,200,64,5067000,0.5,3.0,2.0,1,2000,0.16125535017251968,0.003267956280951551,64.0,0.31313131313131315,False
env,val,beta_skewed,200,64,5067000,0.5,3.0,4.0,1,2000,0.16125535017251968,0.003267956280951551,64.0,0.31313131313131315,False
env,val,beta_skewed,200,64,5067000,0.5,4.0,0.0,1,2000,0.17003265985101462,0.003401862349568687,57.0,0.2777777777777778,False
env,val,beta_skewed,200,64,5067000,0.5,3.0,8.0,1,2000,0.16125535017251968,0.003267956280951551,64.0,0.31313131313131315,False
env,val,beta_skewed,200,64,5067000,0.5,6.0,0.0,1,2000,0.16125535017251968,0.003267956280951551,64.0,0.31313131313131315,False
env,val,beta_skewed,200,64,5067000,0.5,4.0,1.0,1,2000,0.16125535017251968,0.003267956280951551,64.0,0.31313131313131315,False
env,val,beta_skewed,200,64,5067000,0.5,4.0,2.0,1,2000,0.16125535017251968,0.003267956280951551,64.0,0.31313131313131315,False
env,val,beta_skewed,200,64,5067000,0.5,4.0,4.0,1,2000,0.16125535017251968,0.003267956280951551,64.0,0.31313131313131315,False
env,val,beta_skewed,200,64,5067000,0.5,4.0,8.0,1,2000,0.16125535017251968,0.003267956280951551,64.0,0.31313131313131315,False
env,val,beta_skewed,200,64,5067000,0.5,6.0,1.0,1,2000,0.16125535017251968,0.003267956280951551,64.0,0.31313131313131315,False
env,val,beta_skewed,200,64,5067000,0.5,6.0,2.0,1,2000,0.16125535017251968,0.003267956280951551,64.0,0.31313131313131315,False
env,val,beta_skewed,200,64,5067000,0.5,6.0,4.0,1,2000,0.16125535017251968,0.003267956280951551,64.0,0.31313131313131315,False
env,val,beta_skewed,200,64,5067000,0.5,6.0,8.0,1,2000,0.16125535017251968,0.003267956280951551,64.0,0.31313131313131315,False
env,val,beta_skewed,200,64,5067000,0.75,1.0,0.0,1,2000,0.17285029160790144,0.0034285917744081964,54.0,0.2626262626262626,False
env,val,beta_skewed,200,64,5067000,0.75,1.0,1.0,1,2000,0.16125535017251968,0.003267956280951551,64.0,0.31313131313131315,False
env,val,beta_skewed,200,64,5067000,0.75,1.0,2.0,1,2000,0.16125535017251968,0.003267956280951551,64.0,0.31313131313131315,False
env,val,beta_skewed,200,64,5067000,0.75,2.0,0.0,1,2000,0.16125535017251968,0.003267956280951551,64.0,0.31313131313131315,False
env,val,beta_skewed,200,64,5067000,0.75,1.0,4.0,1,2000,0.16125535017251968,0.003267956280951551,64.0,0.31313131313131315,False
env,val,beta_skewed,200,64,5067000,0.75,1.0,8.0,1,2000,0.16125535017251968,0.003267956280951551,64.0,0.31313131313131315,False
env,val,beta_skewed,200,64,5067000,0.75,2.0,1.0,1,2000,0.16125535017251968,0.003267956280951551,64.0,0.31313131313131315,False
env,val,beta_skewed,200,64,5067000,0.75,3.0,0.0,1,2000,0.16125535017251968,0.003267956280951551,64.0,0.31313131313131315,False
env,val,beta_skewed,200,64,5067000,0.75,2.0,2.0,1,2000,0.16125535017251968,0.003267956280951551,64.0,0.31313131313131315,False
env,val,beta_skewed,200,64,5067000,0.75,2.0,4.0,1,2000,0.16125535017251968,0.003267956280951551,64.0,0.31313131313131315,False
env,val,beta_skewed,200,64,5067000,0.75,2.0,8.0,1,2000,0.16125535017251968,0.003267956280951551,64.0,0.31313131313131315,False
env,val,beta_skewed,200,64,5067000,0.75,3.0,1.0,1,2000,0.16125535017251968,0.003267956280951551,64.0,0.31313131313131315,False
env,val,beta_skewed,200,64,5067000,0.75,3.0,2.0,1,2000,0.16125535017251968,0.003267956280951551,64.0,0.31313131313131315,False
env,val,beta_skewed,200,64,5067000,0.75,3.0,4.0,1,2000,0.16125535017251968,0.003267956280951551,64.0,0.31313131313131315,False
env,val,beta_skewed,200,64,5067000,0.75,4.0,0.0,1,2000,0.16125535017251968,0.003267956280951551,64.0,0.31313131313131315,False
env,val,beta_skewed,200,64,5067000,0.75,3.0,8.0,1,2000,0.16125535017251968,0.003267956280951551,64.0,0.31313131313131315,False
env,val,tail_b0.5_mu1.0_c1.0,50,64,5196000,0.5,1.0,0.0,1,2000,0.03801438069343567,0.0013109006621153966,8.0,0.125,False
env,val,tail_b0.5_mu1.0_c1.0,50,64,5196000,0.5,1.0,1.0,1,2000,0.03284399038553238,0.0010973831317983753,14.0,0.25,False
env,val,tail_b0.5_mu1.0_c1.0,50,64,5196000,0.5,1.0,2.0,1,2000,0.037060696840286254,0.0011621356418812338,21.0,0.39583333333333326,False
env,val,beta_skewed,200,64,5067000,0.75,4.0,1.0,1,2000,0.16125535017251968,0.003267956280951551,64.0,0.31313131313131315,False
env,val,tail_b0.5_mu1.0_c1.0,50,64,5196000,0.5,1.0,4.0,1,2000,0.061589147090911865,0.001783653319835974,35.0,0.6875,False
env,val,beta_skewed,200,64,5067000,0.75,6.0,0.0,1,2000,0.16125535017251968,0.003267956280951551,64.0,0.31313131313131315,False
env,val,beta_skewed,200,64,5067000,0.75,4.0,2.0,1,2000,0.16125535017251968,0.003267956280951551,64.0,0.31313131313131315,False
env,val,tail_b0.5_mu1.0_c1.0,50,64,5196000,0.5,2.0,0.0,1,2000,0.03326115131378174,0.0010401249948285348,15.0,0.27083333333333337,False
env,val,beta_skewed,200,64,5067000,0.75,4.0,4.0,1,2000,0.16125535017251968,0.003267956280951551,64.0,0.31313131313131315,False
env,val,tail_b0.5_mu1.0_c1.0,50,64,5196000,0.5,1.0,8.0,1,2000,0.13970534153282643,0.003667220436317646,48.7335,0.9736145833333333,False
env,val,beta_skewed,200,64,5067000,0.75,4.0,8.0,1,2000,0.16125535017251968,0.003267956280951551,64.0,0.31313131313131315,False
env,val,tail_b0.5_mu1.0_c1.0,50,64,5196000,0.5,2.0,1.0,1,2000,0.04742128041386604,0.00146021945700887,28.0,0.5416666666666667,False
env,val,tail_b0.5_mu1.0_c1.0,50,64,5196000,0.5,2.0,2.0,1,2000,0.0879713647812605,0.002446494489072201,42.0,0.8333333333333335,False
env,val,beta_skewed,200,64,5067000,0.75,6.0,1.0,1,2000,0.16125535017251968,0.003267956280951551,64.0,0.31313131313131315,False
env,val,tail_b0.5_mu1.0_c1.0,50,64,5196000,0.5,2.0,4.0,1,2000,0.1371459006294608,0.003620521154562157,48.745,0.9738541666666665,False
env,val,beta_skewed,200,64,5067000,0.75,6.0,2.0,1,2000,0.16125535017251968,0.003267956280951551,64.0,0.31313131313131315,False
env,val,tail_b0.5_mu1.0_c1.0,50,64,5196000,0.5,3.0,0.0,1,2000,0.03788789877295494,0.0011998212104495146,22.0,0.41666666666666674,False
env,val,tail_b0.5_mu1.0_c1.0,50,64,5196000,0.5,2.0,8.0,1,2000,0.17631316354684531,0.00447921421091085,49.5285,0.9901770833333332,False
env,val,tail_b0.5_mu1.0_c1.0,50,64,5196000,0.5,3.0,1.0,1,2000,0.08597917746007443,0.0023948676101394418,42.0,0.8333333333333335,False
env,val,tail_b0.5_mu1.0_c1.0,50,64,5196000,0.5,3.0,2.0,1,2000,0.13915554918348788,0.003669305981951001,48.744,0.9738333333333331,False
env,val,tail_b0.5_mu1.0_c1.0,50,64,5196000,0.5,4.0,0.0,1,2000,0.05033582696318627,0.0015217540346523395,29.0,0.5625,False
env,val,tail_b0.5_mu1.0_c1.0,50,64,5196000,0.5,3.0,4.0,1,2000,0.17094467139430344,0.004339735100878722,49.3905,0.9873020833333332,False
env,val,tail_b0.5_mu1.0_c1.0,50,64,5196000,0.5,3.0,8.0,1,2000,0.2010192920807749,0.004884502404386984,49.9915,0.9998229166666668,False
env,val,beta_skewed,200,64,5067000,0.75,6.0,4.0,1,2000,0.16125535017251968,0.003267956280951551,64.0,0.31313131313131315,False
env,val,beta_skewed,200,64,5067000,0.75,6.0,8.0,1,2000,0.16125535017251968,0.003267956280951551,64.0,0.31313131313131315,False
env,val,tail_b0.5_mu1.0_c1.0,50,64,5196000,0.5,4.0,1.0,1,2000,0.13789087000489236,0.0036272647088534623,48.742,0.9737916666666665,False
env,val,tail_b0.5_mu1.0_c1.0,50,64,5196000,0.5,4.0,2.0,1,2000,0.1650016423482448,0.004176449553966574,49.236,0.9840833333333333,False
env,val,tail_b0.5_mu1.0_c1.0,50,64,5196000,0.5,4.0,8.0,1,2000,0.20129507763125,0.0048994361914393905,50.0,1.0,False
env,val,tail_b0.5_mu1.0_c1.0,50,64,5196000,0.5,4.0,4.0,1,2000,0.20095603218115865,0.004880780385856102,49.988,0.99975,False
env,val,tail_b0.5_mu1.0_c1.0,50,64,5196000,0.5,6.0,0.0,1,2000,0.08864491844177246,0.0025072576230550222,43.0,0.8541666666666665,False
env,val,tail_b0.5_mu1.0_c1.0,50,64,5196000,0.5,6.0,1.0,1,2000,0.20133404500223695,0.00489903563339798,49.9975,0.9999479166666666,False
env,val,tail_b0.5_mu1.0_c1.0,50,64,5196000,0.5,6.0,2.0,1,2000,0.20129507763125,0.0048994361914393905,50.0,1.0,False
env,val,tail_b0.5_mu1.0_c1.0,50,64,5196000,0.75,1.0,0.0,1,2000,0.036616218775510787,0.001159714915114872,19.0,0.3541666666666667,False
env,val,tail_b0.5_mu1.0_c1.0,50,64,5196000,0.5,6.0,4.0,1,2000,0.20129507763125,0.0048994361914393905,50.0,1.0,False
env,val,tail_b0.5_mu1.0_c1.0,50,64,5196000,0.5,6.0,8.0,1,2000,0.20129507763125,0.0048994361914393905,50.0,1.0,False
env,val,tail_b0.5_mu1.0_c1.0,50,64,5196000,0.75,1.0,1.0,1,2000,0.070572818800807,0.002089888268673811,38.0,0.75,False
env,val,tail_b0.5_mu1.0_c1.0,50,64,5196000,0.75,1.0,8.0,1,2000,0.19991073384322225,0.0048689195209286485,49.9695,0.9993645833333332,False
env,val,tail_b0.5_mu1.0_c1.0,50,64,5196000,0.75,2.0,0.0,1,2000,0.06949471648037434,0.00205603757622014,38.0,0.75,False
env,val,tail_b0.5_mu1.0_c1.0,50,64,5196000,0.75,1.0,2.0,1,2000,0.13890765717625617,0.0036611028871937528,48.7515,0.9739895833333332,False
env,val,tail_b0.5_mu1.0_c1.0,50,64,5196000,0.75,1.0,4.0,1,2000,0.15549411894008516,0.003911842843201781,49.0105,0.9793854166666666,False
env,val,tail_b0.5_mu1.0_c1.0,50,64,5196000,0.75,2.0,1.0,1,2000,0.17905570017918945,0.004572270005561535,49.6715,0.99315625,False
env,val,tail_b0.5_mu1.0_c1.0,50,64,5196000,0.75,2.0,2.0,1,2000,0.20133404500223695,0.00489903563339798,49.9975,0.9999479166666666,False
env,val,tail_b0.5_mu1.0_c1.0,50,64,5196000,0.75,3.0,0.0,1,2000,0.20129507763125,0.0048994361914393905,50.0,1.0,False
env,val,tail_b0.5_mu1.0_c1.0,50,64,5196000,0.75,2.0,4.0,1,2000,0.20129507763125,0.0048994361914393905,50.0,1.0,False
env,val,tail_b0.5_mu1.0_c1.0,50,64,5196000,0.75,2.0,8.0,1,2000,0.20129507763125,0.0048994361914393905,50.0,1.0,False
env,val,tail_b0.5_mu1.0_c1.0,50,64,5196000,0.75,3.0,1.0,1,2000,0.20129507763125,0.0048994361914393905,50.0,1.0,False
env,val,tail_b0.5_mu1.0_c1.0,50,64,5196000,0.75,3.0,8.0,1,2000,0.20129507763125,0.0048994361914393905,50.0,1.0,False
env,val,tail_b0.5_mu1.0_c1.0,50,64,5196000,0.75,3.0,2.0,1,2000,0.20129507763125,0.0048994361914393905,50.0,1.0,False
env,val,tail_b0.5_mu1.0_c1.0,50,64,5196000,0.75,4.0,0.0,1,2000,0.20129507763125,0.0048994361914393905,50.0,1.0,False
env,val,tail_b0.5_mu1.0_c1.0,50,64,5196000,0.75,4.0,1.0,1,2000,0.20129507763125,0.0048994361914393905,50.0,1.0,False
env,val,tail_b0.5_mu1.0_c1.0,50,64,5196000,0.75,4.0,2.0,1,2000,0.20129507763125,0.0048994361914393905,50.0,1.0,False
env,val,tail_b0.5_mu1.0_c1.0,50,64,5196000,0.75,4.0,4.0,1,2000,0.20129507763125,0.0048994361914393905,50.0,1.0,False
env,val,tail_b0.5_mu1.0_c1.0,50,64,5196000,0.75,3.0,4.0,1,2000,0.20129507763125,0.0048994361914393905,50.0,1.0,False
env,val,tail_b0.5_mu1.0_c1.0,50,64,5196000,0.75,4.0,8.0,1,2000,0.20129507763125,0.0048994361914393905,50.0,1.0,False
env,val,tail_b0.5_mu1.0_c1.0,50,64,5196000,0.75,6.0,0.0,1,2000,0.20129507763125,0.0048994361914393905,50.0,1.0,False
env,val,tail_b0.5_mu1.0_c1.0,50,64,5196000,0.75,6.0,1.0,1,2000,0.20129507763125,0.0048994361914393905,50.0,1.0,False
env,val,tail_b0.5_mu1.0_c1.0,50,64,5196000,0.75,6.0,2.0,1,2000,0.20129507763125,0.0048994361914393905,50.0,1.0,False
env,val,tail_b0.5_mu1.0_c1.0,50,64,5196000,0.75,6.0,4.0,1,2000,0.20129507763125,0.0048994361914393905,50.0,1.0,False
env,val,tail_b0.5_mu1.0_c1.0,50,64,5196000,0.75,6.0,8.0,1,2000,0.20129507763125,0.0048994361914393905,50.0,1.0,False
env,val,tail_b0.5_mu1.0_c1.0,100,64,5199000,0.5,1.0,0.0,1,2000,0.02556617811322212,0.0008736279728077841,10.0,0.08163265306122448,False
env,val,tail_b0.5_mu1.0_c1.0,100,64,5199000,0.5,1.0,2.0,1,2000,0.019653040170669555,0.0006295909106109805,30.0,0.2857142857142856,False
env,val,tail_b0.5_mu1.0_c1.0,100,64,5199000,0.5,2.0,0.0,1,2000,0.019115452349185942,0.0006050610242334869,20.0,0.1836734693877551,False
env,val,tail_b0.5_mu1.0_c1.0,100,64,5199000,0.5,1.0,1.0,1,2000,0.01912580841779709,0.0006056579441774634,20.0,0.1836734693877551,False
env,val,tail_b0.5_mu1.0_c1.0,100,64,5199000,0.5,1.0,4.0,1,2000,0.02577425688505173,0.0008304276905429656,50.0,0.48979591836734687,False
env,val,tail_b0.5_mu1.0_c1.0,100,64,5199000,0.5,3.0,0.0,1,2000,0.01952976194024086,0.0006306823953295795,30.0,0.2857142857142856,False
env,val,tail_b0.5_mu1.0_c1.0,100,64,5199000,0.5,1.0,8.0,1,2000,0.03343991479277611,0.0010715299244113538,64.0,0.6326530612244898,False
env,val,tail_b0.5_mu1.0_c1.0,100,64,5199000,0.5,2.0,1.0,1,2000,0.022829392939805983,0.0007226061907624782,40.0,0.38775510204081615,False
env,val,tail_b0.5_mu1.0_c1.0,100,64,5199000,0.5,2.0,2.0,1,2000,0.031011875867843628,0.0009825731367071099,60.0,0.5918367346938778,False
env,val,tail_b0.5_mu1.0_c1.0,100,64,5199000,0.5,2.0,8.0,1,2000,0.033461105048656466,0.0010785196974410212,64.0,0.6326530612244898,False
env,val,tail_b0.5_mu1.0_c1.0,100,64,5199000,0.5,2.0,4.0,1,2000,0.033527301341295244,0.0010789639426087947,64.0,0.6326530612244898,False
env,val,tail_b0.5_mu1.0_c1.0,100,64,5199000,0.5,3.0,1.0,1,2000,0.03054902082681656,0.0009706639155329192,60.0,0.5918367346938778,False
env,val,tail_b0.5_mu1.0_c1.0,100,64,5199000,0.5,3.0,2.0,1,2000,0.033505519837141035,0.0010772597061451436,64.0,0.6326530612244898,False
env,val,tail_b0.5_mu1.0_c1.0,100,64,5199000,0.5,4.0,0.0,1,2000,0.022721276342868805,0.0007221955062628132,40.0,0.38775510204081615,False
env,val,tail_b0.5_mu1.0_c1.0,100,64,5199000,0.5,3.0,4.0,1,2000,0.03338545623421669,0.0010770370598278307,64.0,0.6326530612244898,False
env,val,tail_b0.5_mu1.0_c1.0,100,64,5199000,0.5,3.0,8.0,1,2000,0.03338545623421669,0.0010770370598278307,64.0,0.6326530612244898,False
env,val,tail_b0.5_mu1.0_c1.0,100,64,5199000,0.5,4.0,1.0,1,2000,0.03344278886914253,0.0010771836835129945,64.0,0.6326530612244898,False
env,val,tail_b0.5_mu1.0_c1.0,100,64,5199000,0.5,4.0,2.0,1,2000,0.03338545623421669,0.0010770370598278307,64.0,0.6326530612244898,False
env,val,tail_b0.5_mu1.0_c1.0,100,64,5199000,0.5,6.0,0.0,1,2000,0.030458677649497987,0.0009706150263040349,60.0,0.5918367346938778,False
env,val,tail_b0.5_mu1.0_c1.0,100,64,5199000,0.5,4.0,4.0,1,2000,0.03338545623421669,0.0010770370598278307,64.0,0.6326530612244898,False
env,val,tail_b0.5_mu1.0_c1.0,100,64,5199000,0.5,4.0,8.0,1,2000,0.03338545623421669,0.0010770370598278307,64.0,0.6326530612244898,False
env,val,tail_b0.5_mu1.0_c1.0,100,64,5199000,0.75,1.0,0.0,1,2000,0.020069198489189147,0.0006574582343830472,32.0,0.3061224489795918,False
env,val,tail_b0.5_mu1.0_c1.0,100,64,5199000,0.5,6.0,2.0,1,2000,0.03338545623421669,0.0010770370598278307,64.0,0.6326530612244898,False
env,val,tail_b0.5_mu1.0_c1.0,100,64,5199000,0.5,6.0,1.0,1,2000,0.03338545623421669,0.0010770370598278307,64.0,0.6326530612244898,False
env,val,tail_b0.5_mu1.0_c1.0,100,64,5199000,0.5,6.0,4.0,1,2000,0.03338545623421669,0.0010770370598278307,64.0,0.6326530612244898,False
env,val,tail_b0.5_mu1.0_c1.0,100,64,5199000,0.75,1.0,1.0,1,2000,0.033455926895141604,0.0010504796728043216,63.0,0.6224489795918368,False
env,val,tail_b0.5_mu1.0_c1.0,100,64,5199000,0.5,6.0,8.0,1,2000,0.03338545623421669,0.0010770370598278307,64.0,0.6326530612244898,False
env,val,tail_b0.5_mu1.0_c1.0,100,64,5199000,0.75,1.0,2.0,1,2000,0.033439519345760345,0.0010772294946885081,64.0,0.6326530612244898,False
env,val,tail_b0.5_mu1.0_c1.0,100,64,5199000,0.75,2.0,0.0,1,2000,0.03338545623421669,0.0010770370598278307,64.0,0.6326530612244898,False
env,val,tail_b0.5_mu1.0_c1.0,100,64,5199000,0.75,1.0,4.0,1,2000,0.03338545623421669,0.0010770370598278307,64.0,0.6326530612244898,False
env,val,tail_b0.5_mu1.0_c1.0,100,64,5199000,0.75,1.0,8.0,1,2000,0.03338545623421669,0.0010770370598278307,64.0,0.6326530612244898,False
env,val,tail_b0.5_mu1.0_c1.0,100,64,5199000,0.75,3.0,0.0,1,2000,0.03338545623421669,0.0010770370598278307,64.0,0.6326530612244898,False
env,val,tail_b0.5_mu1.0_c1.0,100,64,5199000,0.75,2.0,1.0,1,2000,0.03338545623421669,0.0010770370598278307,64.0,0.6326530612244898,False
env,val,tail_b0.5_mu1.0_c1.0,100,64,5199000,0.75,2.0,2.0,1,2000,0.03338545623421669,0.0010770370598278307,64.0,0.6326530612244898,False
env,val,tail_b0.5_mu1.0_c1.0,100,64,5199000,0.75,2.0,4.0,1,2000,0.03338545623421669,0.0010770370598278307,64.0,0.6326530612244898,False
env,val,tail_b0.5_mu1.0_c1.0,100,64,5199000,0.75,2.0,8.0,1,2000,0.03338545623421669,0.0010770370598278307,64.0,0.6326530612244898,False
env,val,tail_b0.5_mu1.0_c1.0,100,64,5199000,0.75,3.0,1.0,1,2000,0.03338545623421669,0.0010770370598278307,64.0,0.6326530612244898,False
env,val,tail_b0.5_mu1.0_c1.0,100,64,5199000,0.75,4.0,0.0,1,2000,0.03338545623421669,0.0010770370598278307,64.0,0.6326530612244898,False
env,val,tail_b0.5_mu1.0_c1.0,100,64,5199000,0.75,3.0,2.0,1,2000,0.03338545623421669,0.0010770370598278307,64.0,0.6326530612244898,False
env,val,tail_b0.5_mu1.0_c1.0,100,64,5199000,0.75,3.0,4.0,1,2000,0.03338545623421669,0.0010770370598278307,64.0,0.6326530612244898,False
env,val,tail_b0.5_mu1.0_c1.0,100,64,5199000,0.75,3.0,8.0,1,2000,0.03338545623421669,0.0010770370598278307,64.0,0.6326530612244898,False
env,val,tail_b0.5_mu1.0_c1.0,100,64,5199000,0.75,4.0,1.0,1,2000,0.03338545623421669,0.0010770370598278307,64.0,0.6326530612244898,False
env,val,tail_b0.5_mu1.0_c1.0,100,64,5199000,0.75,6.0,0.0,1,2000,0.03338545623421669,0.0010770370598278307,64.0,0.6326530612244898,False
env,val,tail_b0.5_mu1.0_c1.0,100,64,5199000,0.75,4.0,4.0,1,2000,0.03338545623421669,0.0010770370598278307,64.0,0.6326530612244898,False
env,val,tail_b0.5_mu1.0_c1.0,100,64,5199000,0.75,4.0,2.0,1,2000,0.03338545623421669,0.0010770370598278307,64.0,0.6326530612244898,False
env,val,tail_b0.5_mu1.0_c1.0,100,64,5199000,0.75,4.0,8.0,1,2000,0.03338545623421669,0.0010770370598278307,64.0,0.6326530612244898,False
env,val,tail_b0.5_mu1.0_c1.0,100,64,5199000,0.75,6.0,2.0,1,2000,0.03338545623421669,0.0010770370598278307,64.0,0.6326530612244898,False
env,val,tail_b0.5_mu1.0_c1.0,100,64,5199000,0.75,6.0,1.0,1,2000,0.03338545623421669,0.0010770370598278307,64.0,0.6326530612244898,False
env,val,tail_b0.5_mu1.0_c1.0,200,64,5202000,0.5,1.0,0.0,1,2000,0.011926241964101792,0.00042131892185500873,15.0,0.06565656565656565,False
env,val,tail_b0.5_mu1.0_c1.0,100,64,5199000,0.75,6.0,4.0,1,2000,0.03338545623421669,0.0010770370598278307,64.0,0.6326530612244898,False
env,val,tail_b0.5_mu1.0_c1.0,100,64,5199000,0.75,6.0,8.0,1,2000,0.03338545623421669,0.0010770370598278307,64.0,0.6326530612244898,False
env,val,tail_b0.5_mu1.0_c1.0,200,64,5202000,0.5,1.0,1.0,1,2000,0.010187807649374008,0.0003297119995776903,28.0,0.1313131313131313,False
env,val,tail_b0.5_mu1.0_c1.0,200,64,5202000,0.5,2.0,0.0,1,2000,0.010170011907815933,0.00035307556033004745,29.0,0.1363636363636363,False
env,val,tail_b0.5_mu1.0_c1.0,200,64,5202000,0.5,1.0,2.0,1,2000,0.010790432363748551,0.000361128333315091,42.0,0.20202020202020202,False
env,val,tail_b0.5_mu1.0_c1.0,200,64,5202000,0.5,3.0,0.0,1,2000,0.010711542874574662,0.0003503274573875285,43.0,0.20707070707070716,False
env,val,tail_b0.5_mu1.0_c1.0,200,64,5202000,0.5,1.0,4.0,1,2000,0.011676015347242356,0.0003945355708936854,64.0,0.31313131313131315,False
env,val,tail_b0.5_mu1.0_c1.0,200,64,5202000,0.5,1.0,8.0,1,2000,0.01171458625793457,0.0003940914178799739,64.0,0.31313131313131315,False
env,val,tail_b0.5_mu1.0_c1.0,200,64,5202000,0.5,2.0,1.0,1,2000,0.011024162828922272,0.0003773840871402752,57.0,0.2777777777777778,False
env,val,tail_b0.5_mu1.0_c1.0,200,64,5202000,0.5,2.0,4.0,1,2000,0.01171013429760933,0.00039411979327589567,64.0,0.31313131313131315,False
env,val,tail_b0.5_mu1.0_c1.0,200,64,5202000,0.5,2.0,2.0,1,2000,0.011713483691215516,0.000394080183763138,64.0,0.31313131313131315,False
env,val,tail_b0.5_mu1.0_c1.0,200,64,5202000,0.5,2.0,8.0,1,2000,0.01171013429760933,0.00039411979327589567,64.0,0.31313131313131315,False
env,val,tail_b0.5_mu1.0_c1.0,200,64,5202000,0.5,3.0,1.0,1,2000,0.011713075429201126,0.0003940871569457308,64.0,0.31313131313131315,False
env,val,tail_b0.5_mu1.0_c1.0,200,64,5202000,0.5,3.0,2.0,1,2000,0.01171013429760933,0.00039411979327589567,64.0,0.31313131313131315,False
env,val,tail_b0.5_mu1.0_c1.0,200,64,5202000,0.5,4.0,0.0,1,2000,0.011023769736289978,0.0003774024016564049,57.0,0.2777777777777778,False
env,val,tail_b0.5_mu1.0_c1.0,200,64,5202000,0.5,3.0,8.0,1,2000,0.01171013429760933,0.00039411979327589567,64.0,0.31313131313131315,False
env,val,tail_b0.5_mu1.0_c1.0,200,64,5202000,0.5,3.0,4.0,1,2000,0.01171013429760933,0.00039411979327589567,64.0,0.31313131313131315,False
env,val,tail_b0.5_mu1.0_c1.0,200,64,5202000,0.5,6.0,0.0,1,2000,0.01171013429760933,0.00039411979327589567,64.0,0.31313131313131315,False
env,val,tail_b0.5_mu1.0_c1.0,200,64,5202000,0.5,4.0,1.0,1,2000,0.01171013429760933,0.00039411979327589567,64.0,0.31313131313131315,False
env,val,tail_b0.5_mu1.0_c1.0,200,64,5202000,0.5,4.0,4.0,1,2000,0.01171013429760933,0.00039411979327589567,64.0,0.31313131313131315,False
env,val,tail_b0.5_mu1.0_c1.0,200,64,5202000,0.5,4.0,2.0,1,2000,0.01171013429760933,0.00039411979327589567,64.0,0.31313131313131315,False
env,val,tail_b0.5_mu1.0_c1.0,200,64,5202000,0.5,4.0,8.0,1,2000,0.01171013429760933,0.00039411979327589567,64.0,0.31313131313131315,False
env,val,tail_b0.5_mu1.0_c1.0,200,64,5202000,0.5,6.0,1.0,1,2000,0.01171013429760933,0.00039411979327589567,64.0,0.31313131313131315,False
env,val,tail_b0.5_mu1.0_c1.0,200,64,5202000,0.5,6.0,2.0,1,2000,0.01171013429760933,0.00039411979327589567,64.0,0.31313131313131315,False
env,val,tail_b0.5_mu1.0_c1.0,200,64,5202000,0.75,1.0,0.0,1,2000,0.011026438385248184,0.0003683900259100532,54.0,0.2626262626262626,False
env,val,tail_b0.5_mu1.0_c1.0,200,64,5202000,0.5,6.0,4.0,1,2000,0.01171013429760933,0.00039411979327589567,64.0,0.31313131313131315,False
env,val,tail_b0.5_mu1.0_c1.0,200,64,5202000,0.5,6.0,8.0,1,2000,0.01171013429760933,0.00039411979327589567,64.0,0.31313131313131315,False
env,val,tail_b0.5_mu1.0_c1.0,200,64,5202000,0.75,1.0,1.0,1,2000,0.01171013429760933,0.00039411979327589567,64.0,0.31313131313131315,False
env,val,tail_b0.5_mu1.0_c1.0,200,64,5202000,0.75,1.0,2.0,1,2000,0.01171013429760933,0.00039411979327589567,64.0,0.31313131313131315,False
env,val,tail_b0.5_mu1.0_c1.0,200,64,5202000,0.75,2.0,0.0,1,2000,0.01171013429760933,0.00039411979327589567,64.0,0.31313131313131315,False
env,val,tail_b0.5_mu1.0_c1.0,200,64,5202000,0.75,1.0,8.0,1,2000,0.01171013429760933,0.00039411979327589567,64.0,0.31313131313131315,False
env,val,tail_b0.5_mu1.0_c1.0,200,64,5202000,0.75,1.0,4.0,1,2000,0.01171013429760933,0.00039411979327589567,64.0,0.31313131313131315,False
env,val,tail_b0.5_mu1.0_c1.0,200,64,5202000,0.75,3.0,0.0,1,2000,0.01171013429760933,0.00039411979327589567,64.0,0.31313131313131315,False
env,val,tail_b0.5_mu1.0_c1.0,200,64,5202000,0.75,2.0,1.0,1,2000,0.01171013429760933,0.00039411979327589567,64.0,0.31313131313131315,False
env,val,tail_b0.5_mu1.0_c1.0,200,64,5202000,0.75,2.0,2.0,1,2000,0.01171013429760933,0.00039411979327589567,64.0,0.31313131313131315,False
env,val,tail_b0.5_mu1.0_c1.0,200,64,5202000,0.75,2.0,4.0,1,2000,0.01171013429760933,0.00039411979327589567,64.0,0.31313131313131315,False
env,val,tail_b0.5_mu1.0_c1.0,200,64,5202000,0.75,2.0,8.0,1,2000,0.01171013429760933,0.00039411979327589567,64.0,0.31313131313131315,False
env,val,tail_b0.5_mu1.0_c1.0,200,64,5202000,0.75,3.0,1.0,1,2000,0.01171013429760933,0.00039411979327589567,64.0,0.31313131313131315,False
env,val,tail_b0.5_mu1.0_c1.0,200,64,5202000,0.75,4.0,0.0,1,2000,0.01171013429760933,0.00039411979327589567,64.0,0.31313131313131315,False
env,val,tail_b0.5_mu1.0_c1.0,200,64,5202000,0.75,3.0,2.0,1,2000,0.01171013429760933,0.00039411979327589567,64.0,0.31313131313131315,False
env,val,tail_b0.5_mu1.0_c1.0,200,64,5202000,0.75,3.0,4.0,1,2000,0.01171013429760933,0.00039411979327589567,64.0,0.31313131313131315,False
env,val,tail_b0.5_mu1.0_c1.0,200,64,5202000,0.75,3.0,8.0,1,2000,0.01171013429760933,0.00039411979327589567,64.0,0.31313131313131315,False
env,val,tail_b2.0_mu1.0_c1.0,50,64,5361000,0.5,1.0,0.0,1,2000,0.2139141346476972,0.0039577519139213915,8.0,0.125,False
env,val,tail_b0.5_mu1.0_c1.0,200,64,5202000,0.75,6.0,0.0,1,2000,0.01171013429760933,0.00039411979327589567,64.0,0.31313131313131315,False
env,val,tail_b2.0_mu1.0_c1.0,50,64,5361000,0.5,1.0,1.0,1,2000,0.16852171231992544,0.0035396565241991003,14.0,0.25,False
env,val,tail_b0.5_mu1.0_c1.0,200,64,5202000,0.75,4.0,1.0,1,2000,0.01171013429760933,0.00039411979327589567,64.0,0.31313131313131315,False
env,val,tail_b2.0_mu1.0_c1.0,50,64,5361000,0.5,1.0,2.0,1,2000,0.14608060249686242,0.0033830095028875465,21.0,0.39583333333333326,False
env,val,tail_b0.5_mu1.0_c1.0,200,64,5202000,0.75,4.0,4.0,1,2000,0.01171013429760933,0.00039411979327589567,64.0,0.31313131313131315,False
env,val,tail_b0.5_mu1.0_c1.0,200,64,5202000,0.75,4.0,2.0,1,2000,0.01171013429760933,0.00039411979327589567,64.0,0.31313131313131315,False
env,val,tail_b0.5_mu1.0_c1.0,200,64,5202000,0.75,4.0,8.0,1,2000,0.01171013429760933,0.00039411979327589567,64.0,0.31313131313131315,False
env,val,tail_b2.0_mu1.0_c1.0,50,64,5361000,0.5,2.0,0.0,1,2000,0.16380052657611668,0.0035295586851534335,15.0,0.27083333333333337,False
env,val,tail_b2.0_mu1.0_c1.0,50,64,5361000,0.5,1.0,4.0,1,2000,0.1596383277848363,0.003438803975851385,35.0,0.6875,False
env,val,tail_b0.5_mu1.0_c1.0,200,64,5202000,0.75,6.0,1.0,1,2000,0.01171013429760933,0.00039411979327589567,64.0,0.31313131313131315,False
env,val,tail_b2.0_mu1.0_c1.0,50,64,5361000,0.5,1.0,8.0,1,2000,0.3040649833129719,0.004711851269601487,48.5905,0.9706354166666666,False
env,val,tail_b2.0_mu1.0_c1.0,50,64,5361000,0.5,2.0,1.0,1,2000,0.1404728907570243,0.0032569352758191105,28.0,0.5416666666666667,False
env,val,tail_b0.5_mu1.0_c1.0,200,64,5202000,0.75,6.0,2.0,1,2000,0.01171013429760933,0.00039411979327589567,64.0,0.31313131313131315,False
env,val,tail_b2.0_mu1.0_c1.0,50,64,5361000,0.5,3.0,0.0,1,2000,0.1415234638080001,0.003275205975509335,22.0,0.41666666666666674,False
env,val,tail_b2.0_mu1.0_c1.0,50,64,5361000,0.5,2.0,2.0,1,2000,0.2088193854019046,0.004001675579185384,41.998,0.8332916666666668,False
env,val,tail_b0.5_mu1.0_c1.0,200,64,5202000,0.75,6.0,8.0,1,2000,0.01171013429760933,0.00039411979327589567,64.0,0.31313131313131315,False
env,val,tail_b0.5_mu1.0_c1.0,200,64,5202000,0.75,6.0,4.0,1,2000,0.01171013429760933,0.00039411979327589567,64.0,0.31313131313131315,False
env,val,tail_b2.0_mu1.0_c1.0,50,64,5361000,0.5,2.0,8.0,1,2000,0.37670684479735794,0.00502548256890135,49.996,0.9999166666666667,False
env,val,tail_b2.0_mu1.0_c1.0,50,64,5361000,0.5,2.0,4.0,1,2000,0.35744187238812447,0.00502517568721969,49.703,0.9938125,False
env,val,tail_b2.0_mu1.0_c1.0,50,64,5361000,0.5,3.0,1.0,1,2000,0.2091693664416671,0.0040122112797871,41.998,0.8332916666666668,False
env,val,tail_b2.0_mu1.0_c1.0,50,64,5361000,0.5,3.0,4.0,1,2000,0.37670684479735794,0.00502548256890135,50.0,1.0,False
env,val,tail_b2.0_mu1.0_c1.0,50,64,5361000,0.5,4.0,0.0,1,2000,0.14065096002072097,0.003278648429085365,29.0,0.5625,False
env,val,tail_b2.0_mu1.0_c1.0,50,64,5361000,0.5,3.0,2.0,1,2000,0.34180735565721987,0.005026367621735387,49.411,0.9877291666666667,False
env,val,tail_b2.0_mu1.0_c1.0,50,64,5361000,0.5,3.0,8.0,1,2000,0.37670684479735794,0.00502548256890135,50.0,1.0,False
env,val,tail_b2.0_mu1.0_c1.0,50,64,5361000,0.5,4.0,1.0,1,2000,0.313617632589303,0.00485257224968688,48.857,0.9761874999999999,False
env,val,tail_b2.0_mu1.0_c1.0,50,64,5361000,0.5,4.0,2.0,1,2000,0.37670684479735794,0.00502548256890135,50.0,1.0,False
env,val,tail_b2.0_mu1.0_c1.0,50,64,5361000,0.5,6.0,0.0,1,2000,0.22237106115743518,0.00406310861683718,43.0,0.8541666666666665,False
env,val,tail_b2.0_mu1.0_c1.0,50,64,5361000,0.5,4.0,4.0,1,2000,0.37670684479735794,0.00502548256890135,50.0,1.0,False
env,val,tail_b2.0_mu1.0_c1.0,50,64,5361000,0.5,4.0,8.0,1,2000,0.37670684479735794,0.00502548256890135,50.0,1.0,False
env,val,tail_b2.0_mu1.0_c1.0,50,64,5361000,0.5,6.0,1.0,1,2000,0.37670684479735794,0.00502548256890135,50.0,1.0,False
env,val,tail_b2.0_mu1.0_c1.0,50,64,5361000,0.75,1.0,0.0,1,2000,0.15214966338127853,0.003476669638519212,19.0,0.3541666666666667,False
env,val,tail_b2.0_mu1.0_c1.0,50,64,5361000,0.5,6.0,2.0,1,2000,0.37670684479735794,0.00502548256890135,50.0,1.0,False
env,val,tail_b2.0_mu1.0_c1.0,50,64,5361000,0.5,6.0,4.0,1,2000,0.37670684479735794,0.00502548256890135,50.0,1.0,False
env,val,tail_b2.0_mu1.0_c1.0,50,64,5361000,0.75,1.0,1.0,1,2000,0.17734185679256917,0.003641742860757885,38.0,0.75,False
env,val,tail_b2.0_mu1.0_c1.0,50,64,5361000,0.5,6.0,8.0,1,2000,0.37670684479735794,0.00502548256890135,50.0,1.0,False
env,val,tail_b2.0_mu1.0_c1.0,50,64,5361000,0.75,1.0,2.0,1,2000,0.28711632945016025,0.004569445088285338,48.274,0.9640416666666666,False
env,val,tail_b2.0_mu1.0_c1.0,50,64,5361000,0.75,1.0,4.0,1,2000,0.37670684479735794,0.00502548256890135,49.9995,0.9999895833333332,False
env,val,tail_b2.0_mu1.0_c1.0,50,64,5361000,0.75,2.0,0.0,1,2000,0.1773787463530898,0.003649219165005033,38.0,0.75,False
env,val,tail_b2.0_mu1.0_c1.0,50,64,5361000,0.75,3.0,0.0,1,2000,0.37670684479735794,0.00502548256890135,50.0,1.0,False
env,val,tail_b2.0_mu1.0_c1.0,50,64,5361000,0.75,1.0,8.0,1,2000,0.37670684479735794,0.00502548256890135,49.9995,0.9999895833333332,False
env,val,tail_b2.0_mu1.0_c1.0,50,64,5361000,0.75,2.0,1.0,1,2000,0.37670684479735794,0.00502548256890135,50.0,1.0,False
env,val,tail_b2.0_mu1.0_c1.0,50,64,5361000,0.75,2.0,4.0,1,2000,0.37670684479735794,0.00502548256890135,50.0,1.0,False
env,val,tail_b2.0_mu1.0_c1.0,50,64,5361000,0.75,2.0,2.0,1,2000,0.37670684479735794,0.00502548256890135,50.0,1.0,False
env,val,tail_b2.0_mu1.0_c1.0,50,64,5361000,0.75,2.0,8.0,1,2000,0.37670684479735794,0.00502548256890135,50.0,1.0,False
env,val,tail_b2.0_mu1.0_c1.0,50,64,5361000,0.75,3.0,1.0,1,2000,0.37670684479735794,0.00502548256890135,50.0,1.0,False
env,val,tail_b2.0_mu1.0_c1.0,50,64,5361000,0.75,3.0,2.0,1,2000,0.37670684479735794,0.00502548256890135,50.0,1.0,False
env,val,tail_b2.0_mu1.0_c1.0,50,64,5361000,0.75,3.0,4.0,1,2000,0.37670684479735794,0.00502548256890135,50.0,1.0,False
env,val,tail_b2.0_mu1.0_c1.0,50,64,5361000,0.75,4.0,0.0,1,2000,0.37670684479735794,0.00502548256890135,50.0,1.0,False
env,val,tail_b2.0_mu1.0_c1.0,50,64,5361000,0.75,3.0,8.0,1,2000,0.37670684479735794,0.00502548256890135,50.0,1.0,False
env,val,tail_b2.0_mu1.0_c1.0,50,64,5361000,0.75,4.0,2.0,1,2000,0.37670684479735794,0.00502548256890135,50.0,1.0,False
env,val,tail_b2.0_mu1.0_c1.0,50,64,5361000,0.75,4.0,1.0,1,2000,0.37670684479735794,0.00502548256890135,50.0,1.0,False
env,val,tail_b2.0_mu1.0_c1.0,50,64,5361000,0.75,6.0,0.0,1,2000,0.37670684479735794,0.00502548256890135,50.0,1.0,False
env,val,tail_b2.0_mu1.0_c1.0,50,64,5361000,0.75,4.0,4.0,1,2000,0.37670684479735794,0.00502548256890135,50.0,1.0,False
env,val,tail_b2.0_mu1.0_c1.0,50,64,5361000,0.75,4.0,8.0,1,2000,0.37670684479735794,0.00502548256890135,50.0,1.0,False
env,val,tail_b2.0_mu1.0_c1.0,100,64,5364000,0.5,1.0,0.0,1,2000,0.2021598234176636,0.003342655080550573,10.0,0.08163265306122448,False
env,val,tail_b2.0_mu1.0_c1.0,50,64,5361000,0.75,6.0,2.0,1,2000,0.37670684479735794,0.00502548256890135,50.0,1.0,False
env,val,tail_b2.0_mu1.0_c1.0,50,64,5361000,0.75,6.0,1.0,1,2000,0.37670684479735794,0.00502548256890135,50.0,1.0,False
env,val,tail_b2.0_mu1.0_c1.0,50,64,5361000,0.75,6.0,4.0,1,2000,0.37670684479735794,0.00502548256890135,50.0,1.0,False
env,val,tail_b2.0_mu1.0_c1.0,50,64,5361000,0.75,6.0,8.0,1,2000,0.37670684479735794,0.00502548256890135,50.0,1.0,False
env,val,tail_b2.0_mu1.0_c1.0,100,64,5364000,0.5,2.0,0.0,1,2000,0.1475333776921034,0.0028906591101894434,20.0,0.1836734693877551,False
env,val,tail_b2.0_mu1.0_c1.0,100,64,5364000,0.5,1.0,1.0,1,2000,0.1475333776921034,0.0028906591101894434,20.0,0.1836734693877551,False
env,val,tail_b2.0_mu1.0_c1.0,100,64,5364000,0.5,1.0,2.0,1,2000,0.12375228233635426,0.002689743201093486,30.0,0.2857142857142856,False
env,val,tail_b2.0_mu1.0_c1.0,100,64,5364000,0.5,3.0,0.0,1,2000,0.12375228233635426,0.002689743201093486,30.0,0.2857142857142856,False
env,val,tail_b2.0_mu1.0_c1.0,100,64,5364000,0.5,1.0,4.0,1,2000,0.11285492518544198,0.0026363929505647033,50.0,0.48979591836734687,False
env,val,tail_b2.0_mu1.0_c1.0,100,64,5364000,0.5,2.0,1.0,1,2000,0.11269296289980411,0.0025891609774717603,40.0,0.38775510204081615,False
env,val,tail_b2.0_mu1.0_c1.0,100,64,5364000,0.5,2.0,2.0,1,2000,0.12225561608374119,0.0027716788499433645,60.0,0.5918367346938778,False
env,val,tail_b2.0_mu1.0_c1.0,100,64,5364000,0.5,1.0,8.0,1,2000,0.13054720022529365,0.0029099208967768367,64.0,0.6326530612244898,False
env,val,tail_b2.0_mu1.0_c1.0,100,64,5364000,0.5,2.0,4.0,1,2000,0.13027055185288192,0.0029054418061840513,64.0,0.6326530612244898,False
env,val,tail_b2.0_mu1.0_c1.0,100,64,5364000,0.5,2.0,8.0,1,2000,0.13027055185288192,0.0029054418061840513,64.0,0.6326530612244898,False
env,val,tail_b2.0_mu1.0_c1.0,100,64,5364000,0.5,3.0,1.0,1,2000,0.12225008551776409,0.0027717953586894185,60.0,0.5918367346938778,False
env,val,tail_b2.0_mu1.0_c1.0,100,64,5364000,0.5,3.0,2.0,1,2000,0.13027055185288192,0.0029054418061840513,64.0,0.6326530612244898,False
env,val,tail_b2.0_mu1.0_c1.0,100,64,5364000,0.5,4.0,0.0,1,2000,0.11269296289980411,0.0025891609774717603,40.0,0.38775510204081615,False
env,val,tail_b2.0_mu1.0_c1.0,100,64,5364000,0.5,3.0,4.0,1,2000,0.13027055185288192,0.0029054418061840513,64.0,0.6326530612244898,False
env,val,tail_b2.0_mu1.0_c1.0,100,64,5364000,0.5,3.0,8.0,1,2000,0.13027055185288192,0.0029054418061840513,64.0,0.6326530612244898,False
env,val,tail_b2.0_mu1.0_c1.0,100,64,5364000,0.5,4.0,1.0,1,2000,0.13027055185288192,0.0029054418061840513,64.0,0.6326530612244898,False
env,val,tail_b2.0_mu1.0_c1.0,100,64,5364000,0.5,6.0,0.0,1,2000,0.12225008551776409,0.0027717953586894185,60.0,0.5918367346938778,False
env,val,tail_b2.0_mu1.0_c1.0,100,64,5364000,0.5,4.0,2.0,1,2000,0.13027055185288192,0.0029054418061840513,64.0,0.6326530612244898,False
env,val,tail_b2.0_mu1.0_c1.0,100,64,5364000,0.75,1.0,0.0,1,2000,0.11977902334928513,0.002634866087080709,32.0,0.3061224489795918,False
env,val,tail_b2.0_mu1.0_c1.0,100,64,5364000,0.5,4.0,4.0,1,2000,0.13027055185288192,0.0029054418061840513,64.0,0.6326530612244898,False
env,val,tail_b2.0_mu1.0_c1.0,100,64,5364000,0.5,4.0,8.0,1,2000,0.13027055185288192,0.0029054418061840513,64.0,0.6326530612244898,False
env,val,tail_b2.0_mu1.0_c1.0,100,64,5364000,0.5,6.0,1.0,1,2000,0.13027055185288192,0.0029054418061840513,64.0,0.6326530612244898,False
env,val,tail_b2.0_mu1.0_c1.0,100,64,5364000,0.5,6.0,2.0,1,2000,0.13027055185288192,0.0029054418061840513,64.0,0.6326530612244898,False
env,val,tail_b2.0_mu1.0_c1.0,100,64,5364000,0.5,6.0,4.0,1,2000,0.13027055185288192,0.0029054418061840513,64.0,0.6326530612244898,False
env,val,tail_b2.0_mu1.0_c1.0,100,64,5364000,0.5,6.0,8.0,1,2000,0.13027055185288192,0.0029054418061840513,64.0,0.6326530612244898,False
env,val,tail_b2.0_mu1.0_c1.0,100,64,5364000,0.75,1.0,2.0,1,2000,0.13027055185288192,0.0029054418061840513,64.0,0.6326530612244898,False
env,val,tail_b2.0_mu1.0_c1.0,100,64,5364000,0.75,1.0,1.0,1,2000,0.12774745383113623,0.00289419475472832,63.0,0.6224489795918368,False
env,val,tail_b2.0_mu1.0_c1.0,100,64,5364000,0.75,2.0,0.0,1,2000,0.13027055185288192,0.0029054418061840513,64.0,0.6326530612244898,False
env,val,tail_b2.0_mu1.0_c1.0,100,64,5364000,0.75,1.0,4.0,1,2000,0.13027055185288192,0.0029054418061840513,64.0,0.6326530612244898,False
env,val,tail_b2.0_mu1.0_c1.0,100,64,5364000,0.75,1.0,8.0,1,2000,0.13027055185288192,0.0029054418061840513,64.0,0.6326530612244898,False
env,val,tail_b2.0_mu1.0_c1.0,100,64,5364000,0.75,3.0,0.0,1,2000,0.13027055185288192,0.0029054418061840513,64.0,0.6326530612244898,False
env,val,tail_b2.0_mu1.0_c1.0,100,64,5364000,0.75,2.0,1.0,1,2000,0.13027055185288192,0.0029054418061840513,64.0,0.6326530612244898,False
env,val,tail_b2.0_mu1.0_c1.0,100,64,5364000,0.75,2.0,4.0,1,2000,0.13027055185288192,0.0029054418061840513,64.0,0.6326530612244898,False
env,val,tail_b2.0_mu1.0_c1.0,100,64,5364000,0.75,2.0,2.0,1,2000,0.13027055185288192,0.0029054418061840513,64.0,0.6326530612244898,False
env,val,tail_b2.0_mu1.0_c1.0,100,64,5364000,0.75,2.0,8.0,1,2000,0.13027055185288192,0.0029054418061840513,64.0,0.6326530612244898,False
env,val,tail_b2.0_mu1.0_c1.0,100,64,5364000,0.75,3.0,1.0,1,2000,0.13027055185288192,0.0029054418061840513,64.0,0.6326530612244898,False
env,val,tail_b2.0_mu1.0_c1.0,100,64,5364000,0.75,3.0,2.0,1,2000,0.13027055185288192,0.0029054418061840513,64.0,0.6326530612244898,False
env,val,tail_b2.0_mu1.0_c1.0,100,64,5364000,0.75,4.0,0.0,1,2000,0.13027055185288192,0.0029054418061840513,64.0,0.6326530612244898,False
env,val,tail_b2.0_mu1.0_c1.0,100,64,5364000,0.75,3.0,8.0,1,2000,0.13027055185288192,0.0029054418061840513,64.0,0.6326530612244898,False
env,val,tail_b2.0_mu1.0_c1.0,100,64,5364000,0.75,3.0,4.0,1,2000,0.13027055185288192,0.0029054418061840513,64.0,0.6326530612244898,False
env,val,tail_b2.0_mu1.0_c1.0,100,64,5364000,0.75,4.0,1.0,1,2000,0.13027055185288192,0.0029054418061840513,64.0,0.6326530612244898,False
env,val,tail_b2.0_mu1.0_c1.0,100,64,5364000,0.75,6.0,0.0,1,2000,0.13027055185288192,0.0029054418061840513,64.0,0.6326530612244898,False
env,val,tail_b2.0_mu1.0_c1.0,100,64,5364000,0.75,4.0,2.0,1,2000,0.13027055185288192,0.0029054418061840513,64.0,0.6326530612244898,False
env,val,tail_b2.0_mu1.0_c1.0,100,64,5364000,0.75,4.0,8.0,1,2000,0.13027055185288192,0.0029054418061840513,64.0,0.6326530612244898,False
env,val,tail_b2.0_mu1.0_c1.0,100,64,5364000,0.75,4.0,4.0,1,2000,0.13027055185288192,0.0029054418061840513,64.0,0.6326530612244898,False
env,val,tail_b2.0_mu1.0_c1.0,100,64,5364000,0.75,6.0,1.0,1,2000,0.13027055185288192,0.0029054418061840513,64.0,0.6326530612244898,False
env,val,tail_b2.0_mu1.0_c1.0,100,64,5364000,0.75,6.0,2.0,1,2000,0.13027055185288192,0.0029054418061840513,64.0,0.6326530612244898,False
env,val,tail_b2.0_mu1.0_c1.0,200,64,5367000,0.5,1.0,0.0,1,2000,0.17408314321935175,0.002788270009445419,15.0,0.06565656565656565,False
env,val,tail_b2.0_mu1.0_c1.0,100,64,5364000,0.75,6.0,4.0,1,2000,0.13027055185288192,0.0029054418061840513,64.0,0.6326530612244898,False
env,val,tail_b2.0_mu1.0_c1.0,100,64,5364000,0.75,6.0,8.0,1,2000,0.13027055185288192,0.0029054418061840513,64.0,0.6326530612244898,False
env,val,tail_b2.0_mu1.0_c1.0,200,64,5367000,0.5,1.0,1.0,1,2000,0.1233025114685297,0.002356723401697219,28.0,0.1313131313131313,False
env,val,tail_b2.0_mu1.0_c1.0,200,64,5367000,0.5,2.0,0.0,1,2000,0.12170306591689586,0.002328992187506235,29.0,0.1363636363636363,False
env,val,tail_b2.0_mu1.0_c1.0,200,64,5367000,0.5,1.0,2.0,1,2000,0.10396805819869041,0.0021587815461512273,42.0,0.20202020202020202,False
env,val,tail_b2.0_mu1.0_c1.0,200,64,5367000,0.5,1.0,4.0,1,2000,0.08542088632285595,0.0020143730104065206,64.0,0.31313131313131315,False
env,val,tail_b2.0_mu1.0_c1.0,200,64,5367000,0.5,3.0,0.0,1,2000,0.10302713176608086,0.0021539425810807437,43.0,0.20707070707070716,False
env,val,tail_b2.0_mu1.0_c1.0,200,64,5367000,0.5,1.0,8.0,1,2000,0.08542088632285595,0.0020143730104065206,64.0,0.31313131313131315,False
env,val,tail_b2.0_mu1.0_c1.0,200,64,5367000,0.5,2.0,1.0,1,2000,0.09134391692280769,0.0020804455580712266,57.0,0.2777777777777778,False
env,val,tail_b2.0_mu1.0_c1.0,200,64,5367000,0.5,2.0,2.0,1,2000,0.08542088632285595,0.0020143730104065206,64.0,0.31313131313131315,False
env,val,tail_b2.0_mu1.0_c1.0,200,64,5367000,0.5,2.0,4.0,1,2000,0.08542088632285595,0.0020143730104065206,64.0,0.31313131313131315,False
env,val,tail_b2.0_mu1.0_c1.0,200,64,5367000,0.5,2.0,8.0,1,2000,0.08542088632285595,0.0020143730104065206,64.0,0.31313131313131315,False
env,val,tail_b2.0_mu1.0_c1.0,200,64,5367000,0.5,3.0,1.0,1,2000,0.08542088632285595,0.0020143730104065206,64.0,0.31313131313131315,False
env,val,tail_b2.0_mu1.0_c1.0,200,64,5367000,0.5,3.0,2.0,1,2000,0.08542088632285595,0.0020143730104065206,64.0,0.31313131313131315,False
env,val,tail_b2.0_mu1.0_c1.0,200,64,5367000,0.5,3.0,4.0,1,2000,0.08542088632285595,0.0020143730104065206,64.0,0.31313131313131315,False
env,val,tail_b2.0_mu1.0_c1.0,200,64,5367000,0.5,4.0,0.0,1,2000,0.09134391692280769,0.0020804455580712266,57.0,0.2777777777777778,False
env,val,tail_b2.0_mu1.0_c1.0,200,64,5367000,0.5,3.0,8.0,1,2000,0.08542088632285595,0.0020143730104065206,64.0,0.31313131313131315,False
env,val,tail_b2.0_mu1.0_c1.0,200,64,5367000,0.5,6.0,0.0,1,2000,0.08542088632285595,0.0020143730104065206,64.0,0.31313131313131315,False
env,val,tail_b2.0_mu1.0_c1.0,200,64,5367000,0.5,4.0,1.0,1,2000,0.08542088632285595,0.0020143730104065206,64.0,0.31313131313131315,False
env,val,tail_b2.0_mu1.0_c1.0,200,64,5367000,0.5,4.0,2.0,1,2000,0.08542088632285595,0.0020143730104065206,64.0,0.31313131313131315,False
env,val,tail_b2.0_mu1.0_c1.0,200,64,5367000,0.5,4.0,4.0,1,2000,0.08542088632285595,0.0020143730104065206,64.0,0.31313131313131315,False
env,val,tail_b2.0_mu1.0_c1.0,200,64,5367000,0.5,4.0,8.0,1,2000,0.08542088632285595,0.0020143730104065206,64.0,0.31313131313131315,False
env,val,tail_b2.0_mu1.0_c1.0,200,64,5367000,0.75,1.0,0.0,1,2000,0.09367959135770798,0.0020912321287921984,54.0,0.2626262626262626,False
env,val,tail_b2.0_mu1.0_c1.0,200,64,5367000,0.5,6.0,1.0,1,2000,0.08542088632285595,0.0020143730104065206,64.0,0.31313131313131315,False
env,val,tail_b2.0_mu1.0_c1.0,200,64,5367000,0.5,6.0,2.0,1,2000,0.08542088632285595,0.0020143730104065206,64.0,0.31313131313131315,False
env,val,tail_b2.0_mu1.0_c1.0,200,64,5367000,0.5,6.0,4.0,1,2000,0.08542088632285595,0.0020143730104065206,64.0,0.31313131313131315,False
env,val,tail_b2.0_mu1.0_c1.0,200,64,5367000,0.5,6.0,8.0,1,2000,0.08542088632285595,0.0020143730104065206,64.0,0.31313131313131315,False
env,val,tail_b2.0_mu1.0_c1.0,200,64,5367000,0.75,1.0,1.0,1,2000,0.08542088632285595,0.0020143730104065206,64.0,0.31313131313131315,False
env,val,tail_b2.0_mu1.0_c1.0,200,64,5367000,0.75,1.0,2.0,1,2000,0.08542088632285595,0.0020143730104065206,64.0,0.31313131313131315,False
env,val,tail_b2.0_mu1.0_c1.0,200,64,5367000,0.75,2.0,0.0,1,2000,0.08542088632285595,0.0020143730104065206,64.0,0.31313131313131315,False
env,val,tail_b2.0_mu1.0_c1.0,200,64,5367000,0.75,1.0,4.0,1,2000,0.08542088632285595,0.0020143730104065206,64.0,0.31313131313131315,False
env,val,tail_b2.0_mu1.0_c1.0,200,64,5367000,0.75,3.0,0.0,1,2000,0.08542088632285595,0.0020143730104065206,64.0,0.31313131313131315,False
env,val,tail_b2.0_mu1.0_c1.0,200,64,5367000,0.75,1.0,8.0,1,2000,0.08542088632285595,0.0020143730104065206,64.0,0.31313131313131315,False
env,val,tail_b2.0_mu1.0_c1.0,200,64,5367000,0.75,2.0,1.0,1,2000,0.08542088632285595,0.0020143730104065206,64.0,0.31313131313131315,False
env,val,tail_b2.0_mu1.0_c1.0,200,64,5367000,0.75,2.0,2.0,1,2000,0.08542088632285595,0.0020143730104065206,64.0,0.31313131313131315,False
env,val,tail_b2.0_mu1.0_c1.0,200,64,5367000,0.75,2.0,4.0,1,2000,0.08542088632285595,0.0020143730104065206,64.0,0.31313131313131315,False
env,val,tail_b2.0_mu1.0_c1.0,200,64,5367000,0.75,2.0,8.0,1,2000,0.08542088632285595,0.0020143730104065206,64.0,0.31313131313131315,False
env,val,tail_b2.0_mu1.0_c1.0,200,64,5367000,0.75,3.0,1.0,1,2000,0.08542088632285595,0.0020143730104065206,64.0,0.31313131313131315,False
env,val,tail_b2.0_mu1.0_c1.0,200,64,5367000,0.75,3.0,2.0,1,2000,0.08542088632285595,0.0020143730104065206,64.0,0.31313131313131315,False
env,val,tail_b2.0_mu1.0_c1.0,200,64,5367000,0.75,3.0,4.0,1,2000,0.08542088632285595,0.0020143730104065206,64.0,0.31313131313131315,False
env,val,tail_b2.0_mu1.0_c1.0,200,64,5367000,0.75,4.0,0.0,1,2000,0.08542088632285595,0.0020143730104065206,64.0,0.31313131313131315,False
env,val,tail_b2.0_mu1.0_c1.0,200,64,5367000,0.75,3.0,8.0,1,2000,0.08542088632285595,0.0020143730104065206,64.0,0.31313131313131315,False
env,val,tail_b8.0_mu1.0_c1.0,50,64,5466000,0.5,1.0,0.0,1,2000,0.19088124905433507,0.0028475000228854633,8.0,0.125,False
env,val,tail_b8.0_mu1.0_c1.0,50,64,5466000,0.5,1.0,1.0,1,2000,0.18090760435943956,0.0028555766566927274,14.0,0.25,False
env,val,tail_b2.0_mu1.0_c1.0,200,64,5367000,0.75,6.0,0.0,1,2000,0.08542088632285595,0.0020143730104065206,64.0,0.31313131313131315,False
env,val,tail_b2.0_mu1.0_c1.0,200,64,5367000,0.75,4.0,4.0,1,2000,0.08542088632285595,0.0020143730104065206,64.0,0.31313131313131315,False
env,val,tail_b2.0_mu1.0_c1.0,200,64,5367000,0.75,4.0,1.0,1,2000,0.08542088632285595,0.0020143730104065206,64.0,0.31313131313131315,False
env,val,tail_b2.0_mu1.0_c1.0,200,64,5367000,0.75,4.0,2.0,1,2000,0.08542088632285595,0.0020143730104065206,64.0,0.31313131313131315,False
env,val,tail_b8.0_mu1.0_c1.0,50,64,5466000,0.5,1.0,2.0,1,2000,0.18046346663241275,0.0028639222486876773,21.0,0.39583333333333326,False
env,val,tail_b2.0_mu1.0_c1.0,200,64,5367000,0.75,4.0,8.0,1,2000,0.08542088632285595,0.0020143730104065206,64.0,0.31313131313131315,False
env,val,tail_b8.0_mu1.0_c1.0,50,64,5466000,0.5,2.0,0.0,1,2000,0.18233202422235625,0.0028782090805023496,15.0,0.27083333333333337,False
env,val,tail_b2.0_mu1.0_c1.0,200,64,5367000,0.75,6.0,1.0,1,2000,0.08542088632285595,0.0020143730104065206,64.0,0.31313131313131315,False
env,val,tail_b8.0_mu1.0_c1.0,50,64,5466000,0.5,1.0,4.0,1,2000,0.17543438317708204,0.002863584034296116,34.945,0.6863541666666666,False
env,val,tail_b8.0_mu1.0_c1.0,50,64,5466000,0.5,1.0,8.0,1,2000,0.2242587506462587,0.0029758695793243085,48.866,0.976375,False
env,val,tail_b2.0_mu1.0_c1.0,200,64,5367000,0.75,6.0,2.0,1,2000,0.08542088632285595,0.0020143730104065206,64.0,0.31313131313131315,False
env,val,tail_b8.0_mu1.0_c1.0,50,64,5466000,0.5,2.0,1.0,1,2000,0.17934903688996565,0.0028798263474759207,27.995,0.5415625000000002,False
env,val,tail_b2.0_mu1.0_c1.0,200,64,5367000,0.75,6.0,4.0,1,2000,0.08542088632285595,0.0020143730104065206,64.0,0.31313131313131315,False
env,val,tail_b8.0_mu1.0_c1.0,50,64,5466000,0.5,3.0,0.0,1,2000,0.18065420114737935,0.002860758537488171,22.0,0.41666666666666674,False
env,val,tail_b8.0_mu1.0_c1.0,50,64,5466000,0.5,2.0,2.0,1,2000,0.1748659061313374,0.0028748447206356506,41.8585,0.8303854166666669,False
env,val,tail_b8.0_mu1.0_c1.0,50,64,5466000,0.5,2.0,4.0,1,2000,0.22427229290956166,0.0029808803622924027,49.4125,0.9877604166666667,False
env,val,tail_b2.0_mu1.0_c1.0,200,64,5367000,0.75,6.0,8.0,1,2000,0.08542088632285595,0.0020143730104065206,64.0,0.31313131313131315,False
env,val,tail_b8.0_mu1.0_c1.0,50,64,5466000,0.5,2.0,8.0,1,2000,0.22449865323142149,0.002986762549568145,49.5925,0.9915104166666667,False
env,val,tail_b8.0_mu1.0_c1.0,50,64,5466000,0.5,3.0,1.0,1,2000,0.17448728652566206,0.0028792389080200187,41.9065,0.8313854166666668,False
env,val,tail_b8.0_mu1.0_c1.0,50,64,5466000,0.5,3.0,2.0,1,2000,0.22422112308756914,0.0029881330227211358,49.6825,0.9933854166666667,False
env,val,tail_b8.0_mu1.0_c1.0,50,64,5466000,0.5,3.0,4.0,1,2000,0.22465587502601556,0.002987069748218037,49.7725,0.9952604166666666,False
env,val,tail_b8.0_mu1.0_c1.0,50,64,5466000,0.5,4.0,0.0,1,2000,0.17832037094573025,0.0028794396502613796,29.0,0.5625,False
env,val,tail_b8.0_mu1.0_c1.0,50,64,5466000,0.5,3.0,8.0,1,2000,0.2245223850493785,0.002981646466932525,49.847,0.9968125,False
env,val,tail_b8.0_mu1.0_c1.0,50,64,5466000,0.5,4.0,2.0,1,2000,0.2246103573401924,0.0029849922348040656,49.876,0.9974166666666666,False
env,val,tail_b8.0_mu1.0_c1.0,50,64,5466000,0.5,4.0,1.0,1,2000,0.22470141832099763,0.002986654541322873,49.8245,0.99634375,False
env,val,tail_b8.0_mu1.0_c1.0,50,64,5466000,0.5,6.0,0.0,1,2000,0.17692730508535168,0.002882528275959621,43.0,0.8541666666666665,False
env,val,tail_b8.0_mu1.0_c1.0,50,64,5466000,0.5,4.0,8.0,1,2000,0.22479527437407523,0.0029776709285956496,49.9415,0.99878125,False
env,val,tail_b8.0_mu1.0_c1.0,50,64,5466000,0.5,4.0,4.0,1,2000,0.22447733150213026,0.002979951232762273,49.914,0.9982083333333333,False
env,val,tail_b8.0_mu1.0_c1.0,50,64,5466000,0.75,1.0,0.0,1,2000,0.17931277187005618,0.0028719582833791097,19.0,0.3541666666666667,False
env,val,tail_b8.0_mu1.0_c1.0,50,64,5466000,0.5,6.0,1.0,1,2000,0.22468188815843315,0.002981881359788991,49.9815,0.9996145833333333,False
env,val,tail_b8.0_mu1.0_c1.0,50,64,5466000,0.5,6.0,8.0,1,2000,0.22480389812309295,0.002981468949188576,49.9945,0.9998854166666666,False
env,val,tail_b8.0_mu1.0_c1.0,50,64,5466000,0.5,6.0,4.0,1,2000,0.22480389812309295,0.002981468949188576,49.99,0.9997916666666667,False
env,val,tail_b8.0_mu1.0_c1.0,50,64,5466000,0.5,6.0,2.0,1,2000,0.22468188815843315,0.002981881359788991,49.9855,0.9996979166666666,False
env,val,tail_b8.0_mu1.0_c1.0,50,64,5466000,0.75,1.0,1.0,1,2000,0.17512072091235314,0.002838381618881112,37.9365,0.7486770833333333,False
env,val,tail_b8.0_mu1.0_c1.0,50,64,5466000,0.75,1.0,4.0,1,2000,0.22466127503546887,0.0029867795162041868,49.6865,0.99346875,False
env,val,tail_b8.0_mu1.0_c1.0,50,64,5466000,0.75,1.0,2.0,1,2000,0.22339494647446553,0.002989084206343687,49.5185,0.98996875,False
env,val,tail_b8.0_mu1.0_c1.0,50,64,5466000,0.75,1.0,8.0,1,2000,0.22460119436657988,0.002981438392937152,49.7825,0.99546875,False
env,val,tail_b8.0_mu1.0_c1.0,50,64,5466000,0.75,2.0,0.0,1,2000,0.17386866740742699,0.0028211512962895728,38.0,0.75,False
env,val,tail_b8.0_mu1.0_c1.0,50,64,5466000,0.75,2.0,2.0,1,2000,0.22455337953660637,0.002982319829224513,49.9705,0.9993854166666667,False
env,val,tail_b8.0_mu1.0_c1.0,50,64,5466000,0.75,2.0,1.0,1,2000,0.2245224050541874,0.00298251648698343,49.9615,0.9991979166666666,False
env,val,tail_b8.0_mu1.0_c1.0,50,64,5466000,0.75,2.0,4.0,1,2000,0.22468188815843315,0.002981881359788991,49.981,0.9996041666666666,False
env,val,tail_b8.0_mu1.0_c1.0,50,64,5466000,0.75,2.0,8.0,1,2000,0.22480389812309295,0.002981468949188576,49.987,0.9997291666666667,False
env,val,tail_b8.0_mu1.0_c1.0,50,64,5466000,0.75,4.0,0.0,1,2000,0.22480389812309295,0.002981468949188576,50.0,1.0,False
env,val,tail_b8.0_mu1.0_c1.0,50,64,5466000,0.75,3.0,1.0,1,2000,0.22480389812309295,0.002981468949188576,50.0,1.0,False
env,val,tail_b8.0_mu1.0_c1.0,50,64,5466000,0.75,3.0,2.0,1,2000,0.22480389812309295,0.002981468949188576,50.0,1.0,False
env,val,tail_b8.0_mu1.0_c1.0,50,64,5466000,0.75,3.0,4.0,1,2000,0.22480389812309295,0.002981468949188576,50.0,1.0,False
env,val,tail_b8.0_mu1.0_c1.0,50,64,5466000,0.75,3.0,0.0,1,2000,0.22480389812309295,0.002981468949188576,50.0,1.0,False
env,val,tail_b8.0_mu1.0_c1.0,50,64,5466000,0.75,3.0,8.0,1,2000,0.22480389812309295,0.002981468949188576,50.0,1.0,False
env,val,tail_b8.0_mu1.0_c1.0,50,64,5466000,0.75,4.0,2.0,1,2000,0.22480389812309295,0.002981468949188576,50.0,1.0,False
env,val,tail_b8.0_mu1.0_c1.0,50,64,5466000,0.75,4.0,1.0,1,2000,0.22480389812309295,0.002981468949188576,50.0,1.0,False
env,val,tail_b8.0_mu1.0_c1.0,50,64,5466000,0.75,4.0,4.0,1,2000,0.22480389812309295,0.002981468949188576,50.0,1.0,False
env,val,tail_b8.0_mu1.0_c1.0,50,64,5466000,0.75,6.0,1.0,1,2000,0.22480389812309295,0.002981468949188576,50.0,1.0,False
env,val,tail_b8.0_mu1.0_c1.0,100,64,5469000,0.5,1.0,0.0,1,2000,0.21135186132602393,0.0029385513484124206,10.0,0.08163265306122448,False
env,val,tail_b8.0_mu1.0_c1.0,50,64,5466000,0.75,6.0,0.0,1,2000,0.22480389812309295,0.002981468949188576,50.0,1.0,False
env,val,tail_b8.0_mu1.0_c1.0,50,64,5466000,0.75,6.0,2.0,1,2000,0.22480389812309295,0.002981468949188576,50.0,1.0,False
env,val,tail_b8.0_mu1.0_c1.0,50,64,5466000,0.75,6.0,4.0,1,2000,0.22480389812309295,0.002981468949188576,50.0,1.0,False
env,val,tail_b8.0_mu1.0_c1.0,50,64,5466000,0.75,4.0,8.0,1,2000,0.22480389812309295,0.002981468949188576,50.0,1.0,False
env,val,tail_b8.0_mu1.0_c1.0,50,64,5466000,0.75,6.0,8.0,1,2000,0.22480389812309295,0.002981468949188576,50.0,1.0,False
env,val,tail_b8.0_mu1.0_c1.0,100,64,5469000,0.5,1.0,1.0,1,2000,0.18481762602878735,0.0029061401274302454,20.0,0.1836734693877551,False
env,val,tail_b8.0_mu1.0_c1.0,100,64,5469000,0.5,1.0,2.0,1,2000,0.18008330119261517,0.0029411785605421162,30.0,0.2857142857142856,False
env,val,tail_b8.0_mu1.0_c1.0,100,64,5469000,0.5,2.0,0.0,1,2000,0.18481762602878735,0.0029061401274302454,20.0,0.1836734693877551,False
env,val,tail_b8.0_mu1.0_c1.0,100,64,5469000,0.5,3.0,0.0,1,2000,0.18008330119261517,0.0029411785605421162,30.0,0.2857142857142856,False
env,val,tail_b8.0_mu1.0_c1.0,100,64,5469000,0.5,1.0,4.0,1,2000,0.1884306801976636,0.003004598000646053,50.0,0.48979591836734687,False
env,val,tail_b8.0_mu1.0_c1.0,100,64,5469000,0.5,1.0,8.0,1,2000,0.18153735994827003,0.0029756927159126528,64.0,0.6326530612244898,False
env,val,tail_b8.0_mu1.0_c1.0,100,64,5469000,0.5,2.0,1.0,1,2000,0.18079508875368627,0.00292870263300773,40.0,0.38775510204081615,False
env,val,tail_b8.0_mu1.0_c1.0,100,64,5469000,0.5,2.0,2.0,1,2000,0.18376843335386367,0.0029887520984725304,60.0,0.5918367346938778,False
env,val,tail_b8.0_mu1.0_c1.0,100,64,5469000,0.5,3.0,1.0,1,2000,0.18376843335386367,0.0029887520984725304,60.0,0.5918367346938778,False
env,val,tail_b8.0_mu1.0_c1.0,100,64,5469000,0.5,2.0,4.0,1,2000,0.18155210494529456,0.002975279221785268,64.0,0.6326530612244898,False
env,val,tail_b8.0_mu1.0_c1.0,100,64,5469000,0.5,2.0,8.0,1,2000,0.18155210494529456,0.002975279221785268,64.0,0.6326530612244898,False
env,val,tail_b8.0_mu1.0_c1.0,100,64,5469000,0.5,3.0,2.0,1,2000,0.18155210494529456,0.002975279221785268,64.0,0.6326530612244898,False
env,val,tail_b8.0_mu1.0_c1.0,100,64,5469000,0.5,4.0,0.0,1,2000,0.18079508875368627,0.00292870263300773,40.0,0.38775510204081615,False
env,val,tail_b8.0_mu1.0_c1.0,100,64,5469000,0.5,3.0,4.0,1,2000,0.18155210494529456,0.002975279221785268,64.0,0.6326530612244898,False
env,val,tail_b8.0_mu1.0_c1.0,100,64,5469000,0.5,3.0,8.0,1,2000,0.18155210494529456,0.002975279221785268,64.0,0.6326530612244898,False
env,val,tail_b8.0_mu1.0_c1.0,100,64,5469000,0.5,4.0,1.0,1,2000,0.18155210494529456,0.002975279221785268,64.0,0.6326530612244898,False
env,val,tail_b8.0_mu1.0_c1.0,100,64,5469000,0.5,4.0,2.0,1,2000,0.18155210494529456,0.002975279221785268,64.0,0.6326530612244898,False
env,val,tail_b8.0_mu1.0_c1.0,100,64,5469000,0.5,4.0,4.0,1,2000,0.18155210494529456,0.002975279221785268,64.0,0.6326530612244898,False
env,val,tail_b8.0_mu1.0_c1.0,100,64,5469000,0.5,6.0,0.0,1,2000,0.18376843335386367,0.0029887520984725304,60.0,0.5918367346938778,False
env,val,tail_b8.0_mu1.0_c1.0,100,64,5469000,0.75,1.0,0.0,1,2000,0.17971291725162883,0.0029373049504495064,32.0,0.3061224489795918,False
env,val,tail_b8.0_mu1.0_c1.0,100,64,5469000,0.5,4.0,8.0,1,2000,0.18155210494529456,0.002975279221785268,64.0,0.6326530612244898,False
env,val,tail_b8.0_mu1.0_c1.0,100,64,5469000,0.5,6.0,2.0,1,2000,0.18155210494529456,0.002975279221785268,64.0,0.6326530612244898,False
env,val,tail_b8.0_mu1.0_c1.0,100,64,5469000,0.5,6.0,4.0,1,2000,0.18155210494529456,0.002975279221785268,64.0,0.6326530612244898,False
env,val,tail_b8.0_mu1.0_c1.0,100,64,5469000,0.5,6.0,8.0,1,2000,0.18155210494529456,0.002975279221785268,64.0,0.6326530612244898,False
env,val,tail_b8.0_mu1.0_c1.0,100,64,5469000,0.5,6.0,1.0,1,2000,0.18155210494529456,0.002975279221785268,64.0,0.6326530612244898,False
env,val,tail_b8.0_mu1.0_c1.0,100,64,5469000,0.75,1.0,1.0,1,2000,0.1815818874714896,0.0029842319443682272,63.0,0.6224489795918368,False
env,val,tail_b8.0_mu1.0_c1.0,100,64,5469000,0.75,1.0,2.0,1,2000,0.18155210494529456,0.002975279221785268,64.0,0.6326530612244898,False
env,val,tail_b8.0_mu1.0_c1.0,100,64,5469000,0.75,2.0,0.0,1,2000,0.18155210494529456,0.002975279221785268,64.0,0.6326530612244898,False
env,val,tail_b8.0_mu1.0_c1.0,100,64,5469000,0.75,1.0,4.0,1,2000,0.18155210494529456,0.002975279221785268,64.0,0.6326530612244898,False
env,val,tail_b8.0_mu1.0_c1.0,100,64,5469000,0.75,1.0,8.0,1,2000,0.18155210494529456,0.002975279221785268,64.0,0.6326530612244898,False
env,val,tail_b8.0_mu1.0_c1.0,100,64,5469000,0.75,2.0,2.0,1,2000,0.18155210494529456,0.002975279221785268,64.0,0.6326530612244898,False
env,val,tail_b8.0_mu1.0_c1.0,100,64,5469000,0.75,2.0,1.0,1,2000,0.18155210494529456,0.002975279221785268,64.0,0.6326530612244898,False
env,val,tail_b8.0_mu1.0_c1.0,100,64,5469000,0.75,3.0,0.0,1,2000,0.18155210494529456,0.002975279221785268,64.0,0.6326530612244898,False
env,val,tail_b8.0_mu1.0_c1.0,100,64,5469000,0.75,2.0,4.0,1,2000,0.18155210494529456,0.002975279221785268,64.0,0.6326530612244898,False
env,val,tail_b8.0_mu1.0_c1.0,100,64,5469000,0.75,2.0,8.0,1,2000,0.18155210494529456,0.002975279221785268,64.0,0.6326530612244898,False
env,val,tail_b8.0_mu1.0_c1.0,100,64,5469000,0.75,3.0,1.0,1,2000,0.18155210494529456,0.002975279221785268,64.0,0.6326530612244898,False
env,val,tail_b8.0_mu1.0_c1.0,100,64,5469000,0.75,3.0,2.0,1,2000,0.18155210494529456,0.002975279221785268,64.0,0.6326530612244898,False
env,val,tail_b8.0_mu1.0_c1.0,100,64,5469000,0.75,3.0,4.0,1,2000,0.18155210494529456,0.002975279221785268,64.0,0.6326530612244898,False
env,val,tail_b8.0_mu1.0_c1.0,100,64,5469000,0.75,4.0,0.0,1,2000,0.18155210494529456,0.002975279221785268,64.0,0.6326530612244898,False
env,val,tail_b8.0_mu1.0_c1.0,100,64,5469000,0.75,3.0,8.0,1,2000,0.18155210494529456,0.002975279221785268,64.0,0.6326530612244898,False
env,val,tail_b8.0_mu1.0_c1.0,100,64,5469000,0.75,4.0,1.0,1,2000,0.18155210494529456,0.002975279221785268,64.0,0.6326530612244898,False
env,val,tail_b8.0_mu1.0_c1.0,100,64,5469000,0.75,6.0,0.0,1,2000,0.18155210494529456,0.002975279221785268,64.0,0.6326530612244898,False
env,val,tail_b8.0_mu1.0_c1.0,100,64,5469000,0.75,4.0,2.0,1,2000,0.18155210494529456,0.002975279221785268,64.0,0.6326530612244898,False
env,val,tail_b8.0_mu1.0_c1.0,100,64,5469000,0.75,4.0,4.0,1,2000,0.18155210494529456,0.002975279221785268,64.0,0.6326530612244898,False
env,val,tail_b8.0_mu1.0_c1.0,100,64,5469000,0.75,4.0,8.0,1,2000,0.18155210494529456,0.002975279221785268,64.0,0.6326530612244898,False
env,val,tail_b8.0_mu1.0_c1.0,200,64,5472000,0.5,1.0,0.0,1,2000,0.21102561123389751,0.002830998481532591,15.0,0.06565656565656565,False
env,val,tail_b8.0_mu1.0_c1.0,100,64,5469000,0.75,6.0,1.0,1,2000,0.18155210494529456,0.002975279221785268,64.0,0.6326530612244898,False
env,val,tail_b8.0_mu1.0_c1.0,100,64,5469000,0.75,6.0,8.0,1,2000,0.18155210494529456,0.002975279221785268,64.0,0.6326530612244898,False
env,val,tail_b8.0_mu1.0_c1.0,100,64,5469000,0.75,6.0,2.0,1,2000,0.18155210494529456,0.002975279221785268,64.0,0.6326530612244898,False
env,val,tail_b8.0_mu1.0_c1.0,100,64,5469000,0.75,6.0,4.0,1,2000,0.18155210494529456,0.002975279221785268,64.0,0.6326530612244898,False
env,val,tail_b8.0_mu1.0_c1.0,200,64,5472000,0.5,1.0,1.0,1,2000,0.18472700159065425,0.0028205263852845897,28.0,0.1313131313131313,False
env,val,tail_b8.0_mu1.0_c1.0,200,64,5472000,0.5,2.0,0.0,1,2000,0.18462876605428755,0.0028406219054349056,29.0,0.1363636363636363,False
env,val,tail_b8.0_mu1.0_c1.0,200,64,5472000,0.5,1.0,2.0,1,2000,0.17952848524786533,0.0028844400721067466,42.0,0.20202020202020202,False
env,val,tail_b8.0_mu1.0_c1.0,200,64,5472000,0.5,3.0,0.0,1,2000,0.17884172153286637,0.0028441099866821505,43.0,0.20707070707070716,False
env,val,tail_b8.0_mu1.0_c1.0,200,64,5472000,0.5,1.0,4.0,1,2000,0.18237264842540027,0.002940940306523523,64.0,0.31313131313131315,False
env,val,tail_b8.0_mu1.0_c1.0,200,64,5472000,0.5,1.0,8.0,1,2000,0.18237264842540027,0.002940940306523523,64.0,0.31313131313131315,False
env,val,tail_b8.0_mu1.0_c1.0,200,64,5472000,0.5,2.0,1.0,1,2000,0.18344535468891263,0.002912623086721888,57.0,0.2777777777777778,False
env,val,tail_b8.0_mu1.0_c1.0,200,64,5472000,0.5,2.0,2.0,1,2000,0.18237264842540027,0.002940940306523523,64.0,0.31313131313131315,False
env,val,tail_b8.0_mu1.0_c1.0,200,64,5472000,0.5,2.0,4.0,1,2000,0.18237264842540027,0.002940940306523523,64.0,0.31313131313131315,False
env,val,tail_b8.0_mu1.0_c1.0,200,64,5472000,0.5,2.0,8.0,1,2000,0.18237264842540027,0.002940940306523523,64.0,0.31313131313131315,False
env,val,tail_b8.0_mu1.0_c1.0,200,64,5472000,0.5,3.0,1.0,1,2000,0.18237264842540027,0.002940940306523523,64.0,0.31313131313131315,False
env,val,tail_b8.0_mu1.0_c1.0,200,64,5472000,0.5,3.0,2.0,1,2000,0.18237264842540027,0.002940940306523523,64.0,0.31313131313131315,False
env,val,tail_b8.0_mu1.0_c1.0,200,64,5472000,0.5,3.0,4.0,1,2000,0.18237264842540027,0.002940940306523523,64.0,0.31313131313131315,False
env,val,tail_b8.0_mu1.0_c1.0,200,64,5472000,0.5,4.0,0.0,1,2000,0.18344535468891263,0.002912623086721888,57.0,0.2777777777777778,False
env,val,tail_b8.0_mu1.0_c1.0,200,64,5472000,0.5,3.0,8.0,1,2000,0.18237264842540027,0.002940940306523523,64.0,0.31313131313131315,False
env,val,tail_b8.0_mu1.0_c1.0,200,64,5472000,0.5,6.0,0.0,1,2000,0.18237264842540027,0.002940940306523523,64.0,0.31313131313131315,False
env,val,tail_b8.0_mu1.0_c1.0,200,64,5472000,0.5,4.0,1.0,1,2000,0.18237264842540027,0.002940940306523523,64.0,0.31313131313131315,False
env,val,tail_b8.0_mu1.0_c1.0,200,64,5472000,0.5,4.0,2.0,1,2000,0.18237264842540027,0.002940940306523523,64.0,0.31313131313131315,False
env,val,tail_b8.0_mu1.0_c1.0,200,64,5472000,0.5,4.0,4.0,1,2000,0.18237264842540027,0.002940940306523523,64.0,0.31313131313131315,False
env,val,tail_b8.0_mu1.0_c1.0,200,64,5472000,0.5,4.0,8.0,1,2000,0.18237264842540027,0.002940940306523523,64.0,0.31313131313131315,False
env,val,tail_b8.0_mu1.0_c1.0,200,64,5472000,0.75,1.0,0.0,1,2000,0.18454644248727708,0.002896432814604914,54.0,0.2626262626262626,False
env,val,tail_b8.0_mu1.0_c1.0,200,64,5472000,0.5,6.0,1.0,1,2000,0.18237264842540027,0.002940940306523523,64.0,0.31313131313131315,False
env,val,tail_b8.0_mu1.0_c1.0,200,64,5472000,0.5,6.0,2.0,1,2000,0.18237264842540027,0.002940940306523523,64.0,0.31313131313131315,False
env,val,tail_b8.0_mu1.0_c1.0,200,64,5472000,0.5,6.0,4.0,1,2000,0.18237264842540027,0.002940940306523523,64.0,0.31313131313131315,False
env,val,tail_b8.0_mu1.0_c1.0,200,64,5472000,0.5,6.0,8.0,1,2000,0.18237264842540027,0.002940940306523523,64.0,0.31313131313131315,False
env,val,tail_b8.0_mu1.0_c1.0,200,64,5472000,0.75,1.0,1.0,1,2000,0.18237264842540027,0.002940940306523523,64.0,0.31313131313131315,False
env,val,tail_b8.0_mu1.0_c1.0,200,64,5472000,0.75,1.0,2.0,1,2000,0.18237264842540027,0.002940940306523523,64.0,0.31313131313131315,False
env,val,tail_b8.0_mu1.0_c1.0,200,64,5472000,0.75,2.0,0.0,1,2000,0.18237264842540027,0.002940940306523523,64.0,0.31313131313131315,False
env,val,tail_b8.0_mu1.0_c1.0,200,64,5472000,0.75,1.0,4.0,1,2000,0.18237264842540027,0.002940940306523523,64.0,0.31313131313131315,False
env,val,tail_b8.0_mu1.0_c1.0,200,64,5472000,0.75,1.0,8.0,1,2000,0.18237264842540027,0.002940940306523523,64.0,0.31313131313131315,False
env,val,tail_b8.0_mu1.0_c1.0,200,64,5472000,0.75,3.0,0.0,1,2000,0.18237264842540027,0.002940940306523523,64.0,0.31313131313131315,False
env,val,tail_b8.0_mu1.0_c1.0,200,64,5472000,0.75,2.0,1.0,1,2000,0.18237264842540027,0.002940940306523523,64.0,0.31313131313131315,False
env,val,tail_b8.0_mu1.0_c1.0,200,64,5472000,0.75,2.0,2.0,1,2000,0.18237264842540027,0.002940940306523523,64.0,0.31313131313131315,False
env,val,tail_b8.0_mu1.0_c1.0,200,64,5472000,0.75,2.0,4.0,1,2000,0.18237264842540027,0.002940940306523523,64.0,0.31313131313131315,False
env,val,tail_b8.0_mu1.0_c1.0,200,64,5472000,0.75,2.0,8.0,1,2000,0.18237264842540027,0.002940940306523523,64.0,0.31313131313131315,False
env,val,tail_b8.0_mu1.0_c1.0,200,64,5472000,0.75,3.0,2.0,1,2000,0.18237264842540027,0.002940940306523523,64.0,0.31313131313131315,False
env,val,tail_b8.0_mu1.0_c1.0,200,64,5472000,0.75,3.0,1.0,1,2000,0.18237264842540027,0.002940940306523523,64.0,0.31313131313131315,False
env,val,tail_b8.0_mu1.0_c1.0,200,64,5472000,0.75,4.0,0.0,1,2000,0.18237264842540027,0.002940940306523523,64.0,0.31313131313131315,False
env,val,tail_b8.0_mu1.0_c1.0,200,64,5472000,0.75,3.0,8.0,1,2000,0.18237264842540027,0.002940940306523523,64.0,0.31313131313131315,False
env,val,tail_b1.0_mu0.9_c2.0,50,64,5271000,0.5,1.0,0.0,1,2000,0.09116443517804146,0.0019469477375788657,8.0,0.125,False
env,val,tail_b8.0_mu1.0_c1.0,200,64,5472000,0.75,3.0,4.0,1,2000,0.18237264842540027,0.002940940306523523,64.0,0.31313131313131315,False
env,val,tail_b1.0_mu0.9_c2.0,50,64,5271000,0.5,1.0,1.0,1,2000,0.0876044158935547,0.0019861417296446033,14.0,0.25,False
env,val,tail_b8.0_mu1.0_c1.0,200,64,5472000,0.75,6.0,0.0,1,2000,0.18237264842540027,0.002940940306523523,64.0,0.31313131313131315,False
env,val,tail_b8.0_mu1.0_c1.0,200,64,5472000,0.75,4.0,1.0,1,2000,0.18237264842540027,0.002940940306523523,64.0,0.31313131313131315,False
env,val,tail_b1.0_mu0.9_c2.0,50,64,5271000,0.5,1.0,2.0,1,2000,0.09183934518694878,0.0020612884729181917,21.0,0.39583333333333326,False
env,val,tail_b8.0_mu1.0_c1.0,200,64,5472000,0.75,4.0,2.0,1,2000,0.18237264842540027,0.002940940306523523,64.0,0.31313131313131315,False
env,val,tail_b8.0_mu1.0_c1.0,200,64,5472000,0.75,4.0,4.0,1,2000,0.18237264842540027,0.002940940306523523,64.0,0.31313131313131315,False
env,val,tail_b8.0_mu1.0_c1.0,200,64,5472000,0.75,4.0,8.0,1,2000,0.18237264842540027,0.002940940306523523,64.0,0.31313131313131315,False
env,val,tail_b1.0_mu0.9_c2.0,50,64,5271000,0.5,2.0,0.0,1,2000,0.08767049051821232,0.001982431021721117,15.0,0.27083333333333337,False
env,val,tail_b1.0_mu0.9_c2.0,50,64,5271000,0.5,1.0,4.0,1,2000,0.1200795025229454,0.0024214864070608217,35.0,0.6875,False
env,val,tail_b8.0_mu1.0_c1.0,200,64,5472000,0.75,6.0,2.0,1,2000,0.18237264842540027,0.002940940306523523,64.0,0.31313131313131315,False
env,val,tail_b8.0_mu1.0_c1.0,200,64,5472000,0.75,6.0,1.0,1,2000,0.18237264842540027,0.002940940306523523,64.0,0.31313131313131315,False
env,val,tail_b1.0_mu0.9_c2.0,50,64,5271000,0.5,1.0,8.0,1,2000,0.17878488487005234,0.0029538226630118148,48.5285,0.9693437499999998,False
env,val,tail_b1.0_mu0.9_c2.0,50,64,5271000,0.5,2.0,1.0,1,2000,0.10521913112699985,0.002254678358701915,28.0,0.5416666666666667,False
env,val,tail_b8.0_mu1.0_c1.0,200,64,5472000,0.75,6.0,4.0,1,2000,0.18237264842540027,0.002940940306523523,64.0,0.31313131313131315,False
env,val,tail_b1.0_mu0.9_c2.0,50,64,5271000,0.5,3.0,0.0,1,2000,0.09242488123476506,0.0020480690227469974,22.0,0.41666666666666674,False
env,val,tail_b1.0_mu0.9_c2.0,50,64,5271000,0.5,2.0,2.0,1,2000,0.14082350809872152,0.00266168209076327,42.0,0.8333333333333335,False
env,val,tail_b8.0_mu1.0_c1.0,200,64,5472000,0.75,6.0,8.0,1,2000,0.18237264842540027,0.002940940306523523,64.0,0.31313131313131315,False
env,val,tail_b1.0_mu0.9_c2.0,50,64,5271000,0.5,2.0,4.0,1,2000,0.1766621892899275,0.0029347567860318878,48.5175,0.9691145833333332,False
env,val,tail_b1.0_mu0.9_c2.0,50,64,5271000,0.5,2.0,8.0,1,2000,0.20095145547389984,0.0031194751764969763,49.625,0.9921875,False
env,val,tail_b1.0_mu0.9_c2.0,50,64,5271000,0.5,4.0,0.0,1,2000,0.10847716903686523,0.002339703366048279,29.0,0.5625,False
env,val,tail_b1.0_mu0.9_c2.0,50,64,5271000,0.5,3.0,2.0,1,2000,0.17659564712643624,0.0029282024789029477,48.5185,0.9691354166666665,False
env,val,tail_b1.0_mu0.9_c2.0,50,64,5271000,0.5,3.0,1.0,1,2000,0.14152878229320048,0.0026643949741582905,42.0,0.8333333333333335,False
env,val,tail_b1.0_mu0.9_c2.0,50,64,5271000,0.5,3.0,4.0,1,2000,0.19743680234253408,0.0030948520339070954,49.4745,0.9890520833333333,False
env,val,tail_b1.0_mu0.9_c2.0,50,64,5271000,0.5,3.0,8.0,1,2000,0.20515247420966626,0.003157806663938218,49.9985,0.99996875,False
env,val,tail_b1.0_mu0.9_c2.0,50,64,5271000,0.5,6.0,0.0,1,2000,0.1409277636706829,0.0026509981689937802,43.0,0.8541666666666665,False
env,val,tail_b1.0_mu0.9_c2.0,50,64,5271000,0.5,4.0,2.0,1,2000,0.19386853578686714,0.0030762403064913415,49.3055,0.9855312499999999,False
env,val,tail_b1.0_mu0.9_c2.0,50,64,5271000,0.5,4.0,1.0,1,2000,0.17667554731667043,0.0029330807510773702,48.5205,0.9691770833333333,False
env,val,tail_b1.0_mu0.9_c2.0,50,64,5271000,0.5,4.0,4.0,1,2000,0.2052465911358595,0.0031590190075312104,49.998,0.9999583333333333,False
env,val,tail_b1.0_mu0.9_c2.0,50,64,5271000,0.5,4.0,8.0,1,2000,0.20523751182854175,0.0031556262420900363,50.0,1.0,False
env,val,tail_b1.0_mu0.9_c2.0,50,64,5271000,0.5,6.0,1.0,1,2000,0.20529219536483287,0.003155396099566511,49.9995,0.9999895833333333,False
env,val,tail_b1.0_mu0.9_c2.0,50,64,5271000,0.75,1.0,0.0,1,2000,0.09042784509062766,0.0020001083612514133,19.0,0.3541666666666667,False
env,val,tail_b1.0_mu0.9_c2.0,50,64,5271000,0.5,6.0,2.0,1,2000,0.20523751182854175,0.0031556262420900363,50.0,1.0,False
env,val,tail_b1.0_mu0.9_c2.0,50,64,5271000,0.5,6.0,4.0,1,2000,0.20523751182854175,0.0031556262420900363,50.0,1.0,False
env,val,tail_b1.0_mu0.9_c2.0,50,64,5271000,0.5,6.0,8.0,1,2000,0.20523751182854175,0.0031556262420900363,50.0,1.0,False
env,val,tail_b1.0_mu0.9_c2.0,50,64,5271000,0.75,1.0,1.0,1,2000,0.12447948449850083,0.0024632069943674078,38.0,0.75,False
env,val,tail_b1.0_mu0.9_c2.0,50,64,5271000,0.75,2.0,0.0,1,2000,0.12457121872901916,0.0024682212912027703,38.0,0.75,False
env,val,tail_b1.0_mu0.9_c2.0,50,64,5271000,0.75,1.0,4.0,1,2000,0.1868845180273056,0.0030015418391473405,48.9855,0.9788645833333331,False
env,val,tail_b1.0_mu0.9_c2.0,50,64,5271000,0.75,1.0,8.0,1,2000,0.20475658532977103,0.0031568878476355014,49.9925,0.99984375,False
env,val,tail_b1.0_mu0.9_c2.0,50,64,5271000,0.75,2.0,1.0,1,2000,0.20183885130286217,0.003120610090667353,49.7555,0.99490625,False
env,val,tail_b1.0_mu0.9_c2.0,50,64,5271000,0.75,1.0,2.0,1,2000,0.1765449980646372,0.0029320761759132116,48.512,0.969,False
env,val,tail_b1.0_mu0.9_c2.0,50,64,5271000,0.75,2.0,2.0,1,2000,0.20529219536483287,0.003155396099566511,49.9995,0.9999895833333333,False
env,val,tail_b1.0_mu0.9_c2.0,50,64,5271000,0.75,3.0,0.0,1,2000,0.20523751182854175,0.0031556262420900363,50.0,1.0,False
env,val,tail_b1.0_mu0.9_c2.0,50,64,5271000,0.75,2.0,4.0,1,2000,0.20523751182854175,0.0031556262420900363,50.0,1.0,False
env,val,tail_b1.0_mu0.9_c2.0,50,64,5271000,0.75,2.0,8.0,1,2000,0.20523751182854175,0.0031556262420900363,50.0,1.0,False
env,val,tail_b1.0_mu0.9_c2.0,50,64,5271000,0.75,3.0,1.0,1,2000,0.20523751182854175,0.0031556262420900363,50.0,1.0,False
env,val,tail_b1.0_mu0.9_c2.0,50,64,5271000,0.75,3.0,2.0,1,2000,0.20523751182854175,0.0031556262420900363,50.0,1.0,False
env,val,tail_b1.0_mu0.9_c2.0,50,64,5271000,0.75,3.0,4.0,1,2000,0.20523751182854175,0.0031556262420900363,50.0,1.0,False
env,val,tail_b1.0_mu0.9_c2.0,50,64,5271000,0.75,4.0,0.0,1,2000,0.20523751182854175,0.0031556262420900363,50.0,1.0,False
env,val,tail_b1.0_mu0.9_c2.0,50,64,5271000,0.75,3.0,8.0,1,2000,0.20523751182854175,0.0031556262420900363,50.0,1.0,False
env,val,tail_b1.0_mu0.9_c2.0,50,64,5271000,0.75,4.0,1.0,1,2000,0.20523751182854175,0.0031556262420900363,50.0,1.0,False
env,val,tail_b1.0_mu0.9_c2.0,50,64,5271000,0.75,6.0,0.0,1,2000,0.20523751182854175,0.0031556262420900363,50.0,1.0,False
env,val,tail_b1.0_mu0.9_c2.0,50,64,5271000,0.75,4.0,2.0,1,2000,0.20523751182854175,0.0031556262420900363,50.0,1.0,False
env,val,tail_b1.0_mu0.9_c2.0,50,64,5271000,0.75,4.0,4.0,1,2000,0.20523751182854175,0.0031556262420900363,50.0,1.0,False
env,val,tail_b1.0_mu0.9_c2.0,50,64,5271000,0.75,4.0,8.0,1,2000,0.20523751182854175,0.0031556262420900363,50.0,1.0,False
env,val,tail_b1.0_mu0.9_c2.0,50,64,5271000,0.75,6.0,1.0,1,2000,0.20523751182854175,0.0031556262420900363,50.0,1.0,False
env,val,tail_b1.0_mu0.9_c2.0,50,64,5271000,0.75,6.0,2.0,1,2000,0.20523751182854175,0.0031556262420900363,50.0,1.0,False
env,val,tail_b1.0_mu0.9_c2.0,100,64,5274000,0.5,1.0,0.0,1,2000,0.07253248427808284,0.0015651805698458196,10.0,0.08163265306122448,False
env,val,tail_b1.0_mu0.9_c2.0,50,64,5271000,0.75,6.0,4.0,1,2000,0.20523751182854175,0.0031556262420900363,50.0,1.0,False
env,val,tail_b1.0_mu0.9_c2.0,50,64,5271000,0.75,6.0,8.0,1,2000,0.20523751182854175,0.0031556262420900363,50.0,1.0,False
env,val,tail_b1.0_mu0.9_c2.0,100,64,5274000,0.5,1.0,1.0,1,2000,0.06551996664702893,0.0014413667358901896,20.0,0.1836734693877551,False
env,val,tail_b1.0_mu0.9_c2.0,100,64,5274000,0.5,1.0,2.0,1,2000,0.06615829238295555,0.001466934047395296,30.0,0.2857142857142856,False
env,val,tail_b1.0_mu0.9_c2.0,100,64,5274000,0.5,2.0,0.0,1,2000,0.06551996664702893,0.0014413667358901896,20.0,0.1836734693877551,False
env,val,tail_b1.0_mu0.9_c2.0,100,64,5274000,0.5,3.0,0.0,1,2000,0.06615829238295555,0.001466934047395296,30.0,0.2857142857142856,False
env,val,tail_b1.0_mu0.9_c2.0,100,64,5274000,0.5,2.0,1.0,1,2000,0.07274718722701072,0.0016672173534768042,40.0,0.38775510204081615,False
env,val,tail_b1.0_mu0.9_c2.0,100,64,5274000,0.5,1.0,4.0,1,2000,0.07485167457163334,0.001701897106379667,50.0,0.48979591836734687,False
env,val,tail_b1.0_mu0.9_c2.0,100,64,5274000,0.5,1.0,8.0,1,2000,0.08868308514356613,0.0019436842108789733,64.0,0.6326530612244898,False
env,val,tail_b1.0_mu0.9_c2.0,100,64,5274000,0.5,2.0,4.0,1,2000,0.08874685740470886,0.0019435556319356408,64.0,0.6326530612244898,False
env,val,tail_b1.0_mu0.9_c2.0,100,64,5274000,0.5,2.0,8.0,1,2000,0.08874685740470886,0.0019435556319356408,64.0,0.6326530612244898,False
env,val,tail_b1.0_mu0.9_c2.0,100,64,5274000,0.5,3.0,1.0,1,2000,0.08361320197582245,0.001870721855402782,60.0,0.5918367346938778,False
env,val,tail_b1.0_mu0.9_c2.0,100,64,5274000,0.5,2.0,2.0,1,2000,0.08347186213731765,0.0018664306909465858,60.0,0.5918367346938778,False
env,val,tail_b1.0_mu0.9_c2.0,100,64,5274000,0.5,4.0,0.0,1,2000,0.07274718722701072,0.0016672173534768042,40.0,0.38775510204081615,False
env,val,tail_b1.0_mu0.9_c2.0,100,64,5274000,0.5,3.0,2.0,1,2000,0.08874685740470886,0.0019435556319356408,64.0,0.6326530612244898,False
env,val,tail_b1.0_mu0.9_c2.0,100,64,5274000,0.5,3.0,4.0,1,2000,0.08874685740470886,0.0019435556319356408,64.0,0.6326530612244898,False
env,val,tail_b1.0_mu0.9_c2.0,100,64,5274000,0.5,3.0,8.0,1,2000,0.08874685740470886,0.0019435556319356408,64.0,0.6326530612244898,False
env,val,tail_b1.0_mu0.9_c2.0,100,64,5274000,0.5,4.0,2.0,1,2000,0.08874685740470886,0.0019435556319356408,64.0,0.6326530612244898,False
env,val,tail_b1.0_mu0.9_c2.0,100,64,5274000,0.5,4.0,1.0,1,2000,0.08874685740470886,0.0019435556319356408,64.0,0.6326530612244898,False
env,val,tail_b1.0_mu0.9_c2.0,100,64,5274000,0.5,6.0,0.0,1,2000,0.08361320197582245,0.001870721855402782,60.0,0.5918367346938778,False
env,val,tail_b1.0_mu0.9_c2.0,100,64,5274000,0.75,1.0,0.0,1,2000,0.0680852627903223,0.0015231942394289505,32.0,0.3061224489795918,False
env,val,tail_b1.0_mu0.9_c2.0,100,64,5274000,0.5,4.0,4.0,1,2000,0.08874685740470886,0.0019435556319356408,64.0,0.6326530612244898,False
env,val,tail_b1.0_mu0.9_c2.0,100,64,5274000,0.5,6.0,2.0,1,2000,0.08874685740470886,0.0019435556319356408,64.0,0.6326530612244898,False
env,val,tail_b1.0_mu0.9_c2.0,100,64,5274000,0.5,4.0,8.0,1,2000,0.08874685740470886,0.0019435556319356408,64.0,0.6326530612244898,False
env,val,tail_b1.0_mu0.9_c2.0,100,64,5274000,0.5,6.0,1.0,1,2000,0.08874685740470886,0.0019435556319356408,64.0,0.6326530612244898,False
env,val,tail_b1.0_mu0.9_c2.0,100,64,5274000,0.5,6.0,4.0,1,2000,0.08874685740470886,0.0019435556319356408,64.0,0.6326530612244898,False
env,val,tail_b1.0_mu0.9_c2.0,100,64,5274000,0.5,6.0,8.0,1,2000,0.08874685740470886,0.0019435556319356408,64.0,0.6326530612244898,False
env,val,tail_b1.0_mu0.9_c2.0,100,64,5274000,0.75,1.0,1.0,1,2000,0.08554295116662979,0.0018919215010763431,63.0,0.6224489795918368,False
env,val,tail_b1.0_mu0.9_c2.0,100,64,5274000,0.75,1.0,2.0,1,2000,0.08874685740470886,0.0019435556319356408,64.0,0.6326530612244898,False
env,val,tail_b1.0_mu0.9_c2.0,100,64,5274000,0.75,2.0,0.0,1,2000,0.08874685740470886,0.0019435556319356408,64.0,0.6326530612244898,False
env,val,tail_b1.0_mu0.9_c2.0,100,64,5274000,0.75,1.0,4.0,1,2000,0.08874685740470886,0.0019435556319356408,64.0,0.6326530612244898,False
env,val,tail_b1.0_mu0.9_c2.0,100,64,5274000,0.75,1.0,8.0,1,2000,0.08874685740470886,0.0019435556319356408,64.0,0.6326530612244898,False
env,val,tail_b1.0_mu0.9_c2.0,100,64,5274000,0.75,2.0,1.0,1,2000,0.08874685740470886,0.0019435556319356408,64.0,0.6326530612244898,False
env,val,tail_b1.0_mu0.9_c2.0,100,64,5274000,0.75,2.0,2.0,1,2000,0.08874685740470886,0.0019435556319356408,64.0,0.6326530612244898,False
env,val,tail_b1.0_mu0.9_c2.0,100,64,5274000,0.75,2.0,4.0,1,2000,0.08874685740470886,0.0019435556319356408,64.0,0.6326530612244898,False
env,val,tail_b1.0_mu0.9_c2.0,100,64,5274000,0.75,3.0,0.0,1,2000,0.08874685740470886,0.0019435556319356408,64.0,0.6326530612244898,False
env,val,tail_b1.0_mu0.9_c2.0,100,64,5274000,0.75,2.0,8.0,1,2000,0.08874685740470886,0.0019435556319356408,64.0,0.6326530612244898,False
env,val,tail_b1.0_mu0.9_c2.0,100,64,5274000,0.75,3.0,2.0,1,2000,0.08874685740470886,0.0019435556319356408,64.0,0.6326530612244898,False
env,val,tail_b1.0_mu0.9_c2.0,100,64,5274000,0.75,3.0,1.0,1,2000,0.08874685740470886,0.0019435556319356408,64.0,0.6326530612244898,False
env,val,tail_b1.0_mu0.9_c2.0,100,64,5274000,0.75,3.0,8.0,1,2000,0.08874685740470886,0.0019435556319356408,64.0,0.6326530612244898,False
env,val,tail_b1.0_mu0.9_c2.0,100,64,5274000,0.75,3.0,4.0,1,2000,0.08874685740470886,0.0019435556319356408,64.0,0.6326530612244898,False
env,val,tail_b1.0_mu0.9_c2.0,100,64,5274000,0.75,4.0,1.0,1,2000,0.08874685740470886,0.0019435556319356408,64.0,0.6326530612244898,False
env,val,tail_b1.0_mu0.9_c2.0,100,64,5274000,0.75,4.0,0.0,1,2000,0.08874685740470886,0.0019435556319356408,64.0,0.6326530612244898,False
env,val,tail_b1.0_mu0.9_c2.0,100,64,5274000,0.75,6.0,0.0,1,2000,0.08874685740470886,0.0019435556319356408,64.0,0.6326530612244898,False
env,val,tail_b1.0_mu0.9_c2.0,100,64,5274000,0.75,4.0,2.0,1,2000,0.08874685740470886,0.0019435556319356408,64.0,0.6326530612244898,False
env,val,tail_b1.0_mu0.9_c2.0,100,64,5274000,0.75,4.0,4.0,1,2000,0.08874685740470886,0.0019435556319356408,64.0,0.6326530612244898,False
env,val,tail_b1.0_mu0.9_c2.0,100,64,5274000,0.75,4.0,8.0,1,2000,0.08874685740470886,0.0019435556319356408,64.0,0.6326530612244898,False
env,val,tail_b1.0_mu0.9_c2.0,100,64,5274000,0.75,6.0,1.0,1,2000,0.08874685740470886,0.0019435556319356408,64.0,0.6326530612244898,False
env,val,tail_b1.0_mu0.9_c2.0,200,64,5277000,0.5,1.0,0.0,1,2000,0.05200606074929237,0.0010973348646530921,15.0,0.06565656565656565,False
env,val,tail_b1.0_mu0.9_c2.0,100,64,5274000,0.75,6.0,2.0,1,2000,0.08874685740470886,0.0019435556319356408,64.0,0.6326530612244898,False
env,val,tail_b1.0_mu0.9_c2.0,100,64,5274000,0.75,6.0,4.0,1,2000,0.08874685740470886,0.0019435556319356408,64.0,0.6326530612244898,False
env,val,tail_b1.0_mu0.9_c2.0,100,64,5274000,0.75,6.0,8.0,1,2000,0.08874685740470886,0.0019435556319356408,64.0,0.6326530612244898,False
env,val,tail_b1.0_mu0.9_c2.0,200,64,5277000,0.5,2.0,0.0,1,2000,0.0493631756901741,0.0011269452048966982,29.0,0.1363636363636363,False
env,val,tail_b1.0_mu0.9_c2.0,200,64,5277000,0.5,1.0,1.0,1,2000,0.04993210932612419,0.0011297289370569882,28.0,0.1313131313131313,False
env,val,tail_b1.0_mu0.9_c2.0,200,64,5277000,0.5,1.0,4.0,1,2000,0.05484139084815979,0.0012406085980192958,64.0,0.31313131313131315,False
env,val,tail_b1.0_mu0.9_c2.0,200,64,5277000,0.5,3.0,0.0,1,2000,0.05003270855545998,0.0011093262321893393,43.0,0.20707070707070716,False
env,val,tail_b1.0_mu0.9_c2.0,200,64,5277000,0.5,1.0,2.0,1,2000,0.05014863502979278,0.0011161111147078911,42.0,0.20202020202020202,False
env,val,tail_b1.0_mu0.9_c2.0,200,64,5277000,0.5,1.0,8.0,1,2000,0.05484139084815979,0.0012406085980192958,64.0,0.31313131313131315,False
env,val,tail_b1.0_mu0.9_c2.0,200,64,5277000,0.5,2.0,2.0,1,2000,0.05484139084815979,0.0012406085980192958,64.0,0.31313131313131315,False
env,val,tail_b1.0_mu0.9_c2.0,200,64,5277000,0.5,2.0,4.0,1,2000,0.05484139084815979,0.0012406085980192958,64.0,0.31313131313131315,False
env,val,tail_b1.0_mu0.9_c2.0,200,64,5277000,0.5,2.0,1.0,1,2000,0.05341577935218811,0.0012084737729590933,57.0,0.2777777777777778,False
env,val,tail_b1.0_mu0.9_c2.0,200,64,5277000,0.5,2.0,8.0,1,2000,0.05484139084815979,0.0012406085980192958,64.0,0.31313131313131315,False
env,val,tail_b1.0_mu0.9_c2.0,200,64,5277000,0.5,3.0,1.0,1,2000,0.05484139084815979,0.0012406085980192958,64.0,0.31313131313131315,False
env,val,tail_b1.0_mu0.9_c2.0,200,64,5277000,0.5,3.0,2.0,1,2000,0.05484139084815979,0.0012406085980192958,64.0,0.31313131313131315,False
env,val,tail_b1.0_mu0.9_c2.0,200,64,5277000,0.5,3.0,8.0,1,2000,0.05484139084815979,0.0012406085980192958,64.0,0.31313131313131315,False
env,val,tail_b1.0_mu0.9_c2.0,200,64,5277000,0.5,4.0,0.0,1,2000,0.05341577935218811,0.0012084737729590933,57.0,0.2777777777777778,False
env,val,tail_b1.0_mu0.9_c2.0,200,64,5277000,0.5,3.0,4.0,1,2000,0.05484139084815979,0.0012406085980192958,64.0,0.31313131313131315,False
env,val,tail_b1.0_mu0.9_c2.0,200,64,5277000,0.5,6.0,0.0,1,2000,0.05484139084815979,0.0012406085980192958,64.0,0.31313131313131315,False
env,val,tail_b1.0_mu0.9_c2.0,200,64,5277000,0.5,4.0,1.0,1,2000,0.05484139084815979,0.0012406085980192958,64.0,0.31313131313131315,False
env,val,tail_b1.0_mu0.9_c2.0,200,64,5277000,0.5,4.0,2.0,1,2000,0.05484139084815979,0.0012406085980192958,64.0,0.31313131313131315,False
env,val,tail_b1.0_mu0.9_c2.0,200,64,5277000,0.5,6.0,1.0,1,2000,0.05484139084815979,0.0012406085980192958,64.0,0.31313131313131315,False
env,val,tail_b1.0_mu0.9_c2.0,200,64,5277000,0.5,4.0,8.0,1,2000,0.05484139084815979,0.0012406085980192958,64.0,0.31313131313131315,False
env,val,tail_b1.0_mu0.9_c2.0,200,64,5277000,0.5,4.0,4.0,1,2000,0.05484139084815979,0.0012406085980192958,64.0,0.31313131313131315,False
env,val,tail_b1.0_mu0.9_c2.0,200,64,5277000,0.75,1.0,0.0,1,2000,0.05047001221776009,0.0011509702782912202,54.0,0.2626262626262626,False
env,val,tail_b1.0_mu0.9_c2.0,200,64,5277000,0.5,6.0,2.0,1,2000,0.05484139084815979,0.0012406085980192958,64.0,0.31313131313131315,False
env,val,tail_b1.0_mu0.9_c2.0,200,64,5277000,0.5,6.0,4.0,1,2000,0.05484139084815979,0.0012406085980192958,64.0,0.31313131313131315,False
env,val,tail_b1.0_mu0.9_c2.0,200,64,5277000,0.5,6.0,8.0,1,2000,0.05484139084815979,0.0012406085980192958,64.0,0.31313131313131315,False
env,val,tail_b1.0_mu0.9_c2.0,200,64,5277000,0.75,1.0,1.0,1,2000,0.05484139084815979,0.0012406085980192958,64.0,0.31313131313131315,False
env,val,tail_b1.0_mu0.9_c2.0,200,64,5277000,0.75,1.0,2.0,1,2000,0.05484139084815979,0.0012406085980192958,64.0,0.31313131313131315,False
env,val,tail_b1.0_mu0.9_c2.0,200,64,5277000,0.75,2.0,0.0,1,2000,0.05484139084815979,0.0012406085980192958,64.0,0.31313131313131315,False
env,val,tail_b1.0_mu0.9_c2.0,200,64,5277000,0.75,1.0,4.0,1,2000,0.05484139084815979,0.0012406085980192958,64.0,0.31313131313131315,False
env,val,tail_b1.0_mu0.9_c2.0,200,64,5277000,0.75,1.0,8.0,1,2000,0.05484139084815979,0.0012406085980192958,64.0,0.31313131313131315,False
env,val,tail_b1.0_mu0.9_c2.0,200,64,5277000,0.75,3.0,0.0,1,2000,0.05484139084815979,0.0012406085980192958,64.0,0.31313131313131315,False
env,val,tail_b1.0_mu0.9_c2.0,200,64,5277000,0.75,2.0,1.0,1,2000,0.05484139084815979,0.0012406085980192958,64.0,0.31313131313131315,False
env,val,tail_b1.0_mu0.9_c2.0,200,64,5277000,0.75,2.0,2.0,1,2000,0.05484139084815979,0.0012406085980192958,64.0,0.31313131313131315,False
env,val,tail_b1.0_mu0.9_c2.0,200,64,5277000,0.75,2.0,4.0,1,2000,0.05484139084815979,0.0012406085980192958,64.0,0.31313131313131315,False
env,val,tail_b1.0_mu0.9_c2.0,200,64,5277000,0.75,2.0,8.0,1,2000,0.05484139084815979,0.0012406085980192958,64.0,0.31313131313131315,False
env,val,tail_b1.0_mu0.9_c2.0,200,64,5277000,0.75,3.0,1.0,1,2000,0.05484139084815979,0.0012406085980192958,64.0,0.31313131313131315,False
env,val,tail_b1.0_mu0.9_c2.0,200,64,5277000,0.75,3.0,2.0,1,2000,0.05484139084815979,0.0012406085980192958,64.0,0.31313131313131315,False
env,val,tail_b1.0_mu0.9_c2.0,200,64,5277000,0.75,4.0,0.0,1,2000,0.05484139084815979,0.0012406085980192958,64.0,0.31313131313131315,False
env,val,tail_b1.0_mu0.9_c2.0,200,64,5277000,0.75,3.0,4.0,1,2000,0.05484139084815979,0.0012406085980192958,64.0,0.31313131313131315,False
env,val,tail_b1.0_mu0.9_c2.0,200,64,5277000,0.75,3.0,8.0,1,2000,0.05484139084815979,0.0012406085980192958,64.0,0.31313131313131315,False
env,val,tail_b1.0_mu0.9_c2.0,200,64,5277000,0.75,6.0,0.0,1,2000,0.05484139084815979,0.0012406085980192958,64.0,0.31313131313131315,False
env,val,tail_b1.0_mu0.9_c2.0,200,64,5277000,0.75,4.0,1.0,1,2000,0.05484139084815979,0.0012406085980192958,64.0,0.31313131313131315,False
env,val,tail_b1.0_mu0.9_c2.0,200,64,5277000,0.75,4.0,8.0,1,2000,0.05484139084815979,0.0012406085980192958,64.0,0.31313131313131315,False
env,val,tail_b1.0_mu0.9_c2.0,200,64,5277000,0.75,4.0,4.0,1,2000,0.05484139084815979,0.0012406085980192958,64.0,0.31313131313131315,False
env,val,tail_b1.0_mu0.9_c2.0,200,64,5277000,0.75,4.0,2.0,1,2000,0.05484139084815979,0.0012406085980192958,64.0,0.31313131313131315,False
env,val,tail_b1.0_mu0.9_c2.0,200,64,5277000,0.75,6.0,1.0,1,2000,0.05484139084815979,0.0012406085980192958,64.0,0.31313131313131315,False
env,val,tail_b1.0_mu0.9_c2.0,200,64,5277000,0.75,6.0,2.0,1,2000,0.05484139084815979,0.0012406085980192958,64.0,0.31313131313131315,False
env,val,tail_b1.0_mu0.9_c2.0,200,64,5277000,0.75,6.0,4.0,1,2000,0.05484139084815979,0.0012406085980192958,64.0,0.31313131313131315,False
env,val,tail_b1.0_mu0.9_c2.0,200,64,5277000,0.75,6.0,8.0,1,2000,0.05484139084815979,0.0012406085980192958,64.0,0.31313131313131315,False
pooled,val,all,all,64,-1,0.5,1.0,0.0,8,48000,0.14996325004238165,0.0005381847181218559,11.0,0.09076307290593004,False
pooled,val,all,all,64,-1,0.5,1.0,1.0,8,48000,0.12821572495680084,0.0005113213966222231,20.666666666666668,0.18832886690029546,False
pooled,val,all,all,64,-1,0.5,1.0,2.0,8,48000,0.12253659106128785,0.0005040029627957661,31.0,0.29452260702260696,False
pooled,val,all,all,64,-1,0.5,1.0,4.0,8,48000,0.12551157211710717,0.000513529140662354,49.66129166666667,0.49669709799955336,False
pooled,val,all,all,64,-1,0.5,1.0,8.0,8,48000,0.15309580421756921,0.0005728685198310298,58.89835416666666,0.6395327254797121,False
pooled,val,all,all,64,-1,0.5,2.0,0.0,8,48000,0.12759665859643063,0.0005102012951846314,21.333333333333332,0.1969568130282416,False
pooled,val,all,all,64,-1,0.5,2.0,1.0,8,48000,0.1226891884986447,0.0005059828615011045,41.66616666666667,0.4023894321617536,False
pooled,val,all,all,64,-1,0.5,2.0,2.0,8,48000,0.13307050904321174,0.0005337556775915129,55.31827083333334,0.5791199916361748,False
pooled,val,all,all,64,-1,0.5,2.0,4.0,8,48000,0.15546278736291363,0.0005774263067605538,59.021833333333326,0.642105208118601,False
pooled,val,all,all,64,-1,0.5,2.0,8.0,8,48000,0.1598787538356258,0.0005906630763906301,59.217645833333336,0.6461846352019344,False
pooled,val,all,all,64,-1,0.5,3.0,0.0,8,48000,0.12227344879582719,0.0005023622858283921,31.666666666666668,0.30315055315055317,False
pooled,val,all,all,64,-1,0.5,3.0,1.0,8,48000,0.1328262484142906,0.0005328712314486607,55.32397916666667,0.5792389152472859,False
pooled,val,all,all,64,-1,0.5,3.0,2.0,8,48000,0.15478099073037144,0.0005779678609952292,59.03639583333334,0.6424085935352677,False
pooled,val,all,all,64,-1,0.5,3.0,4.0,8,48000,0.15939967615012515,0.000588316000961006,59.22104166666667,0.6462553817297122,False
pooled,val,all,all,64,-1,0.5,3.0,8.0,8,48000,0.16173106956923036,0.0005975635023278707,59.31489583333334,0.648210676868601,False
pooled,val,all,all,64,-1,0.5,4.0,0.0,8,48000,0.12281023170731109,0.0005073488880905826,42.0,0.4093442932728646,False
pooled,val,all,all,64,-1,0.5,4.0,1.0,8,48000,0.1534649353367392,0.0005747450925841445,59.02406249999999,0.6421516490908232,False
pooled,val,all,all,64,-1,0.5,4.0,2.0,8,48000,0.15878217302079126,0.0005855354142239535,59.212500000000006,0.6460774303408232,False
pooled,val,all,all,64,-1,0.5,4.0,4.0,8,48000,0.16172070476741343,0.0005975053230484959,59.32114583333333,0.6483408852019343,False
pooled,val,all,all,64,-1,0.5,4.0,8.0,8,48000,0.16180889392193723,0.0005979592915110872,59.326666666666675,0.6484559025630454,False
pooled,val,all,all,64,-1,0.5,6.0,0.0,8,48000,0.13412930195021908,0.0005355313255288374,55.666666666666664,0.5863782381639525,False
pooled,val,all,all,64,-1,0.5,6.0,1.0,8,48000,0.16179810278971066,0.0005979343447881155,59.330625,0.6485383678408232,False
pooled,val,all,all,64,-1,0.5,6.0,2.0,8,48000,0.16180031244627208,0.0005980415400104851,59.33172916666666,0.6485613713130455,False
pooled,val,all,all,64,-1,0.5,6.0,4.0,8,48000,0.161804408127827,0.0005980316216365988,59.332125,0.6485696178408232,False
pooled,val,all,all,64,-1,0.5,6.0,8.0,8,48000,0.16180486389723653,0.000598072639816314,59.33258333333333,0.6485791664519344,False
pooled,val,all,all,64,-1,0.75,1.0,0.0,8,48000,0.12175207115336402,0.0005037868845485899,35.0,0.30763845942417367,True
pooled,val,all,all,64,-1,0.75,1.0,1.0,8,48000,0.12870449452675528,0.000521493175148255,54.99425,0.5617403059077167,False
pooled,val,all,all,64,-1,0.75,1.0,2.0,8,48000,0.15191421394971075,0.0005705215572478108,58.958062500000004,0.6407766490908232,False
pooled,val,all,all,64,-1,0.75,1.0,4.0,8,48000,0.15794599530961992,0.00058121359254658,59.16091666666667,0.6450027775630454,False
pooled,val,all,all,64,-1,0.75,1.0,8.0,8,48000,0.16172916664920134,0.0005972725959517973,59.30350000000001,0.6479732636741565,False
pooled,val,all,all,64,-1,0.75,2.0,0.0,8,48000,0.12890319084251922,0.0005213474258250285,55.333333333333336,0.565261458118601,False
pooled,val,all,all,64,-1,0.75,2.0,1.0,8,48000,0.16009451345597517,0.0005918427546412637,59.2760625,0.6474016490908232,False
pooled,val,all,all,64,-1,0.75,2.0,2.0,8,48000,0.16179206832862777,0.0005979354822403188,59.32895833333333,0.648503645618601,False
pooled,val,all,all,64,-1,0.75,2.0,4.0,8,48000,0.16180529035798283,0.0005980055126603739,59.33089583333333,0.6485440102019343,False
pooled,val,all,all,64,-1,0.75,2.0,8.0,8,48000,0.16180938603953776,0.0005979955936889368,59.3315625,0.6485578990908233,False
pooled,val,all,all,64,-1,0.75,3.0,0.0,8,48000,0.16180656538200067,0.0005980860796757178,59.333333333333336,0.6485947914519343,False
pooled,val,all,all,64,-1,0.75,3.0,1.0,8,48000,0.16180656538200067,0.0005980860796757178,59.333333333333336,0.6485947914519343,False
pooled,val,all,all,64,-1,0.75,3.0,2.0,8,48000,0.16180656538200067,0.0005980860796757178,59.333333333333336,0.6485947914519343,False
pooled,val,all,all,64,-1,0.75,3.0,4.0,8,48000,0.16180656538200067,0.0005980860796757178,59.333333333333336,0.6485947914519343,False
pooled,val,all,all,64,-1,0.75,3.0,8.0,8,48000,0.16180656538200067,0.0005980860796757178,59.333333333333336,0.6485947914519343,False
pooled,val,all,all,64,-1,0.75,4.0,0.0,8,48000,0.16180656538200067,0.0005980860796757178,59.333333333333336,0.6485947914519343,False
pooled,val,all,all,64,-1,0.75,4.0,1.0,8,48000,0.16180656538200067,0.0005980860796757178,59.333333333333336,0.6485947914519343,False
pooled,val,all,all,64,-1,0.75,4.0,2.0,8,48000,0.16180656538200067,0.0005980860796757178,59.333333333333336,0.6485947914519343,False
pooled,val,all,all,64,-1,0.75,4.0,4.0,8,48000,0.16180656538200067,0.0005980860796757178,59.333333333333336,0.6485947914519343,False
pooled,val,all,all,64,-1,0.75,4.0,8.0,8,48000,0.16180656538200067,0.0005980860796757178,59.333333333333336,0.6485947914519343,False
pooled,val,all,all,64,-1,0.75,6.0,0.0,8,48000,0.16180656538200067,0.0005980860796757178,59.333333333333336,0.6485947914519343,False
pooled,val,all,all,64,-1,0.75,6.0,1.0,8,48000,0.16180656538200067,0.0005980860796757178,59.333333333333336,0.6485947914519343,False
pooled,val,all,all,64,-1,0.75,6.0,2.0,8,48000,0.16180656538200067,0.0005980860796757178,59.333333333333336,0.6485947914519343,False
pooled,val,all,all,64,-1,0.75,6.0,4.0,8,48000,0.16180656538200067,0.0005980860796757178,59.333333333333336,0.6485947914519343,False
pooled,val,all,all,64,-1,0.75,6.0,8.0,8,48000,0.16180656538200067,0.0005980860796757178,59.333333333333336,0.6485947914519343,False
