level,split,env_id,horizon,cap,base_seed,theta,alpha,c,n_envs,n_episodes,regret,regret_se,k_final,search_frac,is_argmin
env,val,beta_good_common,50,64,5001000,0.55,0.5,3.0,1,2000,0.1429498648196459,0.0022353978993488064,2.536,0.011166666666666667,False
env,val,beta_good_common,50,64,5001000,0.55,0.5,4.0,1,2000,0.1429498648196459,0.0022353978993488064,2.536,0.011166666666666667,False
env,val,beta_good_common,50,64,5001000,0.55,0.75,1.0,1,2000,0.1429498648196459,0.0022353978993488064,2.536,0.011166666666666667,False
env,val,beta_good_common,50,64,5001000,0.55,0.75,1.5,1,2000,0.1429498648196459,0.0022353978993488064,2.536,0.011166666666666667,False
env,val,beta_good_common,50,64,5001000,0.55,0.5,6.0,1,2000,0.1429498648196459,0.0022353978993488064,2.536,0.011166666666666667,False
env,val,beta_good_common,50,64,5001000,0.55,0.5,8.0,1,2000,0.1429498648196459,0.0022353978993488064,2.536,0.011166666666666667,False
env,val,beta_good_common,50,64,5001000,0.55,0.75,2.0,1,2000,0.1429498648196459,0.0022353978993488064,2.536,0.011166666666666667,False
env,val,beta_good_common,50,64,5001000,0.6,0.5,4.0,1,2000,0.13701137135922908,0.0021583495408047577,2.656,0.013666666666666666,False
env,val,beta_good_common,50,64,5001000,0.55,0.75,3.0,1,2000,0.1429498648196459,0.0022353978993488064,2.536,0.011166666666666667,False
env,val,beta_good_common,50,64,5001000,0.6,0.5,6.0,1,2000,0.13701137135922908,0.0021583495408047577,2.656,0.013666666666666666,False
env,val,beta_good_common,50,64,5001000,0.6,0.5,3.0,1,2000,0.13701137135922908,0.0021583495408047577,2.656,0.013666666666666666,False
env,val,beta_good_common,50,64,5001000,0.6,0.5,8.0,1,2000,0.13701137135922908,0.0021583495408047577,2.656,0.013666666666666666,False
env,val,beta_good_common,50,64,5001000,0.6,0.75,1.0,1,2000,0.13701137135922908,0.0021583495408047577,2.656,0.013666666666666666,False
env,val,beta_good_common,50,64,5001000,0.6,0.75,2.0,1,2000,0.13701137135922908,0.0021583495408047577,2.656,0.013666666666666666,False
env,val,beta_good_common,50,64,5001000,0.6,0.75,1.5,1,2000,0.13701137135922908,0.0021583495408047577,2.656,0.013666666666666666,False
env,val,beta_good_common,50,64,5001000,0.625,0.5,3.0,1,2000,0.12647874526679515,0.002079875643217087,2.9775,0.020364583333333332,False
env,val,beta_good_common,50,64,5001000,0.6,0.75,3.0,1,2000,0.13701137135922908,0.0021583495408047577,2.656,0.013666666666666666,False
env,val,beta_good_common,50,64,5001000,0.625,0.5,4.0,1,2000,0.12647874526679515,0.002079875643217087,2.9775,0.020364583333333332,False
env,val,beta_good_common,50,64,5001000,0.625,0.5,6.0,1,2000,0.12647874526679515,0.002079875643217087,2.9775,0.020364583333333332,False
env,val,beta_good_common,50,64,5001000,0.625,0.5,8.0,1,2000,0.12647874526679515,0.002079875643217087,2.9775,0.020364583333333332,False
env,val,beta_good_common,50,64,5001000,0.625,0.75,1.5,1,2000,0.12647874526679515,0.002079875643217087,2.9775,0.020364583333333332,False
env,val,beta_good_common,50,64,5001000,0.625,0.75,1.0,1,2000,0.12647874526679515,0.002079875643217087,2.9775,0.020364583333333332,False
env,val,beta_good_common,50,64,5001000,0.625,0.75,3.0,1,2000,0.12647874526679515,0.002079875643217087,2.9775,0.020364583333333332,False
env,val,beta_good_common,50,64,5001000,0.625,0.75,2.0,1,2000,0.12647874526679515,0.002079875643217087,2.9775,0.020364583333333332,False
env,val,beta_good_common,50,64,5001000,0.65,0.5,3.0,1,2000,0.12250981405377388,0.0020287741734134335,3.111,0.02314583333333333,False
env,val,beta_good_common,50,64,5001000,0.65,0.5,4.0,1,2000,0.12250981405377388,0.0020287741734134335,3.111,0.02314583333333333,False
env,val,beta_good_common,50,64,5001000,0.65,0.5,6.0,1,2000,0.12250981405377388,0.0020287741734134335,3.111,0.02314583333333333,False
env,val,beta_good_common,50,64,5001000,0.65,0.5,8.0,1,2000,0.12250981405377388,0.0020287741734134335,3.111,0.02314583333333333,False
env,val,beta_good_common,50,64,5001000,0.65,0.75,1.0,1,2000,0.12250981405377388,0.0020287741734134335,3.111,0.02314583333333333,False
env,val,beta_good_common,50,64,5001000,0.65,0.75,1.5,1,2000,0.12250981405377388,0.0020287741734134335,3.111,0.02314583333333333,False
env,val,beta_good_common,50,64,5001000,0.65,0.75,2.0,1,2000,0.12250981405377388,0.0020287741734134335,3.111,0.02314583333333333,False
env,val,beta_good_common,50,64,5001000,0.675,0.5,3.0,1,2000,0.098389080286026,0.0019430792092283878,22.0,0.41666666666666674,False
env,val,beta_good_common,50,64,5001000,0.65,0.75,3.0,1,2000,0.12250981405377388,0.0020287741734134335,3.111,0.02314583333333333,False
env,val,beta_good_common,50,64,5001000,0.675,0.5,4.0,1,2000,0.10834444585442543,0.0020565559420318846,29.0,0.5625,False
env,val,beta_good_common,50,64,5001000,0.675,0.5,6.0,1,2000,0.15254334343969822,0.0025620961648164836,43.0,0.8541666666666665,False
env,val,beta_good_common,50,64,5001000,0.675,0.5,8.0,1,2000,0.21569142806529998,0.003222281222372662,50.0,1.0,False
env,val,beta_good_common,50,64,5001000,0.675,0.75,1.0,1,2000,0.09370254738628864,0.0018471033919935606,19.0,0.3541666666666667,False
env,val,beta_good_common,50,64,5001000,0.675,0.75,1.5,1,2000,0.10834444585442543,0.0020565559420318846,29.0,0.5625,False
env,val,beta_good_common,50,64,5001000,0.7,0.5,3.0,1,2000,0.098389080286026,0.0019430792092283878,22.0,0.41666666666666674,False
env,val,beta_good_common,50,64,5001000,0.7,0.5,4.0,1,2000,0.10834444585442543,0.0020565559420318846,29.0,0.5625,False
env,val,beta_good_common,50,64,5001000,0.7,0.75,1.0,1,2000,0.09370254738628864,0.0018471033919935606,19.0,0.3541666666666667,False
env,val,beta_good_common,50,64,5001000,0.675,0.75,2.0,1,2000,0.1336657459884882,0.002410658145527297,38.0,0.75,False
env,val,beta_good_common,50,64,5001000,0.675,0.75,3.0,1,2000,0.21569142806529998,0.003222281222372662,50.0,1.0,False
env,val,beta_good_common,50,64,5001000,0.7,0.5,6.0,1,2000,0.15254334343969822,0.0025620961648164836,43.0,0.8541666666666665,False
env,val,beta_good_common,50,64,5001000,0.7,0.75,1.5,1,2000,0.10834444585442543,0.0020565559420318846,29.0,0.5625,False
env,val,beta_good_common,50,64,5001000,0.7,0.5,8.0,1,2000,0.21569142806529998,0.003222281222372662,50.0,1.0,False
env,val,beta_good_common,50,64,5001000,0.7,0.75,2.0,1,2000,0.1336657459884882,0.002410658145527297,38.0,0.75,False
env,val,beta_good_common,50,64,5001000,0.7,0.75,3.0,1,2000,0.21569142806529998,0.003222281222372662,50.0,1.0,False
env,val,beta_good_common,100,64,5004000,0.55,0.5,3.0,1,2000,0.14768932594358922,0.002099049645138387,2.572,0.005836734693877551,False
env,val,beta_good_common,100,64,5004000,0.55,0.5,4.0,1,2000,0.14768932594358922,0.002099049645138387,2.572,0.005836734693877551,False
env,val,beta_good_common,100,64,5004000,0.55,0.5,6.0,1,2000,0.14768932594358922,0.002099049645138387,2.572,0.005836734693877551,False
env,val,beta_good_common,100,64,5004000,0.55,0.5,8.0,1,2000,0.14768932594358922,0.002099049645138387,2.572,0.005836734693877551,False
env,val,beta_good_common,100,64,5004000,0.55,0.75,1.0,1,2000,0.14768932594358922,0.002099049645138387,2.572,0.005836734693877551,False
env,val,beta_good_common,100,64,5004000,0.55,0.75,1.5,1,2000,0.14768932594358922,0.002099049645138387,2.572,0.005836734693877551,False
env,val,beta_good_common,100,64,5004000,0.55,0.75,2.0,1,2000,0.14768932594358922,0.002099049645138387,2.572,0.005836734693877551,False
env,val,beta_good_common,100,64,5004000,0.55,0.75,3.0,1,2000,0.14768932594358922,0.002099049645138387,2.572,0.005836734693877551,False
env,val,beta_good_common,100,64,5004000,0.6,0.5,3.0,1,2000,0.1405074232518673,0.0019912541388135492,2.733,0.0074795918367346935,False
env,val,beta_good_common,100,64,5004000,0.6,0.5,4.0,1,2000,0.1405074232518673,0.0019912541388135492,2.733,0.0074795918367346935,False
env,val,beta_good_common,100,64,5004000,0.6,0.5,6.0,1,2000,0.1405074232518673,0.0019912541388135492,2.733,0.0074795918367346935,False
env,val,beta_good_common,100,64,5004000,0.6,0.5,8.0,1,2000,0.1405074232518673,0.0019912541388135492,2.733,0.0074795918367346935,False
env,val,beta_good_common,100,64,5004000,0.6,0.75,1.0,1,2000,0.1405074232518673,0.0019912541388135492,2.733,0.0074795918367346935,False
env,val,beta_good_common,100,64,5004000,0.6,0.75,1.5,1,2000,0.1405074232518673,0.0019912541388135492,2.733,0.0074795918367346935,False
env,val,beta_good_common,100,64,5004000,0.6,0.75,2.0,1,2000,0.1405074232518673,0.0019912541388135492,2.733,0.0074795918367346935,False
env,val,beta_good_common,100,64,5004000,0.625,0.5,3.0,1,2000,0.13094033682346343,0.0018963162908013293,3.1325,0.011556122448979592,False
env,val,beta_good_common,100,64,5004000,0.625,0.5,4.0,1,2000,0.13094033682346343,0.0018963162908013293,3.1325,0.011556122448979592,False
env,val,beta_good_common,100,64,5004000,0.6,0.75,3.0,1,2000,0.1405074232518673,0.0019912541388135492,2.733,0.0074795918367346935,False
env,val,beta_good_common,100,64,5004000,0.625,0.5,6.0,1,2000,0.13094033682346343,0.0018963162908013293,3.1325,0.011556122448979592,False
env,val,beta_good_common,100,64,5004000,0.625,0.5,8.0,1,2000,0.13094033682346343,0.0018963162908013293,3.1325,0.011556122448979592,False
env,val,beta_good_common,100,64,5004000,0.625,0.75,1.5,1,2000,0.13094033682346343,0.0018963162908013293,3.1325,0.011556122448979592,False
env,val,beta_good_common,100,64,5004000,0.625,0.75,1.0,1,2000,0.13094033682346343,0.0018963162908013293,3.1325,0.011556122448979592,False
env,val,beta_good_common,100,64,5004000,0.625,0.75,2.0,1,2000,0.13094033682346343,0.0018963162908013293,3.1325,0.011556122448979592,False
env,val,beta_good_common,100,64,5004000,0.625,0.75,3.0,1,2000,0.13094033682346343,0.0018963162908013293,3.1325,0.011556122448979592,False
env,val,beta_good_common,100,64,5004000,0.65,0.5,3.0,1,2000,0.12560169002413749,0.0018329536460322906,3.3225,0.013494897959183674,False
env,val,beta_good_common,100,64,5004000,0.65,0.5,4.0,1,2000,0.12560169002413749,0.0018329536460322906,3.3225,0.013494897959183674,False
env,val,beta_good_common,100,64,5004000,0.65,0.5,6.0,1,2000,0.12560169002413749,0.0018329536460322906,3.3225,0.013494897959183674,False
env,val,beta_good_common,100,64,5004000,0.65,0.75,1.0,1,2000,0.12560169002413749,0.0018329536460322906,3.3225,0.013494897959183674,False
env,val,beta_good_common,100,64,5004000,0.65,0.75,1.5,1,2000,0.12560169002413749,0.0018329536460322906,3.3225,0.013494897959183674,False
env,val,beta_good_common,100,64,5004000,0.675,0.5,3.0,1,2000,0.07311346065998077,0.0014955983748234601,30.0,0.2857142857142856,False
env,val,beta_good_common,100,64,5004000,0.65,0.5,8.0,1,2000,0.12560169002413749,0.0018329536460322906,3.3225,0.013494897959183674,False
env,val,beta_good_common,100,64,5004000,0.65,0.75,2.0,1,2000,0.12560169002413749,0.0018329536460322906,3.3225,0.013494897959183674,False
env,val,beta_good_common,100,64,5004000,0.65,0.75,3.0,1,2000,0.12560169002413749,0.0018329536460322906,3.3225,0.013494897959183674,False
env,val,beta_good_common,100,64,5004000,0.675,0.5,4.0,1,2000,0.07925091549754143,0.0016375547327185857,40.0,0.38775510204081615,False
env,val,beta_good_common,100,64,5004000,0.675,0.5,6.0,1,2000,0.09790436732769013,0.0018154729623605368,60.0,0.5918367346938778,False
env,val,beta_good_common,100,64,5004000,0.675,0.5,8.0,1,2000,0.10234859672188759,0.0018684319530329402,64.0,0.6326530612244898,False
env,val,beta_good_common,100,64,5004000,0.675,0.75,1.0,1,2000,0.07413223218917847,0.001500858992201495,32.0,0.3061224489795918,False
env,val,beta_good_common,100,64,5004000,0.7,0.5,3.0,1,2000,0.07311346065998077,0.0014955983748234601,30.0,0.2857142857142856,False
env,val,beta_good_common,100,64,5004000,0.675,0.75,1.5,1,2000,0.08704018464684486,0.0017089900370268953,48.0,0.4693877551020407,False
env,val,beta_good_common,100,64,5004000,0.7,0.75,1.0,1,2000,0.07413223218917847,0.001500858992201495,32.0,0.3061224489795918,False
env,val,beta_good_common,100,64,5004000,0.7,0.5,4.0,1,2000,0.07925091549754143,0.0016375547327185857,40.0,0.38775510204081615,False
env,val,beta_good_common,100,64,5004000,0.675,0.75,2.0,1,2000,0.10234859672188759,0.0018684319530329402,64.0,0.6326530612244898,False
env,val,beta_good_common,100,64,5004000,0.7,0.5,6.0,1,2000,0.09790436732769013,0.0018154729623605368,60.0,0.5918367346938778,False
env,val,beta_good_common,100,64,5004000,0.7,0.5,8.0,1,2000,0.10234859672188759,0.0018684319530329402,64.0,0.6326530612244898,False
env,val,beta_good_common,100,64,5004000,0.675,0.75,3.0,1,2000,0.10234859672188759,0.0018684319530329402,64.0,0.6326530612244898,False
env,val,beta_good_common,100,64,5004000,0.7,0.75,1.5,1,2000,0.08704018464684486,0.0017089900370268953,48.0,0.4693877551020407,False
env,val,beta_good_common,100,64,5004000,0.7,0.75,2.0,1,2000,0.10234859672188759,0.0018684319530329402,64.0,0.6326530612244898,False
env,val,beta_good_common,100,64,5004000,0.7,0.75,3.0,1,2000,0.10234859672188759,0.0018684319530329402,64.0,0.6326530612244898,False
env,val,beta_good_common,200,64,5007000,0.55,0.5,3.0,1,2000,0.14636017832159995,0.0019533185381384014,2.5535,0.002795454545454546,False
env,val,beta_good_common,200,64,5007000,0.55,0.5,4.0,1,2000,0.14636017832159995,0.0019533185381384014,2.5535,0.002795454545454546,False
env,val,beta_good_common,200,64,5007000,0.55,0.5,6.0,1,2000,0.14636017832159995,0.0019533185381384014,2.5535,0.002795454545454546,False
env,val,beta_good_common,200,64,5007000,0.55,0.5,8.0,1,2000,0.14636017832159995,0.0019533185381384014,2.5535,0.002795454545454546,False
env,val,beta_good_common,200,64,5007000,0.55,0.75,1.0,1,2000,0.14636017832159995,0.0019533185381384014,2.5535,0.002795454545454546,False
env,val,beta_good_common,200,64,5007000,0.55,0.75,1.5,1,2000,0.14636017832159995,0.0019533185381384014,2.5535,0.002795454545454546,False
env,val,beta_good_common,200,64,5007000,0.55,0.75,3.0,1,2000,0.14636017832159995,0.0019533185381384014,2.5535,0.002795454545454546,False
env,val,beta_good_common,200,64,5007000,0.55,0.75,2.0,1,2000,0.14636017832159995,0.0019533185381384014,2.5535,0.002795454545454546,False
env,val,beta_good_common,200,64,5007000,0.6,0.5,3.0,1,2000,0.13850815597176552,0.001819667745406151,2.6995,0.003532828282828283,False
env,val,beta_good_common,200,64,5007000,0.6,0.5,4.0,1,2000,0.13850815597176552,0.001819667745406151,2.6995,0.003532828282828283,False
env,val,beta_good_common,200,64,5007000,0.6,0.5,6.0,1,2000,0.13850815597176552,0.001819667745406151,2.6995,0.003532828282828283,False
env,val,beta_good_common,200,64,5007000,0.6,0.5,8.0,1,2000,0.13850815597176552,0.001819667745406151,2.6995,0.003532828282828283,False
env,val,beta_good_common,200,64,5007000,0.6,0.75,1.0,1,2000,0.13850815597176552,0.001819667745406151,2.6995,0.003532828282828283,False
env,val,beta_good_common,200,64,5007000,0.6,0.75,1.5,1,2000,0.13850815597176552,0.001819667745406151,2.6995,0.003532828282828283,False
env,val,beta_good_common,200,64,5007000,0.6,0.75,2.0,1,2000,0.13850815597176552,0.001819667745406151,2.6995,0.003532828282828283,False
env,val,beta_good_common,200,64,5007000,0.6,0.75,3.0,1,2000,0.13850815597176552,0.001819667745406151,2.6995,0.003532828282828283,False
env,val,beta_good_common,200,64,5007000,0.625,0.5,4.0,1,2000,0.1286299142241478,0.0017000082068057065,3.0665,0.005386363636363637,False
env,val,beta_good_common,200,64,5007000,0.625,0.5,3.0,1,2000,0.1286299142241478,0.0017000082068057065,3.0665,0.005386363636363637,False
env,val,beta_good_common,200,64,5007000,0.625,0.5,6.0,1,2000,0.1286299142241478,0.0017000082068057065,3.0665,0.005386363636363637,False
env,val,beta_good_common,200,64,5007000,0.625,0.5,8.0,1,2000,0.1286299142241478,0.0017000082068057065,3.0665,0.005386363636363637,False
env,val,beta_good_common,200,64,5007000,0.625,0.75,1.0,1,2000,0.1286299142241478,0.0017000082068057065,3.0665,0.005386363636363637,False
env,val,beta_good_common,200,64,5007000,0.625,0.75,1.5,1,2000,0.1286299142241478,0.0017000082068057065,3.0665,0.005386363636363637,False
env,val,beta_good_common,200,64,5007000,0.625,0.75,2.0,1,2000,0.1286299142241478,0.0017000082068057065,3.0665,0.005386363636363637,False
env,val,beta_good_common,200,64,5007000,0.625,0.75,3.0,1,2000,0.1286299142241478,0.0017000082068057065,3.0665,0.005386363636363637,False
env,val,beta_good_common,200,64,5007000,0.65,0.5,3.0,1,2000,0.12404237538576127,0.0016392639870674761,3.2505,0.006315656565656566,False
env,val,beta_good_common,200,64,5007000,0.65,0.5,6.0,1,2000,0.12404237538576127,0.0016392639870674761,3.2505,0.006315656565656566,False
env,val,beta_good_common,200,64,5007000,0.65,0.5,4.0,1,2000,0.12404237538576127,0.0016392639870674761,3.2505,0.006315656565656566,False
env,val,beta_good_common,200,64,5007000,0.65,0.5,8.0,1,2000,0.12404237538576127,0.0016392639870674761,3.2505,0.006315656565656566,False
env,val,beta_good_common,200,64,5007000,0.65,0.75,1.0,1,2000,0.12404237538576127,0.0016392639870674761,3.2505,0.006315656565656566,False
env,val,beta_good_common,200,64,5007000,0.65,0.75,1.5,1,2000,0.12404237538576127,0.0016392639870674761,3.2505,0.006315656565656566,False
env,val,beta_good_common,200,64,5007000,0.65,0.75,2.0,1,2000,0.12404237538576127,0.0016392639870674761,3.2505,0.006315656565656566,False
env,val,beta_good_common,200,64,5007000,0.65,0.75,3.0,1,2000,0.12404237538576127,0.0016392639870674761,3.2505,0.006315656565656566,False
env,val,beta_good_common,200,64,5007000,0.675,0.5,3.0,1,2000,0.05491115060448647,0.001124256848571447,43.0,0.20707070707070716,False
env,val,beta_good_common,200,64,5007000,0.675,0.5,4.0,1,2000,0.057494681656360624,0.0011790663941334597,57.0,0.2777777777777778,False
env,val,beta_good_common,200,64,5007000,0.675,0.5,6.0,1,2000,0.05879899135231972,0.0011978891269134168,64.0,0.31313131313131315,False
env,val,beta_good_common,200,64,5007000,0.675,0.5,8.0,1,2000,0.05879899135231972,0.0011978891269134168,64.0,0.31313131313131315,False
env,val,beta_good_common,200,64,5007000,0.675,0.75,1.0,1,2000,0.056923432558774946,0.0011870608867809247,54.0,0.2626262626262626,False
env,val,beta_good_common,200,64,5007000,0.675,0.75,1.5,1,2000,0.05879899135231972,0.0011978891269134168,64.0,0.31313131313131315,False
env,val,beta_rare_excellent,50,64,5046000,0.55,0.5,3.0,1,2000,0.16809588738926687,0.0027229839522880067,20.936,0.3945000000000001,False
env,val,beta_good_common,200,64,5007000,0.675,0.75,2.0,1,2000,0.05879899135231972,0.0011978891269134168,64.0,0.31313131313131315,False
env,val,beta_good_common,200,64,5007000,0.675,0.75,3.0,1,2000,0.05879899135231972,0.0011978891269134168,64.0,0.31313131313131315,False
env,val,beta_good_common,200,64,5007000,0.7,0.5,3.0,1,2000,0.05491115060448647,0.001124256848571447,43.0,0.20707070707070716,False
env,val,beta_good_common,200,64,5007000,0.7,0.5,4.0,1,2000,0.057494681656360624,0.0011790663941334597,57.0,0.2777777777777778,False
env,val,beta_rare_excellent,50,64,5046000,0.55,0.5,4.0,1,2000,0.16879732317500748,0.0027176701390123448,26.0265,0.5005520833333333,False
env,val,beta_good_common,200,64,5007000,0.7,0.5,6.0,1,2000,0.05879899135231972,0.0011978891269134168,64.0,0.31313131313131315,False
env,val,beta_rare_excellent,50,64,5046000,0.55,0.5,6.0,1,2000,0.17278735316358507,0.0027806480630927764,32.404,0.6334166666666667,False
env,val,beta_rare_excellent,50,64,5046000,0.55,0.5,8.0,1,2000,0.17450631883600726,0.0028002559401870907,32.7475,0.6405729166666666,False
env,val,beta_good_common,200,64,5007000,0.7,0.5,8.0,1,2000,0.05879899135231972,0.0011978891269134168,64.0,0.31313131313131315,False
env,val,beta_good_common,200,64,5007000,0.7,0.75,1.0,1,2000,0.056923432558774946,0.0011870608867809247,54.0,0.2626262626262626,False
env,val,beta_rare_excellent,50,64,5046000,0.55,0.75,1.0,1,2000,0.16502937532868237,0.0027442146410175993,18.4165,0.34201041666666676,False
env,val,beta_rare_excellent,50,64,5046000,0.55,0.75,1.5,1,2000,0.16879732317500748,0.0027176701390123448,26.0265,0.5005520833333333,False
env,val,beta_rare_excellent,50,64,5046000,0.55,0.75,2.0,1,2000,0.16689776537148282,0.00275692238305614,30.847,0.6009791666666666,False
env,val,beta_rare_excellent,50,64,5046000,0.6,0.5,3.0,1,2000,0.16827448014193214,0.0027147191607697365,21.2265,0.4005520833333334,False
env,val,beta_rare_excellent,50,64,5046000,0.6,0.5,4.0,1,2000,0.16892553924419917,0.002711705781702436,26.451,0.5093958333333334,False
env,val,beta_rare_excellent,50,64,5046000,0.55,0.75,3.0,1,2000,0.17450631883600726,0.0028002559401870907,32.7475,0.6405729166666666,False
env,val,beta_good_common,200,64,5007000,0.7,0.75,1.5,1,2000,0.05879899135231972,0.0011978891269134168,64.0,0.31313131313131315,False
env,val,beta_rare_excellent,50,64,5046000,0.6,0.5,6.0,1,2000,0.17318644033744932,0.002780926850166857,32.9135,0.64403125,False
env,val,beta_rare_excellent,50,64,5046000,0.6,0.75,1.0,1,2000,0.16533511453773828,0.0027383570468031988,18.6115,0.3460729166666667,False
env,val,beta_rare_excellent,50,64,5046000,0.6,0.75,1.5,1,2000,0.16892553924419917,0.002711705781702436,26.451,0.5093958333333334,False
env,val,beta_rare_excellent,50,64,5046000,0.6,0.5,8.0,1,2000,0.1749054060098715,0.002800410231630019,33.257,0.6511875,False
env,val,beta_good_common,200,64,5007000,0.7,0.75,2.0,1,2000,0.05879899135231972,0.0011978891269134168,64.0,0.31313131313131315,False
env,val,beta_rare_excellent,50,64,5046000,0.6,0.75,2.0,1,2000,0.16718461023038253,0.002751322909665399,31.3455,0.6113645833333333,False
env,val,beta_good_common,200,64,5007000,0.7,0.75,3.0,1,2000,0.05879899135231972,0.0011978891269134168,64.0,0.31313131313131315,False
env,val,beta_rare_excellent,50,64,5046000,0.625,0.5,3.0,1,2000,0.16796090842573905,0.002718539282829543,21.6245,0.4088437500000001,False
env,val,beta_rare_excellent,50,64,5046000,0.6,0.75,3.0,1,2000,0.1749054060098715,0.002800410231630019,33.257,0.6511875,False
env,val,beta_rare_excellent,50,64,5046000,0.625,0.5,4.0,1,2000,0.16809598983149043,0.0027143411068988655,27.7145,0.53571875,False
env,val,beta_rare_excellent,50,64,5046000,0.625,0.5,6.0,1,2000,0.17421055798837914,0.0027779135663335342,35.5575,0.6991145833333332,False
env,val,beta_rare_excellent,50,64,5046000,0.625,0.75,1.0,1,2000,0.16569614727701992,0.002736572095705145,18.795,0.34989583333333335,False
env,val,beta_rare_excellent,50,64,5046000,0.625,0.5,8.0,1,2000,0.17595925944577903,0.002797321123457125,35.9095,0.7064479166666667,False
env,val,beta_rare_excellent,50,64,5046000,0.625,0.75,1.5,1,2000,0.16809598983149043,0.0027143411068988655,27.7145,0.53571875,False
env,val,beta_rare_excellent,50,64,5046000,0.625,0.75,2.0,1,2000,0.1668268004786223,0.002744185462925089,33.744,0.6613333333333333,False
env,val,beta_rare_excellent,50,64,5046000,0.625,0.75,3.0,1,2000,0.17595925944577903,0.002797321123457125,35.9095,0.7064479166666667,False
env,val,beta_rare_excellent,50,64,5046000,0.65,0.5,3.0,1,2000,0.16807451657741332,0.002718884106622309,21.689,0.41018750000000004,False
env,val,beta_rare_excellent,50,64,5046000,0.65,0.5,4.0,1,2000,0.16822950840066186,0.002715221441065122,27.809,0.5376875,False
env,val,beta_rare_excellent,50,64,5046000,0.65,0.75,1.0,1,2000,0.1658097554286942,0.0027369616752867007,18.844,0.3509166666666667,False
env,val,beta_rare_excellent,50,64,5046000,0.65,0.75,1.5,1,2000,0.16822950840066186,0.002715221441065122,27.809,0.5376875,False
env,val,beta_rare_excellent,50,64,5046000,0.65,0.5,6.0,1,2000,0.17449989776918665,0.002778104920505379,35.6765,0.70159375,False
env,val,beta_rare_excellent,50,64,5046000,0.65,0.5,8.0,1,2000,0.17624859922658653,0.002797420671448674,36.0285,0.7089270833333333,False
env,val,beta_rare_excellent,50,64,5046000,0.675,0.5,3.0,1,2000,0.16809502394660375,0.0027192738811438683,22.0,0.41666666666666674,False
env,val,beta_rare_excellent,50,64,5046000,0.675,0.5,4.0,1,2000,0.16542714333231562,0.002698456423237492,29.0,0.5625,False
env,val,beta_rare_excellent,50,64,5046000,0.65,0.75,2.0,1,2000,0.1671161402594298,0.0027447685705295558,33.863,0.6638125,False
env,val,beta_rare_excellent,50,64,5046000,0.65,0.75,3.0,1,2000,0.17624859922658653,0.002797420671448674,36.0285,0.7089270833333333,False
env,val,beta_rare_excellent,50,64,5046000,0.675,0.75,1.0,1,2000,0.16534462114516646,0.002736952592340627,19.0,0.3541666666666667,False
env,val,beta_rare_excellent,50,64,5046000,0.675,0.5,6.0,1,2000,0.16415017614816316,0.002727724723716844,43.0,0.8541666666666665,False
env,val,beta_rare_excellent,50,64,5046000,0.675,0.75,1.5,1,2000,0.16542714333231562,0.002698456423237492,29.0,0.5625,False
env,val,beta_rare_excellent,50,64,5046000,0.675,0.5,8.0,1,2000,0.2049431271313224,0.002769416851874459,50.0,1.0,False
env,val,beta_rare_excellent,50,64,5046000,0.7,0.5,3.0,1,2000,0.16809502394660375,0.0027192738811438683,22.0,0.41666666666666674,False
env,val,beta_rare_excellent,50,64,5046000,0.7,0.5,4.0,1,2000,0.16542714333231562,0.002698456423237492,29.0,0.5625,False
env,val,beta_rare_excellent,50,64,5046000,0.675,0.75,2.0,1,2000,0.16098315194272436,0.00271652091440827,38.0,0.75,False
env,val,beta_rare_excellent,50,64,5046000,0.675,0.75,3.0,1,2000,0.2049431271313224,0.002769416851874459,50.0,1.0,False
env,val,beta_rare_excellent,50,64,5046000,0.7,0.75,1.0,1,2000,0.16534462114516646,0.002736952592340627,19.0,0.3541666666666667,False
env,val,beta_rare_excellent,50,64,5046000,0.7,0.75,1.5,1,2000,0.16542714333231562,0.002698456423237492,29.0,0.5625,False
env,val,beta_rare_excellent,50,64,5046000,0.7,0.5,6.0,1,2000,0.16415017614816316,0.002727724723716844,43.0,0.8541666666666665,False
env,val,beta_rare_excellent,50,64,5046000,0.7,0.5,8.0,1,2000,0.2049431271313224,0.002769416851874459,50.0,1.0,False
env,val,beta_rare_excellent,50,64,5046000,0.7,0.75,2.0,1,2000,0.16098315194272436,0.00271652091440827,38.0,0.75,False
env,val,beta_rare_excellent,50,64,5046000,0.7,0.75,3.0,1,2000,0.2049431271313224,0.002769416851874459,50.0,1.0,False
env,val,beta_rare_excellent,100,64,5049000,0.55,0.5,3.0,1,2000,0.1770910647860728,0.0027909131091476973,29.4975,0.28058673469387746,False
env,val,beta_rare_excellent,100,64,5049000,0.55,0.75,1.0,1,2000,0.17665083647007124,0.0027947777302395685,31.3345,0.2993316326530613,False
env,val,beta_rare_excellent,100,64,5049000,0.55,0.5,6.0,1,2000,0.17533431997150184,0.0028121060673526235,50.9225,0.49920918367346945,False
env,val,beta_rare_excellent,100,64,5049000,0.55,0.5,4.0,1,2000,0.17383781451312824,0.0027929958097868603,38.251,0.369908163265306,False
env,val,beta_rare_excellent,100,64,5049000,0.55,0.5,8.0,1,2000,0.1743533463999629,0.002809538128438483,52.675,0.5170918367346939,False
env,val,beta_rare_excellent,100,64,5049000,0.6,0.5,3.0,1,2000,0.17677022119006142,0.002775860862257431,29.756,0.2832244897959183,False
env,val,beta_rare_excellent,100,64,5049000,0.55,0.75,1.5,1,2000,0.18015770135540515,0.002850167055236347,44.224,0.43085714285714277,False
env,val,beta_rare_excellent,100,64,5049000,0.55,0.75,3.0,1,2000,0.1743533463999629,0.002809538128438483,52.675,0.5170918367346939,False
env,val,beta_rare_excellent,100,64,5049000,0.55,0.75,2.0,1,2000,0.1743533463999629,0.002809538128438483,52.675,0.5170918367346939,False
env,val,beta_rare_excellent,100,64,5049000,0.6,0.5,4.0,1,2000,0.174956309359055,0.002775603949638074,39.086,0.37842857142857134,False
env,val,beta_rare_excellent,100,64,5049000,0.6,0.5,6.0,1,2000,0.17880471490137279,0.0027898977925991464,52.762,0.5179795918367347,False
env,val,beta_rare_excellent,100,64,5049000,0.6,0.5,8.0,1,2000,0.1782994471732527,0.002788127191680403,54.602,0.5367551020408163,False
env,val,beta_rare_excellent,100,64,5049000,0.6,0.75,1.0,1,2000,0.1761425720551051,0.0027951705126856336,31.6755,0.3028112244897959,False
env,val,beta_rare_excellent,100,64,5049000,0.6,0.75,2.0,1,2000,0.1782994471732527,0.002788127191680403,54.602,0.5367551020408163,False
env,val,beta_rare_excellent,100,64,5049000,0.6,0.75,3.0,1,2000,0.1782994471732527,0.002788127191680403,54.602,0.5367551020408163,False
env,val,beta_rare_excellent,100,64,5049000,0.625,0.5,3.0,1,2000,0.17664707859000192,0.002782593045669089,29.873,0.2844183673469387,False
env,val,beta_rare_excellent,100,64,5049000,0.6,0.75,1.5,1,2000,0.18348863156791775,0.0028290079350717662,45.5995,0.4448928571428571,False
env,val,beta_rare_excellent,100,64,5049000,0.625,0.75,1.0,1,2000,0.17575989153096452,0.002795353663138161,31.8285,0.30437244897959187,False
env,val,beta_rare_excellent,100,64,5049000,0.625,0.5,4.0,1,2000,0.17388197563542054,0.002779229748087679,39.5205,0.38286224489795906,False
env,val,beta_rare_excellent,100,64,5049000,0.625,0.5,6.0,1,2000,0.17893821102287621,0.0027788739028358034,56.726,0.5584285714285716,False
env,val,beta_rare_excellent,100,64,5049000,0.625,0.5,8.0,1,2000,0.17756938337069006,0.0027620806206739793,59.648,0.5882448979591837,False
env,val,beta_rare_excellent,100,64,5049000,0.625,0.75,1.5,1,2000,0.1829521243693307,0.002810656206933853,46.879,0.45794897959183667,False
env,val,beta_rare_excellent,100,64,5049000,0.65,0.5,3.0,1,2000,0.17664817847451195,0.0027825856934444314,29.9125,0.2848214285714285,False
env,val,beta_rare_excellent,100,64,5049000,0.625,0.75,3.0,1,2000,0.17756938337069006,0.0027620806206739793,59.648,0.5882448979591837,False
env,val,beta_rare_excellent,100,64,5049000,0.625,0.75,2.0,1,2000,0.17756938337069006,0.0027620806206739793,59.648,0.5882448979591837,False
env,val,beta_rare_excellent,100,64,5049000,0.65,0.75,1.0,1,2000,0.17586574323335663,0.002794074585504472,31.8845,0.3049438775510204,False
env,val,beta_rare_excellent,100,64,5049000,0.65,0.5,4.0,1,2000,0.17361032083211467,0.002776796237571171,39.6665,0.3843520408163264,False
env,val,beta_rare_excellent,100,64,5049000,0.675,0.5,3.0,1,2000,0.17663543644314633,0.0027808757317599442,30.0,0.2857142857142856,False
env,val,beta_rare_excellent,100,64,5049000,0.65,0.5,6.0,1,2000,0.17897298046108334,0.002783217049878293,57.1295,0.5625459183673471,False
env,val,beta_rare_excellent,100,64,5049000,0.65,0.5,8.0,1,2000,0.17761051775421946,0.002764533332372285,60.0955,0.592811224489796,False
env,val,beta_rare_excellent,100,64,5049000,0.65,0.75,1.5,1,2000,0.18307735298294575,0.002808717036605756,47.148,0.4606938775510203,False
env,val,beta_rare_excellent,100,64,5049000,0.65,0.75,2.0,1,2000,0.17761051775421946,0.002764533332372285,60.0955,0.592811224489796,False
env,val,beta_rare_excellent,100,64,5049000,0.65,0.75,3.0,1,2000,0.17761051775421946,0.002764533332372285,60.0955,0.592811224489796,False
env,val,beta_rare_excellent,100,64,5049000,0.675,0.5,4.0,1,2000,0.1731924500647001,0.0027924341700168408,40.0,0.38775510204081615,False
env,val,beta_rare_excellent,100,64,5049000,0.675,0.75,1.0,1,2000,0.17591968368226663,0.0027936487996593072,32.0,0.3061224489795918,False
env,val,beta_rare_excellent,100,64,5049000,0.675,0.5,6.0,1,2000,0.17700764192268253,0.00278152049609338,60.0,0.5918367346938778,False
env,val,beta_rare_excellent,100,64,5049000,0.675,0.5,8.0,1,2000,0.17460028973594308,0.0027693919941951845,64.0,0.6326530612244898,False
env,val,beta_rare_excellent,100,64,5049000,0.7,0.5,3.0,1,2000,0.17663543644314633,0.0027808757317599442,30.0,0.2857142857142856,False
env,val,beta_rare_excellent,100,64,5049000,0.675,0.75,1.5,1,2000,0.1821285530226305,0.0028131459164112698,48.0,0.4693877551020407,False
env,val,beta_rare_excellent,100,64,5049000,0.7,0.5,4.0,1,2000,0.1731924500647001,0.0027924341700168408,40.0,0.38775510204081615,False
env,val,beta_rare_excellent,100,64,5049000,0.675,0.75,3.0,1,2000,0.17460028973594308,0.0027693919941951845,64.0,0.6326530612244898,False
env,val,beta_rare_excellent,100,64,5049000,0.675,0.75,2.0,1,2000,0.17460028973594308,0.0027693919941951845,64.0,0.6326530612244898,False
env,val,beta_rare_excellent,100,64,5049000,0.7,0.75,1.0,1,2000,0.17591968368226663,0.0027936487996593072,32.0,0.3061224489795918,False
env,val,beta_rare_excellent,100,64,5049000,0.7,0.5,6.0,1,2000,0.17700764192268253,0.00278152049609338,60.0,0.5918367346938778,False
env,val,beta_rare_excellent,100,64,5049000,0.7,0.5,8.0,1,2000,0.17460028973594308,0.0027693919941951845,64.0,0.6326530612244898,False
env,val,beta_rare_excellent,100,64,5049000,0.7,0.75,1.5,1,2000,0.1821285530226305,0.0028131459164112698,48.0,0.4693877551020407,False
env,val,beta_rare_excellent,100,64,5049000,0.7,0.75,2.0,1,2000,0.17460028973594308,0.0027693919941951845,64.0,0.6326530612244898,False
env,val,beta_rare_excellent,100,64,5049000,0.7,0.75,3.0,1,2000,0.17460028973594308,0.0027693919941951845,64.0,0.6326530612244898,False
env,val,beta_rare_excellent,200,64,5052000,0.55,0.5,3.0,1,2000,0.17285922401677817,0.002742799790344478,42.5425,0.2047601010101011,False
env,val,beta_rare_excellent,200,64,5052000,0.55,0.5,4.0,1,2000,0.17874711825326084,0.0027300732806224306,55.7925,0.2716792929292929,False
env,val,beta_rare_excellent,200,64,5052000,0.55,0.5,6.0,1,2000,0.1791116066761315,0.002741193299364184,62.0435,0.30325,False
env,val,beta_rare_excellent,200,64,5052000,0.55,0.75,1.0,1,2000,0.17645457153208555,0.002716580479588218,53.0145,0.2576489898989898,False
env,val,beta_rare_excellent,200,64,5052000,0.55,0.75,2.0,1,2000,0.1791116066761315,0.002741193299364184,62.0435,0.30325,False
env,val,beta_rare_excellent,200,64,5052000,0.55,0.5,8.0,1,2000,0.1791116066761315,0.002741193299364184,62.0435,0.30325,False
env,val,beta_rare_excellent,200,64,5052000,0.55,0.75,1.5,1,2000,0.1791116066761315,0.002741193299364184,62.0435,0.30325,False
env,val,beta_rare_excellent,200,64,5052000,0.6,0.5,4.0,1,2000,0.17906746843829752,0.002726323892163507,56.3765,0.2746287878787878,False
env,val,beta_rare_excellent,200,64,5052000,0.55,0.75,3.0,1,2000,0.1791116066761315,0.002741193299364184,62.0435,0.30325,False
env,val,beta_rare_excellent,200,64,5052000,0.6,0.5,3.0,1,2000,0.17292483400087805,0.002739654078287136,42.7785,0.2059520202020203,False
env,val,beta_rare_excellent,200,64,5052000,0.6,0.5,8.0,1,2000,0.17800266898982225,0.0027374580959674774,63.0165,0.30816414141414145,False
env,val,beta_rare_excellent,200,64,5052000,0.6,0.5,6.0,1,2000,0.17800266898982225,0.0027374580959674774,63.0165,0.30816414141414145,False
env,val,beta_rare_excellent,200,64,5052000,0.6,0.75,1.0,1,2000,0.17649871118180455,0.002712607163520297,53.491,0.26005555555555554,False
env,val,beta_rare_excellent,200,64,5052000,0.6,0.75,1.5,1,2000,0.17800266898982225,0.0027374580959674774,63.0165,0.30816414141414145,False
env,val,beta_rare_excellent,200,64,5052000,0.625,0.5,3.0,1,2000,0.1729910718454048,0.002735723002538415,42.9005,0.2065681818181819,False
env,val,beta_rare_excellent,200,64,5052000,0.625,0.5,6.0,1,2000,0.17819029597751795,0.0027271272788294736,63.5495,0.31085606060606064,False
env,val,beta_rare_excellent,200,64,5052000,0.6,0.75,3.0,1,2000,0.17800266898982225,0.0027374580959674774,63.0165,0.30816414141414145,False
env,val,beta_rare_excellent,200,64,5052000,0.6,0.75,2.0,1,2000,0.17800266898982225,0.0027374580959674774,63.0165,0.30816414141414145,False
env,val,beta_rare_excellent,200,64,5052000,0.625,0.5,8.0,1,2000,0.17819029597751795,0.0027271272788294736,63.5495,0.31085606060606064,False
env,val,beta_rare_excellent,200,64,5052000,0.625,0.75,1.0,1,2000,0.1767707791775465,0.0027136311064304957,53.769,0.2614595959595959,False
env,val,beta_rare_excellent,200,64,5052000,0.625,0.5,4.0,1,2000,0.179006702972576,0.0027126676779723946,56.7135,0.27633080808080807,False
env,val,beta_rare_excellent,200,64,5052000,0.625,0.75,1.5,1,2000,0.17819029597751795,0.0027271272788294736,63.5495,0.31085606060606064,False
env,val,beta_rare_excellent,200,64,5052000,0.625,0.75,2.0,1,2000,0.17819029597751795,0.0027271272788294736,63.5495,0.31085606060606064,False
env,val,beta_rare_excellent,200,64,5052000,0.625,0.75,3.0,1,2000,0.17819029597751795,0.0027271272788294736,63.5495,0.31085606060606064,False
env,val,beta_rare_excellent,200,64,5052000,0.65,0.5,3.0,1,2000,0.17289172659348698,0.0027364780373353302,42.9375,0.20675505050505058,False
env,val,beta_rare_excellent,200,64,5052000,0.65,0.5,4.0,1,2000,0.17894173370860517,0.002712778646247753,56.843,0.2769848484848485,False
env,val,beta_rare_excellent,200,64,5052000,0.65,0.75,1.0,1,2000,0.17673347905278206,0.0027135558368923058,53.8745,0.2619924242424242,False
env,val,beta_rare_excellent,200,64,5052000,0.65,0.5,6.0,1,2000,0.17799505930580198,0.002723598758243113,63.7385,0.3118106060606061,False
env,val,beta_rare_excellent,200,64,5052000,0.675,0.5,3.0,1,2000,0.17294877515267582,0.0027370348893925294,43.0,0.20707070707070716,False
env,val,beta_rare_excellent,200,64,5052000,0.65,0.5,8.0,1,2000,0.17799505930580198,0.002723598758243113,63.7385,0.3118106060606061,False
env,val,beta_rare_excellent,200,64,5052000,0.65,0.75,1.5,1,2000,0.17799505930580198,0.002723598758243113,63.7385,0.3118106060606061,False
env,val,beta_rare_excellent,200,64,5052000,0.65,0.75,2.0,1,2000,0.17799505930580198,0.002723598758243113,63.7385,0.3118106060606061,False
env,val,beta_rare_excellent,200,64,5052000,0.65,0.75,3.0,1,2000,0.17799505930580198,0.002723598758243113,63.7385,0.3118106060606061,False
env,val,beta_rare_excellent,200,64,5052000,0.675,0.5,6.0,1,2000,0.1777677250225097,0.0027311596513710386,64.0,0.31313131313131315,False
env,val,beta_rare_excellent,200,64,5052000,0.675,0.5,4.0,1,2000,0.17892537434957922,0.0027131260089940847,57.0,0.2777777777777778,False
env,val,beta_rare_excellent,200,64,5052000,0.675,0.5,8.0,1,2000,0.1777677250225097,0.0027311596513710386,64.0,0.31313131313131315,False
env,val,beta_rare_excellent,200,64,5052000,0.675,0.75,1.0,1,2000,0.17670375289022922,0.0027140264254020318,54.0,0.2626262626262626,False
env,val,beta_rare_excellent,200,64,5052000,0.675,0.75,1.5,1,2000,0.1777677250225097,0.0027311596513710386,64.0,0.31313131313131315,False
env,val,beta_rare_excellent,200,64,5052000,0.675,0.75,2.0,1,2000,0.1777677250225097,0.0027311596513710386,64.0,0.31313131313131315,False
env,val,beta_rare_excellent,200,64,5052000,0.675,0.75,3.0,1,2000,0.1777677250225097,0.0027311596513710386,64.0,0.31313131313131315,False
env,val,beta_rare_excellent,200,64,5052000,0.7,0.5,3.0,1,2000,0.17294877515267582,0.0027370348893925294,43.0,0.20707070707070716,False
env,val,beta_rare_excellent,200,64,5052000,0.7,0.5,4.0,1,2000,0.17892537434957922,0.0027131260089940847,57.0,0.2777777777777778,False
env,val,beta_rare_excellent,200,64,5052000,0.7,0.5,6.0,1,2000,0.1777677250225097,0.0027311596513710386,64.0,0.31313131313131315,False
env,val,beta_rare_excellent,200,64,5052000,0.7,0.5,8.0,1,2000,0.1777677250225097,0.0027311596513710386,64.0,0.31313131313131315,False
env,val,beta_rare_excellent,200,64,5052000,0.7,0.75,1.0,1,2000,0.17670375289022922,0.0027140264254020318,54.0,0.2626262626262626,False
env,val,beta_rare_excellent,200,64,5052000,0.7,0.75,1.5,1,2000,0.1777677250225097,0.0027311596513710386,64.0,0.31313131313131315,False
env,val,beta_mostly_mediocre,50,64,5031000,0.55,0.5,3.0,1,2000,0.14916849833726883,0.002210489974473863,5.8785,0.08080208333333333,False
env,val,beta_rare_excellent,200,64,5052000,0.7,0.75,2.0,1,2000,0.1777677250225097,0.0027311596513710386,64.0,0.31313131313131315,False
env,val,beta_rare_excellent,200,64,5052000,0.7,0.75,3.0,1,2000,0.1777677250225097,0.0027311596513710386,64.0,0.31313131313131315,False
env,val,beta_mostly_mediocre,50,64,5031000,0.55,0.5,4.0,1,2000,0.14927229999005795,0.002215495555198285,5.891,0.0810625,False
env,val,beta_mostly_mediocre,50,64,5031000,0.55,0.5,6.0,1,2000,0.14940218444168568,0.0022190233654367617,5.8935,0.08111458333333334,False
env,val,beta_mostly_mediocre,50,64,5031000,0.55,0.75,1.0,1,2000,0.14945755134522914,0.002212550278356296,5.86,0.08041666666666666,False
env,val,beta_mostly_mediocre,50,64,5031000,0.55,0.5,8.0,1,2000,0.14940218444168568,0.0022190233654367617,5.8935,0.08111458333333334,False
env,val,beta_mostly_mediocre,50,64,5031000,0.55,0.75,1.5,1,2000,0.14927229999005795,0.002215495555198285,5.891,0.0810625,False
env,val,beta_mostly_mediocre,50,64,5031000,0.6,0.5,3.0,1,2000,0.14806124451756478,0.002292126402672503,7.18,0.10791666666666667,False
env,val,beta_mostly_mediocre,50,64,5031000,0.55,0.75,3.0,1,2000,0.14940218444168568,0.0022190233654367617,5.8935,0.08111458333333334,False
env,val,beta_mostly_mediocre,50,64,5031000,0.55,0.75,2.0,1,2000,0.14940218444168568,0.0022190233654367617,5.8935,0.08111458333333334,False
env,val,beta_mostly_mediocre,50,64,5031000,0.6,0.5,4.0,1,2000,0.14802617365121842,0.002291264234588577,7.193,0.1081875,False
env,val,beta_mostly_mediocre,50,64,5031000,0.6,0.5,6.0,1,2000,0.14815605810284616,0.0022947108461326008,7.1955,0.10823958333333335,False
env,val,beta_mostly_mediocre,50,64,5031000,0.6,0.5,8.0,1,2000,0.14815605810284616,0.0022947108461326008,7.1955,0.10823958333333335,False
env,val,beta_mostly_mediocre,50,64,5031000,0.6,0.75,1.0,1,2000,0.14849541427195073,0.0022965919649724368,7.1555,0.10740625,False
env,val,beta_mostly_mediocre,50,64,5031000,0.6,0.75,1.5,1,2000,0.14802617365121842,0.002291264234588577,7.193,0.1081875,False
env,val,beta_mostly_mediocre,50,64,5031000,0.6,0.75,2.0,1,2000,0.14815605810284616,0.0022947108461326008,7.1955,0.10823958333333335,False
env,val,beta_mostly_mediocre,50,64,5031000,0.6,0.75,3.0,1,2000,0.14815605810284616,0.0022947108461326008,7.1955,0.10823958333333335,False
env,val,beta_mostly_mediocre,50,64,5031000,0.625,0.5,3.0,1,2000,0.1469947991669178,0.0023071082022003003,9.226,0.15054166666666668,False
env,val,beta_mostly_mediocre,50,64,5031000,0.625,0.5,4.0,1,2000,0.1464438934624195,0.00230724397835166,9.3955,0.1540729166666667,False
env,val,beta_mostly_mediocre,50,64,5031000,0.625,0.75,1.5,1,2000,0.1464438934624195,0.00230724397835166,9.3955,0.1540729166666667,False
env,val,beta_mostly_mediocre,50,64,5031000,0.625,0.75,1.0,1,2000,0.14709680016338825,0.002309513570650495,9.052,0.14691666666666667,False
env,val,beta_mostly_mediocre,50,64,5031000,0.625,0.5,6.0,1,2000,0.14649999807775022,0.002306217625658762,9.414,0.1544583333333333,False
env,val,beta_mostly_mediocre,50,64,5031000,0.625,0.5,8.0,1,2000,0.14649999807775022,0.002306217625658762,9.414,0.1544583333333333,False
env,val,beta_mostly_mediocre,50,64,5031000,0.625,0.75,3.0,1,2000,0.14649999807775022,0.002306217625658762,9.414,0.1544583333333333,False
env,val,beta_mostly_mediocre,50,64,5031000,0.625,0.75,2.0,1,2000,0.14649999807775022,0.002306217625658762,9.414,0.1544583333333333,False
env,val,beta_mostly_mediocre,50,64,5031000,0.65,0.5,3.0,1,2000,0.14693599991500378,0.0023012544521932923,10.337,0.1736875,False
env,val,beta_mostly_mediocre,50,64,5031000,0.65,0.5,4.0,1,2000,0.14629944781959056,0.0022989223306744203,10.5265,0.17763541666666666,False
env,val,beta_mostly_mediocre,50,64,5031000,0.65,0.5,6.0,1,2000,0.14635555243492127,0.00229789402537496,10.545,0.17802083333333332,False
env,val,beta_mostly_mediocre,50,64,5031000,0.65,0.75,1.0,1,2000,0.1467457737326622,0.002289207863389317,10.119,0.16914583333333336,False
env,val,beta_mostly_mediocre,50,64,5031000,0.65,0.5,8.0,1,2000,0.14635555243492127,0.00229789402537496,10.545,0.17802083333333332,False
env,val,beta_mostly_mediocre,50,64,5031000,0.65,0.75,1.5,1,2000,0.14629944781959056,0.0022989223306744203,10.5265,0.17763541666666666,False
env,val,beta_mostly_mediocre,50,64,5031000,0.675,0.5,3.0,1,2000,0.14579921654611827,0.002397589310259564,22.0,0.41666666666666674,False
env,val,beta_mostly_mediocre,50,64,5031000,0.675,0.5,4.0,1,2000,0.15327056735754013,0.0024569066460166634,29.0,0.5625,False
env,val,beta_mostly_mediocre,50,64,5031000,0.65,0.75,2.0,1,2000,0.14635555243492127,0.00229789402537496,10.545,0.17802083333333332,False
env,val,beta_mostly_mediocre,50,64,5031000,0.65,0.75,3.0,1,2000,0.14635555243492127,0.00229789402537496,10.545,0.17802083333333332,False
env,val,beta_mostly_mediocre,50,64,5031000,0.675,0.75,1.0,1,2000,0.14579897408932446,0.002386709090806431,19.0,0.3541666666666667,False
env,val,beta_mostly_mediocre,50,64,5031000,0.675,0.5,6.0,1,2000,0.18340280363708736,0.002571704401363484,43.0,0.8541666666666665,False
env,val,beta_mostly_mediocre,50,64,5031000,0.675,0.5,8.0,1,2000,0.22556298184394835,0.0027704453517216282,50.0,1.0,False
env,val,beta_mostly_mediocre,50,64,5031000,0.675,0.75,1.5,1,2000,0.15327056735754013,0.0024569066460166634,29.0,0.5625,False
env,val,beta_mostly_mediocre,50,64,5031000,0.7,0.5,3.0,1,2000,0.14579921654611827,0.002397589310259564,22.0,0.41666666666666674,False
env,val,beta_mostly_mediocre,50,64,5031000,0.675,0.75,2.0,1,2000,0.16870584638416766,0.002492906568897639,38.0,0.75,False
env,val,beta_mostly_mediocre,50,64,5031000,0.7,0.5,4.0,1,2000,0.15327056735754013,0.0024569066460166634,29.0,0.5625,False
env,val,beta_mostly_mediocre,50,64,5031000,0.675,0.75,3.0,1,2000,0.22556298184394835,0.0027704453517216282,50.0,1.0,False
env,val,beta_mostly_mediocre,50,64,5031000,0.7,0.75,1.0,1,2000,0.14579897408932446,0.002386709090806431,19.0,0.3541666666666667,False
env,val,beta_mostly_mediocre,50,64,5031000,0.7,0.75,1.5,1,2000,0.15327056735754013,0.0024569066460166634,29.0,0.5625,False
env,val,beta_mostly_mediocre,50,64,5031000,0.7,0.5,6.0,1,2000,0.18340280363708736,0.002571704401363484,43.0,0.8541666666666665,False
env,val,beta_mostly_mediocre,50,64,5031000,0.7,0.5,8.0,1,2000,0.22556298184394835,0.0027704453517216282,50.0,1.0,False
env,val,beta_mostly_mediocre,50,64,5031000,0.7,0.75,2.0,1,2000,0.16870584638416766,0.002492906568897639,38.0,0.75,False
env,val,beta_mostly_mediocre,50,64,5031000,0.7,0.75,3.0,1,2000,0.22556298184394835,0.0027704453517216282,50.0,1.0,False
env,val,beta_mostly_mediocre,100,64,5034000,0.55,0.5,3.0,1,2000,0.15714225877821444,0.002144872271868665,6.8275,0.04926020408163266,False
env,val,beta_mostly_mediocre,100,64,5034000,0.55,0.5,4.0,1,2000,0.1572627600878477,0.002144105410209699,6.8335,0.04932142857142857,False
env,val,beta_mostly_mediocre,100,64,5034000,0.55,0.5,6.0,1,2000,0.1572627600878477,0.002144105410209699,6.8335,0.04932142857142857,False
env,val,beta_mostly_mediocre,100,64,5034000,0.55,0.75,1.0,1,2000,0.15719496424496174,0.0021451240425409903,6.8315,0.04930102040816327,False
env,val,beta_mostly_mediocre,100,64,5034000,0.55,0.5,8.0,1,2000,0.1572627600878477,0.002144105410209699,6.8335,0.04932142857142857,False
env,val,beta_mostly_mediocre,100,64,5034000,0.6,0.5,3.0,1,2000,0.15056911675632,0.0021604486297507886,9.0055,0.07148469387755102,False
env,val,beta_mostly_mediocre,100,64,5034000,0.55,0.75,2.0,1,2000,0.1572627600878477,0.002144105410209699,6.8335,0.04932142857142857,False
env,val,beta_mostly_mediocre,100,64,5034000,0.55,0.75,1.5,1,2000,0.1572627600878477,0.002144105410209699,6.8335,0.04932142857142857,False
env,val,beta_mostly_mediocre,100,64,5034000,0.55,0.75,3.0,1,2000,0.1572627600878477,0.002144105410209699,6.8335,0.04932142857142857,False
env,val,beta_mostly_mediocre,100,64,5034000,0.6,0.5,4.0,1,2000,0.15091485907137395,0.0021659701259717323,9.0285,0.07171938775510203,False
env,val,beta_mostly_mediocre,100,64,5034000,0.6,0.5,6.0,1,2000,0.15091485907137395,0.0021659701259717323,9.031,0.07174489795918368,False
env,val,beta_mostly_mediocre,100,64,5034000,0.6,0.5,8.0,1,2000,0.15091485907137395,0.0021659701259717323,9.031,0.07174489795918368,False
env,val,beta_mostly_mediocre,100,64,5034000,0.6,0.75,1.0,1,2000,0.15061858274042605,0.0021612923605490164,9.017,0.07160204081632654,False
env,val,beta_mostly_mediocre,100,64,5034000,0.6,0.75,1.5,1,2000,0.15091485907137395,0.0021659701259717323,9.031,0.07174489795918368,False
env,val,beta_mostly_mediocre,100,64,5034000,0.6,0.75,2.0,1,2000,0.15091485907137395,0.0021659701259717323,9.031,0.07174489795918368,False
env,val,beta_mostly_mediocre,100,64,5034000,0.625,0.5,3.0,1,2000,0.14621353743970394,0.002166426352362592,11.8925,0.10094387755102041,False
env,val,beta_mostly_mediocre,100,64,5034000,0.6,0.75,3.0,1,2000,0.15091485907137395,0.0021659701259717323,9.031,0.07174489795918368,False
env,val,beta_mostly_mediocre,100,64,5034000,0.625,0.75,1.0,1,2000,0.14602444019913674,0.0021679741791540987,11.9455,0.10148469387755102,False
env,val,beta_mostly_mediocre,100,64,5034000,0.625,0.5,4.0,1,2000,0.14609866331517696,0.002170105842361108,12.0305,0.10235204081632654,False
env,val,beta_mostly_mediocre,100,64,5034000,0.625,0.5,6.0,1,2000,0.14592293418943883,0.00216802480673594,12.0445,0.10249489795918368,False
env,val,beta_mostly_mediocre,100,64,5034000,0.625,0.5,8.0,1,2000,0.14592293418943883,0.00216802480673594,12.0445,0.10249489795918368,False
env,val,beta_mostly_mediocre,100,64,5034000,0.625,0.75,1.5,1,2000,0.14600542487204074,0.002168246405223754,12.043,0.1024795918367347,False
env,val,beta_mostly_mediocre,100,64,5034000,0.625,0.75,2.0,1,2000,0.14592293418943883,0.00216802480673594,12.0445,0.10249489795918368,False
env,val,beta_mostly_mediocre,100,64,5034000,0.625,0.75,3.0,1,2000,0.14592293418943883,0.00216802480673594,12.0445,0.10249489795918368,False
env,val,beta_mostly_mediocre,100,64,5034000,0.65,0.5,3.0,1,2000,0.14369240833818914,0.0021870055890035748,13.987,0.12231632653061222,False
env,val,beta_mostly_mediocre,100,64,5034000,0.65,0.5,4.0,1,2000,0.14394612863659859,0.0021942632210749844,14.2755,0.12526020408163266,False
env,val,beta_mostly_mediocre,100,64,5034000,0.65,0.75,1.0,1,2000,0.14402199505269528,0.002193398770695732,14.098,0.12344897959183675,False
env,val,beta_mostly_mediocre,100,64,5034000,0.65,0.5,6.0,1,2000,0.1435711769014597,0.0021926625142775673,14.298,0.12548979591836734,False
env,val,beta_mostly_mediocre,100,64,5034000,0.65,0.5,8.0,1,2000,0.1435711769014597,0.0021926625142775673,14.298,0.12548979591836734,False
env,val,beta_mostly_mediocre,100,64,5034000,0.675,0.5,3.0,1,2000,0.1424358243495226,0.0021952443988509933,30.0,0.2857142857142856,False
env,val,beta_mostly_mediocre,100,64,5034000,0.65,0.75,2.0,1,2000,0.1435711769014597,0.0021926625142775673,14.298,0.12548979591836734,False
env,val,beta_mostly_mediocre,100,64,5034000,0.65,0.75,3.0,1,2000,0.1435711769014597,0.0021926625142775673,14.298,0.12548979591836734,False
env,val,beta_mostly_mediocre,100,64,5034000,0.65,0.75,1.5,1,2000,0.14365366758406162,0.0021929258783125573,14.2965,0.12547448979591838,False
env,val,beta_mostly_mediocre,100,64,5034000,0.675,0.5,4.0,1,2000,0.14595852145552635,0.0022432080584168053,40.0,0.38775510204081615,False
env,val,beta_mostly_mediocre,100,64,5034000,0.675,0.75,1.0,1,2000,0.1421469197422266,0.002174375979657443,32.0,0.3061224489795918,False
env,val,beta_mostly_mediocre,100,64,5034000,0.675,0.5,6.0,1,2000,0.1577077395915985,0.0023723895926833364,60.0,0.5918367346938778,False
env,val,beta_mostly_mediocre,100,64,5034000,0.675,0.5,8.0,1,2000,0.16089072321355344,0.002392890059144257,64.0,0.6326530612244898,False
env,val,beta_mostly_mediocre,100,64,5034000,0.7,0.5,3.0,1,2000,0.1424358243495226,0.0021952443988509933,30.0,0.2857142857142856,False
env,val,beta_mostly_mediocre,100,64,5034000,0.675,0.75,1.5,1,2000,0.14985033009946347,0.002266300091609752,48.0,0.4693877551020407,False
env,val,beta_mostly_mediocre,100,64,5034000,0.675,0.75,2.0,1,2000,0.16089072321355344,0.002392890059144257,64.0,0.6326530612244898,False
env,val,beta_mostly_mediocre,100,64,5034000,0.675,0.75,3.0,1,2000,0.16089072321355344,0.002392890059144257,64.0,0.6326530612244898,False
env,val,beta_mostly_mediocre,100,64,5034000,0.7,0.5,4.0,1,2000,0.14595852145552635,0.0022432080584168053,40.0,0.38775510204081615,False
env,val,beta_mostly_mediocre,100,64,5034000,0.7,0.75,1.0,1,2000,0.1421469197422266,0.002174375979657443,32.0,0.3061224489795918,False
env,val,beta_mostly_mediocre,100,64,5034000,0.7,0.5,6.0,1,2000,0.1577077395915985,0.0023723895926833364,60.0,0.5918367346938778,False
env,val,beta_mostly_mediocre,100,64,5034000,0.7,0.5,8.0,1,2000,0.16089072321355344,0.002392890059144257,64.0,0.6326530612244898,False
env,val,beta_mostly_mediocre,100,64,5034000,0.7,0.75,1.5,1,2000,0.14985033009946347,0.002266300091609752,48.0,0.4693877551020407,False
env,val,beta_mostly_mediocre,100,64,5034000,0.7,0.75,2.0,1,2000,0.16089072321355344,0.002392890059144257,64.0,0.6326530612244898,False
env,val,beta_mostly_mediocre,100,64,5034000,0.7,0.75,3.0,1,2000,0.16089072321355344,0.002392890059144257,64.0,0.6326530612244898,False
env,val,beta_mostly_mediocre,200,64,5037000,0.55,0.5,3.0,1,2000,0.15325114542245866,0.001873712566295667,7.525,0.027904040404040403,False
env,val,beta_mostly_mediocre,200,64,5037000,0.55,0.5,4.0,1,2000,0.15325114542245866,0.001873712566295667,7.525,0.027904040404040403,False
env,val,beta_mostly_mediocre,200,64,5037000,0.55,0.5,6.0,1,2000,0.15325114542245866,0.001873712566295667,7.525,0.027904040404040403,False
env,val,beta_mostly_mediocre,200,64,5037000,0.55,0.5,8.0,1,2000,0.15325114542245866,0.001873712566295667,7.525,0.027904040404040403,False
env,val,beta_mostly_mediocre,200,64,5037000,0.55,0.75,1.0,1,2000,0.15325114542245866,0.001873712566295667,7.525,0.027904040404040403,False
env,val,beta_mostly_mediocre,200,64,5037000,0.55,0.75,1.5,1,2000,0.15325114542245866,0.001873712566295667,7.525,0.027904040404040403,False
env,val,beta_mostly_mediocre,200,64,5037000,0.55,0.75,2.0,1,2000,0.15325114542245866,0.001873712566295667,7.525,0.027904040404040403,False
env,val,beta_mostly_mediocre,200,64,5037000,0.55,0.75,3.0,1,2000,0.15325114542245866,0.001873712566295667,7.525,0.027904040404040403,False
env,val,beta_mostly_mediocre,200,64,5037000,0.6,0.5,3.0,1,2000,0.1402353806644678,0.0018617826007898371,10.626,0.043565656565656564,False
env,val,beta_mostly_mediocre,200,64,5037000,0.6,0.5,4.0,1,2000,0.14016447499394416,0.0018604480879306252,10.6275,0.04357323232323232,False
env,val,beta_mostly_mediocre,200,64,5037000,0.6,0.5,6.0,1,2000,0.14016447499394416,0.0018604480879306252,10.6275,0.04357323232323232,False
env,val,beta_mostly_mediocre,200,64,5037000,0.6,0.5,8.0,1,2000,0.14016447499394416,0.0018604480879306252,10.6275,0.04357323232323232,False
env,val,beta_mostly_mediocre,200,64,5037000,0.6,0.75,1.0,1,2000,0.14016447499394416,0.0018604480879306252,10.6275,0.04357323232323232,False
env,val,beta_mostly_mediocre,200,64,5037000,0.6,0.75,1.5,1,2000,0.14016447499394416,0.0018604480879306252,10.6275,0.04357323232323232,False
env,val,beta_mostly_mediocre,200,64,5037000,0.6,0.75,2.0,1,2000,0.14016447499394416,0.0018604480879306252,10.6275,0.04357323232323232,False
env,val,beta_mostly_mediocre,200,64,5037000,0.6,0.75,3.0,1,2000,0.14016447499394416,0.0018604480879306252,10.6275,0.04357323232323232,False
env,val,beta_mostly_mediocre,200,64,5037000,0.625,0.5,3.0,1,2000,0.13522444735467434,0.0018786503566048161,14.2645,0.06194191919191919,False
env,val,beta_mostly_mediocre,200,64,5037000,0.625,0.5,4.0,1,2000,0.13508348897099495,0.0018776560167382975,14.325,0.06224747474747474,False
env,val,beta_mostly_mediocre,200,64,5037000,0.625,0.5,6.0,1,2000,0.13508348897099495,0.0018776560167382975,14.33,0.062272727272727264,False
env,val,beta_mostly_mediocre,200,64,5037000,0.625,0.5,8.0,1,2000,0.13508348897099495,0.0018776560167382975,14.33,0.062272727272727264,False
env,val,beta_mostly_mediocre,200,64,5037000,0.625,0.75,1.5,1,2000,0.13508348897099495,0.0018776560167382975,14.33,0.062272727272727264,False
env,val,beta_mostly_mediocre,200,64,5037000,0.625,0.75,1.0,1,2000,0.13520145225524902,0.001881853871653537,14.319,0.06221717171717171,False
env,val,beta_mostly_mediocre,200,64,5037000,0.625,0.75,2.0,1,2000,0.13508348897099495,0.0018776560167382975,14.33,0.062272727272727264,False
env,val,beta_mostly_mediocre,200,64,5037000,0.625,0.75,3.0,1,2000,0.13508348897099495,0.0018776560167382975,14.33,0.062272727272727264,False
env,val,beta_mostly_mediocre,200,64,5037000,0.65,0.5,3.0,1,2000,0.13146883656084538,0.001919824124397036,17.7945,0.07977020202020202,False
env,val,beta_mostly_mediocre,200,64,5037000,0.65,0.5,4.0,1,2000,0.13127668818831445,0.0019188295267545642,18.042,0.08102020202020202,False
env,val,beta_mostly_mediocre,200,64,5037000,0.65,0.5,6.0,1,2000,0.1312914201617241,0.0019139116058045236,18.072,0.08117171717171717,False
env,val,beta_mostly_mediocre,200,64,5037000,0.65,0.5,8.0,1,2000,0.1312914201617241,0.0019139116058045236,18.072,0.08117171717171717,False
env,val,beta_mostly_mediocre,200,64,5037000,0.65,0.75,1.0,1,2000,0.13095280642807483,0.0019125555208996817,18.0145,0.08088131313131314,False
env,val,beta_mostly_mediocre,200,64,5037000,0.675,0.5,3.0,1,2000,0.13060547991096974,0.0020145748303888903,43.0,0.20707070707070716,False
env,val,beta_mostly_mediocre,200,64,5037000,0.65,0.75,2.0,1,2000,0.1312914201617241,0.0019139116058045236,18.072,0.08117171717171717,False
env,val,beta_mostly_mediocre,200,64,5037000,0.65,0.75,3.0,1,2000,0.1312914201617241,0.0019139116058045236,18.072,0.08117171717171717,False
env,val,beta_mostly_mediocre,200,64,5037000,0.675,0.5,4.0,1,2000,0.1319964821636677,0.0020742934379359744,57.0,0.2777777777777778,False
env,val,beta_mostly_mediocre,200,64,5037000,0.65,0.75,1.5,1,2000,0.1312914201617241,0.0019139116058045236,18.072,0.08117171717171717,False
env,val,beta_mostly_mediocre,200,64,5037000,0.675,0.5,6.0,1,2000,0.136039856210351,0.0021137162023521345,64.0,0.31313131313131315,False
env,val,beta_mostly_mediocre,200,64,5037000,0.675,0.5,8.0,1,2000,0.136039856210351,0.0021137162023521345,64.0,0.31313131313131315,False
env,val,beta_mostly_mediocre,200,64,5037000,0.675,0.75,1.0,1,2000,0.1314645604044199,0.002064713314991341,54.0,0.2626262626262626,False
env,val,beta_mostly_mediocre,200,64,5037000,0.675,0.75,1.5,1,2000,0.136039856210351,0.0021137162023521345,64.0,0.31313131313131315,False
env,val,beta_mostly_mediocre,200,64,5037000,0.675,0.75,2.0,1,2000,0.136039856210351,0.0021137162023521345,64.0,0.31313131313131315,False
env,val,beta_mostly_mediocre,200,64,5037000,0.675,0.75,3.0,1,2000,0.136039856210351,0.0021137162023521345,64.0,0.31313131313131315,False
env,val,beta_mostly_mediocre,200,64,5037000,0.7,0.5,3.0,1,2000,0.13060547991096974,0.0020145748303888903,43.0,0.20707070707070716,False
env,val,beta_mostly_mediocre,200,64,5037000,0.7,0.75,1.0,1,2000,0.1314645604044199,0.002064713314991341,54.0,0.2626262626262626,False
env,val,beta_mostly_mediocre,200,64,5037000,0.7,0.5,8.0,1,2000,0.136039856210351,0.0021137162023521345,64.0,0.31313131313131315,False
env,val,beta_mostly_mediocre,200,64,5037000,0.7,0.5,6.0,1,2000,0.136039856210351,0.0021137162023521345,64.0,0.31313131313131315,False
env,val,beta_mostly_mediocre,200,64,5037000,0.7,0.75,1.5,1,2000,0.136039856210351,0.0021137162023521345,64.0,0.31313131313131315,False
env,val,beta_mostly_mediocre,200,64,5037000,0.7,0.5,4.0,1,2000,0.1319964821636677,0.0020742934379359744,57.0,0.2777777777777778,False
env,val,beta_mostly_mediocre,200,64,5037000,0.7,0.75,2.0,1,2000,0.136039856210351,0.0021137162023521345,64.0,0.31313131313131315,False
env,val,beta_skewed,50,64,5061000,0.55,0.5,3.0,1,2000,0.2148375750745181,0.004160893630678981,17.6295,0.3256145833333334,False
env,val,beta_mostly_mediocre,200,64,5037000,0.7,0.75,3.0,1,2000,0.136039856210351,0.0021137162023521345,64.0,0.31313131313131315,False
env,val,beta_skewed,50,64,5061000,0.55,0.5,4.0,1,2000,0.20375366131891495,0.004102775187625704,20.4995,0.38540625,False
env,val,beta_skewed,50,64,5061000,0.55,0.5,6.0,1,2000,0.19935039727552795,0.004092942117394276,22.99,0.4372916666666667,False
env,val,beta_skewed,50,64,5061000,0.55,0.5,8.0,1,2000,0.20019451790652237,0.004117074131151151,23.0755,0.4390729166666667,False
env,val,beta_skewed,50,64,5061000,0.55,0.75,1.0,1,2000,0.2181576866916439,0.004171265852505629,15.946,0.29054166666666664,False
env,val,beta_skewed,50,64,5061000,0.55,0.75,1.5,1,2000,0.20375366131891495,0.004102775187625704,20.4995,0.38540625,False
env,val,beta_skewed,50,64,5061000,0.6,0.5,3.0,1,2000,0.21575758949876764,0.004189724839289009,18.4775,0.34328125,False
env,val,beta_skewed,50,64,5061000,0.6,0.5,4.0,1,2000,0.20419026404176838,0.004125740621958125,21.5755,0.4078229166666667,False
env,val,beta_skewed,50,64,5061000,0.55,0.75,2.0,1,2000,0.19512928108056077,0.004025215567502024,22.4805,0.4266770833333334,False
env,val,beta_skewed,50,64,5061000,0.6,0.5,6.0,1,2000,0.2000700131410267,0.004115072931415442,24.167,0.4618125,False
env,val,beta_skewed,50,64,5061000,0.55,0.75,3.0,1,2000,0.20019451790652237,0.004117074131151151,23.0755,0.4390729166666667,False
env,val,beta_skewed,50,64,5061000,0.6,0.5,8.0,1,2000,0.20091413377202116,0.004139002501744889,24.2525,0.46359375,False
env,val,beta_skewed,50,64,5061000,0.6,0.75,1.0,1,2000,0.21782239038302215,0.004182679086572231,16.6065,0.30430208333333336,False
env,val,beta_skewed,50,64,5061000,0.6,0.75,1.5,1,2000,0.20419026404176838,0.004125740621958125,21.5755,0.4078229166666667,False
env,val,beta_skewed,50,64,5061000,0.6,0.75,2.0,1,2000,0.19584889694605953,0.004048092084071663,23.6545,0.4511354166666666,False
env,val,beta_skewed,50,64,5061000,0.625,0.5,3.0,1,2000,0.21233543141395786,0.004163982269968201,19.4545,0.36363541666666677,False
env,val,beta_skewed,50,64,5061000,0.6,0.75,3.0,1,2000,0.20091413377202116,0.004139002501744889,24.2525,0.46359375,False
env,val,beta_skewed,50,64,5061000,0.625,0.5,4.0,1,2000,0.20044003311451525,0.004086114334112893,23.728,0.45266666666666666,False
env,val,beta_skewed,50,64,5061000,0.625,0.75,1.0,1,2000,0.21696928491993459,0.0041690933237090505,17.2345,0.31738541666666664,False
env,val,beta_skewed,50,64,5061000,0.625,0.75,1.5,1,2000,0.20044003311451525,0.004086114334112893,23.728,0.45266666666666666,False
env,val,beta_skewed,50,64,5061000,0.625,0.5,6.0,1,2000,0.20236885391687975,0.004118019721953302,27.956,0.54075,False
env,val,beta_skewed,50,64,5061000,0.625,0.5,8.0,1,2000,0.20321297454787418,0.0041416978932942005,28.045,0.5426041666666668,False
env,val,beta_skewed,50,64,5061000,0.625,0.75,2.0,1,2000,0.1959537374705542,0.004044646313264245,27.2345,0.52571875,False
env,val,beta_skewed,50,64,5061000,0.65,0.5,3.0,1,2000,0.21259964966238476,0.004154103216294675,19.817,0.37118750000000006,False
env,val,beta_skewed,50,64,5061000,0.625,0.75,3.0,1,2000,0.20321297454787418,0.0041416978932942005,28.045,0.5426041666666668,False
env,val,beta_skewed,50,64,5061000,0.65,0.5,4.0,1,2000,0.2008547707637772,0.004072318914819031,24.206,0.462625,False
env,val,beta_skewed,50,64,5061000,0.65,0.5,6.0,1,2000,0.20283115250384434,0.004105667099219639,28.4755,0.5515729166666667,False
env,val,beta_skewed,50,64,5061000,0.65,0.75,1.0,1,2000,0.21632412890149863,0.004161379191904559,17.5185,0.3233020833333333,False
env,val,beta_skewed,50,64,5061000,0.675,0.5,3.0,1,2000,0.20974973453418352,0.004143606177327993,22.0,0.41666666666666674,False
env,val,beta_skewed,50,64,5061000,0.65,0.75,1.5,1,2000,0.2008547707637772,0.004072318914819031,24.206,0.462625,False
env,val,beta_skewed,50,64,5061000,0.65,0.5,8.0,1,2000,0.2036752731348388,0.004129368826775521,28.5645,0.5534270833333333,False
env,val,beta_skewed,50,64,5061000,0.675,0.5,4.0,1,2000,0.1922618703348562,0.004054802998765274,29.0,0.5625,False
env,val,beta_skewed,50,64,5061000,0.65,0.75,2.0,1,2000,0.19641603605751878,0.0040324368415984,27.754,0.5365416666666667,False
env,val,beta_skewed,50,64,5061000,0.65,0.75,3.0,1,2000,0.2036752731348388,0.004129368826775521,28.5645,0.5534270833333333,False
env,val,beta_skewed,50,64,5061000,0.675,0.5,6.0,1,2000,0.20505953173525632,0.004111531940919336,43.0,0.8541666666666665,False
env,val,beta_skewed,50,64,5061000,0.675,0.75,1.0,1,2000,0.21378508133991272,0.0041513445138658235,19.0,0.3541666666666667,False
env,val,beta_skewed,50,64,5061000,0.675,0.75,1.5,1,2000,0.1922618703348562,0.004054802998765274,29.0,0.5625,False
env,val,beta_skewed,50,64,5061000,0.675,0.5,8.0,1,2000,0.32718660406528216,0.004640516924675982,50.0,1.0,False
env,val,beta_skewed,50,64,5061000,0.675,0.75,2.0,1,2000,0.1830783912532497,0.0038585710621693516,38.0,0.75,False
env,val,beta_skewed,50,64,5061000,0.7,0.5,3.0,1,2000,0.20974973453418352,0.004143606177327993,22.0,0.41666666666666674,False
env,val,beta_skewed,50,64,5061000,0.7,0.5,4.0,1,2000,0.1922618703348562,0.004054802998765274,29.0,0.5625,False
env,val,beta_skewed,50,64,5061000,0.675,0.75,3.0,1,2000,0.32718660406528216,0.004640516924675982,50.0,1.0,False
env,val,beta_skewed,50,64,5061000,0.7,0.75,1.0,1,2000,0.21378508133991272,0.0041513445138658235,19.0,0.3541666666666667,False
env,val,beta_skewed,50,64,5061000,0.7,0.5,6.0,1,2000,0.20505953173525632,0.004111531940919336,43.0,0.8541666666666665,False
env,val,beta_skewed,50,64,5061000,0.7,0.75,1.5,1,2000,0.1922618703348562,0.004054802998765274,29.0,0.5625,False
env,val,beta_skewed,50,64,5061000,0.7,0.5,8.0,1,2000,0.32718660406528216,0.004640516924675982,50.0,1.0,False
env,val,beta_skewed,50,64,5061000,0.7,0.75,2.0,1,2000,0.1830783912532497,0.0038585710621693516,38.0,0.75,False
env,val,beta_skewed,50,64,5061000,0.7,0.75,3.0,1,2000,0.32718660406528216,0.004640516924675982,50.0,1.0,False
env,val,beta_skewed,100,64,5064000,0.55,0.5,3.0,1,2000,0.19763193637225776,0.003817595048659072,23.8375,0.2228316326530612,False
env,val,beta_skewed,100,64,5064000,0.55,0.5,4.0,1,2000,0.1899424314526841,0.003721315490927443,28.247,0.2678265306122448,False
env,val,beta_skewed,100,64,5064000,0.55,0.75,1.0,1,2000,0.19248530278820544,0.003769692143126307,24.8815,0.23348469387755102,False
env,val,beta_skewed,100,64,5064000,0.55,0.5,6.0,1,2000,0.1864506102418527,0.003755410465897011,32.25,0.30867346938775514,False
env,val,beta_skewed,100,64,5064000,0.55,0.5,8.0,1,2000,0.1855433109877631,0.0037657539410702002,32.5835,0.3120765306122449,False
env,val,beta_skewed,100,64,5064000,0.6,0.5,3.0,1,2000,0.1957073825756088,0.0038243246945037493,25.435,0.23913265306122444,False
env,val,beta_skewed,100,64,5064000,0.55,0.75,2.0,1,2000,0.1855433109877631,0.0037657539410702002,32.5835,0.3120765306122449,False
env,val,beta_skewed,100,64,5064000,0.55,0.75,3.0,1,2000,0.1855433109877631,0.0037657539410702002,32.5835,0.3120765306122449,False
env,val,beta_skewed,100,64,5064000,0.6,0.5,4.0,1,2000,0.1910522151971236,0.0038132376893430936,31.054,0.296469387755102,False
env,val,beta_skewed,100,64,5064000,0.55,0.75,1.5,1,2000,0.18919645745540037,0.0038046982595592643,30.4505,0.2903112244897959,False
env,val,beta_skewed,100,64,5064000,0.6,0.5,6.0,1,2000,0.18987827729154377,0.003850502226861762,36.289,0.34988775510204084,False
env,val,beta_skewed,100,64,5064000,0.6,0.5,8.0,1,2000,0.18915048917476088,0.003865126719220783,36.684,0.3539183673469387,False
env,val,beta_skewed,100,64,5064000,0.6,0.75,1.0,1,2000,0.19153045573923738,0.0037892418039455742,26.71,0.25214285714285717,False
env,val,beta_skewed,100,64,5064000,0.6,0.75,1.5,1,2000,0.19215270157204942,0.003904106082672994,34.0225,0.32676020408163264,False
env,val,beta_skewed,100,64,5064000,0.6,0.75,2.0,1,2000,0.18915048917476088,0.003865126719220783,36.684,0.3539183673469387,False
env,val,beta_skewed,100,64,5064000,0.625,0.5,3.0,1,2000,0.19588307000044733,0.0038340017128984526,26.923,0.2543163265306122,False
env,val,beta_skewed,100,64,5064000,0.6,0.75,3.0,1,2000,0.18915048917476088,0.003865126719220783,36.684,0.3539183673469387,False
env,val,beta_skewed,100,64,5064000,0.625,0.75,1.0,1,2000,0.1917041198471561,0.003809100502638519,28.4085,0.2694744897959184,False
env,val,beta_skewed,100,64,5064000,0.625,0.5,6.0,1,2000,0.17951949210558088,0.003741918305222441,42.6485,0.41478061224489793,False
env,val,beta_skewed,100,64,5064000,0.625,0.5,8.0,1,2000,0.1782284726696089,0.0037393005195600973,43.7935,0.4264642857142857,False
env,val,beta_skewed,100,64,5064000,0.625,0.5,4.0,1,2000,0.19111184854526073,0.0037958724301141267,33.775,0.3242346938775509,False
env,val,beta_skewed,100,64,5064000,0.625,0.75,1.5,1,2000,0.18775243258895352,0.0038778300612161117,38.04,0.36775510204081635,False
env,val,beta_skewed,100,64,5064000,0.625,0.75,2.0,1,2000,0.1782284726696089,0.0037393005195600973,43.7935,0.4264642857142857,False
env,val,beta_skewed,100,64,5064000,0.625,0.75,3.0,1,2000,0.1782284726696089,0.0037393005195600973,43.7935,0.4264642857142857,False
env,val,beta_skewed,100,64,5064000,0.65,0.5,3.0,1,2000,0.1951130817392841,0.0038327972645025394,27.4565,0.25976020408163264,False
env,val,beta_skewed,100,64,5064000,0.65,0.5,4.0,1,2000,0.19122332485113294,0.003788941691460937,34.726,0.333938775510204,False
env,val,beta_skewed,100,64,5064000,0.65,0.75,1.0,1,2000,0.19120467761997134,0.0038147819904453513,29.018,0.2756938775510204,False
env,val,beta_skewed,100,64,5064000,0.65,0.5,6.0,1,2000,0.1783080081799999,0.003711910403648397,44.4405,0.4330663265306123,False
env,val,beta_skewed,100,64,5064000,0.65,0.5,8.0,1,2000,0.17773174413014203,0.003712376121609275,45.692,0.4458367346938776,False
env,val,beta_skewed,100,64,5064000,0.675,0.5,3.0,1,2000,0.19183359033521266,0.003837129167353456,30.0,0.2857142857142856,False
env,val,beta_skewed,100,64,5064000,0.675,0.5,4.0,1,2000,0.18532078616786749,0.0037828474737675653,40.0,0.38775510204081615,False
env,val,beta_skewed,100,64,5064000,0.65,0.75,2.0,1,2000,0.17773174413014203,0.003712376121609275,45.692,0.4458367346938776,False
env,val,beta_skewed,100,64,5064000,0.65,0.75,3.0,1,2000,0.17773174413014203,0.003712376121609275,45.692,0.4458367346938776,False
env,val,beta_skewed,100,64,5064000,0.65,0.75,1.5,1,2000,0.1869579683584161,0.003863155627671014,39.3475,0.3810969387755102,False
env,val,beta_skewed,100,64,5064000,0.675,0.75,1.0,1,2000,0.1874022251991555,0.0038147145557015055,32.0,0.3061224489795918,False
env,val,beta_skewed,100,64,5064000,0.675,0.5,6.0,1,2000,0.16415921349916607,0.0036574733409400193,60.0,0.5918367346938778,False
env,val,beta_skewed,100,64,5064000,0.675,0.5,8.0,1,2000,0.1619285329217091,0.0036206394754247757,64.0,0.6326530612244898,False
env,val,beta_skewed,100,64,5064000,0.675,0.75,1.5,1,2000,0.18036109661543742,0.0039060935262504445,48.0,0.4693877551020407,False
env,val,beta_skewed,100,64,5064000,0.7,0.5,3.0,1,2000,0.19183359033521266,0.003837129167353456,30.0,0.2857142857142856,False
env,val,beta_skewed,100,64,5064000,0.7,0.5,4.0,1,2000,0.18532078616786749,0.0037828474737675653,40.0,0.38775510204081615,False
env,val,beta_skewed,100,64,5064000,0.675,0.75,3.0,1,2000,0.1619285329217091,0.0036206394754247757,64.0,0.6326530612244898,False
env,val,beta_skewed,100,64,5064000,0.675,0.75,2.0,1,2000,0.1619285329217091,0.0036206394754247757,64.0,0.6326530612244898,False
env,val,beta_skewed,100,64,5064000,0.7,0.75,1.0,1,2000,0.1874022251991555,0.0038147145557015055,32.0,0.3061224489795918,False
env,val,beta_skewed,100,64,5064000,0.7,0.75,1.5,1,2000,0.18036109661543742,0.0039060935262504445,48.0,0.4693877551020407,False
env,val,beta_skewed,100,64,5064000,0.7,0.5,6.0,1,2000,0.16415921349916607,0.0036574733409400193,60.0,0.5918367346938778,False
env,val,beta_skewed,100,64,5064000,0.7,0.5,8.0,1,2000,0.1619285329217091,0.0036206394754247757,64.0,0.6326530612244898,False
env,val,beta_skewed,100,64,5064000,0.7,0.75,2.0,1,2000,0.1619285329217091,0.0036206394754247757,64.0,0.6326530612244898,False
env,val,beta_skewed,100,64,5064000,0.7,0.75,3.0,1,2000,0.1619285329217091,0.0036206394754247757,64.0,0.6326530612244898,False
env,val,beta_skewed,200,64,5067000,0.55,0.5,3.0,1,2000,0.19375964445061983,0.0034585520917718533,31.992,0.15147474747474748,False
env,val,beta_skewed,200,64,5067000,0.55,0.5,4.0,1,2000,0.18319394528120755,0.0033655437299704347,37.403,0.1788030303030303,False
env,val,beta_skewed,200,64,5067000,0.55,0.5,6.0,1,2000,0.17512148624658586,0.003240351523993794,39.3315,0.18854292929292926,False
env,val,beta_skewed,200,64,5067000,0.55,0.5,8.0,1,2000,0.17512148624658586,0.003240351523993794,39.3315,0.18854292929292926,False
env,val,beta_skewed,200,64,5067000,0.55,0.75,1.0,1,2000,0.18432571101747453,0.003392468889654055,36.4235,0.17385606060606063,False
env,val,beta_skewed,200,64,5067000,0.55,0.75,1.5,1,2000,0.17512148624658586,0.003240351523993794,39.3315,0.18854292929292926,False
env,val,beta_skewed,200,64,5067000,0.55,0.75,2.0,1,2000,0.17512148624658586,0.003240351523993794,39.3315,0.18854292929292926,False
env,val,beta_skewed,200,64,5067000,0.55,0.75,3.0,1,2000,0.17512148624658586,0.003240351523993794,39.3315,0.18854292929292926,False
env,val,beta_skewed,200,64,5067000,0.6,0.5,3.0,1,2000,0.18986935500241817,0.0034444964226764247,35.324,0.16830303030303034,False
env,val,beta_skewed,200,64,5067000,0.6,0.5,4.0,1,2000,0.17692816276848317,0.0033395038916855272,42.8895,0.2065126262626262,False
env,val,beta_skewed,200,64,5067000,0.6,0.5,6.0,1,2000,0.17003470095992088,0.0032646030644952573,45.9125,0.22178030303030305,False
env,val,beta_skewed,200,64,5067000,0.6,0.5,8.0,1,2000,0.17003470095992088,0.0032646030644952573,45.9125,0.22178030303030305,False
env,val,beta_skewed,200,64,5067000,0.6,0.75,1.0,1,2000,0.17822041635774075,0.0033753545892249016,41.4315,0.1991489898989899,False
env,val,beta_skewed,200,64,5067000,0.6,0.75,1.5,1,2000,0.17003470095992088,0.0032646030644952573,45.9125,0.22178030303030305,False
env,val,beta_skewed,200,64,5067000,0.6,0.75,2.0,1,2000,0.17003470095992088,0.0032646030644952573,45.9125,0.22178030303030305,False
env,val,beta_skewed,200,64,5067000,0.6,0.75,3.0,1,2000,0.17003470095992088,0.0032646030644952573,45.9125,0.22178030303030305,False
env,val,beta_skewed,200,64,5067000,0.625,0.5,3.0,1,2000,0.188478568257764,0.0034200634631424195,37.4225,0.17890151515151517,False
env,val,beta_skewed,200,64,5067000,0.625,0.5,4.0,1,2000,0.1765258362069726,0.003360533088004359,46.5525,0.22501262626262622,False
env,val,beta_skewed,200,64,5067000,0.625,0.5,6.0,1,2000,0.16908472254127263,0.0032783428672703554,50.4475,0.24468434343434345,False
env,val,beta_skewed,200,64,5067000,0.625,0.5,8.0,1,2000,0.16908472254127263,0.0032783428672703554,50.4475,0.24468434343434345,False
env,val,beta_skewed,200,64,5067000,0.625,0.75,1.0,1,2000,0.1776277542617172,0.003381264806889943,44.7395,0.21585606060606058,False
env,val,beta_skewed,200,64,5067000,0.625,0.75,1.5,1,2000,0.16908472254127263,0.0032783428672703554,50.4475,0.24468434343434345,False
env,val,beta_skewed,200,64,5067000,0.625,0.75,2.0,1,2000,0.16908472254127263,0.0032783428672703554,50.4475,0.24468434343434345,False
env,val,beta_skewed,200,64,5067000,0.625,0.75,3.0,1,2000,0.16908472254127263,0.0032783428672703554,50.4475,0.24468434343434345,False
env,val,beta_skewed,200,64,5067000,0.65,0.5,3.0,1,2000,0.187390913086012,0.003437581678691142,38.574,0.18471717171717178,False
env,val,beta_skewed,200,64,5067000,0.65,0.5,6.0,1,2000,0.16840532553195953,0.0032891898018024474,53.04,0.2577777777777778,False
env,val,beta_skewed,200,64,5067000,0.65,0.5,4.0,1,2000,0.17418910743296145,0.003386732388601634,48.6375,0.23554292929292925,False
env,val,beta_skewed,200,64,5067000,0.675,0.5,3.0,1,2000,0.18541881078667938,0.0034478497890416573,43.0,0.20707070707070716,False
env,val,beta_skewed,200,64,5067000,0.65,0.5,8.0,1,2000,0.16840532553195953,0.0032891898018024474,53.04,0.2577777777777778,False
env,val,beta_skewed,200,64,5067000,0.65,0.75,1.0,1,2000,0.17643745308183134,0.003409102692227826,46.615,0.2253282828282828,False
env,val,beta_skewed,200,64,5067000,0.675,0.5,4.0,1,2000,0.17003265985101462,0.003401862349568687,57.0,0.2777777777777778,False
env,val,beta_skewed,200,64,5067000,0.65,0.75,1.5,1,2000,0.16840532553195953,0.0032891898018024474,53.04,0.2577777777777778,False
env,val,beta_skewed,200,64,5067000,0.675,0.5,6.0,1,2000,0.16125535017251968,0.003267956280951551,64.0,0.31313131313131315,False
env,val,beta_skewed,200,64,5067000,0.65,0.75,2.0,1,2000,0.16840532553195953,0.0032891898018024474,53.04,0.2577777777777778,False
env,val,beta_skewed,200,64,5067000,0.675,0.5,8.0,1,2000,0.16125535017251968,0.003267956280951551,64.0,0.31313131313131315,False
env,val,beta_skewed,200,64,5067000,0.65,0.75,3.0,1,2000,0.16840532553195953,0.0032891898018024474,53.04,0.2577777777777778,False
env,val,beta_skewed,200,64,5067000,0.675,0.75,1.0,1,2000,0.17285029160790144,0.0034285917744081964,54.0,0.2626262626262626,False
env,val,tail_b0.5_mu1.0_c1.0,50,64,5196000,0.55,0.5,3.0,1,2000,0.0898789408132434,0.0023670357104297723,2.5205,0.01084375,False
env,val,tail_b0.5_mu1.0_c1.0,50,64,5196000,0.55,0.5,4.0,1,2000,0.0898789408132434,0.0023670357104297723,2.5205,0.01084375,False
env,val,beta_skewed,200,64,5067000,0.675,0.75,1.5,1,2000,0.16125535017251968,0.003267956280951551,64.0,0.31313131313131315,False
env,val,beta_skewed,200,64,5067000,0.675,0.75,2.0,1,2000,0.16125535017251968,0.003267956280951551,64.0,0.31313131313131315,False
env,val,beta_skewed,200,64,5067000,0.7,0.5,3.0,1,2000,0.18541881078667938,0.0034478497890416573,43.0,0.20707070707070716,False
env,val,beta_skewed,200,64,5067000,0.675,0.75,3.0,1,2000,0.16125535017251968,0.003267956280951551,64.0,0.31313131313131315,False
env,val,tail_b0.5_mu1.0_c1.0,50,64,5196000,0.55,0.5,6.0,1,2000,0.0898789408132434,0.0023670357104297723,2.5205,0.01084375,False
env,val,beta_skewed,200,64,5067000,0.7,0.5,4.0,1,2000,0.17003265985101462,0.003401862349568687,57.0,0.2777777777777778,False
env,val,tail_b0.5_mu1.0_c1.0,50,64,5196000,0.55,0.5,8.0,1,2000,0.0898789408132434,0.0023670357104297723,2.5205,0.01084375,False
env,val,tail_b0.5_mu1.0_c1.0,50,64,5196000,0.55,0.75,1.0,1,2000,0.0898789408132434,0.0023670357104297723,2.5205,0.01084375,False
env,val,beta_skewed,200,64,5067000,0.7,0.5,6.0,1,2000,0.16125535017251968,0.003267956280951551,64.0,0.31313131313131315,False
env,val,beta_skewed,200,64,5067000,0.7,0.5,8.0,1,2000,0.16125535017251968,0.003267956280951551,64.0,0.31313131313131315,False
env,val,beta_skewed,200,64,5067000,0.7,0.75,1.0,1,2000,0.17285029160790144,0.0034285917744081964,54.0,0.2626262626262626,False
env,val,tail_b0.5_mu1.0_c1.0,50,64,5196000,0.55,0.75,1.5,1,2000,0.0898789408132434,0.0023670357104297723,2.5205,0.01084375,False
env,val,beta_skewed,200,64,5067000,0.7,0.75,1.5,1,2000,0.16125535017251968,0.003267956280951551,64.0,0.31313131313131315,False
env,val,tail_b0.5_mu1.0_c1.0,50,64,5196000,0.55,0.75,2.0,1,2000,0.0898789408132434,0.0023670357104297723,2.5205,0.01084375,False
env,val,tail_b0.5_mu1.0_c1.0,50,64,5196000,0.55,0.75,3.0,1,2000,0.0898789408132434,0.0023670357104297723,2.5205,0.01084375,False
env,val,beta_skewed,200,64,5067000,0.7,0.75,3.0,1,2000,0.16125535017251968,0.003267956280951551,64.0,0.31313131313131315,False
env,val,beta_skewed,200,64,5067000,0.7,0.75,2.0,1,2000,0.16125535017251968,0.003267956280951551,64.0,0.31313131313131315,False
env,val,tail_b0.5_mu1.0_c1.0,50,64,5196000,0.6,0.5,3.0,1,2000,0.08233321478962899,0.0021707275770811328,2.597,0.0124375,False
env,val,tail_b0.5_mu1.0_c1.0,50,64,5196000,0.6,0.5,4.0,1,2000,0.08233321478962899,0.0021707275770811328,2.597,0.0124375,False
env,val,tail_b0.5_mu1.0_c1.0,50,64,5196000,0.6,0.5,6.0,1,2000,0.08233321478962899,0.0021707275770811328,2.597,0.0124375,False
env,val,tail_b0.5_mu1.0_c1.0,50,64,5196000,0.6,0.5,8.0,1,2000,0.08233321478962899,0.0021707275770811328,2.597,0.0124375,False
env,val,tail_b0.5_mu1.0_c1.0,50,64,5196000,0.6,0.75,1.0,1,2000,0.08233321478962899,0.0021707275770811328,2.597,0.0124375,False
env,val,tail_b0.5_mu1.0_c1.0,50,64,5196000,0.6,0.75,2.0,1,2000,0.08233321478962899,0.0021707275770811328,2.597,0.0124375,False
env,val,tail_b0.5_mu1.0_c1.0,50,64,5196000,0.6,0.75,1.5,1,2000,0.08233321478962899,0.0021707275770811328,2.597,0.0124375,False
env,val,tail_b0.5_mu1.0_c1.0,50,64,5196000,0.6,0.75,3.0,1,2000,0.08233321478962899,0.0021707275770811328,2.597,0.0124375,False
env,val,tail_b0.5_mu1.0_c1.0,50,64,5196000,0.625,0.5,3.0,1,2000,0.0735788670629263,0.0019625238503931264,2.768,0.016,False
env,val,tail_b0.5_mu1.0_c1.0,50,64,5196000,0.625,0.5,6.0,1,2000,0.0735788670629263,0.0019625238503931264,2.768,0.016,False
env,val,tail_b0.5_mu1.0_c1.0,50,64,5196000,0.625,0.5,4.0,1,2000,0.0735788670629263,0.0019625238503931264,2.768,0.016,False
env,val,tail_b0.5_mu1.0_c1.0,50,64,5196000,0.625,0.5,8.0,1,2000,0.0735788670629263,0.0019625238503931264,2.768,0.016,False
env,val,tail_b0.5_mu1.0_c1.0,50,64,5196000,0.625,0.75,1.0,1,2000,0.0735788670629263,0.0019625238503931264,2.768,0.016,False
env,val,tail_b0.5_mu1.0_c1.0,50,64,5196000,0.625,0.75,1.5,1,2000,0.0735788670629263,0.0019625238503931264,2.768,0.016,False
env,val,tail_b0.5_mu1.0_c1.0,50,64,5196000,0.625,0.75,2.0,1,2000,0.0735788670629263,0.0019625238503931264,2.768,0.016,False
env,val,tail_b0.5_mu1.0_c1.0,50,64,5196000,0.625,0.75,3.0,1,2000,0.0735788670629263,0.0019625238503931264,2.768,0.016,False
env,val,tail_b0.5_mu1.0_c1.0,50,64,5196000,0.65,0.5,4.0,1,2000,0.06943621516227722,0.0018604658322513726,2.82,0.017083333333333336,False
env,val,tail_b0.5_mu1.0_c1.0,50,64,5196000,0.65,0.5,6.0,1,2000,0.06943621516227722,0.0018604658322513726,2.82,0.017083333333333336,False
env,val,tail_b0.5_mu1.0_c1.0,50,64,5196000,0.65,0.5,3.0,1,2000,0.06943621516227722,0.0018604658322513726,2.82,0.017083333333333336,False
env,val,tail_b0.5_mu1.0_c1.0,50,64,5196000,0.65,0.5,8.0,1,2000,0.06943621516227722,0.0018604658322513726,2.82,0.017083333333333336,False
env,val,tail_b0.5_mu1.0_c1.0,50,64,5196000,0.65,0.75,1.0,1,2000,0.06943621516227722,0.0018604658322513726,2.82,0.017083333333333336,False
env,val,tail_b0.5_mu1.0_c1.0,50,64,5196000,0.65,0.75,2.0,1,2000,0.06943621516227722,0.0018604658322513726,2.82,0.017083333333333336,False
env,val,tail_b0.5_mu1.0_c1.0,50,64,5196000,0.65,0.75,1.5,1,2000,0.06943621516227722,0.0018604658322513726,2.82,0.017083333333333336,False
env,val,tail_b0.5_mu1.0_c1.0,50,64,5196000,0.65,0.75,3.0,1,2000,0.06943621516227722,0.0018604658322513726,2.82,0.017083333333333336,False
env,val,tail_b0.5_mu1.0_c1.0,50,64,5196000,0.675,0.5,3.0,1,2000,0.03788789877295494,0.0011998212104495146,22.0,0.41666666666666674,False
env,val,tail_b0.5_mu1.0_c1.0,50,64,5196000,0.675,0.5,4.0,1,2000,0.05033582696318627,0.0015217540346523395,29.0,0.5625,False
env,val,tail_b0.5_mu1.0_c1.0,50,64,5196000,0.675,0.5,6.0,1,2000,0.08864491844177246,0.0025072576230550222,43.0,0.8541666666666665,False
env,val,tail_b0.5_mu1.0_c1.0,50,64,5196000,0.675,0.75,1.0,1,2000,0.036616218775510787,0.001159714915114872,19.0,0.3541666666666667,False
env,val,tail_b0.5_mu1.0_c1.0,50,64,5196000,0.675,0.5,8.0,1,2000,0.20129507763125,0.0048994361914393905,50.0,1.0,False
env,val,tail_b0.5_mu1.0_c1.0,50,64,5196000,0.675,0.75,1.5,1,2000,0.05033582696318627,0.0015217540346523395,29.0,0.5625,False
env,val,tail_b0.5_mu1.0_c1.0,50,64,5196000,0.7,0.5,3.0,1,2000,0.03788789877295494,0.0011998212104495146,22.0,0.41666666666666674,False
env,val,tail_b0.5_mu1.0_c1.0,50,64,5196000,0.7,0.5,4.0,1,2000,0.05033582696318627,0.0015217540346523395,29.0,0.5625,False
env,val,tail_b0.5_mu1.0_c1.0,50,64,5196000,0.675,0.75,2.0,1,2000,0.06949471648037434,0.00205603757622014,38.0,0.75,False
env,val,tail_b0.5_mu1.0_c1.0,50,64,5196000,0.675,0.75,3.0,1,2000,0.20129507763125,0.0048994361914393905,50.0,1.0,False
env,val,tail_b0.5_mu1.0_c1.0,50,64,5196000,0.7,0.75,1.0,1,2000,0.036616218775510787,0.001159714915114872,19.0,0.3541666666666667,False
env,val,tail_b0.5_mu1.0_c1.0,50,64,5196000,0.7,0.5,6.0,1,2000,0.08864491844177246,0.0025072576230550222,43.0,0.8541666666666665,False
env,val,tail_b0.5_mu1.0_c1.0,50,64,5196000,0.7,0.5,8.0,1,2000,0.20129507763125,0.0048994361914393905,50.0,1.0,False
env,val,tail_b0.5_mu1.0_c1.0,50,64,5196000,0.7,0.75,1.5,1,2000,0.05033582696318627,0.0015217540346523395,29.0,0.5625,False
env,val,tail_b0.5_mu1.0_c1.0,50,64,5196000,0.7,0.75,2.0,1,2000,0.06949471648037434,0.00205603757622014,38.0,0.75,False
env,val,tail_b0.5_mu1.0_c1.0,100,64,5199000,0.55,0.5,3.0,1,2000,0.08362669958174229,0.002142475477700976,2.5945,0.006066326530612244,False
env,val,tail_b0.5_mu1.0_c1.0,100,64,5199000,0.55,0.5,4.0,1,2000,0.08362669958174229,0.002142475477700976,2.5945,0.006066326530612244,False
env,val,tail_b0.5_mu1.0_c1.0,50,64,5196000,0.7,0.75,3.0,1,2000,0.20129507763125,0.0048994361914393905,50.0,1.0,False
env,val,tail_b0.5_mu1.0_c1.0,100,64,5199000,0.55,0.5,6.0,1,2000,0.08362669958174229,0.002142475477700976,2.5945,0.006066326530612244,False
env,val,tail_b0.5_mu1.0_c1.0,100,64,5199000,0.55,0.5,8.0,1,2000,0.08362669958174229,0.002142475477700976,2.5945,0.006066326530612244,False
env,val,tail_b0.5_mu1.0_c1.0,100,64,5199000,0.55,0.75,1.5,1,2000,0.08362669958174229,0.002142475477700976,2.5945,0.006066326530612244,False
env,val,tail_b0.5_mu1.0_c1.0,100,64,5199000,0.55,0.75,1.0,1,2000,0.08362669958174229,0.002142475477700976,2.5945,0.006066326530612244,False
env,val,tail_b0.5_mu1.0_c1.0,100,64,5199000,0.55,0.75,2.0,1,2000,0.08362669958174229,0.002142475477700976,2.5945,0.006066326530612244,False
env,val,tail_b0.5_mu1.0_c1.0,100,64,5199000,0.55,0.75,3.0,1,2000,0.08362669958174229,0.002142475477700976,2.5945,0.006066326530612244,False
env,val,tail_b0.5_mu1.0_c1.0,100,64,5199000,0.6,0.5,3.0,1,2000,0.07749346932768822,0.001981586759409338,2.6625,0.006760204081632653,False
env,val,tail_b0.5_mu1.0_c1.0,100,64,5199000,0.6,0.5,4.0,1,2000,0.07749346932768822,0.001981586759409338,2.6625,0.006760204081632653,False
env,val,tail_b0.5_mu1.0_c1.0,100,64,5199000,0.6,0.5,6.0,1,2000,0.07749346932768822,0.001981586759409338,2.6625,0.006760204081632653,False
env,val,tail_b0.5_mu1.0_c1.0,100,64,5199000,0.6,0.75,1.5,1,2000,0.07749346932768822,0.001981586759409338,2.6625,0.006760204081632653,False
env,val,tail_b0.5_mu1.0_c1.0,100,64,5199000,0.6,0.75,1.0,1,2000,0.07749346932768822,0.001981586759409338,2.6625,0.006760204081632653,False
env,val,tail_b0.5_mu1.0_c1.0,100,64,5199000,0.6,0.5,8.0,1,2000,0.07749346932768822,0.001981586759409338,2.6625,0.006760204081632653,False
env,val,tail_b0.5_mu1.0_c1.0,100,64,5199000,0.6,0.75,2.0,1,2000,0.07749346932768822,0.001981586759409338,2.6625,0.006760204081632653,False
env,val,tail_b0.5_mu1.0_c1.0,100,64,5199000,0.6,0.75,3.0,1,2000,0.07749346932768822,0.001981586759409338,2.6625,0.006760204081632653,False
env,val,tail_b0.5_mu1.0_c1.0,100,64,5199000,0.625,0.5,4.0,1,2000,0.06847936925292016,0.001795568533718385,2.8475,0.008647959183673469,False
env,val,tail_b0.5_mu1.0_c1.0,100,64,5199000,0.625,0.5,3.0,1,2000,0.06847936925292016,0.001795568533718385,2.8475,0.008647959183673469,False
env,val,tail_b0.5_mu1.0_c1.0,100,64,5199000,0.625,0.5,6.0,1,2000,0.06847936925292016,0.001795568533718385,2.8475,0.008647959183673469,False
env,val,tail_b0.5_mu1.0_c1.0,100,64,5199000,0.625,0.5,8.0,1,2000,0.06847936925292016,0.001795568533718385,2.8475,0.008647959183673469,False
env,val,tail_b0.5_mu1.0_c1.0,100,64,5199000,0.625,0.75,1.0,1,2000,0.06847936925292016,0.001795568533718385,2.8475,0.008647959183673469,False
env,val,tail_b0.5_mu1.0_c1.0,100,64,5199000,0.625,0.75,1.5,1,2000,0.06847936925292016,0.001795568533718385,2.8475,0.008647959183673469,False
env,val,tail_b0.5_mu1.0_c1.0,100,64,5199000,0.625,0.75,2.0,1,2000,0.06847936925292016,0.001795568533718385,2.8475,0.008647959183673469,False
env,val,tail_b0.5_mu1.0_c1.0,100,64,5199000,0.625,0.75,3.0,1,2000,0.06847936925292016,0.001795568533718385,2.8475,0.008647959183673469,False
env,val,tail_b0.5_mu1.0_c1.0,100,64,5199000,0.65,0.5,3.0,1,2000,0.06459837386012077,0.0016851528352888768,2.912,0.009306122448979593,False
env,val,tail_b0.5_mu1.0_c1.0,100,64,5199000,0.65,0.5,4.0,1,2000,0.06459837386012077,0.0016851528352888768,2.912,0.009306122448979593,False
env,val,tail_b0.5_mu1.0_c1.0,100,64,5199000,0.65,0.5,6.0,1,2000,0.06459837386012077,0.0016851528352888768,2.912,0.009306122448979593,False
env,val,tail_b0.5_mu1.0_c1.0,100,64,5199000,0.65,0.5,8.0,1,2000,0.06459837386012077,0.0016851528352888768,2.912,0.009306122448979593,False
env,val,tail_b0.5_mu1.0_c1.0,100,64,5199000,0.65,0.75,1.0,1,2000,0.06459837386012077,0.0016851528352888768,2.912,0.009306122448979593,False
env,val,tail_b0.5_mu1.0_c1.0,100,64,5199000,0.65,0.75,1.5,1,2000,0.06459837386012077,0.0016851528352888768,2.912,0.009306122448979593,False
env,val,tail_b0.5_mu1.0_c1.0,100,64,5199000,0.65,0.75,2.0,1,2000,0.06459837386012077,0.0016851528352888768,2.912,0.009306122448979593,False
env,val,tail_b0.5_mu1.0_c1.0,100,64,5199000,0.65,0.75,3.0,1,2000,0.06459837386012077,0.0016851528352888768,2.912,0.009306122448979593,False
env,val,tail_b0.5_mu1.0_c1.0,100,64,5199000,0.675,0.5,3.0,1,2000,0.01952976194024086,0.0006306823953295795,30.0,0.2857142857142856,False
env,val,tail_b0.5_mu1.0_c1.0,100,64,5199000,0.675,0.5,4.0,1,2000,0.022721276342868805,0.0007221955062628132,40.0,0.38775510204081615,False
env,val,tail_b0.5_mu1.0_c1.0,100,64,5199000,0.675,0.75,1.0,1,2000,0.020069198489189147,0.0006574582343830472,32.0,0.3061224489795918,False
env,val,tail_b0.5_mu1.0_c1.0,100,64,5199000,0.7,0.5,3.0,1,2000,0.01952976194024086,0.0006306823953295795,30.0,0.2857142857142856,False
env,val,tail_b0.5_mu1.0_c1.0,100,64,5199000,0.675,0.5,8.0,1,2000,0.03338545623421669,0.0010770370598278307,64.0,0.6326530612244898,False
env,val,tail_b0.5_mu1.0_c1.0,100,64,5199000,0.675,0.75,1.5,1,2000,0.024560174256563188,0.0008007977755375865,48.0,0.4693877551020407,False
env,val,tail_b0.5_mu1.0_c1.0,100,64,5199000,0.675,0.5,6.0,1,2000,0.030458677649497987,0.0009706150263040349,60.0,0.5918367346938778,False
env,val,tail_b0.5_mu1.0_c1.0,100,64,5199000,0.7,0.5,4.0,1,2000,0.022721276342868805,0.0007221955062628132,40.0,0.38775510204081615,False
env,val,tail_b0.5_mu1.0_c1.0,100,64,5199000,0.675,0.75,2.0,1,2000,0.03338545623421669,0.0010770370598278307,64.0,0.6326530612244898,False
env,val,tail_b0.5_mu1.0_c1.0,100,64,5199000,0.675,0.75,3.0,1,2000,0.03338545623421669,0.0010770370598278307,64.0,0.6326530612244898,False
env,val,tail_b0.5_mu1.0_c1.0,100,64,5199000,0.7,0.5,6.0,1,2000,0.030458677649497987,0.0009706150263040349,60.0,0.5918367346938778,False
env,val,tail_b0.5_mu1.0_c1.0,100,64,5199000,0.7,0.75,1.0,1,2000,0.020069198489189147,0.0006574582343830472,32.0,0.3061224489795918,False
env,val,tail_b0.5_mu1.0_c1.0,100,64,5199000,0.7,0.5,8.0,1,2000,0.03338545623421669,0.0010770370598278307,64.0,0.6326530612244898,False
env,val,tail_b0.5_mu1.0_c1.0,100,64,5199000,0.7,0.75,1.5,1,2000,0.024560174256563188,0.0008007977755375865,48.0,0.4693877551020407,False
env,val,tail_b0.5_mu1.0_c1.0,100,64,5199000,0.7,0.75,2.0,1,2000,0.03338545623421669,0.0010770370598278307,64.0,0.6326530612244898,False
env,val,tail_b0.5_mu1.0_c1.0,200,64,5202000,0.55,0.5,3.0,1,2000,0.08430439123511314,0.002103368648311553,2.5915,0.0029873737373737374,False
env,val,tail_b0.5_mu1.0_c1.0,100,64,5199000,0.7,0.75,3.0,1,2000,0.03338545623421669,0.0010770370598278307,64.0,0.6326530612244898,False
env,val,tail_b0.5_mu1.0_c1.0,200,64,5202000,0.55,0.5,6.0,1,2000,0.08430439123511314,0.002103368648311553,2.5915,0.0029873737373737374,False
env,val,tail_b0.5_mu1.0_c1.0,200,64,5202000,0.55,0.5,4.0,1,2000,0.08430439123511314,0.002103368648311553,2.5915,0.0029873737373737374,False
env,val,tail_b0.5_mu1.0_c1.0,200,64,5202000,0.55,0.5,8.0,1,2000,0.08430439123511314,0.002103368648311553,2.5915,0.0029873737373737374,False
env,val,tail_b0.5_mu1.0_c1.0,200,64,5202000,0.55,0.75,1.0,1,2000,0.08430439123511314,0.002103368648311553,2.5915,0.0029873737373737374,False
env,val,tail_b0.5_mu1.0_c1.0,200,64,5202000,0.55,0.75,1.5,1,2000,0.08430439123511314,0.002103368648311553,2.5915,0.0029873737373737374,False
env,val,tail_b0.5_mu1.0_c1.0,200,64,5202000,0.55,0.75,2.0,1,2000,0.08430439123511314,0.002103368648311553,2.5915,0.0029873737373737374,False
env,val,tail_b0.5_mu1.0_c1.0,200,64,5202000,0.55,0.75,3.0,1,2000,0.08430439123511314,0.002103368648311553,2.5915,0.0029873737373737374,False
env,val,tail_b0.5_mu1.0_c1.0,200,64,5202000,0.6,0.5,3.0,1,2000,0.07768055486679078,0.0019219450274537751,2.6725,0.0033964646464646467,False
env,val,tail_b0.5_mu1.0_c1.0,200,64,5202000,0.6,0.5,4.0,1,2000,0.07768055486679078,0.0019219450274537751,2.6725,0.0033964646464646467,False
env,val,tail_b0.5_mu1.0_c1.0,200,64,5202000,0.6,0.5,8.0,1,2000,0.07768055486679078,0.0019219450274537751,2.6725,0.0033964646464646467,False
env,val,tail_b0.5_mu1.0_c1.0,200,64,5202000,0.6,0.5,6.0,1,2000,0.07768055486679078,0.0019219450274537751,2.6725,0.0033964646464646467,False
env,val,tail_b0.5_mu1.0_c1.0,200,64,5202000,0.6,0.75,1.0,1,2000,0.07768055486679078,0.0019219450274537751,2.6725,0.0033964646464646467,False
env,val,tail_b0.5_mu1.0_c1.0,200,64,5202000,0.6,0.75,1.5,1,2000,0.07768055486679078,0.0019219450274537751,2.6725,0.0033964646464646467,False
env,val,tail_b0.5_mu1.0_c1.0,200,64,5202000,0.6,0.75,2.0,1,2000,0.07768055486679078,0.0019219450274537751,2.6725,0.0033964646464646467,False
env,val,tail_b0.5_mu1.0_c1.0,200,64,5202000,0.625,0.5,3.0,1,2000,0.06915762880444527,0.001758063098974974,2.864,0.004363636363636363,False
env,val,tail_b0.5_mu1.0_c1.0,200,64,5202000,0.6,0.75,3.0,1,2000,0.07768055486679078,0.0019219450274537751,2.6725,0.0033964646464646467,False
env,val,tail_b0.5_mu1.0_c1.0,200,64,5202000,0.625,0.5,4.0,1,2000,0.06915762880444527,0.001758063098974974,2.864,0.004363636363636363,False
env,val,tail_b0.5_mu1.0_c1.0,200,64,5202000,0.625,0.5,6.0,1,2000,0.06915762880444527,0.001758063098974974,2.864,0.004363636363636363,False
env,val,tail_b0.5_mu1.0_c1.0,200,64,5202000,0.625,0.75,1.0,1,2000,0.06915762880444527,0.001758063098974974,2.864,0.004363636363636363,False
env,val,tail_b0.5_mu1.0_c1.0,200,64,5202000,0.625,0.5,8.0,1,2000,0.06915762880444527,0.001758063098974974,2.864,0.004363636363636363,False
env,val,tail_b0.5_mu1.0_c1.0,200,64,5202000,0.625,0.75,1.5,1,2000,0.06915762880444527,0.001758063098974974,2.864,0.004363636363636363,False
env,val,tail_b0.5_mu1.0_c1.0,200,64,5202000,0.625,0.75,2.0,1,2000,0.06915762880444527,0.001758063098974974,2.864,0.004363636363636363,False
env,val,tail_b0.5_mu1.0_c1.0,200,64,5202000,0.625,0.75,3.0,1,2000,0.06915762880444527,0.001758063098974974,2.864,0.004363636363636363,False
env,val,tail_b0.5_mu1.0_c1.0,200,64,5202000,0.65,0.5,3.0,1,2000,0.0648610622882843,0.0016367642080893383,2.93,0.004696969696969697,False
env,val,tail_b0.5_mu1.0_c1.0,200,64,5202000,0.65,0.5,4.0,1,2000,0.0648610622882843,0.0016367642080893383,2.93,0.004696969696969697,False
env,val,tail_b0.5_mu1.0_c1.0,200,64,5202000,0.65,0.75,1.0,1,2000,0.0648610622882843,0.0016367642080893383,2.93,0.004696969696969697,False
env,val,tail_b0.5_mu1.0_c1.0,200,64,5202000,0.65,0.5,6.0,1,2000,0.0648610622882843,0.0016367642080893383,2.93,0.004696969696969697,False
env,val,tail_b0.5_mu1.0_c1.0,200,64,5202000,0.65,0.5,8.0,1,2000,0.0648610622882843,0.0016367642080893383,2.93,0.004696969696969697,False
env,val,tail_b0.5_mu1.0_c1.0,200,64,5202000,0.65,0.75,1.5,1,2000,0.0648610622882843,0.0016367642080893383,2.93,0.004696969696969697,False
env,val,tail_b0.5_mu1.0_c1.0,200,64,5202000,0.65,0.75,3.0,1,2000,0.0648610622882843,0.0016367642080893383,2.93,0.004696969696969697,False
env,val,tail_b0.5_mu1.0_c1.0,200,64,5202000,0.65,0.75,2.0,1,2000,0.0648610622882843,0.0016367642080893383,2.93,0.004696969696969697,False
env,val,tail_b0.5_mu1.0_c1.0,200,64,5202000,0.675,0.5,3.0,1,2000,0.010711542874574662,0.0003503274573875285,43.0,0.20707070707070716,False
env,val,tail_b0.5_mu1.0_c1.0,200,64,5202000,0.675,0.5,6.0,1,2000,0.01171013429760933,0.00039411979327589567,64.0,0.31313131313131315,False
env,val,tail_b0.5_mu1.0_c1.0,200,64,5202000,0.675,0.5,4.0,1,2000,0.011023769736289978,0.0003774024016564049,57.0,0.2777777777777778,False
env,val,tail_b0.5_mu1.0_c1.0,200,64,5202000,0.675,0.75,1.5,1,2000,0.01171013429760933,0.00039411979327589567,64.0,0.31313131313131315,False
env,val,tail_b0.5_mu1.0_c1.0,200,64,5202000,0.675,0.5,8.0,1,2000,0.01171013429760933,0.00039411979327589567,64.0,0.31313131313131315,False
env,val,tail_b0.5_mu1.0_c1.0,200,64,5202000,0.675,0.75,1.0,1,2000,0.011026438385248184,0.0003683900259100532,54.0,0.2626262626262626,False
env,val,tail_b0.5_mu1.0_c1.0,200,64,5202000,0.675,0.75,2.0,1,2000,0.01171013429760933,0.00039411979327589567,64.0,0.31313131313131315,False
env,val,tail_b0.5_mu1.0_c1.0,200,64,5202000,0.7,0.5,3.0,1,2000,0.010711542874574662,0.0003503274573875285,43.0,0.20707070707070716,False
env,val,tail_b0.5_mu1.0_c1.0,200,64,5202000,0.675,0.75,3.0,1,2000,0.01171013429760933,0.00039411979327589567,64.0,0.31313131313131315,False
env,val,tail_b0.5_mu1.0_c1.0,200,64,5202000,0.7,0.5,4.0,1,2000,0.011023769736289978,0.0003774024016564049,57.0,0.2777777777777778,False
env,val,tail_b0.5_mu1.0_c1.0,200,64,5202000,0.7,0.5,6.0,1,2000,0.01171013429760933,0.00039411979327589567,64.0,0.31313131313131315,False
env,val,tail_b0.5_mu1.0_c1.0,200,64,5202000,0.7,0.5,8.0,1,2000,0.01171013429760933,0.00039411979327589567,64.0,0.31313131313131315,False
env,val,tail_b2.0_mu1.0_c1.0,50,64,5361000,0.55,0.5,3.0,1,2000,0.18538036877475678,0.0036076521785153672,8.192,0.129,False
env,val,tail_b2.0_mu1.0_c1.0,50,64,5361000,0.55,0.5,4.0,1,2000,0.18399779528938234,0.003568024389549032,8.3085,0.13142708333333333,False
env,val,tail_b2.0_mu1.0_c1.0,50,64,5361000,0.55,0.75,1.0,1,2000,0.1872989226486534,0.0036264558091283114,8.0375,0.12578125,False
env,val,tail_b2.0_mu1.0_c1.0,50,64,5361000,0.55,0.5,6.0,1,2000,0.18364041331224143,0.0035684193534618637,8.3315,0.13190625,False
env,val,tail_b2.0_mu1.0_c1.0,50,64,5361000,0.55,0.5,8.0,1,2000,0.18364041331224143,0.0035684193534618637,8.3315,0.13190625,False
env,val,tail_b2.0_mu1.0_c1.0,50,64,5361000,0.55,0.75,1.5,1,2000,0.18399779528938234,0.003568024389549032,8.3085,0.13142708333333333,False
env,val,tail_b0.5_mu1.0_c1.0,200,64,5202000,0.7,0.75,1.0,1,2000,0.011026438385248184,0.0003683900259100532,54.0,0.2626262626262626,False
env,val,tail_b2.0_mu1.0_c1.0,50,64,5361000,0.55,0.75,2.0,1,2000,0.18364041331224143,0.0035684193534618637,8.3315,0.13190625,False
env,val,tail_b2.0_mu1.0_c1.0,50,64,5361000,0.6,0.5,3.0,1,2000,0.17790939242951573,0.003514770613522732,9.213,0.15027083333333333,False
env,val,tail_b2.0_mu1.0_c1.0,50,64,5361000,0.55,0.75,3.0,1,2000,0.18364041331224143,0.0035684193534618637,8.3315,0.13190625,False
env,val,tail_b2.0_mu1.0_c1.0,50,64,5361000,0.6,0.5,4.0,1,2000,0.17670165426842868,0.0034876501681622833,9.3615,0.1533645833333333,False
env,val,tail_b2.0_mu1.0_c1.0,50,64,5361000,0.6,0.5,6.0,1,2000,0.17641603699885308,0.003489709621381,9.3875,0.15390625,False
env,val,tail_b2.0_mu1.0_c1.0,50,64,5361000,0.6,0.5,8.0,1,2000,0.17641603699885308,0.003489709621381,9.3875,0.15390625,False
env,val,tail_b2.0_mu1.0_c1.0,50,64,5361000,0.6,0.75,1.0,1,2000,0.18104542862437664,0.0035781183682904285,9.0025,0.14588541666666668,False
env,val,tail_b0.5_mu1.0_c1.0,200,64,5202000,0.7,0.75,1.5,1,2000,0.01171013429760933,0.00039411979327589567,64.0,0.31313131313131315,False
env,val,tail_b0.5_mu1.0_c1.0,200,64,5202000,0.7,0.75,2.0,1,2000,0.01171013429760933,0.00039411979327589567,64.0,0.31313131313131315,False
env,val,tail_b2.0_mu1.0_c1.0,50,64,5361000,0.6,0.75,1.5,1,2000,0.17670165426842868,0.0034876501681622833,9.3615,0.1533645833333333,False
env,val,tail_b0.5_mu1.0_c1.0,200,64,5202000,0.7,0.75,3.0,1,2000,0.01171013429760933,0.00039411979327589567,64.0,0.31313131313131315,False
env,val,tail_b2.0_mu1.0_c1.0,50,64,5361000,0.6,0.75,2.0,1,2000,0.17641603699885308,0.003489709621381,9.3875,0.15390625,False
env,val,tail_b2.0_mu1.0_c1.0,50,64,5361000,0.625,0.5,3.0,1,2000,0.16502897448465229,0.00346585446215645,10.9745,0.18696875,False
env,val,tail_b2.0_mu1.0_c1.0,50,64,5361000,0.625,0.5,4.0,1,2000,0.162486141551286,0.0034042785267484076,11.493,0.1977708333333333,False
env,val,tail_b2.0_mu1.0_c1.0,50,64,5361000,0.6,0.75,3.0,1,2000,0.17641603699885308,0.003489709621381,9.3875,0.15390625,False
env,val,tail_b2.0_mu1.0_c1.0,50,64,5361000,0.625,0.5,6.0,1,2000,0.16268919270858168,0.003432551852856952,11.665,0.20135416666666667,False
env,val,tail_b2.0_mu1.0_c1.0,50,64,5361000,0.625,0.75,1.0,1,2000,0.1716181990839541,0.0035754113422130167,10.5195,0.1774895833333333,False
env,val,tail_b2.0_mu1.0_c1.0,50,64,5361000,0.625,0.75,1.5,1,2000,0.162486141551286,0.0034042785267484076,11.493,0.1977708333333333,False
env,val,tail_b2.0_mu1.0_c1.0,50,64,5361000,0.625,0.75,2.0,1,2000,0.16268919270858168,0.003432551852856952,11.665,0.20135416666666667,False
env,val,tail_b2.0_mu1.0_c1.0,50,64,5361000,0.65,0.5,3.0,1,2000,0.16273363894596696,0.003462039008134977,11.7185,0.20246875,False
env,val,tail_b2.0_mu1.0_c1.0,50,64,5361000,0.625,0.5,8.0,1,2000,0.16268919270858168,0.003432551852856952,11.665,0.20135416666666667,False
env,val,tail_b2.0_mu1.0_c1.0,50,64,5361000,0.625,0.75,3.0,1,2000,0.16268919270858168,0.003432551852856952,11.665,0.20135416666666667,False
env,val,tail_b2.0_mu1.0_c1.0,50,64,5361000,0.65,0.5,4.0,1,2000,0.16033689033612608,0.0034113998057064944,12.288,0.21433333333333332,False
env,val,tail_b2.0_mu1.0_c1.0,50,64,5361000,0.65,0.5,6.0,1,2000,0.16041454342380165,0.0034371576540376913,12.465,0.2180208333333333,False
env,val,tail_b2.0_mu1.0_c1.0,50,64,5361000,0.65,0.75,1.0,1,2000,0.1696125912182033,0.0035723173899367437,11.2055,0.19178125,False
env,val,tail_b2.0_mu1.0_c1.0,50,64,5361000,0.65,0.5,8.0,1,2000,0.16041454342380165,0.0034371576540376913,12.465,0.2180208333333333,False
env,val,tail_b2.0_mu1.0_c1.0,50,64,5361000,0.65,0.75,1.5,1,2000,0.16033689033612608,0.0034113998057064944,12.288,0.21433333333333332,False
env,val,tail_b2.0_mu1.0_c1.0,50,64,5361000,0.65,0.75,2.0,1,2000,0.16041454342380165,0.0034371576540376913,12.465,0.2180208333333333,False
env,val,tail_b2.0_mu1.0_c1.0,50,64,5361000,0.675,0.5,3.0,1,2000,0.1415234638080001,0.003275205975509335,22.0,0.41666666666666674,False
env,val,tail_b2.0_mu1.0_c1.0,50,64,5361000,0.65,0.75,3.0,1,2000,0.16041454342380165,0.0034371576540376913,12.465,0.2180208333333333,False
env,val,tail_b2.0_mu1.0_c1.0,50,64,5361000,0.675,0.5,4.0,1,2000,0.14065096002072097,0.003278648429085365,29.0,0.5625,False
env,val,tail_b2.0_mu1.0_c1.0,50,64,5361000,0.675,0.5,8.0,1,2000,0.37670684479735794,0.00502548256890135,50.0,1.0,False
env,val,tail_b2.0_mu1.0_c1.0,50,64,5361000,0.675,0.75,1.0,1,2000,0.15214966338127853,0.003476669638519212,19.0,0.3541666666666667,False
env,val,tail_b2.0_mu1.0_c1.0,50,64,5361000,0.675,0.5,6.0,1,2000,0.22237106115743518,0.00406310861683718,43.0,0.8541666666666665,False
env,val,tail_b2.0_mu1.0_c1.0,50,64,5361000,0.675,0.75,1.5,1,2000,0.14065096002072097,0.003278648429085365,29.0,0.5625,False
env,val,tail_b2.0_mu1.0_c1.0,50,64,5361000,0.7,0.5,3.0,1,2000,0.1415234638080001,0.003275205975509335,22.0,0.41666666666666674,False
env,val,tail_b2.0_mu1.0_c1.0,50,64,5361000,0.7,0.5,4.0,1,2000,0.14065096002072097,0.003278648429085365,29.0,0.5625,False
env,val,tail_b2.0_mu1.0_c1.0,50,64,5361000,0.675,0.75,2.0,1,2000,0.1773787463530898,0.003649219165005033,38.0,0.75,False
env,val,tail_b2.0_mu1.0_c1.0,50,64,5361000,0.675,0.75,3.0,1,2000,0.37670684479735794,0.00502548256890135,50.0,1.0,False
env,val,tail_b2.0_mu1.0_c1.0,50,64,5361000,0.7,0.75,1.0,1,2000,0.15214966338127853,0.003476669638519212,19.0,0.3541666666666667,False
env,val,tail_b2.0_mu1.0_c1.0,50,64,5361000,0.7,0.75,1.5,1,2000,0.14065096002072097,0.003278648429085365,29.0,0.5625,False
env,val,tail_b2.0_mu1.0_c1.0,50,64,5361000,0.7,0.5,6.0,1,2000,0.22237106115743518,0.00406310861683718,43.0,0.8541666666666665,False
env,val,tail_b2.0_mu1.0_c1.0,50,64,5361000,0.7,0.75,2.0,1,2000,0.1773787463530898,0.003649219165005033,38.0,0.75,False
env,val,tail_b2.0_mu1.0_c1.0,50,64,5361000,0.7,0.5,8.0,1,2000,0.37670684479735794,0.00502548256890135,50.0,1.0,False
env,val,tail_b2.0_mu1.0_c1.0,50,64,5361000,0.7,0.75,3.0,1,2000,0.37670684479735794,0.00502548256890135,50.0,1.0,False
env,val,tail_b2.0_mu1.0_c1.0,100,64,5364000,0.55,0.5,3.0,1,2000,0.18410437105596064,0.002893726458091806,9.544,0.0769795918367347,False
env,val,tail_b2.0_mu1.0_c1.0,100,64,5364000,0.55,0.5,4.0,1,2000,0.18304392509162426,0.002879926561231801,9.6345,0.07790306122448978,False
env,val,tail_b2.0_mu1.0_c1.0,100,64,5364000,0.55,0.75,1.0,1,2000,0.18342635813355446,0.0028850370461360386,9.575,0.07729591836734694,False
env,val,tail_b2.0_mu1.0_c1.0,100,64,5364000,0.55,0.5,6.0,1,2000,0.18338998797535896,0.00288863397531239,9.6505,0.07806632653061224,False
env,val,tail_b2.0_mu1.0_c1.0,100,64,5364000,0.55,0.5,8.0,1,2000,0.18338998797535896,0.00288863397531239,9.6505,0.07806632653061224,False
env,val,tail_b2.0_mu1.0_c1.0,100,64,5364000,0.55,0.75,1.5,1,2000,0.1831294388025999,0.0028838534768987033,9.646,0.0780204081632653,False
env,val,tail_b2.0_mu1.0_c1.0,100,64,5364000,0.6,0.5,3.0,1,2000,0.16860199749469756,0.0027987158162685777,11.122,0.09308163265306123,False
env,val,tail_b2.0_mu1.0_c1.0,100,64,5364000,0.55,0.75,2.0,1,2000,0.18338998797535896,0.00288863397531239,9.6505,0.07806632653061224,False
env,val,tail_b2.0_mu1.0_c1.0,100,64,5364000,0.55,0.75,3.0,1,2000,0.18338998797535896,0.00288863397531239,9.6505,0.07806632653061224,False
env,val,tail_b2.0_mu1.0_c1.0,100,64,5364000,0.6,0.5,4.0,1,2000,0.16624007254093887,0.0027698485684927647,11.2925,0.09482142857142857,False
env,val,tail_b2.0_mu1.0_c1.0,100,64,5364000,0.6,0.5,6.0,1,2000,0.1662195225432515,0.0027718799613966017,11.3235,0.09513775510204081,False
env,val,tail_b2.0_mu1.0_c1.0,100,64,5364000,0.6,0.75,1.0,1,2000,0.167330561414361,0.0027682876073762764,11.181,0.09368367346938776,False
env,val,tail_b2.0_mu1.0_c1.0,100,64,5364000,0.6,0.5,8.0,1,2000,0.1662195225432515,0.0027718799613966017,11.3235,0.09513775510204081,False
env,val,tail_b2.0_mu1.0_c1.0,100,64,5364000,0.625,0.5,3.0,1,2000,0.15779305489361287,0.0028081986907230786,13.4225,0.11655612244897959,False
env,val,tail_b2.0_mu1.0_c1.0,100,64,5364000,0.6,0.75,2.0,1,2000,0.1662195225432515,0.0027718799613966017,11.3235,0.09513775510204081,False
env,val,tail_b2.0_mu1.0_c1.0,100,64,5364000,0.6,0.75,1.5,1,2000,0.1662195225432515,0.0027718799613966017,11.318,0.09508163265306123,False
env,val,tail_b2.0_mu1.0_c1.0,100,64,5364000,0.6,0.75,3.0,1,2000,0.1662195225432515,0.0027718799613966017,11.3235,0.09513775510204081,False
env,val,tail_b2.0_mu1.0_c1.0,100,64,5364000,0.625,0.75,1.0,1,2000,0.15569529727101325,0.002771025605913758,13.59,0.11826530612244898,False
env,val,tail_b2.0_mu1.0_c1.0,100,64,5364000,0.625,0.5,4.0,1,2000,0.15384861589968205,0.0027608634458387215,13.985,0.12229591836734693,False
env,val,tail_b2.0_mu1.0_c1.0,100,64,5364000,0.625,0.5,8.0,1,2000,0.15252087607979775,0.002730584013905116,14.2485,0.12498469387755103,False
env,val,tail_b2.0_mu1.0_c1.0,100,64,5364000,0.625,0.5,6.0,1,2000,0.15272679434716702,0.002732687290802286,14.2415,0.12491326530612246,False
env,val,tail_b2.0_mu1.0_c1.0,100,64,5364000,0.625,0.75,1.5,1,2000,0.15211471842229365,0.0027312607331600614,14.16,0.12408163265306121,False
env,val,tail_b2.0_mu1.0_c1.0,100,64,5364000,0.625,0.75,3.0,1,2000,0.15252087607979775,0.002730584013905116,14.2485,0.12498469387755103,False
env,val,tail_b2.0_mu1.0_c1.0,100,64,5364000,0.625,0.75,2.0,1,2000,0.15252087607979775,0.002730584013905116,14.2485,0.12498469387755103,False
env,val,tail_b2.0_mu1.0_c1.0,100,64,5364000,0.65,0.5,3.0,1,2000,0.1498660961985588,0.0027797442617296824,14.614,0.1287142857142857,False
env,val,tail_b2.0_mu1.0_c1.0,100,64,5364000,0.65,0.75,1.0,1,2000,0.14802806459367276,0.0027594106758428187,14.8445,0.13106632653061223,False
env,val,tail_b2.0_mu1.0_c1.0,100,64,5364000,0.65,0.5,8.0,1,2000,0.14346894577145577,0.002685042075443997,15.7195,0.13999489795918368,False
env,val,tail_b2.0_mu1.0_c1.0,100,64,5364000,0.65,0.5,6.0,1,2000,0.14367486403882504,0.0026875279737099177,15.7125,0.13992346938775513,False
env,val,tail_b2.0_mu1.0_c1.0,100,64,5364000,0.65,0.5,4.0,1,2000,0.1456007817387581,0.00274227936216023,15.3975,0.13670918367346938,False
env,val,tail_b2.0_mu1.0_c1.0,100,64,5364000,0.675,0.5,3.0,1,2000,0.12375228233635426,0.002689743201093486,30.0,0.2857142857142856,False
env,val,tail_b2.0_mu1.0_c1.0,100,64,5364000,0.65,0.75,1.5,1,2000,0.14334807552397252,0.002687607485916473,15.6235,0.13901530612244897,False
env,val,tail_b2.0_mu1.0_c1.0,100,64,5364000,0.65,0.75,2.0,1,2000,0.14346894577145577,0.002685042075443997,15.7195,0.13999489795918368,False
env,val,tail_b2.0_mu1.0_c1.0,100,64,5364000,0.675,0.75,1.0,1,2000,0.11977902334928513,0.002634866087080709,32.0,0.3061224489795918,False
env,val,tail_b2.0_mu1.0_c1.0,100,64,5364000,0.65,0.75,3.0,1,2000,0.14346894577145577,0.002685042075443997,15.7195,0.13999489795918368,False
env,val,tail_b2.0_mu1.0_c1.0,100,64,5364000,0.675,0.5,4.0,1,2000,0.11269296289980411,0.0025891609774717603,40.0,0.38775510204081615,False
env,val,tail_b2.0_mu1.0_c1.0,100,64,5364000,0.675,0.5,8.0,1,2000,0.13027055185288192,0.0029054418061840513,64.0,0.6326530612244898,False
env,val,tail_b2.0_mu1.0_c1.0,100,64,5364000,0.675,0.5,6.0,1,2000,0.12225008551776409,0.0027717953586894185,60.0,0.5918367346938778,False
env,val,tail_b2.0_mu1.0_c1.0,100,64,5364000,0.7,0.5,3.0,1,2000,0.12375228233635426,0.002689743201093486,30.0,0.2857142857142856,False
env,val,tail_b2.0_mu1.0_c1.0,100,64,5364000,0.675,0.75,1.5,1,2000,0.11227946369349956,0.0026216757348434317,48.0,0.4693877551020407,False
env,val,tail_b2.0_mu1.0_c1.0,100,64,5364000,0.675,0.75,2.0,1,2000,0.13027055185288192,0.0029054418061840513,64.0,0.6326530612244898,False
env,val,tail_b2.0_mu1.0_c1.0,100,64,5364000,0.675,0.75,3.0,1,2000,0.13027055185288192,0.0029054418061840513,64.0,0.6326530612244898,False
env,val,tail_b2.0_mu1.0_c1.0,100,64,5364000,0.7,0.75,1.0,1,2000,0.11977902334928513,0.002634866087080709,32.0,0.3061224489795918,False
env,val,tail_b2.0_mu1.0_c1.0,100,64,5364000,0.7,0.5,4.0,1,2000,0.11269296289980411,0.0025891609774717603,40.0,0.38775510204081615,False
env,val,tail_b2.0_mu1.0_c1.0,100,64,5364000,0.7,0.5,6.0,1,2000,0.12225008551776409,0.0027717953586894185,60.0,0.5918367346938778,False
env,val,tail_b2.0_mu1.0_c1.0,100,64,5364000,0.7,0.5,8.0,1,2000,0.13027055185288192,0.0029054418061840513,64.0,0.6326530612244898,False
env,val,tail_b2.0_mu1.0_c1.0,100,64,5364000,0.7,0.75,1.5,1,2000,0.11227946369349956,0.0026216757348434317,48.0,0.4693877551020407,False
env,val,tail_b2.0_mu1.0_c1.0,100,64,5364000,0.7,0.75,2.0,1,2000,0.13027055185288192,0.0029054418061840513,64.0,0.6326530612244898,False
env,val,tail_b2.0_mu1.0_c1.0,100,64,5364000,0.7,0.75,3.0,1,2000,0.13027055185288192,0.0029054418061840513,64.0,0.6326530612244898,False
env,val,tail_b2.0_mu1.0_c1.0,200,64,5367000,0.55,0.5,3.0,1,2000,0.18562499818205833,0.0025381505131144735,9.9595,0.04019949494949495,False
env,val,tail_b2.0_mu1.0_c1.0,200,64,5367000,0.55,0.5,4.0,1,2000,0.18531982013583184,0.002530331339873526,9.9835,0.04032070707070707,False
env,val,tail_b2.0_mu1.0_c1.0,200,64,5367000,0.55,0.5,6.0,1,2000,0.18531982013583184,0.002530331339873526,9.987,0.04033838383838383,False
env,val,tail_b2.0_mu1.0_c1.0,200,64,5367000,0.55,0.75,1.0,1,2000,0.18526499459147452,0.0025306662447494408,9.982,0.04031313131313131,False
env,val,tail_b2.0_mu1.0_c1.0,200,64,5367000,0.55,0.5,8.0,1,2000,0.18531982013583184,0.002530331339873526,9.987,0.04033838383838383,False
env,val,tail_b2.0_mu1.0_c1.0,200,64,5367000,0.55,0.75,1.5,1,2000,0.18531982013583184,0.002530331339873526,9.987,0.04033838383838383,False
env,val,tail_b2.0_mu1.0_c1.0,200,64,5367000,0.55,0.75,2.0,1,2000,0.18531982013583184,0.002530331339873526,9.987,0.04033838383838383,False
env,val,tail_b2.0_mu1.0_c1.0,200,64,5367000,0.6,0.5,3.0,1,2000,0.16380160264670848,0.002374397143545008,12.039,0.0507020202020202,False
env,val,tail_b2.0_mu1.0_c1.0,200,64,5367000,0.55,0.75,3.0,1,2000,0.18531982013583184,0.002530331339873526,9.987,0.04033838383838383,False
env,val,tail_b2.0_mu1.0_c1.0,200,64,5367000,0.6,0.5,4.0,1,2000,0.16309599126875401,0.0023682101851539147,12.1345,0.051184343434343436,False
env,val,tail_b2.0_mu1.0_c1.0,200,64,5367000,0.6,0.5,6.0,1,2000,0.16316245424747466,0.002371564260957277,12.1515,0.05127020202020202,False
env,val,tail_b2.0_mu1.0_c1.0,200,64,5367000,0.6,0.5,8.0,1,2000,0.16316245424747466,0.002371564260957277,12.1515,0.05127020202020202,False
env,val,tail_b2.0_mu1.0_c1.0,200,64,5367000,0.6,0.75,1.0,1,2000,0.1632833369523287,0.0023681839755987115,12.1235,0.051128787878787885,False
env,val,tail_b2.0_mu1.0_c1.0,200,64,5367000,0.6,0.75,1.5,1,2000,0.16316245424747466,0.002371564260957277,12.1515,0.05127020202020202,False
env,val,tail_b2.0_mu1.0_c1.0,200,64,5367000,0.625,0.5,3.0,1,2000,0.14789458172023295,0.0022952110134036668,14.857,0.06493434343434344,False
env,val,tail_b2.0_mu1.0_c1.0,200,64,5367000,0.6,0.75,2.0,1,2000,0.16316245424747466,0.002371564260957277,12.1515,0.05127020202020202,False
env,val,tail_b2.0_mu1.0_c1.0,200,64,5367000,0.625,0.5,4.0,1,2000,0.14696755996346475,0.002282453974516527,15.1095,0.06620959595959597,False
env,val,tail_b2.0_mu1.0_c1.0,200,64,5367000,0.6,0.75,3.0,1,2000,0.16316245424747466,0.002371564260957277,12.1515,0.05127020202020202,False
env,val,tail_b2.0_mu1.0_c1.0,200,64,5367000,0.625,0.5,6.0,1,2000,0.14720712420344353,0.0022877474627637706,15.1635,0.06648232323232324,False
env,val,tail_b2.0_mu1.0_c1.0,200,64,5367000,0.625,0.5,8.0,1,2000,0.14720712420344353,0.0022877474627637706,15.1635,0.06648232323232324,False
env,val,tail_b2.0_mu1.0_c1.0,200,64,5367000,0.625,0.75,1.0,1,2000,0.14726686875522138,0.002286607483693493,15.0725,0.06602272727272726,False
env,val,tail_b2.0_mu1.0_c1.0,200,64,5367000,0.625,0.75,1.5,1,2000,0.14720712420344353,0.0022877474627637706,15.1635,0.06648232323232324,False
env,val,tail_b2.0_mu1.0_c1.0,200,64,5367000,0.625,0.75,2.0,1,2000,0.14720712420344353,0.0022877474627637706,15.1635,0.06648232323232324,False
env,val,tail_b2.0_mu1.0_c1.0,200,64,5367000,0.625,0.75,3.0,1,2000,0.14720712420344353,0.0022877474627637706,15.1635,0.06648232323232324,False
env,val,tail_b2.0_mu1.0_c1.0,200,64,5367000,0.65,0.5,3.0,1,2000,0.1389857925772667,0.002209324663036646,16.709,0.07428787878787878,False
env,val,tail_b2.0_mu1.0_c1.0,200,64,5367000,0.65,0.5,4.0,1,2000,0.13760359120368956,0.0022060442675798527,17.1845,0.07668939393939393,False
env,val,tail_b2.0_mu1.0_c1.0,200,64,5367000,0.65,0.75,1.5,1,2000,0.13764644180238247,0.00220928000700579,17.269,0.07711616161616161,False
env,val,tail_b2.0_mu1.0_c1.0,200,64,5367000,0.65,0.5,8.0,1,2000,0.13764644180238247,0.00220928000700579,17.269,0.07711616161616161,False
env,val,tail_b2.0_mu1.0_c1.0,200,64,5367000,0.65,0.75,1.0,1,2000,0.13794610776007177,0.002206101367258942,17.121,0.07636868686868686,False
env,val,tail_b2.0_mu1.0_c1.0,200,64,5367000,0.65,0.5,6.0,1,2000,0.13764644180238247,0.00220928000700579,17.269,0.07711616161616161,False
env,val,tail_b2.0_mu1.0_c1.0,200,64,5367000,0.65,0.75,2.0,1,2000,0.13764644180238247,0.00220928000700579,17.269,0.07711616161616161,False
env,val,tail_b2.0_mu1.0_c1.0,200,64,5367000,0.675,0.5,3.0,1,2000,0.10302713176608086,0.0021539425810807437,43.0,0.20707070707070716,False
env,val,tail_b2.0_mu1.0_c1.0,200,64,5367000,0.65,0.75,3.0,1,2000,0.13764644180238247,0.00220928000700579,17.269,0.07711616161616161,False
env,val,tail_b2.0_mu1.0_c1.0,200,64,5367000,0.675,0.5,6.0,1,2000,0.08542088632285595,0.0020143730104065206,64.0,0.31313131313131315,False
env,val,tail_b2.0_mu1.0_c1.0,200,64,5367000,0.675,0.5,4.0,1,2000,0.09134391692280769,0.0020804455580712266,57.0,0.2777777777777778,False
env,val,tail_b2.0_mu1.0_c1.0,200,64,5367000,0.675,0.5,8.0,1,2000,0.08542088632285595,0.0020143730104065206,64.0,0.31313131313131315,False
env,val,tail_b2.0_mu1.0_c1.0,200,64,5367000,0.675,0.75,1.0,1,2000,0.09367959135770798,0.0020912321287921984,54.0,0.2626262626262626,False
env,val,tail_b2.0_mu1.0_c1.0,200,64,5367000,0.675,0.75,1.5,1,2000,0.08542088632285595,0.0020143730104065206,64.0,0.31313131313131315,False
env,val,tail_b2.0_mu1.0_c1.0,200,64,5367000,0.675,0.75,2.0,1,2000,0.08542088632285595,0.0020143730104065206,64.0,0.31313131313131315,False
env,val,tail_b8.0_mu1.0_c1.0,50,64,5466000,0.55,0.5,3.0,1,2000,0.1804722719688434,0.002858925485730347,20.7545,0.3907187500000001,False
env,val,tail_b2.0_mu1.0_c1.0,200,64,5367000,0.7,0.5,3.0,1,2000,0.10302713176608086,0.0021539425810807437,43.0,0.20707070707070716,False
env,val,tail_b2.0_mu1.0_c1.0,200,64,5367000,0.675,0.75,3.0,1,2000,0.08542088632285595,0.0020143730104065206,64.0,0.31313131313131315,False
env,val,tail_b2.0_mu1.0_c1.0,200,64,5367000,0.7,0.5,8.0,1,2000,0.08542088632285595,0.0020143730104065206,64.0,0.31313131313131315,False
env,val,tail_b2.0_mu1.0_c1.0,200,64,5367000,0.7,0.5,4.0,1,2000,0.09134391692280769,0.0020804455580712266,57.0,0.2777777777777778,False
env,val,tail_b2.0_mu1.0_c1.0,200,64,5367000,0.7,0.5,6.0,1,2000,0.08542088632285595,0.0020143730104065206,64.0,0.31313131313131315,False
env,val,tail_b2.0_mu1.0_c1.0,200,64,5367000,0.7,0.75,1.5,1,2000,0.08542088632285595,0.0020143730104065206,64.0,0.31313131313131315,False
env,val,tail_b8.0_mu1.0_c1.0,50,64,5466000,0.55,0.5,4.0,1,2000,0.17993083408044186,0.0028886552267821672,25.596,0.49158333333333337,False
env,val,tail_b2.0_mu1.0_c1.0,200,64,5367000,0.7,0.75,1.0,1,2000,0.09367959135770798,0.0020912321287921984,54.0,0.2626262626262626,False
env,val,tail_b2.0_mu1.0_c1.0,200,64,5367000,0.7,0.75,2.0,1,2000,0.08542088632285595,0.0020143730104065206,64.0,0.31313131313131315,False
env,val,tail_b8.0_mu1.0_c1.0,50,64,5466000,0.55,0.75,1.5,1,2000,0.17993083408044186,0.0028886552267821672,25.596,0.49158333333333337,False
env,val,tail_b8.0_mu1.0_c1.0,50,64,5466000,0.55,0.75,1.0,1,2000,0.17954988789209164,0.0028684610883473894,18.296,0.3395,False
env,val,tail_b8.0_mu1.0_c1.0,50,64,5466000,0.55,0.5,6.0,1,2000,0.183887590757804,0.0029080185573689002,31.458,0.6137083333333333,False
env,val,tail_b8.0_mu1.0_c1.0,50,64,5466000,0.55,0.5,8.0,1,2000,0.18518519090581687,0.0029090645224499724,31.7605,0.6200104166666667,False
env,val,tail_b8.0_mu1.0_c1.0,50,64,5466000,0.6,0.5,3.0,1,2000,0.18110673807491548,0.002850055683357911,21.127,0.3984791666666667,False
env,val,tail_b8.0_mu1.0_c1.0,50,64,5466000,0.55,0.75,2.0,1,2000,0.18064446612610482,0.002876415280780984,30.0425,0.58421875,False
env,val,tail_b8.0_mu1.0_c1.0,50,64,5466000,0.55,0.75,3.0,1,2000,0.18518519090581687,0.0029090645224499724,31.7605,0.6200104166666667,False
env,val,tail_b8.0_mu1.0_c1.0,50,64,5466000,0.6,0.5,4.0,1,2000,0.18059756900684443,0.002881410485612068,26.142,0.5029583333333334,False
env,val,tail_b8.0_mu1.0_c1.0,50,64,5466000,0.6,0.75,1.0,1,2000,0.18008573867590166,0.0028606925098446524,18.5585,0.34496875,False
env,val,tail_b2.0_mu1.0_c1.0,200,64,5367000,0.7,0.75,3.0,1,2000,0.08542088632285595,0.0020143730104065206,64.0,0.31313131313131315,False
env,val,tail_b8.0_mu1.0_c1.0,50,64,5466000,0.6,0.5,6.0,1,2000,0.18422137867216953,0.002904979261077478,32.083,0.6267291666666667,False
env,val,tail_b8.0_mu1.0_c1.0,50,64,5466000,0.6,0.5,8.0,1,2000,0.1855189788201824,0.002905951760292726,32.3855,0.63303125,False
env,val,tail_b8.0_mu1.0_c1.0,50,64,5466000,0.6,0.75,1.5,1,2000,0.18059756900684443,0.002881410485612068,26.142,0.5029583333333334,False
env,val,tail_b8.0_mu1.0_c1.0,50,64,5466000,0.625,0.5,3.0,1,2000,0.18041689466615207,0.0028666221256107034,21.5435,0.40715625000000005,False
env,val,tail_b8.0_mu1.0_c1.0,50,64,5466000,0.6,0.75,2.0,1,2000,0.18097825404047035,0.002873531016386322,30.6645,0.5971770833333333,False
env,val,tail_b8.0_mu1.0_c1.0,50,64,5466000,0.6,0.75,3.0,1,2000,0.1855189788201824,0.002905951760292726,32.3855,0.63303125,False
env,val,tail_b8.0_mu1.0_c1.0,50,64,5466000,0.625,0.5,4.0,1,2000,0.17942800800816622,0.002881616494873046,27.465,0.5305208333333332,False
env,val,tail_b8.0_mu1.0_c1.0,50,64,5466000,0.625,0.75,1.0,1,2000,0.1793363835422788,0.002870923636269113,18.7445,0.34884375,False
env,val,tail_b8.0_mu1.0_c1.0,50,64,5466000,0.625,0.5,6.0,1,2000,0.1860607273702044,0.0029001194532352888,34.7975,0.68328125,False
env,val,tail_b8.0_mu1.0_c1.0,50,64,5466000,0.625,0.5,8.0,1,2000,0.18790886577498167,0.0028972672223802733,35.111,0.6898125,False
env,val,tail_b8.0_mu1.0_c1.0,50,64,5466000,0.625,0.75,1.5,1,2000,0.17942800800816622,0.002881616494873046,27.465,0.5305208333333332,False
env,val,tail_b8.0_mu1.0_c1.0,50,64,5466000,0.65,0.5,3.0,1,2000,0.1803045451522339,0.0028662971380650536,21.628,0.40891666666666676,False
env,val,tail_b8.0_mu1.0_c1.0,50,64,5466000,0.625,0.75,2.0,1,2000,0.18097863796795718,0.0028627591808380523,33.1565,0.64909375,False
env,val,tail_b8.0_mu1.0_c1.0,50,64,5466000,0.65,0.5,4.0,1,2000,0.17931565849424805,0.0028812739091675934,27.587,0.5330625,False
env,val,tail_b8.0_mu1.0_c1.0,50,64,5466000,0.625,0.75,3.0,1,2000,0.18790886577498167,0.0028972672223802733,35.111,0.6898125,False
env,val,tail_b8.0_mu1.0_c1.0,50,64,5466000,0.65,0.5,6.0,1,2000,0.18594837785628623,0.0028999076045166166,34.9485,0.6864270833333332,False
env,val,tail_b8.0_mu1.0_c1.0,50,64,5466000,0.65,0.75,1.0,1,2000,0.1792010686120484,0.0028724237239177207,18.81,0.35020833333333334,False
env,val,tail_b8.0_mu1.0_c1.0,50,64,5466000,0.65,0.75,1.5,1,2000,0.17931565849424805,0.0028812739091675934,27.587,0.5330625,False
env,val,tail_b8.0_mu1.0_c1.0,50,64,5466000,0.65,0.5,8.0,1,2000,0.18779651626106353,0.002897091018746347,35.262,0.6929583333333333,False
env,val,tail_b8.0_mu1.0_c1.0,50,64,5466000,0.675,0.5,3.0,1,2000,0.18065420114737935,0.002860758537488171,22.0,0.41666666666666674,False
env,val,tail_b8.0_mu1.0_c1.0,50,64,5466000,0.675,0.5,4.0,1,2000,0.17832037094573025,0.0028794396502613796,29.0,0.5625,False
env,val,tail_b8.0_mu1.0_c1.0,50,64,5466000,0.65,0.75,2.0,1,2000,0.18086628845403901,0.002862444784318141,33.3075,0.6522395833333332,False
env,val,tail_b8.0_mu1.0_c1.0,50,64,5466000,0.65,0.75,3.0,1,2000,0.18779651626106353,0.002897091018746347,35.262,0.6929583333333333,False
env,val,tail_b8.0_mu1.0_c1.0,50,64,5466000,0.675,0.75,1.0,1,2000,0.17931277187005618,0.0028719582833791097,19.0,0.3541666666666667,False
env,val,tail_b8.0_mu1.0_c1.0,50,64,5466000,0.675,0.75,1.5,1,2000,0.17832037094573025,0.0028794396502613796,29.0,0.5625,False
env,val,tail_b8.0_mu1.0_c1.0,50,64,5466000,0.675,0.5,6.0,1,2000,0.17692730508535168,0.002882528275959621,43.0,0.8541666666666665,False
env,val,tail_b8.0_mu1.0_c1.0,50,64,5466000,0.675,0.5,8.0,1,2000,0.22480389812309295,0.002981468949188576,50.0,1.0,False
env,val,tail_b8.0_mu1.0_c1.0,50,64,5466000,0.7,0.5,3.0,1,2000,0.18065420114737935,0.002860758537488171,22.0,0.41666666666666674,False
env,val,tail_b8.0_mu1.0_c1.0,50,64,5466000,0.7,0.5,4.0,1,2000,0.17832037094573025,0.0028794396502613796,29.0,0.5625,False
env,val,tail_b8.0_mu1.0_c1.0,50,64,5466000,0.675,0.75,3.0,1,2000,0.22480389812309295,0.002981468949188576,50.0,1.0,False
env,val,tail_b8.0_mu1.0_c1.0,50,64,5466000,0.675,0.75,2.0,1,2000,0.17386866740742699,0.0028211512962895728,38.0,0.75,False
env,val,tail_b8.0_mu1.0_c1.0,50,64,5466000,0.7,0.75,1.0,1,2000,0.17931277187005618,0.0028719582833791097,19.0,0.3541666666666667,False
env,val,tail_b8.0_mu1.0_c1.0,50,64,5466000,0.7,0.5,6.0,1,2000,0.17692730508535168,0.002882528275959621,43.0,0.8541666666666665,False
env,val,tail_b8.0_mu1.0_c1.0,50,64,5466000,0.7,0.75,1.5,1,2000,0.17832037094573025,0.0028794396502613796,29.0,0.5625,False
env,val,tail_b8.0_mu1.0_c1.0,50,64,5466000,0.7,0.5,8.0,1,2000,0.22480389812309295,0.002981468949188576,50.0,1.0,False
env,val,tail_b8.0_mu1.0_c1.0,50,64,5466000,0.7,0.75,2.0,1,2000,0.17386866740742699,0.0028211512962895728,38.0,0.75,False
env,val,tail_b8.0_mu1.0_c1.0,50,64,5466000,0.7,0.75,3.0,1,2000,0.22480389812309295,0.002981468949188576,50.0,1.0,False
env,val,tail_b8.0_mu1.0_c1.0,100,64,5469000,0.55,0.5,3.0,1,2000,0.1824116788120009,0.0029301713235873714,29.201,0.27756122448979587,False
env,val,tail_b8.0_mu1.0_c1.0,100,64,5469000,0.55,0.75,1.0,1,2000,0.18105582037579734,0.00292678085593522,30.9735,0.2956479591836735,False
env,val,tail_b8.0_mu1.0_c1.0,100,64,5469000,0.55,0.5,4.0,1,2000,0.18418630560545715,0.002940566316420422,37.4955,0.3621989795918366,False
env,val,tail_b8.0_mu1.0_c1.0,100,64,5469000,0.55,0.5,6.0,1,2000,0.18811155346874148,0.003000875531226117,48.72,0.4767346938775511,False
env,val,tail_b8.0_mu1.0_c1.0,100,64,5469000,0.55,0.5,8.0,1,2000,0.18633560138288885,0.0030012860750591847,50.1235,0.4910561224489796,False
env,val,tail_b8.0_mu1.0_c1.0,100,64,5469000,0.6,0.5,3.0,1,2000,0.18164696689182894,0.0029348119375135024,29.5995,0.2816275510204081,False
env,val,tail_b8.0_mu1.0_c1.0,100,64,5469000,0.55,0.75,1.5,1,2000,0.1907963374182582,0.0029856056212673424,42.959,0.4179489795918367,False
env,val,tail_b8.0_mu1.0_c1.0,100,64,5469000,0.55,0.75,2.0,1,2000,0.18633560138288885,0.0030012860750591847,50.1235,0.4910561224489796,False
env,val,tail_b8.0_mu1.0_c1.0,100,64,5469000,0.55,0.75,3.0,1,2000,0.18633560138288885,0.0030012860750591847,50.1235,0.4910561224489796,False
env,val,tail_b8.0_mu1.0_c1.0,100,64,5469000,0.6,0.5,4.0,1,2000,0.18466854381619488,0.0029362694041263565,38.7115,0.3746071428571427,False
env,val,tail_b8.0_mu1.0_c1.0,100,64,5469000,0.6,0.5,6.0,1,2000,0.1884448252124712,0.0030032420609343758,51.1565,0.5015969387755103,False
env,val,tail_b8.0_mu1.0_c1.0,100,64,5469000,0.6,0.75,1.0,1,2000,0.1807094370481791,0.0029302245988369374,31.4915,0.30093367346938776,False
env,val,tail_b8.0_mu1.0_c1.0,100,64,5469000,0.6,0.5,8.0,1,2000,0.18699300035741181,0.0030077761100720485,52.651,0.5168469387755102,False
env,val,tail_b8.0_mu1.0_c1.0,100,64,5469000,0.6,0.75,1.5,1,2000,0.19198650704696774,0.002991362835060149,44.869,0.43743877551020405,False
env,val,tail_b8.0_mu1.0_c1.0,100,64,5469000,0.625,0.5,3.0,1,2000,0.18062732723960653,0.0029419494431315034,29.808,0.2837551020408163,False
env,val,tail_b8.0_mu1.0_c1.0,100,64,5469000,0.6,0.75,2.0,1,2000,0.18699300035741181,0.0030077761100720485,52.651,0.5168469387755102,False
env,val,tail_b8.0_mu1.0_c1.0,100,64,5469000,0.625,0.75,1.0,1,2000,0.18040802430559416,0.0029383979308629164,31.748,0.30355102040816323,False
env,val,tail_b8.0_mu1.0_c1.0,100,64,5469000,0.6,0.75,3.0,1,2000,0.18699300035741181,0.0030077761100720485,52.651,0.5168469387755102,False
env,val,tail_b8.0_mu1.0_c1.0,100,64,5469000,0.625,0.5,6.0,1,2000,0.18537172772642224,0.0029894564359152186,55.612,0.5470612244897961,False
env,val,tail_b8.0_mu1.0_c1.0,100,64,5469000,0.625,0.5,4.0,1,2000,0.18154412364645395,0.002930311114617364,39.342,0.3810408163265305,False
env,val,tail_b8.0_mu1.0_c1.0,100,64,5469000,0.625,0.5,8.0,1,2000,0.18318412834126502,0.0029802496142893207,58.2715,0.5741989795918366,False
env,val,tail_b8.0_mu1.0_c1.0,100,64,5469000,0.65,0.5,3.0,1,2000,0.18027802891889588,0.002942298630224796,29.88,0.28448979591836726,False
env,val,tail_b8.0_mu1.0_c1.0,100,64,5469000,0.625,0.75,2.0,1,2000,0.18318412834126502,0.0029802496142893207,58.2715,0.5741989795918366,False
env,val,tail_b8.0_mu1.0_c1.0,100,64,5469000,0.625,0.75,3.0,1,2000,0.18318412834126502,0.0029802496142893207,58.2715,0.5741989795918366,False
env,val,tail_b8.0_mu1.0_c1.0,100,64,5469000,0.625,0.75,1.5,1,2000,0.19242104903422297,0.003004624167958641,46.448,0.4535510204081632,False
env,val,tail_b8.0_mu1.0_c1.0,100,64,5469000,0.65,0.75,1.0,1,2000,0.18020938963268418,0.0029335089664703235,31.8335,0.30442346938775505,False
env,val,tail_b8.0_mu1.0_c1.0,100,64,5469000,0.65,0.5,4.0,1,2000,0.18134168234898243,0.002932269512523212,39.504,0.38269387755102025,False
env,val,tail_b8.0_mu1.0_c1.0,100,64,5469000,0.65,0.5,6.0,1,2000,0.1849671367770061,0.002992077908474846,56.1425,0.5524744897959185,False
env,val,tail_b8.0_mu1.0_c1.0,100,64,5469000,0.675,0.5,3.0,1,2000,0.18008330119261517,0.0029411785605421162,30.0,0.2857142857142856,False
env,val,tail_b8.0_mu1.0_c1.0,100,64,5469000,0.65,0.5,8.0,1,2000,0.18316176834423095,0.0029781666083498644,58.8525,0.5801275510204081,False
env,val,tail_b8.0_mu1.0_c1.0,100,64,5469000,0.65,0.75,1.5,1,2000,0.1920819535534829,0.003007273533833084,46.765,0.45678571428571424,False
env,val,tail_b8.0_mu1.0_c1.0,100,64,5469000,0.65,0.75,2.0,1,2000,0.18316176834423095,0.0029781666083498644,58.8525,0.5801275510204081,False
env,val,tail_b8.0_mu1.0_c1.0,100,64,5469000,0.65,0.75,3.0,1,2000,0.18316176834423095,0.0029781666083498644,58.8525,0.5801275510204081,False
env,val,tail_b8.0_mu1.0_c1.0,100,64,5469000,0.675,0.5,4.0,1,2000,0.18079508875368627,0.00292870263300773,40.0,0.38775510204081615,False
env,val,tail_b8.0_mu1.0_c1.0,100,64,5469000,0.675,0.75,1.0,1,2000,0.17971291725162883,0.0029373049504495064,32.0,0.3061224489795918,False
env,val,tail_b8.0_mu1.0_c1.0,100,64,5469000,0.675,0.5,6.0,1,2000,0.18376843335386367,0.0029887520984725304,60.0,0.5918367346938778,False
env,val,tail_b8.0_mu1.0_c1.0,100,64,5469000,0.675,0.5,8.0,1,2000,0.18155210494529456,0.002975279221785268,64.0,0.6326530612244898,False
env,val,tail_b8.0_mu1.0_c1.0,100,64,5469000,0.7,0.5,3.0,1,2000,0.18008330119261517,0.0029411785605421162,30.0,0.2857142857142856,False
env,val,tail_b8.0_mu1.0_c1.0,100,64,5469000,0.675,0.75,1.5,1,2000,0.19146968512423337,0.0030164114650213874,48.0,0.4693877551020407,False
env,val,tail_b8.0_mu1.0_c1.0,100,64,5469000,0.675,0.75,2.0,1,2000,0.18155210494529456,0.002975279221785268,64.0,0.6326530612244898,False
env,val,tail_b8.0_mu1.0_c1.0,100,64,5469000,0.7,0.75,1.0,1,2000,0.17971291725162883,0.0029373049504495064,32.0,0.3061224489795918,False
env,val,tail_b8.0_mu1.0_c1.0,100,64,5469000,0.675,0.75,3.0,1,2000,0.18155210494529456,0.002975279221785268,64.0,0.6326530612244898,False
env,val,tail_b8.0_mu1.0_c1.0,100,64,5469000,0.7,0.5,4.0,1,2000,0.18079508875368627,0.00292870263300773,40.0,0.38775510204081615,False
env,val,tail_b8.0_mu1.0_c1.0,100,64,5469000,0.7,0.5,6.0,1,2000,0.18376843335386367,0.0029887520984725304,60.0,0.5918367346938778,False
env,val,tail_b8.0_mu1.0_c1.0,100,64,5469000,0.7,0.5,8.0,1,2000,0.18155210494529456,0.002975279221785268,64.0,0.6326530612244898,False
env,val,tail_b8.0_mu1.0_c1.0,100,64,5469000,0.7,0.75,1.5,1,2000,0.19146968512423337,0.0030164114650213874,48.0,0.4693877551020407,False
env,val,tail_b8.0_mu1.0_c1.0,100,64,5469000,0.7,0.75,2.0,1,2000,0.18155210494529456,0.002975279221785268,64.0,0.6326530612244898,False
env,val,tail_b8.0_mu1.0_c1.0,100,64,5469000,0.7,0.75,3.0,1,2000,0.18155210494529456,0.002975279221785268,64.0,0.6326530612244898,False
env,val,tail_b8.0_mu1.0_c1.0,200,64,5472000,0.55,0.5,3.0,1,2000,0.179379155209288,0.0028436620466561406,42.24,0.20323232323232332,False
env,val,tail_b8.0_mu1.0_c1.0,200,64,5472000,0.55,0.5,4.0,1,2000,0.18425741762109102,0.0029167206592030626,54.9585,0.2674671717171717,False
env,val,tail_b8.0_mu1.0_c1.0,200,64,5472000,0.55,0.5,6.0,1,2000,0.1836346682868898,0.00293255293626613,60.817,0.2970555555555555,False
env,val,tail_b8.0_mu1.0_c1.0,200,64,5472000,0.55,0.75,1.5,1,2000,0.1836346682868898,0.00293255293626613,60.817,0.2970555555555555,False
env,val,tail_b8.0_mu1.0_c1.0,200,64,5472000,0.55,0.75,1.0,1,2000,0.1849351257616654,0.0028945055227827927,52.333,0.25420707070707066,False
env,val,tail_b8.0_mu1.0_c1.0,200,64,5472000,0.55,0.75,2.0,1,2000,0.1836346682868898,0.00293255293626613,60.817,0.2970555555555555,False
env,val,tail_b8.0_mu1.0_c1.0,200,64,5472000,0.55,0.5,8.0,1,2000,0.1836346682868898,0.00293255293626613,60.817,0.2970555555555555,False
env,val,tail_b8.0_mu1.0_c1.0,200,64,5472000,0.55,0.75,3.0,1,2000,0.1836346682868898,0.00293255293626613,60.817,0.2970555555555555,False
env,val,tail_b8.0_mu1.0_c1.0,200,64,5472000,0.6,0.5,4.0,1,2000,0.18402692120335995,0.0029204335731991935,55.963,0.27254040404040397,False
env,val,tail_b8.0_mu1.0_c1.0,200,64,5472000,0.6,0.5,3.0,1,2000,0.17934358446113766,0.002839261320129674,42.6045,0.20507323232323238,False
env,val,tail_b8.0_mu1.0_c1.0,200,64,5472000,0.6,0.5,6.0,1,2000,0.18371042324230075,0.002939871825550205,62.391,0.3050050505050505,False
env,val,tail_b8.0_mu1.0_c1.0,200,64,5472000,0.6,0.5,8.0,1,2000,0.18371042324230075,0.002939871825550205,62.391,0.3050050505050505,False
env,val,tail_b8.0_mu1.0_c1.0,200,64,5472000,0.6,0.75,1.0,1,2000,0.1856727546164766,0.002901839025774057,53.15,0.25833333333333325,False
env,val,tail_b8.0_mu1.0_c1.0,200,64,5472000,0.6,0.75,1.5,1,2000,0.18371042324230075,0.002939871825550205,62.391,0.3050050505050505,False
env,val,tail_b8.0_mu1.0_c1.0,200,64,5472000,0.6,0.75,2.0,1,2000,0.18371042324230075,0.002939871825550205,62.391,0.3050050505050505,False
env,val,tail_b8.0_mu1.0_c1.0,200,64,5472000,0.625,0.5,4.0,1,2000,0.18351813178136944,0.002915280107537434,56.39,0.2746969696969696,False
env,val,tail_b8.0_mu1.0_c1.0,200,64,5472000,0.6,0.75,3.0,1,2000,0.18371042324230075,0.002939871825550205,62.391,0.3050050505050505,False
env,val,tail_b8.0_mu1.0_c1.0,200,64,5472000,0.625,0.5,6.0,1,2000,0.18346325509250164,0.0029386467280998526,63.068,0.3084242424242425,False
env,val,tail_b8.0_mu1.0_c1.0,200,64,5472000,0.625,0.5,3.0,1,2000,0.17892401330731808,0.0028451431503461275,42.777,0.2059444444444445,False
env,val,tail_b8.0_mu1.0_c1.0,200,64,5472000,0.625,0.75,1.0,1,2000,0.1855085617499426,0.002899459363334032,53.4995,0.26009848484848475,False
env,val,tail_b8.0_mu1.0_c1.0,200,64,5472000,0.625,0.5,8.0,1,2000,0.18346325509250164,0.0029386467280998526,63.068,0.3084242424242425,False
env,val,tail_b8.0_mu1.0_c1.0,200,64,5472000,0.625,0.75,1.5,1,2000,0.18346325509250164,0.0029386467280998526,63.068,0.3084242424242425,False
env,val,tail_b8.0_mu1.0_c1.0,200,64,5472000,0.625,0.75,2.0,1,2000,0.18346325509250164,0.0029386467280998526,63.068,0.3084242424242425,False
env,val,tail_b8.0_mu1.0_c1.0,200,64,5472000,0.625,0.75,3.0,1,2000,0.18346325509250164,0.0029386467280998526,63.068,0.3084242424242425,False
env,val,tail_b8.0_mu1.0_c1.0,200,64,5472000,0.65,0.5,3.0,1,2000,0.17888301544450225,0.00284236850586439,42.843,0.20627777777777787,False
env,val,tail_b8.0_mu1.0_c1.0,200,64,5472000,0.65,0.5,4.0,1,2000,0.18346784676238895,0.002910691009945724,56.5855,0.2756843434343434,False
env,val,tail_b8.0_mu1.0_c1.0,200,64,5472000,0.65,0.5,6.0,1,2000,0.18282214376702904,0.0029385226585123612,63.364,0.309919191919192,False
env,val,tail_b8.0_mu1.0_c1.0,200,64,5472000,0.65,0.5,8.0,1,2000,0.18282214376702904,0.0029385226585123612,63.364,0.309919191919192,False
env,val,tail_b8.0_mu1.0_c1.0,200,64,5472000,0.65,0.75,1.0,1,2000,0.185193197873421,0.0028936540951338217,53.661,0.2609141414141413,False
env,val,tail_b8.0_mu1.0_c1.0,200,64,5472000,0.65,0.75,2.0,1,2000,0.18282214376702904,0.0029385226585123612,63.364,0.309919191919192,False
env,val,tail_b8.0_mu1.0_c1.0,200,64,5472000,0.65,0.75,1.5,1,2000,0.18282214376702904,0.0029385226585123612,63.364,0.309919191919192,False
env,val,tail_b8.0_mu1.0_c1.0,200,64,5472000,0.675,0.5,3.0,1,2000,0.17884172153286637,0.0028441099866821505,43.0,0.20707070707070716,False
env,val,tail_b8.0_mu1.0_c1.0,200,64,5472000,0.675,0.5,4.0,1,2000,0.18344535468891263,0.002912623086721888,57.0,0.2777777777777778,False
env,val,tail_b8.0_mu1.0_c1.0,200,64,5472000,0.675,0.5,6.0,1,2000,0.18237264842540027,0.002940940306523523,64.0,0.31313131313131315,False
env,val,tail_b8.0_mu1.0_c1.0,200,64,5472000,0.65,0.75,3.0,1,2000,0.18282214376702904,0.0029385226585123612,63.364,0.309919191919192,False
env,val,tail_b8.0_mu1.0_c1.0,200,64,5472000,0.675,0.5,8.0,1,2000,0.18237264842540027,0.002940940306523523,64.0,0.31313131313131315,False
env,val,tail_b8.0_mu1.0_c1.0,200,64,5472000,0.675,0.75,1.5,1,2000,0.18237264842540027,0.002940940306523523,64.0,0.31313131313131315,False
env,val,tail_b8.0_mu1.0_c1.0,200,64,5472000,0.675,0.75,1.0,1,2000,0.18454644248727708,0.002896432814604914,54.0,0.2626262626262626,False
env,val,tail_b8.0_mu1.0_c1.0,200,64,5472000,0.675,0.75,2.0,1,2000,0.18237264842540027,0.002940940306523523,64.0,0.31313131313131315,False
env,val,tail_b8.0_mu1.0_c1.0,200,64,5472000,0.7,0.5,4.0,1,2000,0.18344535468891263,0.002912623086721888,57.0,0.2777777777777778,False
env,val,tail_b8.0_mu1.0_c1.0,200,64,5472000,0.675,0.75,3.0,1,2000,0.18237264842540027,0.002940940306523523,64.0,0.31313131313131315,False
env,val,tail_b8.0_mu1.0_c1.0,200,64,5472000,0.7,0.5,3.0,1,2000,0.17884172153286637,0.0028441099866821505,43.0,0.20707070707070716,False
env,val,tail_b1.0_mu0.9_c2.0,50,64,5271000,0.55,0.5,3.0,1,2000,0.12299960494041443,0.0023606889939664826,2.9905,0.020635416666666666,False
env,val,tail_b1.0_mu0.9_c2.0,50,64,5271000,0.55,0.5,4.0,1,2000,0.12299960494041443,0.0023606889939664826,2.9905,0.020635416666666666,False
env,val,tail_b8.0_mu1.0_c1.0,200,64,5472000,0.7,0.5,8.0,1,2000,0.18237264842540027,0.002940940306523523,64.0,0.31313131313131315,False
env,val,tail_b8.0_mu1.0_c1.0,200,64,5472000,0.7,0.75,1.5,1,2000,0.18237264842540027,0.002940940306523523,64.0,0.31313131313131315,False
env,val,tail_b8.0_mu1.0_c1.0,200,64,5472000,0.7,0.75,2.0,1,2000,0.18237264842540027,0.002940940306523523,64.0,0.31313131313131315,False
env,val,tail_b8.0_mu1.0_c1.0,200,64,5472000,0.7,0.5,6.0,1,2000,0.18237264842540027,0.002940940306523523,64.0,0.31313131313131315,False
env,val,tail_b8.0_mu1.0_c1.0,200,64,5472000,0.7,0.75,1.0,1,2000,0.18454644248727708,0.002896432814604914,54.0,0.2626262626262626,False
env,val,tail_b1.0_mu0.9_c2.0,50,64,5271000,0.55,0.5,6.0,1,2000,0.12299960494041443,0.0023606889939664826,2.9905,0.020635416666666666,False
env,val,tail_b1.0_mu0.9_c2.0,50,64,5271000,0.55,0.5,8.0,1,2000,0.12299960494041443,0.0023606889939664826,2.9905,0.020635416666666666,False
env,val,tail_b1.0_mu0.9_c2.0,50,64,5271000,0.55,0.75,1.0,1,2000,0.12299960494041443,0.0023606889939664826,2.9905,0.020635416666666666,False
env,val,tail_b1.0_mu0.9_c2.0,50,64,5271000,0.55,0.75,1.5,1,2000,0.12299960494041443,0.0023606889939664826,2.9905,0.020635416666666666,False
env,val,tail_b1.0_mu0.9_c2.0,50,64,5271000,0.55,0.75,2.0,1,2000,0.12299960494041443,0.0023606889939664826,2.9905,0.020635416666666666,False
env,val,tail_b1.0_mu0.9_c2.0,50,64,5271000,0.6,0.5,3.0,1,2000,0.11311432710289955,0.002198432467213864,3.301,0.027104166666666665,False
env,val,tail_b1.0_mu0.9_c2.0,50,64,5271000,0.55,0.75,3.0,1,2000,0.12299960494041443,0.0023606889939664826,2.9905,0.020635416666666666,False
env,val,tail_b8.0_mu1.0_c1.0,200,64,5472000,0.7,0.75,3.0,1,2000,0.18237264842540027,0.002940940306523523,64.0,0.31313131313131315,False
env,val,tail_b1.0_mu0.9_c2.0,50,64,5271000,0.6,0.5,4.0,1,2000,0.11311432710289955,0.002198432467213864,3.301,0.027104166666666665,False
env,val,tail_b1.0_mu0.9_c2.0,50,64,5271000,0.6,0.5,8.0,1,2000,0.11311432710289955,0.002198432467213864,3.301,0.027104166666666665,False
env,val,tail_b1.0_mu0.9_c2.0,50,64,5271000,0.6,0.5,6.0,1,2000,0.11311432710289955,0.002198432467213864,3.301,0.027104166666666665,False
env,val,tail_b1.0_mu0.9_c2.0,50,64,5271000,0.6,0.75,1.0,1,2000,0.11311432710289955,0.002198432467213864,3.301,0.027104166666666665,False
env,val,tail_b1.0_mu0.9_c2.0,50,64,5271000,0.6,0.75,1.5,1,2000,0.11311432710289955,0.002198432467213864,3.301,0.027104166666666665,False
env,val,tail_b1.0_mu0.9_c2.0,50,64,5271000,0.6,0.75,2.0,1,2000,0.11311432710289955,0.002198432467213864,3.301,0.027104166666666665,False
env,val,tail_b1.0_mu0.9_c2.0,50,64,5271000,0.6,0.75,3.0,1,2000,0.11311432710289955,0.002198432467213864,3.301,0.027104166666666665,False
env,val,tail_b1.0_mu0.9_c2.0,50,64,5271000,0.625,0.5,4.0,1,2000,0.10433348263800145,0.0020881115519702387,3.9895,0.04144791666666667,False
env,val,tail_b1.0_mu0.9_c2.0,50,64,5271000,0.625,0.5,3.0,1,2000,0.10433348263800145,0.0020881115519702387,3.9895,0.04144791666666667,False
env,val,tail_b1.0_mu0.9_c2.0,50,64,5271000,0.625,0.5,6.0,1,2000,0.10433348263800145,0.0020881115519702387,3.9895,0.04144791666666667,False
env,val,tail_b1.0_mu0.9_c2.0,50,64,5271000,0.625,0.5,8.0,1,2000,0.10433348263800145,0.0020881115519702387,3.9895,0.04144791666666667,False
env,val,tail_b1.0_mu0.9_c2.0,50,64,5271000,0.625,0.75,1.0,1,2000,0.10429707650840282,0.0020868129952823205,3.9855,0.04136458333333333,False
env,val,tail_b1.0_mu0.9_c2.0,50,64,5271000,0.625,0.75,1.5,1,2000,0.10433348263800145,0.0020881115519702387,3.9895,0.04144791666666667,False
env,val,tail_b1.0_mu0.9_c2.0,50,64,5271000,0.625,0.75,2.0,1,2000,0.10433348263800145,0.0020881115519702387,3.9895,0.04144791666666667,False
env,val,tail_b1.0_mu0.9_c2.0,50,64,5271000,0.625,0.75,3.0,1,2000,0.10433348263800145,0.0020881115519702387,3.9895,0.04144791666666667,False
env,val,tail_b1.0_mu0.9_c2.0,50,64,5271000,0.65,0.5,3.0,1,2000,0.09960868860781193,0.0020173773991757657,4.2855,0.04761458333333333,False
env,val,tail_b1.0_mu0.9_c2.0,50,64,5271000,0.65,0.5,4.0,1,2000,0.09960868860781193,0.0020173773991757657,4.2855,0.04761458333333333,False
env,val,tail_b1.0_mu0.9_c2.0,50,64,5271000,0.65,0.5,6.0,1,2000,0.09960868860781193,0.0020173773991757657,4.2855,0.04761458333333333,False
env,val,tail_b1.0_mu0.9_c2.0,50,64,5271000,0.65,0.5,8.0,1,2000,0.09960868860781193,0.0020173773991757657,4.2855,0.04761458333333333,False
env,val,tail_b1.0_mu0.9_c2.0,50,64,5271000,0.65,0.75,1.0,1,2000,0.09957228247821331,0.0020159905994325076,4.2815,0.04753125,False
env,val,tail_b1.0_mu0.9_c2.0,50,64,5271000,0.65,0.75,1.5,1,2000,0.09960868860781193,0.0020173773991757657,4.2855,0.04761458333333333,False
env,val,tail_b1.0_mu0.9_c2.0,50,64,5271000,0.65,0.75,2.0,1,2000,0.09960868860781193,0.0020173773991757657,4.2855,0.04761458333333333,False
env,val,tail_b1.0_mu0.9_c2.0,50,64,5271000,0.65,0.75,3.0,1,2000,0.09960868860781193,0.0020173773991757657,4.2855,0.04761458333333333,False
env,val,tail_b1.0_mu0.9_c2.0,50,64,5271000,0.675,0.5,3.0,1,2000,0.09242488123476506,0.0020480690227469974,22.0,0.41666666666666674,False
env,val,tail_b1.0_mu0.9_c2.0,50,64,5271000,0.675,0.5,4.0,1,2000,0.10847716903686523,0.002339703366048279,29.0,0.5625,False
env,val,tail_b1.0_mu0.9_c2.0,50,64,5271000,0.675,0.75,1.0,1,2000,0.09042784509062766,0.0020001083612514133,19.0,0.3541666666666667,False
env,val,tail_b1.0_mu0.9_c2.0,50,64,5271000,0.675,0.75,1.5,1,2000,0.10847716903686523,0.002339703366048279,29.0,0.5625,False
env,val,tail_b1.0_mu0.9_c2.0,50,64,5271000,0.675,0.5,6.0,1,2000,0.1409277636706829,0.0026509981689937802,43.0,0.8541666666666665,False
env,val,tail_b1.0_mu0.9_c2.0,50,64,5271000,0.675,0.5,8.0,1,2000,0.20523751182854175,0.0031556262420900363,50.0,1.0,False
env,val,tail_b1.0_mu0.9_c2.0,50,64,5271000,0.7,0.5,3.0,1,2000,0.09242488123476506,0.0020480690227469974,22.0,0.41666666666666674,False
env,val,tail_b1.0_mu0.9_c2.0,50,64,5271000,0.675,0.75,2.0,1,2000,0.12457121872901916,0.0024682212912027703,38.0,0.75,False
env,val,tail_b1.0_mu0.9_c2.0,50,64,5271000,0.7,0.5,4.0,1,2000,0.10847716903686523,0.002339703366048279,29.0,0.5625,False
env,val,tail_b1.0_mu0.9_c2.0,50,64,5271000,0.675,0.75,3.0,1,2000,0.20523751182854175,0.0031556262420900363,50.0,1.0,False
env,val,tail_b1.0_mu0.9_c2.0,50,64,5271000,0.7,0.75,1.0,1,2000,0.09042784509062766,0.0020001083612514133,19.0,0.3541666666666667,False
env,val,tail_b1.0_mu0.9_c2.0,50,64,5271000,0.7,0.75,1.5,1,2000,0.10847716903686523,0.002339703366048279,29.0,0.5625,False
env,val,tail_b1.0_mu0.9_c2.0,50,64,5271000,0.7,0.5,6.0,1,2000,0.1409277636706829,0.0026509981689937802,43.0,0.8541666666666665,False
env,val,tail_b1.0_mu0.9_c2.0,50,64,5271000,0.7,0.5,8.0,1,2000,0.20523751182854175,0.0031556262420900363,50.0,1.0,False
env,val,tail_b1.0_mu0.9_c2.0,50,64,5271000,0.7,0.75,2.0,1,2000,0.12457121872901916,0.0024682212912027703,38.0,0.75,False
env,val,tail_b1.0_mu0.9_c2.0,100,64,5274000,0.55,0.5,3.0,1,2000,0.11409861502051354,0.0020542335023897777,3.108,0.011306122448979591,False
env,val,tail_b1.0_mu0.9_c2.0,50,64,5271000,0.7,0.75,3.0,1,2000,0.20523751182854175,0.0031556262420900363,50.0,1.0,False
env,val,tail_b1.0_mu0.9_c2.0,100,64,5274000,0.55,0.5,4.0,1,2000,0.11409861502051354,0.0020542335023897777,3.108,0.011306122448979591,False
env,val,tail_b1.0_mu0.9_c2.0,100,64,5274000,0.55,0.5,8.0,1,2000,0.11409861502051354,0.0020542335023897777,3.108,0.011306122448979591,False
env,val,tail_b1.0_mu0.9_c2.0,100,64,5274000,0.55,0.75,1.0,1,2000,0.11409861502051354,0.0020542335023897777,3.108,0.011306122448979591,False
env,val,tail_b1.0_mu0.9_c2.0,100,64,5274000,0.55,0.5,6.0,1,2000,0.11409861502051354,0.0020542335023897777,3.108,0.011306122448979591,False
env,val,tail_b1.0_mu0.9_c2.0,100,64,5274000,0.55,0.75,1.5,1,2000,0.11409861502051354,0.0020542335023897777,3.108,0.011306122448979591,False
env,val,tail_b1.0_mu0.9_c2.0,100,64,5274000,0.55,0.75,3.0,1,2000,0.11409861502051354,0.0020542335023897777,3.108,0.011306122448979591,False
env,val,tail_b1.0_mu0.9_c2.0,100,64,5274000,0.55,0.75,2.0,1,2000,0.11409861502051354,0.0020542335023897777,3.108,0.011306122448979591,False
env,val,tail_b1.0_mu0.9_c2.0,100,64,5274000,0.6,0.5,3.0,1,2000,0.10284449796378613,0.0018803126755810723,3.4635,0.014933673469387756,False
env,val,tail_b1.0_mu0.9_c2.0,100,64,5274000,0.6,0.5,4.0,1,2000,0.10284449796378613,0.0018803126755810723,3.4635,0.014933673469387756,False
env,val,tail_b1.0_mu0.9_c2.0,100,64,5274000,0.6,0.5,6.0,1,2000,0.10284449796378613,0.0018803126755810723,3.4635,0.014933673469387756,False
env,val,tail_b1.0_mu0.9_c2.0,100,64,5274000,0.6,0.5,8.0,1,2000,0.10284449796378613,0.0018803126755810723,3.4635,0.014933673469387756,False
env,val,tail_b1.0_mu0.9_c2.0,100,64,5274000,0.6,0.75,1.0,1,2000,0.10284449796378613,0.0018803126755810723,3.4635,0.014933673469387756,False
env,val,tail_b1.0_mu0.9_c2.0,100,64,5274000,0.6,0.75,1.5,1,2000,0.10284449796378613,0.0018803126755810723,3.4635,0.014933673469387756,False
env,val,tail_b1.0_mu0.9_c2.0,100,64,5274000,0.6,0.75,2.0,1,2000,0.10284449796378613,0.0018803126755810723,3.4635,0.014933673469387756,False
env,val,tail_b1.0_mu0.9_c2.0,100,64,5274000,0.6,0.75,3.0,1,2000,0.10284449796378613,0.0018803126755810723,3.4635,0.014933673469387756,False
env,val,tail_b1.0_mu0.9_c2.0,100,64,5274000,0.625,0.5,3.0,1,2000,0.09238077314198018,0.0017244927116689356,4.198,0.02242857142857143,False
env,val,tail_b1.0_mu0.9_c2.0,100,64,5274000,0.625,0.5,4.0,1,2000,0.09238077314198018,0.0017244927116689356,4.198,0.02242857142857143,False
env,val,tail_b1.0_mu0.9_c2.0,100,64,5274000,0.625,0.5,6.0,1,2000,0.09238077314198018,0.0017244927116689356,4.198,0.02242857142857143,False
env,val,tail_b1.0_mu0.9_c2.0,100,64,5274000,0.625,0.5,8.0,1,2000,0.09238077314198018,0.0017244927116689356,4.198,0.02242857142857143,False
env,val,tail_b1.0_mu0.9_c2.0,100,64,5274000,0.625,0.75,1.0,1,2000,0.09238077314198018,0.0017244927116689356,4.198,0.02242857142857143,False
env,val,tail_b1.0_mu0.9_c2.0,100,64,5274000,0.625,0.75,1.5,1,2000,0.09238077314198018,0.0017244927116689356,4.198,0.02242857142857143,False
env,val,tail_b1.0_mu0.9_c2.0,100,64,5274000,0.625,0.75,2.0,1,2000,0.09238077314198018,0.0017244927116689356,4.198,0.02242857142857143,False
env,val,tail_b1.0_mu0.9_c2.0,100,64,5274000,0.625,0.75,3.0,1,2000,0.09238077314198018,0.0017244927116689356,4.198,0.02242857142857143,False
env,val,tail_b1.0_mu0.9_c2.0,100,64,5274000,0.65,0.5,3.0,1,2000,0.08765184719860554,0.001645081890572348,4.5605,0.026127551020408164,False
env,val,tail_b1.0_mu0.9_c2.0,100,64,5274000,0.65,0.5,4.0,1,2000,0.08765184719860554,0.001645081890572348,4.5605,0.026127551020408164,False
env,val,tail_b1.0_mu0.9_c2.0,100,64,5274000,0.65,0.5,6.0,1,2000,0.08765184719860554,0.001645081890572348,4.5605,0.026127551020408164,False
env,val,tail_b1.0_mu0.9_c2.0,100,64,5274000,0.65,0.5,8.0,1,2000,0.08765184719860554,0.001645081890572348,4.5605,0.026127551020408164,False
env,val,tail_b1.0_mu0.9_c2.0,100,64,5274000,0.65,0.75,1.0,1,2000,0.08765184719860554,0.001645081890572348,4.5605,0.026127551020408164,False
env,val,tail_b1.0_mu0.9_c2.0,100,64,5274000,0.65,0.75,1.5,1,2000,0.08765184719860554,0.001645081890572348,4.5605,0.026127551020408164,False
env,val,tail_b1.0_mu0.9_c2.0,100,64,5274000,0.65,0.75,2.0,1,2000,0.08765184719860554,0.001645081890572348,4.5605,0.026127551020408164,False
env,val,tail_b1.0_mu0.9_c2.0,100,64,5274000,0.65,0.75,3.0,1,2000,0.08765184719860554,0.001645081890572348,4.5605,0.026127551020408164,False
env,val,tail_b1.0_mu0.9_c2.0,100,64,5274000,0.675,0.5,3.0,1,2000,0.06615829238295555,0.001466934047395296,30.0,0.2857142857142856,False
env,val,tail_b1.0_mu0.9_c2.0,100,64,5274000,0.675,0.5,4.0,1,2000,0.07274718722701072,0.0016672173534768042,40.0,0.38775510204081615,False
env,val,tail_b1.0_mu0.9_c2.0,100,64,5274000,0.675,0.75,1.0,1,2000,0.0680852627903223,0.0015231942394289505,32.0,0.3061224489795918,False
env,val,tail_b1.0_mu0.9_c2.0,100,64,5274000,0.675,0.5,6.0,1,2000,0.08361320197582245,0.001870721855402782,60.0,0.5918367346938778,False
env,val,tail_b1.0_mu0.9_c2.0,100,64,5274000,0.7,0.5,3.0,1,2000,0.06615829238295555,0.001466934047395296,30.0,0.2857142857142856,False
env,val,tail_b1.0_mu0.9_c2.0,100,64,5274000,0.675,0.5,8.0,1,2000,0.08874685740470886,0.0019435556319356408,64.0,0.6326530612244898,False
env,val,tail_b1.0_mu0.9_c2.0,100,64,5274000,0.675,0.75,1.5,1,2000,0.07501632860302924,0.0016988688986031913,48.0,0.4693877551020407,False
env,val,tail_b1.0_mu0.9_c2.0,100,64,5274000,0.675,0.75,3.0,1,2000,0.08874685740470886,0.0019435556319356408,64.0,0.6326530612244898,False
env,val,tail_b1.0_mu0.9_c2.0,100,64,5274000,0.675,0.75,2.0,1,2000,0.08874685740470886,0.0019435556319356408,64.0,0.6326530612244898,False
env,val,tail_b1.0_mu0.9_c2.0,100,64,5274000,0.7,0.75,1.0,1,2000,0.0680852627903223,0.0015231942394289505,32.0,0.3061224489795918,False
env,val,tail_b1.0_mu0.9_c2.0,100,64,5274000,0.7,0.5,4.0,1,2000,0.07274718722701072,0.0016672173534768042,40.0,0.38775510204081615,False
env,val,tail_b1.0_mu0.9_c2.0,100,64,5274000,0.7,0.5,6.0,1,2000,0.08361320197582245,0.001870721855402782,60.0,0.5918367346938778,False
env,val,tail_b1.0_mu0.9_c2.0,100,64,5274000,0.7,0.5,8.0,1,2000,0.08874685740470886,0.0019435556319356408,64.0,0.6326530612244898,False
env,val,tail_b1.0_mu0.9_c2.0,100,64,5274000,0.7,0.75,1.5,1,2000,0.07501632860302924,0.0016988688986031913,48.0,0.4693877551020407,False
env,val,tail_b1.0_mu0.9_c2.0,100,64,5274000,0.7,0.75,2.0,1,2000,0.08874685740470886,0.0019435556319356408,64.0,0.6326530612244898,False
env,val,tail_b1.0_mu0.9_c2.0,100,64,5274000,0.7,0.75,3.0,1,2000,0.08874685740470886,0.0019435556319356408,64.0,0.6326530612244898,False
env,val,tail_b1.0_mu0.9_c2.0,200,64,5277000,0.55,0.5,8.0,1,2000,0.11060346569120884,0.0019111273350771074,3.1795,0.005957070707070708,False
env,val,tail_b1.0_mu0.9_c2.0,200,64,5277000,0.55,0.5,4.0,1,2000,0.11060346569120884,0.0019111273350771074,3.1795,0.005957070707070708,False
env,val,tail_b1.0_mu0.9_c2.0,200,64,5277000,0.55,0.5,6.0,1,2000,0.11060346569120884,0.0019111273350771074,3.1795,0.005957070707070708,False
env,val,tail_b1.0_mu0.9_c2.0,200,64,5277000,0.55,0.5,3.0,1,2000,0.11060346569120884,0.0019111273350771074,3.1795,0.005957070707070708,False
env,val,tail_b1.0_mu0.9_c2.0,200,64,5277000,0.55,0.75,1.0,1,2000,0.11060346569120884,0.0019111273350771074,3.1795,0.005957070707070708,False
env,val,tail_b1.0_mu0.9_c2.0,200,64,5277000,0.55,0.75,1.5,1,2000,0.11060346569120884,0.0019111273350771074,3.1795,0.005957070707070708,False
env,val,tail_b1.0_mu0.9_c2.0,200,64,5277000,0.55,0.75,2.0,1,2000,0.11060346569120884,0.0019111273350771074,3.1795,0.005957070707070708,False
env,val,tail_b1.0_mu0.9_c2.0,200,64,5277000,0.55,0.75,3.0,1,2000,0.11060346569120884,0.0019111273350771074,3.1795,0.005957070707070708,False
env,val,tail_b1.0_mu0.9_c2.0,200,64,5277000,0.6,0.5,3.0,1,2000,0.09815827514231205,0.00166845168271842,3.5945,0.008053030303030303,False
env,val,tail_b1.0_mu0.9_c2.0,200,64,5277000,0.6,0.5,4.0,1,2000,0.09815827514231205,0.00166845168271842,3.5945,0.008053030303030303,False
env,val,tail_b1.0_mu0.9_c2.0,200,64,5277000,0.6,0.5,6.0,1,2000,0.09815827514231205,0.00166845168271842,3.5945,0.008053030303030303,False
env,val,tail_b1.0_mu0.9_c2.0,200,64,5277000,0.6,0.5,8.0,1,2000,0.09815827514231205,0.00166845168271842,3.5945,0.008053030303030303,False
env,val,tail_b1.0_mu0.9_c2.0,200,64,5277000,0.6,0.75,1.0,1,2000,0.09815827514231205,0.00166845168271842,3.5945,0.008053030303030303,False
env,val,tail_b1.0_mu0.9_c2.0,200,64,5277000,0.6,0.75,2.0,1,2000,0.09815827514231205,0.00166845168271842,3.5945,0.008053030303030303,False
env,val,tail_b1.0_mu0.9_c2.0,200,64,5277000,0.6,0.75,1.5,1,2000,0.09815827514231205,0.00166845168271842,3.5945,0.008053030303030303,False
env,val,tail_b1.0_mu0.9_c2.0,200,64,5277000,0.6,0.75,3.0,1,2000,0.09815827514231205,0.00166845168271842,3.5945,0.008053030303030303,False
env,val,tail_b1.0_mu0.9_c2.0,200,64,5277000,0.625,0.5,3.0,1,2000,0.08669596162438392,0.0014962384230334275,4.293,0.011580808080808084,False
env,val,tail_b1.0_mu0.9_c2.0,200,64,5277000,0.625,0.5,4.0,1,2000,0.08669596162438392,0.0014962384230334275,4.293,0.011580808080808084,False
env,val,tail_b1.0_mu0.9_c2.0,200,64,5277000,0.625,0.5,8.0,1,2000,0.08669596162438392,0.0014962384230334275,4.293,0.011580808080808084,False
env,val,tail_b1.0_mu0.9_c2.0,200,64,5277000,0.625,0.5,6.0,1,2000,0.08669596162438392,0.0014962384230334275,4.293,0.011580808080808084,False
env,val,tail_b1.0_mu0.9_c2.0,200,64,5277000,0.625,0.75,1.0,1,2000,0.08669596162438392,0.0014962384230334275,4.293,0.011580808080808084,False
env,val,tail_b1.0_mu0.9_c2.0,200,64,5277000,0.625,0.75,1.5,1,2000,0.08669596162438392,0.0014962384230334275,4.293,0.011580808080808084,False
env,val,tail_b1.0_mu0.9_c2.0,200,64,5277000,0.625,0.75,2.0,1,2000,0.08669596162438392,0.0014962384230334275,4.293,0.011580808080808084,False
env,val,tail_b1.0_mu0.9_c2.0,200,64,5277000,0.625,0.75,3.0,1,2000,0.08669596162438392,0.0014962384230334275,4.293,0.011580808080808084,False
env,val,tail_b1.0_mu0.9_c2.0,200,64,5277000,0.65,0.5,4.0,1,2000,0.07962599810957909,0.0014047779954141349,4.828,0.014282828282828284,False
env,val,tail_b1.0_mu0.9_c2.0,200,64,5277000,0.65,0.5,3.0,1,2000,0.07962599810957909,0.0014047779954141349,4.828,0.014282828282828284,False
env,val,tail_b1.0_mu0.9_c2.0,200,64,5277000,0.65,0.5,8.0,1,2000,0.07962599810957909,0.0014047779954141349,4.828,0.014282828282828284,False
env,val,tail_b1.0_mu0.9_c2.0,200,64,5277000,0.65,0.5,6.0,1,2000,0.07962599810957909,0.0014047779954141349,4.828,0.014282828282828284,False
env,val,tail_b1.0_mu0.9_c2.0,200,64,5277000,0.65,0.75,1.0,1,2000,0.07962599810957909,0.0014047779954141349,4.828,0.014282828282828284,False
env,val,tail_b1.0_mu0.9_c2.0,200,64,5277000,0.65,0.75,2.0,1,2000,0.07962599810957909,0.0014047779954141349,4.828,0.014282828282828284,False
env,val,tail_b1.0_mu0.9_c2.0,200,64,5277000,0.65,0.75,1.5,1,2000,0.07962599810957909,0.0014047779954141349,4.828,0.014282828282828284,False
env,val,tail_b1.0_mu0.9_c2.0,200,64,5277000,0.65,0.75,3.0,1,2000,0.07962599810957909,0.0014047779954141349,4.828,0.014282828282828284,False
env,val,tail_b1.0_mu0.9_c2.0,200,64,5277000,0.675,0.5,3.0,1,2000,0.05003270855545998,0.0011093262321893393,43.0,0.20707070707070716,False
env,val,tail_b1.0_mu0.9_c2.0,200,64,5277000,0.675,0.5,4.0,1,2000,0.05341577935218811,0.0012084737729590933,57.0,0.2777777777777778,False
env,val,tail_b1.0_mu0.9_c2.0,200,64,5277000,0.675,0.5,6.0,1,2000,0.05484139084815979,0.0012406085980192958,64.0,0.31313131313131315,False
env,val,tail_b1.0_mu0.9_c2.0,200,64,5277000,0.675,0.75,1.5,1,2000,0.05484139084815979,0.0012406085980192958,64.0,0.31313131313131315,False
env,val,tail_b1.0_mu0.9_c2.0,200,64,5277000,0.675,0.5,8.0,1,2000,0.05484139084815979,0.0012406085980192958,64.0,0.31313131313131315,False
env,val,tail_b1.0_mu0.9_c2.0,200,64,5277000,0.675,0.75,2.0,1,2000,0.05484139084815979,0.0012406085980192958,64.0,0.31313131313131315,False
env,val,tail_b1.0_mu0.9_c2.0,200,64,5277000,0.675,0.75,1.0,1,2000,0.05047001221776009,0.0011509702782912202,54.0,0.2626262626262626,False
env,val,tail_b1.0_mu0.9_c2.0,200,64,5277000,0.7,0.5,3.0,1,2000,0.05003270855545998,0.0011093262321893393,43.0,0.20707070707070716,False
env,val,tail_b1.0_mu0.9_c2.0,200,64,5277000,0.675,0.75,3.0,1,2000,0.05484139084815979,0.0012406085980192958,64.0,0.31313131313131315,False
env,val,tail_b1.0_mu0.9_c2.0,200,64,5277000,0.7,0.5,6.0,1,2000,0.05484139084815979,0.0012406085980192958,64.0,0.31313131313131315,False
env,val,tail_b1.0_mu0.9_c2.0,200,64,5277000,0.7,0.5,8.0,1,2000,0.05484139084815979,0.0012406085980192958,64.0,0.31313131313131315,False
env,val,tail_b1.0_mu0.9_c2.0,200,64,5277000,0.7,0.5,4.0,1,2000,0.05341577935218811,0.0012084737729590933,57.0,0.2777777777777778,False
env,val,tail_b1.0_mu0.9_c2.0,200,64,5277000,0.7,0.75,1.0,1,2000,0.05047001221776009,0.0011509702782912202,54.0,0.2626262626262626,False
env,val,tail_b1.0_mu0.9_c2.0,200,64,5277000,0.7,0.75,1.5,1,2000,0.05484139084815979,0.0012406085980192958,64.0,0.31313131313131315,False
env,val,tail_b1.0_mu0.9_c2.0,200,64,5277000,0.7,0.75,2.0,1,2000,0.05484139084815979,0.0012406085980192958,64.0,0.31313131313131315,False
env,val,tail_b1.0_mu0.9_c2.0,200,64,5277000,0.7,0.75,3.0,1,2000,0.05484139084815979,0.0012406085980192958,64.0,0.31313131313131315,False
pooled,val,all,all,64,-1,0.55,0.5,3.0,8,48000,0.1551550485415598,0.0005488792069911119,13.800125000000001,0.12220918447871575,False
pooled,val,all,all,64,-1,0.55,0.5,4.0,8,48000,0.1542210701535611,0.0005462479232885345,16.545479166666667,0.14920660715359374,False
pooled,val,all,all,64,-1,0.55,0.5,6.0,8,48000,0.15410695765962978,0.0005470314624310251,18.908479166666666,0.17683868446368445,False
pooled,val,all,all,64,-1,0.55,0.5,8.0,8,48000,0.15411514355712766,0.0005476332788878249,19.084354166666667,0.1789572980549543,False
pooled,val,all,all,64,-1,0.55,0.75,1.0,8,48000,0.15487705585879666,0.0005483243318772532,14.753166666666665,0.12353480972565795,False
pooled,val,all,all,64,-1,0.55,0.75,1.5,8,48000,0.15438518425451186,0.0005471468697753259,17.69935416666667,0.15796567744837833,False
pooled,val,all,all,64,-1,0.55,0.75,2.0,8,48000,0.1533978720958694,0.0005457634004542312,18.908791666666666,0.17529974597162093,False
pooled,val,all,all,64,-1,0.55,0.75,3.0,8,48000,0.15411514355712766,0.0005476332788878249,19.084354166666667,0.1789572980549543,False
pooled,val,all,all,64,-1,0.6,0.5,3.0,8,48000,0.14909296567178293,0.0005369240242433467,14.662229166666668,0.13083379608156395,False
pooled,val,all,all,64,-1,0.6,0.5,4.0,8,48000,0.14821697952691468,0.0005350958232129203,17.67775,0.16014910853861744,False
pooled,val,all,all,64,-1,0.6,0.5,6.0,8,48000,0.14829325577007452,0.0005366008081231415,20.282791666666668,0.18992594766757712,False
pooled,val,all,all,64,-1,0.6,0.5,8.0,8,48000,0.14834224767638565,0.0005373155561905037,20.468666666666667,0.1921466020751735,False
pooled,val,all,all,64,-1,0.6,0.75,1.0,8,48000,0.1487752783070234,0.0005368498227600936,15.717187500000001,0.13247553795823885,False
pooled,val,all,all,64,-1,0.6,0.75,1.5,8,48000,0.14858039309264373,0.0005367712416939136,19.001729166666667,0.17020019121916444,False
pooled,val,all,all,64,-1,0.6,0.75,2.0,8,48000,0.14762029945200386,0.0005353666075121337,20.292395833333334,0.1884742930473957,False
pooled,val,all,all,64,-1,0.6,0.75,3.0,8,48000,0.14834224767638565,0.0005373155561905037,20.468666666666667,0.1921466020751735,False
pooled,val,all,all,64,-1,0.625,0.5,3.0,8,48000,0.14308703490188537,0.000528005175463047,15.7125,0.14238341643475574,False
pooled,val,all,all,64,-1,0.625,0.5,4.0,8,48000,0.1418815038226797,0.0005250136923063173,19.069833333333335,0.17624204792396755,False
pooled,val,all,all,64,-1,0.625,0.5,6.0,8,48000,0.14200051896158647,0.0005256384375508889,22.389895833333338,0.2150471901197348,False
pooled,val,all,all,64,-1,0.625,0.5,8.0,8,48000,0.1419750021179401,0.0005258170150467338,22.701895833333335,0.21856502068946268,False
pooled,val,all,all,64,-1,0.625,0.75,1.0,8,48000,0.1430551115437326,0.0005288305080672358,16.80825,0.1435427448915172,False
pooled,val,all,all,64,-1,0.625,0.75,1.5,8,48000,0.14216015753664638,0.0005262835663071345,20.585875,0.18796091602676424,False
pooled,val,all,all,64,-1,0.625,0.75,2.0,8,48000,0.1410032552907942,0.0005236868476659792,22.496458333333337,0.214285072772796,False
pooled,val,all,all,64,-1,0.625,0.75,3.0,8,48000,0.1419750021179401,0.0005258170150467338,22.701895833333335,0.21856502068946268,False
pooled,val,all,all,64,-1,0.65,0.5,3.0,8,48000,0.14015843720312113,0.0005230616447664267,16.329895833333335,0.14835107559437918,False
pooled,val,all,all,64,-1,0.65,0.5,4.0,8,48000,0.13892389775867922,0.0005202873820680359,19.80410416666667,0.18317863853243313,False
pooled,val,all,all,64,-1,0.65,0.5,6.0,8,48000,0.13898500606690262,0.0005202395671381621,23.222375,0.22287494363275615,False
pooled,val,all,all,64,-1,0.65,0.5,8.0,8,48000,0.13900546219341534,0.0005203896295870215,23.542749999999998,0.2264782333861575,False
pooled,val,all,all,64,-1,0.65,0.75,1.0,8,48000,0.14009107878260088,0.0005241083357392504,17.478229166666665,0.1496833328501855,False
pooled,val,all,all,64,-1,0.65,0.75,1.5,8,48000,0.13917715621152213,0.0005210456467971768,21.3791875,0.1953447211270872,False
pooled,val,all,all,64,-1,0.65,0.75,2.0,8,48000,0.13803371536626946,0.0005182459013044961,23.3373125,0.22219828546949083,False
pooled,val,all,all,64,-1,0.65,0.75,3.0,8,48000,0.13900546219341534,0.0005203896295870215,23.542749999999998,0.2264782333861575,False
pooled,val,all,all,64,-1,0.675,0.5,3.0,8,48000,0.12227344879582719,0.0005023622858283921,31.666666666666668,0.30315055315055317,False
pooled,val,all,all,64,-1,0.675,0.5,4.0,8,48000,0.12281023170731109,0.0005073488880905826,42.0,0.4093442932728646,False
pooled,val,all,all,64,-1,0.675,0.5,6.0,8,48000,0.13412930195021908,0.0005355313255288374,55.666666666666664,0.5863782381639525,False
pooled,val,all,all,64,-1,0.675,0.5,8.0,8,48000,0.16180656538200067,0.0005980860796757178,59.333333333333336,0.6485947914519343,False
pooled,val,all,all,64,-1,0.675,0.75,1.0,8,48000,0.12175207115336402,0.0005037868845485899,35.0,0.30763845942417367,True
pooled,val,all,all,64,-1,0.675,0.75,1.5,8,48000,0.12366671468996114,0.0005102930308239181,47.0,0.44833968941111796,False
pooled,val,all,all,64,-1,0.675,0.75,2.0,8,48000,0.12890319084251922,0.0005213474258250285,55.333333333333336,0.565261458118601,False
pooled,val,all,all,64,-1,0.675,0.75,3.0,8,48000,0.16180656538200067,0.0005980860796757178,59.333333333333336,0.6485947914519343,False
pooled,val,all,all,64,-1,0.7,0.5,3.0,8,48000,0.12227344879582719,0.0005023622858283921,31.666666666666668,0.30315055315055317,False
pooled,val,all,all,64,-1,0.7,0.5,4.0,8,48000,0.12281023170731109,0.0005073488880905826,42.0,0.4093442932728646,False
pooled,val,all,all,64,-1,0.7,0.5,6.0,8,48000,0.13412930195021908,0.0005355313255288374,55.666666666666664,0.5863782381639525,False
pooled,val,all,all,64,-1,0.7,0.5,8.0,8,48000,0.16180656538200067,0.0005980860796757178,59.333333333333336,0.6485947914519343,False
pooled,val,all,all,64,-1,0.7,0.75,1.0,8,48000,0.12175207115336402,0.0005037868845485899,35.0,0.30763845942417367,False
pooled,val,all,all,64,-1,0.7,0.75,1.5,8,48000,0.12366671468996114,0.0005102930308239181,47.0,0.44833968941111796,False
pooled,val,all,all,64,-1,0.7,0.75,2.0,8,48000,0.12890319084251922,0.0005213474258250285,55.333333333333336,0.565261458118601,False
pooled,val,all,all,64,-1,0.7,0.75,3.0,8,48000,0.16180656538200067,0.0005980860796757178,59.333333333333336,0.6485947914519343,False
