test,recommender,level,family,horizon,cell,env_id,cap,base_seed,policy,group,n_cells,n_envs,n_episodes,n_cells_policy,common_support,params_tuned,regret,regret_lo,regret_hi,regret_se,q,regret_disc,regret_sel,k_final,search_frac,n_rec,n_singletons_final,herfindahl,n_eliminated_final,n_demoted,t_cap_hit_given_hit,mu_star,mu_star_cap,best_discovered,cap_hit_frac,d_regret_vs_cp0,d_regret_vs_cp0_lo,d_regret_vs_cp0_hi,d_regret_vs_cp0_se,d_regret_vs_cp0_win,d_regret_vs_cp0_cluster_lo,d_regret_vs_cp0_cluster_hi,d_regret_vs_cp0_n_cells,d_regret_vs_cp0_cluster_degenerate,d_regret_vs_cp0_ref_tuned,d_regret_vs_cp0_n_excluded_untuned,d_regret_vs_p3_star,d_regret_vs_p3_star_lo,d_regret_vs_p3_star_hi,d_regret_vs_p3_star_se,d_regret_vs_p3_star_win,d_regret_vs_p3_star_cluster_lo,d_regret_vs_p3_star_cluster_hi,d_regret_vs_p3_star_n_cells,d_regret_vs_p3_star_cluster_degenerate,d_regret_vs_p3_star_ref_tuned,d_regret_vs_p3_star_n_excluded_untuned,d_regret_vs_phi_k16,d_regret_vs_phi_k16_lo,d_regret_vs_phi_k16_hi,d_regret_vs_phi_k16_win
cap,posterior_mean_shrunk,cell,A,1000,beta_good_common_T1000_cap1000,beta_good_common,1000,10014000,always_search,baseline,1,1,1000,1,True,True,0.244604351580143,0.23581536188721658,0.2534650325775146,0.004470643048990871,0.7482158784866333,0.0,0.244604351580143,1000.0,1.0,1.0,1000.0,0.0010000000000000005,0.0,,1000.0,0.9928202300667762,0.9928202300667762,0.9928202300667762,1.0,0.20469259816408159,0.19606034234166145,0.21361535005271434,0.004492364019026588,0.031,,,1,False,True,0,0.21645986813306808,0.20770942233502865,0.22541431337594986,0.004517653654771497,0.027,,,1,False,True,0,0.11448356214165688,0.10391322038546205,0.12511327030286193,0.2485
cap,posterior_mean_shrunk,cell,A,1000,beta_good_common_T1000_cap1000,beta_good_common,1000,10014000,cp0,reference,1,1,1000,1,True,True,0.0399117534160614,0.038198045641183856,0.041626933962106705,0.0008668940623047098,0.9529084766507149,0.03584757870435715,0.004064174711704254,30.982,0.02904008016032063,206.217,3.041,0.131003734,4.519,,,0.9928202300667762,0.9928202300667762,0.9569726513624192,0.0,0.0,0.0,0.0,0.0,0.5,,,1,False,True,0,0.011767269968986511,0.009850102686323225,0.013664096198044715,0.0009670221021806151,0.3685,,,1,False,True,0,-0.0902090360224247,-0.09601858044564725,-0.08459359470903874,0.8545
cap,posterior_mean_shrunk,cell,A,1000,beta_good_common_T1000_cap1000,beta_good_common,1000,10014000,p3_star,reference,1,1,1000,1,True,True,0.02814448344707489,0.026617078576236963,0.029715678328648208,0.0007807925133603249,0.9646757466197013,0.018185847640037535,0.009958635807037354,88.0,0.08617234468937875,127.517,25.176,0.060341128,0.588,,,0.9928202300667762,0.9928202300667762,0.9746343824267387,0.0,-0.011767269968986511,-0.013664096198044717,-0.009850102686323225,0.0009670221021806151,0.6315,,,1,False,True,0,0.0,0.0,0.0,0.0,0.5,,,1,False,True,0,-0.1019763059914112,-0.1077525738157332,-0.09621280703246593,0.905
cap,posterior_mean_shrunk,cell,A,1000,beta_good_common_T1000_cap1000,beta_good_common,1000,10014000,phi_k16,learned,1,1,1000,1,True,True,0.1301207894384861,0.12444287668913603,0.1359805691987276,0.002909709204783617,0.8626994406282902,0.0001380128860473633,0.12998277655243873,967.856,0.9677915831663326,8.665,959.536,0.0012488360000000003,0.0,0.0,,0.9928202300667762,0.9928202300667762,0.9926822171807289,0.0,0.0902090360224247,0.08448199946433306,0.09608270023018121,0.0029260509287078523,0.1455,,,1,False,True,0,0.1019763059914112,0.09614785276353359,0.10795068833976984,0.002954349846934907,0.095,,,1,False,True,0,0.0,0.0,0.0,0.5
cap,posterior_mean_shrunk,cell,A,1000,beta_good_common_T1000_cap1000,beta_good_common,1000,10014000,phi_k16_quality,learned,1,1,1000,1,True,True,0.15211078521609306,0.14617671072483063,0.1582559086382389,0.0030560148036040207,0.8407094448506832,6.596910953521729e-05,0.15204481610655785,982.816,0.9827815631262522,6.083,977.321,0.00109199,0.0,0.0,,0.9928202300667762,0.9928202300667762,0.9927542609572411,0.0,0.11219903180003166,0.10620726514607667,0.11832262948155403,0.0030631483965938436,0.0865,,,1,False,True,0,0.12396630176901817,0.11787669472396374,0.13026756867766381,0.0031210651166133536,0.066,,,1,False,True,0,0.021989995777606963,0.016432650084793568,0.02756526620984077,0.44099999999999995
cap,posterior_mean_shrunk,cell,A,1000,beta_good_common_T1000_cap1000,beta_good_common,1000,10014000,refine_after_init,baseline,1,1,1000,1,True,True,0.08548287099599838,0.08221708685159683,0.08870760779827833,0.0016461510573291993,0.9073373590707778,0.08330077320337295,0.002182097792625427,8.0,0.006012024048096194,423.259,0.05,0.353066642,2.016,,,0.9928202300667762,0.9928202300667762,0.9095194568634033,0.0,0.04557111757993698,0.042347888462245464,0.04883002219721675,0.001631105889088606,0.1895,,,1,False,True,0,0.057338387548923495,0.053880153317004444,0.06077360045164824,0.0017533429683244128,0.132,,,1,False,True,0,-0.04463791844248772,-0.05073073728084564,-0.03867033573761582,0.658
cap,posterior_mean_shrunk,cell,A,1000,beta_good_common_T1000_cap128,beta_good_common,128,10598000,always_search,baseline,1,1,1000,1,True,True,0.024255350947380065,0.022847935510799288,0.025702213216573,0.0007318620811579374,0.968284353196621,0.012923410296440124,0.011331940650939941,128.0,0.12625250501002003,96.856,36.893,0.039220838,0.574,,128.0,0.9925397041440011,0.9796162938475609,0.9796162938475609,1.0,-0.01720622259378433,-0.019272530730813742,-0.015166916023008526,0.0010450454065727731,0.6975,,,1,False,True,0,-0.0024634169340133666,-0.003838916873792186,-0.0010560384514974432,0.0007164782008297603,0.537,,,1,False,True,0,0.0,0.0,0.0,0.5
cap,posterior_mean_shrunk,cell,A,1000,beta_good_common_T1000_cap128,beta_good_common,128,10598000,cp0,reference,1,1,1000,1,True,True,0.0414615735411644,0.039662367478013036,0.043306793179363014,0.0009210316945776958,0.9510781306028366,0.03659097498655319,0.004870598554611206,30.965,0.029023046092184358,204.939,2.841,0.13109522,4.608,,,0.9925397041440011,0.9796162938475609,0.9559487291574478,0.0,0.0,0.0,0.0,0.0,0.5,,,1,False,True,0,0.014742805659770965,0.012882149801589549,0.016581236757338046,0.000947288926646964,0.32199999999999995,,,1,False,True,0,0.01720622259378433,0.015188876213133336,0.01922331638932228,0.3025
cap,posterior_mean_shrunk,cell,A,1000,beta_good_common_T1000_cap128,beta_good_common,128,10598000,p3_star,reference,1,1,1000,1,True,True,0.02671876788139343,0.025315082026645543,0.028164746565744282,0.0007292530869440106,0.9658209362626076,0.01755424851179123,0.009164519369602204,88.0,0.08617234468937875,127.549,25.084,0.059780718000000004,0.969,,,0.9925397041440011,0.9796162938475609,0.9749854556322097,0.0,-0.014742805659770965,-0.016581236757338046,-0.012882149801589549,0.000947288926646964,0.678,,,1,False,True,0,0.0,0.0,0.0,0.0,0.5,,,1,False,True,0,0.0024634169340133666,0.0010876052439212803,0.0038755733266472815,0.46299999999999997
cap,posterior_mean_shrunk,cell,A,1000,beta_good_common_T1000_cap128,beta_good_common,128,10598000,phi_k16,learned,1,1,1000,1,True,True,0.024255350947380065,0.022847935510799288,0.025702213216573,0.0007318620811579374,0.968284353196621,0.012923410296440124,0.011331940650939941,128.0,0.12625250501002003,96.856,36.893,0.039220838,0.574,248.432,159.536,0.9925397041440011,0.9796162938475609,0.9796162938475609,1.0,-0.01720622259378433,-0.019272530730813742,-0.015166916023008526,0.0010450454065727731,0.6975,,,1,False,True,0,-0.0024634169340133666,-0.003838916873792186,-0.0010560384514974432,0.0007164782008297603,0.537,,,1,False,True,0,0.0,0.0,0.0,0.5
cap,posterior_mean_shrunk,cell,A,1000,beta_good_common_T1000_cap128,beta_good_common,128,10598000,phi_k16_quality,learned,1,1,1000,1,True,True,0.024255350947380065,0.022847935510799288,0.025702213216573,0.0007318620811579374,0.968284353196621,0.012923410296440124,0.011331940650939941,128.0,0.12625250501002003,96.856,36.893,0.039220838,0.574,498.288,145.168,0.9925397041440011,0.9796162938475609,0.9796162938475609,1.0,-0.01720622259378433,-0.019272530730813742,-0.015166916023008526,0.0010450454065727731,0.6975,,,1,False,True,0,-0.0024634169340133666,-0.003838916873792186,-0.0010560384514974432,0.0007164782008297603,0.537,,,1,False,True,0,0.0,0.0,0.0,0.5
cap,posterior_mean_shrunk,cell,A,1000,beta_good_common_T1000_cap128,beta_good_common,128,10598000,refine_after_init,baseline,1,1,1000,1,True,True,0.08397759318351745,0.08075846787542104,0.08722221814095973,0.0016523185737804917,0.9085621109604836,0.08183624011278152,0.0021413530707359314,8.0,0.006012024048096194,423.546,0.059,0.354559688,2.086,,,0.9925397041440011,0.9796162938475609,0.9107034640312195,0.0,0.042516019642353055,0.03934924779459834,0.04571252288296818,0.0016248846181918578,0.20900000000000002,,,1,False,True,0,0.057258825302124026,0.053865610342472794,0.06064222324639559,0.0017483491519822243,0.136,,,1,False,True,0,0.05972224223613739,0.056323321099579333,0.063201445043087,0.136
cap,posterior_mean_shrunk,cell,A,1000,beta_good_common_T1000_cap32,beta_good_common,32,10012000,always_search,baseline,1,1,1000,1,True,True,0.03994861215353012,0.03819988938048482,0.04174258327111602,0.000907565856869059,0.9529079526662827,0.0357962988615036,0.00415231329202652,32.0,0.03006012024048095,237.636,4.753,0.154467608,3.35,,32.0,0.9928565648198128,0.9570602659583092,0.9570602659583092,1.0,-0.0008015941977500916,-0.0013550806092098352,-0.00027120523591293036,0.00027185911687873813,0.512,,,1,False,True,0,0.0,0.0,0.0,0.0,0.5,,,1,False,True,0,0.0,0.0,0.0,0.5
cap,posterior_mean_shrunk,cell,A,1000,beta_good_common_T1000_cap32,beta_good_common,32,10012000,cp0,reference,1,1,1000,1,True,True,0.04075020635128021,0.03895615236833692,0.042554044350981715,0.0009234207181771671,0.9521063584685325,0.03640410721302032,0.004346099138259888,30.972,0.02903006012024047,206.859,3.013,0.131707176,4.672,,,0.9928565648198128,0.9570602659583092,0.9564524576067924,0.0,0.0,0.0,0.0,0.0,0.5,,,1,False,True,0,0.0008015941977500916,0.0002712052359129303,0.0013550806092098352,0.00027185911687873813,0.488,,,1,False,True,0,0.0008015941977500916,0.00028408197611570367,0.0013368447825312614,0.488
cap,posterior_mean_shrunk,cell,A,1000,beta_good_common_T1000_cap32,beta_good_common,32,10012000,p3_star,reference,1,1,1000,1,True,True,0.03994861215353012,0.03819988938048482,0.04174258327111602,0.000907565856869059,0.9529079526662827,0.0357962988615036,0.00415231329202652,32.0,0.03006012024048095,237.636,4.753,0.154467608,3.35,,32.0,0.9928565648198128,0.9570602659583092,0.9570602659583092,1.0,-0.0008015941977500916,-0.0013550806092098352,-0.00027120523591293036,0.00027185911687873813,0.512,,,1,False,True,0,0.0,0.0,0.0,0.0,0.5,,,1,False,True,0,0.0,0.0,0.0,0.5
cap,posterior_mean_shrunk,cell,A,1000,beta_good_common_T1000_cap32,beta_good_common,32,10012000,phi_k16,learned,1,1,1000,1,True,True,0.03994861215353012,0.03819988938048482,0.04174258327111602,0.000907565856869059,0.9529079526662827,0.0357962988615036,0.00415231329202652,32.0,0.03006012024048095,237.636,4.753,0.154467608,3.35,767.822,35.488,0.9928565648198128,0.9570602659583092,0.9570602659583092,1.0,-0.0008015941977500916,-0.0013550806092098352,-0.00027120523591293036,0.00027185911687873813,0.512,,,1,False,True,0,0.0,0.0,0.0,0.0,0.5,,,1,False,True,0,0.0,0.0,0.0,0.5
cap,posterior_mean_shrunk,cell,A,1000,beta_good_common_T1000_cap32,beta_good_common,32,10012000,phi_k16_quality,learned,1,1,1000,1,True,True,0.03994861215353012,0.03819988938048482,0.04174258327111602,0.000907565856869059,0.9529079526662827,0.0357962988615036,0.00415231329202652,32.0,0.03006012024048095,237.636,4.753,0.154467608,3.35,671.918,38.224,0.9928565648198128,0.9570602659583092,0.9570602659583092,1.0,-0.0008015941977500916,-0.0013550806092098352,-0.00027120523591293036,0.00027185911687873813,0.512,,,1,False,True,0,0.0,0.0,0.0,0.0,0.5,,,1,False,True,0,0.0,0.0,0.0,0.5
cap,posterior_mean_shrunk,cell,A,1000,beta_good_common_T1000_cap32,beta_good_common,32,10012000,refine_after_init,baseline,1,1,1000,1,True,True,0.08601319247484207,0.08270352818071842,0.08944405913352967,0.0017098496068658072,0.9068433723449707,0.08405191946029664,0.0019612730145454407,8.0,0.006012024048096194,424.133,0.05,0.35598094,2.046,,,0.9928565648198128,0.9570602659583092,0.9088046453595161,0.0,0.04526298612356186,0.0419924589805305,0.04863536497578025,0.0016755131926902702,0.194,,,1,False,True,0,0.04606458032131195,0.04277758058160543,0.049477818515151734,0.0016957461229381568,0.19,,,1,False,True,0,0.04606458032131195,0.0427686783850193,0.049369856499135494,0.19
cap,posterior_mean_shrunk,cell,A,1000,beta_good_common_T1000_cap64,beta_good_common,64,10013000,always_search,baseline,1,1,1000,1,True,True,0.030025245249271394,0.028625117614865303,0.031450368277728555,0.0007203496718477069,0.9626017723083496,0.023198228120803834,0.00682701712846756,64.0,0.062124248496993974,159.495,18.065,0.084472118,1.391,,64.0,0.992627017557621,0.9694287894368172,0.9694287894368172,1.0,-0.010793087601661682,-0.012388574960641562,-0.009170314110815526,0.0008175619144858982,0.624,,,1,False,True,0,0.0,0.0,0.0,0.0,0.5,,,1,False,True,0,0.0,0.0,0.0,0.5
cap,posterior_mean_shrunk,cell,A,1000,beta_good_common_T1000_cap64,beta_good_common,64,10013000,cp0,reference,1,1,1000,1,True,True,0.04081833285093307,0.039120476599782704,0.04253245228901505,0.0008726291112460098,0.9518086847066879,0.03569010704755783,0.005128225803375244,30.976,0.029034068136272535,207.228,3.169,0.13310296,4.241,,,0.992627017557621,0.9694287894368172,0.9569369105100631,0.0,0.0,0.0,0.0,0.0,0.5,,,1,False,True,0,0.010793087601661682,0.009170314110815526,0.012388574960641562,0.0008175619144858982,0.376,,,1,False,True,0,0.010793087601661682,0.009187997914850712,0.01240350016951561,0.376
cap,posterior_mean_shrunk,cell,A,1000,beta_good_common_T1000_cap64,beta_good_common,64,10013000,p3_star,reference,1,1,1000,1,True,True,0.030025245249271394,0.028625117614865303,0.031450368277728555,0.0007203496718477069,0.9626017723083496,0.023198228120803834,0.00682701712846756,64.0,0.062124248496993974,159.495,18.065,0.084472118,1.391,,272.0,0.992627017557621,0.9694287894368172,0.9694287894368172,1.0,-0.010793087601661682,-0.012388574960641562,-0.009170314110815526,0.0008175619144858982,0.624,,,1,False,True,0,0.0,0.0,0.0,0.0,0.5,,,1,False,True,0,0.0,0.0,0.0,0.5
cap,posterior_mean_shrunk,cell,A,1000,beta_good_common_T1000_cap64,beta_good_common,64,10013000,phi_k16,learned,1,1,1000,1,True,True,0.030025245249271394,0.028625117614865303,0.031450368277728555,0.0007203496718477069,0.9626017723083496,0.023198228120803834,0.00682701712846756,64.0,0.062124248496993974,159.495,18.065,0.084472118,1.391,353.446,81.056,0.992627017557621,0.9694287894368172,0.9694287894368172,1.0,-0.010793087601661682,-0.012388574960641562,-0.009170314110815526,0.0008175619144858982,0.624,,,1,False,True,0,0.0,0.0,0.0,0.0,0.5,,,1,False,True,0,0.0,0.0,0.0,0.5
cap,posterior_mean_shrunk,cell,A,1000,beta_good_common_T1000_cap64,beta_good_common,64,10013000,phi_k16_quality,learned,1,1,1000,1,True,True,0.030025245249271394,0.028625117614865303,0.031450368277728555,0.0007203496718477069,0.9626017723083496,0.023198228120803834,0.00682701712846756,64.0,0.062124248496993974,159.495,18.065,0.084472118,1.391,320.976,80.272,0.992627017557621,0.9694287894368172,0.9694287894368172,1.0,-0.010793087601661682,-0.012388574960641562,-0.009170314110815526,0.0008175619144858982,0.624,,,1,False,True,0,0.0,0.0,0.0,0.0,0.5,,,1,False,True,0,0.0,0.0,0.0,0.5
cap,posterior_mean_shrunk,cell,A,1000,beta_good_common_T1000_cap64,beta_good_common,64,10013000,refine_after_init,baseline,1,1,1000,1,True,True,0.08627016830444335,0.08273453917354345,0.08980877157300711,0.0017987336152825715,0.9063568492531776,0.08398598504066468,0.0022841832637786864,8.0,0.006012024048096194,419.689,0.097,0.34959832400000007,2.069,,,0.992627017557621,0.9694287894368172,0.9086410325169564,0.0,0.04545183545351029,0.04198189415037632,0.048967466875910755,0.0017797527121136635,0.2155,,,1,False,True,0,0.056244923055171966,0.05257351202890277,0.05996830528602004,0.0018618930137351926,0.1585,,,1,False,True,0,0.056244923055171966,0.0525604395121336,0.05993786565214396,0.1585
cap,posterior_mean_shrunk,cell,A,200,beta_good_common_T200_cap128,beta_good_common,128,10596000,always_search,baseline,1,1,1000,1,True,True,0.07542714565992355,0.07165995351970196,0.07943230513483286,0.0019641956047620943,0.9081557582616806,0.004502909004688263,0.07092423665523528,128.0,0.6363636363636365,15.18,113.283,0.024366550000000004,0.0,,128.0,0.9835829039216042,0.9790799949169159,0.9790799949169159,1.0,0.008966656148433685,0.004052094346843661,0.013892439077608287,0.0025038191294236953,0.45799999999999996,,,1,False,True,0,-0.003306418240070343,-0.005200883990619331,-0.00148797903675586,0.0009696421082216475,0.519,,,1,False,True,0,0.017988882541656495,0.013265300300717354,0.022827893313765526,0.4225
cap,posterior_mean_shrunk,cell,A,200,beta_good_common_T200_cap128,beta_good_common,128,10596000,cp0,reference,1,1,1000,1,True,True,0.06646048951148986,0.06315501183271408,0.06985428184270859,0.0017061599319010733,0.9171224144101143,0.049416018307209014,0.017044471204280855,14.0,0.06060606060606058,43.377,1.674,0.1525803,0.243,,,0.9835829039216042,0.9790799949169159,0.9341668856143951,0.0,0.0,0.0,0.0,0.0,0.5,,,1,False,True,0,-0.012273074388504028,-0.0171801243443042,-0.007346052548382436,0.0025039140376504577,0.56,,,1,False,True,0,0.009022226393222808,0.006233509592711927,0.011909384502470493,0.4515
cap,posterior_mean_shrunk,cell,A,200,beta_good_common_T200_cap128,beta_good_common,128,10596000,p3_star,reference,1,1,1000,1,True,True,0.07873356389999389,0.07482538409531117,0.08274134919047356,0.0020243475596288035,0.9048493400216102,0.004502909004688263,0.07423065489530563,128.0,0.6363636363636365,14.62,112.823,0.023437100000000006,0.0,,197.0,0.9835829039216042,0.9790799949169159,0.9790799949169159,1.0,0.012273074388504028,0.0073460525483824346,0.0171801243443042,0.0025039140376504577,0.44000000000000006,,,1,False,True,0,0.0,0.0,0.0,0.0,0.5,,,1,False,True,0,0.021295300781726836,0.01639825796186924,0.02610614137649536,0.40299999999999997
cap,posterior_mean_shrunk,cell,A,200,beta_good_common_T200_cap128,beta_good_common,128,10596000,phi_k16,learned,1,1,1000,1,True,True,0.05743826311826706,0.054489920288324355,0.06046019187197089,0.0015304368223621825,0.9261446408033371,0.03708846604824066,0.020349797070026397,21.136,0.09664646464646466,40.973,5.845,0.13376870000000002,0.007,0.0,,0.9835829039216042,0.9790799949169159,0.9464944378733635,0.0,-0.009022226393222808,-0.011808439763262868,-0.006243027211166918,0.0014456425962692421,0.5485,,,1,False,True,0,-0.021295300781726836,-0.026180262165144085,-0.016410604817792773,0.0024739355543316106,0.5970000000000001,,,1,False,True,0,0.0,0.0,0.0,0.5
cap,posterior_mean_shrunk,cell,A,200,beta_good_common_T200_cap128,beta_good_common,128,10596000,phi_k16_quality,learned,1,1,1000,1,True,True,0.05853501456975937,0.05555108301341534,0.06158555010333657,0.0015441027862725205,0.9250478893518448,0.03982439756393433,0.018710617005825044,18.848,0.08509090909090909,43.421,4.877,0.14496775000000003,0.02,0.0,,0.9835829039216042,0.9790799949169159,0.9437585063576698,0.0,-0.0079254749417305,-0.010482946946285664,-0.005365797365084291,0.0013261106988127784,0.5485,,,1,False,True,0,-0.020198549330234527,-0.025076993321999908,-0.015388212655670943,0.0024492213344172505,0.5985,,,1,False,True,0,0.0010967514514923097,-0.00023654502481222102,0.0024814775124192235,0.4975
cap,posterior_mean_shrunk,cell,A,200,beta_good_common_T200_cap128,beta_good_common,128,10596000,refine_after_init,baseline,1,1,1000,1,True,True,0.08609994620084763,0.08216329775750637,0.09002865049988032,0.002006327608774458,0.8974829577207565,0.07415672904253005,0.011943217158317566,8.0,0.03030303030303029,62.901,0.418,0.25160584999999996,0.237,,,0.9835829039216042,0.9790799949169159,0.9094261748790741,0.0,0.019639456689357758,0.016052308864891528,0.023310163244605064,0.0018780818878289319,0.404,,,1,False,True,0,0.007366382300853729,0.002025616442551837,0.012652149354107673,0.0027444227701952924,0.4615,,,1,False,True,0,0.028661683082580568,0.024604098987579346,0.03267870977222919,0.36350000000000005
cap,posterior_mean_shrunk,cell,A,200,beta_good_common_T200_cap200,beta_good_common,200,10008000,always_search,baseline,1,1,1000,1,True,True,0.23063925951719283,0.22157369889318942,0.23997402377426624,0.004698747953067132,0.7530394491553306,0.0,0.23063925951719283,200.0,1.0,1.0,200.0,0.005000000000000003,0.0,,200.0,0.9836787086725235,0.9836787086725235,0.9836787086725235,1.0,0.16236868286132813,0.15265064649283885,0.172285508364439,0.005023770253527326,0.143,,,1,False,True,0,0.14741812434792517,0.13757363334298134,0.1574997827410698,0.005088426336382369,0.1815,,,1,False,True,0,0.17311394637823105,0.16368808393105866,0.18277698941901327,0.114
cap,posterior_mean_shrunk,cell,A,200,beta_good_common_T200_cap200,beta_good_common,200,10008000,cp0,reference,1,1,1000,1,True,True,0.06827057665586471,0.06491530667990446,0.071599599160254,0.0017039102918574899,0.9154081320166588,0.05175258195400238,0.016517994701862337,14.0,0.06060606060606058,42.94,1.667,0.15174515,0.215,,,0.9836787086725235,0.9836787086725235,0.9319261267185212,0.0,0.0,0.0,0.0,0.0,0.5,,,1,False,True,0,-0.01495055851340294,-0.02034974368289113,-0.009652365278452636,0.002715111621128969,0.5555,,,1,False,True,0,0.010745263516902923,0.007856647235155107,0.013569539391994475,0.4355
cap,posterior_mean_shrunk,cell,A,200,beta_good_common_T200_cap200,beta_good_common,200,10008000,p3_star,reference,1,1,1000,1,True,True,0.08322113516926766,0.0789110591635108,0.08761983290314675,0.00223594637336026,0.9004575735032558,0.0046993567943573,0.07852177837491035,129.0,0.6414141414141415,13.991,113.696,0.022454150000000003,0.0,,,0.9836787086725235,0.9836787086725235,0.9789793518781662,0.0,0.01495055851340294,0.009652365278452636,0.02034974368289113,0.002715111621128969,0.4445,,,1,False,True,0,0.0,0.0,0.0,0.0,0.5,,,1,False,True,0,0.025695822030305862,0.020880846025794746,0.030701059866696596,0.39399999999999996
cap,posterior_mean_shrunk,cell,A,200,beta_good_common_T200_cap200,beta_good_common,200,10008000,phi_k16,learned,1,1,1000,1,True,True,0.057525313138961795,0.05456685023382306,0.06060044514015317,0.0015555197992854722,0.9261533955335617,0.03855978989601135,0.01896552324295044,21.344,0.09769696969696971,40.42,5.945,0.1319354,0.0,0.0,,0.9836787086725235,0.9836787086725235,0.9451189187765121,0.0,-0.010745263516902923,-0.013635465176776052,-0.007881873007863761,0.0014639505216177647,0.5645,,,1,False,True,0,-0.025695822030305862,-0.030671563325449826,-0.020755101181566718,0.0025527332665458615,0.6060000000000001,,,1,False,True,0,0.0,0.0,0.0,0.5
cap,posterior_mean_shrunk,cell,A,200,beta_good_common_T200_cap200,beta_good_common,200,10008000,phi_k16_quality,learned,1,1,1000,1,True,True,0.05993744271993637,0.05691639306023717,0.0630887996405363,0.0015929247788787771,0.9237412659525871,0.04164498150348663,0.018292461216449736,19.12,0.08646464646464648,42.64,4.952,0.14195425,0.022,0.0,,0.9836787086725235,0.9836787086725235,0.9420337271690369,0.0,-0.008333133935928345,-0.01114359386265278,-0.005489810544531794,0.0014282046187569658,0.5465,,,1,False,True,0,-0.023283692449331282,-0.028353145578876134,-0.018299908097833394,0.0025963405855071522,0.5930000000000001,,,1,False,True,0,0.002412129580974579,0.0011559122934937482,0.003766655226051807,0.48650000000000004
cap,posterior_mean_shrunk,cell,A,200,beta_good_common_T200_cap200,beta_good_common,200,10008000,refine_after_init,baseline,1,1,1000,1,True,True,0.08698700845241547,0.08311630450189114,0.09075914472341537,0.001979472327898266,0.896691700220108,0.07531758266687393,0.011669425785541535,8.0,0.03030303030303029,62.749,0.465,0.2520366,0.196,,,0.9836787086725235,0.9836787086725235,0.9083611260056496,0.0,0.01871643179655075,0.015205191122367978,0.0221497714985162,0.0017823295197235518,0.4085,,,1,False,True,0,0.003765873283147812,-0.0020268704683985552,0.009521641302853823,0.002939785726131021,0.4665,,,1,False,True,0,0.029461695313453676,0.025372301657497882,0.03358254273384809,0.345
cap,posterior_mean_shrunk,cell,A,200,beta_good_common_T200_cap32,beta_good_common,32,10006000,always_search,baseline,1,1,1000,1,True,True,0.051552884459495546,0.048735230974853036,0.054505675379186866,0.0014694678013483496,0.9313891184329987,0.02598269772529602,0.025570186734199522,32.0,0.15151515151515152,31.243,9.809,0.08835435000000001,0.0,,32.0,0.9829420028924942,0.9569593051671982,0.9569593051671982,1.0,-0.016803021013736725,-0.02022258280776441,-0.013435086770914496,0.001770250398832334,0.6054999999999999,,,1,False,True,0,0.0,0.0,0.0,0.0,0.5,,,1,False,True,0,-0.005666726410388946,-0.008383605220913887,-0.0028983489230275158,0.5455
cap,posterior_mean_shrunk,cell,A,200,beta_good_common_T200_cap32,beta_good_common,32,10006000,cp0,reference,1,1,1000,1,True,True,0.06835590547323227,0.065120361559093,0.07170949969440699,0.0016891074227486905,0.9145860974192619,0.04985977554321289,0.018496129930019378,14.0,0.06060606060606058,43.656,1.707,0.15366665000000002,0.21,,,0.9829420028924942,0.9569593051671982,0.9330822273492813,0.0,0.0,0.0,0.0,0.0,0.5,,,1,False,True,0,0.016803021013736725,0.013435086770914494,0.02022258280776441,0.001770250398832334,0.39449999999999996,,,1,False,True,0,0.011136294603347778,0.008426053135097028,0.013951070481538772,0.4375
cap,posterior_mean_shrunk,cell,A,200,beta_good_common_T200_cap32,beta_good_common,32,10006000,p3_star,reference,1,1,1000,1,True,True,0.051552884459495546,0.048735230974853036,0.054505675379186866,0.0014694678013483496,0.9313891184329987,0.02598269772529602,0.025570186734199522,32.0,0.15151515151515152,31.243,9.809,0.08835435000000001,0.0,,32.0,0.9829420028924942,0.9569593051671982,0.9569593051671982,1.0,-0.016803021013736725,-0.02022258280776441,-0.013435086770914496,0.001770250398832334,0.6054999999999999,,,1,False,True,0,0.0,0.0,0.0,0.0,0.5,,,1,False,True,0,-0.005666726410388946,-0.008365421952307224,-0.0030075919628143313,0.5455
cap,posterior_mean_shrunk,cell,A,200,beta_good_common_T200_cap32,beta_good_common,32,10006000,phi_k16,learned,1,1,1000,1,True,True,0.05721961086988449,0.054241702891886234,0.06024975348263979,0.001526648042854899,0.9257223920226098,0.037087539076805114,0.020132071793079378,20.366,0.09275757575757577,41.875,5.641,0.1378589,0.01,0.338,79.14792899408285,0.9829420028924942,0.9569593051671982,0.945854463815689,0.169,-0.011136294603347778,-0.013888464798219502,-0.008442408358678223,0.0014007989037305413,0.5625,,,1,False,True,0,0.005666726410388946,0.002987800037954003,0.008323475811630487,0.0013849163637812884,0.4545,,,1,False,True,0,0.0,0.0,0.0,0.5
cap,posterior_mean_shrunk,cell,A,200,beta_good_common_T200_cap32,beta_good_common,32,10006000,phi_k16_quality,learned,1,1,1000,1,True,True,0.05932614731788635,0.0562849628739059,0.06239706687629223,0.0015664914911363104,0.9236158555746079,0.03985105067491532,0.01947509664297104,18.602,0.08384848484848484,43.348,4.805,0.1449805,0.026,0.086,60.651162790697676,0.9829420028924942,0.9569593051671982,0.9430909522175789,0.043,-0.009029758155345917,-0.011597009794786572,-0.006457547482568771,0.0013185589266191053,0.548,,,1,False,True,0,0.0077732628583908085,0.004862184135708958,0.0106106132036075,0.00148342113102995,0.4415,,,1,False,True,0,0.0021065364480018617,0.0009878686055541039,0.0032994453206658357,0.48650000000000004
cap,posterior_mean_shrunk,cell,A,200,beta_good_common_T200_cap32,beta_good_common,32,10006000,refine_after_init,baseline,1,1,1000,1,True,True,0.0849722905755043,0.0813347076997161,0.08876624833792449,0.0018954328581909207,0.8979697123169899,0.07376780444383621,0.011204486131668091,8.0,0.03030303030303029,63.323,0.478,0.25367885,0.15,,,0.9829420028924942,0.9569593051671982,0.909174198448658,0.0,0.016616385102272032,0.013288791268132627,0.020034136343747375,0.0017204557450639884,0.4145,,,1,False,True,0,0.03341940611600876,0.029219051590189338,0.03770020585507154,0.0021509481929823915,0.322,,,1,False,True,0,0.02775267970561981,0.023805230380594733,0.03174457202553749,0.35250000000000004
cap,posterior_mean_shrunk,cell,A,200,beta_good_common_T200_cap64,beta_good_common,64,10007000,always_search,baseline,1,1,1000,1,True,True,0.0592895724773407,0.05595815517008305,0.06277408804744482,0.0017777374293144927,0.9235846226215363,0.012837714314460754,0.046451858162879944,64.0,0.31313131313131315,20.94,38.386,0.0490864,0.0,,64.0,0.982874195098877,0.9700364807844162,0.9700364807844162,1.0,-0.009470962047576904,-0.013729008869267999,-0.005059548653662205,0.0022707927000623794,0.576,,,1,False,True,0,0.0,0.0,0.0,0.0,0.5,,,1,False,True,0,0.002016746997833252,-0.002237442123889923,0.006121855007112026,0.51
cap,posterior_mean_shrunk,cell,A,200,beta_good_common_T200_cap64,beta_good_common,64,10007000,cp0,reference,1,1,1000,1,True,True,0.06876053452491761,0.06558947041630744,0.07186648063361645,0.0015975435446484115,0.9141136605739594,0.051418627321720124,0.01734190720319748,14.0,0.06060606060606058,43.351,1.692,0.1524634,0.185,,,0.982874195098877,0.9700364807844162,0.9314555677771569,0.0,0.0,0.0,0.0,0.0,0.5,,,1,False,True,0,0.009470962047576904,0.005059548653662205,0.013729008869267997,0.0022707927000623794,0.424,,,1,False,True,0,0.011487709045410157,0.008813397806882858,0.014250752829015252,0.422
cap,posterior_mean_shrunk,cell,A,200,beta_good_common_T200_cap64,beta_good_common,64,10007000,p3_star,reference,1,1,1000,1,True,True,0.0592895724773407,0.05595815517008305,0.06277408804744482,0.0017777374293144927,0.9235846226215363,0.012837714314460754,0.046451858162879944,64.0,0.31313131313131315,20.94,38.386,0.0490864,0.0,,70.0,0.982874195098877,0.9700364807844162,0.9700364807844162,1.0,-0.009470962047576904,-0.013729008869267999,-0.005059548653662205,0.0022707927000623794,0.576,,,1,False,True,0,0.0,0.0,0.0,0.0,0.5,,,1,False,True,0,0.002016746997833252,-0.002080842551589012,0.0062729601114988294,0.51
cap,posterior_mean_shrunk,cell,A,200,beta_good_common_T200_cap64,beta_good_common,64,10007000,phi_k16,learned,1,1,1000,1,True,True,0.05727282547950745,0.05445501571521163,0.06015266133472323,0.0014488885797947645,0.9256013696193695,0.037813040256500244,0.019459785223007203,20.88,0.09535353535353536,40.925,5.798,0.13373165,0.002,0.0,,0.982874195098877,0.9700364807844162,0.9450611548423767,0.0,-0.011487709045410157,-0.01424234511796385,-0.008742229058407247,0.0014009043692109994,0.578,,,1,False,True,0,-0.002016746997833252,-0.0061639410560019306,0.002126477425917982,0.0021195455693348007,0.49,,,1,False,True,0,0.0,0.0,0.0,0.5
cap,posterior_mean_shrunk,cell,A,200,beta_good_common_T200_cap64,beta_good_common,64,10007000,phi_k16_quality,learned,1,1,1000,1,True,True,0.05869654250144959,0.055816990323364735,0.06161252958700061,0.0014781774273280063,0.9241776525974273,0.041015482485294345,0.017681060016155242,18.928,0.08549494949494951,42.892,4.914,0.14250865,0.008,0.0,,0.982874195098877,0.9700364807844162,0.9418587126135826,0.0,-0.010063992023468018,-0.012630626861937343,-0.007541495154146107,0.0013024179204030825,0.5685,,,1,False,True,0,-0.0005930299758911133,-0.004882040247321128,0.0036101854348089537,0.0021743317477154367,0.47850000000000004,,,1,False,True,0,0.0014237170219421388,7.87752404809001e-05,0.0028214808195829388,0.492
cap,posterior_mean_shrunk,cell,A,200,beta_good_common_T200_cap64,beta_good_common,64,10007000,refine_after_init,baseline,1,1,1000,1,True,True,0.08489153558015823,0.081227177195251,0.08858797457069158,0.00188145617525784,0.8979826595187187,0.07389403909444808,0.010997496485710145,8.0,0.03030303030303029,62.955,0.466,0.2522746,0.189,,,0.982874195098877,0.9700364807844162,0.9089801560044288,0.0,0.01613100105524063,0.012768723955377937,0.01944128656759858,0.001702334265033322,0.41300000000000003,,,1,False,True,0,0.025601963102817534,0.02084872266277671,0.030339096812531347,0.0024502258503876924,0.3445,,,1,False,True,0,0.027618710100650787,0.023711139619350435,0.031621246527135376,0.34650000000000003
cap,posterior_mean_shrunk,cell,A,1000,beta_rare_excellent_T1000_cap1000,beta_rare_excellent,1000,10059000,always_search,baseline,1,1,1000,1,True,True,0.38006757243257017,0.37264155223965645,0.387593661993742,0.00383926354538389,0.1768054742636159,0.0,0.38006757243257017,1000.0,1.0,1.0,1000.0,0.0010000000000000005,0.0,,1000.0,0.5568730466961861,0.5568730466961861,0.5568730466961861,1.0,0.16534139961283653,0.15679758377373218,0.17407300062477588,0.004383603892166233,0.117,,,1,False,True,0,0.22283375294785945,0.21429266780614853,0.23139782063663006,0.0044211022249455965,0.0575,,,1,False,True,0,0.0021880383752286435,0.0006403806794434794,0.003952333650365471,0.492
cap,posterior_mean_shrunk,cell,A,1000,beta_rare_excellent_T1000_cap1000,beta_rare_excellent,1000,10059000,cp0,reference,1,1,1000,1,True,True,0.2147261728197336,0.20838140808045863,0.2211429573595524,0.003247704762961729,0.34214687387645243,0.20632050688564776,0.008405665934085847,30.903,0.028960921843687367,175.989,0.0,0.096791306,2.164,,,0.5568730466961861,0.5568730466961861,0.3505525398105383,0.0,0.0,0.0,0.0,0.0,0.5,,,1,False,True,0,0.05749235333502293,0.05135312080383301,0.06370161958038807,0.0031534099226287024,0.3165,,,1,False,True,0,-0.1631533612376079,-0.17179718715604395,-0.15478098786836492,0.881
cap,posterior_mean_shrunk,cell,A,1000,beta_rare_excellent_T1000_cap1000,beta_rare_excellent,1000,10059000,p3_star,reference,1,1,1000,1,True,True,0.15723381948471069,0.1506565183401108,0.16378420367836952,0.003308690822420914,0.3996392272114754,0.1329323514997959,0.02430146798491478,88.0,0.08617234468937875,72.644,0.0,0.026002282,0.486,,,0.5568730466961861,0.5568730466961861,0.42394069519639016,0.0,-0.05749235333502293,-0.06370161958038807,-0.05135312080383301,0.0031534099226287024,0.6835,,,1,False,True,0,0.0,0.0,0.0,0.0,0.5,,,1,False,True,0,-0.22064571457263082,-0.22942705368550959,-0.21194293076482135,0.9404999999999999
cap,posterior_mean_shrunk,cell,A,1000,beta_rare_excellent_T1000_cap1000,beta_rare_excellent,1000,10059000,phi_k16,learned,1,1,1000,1,True,True,0.37787953405734154,0.3703620068728924,0.3854362204670906,0.0038623909701576355,0.17899351263884455,0.0,0.37787953405734154,999.584,0.9995831663326653,1.033,999.209,0.0010009180000000004,0.0,0.0,1000.0,0.5568730466961861,0.5568730466961861,0.5568730466961861,0.974,0.1631533612376079,0.15463904961943625,0.1718126244843006,0.004374042199966179,0.11900000000000001,,,1,False,True,0,0.22064571457263082,0.21206367909908294,0.22922440879046918,0.004437754481322274,0.059500000000000004,,,1,False,True,0,0.0,0.0,0.0,0.5
cap,posterior_mean_shrunk,cell,A,1000,beta_rare_excellent_T1000_cap1000,beta_rare_excellent,1000,10059000,phi_k16_quality,learned,1,1,1000,1,True,True,0.38006757243257017,0.37264155223965645,0.387593661993742,0.00383926354538389,0.1768054742636159,0.0,0.38006757243257017,1000.0,1.0,1.0,1000.0,0.0010000000000000005,0.0,0.0,1000.0,0.5568730466961861,0.5568730466961861,0.5568730466961861,1.0,0.16534139961283653,0.15679758377373218,0.17407300062477588,0.004383603892166233,0.117,,,1,False,True,0,0.22283375294785945,0.21429266780614853,0.23139782063663006,0.0044211022249455965,0.0575,,,1,False,True,0,0.0021880383752286435,0.0006231793476268651,0.003891821059212088,0.492
cap,posterior_mean_shrunk,cell,A,1000,beta_rare_excellent_T1000_cap1000,beta_rare_excellent,1000,10059000,refine_after_init,baseline,1,1,1000,1,True,True,0.3023568976782262,0.2952926382422447,0.30941814854741095,0.0035703900711974404,0.2545161490179598,0.30000550142675636,0.0023513962514698505,8.0,0.006012024048096194,400.566,0.0,0.31570571999999997,1.673,,,0.5568730466961861,0.5568730466961861,0.2568675452694297,0.0,0.08763072485849262,0.08157850466668606,0.09376467075198888,0.0030741343593626807,0.20600000000000002,,,1,False,True,0,0.14512307819351553,0.1376497380435467,0.15277410671114922,0.003836867838194062,0.1315,,,1,False,True,0,-0.07552263637911528,-0.08414697764313314,-0.06665232784589754,0.727
cap,posterior_mean_shrunk,cell,A,1000,beta_rare_excellent_T1000_cap128,beta_rare_excellent,128,10613000,always_search,baseline,1,1,1000,1,True,True,0.15365783500671387,0.14693346247076988,0.16039175577461717,0.003429583742579761,0.4073355450630188,0.1139290318787098,0.03972880312800407,128.0,0.12625250501002003,43.7,0.0,0.013942291999999998,0.178,,128.0,0.5609933800697327,0.44706434819102286,0.44706434819102286,1.0,-0.06068203597515821,-0.06778777725994586,-0.05381374480202794,0.0036339167253050444,0.6755,,,1,False,True,0,-0.008769641727209091,-0.013903512130491435,-0.003789581533055754,0.0026022783669179114,0.508,,,1,False,True,0,0.0,0.0,0.0,0.5
cap,posterior_mean_shrunk,cell,A,1000,beta_rare_excellent_T1000_cap128,beta_rare_excellent,128,10613000,cp0,reference,1,1,1000,1,True,True,0.21433987098187207,0.20776568055152894,0.22091127708554267,0.003368006702760896,0.3466535090878606,0.20651917192339897,0.00782069905847311,30.85,0.028907815631262514,182.029,0.0,0.10083918,2.562,,,0.5609933800697327,0.44706434819102286,0.3544742081463337,0.0,0.0,0.0,0.0,0.0,0.5,,,1,False,True,0,0.05191239424794912,0.046116259228438136,0.05769904935732483,0.002970498062612709,0.316,,,1,False,True,0,0.06068203597515821,0.05363238207697869,0.06780518520753831,0.3245
cap,posterior_mean_shrunk,cell,A,1000,beta_rare_excellent_T1000_cap128,beta_rare_excellent,128,10613000,p3_star,reference,1,1,1000,1,True,True,0.16242747673392297,0.1558778841048479,0.16897582188248633,0.003303783749520353,0.3985659033358097,0.13837216241657735,0.02405531431734562,88.0,0.08617234468937875,71.771,0.0,0.025835504,0.529,,,0.5609933800697327,0.44706434819102286,0.4226212176531553,0.0,-0.05191239424794912,-0.05769904935732484,-0.046116259228438136,0.002970498062612709,0.684,,,1,False,True,0,0.0,0.0,0.0,0.0,0.5,,,1,False,True,0,0.008769641727209091,0.0036356447838246826,0.013825206383317707,0.492
cap,posterior_mean_shrunk,cell,A,1000,beta_rare_excellent_T1000_cap128,beta_rare_excellent,128,10613000,phi_k16,learned,1,1,1000,1,True,True,0.15365783500671387,0.14693346247076988,0.16039175577461717,0.003429583742579761,0.4073355450630188,0.1139290318787098,0.03972880312800407,128.0,0.12625250501002003,43.7,0.0,0.013942291999999998,0.178,871.68,128.272,0.5609933800697327,0.44706434819102286,0.44706434819102286,1.0,-0.06068203597515821,-0.06778777725994586,-0.05381374480202794,0.0036339167253050444,0.6755,,,1,False,True,0,-0.008769641727209091,-0.013903512130491435,-0.003789581533055754,0.0026022783669179114,0.508,,,1,False,True,0,0.0,0.0,0.0,0.5
cap,posterior_mean_shrunk,cell,A,1000,beta_rare_excellent_T1000_cap128,beta_rare_excellent,128,10613000,phi_k16_quality,learned,1,1,1000,1,True,True,0.15365783500671387,0.14693346247076988,0.16039175577461717,0.003429583742579761,0.4073355450630188,0.1139290318787098,0.03972880312800407,128.0,0.12625250501002003,43.7,0.0,0.013942291999999998,0.178,872.0,128.0,0.5609933800697327,0.44706434819102286,0.44706434819102286,1.0,-0.06068203597515821,-0.06778777725994586,-0.05381374480202794,0.0036339167253050444,0.6755,,,1,False,True,0,-0.008769641727209091,-0.013903512130491435,-0.003789581533055754,0.0026022783669179114,0.508,,,1,False,True,0,0.0,0.0,0.0,0.5
cap,posterior_mean_shrunk,cell,A,1000,beta_rare_excellent_T1000_cap128,beta_rare_excellent,128,10613000,refine_after_init,baseline,1,1,1000,1,True,True,0.3099380570426583,0.30277256593108176,0.31684397011995313,0.0035787170021033526,0.25105532302707434,0.3072384118102491,0.0026996452324092386,8.0,0.006012024048096194,399.403,0.0,0.31390104399999996,1.643,,,0.5609933800697327,0.44706434819102286,0.25375496825948357,0.0,0.09559818606078625,0.08921570274978877,0.10178929101675749,0.0032598131280688245,0.189,,,1,False,True,0,0.14751058030873537,0.14004867672920226,0.15497217588126658,0.0038878195449481585,0.1265,,,1,False,True,0,0.15628022203594447,0.14820311803640798,0.16438475800100713,0.1195
cap,posterior_mean_shrunk,cell,A,1000,beta_rare_excellent_T1000_cap32,beta_rare_excellent,32,10057000,always_search,baseline,1,1,1000,1,True,True,0.21503020603954792,0.20868347994983197,0.22140512727200984,0.0032206722449081796,0.3451639315336943,0.20511364418268205,0.009916561856865883,32.0,0.03006012024048095,193.19,0.0,0.10688234199999999,2.027,,32.0,0.5601941375732422,0.35508049339056014,0.35508049339056014,1.0,-0.002145410031080246,-0.0036425061058253045,-0.0007641951233381409,0.0007234077446506398,0.5075000000000001,,,1,False,True,0,0.0,0.0,0.0,0.0,0.5,,,1,False,True,0,0.0,0.0,0.0,0.5
cap,posterior_mean_shrunk,cell,A,1000,beta_rare_excellent_T1000_cap32,beta_rare_excellent,32,10057000,cp0,reference,1,1,1000,1,True,True,0.21717561607062816,0.21082849130034448,0.22350609079003333,0.0032286108159282137,0.343018521502614,0.20745521001517772,0.00972040605545044,30.827,0.028884769539078144,180.18,0.0,0.099669618,2.748,,,0.5601941375732422,0.35508049339056014,0.35273892755806446,0.0,0.0,0.0,0.0,0.0,0.5,,,1,False,True,0,0.002145410031080246,0.0007641951233381408,0.0036425061058253045,0.0007234077446506398,0.4925,,,1,False,True,0,0.002145410031080246,0.0007582019254565243,0.00359706557765603,0.4925
cap,posterior_mean_shrunk,cell,A,1000,beta_rare_excellent_T1000_cap32,beta_rare_excellent,32,10057000,p3_star,reference,1,1,1000,1,True,True,0.21503020603954792,0.20868347994983197,0.22140512727200984,0.0032206722449081796,0.3451639315336943,0.20511364418268205,0.009916561856865883,32.0,0.03006012024048095,193.19,0.0,0.10688234199999999,2.027,,32.0,0.5601941375732422,0.35508049339056014,0.35508049339056014,1.0,-0.002145410031080246,-0.0036425061058253045,-0.0007641951233381409,0.0007234077446506398,0.5075000000000001,,,1,False,True,0,0.0,0.0,0.0,0.0,0.5,,,1,False,True,0,0.0,0.0,0.0,0.5
cap,posterior_mean_shrunk,cell,A,1000,beta_rare_excellent_T1000_cap32,beta_rare_excellent,32,10057000,phi_k16,learned,1,1,1000,1,True,True,0.21503020603954792,0.20868347994983197,0.22140512727200984,0.0032206722449081796,0.3451639315336943,0.20511364418268205,0.009916561856865883,32.0,0.03006012024048095,193.19,0.0,0.10688234199999999,2.027,968.0,32.0,0.5601941375732422,0.35508049339056014,0.35508049339056014,1.0,-0.002145410031080246,-0.0036425061058253045,-0.0007641951233381409,0.0007234077446506398,0.5075000000000001,,,1,False,True,0,0.0,0.0,0.0,0.0,0.5,,,1,False,True,0,0.0,0.0,0.0,0.5
cap,posterior_mean_shrunk,cell,A,1000,beta_rare_excellent_T1000_cap32,beta_rare_excellent,32,10057000,phi_k16_quality,learned,1,1,1000,1,True,True,0.21503020603954792,0.20868347994983197,0.22140512727200984,0.0032206722449081796,0.3451639315336943,0.20511364418268205,0.009916561856865883,32.0,0.03006012024048095,193.19,0.0,0.10688234199999999,2.027,968.0,32.0,0.5601941375732422,0.35508049339056014,0.35508049339056014,1.0,-0.002145410031080246,-0.0036425061058253045,-0.0007641951233381409,0.0007234077446506398,0.5075000000000001,,,1,False,True,0,0.0,0.0,0.0,0.0,0.5,,,1,False,True,0,0.0,0.0,0.0,0.5
cap,posterior_mean_shrunk,cell,A,1000,beta_rare_excellent_T1000_cap32,beta_rare_excellent,32,10057000,refine_after_init,baseline,1,1,1000,1,True,True,0.31018943366780877,0.3031883239746094,0.31710190027952195,0.003595913814162056,0.2500047039054334,0.3081873649135232,0.0020020687542855737,8.0,0.006012024048096194,394.812,0.0,0.31018015200000004,1.572,,,0.5601941375732422,0.35508049339056014,0.252006772659719,0.0,0.09301381759718061,0.08633132111281157,0.09971736762672663,0.003340367999758494,0.2075,,,1,False,True,0,0.09515922762826085,0.08849168848246336,0.10183645468205213,0.003368320437343326,0.2,,,1,False,True,0,0.09515922762826085,0.08859959802879021,0.10181215547705068,0.2
cap,posterior_mean_shrunk,cell,A,1000,beta_rare_excellent_T1000_cap64,beta_rare_excellent,64,10058000,always_search,baseline,1,1,1000,1,True,True,0.17627564020454883,0.1701321132481098,0.18260238245129584,0.0031695774537388952,0.3821537868231535,0.1587878199070692,0.01748782029747963,64.0,0.062124248496993974,106.991,0.0,0.04419179,0.902,,64.0,0.5584294270277024,0.3996416071206331,0.3996416071206331,1.0,-0.03834235429763794,-0.04365013614296913,-0.03320627771317959,0.0026703531757540796,0.636,,,1,False,True,0,0.0,0.0,0.0,0.0,0.5,,,1,False,True,0,0.0,0.0,0.0,0.5
cap,posterior_mean_shrunk,cell,A,1000,beta_rare_excellent_T1000_cap64,beta_rare_excellent,64,10058000,cp0,reference,1,1,1000,1,True,True,0.21461799450218677,0.2082437016069889,0.22120084427297115,0.0032629588457953004,0.34381143252551555,0.20600770384073258,0.0086102906614542,30.802,0.028859719438877746,182.594,0.0,0.101105316,2.28,,,0.5584294270277024,0.3996416071206331,0.35242172318696974,0.0,0.0,0.0,0.0,0.0,0.5,,,1,False,True,0,0.03834235429763794,0.03320627771317959,0.04365013614296913,0.0026703531757540796,0.364,,,1,False,True,0,0.03834235429763794,0.033236919107846916,0.043661434420011934,0.364
cap,posterior_mean_shrunk,cell,A,1000,beta_rare_excellent_T1000_cap64,beta_rare_excellent,64,10058000,p3_star,reference,1,1,1000,1,True,True,0.17627564020454883,0.1701321132481098,0.18260238245129584,0.0031695774537388952,0.3821537868231535,0.1587878199070692,0.01748782029747963,64.0,0.062124248496993974,106.991,0.0,0.04419179,0.902,,272.0,0.5584294270277024,0.3996416071206331,0.3996416071206331,1.0,-0.03834235429763794,-0.04365013614296913,-0.03320627771317959,0.0026703531757540796,0.636,,,1,False,True,0,0.0,0.0,0.0,0.0,0.5,,,1,False,True,0,0.0,0.0,0.0,0.5
cap,posterior_mean_shrunk,cell,A,1000,beta_rare_excellent_T1000_cap64,beta_rare_excellent,64,10058000,phi_k16,learned,1,1,1000,1,True,True,0.17627564020454883,0.1701321132481098,0.18260238245129584,0.0031695774537388952,0.3821537868231535,0.1587878199070692,0.01748782029747963,64.0,0.062124248496993974,106.991,0.0,0.04419179,0.902,936.0,64.0,0.5584294270277024,0.3996416071206331,0.3996416071206331,1.0,-0.03834235429763794,-0.04365013614296913,-0.03320627771317959,0.0026703531757540796,0.636,,,1,False,True,0,0.0,0.0,0.0,0.0,0.5,,,1,False,True,0,0.0,0.0,0.0,0.5
cap,posterior_mean_shrunk,cell,A,1000,beta_rare_excellent_T1000_cap64,beta_rare_excellent,64,10058000,phi_k16_quality,learned,1,1,1000,1,True,True,0.17627564020454883,0.1701321132481098,0.18260238245129584,0.0031695774537388952,0.3821537868231535,0.1587878199070692,0.01748782029747963,64.0,0.062124248496993974,106.991,0.0,0.04419179,0.902,936.0,64.0,0.5584294270277024,0.3996416071206331,0.3996416071206331,1.0,-0.03834235429763794,-0.04365013614296913,-0.03320627771317959,0.0026703531757540796,0.636,,,1,False,True,0,0.0,0.0,0.0,0.0,0.5,,,1,False,True,0,0.0,0.0,0.0,0.5
cap,posterior_mean_shrunk,cell,A,1000,beta_rare_excellent_T1000_cap64,beta_rare_excellent,64,10058000,refine_after_init,baseline,1,1,1000,1,True,True,0.30990651283413173,0.3028497934341431,0.3167715363204479,0.0035343781307816007,0.24852291419357062,0.30760216515511274,0.0023043476790189743,8.0,0.006012024048096194,390.633,0.0,0.30816341799999997,1.539,,,0.5584294270277024,0.3996416071206331,0.2508272618725896,0.0,0.09528851833194495,0.08889241963624954,0.10156112927943468,0.0032522310581090015,0.191,,,1,False,True,0,0.13363087262958287,0.12648125924170017,0.1407869666814804,0.0037208555887444953,0.134,,,1,False,True,0,0.13363087262958287,0.12643962833145633,0.14099899126058443,0.134
cap,posterior_mean_shrunk,cell,A,200,beta_rare_excellent_T200_cap128,beta_rare_excellent,128,10611000,always_search,baseline,1,1,1000,1,True,True,0.18545540797244758,0.17745695114135743,0.1935204990208149,0.004074958507331936,0.29076955587137493,0.026047792822122575,0.159407615150325,128.0,0.6363636363636365,3.969,77.887,0.01010915,0.0,,128.0,0.47622496384382246,0.4501771710216999,0.4501771710216999,1.0,-0.023000000000931324,-0.032901271060109136,-0.012985381530597806,0.004943900258381836,0.548,,,1,False,True,0,-0.0004095375537872314,-0.0009665395846241147,-3.158518666168675e-05,0.0002484279731436781,0.502,,,1,False,True,0,0.001049437079578638,-0.0008463408565148711,0.0030042485069483515,0.4975
cap,posterior_mean_shrunk,cell,A,200,beta_rare_excellent_T200_cap128,beta_rare_excellent,128,10611000,cp0,reference,1,1,1000,1,True,True,0.2084554079733789,0.2010843511670828,0.215984121337533,0.0038126716158307923,0.2677695558704436,0.17819726787507534,0.030258140098303556,14.0,0.06060606060606058,31.124,0.0,0.0996996,0.028,,,0.47622496384382246,0.4501771710216999,0.2980276959687471,0.0,0.0,0.0,0.0,0.0,0.5,,,1,False,True,0,0.02259046244714409,0.012549782358109952,0.03250549351796507,0.004943378504920687,0.4545,,,1,False,True,0,0.02404943708050996,0.014520964870834725,0.03352064432906918,0.44599999999999995
cap,posterior_mean_shrunk,cell,A,200,beta_rare_excellent_T200_cap128,beta_rare_excellent,128,10611000,p3_star,reference,1,1,1000,1,True,True,0.1858649455262348,0.17785183079540728,0.1939033169299364,0.004074659640359037,0.2903600183175877,0.026047792822122575,0.15981715270411223,128.0,0.6363636363636365,3.947,77.83,0.0100945,0.0,,197.0,0.47622496384382246,0.4501771710216999,0.4501771710216999,1.0,-0.02259046244714409,-0.03250549351796508,-0.012549782358109954,0.004943378504920687,0.5455,,,1,False,True,0,0.0,0.0,0.0,0.0,0.5,,,1,False,True,0,0.0014589746333658696,-0.0004919548607431343,0.0034263394103385505,0.4955
cap,posterior_mean_shrunk,cell,A,200,beta_rare_excellent_T200_cap128,beta_rare_excellent,128,10611000,phi_k16,learned,1,1,1000,1,True,True,0.18440597089286895,0.17648840174078942,0.19252901263535022,0.004100972301055816,0.29181899295095354,0.027507767468690873,0.15689820342417807,125.25,0.6224747474747476,3.946,72.208,0.0102246,0.0,19.448,171.43434343434345,0.47622496384382246,0.4501771710216999,0.44871719637513163,0.792,-0.02404943708050996,-0.03416875386610627,-0.014118613302707679,0.004962485949650169,0.554,,,1,False,True,0,-0.0014589746333658696,-0.0034262538480106736,0.00046765258884988675,0.0009934914365107318,0.5045,,,1,False,True,0,0.0,0.0,0.0,0.5
cap,posterior_mean_shrunk,cell,A,200,beta_rare_excellent_T200_cap128,beta_rare_excellent,128,10611000,phi_k16_quality,learned,1,1,1000,1,True,True,0.18468816624116152,0.17667686082422734,0.19283638000488282,0.004081299016236831,0.29153679760266094,0.026541419357061388,0.15814674688410013,127.402,0.6333434343434344,3.96,76.596,0.010129400000000002,0.0,43.584,153.16719914802982,0.47622496384382246,0.4501771710216999,0.44968354448676107,0.939,-0.02376724173221737,-0.03370554614812136,-0.013893482717685403,0.004927457493189891,0.55,,,1,False,True,0,-0.0011767792850732803,-0.0024834873853251333,-6.067528038329333e-05,0.0006198646853284045,0.5035,,,1,False,True,0,0.00028219534829258916,-0.0013150188572704788,0.0018056181129999448,0.4985
cap,posterior_mean_shrunk,cell,A,200,beta_rare_excellent_T200_cap128,beta_rare_excellent,128,10611000,refine_after_init,baseline,1,1,1000,1,True,True,0.23682347914017737,0.2293298151344061,0.2443471897393465,0.0037407154278473378,0.2394014847036451,0.22116015871614217,0.01566332042403519,8.0,0.03030303030303029,48.875,0.0,0.17861675,0.116,,,0.47622496384382246,0.4501771710216999,0.2550648051276803,0.0,0.028368071166798473,0.022633389802649617,0.03403076799586415,0.0028894120893516503,0.4185,,,1,False,True,0,0.050958533613942564,0.041181761492043736,0.060765409842133515,0.0049647335334272,0.4,,,1,False,True,0,0.05241750824730843,0.042703669487219306,0.06202236296853516,0.391
cap,posterior_mean_shrunk,cell,A,200,beta_rare_excellent_T200_cap200,beta_rare_excellent,200,10053000,always_search,baseline,1,1,1000,1,True,True,0.29009951910329984,0.2821375086903572,0.2981131002306938,0.004080251588834818,0.18568315407680347,0.0,0.29009951910329984,200.0,1.0,1.0,200.0,0.005000000000000003,0.0,,200.0,0.4757826731801033,0.4757826731801033,0.4757826731801033,1.0,0.08241572103602812,0.07336675226688386,0.09165449496358632,0.004686533824368935,0.28700000000000003,,,1,False,True,0,0.1075585660818033,0.09740621298551559,0.1179244041442871,0.005238593029609824,0.27499999999999997,,,1,False,True,0,0.10455618994263932,0.09435400637598941,0.11467853795544942,0.27349999999999997
cap,posterior_mean_shrunk,cell,A,200,beta_rare_excellent_T200_cap200,beta_rare_excellent,200,10053000,cp0,reference,1,1,1000,1,True,True,0.20768379806727172,0.2004845656454563,0.214722041413188,0.003687072672935401,0.2680988751128316,0.18023848707973958,0.02744531098753214,14.0,0.06060606060606058,31.18,0.0,0.09943570000000002,0.029,,,0.4757826731801033,0.4757826731801033,0.2955441861003637,0.0,0.0,0.0,0.0,0.0,0.5,,,1,False,True,0,0.025142845045775176,0.01593050216324628,0.03456201385706663,0.004749436110270338,0.4495,,,1,False,True,0,0.022140468906611203,0.01295959389358759,0.0314015184582211,0.455
cap,posterior_mean_shrunk,cell,A,200,beta_rare_excellent_T200_cap200,beta_rare_excellent,200,10053000,p3_star,reference,1,1,1000,1,True,True,0.18254095302149653,0.17465297318995,0.19014189653098582,0.003963466942815446,0.2932417201586068,0.026071417570114136,0.1564695354513824,129.0,0.6414141414141415,3.934,79.687,0.010025500000000001,0.0,,,0.4757826731801033,0.4757826731801033,0.44971125560998915,0.0,-0.025142845045775176,-0.03456201385706663,-0.015930502163246284,0.004749436110270338,0.5505,,,1,False,True,0,0.0,0.0,0.0,0.0,0.5,,,1,False,True,0,-0.003002376139163971,-0.00699741531247273,0.0009377716583199792,0.511
cap,posterior_mean_shrunk,cell,A,200,beta_rare_excellent_T200_cap200,beta_rare_excellent,200,10053000,phi_k16,learned,1,1,1000,1,True,True,0.1855433291606605,0.17776323407888414,0.19319192618131636,0.0039561730510466265,0.2902393440194428,0.022773342221975326,0.1627699869386852,139.12,0.6925252525252525,3.828,97.867,0.00936285,0.0,0.0,,0.4757826731801033,0.4757826731801033,0.45300933095812795,0.0,-0.022140468906611203,-0.03135592583566904,-0.01282059783115983,0.004742744365444181,0.545,,,1,False,True,0,0.003002376139163971,-0.0010215030109975481,0.007021094870287924,0.002019632048026648,0.489,,,1,False,True,0,0.0,0.0,0.0,0.5
cap,posterior_mean_shrunk,cell,A,200,beta_rare_excellent_T200_cap200,beta_rare_excellent,200,10053000,phi_k16_quality,learned,1,1,1000,1,True,True,0.2080486460942775,0.19988992735743522,0.21627073623239995,0.00419182815957227,0.2677340270858258,0.010786761313676833,0.19726188478060067,170.282,0.8499090909090907,3.038,151.941,0.0072253000000000005,0.0,0.0,200.0,0.4757826731801033,0.4757826731801033,0.46499591186642647,0.075,0.0003648480270057917,-0.008976922580040991,0.009802448656409975,0.004751882623988105,0.49,,,1,False,True,0,0.025507693072780967,0.018694839999079706,0.03249464360997081,0.003480469637082894,0.4405,,,1,False,True,0,0.022505316933616997,0.01584366708835587,0.029249842543154957,0.45299999999999996
cap,posterior_mean_shrunk,cell,A,200,beta_rare_excellent_T200_cap200,beta_rare_excellent,200,10053000,refine_after_init,baseline,1,1,1000,1,True,True,0.23948537342622875,0.23192574121057988,0.2468855779618025,0.0038119148096329887,0.23629729975387453,0.22459187372773887,0.014893499698489904,8.0,0.03030303030303029,48.061,0.0,0.17651884999999998,0.064,,,0.4757826731801033,0.4757826731801033,0.25119079945236444,0.0,0.03180157535895705,0.02638226207345724,0.037258346285671,0.0028171980559307014,0.397,,,1,False,True,0,0.05694442040473223,0.047345657646656034,0.06659539248794318,0.004925815951320404,0.3825,,,1,False,True,0,0.053942044265568256,0.04436221232060343,0.06354349605320021,0.386
cap,posterior_mean_shrunk,cell,A,200,beta_rare_excellent_T200_cap32,beta_rare_excellent,32,10051000,always_search,baseline,1,1,1000,1,True,True,0.1824291665442288,0.17497303560376168,0.18977642692625524,0.00377716956841688,0.2925899307541549,0.11964319112896919,0.0627859754152596,32.0,0.15151515151515152,15.402,0.0,0.040861350000000005,0.021,,32.0,0.4750190972983837,0.3553759061694145,0.3553759061694145,1.0,-0.01985319478902966,-0.027170786820352077,-0.012548317830078305,0.003778667512360331,0.532,,,1,False,True,0,0.0,0.0,0.0,0.0,0.5,,,1,False,True,0,0.0,0.0,0.0,0.5
cap,posterior_mean_shrunk,cell,A,200,beta_rare_excellent_T200_cap32,beta_rare_excellent,32,10051000,cp0,reference,1,1,1000,1,True,True,0.20228236133325844,0.19488116800785066,0.20980639569461346,0.0037820533522999566,0.27273673596512527,0.17425476724654437,0.02802759408671409,14.0,0.06060606060606058,31.007,0.0,0.09933270000000002,0.038,,,0.4750190972983837,0.3553759061694145,0.30076433005183933,0.0,0.0,0.0,0.0,0.0,0.5,,,1,False,True,0,0.01985319478902966,0.012548317830078305,0.027170786820352073,0.003778667512360331,0.46799999999999997,,,1,False,True,0,0.01985319478902966,0.012592047213250775,0.027304308650968598,0.46799999999999997
cap,posterior_mean_shrunk,cell,A,200,beta_rare_excellent_T200_cap32,beta_rare_excellent,32,10051000,p3_star,reference,1,1,1000,1,True,True,0.1824291665442288,0.17497303560376168,0.18977642692625524,0.00377716956841688,0.2925899307541549,0.11964319112896919,0.0627859754152596,32.0,0.15151515151515152,15.402,0.0,0.040861350000000005,0.021,,32.0,0.4750190972983837,0.3553759061694145,0.3553759061694145,1.0,-0.01985319478902966,-0.027170786820352077,-0.012548317830078305,0.003778667512360331,0.532,,,1,False,True,0,0.0,0.0,0.0,0.0,0.5,,,1,False,True,0,0.0,0.0,0.0,0.5
cap,posterior_mean_shrunk,cell,A,200,beta_rare_excellent_T200_cap32,beta_rare_excellent,32,10051000,phi_k16,learned,1,1,1000,1,True,True,0.1824291665442288,0.17497303560376168,0.18977642692625524,0.00377716956841688,0.2925899307541549,0.11964319112896919,0.0627859754152596,32.0,0.15151515151515152,15.402,0.0,0.040861350000000005,0.021,165.584,32.416,0.4750190972983837,0.3553759061694145,0.3553759061694145,1.0,-0.01985319478902966,-0.027170786820352077,-0.012548317830078305,0.003778667512360331,0.532,,,1,False,True,0,0.0,0.0,0.0,0.0,0.5,,,1,False,True,0,0.0,0.0,0.0,0.5
cap,posterior_mean_shrunk,cell,A,200,beta_rare_excellent_T200_cap32,beta_rare_excellent,32,10051000,phi_k16_quality,learned,1,1,1000,1,True,True,0.1824291665442288,0.17497303560376168,0.18977642692625524,0.00377716956841688,0.2925899307541549,0.11964319112896919,0.0627859754152596,32.0,0.15151515151515152,15.402,0.0,0.040861350000000005,0.021,165.232,32.416,0.4750190972983837,0.3553759061694145,0.3553759061694145,1.0,-0.01985319478902966,-0.027170786820352077,-0.012548317830078305,0.003778667512360331,0.532,,,1,False,True,0,0.0,0.0,0.0,0.0,0.5,,,1,False,True,0,0.0,0.0,0.0,0.5
cap,posterior_mean_shrunk,cell,A,200,beta_rare_excellent_T200_cap32,beta_rare_excellent,32,10051000,refine_after_init,baseline,1,1,1000,1,True,True,0.23612343639228492,0.22865791209042072,0.2436178021132946,0.003830301195199364,0.2388956609060988,0.22024816825985907,0.015875268132425846,8.0,0.03030303030303029,48.54,0.0,0.17805745,0.128,,,0.4750190972983837,0.3553759061694145,0.2547709290385246,0.0,0.033841075059026476,0.028037478402256965,0.03960001859813928,0.002976814122872041,0.4075,,,1,False,True,0,0.053694269848056135,0.04556950498372316,0.06203180160373449,0.004234305102817032,0.363,,,1,False,True,0,0.053694269848056135,0.045523084429232405,0.06206377154050861,0.363
cap,posterior_mean_shrunk,cell,A,200,beta_rare_excellent_T200_cap64,beta_rare_excellent,64,10052000,always_search,baseline,1,1,1000,1,True,True,0.17203298978880047,0.1643371045589447,0.17972142286598683,0.003919734704480708,0.3036592376641929,0.07003420804440975,0.10199878174439073,64.0,0.31313131313131315,7.399,0.0,0.01880985,0.0,,64.0,0.4756922274529934,0.40565801940858365,0.40565801940858365,1.0,-0.033348966889083384,-0.04226228622719645,-0.024698128132149583,0.004480878346454757,0.5785,,,1,False,True,0,0.0,0.0,0.0,0.0,0.5,,,1,False,True,0,0.0,0.0,0.0,0.5
cap,posterior_mean_shrunk,cell,A,200,beta_rare_excellent_T200_cap64,beta_rare_excellent,64,10052000,cp0,reference,1,1,1000,1,True,True,0.20538195667788386,0.19847735539078712,0.21250674016773702,0.0036326121111609723,0.27031027077510955,0.17940684411674737,0.025975112561136483,14.0,0.06060606060606058,30.858,0.0,0.0986722,0.049,,,0.4756922274529934,0.40565801940858365,0.296285383336246,0.0,0.0,0.0,0.0,0.0,0.5,,,1,False,True,0,0.033348966889083384,0.024698128132149583,0.04226228622719645,0.004480878346454757,0.42150000000000004,,,1,False,True,0,0.033348966889083384,0.02473922649296001,0.04202799411732703,0.42150000000000004
cap,posterior_mean_shrunk,cell,A,200,beta_rare_excellent_T200_cap64,beta_rare_excellent,64,10052000,p3_star,reference,1,1,1000,1,True,True,0.17203298978880047,0.1643371045589447,0.17972142286598683,0.003919734704480708,0.3036592376641929,0.07003420804440975,0.10199878174439073,64.0,0.31313131313131315,7.399,0.0,0.01880985,0.0,,70.0,0.4756922274529934,0.40565801940858365,0.40565801940858365,1.0,-0.033348966889083384,-0.04226228622719645,-0.024698128132149583,0.004480878346454757,0.5785,,,1,False,True,0,0.0,0.0,0.0,0.0,0.5,,,1,False,True,0,0.0,0.0,0.0,0.5
cap,posterior_mean_shrunk,cell,A,200,beta_rare_excellent_T200_cap64,beta_rare_excellent,64,10052000,phi_k16,learned,1,1,1000,1,True,True,0.17203298978880047,0.1643371045589447,0.17972142286598683,0.003919734704480708,0.3036592376641929,0.07003420804440975,0.10199878174439073,64.0,0.31313131313131315,7.399,0.0,0.01880985,0.0,114.262,78.688,0.4756922274529934,0.40565801940858365,0.40565801940858365,1.0,-0.033348966889083384,-0.04226228622719645,-0.024698128132149583,0.004480878346454757,0.5785,,,1,False,True,0,0.0,0.0,0.0,0.0,0.5,,,1,False,True,0,0.0,0.0,0.0,0.5
cap,posterior_mean_shrunk,cell,A,200,beta_rare_excellent_T200_cap64,beta_rare_excellent,64,10052000,phi_k16_quality,learned,1,1,1000,1,True,True,0.17203298978880047,0.1643371045589447,0.17972142286598683,0.003919734704480708,0.3036592376641929,0.07003420804440975,0.10199878174439073,64.0,0.31313131313131315,7.399,0.0,0.01880985,0.0,115.614,75.104,0.4756922274529934,0.40565801940858365,0.40565801940858365,1.0,-0.033348966889083384,-0.04226228622719645,-0.024698128132149583,0.004480878346454757,0.5785,,,1,False,True,0,0.0,0.0,0.0,0.0,0.5,,,1,False,True,0,0.0,0.0,0.0,0.5
cap,posterior_mean_shrunk,cell,A,200,beta_rare_excellent_T200_cap64,beta_rare_excellent,64,10052000,refine_after_init,baseline,1,1,1000,1,True,True,0.23413051494397222,0.22677822075784207,0.2414877813309431,0.003725823874476109,0.24156171250902117,0.21941056326776742,0.0147199516762048,8.0,0.03030303030303029,48.462,0.0,0.1768526,0.113,,,0.4756922274529934,0.40565801940858365,0.25628166418522597,0.0,0.028748558266088367,0.02338042901828885,0.03422485524788499,0.002741434296012489,0.4125,,,1,False,True,0,0.06209752515517175,0.05309657622128725,0.07121659815311432,0.004649155557310707,0.351,,,1,False,True,0,0.06209752515517175,0.053088580508204176,0.0713228912806604,0.351
cap,posterior_mean_shrunk,cell,B,1000,tail_b2.0_mu1.0_c1.0_T1000_cap1000,tail_b2.0_mu1.0_c1.0,1000,10374000,always_search,baseline,1,1,1000,1,True,True,0.47341477929847314,0.459944798052311,0.4874611601233482,0.007088216662871837,0.49869153440697117,0.0,0.47341477929847314,1000.0,1.0,1.0,1000.0,0.0010000000000000005,0.0,,1000.0,0.9721063137054443,0.9721063137054443,0.9721063137054443,1.0,0.3373390104104765,0.3227101914584637,0.3523500397801399,0.007612085913870567,0.0915,,,1,False,True,0,0.4030730682541616,0.3892311915755272,0.4172164052724838,0.007223462399423646,0.03,,,1,False,True,0,0.22526782400207593,0.20818650046488038,0.24274257897841744,0.222
cap,posterior_mean_shrunk,cell,B,1000,tail_b2.0_mu1.0_c1.0_T1000_cap1000,tail_b2.0_mu1.0_c1.0,1000,10374000,cp0,reference,1,1,1000,1,True,True,0.13607576888799666,0.1305232234299183,0.1416002094745636,0.0027973035582823345,0.8360305448174477,0.13244422310590745,0.0036315457820892336,29.07,0.027124248496993984,324.053,0.017,0.23055700800000004,14.192,,,0.9721063137054443,0.9721063137054443,0.8396620905995369,0.0,0.0,0.0,0.0,0.0,0.5,,,1,False,True,0,0.06573405784368515,0.060525990463793276,0.07095971181988717,0.0026519277385975287,0.2275,,,1,False,True,0,-0.11207118640840054,-0.12196409230530263,-0.10210908534638584,0.751
cap,posterior_mean_shrunk,cell,B,1000,tail_b2.0_mu1.0_c1.0_T1000_cap1000,tail_b2.0_mu1.0_c1.0,1000,10374000,p3_star,reference,1,1,1000,1,True,True,0.07034171104431153,0.06684022434055806,0.07388704176992178,0.0017757814019400647,0.9017646026611328,0.06466108322143554,0.005680627822875976,88.0,0.08617234468937875,196.955,1.65,0.10584492799999998,25.527,,,0.9721063137054443,0.9721063137054443,0.9074452304840088,0.0,-0.06573405784368515,-0.07095971181988717,-0.060525990463793276,0.0026519277385975287,0.7725,,,1,False,True,0,0.0,0.0,0.0,0.0,0.5,,,1,False,True,0,-0.1778052442520857,-0.18750576609149575,-0.1679361314982176,0.9015
cap,posterior_mean_shrunk,cell,B,1000,tail_b2.0_mu1.0_c1.0_T1000_cap1000,tail_b2.0_mu1.0_c1.0,1000,10374000,phi_k16,learned,1,1,1000,1,True,True,0.24814695529639721,0.23820216991007329,0.2583149909973144,0.005108350868699326,0.7239593584090471,0.00012789523601531983,0.24801906006038188,982.32,0.9822845691382763,4.572,973.137,0.0010668480000000002,0.0,0.0,,0.9721063137054443,0.9721063137054443,0.971978418469429,0.0,0.11207118640840054,0.10223176721483469,0.12224471848458052,0.005078364399483784,0.249,,,1,False,True,0,0.1778052442520857,0.16806055158376695,0.18795217648148538,0.004984848465091225,0.09849999999999999,,,1,False,True,0,0.0,0.0,0.0,0.5
cap,posterior_mean_shrunk,cell,B,1000,tail_b2.0_mu1.0_c1.0_T1000_cap1000,tail_b2.0_mu1.0_c1.0,1000,10374000,phi_k16_quality,learned,1,1,1000,1,True,True,0.3939045318565331,0.37967986315488816,0.4081755131483078,0.0072344032563631065,0.5782017818489112,4.9452006816864015e-05,0.3938550798497163,994.016,0.994004008016032,2.216,990.73,0.0010212700000000003,0.0,0.0,1000.0,0.9721063137054443,0.9721063137054443,0.9720568616986275,0.626,0.25782876296853646,0.24322093166410924,0.2724548041820526,0.007449701313681249,0.136,,,1,False,True,0,0.3235628208122216,0.3092923887073994,0.3377589024603367,0.007317073297110036,0.0595,,,1,False,True,0,0.14575757656013594,0.13003123216815293,0.16147760697538033,0.3205
cap,posterior_mean_shrunk,cell,B,1000,tail_b2.0_mu1.0_c1.0_T1000_cap1000,tail_b2.0_mu1.0_c1.0,1000,10374000,refine_after_init,baseline,1,1,1000,1,True,True,0.2764349301755428,0.267285830527544,0.2855538845062256,0.004639252955928736,0.6956713835299015,0.2748629139363766,0.0015720162391662598,8.0,0.006012024048096194,562.12,0.0,0.482668704,3.693,,,0.9721063137054443,0.9721063137054443,0.6972433997690678,0.0,0.14035916128754616,0.1315456937998533,0.1492629051208496,0.004520131931375511,0.1555,,,1,False,True,0,0.2060932191312313,0.19682564102113248,0.2154549051076174,0.004777811737290683,0.0655,,,1,False,True,0,0.02828797487914562,0.015465910597890618,0.04086478981673717,0.4495
cap,posterior_mean_shrunk,cell,B,1000,tail_b2.0_mu1.0_c1.0_T1000_cap128,tail_b2.0_mu1.0_c1.0,128,10718000,always_search,baseline,1,1,1000,1,True,True,0.05902937483787537,0.056036845315247774,0.062031880393624304,0.001550660751347519,0.9134587330818176,0.05129310554265976,0.007736269295215607,128.0,0.12625250501002003,154.03,10.336,0.07164887200000002,27.204,,128.0,0.972488107919693,0.9211950023770332,0.9211950023770332,1.0,-0.07911828303337097,-0.08433967065066099,-0.07392696589231491,0.0026748995614608905,0.8265,,,1,False,True,0,-0.016079822301864624,-0.01870826566591859,-0.013536151754669845,0.0013194199605403966,0.6034999999999999,,,1,False,True,0,0.0,0.0,0.0,0.5
cap,posterior_mean_shrunk,cell,B,1000,tail_b2.0_mu1.0_c1.0_T1000_cap128,tail_b2.0_mu1.0_c1.0,128,10718000,cp0,reference,1,1,1000,1,True,True,0.13814765787124633,0.1330370619893074,0.143307439237833,0.0026569146664513228,0.8343404500484467,0.13458205050230027,0.0035656073689460752,29.222,0.02727655310621242,322.126,0.036,0.22771738800000002,13.574,,,0.972488107919693,0.9211950023770332,0.8379060574173928,0.0,0.0,0.0,0.0,0.0,0.5,,,1,False,True,0,0.06303846073150635,0.05800318401306868,0.06809069644659757,0.002564759516384246,0.2215,,,1,False,True,0,0.07911828303337097,0.07392657641023398,0.08437227867990732,0.1735
cap,posterior_mean_shrunk,cell,B,1000,tail_b2.0_mu1.0_c1.0_T1000_cap128,tail_b2.0_mu1.0_c1.0,128,10718000,p3_star,reference,1,1,1000,1,True,True,0.07510919713973999,0.0716778289526701,0.07857139091938733,0.0017688376274588367,0.897378910779953,0.06819569879770279,0.006913498342037201,88.0,0.08617234468937875,194.024,2.014,0.104359476,23.196,,,0.972488107919693,0.9211950023770332,0.9042924091219902,0.0,-0.06303846073150635,-0.06809069644659757,-0.05800318401306868,0.002564759516384246,0.7785,,,1,False,True,0,0.0,0.0,0.0,0.0,0.5,,,1,False,True,0,0.016079822301864624,0.01355425324290991,0.018665200513601304,0.39649999999999996
cap,posterior_mean_shrunk,cell,B,1000,tail_b2.0_mu1.0_c1.0_T1000_cap128,tail_b2.0_mu1.0_c1.0,128,10718000,phi_k16,learned,1,1,1000,1,True,True,0.05902937483787537,0.056036845315247774,0.062031880393624304,0.001550660751347519,0.9134587330818176,0.05129310554265976,0.007736269295215607,128.0,0.12625250501002003,154.03,10.336,0.07164887200000002,27.204,817.124,145.472,0.972488107919693,0.9211950023770332,0.9211950023770332,1.0,-0.07911828303337097,-0.08433967065066099,-0.07392696589231491,0.0026748995614608905,0.8265,,,1,False,True,0,-0.016079822301864624,-0.01870826566591859,-0.013536151754669845,0.0013194199605403966,0.6034999999999999,,,1,False,True,0,0.0,0.0,0.0,0.5
cap,posterior_mean_shrunk,cell,B,1000,tail_b2.0_mu1.0_c1.0_T1000_cap128,tail_b2.0_mu1.0_c1.0,128,10718000,phi_k16_quality,learned,1,1,1000,1,True,True,0.05902937483787537,0.056036845315247774,0.062031880393624304,0.001550660751347519,0.9134587330818176,0.05129310554265976,0.007736269295215607,128.0,0.12625250501002003,154.03,10.336,0.07164887200000002,27.204,801.026,134.192,0.972488107919693,0.9211950023770332,0.9211950023770332,1.0,-0.07911828303337097,-0.08433967065066099,-0.07392696589231491,0.0026748995614608905,0.8265,,,1,False,True,0,-0.016079822301864624,-0.01870826566591859,-0.013536151754669845,0.0013194199605403966,0.6034999999999999,,,1,False,True,0,0.0,0.0,0.0,0.5
cap,posterior_mean_shrunk,cell,B,1000,tail_b2.0_mu1.0_c1.0_T1000_cap128,tail_b2.0_mu1.0_c1.0,128,10718000,refine_after_init,baseline,1,1,1000,1,True,True,0.27238782596588135,0.26318610459566116,0.28155072033405304,0.004662129847501904,0.7001002819538117,0.2708172170966864,0.0015706088691949845,8.0,0.006012024048096194,555.057,0.0,0.47488062000000003,3.712,,,0.972488107919693,0.9211950023770332,0.7016708908230066,0.0,0.13424016809463502,0.12584275156259536,0.1429627925157547,0.004397427969216072,0.164,,,1,False,True,0,0.19727862882614136,0.18799290917813777,0.20660904459655285,0.004716716255143477,0.062,,,1,False,True,0,0.21335845112800597,0.20427616452649236,0.22271229953616858,0.0505
cap,posterior_mean_shrunk,cell,B,1000,tail_b2.0_mu1.0_c1.0_T1000_cap32,tail_b2.0_mu1.0_c1.0,32,10372000,always_search,baseline,1,1,1000,1,True,True,0.1307599245905876,0.1254833698272705,0.13597199469804763,0.0026662035865276813,0.8416191847324371,0.1274910113811493,0.003268913209438324,32.0,0.03006012024048095,353.569,0.045,0.253160196,11.856,,32.0,0.9723791093230247,0.8448880979418755,0.8448880979418755,1.0,-0.0034527303576469422,-0.004817772365640849,-0.0022149932046886547,0.0006671703080411811,0.5215000000000001,,,1,False,True,0,0.0,0.0,0.0,0.0,0.5,,,1,False,True,0,0.0,0.0,0.0,0.5
cap,posterior_mean_shrunk,cell,B,1000,tail_b2.0_mu1.0_c1.0_T1000_cap32,tail_b2.0_mu1.0_c1.0,32,10372000,cp0,reference,1,1,1000,1,True,True,0.13421265494823456,0.12900166027247906,0.1393749810755253,0.002670543378442615,0.8381664543747902,0.130644402384758,0.0035682525634765623,29.076,0.02713026052104208,328.091,0.013,0.23445966,13.865,,,0.9723791093230247,0.8448880979418755,0.8417347069382668,0.0,0.0,0.0,0.0,0.0,0.5,,,1,False,True,0,0.0034527303576469422,0.0022149932046886542,0.004817772365640849,0.0006671703080411811,0.47850000000000004,,,1,False,True,0,0.0034527303576469422,0.002210613535344601,0.004809346294403076,0.47850000000000004
cap,posterior_mean_shrunk,cell,B,1000,tail_b2.0_mu1.0_c1.0_T1000_cap32,tail_b2.0_mu1.0_c1.0,32,10372000,p3_star,reference,1,1,1000,1,True,True,0.1307599245905876,0.1254833698272705,0.13597199469804763,0.0026662035865276813,0.8416191847324371,0.1274910113811493,0.003268913209438324,32.0,0.03006012024048095,353.569,0.045,0.253160196,11.856,,32.0,0.9723791093230247,0.8448880979418755,0.8448880979418755,1.0,-0.0034527303576469422,-0.004817772365640849,-0.0022149932046886547,0.0006671703080411811,0.5215000000000001,,,1,False,True,0,0.0,0.0,0.0,0.0,0.5,,,1,False,True,0,0.0,0.0,0.0,0.5
cap,posterior_mean_shrunk,cell,B,1000,tail_b2.0_mu1.0_c1.0_T1000_cap32,tail_b2.0_mu1.0_c1.0,32,10372000,phi_k16,learned,1,1,1000,1,True,True,0.1307599245905876,0.1254833698272705,0.13597199469804763,0.0026662035865276813,0.8416191847324371,0.1274910113811493,0.003268913209438324,32.0,0.03006012024048095,353.569,0.045,0.253160196,11.856,967.854,32.0,0.9723791093230247,0.8448880979418755,0.8448880979418755,1.0,-0.0034527303576469422,-0.004817772365640849,-0.0022149932046886547,0.0006671703080411811,0.5215000000000001,,,1,False,True,0,0.0,0.0,0.0,0.0,0.5,,,1,False,True,0,0.0,0.0,0.0,0.5
cap,posterior_mean_shrunk,cell,B,1000,tail_b2.0_mu1.0_c1.0_T1000_cap32,tail_b2.0_mu1.0_c1.0,32,10372000,phi_k16_quality,learned,1,1,1000,1,True,True,0.1307599245905876,0.1254833698272705,0.13597199469804763,0.0026662035865276813,0.8416191847324371,0.1274910113811493,0.003268913209438324,32.0,0.03006012024048095,353.569,0.045,0.253160196,11.856,967.348,32.0,0.9723791093230247,0.8448880979418755,0.8448880979418755,1.0,-0.0034527303576469422,-0.004817772365640849,-0.0022149932046886547,0.0006671703080411811,0.5215000000000001,,,1,False,True,0,0.0,0.0,0.0,0.0,0.5,,,1,False,True,0,0.0,0.0,0.0,0.5
cap,posterior_mean_shrunk,cell,B,1000,tail_b2.0_mu1.0_c1.0_T1000_cap32,tail_b2.0_mu1.0_c1.0,32,10372000,refine_after_init,baseline,1,1,1000,1,True,True,0.2631748975813389,0.2544318877160549,0.2720006488263607,0.0045556310882094555,0.7092042117416859,0.2618869741111994,0.0012879234701395036,8.0,0.006012024048096194,564.449,0.0,0.482692586,3.803,,,0.9723791093230247,0.8448880979418755,0.7104921352118254,0.0,0.12896224263310432,0.12058942541480065,0.1373750515282154,0.004261985044176028,0.164,,,1,False,True,0,0.13241497299075128,0.12404238283634186,0.1408696211874485,0.004283783159808117,0.1585,,,1,False,True,0,0.13241497299075128,0.12418675106093287,0.1407652283973992,0.1585
cap,posterior_mean_shrunk,cell,B,1000,tail_b2.0_mu1.0_c1.0_T1000_cap64,tail_b2.0_mu1.0_c1.0,64,10373000,always_search,baseline,1,1,1000,1,True,True,0.08626926136016845,0.08243952747434377,0.09016724824905395,0.0019523273646057367,0.8852165972590447,0.08118388193845749,0.005085379421710968,64.0,0.062124248496993974,253.214,0.711,0.15405322999999999,18.422,,64.0,0.9714858586192131,0.8903019766807556,0.8903019766807556,1.0,-0.04799785053730011,-0.05275266384705901,-0.043412148114293815,0.00230555720141292,0.712,,,1,False,True,0,-2.192723751068115e-05,-6.578171451110393e-05,0.0,2.1927237510681155e-05,0.5005,,,1,False,True,0,0.0,0.0,0.0,0.5
cap,posterior_mean_shrunk,cell,B,1000,tail_b2.0_mu1.0_c1.0_T1000_cap64,tail_b2.0_mu1.0_c1.0,64,10373000,cp0,reference,1,1,1000,1,True,True,0.13426711189746857,0.12920749187469482,0.13953585997223855,0.002632077585744461,0.8372187467217446,0.13054727548360825,0.0037198364138603212,29.055,0.027109218436873743,326.67,0.008,0.230766336,13.817,,,0.9714858586192131,0.8903019766807556,0.8409385831356049,0.0,0.0,0.0,0.0,0.0,0.5,,,1,False,True,0,0.047975923299789426,0.043385766446590424,0.05272369524464011,0.0023059096405187037,0.2885,,,1,False,True,0,0.04799785053730011,0.043495070183277126,0.05254312359839678,0.288
cap,posterior_mean_shrunk,cell,B,1000,tail_b2.0_mu1.0_c1.0_T1000_cap64,tail_b2.0_mu1.0_c1.0,64,10373000,p3_star,reference,1,1,1000,1,True,True,0.08629118859767913,0.08247314020991325,0.09019589107483625,0.0019518187132575486,0.885194670021534,0.08118388193845749,0.005107306659221649,64.0,0.062124248496993974,253.167,0.673,0.153978228,18.465,,272.0,0.9714858586192131,0.8903019766807556,0.8903019766807556,1.0,-0.047975923299789426,-0.05272369524464011,-0.043385766446590424,0.0023059096405187037,0.7115,,,1,False,True,0,0.0,0.0,0.0,0.0,0.5,,,1,False,True,0,2.192723751068115e-05,0.0,6.578171253204346e-05,0.4995
cap,posterior_mean_shrunk,cell,B,1000,tail_b2.0_mu1.0_c1.0_T1000_cap64,tail_b2.0_mu1.0_c1.0,64,10373000,phi_k16,learned,1,1,1000,1,True,True,0.08626926136016845,0.08243952747434377,0.09016724824905395,0.0019523273646057367,0.8852165972590447,0.08118388193845749,0.005085379421710968,64.0,0.062124248496993974,253.214,0.711,0.15405322999999999,18.422,915.858,72.368,0.9714858586192131,0.8903019766807556,0.8903019766807556,1.0,-0.04799785053730011,-0.05275266384705901,-0.043412148114293815,0.00230555720141292,0.712,,,1,False,True,0,-2.192723751068115e-05,-6.578171451110393e-05,0.0,2.1927237510681155e-05,0.5005,,,1,False,True,0,0.0,0.0,0.0,0.5
cap,posterior_mean_shrunk,cell,B,1000,tail_b2.0_mu1.0_c1.0_T1000_cap64,tail_b2.0_mu1.0_c1.0,64,10373000,phi_k16_quality,learned,1,1,1000,1,True,True,0.08626926136016845,0.08243952747434377,0.09016724824905395,0.0019523273646057367,0.8852165972590447,0.08118388193845749,0.005085379421710968,64.0,0.062124248496993974,253.214,0.711,0.15405322999999999,18.422,895.206,68.672,0.9714858586192131,0.8903019766807556,0.8903019766807556,1.0,-0.04799785053730011,-0.05275266384705901,-0.043412148114293815,0.00230555720141292,0.712,,,1,False,True,0,-2.192723751068115e-05,-6.578171451110393e-05,0.0,2.1927237510681155e-05,0.5005,,,1,False,True,0,0.0,0.0,0.0,0.5
cap,posterior_mean_shrunk,cell,B,1000,tail_b2.0_mu1.0_c1.0_T1000_cap64,tail_b2.0_mu1.0_c1.0,64,10373000,refine_after_init,baseline,1,1,1000,1,True,True,0.2818268388956785,0.27261390537023544,0.29099205955863,0.004667204745796118,0.6896590197235346,0.279881169244647,0.001945669651031494,8.0,0.006012024048096194,551.131,0.0,0.472918854,3.594,,,0.9714858586192131,0.8903019766807556,0.6916046893745661,0.0,0.14755972699820996,0.13856771625578404,0.15651679895818232,0.004588509474648932,0.151,,,1,False,True,0,0.19553565029799938,0.1863790575414896,0.20487384572625159,0.0047421692869605405,0.086,,,1,False,True,0,0.19555757753551006,0.18638161513507367,0.20470448596589266,0.086
cap,posterior_mean_shrunk,cell,B,200,tail_b2.0_mu1.0_c1.0_T200_cap128,tail_b2.0_mu1.0_c1.0,128,10716000,always_search,baseline,1,1,1000,1,True,True,0.10740820232033729,0.10110078025609255,0.11387291066348552,0.0032812150760543678,0.8291608457863331,0.016581134736537932,0.09082706758379937,128.0,0.6363636363636365,9.688,98.559,0.015538399999999999,0.0,,128.0,0.9365690481066704,0.9199879133701324,0.9199879133701324,1.0,-0.07402979493141175,-0.08417329397052527,-0.06399933453649283,0.005146649361057097,0.6685,,,1,False,True,0,-0.0028180885314941406,-0.005070537456776946,-0.0007109501209924932,0.0011169118855551548,0.51,,,1,False,True,0,0.017849815607070923,0.010831185419112443,0.02493909315243363,0.427
cap,posterior_mean_shrunk,cell,B,200,tail_b2.0_mu1.0_c1.0_T200_cap128,tail_b2.0_mu1.0_c1.0,128,10716000,cp0,reference,1,1,1000,1,True,True,0.18143799725174903,0.1731129638850689,0.1897521484643221,0.004163179275658244,0.7551310508549214,0.16582529538869858,0.01561270186305046,13.923,0.0602171717171717,48.264,0.043,0.16616525000000001,1.734,,,0.9365690481066704,0.9199879133701324,0.7707437527179718,0.0,0.0,0.0,0.0,0.0,0.5,,,1,False,True,0,0.0712117063999176,0.061091696377843625,0.0814367251470685,0.005184314241195608,0.33949999999999997,,,1,False,True,0,0.09187961053848266,0.083287051243335,0.10050417463257907,0.276
cap,posterior_mean_shrunk,cell,B,200,tail_b2.0_mu1.0_c1.0_T200_cap128,tail_b2.0_mu1.0_c1.0,128,10716000,p3_star,reference,1,1,1000,1,True,True,0.11022629085183143,0.10379333831369877,0.11676680482923985,0.0033372415613690406,0.826342757254839,0.016581134736537932,0.0936451561152935,128.0,0.6363636363636365,9.407,98.17,0.01520065,0.0,,197.0,0.9365690481066704,0.9199879133701324,0.9199879133701324,1.0,-0.0712117063999176,-0.0814367251470685,-0.061091696377843625,0.005184314241195608,0.6605,,,1,False,True,0,0.0,0.0,0.0,0.0,0.5,,,1,False,True,0,0.020667904138565063,0.013455220731347799,0.028143677723407746,0.4215
cap,posterior_mean_shrunk,cell,B,200,tail_b2.0_mu1.0_c1.0_T200_cap128,tail_b2.0_mu1.0_c1.0,128,10716000,phi_k16,learned,1,1,1000,1,True,True,0.08955838671326637,0.08391575291752815,0.09500637669116258,0.0027868581596653163,0.847010661393404,0.05086958515644074,0.038688801556825636,59.422,0.29001010101010105,24.804,29.92,0.0608507,0.032,0.216,162.28571428571428,0.9365690481066704,0.9199879133701324,0.8856994629502296,0.035,-0.09187961053848266,-0.10059514064341783,-0.0830751383677125,0.004417300027274316,0.724,,,1,False,True,0,-0.020667904138565063,-0.028155972342938186,-0.01332752611488104,0.003745469761171856,0.5785,,,1,False,True,0,0.0,0.0,0.0,0.5
cap,posterior_mean_shrunk,cell,B,200,tail_b2.0_mu1.0_c1.0_T200_cap128,tail_b2.0_mu1.0_c1.0,128,10716000,phi_k16_quality,learned,1,1,1000,1,True,True,0.1001054618358612,0.09427778907120228,0.1060897907242179,0.002979437164087698,0.8364635862708092,0.046331682205200196,0.05377377963066101,69.872,0.3427878787878788,23.863,40.407,0.06102175,0.1,6.368,162.8833922261484,0.9365690481066704,0.9199879133701324,0.8902373659014702,0.283,-0.08133253541588784,-0.09022224210202694,-0.07248848788440228,0.004520133540276007,0.687,,,1,False,True,0,-0.01012082901597023,-0.017338040145114062,-0.002969535335432739,0.003654673755546543,0.538,,,1,False,True,0,0.010547075122594833,0.006424243039637805,0.014777048642188309,0.4615
cap,posterior_mean_shrunk,cell,B,200,tail_b2.0_mu1.0_c1.0_T200_cap128,tail_b2.0_mu1.0_c1.0,128,10716000,refine_after_init,baseline,1,1,1000,1,True,True,0.2398869994878769,0.2304561272263527,0.24927674494683744,0.004819337766761249,0.6966820486187935,0.2307037417292595,0.009183257758617402,8.0,0.03030303030303029,71.989,0.007,0.28286545,1.174,,,0.9365690481066704,0.9199879133701324,0.7058653063774109,0.0,0.05844900223612785,0.051195161137729886,0.0659099230542779,0.00383738505978218,0.363,,,1,False,True,0,0.12966070863604545,0.11837445367127657,0.1410175699740648,0.005839954309192566,0.2545,,,1,False,True,0,0.15032861277461051,0.1401445420332253,0.16060710484832524,0.1955
cap,posterior_mean_shrunk,cell,B,200,tail_b2.0_mu1.0_c1.0_T200_cap200,tail_b2.0_mu1.0_c1.0,200,10368000,always_search,baseline,1,1,1000,1,True,True,0.4392519935779273,0.4252839393913746,0.4532072775065899,0.007133057543607761,0.49676118018105625,0.0,0.4392519935779273,200.0,1.0,1.0,200.0,0.005000000000000003,0.0,,200.0,0.9360131737589836,0.9360131737589836,0.9360131737589836,1.0,0.2494188038520515,0.2328559324145317,0.2656466543674469,0.00835528788035764,0.181,,,1,False,True,0,0.33285094467923043,0.31770096272230147,0.34788493588566777,0.0077852570209424555,0.0915,,,1,False,True,0,0.34904729134961965,0.3336835520448163,0.36430668007573114,0.08049999999999999
cap,posterior_mean_shrunk,cell,B,200,tail_b2.0_mu1.0_c1.0_T200_cap200,tail_b2.0_mu1.0_c1.0,200,10368000,cp0,reference,1,1,1000,1,True,True,0.18983318972587584,0.18188851252198218,0.19795920737087727,0.00412959935523367,0.7461799840331078,0.17422239047288895,0.015610799252986907,13.95,0.060353535353535326,47.219,0.048,0.1622066,1.773,,,0.9360131737589836,0.9360131737589836,0.7617907832860946,0.0,0.0,0.0,0.0,0.0,0.5,,,1,False,True,0,0.08343214082717895,0.07347427140921355,0.09349705744534731,0.005210565601084248,0.318,,,1,False,True,0,0.09962848749756813,0.09090805222168565,0.10843533823043107,0.25
cap,posterior_mean_shrunk,cell,B,200,tail_b2.0_mu1.0_c1.0_T200_cap200,tail_b2.0_mu1.0_c1.0,200,10368000,p3_star,reference,1,1,1000,1,True,True,0.10640104889869689,0.10004014130681753,0.11300163473933936,0.0033247283451455886,0.8296121248602867,0.013706807851791382,0.09269424104690552,129.0,0.6414141414141415,9.287,99.66,0.0150408,0.0,,,0.9360131737589836,0.9360131737589836,0.9223063659071923,0.0,-0.08343214082717895,-0.09349705744534731,-0.07347427140921355,0.005210565601084248,0.682,,,1,False,True,0,0.0,0.0,0.0,0.0,0.5,,,1,False,True,0,0.016196346670389175,0.008579003320634366,0.023893671247363087,0.466
cap,posterior_mean_shrunk,cell,B,200,tail_b2.0_mu1.0_c1.0_T200_cap200,tail_b2.0_mu1.0_c1.0,200,10368000,phi_k16,learned,1,1,1000,1,True,True,0.09020470222830772,0.08453301917761565,0.09582054857164621,0.0028885873527505213,0.8458084715306758,0.050111137211322786,0.04009356501698494,59.836,0.29210101010101003,24.477,30.32,0.06022159999999999,0.033,0.0,,0.9360131737589836,0.9360131737589836,0.8859020365476609,0.0,-0.09962848749756813,-0.1085867216810584,-0.0910551443696022,0.004463715395455372,0.75,,,1,False,True,0,-0.016196346670389175,-0.023979189665988086,-0.008565778192132714,0.003968837770150404,0.534,,,1,False,True,0,0.0,0.0,0.0,0.5
cap,posterior_mean_shrunk,cell,B,200,tail_b2.0_mu1.0_c1.0_T200_cap200,tail_b2.0_mu1.0_c1.0,200,10368000,phi_k16_quality,learned,1,1,1000,1,True,True,0.11591358988732099,0.10922473054379225,0.12274336908012629,0.0035005124902003065,0.8200995838716626,0.04539642310142517,0.07051716678589583,80.5,0.39646464646464646,23.0,55.336,0.059104750000000005,0.19,0.0,,0.9360131737589836,0.9360131737589836,0.8906167506575584,0.0,-0.07391959983855485,-0.08289164435118437,-0.06514495871961117,0.004551667948856442,0.6855,,,1,False,True,0,0.009512540988624096,0.0011496743827592586,0.018165826378390183,0.0044107908785310885,0.477,,,1,False,True,0,0.02570888765901327,0.020101462723314763,0.031389206912741066,0.433
cap,posterior_mean_shrunk,cell,B,200,tail_b2.0_mu1.0_c1.0_T200_cap200,tail_b2.0_mu1.0_c1.0,200,10368000,refine_after_init,baseline,1,1,1000,1,True,True,0.2475279581695795,0.23759199231863024,0.2574642524123192,0.005071261562185822,0.6884852155894041,0.2398004382252693,0.007727519944310189,8.0,0.03030303030303029,70.624,0.013,0.27704920000000005,1.096,,,0.9360131737589836,0.9360131737589836,0.6962127355337143,0.0,0.05769476844370365,0.050198887754231696,0.06549087781459093,0.0038890474229500973,0.376,,,1,False,True,0,0.14112690927088262,0.1293876487761736,0.15277426652610301,0.005998552783160633,0.247,,,1,False,True,0,0.15732325594127178,0.14678099827095864,0.1678932369146496,0.182
cap,posterior_mean_shrunk,cell,B,200,tail_b2.0_mu1.0_c1.0_T200_cap32,tail_b2.0_mu1.0_c1.0,32,10366000,always_search,baseline,1,1,1000,1,True,True,0.11005532553792,0.10419640373438596,0.11593991182744502,0.003009126776153629,0.8282772155106067,0.08957159751653672,0.020483728021383287,32.0,0.15151515151515152,34.761,2.188,0.09713825,0.488,,32.0,0.9383325410485268,0.84876094353199,0.84876094353199,1.0,-0.06805678990483284,-0.0752944216132164,-0.060992514155805116,0.00369402528318137,0.679,,,1,False,True,0,0.0,0.0,0.0,0.0,0.5,,,1,False,True,0,5.931079387664795e-06,-9.428751468658448e-05,0.00011208075284957886,0.5
cap,posterior_mean_shrunk,cell,B,200,tail_b2.0_mu1.0_c1.0_T200_cap32,tail_b2.0_mu1.0_c1.0,32,10366000,cp0,reference,1,1,1000,1,True,True,0.17811211544275285,0.17051156796514988,0.18605096489191056,0.0040055972996725815,0.760220425605774,0.16508349132537842,0.01302862411737442,13.925,0.060227272727272706,47.986,0.051,0.16569914999999996,1.753,,,0.9383325410485268,0.84876094353199,0.7732490497231483,0.0,0.0,0.0,0.0,0.0,0.5,,,1,False,True,0,0.06805678990483284,0.06099251415580511,0.0752944216132164,0.00369402528318137,0.321,,,1,False,True,0,0.0680627209842205,0.06084097005724907,0.07529559719637036,0.321
cap,posterior_mean_shrunk,cell,B,200,tail_b2.0_mu1.0_c1.0_T200_cap32,tail_b2.0_mu1.0_c1.0,32,10366000,p3_star,reference,1,1,1000,1,True,True,0.11005532553792,0.10419640373438596,0.11593991182744502,0.003009126776153629,0.8282772155106067,0.08957159751653672,0.020483728021383287,32.0,0.15151515151515152,34.761,2.188,0.09713825,0.488,,32.0,0.9383325410485268,0.84876094353199,0.84876094353199,1.0,-0.06805678990483284,-0.0752944216132164,-0.060992514155805116,0.00369402528318137,0.679,,,1,False,True,0,0.0,0.0,0.0,0.0,0.5,,,1,False,True,0,5.931079387664795e-06,-9.428751468658448e-05,0.00011208075284957886,0.5
cap,posterior_mean_shrunk,cell,B,200,tail_b2.0_mu1.0_c1.0_T200_cap32,tail_b2.0_mu1.0_c1.0,32,10366000,phi_k16,learned,1,1,1000,1,True,True,0.11004939445853233,0.10417622178792954,0.11595107819885016,0.00300927604522551,0.8282831465899945,0.08957159751653672,0.02047779694199562,32.0,0.15151515151515152,34.739,2.181,0.09698490000000001,0.492,76.262,47.184,0.9383325410485268,0.84876094353199,0.84876094353199,1.0,-0.0680627209842205,-0.07530429605394602,-0.061010985076427465,0.0036935929231401337,0.679,,,1,False,True,0,-5.931079387664795e-06,-0.0001120807501138188,9.428751218365505e-05,4.884600219414083e-05,0.5,,,1,False,True,0,0.0,0.0,0.0,0.5
cap,posterior_mean_shrunk,cell,B,200,tail_b2.0_mu1.0_c1.0_T200_cap32,tail_b2.0_mu1.0_c1.0,32,10366000,phi_k16_quality,learned,1,1,1000,1,True,True,0.1098647840321064,0.1040036216378212,0.11577585078775883,0.0030101968123882393,0.8284677570164204,0.08976963496208192,0.02009514907002449,31.734,0.15017171717171718,34.996,1.962,0.09823765,0.498,40.404,47.33129459734964,0.9383325410485268,0.84876094353199,0.8485629060864448,0.981,-0.06824733141064644,-0.07548540756106377,-0.06123046716675162,0.0036913497363364523,0.6785,,,1,False,True,0,-0.00019054150581359862,-0.0006160752003779635,0.00015578303136862812,0.000196988557007387,0.501,,,1,False,True,0,-0.00018461042642593383,-0.0005920597076416016,0.0001452145606279372,0.501
cap,posterior_mean_shrunk,cell,B,200,tail_b2.0_mu1.0_c1.0_T200_cap32,tail_b2.0_mu1.0_c1.0,32,10366000,refine_after_init,baseline,1,1,1000,1,True,True,0.23942754670977592,0.2300285842269659,0.24925530441105365,0.004834768580405591,0.6989049943387509,0.23163526932895184,0.007792277380824089,8.0,0.03030303030303029,71.802,0.012,0.28260775,1.193,,,0.9383325410485268,0.84876094353199,0.706697271719575,0.0,0.06131543126702309,0.05408373633399606,0.06869941353797912,0.003703847095850749,0.35000000000000003,,,1,False,True,0,0.12937222117185593,0.12035320587456226,0.13869082741439342,0.004724845607998928,0.213,,,1,False,True,0,0.12937815225124358,0.12022891605198384,0.13893052602522077,0.2125
cap,posterior_mean_shrunk,cell,B,200,tail_b2.0_mu1.0_c1.0_T200_cap64,tail_b2.0_mu1.0_c1.0,64,10367000,always_search,baseline,1,1,1000,1,True,True,0.09232735139131545,0.08637424632906913,0.09848536644130945,0.0031021301415301195,0.8444012763500214,0.04877840280532837,0.04354894858598709,64.0,0.31313131313131315,22.777,34.367,0.05140675,0.0,,64.0,0.9367286277413368,0.8879502249360085,0.8879502249360085,1.0,-0.08885001972317695,-0.09779260661453008,-0.08016620706766844,0.004425187477023027,0.724,,,1,False,True,0,0.0,0.0,0.0,0.0,0.5,,,1,False,True,0,-0.0051346555352211,-0.008799621460586786,-0.0015063388824462908,0.5195000000000001
cap,posterior_mean_shrunk,cell,B,200,tail_b2.0_mu1.0_c1.0_T200_cap64,tail_b2.0_mu1.0_c1.0,64,10367000,cp0,reference,1,1,1000,1,True,True,0.18117737111449242,0.17329568974673748,0.18932251259684563,0.004094359072227761,0.7555512566268444,0.16636676448583604,0.014810606628656388,13.92,0.06020202020202018,47.832,0.04,0.16519065,1.677,,,0.9367286277413368,0.8879502249360085,0.7703618632555008,0.0,0.0,0.0,0.0,0.0,0.5,,,1,False,True,0,0.08885001972317695,0.08016620706766844,0.09779260661453008,0.004425187477023027,0.27599999999999997,,,1,False,True,0,0.08371536418795586,0.0751436112523079,0.09209117682427168,0.28800000000000003
cap,posterior_mean_shrunk,cell,B,200,tail_b2.0_mu1.0_c1.0_T200_cap64,tail_b2.0_mu1.0_c1.0,64,10367000,p3_star,reference,1,1,1000,1,True,True,0.09232735139131545,0.08637424632906913,0.09848536644130945,0.0031021301415301195,0.8444012763500214,0.04877840280532837,0.04354894858598709,64.0,0.31313131313131315,22.777,34.367,0.05140675,0.0,,70.0,0.9367286277413368,0.8879502249360085,0.8879502249360085,1.0,-0.08885001972317695,-0.09779260661453008,-0.08016620706766844,0.004425187477023027,0.724,,,1,False,True,0,0.0,0.0,0.0,0.0,0.5,,,1,False,True,0,-0.0051346555352211,-0.008777318169921637,-0.0015722926519811165,0.5195000000000001
cap,posterior_mean_shrunk,cell,B,200,tail_b2.0_mu1.0_c1.0_T200_cap64,tail_b2.0_mu1.0_c1.0,64,10367000,phi_k16,learned,1,1,1000,1,True,True,0.09746200692653656,0.09150836728513241,0.103641651943326,0.0031471022969539763,0.8392666208148003,0.05760726273059845,0.03985474419593811,52.382,0.25445454545454543,26.313,19.927,0.06570405,0.078,7.006,119.61125319693095,0.9367286277413368,0.8879502249360085,0.8791213650107383,0.391,-0.08371536418795586,-0.09243643805384635,-0.07529915776103735,0.004348864454520847,0.712,,,1,False,True,0,0.0051346555352211,0.0015044605941511699,0.008857341157272458,0.0018505890243743948,0.48050000000000004,,,1,False,True,0,0.0,0.0,0.0,0.5
cap,posterior_mean_shrunk,cell,B,200,tail_b2.0_mu1.0_c1.0_T200_cap64,tail_b2.0_mu1.0_c1.0,64,10367000,phi_k16_quality,learned,1,1,1000,1,True,True,0.09676925471425056,0.09100714083760977,0.10278155785053968,0.0030706620874740046,0.8399593730270862,0.06001037305593491,0.03675888165831566,49.318,0.23897979797979801,27.956,16.806,0.07234415,0.202,9.97,106.498687664042,0.9367286277413368,0.8879502249360085,0.8767182546854019,0.381,-0.08440811640024184,-0.09296184573322534,-0.07620684206485748,0.00429233072333684,0.714,,,1,False,True,0,0.0044419033229351045,0.0004252422440913515,0.008542294520884753,0.002035436997448978,0.48,,,1,False,True,0,-0.0006927522122859955,-0.003283720882236957,0.0018960563533008097,0.4995
cap,posterior_mean_shrunk,cell,B,200,tail_b2.0_mu1.0_c1.0_T200_cap64,tail_b2.0_mu1.0_c1.0,64,10367000,refine_after_init,baseline,1,1,1000,1,True,True,0.2379337819814682,0.22855106554925442,0.24730793051421643,0.00479552818193543,0.6987948457598686,0.2294584136903286,0.008475368291139602,8.0,0.03030303030303029,71.296,0.004,0.28156050000000005,1.181,,,0.9367286277413368,0.8879502249360085,0.7072702140510082,0.0,0.05675641086697578,0.04916368992999196,0.06435718853026628,0.0038936217920660047,0.372,,,1,False,True,0,0.14560643059015274,0.13526558205485345,0.15576319806277752,0.00522109035536816,0.1935,,,1,False,True,0,0.14047177505493164,0.13061590009666982,0.15053936698958278,0.1995
cap,posterior_mean_shrunk,cell,B,1000,tail_b8.0_mu1.0_c1.0_T1000_cap1000,tail_b8.0_mu1.0_c1.0,1000,10479000,always_search,baseline,1,1,1000,1,True,True,0.40198402416543105,0.3939296528697014,0.4097890004515648,0.004056442003779022,0.20053658828302287,0.0,0.40198402416543105,1000.0,1.0,1.0,1000.0,0.0010000000000000005,0.0,,1000.0,0.6025206124484539,0.6025206124484539,0.6025206124484539,1.0,0.17788712999061682,0.1683042176067829,0.18726547285914422,0.004838159842783912,0.121,,,1,False,True,0,0.24424620599881747,0.23489531688392162,0.25347927287220956,0.004823545829282913,0.0695,,,1,False,True,0,0.0066959580332040785,0.0038546298971399665,0.009782900185137987,0.487
cap,posterior_mean_shrunk,cell,B,1000,tail_b8.0_mu1.0_c1.0_T1000_cap1000,tail_b8.0_mu1.0_c1.0,1000,10479000,cp0,reference,1,1,1000,1,True,True,0.22409689417481424,0.21695677004754543,0.23107100948691367,0.0035327115371671753,0.3784237182736397,0.21659453484416008,0.007502359330654144,30.784,0.028841683366733456,188.271,0.0,0.105959314,3.281,,,0.6025206124484539,0.6025206124484539,0.3859260776042938,0.0,0.0,0.0,0.0,0.0,0.5,,,1,False,True,0,0.06635907600820065,0.05993072725832462,0.07287971656769514,0.0032891144728333715,0.28,,,1,False,True,0,-0.17119117195741274,-0.18106885847340454,-0.1613048847595637,0.864
cap,posterior_mean_shrunk,cell,B,1000,tail_b8.0_mu1.0_c1.0_T1000_cap1000,tail_b8.0_mu1.0_c1.0,1000,10479000,p3_star,reference,1,1,1000,1,True,True,0.15773781816661359,0.1513129875063896,0.16413006745278835,0.003279214799298873,0.4447827942818403,0.1361647672057152,0.0215730509608984,88.0,0.08617234468937875,80.434,0.0,0.029266504000000002,0.711,,,0.6025206124484539,0.6025206124484539,0.4663558452427387,0.0,-0.06635907600820065,-0.07287971656769514,-0.05993072725832462,0.0032891144728333715,0.72,,,1,False,True,0,0.0,0.0,0.0,0.0,0.5,,,1,False,True,0,-0.2375502479656134,-0.24696857097450411,-0.22796973655847833,0.92
cap,posterior_mean_shrunk,cell,B,1000,tail_b8.0_mu1.0_c1.0_T1000_cap1000,tail_b8.0_mu1.0_c1.0,1000,10479000,phi_k16,learned,1,1,1000,1,True,True,0.39528806613222695,0.3870969578623772,0.40337098464369775,0.004167246836651078,0.20723254631622695,0.00021304750442504883,0.3950750186278019,999.088,0.9990861723446893,1.082,998.307,0.0010021140000000006,0.0,0.0,1000.0,0.6025206124484539,0.6025206124484539,0.6023075649440288,0.943,0.17119117195741274,0.161467594653368,0.18091659434139729,0.004961004492499859,0.136,,,1,False,True,0,0.2375502479656134,0.2280425414443016,0.24699825346469878,0.004917844490891877,0.08,,,1,False,True,0,0.0,0.0,0.0,0.5
cap,posterior_mean_shrunk,cell,B,1000,tail_b8.0_mu1.0_c1.0_T1000_cap1000,tail_b8.0_mu1.0_c1.0,1000,10479000,phi_k16_quality,learned,1,1,1000,1,True,True,0.40198402416543105,0.3939296528697014,0.4097890004515648,0.004056442003779022,0.20053658828302287,0.0,0.40198402416543105,1000.0,1.0,1.0,1000.0,0.0010000000000000005,0.0,0.0,1000.0,0.6025206124484539,0.6025206124484539,0.6025206124484539,1.0,0.17788712999061682,0.1683042176067829,0.18726547285914422,0.004838159842783912,0.121,,,1,False,True,0,0.24424620599881747,0.23489531688392162,0.25347927287220956,0.004823545829282913,0.0695,,,1,False,True,0,0.0066959580332040785,0.0038749346353113656,0.009856458941660819,0.487
cap,posterior_mean_shrunk,cell,B,1000,tail_b8.0_mu1.0_c1.0_T1000_cap1000,tail_b8.0_mu1.0_c1.0,1000,10479000,refine_after_init,baseline,1,1,1000,1,True,True,0.3254269118718803,0.3179934673011303,0.3327730968594551,0.0037500610909644966,0.2770937005765736,0.322984682135284,0.0024422297365963457,8.0,0.006012024048096194,413.055,0.0,0.326533862,1.859,,,0.6025206124484539,0.6025206124484539,0.27953593031317,0.0,0.10133001769706607,0.09431573245674371,0.10861524995416402,0.0036352357987909064,0.21300000000000002,,,1,False,True,0,0.16768909370526672,0.1596073355525732,0.17581820003688334,0.004185473576436448,0.10400000000000001,,,1,False,True,0,-0.06986115426034667,-0.07960590930337202,-0.05969105562181213,0.6855
cap,posterior_mean_shrunk,cell,B,1000,tail_b8.0_mu1.0_c1.0_T1000_cap128,tail_b8.0_mu1.0_c1.0,128,10753000,always_search,baseline,1,1,1000,1,True,True,0.14639556192606687,0.13999887481331824,0.15296712853014469,0.003286462248422936,0.45363625360280274,0.11341136461496353,0.032984197311103344,128.0,0.12625250501002003,49.29,0.0,0.015475038000000002,0.361,,128.0,0.6000318155288696,0.4866204509139061,0.4866204509139061,1.0,-0.07406237293034793,-0.08097686860710382,-0.06712423227727413,0.0035390815411790247,0.7355,,,1,False,True,0,-0.015682651303708554,-0.020705301873385904,-0.010635414812713863,0.0025842331586382133,0.558,,,1,False,True,0,0.0,0.0,0.0,0.5
cap,posterior_mean_shrunk,cell,B,1000,tail_b8.0_mu1.0_c1.0_T1000_cap128,tail_b8.0_mu1.0_c1.0,128,10753000,cp0,reference,1,1,1000,1,True,True,0.2204579348564148,0.21373727582395077,0.2272846095263958,0.003424199943234927,0.37957388067245484,0.21217009902000428,0.008287835836410523,30.787,0.028844689378757508,189.226,0.0,0.106623662,3.212,,,0.6000318155288696,0.4866204509139061,0.38786171650886536,0.0,0.0,0.0,0.0,0.0,0.5,,,1,False,True,0,0.05837972162663937,0.05234918603673577,0.06465802360326052,0.0031487510647744154,0.311,,,1,False,True,0,0.07406237293034793,0.06708291915748268,0.08101437928769736,0.2645
cap,posterior_mean_shrunk,cell,B,1000,tail_b8.0_mu1.0_c1.0_T1000_cap128,tail_b8.0_mu1.0_c1.0,128,10753000,p3_star,reference,1,1,1000,1,True,True,0.16207821322977542,0.15563384145498277,0.16847193315625192,0.0032470217487543755,0.4379536022990942,0.13900150668621064,0.023076706543564796,88.0,0.08617234468937875,79.468,0.0,0.028802336,0.544,,,0.6000318155288696,0.4866204509139061,0.461030308842659,0.0,-0.05837972162663937,-0.06465802360326052,-0.05234918603673577,0.0031487510647744154,0.6890000000000001,,,1,False,True,0,0.0,0.0,0.0,0.0,0.5,,,1,False,True,0,0.015682651303708554,0.01072037294264883,0.020807186613790687,0.442
cap,posterior_mean_shrunk,cell,B,1000,tail_b8.0_mu1.0_c1.0_T1000_cap128,tail_b8.0_mu1.0_c1.0,128,10753000,phi_k16,learned,1,1,1000,1,True,True,0.14639556192606687,0.13999887481331824,0.15296712853014469,0.003286462248422936,0.45363625360280274,0.11341136461496353,0.032984197311103344,128.0,0.12625250501002003,49.29,0.0,0.015475038000000002,0.361,871.216,128.688,0.6000318155288696,0.4866204509139061,0.4866204509139061,1.0,-0.07406237293034793,-0.08097686860710382,-0.06712423227727413,0.0035390815411790247,0.7355,,,1,False,True,0,-0.015682651303708554,-0.020705301873385904,-0.010635414812713863,0.0025842331586382133,0.558,,,1,False,True,0,0.0,0.0,0.0,0.5
cap,posterior_mean_shrunk,cell,B,1000,tail_b8.0_mu1.0_c1.0_T1000_cap128,tail_b8.0_mu1.0_c1.0,128,10753000,phi_k16_quality,learned,1,1,1000,1,True,True,0.14639556192606687,0.13999887481331824,0.15296712853014469,0.003286462248422936,0.45363625360280274,0.11341136461496353,0.032984197311103344,128.0,0.12625250501002003,49.29,0.0,0.015475038000000002,0.361,872.0,128.0,0.6000318155288696,0.4866204509139061,0.4866204509139061,1.0,-0.07406237293034793,-0.08097686860710382,-0.06712423227727413,0.0035390815411790247,0.7355,,,1,False,True,0,-0.015682651303708554,-0.020705301873385904,-0.010635414812713863,0.0025842331586382133,0.558,,,1,False,True,0,0.0,0.0,0.0,0.5
cap,posterior_mean_shrunk,cell,B,1000,tail_b8.0_mu1.0_c1.0_T1000_cap128,tail_b8.0_mu1.0_c1.0,128,10753000,refine_after_init,baseline,1,1,1000,1,True,True,0.32295475592836737,0.31557313427329065,0.3300605922937393,0.0037428659271541865,0.2770770596005023,0.32068953014165164,0.002265225786715746,8.0,0.006012024048096194,412.323,0.0,0.326859508,1.835,,,0.6000318155288696,0.4866204509139061,0.279342285387218,0.0,0.10249682107195258,0.09592058900743723,0.10947796143591404,0.0034495025178357267,0.1855,,,1,False,True,0,0.16087654269859195,0.15298225097358226,0.16877312548458576,0.003999509319691022,0.10400000000000001,,,1,False,True,0,0.1765591940023005,0.1683243347933516,0.1849203170068562,0.10149999999999999
cap,posterior_mean_shrunk,cell,B,1000,tail_b8.0_mu1.0_c1.0_T1000_cap32,tail_b8.0_mu1.0_c1.0,32,10477000,always_search,baseline,1,1,1000,1,True,True,0.21756412479281426,0.21105414852499962,0.22389370575547218,0.0033126970926602895,0.38277818048000334,0.20977242901921272,0.007791695773601532,32.0,0.03006012024048095,207.093,0.0,0.11637584200000001,2.552,,32.0,0.6003423052728176,0.3905698762536049,0.3905698762536049,1.0,-0.0022395081371068956,-0.0036287836264818907,-0.0009002942315419209,0.000705659382144207,0.511,,,1,False,True,0,0.0,0.0,0.0,0.0,0.5,,,1,False,True,0,0.0,0.0,0.0,0.5
cap,posterior_mean_shrunk,cell,B,1000,tail_b8.0_mu1.0_c1.0_T1000_cap32,tail_b8.0_mu1.0_c1.0,32,10477000,cp0,reference,1,1,1000,1,True,True,0.21980363292992114,0.2132583674043417,0.2263894572854042,0.0033765308483822325,0.38053867234289646,0.2115180547684431,0.008285578161478043,30.816,0.02887374749498997,189.528,0.0,0.106244716,3.312,,,0.6003423052728176,0.3905698762536049,0.3888242505043745,0.0,0.0,0.0,0.0,0.0,0.5,,,1,False,True,0,0.0022395081371068956,0.0009002942315419207,0.0036287836264818902,0.000705659382144207,0.489,,,1,False,True,0,0.0022395081371068956,0.0009285799216479069,0.003672941439971328,0.489
cap,posterior_mean_shrunk,cell,B,1000,tail_b8.0_mu1.0_c1.0_T1000_cap32,tail_b8.0_mu1.0_c1.0,32,10477000,p3_star,reference,1,1,1000,1,True,True,0.21756412479281426,0.21105414852499962,0.22389370575547218,0.0033126970926602895,0.38277818048000334,0.20977242901921272,0.007791695773601532,32.0,0.03006012024048095,207.093,0.0,0.11637584200000001,2.552,,32.0,0.6003423052728176,0.3905698762536049,0.3905698762536049,1.0,-0.0022395081371068956,-0.0036287836264818907,-0.0009002942315419209,0.000705659382144207,0.511,,,1,False,True,0,0.0,0.0,0.0,0.0,0.5,,,1,False,True,0,0.0,0.0,0.0,0.5
cap,posterior_mean_shrunk,cell,B,1000,tail_b8.0_mu1.0_c1.0_T1000_cap32,tail_b8.0_mu1.0_c1.0,32,10477000,phi_k16,learned,1,1,1000,1,True,True,0.21756412479281426,0.21105414852499962,0.22389370575547218,0.0033126970926602895,0.38277818048000334,0.20977242901921272,0.007791695773601532,32.0,0.03006012024048095,207.093,0.0,0.11637584200000001,2.552,968.0,32.0,0.6003423052728176,0.3905698762536049,0.3905698762536049,1.0,-0.0022395081371068956,-0.0036287836264818907,-0.0009002942315419209,0.000705659382144207,0.511,,,1,False,True,0,0.0,0.0,0.0,0.0,0.5,,,1,False,True,0,0.0,0.0,0.0,0.5
cap,posterior_mean_shrunk,cell,B,1000,tail_b8.0_mu1.0_c1.0_T1000_cap32,tail_b8.0_mu1.0_c1.0,32,10477000,phi_k16_quality,learned,1,1,1000,1,True,True,0.21756412479281426,0.21105414852499962,0.22389370575547218,0.0033126970926602895,0.38277818048000334,0.20977242901921272,0.007791695773601532,32.0,0.03006012024048095,207.093,0.0,0.11637584200000001,2.552,968.0,32.0,0.6003423052728176,0.3905698762536049,0.3905698762536049,1.0,-0.0022395081371068956,-0.0036287836264818907,-0.0009002942315419209,0.000705659382144207,0.511,,,1,False,True,0,0.0,0.0,0.0,0.0,0.5,,,1,False,True,0,0.0,0.0,0.0,0.5
cap,posterior_mean_shrunk,cell,B,1000,tail_b8.0_mu1.0_c1.0_T1000_cap32,tail_b8.0_mu1.0_c1.0,32,10477000,refine_after_init,baseline,1,1,1000,1,True,True,0.3208935487195849,0.3138974539935589,0.3277813769876957,0.003581798152977037,0.27944875655323265,0.31903418732434513,0.00185936139523983,8.0,0.006012024048096194,419.289,0.0,0.33199214199999993,1.88,,,0.6003423052728176,0.3905698762536049,0.2813081179484725,0.0,0.1010899157896638,0.09454887844622135,0.10773003324866294,0.0034162854495765876,0.19,,,1,False,True,0,0.10332942392677069,0.09669567327946425,0.11002075262367725,0.0034490724391610865,0.184,,,1,False,True,0,0.10332942392677069,0.09661876339856536,0.10989515261854976,0.184
cap,posterior_mean_shrunk,cell,B,1000,tail_b8.0_mu1.0_c1.0_T1000_cap64,tail_b8.0_mu1.0_c1.0,64,10478000,always_search,baseline,1,1,1000,1,True,True,0.18026398530602455,0.17361444011330604,0.18699905537068845,0.0033902007793074115,0.42406071710586546,0.16434912031888962,0.015914864987134934,64.0,0.062124248496993974,118.685,0.0,0.050628404,1.293,,64.0,0.6043247024118901,0.4399755820930004,0.4399755820930004,1.0,-0.0454701856225729,-0.05119150737300515,-0.039934809785336256,0.002871218999208614,0.645,,,1,False,True,0,0.0,0.0,0.0,0.0,0.5,,,1,False,True,0,0.0,0.0,0.0,0.5
cap,posterior_mean_shrunk,cell,B,1000,tail_b8.0_mu1.0_c1.0_T1000_cap64,tail_b8.0_mu1.0_c1.0,64,10478000,cp0,reference,1,1,1000,1,True,True,0.22573417092859746,0.21898704320192336,0.23256983757019042,0.003434410678514234,0.3785905314832926,0.21711499394476413,0.008619176983833313,30.816,0.02887374749498997,189.532,0.0,0.107316728,2.987,,,0.6043247024118901,0.4399755820930004,0.3872097084671259,0.0,0.0,0.0,0.0,0.0,0.5,,,1,False,True,0,0.0454701856225729,0.039934809785336256,0.05119150737300515,0.002871218999208614,0.355,,,1,False,True,0,0.0454701856225729,0.03989147959947586,0.051057664505206046,0.355
cap,posterior_mean_shrunk,cell,B,1000,tail_b8.0_mu1.0_c1.0_T1000_cap64,tail_b8.0_mu1.0_c1.0,64,10478000,p3_star,reference,1,1,1000,1,True,True,0.18026398530602455,0.17361444011330604,0.18699905537068845,0.0033902007793074115,0.42406071710586546,0.16434912031888962,0.015914864987134934,64.0,0.062124248496993974,118.685,0.0,0.050628404,1.293,,272.0,0.6043247024118901,0.4399755820930004,0.4399755820930004,1.0,-0.0454701856225729,-0.05119150737300515,-0.039934809785336256,0.002871218999208614,0.645,,,1,False,True,0,0.0,0.0,0.0,0.0,0.5,,,1,False,True,0,0.0,0.0,0.0,0.5
cap,posterior_mean_shrunk,cell,B,1000,tail_b8.0_mu1.0_c1.0_T1000_cap64,tail_b8.0_mu1.0_c1.0,64,10478000,phi_k16,learned,1,1,1000,1,True,True,0.18026398530602455,0.17361444011330604,0.18699905537068845,0.0033902007793074115,0.42406071710586546,0.16434912031888962,0.015914864987134934,64.0,0.062124248496993974,118.685,0.0,0.050628404,1.293,936.0,64.0,0.6043247024118901,0.4399755820930004,0.4399755820930004,1.0,-0.0454701856225729,-0.05119150737300515,-0.039934809785336256,0.002871218999208614,0.645,,,1,False,True,0,0.0,0.0,0.0,0.0,0.5,,,1,False,True,0,0.0,0.0,0.0,0.5
cap,posterior_mean_shrunk,cell,B,1000,tail_b8.0_mu1.0_c1.0_T1000_cap64,tail_b8.0_mu1.0_c1.0,64,10478000,phi_k16_quality,learned,1,1,1000,1,True,True,0.18026398530602455,0.17361444011330604,0.18699905537068845,0.0033902007793074115,0.42406071710586546,0.16434912031888962,0.015914864987134934,64.0,0.062124248496993974,118.685,0.0,0.050628404,1.293,936.0,64.0,0.6043247024118901,0.4399755820930004,0.4399755820930004,1.0,-0.0454701856225729,-0.05119150737300515,-0.039934809785336256,0.002871218999208614,0.645,,,1,False,True,0,0.0,0.0,0.0,0.0,0.5,,,1,False,True,0,0.0,0.0,0.0,0.5
cap,posterior_mean_shrunk,cell,B,1000,tail_b8.0_mu1.0_c1.0_T1000_cap64,tail_b8.0_mu1.0_c1.0,64,10478000,refine_after_init,baseline,1,1,1000,1,True,True,0.32351278951019047,0.3160804741084576,0.3308885797858238,0.0037903213003541284,0.28081191290169955,0.32093382768332956,0.0025789618268609047,8.0,0.006012024048096194,411.035,0.0,0.324805272,1.827,,,0.6043247024118901,0.4399755820930004,0.28339087472856045,0.0,0.09777861858159304,0.09117034208029509,0.10431552361696958,0.003348604136674195,0.1965,,,1,False,True,0,0.14324880420416594,0.13569668009877206,0.1506483294069767,0.003908541796659492,0.126,,,1,False,True,0,0.14324880420416594,0.13537343844221905,0.15093053359854963,0.126
cap,posterior_mean_shrunk,cell,B,200,tail_b8.0_mu1.0_c1.0_T200_cap128,tail_b8.0_mu1.0_c1.0,128,10751000,always_search,baseline,1,1,1000,1,True,True,0.19547475915774704,0.18682694882154466,0.20377589128911494,0.004322736526453015,0.3240283122695983,0.03042324835062027,0.16505151080712677,128.0,0.6363636363636365,4.283,80.861,0.01041325,0.0,,128.0,0.5195030714273453,0.489079823076725,0.489079823076725,1.0,-0.021662700716406108,-0.03202047692611813,-0.011484706657938664,0.005279321331406497,0.543,,,1,False,True,0,-0.000859807051718235,-0.0021151234570425,0.00022408408694900566,0.0005985973606729254,0.5015,,,1,False,True,0,-0.0013418916054069995,-0.004134365751501172,0.0013582535211928177,0.504
cap,posterior_mean_shrunk,cell,B,200,tail_b8.0_mu1.0_c1.0_T200_cap128,tail_b8.0_mu1.0_c1.0,128,10751000,cp0,reference,1,1,1000,1,True,True,0.21713745987415314,0.20922134295105935,0.2248895902186632,0.003934274538681054,0.30236561155319214,0.191254812464118,0.025882647410035133,14.0,0.06060606060606058,32.142,0.0,0.10224065,0.04,,,0.5195030714273453,0.489079823076725,0.3282482589632273,0.0,0.0,0.0,0.0,0.0,0.5,,,1,False,True,0,0.020802893664687874,0.010596758173778656,0.031148727703839536,0.005294265961040676,0.4575,,,1,False,True,0,0.020320809110999108,0.010072957851737742,0.030828586283139878,0.4645
cap,posterior_mean_shrunk,cell,B,200,tail_b8.0_mu1.0_c1.0_T200_cap128,tail_b8.0_mu1.0_c1.0,128,10751000,p3_star,reference,1,1,1000,1,True,True,0.19633456620946527,0.18773324489593507,0.20473319627344608,0.004321529353962644,0.32316850521788,0.03042324835062027,0.165911317858845,128.0,0.6363636363636365,4.253,80.77,0.010392400000000001,0.0,,197.0,0.5195030714273453,0.489079823076725,0.489079823076725,1.0,-0.020802893664687874,-0.031148727703839536,-0.010596758173778658,0.005294265961040676,0.5425,,,1,False,True,0,0.0,0.0,0.0,0.0,0.5,,,1,False,True,0,-0.00048208455368876457,-0.003435398214962333,0.002462893244810402,0.5025
cap,posterior_mean_shrunk,cell,B,200,tail_b8.0_mu1.0_c1.0_T200_cap128,tail_b8.0_mu1.0_c1.0,128,10751000,phi_k16,learned,1,1,1000,1,True,True,0.19681665076315402,0.18824119456112384,0.20521186329424382,0.004326569236797723,0.32268642066419123,0.032427593648433686,0.16438905711472035,123.888,0.6155959595959597,4.273,72.434,0.01060025,0.0,16.288,172.9010989010989,0.5195030714273453,0.489079823076725,0.4870754777789116,0.728,-0.020320809110999108,-0.03083858978934586,-0.010096097877249126,0.0052960585906557155,0.5355,,,1,False,True,0,0.00048208455368876457,-0.0024461720022372897,0.003452868451131506,0.0015143354128559744,0.4975,,,1,False,True,0,0.0,0.0,0.0,0.5
cap,posterior_mean_shrunk,cell,B,200,tail_b8.0_mu1.0_c1.0_T200_cap128,tail_b8.0_mu1.0_c1.0,128,10751000,phi_k16_quality,learned,1,1,1000,1,True,True,0.19621772334352136,0.18754384778439998,0.20464002452790736,0.004332283688220959,0.3232853480838239,0.030506447345018388,0.16571127599850297,127.092,0.6317777777777779,4.275,78.876,0.01044025,0.0,39.784,155.88571428571427,0.5195030714273453,0.489079823076725,0.4889966240823269,0.91,-0.02091973653063178,-0.031310738530009985,-0.010737624717876317,0.005267861083691072,0.537,,,1,False,True,0,-0.00011684286594390869,-0.0017825210699811576,0.0015293521224521093,0.0008392980340941836,0.4975,,,1,False,True,0,-0.0005989274196326733,-0.0031278259505517765,0.001853844585921614,0.5
cap,posterior_mean_shrunk,cell,B,200,tail_b8.0_mu1.0_c1.0_T200_cap128,tail_b8.0_mu1.0_c1.0,128,10751000,refine_after_init,baseline,1,1,1000,1,True,True,0.25674246871471407,0.2490257102996111,0.2644546076655388,0.003946575025012108,0.26276060271263124,0.24149356386065482,0.01524890485405922,8.0,0.03030303030303029,50.236,0.0,0.18397295000000002,0.142,,,0.5195030714273453,0.489079823076725,0.27800950756669046,0.0,0.03960500884056091,0.033655148651450875,0.045693515706807374,0.0030925988496266757,0.383,,,1,False,True,0,0.06040790250524879,0.05031651901081204,0.07078562229871749,0.00528671662504947,0.36150000000000004,,,1,False,True,0,0.05992581795156002,0.04978540999684483,0.0702910482166335,0.366
cap,posterior_mean_shrunk,cell,B,200,tail_b8.0_mu1.0_c1.0_T200_cap200,tail_b8.0_mu1.0_c1.0,200,10473000,always_search,baseline,1,1,1000,1,True,True,0.3211539937369525,0.31263976693153384,0.32978548035025596,0.004348689181782013,0.19628459035232662,0.0,0.3211539937369525,200.0,1.0,1.0,200.0,0.005000000000000003,0.0,,200.0,0.5174385840892792,0.5174385840892792,0.5174385840892792,1.0,0.10787314072623849,0.09753484763205052,0.11835512183606624,0.005344465295244359,0.2525,,,1,False,True,0,0.13131413726136087,0.12044963594526052,0.14226120859384536,0.005518330333671657,0.238,,,1,False,True,0,0.13476383194699884,0.12415341593290213,0.1455112664725282,0.2325
cap,posterior_mean_shrunk,cell,B,200,tail_b8.0_mu1.0_c1.0_T200_cap200,tail_b8.0_mu1.0_c1.0,200,10473000,cp0,reference,1,1,1000,1,True,True,0.21328085301071406,0.2052848380059004,0.22135823890566825,0.004078871008949935,0.30415773107856514,0.18824477944523096,0.025036073565483093,13.997,0.06059090909090906,31.974,0.0,0.10228785,0.077,,,0.5174385840892792,0.5174385840892792,0.32919380464404824,0.0,0.0,0.0,0.0,0.0,0.5,,,1,False,True,0,0.023440996535122393,0.01290036893915385,0.03381100576370954,0.005336064074634907,0.4695,,,1,False,True,0,0.026890691220760345,0.016389478648267692,0.037436082670185715,0.45099999999999996
cap,posterior_mean_shrunk,cell,B,200,tail_b8.0_mu1.0_c1.0_T200_cap200,tail_b8.0_mu1.0_c1.0,200,10473000,p3_star,reference,1,1,1000,1,True,True,0.18983985647559165,0.1817049041390419,0.1980959352105856,0.004194353978329565,0.3275987276136875,0.027429651975631714,0.16241020449995994,129.0,0.6414141414141415,4.3,82.567,0.0103431,0.0,,,0.5174385840892792,0.5174385840892792,0.4900089321136475,0.0,-0.023440996535122393,-0.03381100576370954,-0.01290036893915385,0.005336064074634907,0.5305,,,1,False,True,0,0.0,0.0,0.0,0.0,0.5,,,1,False,True,0,0.003449694685637951,-0.0010568104454316185,0.007825149066373707,0.4935
cap,posterior_mean_shrunk,cell,B,200,tail_b8.0_mu1.0_c1.0_T200_cap200,tail_b8.0_mu1.0_c1.0,200,10473000,phi_k16,learned,1,1,1000,1,True,True,0.1863901617899537,0.17840174101293088,0.19459280222654343,0.00413437247379387,0.33104842229932546,0.024584615737199784,0.16180554605275393,136.872,0.6811717171717171,4.118,95.576,0.0097089,0.0,0.0,,0.5174385840892792,0.5174385840892792,0.4928539683520794,0.0,-0.026890691220760345,-0.037470107059925796,-0.016412613773718488,0.005374004135792539,0.549,,,1,False,True,0,-0.003449694685637951,-0.008072494738735258,0.0009199823820381415,0.002258856904962559,0.5065,,,1,False,True,0,0.0,0.0,0.0,0.5
cap,posterior_mean_shrunk,cell,B,200,tail_b8.0_mu1.0_c1.0_T200_cap200,tail_b8.0_mu1.0_c1.0,200,10473000,phi_k16_quality,learned,1,1,1000,1,True,True,0.21470283823274075,0.20607478283345698,0.22334899082779885,0.004404292206295008,0.3027357458565384,0.01220984959602356,0.2024929886367172,166.586,0.8312424242424242,3.334,146.445,0.007570349999999999,0.0,0.0,200.0,0.5174385840892792,0.5174385840892792,0.5052287344932556,0.044,0.0014219852220267058,-0.008745501632802187,0.01129204300232231,0.005192648749528884,0.4795,,,1,False,True,0,0.0248629817571491,0.018075763992965222,0.03173468364402652,0.003542632837731665,0.442,,,1,False,True,0,0.028312676442787052,0.021212086755130442,0.0356632809614297,0.433
cap,posterior_mean_shrunk,cell,B,200,tail_b8.0_mu1.0_c1.0_T200_cap200,tail_b8.0_mu1.0_c1.0,200,10473000,refine_after_init,baseline,1,1,1000,1,True,True,0.2531108924373984,0.2451342087239027,0.2611237868666649,0.004060073661879731,0.26432769165188075,0.2383212060369551,0.014789686400443315,8.0,0.03030303030303029,49.465,0.0,0.18141545000000003,0.157,,,0.5174385840892792,0.5174385840892792,0.27911737805232406,0.0,0.03983003942668438,0.03395016230642796,0.04604182615876197,0.003101945804891226,0.39549999999999996,,,1,False,True,0,0.06327103596180678,0.05286537753418088,0.07366435620933771,0.005351343543688058,0.37000000000000005,,,1,False,True,0,0.06672073064744473,0.0561688002214767,0.07731044092280791,0.35300000000000004
cap,posterior_mean_shrunk,cell,B,200,tail_b8.0_mu1.0_c1.0_T200_cap32,tail_b8.0_mu1.0_c1.0,32,10471000,always_search,baseline,1,1,1000,1,True,True,0.18925223394855856,0.181331792101264,0.19750450812280176,0.004094841132878693,0.32299429420009257,0.12713303345441818,0.06211920049414039,32.0,0.15151515151515152,16.077,0.0,0.04224875,0.0,,32.0,0.5122465281486511,0.38511349469423295,0.38511349469423295,1.0,-0.028156359672546385,-0.03550045499578118,-0.020731772575527434,0.0037735102747474825,0.565,,,1,False,True,0,0.0,0.0,0.0,0.0,0.5,,,1,False,True,0,0.0,0.0,0.0,0.5
cap,posterior_mean_shrunk,cell,B,200,tail_b8.0_mu1.0_c1.0_T200_cap32,tail_b8.0_mu1.0_c1.0,32,10471000,cp0,reference,1,1,1000,1,True,True,0.21740859362110496,0.2097260195761919,0.22519679442048074,0.003924734907421564,0.29483793452754614,0.18943751476705073,0.027971078854054213,13.999,0.06060101010101007,32.346,0.0,0.1033716,0.017,,,0.5122465281486511,0.38511349469423295,0.3228090133816004,0.0,0.0,0.0,0.0,0.0,0.5,,,1,False,True,0,0.028156359672546385,0.02073177257552743,0.03550045499578118,0.0037735102747474825,0.43499999999999994,,,1,False,True,0,0.028156359672546385,0.020778058885317297,0.035392530156392606,0.43499999999999994
cap,posterior_mean_shrunk,cell,B,200,tail_b8.0_mu1.0_c1.0_T200_cap32,tail_b8.0_mu1.0_c1.0,32,10471000,p3_star,reference,1,1,1000,1,True,True,0.18925223394855856,0.181331792101264,0.19750450812280176,0.004094841132878693,0.32299429420009257,0.12713303345441818,0.06211920049414039,32.0,0.15151515151515152,16.077,0.0,0.04224875,0.0,,32.0,0.5122465281486511,0.38511349469423295,0.38511349469423295,1.0,-0.028156359672546385,-0.03550045499578118,-0.020731772575527434,0.0037735102747474825,0.565,,,1,False,True,0,0.0,0.0,0.0,0.0,0.5,,,1,False,True,0,0.0,0.0,0.0,0.5
cap,posterior_mean_shrunk,cell,B,200,tail_b8.0_mu1.0_c1.0_T200_cap32,tail_b8.0_mu1.0_c1.0,32,10471000,phi_k16,learned,1,1,1000,1,True,True,0.18925223394855856,0.181331792101264,0.19750450812280176,0.004094841132878693,0.32299429420009257,0.12713303345441818,0.06211920049414039,32.0,0.15151515151515152,16.077,0.0,0.04224875,0.0,165.056,32.592,0.5122465281486511,0.38511349469423295,0.38511349469423295,1.0,-0.028156359672546385,-0.03550045499578118,-0.020731772575527434,0.0037735102747474825,0.565,,,1,False,True,0,0.0,0.0,0.0,0.0,0.5,,,1,False,True,0,0.0,0.0,0.0,0.5
cap,posterior_mean_shrunk,cell,B,200,tail_b8.0_mu1.0_c1.0_T200_cap32,tail_b8.0_mu1.0_c1.0,32,10471000,phi_k16_quality,learned,1,1,1000,1,True,True,0.18925223394855856,0.181331792101264,0.19750450812280176,0.004094841132878693,0.32299429420009257,0.12713303345441818,0.06211920049414039,32.0,0.15151515151515152,16.077,0.0,0.04224875,0.0,164.688,32.592,0.5122465281486511,0.38511349469423295,0.38511349469423295,1.0,-0.028156359672546385,-0.03550045499578118,-0.020731772575527434,0.0037735102747474825,0.565,,,1,False,True,0,0.0,0.0,0.0,0.0,0.5,,,1,False,True,0,0.0,0.0,0.0,0.5
cap,posterior_mean_shrunk,cell,B,200,tail_b8.0_mu1.0_c1.0_T200_cap32,tail_b8.0_mu1.0_c1.0,32,10471000,refine_after_init,baseline,1,1,1000,1,True,True,0.24759284689463676,0.2398402787744999,0.2554195739328861,0.003874064433948661,0.2646536812540144,0.2324148315936327,0.015178015301004053,8.0,0.03030303030303029,50.476,0.0,0.18571355,0.078,,,0.5122465281486511,0.38511349469423295,0.27983169655501844,0.0,0.030184253273531796,0.024534091027453544,0.035932041704654694,0.0028847593951719206,0.4105,,,1,False,True,0,0.05834061294607818,0.04995477329939605,0.06671987678855658,0.004240684331215754,0.353,,,1,False,True,0,0.05834061294607818,0.04992773902616464,0.0664854083856102,0.353
cap,posterior_mean_shrunk,cell,B,200,tail_b8.0_mu1.0_c1.0_T200_cap64,tail_b8.0_mu1.0_c1.0,64,10472000,always_search,baseline,1,1,1000,1,True,True,0.17607743139006196,0.16803683787584306,0.1838535975664854,0.0040397118574753,0.33803285416029394,0.07074770070612431,0.10532973068393767,64.0,0.31313131313131315,8.17,0.0,0.019815599999999996,0.0,,64.0,0.5141102855503559,0.44336258484423163,0.44336258484423163,1.0,-0.038955681120976804,-0.0483714010566473,-0.02947647869586945,0.004828890344893971,0.5875,,,1,False,True,0,0.0,0.0,0.0,0.0,0.5,,,1,False,True,0,0.0,0.0,0.0,0.5
cap,posterior_mean_shrunk,cell,B,200,tail_b8.0_mu1.0_c1.0_T200_cap64,tail_b8.0_mu1.0_c1.0,64,10472000,cp0,reference,1,1,1000,1,True,True,0.2150331125110388,0.20727954432368279,0.2226321242749691,0.0039992734596274015,0.29907717303931713,0.18705378587543964,0.027979326635599135,14.0,0.06060606060606058,31.96,0.0,0.10250415000000002,0.034,,,0.5141102855503559,0.44336258484423163,0.3270564996749163,0.0,0.0,0.0,0.0,0.0,0.5,,,1,False,True,0,0.038955681120976804,0.02947647869586945,0.0483714010566473,0.004828890344893971,0.41250000000000003,,,1,False,True,0,0.038955681120976804,0.029367041552998126,0.048516786135733125,0.41250000000000003
cap,posterior_mean_shrunk,cell,B,200,tail_b8.0_mu1.0_c1.0_T200_cap64,tail_b8.0_mu1.0_c1.0,64,10472000,p3_star,reference,1,1,1000,1,True,True,0.17607743139006196,0.16803683787584306,0.1838535975664854,0.0040397118574753,0.33803285416029394,0.07074770070612431,0.10532973068393767,64.0,0.31313131313131315,8.17,0.0,0.019815599999999996,0.0,,70.0,0.5141102855503559,0.44336258484423163,0.44336258484423163,1.0,-0.038955681120976804,-0.0483714010566473,-0.02947647869586945,0.004828890344893971,0.5875,,,1,False,True,0,0.0,0.0,0.0,0.0,0.5,,,1,False,True,0,0.0,0.0,0.0,0.5
cap,posterior_mean_shrunk,cell,B,200,tail_b8.0_mu1.0_c1.0_T200_cap64,tail_b8.0_mu1.0_c1.0,64,10472000,phi_k16,learned,1,1,1000,1,True,True,0.17607743139006196,0.16803683787584306,0.1838535975664854,0.0040397118574753,0.33803285416029394,0.07074770070612431,0.10532973068393767,64.0,0.31313131313131315,8.17,0.0,0.019815599999999996,0.0,108.596,80.864,0.5141102855503559,0.44336258484423163,0.44336258484423163,1.0,-0.038955681120976804,-0.0483714010566473,-0.02947647869586945,0.004828890344893971,0.5875,,,1,False,True,0,0.0,0.0,0.0,0.0,0.5,,,1,False,True,0,0.0,0.0,0.0,0.5
cap,posterior_mean_shrunk,cell,B,200,tail_b8.0_mu1.0_c1.0_T200_cap64,tail_b8.0_mu1.0_c1.0,64,10472000,phi_k16_quality,learned,1,1,1000,1,True,True,0.17607743139006196,0.16803683787584306,0.1838535975664854,0.0040397118574753,0.33803285416029394,0.07074770070612431,0.10532973068393767,64.0,0.31313131313131315,8.17,0.0,0.019815599999999996,0.0,108.6,77.008,0.5141102855503559,0.44336258484423163,0.44336258484423163,1.0,-0.038955681120976804,-0.0483714010566473,-0.02947647869586945,0.004828890344893971,0.5875,,,1,False,True,0,0.0,0.0,0.0,0.0,0.5,,,1,False,True,0,0.0,0.0,0.0,0.5
cap,posterior_mean_shrunk,cell,B,200,tail_b8.0_mu1.0_c1.0_T200_cap64,tail_b8.0_mu1.0_c1.0,64,10472000,refine_after_init,baseline,1,1,1000,1,True,True,0.24651856289058924,0.23877424821257592,0.2542965739965439,0.003996458907913907,0.26759172265976666,0.23315327828377486,0.013365284606814385,8.0,0.03030303030303029,49.905,0.0,0.18334405,0.17,,,0.5141102855503559,0.44336258484423163,0.28095700726658107,0.0,0.03148545037955046,0.025754791032522917,0.03738750023767352,0.0029893282348067572,0.41100000000000003,,,1,False,True,0,0.07044113150052726,0.0606614108197391,0.08002080861479044,0.004956644075938669,0.33299999999999996,,,1,False,True,0,0.07044113150052726,0.06061412643692456,0.08006829529069365,0.33299999999999996
