test,recommender,level,family,horizon,cell,env_id,cap,base_seed,policy,group,n_cells,n_envs,n_episodes,n_cells_policy,common_support,params_tuned,regret,regret_lo,regret_hi,regret_se,q,regret_disc,regret_sel,k_final,search_frac,n_rec,n_singletons_final,herfindahl,n_eliminated_final,n_demoted,t_cap_hit_given_hit,mu_star,mu_star_cap,best_discovered,cap_hit_frac,d_regret_vs_cp0,d_regret_vs_cp0_lo,d_regret_vs_cp0_hi,d_regret_vs_cp0_se,d_regret_vs_cp0_win,d_regret_vs_cp0_cluster_lo,d_regret_vs_cp0_cluster_hi,d_regret_vs_cp0_n_cells,d_regret_vs_cp0_cluster_degenerate,d_regret_vs_cp0_ref_tuned,d_regret_vs_cp0_n_excluded_untuned,d_regret_vs_p3_star,d_regret_vs_p3_star_lo,d_regret_vs_p3_star_hi,d_regret_vs_p3_star_se,d_regret_vs_p3_star_win,d_regret_vs_p3_star_cluster_lo,d_regret_vs_p3_star_cluster_hi,d_regret_vs_p3_star_n_cells,d_regret_vs_p3_star_cluster_degenerate,d_regret_vs_p3_star_ref_tuned,d_regret_vs_p3_star_n_excluded_untuned
A,posterior_mean_shrunk,cell,A,1000,beta_good_common_T1000_cap64,beta_good_common,64,10013000,always_search,baseline,1,1,2000,1,True,True,0.029659277498722075,0.02869524951092899,0.030673665599897502,0.0005041314368964284,0.9629633599817753,0.02319330024719238,0.006465977251529693,64.0,0.062124248496993974,159.572,18.085,0.084515034,1.436,,64.0,0.9926226374804974,0.9694293372333049,0.9694293372333049,1.0,-0.011823955565690995,-0.013002057909034193,-0.01066057481803,0.0005980969504169425,0.6355,,,1,False,True,0,0.0,0.0,0.0,0.0,0.5,,,1,False,True,0
A,posterior_mean_shrunk,cell,A,1000,beta_good_common_T1000_cap64,beta_good_common,64,10013000,cp0,reference,1,1,2000,1,True,True,0.04148323306441307,0.040229670517146585,0.042792665492743256,0.0006485771057490704,0.9511394044160842,0.03645720884203911,0.005026024222373963,30.97,0.029028056112224438,205.7435,3.0465,0.13205587600000002,4.344,,,0.9926226374804974,0.9694293372333049,0.9561654286384582,0.0,0.0,0.0,0.0,0.0,0.5,,,1,False,True,0,0.011823955565690995,0.01066057481803,0.013002057909034193,0.0005980969504169425,0.3645,,,1,False,True,0
A,posterior_mean_shrunk,cell,A,1000,beta_good_common_T1000_cap64,beta_good_common,64,10013000,fixed_K16,baseline,1,1,2000,1,True,True,0.058145105808973314,0.056533410027623174,0.05981115447357297,0.000838208054446178,0.934477531671524,0.05507224008440972,0.0030728657245635985,16.0,0.014028056112224454,320.808,0.659,0.24323303699999999,2.8005,,,0.9926226374804974,0.9694293372333049,0.9375503973960877,0.0,0.01666187274456024,0.015229596872814,0.018113778671249747,0.0007338193034319357,0.34175,,,1,False,True,0,0.028485828310251236,0.026820306573063134,0.030169232515618205,0.0008585175226495351,0.238,,,1,False,True,0
A,posterior_mean_shrunk,cell,A,1000,beta_good_common_T1000_cap64,beta_good_common,64,10013000,p3_star,reference,1,1,2000,1,True,True,0.029659277498722075,0.02869524951092899,0.030673665599897502,0.0005041314368964284,0.9629633599817753,0.02319330024719238,0.006465977251529693,64.0,0.062124248496993974,159.572,18.085,0.084515034,1.436,,272.0,0.9926226374804974,0.9694293372333049,0.9694293372333049,1.0,-0.011823955565690995,-0.013002057909034193,-0.01066057481803,0.0005980969504169425,0.6355,,,1,False,True,0,0.0,0.0,0.0,0.0,0.5,,,1,False,True,0
A,posterior_mean_shrunk,cell,A,1000,beta_good_common_T1000_cap64,beta_good_common,64,10013000,phi_k1,learned,1,1,2000,1,True,True,0.029659277498722075,0.02869524951092899,0.030673665599897502,0.0005041314368964284,0.9629633599817753,0.02319330024719238,0.006465977251529693,64.0,0.062124248496993974,159.572,18.085,0.084515034,1.436,936.0,64.0,0.9926226374804974,0.9694293372333049,0.9694293372333049,1.0,-0.011823955565690995,-0.013002057909034193,-0.01066057481803,0.0005980969504169425,0.6355,,,1,False,True,0,0.0,0.0,0.0,0.0,0.5,,,1,False,True,0
A,posterior_mean_shrunk,cell,A,1000,beta_good_common_T1000_cap64,beta_good_common,64,10013000,phi_k16,learned,1,1,2000,1,True,True,0.029659277498722075,0.02869524951092899,0.030673665599897502,0.0005041314368964284,0.9629633599817753,0.02319330024719238,0.006465977251529693,64.0,0.062124248496993974,159.572,18.085,0.084515034,1.436,357.875,81.136,0.9926226374804974,0.9694293372333049,0.9694293372333049,1.0,-0.011823955565690995,-0.013002057909034193,-0.01066057481803,0.0005980969504169425,0.6355,,,1,False,True,0,0.0,0.0,0.0,0.0,0.5,,,1,False,True,0
A,posterior_mean_shrunk,cell,A,1000,beta_good_common_T1000_cap64,beta_good_common,64,10013000,phi_k16_all71,learned,1,1,2000,1,True,True,0.029659277498722075,0.02869524951092899,0.030673665599897502,0.0005041314368964284,0.9629633599817753,0.02319330024719238,0.006465977251529693,64.0,0.062124248496993974,159.572,18.085,0.084515034,1.436,267.032,81.576,0.9926226374804974,0.9694293372333049,0.9694293372333049,1.0,-0.011823955565690995,-0.013002057909034193,-0.01066057481803,0.0005980969504169425,0.6355,,,1,False,True,0,0.0,0.0,0.0,0.0,0.5,,,1,False,True,0
A,posterior_mean_shrunk,cell,A,1000,beta_good_common_T1000_cap64,beta_good_common,64,10013000,phi_k16_clock,learned,1,1,2000,1,True,True,0.029659277498722075,0.02869524951092899,0.030673665599897502,0.0005041314368964284,0.9629633599817753,0.02319330024719238,0.006465977251529693,64.0,0.062124248496993974,159.572,18.085,0.084515034,1.436,936.0,64.0,0.9926226374804974,0.9694293372333049,0.9694293372333049,1.0,-0.011823955565690995,-0.013002057909034193,-0.01066057481803,0.0005980969504169425,0.6355,,,1,False,True,0,0.0,0.0,0.0,0.0,0.5,,,1,False,True,0
A,posterior_mean_shrunk,cell,A,1000,beta_good_common_T1000_cap64,beta_good_common,64,10013000,phi_k16_cs,learned,1,1,2000,1,True,True,0.029659277498722075,0.02869524951092899,0.030673665599897502,0.0005041314368964284,0.9629633599817753,0.02319330024719238,0.006465977251529693,64.0,0.062124248496993974,159.572,18.085,0.084515034,1.436,359.435,81.344,0.9926226374804974,0.9694293372333049,0.9694293372333049,1.0,-0.011823955565690995,-0.013002057909034193,-0.01066057481803,0.0005980969504169425,0.6355,,,1,False,True,0,0.0,0.0,0.0,0.0,0.5,,,1,False,True,0
A,posterior_mean_shrunk,cell,A,1000,beta_good_common_T1000_cap64,beta_good_common,64,10013000,phi_k16_famA_only,learned,1,1,2000,1,True,True,0.029664918512105943,0.028707239730283617,0.03068078411743045,0.000503802673976059,0.9629577189683914,0.023216284334659578,0.006448634177446366,63.825,0.061948897795591165,159.5805,18.062,0.084607496,1.4135,6.106,148.09924050632912,0.9926226374804974,0.9694293372333049,0.9694063531458378,0.9875,-0.011818314552307129,-0.012999605969525874,-0.010656985943205655,0.0005968657282178978,0.6355,,,1,False,True,0,5.641013383865357e-06,-0.00012706522429652974,0.00013761952031927645,6.643045142408933e-05,0.50025,,,1,False,True,0
A,posterior_mean_shrunk,cell,A,1000,beta_good_common_T1000_cap64,beta_good_common,64,10013000,phi_k16_famB_only,learned,1,1,2000,1,True,True,0.029659277498722075,0.02869524951092899,0.030673665599897502,0.0005041314368964284,0.9629633599817753,0.02319330024719238,0.006465977251529693,64.0,0.062124248496993974,159.572,18.085,0.084515034,1.436,335.035,83.976,0.9926226374804974,0.9694293372333049,0.9694293372333049,1.0,-0.011823955565690995,-0.013002057909034193,-0.01066057481803,0.0005980969504169425,0.6355,,,1,False,True,0,0.0,0.0,0.0,0.0,0.5,,,1,False,True,0
A,posterior_mean_shrunk,cell,A,1000,beta_good_common_T1000_cap64,beta_good_common,64,10013000,phi_k16_guard,learned,1,1,2000,1,True,True,0.029659277498722075,0.02869524951092899,0.030673665599897502,0.0005041314368964284,0.9629633599817753,0.02319330024719238,0.006465977251529693,64.0,0.062124248496993974,159.572,18.085,0.084515034,1.436,357.7995,81.136,0.9926226374804974,0.9694293372333049,0.9694293372333049,1.0,-0.011823955565690995,-0.013002057909034193,-0.01066057481803,0.0005980969504169425,0.6355,,,1,False,True,0,0.0,0.0,0.0,0.0,0.5,,,1,False,True,0
A,posterior_mean_shrunk,cell,A,1000,beta_good_common_T1000_cap64,beta_good_common,64,10013000,phi_k16_hgb,learned,1,1,2000,1,True,True,0.029659277498722075,0.02869524951092899,0.030673665599897502,0.0005041314368964284,0.9629633599817753,0.02319330024719238,0.006465977251529693,64.0,0.062124248496993974,159.5055,18.085,0.084475145,1.436,715.382,81.336,0.9926226374804974,0.9694293372333049,0.9694293372333049,1.0,-0.011823955565690995,-0.013002057909034193,-0.01066057481803,0.0005980969504169425,0.6355,,,1,False,True,0,0.0,0.0,0.0,0.0,0.5,,,1,False,True,0
A,posterior_mean_shrunk,cell,A,1000,beta_good_common_T1000_cap64,beta_good_common,64,10013000,phi_k16_lucb,learned,1,1,2000,1,True,True,0.029659277498722075,0.02869524951092899,0.030673665599897502,0.0005041314368964284,0.9629633599817753,0.02319330024719238,0.006465977251529693,64.0,0.062124248496993974,159.572,18.085,0.084515034,1.436,302.098,106.152,0.9926226374804974,0.9694293372333049,0.9694293372333049,1.0,-0.011823955565690995,-0.013002057909034193,-0.01066057481803,0.0005980969504169425,0.6355,,,1,False,True,0,0.0,0.0,0.0,0.0,0.5,,,1,False,True,0
A,posterior_mean_shrunk,cell,A,1000,beta_good_common_T1000_cap64,beta_good_common,64,10013000,phi_k16_noT1000,learned,1,1,2000,1,True,True,0.029659277498722075,0.02869524951092899,0.030673665599897502,0.0005041314368964284,0.9629633599817753,0.02319330024719238,0.006465977251529693,64.0,0.062124248496993974,159.572,18.085,0.084515034,1.436,879.895,64.0,0.9926226374804974,0.9694293372333049,0.9694293372333049,1.0,-0.011823955565690995,-0.013002057909034193,-0.01066057481803,0.0005980969504169425,0.6355,,,1,False,True,0,0.0,0.0,0.0,0.0,0.5,,,1,False,True,0
A,posterior_mean_shrunk,cell,A,1000,beta_good_common_T1000_cap64,beta_good_common,64,10013000,phi_k16_noT200,learned,1,1,2000,1,True,True,0.029659277498722075,0.02869524951092899,0.030673665599897502,0.0005041314368964284,0.9629633599817753,0.02319330024719238,0.006465977251529693,64.0,0.062124248496993974,159.572,18.085,0.084515034,1.436,417.856,80.024,0.9926226374804974,0.9694293372333049,0.9694293372333049,1.0,-0.011823955565690995,-0.013002057909034193,-0.01066057481803,0.0005980969504169425,0.6355,,,1,False,True,0,0.0,0.0,0.0,0.0,0.5,,,1,False,True,0
A,posterior_mean_shrunk,cell,A,1000,beta_good_common_T1000_cap64,beta_good_common,64,10013000,phi_k16_noambig,learned,1,1,2000,1,True,True,0.029659277498722075,0.02869524951092899,0.030673665599897502,0.0005041314368964284,0.9629633599817753,0.02319330024719238,0.006465977251529693,64.0,0.062124248496993974,159.572,18.085,0.084515034,1.436,727.234,64.936,0.9926226374804974,0.9694293372333049,0.9694293372333049,1.0,-0.011823955565690995,-0.013002057909034193,-0.01066057481803,0.0005980969504169425,0.6355,,,1,False,True,0,0.0,0.0,0.0,0.0,0.5,,,1,False,True,0
A,posterior_mean_shrunk,cell,A,1000,beta_good_common_T1000_cap64,beta_good_common,64,10013000,phi_k16_nopolicy,learned,1,1,2000,1,True,True,0.029659277498722075,0.02869524951092899,0.030673665599897502,0.0005041314368964284,0.9629633599817753,0.02319330024719238,0.006465977251529693,64.0,0.062124248496993974,159.572,18.085,0.084515034,1.436,631.767,74.36,0.9926226374804974,0.9694293372333049,0.9694293372333049,1.0,-0.011823955565690995,-0.013002057909034193,-0.01066057481803,0.0005980969504169425,0.6355,,,1,False,True,0,0.0,0.0,0.0,0.0,0.5,,,1,False,True,0
A,posterior_mean_shrunk,cell,A,1000,beta_good_common_T1000_cap64,beta_good_common,64,10013000,phi_k16_notrunc,learned,1,1,2000,1,True,True,0.029659277498722075,0.02869524951092899,0.030673665599897502,0.0005041314368964284,0.9629633599817753,0.02319330024719238,0.006465977251529693,64.0,0.062124248496993974,159.572,18.085,0.084515034,1.436,655.191,64.032,0.9926226374804974,0.9694293372333049,0.9694293372333049,1.0,-0.011823955565690995,-0.013002057909034193,-0.01066057481803,0.0005980969504169425,0.6355,,,1,False,True,0,0.0,0.0,0.0,0.0,0.5,,,1,False,True,0
A,posterior_mean_shrunk,cell,A,1000,beta_good_common_T1000_cap64,beta_good_common,64,10013000,phi_k16_onpolicy_only,learned,1,1,2000,1,True,True,0.10011673049628735,0.09604749027639628,0.10431815665215254,0.0021400141417623315,0.8925059069842101,0.09197026024758816,0.008146470248699187,29.097,0.02715130260521042,391.2715,7.5575,0.35191202999999993,1.535,39.101,856.2095531587057,0.9926226374804974,0.9694293372333049,0.9006523772329093,0.3245,0.05863349743187427,0.0545784586109221,0.06278997752815485,0.002118935681417065,0.29500000000000004,,,1,False,True,0,0.07045745299756527,0.06634143125265837,0.07462162859737873,0.0021433370508801798,0.21650000000000003,,,1,False,True,0
A,posterior_mean_shrunk,cell,A,1000,beta_good_common_T1000_cap64,beta_good_common,64,10013000,phi_k16_onpolicy_union,learned,1,1,2000,1,True,True,0.029659277498722075,0.02869524951092899,0.030673665599897502,0.0005041314368964284,0.9629633599817753,0.02319330024719238,0.006465977251529693,64.0,0.062124248496993974,159.572,18.085,0.084515034,1.436,394.062,92.584,0.9926226374804974,0.9694293372333049,0.9694293372333049,1.0,-0.011823955565690995,-0.013002057909034193,-0.01066057481803,0.0005980969504169425,0.6355,,,1,False,True,0,0.0,0.0,0.0,0.0,0.5,,,1,False,True,0
A,posterior_mean_shrunk,cell,A,1000,beta_good_common_T1000_cap64,beta_good_common,64,10013000,phi_k16_perstep,learned,1,1,2000,1,True,True,0.029659277498722075,0.02869524951092899,0.030673665599897502,0.0005041314368964284,0.9629633599817753,0.02319330024719238,0.006465977251529693,64.0,0.062124248496993974,159.572,18.085,0.084515034,1.436,359.75,71.9385,0.9926226374804974,0.9694293372333049,0.9694293372333049,1.0,-0.011823955565690995,-0.013002057909034193,-0.01066057481803,0.0005980969504169425,0.6355,,,1,False,True,0,0.0,0.0,0.0,0.0,0.5,,,1,False,True,0
A,posterior_mean_shrunk,cell,A,1000,beta_good_common_T1000_cap64,beta_good_common,64,10013000,phi_k16_quality,learned,1,1,2000,1,True,True,0.029659277498722075,0.02869524951092899,0.030673665599897502,0.0005041314368964284,0.9629633599817753,0.02319330024719238,0.006465977251529693,64.0,0.062124248496993974,159.572,18.085,0.084515034,1.436,324.496,80.312,0.9926226374804974,0.9694293372333049,0.9694293372333049,1.0,-0.011823955565690995,-0.013002057909034193,-0.01066057481803,0.0005980969504169425,0.6355,,,1,False,True,0,0.0,0.0,0.0,0.0,0.5,,,1,False,True,0
A,posterior_mean_shrunk,cell,A,1000,beta_good_common_T1000_cap64,beta_good_common,64,10013000,phi_k16_tau05,learned,1,1,2000,1,True,True,0.029659277498722075,0.02869524951092899,0.030673665599897502,0.0005041314368964284,0.9629633599817753,0.02319330024719238,0.006465977251529693,64.0,0.062124248496993974,159.572,18.085,0.084515034,1.436,357.875,81.136,0.9926226374804974,0.9694293372333049,0.9694293372333049,1.0,-0.011823955565690995,-0.013002057909034193,-0.01066057481803,0.0005980969504169425,0.6355,,,1,False,True,0,0.0,0.0,0.0,0.0,0.5,,,1,False,True,0
A,posterior_mean_shrunk,cell,A,1000,beta_good_common_T1000_cap64,beta_good_common,64,10013000,phi_k16_weighted,learned,1,1,2000,1,True,True,0.029609895199537276,0.028650761814787984,0.030617313412949442,0.0005029750787107588,0.9630127422809601,0.02322690036892891,0.006382994830608368,63.657,0.06178056112224447,160.1545,17.989,0.084996358,1.44,75.463,145.0333162480779,0.9926226374804974,0.9694293372333049,0.9693957371115685,0.9755,-0.011873337864875794,-0.013051720499061049,-0.010723014688119294,0.0005973974610940658,0.6367499999999999,,,1,False,True,0,-4.938229918479919e-05,-0.00016029518264986108,6.324515743472138e-05,5.662340729756887e-05,0.502,,,1,False,True,0
A,posterior_mean_shrunk,cell,A,1000,beta_good_common_T1000_cap64,beta_good_common,64,10013000,phi_k4,learned,1,1,2000,1,True,True,0.029659277498722075,0.02869524951092899,0.030673665599897502,0.0005041314368964284,0.9629633599817753,0.02319330024719238,0.006465977251529693,64.0,0.062124248496993974,159.572,18.085,0.084515034,1.436,893.994,71.4,0.9926226374804974,0.9694293372333049,0.9694293372333049,1.0,-0.011823955565690995,-0.013002057909034193,-0.01066057481803,0.0005980969504169425,0.6355,,,1,False,True,0,0.0,0.0,0.0,0.0,0.5,,,1,False,True,0
A,posterior_mean_shrunk,cell,A,1000,beta_good_common_T1000_cap64,beta_good_common,64,10013000,phi_reservoir_rule,learned,1,1,2000,1,True,True,0.029659277498722075,0.02869524951092899,0.030673665599897502,0.0005041314368964284,0.9629633599817753,0.02319330024719238,0.006465977251529693,64.0,0.062124248496993974,159.572,18.085,0.084515034,1.436,800.67,80.328,0.9926226374804974,0.9694293372333049,0.9694293372333049,1.0,-0.011823955565690995,-0.013002057909034193,-0.01066057481803,0.0005980969504169425,0.6355,,,1,False,True,0,0.0,0.0,0.0,0.0,0.5,,,1,False,True,0
A,posterior_mean_shrunk,cell,A,1000,beta_good_common_T1000_cap64,beta_good_common,64,10013000,phi_sf_k16,learned,1,1,2000,1,True,True,0.029659277498722075,0.02869524951092899,0.030673665599897502,0.0005041314368964284,0.9629633599817753,0.02319330024719238,0.006465977251529693,64.0,0.062124248496993974,159.572,18.085,0.084515034,1.436,731.366,82.168,0.9926226374804974,0.9694293372333049,0.9694293372333049,1.0,-0.011823955565690995,-0.013002057909034193,-0.01066057481803,0.0005980969504169425,0.6355,,,1,False,True,0,0.0,0.0,0.0,0.0,0.5,,,1,False,True,0
A,posterior_mean_shrunk,cell,A,1000,beta_good_common_T1000_cap64,beta_good_common,64,10013000,phi_sf_k16_noT1000,learned,1,1,2000,1,True,True,0.02973482471704483,0.028782146517187357,0.03074228102341294,0.0005026474556936907,0.9628878127634525,0.023429036647081375,0.006305788069963455,62.897,0.061019038076152284,161.471,17.7725,0.085902974,1.4395,149.677,195.4650785056849,0.9926226374804974,0.9694293372333049,0.969193600833416,0.9235,-0.01174840834736824,-0.012920163571834564,-0.01058594232890755,0.0005933238375488006,0.6355,,,1,False,True,0,7.55472183227539e-05,-0.00013171273676562112,0.0002869994641514494,0.00010661810592089494,0.50175,,,1,False,True,0
A,posterior_mean_shrunk,cell,A,1000,beta_good_common_T1000_cap64,beta_good_common,64,10013000,power_a0.25,baseline,1,1,2000,1,True,True,0.029659277498722075,0.02869524951092899,0.030673665599897502,0.0005041314368964284,0.9629633599817753,0.02319330024719238,0.006465977251529693,64.0,0.062124248496993974,159.572,18.085,0.084515034,1.436,,272.0,0.9926226374804974,0.9694293372333049,0.9694293372333049,1.0,-0.011823955565690995,-0.013002057909034193,-0.01066057481803,0.0005980969504169425,0.6355,,,1,False,True,0,0.0,0.0,0.0,0.0,0.5,,,1,False,True,0
A,posterior_mean_shrunk,cell,A,1000,beta_good_common_T1000_cap64,beta_good_common,64,10013000,power_a0.33,baseline,1,1,2000,1,True,True,0.029659277498722075,0.02869524951092899,0.030673665599897502,0.0005041314368964284,0.9629633599817753,0.02319330024719238,0.006465977251529693,64.0,0.062124248496993974,159.572,18.085,0.084515034,1.436,,393.0,0.9926226374804974,0.9694293372333049,0.9694293372333049,1.0,-0.011823955565690995,-0.013002057909034193,-0.01066057481803,0.0005980969504169425,0.6355,,,1,False,True,0,0.0,0.0,0.0,0.0,0.5,,,1,False,True,0
A,posterior_mean_shrunk,cell,A,1000,beta_good_common_T1000_cap64,beta_good_common,64,10013000,power_a0.5,baseline,1,1,2000,1,True,True,0.029659277498722075,0.02869524951092899,0.030673665599897502,0.0005041314368964284,0.9629633599817753,0.02319330024719238,0.006465977251529693,64.0,0.062124248496993974,159.572,18.085,0.084515034,1.436,,87.0,0.9926226374804974,0.9694293372333049,0.9694293372333049,1.0,-0.011823955565690995,-0.013002057909034193,-0.01066057481803,0.0005980969504169425,0.6355,,,1,False,True,0,0.0,0.0,0.0,0.0,0.5,,,1,False,True,0
A,posterior_mean_shrunk,cell,A,1000,beta_good_common_T1000_cap64,beta_good_common,64,10013000,power_a0.67,baseline,1,1,2000,1,True,True,0.02947579634189606,0.02851133542135358,0.030473464215174318,0.0004975212565788845,0.9631468411386013,0.02319330024719238,0.006282496094703674,64.0,0.062124248496993974,158.3125,17.384,0.083312721,1.7295,,480.0,0.9926226374804974,0.9694293372333049,0.9694293372333049,1.0,-0.012007436722517013,-0.013189419475384056,-0.010852739005349577,0.0005929231286189595,0.6367499999999999,,,1,False,True,0,-0.00018348115682601928,-0.0003674652354675345,-2.2920375386092996e-05,8.772904414551671e-05,0.49975,,,1,False,True,0
A,posterior_mean_shrunk,cell,A,1000,beta_good_common_T1000_cap64,beta_good_common,64,10013000,refine_after_init,baseline,1,1,2000,1,True,True,0.08629549971222877,0.08388124611228705,0.08877703491598368,0.0012373540687417382,0.9063271377682686,0.08395828628540039,0.0023372134268283846,8.0,0.006012024048096194,421.003,0.073,0.35251342399999996,2.0105,,,0.9926226374804974,0.9694293372333049,0.9086643511950969,0.0,0.04481226664781571,0.04245716212317348,0.04724557846784592,0.0012272367526115827,0.20600000000000002,,,1,False,True,0,0.0566362222135067,0.054121605958789586,0.05919655868783593,0.001273340288648931,0.14,,,1,False,True,0
A,posterior_mean_shrunk,cell,A,1000,beta_good_common_T1000_cap64,beta_good_common,64,10013000,rule_reservoir,rule,1,1,2000,1,True,True,0.029659277498722075,0.02869524951092899,0.030673665599897502,0.0005041314368964284,0.9629633599817753,0.02319330024719238,0.006465977251529693,64.0,0.062124248496993974,159.572,18.085,0.084515034,1.436,321.174,64.0,0.9926226374804974,0.9694293372333049,0.9694293372333049,1.0,-0.011823955565690995,-0.013002057909034193,-0.01066057481803,0.0005980969504169425,0.6355,,,1,False,True,0,0.0,0.0,0.0,0.0,0.5,,,1,False,True,0
A,posterior_mean_shrunk,cell,A,1000,beta_good_common_T1000_cap64,beta_good_common,64,10013000,uniform,baseline,1,1,2000,1,True,True,0.029519092679023744,0.028567620925605296,0.030520863039419054,0.0004984311007331256,0.9631035448014736,0.02319330024719238,0.00632579243183136,64.0,0.062124248496993974,159.231,17.633,0.08419684499999999,1.6225,,125.917,0.9926226374804974,0.9694293372333049,0.9694293372333049,1.0,-0.011964140385389328,-0.013139773881994188,-0.010812365543097257,0.0005933603043181547,0.636,,,1,False,True,0,-0.00014018481969833374,-0.00028743847724399524,-1.8204980415248498e-05,6.881989049086367e-05,0.501,,,1,False,True,0
A,posterior_mean_shrunk,cell,A,100,beta_good_common_T100_cap64,beta_good_common,64,10004000,always_search,baseline,1,1,2000,1,True,True,0.10472189566493034,0.10101503636687995,0.108558096177876,0.0019341243642523075,0.8713230711519718,0.006027543991804123,0.09869435167312622,64.0,0.6326530612244898,9.6355,55.059,0.037627,0.0,,64.0,0.9760449668169021,0.9700174228250981,0.9700174228250981,1.0,0.0193240065574646,0.014753837953321636,0.023999243974685665,0.0023681730348212517,0.44275000000000003,,,1,False,True,0,0.026249043866991995,0.022020184108987453,0.030529089644551276,0.002142266534949225,0.40800000000000003,,,1,False,True,0
A,posterior_mean_shrunk,cell,A,100,beta_good_common_T100_cap64,beta_good_common,64,10004000,cp0,reference,1,1,2000,1,True,True,0.08539788910746575,0.08242333773523569,0.08841436486691237,0.0015199086308791022,0.8906470777094364,0.06163650572299957,0.02376138338446617,9.0,0.0714285714285714,25.5915,0.927,0.192138,0.0685,,,0.9760449668169021,0.9700174228250981,0.9144084610939026,0.0,0.0,0.0,0.0,0.0,0.5,,,1,False,True,0,0.006925037309527397,0.0030116005742456767,0.010858063725754616,0.0020060782248279684,0.4565,,,1,False,True,0
A,posterior_mean_shrunk,cell,A,100,beta_good_common_T100_cap64,beta_good_common,64,10004000,fixed_K16,baseline,1,1,2000,1,True,True,0.07343058043718338,0.07067036535590887,0.07631723843514919,0.001437687619622005,0.9026143863797188,0.03854708328843117,0.03488349714875221,16.0,0.1428571428571428,20.658,4.7365,0.1386643,0.0,,,0.9760449668169021,0.9700174228250981,0.937497883528471,0.0,-0.011967308670282364,-0.01507817858364433,-0.008900299668312074,0.0015616509147778818,0.557,,,1,False,True,0,-0.005042271360754967,-0.00861545852385461,-0.0015308182482840506,0.0017920569896787762,0.51425,,,1,False,True,0
A,posterior_mean_shrunk,cell,A,100,beta_good_common_T100_cap64,beta_good_common,64,10004000,p3_star,reference,1,1,2000,1,True,True,0.07847285179793835,0.07539339177310467,0.08159090802073479,0.001571720935389611,0.8975721150189638,0.016720001339912416,0.061752850458025935,36.0,0.34693877551020413,13.2475,21.9605,0.0709709,0.0,,,0.9760449668169021,0.9700174228250981,0.9593249654769898,0.0,-0.006925037309527397,-0.010858063725754617,-0.0030116005742456767,0.0020060782248279684,0.5435,,,1,False,True,0,0.0,0.0,0.0,0.0,0.5,,,1,False,True,0
A,posterior_mean_shrunk,cell,A,100,beta_good_common_T100_cap64,beta_good_common,64,10004000,phi_k1,learned,1,1,2000,1,True,True,0.07335715433955192,0.07042095717042685,0.07632742803543806,0.0015078614764605953,0.9026878124773502,0.021239565700292586,0.05211758863925934,28.9545,0.27504591836734693,14.6345,14.2365,0.0837937,0.0,0.0,,0.9760449668169021,0.9700174228250981,0.9548054011166096,0.0,-0.012040734767913818,-0.01576427570544183,-0.00832858078647405,0.001924357582104945,0.5575,,,1,False,True,0,-0.0051156974583864215,-0.007770408899523316,-0.002507901209173725,0.0013622351301325931,0.5205,,,1,False,True,0
A,posterior_mean_shrunk,cell,A,100,beta_good_common_T100_cap64,beta_good_common,64,10004000,phi_k16,learned,1,1,2000,1,True,True,0.07237166947126389,0.06960817351937294,0.07524008378386497,0.0014373105716940094,0.9036732973456383,0.03448784443736076,0.03788382503390312,18.064,0.1639183673469388,19.322,5.741,0.125136,0.0,0.0,,0.9760449668169021,0.9700174228250981,0.9415571223795414,0.0,-0.013026219636201859,-0.01630792198702693,-0.00969270260538906,0.0016757124905957656,0.56275,,,1,False,True,0,-0.006101182326674461,-0.00955922291614115,-0.002730332891223953,0.00172670324408554,0.52075,,,1,False,True,0
A,posterior_mean_shrunk,cell,A,100,beta_good_common_T100_cap64,beta_good_common,64,10004000,phi_k16_all71,learned,1,1,2000,1,True,True,0.07248821291327477,0.06968844309449196,0.0753548877313733,0.0014391962776543832,0.9035567539036274,0.03423695909976959,0.03825125381350517,18.328,0.16661224489795923,19.173,5.8955,0.1239744,0.0,0.0,,0.9760449668169021,0.9700174228250981,0.9418080077171326,0.0,-0.01290967619419098,-0.016218814812600613,-0.009566479199565948,0.0016812827017306604,0.562,,,1,False,True,0,-0.0059846388846635816,-0.009450668841600418,-0.0025902591936755926,0.0017208334083797863,0.5205,,,1,False,True,0
A,posterior_mean_shrunk,cell,A,100,beta_good_common_T100_cap64,beta_good_common,64,10004000,phi_k16_clock,learned,1,1,2000,1,True,True,0.07482728530466556,0.07173501905053854,0.0779356099665165,0.001541672865237484,0.9012176815122366,0.017866493672132493,0.05696079163253307,34.0,0.32653061224489793,13.926,20.0285,0.0763,0.0,0.0,,0.9760449668169021,0.9700174228250981,0.9581784731447697,0.0,-0.010570603802800178,-0.014372494863346217,-0.0067933734273538,0.0019752073000952144,0.553,,,1,False,True,0,-0.0036455664932727814,-0.005291300930548459,-0.002013141056522727,0.000826131329317414,0.518,,,1,False,True,0
A,posterior_mean_shrunk,cell,A,100,beta_good_common_T100_cap64,beta_good_common,64,10004000,phi_k16_cs,learned,1,1,2000,1,True,True,0.07237166947126389,0.06960817351937294,0.07524008378386497,0.0014373105716940094,0.9036732973456383,0.03448784443736076,0.03788382503390312,18.064,0.1639183673469388,19.322,5.741,0.125136,0.0,0.0,,0.9760449668169021,0.9700174228250981,0.9415571223795414,0.0,-0.013026219636201859,-0.01630792198702693,-0.00969270260538906,0.0016757124905957656,0.56275,,,1,False,True,0,-0.006101182326674461,-0.00955922291614115,-0.002730332891223953,0.00172670324408554,0.52075,,,1,False,True,0
A,posterior_mean_shrunk,cell,A,100,beta_good_common_T100_cap64,beta_good_common,64,10004000,phi_k16_famA_only,learned,1,1,2000,1,True,True,0.07244333899021149,0.06967249400913715,0.07530360389500856,0.0014391975581064824,0.9036016278266906,0.0347187303006649,0.037724608689546586,18.008,0.1633469387755102,19.3455,5.6975,0.1253278,0.0,0.0,,0.9760449668169021,0.9700174228250981,0.9413262365162373,0.0,-0.012954550117254257,-0.016231913305819034,-0.009646222554147245,0.0016717031852408405,0.56225,,,1,False,True,0,-0.00602951280772686,-0.009493525908328592,-0.0026682888506911716,0.0017274674285486645,0.5197499999999999,,,1,False,True,0
A,posterior_mean_shrunk,cell,A,100,beta_good_common_T100_cap64,beta_good_common,64,10004000,phi_k16_famB_only,learned,1,1,2000,1,True,True,0.07243369939923286,0.06965879518538713,0.07529126368463039,0.0014389264733669926,0.9036112674176693,0.03463755160570145,0.037796147793531416,18.04,0.16367346938775512,19.331,5.7235,0.12521690000000002,0.0,0.0,,0.9760449668169021,0.9700174228250981,0.9414074152112007,0.0,-0.01296418970823288,-0.016228412464261054,-0.00964185358025134,0.0016740005121396338,0.5625,,,1,False,True,0,-0.006039152398705483,-0.009506112732924519,-0.0026657357288058852,0.0017274755247097269,0.52025,,,1,False,True,0
A,posterior_mean_shrunk,cell,A,100,beta_good_common_T100_cap64,beta_good_common,64,10004000,phi_k16_guard,learned,1,1,2000,1,True,True,0.07242743006348609,0.06963672582060099,0.07528899069875479,0.0014383095500780498,0.903617536753416,0.034592336356639865,0.037835093706846235,18.025,0.1635204081632653,19.3375,5.7125,0.1252599,0.0,0.0,,0.9760449668169021,0.9700174228250981,0.9414526304602623,0.0,-0.012970459043979645,-0.016245066095143555,-0.009629696095362307,0.0016754960790392604,0.563,,,1,False,True,0,-0.006045421734452248,-0.009512051055207848,-0.0026727504562586556,0.0017279231640778335,0.52,,,1,False,True,0
A,posterior_mean_shrunk,cell,A,100,beta_good_common_T100_cap64,beta_good_common,64,10004000,phi_k16_hgb,learned,1,1,2000,1,True,True,0.07668992322683334,0.07371718995273113,0.07968167662620544,0.001530442021036295,0.8993550435900688,0.01995097863674164,0.056738944590091704,32.396,0.31016326530612254,16.3795,20.58,0.0922202,0.0,0.0,,0.9760449668169021,0.9700174228250981,0.9560939881801606,0.0,-0.0087079658806324,-0.012160505866631866,-0.005242027633357793,0.0017458682766055829,0.54225,,,1,False,True,0,-0.0017829285711050034,-0.005230727756861597,0.0016108503274153917,0.0017302403145629934,0.50475,,,1,False,True,0
A,posterior_mean_shrunk,cell,A,100,beta_good_common_T100_cap64,beta_good_common,64,10004000,phi_k16_lucb,learned,1,1,2000,1,True,True,0.072416209846735,0.06964778508991003,0.07527268696576357,0.0014387095677318928,0.9036287569701672,0.034578967988491055,0.03783724185824394,18.048,0.16375510204081634,19.329,5.7285,0.1251972,0.0,0.0,,0.9760449668169021,0.9700174228250981,0.9414659988284111,0.0,-0.012981679260730744,-0.016256188927218317,-0.009665103140287106,0.0016740241180425643,0.56275,,,1,False,True,0,-0.006056641951203346,-0.00952757759951055,-0.0026821946376003325,0.0017273563103994292,0.5205,,,1,False,True,0
A,posterior_mean_shrunk,cell,A,100,beta_good_common_T100_cap64,beta_good_common,64,10004000,phi_k16_noT1000,learned,1,1,2000,1,True,True,0.0725307565331459,0.06973038744181395,0.07539510019123555,0.0014455124981444317,0.9035142102837562,0.03305506041646004,0.03947569611668587,19.005,0.17352040816326533,18.8915,6.389,0.12165780000000001,0.0,0.0,,0.9760449668169021,0.9700174228250981,0.9429899064004421,0.0,-0.01286713257431984,-0.01622674507088959,-0.009484949684701864,0.0017081956041760243,0.56025,,,1,False,True,0,-0.005942095264792442,-0.009441428631544114,-0.0025737620773725214,0.0017237749234842376,0.521,,,1,False,True,0
A,posterior_mean_shrunk,cell,A,100,beta_good_common_T100_cap64,beta_good_common,64,10004000,phi_k16_noT200,learned,1,1,2000,1,True,True,0.07231827342510223,0.06954641137272119,0.0751813355833292,0.0014373370563095724,0.9037266933917999,0.034365805715322495,0.03795246770977974,18.16,0.1648979591836735,19.2805,5.8065,0.12480250000000001,0.0,0.0,,0.9760449668169021,0.9700174228250981,0.9416791611015797,0.0,-0.01307961568236351,-0.01633363291621208,-0.009712130320258439,0.0016796283223006895,0.5635,,,1,False,True,0,-0.006154578372836113,-0.009625267097726464,-0.00278388709994033,0.0017228047413702743,0.5209999999999999,,,1,False,True,0
A,posterior_mean_shrunk,cell,A,100,beta_good_common_T100_cap64,beta_good_common,64,10004000,phi_k16_noambig,learned,1,1,2000,1,True,True,0.07201701325178146,0.06926750186830759,0.07488838657736778,0.0014408673092609265,0.9040279535651207,0.03130556052923202,0.04071145272254944,20.081,0.18450000000000003,18.313,7.068,0.11682230000000002,0.0,0.0,,0.9760449668169021,0.9700174228250981,0.9447394062876702,0.0,-0.01338087585568428,-0.016788686020299794,-0.009941634233109654,0.0017504694221755215,0.55925,,,1,False,True,0,-0.006455838546156883,-0.00983018260449171,-0.0031391286349389705,0.0016842466336589451,0.522,,,1,False,True,0
A,posterior_mean_shrunk,cell,A,100,beta_good_common_T100_cap64,beta_good_common,64,10004000,phi_k16_nopolicy,learned,1,1,2000,1,True,True,0.0722677865922451,0.06949781216681003,0.07512524742633105,0.0014364567768997377,0.903777180224657,0.03433016374707222,0.03793762284517288,18.192,0.16522448979591836,19.2735,5.823,0.1247169,0.0,0.0,,0.9760449668169021,0.9700174228250981,0.9417148030698299,0.0,-0.013130102515220642,-0.016419613640755414,-0.009789774334058166,0.0016803369310500638,0.56375,,,1,False,True,0,-0.006205065205693245,-0.00965727148577571,-0.0028302021091803913,0.001721830760149302,0.52125,,,1,False,True,0
A,posterior_mean_shrunk,cell,A,100,beta_good_common_T100_cap64,beta_good_common,64,10004000,phi_k16_notrunc,learned,1,1,2000,1,True,True,0.0717957284450531,0.06906097065657377,0.07464543636888266,0.0014265676013605953,0.904249238371849,0.03305461096763611,0.03874111747741699,19.176,0.175265306122449,18.7155,6.4425,0.119837,0.0,0.0,,0.9760449668169021,0.9700174228250981,0.942990355849266,0.0,-0.013602160662412644,-0.016924879467114805,-0.010293828928843141,0.0016942956097486144,0.5640000000000001,,,1,False,True,0,-0.006677123352885246,-0.010010949312709272,-0.003315418033162132,0.001678046651913135,0.52175,,,1,False,True,0
A,posterior_mean_shrunk,cell,A,100,beta_good_common_T100_cap64,beta_good_common,64,10004000,phi_k16_onpolicy_only,learned,1,1,2000,1,True,True,0.07441797429323196,0.07161368522793055,0.07736113760620356,0.0014658906784980146,0.9016269925236702,0.02536536318063736,0.0490526111125946,26.044,0.24534693877551017,16.8545,12.819,0.1007562,0.0,0.0,,0.9760449668169021,0.9700174228250981,0.9506796036362648,0.0,-0.01097991481423378,-0.01442381094675511,-0.007494957698509099,0.0017452735189285304,0.5485,,,1,False,True,0,-0.004054877504706383,-0.007348917564377188,-0.0007320523247472037,0.0016614814002984893,0.51575,,,1,False,True,0
A,posterior_mean_shrunk,cell,A,100,beta_good_common_T100_cap64,beta_good_common,64,10004000,phi_k16_onpolicy_union,learned,1,1,2000,1,True,True,0.07238440212607383,0.0696117777377367,0.07524598855525255,0.0014371758591271628,0.9036605646908283,0.034446940064430234,0.0379374620616436,18.088,0.16416326530612246,19.3135,5.757,0.1250579,0.0,0.0,,0.9760449668169021,0.9700174228250981,0.941598026752472,0.0,-0.013013486981391906,-0.016287622274830937,-0.009669767296873036,0.0016782120692811159,0.563,,,1,False,True,0,-0.0060884496718645095,-0.009574196208268404,-0.002726244076620788,0.0017241874452336781,0.52075,,,1,False,True,0
A,posterior_mean_shrunk,cell,A,100,beta_good_common_T100_cap64,beta_good_common,64,10004000,phi_k16_perstep,learned,1,1,2000,1,True,True,0.07495481288433074,0.07224184237420558,0.07776949144899845,0.0014028713381759362,0.9010901539325714,0.04927402326464653,0.02568078961968422,11.142,0.09328571428571429,25.7095,2.9245,0.19173219999999996,0.0,0.0,,0.9760449668169021,0.9700174228250981,0.9267709435522556,0.0,-0.010443076223134994,-0.012958566891029477,-0.00791498979087919,0.0012868242420254101,0.55275,,,1,False,True,0,-0.0035180389136075974,-0.007218704267870634,0.00012986667643417592,0.0018631953082016868,0.50275,,,1,False,True,0
A,posterior_mean_shrunk,cell,A,100,beta_good_common_T100_cap64,beta_good_common,64,10004000,phi_k16_quality,learned,1,1,2000,1,True,True,0.07244333899021149,0.06967249400913715,0.07530360389500856,0.0014391975581064824,0.9036016278266906,0.0347187303006649,0.037724608689546586,18.008,0.1633469387755102,19.3455,5.6975,0.1253278,0.0,0.0,,0.9760449668169021,0.9700174228250981,0.9413262365162373,0.0,-0.012954550117254257,-0.016231913305819034,-0.009646222554147245,0.0016717031852408405,0.56225,,,1,False,True,0,-0.00602951280772686,-0.009493525908328592,-0.0026682888506911716,0.0017274674285486645,0.5197499999999999,,,1,False,True,0
A,posterior_mean_shrunk,cell,A,100,beta_good_common_T100_cap64,beta_good_common,64,10004000,phi_k16_tau05,learned,1,1,2000,1,True,True,0.07237166947126389,0.06960817351937294,0.07524008378386497,0.0014373105716940094,0.9036732973456383,0.03448784443736076,0.03788382503390312,18.064,0.1639183673469388,19.322,5.741,0.125136,0.0,0.0,,0.9760449668169021,0.9700174228250981,0.9415571223795414,0.0,-0.013026219636201859,-0.01630792198702693,-0.00969270260538906,0.0016757124905957656,0.56275,,,1,False,True,0,-0.006101182326674461,-0.00955922291614115,-0.002730332891223953,0.00172670324408554,0.52075,,,1,False,True,0
A,posterior_mean_shrunk,cell,A,100,beta_good_common_T100_cap64,beta_good_common,64,10004000,phi_k16_weighted,learned,1,1,2000,1,True,True,0.07294014403223992,0.07011956702917814,0.07583447899669409,0.0014596726258250391,0.9031048227846622,0.03347444379329682,0.0394657002389431,18.693,0.17033673469387758,19.12,6.282,0.1234132,0.0,0.0,,0.9760449668169021,0.9700174228250981,0.9425705230236053,0.0,-0.01245774507522583,-0.01577200130559504,-0.00913259219378233,0.0016915031718614446,0.56025,,,1,False,True,0,-0.005532707765698433,-0.009057924896478652,-0.0021631116338539894,0.0017438448201102402,0.5195,,,1,False,True,0
A,posterior_mean_shrunk,cell,A,100,beta_good_common_T100_cap64,beta_good_common,64,10004000,phi_k4,learned,1,1,2000,1,True,True,0.07241724145412445,0.06957905124872923,0.07534733787178993,0.0014733755394975058,0.9036277253627777,0.023518857181072234,0.048898384273052216,25.891,0.24378571428571422,15.4825,11.183,0.09077420000000001,0.0,0.0,,0.9760449668169021,0.9700174228250981,0.95252610963583,0.0,-0.012980647653341294,-0.016660629492253064,-0.009312046552076937,0.0018871260439298433,0.5585,,,1,False,True,0,-0.006055610343813896,-0.008923770487308502,-0.0031804075057152662,0.001474270068794271,0.5255000000000001,,,1,False,True,0
A,posterior_mean_shrunk,cell,A,100,beta_good_common_T100_cap64,beta_good_common,64,10004000,phi_reservoir_rule,learned,1,1,2000,1,True,True,0.09335536867380143,0.08992121461778879,0.09682836215943098,0.0017660952564273404,0.8826895981431008,0.010066507846117019,0.0832888608276844,51.017,0.500173469387755,10.85,38.927,0.048775599999999995,0.0,0.171,82.71345029239767,0.9760449668169021,0.9700174228250981,0.9659784589707852,0.0855,0.007957479566335678,0.0036325545399449786,0.012282138410955667,0.0022258736986380382,0.4865,,,1,False,True,0,0.014882516875863075,0.011490962468087677,0.0183530205860734,0.0017658538305411673,0.44425000000000003,,,1,False,True,0
A,posterior_mean_shrunk,cell,A,100,beta_good_common_T100_cap64,beta_good_common,64,10004000,phi_sf_k16,learned,1,1,2000,1,True,True,0.07165069025754929,0.06887109056115151,0.07446124125272036,0.0014364877117372047,0.9043942765593529,0.02510997647047043,0.04654071378707886,25.328,0.2380408163265306,16.377,11.49,0.0992547,0.0,0.0,,0.9760449668169021,0.9700174228250981,0.9509349903464317,0.0,-0.013747198849916459,-0.017346885707229375,-0.010172623652033507,0.0018368888664960653,0.56325,,,1,False,True,0,-0.006822161540389061,-0.009526277030818164,-0.004136007349006833,0.0013599836879735134,0.528,,,1,False,True,0
A,posterior_mean_shrunk,cell,A,100,beta_good_common_T100_cap64,beta_good_common,64,10004000,phi_sf_k16_noT1000,learned,1,1,2000,1,True,True,0.0723459560573101,0.06958035342395305,0.07520478405058384,0.0014376217946953584,0.903699010759592,0.03444924223423004,0.03789671382308006,18.112,0.16440816326530613,19.301,5.7685,0.1249706,0.0,0.0,,0.9760449668169021,0.9700174228250981,0.9415957245826722,0.0,-0.01305193305015564,-0.016312078526243567,-0.009708161861635747,0.0016785266425071972,0.5635,,,1,False,True,0,-0.006126895740628242,-0.009600389446131882,-0.0027470192988403165,0.001723715825827126,0.521,,,1,False,True,0
A,posterior_mean_shrunk,cell,A,100,beta_good_common_T100_cap64,beta_good_common,64,10004000,power_a0.25,baseline,1,1,2000,1,True,True,0.08007752181589603,0.07698399033397436,0.08325571101158857,0.001602182661277492,0.8959674450010061,0.015056910187005997,0.06502061162889004,39.0,0.37755102040816324,12.979,25.611,0.06749859999999999,0.0,,,0.9760449668169021,0.9700174228250981,0.9609880566298962,0.0,-0.00532036729156971,-0.009292836603708563,-0.0013448100042296575,0.0020328101242448366,0.5327500000000001,,,1,False,True,0,0.0016046700179576873,-0.000721904092642944,0.003957231866661459,0.001206626582260903,0.489,,,1,False,True,0
A,posterior_mean_shrunk,cell,A,100,beta_good_common_T100_cap64,beta_good_common,64,10004000,power_a0.33,baseline,1,1,2000,1,True,True,0.07847285179793835,0.07539339177310467,0.08159090802073479,0.001571720935389611,0.8975721150189638,0.016720001339912416,0.061752850458025935,36.0,0.34693877551020413,13.2475,21.9605,0.0709709,0.0,,,0.9760449668169021,0.9700174228250981,0.9593249654769898,0.0,-0.006925037309527397,-0.010858063725754617,-0.0030116005742456767,0.0020060782248279684,0.5435,,,1,False,True,0,0.0,0.0,0.0,0.0,0.5,,,1,False,True,0
A,posterior_mean_shrunk,cell,A,100,beta_good_common_T100_cap64,beta_good_common,64,10004000,power_a0.5,baseline,1,1,2000,1,True,True,0.08091418136656284,0.077803866378963,0.08414578922092915,0.001612993551788181,0.8951307854503393,0.015575597435235978,0.06533858393132687,38.0,0.3673469387755102,12.7195,23.9715,0.06657270000000001,0.0,,,0.9760449668169021,0.9700174228250981,0.9604693693816662,0.0,-0.004483707740902901,-0.008450952777639029,-0.0004406095184094745,0.002056470926008437,0.5335,,,1,False,True,0,0.0024413295686244963,0.0006149070395622407,0.004325015598442405,0.000937634003555589,0.49075,,,1,False,True,0
A,posterior_mean_shrunk,cell,A,100,beta_good_common_T100_cap64,beta_good_common,64,10004000,power_a0.67,baseline,1,1,2000,1,True,True,0.08111181960999966,0.07798170279711485,0.0843572972342372,0.0016074560308041495,0.8949331472069025,0.016720001339912416,0.06439181827008725,36.0,0.34693877551020413,12.445,20.8385,0.0659967,0.0,,,0.9760449668169021,0.9700174228250981,0.9593249654769898,0.0,-0.004286069497466087,-0.008193959831260143,-0.00040180076175602356,0.0019997480401499896,0.531,,,1,False,True,0,0.00263896781206131,0.0007630437787156555,0.004554981156252324,0.0009717510671911161,0.48500000000000004,,,1,False,True,0
A,posterior_mean_shrunk,cell,A,100,beta_good_common_T100_cap64,beta_good_common,64,10004000,refine_after_init,baseline,1,1,2000,1,True,True,0.08955971473455429,0.08653270415961742,0.09268027804791927,0.0015690104379870351,0.8864852520823479,0.06744878393411637,0.02211093080043793,8.0,0.06122448979591836,29.0865,1.043,0.22944319999999999,0.022,,,0.9760449668169021,0.9700174228250981,0.9085961828827858,0.0,0.004161825627088547,0.0023263707815203817,0.006034097354859112,0.000945982796105918,0.48050000000000004,,,1,False,True,0,0.011086862936615944,0.007026441430207342,0.01519320358056575,0.0020870540367045683,0.4465,,,1,False,True,0
A,posterior_mean_shrunk,cell,A,100,beta_good_common_T100_cap64,beta_good_common,64,10004000,rule_reservoir,rule,1,1,2000,1,True,True,0.1047870241701603,0.10107408165931701,0.1086042158305645,0.0019341645152446505,0.8712579426467418,0.0060603440701961515,0.09872668009996415,63.9745,0.6323928571428572,9.639,55.03,0.037665199999999996,0.0,3.975,64.00750375187594,0.9760449668169021,0.9700174228250981,0.969984622746706,0.9995,0.01938913506269455,0.014821537374518811,0.02403712077066302,0.002365281890545817,0.44275000000000003,,,1,False,True,0,0.026314172372221948,0.022090168902650476,0.030614752694964407,0.002141130613309922,0.4075,,,1,False,True,0
A,posterior_mean_shrunk,cell,A,100,beta_good_common_T100_cap64,beta_good_common,64,10004000,uniform,baseline,1,1,2000,1,True,True,0.10391240905225277,0.10015477128326893,0.10778277143836021,0.0019332834895178163,0.8721325577646494,0.010124004006385804,0.09378840504586697,51.0145,0.5001479591836735,9.526,36.9245,0.043584500000000005,0.0025,,97.1,0.9760449668169021,0.9700174228250981,0.9659209628105163,0.005,0.018514519944787027,0.013932175491936507,0.02310031629167497,0.002330000529071042,0.4445,,,1,False,True,0,0.025439557254314422,0.021615138649940493,0.02927752719260752,0.0019452169679489296,0.40800000000000003,,,1,False,True,0
A,posterior_mean_shrunk,cell,A,200,beta_good_common_T200_cap64,beta_good_common,64,10007000,always_search,baseline,1,1,2000,1,True,True,0.05914923158288002,0.05680411281064153,0.06156573025509715,0.0012200903050272383,0.9240042437016964,0.012969587326049805,0.046179644256830216,64.0,0.31313131313131315,21.063,38.5965,0.04955810000000001,0.0,,64.0,0.9831534752845764,0.9701838879585266,0.9701838879585266,1.0,-0.009284218698740005,-0.012364835571497677,-0.0061019266839139165,0.0015990625175299022,0.56175,,,1,False,True,0,0.0,0.0,0.0,0.0,0.5,,,1,False,True,0
A,posterior_mean_shrunk,cell,A,200,beta_good_common_T200_cap64,beta_good_common,64,10007000,cp0,reference,1,1,2000,1,True,True,0.06843345028162003,0.06609533820301294,0.07070438843220472,0.0011732386445263963,0.9147200250029563,0.050641417026519774,0.01779203325510025,14.0,0.06060606060606058,43.297,1.694,0.15209812499999997,0.199,,,0.9831534752845764,0.9701838879585266,0.9325120582580566,0.0,0.0,0.0,0.0,0.0,0.5,,,1,False,True,0,0.009284218698740005,0.0061019266839139165,0.012364835571497677,0.0015990625175299022,0.43825,,,1,False,True,0
A,posterior_mean_shrunk,cell,A,200,beta_good_common_T200_cap64,beta_good_common,64,10007000,fixed_K16,baseline,1,1,2000,1,True,True,0.06250803163647652,0.060287534911185506,0.06471030581742525,0.0011215648680986895,0.9206454436480999,0.0458346189558506,0.016673412680625915,16.0,0.07070707070707072,46.34,3.5245,0.160125725,0.0245,,,0.9831534752845764,0.9701838879585266,0.9373188563287258,0.0,-0.005925418645143509,-0.007392807747237384,-0.004421576473396272,0.0007600682790179962,0.5425,,,1,False,True,0,0.0033588000535964965,0.00025736862589838055,0.006388120981864631,0.0015687614603474907,0.47050000000000003,,,1,False,True,0
A,posterior_mean_shrunk,cell,A,200,beta_good_common_T200_cap64,beta_good_common,64,10007000,p3_star,reference,1,1,2000,1,True,True,0.05914923158288002,0.05680411281064153,0.06156573025509715,0.0012200903050272383,0.9240042437016964,0.012969587326049805,0.046179644256830216,64.0,0.31313131313131315,21.063,38.5965,0.04955810000000001,0.0,,70.0,0.9831534752845764,0.9701838879585266,0.9701838879585266,1.0,-0.009284218698740005,-0.012364835571497677,-0.0061019266839139165,0.0015990625175299022,0.56175,,,1,False,True,0,0.0,0.0,0.0,0.0,0.5,,,1,False,True,0
A,posterior_mean_shrunk,cell,A,200,beta_good_common_T200_cap64,beta_good_common,64,10007000,phi_k1,learned,1,1,2000,1,True,True,0.0591398506462574,0.05678349882364273,0.06155296992510557,0.0012192795939336397,0.924013624638319,0.012973037719726563,0.04616681292653084,63.8885,0.3125681818181818,21.0815,38.4765,0.04963612500000001,0.0,17.3415,75.43307493540051,0.9831534752845764,0.9701838879585266,0.9701804375648498,0.9675,-0.009293599635362625,-0.012357404525391757,-0.006134704372379929,0.0015967801912264922,0.56175,,,1,False,True,0,-9.380936622619629e-06,-0.00028174747421871865,0.00026036423805635405,0.00013659811826868264,0.5005,,,1,False,True,0
A,posterior_mean_shrunk,cell,A,200,beta_good_common_T200_cap64,beta_good_common,64,10007000,phi_k16,learned,1,1,2000,1,True,True,0.056028188079595566,0.053993874602019785,0.058103636279702185,0.0010375771099342226,0.9271252872049809,0.03675100535154343,0.01927718272805214,20.824,0.09507070707070707,41.1045,5.75,0.134281925,0.003,0.0,,0.9831534752845764,0.9701838879585266,0.946402469933033,0.0,-0.01240526220202446,-0.014405840495601296,-0.01038173045963049,0.0010388742123869615,0.5754999999999999,,,1,False,True,0,-0.0031210435032844545,-0.006038951931986957,-0.00024965634147520186,0.0014653441486878617,0.5087499999999999,,,1,False,True,0
A,posterior_mean_shrunk,cell,A,200,beta_good_common_T200_cap64,beta_good_common,64,10007000,phi_k16_all71,learned,1,1,2000,1,True,True,0.05458917510509491,0.05252581676468253,0.05667796144261956,0.0010535456352153605,0.9285643001794815,0.03312093889713287,0.021468236207962035,24.056,0.1113939393939394,38.2475,6.916,0.121112625,0.0025,0.0,,0.9831534752845764,0.9701838879585266,0.9500325363874436,0.0,-0.013844275176525115,-0.015993930352851748,-0.01162538817152381,0.0011230701543582557,0.58275,,,1,False,True,0,-0.004560056477785111,-0.0074397734482772645,-0.0017218736611539504,0.001444984057072285,0.5165,,,1,False,True,0
A,posterior_mean_shrunk,cell,A,200,beta_good_common_T200_cap64,beta_good_common,64,10007000,phi_k16_clock,learned,1,1,2000,1,True,True,0.05606612566113472,0.05386956129223108,0.058389353938400744,0.001159314534324169,0.9270873496234417,0.017517993599176405,0.03854813206195831,50.0,0.24242424242424232,22.9,22.9435,0.056928150000000004,0.0,0.0,,0.9831534752845764,0.9701838879585266,0.9656354816854,0.0,-0.012367324620485306,-0.015241405274718999,-0.009436091012321415,0.0014609429834701638,0.591,,,1,False,True,0,-0.0030831059217453004,-0.0053769359248690305,-0.0008275837739347482,0.0011414735971050339,0.519,,,1,False,True,0
A,posterior_mean_shrunk,cell,A,200,beta_good_common_T200_cap64,beta_good_common,64,10007000,phi_k16_cs,learned,1,1,2000,1,True,True,0.05602068120241165,0.05398380691185593,0.05810535307973623,0.0010383360234859644,0.9271327940821648,0.03677399042248726,0.019246690779924393,20.776,0.09482828282828283,41.1495,5.737,0.13453690000000001,0.0035,0.0,,0.9831534752845764,0.9701838879585266,0.9463794848620891,0.0,-0.012412769079208375,-0.014412983949296175,-0.010390310431830585,0.0010382266441184744,0.5762499999999999,,,1,False,True,0,-0.0031285503804683685,-0.006060048833023756,-0.0002465853940520903,0.0014657857855621902,0.5097499999999999,,,1,False,True,0
A,posterior_mean_shrunk,cell,A,200,beta_good_common_T200_cap64,beta_good_common,64,10007000,phi_k16_famA_only,learned,1,1,2000,1,True,True,0.05521848452091217,0.053149047307670116,0.05731985410675407,0.0010550448419250561,0.9279349907636643,0.03481314077973366,0.020405343741178514,22.68,0.10444444444444445,39.3955,6.3755,0.1261759,0.004,0.0,,0.9831534752845764,0.9701838879585266,0.9483403345048428,0.0,-0.013214965760707855,-0.015258559444919228,-0.011143275420181455,0.0010751477841975158,0.585,,,1,False,True,0,-0.003930747061967849,-0.006860210886225103,-0.0010919894557446248,0.001463479733577464,0.515,,,1,False,True,0
A,posterior_mean_shrunk,cell,A,200,beta_good_common_T200_cap64,beta_good_common,64,10007000,phi_k16_famB_only,learned,1,1,2000,1,True,True,0.05739982855319977,0.05534639153629541,0.059508778247982265,0.0010533317116984482,0.9257536467313766,0.0389901750087738,0.018409653544425964,19.36,0.08767676767676769,42.3745,5.1225,0.14027972500000002,0.0065,0.0,,0.9831534752845764,0.9701838879585266,0.9441633002758026,0.0,-0.011033621728420257,-0.012933615245856345,-0.009126690635457636,0.0009808116756522965,0.5685,,,1,False,True,0,-0.001749403029680252,-0.00473459301283583,0.0011201682529645035,0.001494413088949735,0.49875,,,1,False,True,0
A,posterior_mean_shrunk,cell,A,200,beta_good_common_T200_cap64,beta_good_common,64,10007000,phi_k16_guard,learned,1,1,2000,1,True,True,0.056038680523633956,0.05401618452742696,0.05810343213379383,0.001038020803757871,0.9271147947609425,0.036801708310842514,0.019236972212791442,20.7965,0.09493181818181819,41.1135,5.732,0.13432775,0.003,0.0,,0.9831534752845764,0.9701838879585266,0.9463517669737339,0.0,-0.012394769757986068,-0.014394877385348082,-0.01036410650704056,0.0010389797457618945,0.57525,,,1,False,True,0,-0.0031105510592460634,-0.006026516819838432,-0.00024229358459706437,0.0014665293540355397,0.5087499999999999,,,1,False,True,0
A,posterior_mean_shrunk,cell,A,200,beta_good_common_T200_cap64,beta_good_common,64,10007000,phi_k16_hgb,learned,1,1,2000,1,True,True,0.05784545788168907,0.05562317725270986,0.060161516442894934,0.0011269102594696943,0.9253080174028874,0.019307385474443436,0.03853807240724563,48.041,0.23253030303030303,29.2455,27.8015,0.078118575,0.0,0.832,191.14893617021278,0.9831534752845764,0.9701838879585266,0.963846089810133,0.094,-0.010587992399930954,-0.012930419528856872,-0.008177703921683132,0.0012242236439044352,0.56975,,,1,False,True,0,-0.0013037737011909484,-0.004160730831790715,0.0015679604170145463,0.001445833501809837,0.49924999999999997,,,1,False,True,0
A,posterior_mean_shrunk,cell,A,200,beta_good_common_T200_cap64,beta_good_common,64,10007000,phi_k16_lucb,learned,1,1,2000,1,True,True,0.05613512596487999,0.054106571897864345,0.058191189914941786,0.0010367828074342724,0.9270183493196964,0.03775259277224541,0.01838253319263458,19.952,0.09066666666666667,42.05,5.431,0.13877527500000003,0.0065,0.0,,0.9831534752845764,0.9701838879585266,0.945400882512331,0.0,-0.012298324316740036,-0.014269049768336116,-0.010341465822421014,0.0010151469180217992,0.57575,,,1,False,True,0,-0.0030141056180000305,-0.005974388844333589,-0.00013830015304847648,0.0014762698736642528,0.50825,,,1,False,True,0
A,posterior_mean_shrunk,cell,A,200,beta_good_common_T200_cap64,beta_good_common,64,10007000,phi_k16_noT1000,learned,1,1,2000,1,True,True,0.05319424730539322,0.05116489361971617,0.05531462002545595,0.0010626315831531383,0.9299592279791832,0.029021355509757995,0.024172891795635223,27.971,0.13116666666666668,34.6815,8.351,0.10537432500000002,0.0,0.021,96.0,0.9831534752845764,0.9701838879585266,0.9541321197748184,0.0025,-0.015239202976226806,-0.017507278360426426,-0.012882983498275281,0.0011914550550108348,0.5952500000000001,,,1,False,True,0,-0.005954984277486801,-0.008709226828068494,-0.003159638267243281,0.001413839180104995,0.524,,,1,False,True,0
A,posterior_mean_shrunk,cell,A,200,beta_good_common_T200_cap64,beta_good_common,64,10007000,phi_k16_noT200,learned,1,1,2000,1,True,True,0.05501011198759079,0.052984614949673416,0.057098022382706407,0.0010524337605344583,0.9281433632969857,0.033924322932958606,0.02108578905463219,23.49,0.10853535353535354,38.455,6.782,0.1225298,0.0,0.03,93.33333333333333,0.9831534752845764,0.9701838879585266,0.9492291523516179,0.003,-0.013423338294029237,-0.015539623028598725,-0.011308796587400138,0.0010892544384044933,0.58325,,,1,False,True,0,-0.00413911959528923,-0.007031335413921623,-0.0013140877097612262,0.0014544513540092586,0.5165000000000001,,,1,False,True,0
A,posterior_mean_shrunk,cell,A,200,beta_good_common_T200_cap64,beta_good_common,64,10007000,phi_k16_noambig,learned,1,1,2000,1,True,True,0.05349148404598236,0.051379346381872894,0.055687008704990146,0.0011080472415127022,0.929661991238594,0.026669266641139985,0.026822217404842377,31.19,0.14742424242424243,31.903,9.509,0.09251527500000001,0.0,0.01,88.0,0.9831534752845764,0.9701838879585266,0.9564842086434364,0.001,-0.014941966235637665,-0.017370764771476387,-0.012383732059970499,0.0012833309343637828,0.59625,,,1,False,True,0,-0.0056577475368976594,-0.008487617340870201,-0.002791975613217803,0.0014236199689480063,0.5237499999999999,,,1,False,True,0
A,posterior_mean_shrunk,cell,A,200,beta_good_common_T200_cap64,beta_good_common,64,10007000,phi_k16_nopolicy,learned,1,1,2000,1,True,True,0.05434959247708321,0.052170726004987955,0.05661712987348437,0.001136751664392106,0.9288038828074933,0.02438946533203125,0.029960127145051956,35.152,0.16743434343434346,29.0845,11.3605,0.079749325,0.0,0.0,,0.9831534752845764,0.9701838879585266,0.9587640099525452,0.0,-0.014083857804536819,-0.01662383251823485,-0.01150418194010854,0.0013317871554321013,0.59575,,,1,False,True,0,-0.004799639105796814,-0.0075630682869814335,-0.0019842559937387713,0.0013944369229753212,0.5205,,,1,False,True,0
A,posterior_mean_shrunk,cell,A,200,beta_good_common_T200_cap64,beta_good_common,64,10007000,phi_k16_notrunc,learned,1,1,2000,1,True,True,0.05560478743910789,0.0534348932094872,0.057900892850011584,0.0011623701616611745,0.9275486878454685,0.02289974844455719,0.032705038994550704,38.727,0.185489898989899,27.368,13.8215,0.0734513,0.0,0.001,80.0,0.9831534752845764,0.9701838879585266,0.9602537268400192,0.0005,-0.01282866284251213,-0.015396523382514715,-0.010155096906237305,0.0013631976216840797,0.58975,,,1,False,True,0,-0.003544444143772125,-0.006136044755112379,-0.000835631738300436,0.0013320959805982499,0.5195000000000001,,,1,False,True,0
A,posterior_mean_shrunk,cell,A,200,beta_good_common_T200_cap64,beta_good_common,64,10007000,phi_k16_onpolicy_only,learned,1,1,2000,1,True,True,0.05778641676902771,0.05559251466766,0.05998269068077207,0.0011300383216626287,0.9253670585155487,0.022911356210708618,0.03487506055831909,41.876,0.2013939393939394,29.855,22.1135,0.085461575,0.0,2.229,172.36610169491524,0.9831534752845764,0.9701838879585266,0.9602421190738678,0.1475,-0.010647033512592316,-0.012968550366349519,-0.008301774715073408,0.0012067167365366295,0.5715,,,1,False,True,0,-0.0013628148138523101,-0.004241600958630442,0.0014272202446591108,0.0014404931318362795,0.511,,,1,False,True,0
A,posterior_mean_shrunk,cell,A,200,beta_good_common_T200_cap64,beta_good_common,64,10007000,phi_k16_onpolicy_union,learned,1,1,2000,1,True,True,0.05552226984500885,0.053531425539404154,0.05759897632524371,0.0010447551834129865,0.9276312054395676,0.03552883863449097,0.019993431210517883,21.984,0.10092929292929294,39.945,6.197,0.129149175,0.0005,0.0,,0.9831534752845764,0.9701838879585266,0.9476246366500855,0.0,-0.012911180436611176,-0.014973695972003043,-0.010838794079609216,0.0010673892617112614,0.5800000000000001,,,1,False,True,0,-0.00362696173787117,-0.006519045610912143,-0.0008028129421290945,0.0014491047651924022,0.51125,,,1,False,True,0
A,posterior_mean_shrunk,cell,A,200,beta_good_common_T200_cap64,beta_good_common,64,10007000,phi_k16_perstep,learned,1,1,2000,1,True,True,0.06088709655404091,0.05874560829252005,0.06301189661026001,0.001096624782015606,0.9222663787305355,0.04294731149077415,0.017939785063266753,16.6265,0.07387121212121213,45.933,4.302,0.15852705,0.003,0.0,,0.9831534752845764,0.9701838879585266,0.9402061637938023,0.0,-0.007546353727579117,-0.00942622472066432,-0.005641523492522538,0.0009666909326552699,0.5505,,,1,False,True,0,0.0017378649711608887,-0.0012605179159436365,0.00464703943580389,0.001505396392105073,0.47975,,,1,False,True,0
A,posterior_mean_shrunk,cell,A,200,beta_good_common_T200_cap64,beta_good_common,64,10007000,phi_k16_quality,learned,1,1,2000,1,True,True,0.05791321018338203,0.05580093106254935,0.06000175243243575,0.0010613316037130368,0.9252402651011944,0.039893344074487684,0.018019866108894347,18.872,0.08521212121212121,42.9425,4.8745,0.1427515,0.011,0.0,,0.9831534752845764,0.9701838879585266,0.9432601312100888,0.0,-0.01052024009823799,-0.01241192410234362,-0.008651019446551802,0.0009622146582904856,0.56575,,,1,False,True,0,-0.0012360213994979858,-0.004217864153906701,0.0016396576393162812,0.0015083432965118508,0.49974999999999997,,,1,False,True,0
A,posterior_mean_shrunk,cell,A,200,beta_good_common_T200_cap64,beta_good_common,64,10007000,phi_k16_tau05,learned,1,1,2000,1,True,True,0.056028188079595566,0.053993874602019785,0.058103636279702185,0.0010375771099342226,0.9271252872049809,0.03675100535154343,0.01927718272805214,20.824,0.09507070707070707,41.1045,5.75,0.134281925,0.003,0.0,,0.9831534752845764,0.9701838879585266,0.946402469933033,0.0,-0.01240526220202446,-0.014405840495601296,-0.01038173045963049,0.0010388742123869615,0.5754999999999999,,,1,False,True,0,-0.0031210435032844545,-0.006038951931986957,-0.00024965634147520186,0.0014653441486878617,0.5087499999999999,,,1,False,True,0
A,posterior_mean_shrunk,cell,A,200,beta_good_common_T200_cap64,beta_good_common,64,10007000,phi_k16_weighted,learned,1,1,2000,1,True,True,0.05749408408999443,0.05543487686663866,0.059583263378590344,0.001059050259716606,0.925659391194582,0.03781031069159508,0.019683773398399353,20.422,0.09304040404040406,41.641,5.9995,0.13749557499999998,0.0,0.0,,0.9831534752845764,0.9701838879585266,0.9453431645929813,0.0,-0.010939366191625595,-0.012844888865947724,-0.00904470125678927,0.000983912660167065,0.5715,,,1,False,True,0,-0.0016551474928855896,-0.004633343010209501,0.0012300016096560284,0.0014898460453918376,0.49950000000000006,,,1,False,True,0
A,posterior_mean_shrunk,cell,A,200,beta_good_common_T200_cap64,beta_good_common,64,10007000,phi_k4,learned,1,1,2000,1,True,True,0.0570971674323082,0.054801986552774906,0.05947490399703383,0.0011849982781159038,0.9260563078522682,0.015349641740322113,0.04174752569198609,56.325,0.2743686868686869,21.904,29.884,0.053401525000000005,0.0,0.361,75.98406374501992,0.9831534752845764,0.9701838879585266,0.9678038335442543,0.1255,-0.011336282849311829,-0.014306755806319413,-0.00827083275653422,0.0015478510049156179,0.574,,,1,False,True,0,-0.002052064150571823,-0.0037495631841011345,-0.0003976618085289389,0.0008587989003065614,0.512,,,1,False,True,0
A,posterior_mean_shrunk,cell,A,200,beta_good_common_T200_cap64,beta_good_common,64,10007000,phi_reservoir_rule,learned,1,1,2000,1,True,True,0.05917701557278633,0.05683651957660914,0.061598260421305895,0.0012195255369886432,0.9239764597117901,0.012969587326049805,0.04620742824673653,63.986,0.3130606060606061,20.956,38.383,0.0490364,0.0,37.646,85.997997997998,0.9831534752845764,0.9701838879585266,0.9701838879585266,0.999,-0.009256434708833694,-0.012341797444969415,-0.006064612744376065,0.0016037492038884396,0.5619999999999999,,,1,False,True,0,2.7783989906311034e-05,-0.0004091362556209787,0.0004552697973849715,0.0002165584703684082,0.501,,,1,False,True,0
A,posterior_mean_shrunk,cell,A,200,beta_good_common_T200_cap64,beta_good_common,64,10007000,phi_sf_k16,learned,1,1,2000,1,True,True,0.054612102568149565,0.05237132422626019,0.05685666603967547,0.0011443874649900764,0.9285413727164269,0.019801915049552917,0.03481018751859665,45.003,0.21718686868686868,24.835,18.7,0.0638386,0.0,0.149,83.37614678899082,0.9831534752845764,0.9701838879585266,0.9633515602350236,0.0545,-0.01382134771347046,-0.01655365200713277,-0.011043464345857502,0.0014153234753968395,0.5965,,,1,False,True,0,-0.004537129014730454,-0.0069843230652622875,-0.0021791099221445632,0.001214419263103083,0.5235000000000001,,,1,False,True,0
A,posterior_mean_shrunk,cell,A,200,beta_good_common_T200_cap64,beta_good_common,64,10007000,phi_sf_k16_noT1000,learned,1,1,2000,1,True,True,0.05503967234492302,0.05297128586098552,0.05718299550935626,0.0010602999593427246,0.9281138029396534,0.033671371072530744,0.021368301272392275,23.367,0.10791414141414142,38.8725,6.674,0.1239635,0.0005,0.001,96.0,0.9831534752845764,0.9701838879585266,0.9494821042120457,0.0005,-0.013393777936697005,-0.015551642561331392,-0.011199779692105949,0.0011185016989241356,0.583,,,1,False,True,0,-0.004109559237957001,-0.006992553756572306,-0.0012318922497797763,0.00145095007854903,0.51475,,,1,False,True,0
A,posterior_mean_shrunk,cell,A,200,beta_good_common_T200_cap64,beta_good_common,64,10007000,power_a0.25,baseline,1,1,2000,1,True,True,0.05856069135665894,0.05626445002853871,0.06097029149532318,0.001201368408088309,0.9245927839279174,0.014403257519006729,0.04415743383765221,59.0,0.28787878787878796,21.171,32.5305,0.050758675,0.0,,,0.9831534752845764,0.9701838879585266,0.9687502177655697,0.0,-0.009872758924961091,-0.012954989192076027,-0.006766111403703691,0.0015692966930831243,0.56425,,,1,False,True,0,-0.0005885402262210846,-0.0023213148466311394,0.0011236608552280813,0.0008811571114659827,0.5077499999999999,,,1,False,True,0
A,posterior_mean_shrunk,cell,A,200,beta_good_common_T200_cap64,beta_good_common,64,10007000,power_a0.33,baseline,1,1,2000,1,True,True,0.05906289181113243,0.05673970282077789,0.06143565671518445,0.001195361315663097,0.924090583473444,0.015070043891668319,0.04399284791946411,57.0,0.2777777777777778,21.181,30.239,0.05130355,0.0,,,0.9831534752845764,0.9701838879585266,0.9680834313929081,0.0,-0.009370558470487594,-0.012394884508103133,-0.0063612042344175284,0.0015451018713079708,0.5622499999999999,,,1,False,True,0,-8.633977174758911e-05,-0.0019940607075113795,0.001812408590922132,0.0009733395968157719,0.50325,,,1,False,True,0
A,posterior_mean_shrunk,cell,A,200,beta_good_common_T200_cap64,beta_good_common,64,10007000,power_a0.5,baseline,1,1,2000,1,True,True,0.059131455212831495,0.05678633572533727,0.061548476573079824,0.0012203917492153737,0.9240220200717449,0.012969587326049805,0.04616186788678169,64.0,0.31313131313131315,21.059,38.5935,0.04953037500000001,0.0,,110.0,0.9831534752845764,0.9701838879585266,0.9701838879585266,1.0,-0.009301995068788529,-0.012382494984194636,-0.006122321030125023,0.0015991207387876546,0.56175,,,1,False,True,0,-1.777637004852295e-05,-5.332910950528458e-05,0.0,1.777637004852295e-05,0.50025,,,1,False,True,0
A,posterior_mean_shrunk,cell,A,200,beta_good_common_T200_cap64,beta_good_common,64,10007000,power_a0.67,baseline,1,1,2000,1,True,True,0.05914923158288002,0.05680411281064153,0.06156573025509715,0.0012200903050272383,0.9240042437016964,0.012969587326049805,0.046179644256830216,64.0,0.31313131313131315,21.063,38.5965,0.04955810000000001,0.0,,70.0,0.9831534752845764,0.9701838879585266,0.9701838879585266,1.0,-0.009284218698740005,-0.012364835571497677,-0.0061019266839139165,0.0015990625175299022,0.56175,,,1,False,True,0,0.0,0.0,0.0,0.0,0.5,,,1,False,True,0
A,posterior_mean_shrunk,cell,A,200,beta_good_common_T200_cap64,beta_good_common,64,10007000,refine_after_init,baseline,1,1,2000,1,True,True,0.08580116730928421,0.0830737080425024,0.088531712628901,0.001365509750287685,0.8973523079752922,0.07428546768426895,0.011515699625015259,8.0,0.03030303030303029,62.9805,0.4675,0.252299375,0.2095,,,0.9831534752845764,0.9701838879585266,0.9088680076003075,0.0,0.017367717027664185,0.014977205265313386,0.019837947050109505,0.0012431998210568945,0.41325,,,1,False,True,0,0.02665193572640419,0.02330867201089859,0.030081801023334263,0.001732127757851505,0.35625,,,1,False,True,0
A,posterior_mean_shrunk,cell,A,200,beta_good_common_T200_cap64,beta_good_common,64,10007000,rule_reservoir,rule,1,1,2000,1,True,True,0.05914923158288002,0.05680411281064153,0.06156573025509715,0.0012200903050272383,0.9240042437016964,0.012969587326049805,0.046179644256830216,64.0,0.31313131313131315,21.063,38.5965,0.04955810000000001,0.0,11.0755,64.0,0.9831534752845764,0.9701838879585266,0.9701838879585266,1.0,-0.009284218698740005,-0.012364835571497677,-0.0061019266839139165,0.0015990625175299022,0.56175,,,1,False,True,0,0.0,0.0,0.0,0.0,0.5,,,1,False,True,0
A,posterior_mean_shrunk,cell,A,200,beta_good_common_T200_cap64,beta_good_common,64,10007000,uniform,baseline,1,1,2000,1,True,True,0.06014963635802269,0.057761041447520256,0.06260532177984714,0.0012349304683960793,0.9230038389265537,0.012969587326049805,0.047180049031972884,64.0,0.31313131313131315,20.5985,37.3035,0.04760735,0.0225,,126.174,0.9831534752845764,0.9701838879585266,0.9701838879585266,1.0,-0.008283813923597335,-0.011348647717386483,-0.005126630584709347,0.0015918174368827883,0.5545,,,1,False,True,0,0.0010004047751426698,-0.00010020893132605116,0.002096327644539997,0.0005599009549093206,0.49524999999999997,,,1,False,True,0
A,posterior_mean_shrunk,cell,A,500,beta_good_common_T500_cap64,beta_good_common,64,10010000,always_search,baseline,1,1,2000,1,True,True,0.034400176286697386,0.03305158838629722,0.03576396713033318,0.0006971184633030403,0.9552042825222016,0.019317561686038973,0.015082614600658416,64.0,0.12449799196787148,63.0125,18.677,0.061105404,0.0115,,64.0,0.9896044588088989,0.97028689712286,0.97028689712286,1.0,-0.015882007360458375,-0.017781148478388787,-0.01403827639296651,0.0009423992851003796,0.6407499999999999,,,1,False,True,0,0.0,0.0,0.0,0.0,0.5,,,1,False,True,0
A,posterior_mean_shrunk,cell,A,500,beta_good_common_T500_cap64,beta_good_common,64,10010000,cp0,reference,1,1,2000,1,True,True,0.05028218364715576,0.04860016899183393,0.05198962558060884,0.0008421625502442776,0.9393222751617432,0.04175402611494064,0.008528157532215119,22.0,0.04016064257028114,104.2915,2.3995,0.13715042,1.345,,,0.9896044588088989,0.97028689712286,0.9478504326939583,0.0,0.0,0.0,0.0,0.0,0.5,,,1,False,True,0,0.015882007360458375,0.014038276392966509,0.017781148478388784,0.0009423992851003796,0.35924999999999996,,,1,False,True,0
A,posterior_mean_shrunk,cell,A,500,beta_good_common_T500_cap64,beta_good_common,64,10010000,fixed_K16,baseline,1,1,2000,1,True,True,0.057284691095352176,0.055467444285750386,0.05911031076684594,0.0009141157807022192,0.9323197677135467,0.05106734880805015,0.006217342287302017,16.0,0.028112449799196793,137.1315,1.463,0.19908636799999999,0.9075,,,0.9896044588088989,0.97028689712286,0.9385371100008487,0.0,0.007002507448196411,0.005640481074806303,0.00836024407763034,0.0006839746534880385,0.44975,,,1,False,True,0,0.022884514808654784,0.020886922534555197,0.024949807254597545,0.0010335862248942703,0.311,,,1,False,True,0
A,posterior_mean_shrunk,cell,A,500,beta_good_common_T500_cap64,beta_good_common,64,10010000,p3_star,reference,1,1,2000,1,True,True,0.034400176286697386,0.03305158838629722,0.03576396713033318,0.0006971184633030403,0.9552042825222016,0.019317561686038973,0.015082614600658416,64.0,0.12449799196787148,63.0125,18.677,0.061105404,0.0115,,68.0,0.9896044588088989,0.97028689712286,0.97028689712286,1.0,-0.015882007360458375,-0.017781148478388787,-0.01403827639296651,0.0009423992851003796,0.6407499999999999,,,1,False,True,0,0.0,0.0,0.0,0.0,0.5,,,1,False,True,0
A,posterior_mean_shrunk,cell,A,500,beta_good_common_T500_cap64,beta_good_common,64,10010000,phi_k1,learned,1,1,2000,1,True,True,0.034400176286697386,0.03305158838629722,0.03576396713033318,0.0006971184633030403,0.9552042825222016,0.019317561686038973,0.015082614600658416,64.0,0.12449799196787148,63.0125,18.677,0.061105404,0.0115,435.1635,64.7085,0.9896044588088989,0.97028689712286,0.97028689712286,1.0,-0.015882007360458375,-0.017781148478388787,-0.01403827639296651,0.0009423992851003796,0.6407499999999999,,,1,False,True,0,0.0,0.0,0.0,0.0,0.5,,,1,False,True,0
A,posterior_mean_shrunk,cell,A,500,beta_good_common_T500_cap64,beta_good_common,64,10010000,phi_k16,learned,1,1,2000,1,True,True,0.0382838993370533,0.036887635570019485,0.039687436539679766,0.0007119750271541005,0.9513205594718456,0.026729448795318602,0.011554450541734696,42.551,0.0814277108433735,83.4835,12.0645,0.094107152,0.0665,0.121,113.38271604938272,0.9896044588088989,0.97028689712286,0.9628750100135803,0.0405,-0.011998284310102462,-0.013594741211272776,-0.010393080790527165,0.0008069825298348856,0.60225,,,1,False,True,0,0.0038837230503559112,0.002545112918596715,0.005240426480304449,0.0006875642204743339,0.45275,,,1,False,True,0
A,posterior_mean_shrunk,cell,A,500,beta_good_common_T500_cap64,beta_good_common,64,10010000,phi_k16_all71,learned,1,1,2000,1,True,True,0.037211030960083005,0.03585421247407794,0.03859873097389936,0.0007021668341598874,0.9523934278488159,0.02406464833021164,0.013146382629871368,49.422,0.09522489959839357,76.0985,14.1505,0.08179010400000002,0.0435,0.698,121.01310043668123,0.9896044588088989,0.97028689712286,0.9655398104786873,0.229,-0.013071152687072754,-0.014787150966003536,-0.011339092371053995,0.0008560297278114678,0.614,,,1,False,True,0,0.00281085467338562,0.001684848449076526,0.003968461824115366,0.0005811850937236514,0.4655,,,1,False,True,0
A,posterior_mean_shrunk,cell,A,500,beta_good_common_T500_cap64,beta_good_common,64,10010000,phi_k16_clock,learned,1,1,2000,1,True,True,0.034400176286697386,0.03305158838629722,0.03576396713033318,0.0006971184633030403,0.9552042825222016,0.019317561686038973,0.015082614600658416,64.0,0.12449799196787148,63.0125,18.677,0.061105404,0.0115,402.0,64.0,0.9896044588088989,0.97028689712286,0.97028689712286,1.0,-0.015882007360458375,-0.017781148478388787,-0.01403827639296651,0.0009423992851003796,0.6407499999999999,,,1,False,True,0,0.0,0.0,0.0,0.0,0.5,,,1,False,True,0
A,posterior_mean_shrunk,cell,A,500,beta_good_common_T500_cap64,beta_good_common,64,10010000,phi_k16_cs,learned,1,1,2000,1,True,True,0.03838297244906425,0.03698746589943767,0.039781764056533574,0.0007128239599986187,0.9512214863598347,0.02679224771261215,0.011590724736452103,42.398,0.08112048192771085,83.599,12.024,0.09430406399999999,0.0665,0.114,115.45945945945945,0.9896044588088989,0.97028689712286,0.9628122110962868,0.037,-0.011899211198091507,-0.013490608264692127,-0.010294376011006535,0.0008084549089507237,0.60125,,,1,False,True,0,0.003982796162366867,0.0026414299733005468,0.005357433238532394,0.0006902079310768943,0.45225,,,1,False,True,0
A,posterior_mean_shrunk,cell,A,500,beta_good_common_T500_cap64,beta_good_common,64,10010000,phi_k16_famA_only,learned,1,1,2000,1,True,True,0.038158765763044354,0.03679530704393983,0.039540700055658816,0.0007096852326361584,0.9514456930458546,0.02559770914912224,0.012561056613922119,45.124,0.08659437751004016,80.0875,12.856,0.088341496,0.0655,0.052,82.15384615384616,0.9896044588088989,0.97028689712286,0.9640067496597767,0.026,-0.012123417884111405,-0.013754866318777204,-0.010506594623439013,0.0008215185864401347,0.60575,,,1,False,True,0,0.00375858947634697,0.0024564414110500366,0.00510007336270064,0.0006693179718688283,0.45475,,,1,False,True,0
A,posterior_mean_shrunk,cell,A,500,beta_good_common_T500_cap64,beta_good_common,64,10010000,phi_k16_famB_only,learned,1,1,2000,1,True,True,0.040655002385377885,0.03918379591777921,0.04213631078600884,0.0007448312135138684,0.948949456423521,0.030115818083286287,0.010539184302091598,36.179,0.06863253012048193,92.18,9.9665,0.10895526000000001,0.1425,0.069,161.52380952380952,0.9896044588088989,0.97028689712286,0.9594886407256127,0.0105,-0.009627181261777877,-0.011091643921099603,-0.008179819420911371,0.0007461613722265022,0.57875,,,1,False,True,0,0.006254826098680496,0.004766517423558981,0.007828256138600408,0.0007774489358898394,0.43574999999999997,,,1,False,True,0
A,posterior_mean_shrunk,cell,A,500,beta_good_common_T500_cap64,beta_good_common,64,10010000,phi_k16_guard,learned,1,1,2000,1,True,True,0.0382838993370533,0.036887635570019485,0.039687436539679766,0.0007119750271541005,0.9513205594718456,0.026729448795318602,0.011554450541734696,42.551,0.0814277108433735,83.4835,12.0645,0.094107152,0.0665,0.121,113.38271604938272,0.9896044588088989,0.97028689712286,0.9628750100135803,0.0405,-0.011998284310102462,-0.013594741211272776,-0.010393080790527165,0.0008069825298348856,0.60225,,,1,False,True,0,0.0038837230503559112,0.002545112918596715,0.005240426480304449,0.0006875642204743339,0.45275,,,1,False,True,0
A,posterior_mean_shrunk,cell,A,500,beta_good_common_T500_cap64,beta_good_common,64,10010000,phi_k16_hgb,learned,1,1,2000,1,True,True,0.03653904840350151,0.03515524845570326,0.03796506403014064,0.000725415472053273,0.9530654104053974,0.020480539947748184,0.016058508455753327,62.149,0.12078112449799196,63.96,19.764,0.06387564800000001,0.0145,83.3,391.662100456621,0.9896044588088989,0.97028689712286,0.9691239188611508,0.876,-0.013743135243654251,-0.015515313716605306,-0.011944538704119623,0.0009072284034346123,0.6255000000000001,,,1,False,True,0,0.002138872116804123,0.0011850793642224744,0.0031252518761903042,0.0004923656552009813,0.477,,,1,False,True,0
A,posterior_mean_shrunk,cell,A,500,beta_good_common_T500_cap64,beta_good_common,64,10010000,phi_k16_lucb,learned,1,1,2000,1,True,True,0.04032199469208717,0.038878942094743255,0.04182232590392232,0.0007394571314532476,0.9492824641168117,0.029821657001972198,0.010500337690114976,36.127,0.06852811244979921,92.8165,9.9735,0.11013006,0.138,0.353,190.52307692307693,0.9896044588088989,0.97028689712286,0.9597828018069268,0.0325,-0.009960188955068588,-0.011447294033132493,-0.008498726203106344,0.0007472003021080715,0.5845,,,1,False,True,0,0.005921818405389786,0.00443507480667904,0.007450039370451122,0.0007694295550367768,0.43825000000000003,,,1,False,True,0
A,posterior_mean_shrunk,cell,A,500,beta_good_common_T500_cap64,beta_good_common,64,10010000,phi_k16_noT1000,learned,1,1,2000,1,True,True,0.034400176286697386,0.03305158838629722,0.03576396713033318,0.0006971184633030403,0.9552042825222016,0.019317561686038973,0.015082614600658416,64.0,0.12449799196787148,63.0125,18.677,0.061105404,0.0115,190.912,80.064,0.9896044588088989,0.97028689712286,0.97028689712286,1.0,-0.015882007360458375,-0.017781148478388787,-0.01403827639296651,0.0009423992851003796,0.6407499999999999,,,1,False,True,0,0.0,0.0,0.0,0.0,0.5,,,1,False,True,0
A,posterior_mean_shrunk,cell,A,500,beta_good_common_T500_cap64,beta_good_common,64,10010000,phi_k16_noT200,learned,1,1,2000,1,True,True,0.03504890099167824,0.03368825642392039,0.03641106365248561,0.0006966931796076641,0.9545555578172207,0.020211621701717378,0.014837279289960861,60.632,0.11773493975903614,65.8145,17.604,0.06566481999999998,0.0155,26.68,99.88461538461539,0.9896044588088989,0.97028689712286,0.9693928371071816,0.832,-0.015233282655477524,-0.01706909635104239,-0.013426607847213745,0.000919132280185678,0.629,,,1,False,True,0,0.0006487247049808502,0.00013436121626000388,0.0011699537310050797,0.0002609231663956262,0.48800000000000004,,,1,False,True,0
A,posterior_mean_shrunk,cell,A,500,beta_good_common_T500_cap64,beta_good_common,64,10010000,phi_k16_noambig,learned,1,1,2000,1,True,True,0.03444396480917931,0.03309739837422967,0.035795550886541606,0.0006970453901399356,0.9551604939997196,0.01932685112953186,0.015117113679647446,63.888,0.1242730923694779,63.049,18.639,0.06119486,0.0115,78.153,91.71774193548387,0.9896044588088989,0.97028689712286,0.9702776076793671,0.992,-0.015838218837976457,-0.017744755186140538,-0.013997962535358965,0.0009425107567043511,0.6395,,,1,False,True,0,4.3788522481918334e-05,0.0,0.000100652665423695,2.5553296859440158e-05,0.49925,,,1,False,True,0
A,posterior_mean_shrunk,cell,A,500,beta_good_common_T500_cap64,beta_good_common,64,10010000,phi_k16_nopolicy,learned,1,1,2000,1,True,True,0.03441325190663338,0.0330616588704288,0.035772696044296025,0.0006969182843558665,0.9551912069022656,0.019317561686038973,0.015095690220594406,64.0,0.12449799196787148,63.012,18.6765,0.061103008,0.0115,65.176,81.88,0.9896044588088989,0.97028689712286,0.97028689712286,1.0,-0.015868931740522386,-0.017764715757220984,-0.014028393384069205,0.0009424187183206759,0.6405,,,1,False,True,0,1.307561993598938e-05,0.0,3.922685937141068e-05,1.3075619935989383e-05,0.49975,,,1,False,True,0
A,posterior_mean_shrunk,cell,A,500,beta_good_common_T500_cap64,beta_good_common,64,10010000,phi_k16_notrunc,learned,1,1,2000,1,True,True,0.034400176286697386,0.03305158838629722,0.03576396713033318,0.0006971184633030403,0.9552042825222016,0.019317561686038973,0.015082614600658416,64.0,0.12449799196787148,63.0125,18.677,0.061105404,0.0115,121.696,70.504,0.9896044588088989,0.97028689712286,0.97028689712286,1.0,-0.015882007360458375,-0.017781148478388787,-0.01403827639296651,0.0009423992851003796,0.6407499999999999,,,1,False,True,0,0.0,0.0,0.0,0.0,0.5,,,1,False,True,0
A,posterior_mean_shrunk,cell,A,500,beta_good_common_T500_cap64,beta_good_common,64,10010000,phi_k16_onpolicy_only,learned,1,1,2000,1,True,True,0.049382036715745925,0.04763961499556899,0.05116262845695019,0.0008892257135336151,0.940222422093153,0.029892393618822097,0.019489643096923828,49.233,0.0948453815261044,75.4105,18.869,0.094623764,0.1315,29.645,433.9512195121951,0.9896044588088989,0.97028689712286,0.9597120651900768,0.5125,-0.0009001469314098359,-0.002297154482221231,0.0005228269248618739,0.0007231200412424505,0.52025,,,1,False,True,0,0.014981860429048538,0.013228132855147123,0.016856489609926938,0.0009119074654852055,0.381,,,1,False,True,0
A,posterior_mean_shrunk,cell,A,500,beta_good_common_T500_cap64,beta_good_common,64,10010000,phi_k16_onpolicy_union,learned,1,1,2000,1,True,True,0.038276597619056704,0.03688752641901374,0.03965746760368347,0.0007113699571122049,0.9513278611898422,0.02694240567088127,0.011334191948175431,41.614,0.07954618473895583,85.0145,11.8155,0.096646548,0.056,0.706,136.43835616438355,0.9896044588088989,0.97028689712286,0.9626620531380177,0.073,-0.01200558602809906,-0.013642080593854189,-0.010410055122338235,0.0008102232236155964,0.5994999999999999,,,1,False,True,0,0.003876421332359314,0.0025635688158217817,0.005214450519997626,0.000673032654419605,0.45175,,,1,False,True,0
A,posterior_mean_shrunk,cell,A,500,beta_good_common_T500_cap64,beta_good_common,64,10010000,phi_k16_perstep,learned,1,1,2000,1,True,True,0.03796640756726265,0.0366230295971036,0.03937102537602186,0.0007106613566237711,0.9516380512416363,0.026493543535470964,0.011472864031791687,42.4915,0.08130823293172691,83.0755,12.13,0.09310256000000001,0.0775,0.141,76.73469387755102,0.9896044588088989,0.97028689712286,0.963110915273428,0.049,-0.012315776079893112,-0.013932650862261652,-0.010736428061500191,0.0008162239878638669,0.605,,,1,False,True,0,0.003566231280565262,0.002298714441712946,0.004896682035177946,0.0006652004232924513,0.45525,,,1,False,True,0
A,posterior_mean_shrunk,cell,A,500,beta_good_common_T500_cap64,beta_good_common,64,10010000,phi_k16_quality,learned,1,1,2000,1,True,True,0.039612777948379516,0.038198625575751065,0.04102367078885436,0.0007206196459135876,0.9499916808605194,0.029163542419672013,0.010449235528707504,38.407,0.07310642570281124,89.405,10.5345,0.10399974399999999,0.151,0.833,102.30656934306569,0.9896044588088989,0.97028689712286,0.9604409163892269,0.0685,-0.010669405698776245,-0.012152073835022748,-0.009193699341267347,0.0007521472641504552,0.58875,,,1,False,True,0,0.005212601661682129,0.003789800219237805,0.006653014838229863,0.0007383607019372762,0.4415,,,1,False,True,0
A,posterior_mean_shrunk,cell,A,500,beta_good_common_T500_cap64,beta_good_common,64,10010000,phi_k16_tau05,learned,1,1,2000,1,True,True,0.0382838993370533,0.036887635570019485,0.039687436539679766,0.0007119750271541005,0.9513205594718456,0.026729448795318602,0.011554450541734696,42.551,0.0814277108433735,83.4835,12.0645,0.094107152,0.0665,0.121,113.38271604938272,0.9896044588088989,0.97028689712286,0.9628750100135803,0.0405,-0.011998284310102462,-0.013594741211272776,-0.010393080790527165,0.0008069825298348856,0.60225,,,1,False,True,0,0.0038837230503559112,0.002545112918596715,0.005240426480304449,0.0006875642204743339,0.45275,,,1,False,True,0
A,posterior_mean_shrunk,cell,A,500,beta_good_common_T500_cap64,beta_good_common,64,10010000,phi_k16_weighted,learned,1,1,2000,1,True,True,0.041810233145952225,0.04032726166769862,0.043279279954731464,0.0007380041809774771,0.9477942256629467,0.03177828985452652,0.010031943291425705,33.864,0.0639839357429719,95.485,8.9595,0.114906012,0.17,0.002,400.0,0.9896044588088989,0.97028689712286,0.9578261689543724,0.001,-0.008471950501203538,-0.009855483775027096,-0.007089084782637656,0.0007004193941449063,0.56975,,,1,False,True,0,0.007410056859254837,0.005872742971405388,0.008994230930693448,0.000800793057372447,0.42225,,,1,False,True,0
A,posterior_mean_shrunk,cell,A,500,beta_good_common_T500_cap64,beta_good_common,64,10010000,phi_k4,learned,1,1,2000,1,True,True,0.034400176286697386,0.03305158838629722,0.03576396713033318,0.0006971184633030403,0.9552042825222016,0.019317561686038973,0.015082614600658416,64.0,0.12449799196787148,63.0125,18.677,0.061105404,0.0115,377.054,69.868,0.9896044588088989,0.97028689712286,0.97028689712286,1.0,-0.015882007360458375,-0.017781148478388787,-0.01403827639296651,0.0009423992851003796,0.6407499999999999,,,1,False,True,0,0.0,0.0,0.0,0.0,0.5,,,1,False,True,0
A,posterior_mean_shrunk,cell,A,500,beta_good_common_T500_cap64,beta_good_common,64,10010000,phi_reservoir_rule,learned,1,1,2000,1,True,True,0.03441325190663338,0.0330616588704288,0.035772696044296025,0.0006969182843558665,0.9551912069022656,0.019317561686038973,0.015095690220594406,64.0,0.12449799196787148,63.0115,18.676,0.061101424,0.0115,351.076,80.72,0.9896044588088989,0.97028689712286,0.97028689712286,1.0,-0.015868931740522386,-0.017764715757220984,-0.014028393384069205,0.0009424187183206759,0.6405,,,1,False,True,0,1.307561993598938e-05,0.0,3.922685937141068e-05,1.3075619935989383e-05,0.49975,,,1,False,True,0
A,posterior_mean_shrunk,cell,A,500,beta_good_common_T500_cap64,beta_good_common,64,10010000,phi_sf_k16,learned,1,1,2000,1,True,True,0.03441325190663338,0.0330616588704288,0.035772696044296025,0.0006969182843558665,0.9551912069022656,0.019317561686038973,0.015095690220594406,64.0,0.12449799196787148,63.0115,18.676,0.061101424,0.0115,126.489,89.448,0.9896044588088989,0.97028689712286,0.97028689712286,1.0,-0.015868931740522386,-0.017764715757220984,-0.014028393384069205,0.0009424187183206759,0.6405,,,1,False,True,0,1.307561993598938e-05,0.0,3.922685937141068e-05,1.3075619935989383e-05,0.49975,,,1,False,True,0
A,posterior_mean_shrunk,cell,A,500,beta_good_common_T500_cap64,beta_good_common,64,10010000,phi_sf_k16_noT1000,learned,1,1,2000,1,True,True,0.038191218227148056,0.036811452358961105,0.03960217563435435,0.0007134856689023323,0.9514132405817509,0.026528152227401732,0.011663065999746322,41.958,0.08023694779116465,84.8315,11.9565,0.096275464,0.054,0.69,168.7017543859649,0.9896044588088989,0.97028689712286,0.9630763065814972,0.057,-0.012090965420007706,-0.013725507794879377,-0.010505363368429244,0.0008096810924410186,0.6012500000000001,,,1,False,True,0,0.0037910419404506685,0.0025008072319906206,0.005145080492366105,0.0006834230178844491,0.456,,,1,False,True,0
A,posterior_mean_shrunk,cell,A,500,beta_good_common_T500_cap64,beta_good_common,64,10010000,power_a0.25,baseline,1,1,2000,1,True,True,0.034400176286697386,0.03305158838629722,0.03576396713033318,0.0006971184633030403,0.9552042825222016,0.019317561686038973,0.015082614600658416,64.0,0.12449799196787148,63.0125,18.677,0.061105404,0.0115,,67.0,0.9896044588088989,0.97028689712286,0.97028689712286,1.0,-0.015882007360458375,-0.017781148478388787,-0.01403827639296651,0.0009423992851003796,0.6407499999999999,,,1,False,True,0,0.0,0.0,0.0,0.0,0.5,,,1,False,True,0
A,posterior_mean_shrunk,cell,A,500,beta_good_common_T500_cap64,beta_good_common,64,10010000,power_a0.33,baseline,1,1,2000,1,True,True,0.034400176286697386,0.03305158838629722,0.03576396713033318,0.0006971184633030403,0.9552042825222016,0.019317561686038973,0.015082614600658416,64.0,0.12449799196787148,63.0125,18.677,0.061105404,0.0115,,68.0,0.9896044588088989,0.97028689712286,0.97028689712286,1.0,-0.015882007360458375,-0.017781148478388787,-0.01403827639296651,0.0009423992851003796,0.6407499999999999,,,1,False,True,0,0.0,0.0,0.0,0.0,0.5,,,1,False,True,0
A,posterior_mean_shrunk,cell,A,500,beta_good_common_T500_cap64,beta_good_common,64,10010000,power_a0.5,baseline,1,1,2000,1,True,True,0.034400176286697386,0.03305158838629722,0.03576396713033318,0.0006971184633030403,0.9552042825222016,0.019317561686038973,0.015082614600658416,64.0,0.12449799196787148,63.0125,18.677,0.061105404,0.0115,,69.0,0.9896044588088989,0.97028689712286,0.97028689712286,1.0,-0.015882007360458375,-0.017781148478388787,-0.01403827639296651,0.0009423992851003796,0.6407499999999999,,,1,False,True,0,0.0,0.0,0.0,0.0,0.5,,,1,False,True,0
A,posterior_mean_shrunk,cell,A,500,beta_good_common_T500_cap64,beta_good_common,64,10010000,power_a0.67,baseline,1,1,2000,1,True,True,0.034400176286697386,0.03305158838629722,0.03576396713033318,0.0006971184633030403,0.9552042825222016,0.019317561686038973,0.015082614600658416,64.0,0.12449799196787148,63.0125,18.677,0.061105404,0.0115,,70.0,0.9896044588088989,0.97028689712286,0.97028689712286,1.0,-0.015882007360458375,-0.017781148478388787,-0.01403827639296651,0.0009423992851003796,0.6407499999999999,,,1,False,True,0,0.0,0.0,0.0,0.0,0.5,,,1,False,True,0
A,posterior_mean_shrunk,cell,A,500,beta_good_common_T500_cap64,beta_good_common,64,10010000,refine_after_init,baseline,1,1,2000,1,True,True,0.08333710518479347,0.08089107964187861,0.08579420223832131,0.0012464876735441713,0.9062673536241055,0.07911969339847565,0.004217411786317825,8.0,0.01204819277108434,182.104,0.1525,0.29986122,1.0095,,,0.9896044588088989,0.97028689712286,0.9104847654104232,0.0,0.03305492153763771,0.03067738302052021,0.03546381248161197,0.0012148792764403425,0.30274999999999996,,,1,False,True,0,0.04893692889809608,0.04631947735324502,0.051641951128840444,0.001351942826749907,0.20725,,,1,False,True,0
A,posterior_mean_shrunk,cell,A,500,beta_good_common_T500_cap64,beta_good_common,64,10010000,rule_reservoir,rule,1,1,2000,1,True,True,0.034400176286697386,0.03305158838629722,0.03576396713033318,0.0006971184633030403,0.9552042825222016,0.019317561686038973,0.015082614600658416,64.0,0.12449799196787148,63.0125,18.677,0.061105404,0.0115,34.37,64.0,0.9896044588088989,0.97028689712286,0.97028689712286,1.0,-0.015882007360458375,-0.017781148478388787,-0.01403827639296651,0.0009423992851003796,0.6407499999999999,,,1,False,True,0,0.0,0.0,0.0,0.0,0.5,,,1,False,True,0
A,posterior_mean_shrunk,cell,A,500,beta_good_common_T500_cap64,beta_good_common,64,10010000,uniform,baseline,1,1,2000,1,True,True,0.03454888319969177,0.033198004588484764,0.035895982105284926,0.0006962815782297798,0.9550555756092072,0.019317561686038973,0.015231321513652802,64.0,0.12449799196787148,62.8025,18.2405,0.060760632,0.158,,125.9295,0.9896044588088989,0.97028689712286,0.97028689712286,1.0,-0.015733300447463988,-0.017616948951035737,-0.013885932718403637,0.0009440035823185033,0.63975,,,1,False,True,0,0.00014870691299438476,-0.00011865322212543085,0.00042609802621882396,0.00013931347178968893,0.499,,,1,False,True,0
A,posterior_mean_shrunk,cell,A,50,beta_good_common_T50_cap64,beta_good_common,64,10001000,always_search,baseline,1,1,2000,1,True,True,0.21685426338016986,0.2103696133941412,0.22324915714561938,0.003219020939762773,0.7498180627971888,0.0,0.21685426338016986,50.0,1.0,1.0,50.0,0.02000000000000001,0.0,,,0.9666723261773587,0.9666723261773587,0.9666723261773587,0.0,0.10641524229943752,0.09912330713123083,0.11383614931255578,0.0037011233315906193,0.25975,,,1,False,True,0,0.11744398614764213,0.11022344902157784,0.12467620559036731,0.0036832212712920257,0.241,,,1,False,True,0
A,posterior_mean_shrunk,cell,A,50,beta_good_common_T50_cap64,beta_good_common,64,10001000,cp0,reference,1,1,2000,1,True,True,0.11043902108073235,0.10648044161498546,0.1144690077751875,0.0020128971018323976,0.8562333050966263,0.07532627755403519,0.03511274352669716,6.0,0.08333333333333331,14.7495,0.5205,0.239462,0.023,,,0.9666723261773587,0.9666723261773587,0.8913460486233235,0.0,0.0,0.0,0.0,0.0,0.5,,,1,False,True,0,0.011028743848204613,0.006077690958045425,0.016027962462976574,0.0025168114736026375,0.479,,,1,False,True,0
A,posterior_mean_shrunk,cell,A,50,beta_good_common_T50_cap64,beta_good_common,64,10001000,fixed_K16,baseline,1,1,2000,1,True,True,0.09120711754262448,0.08769784979522229,0.09476501643657684,0.0018251713728822927,0.8754652086347342,0.029319250404834747,0.06188786713778972,16.0,0.2916666666666667,9.6125,7.8015,0.12532000000000001,0.0,,,0.9666723261773587,0.9666723261773587,0.9373530757725239,0.0,-0.019231903538107872,-0.02387817674316466,-0.01465754427481443,0.002319307162602707,0.54725,,,1,False,True,0,-0.00820315968990326,-0.011755900573916732,-0.00463641022797674,0.0018036869523148221,0.51825,,,1,False,True,0
A,posterior_mean_shrunk,cell,A,50,beta_good_common_T50_cap64,beta_good_common,64,10001000,p3_star,reference,1,1,2000,1,True,True,0.09941027723252774,0.09560394492000342,0.10322137381881476,0.001958995040539638,0.8672620489448309,0.02104007887840271,0.07837019835412502,21.0,0.39583333333333326,8.363,13.0985,0.09896,0.0,,,0.9666723261773587,0.9666723261773587,0.9456322472989559,0.0,-0.011028743848204613,-0.016027962462976574,-0.006077690958045426,0.0025168114736026375,0.521,,,1,False,True,0,0.0,0.0,0.0,0.0,0.5,,,1,False,True,0
A,posterior_mean_shrunk,cell,A,50,beta_good_common_T50_cap64,beta_good_common,64,10001000,phi_k1,learned,1,1,2000,1,True,True,0.09080610699951648,0.08714943155646324,0.09437821209430694,0.0018467242612840947,0.8758662191778421,0.030275520026683808,0.06053058697283268,15.1715,0.27440625,9.7285,6.715,0.12886360000000002,0.0,0.0,,0.9666723261773587,0.9666723261773587,0.9363968061506748,0.0,-0.019632914081215858,-0.024318662751466033,-0.015009166812524202,0.002337625880074311,0.5507500000000001,,,1,False,True,0,-0.008604170233011245,-0.012292568106204271,-0.004967475077137351,0.0018625045276640597,0.5275000000000001,,,1,False,True,0
A,posterior_mean_shrunk,cell,A,50,beta_good_common_T50_cap64,beta_good_common,64,10001000,phi_k16,learned,1,1,2000,1,True,True,0.0937553585767746,0.09012996442615986,0.09739051517099143,0.001863534778263428,0.872916967600584,0.02566739019751549,0.06808796837925911,18.0,0.33333333333333326,9.126,9.936,0.1148784,0.0,0.0,,0.9666723261773587,0.9666723261773587,0.9410049359798431,0.0,-0.01668366250395775,-0.021484105614945292,-0.011932681966573001,0.002398633688875005,0.54225,,,1,False,True,0,-0.005654918655753136,-0.008770411391742528,-0.0025335868122056135,0.0015884915624440144,0.51,,,1,False,True,0
A,posterior_mean_shrunk,cell,A,50,beta_good_common_T50_cap64,beta_good_common,64,10001000,phi_k16_all71,learned,1,1,2000,1,True,True,0.0937553585767746,0.09012996442615986,0.09739051517099143,0.001863534778263428,0.872916967600584,0.02566739019751549,0.06808796837925911,18.0,0.33333333333333326,9.126,9.936,0.1148784,0.0,0.0,,0.9666723261773587,0.9666723261773587,0.9410049359798431,0.0,-0.01668366250395775,-0.021484105614945292,-0.011932681966573001,0.002398633688875005,0.54225,,,1,False,True,0,-0.005654918655753136,-0.008770411391742528,-0.0025335868122056135,0.0015884915624440144,0.51,,,1,False,True,0
A,posterior_mean_shrunk,cell,A,50,beta_good_common_T50_cap64,beta_good_common,64,10001000,phi_k16_clock,learned,1,1,2000,1,True,True,0.12181234516203404,0.11748628951609134,0.12608428299427032,0.0022096508643305165,0.8448599810153246,0.00854781636595726,0.11326452879607678,34.0,0.6666666666666665,5.9145,28.783,0.053582000000000005,0.0,0.0,,0.9666723261773587,0.9666723261773587,0.9581245098114014,0.0,0.01137332408130169,0.005813880905043334,0.01687497212551534,0.002825007731044038,0.46549999999999997,,,1,False,True,0,0.022402067929506303,0.01772551671601832,0.02706804685294628,0.0024026092413461245,0.4345,,,1,False,True,0
A,posterior_mean_shrunk,cell,A,50,beta_good_common_T50_cap64,beta_good_common,64,10001000,phi_k16_cs,learned,1,1,2000,1,True,True,0.0937553585767746,0.09012996442615986,0.09739051517099143,0.001863534778263428,0.872916967600584,0.02566739019751549,0.06808796837925911,18.0,0.33333333333333326,9.126,9.936,0.1148784,0.0,0.0,,0.9666723261773587,0.9666723261773587,0.9410049359798431,0.0,-0.01668366250395775,-0.021484105614945292,-0.011932681966573001,0.002398633688875005,0.54225,,,1,False,True,0,-0.005654918655753136,-0.008770411391742528,-0.0025335868122056135,0.0015884915624440144,0.51,,,1,False,True,0
A,posterior_mean_shrunk,cell,A,50,beta_good_common_T50_cap64,beta_good_common,64,10001000,phi_k16_famA_only,learned,1,1,2000,1,True,True,0.0937553585767746,0.09012996442615986,0.09739051517099143,0.001863534778263428,0.872916967600584,0.02566739019751549,0.06808796837925911,18.0,0.33333333333333326,9.126,9.936,0.1148784,0.0,0.0,,0.9666723261773587,0.9666723261773587,0.9410049359798431,0.0,-0.01668366250395775,-0.021484105614945292,-0.011932681966573001,0.002398633688875005,0.54225,,,1,False,True,0,-0.005654918655753136,-0.008770411391742528,-0.0025335868122056135,0.0015884915624440144,0.51,,,1,False,True,0
A,posterior_mean_shrunk,cell,A,50,beta_good_common_T50_cap64,beta_good_common,64,10001000,phi_k16_famB_only,learned,1,1,2000,1,True,True,0.0937553585767746,0.09012996442615986,0.09739051517099143,0.001863534778263428,0.872916967600584,0.02566739019751549,0.06808796837925911,18.0,0.33333333333333326,9.126,9.936,0.1148784,0.0,0.0,,0.9666723261773587,0.9666723261773587,0.9410049359798431,0.0,-0.01668366250395775,-0.021484105614945292,-0.011932681966573001,0.002398633688875005,0.54225,,,1,False,True,0,-0.005654918655753136,-0.008770411391742528,-0.0025335868122056135,0.0015884915624440144,0.51,,,1,False,True,0
A,posterior_mean_shrunk,cell,A,50,beta_good_common_T50_cap64,beta_good_common,64,10001000,phi_k16_guard,learned,1,1,2000,1,True,True,0.09277261945605278,0.08915764968842269,0.09641506485641002,0.001858579373711155,0.8738997067213059,0.02748321631550789,0.06528940314054489,17.0,0.3125,9.3495,8.841,0.1199316,0.0,0.0,,0.9666723261773587,0.9666723261773587,0.9391891098618508,0.0,-0.017666401624679567,-0.022448317240923644,-0.012954657478258018,0.0023933744030089814,0.54225,,,1,False,True,0,-0.006637657776474953,-0.010018601641058921,-0.003171650605509058,0.0017221500450976517,0.52,,,1,False,True,0
A,posterior_mean_shrunk,cell,A,50,beta_good_common_T50_cap64,beta_good_common,64,10001000,phi_k16_hgb,learned,1,1,2000,1,True,True,0.09778077201545239,0.09406247604638338,0.10149064008146524,0.0019180245666283356,0.8688915541619062,0.02156196716427803,0.07621880485117435,22.2,0.4208333333333333,8.4985,14.9405,0.09914000000000002,0.0,0.0,,0.9666723261773587,0.9666723261773587,0.9451103590130806,0.0,-0.01265824906527996,-0.017603444354608654,-0.007755001389887185,0.002457567828352549,0.52625,,,1,False,True,0,-0.001629505217075348,-0.005029215908143667,0.0017690714943455527,0.00173190263953699,0.49925,,,1,False,True,0
A,posterior_mean_shrunk,cell,A,50,beta_good_common_T50_cap64,beta_good_common,64,10001000,phi_k16_lucb,learned,1,1,2000,1,True,True,0.0937553585767746,0.09012996442615986,0.09739051517099143,0.001863534778263428,0.872916967600584,0.02566739019751549,0.06808796837925911,18.0,0.33333333333333326,9.126,9.936,0.1148784,0.0,0.0,,0.9666723261773587,0.9666723261773587,0.9410049359798431,0.0,-0.01668366250395775,-0.021484105614945292,-0.011932681966573001,0.002398633688875005,0.54225,,,1,False,True,0,-0.005654918655753136,-0.008770411391742528,-0.0025335868122056135,0.0015884915624440144,0.51,,,1,False,True,0
A,posterior_mean_shrunk,cell,A,50,beta_good_common_T50_cap64,beta_good_common,64,10001000,phi_k16_noT1000,learned,1,1,2000,1,True,True,0.09416379833221436,0.0905114933848381,0.09781759325414896,0.001868903272718771,0.8725085278451443,0.02530676579475403,0.06885703253746032,18.2,0.33749999999999997,9.08,10.1655,0.11416240000000001,0.0,0.0,,0.9666723261773587,0.9666723261773587,0.9413655603826045,0.0,-0.01627522274851799,-0.02107494855299592,-0.011509892693720759,0.0024088762199453613,0.5409999999999999,,,1,False,True,0,-0.005246478900313377,-0.008369988505728542,-0.002087863307679073,0.0015995802450094283,0.50925,,,1,False,True,0
A,posterior_mean_shrunk,cell,A,50,beta_good_common_T50_cap64,beta_good_common,64,10001000,phi_k16_noT200,learned,1,1,2000,1,True,True,0.0937553585767746,0.09012996442615986,0.09739051517099143,0.001863534778263428,0.872916967600584,0.02566739019751549,0.06808796837925911,18.0,0.33333333333333326,9.126,9.936,0.1148784,0.0,0.0,,0.9666723261773587,0.9666723261773587,0.9410049359798431,0.0,-0.01668366250395775,-0.021484105614945292,-0.011932681966573001,0.002398633688875005,0.54225,,,1,False,True,0,-0.005654918655753136,-0.008770411391742528,-0.0025335868122056135,0.0015884915624440144,0.51,,,1,False,True,0
A,posterior_mean_shrunk,cell,A,50,beta_good_common_T50_cap64,beta_good_common,64,10001000,phi_k16_noambig,learned,1,1,2000,1,True,True,0.09378325882554055,0.09015662968158722,0.09740319531410932,0.0018632484783116016,0.872889067351818,0.025647182315587998,0.06813607650995254,18.024,0.33383333333333326,9.1215,9.962,0.1148012,0.0,0.0,,0.9666723261773587,0.9666723261773587,0.9410251438617706,0.0,-0.016655762255191803,-0.021457132743671538,-0.01189425815828145,0.0023988930173055025,0.542,,,1,False,True,0,-0.005627018406987191,-0.008743261964991688,-0.0025156650575809195,0.0015879842327471425,0.51,,,1,False,True,0
A,posterior_mean_shrunk,cell,A,50,beta_good_common_T50_cap64,beta_good_common,64,10001000,phi_k16_nopolicy,learned,1,1,2000,1,True,True,0.0937553585767746,0.09012996442615986,0.09739051517099143,0.001863534778263428,0.872916967600584,0.02566739019751549,0.06808796837925911,18.0,0.33333333333333326,9.126,9.936,0.1148784,0.0,0.0,,0.9666723261773587,0.9666723261773587,0.9410049359798431,0.0,-0.01668366250395775,-0.021484105614945292,-0.011932681966573001,0.002398633688875005,0.54225,,,1,False,True,0,-0.005654918655753136,-0.008770411391742528,-0.0025335868122056135,0.0015884915624440144,0.51,,,1,False,True,0
A,posterior_mean_shrunk,cell,A,50,beta_good_common_T50_cap64,beta_good_common,64,10001000,phi_k16_notrunc,learned,1,1,2000,1,True,True,0.0937553585767746,0.09012996442615986,0.09739051517099143,0.001863534778263428,0.872916967600584,0.02566739019751549,0.06808796837925911,18.0,0.33333333333333326,9.126,9.936,0.1148784,0.0,0.0,,0.9666723261773587,0.9666723261773587,0.9410049359798431,0.0,-0.01668366250395775,-0.021484105614945292,-0.011932681966573001,0.002398633688875005,0.54225,,,1,False,True,0,-0.005654918655753136,-0.008770411391742528,-0.0025335868122056135,0.0015884915624440144,0.51,,,1,False,True,0
A,posterior_mean_shrunk,cell,A,50,beta_good_common_T50_cap64,beta_good_common,64,10001000,phi_k16_onpolicy_only,learned,1,1,2000,1,True,True,0.0937553585767746,0.09012996442615986,0.09739051517099143,0.001863534778263428,0.872916967600584,0.02566739019751549,0.06808796837925911,18.008,0.33349999999999996,9.124,9.944,0.1148464,0.0,0.0,,0.9666723261773587,0.9666723261773587,0.9410049359798431,0.0,-0.01668366250395775,-0.021484105614945292,-0.011932681966573001,0.002398633688875005,0.54225,,,1,False,True,0,-0.005654918655753136,-0.008770411391742528,-0.0025335868122056135,0.0015884915624440144,0.51,,,1,False,True,0
A,posterior_mean_shrunk,cell,A,50,beta_good_common_T50_cap64,beta_good_common,64,10001000,phi_k16_onpolicy_union,learned,1,1,2000,1,True,True,0.0937553585767746,0.09012996442615986,0.09739051517099143,0.001863534778263428,0.872916967600584,0.02566739019751549,0.06808796837925911,18.0,0.33333333333333326,9.126,9.936,0.1148784,0.0,0.0,,0.9666723261773587,0.9666723261773587,0.9410049359798431,0.0,-0.01668366250395775,-0.021484105614945292,-0.011932681966573001,0.002398633688875005,0.54225,,,1,False,True,0,-0.005654918655753136,-0.008770411391742528,-0.0025335868122056135,0.0015884915624440144,0.51,,,1,False,True,0
A,posterior_mean_shrunk,cell,A,50,beta_good_common_T50_cap64,beta_good_common,64,10001000,phi_k16_perstep,learned,1,1,2000,1,True,True,0.09585067118704318,0.09231050796806813,0.09936729036271572,0.001817635289659512,0.8708216549903154,0.05640905198454857,0.03944161920249462,7.869,0.12227083333333333,14.3395,2.198,0.22867560000000003,0.0,0.0,,0.9666723261773587,0.9666723261773587,0.9102632741928101,0.0,-0.014588349893689156,-0.018048094725236295,-0.011138789937831461,0.0017779901578563323,0.53375,,,1,False,True,0,-0.0035596060454845427,-0.008080951729789374,0.000989538861904293,0.0022922482813191626,0.5005,,,1,False,True,0
A,posterior_mean_shrunk,cell,A,50,beta_good_common_T50_cap64,beta_good_common,64,10001000,phi_k16_quality,learned,1,1,2000,1,True,True,0.0937553585767746,0.09012996442615986,0.09739051517099143,0.001863534778263428,0.872916967600584,0.02566739019751549,0.06808796837925911,18.0,0.33333333333333326,9.126,9.936,0.1148784,0.0,0.0,,0.9666723261773587,0.9666723261773587,0.9410049359798431,0.0,-0.01668366250395775,-0.021484105614945292,-0.011932681966573001,0.002398633688875005,0.54225,,,1,False,True,0,-0.005654918655753136,-0.008770411391742528,-0.0025335868122056135,0.0015884915624440144,0.51,,,1,False,True,0
A,posterior_mean_shrunk,cell,A,50,beta_good_common_T50_cap64,beta_good_common,64,10001000,phi_k16_tau05,learned,1,1,2000,1,True,True,0.0937553585767746,0.09012996442615986,0.09739051517099143,0.001863534778263428,0.872916967600584,0.02566739019751549,0.06808796837925911,18.0,0.33333333333333326,9.126,9.936,0.1148784,0.0,0.0,,0.9666723261773587,0.9666723261773587,0.9410049359798431,0.0,-0.01668366250395775,-0.021484105614945292,-0.011932681966573001,0.002398633688875005,0.54225,,,1,False,True,0,-0.005654918655753136,-0.008770411391742528,-0.0025335868122056135,0.0015884915624440144,0.51,,,1,False,True,0
A,posterior_mean_shrunk,cell,A,50,beta_good_common_T50_cap64,beta_good_common,64,10001000,phi_k16_weighted,learned,1,1,2000,1,True,True,0.0937553585767746,0.09012996442615986,0.09739051517099143,0.001863534778263428,0.872916967600584,0.02566739019751549,0.06808796837925911,18.0,0.33333333333333326,9.126,9.936,0.1148784,0.0,0.0,,0.9666723261773587,0.9666723261773587,0.9410049359798431,0.0,-0.01668366250395775,-0.021484105614945292,-0.011932681966573001,0.002398633688875005,0.54225,,,1,False,True,0,-0.005654918655753136,-0.008770411391742528,-0.0025335868122056135,0.0015884915624440144,0.51,,,1,False,True,0
A,posterior_mean_shrunk,cell,A,50,beta_good_common_T50_cap64,beta_good_common,64,10001000,phi_k4,learned,1,1,2000,1,True,True,0.09143582963943482,0.08787870611995459,0.09502695724368096,0.0018441325442344612,0.8752364965379238,0.032185386031866076,0.05925044360756874,14.488,0.2601666666666666,10.094,6.236,0.1350316,0.0,0.0,,0.9666723261773587,0.9666723261773587,0.9344869401454926,0.0,-0.019003191441297532,-0.02365313395857811,-0.014364057104103269,0.0023211129411809866,0.5495,,,1,False,True,0,-0.007974447593092918,-0.011838356335647403,-0.0041387055651284765,0.0019659749915429104,0.52425,,,1,False,True,0
A,posterior_mean_shrunk,cell,A,50,beta_good_common_T50_cap64,beta_good_common,64,10001000,phi_reservoir_rule,learned,1,1,2000,1,True,True,0.12095193322002888,0.11662033349275588,0.1252327613532543,0.0022009148803874513,0.8457203929573297,0.009030937254428863,0.11192099596560001,33.504,0.6563333333333332,6.041,28.2075,0.0551248,0.0,0.0,,0.9666723261773587,0.9666723261773587,0.9576413889229297,0.0,0.010512912139296532,0.00502248858101666,0.015917542623355985,0.002739369723314446,0.46375,,,1,False,True,0,0.021541655987501143,0.017420951230451467,0.025638669915497302,0.0020934009053440628,0.42925,,,1,False,True,0
A,posterior_mean_shrunk,cell,A,50,beta_good_common_T50_cap64,beta_good_common,64,10001000,phi_sf_k16,learned,1,1,2000,1,True,True,0.0937553585767746,0.09012996442615986,0.09739051517099143,0.001863534778263428,0.872916967600584,0.02566739019751549,0.06808796837925911,18.0,0.33333333333333326,9.126,9.936,0.1148784,0.0,0.0,,0.9666723261773587,0.9666723261773587,0.9410049359798431,0.0,-0.01668366250395775,-0.021484105614945292,-0.011932681966573001,0.002398633688875005,0.54225,,,1,False,True,0,-0.005654918655753136,-0.008770411391742528,-0.0025335868122056135,0.0015884915624440144,0.51,,,1,False,True,0
A,posterior_mean_shrunk,cell,A,50,beta_good_common_T50_cap64,beta_good_common,64,10001000,phi_sf_k16_noT1000,learned,1,1,2000,1,True,True,0.0937553585767746,0.09012996442615986,0.09739051517099143,0.001863534778263428,0.872916967600584,0.02566739019751549,0.06808796837925911,18.0,0.33333333333333326,9.126,9.936,0.1148784,0.0,0.0,,0.9666723261773587,0.9666723261773587,0.9410049359798431,0.0,-0.01668366250395775,-0.021484105614945292,-0.011932681966573001,0.002398633688875005,0.54225,,,1,False,True,0,-0.005654918655753136,-0.008770411391742528,-0.0025335868122056135,0.0015884915624440144,0.51,,,1,False,True,0
A,posterior_mean_shrunk,cell,A,50,beta_good_common_T50_cap64,beta_good_common,64,10001000,power_a0.25,baseline,1,1,2000,1,True,True,0.09941027723252774,0.09560394492000342,0.10322137381881476,0.001958995040539638,0.8672620489448309,0.02104007887840271,0.07837019835412502,21.0,0.39583333333333326,8.363,13.0985,0.09896,0.0,,,0.9666723261773587,0.9666723261773587,0.9456322472989559,0.0,-0.011028743848204613,-0.016027962462976574,-0.006077690958045426,0.0025168114736026375,0.521,,,1,False,True,0,0.0,0.0,0.0,0.0,0.5,,,1,False,True,0
A,posterior_mean_shrunk,cell,A,50,beta_good_common_T50_cap64,beta_good_common,64,10001000,power_a0.33,baseline,1,1,2000,1,True,True,0.1008531504124403,0.09704061541706324,0.10466643143445253,0.0019314024882854312,0.8658191757649183,0.018287909030914307,0.08256524138152599,23.0,0.4375,7.945,15.572,0.09076520000000002,0.0,,,0.9666723261773587,0.9666723261773587,0.9483844171464443,0.0,-0.009585870668292045,-0.014644238096661865,-0.004613034590147436,0.002572531770131338,0.5185,,,1,False,True,0,0.0014428731799125672,-0.001294641415006481,0.004118034755811091,0.00137701957529277,0.48724999999999996,,,1,False,True,0
A,posterior_mean_shrunk,cell,A,50,beta_good_common_T50_cap64,beta_good_common,64,10001000,power_a0.5,baseline,1,1,2000,1,True,True,0.10325456239283085,0.09941655676811934,0.10707598756998778,0.0019932941366797245,0.8634177637845277,0.02104007887840271,0.08221448351442814,21.0,0.39583333333333326,8.0685,12.852,0.09545800000000002,0.0,,,0.9666723261773587,0.9666723261773587,0.9456322472989559,0.0,-0.0071844586879014965,-0.012242511264048517,-0.00214835018850863,0.0025557660775455027,0.51,,,1,False,True,0,0.0038442851603031156,0.0020454916812013835,0.005714624130632728,0.0009224520779928494,0.486,,,1,False,True,0
A,posterior_mean_shrunk,cell,A,50,beta_good_common_T50_cap64,beta_good_common,64,10001000,power_a0.67,baseline,1,1,2000,1,True,True,0.11136735525727272,0.10744377411901951,0.11543800830841064,0.002049535688947275,0.855304970920086,0.01606389373540878,0.09530346152186393,25.0,0.4791666666666668,7.086,17.1245,0.07759800000000001,0.0,,,0.9666723261773587,0.9666723261773587,0.9506084324419498,0.0,0.0009283341765403747,-0.004215035564266143,0.006229148106649516,0.0026303157285435886,0.486,,,1,False,True,0,0.011957078024744987,0.008445726614445448,0.015468936902470885,0.0017881586403484004,0.4535,,,1,False,True,0
A,posterior_mean_shrunk,cell,A,50,beta_good_common_T50_cap64,beta_good_common,64,10001000,refine_after_init,baseline,1,1,2000,1,True,True,0.10051627856492996,0.09674400128424168,0.1041932163760066,0.0018670549743124347,0.8661560476124287,0.05947984349727631,0.04103643506765366,8.0,0.125,13.7925,1.9495,0.21635759999999998,0.0,,,0.9666723261773587,0.9666723261773587,0.9071924826800823,0.0,-0.009922742515802383,-0.012947262846864758,-0.006841047946363688,0.0015668169974240897,0.5195,,,1,False,True,0,0.0011060013324022293,-0.0036214930529240505,0.00575272935675457,0.002357636365754032,0.49424999999999997,,,1,False,True,0
A,posterior_mean_shrunk,cell,A,50,beta_good_common_T50_cap64,beta_good_common,64,10001000,rule_reservoir,rule,1,1,2000,1,True,True,0.140439518943429,0.13571348525583743,0.14517364874482155,0.002416325766351072,0.8262328072339297,0.00548774790763855,0.13495177103579045,39.764,0.78675,4.51,35.7135,0.038368400000000004,0.0,0.0,,0.9666723261773587,0.9666723261773587,0.96118457826972,0.0,0.030000497862696648,0.024212937196716668,0.03594693969935179,0.002962756094741421,0.41,,,1,False,True,0,0.04102924171090126,0.03558303099125624,0.046563929785043,0.0028019941753261663,0.38375000000000004,,,1,False,True,0
A,posterior_mean_shrunk,cell,A,50,beta_good_common_T50_cap64,beta_good_common,64,10001000,uniform,baseline,1,1,2000,1,True,True,0.1195563255250454,0.11522509176284075,0.12395544759929181,0.002222802708537823,0.8471160006523132,0.015191628009080888,0.10436469751596451,25.964,0.49925,6.24,17.2575,0.0687492,0.0,,,0.9666723261773587,0.9666723261773587,0.9514806981682777,0.0,0.00911730444431305,0.003888460650341588,0.014436396909877657,0.002707946344983006,0.47250000000000003,,,1,False,True,0,0.020146048292517663,0.016069209901615977,0.024314077710732816,0.0020953500262676566,0.44025,,,1,False,True,0
A,posterior_mean_shrunk,cell,A,1000,beta_mostly_mediocre_T1000_cap64,beta_mostly_mediocre,64,10043000,always_search,baseline,1,1,2000,1,True,True,0.10198580059409142,0.09915097057819366,0.10474300682544707,0.001427539905183105,0.7475257647335529,0.07868305084109306,0.023302749752998352,64.0,0.062124248496993974,98.119,0.0,0.043911365,0.33,,64.0,0.8495115653276444,0.7708285144865513,0.7708285144865513,1.0,-0.018751468747854234,-0.021503734635189176,-0.016004889225587248,0.001380226791080412,0.5972500000000001,,,1,False,True,0,0.0,0.0,0.0,0.0,0.5,,,1,False,True,0
A,posterior_mean_shrunk,cell,A,1000,beta_mostly_mediocre_T1000_cap64,beta_mostly_mediocre,64,10043000,cp0,reference,1,1,2000,1,True,True,0.12073726934194565,0.11793638281524181,0.12347363792359829,0.0014237339650271684,0.7287742959856987,0.10813231399655342,0.012604955345392228,30.982,0.02904008016032063,161.002,0.0,0.092266341,0.754,,,0.8495115653276444,0.7708285144865513,0.741379251331091,0.0,0.0,0.0,0.0,0.0,0.5,,,1,False,True,0,0.018751468747854234,0.016004889225587248,0.021503734635189176,0.001380226791080412,0.40275000000000005,,,1,False,True,0
A,posterior_mean_shrunk,cell,A,1000,beta_mostly_mediocre_T1000_cap64,beta_mostly_mediocre,64,10043000,fixed_K16,baseline,1,1,2000,1,True,True,0.14476447376608848,0.1417708232998848,0.14769330956041812,0.0014972768261272394,0.7047470915615559,0.13790589764714242,0.006858576118946075,16.0,0.014028056112224454,259.5945,0.0,0.18088453699999998,0.9015,,,0.8495115653276444,0.7708285144865513,0.7116056676805019,0.0,0.02402720442414284,0.021516852313652635,0.026547829434275628,0.0012692282228188815,0.37925,,,1,False,True,0,0.04277867317199707,0.03955791126936674,0.04595833970233798,0.0016243370385836393,0.299,,,1,False,True,0
A,posterior_mean_shrunk,cell,A,1000,beta_mostly_mediocre_T1000_cap64,beta_mostly_mediocre,64,10043000,p3_star,reference,1,1,2000,1,True,True,0.10198580059409142,0.09915097057819366,0.10474300682544707,0.001427539905183105,0.7475257647335529,0.07868305084109306,0.023302749752998352,64.0,0.062124248496993974,98.119,0.0,0.043911365,0.33,,272.0,0.8495115653276444,0.7708285144865513,0.7708285144865513,1.0,-0.018751468747854234,-0.021503734635189176,-0.016004889225587248,0.001380226791080412,0.5972500000000001,,,1,False,True,0,0.0,0.0,0.0,0.0,0.5,,,1,False,True,0
A,posterior_mean_shrunk,cell,A,1000,beta_mostly_mediocre_T1000_cap64,beta_mostly_mediocre,64,10043000,phi_k1,learned,1,1,2000,1,True,True,0.10198580059409142,0.09915097057819366,0.10474300682544707,0.001427539905183105,0.7475257647335529,0.07868305084109306,0.023302749752998352,64.0,0.062124248496993974,98.119,0.0,0.043911365,0.33,936.0,64.0,0.8495115653276444,0.7708285144865513,0.7708285144865513,1.0,-0.018751468747854234,-0.021503734635189176,-0.016004889225587248,0.001380226791080412,0.5972500000000001,,,1,False,True,0,0.0,0.0,0.0,0.0,0.5,,,1,False,True,0
A,posterior_mean_shrunk,cell,A,1000,beta_mostly_mediocre_T1000_cap64,beta_mostly_mediocre,64,10043000,phi_k16,learned,1,1,2000,1,True,True,0.10198580059409142,0.09915097057819366,0.10474300682544707,0.001427539905183105,0.7475257647335529,0.07868305084109306,0.023302749752998352,64.0,0.062124248496993974,98.119,0.0,0.043911365,0.33,865.57,79.944,0.8495115653276444,0.7708285144865513,0.7708285144865513,1.0,-0.018751468747854234,-0.021503734635189176,-0.016004889225587248,0.001380226791080412,0.5972500000000001,,,1,False,True,0,0.0,0.0,0.0,0.0,0.5,,,1,False,True,0
A,posterior_mean_shrunk,cell,A,1000,beta_mostly_mediocre_T1000_cap64,beta_mostly_mediocre,64,10043000,phi_k16_all71,learned,1,1,2000,1,True,True,0.10198580059409142,0.09915097057819366,0.10474300682544707,0.001427539905183105,0.7475257647335529,0.07868305084109306,0.023302749752998352,64.0,0.062124248496993974,98.119,0.0,0.043911365,0.33,669.335,79.392,0.8495115653276444,0.7708285144865513,0.7708285144865513,1.0,-0.018751468747854234,-0.021503734635189176,-0.016004889225587248,0.001380226791080412,0.5972500000000001,,,1,False,True,0,0.0,0.0,0.0,0.0,0.5,,,1,False,True,0
A,posterior_mean_shrunk,cell,A,1000,beta_mostly_mediocre_T1000_cap64,beta_mostly_mediocre,64,10043000,phi_k16_clock,learned,1,1,2000,1,True,True,0.10198580059409142,0.09915097057819366,0.10474300682544707,0.001427539905183105,0.7475257647335529,0.07868305084109306,0.023302749752998352,64.0,0.062124248496993974,98.119,0.0,0.043911365,0.33,936.0,64.0,0.8495115653276444,0.7708285144865513,0.7708285144865513,1.0,-0.018751468747854234,-0.021503734635189176,-0.016004889225587248,0.001380226791080412,0.5972500000000001,,,1,False,True,0,0.0,0.0,0.0,0.0,0.5,,,1,False,True,0
A,posterior_mean_shrunk,cell,A,1000,beta_mostly_mediocre_T1000_cap64,beta_mostly_mediocre,64,10043000,phi_k16_cs,learned,1,1,2000,1,True,True,0.10198580059409142,0.09915097057819366,0.10474300682544707,0.001427539905183105,0.7475257647335529,0.07868305084109306,0.023302749752998352,64.0,0.062124248496993974,98.119,0.0,0.043911365,0.33,867.14,79.96,0.8495115653276444,0.7708285144865513,0.7708285144865513,1.0,-0.018751468747854234,-0.021503734635189176,-0.016004889225587248,0.001380226791080412,0.5972500000000001,,,1,False,True,0,0.0,0.0,0.0,0.0,0.5,,,1,False,True,0
A,posterior_mean_shrunk,cell,A,1000,beta_mostly_mediocre_T1000_cap64,beta_mostly_mediocre,64,10043000,phi_k16_famA_only,learned,1,1,2000,1,True,True,0.10198580059409142,0.09915097057819366,0.10474300682544707,0.001427539905183105,0.7475257647335529,0.07868305084109306,0.023302749752998352,64.0,0.062124248496993974,98.119,0.0,0.043911365,0.33,850.834,86.2,0.8495115653276444,0.7708285144865513,0.7708285144865513,1.0,-0.018751468747854234,-0.021503734635189176,-0.016004889225587248,0.001380226791080412,0.5972500000000001,,,1,False,True,0,0.0,0.0,0.0,0.0,0.5,,,1,False,True,0
A,posterior_mean_shrunk,cell,A,1000,beta_mostly_mediocre_T1000_cap64,beta_mostly_mediocre,64,10043000,phi_k16_famB_only,learned,1,1,2000,1,True,True,0.10198580059409142,0.09915097057819366,0.10474300682544707,0.001427539905183105,0.7475257647335529,0.07868305084109306,0.023302749752998352,64.0,0.062124248496993974,98.119,0.0,0.043911365,0.33,792.378,80.44,0.8495115653276444,0.7708285144865513,0.7708285144865513,1.0,-0.018751468747854234,-0.021503734635189176,-0.016004889225587248,0.001380226791080412,0.5972500000000001,,,1,False,True,0,0.0,0.0,0.0,0.0,0.5,,,1,False,True,0
A,posterior_mean_shrunk,cell,A,1000,beta_mostly_mediocre_T1000_cap64,beta_mostly_mediocre,64,10043000,phi_k16_guard,learned,1,1,2000,1,True,True,0.10198580059409142,0.09915097057819366,0.10474300682544707,0.001427539905183105,0.7475257647335529,0.07868305084109306,0.023302749752998352,64.0,0.062124248496993974,98.119,0.0,0.043911365,0.33,780.8275,79.944,0.8495115653276444,0.7708285144865513,0.7708285144865513,1.0,-0.018751468747854234,-0.021503734635189176,-0.016004889225587248,0.001380226791080412,0.5972500000000001,,,1,False,True,0,0.0,0.0,0.0,0.0,0.5,,,1,False,True,0
A,posterior_mean_shrunk,cell,A,1000,beta_mostly_mediocre_T1000_cap64,beta_mostly_mediocre,64,10043000,phi_k16_hgb,learned,1,1,2000,1,True,True,0.10198580059409142,0.09915097057819366,0.10474300682544707,0.001427539905183105,0.7475257647335529,0.07868305084109306,0.023302749752998352,64.0,0.062124248496993974,98.119,0.0,0.043911365,0.33,625.801,64.0,0.8495115653276444,0.7708285144865513,0.7708285144865513,1.0,-0.018751468747854234,-0.021503734635189176,-0.016004889225587248,0.001380226791080412,0.5972500000000001,,,1,False,True,0,0.0,0.0,0.0,0.0,0.5,,,1,False,True,0
A,posterior_mean_shrunk,cell,A,1000,beta_mostly_mediocre_T1000_cap64,beta_mostly_mediocre,64,10043000,phi_k16_lucb,learned,1,1,2000,1,True,True,0.10198580059409142,0.09915097057819366,0.10474300682544707,0.001427539905183105,0.7475257647335529,0.07868305084109306,0.023302749752998352,64.0,0.062124248496993974,98.119,0.0,0.043911365,0.33,895.14,84.384,0.8495115653276444,0.7708285144865513,0.7708285144865513,1.0,-0.018751468747854234,-0.021503734635189176,-0.016004889225587248,0.001380226791080412,0.5972500000000001,,,1,False,True,0,0.0,0.0,0.0,0.0,0.5,,,1,False,True,0
A,posterior_mean_shrunk,cell,A,1000,beta_mostly_mediocre_T1000_cap64,beta_mostly_mediocre,64,10043000,phi_k16_noT1000,learned,1,1,2000,1,True,True,0.10198580059409142,0.09915097057819366,0.10474300682544707,0.001427539905183105,0.7475257647335529,0.07868305084109306,0.023302749752998352,64.0,0.062124248496993974,98.119,0.0,0.043911365,0.33,936.0,64.0,0.8495115653276444,0.7708285144865513,0.7708285144865513,1.0,-0.018751468747854234,-0.021503734635189176,-0.016004889225587248,0.001380226791080412,0.5972500000000001,,,1,False,True,0,0.0,0.0,0.0,0.0,0.5,,,1,False,True,0
A,posterior_mean_shrunk,cell,A,1000,beta_mostly_mediocre_T1000_cap64,beta_mostly_mediocre,64,10043000,phi_k16_noT200,learned,1,1,2000,1,True,True,0.10198580059409142,0.09915097057819366,0.10474300682544707,0.001427539905183105,0.7475257647335529,0.07868305084109306,0.023302749752998352,64.0,0.062124248496993974,98.119,0.0,0.043911365,0.33,803.556,76.16,0.8495115653276444,0.7708285144865513,0.7708285144865513,1.0,-0.018751468747854234,-0.021503734635189176,-0.016004889225587248,0.001380226791080412,0.5972500000000001,,,1,False,True,0,0.0,0.0,0.0,0.0,0.5,,,1,False,True,0
A,posterior_mean_shrunk,cell,A,1000,beta_mostly_mediocre_T1000_cap64,beta_mostly_mediocre,64,10043000,phi_k16_noambig,learned,1,1,2000,1,True,True,0.10198580059409142,0.09915097057819366,0.10474300682544707,0.001427539905183105,0.7475257647335529,0.07868305084109306,0.023302749752998352,64.0,0.062124248496993974,98.119,0.0,0.043911365,0.33,928.653,64.0,0.8495115653276444,0.7708285144865513,0.7708285144865513,1.0,-0.018751468747854234,-0.021503734635189176,-0.016004889225587248,0.001380226791080412,0.5972500000000001,,,1,False,True,0,0.0,0.0,0.0,0.0,0.5,,,1,False,True,0
A,posterior_mean_shrunk,cell,A,1000,beta_mostly_mediocre_T1000_cap64,beta_mostly_mediocre,64,10043000,phi_k16_nopolicy,learned,1,1,2000,1,True,True,0.10198580059409142,0.09915097057819366,0.10474300682544707,0.001427539905183105,0.7475257647335529,0.07868305084109306,0.023302749752998352,64.0,0.062124248496993974,98.119,0.0,0.043911365,0.33,932.565,64.032,0.8495115653276444,0.7708285144865513,0.7708285144865513,1.0,-0.018751468747854234,-0.021503734635189176,-0.016004889225587248,0.001380226791080412,0.5972500000000001,,,1,False,True,0,0.0,0.0,0.0,0.0,0.5,,,1,False,True,0
A,posterior_mean_shrunk,cell,A,1000,beta_mostly_mediocre_T1000_cap64,beta_mostly_mediocre,64,10043000,phi_k16_notrunc,learned,1,1,2000,1,True,True,0.10198580059409142,0.09915097057819366,0.10474300682544707,0.001427539905183105,0.7475257647335529,0.07868305084109306,0.023302749752998352,64.0,0.062124248496993974,98.119,0.0,0.043911365,0.33,935.286,64.0,0.8495115653276444,0.7708285144865513,0.7708285144865513,1.0,-0.018751468747854234,-0.021503734635189176,-0.016004889225587248,0.001380226791080412,0.5972500000000001,,,1,False,True,0,0.0,0.0,0.0,0.0,0.5,,,1,False,True,0
A,posterior_mean_shrunk,cell,A,1000,beta_mostly_mediocre_T1000_cap64,beta_mostly_mediocre,64,10043000,phi_k16_onpolicy_only,learned,1,1,2000,1,True,True,0.1508898715674877,0.14686935320496558,0.15489259660243987,0.002091627498081741,0.6986216937601566,0.13467622274160385,0.016213648825883865,37.814,0.03588577154308618,243.0005,2.1525,0.18673363499999998,0.3645,75.834,488.1180476730988,0.8495115653276444,0.7708285144865513,0.7148353425860405,0.4405,0.030152602225542068,0.02635615561157465,0.03397562066093087,0.001964116119571226,0.40225,,,1,False,True,0,0.0489040709733963,0.044840114377439025,0.05300874589011073,0.002053903485827911,0.33375,,,1,False,True,0
A,posterior_mean_shrunk,cell,A,1000,beta_mostly_mediocre_T1000_cap64,beta_mostly_mediocre,64,10043000,phi_k16_onpolicy_union,learned,1,1,2000,1,True,True,0.10198580059409142,0.09915097057819366,0.10474300682544707,0.001427539905183105,0.7475257647335529,0.07868305084109306,0.023302749752998352,64.0,0.062124248496993974,98.119,0.0,0.043911365,0.33,881.995,80.88,0.8495115653276444,0.7708285144865513,0.7708285144865513,1.0,-0.018751468747854234,-0.021503734635189176,-0.016004889225587248,0.001380226791080412,0.5972500000000001,,,1,False,True,0,0.0,0.0,0.0,0.0,0.5,,,1,False,True,0
A,posterior_mean_shrunk,cell,A,1000,beta_mostly_mediocre_T1000_cap64,beta_mostly_mediocre,64,10043000,phi_k16_perstep,learned,1,1,2000,1,True,True,0.10198580059409142,0.09915097057819366,0.10474300682544707,0.001427539905183105,0.7475257647335529,0.07868305084109306,0.023302749752998352,64.0,0.062124248496993974,98.119,0.0,0.043911365,0.33,873.502,65.8935,0.8495115653276444,0.7708285144865513,0.7708285144865513,1.0,-0.018751468747854234,-0.021503734635189176,-0.016004889225587248,0.001380226791080412,0.5972500000000001,,,1,False,True,0,0.0,0.0,0.0,0.0,0.5,,,1,False,True,0
A,posterior_mean_shrunk,cell,A,1000,beta_mostly_mediocre_T1000_cap64,beta_mostly_mediocre,64,10043000,phi_k16_quality,learned,1,1,2000,1,True,True,0.10198580059409142,0.09915097057819366,0.10474300682544707,0.001427539905183105,0.7475257647335529,0.07868305084109306,0.023302749752998352,64.0,0.062124248496993974,98.119,0.0,0.043911365,0.33,763.365,79.312,0.8495115653276444,0.7708285144865513,0.7708285144865513,1.0,-0.018751468747854234,-0.021503734635189176,-0.016004889225587248,0.001380226791080412,0.5972500000000001,,,1,False,True,0,0.0,0.0,0.0,0.0,0.5,,,1,False,True,0
A,posterior_mean_shrunk,cell,A,1000,beta_mostly_mediocre_T1000_cap64,beta_mostly_mediocre,64,10043000,phi_k16_tau05,learned,1,1,2000,1,True,True,0.10198580059409142,0.09915097057819366,0.10474300682544707,0.001427539905183105,0.7475257647335529,0.07868305084109306,0.023302749752998352,64.0,0.062124248496993974,98.119,0.0,0.043911365,0.33,865.57,79.944,0.8495115653276444,0.7708285144865513,0.7708285144865513,1.0,-0.018751468747854234,-0.021503734635189176,-0.016004889225587248,0.001380226791080412,0.5972500000000001,,,1,False,True,0,0.0,0.0,0.0,0.0,0.5,,,1,False,True,0
A,posterior_mean_shrunk,cell,A,1000,beta_mostly_mediocre_T1000_cap64,beta_mostly_mediocre,64,10043000,phi_k16_weighted,learned,1,1,2000,1,True,True,0.10198580059409142,0.09915097057819366,0.10474300682544707,0.001427539905183105,0.7475257647335529,0.07868305084109306,0.023302749752998352,64.0,0.062124248496993974,98.119,0.0,0.043911365,0.33,764.011,95.72,0.8495115653276444,0.7708285144865513,0.7708285144865513,1.0,-0.018751468747854234,-0.021503734635189176,-0.016004889225587248,0.001380226791080412,0.5972500000000001,,,1,False,True,0,0.0,0.0,0.0,0.0,0.5,,,1,False,True,0
A,posterior_mean_shrunk,cell,A,1000,beta_mostly_mediocre_T1000_cap64,beta_mostly_mediocre,64,10043000,phi_k4,learned,1,1,2000,1,True,True,0.10198580059409142,0.09915097057819366,0.10474300682544707,0.001427539905183105,0.7475257647335529,0.07868305084109306,0.023302749752998352,64.0,0.062124248496993974,98.119,0.0,0.043911365,0.33,930.234,68.962,0.8495115653276444,0.7708285144865513,0.7708285144865513,1.0,-0.018751468747854234,-0.021503734635189176,-0.016004889225587248,0.001380226791080412,0.5972500000000001,,,1,False,True,0,0.0,0.0,0.0,0.0,0.5,,,1,False,True,0
A,posterior_mean_shrunk,cell,A,1000,beta_mostly_mediocre_T1000_cap64,beta_mostly_mediocre,64,10043000,phi_reservoir_rule,learned,1,1,2000,1,True,True,0.10198580059409142,0.09915097057819366,0.10474300682544707,0.001427539905183105,0.7475257647335529,0.07868305084109306,0.023302749752998352,64.0,0.062124248496993974,98.119,0.0,0.043911365,0.33,476.68,82.096,0.8495115653276444,0.7708285144865513,0.7708285144865513,1.0,-0.018751468747854234,-0.021503734635189176,-0.016004889225587248,0.001380226791080412,0.5972500000000001,,,1,False,True,0,0.0,0.0,0.0,0.0,0.5,,,1,False,True,0
A,posterior_mean_shrunk,cell,A,1000,beta_mostly_mediocre_T1000_cap64,beta_mostly_mediocre,64,10043000,phi_sf_k16,learned,1,1,2000,1,True,True,0.10198580059409142,0.09915097057819366,0.10474300682544707,0.001427539905183105,0.7475257647335529,0.07868305084109306,0.023302749752998352,64.0,0.062124248496993974,98.119,0.0,0.043911365,0.33,916.932,80.288,0.8495115653276444,0.7708285144865513,0.7708285144865513,1.0,-0.018751468747854234,-0.021503734635189176,-0.016004889225587248,0.001380226791080412,0.5972500000000001,,,1,False,True,0,0.0,0.0,0.0,0.0,0.5,,,1,False,True,0
A,posterior_mean_shrunk,cell,A,1000,beta_mostly_mediocre_T1000_cap64,beta_mostly_mediocre,64,10043000,phi_sf_k16_noT1000,learned,1,1,2000,1,True,True,0.10198580059409142,0.09915097057819366,0.10474300682544707,0.001427539905183105,0.7475257647335529,0.07868305084109306,0.023302749752998352,64.0,0.062124248496993974,98.119,0.0,0.043911365,0.33,839.03,104.616,0.8495115653276444,0.7708285144865513,0.7708285144865513,1.0,-0.018751468747854234,-0.021503734635189176,-0.016004889225587248,0.001380226791080412,0.5972500000000001,,,1,False,True,0,0.0,0.0,0.0,0.0,0.5,,,1,False,True,0
A,posterior_mean_shrunk,cell,A,1000,beta_mostly_mediocre_T1000_cap64,beta_mostly_mediocre,64,10043000,power_a0.25,baseline,1,1,2000,1,True,True,0.10198580059409142,0.09915097057819366,0.10474300682544707,0.001427539905183105,0.7475257647335529,0.07868305084109306,0.023302749752998352,64.0,0.062124248496993974,98.119,0.0,0.043911365,0.33,,272.0,0.8495115653276444,0.7708285144865513,0.7708285144865513,1.0,-0.018751468747854234,-0.021503734635189176,-0.016004889225587248,0.001380226791080412,0.5972500000000001,,,1,False,True,0,0.0,0.0,0.0,0.0,0.5,,,1,False,True,0
A,posterior_mean_shrunk,cell,A,1000,beta_mostly_mediocre_T1000_cap64,beta_mostly_mediocre,64,10043000,power_a0.33,baseline,1,1,2000,1,True,True,0.10198580059409142,0.09915097057819366,0.10474300682544707,0.001427539905183105,0.7475257647335529,0.07868305084109306,0.023302749752998352,64.0,0.062124248496993974,98.119,0.0,0.043911365,0.33,,393.0,0.8495115653276444,0.7708285144865513,0.7708285144865513,1.0,-0.018751468747854234,-0.021503734635189176,-0.016004889225587248,0.001380226791080412,0.5972500000000001,,,1,False,True,0,0.0,0.0,0.0,0.0,0.5,,,1,False,True,0
A,posterior_mean_shrunk,cell,A,1000,beta_mostly_mediocre_T1000_cap64,beta_mostly_mediocre,64,10043000,power_a0.5,baseline,1,1,2000,1,True,True,0.10198580059409142,0.09915097057819366,0.10474300682544707,0.001427539905183105,0.7475257647335529,0.07868305084109306,0.023302749752998352,64.0,0.062124248496993974,98.119,0.0,0.043911365,0.33,,87.0,0.8495115653276444,0.7708285144865513,0.7708285144865513,1.0,-0.018751468747854234,-0.021503734635189176,-0.016004889225587248,0.001380226791080412,0.5972500000000001,,,1,False,True,0,0.0,0.0,0.0,0.0,0.5,,,1,False,True,0
A,posterior_mean_shrunk,cell,A,1000,beta_mostly_mediocre_T1000_cap64,beta_mostly_mediocre,64,10043000,power_a0.67,baseline,1,1,2000,1,True,True,0.10203621304035186,0.09922072850167751,0.10480633284896612,0.0014278273016034538,0.7474753522872924,0.07868305084109306,0.023353162199258804,64.0,0.062124248496993974,98.1085,0.0,0.04390624700000001,0.3315,,480.0,0.8495115653276444,0.7708285144865513,0.7708285144865513,1.0,-0.018701056301593782,-0.021453360468149184,-0.01595447938889265,0.0013797335037144835,0.59675,,,1,False,True,0,5.041244626045227e-05,0.0,0.0001512373419245705,5.041244626045226e-05,0.49975,,,1,False,True,0
A,posterior_mean_shrunk,cell,A,1000,beta_mostly_mediocre_T1000_cap64,beta_mostly_mediocre,64,10043000,refine_after_init,baseline,1,1,2000,1,True,True,0.18095308992266654,0.17768540941178798,0.18423582129180432,0.001660289665770477,0.6685584754049778,0.1768141256570816,0.004138964265584946,8.0,0.006012024048096194,357.843,0.0,0.28819383800000004,0.8495,,,0.8495115653276444,0.7708285144865513,0.6726974396705627,0.0,0.0602158205807209,0.05695551242679357,0.06358795538544655,0.001678312234685215,0.2345,,,1,False,True,0,0.07896728932857514,0.07527610547840595,0.08277249280363322,0.0019045957421113728,0.18925,,,1,False,True,0
A,posterior_mean_shrunk,cell,A,1000,beta_mostly_mediocre_T1000_cap64,beta_mostly_mediocre,64,10043000,rule_reservoir,rule,1,1,2000,1,True,True,0.10198580059409142,0.09915097057819366,0.10474300682544707,0.001427539905183105,0.7475257647335529,0.07868305084109306,0.023302749752998352,64.0,0.062124248496993974,98.119,0.0,0.043911365,0.33,445.766,64.0,0.8495115653276444,0.7708285144865513,0.7708285144865513,1.0,-0.018751468747854234,-0.021503734635189176,-0.016004889225587248,0.001380226791080412,0.5972500000000001,,,1,False,True,0,0.0,0.0,0.0,0.0,0.5,,,1,False,True,0
A,posterior_mean_shrunk,cell,A,1000,beta_mostly_mediocre_T1000_cap64,beta_mostly_mediocre,64,10043000,uniform,baseline,1,1,2000,1,True,True,0.10195029124617577,0.09911794234067202,0.1047209694981575,0.0014272059932644349,0.7475612740814686,0.07868305084109306,0.0232672404050827,64.0,0.062124248496993974,98.0965,0.0,0.043892759999999996,0.3335,,126.138,0.8495115653276444,0.7708285144865513,0.7708285144865513,1.0,-0.01878697809576988,-0.021537705743685364,-0.016035357536748052,0.0013808697283420532,0.5972500000000001,,,1,False,True,0,-3.550934791564942e-05,-0.00015636956959497184,4.9841524742078036e-05,5.471483293311148e-05,0.5,,,1,False,True,0
A,posterior_mean_shrunk,cell,A,100,beta_mostly_mediocre_T100_cap64,beta_mostly_mediocre,64,10034000,always_search,baseline,1,1,2000,1,True,True,0.16296207784861327,0.15820364691317082,0.1677031509578228,0.002412647355747706,0.6234811456277967,0.016406842827796937,0.14655523502081633,64.0,0.6326530612244898,5.344,46.3875,0.024222,0.0,,64.0,0.7864432234764099,0.770036380648613,0.770036380648613,1.0,0.00946495322138071,0.0038244685041718186,0.015094664762727916,0.002906877192105276,0.4725,,,1,False,True,0,0.020021875716745855,0.014612982072867453,0.025425139488652347,0.0027648210358195303,0.44425000000000003,,,1,False,True,0
A,posterior_mean_shrunk,cell,A,100,beta_mostly_mediocre_T100_cap64,beta_mostly_mediocre,64,10034000,cp0,reference,1,1,2000,1,True,True,0.15349712462723256,0.14938932284712791,0.15761365219950677,0.002105104695585184,0.6329460988491774,0.10941276364028454,0.04408436098694801,9.0,0.0714285714285714,22.164,0.0015,0.1641166,0.0045,,,0.7864432234764099,0.770036380648613,0.6770304598361254,0.0,0.0,0.0,0.0,0.0,0.5,,,1,False,True,0,0.010556922495365143,0.005420190631411971,0.015820930059999225,0.002651777756387931,0.46625,,,1,False,True,0
A,posterior_mean_shrunk,cell,A,100,beta_mostly_mediocre_T100_cap64,beta_mostly_mediocre,64,10034000,fixed_K16,baseline,1,1,2000,1,True,True,0.14381148383021355,0.13962347358465194,0.14802449867129325,0.0021297077650835514,0.6426317396461964,0.07781986320018769,0.06599162063002587,16.0,0.1428571428571428,15.108,0.2435,0.09867200000000001,0.0,,,0.7864432234764099,0.770036380648613,0.7086233602762222,0.0,-0.009685640797019005,-0.013920468883588909,-0.005548058159183711,0.0021221630882983897,0.5195,,,1,False,True,0,0.000871281698346138,-0.003971633315086364,0.0057948680827394124,0.0025038997766838743,0.49774999999999997,,,1,False,True,0
A,posterior_mean_shrunk,cell,A,100,beta_mostly_mediocre_T100_cap64,beta_mostly_mediocre,64,10034000,p3_star,reference,1,1,2000,1,True,True,0.14294020213186742,0.13858135491609574,0.14728725850582122,0.0022075875301502653,0.6435030213445425,0.04012550470232964,0.10281469742953778,36.0,0.34693877551020413,8.947,17.525,0.050400099999999996,0.0,,,0.7864432234764099,0.770036380648613,0.7463177187740803,0.0,-0.010556922495365143,-0.015820930059999225,-0.005420190631411972,0.002651777756387931,0.5337500000000001,,,1,False,True,0,0.0,0.0,0.0,0.0,0.5,,,1,False,True,0
A,posterior_mean_shrunk,cell,A,100,beta_mostly_mediocre_T100_cap64,beta_mostly_mediocre,64,10034000,phi_k1,learned,1,1,2000,1,True,True,0.14004786109924316,0.13564233481884003,0.14445242434740066,0.002232640262530965,0.6463953623771668,0.03242494815587998,0.1076229129433632,42.6455,0.41475,8.3705,21.5705,0.043064700000000004,0.0,0.0,,0.7864432234764099,0.770036380648613,0.7540182753205299,0.0,-0.013449263527989388,-0.018739003269001842,-0.008159440476447346,0.0027122457812935167,0.54275,,,1,False,True,0,-0.0028923410326242445,-0.0062895715702325095,0.0005006058549042783,0.0017100055344775377,0.5125000000000001,,,1,False,True,0
A,posterior_mean_shrunk,cell,A,100,beta_mostly_mediocre_T100_cap64,beta_mostly_mediocre,64,10034000,phi_k16,learned,1,1,2000,1,True,True,0.1425554291754961,0.13819701485335828,0.1469588980078697,0.0022042799631812942,0.6438877943009138,0.05186577019095421,0.0906896589845419,27.992,0.26522448979591845,10.9775,10.7815,0.0666254,0.0,0.0,,0.7864432234764099,0.770036380648613,0.7345774532854557,0.0,-0.01094169545173645,-0.01582459406927228,-0.00597151704132557,0.002523939167864582,0.535,,,1,False,True,0,-0.00038477295637130737,-0.0036903988046105944,0.002953701629303396,0.0016845116348895518,0.5025000000000001,,,1,False,True,0
A,posterior_mean_shrunk,cell,A,100,beta_mostly_mediocre_T100_cap64,beta_mostly_mediocre,64,10034000,phi_k16_all71,learned,1,1,2000,1,True,True,0.1425961803048849,0.1382203258574009,0.14702355824410915,0.002210198908975339,0.643847043171525,0.04544995075464248,0.09714622955024242,31.825,0.3043367346938775,9.8955,14.5385,0.0585047,0.0,0.0,,0.7864432234764099,0.770036380648613,0.7409932727217674,0.0,-0.01090094432234764,-0.015991048980504272,-0.0059080396196804965,0.0025878897851611586,0.536,,,1,False,True,0,-0.0003440218269824982,-0.002939667954342439,0.002188273699721321,0.0012953717154344233,0.5045000000000001,,,1,False,True,0
A,posterior_mean_shrunk,cell,A,100,beta_mostly_mediocre_T100_cap64,beta_mostly_mediocre,64,10034000,phi_k16_clock,learned,1,1,2000,1,True,True,0.1424128904491663,0.1380251657217741,0.1468060553073883,0.002207484503608805,0.6440303330272437,0.04288895452022552,0.09952393592894078,34.0,0.32653061224489793,9.389,16.215,0.05368470000000001,0.0,0.0,,0.7864432234764099,0.770036380648613,0.7435542689561844,0.0,-0.011084234178066253,-0.01632100115530193,-0.005931805423460901,0.0026611533037067263,0.53625,,,1,False,True,0,-0.0005273116827011108,-0.002567627356620505,0.0014731235307408495,0.0010352008172730585,0.5025,,,1,False,True,0
A,posterior_mean_shrunk,cell,A,100,beta_mostly_mediocre_T100_cap64,beta_mostly_mediocre,64,10034000,phi_k16_cs,learned,1,1,2000,1,True,True,0.14218764832615852,0.1378605853766203,0.1465842667967081,0.0022020367776703653,0.6442555751502513,0.05187544345855713,0.0903122048676014,27.944,0.26473469387755094,10.9965,10.726,0.0667554,0.0,0.0,,0.7864432234764099,0.770036380648613,0.7345677800178528,0.0,-0.011309476301074027,-0.01621875055134296,-0.0063375751138664786,0.002518977131693835,0.5355,,,1,False,True,0,-0.0007525538057088852,-0.0040678275632672,0.0026027277519460744,0.001696232272706381,0.5037499999999999,,,1,False,True,0
A,posterior_mean_shrunk,cell,A,100,beta_mostly_mediocre_T100_cap64,beta_mostly_mediocre,64,10034000,phi_k16_famA_only,learned,1,1,2000,1,True,True,0.14218650187551976,0.13801464289426804,0.14642046838998796,0.0021797606204568215,0.6442567216008902,0.06422085052728653,0.07796565134823322,21.224,0.19616326530612246,12.8335,3.7545,0.08034710000000002,0.0,0.0,,0.7864432234764099,0.770036380648613,0.7222223729491234,0.0,-0.011310622751712799,-0.01600832277908921,-0.0065986154717393225,0.002380254698413777,0.53375,,,1,False,True,0,-0.0007537002563476563,-0.005000858684070407,0.0035159054503310447,0.002174626590886018,0.5035000000000001,,,1,False,True,0
A,posterior_mean_shrunk,cell,A,100,beta_mostly_mediocre_T100_cap64,beta_mostly_mediocre,64,10034000,phi_k16_famB_only,learned,1,1,2000,1,True,True,0.14258752946555614,0.13825067579746247,0.14696703664958477,0.0022102625167384586,0.6438556940108537,0.0536328105032444,0.08895471896231175,26.866,0.25373469387755104,11.2895,9.6055,0.0689765,0.0,0.0,,0.7864432234764099,0.770036380648613,0.7328104129731655,0.0,-0.010909595161676406,-0.015831328136846422,-0.006025618512649089,0.0025123808973843195,0.53425,,,1,False,True,0,-0.00035267266631126403,-0.0037996701546944675,0.0031086235190741713,0.0017906690846649141,0.506,,,1,False,True,0
A,posterior_mean_shrunk,cell,A,100,beta_mostly_mediocre_T100_cap64,beta_mostly_mediocre,64,10034000,phi_k16_guard,learned,1,1,2000,1,True,True,0.14386517390608788,0.13951771520078182,0.14818647056818007,0.0022181349480354306,0.642578049570322,0.06061954510211945,0.08324562880396844,22.735,0.21158163265306126,12.057,4.477,0.0742047,0.0,0.0,,0.7864432234764099,0.770036380648613,0.7258236783742905,0.0,-0.009631950721144675,-0.014439911860972644,-0.004821667738724502,0.0024412986553806033,0.53025,,,1,False,True,0,0.0009249717742204666,-0.0033425000321585683,0.005250987596809864,0.0021853714852319898,0.49350000000000005,,,1,False,True,0
A,posterior_mean_shrunk,cell,A,100,beta_mostly_mediocre_T100_cap64,beta_mostly_mediocre,64,10034000,phi_k16_hgb,learned,1,1,2000,1,True,True,0.14685937620699405,0.14241054467856884,0.15126584731042386,0.002265290008419903,0.6395838472694159,0.035659163355827334,0.11120021285116673,40.165,0.38943877551020417,9.5535,24.4045,0.052346000000000004,0.0,0.111,96.0,0.7864432234764099,0.770036380648613,0.7507840601205826,0.0295,-0.006637748420238495,-0.01180065395310521,-0.0015337249613367025,0.002616595504914551,0.5255,,,1,False,True,0,0.003919174075126648,0.0005588856292888528,0.007385608879849314,0.0017539133273030687,0.49150000000000005,,,1,False,True,0
A,posterior_mean_shrunk,cell,A,100,beta_mostly_mediocre_T100_cap64,beta_mostly_mediocre,64,10034000,phi_k16_lucb,learned,1,1,2000,1,True,True,0.1415598652511835,0.1371882252395153,0.1459030244499445,0.002183522397143805,0.6448833582252264,0.04937732592225075,0.09218253932893276,29.142,0.2769591836734694,10.686,11.983,0.0646537,0.0,0.0,,0.7864432234764099,0.770036380648613,0.7370658975541592,0.0,-0.011937259376049041,-0.01696764063090086,-0.007053695071954282,0.002526213146967122,0.53725,,,1,False,True,0,-0.0013803368806838989,-0.004436222137883304,0.001673224961268715,0.0015520864015970783,0.50525,,,1,False,True,0
A,posterior_mean_shrunk,cell,A,100,beta_mostly_mediocre_T100_cap64,beta_mostly_mediocre,64,10034000,phi_k16_noT1000,learned,1,1,2000,1,True,True,0.14411168564856053,0.1397231761366129,0.14856803826987744,0.0022178739837399493,0.6423315378278494,0.037761875569820406,0.10634981007874011,38.635,0.3738265306122449,8.8695,21.318,0.0503659,0.0,0.26,94.03076923076924,0.7864432234764099,0.770036380648613,0.7486813479065895,0.065,-0.009385438978672028,-0.014568522851914166,-0.004164904810022565,0.0026478939779773876,0.5265,,,1,False,True,0,0.0011714835166931152,-0.001657557964790612,0.004126789199654013,0.0014543037783411904,0.4985,,,1,False,True,0
A,posterior_mean_shrunk,cell,A,100,beta_mostly_mediocre_T100_cap64,beta_mostly_mediocre,64,10034000,phi_k16_noT200,learned,1,1,2000,1,True,True,0.14189468318223952,0.13761406838893891,0.14628988839685916,0.0021881391157590356,0.6445485402941704,0.04766030946373939,0.09423437371850013,30.708,0.2929387755102041,10.3015,13.6075,0.0616659,0.0,0.0,,0.7864432234764099,0.770036380648613,0.7387829140126705,0.0,-0.01160244144499302,-0.016581188980489967,-0.006731475517153743,0.0025317611833674046,0.535,,,1,False,True,0,-0.0010455189496278764,-0.004027988738380372,0.0019343373074661937,0.0015241738300646223,0.5045,,,1,False,True,0
A,posterior_mean_shrunk,cell,A,100,beta_mostly_mediocre_T100_cap64,beta_mostly_mediocre,64,10034000,phi_k16_noambig,learned,1,1,2000,1,True,True,0.14291826957464218,0.13853269144892694,0.14738151915371417,0.0022157183615403907,0.6435249539017678,0.03903858169913292,0.10387968787550926,37.352,0.3607346938775511,8.894,19.329,0.0505199,0.0,0.046,92.66666666666667,0.7864432234764099,0.770036380648613,0.747404641777277,0.012,-0.01057885505259037,-0.01574717960320413,-0.00539800423430279,0.0026536464514815266,0.53375,,,1,False,True,0,-2.1932557225227355e-05,-0.0026010343572124834,0.0026008309272583575,0.0013339876441414405,0.50275,,,1,False,True,0
A,posterior_mean_shrunk,cell,A,100,beta_mostly_mediocre_T100_cap64,beta_mostly_mediocre,64,10034000,phi_k16_nopolicy,learned,1,1,2000,1,True,True,0.14348427107930184,0.13908219523727894,0.14788250848650933,0.002212304633282083,0.6429589523971081,0.0465790895819664,0.09690518149733543,31.045,0.2963775510204082,10.1595,13.761,0.06052350000000001,0.0,0.0,,0.7864432234764099,0.770036380648613,0.7398641338944435,0.0,-0.010012853547930717,-0.015157396509312093,-0.004961003852076832,0.0025796857214283606,0.534,,,1,False,True,0,0.0005440689474344254,-0.002177480369573459,0.003242244303692132,0.0013741245644780205,0.50075,,,1,False,True,0
A,posterior_mean_shrunk,cell,A,100,beta_mostly_mediocre_T100_cap64,beta_mostly_mediocre,64,10034000,phi_k16_notrunc,learned,1,1,2000,1,True,True,0.1427793119996786,0.13841099999845027,0.14714199341833592,0.0022052216206877554,0.6436639114767313,0.04489608696103096,0.09788322503864764,32.488,0.31110204081632653,9.7865,15.1595,0.0571466,0.0,0.0,,0.7864432234764099,0.770036380648613,0.741547136515379,0.0,-0.01071781262755394,-0.015873618191108104,-0.005667378881480546,0.0026247032576428666,0.5347500000000001,,,1,False,True,0,-0.000160890132188797,-0.002552040602313355,0.0022159276937600224,0.0012179007763865515,0.50275,,,1,False,True,0
A,posterior_mean_shrunk,cell,A,100,beta_mostly_mediocre_T100_cap64,beta_mostly_mediocre,64,10034000,phi_k16_onpolicy_only,learned,1,1,2000,1,True,True,0.1457295242100954,0.1413168076425791,0.15016387775540352,0.0022292608407517536,0.6407136992663145,0.03544545513391495,0.11028406907618046,40.804,0.39595918367346944,8.521,22.787,0.046874400000000004,0.0,0.048,96.0,0.7864432234764099,0.770036380648613,0.750997768342495,0.023,-0.007767600417137146,-0.013052667723968625,-0.002652363752713428,0.0026466276424165543,0.52475,,,1,False,True,0,0.002789322078227997,-0.00015690188010921587,0.005738351587206124,0.0014951674961854163,0.492,,,1,False,True,0
A,posterior_mean_shrunk,cell,A,100,beta_mostly_mediocre_T100_cap64,beta_mostly_mediocre,64,10034000,phi_k16_onpolicy_union,learned,1,1,2000,1,True,True,0.14179806780815124,0.13747563548386096,0.14615604504942895,0.0021838712791906675,0.6446451556682586,0.049823487102985384,0.09197458070516586,29.248,0.2780408163265306,10.691,12.2225,0.0643266,0.0,0.0,,0.7864432234764099,0.770036380648613,0.7366197363734245,0.0,-0.011699056819081306,-0.01671544685959816,-0.006761366256978365,0.0025480747979012993,0.53625,,,1,False,True,0,-0.0011421343237161636,-0.004259204294066876,0.0019883871893398458,0.0015856441115499372,0.506,,,1,False,True,0
A,posterior_mean_shrunk,cell,A,100,beta_mostly_mediocre_T100_cap64,beta_mostly_mediocre,64,10034000,phi_k16_perstep,learned,1,1,2000,1,True,True,0.14349738791584968,0.1392602764070034,0.14771739058196545,0.0021935020201983377,0.6429458355605602,0.0606356183886528,0.08286176952719689,22.764,0.21187755102040817,12.1325,4.5285,0.07493999999999999,0.0,0.0,,0.7864432234764099,0.770036380648613,0.7258076050877571,0.0,-0.009999736711382866,-0.014754718029871583,-0.005323249520733953,0.0023881572565319998,0.5357500000000001,,,1,False,True,0,0.000557185783982277,-0.003583523345878347,0.004800805519334972,0.0021737696188596197,0.49675,,,1,False,True,0
A,posterior_mean_shrunk,cell,A,100,beta_mostly_mediocre_T100_cap64,beta_mostly_mediocre,64,10034000,phi_k16_quality,learned,1,1,2000,1,True,True,0.14059524661302567,0.13633231036365032,0.1448788709938526,0.0021670350533863274,0.6458479768633842,0.057486036598682407,0.08310921001434327,24.385,0.2284183673469388,11.9765,7.153,0.07392940000000002,0.0,0.0,,0.7864432234764099,0.770036380648613,0.7289571868777275,0.0,-0.012901878014206886,-0.017729789298027755,-0.007968593342229723,0.0024643432917232973,0.54225,,,1,False,True,0,-0.0023449555188417436,-0.00605197416152805,0.0014091750257648528,0.0019129231384711347,0.51125,,,1,False,True,0
A,posterior_mean_shrunk,cell,A,100,beta_mostly_mediocre_T100_cap64,beta_mostly_mediocre,64,10034000,phi_k16_tau05,learned,1,1,2000,1,True,True,0.1425554291754961,0.13819701485335828,0.1469588980078697,0.0022042799631812942,0.6438877943009138,0.05186577019095421,0.0906896589845419,27.992,0.26522448979591845,10.9775,10.7815,0.0666254,0.0,0.0,,0.7864432234764099,0.770036380648613,0.7345774532854557,0.0,-0.01094169545173645,-0.01582459406927228,-0.00597151704132557,0.002523939167864582,0.535,,,1,False,True,0,-0.00038477295637130737,-0.0036903988046105944,0.002953701629303396,0.0016845116348895518,0.5025000000000001,,,1,False,True,0
A,posterior_mean_shrunk,cell,A,100,beta_mostly_mediocre_T100_cap64,beta_mostly_mediocre,64,10034000,phi_k16_weighted,learned,1,1,2000,1,True,True,0.14339705835282804,0.139060627669096,0.1477554515004158,0.0021993168056375647,0.6430461651235819,0.04131760394573212,0.10207945440709591,34.978,0.3365102040816327,9.5215,18.0105,0.0555206,0.0,0.0,,0.7864432234764099,0.770036380648613,0.7451256195306778,0.0,-0.010100066274404526,-0.015142008289694786,-0.005063052801415325,0.002581214249391512,0.5247499999999999,,,1,False,True,0,0.00045685622096061705,-0.002520423708483576,0.003507555281976237,0.0015372314891252,0.49825,,,1,False,True,0
A,posterior_mean_shrunk,cell,A,100,beta_mostly_mediocre_T100_cap64,beta_mostly_mediocre,64,10034000,phi_k4,learned,1,1,2000,1,True,True,0.14355703192949296,0.1391770388931036,0.1480391811579466,0.0022538990410058434,0.642886191546917,0.03905945461988449,0.10449757730960846,36.708,0.35416326530612247,8.943,18.374,0.0507971,0.0,0.0,,0.7864432234764099,0.770036380648613,0.7473837688565255,0.0,-0.009940092697739602,-0.015190892340615391,-0.004634427407290787,0.0026814303227925243,0.529,,,1,False,True,0,0.0006168297976255417,-0.0023574370599817483,0.003564409934915602,0.0014691352659803414,0.5015000000000001,,,1,False,True,0
A,posterior_mean_shrunk,cell,A,100,beta_mostly_mediocre_T100_cap64,beta_mostly_mediocre,64,10034000,phi_reservoir_rule,learned,1,1,2000,1,True,True,0.15202311477065086,0.14739984422922134,0.15671870335936547,0.002375028128413696,0.634420108705759,0.02842893302440643,0.12359418174624442,48.471,0.4741938775510203,6.787,26.8575,0.034120000000000004,0.0,0.009,81.77777777777777,0.7864432234764099,0.770036380648613,0.7580142904520035,0.0045,-0.0014740098565816878,-0.006998951314017176,0.0038399880635552105,0.0028375834199838683,0.505,,,1,False,True,0,0.009082912638783455,0.00479683829471469,0.013308330764994021,0.00219593836799536,0.48024999999999995,,,1,False,True,0
A,posterior_mean_shrunk,cell,A,100,beta_mostly_mediocre_T100_cap64,beta_mostly_mediocre,64,10034000,phi_sf_k16,learned,1,1,2000,1,True,True,0.14202729557454585,0.1376979321241379,0.1464866679161787,0.002212827910978183,0.6444159279018641,0.03899839496612549,0.10302890060842038,37.196,0.35914285714285715,8.8465,18.834,0.0499589,0.0,0.001,96.0,0.7864432234764099,0.770036380648613,0.7474448285102844,0.0005,-0.011469829052686691,-0.01667820857837796,-0.006257528066635132,0.0026626424452747544,0.5345,,,1,False,True,0,-0.0009129065573215485,-0.003511126822559162,0.001764308733982032,0.0013376697068876457,0.503,,,1,False,True,0
A,posterior_mean_shrunk,cell,A,100,beta_mostly_mediocre_T100_cap64,beta_mostly_mediocre,64,10034000,phi_sf_k16_noT1000,learned,1,1,2000,1,True,True,0.14232588063180446,0.13796230219304562,0.14672679752111434,0.0022068145946196765,0.6441173428446054,0.05043768122792244,0.09188819940388203,28.84,0.27387755102040817,10.7555,11.6435,0.0649316,0.0,0.0,,0.7864432234764099,0.770036380648613,0.7360055422484875,0.0,-0.011171243995428085,-0.016202328074723483,-0.006238478480372578,0.0025591604965619396,0.5345,,,1,False,True,0,-0.0006143215000629425,-0.0037739932129625224,0.002533394121564924,0.0015845673555673469,0.50175,,,1,False,True,0
A,posterior_mean_shrunk,cell,A,100,beta_mostly_mediocre_T100_cap64,beta_mostly_mediocre,64,10034000,power_a0.25,baseline,1,1,2000,1,True,True,0.1433296250551939,0.13897253349423408,0.14779020063579082,0.002221603802330868,0.643113598421216,0.03645832389593125,0.10687130115926266,39.0,0.37755102040816324,8.56,19.4055,0.046504199999999996,0.0,,,0.7864432234764099,0.770036380648613,0.7499848995804786,0.0,-0.01016749957203865,-0.015392009052447973,-0.004892670933622867,0.0026872516791600232,0.5285,,,1,False,True,0,0.0003894229233264923,-0.002344704832648858,0.003093902341788634,0.0013990033572922108,0.49974999999999997,,,1,False,True,0
A,posterior_mean_shrunk,cell,A,100,beta_mostly_mediocre_T100_cap64,beta_mostly_mediocre,64,10034000,power_a0.33,baseline,1,1,2000,1,True,True,0.14294020213186742,0.13858135491609574,0.14728725850582122,0.0022075875301502653,0.6435030213445425,0.04012550470232964,0.10281469742953778,36.0,0.34693877551020413,8.947,17.525,0.050400099999999996,0.0,,,0.7864432234764099,0.770036380648613,0.7463177187740803,0.0,-0.010556922495365143,-0.015820930059999225,-0.005420190631411972,0.002651777756387931,0.5337500000000001,,,1,False,True,0,0.0,0.0,0.0,0.0,0.5,,,1,False,True,0
A,posterior_mean_shrunk,cell,A,100,beta_mostly_mediocre_T100_cap64,beta_mostly_mediocre,64,10034000,power_a0.5,baseline,1,1,2000,1,True,True,0.1442847589403391,0.13990795612335205,0.1486757330596447,0.0022186321199884587,0.6421584645360708,0.037636822044849395,0.1066479368954897,38.0,0.3673469387755102,8.552,18.7595,0.04739839999999999,0.0,,,0.7864432234764099,0.770036380648613,0.7488064014315605,0.0,-0.009212365686893462,-0.014468203857541084,-0.004020763654261832,0.0026539382665064365,0.52225,,,1,False,True,0,0.0013445568084716796,-0.0007360107192653225,0.003425597306340931,0.001069220327909662,0.494,,,1,False,True,0
A,posterior_mean_shrunk,cell,A,100,beta_mostly_mediocre_T100_cap64,beta_mostly_mediocre,64,10034000,power_a0.67,baseline,1,1,2000,1,True,True,0.1446741243749857,0.14024047143757343,0.14904541671276092,0.0022248368202176113,0.6417690991014242,0.04012550470232964,0.10454861967265607,36.0,0.34693877551020413,8.656,17.0825,0.0491988,0.0,,,0.7864432234764099,0.770036380648613,0.7463177187740803,0.0,-0.008823000252246856,-0.014020417933352292,-0.003722877323161812,0.002633475396943607,0.52425,,,1,False,True,0,0.001733922243118286,-0.00042324049500166386,0.003869396931258961,0.0010964674102531163,0.49675,,,1,False,True,0
A,posterior_mean_shrunk,cell,A,100,beta_mostly_mediocre_T100_cap64,beta_mostly_mediocre,64,10034000,refine_after_init,baseline,1,1,2000,1,True,True,0.1566283427774906,0.1525414243340492,0.1606683403253555,0.002106354949782224,0.6298148806989193,0.1170435955375433,0.03958474723994732,8.0,0.06122448979591836,24.71,0.001,0.18899400000000002,0.0055,,,0.7864432234764099,0.770036380648613,0.6693996279388666,0.0,0.003131218150258064,0.0006094962081988363,0.005629341059830039,0.0012683070104768047,0.49024999999999996,,,1,False,True,0,0.013688140645623207,0.008452852349728349,0.018842101795598865,0.0026611677957118704,0.45575,,,1,False,True,0
A,posterior_mean_shrunk,cell,A,100,beta_mostly_mediocre_T100_cap64,beta_mostly_mediocre,64,10034000,rule_reservoir,rule,1,1,2000,1,True,True,0.1628967913761735,0.1581549219787121,0.1676211219280958,0.0023997312362977197,0.6235464321002364,0.02240454629063606,0.14049224508553743,60.3245,0.5951479591836735,6.2025,42.8625,0.0308186,0.0,1.7755,64.05038335158817,0.7864432234764099,0.770036380648613,0.7640386771857739,0.913,0.009399666748940945,0.00391112305223942,0.014898465620353818,0.0028490158542718797,0.4775,,,1,False,True,0,0.019956589244306086,0.0144960411824286,0.02535131680779159,0.0027544468471454473,0.44425000000000003,,,1,False,True,0
A,posterior_mean_shrunk,cell,A,100,beta_mostly_mediocre_T100_cap64,beta_mostly_mediocre,64,10034000,uniform,baseline,1,1,2000,1,True,True,0.157386415168643,0.1528156790882349,0.16212655119597913,0.0023853702008277407,0.6290568083077669,0.02628816768527031,0.13109824748337268,50.9795,0.4997908163265306,5.976,29.127,0.031201500000000004,0.0005,,97.125,0.7864432234764099,0.770036380648613,0.7601550557911396,0.004,0.003889290541410446,-0.0015057228942168873,0.00932509812992066,0.0028220500126393943,0.493,,,1,False,True,0,0.014446213036775589,0.00992289483547211,0.019011582015082237,0.002355470285768087,0.4585,,,1,False,True,0
A,posterior_mean_shrunk,cell,A,200,beta_mostly_mediocre_T200_cap64,beta_mostly_mediocre,64,10037000,always_search,baseline,1,1,2000,1,True,True,0.13266175171732902,0.12863601967692376,0.1366747383028269,0.002042386367174387,0.6751050526201725,0.038614501148462294,0.09404725056886673,64.0,0.31313131313131315,12.372,31.211,0.030412475,0.0,,64.0,0.8077668043375015,0.7691523031890393,0.7691523031890393,1.0,-0.010930699780583381,-0.01610142537392676,-0.0059351083124056505,0.002565952562247901,0.53675,,,1,False,True,0,0.0,0.0,0.0,0.0,0.5,,,1,False,True,0
A,posterior_mean_shrunk,cell,A,200,beta_mostly_mediocre_T200_cap64,beta_mostly_mediocre,64,10037000,cp0,reference,1,1,2000,1,True,True,0.14359245149791242,0.13971022628247737,0.147476676851511,0.0019755883655833083,0.6641743528395891,0.10587792411446571,0.037714527383446696,14.0,0.06060606060606058,35.4415,0.0,0.11985547500000002,0.01,,,0.8077668043375015,0.7691523031890393,0.7018888802230359,0.0,0.0,0.0,0.0,0.0,0.5,,,1,False,True,0,0.010930699780583381,0.005935108312405649,0.01610142537392676,0.002565952562247901,0.46325000000000005,,,1,False,True,0
A,posterior_mean_shrunk,cell,A,200,beta_mostly_mediocre_T200_cap64,beta_mostly_mediocre,64,10037000,fixed_K16,baseline,1,1,2000,1,True,True,0.13794259442389012,0.13421486131846905,0.14169463887810707,0.001908209053683475,0.6698242099136114,0.09874355202913285,0.03919904239475727,16.0,0.07070707070707072,34.7165,0.0,0.1126964,0.0,,,0.8077668043375015,0.7691523031890393,0.7090232523083687,0.0,-0.005649857074022293,-0.007962164445780217,-0.0033841230324469515,0.0011734743690583523,0.5225,,,1,False,True,0,0.005280842706561088,0.00033231655688723585,0.010328878718428313,0.0025033864917638664,0.47625,,,1,False,True,0
A,posterior_mean_shrunk,cell,A,200,beta_mostly_mediocre_T200_cap64,beta_mostly_mediocre,64,10037000,p3_star,reference,1,1,2000,1,True,True,0.13266175171732902,0.12863601967692376,0.1366747383028269,0.002042386367174387,0.6751050526201725,0.038614501148462294,0.09404725056886673,64.0,0.31313131313131315,12.372,31.211,0.030412475,0.0,,70.0,0.8077668043375015,0.7691523031890393,0.7691523031890393,1.0,-0.010930699780583381,-0.01610142537392676,-0.0059351083124056505,0.002565952562247901,0.53675,,,1,False,True,0,0.0,0.0,0.0,0.0,0.5,,,1,False,True,0
A,posterior_mean_shrunk,cell,A,200,beta_mostly_mediocre_T200_cap64,beta_mostly_mediocre,64,10037000,phi_k1,learned,1,1,2000,1,True,True,0.13266175171732902,0.12863601967692376,0.1366747383028269,0.002042386367174387,0.6751050526201725,0.038614501148462294,0.09404725056886673,64.0,0.31313131313131315,12.372,31.211,0.030412475,0.0,109.4955,73.4795,0.8077668043375015,0.7691523031890393,0.7691523031890393,1.0,-0.010930699780583381,-0.01610142537392676,-0.0059351083124056505,0.002565952562247901,0.53675,,,1,False,True,0,0.0,0.0,0.0,0.0,0.5,,,1,False,True,0
A,posterior_mean_shrunk,cell,A,200,beta_mostly_mediocre_T200_cap64,beta_mostly_mediocre,64,10037000,phi_k16,learned,1,1,2000,1,True,True,0.13460378240048884,0.13065565712749957,0.13864427916705607,0.0020295436095822813,0.6731630219370127,0.05530983996391296,0.07929394243657589,42.295,0.20351010101010103,16.54,7.944,0.043443225,0.0,0.391,135.93798449612405,0.8077668043375015,0.7691523031890393,0.7524569643735886,0.0645,-0.008988669097423553,-0.013684692257083953,-0.004314001940656454,0.0023572790393147345,0.53425,,,1,False,True,0,0.0019420306831598282,-0.0019772031868342285,0.005957860243506727,0.0020044370531040207,0.49275,,,1,False,True,0
A,posterior_mean_shrunk,cell,A,200,beta_mostly_mediocre_T200_cap64,beta_mostly_mediocre,64,10037000,phi_k16_all71,learned,1,1,2000,1,True,True,0.13355813747644424,0.12960487976670265,0.13757632970809935,0.002030683283131704,0.6742086668610573,0.05153365370631218,0.08202448377013206,46.257,0.223520202020202,15.712,12.443,0.040747275,0.0,0.611,135.25506072874495,0.8077668043375015,0.7691523031890393,0.7562331506311893,0.1235,-0.010034314021468163,-0.014918761723674834,-0.005245648685377092,0.002434520903419001,0.5375,,,1,False,True,0,0.0008963857591152191,-0.0027335971593856812,0.004568375716917216,0.0018351603032758497,0.49875,,,1,False,True,0
A,posterior_mean_shrunk,cell,A,200,beta_mostly_mediocre_T200_cap64,beta_mostly_mediocre,64,10037000,phi_k16_clock,learned,1,1,2000,1,True,True,0.13374177718162536,0.12980166189372538,0.1377069778740406,0.0020414593462649965,0.6740250271558762,0.04772302857041359,0.08601874861121178,50.0,0.24242424242424232,14.744,16.0265,0.037324475,0.0,0.0,,0.8077668043375015,0.7691523031890393,0.7600437757670879,0.0,-0.00985067431628704,-0.014902325719594954,-0.005022875824943191,0.002519935457415415,0.5347500000000001,,,1,False,True,0,0.001080025464296341,-0.0024493382195942084,0.004610423475969582,0.001805606095070202,0.5005000000000001,,,1,False,True,0
A,posterior_mean_shrunk,cell,A,200,beta_mostly_mediocre_T200_cap64,beta_mostly_mediocre,64,10037000,phi_k16_cs,learned,1,1,2000,1,True,True,0.13475029784440995,0.13083120733499526,0.13879647701978684,0.002035973487350247,0.6730165064930916,0.05535265412926674,0.0793976437151432,42.177,0.20291414141414144,16.5715,7.8095,0.043549050000000006,0.0,0.365,136.06299212598427,0.8077668043375015,0.7691523031890393,0.7524141502082348,0.0635,-0.008842153653502464,-0.013550968025811017,-0.004177377361338588,0.0023621601493483448,0.534,,,1,False,True,0,0.0020885461270809176,-0.00184889841475524,0.006097584951203316,0.0020099961310583825,0.49225,,,1,False,True,0
A,posterior_mean_shrunk,cell,A,200,beta_mostly_mediocre_T200_cap64,beta_mostly_mediocre,64,10037000,phi_k16_famA_only,learned,1,1,2000,1,True,True,0.134778512224555,0.13089375831186773,0.1387252438813448,0.0020127385553616226,0.6729882921129465,0.06271738016605377,0.07206113205850125,35.224,0.1677979797979798,18.2945,1.298,0.04915855,0.0,0.0,,0.8077668043375015,0.7691523031890393,0.7450494241714477,0.0,-0.008813939273357392,-0.013165574963204562,-0.004393361939582975,0.0022284086643198963,0.5297499999999999,,,1,False,True,0,0.0021167605072259905,-0.002165968617191537,0.006577626580838109,0.002223800575978853,0.49175,,,1,False,True,0
A,posterior_mean_shrunk,cell,A,200,beta_mostly_mediocre_T200_cap64,beta_mostly_mediocre,64,10037000,phi_k16_famB_only,learned,1,1,2000,1,True,True,0.13302052691578864,0.12911623269319533,0.13697786778211593,0.002003743344080267,0.6747462774217129,0.05656008499860764,0.07646044191718102,40.738,0.19564646464646465,17.0355,6.72,0.04512362500000001,0.0,0.812,141.0817610062893,0.8077668043375015,0.7691523031890393,0.7512067193388939,0.0795,-0.010571924582123757,-0.015135943819768726,-0.006060163001529873,0.0023097797462710767,0.5365,,,1,False,True,0,0.00035877519845962523,-0.0036675581824965756,0.004456902330275624,0.002064102705521227,0.49775,,,1,False,True,0
A,posterior_mean_shrunk,cell,A,200,beta_mostly_mediocre_T200_cap64,beta_mostly_mediocre,64,10037000,phi_k16_guard,learned,1,1,2000,1,True,True,0.13647197376191617,0.13256883323192598,0.14051610566675662,0.002032139295399453,0.6712948305755854,0.05755423235893249,0.07891774140298366,40.103,0.19243939393939394,16.809,4.6825,0.0442326,0.0,0.0,,0.8077668043375015,0.7691523031890393,0.750212571978569,0.0,-0.007120477735996247,-0.01170008941553533,-0.002527926833136008,0.002336140822556366,0.5285,,,1,False,True,0,0.0038102220445871355,-0.00023644059438083736,0.007983160857111213,0.0020943286493851935,0.48475,,,1,False,True,0
A,posterior_mean_shrunk,cell,A,200,beta_mostly_mediocre_T200_cap64,beta_mostly_mediocre,64,10037000,phi_k16_hgb,learned,1,1,2000,1,True,True,0.1345980297923088,0.13061823435127734,0.1385943304747343,0.0020476244383324416,0.6731687745451927,0.04460821330547333,0.08998981648683547,55.39,0.26964646464646463,14.8595,23.305,0.03732467500000001,0.0,5.607,173.90196078431373,0.8077668043375015,0.7691523031890393,0.7631585910320282,0.408,-0.008994421705603599,-0.013798931706696748,-0.004290462331846359,0.0024222315136726152,0.53,,,1,False,True,0,0.0019362780749797822,-0.0016532238892978054,0.0054808047716505826,0.0018270370571090526,0.49449999999999994,,,1,False,True,0
A,posterior_mean_shrunk,cell,A,200,beta_mostly_mediocre_T200_cap64,beta_mostly_mediocre,64,10037000,phi_k16_lucb,learned,1,1,2000,1,True,True,0.1336915825009346,0.12969653084874153,0.13772993274033069,0.002030237504297863,0.6740752218365669,0.05285958006978035,0.08083200243115425,44.984,0.21709090909090908,16.0365,11.2455,0.04202097500000001,0.0,2.508,130.92520775623268,0.8077668043375015,0.7691523031890393,0.7549072242677212,0.1805,-0.009900868996977806,-0.014695076481439173,-0.005252741684671492,0.002384719642421049,0.53225,,,1,False,True,0,0.0010298307836055756,-0.002700439345790073,0.004856657027266918,0.0019173759906034936,0.49250000000000005,,,1,False,True,0
A,posterior_mean_shrunk,cell,A,200,beta_mostly_mediocre_T200_cap64,beta_mostly_mediocre,64,10037000,phi_k16_noT1000,learned,1,1,2000,1,True,True,0.13140177921950816,0.12751032784581184,0.1353243112564087,0.0019854153319723276,0.6763650251179933,0.04431008151173592,0.08709169770777225,55.361,0.2695,14.128,23.193,0.035827375,0.0,14.596,128.06159769008661,0.8077668043375015,0.7691523031890393,0.7634567228257656,0.5195,-0.012190672278404235,-0.017182945739477873,-0.007349286274984479,0.0024842842747733644,0.543,,,1,False,True,0,-0.0012599724978208542,-0.003991812339518218,0.0015432195941684763,0.0014010211012737163,0.5025,,,1,False,True,0
A,posterior_mean_shrunk,cell,A,200,beta_mostly_mediocre_T200_cap64,beta_mostly_mediocre,64,10037000,phi_k16_noT200,learned,1,1,2000,1,True,True,0.131255010381341,0.12734478414058686,0.1351516369730234,0.0019880074532866257,0.6765117939561606,0.0465238775908947,0.08473113279044628,52.415,0.25462121212121214,14.6135,19.8095,0.037398925000000006,0.0,6.249,122.60024906600249,0.8077668043375015,0.7691523031890393,0.7612429267466069,0.4015,-0.012337441116571427,-0.017109136702492832,-0.007564915111288429,0.0024284109514758987,0.542,,,1,False,True,0,-0.0014067413359880447,-0.004373671521898359,0.0015902583632851019,0.0015413165377808167,0.5045,,,1,False,True,0
A,posterior_mean_shrunk,cell,A,200,beta_mostly_mediocre_T200_cap64,beta_mostly_mediocre,64,10037000,phi_k16_noambig,learned,1,1,2000,1,True,True,0.13099301590025425,0.12703532874584197,0.1349491637200117,0.0020113886307287798,0.6767737884372472,0.04277970167994499,0.08821331422030926,56.858,0.277060606060606,13.832,25.2305,0.034900775,0.0,13.61,120.15121512151215,0.8077668043375015,0.7691523031890393,0.7649871026575565,0.5555,-0.012599435597658158,-0.01767421346157789,-0.007680402568075806,0.0025192456169507624,0.5447500000000001,,,1,False,True,0,-0.0016687358170747756,-0.004218003945425153,0.0008325556802446921,0.0012877609957606493,0.5077499999999999,,,1,False,True,0
A,posterior_mean_shrunk,cell,A,200,beta_mostly_mediocre_T200_cap64,beta_mostly_mediocre,64,10037000,phi_k16_nopolicy,learned,1,1,2000,1,True,True,0.132564101934433,0.12853592187166213,0.1365306057035923,0.0020404340148846675,0.6752027024030686,0.04706872662901879,0.0854953753054142,50.584,0.2453737373737373,14.8165,17.347,0.03772472500000001,0.0,0.258,133.0566037735849,0.8077668043375015,0.7691523031890393,0.7606980777084827,0.106,-0.011028349563479424,-0.016080887988209724,-0.006238111585844309,0.0024956295757976948,0.5397500000000001,,,1,False,True,0,-9.764978289604187e-05,-0.003560827107867226,0.003314407425932585,0.0017577313536686076,0.50675,,,1,False,True,0
A,posterior_mean_shrunk,cell,A,200,beta_mostly_mediocre_T200_cap64,beta_mostly_mediocre,64,10037000,phi_k16_notrunc,learned,1,1,2000,1,True,True,0.13255827070772647,0.12863820567727088,0.1365013625472784,0.002018992279466308,0.6752085336297751,0.043152880638837814,0.08940539006888866,55.955,0.27249999999999996,14.0065,24.443,0.035172525,0.0,1.565,94.84293785310734,0.8077668043375015,0.7691523031890393,0.7646139236986638,0.4425,-0.011034180790185928,-0.01612339117564261,-0.0061385247274301944,0.0025226184798769714,0.53325,,,1,False,True,0,-0.0001034810096025467,-0.002700455242302268,0.002491448720684274,0.0013158785209577894,0.5045,,,1,False,True,0
A,posterior_mean_shrunk,cell,A,200,beta_mostly_mediocre_T200_cap64,beta_mostly_mediocre,64,10037000,phi_k16_onpolicy_only,learned,1,1,2000,1,True,True,0.1330721773505211,0.1291167303919792,0.137101274356246,0.002024220082119239,0.6746946269869805,0.04082669669389725,0.09224548065662384,61.36,0.2997979797979798,13.07,29.533,0.033006524999999995,0.0,54.841,100.44900284900285,0.8077668043375015,0.7691523031890393,0.7669401076436043,0.8775,-0.01052027414739132,-0.0156068314332515,-0.005622778763063255,0.00251559463166383,0.5345,,,1,False,True,0,0.0004104256331920624,-0.0015460296912351622,0.0023577069339808065,0.0009824336934362672,0.50125,,,1,False,True,0
A,posterior_mean_shrunk,cell,A,200,beta_mostly_mediocre_T200_cap64,beta_mostly_mediocre,64,10037000,phi_k16_onpolicy_union,learned,1,1,2000,1,True,True,0.13407201029360294,0.1301628801971674,0.13799663335084916,0.0020135454805161246,0.6736947940438985,0.05077416780591011,0.08329784248769283,47.111,0.2278333333333333,15.604,13.857,0.040504275000000006,0.0,3.149,123.24825986078886,0.8077668043375015,0.7691523031890393,0.7569926365315914,0.2155,-0.009520441204309463,-0.014275132375769314,-0.004800465924199671,0.002414474537829702,0.53175,,,1,False,True,0,0.001410258576273918,-0.0020465611771214747,0.004937226348556573,0.0017850200678571116,0.49349999999999994,,,1,False,True,0
A,posterior_mean_shrunk,cell,A,200,beta_mostly_mediocre_T200_cap64,beta_mostly_mediocre,64,10037000,phi_k16_perstep,learned,1,1,2000,1,True,True,0.1321183534860611,0.12827346958220004,0.1360875081270933,0.0019921098083783124,0.6756484508514404,0.05779259064793587,0.07432576283812523,39.158,0.18766666666666668,17.537,5.009,0.046822625,0.0,0.4345,131.265625,0.8077668043375015,0.7691523031890393,0.7499742136895656,0.032,-0.01147409801185131,-0.016022031428292387,-0.006908657436724753,0.0023121789301752656,0.5345,,,1,False,True,0,-0.0005433982312679291,-0.004472938389517366,0.003520697948988522,0.0020558713917509398,0.49974999999999997,,,1,False,True,0
A,posterior_mean_shrunk,cell,A,200,beta_mostly_mediocre_T200_cap64,beta_mostly_mediocre,64,10037000,phi_k16_quality,learned,1,1,2000,1,True,True,0.1328599023371935,0.12897747568786144,0.13686218336224557,0.0019930929226626127,0.674906902000308,0.05929710331559181,0.07356279902160168,38.288,0.1832727272727273,17.7475,4.254,0.04741985,0.0,0.817,121.57142857142857,0.8077668043375015,0.7691523031890393,0.7484697010219097,0.056,-0.010732549160718918,-0.015283961524255573,-0.006284824595786633,0.0022828132919528875,0.53625,,,1,False,True,0,0.0001981506198644638,-0.0039747620350681235,0.004558873944915829,0.0021328020345929067,0.49649999999999994,,,1,False,True,0
A,posterior_mean_shrunk,cell,A,200,beta_mostly_mediocre_T200_cap64,beta_mostly_mediocre,64,10037000,phi_k16_tau05,learned,1,1,2000,1,True,True,0.13460378240048884,0.13065565712749957,0.13864427916705607,0.0020295436095822813,0.6731630219370127,0.05530983996391296,0.07929394243657589,42.295,0.20351010101010103,16.54,7.944,0.043443225,0.0,0.391,135.93798449612405,0.8077668043375015,0.7691523031890393,0.7524569643735886,0.0645,-0.008988669097423553,-0.013684692257083953,-0.004314001940656454,0.0023572790393147345,0.53425,,,1,False,True,0,0.0019420306831598282,-0.0019772031868342285,0.005957860243506727,0.0020044370531040207,0.49275,,,1,False,True,0
A,posterior_mean_shrunk,cell,A,200,beta_mostly_mediocre_T200_cap64,beta_mostly_mediocre,64,10037000,phi_k16_weighted,learned,1,1,2000,1,True,True,0.1340376930385828,0.1299985270947218,0.13811481446027757,0.0020351826645932884,0.6737291112989188,0.05181337785720825,0.08222431518137455,45.734,0.22087878787878787,15.8835,11.3945,0.041677125,0.0,1.822,169.73521126760562,0.8077668043375015,0.7691523031890393,0.7559534264802933,0.1775,-0.009554758459329606,-0.014262208715081215,-0.004919272114057096,0.002367631580582306,0.536,,,1,False,True,0,0.0013759413212537765,-0.0024716970336157826,0.005355608242098241,0.0019988487163193546,0.493,,,1,False,True,0
A,posterior_mean_shrunk,cell,A,200,beta_mostly_mediocre_T200_cap64,beta_mostly_mediocre,64,10037000,phi_k4,learned,1,1,2000,1,True,True,0.13280165995657445,0.12876425608992575,0.13681944459676743,0.0020461098260879987,0.6749651443809271,0.03865198290348053,0.0941496770530939,63.943,0.31284343434343437,12.379,31.183,0.03043925,0.0,61.885,82.70127226463104,0.8077668043375015,0.7691523031890393,0.769114821434021,0.9825,-0.010790791541337967,-0.015961018251255153,-0.005817238742019983,0.0025660542865978864,0.53625,,,1,False,True,0,0.00013990823924541474,-0.00010294145613443106,0.00045107325786375435,0.00014160547848403258,0.5,,,1,False,True,0
A,posterior_mean_shrunk,cell,A,200,beta_mostly_mediocre_T200_cap64,beta_mostly_mediocre,64,10037000,phi_reservoir_rule,learned,1,1,2000,1,True,True,0.13365953946113587,0.1296708293259144,0.13765664845705033,0.0020458070434568303,0.6741072648763656,0.039630641490221025,0.09402889797091483,62.866,0.3074040404040404,12.4905,29.731,0.030780000000000002,0.0,3.942,92.36996735582154,0.8077668043375015,0.7691523031890393,0.7681361628472805,0.919,-0.009932912036776542,-0.015092858928255735,-0.004951083962805572,0.00256374350445561,0.533,,,1,False,True,0,0.000997787743806839,-0.0003206659341230986,0.002338165597757324,0.0006659345961961937,0.49575,,,1,False,True,0
A,posterior_mean_shrunk,cell,A,200,beta_mostly_mediocre_T200_cap64,beta_mostly_mediocre,64,10037000,phi_sf_k16,learned,1,1,2000,1,True,True,0.13161205524206163,0.12764759175479412,0.1355634093284607,0.0020160937557129983,0.6761547490954399,0.039122228741645816,0.0924898265004158,62.938,0.3077676767676768,12.563,30.621,0.031000275,0.0,19.832,97.5316387236344,0.8077668043375015,0.7691523031890393,0.7686445755958558,0.9245,-0.011980396255850793,-0.017122216382995246,-0.006999764265492561,0.002551367563710193,0.53875,,,1,False,True,0,-0.0010496964752674102,-0.0019658618082758032,-0.0001681547048065113,0.00046102623484752236,0.5025,,,1,False,True,0
A,posterior_mean_shrunk,cell,A,200,beta_mostly_mediocre_T200_cap64,beta_mostly_mediocre,64,10037000,phi_sf_k16_noT1000,learned,1,1,2000,1,True,True,0.13423156264424324,0.13025265969336033,0.13825126476585864,0.002024156489065234,0.6735352416932583,0.0517160319685936,0.08251553067564964,46.67,0.22560606060606062,15.562,12.8465,0.040458125000000005,0.0,2.635,118.98477157360406,0.8077668043375015,0.7691523031890393,0.7560507723689079,0.197,-0.009360888853669166,-0.014192760759033262,-0.004597496881615371,0.002417334272909617,0.53625,,,1,False,True,0,0.0015698109269142151,-0.00196655609179288,0.005188397492747753,0.0018141615088789875,0.49350000000000005,,,1,False,True,0
A,posterior_mean_shrunk,cell,A,200,beta_mostly_mediocre_T200_cap64,beta_mostly_mediocre,64,10037000,power_a0.25,baseline,1,1,2000,1,True,True,0.13223753860592843,0.12826863005757333,0.13624830320477485,0.0020206034421758087,0.6755292657315731,0.041367442816495896,0.09087009578943253,59.0,0.28787878787878796,13.2315,27.1355,0.03281205,0.0,,,0.8077668043375015,0.7691523031890393,0.7663993615210056,0.0,-0.011354912891983987,-0.016375615959987044,-0.006470185343641789,0.002519466759915218,0.539,,,1,False,True,0,-0.00042421311140060424,-0.0030748224817216388,0.002165162446908652,0.0013564356974989475,0.5015000000000001,,,1,False,True,0
A,posterior_mean_shrunk,cell,A,200,beta_mostly_mediocre_T200_cap64,beta_mostly_mediocre,64,10037000,power_a0.33,baseline,1,1,2000,1,True,True,0.13296600741147996,0.12898823171854018,0.13687715046107768,0.0020310277800239954,0.6748007969260216,0.04277585792541504,0.09019014948606491,57.0,0.2777777777777778,13.473,25.0995,0.03376110000000001,0.0,,,0.8077668043375015,0.7691523031890393,0.7649909464120865,0.0,-0.010626444086432457,-0.015679436083883048,-0.005769134452566505,0.00250777456724397,0.5407500000000001,,,1,False,True,0,0.0003042556941509247,-0.002825926465447992,0.003312819445272907,0.001561656766719147,0.5,,,1,False,True,0
A,posterior_mean_shrunk,cell,A,200,beta_mostly_mediocre_T200_cap64,beta_mostly_mediocre,64,10037000,power_a0.5,baseline,1,1,2000,1,True,True,0.13266175171732902,0.12863601967692376,0.1366747383028269,0.002042386367174387,0.6751050526201725,0.038614501148462294,0.09404725056886673,64.0,0.31313131313131315,12.372,31.211,0.030412475,0.0,,110.0,0.8077668043375015,0.7691523031890393,0.7691523031890393,1.0,-0.010930699780583381,-0.01610142537392676,-0.0059351083124056505,0.002565952562247901,0.53675,,,1,False,True,0,0.0,0.0,0.0,0.0,0.5,,,1,False,True,0
A,posterior_mean_shrunk,cell,A,200,beta_mostly_mediocre_T200_cap64,beta_mostly_mediocre,64,10037000,power_a0.67,baseline,1,1,2000,1,True,True,0.13266175171732902,0.12863601967692376,0.1366747383028269,0.002042386367174387,0.6751050526201725,0.038614501148462294,0.09404725056886673,64.0,0.31313131313131315,12.372,31.211,0.030412475,0.0,,70.0,0.8077668043375015,0.7691523031890393,0.7691523031890393,1.0,-0.010930699780583381,-0.01610142537392676,-0.0059351083124056505,0.002565952562247901,0.53675,,,1,False,True,0,0.0,0.0,0.0,0.0,0.5,,,1,False,True,0
A,posterior_mean_shrunk,cell,A,200,beta_mostly_mediocre_T200_cap64,beta_mostly_mediocre,64,10037000,refine_after_init,baseline,1,1,2000,1,True,True,0.1618394806087017,0.1577951092272997,0.16581040471792222,0.0020536402090386005,0.6459273237287998,0.13713581340014935,0.02470366720855236,8.0,0.03030303030303029,54.117,0.0,0.20830680000000001,0.022,,,0.8077668043375015,0.7691523031890393,0.6706309909373522,0.0,0.0182470291107893,0.014780230540782214,0.0217382597271353,0.0017657478988864013,0.44225000000000003,,,1,False,True,0,0.02917772889137268,0.0238877865485847,0.034336873609572646,0.002672056134938266,0.4175,,,1,False,True,0
A,posterior_mean_shrunk,cell,A,200,beta_mostly_mediocre_T200_cap64,beta_mostly_mediocre,64,10037000,rule_reservoir,rule,1,1,2000,1,True,True,0.13273521311581135,0.12865385338664054,0.13671720772981644,0.002037854263963822,0.6750315912216902,0.038944415777921675,0.09379079733788967,63.7265,0.31175,12.4455,30.8685,0.03073095,0.0,9.3105,64.65390428211587,0.8077668043375015,0.7691523031890393,0.7688223885595799,0.9925,-0.010857238382101059,-0.016044781962409615,-0.005874118639621889,0.002556516046973518,0.53625,,,1,False,True,0,7.34613984823227e-05,-0.0005429037701105699,0.0006814596607000564,0.0003133953070244037,0.4995,,,1,False,True,0
A,posterior_mean_shrunk,cell,A,200,beta_mostly_mediocre_T200_cap64,beta_mostly_mediocre,64,10037000,uniform,baseline,1,1,2000,1,True,True,0.1331040511727333,0.1290259797126055,0.13715624697506426,0.00205144869295297,0.6746627531647682,0.038614501148462294,0.09448955002427101,64.0,0.31313131313131315,12.1215,30.0025,0.029818725,0.0025,,125.7355,0.8077668043375015,0.7691523031890393,0.7691523031890393,1.0,-0.0104884003251791,-0.015736234746873377,-0.005428840056993069,0.002565033805827355,0.53625,,,1,False,True,0,0.0004422994554042816,-0.0008222864926210604,0.0017239211127161977,0.0006454523256260738,0.49875,,,1,False,True,0
A,posterior_mean_shrunk,cell,A,500,beta_mostly_mediocre_T500_cap64,beta_mostly_mediocre,64,10040000,always_search,baseline,1,1,2000,1,True,True,0.1085838967114687,0.10519758146256208,0.11193939931690693,0.0017154411111644635,0.7252667170614004,0.060612441778182986,0.047971454933285716,64.0,0.12449799196787148,35.545,0.0,0.031824488000000005,0.024,,64.0,0.8338506137728691,0.7732381719946861,0.7732381719946861,1.0,-0.019909732699394226,-0.023690096801146865,-0.016065380070358515,0.0019572619067348292,0.5765,,,1,False,True,0,0.0,0.0,0.0,0.0,0.5,,,1,False,True,0
A,posterior_mean_shrunk,cell,A,500,beta_mostly_mediocre_T500_cap64,beta_mostly_mediocre,64,10040000,cp0,reference,1,1,2000,1,True,True,0.12849362941086293,0.12518243491649628,0.13179983235895634,0.0016718842895087711,0.7053569843620062,0.10596002718806266,0.022533602222800254,21.9995,0.040159638554216885,81.149,0.0,0.09896611999999999,0.1775,,,0.8338506137728691,0.7732381719946861,0.7278905865848064,0.0,0.0,0.0,0.0,0.0,0.5,,,1,False,True,0,0.019909732699394226,0.016065380070358515,0.023690096801146865,0.0019572619067348292,0.4235,,,1,False,True,0
A,posterior_mean_shrunk,cell,A,500,beta_mostly_mediocre_T500_cap64,beta_mostly_mediocre,64,10040000,fixed_K16,baseline,1,1,2000,1,True,True,0.13869676241278647,0.13537390828132628,0.14191426038742067,0.001686195452799605,0.6951538513600827,0.12177348312735557,0.016923279285430907,16.0,0.028112449799196793,107.907,0.0,0.14378175199999998,0.1825,,,0.8338506137728691,0.7732381719946861,0.7120771306455136,0.0,0.010203133001923562,0.00781946573406458,0.012612690520472824,0.0012032009943281432,0.4565,,,1,False,True,0,0.030112865701317788,0.026141636399552227,0.03410140452906489,0.0020401195993844006,0.382,,,1,False,True,0
A,posterior_mean_shrunk,cell,A,500,beta_mostly_mediocre_T500_cap64,beta_mostly_mediocre,64,10040000,p3_star,reference,1,1,2000,1,True,True,0.1085838967114687,0.10519758146256208,0.11193939931690693,0.0017154411111644635,0.7252667170614004,0.060612441778182986,0.047971454933285716,64.0,0.12449799196787148,35.545,0.0,0.031824488000000005,0.024,,68.0,0.8338506137728691,0.7732381719946861,0.7732381719946861,1.0,-0.019909732699394226,-0.023690096801146865,-0.016065380070358515,0.0019572619067348292,0.5765,,,1,False,True,0,0.0,0.0,0.0,0.0,0.5,,,1,False,True,0
A,posterior_mean_shrunk,cell,A,500,beta_mostly_mediocre_T500_cap64,beta_mostly_mediocre,64,10040000,phi_k1,learned,1,1,2000,1,True,True,0.1085838967114687,0.10519758146256208,0.11193939931690693,0.0017154411111644635,0.7252667170614004,0.060612441778182986,0.047971454933285716,64.0,0.12449799196787148,35.545,0.0,0.031824488000000005,0.024,435.9955,64.004,0.8338506137728691,0.7732381719946861,0.7732381719946861,1.0,-0.019909732699394226,-0.023690096801146865,-0.016065380070358515,0.0019572619067348292,0.5765,,,1,False,True,0,0.0,0.0,0.0,0.0,0.5,,,1,False,True,0
A,posterior_mean_shrunk,cell,A,500,beta_mostly_mediocre_T500_cap64,beta_mostly_mediocre,64,10040000,phi_k16,learned,1,1,2000,1,True,True,0.10855294625461101,0.10516226664185524,0.11190372649580241,0.001716115981106093,0.7252976675182581,0.060612441778182986,0.04794050447642803,63.993,0.12448393574297188,35.559,0.0,0.031836503999999995,0.024,155.654,102.2431215607804,0.8338506137728691,0.7732381719946861,0.7732381719946861,0.9995,-0.019940683156251908,-0.023730917554348707,-0.0160902694799006,0.0019568594121144272,0.57675,,,1,False,True,0,-3.095045685768128e-05,-9.28513691178523e-05,0.0,3.0950456857681284e-05,0.50025,,,1,False,True,0
A,posterior_mean_shrunk,cell,A,500,beta_mostly_mediocre_T500_cap64,beta_mostly_mediocre,64,10040000,phi_k16_all71,learned,1,1,2000,1,True,True,0.1085838967114687,0.10519758146256208,0.11193939931690693,0.0017154411111644635,0.7252667170614004,0.060612441778182986,0.047971454933285716,64.0,0.12449799196787148,35.545,0.0,0.031824488000000005,0.024,156.34,101.456,0.8338506137728691,0.7732381719946861,0.7732381719946861,1.0,-0.019909732699394226,-0.023690096801146865,-0.016065380070358515,0.0019572619067348292,0.5765,,,1,False,True,0,0.0,0.0,0.0,0.0,0.5,,,1,False,True,0
A,posterior_mean_shrunk,cell,A,500,beta_mostly_mediocre_T500_cap64,beta_mostly_mediocre,64,10040000,phi_k16_clock,learned,1,1,2000,1,True,True,0.1085838967114687,0.10519758146256208,0.11193939931690693,0.0017154411111644635,0.7252667170614004,0.060612441778182986,0.047971454933285716,64.0,0.12449799196787148,35.545,0.0,0.031824488000000005,0.024,402.0,64.0,0.8338506137728691,0.7732381719946861,0.7732381719946861,1.0,-0.019909732699394226,-0.023690096801146865,-0.016065380070358515,0.0019572619067348292,0.5765,,,1,False,True,0,0.0,0.0,0.0,0.0,0.5,,,1,False,True,0
A,posterior_mean_shrunk,cell,A,500,beta_mostly_mediocre_T500_cap64,beta_mostly_mediocre,64,10040000,phi_k16_cs,learned,1,1,2000,1,True,True,0.10855294625461101,0.10516226664185524,0.11190372649580241,0.001716115981106093,0.7252976675182581,0.060612441778182986,0.04794050447642803,63.993,0.12448393574297188,35.559,0.0,0.031836503999999995,0.024,157.582,103.22761380690345,0.8338506137728691,0.7732381719946861,0.7732381719946861,0.9995,-0.019940683156251908,-0.023730917554348707,-0.0160902694799006,0.0019568594121144272,0.57675,,,1,False,True,0,-3.095045685768128e-05,-9.28513691178523e-05,0.0,3.0950456857681284e-05,0.50025,,,1,False,True,0
A,posterior_mean_shrunk,cell,A,500,beta_mostly_mediocre_T500_cap64,beta_mostly_mediocre,64,10040000,phi_k16_famA_only,learned,1,1,2000,1,True,True,0.10938170203566551,0.10596028361469507,0.11277841590344906,0.0017195227593467064,0.7244689117372036,0.061814371287822724,0.047567330747842786,62.033,0.12054819277108433,36.8575,0.0,0.03337602,0.015,8.936,135.54857475276324,0.8338506137728691,0.7732381719946861,0.7720362424850464,0.8595,-0.019111927375197412,-0.022872852254658935,-0.015307949436828495,0.0019461113331014598,0.5755,,,1,False,True,0,0.0007978053241968155,-0.0002870501695724662,0.0018927151570096606,0.0005515946566289927,0.49675,,,1,False,True,0
A,posterior_mean_shrunk,cell,A,500,beta_mostly_mediocre_T500_cap64,beta_mostly_mediocre,64,10040000,phi_k16_famB_only,learned,1,1,2000,1,True,True,0.10854643841087819,0.1051910888403654,0.1118991469964385,0.001716317608281212,0.7253041753619909,0.06069057595729828,0.0478558624535799,63.881,0.1242590361445783,35.6205,0.0,0.031910692000000004,0.024,148.317,116.63943519919314,0.8338506137728691,0.7732381719946861,0.7731600378155709,0.9915,-0.01994719099998474,-0.023749660467728972,-0.016132294200360775,0.0019580333833614672,0.57675,,,1,False,True,0,-3.745830059051514e-05,-0.0002548478652897756,0.00015633654074918014,0.00010450346971991684,0.5,,,1,False,True,0
A,posterior_mean_shrunk,cell,A,500,beta_mostly_mediocre_T500_cap64,beta_mostly_mediocre,64,10040000,phi_k16_guard,learned,1,1,2000,1,True,True,0.10855294625461101,0.10516226664185524,0.11190372649580241,0.001716115981106093,0.7252976675182581,0.060612441778182986,0.04794050447642803,63.993,0.12448393574297188,35.559,0.0,0.031836503999999995,0.024,143.39,102.2431215607804,0.8338506137728691,0.7732381719946861,0.7732381719946861,0.9995,-0.019940683156251908,-0.023730917554348707,-0.0160902694799006,0.0019568594121144272,0.57675,,,1,False,True,0,-3.095045685768128e-05,-9.28513691178523e-05,0.0,3.0950456857681284e-05,0.50025,,,1,False,True,0
A,posterior_mean_shrunk,cell,A,500,beta_mostly_mediocre_T500_cap64,beta_mostly_mediocre,64,10040000,phi_k16_hgb,learned,1,1,2000,1,True,True,0.10852727825939655,0.10511383190751077,0.11191074308007956,0.001722156510085402,0.7253233355134726,0.0609998008608818,0.04752747739851475,62.945,0.12237951807228915,36.3845,0.3125,0.032831823999999996,0.024,123.937,175.1830526887561,0.8338506137728691,0.7732381719946861,0.7728508129119873,0.9205,-0.01996635115146637,-0.02374097630381584,-0.01613634587265551,0.001946920982616892,0.57825,,,1,False,True,0,-5.661845207214355e-05,-0.0008019215412787159,0.0006785192919778637,0.0003756040359844963,0.5,,,1,False,True,0
A,posterior_mean_shrunk,cell,A,500,beta_mostly_mediocre_T500_cap64,beta_mostly_mediocre,64,10040000,phi_k16_lucb,learned,1,1,2000,1,True,True,0.10855294625461101,0.10516226664185524,0.11190372649580241,0.001716115981106093,0.7252976675182581,0.060630159646272656,0.047922786608338354,63.972,0.12444176706827309,35.5685,0.0,0.03184852,0.024,190.737,112.10420841683367,0.8338506137728691,0.7732381719946861,0.7732204541265965,0.998,-0.019940683156251908,-0.023730917554348707,-0.0160902694799006,0.0019568594121144272,0.57675,,,1,False,True,0,-3.095045685768128e-05,-9.28513691178523e-05,0.0,3.0950456857681284e-05,0.50025,,,1,False,True,0
A,posterior_mean_shrunk,cell,A,500,beta_mostly_mediocre_T500_cap64,beta_mostly_mediocre,64,10040000,phi_k16_noT1000,learned,1,1,2000,1,True,True,0.1085838967114687,0.10519758146256208,0.11193939931690693,0.0017154411111644635,0.7252667170614004,0.060612441778182986,0.047971454933285716,64.0,0.12449799196787148,35.545,0.0,0.031824488000000005,0.024,395.843,77.264,0.8338506137728691,0.7732381719946861,0.7732381719946861,1.0,-0.019909732699394226,-0.023690096801146865,-0.016065380070358515,0.0019572619067348292,0.5765,,,1,False,True,0,0.0,0.0,0.0,0.0,0.5,,,1,False,True,0
A,posterior_mean_shrunk,cell,A,500,beta_mostly_mediocre_T500_cap64,beta_mostly_mediocre,64,10040000,phi_k16_noT200,learned,1,1,2000,1,True,True,0.1085838967114687,0.10519758146256208,0.11193939931690693,0.0017154411111644635,0.7252667170614004,0.060612441778182986,0.047971454933285716,64.0,0.12449799196787148,35.545,0.0,0.031824488000000005,0.024,213.732,88.288,0.8338506137728691,0.7732381719946861,0.7732381719946861,1.0,-0.019909732699394226,-0.023690096801146865,-0.016065380070358515,0.0019572619067348292,0.5765,,,1,False,True,0,0.0,0.0,0.0,0.0,0.5,,,1,False,True,0
A,posterior_mean_shrunk,cell,A,500,beta_mostly_mediocre_T500_cap64,beta_mostly_mediocre,64,10040000,phi_k16_noambig,learned,1,1,2000,1,True,True,0.1085838967114687,0.10519758146256208,0.11193939931690693,0.0017154411111644635,0.7252667170614004,0.060612441778182986,0.047971454933285716,64.0,0.12449799196787148,35.545,0.0,0.031824488000000005,0.024,329.826,82.288,0.8338506137728691,0.7732381719946861,0.7732381719946861,1.0,-0.019909732699394226,-0.023690096801146865,-0.016065380070358515,0.0019572619067348292,0.5765,,,1,False,True,0,0.0,0.0,0.0,0.0,0.5,,,1,False,True,0
A,posterior_mean_shrunk,cell,A,500,beta_mostly_mediocre_T500_cap64,beta_mostly_mediocre,64,10040000,phi_k16_nopolicy,learned,1,1,2000,1,True,True,0.1085838967114687,0.10519758146256208,0.11193939931690693,0.0017154411111644635,0.7252667170614004,0.060612441778182986,0.047971454933285716,64.0,0.12449799196787148,35.545,0.0,0.031824488000000005,0.024,328.725,81.864,0.8338506137728691,0.7732381719946861,0.7732381719946861,1.0,-0.019909732699394226,-0.023690096801146865,-0.016065380070358515,0.0019572619067348292,0.5765,,,1,False,True,0,0.0,0.0,0.0,0.0,0.5,,,1,False,True,0
A,posterior_mean_shrunk,cell,A,500,beta_mostly_mediocre_T500_cap64,beta_mostly_mediocre,64,10040000,phi_k16_notrunc,learned,1,1,2000,1,True,True,0.1085838967114687,0.10519758146256208,0.11193939931690693,0.0017154411111644635,0.7252667170614004,0.060612441778182986,0.047971454933285716,64.0,0.12449799196787148,35.545,0.0,0.031824488000000005,0.024,330.657,64.024,0.8338506137728691,0.7732381719946861,0.7732381719946861,1.0,-0.019909732699394226,-0.023690096801146865,-0.016065380070358515,0.0019572619067348292,0.5765,,,1,False,True,0,0.0,0.0,0.0,0.0,0.5,,,1,False,True,0
A,posterior_mean_shrunk,cell,A,500,beta_mostly_mediocre_T500_cap64,beta_mostly_mediocre,64,10040000,phi_k16_onpolicy_only,learned,1,1,2000,1,True,True,0.11217834265530109,0.10886572152376175,0.11555615235120058,0.0017029000568398983,0.721672271117568,0.0688349902331829,0.04334335242211819,57.025,0.11049196787148592,44.113,0.9875,0.044324704,0.0245,130.538,127.68980612883053,0.8338506137728691,0.7732381719946861,0.7650156235396862,0.7995,-0.01631528675556183,-0.01988114733248949,-0.012801103643141687,0.0018154781530315782,0.56775,,,1,False,True,0,0.0035944459438323976,0.0016085678013041617,0.005591670551802962,0.0010089717769025102,0.48724999999999996,,,1,False,True,0
A,posterior_mean_shrunk,cell,A,500,beta_mostly_mediocre_T500_cap64,beta_mostly_mediocre,64,10040000,phi_k16_onpolicy_union,learned,1,1,2000,1,True,True,0.1085838967114687,0.10519758146256208,0.11193939931690693,0.0017154411111644635,0.7252667170614004,0.060612441778182986,0.047971454933285716,64.0,0.12449799196787148,35.545,0.0,0.031824488000000005,0.024,208.16,96.24,0.8338506137728691,0.7732381719946861,0.7732381719946861,1.0,-0.019909732699394226,-0.023690096801146865,-0.016065380070358515,0.0019572619067348292,0.5765,,,1,False,True,0,0.0,0.0,0.0,0.0,0.5,,,1,False,True,0
A,posterior_mean_shrunk,cell,A,500,beta_mostly_mediocre_T500_cap64,beta_mostly_mediocre,64,10040000,phi_k16_perstep,learned,1,1,2000,1,True,True,0.10855743904411792,0.1051657186821103,0.11191066168248653,0.0017161943057006773,0.7252931747287512,0.060612441778182986,0.047944997265934944,63.972,0.12444176706827309,35.5675,0.0,0.031849800000000004,0.024,159.234,89.6720241084882,0.8338506137728691,0.7732381719946861,0.7732381719946861,0.9955,-0.019936190366744995,-0.023725010966882107,-0.016087417723610997,0.001956886369836942,0.57625,,,1,False,True,0,-2.6457667350769044e-05,-9.28513691178523e-05,1.3478368600772228e-05,3.1277069247327814e-05,0.5,,,1,False,True,0
A,posterior_mean_shrunk,cell,A,500,beta_mostly_mediocre_T500_cap64,beta_mostly_mediocre,64,10040000,phi_k16_quality,learned,1,1,2000,1,True,True,0.1085838967114687,0.10519758146256208,0.11193939931690693,0.0017154411111644635,0.7252667170614004,0.06063007488846779,0.04795382182300091,63.95,0.12439759036144579,35.5595,0.0,0.031852608,0.024,148.819,95.14944834503511,0.8338506137728691,0.7732381719946861,0.7732205388844013,0.997,-0.019909732699394226,-0.023690096801146865,-0.016065380070358515,0.0019572619067348292,0.5765,,,1,False,True,0,0.0,0.0,0.0,0.0,0.5,,,1,False,True,0
A,posterior_mean_shrunk,cell,A,500,beta_mostly_mediocre_T500_cap64,beta_mostly_mediocre,64,10040000,phi_k16_tau05,learned,1,1,2000,1,True,True,0.10855294625461101,0.10516226664185524,0.11190372649580241,0.001716115981106093,0.7252976675182581,0.060612441778182986,0.04794050447642803,63.993,0.12448393574297188,35.559,0.0,0.031836503999999995,0.024,155.654,102.2431215607804,0.8338506137728691,0.7732381719946861,0.7732381719946861,0.9995,-0.019940683156251908,-0.023730917554348707,-0.0160902694799006,0.0019568594121144272,0.57675,,,1,False,True,0,-3.095045685768128e-05,-9.28513691178523e-05,0.0,3.0950456857681284e-05,0.50025,,,1,False,True,0
A,posterior_mean_shrunk,cell,A,500,beta_mostly_mediocre_T500_cap64,beta_mostly_mediocre,64,10040000,phi_k16_weighted,learned,1,1,2000,1,True,True,0.10886750273406505,0.10548119470477105,0.11222671549767256,0.0017181415375891829,0.7249831110388041,0.06173724389076233,0.04713025884330273,62.518,0.12152208835341365,36.591,0.063,0.033079768,0.024,85.706,196.33203342618384,0.8338506137728691,0.7732381719946861,0.7721133698821068,0.8975,-0.01962612667679787,-0.023417401080951094,-0.01581509565003216,0.001954771740898168,0.57725,,,1,False,True,0,0.00028360602259635924,-0.0007170899029006248,0.001256299094529822,0.0005001971027286182,0.496,,,1,False,True,0
A,posterior_mean_shrunk,cell,A,500,beta_mostly_mediocre_T500_cap64,beta_mostly_mediocre,64,10040000,phi_k4,learned,1,1,2000,1,True,True,0.1085838967114687,0.10519758146256208,0.11193939931690693,0.0017154411111644635,0.7252667170614004,0.060612441778182986,0.047971454933285716,64.0,0.12449799196787148,35.545,0.0,0.031824488000000005,0.024,432.48,67.45,0.8338506137728691,0.7732381719946861,0.7732381719946861,1.0,-0.019909732699394226,-0.023690096801146865,-0.016065380070358515,0.0019572619067348292,0.5765,,,1,False,True,0,0.0,0.0,0.0,0.0,0.5,,,1,False,True,0
A,posterior_mean_shrunk,cell,A,500,beta_mostly_mediocre_T500_cap64,beta_mostly_mediocre,64,10040000,phi_reservoir_rule,learned,1,1,2000,1,True,True,0.1085838967114687,0.10519758146256208,0.11193939931690693,0.0017154411111644635,0.7252667170614004,0.060612441778182986,0.047971454933285716,64.0,0.12449799196787148,35.545,0.0,0.031824488000000005,0.024,165.744,82.976,0.8338506137728691,0.7732381719946861,0.7732381719946861,1.0,-0.019909732699394226,-0.023690096801146865,-0.016065380070358515,0.0019572619067348292,0.5765,,,1,False,True,0,0.0,0.0,0.0,0.0,0.5,,,1,False,True,0
A,posterior_mean_shrunk,cell,A,500,beta_mostly_mediocre_T500_cap64,beta_mostly_mediocre,64,10040000,phi_sf_k16,learned,1,1,2000,1,True,True,0.1085838967114687,0.10519758146256208,0.11193939931690693,0.0017154411111644635,0.7252667170614004,0.060612441778182986,0.047971454933285716,64.0,0.12449799196787148,35.545,0.0,0.031824488000000005,0.024,385.609,82.08,0.8338506137728691,0.7732381719946861,0.7732381719946861,1.0,-0.019909732699394226,-0.023690096801146865,-0.016065380070358515,0.0019572619067348292,0.5765,,,1,False,True,0,0.0,0.0,0.0,0.0,0.5,,,1,False,True,0
A,posterior_mean_shrunk,cell,A,500,beta_mostly_mediocre_T500_cap64,beta_mostly_mediocre,64,10040000,phi_sf_k16_noT1000,learned,1,1,2000,1,True,True,0.10855294625461101,0.10516226664185524,0.11190372649580241,0.001716115981106093,0.7252976675182581,0.060612441778182986,0.04794050447642803,63.993,0.12448393574297188,35.559,0.0,0.031836503999999995,0.024,196.06,116.8504252126063,0.8338506137728691,0.7732381719946861,0.7732381719946861,0.9995,-0.019940683156251908,-0.023730917554348707,-0.0160902694799006,0.0019568594121144272,0.57675,,,1,False,True,0,-3.095045685768128e-05,-9.28513691178523e-05,0.0,3.0950456857681284e-05,0.50025,,,1,False,True,0
A,posterior_mean_shrunk,cell,A,500,beta_mostly_mediocre_T500_cap64,beta_mostly_mediocre,64,10040000,power_a0.25,baseline,1,1,2000,1,True,True,0.1085838967114687,0.10519758146256208,0.11193939931690693,0.0017154411111644635,0.7252667170614004,0.060612441778182986,0.047971454933285716,64.0,0.12449799196787148,35.545,0.0,0.031824488000000005,0.024,,67.0,0.8338506137728691,0.7732381719946861,0.7732381719946861,1.0,-0.019909732699394226,-0.023690096801146865,-0.016065380070358515,0.0019572619067348292,0.5765,,,1,False,True,0,0.0,0.0,0.0,0.0,0.5,,,1,False,True,0
A,posterior_mean_shrunk,cell,A,500,beta_mostly_mediocre_T500_cap64,beta_mostly_mediocre,64,10040000,power_a0.33,baseline,1,1,2000,1,True,True,0.1085838967114687,0.10519758146256208,0.11193939931690693,0.0017154411111644635,0.7252667170614004,0.060612441778182986,0.047971454933285716,64.0,0.12449799196787148,35.545,0.0,0.031824488000000005,0.024,,68.0,0.8338506137728691,0.7732381719946861,0.7732381719946861,1.0,-0.019909732699394226,-0.023690096801146865,-0.016065380070358515,0.0019572619067348292,0.5765,,,1,False,True,0,0.0,0.0,0.0,0.0,0.5,,,1,False,True,0
A,posterior_mean_shrunk,cell,A,500,beta_mostly_mediocre_T500_cap64,beta_mostly_mediocre,64,10040000,power_a0.5,baseline,1,1,2000,1,True,True,0.1085838967114687,0.10519758146256208,0.11193939931690693,0.0017154411111644635,0.7252667170614004,0.060612441778182986,0.047971454933285716,64.0,0.12449799196787148,35.545,0.0,0.031824488000000005,0.024,,69.0,0.8338506137728691,0.7732381719946861,0.7732381719946861,1.0,-0.019909732699394226,-0.023690096801146865,-0.016065380070358515,0.0019572619067348292,0.5765,,,1,False,True,0,0.0,0.0,0.0,0.0,0.5,,,1,False,True,0
A,posterior_mean_shrunk,cell,A,500,beta_mostly_mediocre_T500_cap64,beta_mostly_mediocre,64,10040000,power_a0.67,baseline,1,1,2000,1,True,True,0.1085838967114687,0.10519758146256208,0.11193939931690693,0.0017154411111644635,0.7252667170614004,0.060612441778182986,0.047971454933285716,64.0,0.12449799196787148,35.545,0.0,0.031824488000000005,0.024,,70.0,0.8338506137728691,0.7732381719946861,0.7732381719946861,1.0,-0.019909732699394226,-0.023690096801146865,-0.016065380070358515,0.0019572619067348292,0.5765,,,1,False,True,0,0.0,0.0,0.0,0.0,0.5,,,1,False,True,0
A,posterior_mean_shrunk,cell,A,500,beta_mostly_mediocre_T500_cap64,beta_mostly_mediocre,64,10040000,refine_after_init,baseline,1,1,2000,1,True,True,0.1717249996215105,0.16815447732806205,0.17528665699064733,0.0018257299245183032,0.6621256141513586,0.16176628461480141,0.009958715006709098,8.0,0.01204819277108434,156.623,0.0,0.24712040400000002,0.2755,,,0.8338506137728691,0.7732381719946861,0.6720843291580677,0.0,0.04323137021064758,0.03949437653645873,0.046987725608050826,0.001882509272553123,0.3295,,,1,False,True,0,0.06314110291004181,0.05888039395213127,0.06749021578580142,0.0022339192271834856,0.2765,,,1,False,True,0
A,posterior_mean_shrunk,cell,A,500,beta_mostly_mediocre_T500_cap64,beta_mostly_mediocre,64,10040000,rule_reservoir,rule,1,1,2000,1,True,True,0.1085838967114687,0.10519758146256208,0.11193939931690693,0.0017154411111644635,0.7252667170614004,0.060612441778182986,0.047971454933285716,64.0,0.12449799196787148,35.545,0.0,0.031824488000000005,0.024,34.7285,64.175,0.8338506137728691,0.7732381719946861,0.7732381719946861,1.0,-0.019909732699394226,-0.023690096801146865,-0.016065380070358515,0.0019572619067348292,0.5765,,,1,False,True,0,0.0,0.0,0.0,0.0,0.5,,,1,False,True,0
A,posterior_mean_shrunk,cell,A,500,beta_mostly_mediocre_T500_cap64,beta_mostly_mediocre,64,10040000,uniform,baseline,1,1,2000,1,True,True,0.10870195908844471,0.10532986614853143,0.11203465797007084,0.0017155916707823988,0.7251486546844244,0.060612441778182986,0.048089517310261724,64.0,0.12449799196787148,35.5235,0.0,0.031796652,0.027,,125.865,0.8338506137728691,0.7732381719946861,0.7732381719946861,1.0,-0.019791670322418214,-0.023578555416315795,-0.015945885377004743,0.0019560161736776652,0.5765,,,1,False,True,0,0.00011806237697601319,-0.00015187815006356686,0.00047476572217419744,0.0001625414139544048,0.5,,,1,False,True,0
A,posterior_mean_shrunk,cell,A,50,beta_mostly_mediocre_T50_cap64,beta_mostly_mediocre,64,10031000,always_search,baseline,1,1,2000,1,True,True,0.2353608283177018,0.2299025271087885,0.2408080693334341,0.0027953337996350553,0.527409442089498,0.0,0.2353608283177018,50.0,1.0,1.0,50.0,0.02000000000000001,0.0,,,0.7627702704071999,0.7627702704071999,0.7627702704071999,0.0,0.07651103035360575,0.06972323451191187,0.0833760067820549,0.0034711997506586025,0.31825,,,1,False,True,0,0.08784694364666938,0.08094153348356485,0.09478609953075648,0.0035020045047704285,0.29425,,,1,False,True,0
A,posterior_mean_shrunk,cell,A,50,beta_mostly_mediocre_T50_cap64,beta_mostly_mediocre,64,10031000,cp0,reference,1,1,2000,1,True,True,0.15884979796409607,0.1542230423539877,0.1635438371449709,0.002377651639325683,0.6039204724431038,0.10933715583384038,0.0495126421302557,6.0,0.08333333333333331,13.277,0.012,0.21532640000000003,0.0,,,0.7627702704071999,0.7627702704071999,0.6534331145733595,0.0,0.0,0.0,0.0,0.0,0.5,,,1,False,True,0,0.01133591329306364,0.005562635790556669,0.016892236797139047,0.0029188140908526336,0.47175,,,1,False,True,0
A,posterior_mean_shrunk,cell,A,50,beta_mostly_mediocre_T50_cap64,beta_mostly_mediocre,64,10031000,fixed_K16,baseline,1,1,2000,1,True,True,0.1464680705666542,0.14175852499902247,0.151221489533782,0.0023906877744090576,0.6163021998405457,0.05177830630540848,0.09468976426124573,16.0,0.2916666666666667,7.307,5.957,0.09948560000000001,0.0,,,0.7627702704071999,0.7627702704071999,0.7109919641017913,0.0,-0.012381727397441864,-0.017576289596036077,-0.007132040115538987,0.0027189048009495535,0.53575,,,1,False,True,0,-0.0010458141043782235,-0.0052093507954850795,0.0029592435108497725,0.00205022397509954,0.50175,,,1,False,True,0
A,posterior_mean_shrunk,cell,A,50,beta_mostly_mediocre_T50_cap64,beta_mostly_mediocre,64,10031000,p3_star,reference,1,1,2000,1,True,True,0.14751388467103244,0.14286189787089826,0.15224743634462357,0.0023542271514158082,0.6152563857361675,0.03842717364430428,0.10908671102672815,21.0,0.39583333333333326,6.1765,10.4025,0.0775188,0.0,,,0.7627702704071999,0.7627702704071999,0.7243430967628955,0.0,-0.01133591329306364,-0.016892236797139047,-0.005562635790556669,0.0029188140908526336,0.52825,,,1,False,True,0,0.0,0.0,0.0,0.0,0.5,,,1,False,True,0
A,posterior_mean_shrunk,cell,A,50,beta_mostly_mediocre_T50_cap64,beta_mostly_mediocre,64,10031000,phi_k1,learned,1,1,2000,1,True,True,0.1412408670336008,0.1366714395582676,0.14589604064822198,0.0023427223928524925,0.6215294033735991,0.037908495247364046,0.10333237178623676,20.8505,0.39271875,6.544,10.5185,0.08215880000000002,0.0,0.0,,0.7627702704071999,0.7627702704071999,0.7248617751598359,0.0,-0.017608930930495263,-0.02316693216562271,-0.012041802424937487,0.0028879676569040147,0.546,,,1,False,True,0,-0.006273017637431622,-0.009461734350770712,-0.0031488051754422486,0.0015840355419513574,0.5185,,,1,False,True,0
A,posterior_mean_shrunk,cell,A,50,beta_mostly_mediocre_T50_cap64,beta_mostly_mediocre,64,10031000,phi_k16,learned,1,1,2000,1,True,True,0.14731630416214467,0.14266776517033578,0.1520891286432743,0.0023994471000260637,0.6154539662450552,0.0439609836935997,0.10335532046854495,18.984,0.3538333333333333,6.765,9.339,0.0890624,0.0,0.0,,0.7627702704071999,0.7627702704071999,0.7188092867136001,0.0,-0.011533493801951409,-0.01705261361785233,-0.005932312924414873,0.0028859852911121385,0.53325,,,1,False,True,0,-0.0001975805088877678,-0.0036578319501131763,0.0032128611346706744,0.00174095324622491,0.502,,,1,False,True,0
A,posterior_mean_shrunk,cell,A,50,beta_mostly_mediocre_T50_cap64,beta_mostly_mediocre,64,10031000,phi_k16_all71,learned,1,1,2000,1,True,True,0.14705159765481948,0.14238998666405678,0.1518282823264599,0.0023997552488839477,0.6157186727523803,0.04338324421644211,0.10366835343837738,19.08,0.3558333333333333,6.751,9.467,0.08884479999999999,0.0,0.0,,0.7627702704071999,0.7627702704071999,0.7193870261907578,0.0,-0.01179820030927658,-0.01732476414181292,-0.006169180246070029,0.002883353100380939,0.534,,,1,False,True,0,-0.0004622870162129402,-0.003974765737075358,0.0029599600238725526,0.001754980900175576,0.503,,,1,False,True,0
A,posterior_mean_shrunk,cell,A,50,beta_mostly_mediocre_T50_cap64,beta_mostly_mediocre,64,10031000,phi_k16_clock,learned,1,1,2000,1,True,True,0.16471145540475846,0.15985845774412155,0.1697284311056137,0.0025331886439860286,0.5980588150024414,0.01602716824412346,0.148684287160635,34.0,0.6666666666666665,3.919,25.1755,0.041662000000000005,0.0,0.0,,0.7627702704071999,0.7627702704071999,0.7467431021630764,0.0,0.005861657440662384,-0.000221476555088884,0.012188055017031725,0.0031785108057855818,0.4805,,,1,False,True,0,0.017197570733726023,0.011698905751109124,0.02267981278710067,0.002758791677131623,0.45599999999999996,,,1,False,True,0
A,posterior_mean_shrunk,cell,A,50,beta_mostly_mediocre_T50_cap64,beta_mostly_mediocre,64,10031000,phi_k16_cs,learned,1,1,2000,1,True,True,0.14731630416214467,0.14266776517033578,0.1520891286432743,0.0023994471000260637,0.6154539662450552,0.0439609836935997,0.10335532046854495,18.984,0.3538333333333333,6.765,9.339,0.0890624,0.0,0.0,,0.7627702704071999,0.7627702704071999,0.7188092867136001,0.0,-0.011533493801951409,-0.01705261361785233,-0.005932312924414873,0.0028859852911121385,0.53325,,,1,False,True,0,-0.0001975805088877678,-0.0036578319501131763,0.0032128611346706744,0.00174095324622491,0.502,,,1,False,True,0
A,posterior_mean_shrunk,cell,A,50,beta_mostly_mediocre_T50_cap64,beta_mostly_mediocre,64,10031000,phi_k16_famA_only,learned,1,1,2000,1,True,True,0.145483855843544,0.14092607721686362,0.15020542740821838,0.0023653684038459225,0.6172864145636558,0.045900960713624955,0.09958289512991905,18.0,0.33333333333333326,6.8665,8.027,0.0911044,0.0,0.0,,0.7627702704071999,0.7627702704071999,0.7168693096935749,0.0,-0.013365942120552064,-0.018839277094230052,-0.007825534930452708,0.0028419860738951213,0.53425,,,1,False,True,0,-0.0020300288274884225,-0.005407714948523789,0.0012691135547356677,0.0017043136443406503,0.50725,,,1,False,True,0
A,posterior_mean_shrunk,cell,A,50,beta_mostly_mediocre_T50_cap64,beta_mostly_mediocre,64,10031000,phi_k16_famB_only,learned,1,1,2000,1,True,True,0.14771539577841758,0.14307967238128186,0.15255475677549837,0.0024043716507321966,0.6150548746287823,0.04286977308988571,0.10484562268853187,19.368,0.3618333333333333,6.7235,9.837,0.0881884,0.0,0.0,,0.7627702704071999,0.7627702704071999,0.7199004973173142,0.0,-0.011134402185678483,-0.016627108538523314,-0.0055110854678787295,0.002880382753168984,0.53325,,,1,False,True,0,0.00020151110738515855,-0.00329073827015236,0.0036257661879062647,0.0017617374694515464,0.501,,,1,False,True,0
A,posterior_mean_shrunk,cell,A,50,beta_mostly_mediocre_T50_cap64,beta_mostly_mediocre,64,10031000,phi_k16_guard,learned,1,1,2000,1,True,True,0.1468702048510313,0.1421422477811575,0.15155865773558616,0.0023982823085656993,0.6159000655561686,0.0481537466943264,0.0987164581567049,17.0,0.3125,7.0745,7.035,0.0952436,0.0,0.0,,0.7627702704071999,0.7627702704071999,0.7146165237128734,0.0,-0.011979593113064766,-0.017417018115520478,-0.006580247520469132,0.002785040433069663,0.53425,,,1,False,True,0,-0.0006436798200011254,-0.004522244643885642,0.003169958980288353,0.0019301426495988028,0.50025,,,1,False,True,0
A,posterior_mean_shrunk,cell,A,50,beta_mostly_mediocre_T50_cap64,beta_mostly_mediocre,64,10031000,phi_k16_hgb,learned,1,1,2000,1,True,True,0.14651497669517993,0.14191599898040294,0.15127791203558444,0.002383276068305485,0.6162552937120199,0.041474993407726285,0.10503998328745365,20.128,0.37766666666666665,6.58,10.631,0.0849932,0.0,0.0,,0.7627702704071999,0.7627702704071999,0.7212952769994736,0.0,-0.01233482126891613,-0.017866862192749976,-0.006721800437662755,0.002877130982295898,0.53375,,,1,False,True,0,-0.0009989079758524896,-0.004512124042958019,0.0023680143058300014,0.0017595892189447879,0.5042500000000001,,,1,False,True,0
A,posterior_mean_shrunk,cell,A,50,beta_mostly_mediocre_T50_cap64,beta_mostly_mediocre,64,10031000,phi_k16_lucb,learned,1,1,2000,1,True,True,0.14795976746082307,0.1433137860149145,0.15276307202875614,0.0024048701245524234,0.6148105029463768,0.04157852083444595,0.1063812466263771,19.784,0.3704999999999999,6.674,10.36,0.0872884,0.0,0.0,,0.7627702704071999,0.7627702704071999,0.7211917495727539,0.0,-0.01089003050327301,-0.016412990167737004,-0.005273497290909293,0.0028763467148155996,0.5335,,,1,False,True,0,0.00044588278979063034,-0.003034674731316044,0.003816647996427491,0.0017431304331644443,0.4995,,,1,False,True,0
A,posterior_mean_shrunk,cell,A,50,beta_mostly_mediocre_T50_cap64,beta_mostly_mediocre,64,10031000,phi_k16_noT1000,learned,1,1,2000,1,True,True,0.15622386422753334,0.15136442370712758,0.16105673983693122,0.0024819509393796974,0.6065464061796665,0.02687647596001625,0.1293473882675171,27.272,0.5265,5.49,18.4205,0.064486,0.0,0.0,,0.7627702704071999,0.7627702704071999,0.7358937944471836,0.0,-0.0026259337365627288,-0.008318629418499767,0.00312459497363306,0.0029347689484200946,0.514,,,1,False,True,0,0.008709979556500911,0.004792180005460978,0.012589799915440378,0.0019905568054374998,0.478,,,1,False,True,0
A,posterior_mean_shrunk,cell,A,50,beta_mostly_mediocre_T50_cap64,beta_mostly_mediocre,64,10031000,phi_k16_noT200,learned,1,1,2000,1,True,True,0.14764466609060764,0.14299728982150556,0.15240866988897322,0.0024008777403262834,0.6151256043165922,0.04268069681525231,0.10496396927535534,19.472,0.3639999999999999,6.7035,9.9595,0.08786680000000001,0.0,0.0,,0.7627702704071999,0.7627702704071999,0.7200895735919476,0.0,-0.011205131873488426,-0.0166944402270019,-0.005616115545853973,0.0028743439075468355,0.5335,,,1,False,True,0,0.0001307814195752144,-0.003340158407809213,0.0035278456227388223,0.0017587229792982825,0.5015000000000001,,,1,False,True,0
A,posterior_mean_shrunk,cell,A,50,beta_mostly_mediocre_T50_cap64,beta_mostly_mediocre,64,10031000,phi_k16_noambig,learned,1,1,2000,1,True,True,0.15332770228385925,0.14845263175666332,0.15809720940887928,0.002467887580053947,0.6094425681233406,0.02955691707134247,0.12377078521251679,25.648,0.49266666666666664,5.7525,16.64,0.06948599999999999,0.0,0.0,,0.7627702704071999,0.7627702704071999,0.7332133533358574,0.0,-0.005522095680236817,-0.011201709276065229,0.00018870321073336392,0.0029129329779141316,0.52225,,,1,False,True,0,0.005813817612826824,0.0019401884550461546,0.009565662476234138,0.0019288920358640185,0.485,,,1,False,True,0
A,posterior_mean_shrunk,cell,A,50,beta_mostly_mediocre_T50_cap64,beta_mostly_mediocre,64,10031000,phi_k16_nopolicy,learned,1,1,2000,1,True,True,0.145483855843544,0.14092607721686362,0.15020542740821838,0.0023653684038459225,0.6172864145636558,0.045900960713624955,0.09958289512991905,18.0,0.33333333333333326,6.8665,8.027,0.0911044,0.0,0.0,,0.7627702704071999,0.7627702704071999,0.7168693096935749,0.0,-0.013365942120552064,-0.018839277094230052,-0.007825534930452708,0.0028419860738951213,0.53425,,,1,False,True,0,-0.0020300288274884225,-0.005407714948523789,0.0012691135547356677,0.0017043136443406503,0.50725,,,1,False,True,0
A,posterior_mean_shrunk,cell,A,50,beta_mostly_mediocre_T50_cap64,beta_mostly_mediocre,64,10031000,phi_k16_notrunc,learned,1,1,2000,1,True,True,0.14553816606104375,0.14094149731099606,0.15022539682686328,0.002363910962510275,0.6172321043461562,0.045846017688512805,0.09969214837253093,18.048,0.33433333333333326,6.8625,8.0955,0.0910108,0.0,0.0,,0.7627702704071999,0.7627702704071999,0.7169242527186871,0.0,-0.01331163190305233,-0.018796798633411525,-0.00776006451342255,0.0028453071508260665,0.5345,,,1,False,True,0,-0.0019757186099886893,-0.0053670119144953775,0.0013210734789026895,0.0017118568148579846,0.507,,,1,False,True,0
A,posterior_mean_shrunk,cell,A,50,beta_mostly_mediocre_T50_cap64,beta_mostly_mediocre,64,10031000,phi_k16_onpolicy_only,learned,1,1,2000,1,True,True,0.14907293029129506,0.14442501589655876,0.15386685431003572,0.002422327528442838,0.6136973401159048,0.03657446798682213,0.11249846230447293,22.144,0.41966666666666663,6.255,12.859,0.0794352,0.0,0.0,,0.7627702704071999,0.7627702704071999,0.7261958024203777,0.0,-0.009776867672801018,-0.015358358179219066,-0.004101034090854228,0.002913631828261135,0.53225,,,1,False,True,0,0.0015590456202626227,-0.002196110552176833,0.005217219004407525,0.0018624345064435664,0.497,,,1,False,True,0
A,posterior_mean_shrunk,cell,A,50,beta_mostly_mediocre_T50_cap64,beta_mostly_mediocre,64,10031000,phi_k16_onpolicy_union,learned,1,1,2000,1,True,True,0.14738310009241104,0.14274798184633256,0.15216627791523935,0.002399596951673407,0.6153871703147888,0.042904540717601775,0.10447855937480927,19.36,0.36166666666666664,6.7165,9.8375,0.08814960000000001,0.0,0.0,,0.7627702704071999,0.7627702704071999,0.719865729689598,0.0,-0.011466697871685028,-0.016961751459166407,-0.005919411231298,0.0028709088160393218,0.5335,,,1,False,True,0,-0.00013078457862138748,-0.0035760239930823436,0.0032905404979828743,0.001752459077470061,0.50175,,,1,False,True,0
A,posterior_mean_shrunk,cell,A,50,beta_mostly_mediocre_T50_cap64,beta_mostly_mediocre,64,10031000,phi_k16_perstep,learned,1,1,2000,1,True,True,0.14177382332086563,0.13716218136250974,0.14635579772293567,0.0023522380515541316,0.6209964470863343,0.05458665269613266,0.08718717062473297,14.892,0.26858333333333334,8.0595,5.853,0.11338,0.0,0.0,,0.7627702704071999,0.7627702704071999,0.7081836177110672,0.0,-0.01707597464323044,-0.022517375461757184,-0.011659325938671828,0.002768515701666399,0.54025,,,1,False,True,0,-0.005740061350166798,-0.009935939451679586,-0.001631066741538234,0.002086285196295977,0.51575,,,1,False,True,0
A,posterior_mean_shrunk,cell,A,50,beta_mostly_mediocre_T50_cap64,beta_mostly_mediocre,64,10031000,phi_k16_quality,learned,1,1,2000,1,True,True,0.1462505632787943,0.1415928054600954,0.1510062824934721,0.002382937659817111,0.6165197071284055,0.04505026614665985,0.10120029713213444,18.432,0.34233333333333327,6.8255,8.631,0.0903,0.0,0.0,,0.7627702704071999,0.7627702704071999,0.7177200042605401,0.0,-0.012599234685301781,-0.018086306657642125,-0.006967327930033207,0.002863715678455461,0.534,,,1,False,True,0,-0.0012633213922381402,-0.004691749555058777,0.0020522215170785773,0.001714753966101538,0.50475,,,1,False,True,0
A,posterior_mean_shrunk,cell,A,50,beta_mostly_mediocre_T50_cap64,beta_mostly_mediocre,64,10031000,phi_k16_tau05,learned,1,1,2000,1,True,True,0.14731630416214467,0.14266776517033578,0.1520891286432743,0.0023994471000260637,0.6154539662450552,0.0439609836935997,0.10335532046854495,18.984,0.3538333333333333,6.765,9.339,0.0890624,0.0,0.0,,0.7627702704071999,0.7627702704071999,0.7188092867136001,0.0,-0.011533493801951409,-0.01705261361785233,-0.005932312924414873,0.0028859852911121385,0.53325,,,1,False,True,0,-0.0001975805088877678,-0.0036578319501131763,0.0032128611346706744,0.00174095324622491,0.502,,,1,False,True,0
A,posterior_mean_shrunk,cell,A,50,beta_mostly_mediocre_T50_cap64,beta_mostly_mediocre,64,10031000,phi_k16_weighted,learned,1,1,2000,1,True,True,0.15250059877336025,0.14774483814835548,0.1573240913450718,0.0024492932092327066,0.6102696716338396,0.0313342747092247,0.12116632406413555,24.648,0.4718333333333333,5.9315,15.621,0.07282599999999999,0.0,0.0,,0.7627702704071999,0.7627702704071999,0.7314359956979751,0.0,-0.006349199190735817,-0.011926491255871951,-0.0006110377100412754,0.0029055378575843244,0.5225,,,1,False,True,0,0.004986714102327824,0.0013151639926945796,0.008581438660621643,0.001872112914507632,0.48650000000000004,,,1,False,True,0
A,posterior_mean_shrunk,cell,A,50,beta_mostly_mediocre_T50_cap64,beta_mostly_mediocre,64,10031000,phi_k4,learned,1,1,2000,1,True,True,0.14489256404340267,0.14026975072920322,0.14961182810366153,0.0023651364507328767,0.6178777063637972,0.041005379766225813,0.10388718427717686,19.538,0.365375,6.679,9.84,0.0877268,0.0,0.0,,0.7627702704071999,0.7627702704071999,0.721764890640974,0.0,-0.013957233920693398,-0.019499980099499225,-0.008374640485271813,0.00288445693330071,0.534,,,1,False,True,0,-0.002621320627629757,-0.006091472855769097,0.0007500147068640209,0.0017515558256278052,0.50875,,,1,False,True,0
A,posterior_mean_shrunk,cell,A,50,beta_mostly_mediocre_T50_cap64,beta_mostly_mediocre,64,10031000,phi_reservoir_rule,learned,1,1,2000,1,True,True,0.1644307192862034,0.15956157818436623,0.16929306834936142,0.0024908339310041874,0.5983395511209965,0.01707297620177269,0.1473577430844307,33.4,0.6541666666666666,4.4015,25.4515,0.04530800000000001,0.0,0.0,,0.7627702704071999,0.7627702704071999,0.7456972942054272,0.0,0.005580921322107315,-0.0001970447057828989,0.01141170023474842,0.002971786399850764,0.49125,,,1,False,True,0,0.016916834615170954,0.012626629229635,0.02109194011427462,0.002170360981643074,0.4555,,,1,False,True,0
A,posterior_mean_shrunk,cell,A,50,beta_mostly_mediocre_T50_cap64,beta_mostly_mediocre,64,10031000,phi_sf_k16,learned,1,1,2000,1,True,True,0.1507011943012476,0.14598878771066665,0.15550381541252137,0.002427301691903927,0.6120690761059523,0.034911306262016294,0.1157898880392313,22.912,0.43566666666666665,6.2145,13.7985,0.07815040000000001,0.0,0.0,,0.7627702704071999,0.7627702704071999,0.7278589641451836,0.0,-0.008148603662848473,-0.013748020608909428,-0.0024708715383894744,0.0028993346237451536,0.53025,,,1,False,True,0,0.003187309630215168,-0.0003866131570248394,0.006672363181132821,0.0018035792296891807,0.49275,,,1,False,True,0
A,posterior_mean_shrunk,cell,A,50,beta_mostly_mediocre_T50_cap64,beta_mostly_mediocre,64,10031000,phi_sf_k16_noT1000,learned,1,1,2000,1,True,True,0.14703514048457145,0.14239909276366233,0.15179102905094624,0.0024017151804205947,0.6157351299226284,0.044010271161794665,0.1030248693227768,18.864,0.3513333333333333,6.7765,9.178,0.08933840000000001,0.0,0.0,,0.7627702704071999,0.7627702704071999,0.7187599992454052,0.0,-0.011814657479524612,-0.017282261978834864,-0.006183862208854409,0.0028833718683249163,0.53375,,,1,False,True,0,-0.00047874418646097185,-0.003913979989010841,0.0028809051727876054,0.0017296233261652832,0.503,,,1,False,True,0
A,posterior_mean_shrunk,cell,A,50,beta_mostly_mediocre_T50_cap64,beta_mostly_mediocre,64,10031000,power_a0.25,baseline,1,1,2000,1,True,True,0.14751388467103244,0.14286189787089826,0.15224743634462357,0.0023542271514158082,0.6152563857361675,0.03842717364430428,0.10908671102672815,21.0,0.39583333333333326,6.1765,10.4025,0.0775188,0.0,,,0.7627702704071999,0.7627702704071999,0.7243430967628955,0.0,-0.01133591329306364,-0.016892236797139047,-0.005562635790556669,0.0029188140908526336,0.52825,,,1,False,True,0,0.0,0.0,0.0,0.0,0.5,,,1,False,True,0
A,posterior_mean_shrunk,cell,A,50,beta_mostly_mediocre_T50_cap64,beta_mostly_mediocre,64,10031000,power_a0.33,baseline,1,1,2000,1,True,True,0.148352493211627,0.14369616992771625,0.1530739448964596,0.0023731886691414623,0.6144177771955729,0.03411811453104019,0.11423437868058682,23.0,0.4375,5.83,12.322,0.0702064,0.0,,,0.7627702704071999,0.7627702704071999,0.7286521558761596,0.0,-0.010497304752469063,-0.016226635128259656,-0.0047214921214617815,0.0029531909900158545,0.5305,,,1,False,True,0,0.0008386085405945778,-0.0021978869917802513,0.0037934532272629433,0.0015260309369991014,0.49550000000000005,,,1,False,True,0
A,posterior_mean_shrunk,cell,A,50,beta_mostly_mediocre_T50_cap64,beta_mostly_mediocre,64,10031000,power_a0.5,baseline,1,1,2000,1,True,True,0.14761528895050288,0.14300234727561473,0.15221310779452324,0.0023550305674011553,0.615154981456697,0.03842717364430428,0.1091881153061986,21.0,0.39583333333333326,6.0515,10.3475,0.07662440000000001,0.0,,,0.7627702704071999,0.7627702704071999,0.7243430967628955,0.0,-0.011234509013593196,-0.016852397564798595,-0.005373411404434593,0.0029524819265805496,0.531,,,1,False,True,0,0.00010140427947044373,-0.0018285631260368965,0.001968847092939539,0.0009595057342899541,0.499,,,1,False,True,0
A,posterior_mean_shrunk,cell,A,50,beta_mostly_mediocre_T50_cap64,beta_mostly_mediocre,64,10031000,power_a0.67,baseline,1,1,2000,1,True,True,0.15360864593088627,0.14893096312880516,0.1584227316081524,0.0024323019093578225,0.6091616244763136,0.029810903817415236,0.12379774211347103,25.0,0.4791666666666668,5.036,13.466,0.0602024,0.0,,,0.7627702704071999,0.7627702704071999,0.7329593665897847,0.0,-0.005241152033209801,-0.010985295451246203,0.0007035714588710096,0.003023819932513016,0.5215,,,1,False,True,0,0.00609476125985384,0.0022462835244368763,0.010085502662695943,0.001984499608851128,0.47875,,,1,False,True,0
A,posterior_mean_shrunk,cell,A,50,beta_mostly_mediocre_T50_cap64,beta_mostly_mediocre,64,10031000,refine_after_init,baseline,1,1,2000,1,True,True,0.15235224574804307,0.14781622625887395,0.1568308997899294,0.002337382186399418,0.6104180246591568,0.09125679038465023,0.06109545536339283,8.0,0.125,11.2605,0.15,0.17377159999999997,0.0,,,0.7627702704071999,0.7627702704071999,0.6715134800225496,0.0,-0.006497552216053009,-0.010078095574863255,-0.0027909840282518425,0.001882581676626978,0.5155000000000001,,,1,False,True,0,0.004838361077010632,-0.0006343762986944045,0.010342048318125307,0.002793956338550069,0.49,,,1,False,True,0
A,posterior_mean_shrunk,cell,A,50,beta_mostly_mediocre_T50_cap64,beta_mostly_mediocre,64,10031000,rule_reservoir,rule,1,1,2000,1,True,True,0.163268609136343,0.1583692107349634,0.16821456253528594,0.0024849842867385834,0.5995016612708569,0.03398367573320866,0.12928493340313435,27.592,0.5331666666666667,5.581,18.7115,0.0697108,0.0,0.0,,0.7627702704071999,0.7627702704071999,0.7287865946739912,0.0,0.004418811172246933,-0.0015671146247768766,0.010464758751913902,0.0030417293049373705,0.48875,,,1,False,True,0,0.015754724465310573,0.010340928356163208,0.0211330980528146,0.002708864873773875,0.46425000000000005,,,1,False,True,0
A,posterior_mean_shrunk,cell,A,50,beta_mostly_mediocre_T50_cap64,beta_mostly_mediocre,64,10031000,uniform,baseline,1,1,2000,1,True,True,0.16041784045100213,0.15565680898725986,0.16524714902043341,0.0024494284287961765,0.6023524299561978,0.028885423690080642,0.13153241676092148,25.918,0.49829166666666663,4.5135,14.2755,0.056778800000000004,0.0,,,0.7627702704071999,0.7627702704071999,0.7338848467171192,0.0,0.0015680424869060517,-0.004211836552713063,0.007381393481045959,0.002978661921271957,0.49350000000000005,,,1,False,True,0,0.012903955779969693,0.0085046227555722,0.017269172146916388,0.0022523838899042243,0.46525,,,1,False,True,0
A,posterior_mean_shrunk,cell,A,1000,beta_rare_excellent_T1000_cap64,beta_rare_excellent,64,10058000,always_search,baseline,1,1,2000,1,True,True,0.17290716806054116,0.16830904483795167,0.1773840107023716,0.002285072158722337,0.38688644728064536,0.1563089701756835,0.016598197884857654,64.0,0.062124248496993974,106.223,0.0,0.04373004900000001,0.9715,,64.0,0.5597936153411865,0.40348464516550303,0.40348464516550303,1.0,-0.04117786583676934,-0.04505818821489811,-0.03743385896086693,0.0019396708955736039,0.642,,,1,False,True,0,0.0,0.0,0.0,0.0,0.5,,,1,False,True,0
A,posterior_mean_shrunk,cell,A,1000,beta_rare_excellent_T1000_cap64,beta_rare_excellent,64,10058000,cp0,reference,1,1,2000,1,True,True,0.21408503389731048,0.20938900709152222,0.21855623014271258,0.0023179409766185266,0.345708581443876,0.20535752614960073,0.00872750774770975,30.8185,0.028876252505010008,181.303,0.0,0.100356376,2.461,,,0.5597936153411865,0.40348464516550303,0.35443608919158576,0.0,0.0,0.0,0.0,0.0,0.5,,,1,False,True,0,0.04117786583676934,0.03743385896086693,0.04505818821489811,0.0019396708955736039,0.358,,,1,False,True,0
A,posterior_mean_shrunk,cell,A,1000,beta_rare_excellent_T1000_cap64,beta_rare_excellent,64,10058000,fixed_K16,baseline,1,1,2000,1,True,True,0.25800123606994746,0.25323425233364105,0.2626417361199856,0.0024050966081905776,0.30179237927123903,0.2534305302500725,0.004570705819875002,16.0,0.014028056112224454,296.576,0.0,0.20316140000000002,2.0695,,,0.5597936153411865,0.40348464516550303,0.30636308509111404,0.0,0.04391620217263698,0.04036137508228421,0.047390431817620995,0.0018015353408562715,0.33975,,,1,False,True,0,0.08509406800940633,0.08042670730501414,0.0898869626224041,0.002414762583024504,0.23725000000000002,,,1,False,True,0
A,posterior_mean_shrunk,cell,A,1000,beta_rare_excellent_T1000_cap64,beta_rare_excellent,64,10058000,p3_star,reference,1,1,2000,1,True,True,0.17290716806054116,0.16830904483795167,0.1773840107023716,0.002285072158722337,0.38688644728064536,0.1563089701756835,0.016598197884857654,64.0,0.062124248496993974,106.223,0.0,0.04373004900000001,0.9715,,272.0,0.5597936153411865,0.40348464516550303,0.40348464516550303,1.0,-0.04117786583676934,-0.04505818821489811,-0.03743385896086693,0.0019396708955736039,0.642,,,1,False,True,0,0.0,0.0,0.0,0.0,0.5,,,1,False,True,0
A,posterior_mean_shrunk,cell,A,1000,beta_rare_excellent_T1000_cap64,beta_rare_excellent,64,10058000,phi_k1,learned,1,1,2000,1,True,True,0.17290716806054116,0.16830904483795167,0.1773840107023716,0.002285072158722337,0.38688644728064536,0.1563089701756835,0.016598197884857654,64.0,0.062124248496993974,106.223,0.0,0.04373004900000001,0.9715,936.0,64.0,0.5597936153411865,0.40348464516550303,0.40348464516550303,1.0,-0.04117786583676934,-0.04505818821489811,-0.03743385896086693,0.0019396708955736039,0.642,,,1,False,True,0,0.0,0.0,0.0,0.0,0.5,,,1,False,True,0
A,posterior_mean_shrunk,cell,A,1000,beta_rare_excellent_T1000_cap64,beta_rare_excellent,64,10058000,phi_k16,learned,1,1,2000,1,True,True,0.17290716806054116,0.16830904483795167,0.1773840107023716,0.002285072158722337,0.38688644728064536,0.1563089701756835,0.016598197884857654,64.0,0.062124248496993974,106.223,0.0,0.04373004900000001,0.9715,936.0,64.0,0.5597936153411865,0.40348464516550303,0.40348464516550303,1.0,-0.04117786583676934,-0.04505818821489811,-0.03743385896086693,0.0019396708955736039,0.642,,,1,False,True,0,0.0,0.0,0.0,0.0,0.5,,,1,False,True,0
A,posterior_mean_shrunk,cell,A,1000,beta_rare_excellent_T1000_cap64,beta_rare_excellent,64,10058000,phi_k16_all71,learned,1,1,2000,1,True,True,0.17290716806054116,0.16830904483795167,0.1773840107023716,0.002285072158722337,0.38688644728064536,0.1563089701756835,0.016598197884857654,64.0,0.062124248496993974,106.223,0.0,0.04373004900000001,0.9715,936.0,64.0,0.5597936153411865,0.40348464516550303,0.40348464516550303,1.0,-0.04117786583676934,-0.04505818821489811,-0.03743385896086693,0.0019396708955736039,0.642,,,1,False,True,0,0.0,0.0,0.0,0.0,0.5,,,1,False,True,0
A,posterior_mean_shrunk,cell,A,1000,beta_rare_excellent_T1000_cap64,beta_rare_excellent,64,10058000,phi_k16_clock,learned,1,1,2000,1,True,True,0.17290716806054116,0.16830904483795167,0.1773840107023716,0.002285072158722337,0.38688644728064536,0.1563089701756835,0.016598197884857654,64.0,0.062124248496993974,106.223,0.0,0.04373004900000001,0.9715,936.0,64.0,0.5597936153411865,0.40348464516550303,0.40348464516550303,1.0,-0.04117786583676934,-0.04505818821489811,-0.03743385896086693,0.0019396708955736039,0.642,,,1,False,True,0,0.0,0.0,0.0,0.0,0.5,,,1,False,True,0
A,posterior_mean_shrunk,cell,A,1000,beta_rare_excellent_T1000_cap64,beta_rare_excellent,64,10058000,phi_k16_cs,learned,1,1,2000,1,True,True,0.17290716806054116,0.16830904483795167,0.1773840107023716,0.002285072158722337,0.38688644728064536,0.1563089701756835,0.016598197884857654,64.0,0.062124248496993974,106.223,0.0,0.04373004900000001,0.9715,936.0,64.0,0.5597936153411865,0.40348464516550303,0.40348464516550303,1.0,-0.04117786583676934,-0.04505818821489811,-0.03743385896086693,0.0019396708955736039,0.642,,,1,False,True,0,0.0,0.0,0.0,0.0,0.5,,,1,False,True,0
A,posterior_mean_shrunk,cell,A,1000,beta_rare_excellent_T1000_cap64,beta_rare_excellent,64,10058000,phi_k16_famA_only,learned,1,1,2000,1,True,True,0.17290716806054116,0.16830904483795167,0.1773840107023716,0.002285072158722337,0.38688644728064536,0.1563089701756835,0.016598197884857654,64.0,0.062124248496993974,106.223,0.0,0.04373004900000001,0.9715,931.653,65.528,0.5597936153411865,0.40348464516550303,0.40348464516550303,1.0,-0.04117786583676934,-0.04505818821489811,-0.03743385896086693,0.0019396708955736039,0.642,,,1,False,True,0,0.0,0.0,0.0,0.0,0.5,,,1,False,True,0
A,posterior_mean_shrunk,cell,A,1000,beta_rare_excellent_T1000_cap64,beta_rare_excellent,64,10058000,phi_k16_famB_only,learned,1,1,2000,1,True,True,0.17290716806054116,0.16830904483795167,0.1773840107023716,0.002285072158722337,0.38688644728064536,0.1563089701756835,0.016598197884857654,64.0,0.062124248496993974,106.223,0.0,0.04373004900000001,0.9715,936.0,64.0,0.5597936153411865,0.40348464516550303,0.40348464516550303,1.0,-0.04117786583676934,-0.04505818821489811,-0.03743385896086693,0.0019396708955736039,0.642,,,1,False,True,0,0.0,0.0,0.0,0.0,0.5,,,1,False,True,0
A,posterior_mean_shrunk,cell,A,1000,beta_rare_excellent_T1000_cap64,beta_rare_excellent,64,10058000,phi_k16_guard,learned,1,1,2000,1,True,True,0.17290716806054116,0.16830904483795167,0.1773840107023716,0.002285072158722337,0.38688644728064536,0.1563089701756835,0.016598197884857654,64.0,0.062124248496993974,106.223,0.0,0.04373004900000001,0.9715,807.0,64.0,0.5597936153411865,0.40348464516550303,0.40348464516550303,1.0,-0.04117786583676934,-0.04505818821489811,-0.03743385896086693,0.0019396708955736039,0.642,,,1,False,True,0,0.0,0.0,0.0,0.0,0.5,,,1,False,True,0
A,posterior_mean_shrunk,cell,A,1000,beta_rare_excellent_T1000_cap64,beta_rare_excellent,64,10058000,phi_k16_hgb,learned,1,1,2000,1,True,True,0.17290716806054116,0.16830904483795167,0.1773840107023716,0.002285072158722337,0.38688644728064536,0.1563089701756835,0.016598197884857654,64.0,0.062124248496993974,106.223,0.0,0.04373004900000001,0.9715,932.712,64.0,0.5597936153411865,0.40348464516550303,0.40348464516550303,1.0,-0.04117786583676934,-0.04505818821489811,-0.03743385896086693,0.0019396708955736039,0.642,,,1,False,True,0,0.0,0.0,0.0,0.0,0.5,,,1,False,True,0
A,posterior_mean_shrunk,cell,A,1000,beta_rare_excellent_T1000_cap64,beta_rare_excellent,64,10058000,phi_k16_lucb,learned,1,1,2000,1,True,True,0.17290716806054116,0.16830904483795167,0.1773840107023716,0.002285072158722337,0.38688644728064536,0.1563089701756835,0.016598197884857654,64.0,0.062124248496993974,106.223,0.0,0.04373004900000001,0.9715,934.432,65.208,0.5597936153411865,0.40348464516550303,0.40348464516550303,1.0,-0.04117786583676934,-0.04505818821489811,-0.03743385896086693,0.0019396708955736039,0.642,,,1,False,True,0,0.0,0.0,0.0,0.0,0.5,,,1,False,True,0
A,posterior_mean_shrunk,cell,A,1000,beta_rare_excellent_T1000_cap64,beta_rare_excellent,64,10058000,phi_k16_noT1000,learned,1,1,2000,1,True,True,0.17290716806054116,0.16830904483795167,0.1773840107023716,0.002285072158722337,0.38688644728064536,0.1563089701756835,0.016598197884857654,64.0,0.062124248496993974,106.223,0.0,0.04373004900000001,0.9715,936.0,64.0,0.5597936153411865,0.40348464516550303,0.40348464516550303,1.0,-0.04117786583676934,-0.04505818821489811,-0.03743385896086693,0.0019396708955736039,0.642,,,1,False,True,0,0.0,0.0,0.0,0.0,0.5,,,1,False,True,0
A,posterior_mean_shrunk,cell,A,1000,beta_rare_excellent_T1000_cap64,beta_rare_excellent,64,10058000,phi_k16_noT200,learned,1,1,2000,1,True,True,0.17290716806054116,0.16830904483795167,0.1773840107023716,0.002285072158722337,0.38688644728064536,0.1563089701756835,0.016598197884857654,64.0,0.062124248496993974,106.223,0.0,0.04373004900000001,0.9715,936.0,64.0,0.5597936153411865,0.40348464516550303,0.40348464516550303,1.0,-0.04117786583676934,-0.04505818821489811,-0.03743385896086693,0.0019396708955736039,0.642,,,1,False,True,0,0.0,0.0,0.0,0.0,0.5,,,1,False,True,0
A,posterior_mean_shrunk,cell,A,1000,beta_rare_excellent_T1000_cap64,beta_rare_excellent,64,10058000,phi_k16_noambig,learned,1,1,2000,1,True,True,0.17290716806054116,0.16830904483795167,0.1773840107023716,0.002285072158722337,0.38688644728064536,0.1563089701756835,0.016598197884857654,64.0,0.062124248496993974,106.223,0.0,0.04373004900000001,0.9715,936.0,64.0,0.5597936153411865,0.40348464516550303,0.40348464516550303,1.0,-0.04117786583676934,-0.04505818821489811,-0.03743385896086693,0.0019396708955736039,0.642,,,1,False,True,0,0.0,0.0,0.0,0.0,0.5,,,1,False,True,0
A,posterior_mean_shrunk,cell,A,1000,beta_rare_excellent_T1000_cap64,beta_rare_excellent,64,10058000,phi_k16_nopolicy,learned,1,1,2000,1,True,True,0.17290716806054116,0.16830904483795167,0.1773840107023716,0.002285072158722337,0.38688644728064536,0.1563089701756835,0.016598197884857654,64.0,0.062124248496993974,106.223,0.0,0.04373004900000001,0.9715,936.0,64.0,0.5597936153411865,0.40348464516550303,0.40348464516550303,1.0,-0.04117786583676934,-0.04505818821489811,-0.03743385896086693,0.0019396708955736039,0.642,,,1,False,True,0,0.0,0.0,0.0,0.0,0.5,,,1,False,True,0
A,posterior_mean_shrunk,cell,A,1000,beta_rare_excellent_T1000_cap64,beta_rare_excellent,64,10058000,phi_k16_notrunc,learned,1,1,2000,1,True,True,0.17290716806054116,0.16830904483795167,0.1773840107023716,0.002285072158722337,0.38688644728064536,0.1563089701756835,0.016598197884857654,64.0,0.062124248496993974,106.223,0.0,0.04373004900000001,0.9715,936.0,64.0,0.5597936153411865,0.40348464516550303,0.40348464516550303,1.0,-0.04117786583676934,-0.04505818821489811,-0.03743385896086693,0.0019396708955736039,0.642,,,1,False,True,0,0.0,0.0,0.0,0.0,0.5,,,1,False,True,0
A,posterior_mean_shrunk,cell,A,1000,beta_rare_excellent_T1000_cap64,beta_rare_excellent,64,10058000,phi_k16_onpolicy_only,learned,1,1,2000,1,True,True,0.17495145177096127,0.17030194401741028,0.17944360598921774,0.002316082605164472,0.3848421635702252,0.15853864027932285,0.01641281149163842,63.256,0.06137875751503004,113.049,0.0,0.05064710100000001,0.949,322.009,64.08906882591093,0.5597936153411865,0.40348464516550303,0.40125497506186364,0.988,-0.03913358212634921,-0.04316654680296779,-0.03520360253751278,0.0020229126800784653,0.63725,,,1,False,True,0,0.0020442837104201316,0.0010306344454875215,0.003237034461926668,0.0005670232924134081,0.49575,,,1,False,True,0
A,posterior_mean_shrunk,cell,A,1000,beta_rare_excellent_T1000_cap64,beta_rare_excellent,64,10058000,phi_k16_onpolicy_union,learned,1,1,2000,1,True,True,0.17290716806054116,0.16830904483795167,0.1773840107023716,0.002285072158722337,0.38688644728064536,0.1563089701756835,0.016598197884857654,64.0,0.062124248496993974,106.223,0.0,0.04373004900000001,0.9715,936.0,64.0,0.5597936153411865,0.40348464516550303,0.40348464516550303,1.0,-0.04117786583676934,-0.04505818821489811,-0.03743385896086693,0.0019396708955736039,0.642,,,1,False,True,0,0.0,0.0,0.0,0.0,0.5,,,1,False,True,0
A,posterior_mean_shrunk,cell,A,1000,beta_rare_excellent_T1000_cap64,beta_rare_excellent,64,10058000,phi_k16_perstep,learned,1,1,2000,1,True,True,0.17290716806054116,0.16830904483795167,0.1773840107023716,0.002285072158722337,0.38688644728064536,0.1563089701756835,0.016598197884857654,64.0,0.062124248496993974,106.223,0.0,0.04373004900000001,0.9715,936.0,64.0,0.5597936153411865,0.40348464516550303,0.40348464516550303,1.0,-0.04117786583676934,-0.04505818821489811,-0.03743385896086693,0.0019396708955736039,0.642,,,1,False,True,0,0.0,0.0,0.0,0.0,0.5,,,1,False,True,0
A,posterior_mean_shrunk,cell,A,1000,beta_rare_excellent_T1000_cap64,beta_rare_excellent,64,10058000,phi_k16_quality,learned,1,1,2000,1,True,True,0.17290716806054116,0.16830904483795167,0.1773840107023716,0.002285072158722337,0.38688644728064536,0.1563089701756835,0.016598197884857654,64.0,0.062124248496993974,106.223,0.0,0.04373004900000001,0.9715,936.0,64.0,0.5597936153411865,0.40348464516550303,0.40348464516550303,1.0,-0.04117786583676934,-0.04505818821489811,-0.03743385896086693,0.0019396708955736039,0.642,,,1,False,True,0,0.0,0.0,0.0,0.0,0.5,,,1,False,True,0
A,posterior_mean_shrunk,cell,A,1000,beta_rare_excellent_T1000_cap64,beta_rare_excellent,64,10058000,phi_k16_tau05,learned,1,1,2000,1,True,True,0.17290716806054116,0.16830904483795167,0.1773840107023716,0.002285072158722337,0.38688644728064536,0.1563089701756835,0.016598197884857654,64.0,0.062124248496993974,106.223,0.0,0.04373004900000001,0.9715,936.0,64.0,0.5597936153411865,0.40348464516550303,0.40348464516550303,1.0,-0.04117786583676934,-0.04505818821489811,-0.03743385896086693,0.0019396708955736039,0.642,,,1,False,True,0,0.0,0.0,0.0,0.0,0.5,,,1,False,True,0
A,posterior_mean_shrunk,cell,A,1000,beta_rare_excellent_T1000_cap64,beta_rare_excellent,64,10058000,phi_k16_weighted,learned,1,1,2000,1,True,True,0.17290716806054116,0.16830904483795167,0.1773840107023716,0.002285072158722337,0.38688644728064536,0.1563089701756835,0.016598197884857654,64.0,0.062124248496993974,106.223,0.0,0.04373004900000001,0.9715,928.152,69.96,0.5597936153411865,0.40348464516550303,0.40348464516550303,1.0,-0.04117786583676934,-0.04505818821489811,-0.03743385896086693,0.0019396708955736039,0.642,,,1,False,True,0,0.0,0.0,0.0,0.0,0.5,,,1,False,True,0
A,posterior_mean_shrunk,cell,A,1000,beta_rare_excellent_T1000_cap64,beta_rare_excellent,64,10058000,phi_k4,learned,1,1,2000,1,True,True,0.17290716806054116,0.16830904483795167,0.1773840107023716,0.002285072158722337,0.38688644728064536,0.1563089701756835,0.016598197884857654,64.0,0.062124248496993974,106.223,0.0,0.04373004900000001,0.9715,936.0,64.0,0.5597936153411865,0.40348464516550303,0.40348464516550303,1.0,-0.04117786583676934,-0.04505818821489811,-0.03743385896086693,0.0019396708955736039,0.642,,,1,False,True,0,0.0,0.0,0.0,0.0,0.5,,,1,False,True,0
A,posterior_mean_shrunk,cell,A,1000,beta_rare_excellent_T1000_cap64,beta_rare_excellent,64,10058000,phi_reservoir_rule,learned,1,1,2000,1,True,True,0.17290716806054116,0.16830904483795167,0.1773840107023716,0.002285072158722337,0.38688644728064536,0.1563089701756835,0.016598197884857654,64.0,0.062124248496993974,106.223,0.0,0.04373004900000001,0.9715,127.296,71.28,0.5597936153411865,0.40348464516550303,0.40348464516550303,1.0,-0.04117786583676934,-0.04505818821489811,-0.03743385896086693,0.0019396708955736039,0.642,,,1,False,True,0,0.0,0.0,0.0,0.0,0.5,,,1,False,True,0
A,posterior_mean_shrunk,cell,A,1000,beta_rare_excellent_T1000_cap64,beta_rare_excellent,64,10058000,phi_sf_k16,learned,1,1,2000,1,True,True,0.17290716806054116,0.16830904483795167,0.1773840107023716,0.002285072158722337,0.38688644728064536,0.1563089701756835,0.016598197884857654,64.0,0.062124248496993974,106.223,0.0,0.04373004900000001,0.9715,935.992,64.0,0.5597936153411865,0.40348464516550303,0.40348464516550303,1.0,-0.04117786583676934,-0.04505818821489811,-0.03743385896086693,0.0019396708955736039,0.642,,,1,False,True,0,0.0,0.0,0.0,0.0,0.5,,,1,False,True,0
A,posterior_mean_shrunk,cell,A,1000,beta_rare_excellent_T1000_cap64,beta_rare_excellent,64,10058000,phi_sf_k16_noT1000,learned,1,1,2000,1,True,True,0.17290716806054116,0.16830904483795167,0.1773840107023716,0.002285072158722337,0.38688644728064536,0.1563089701756835,0.016598197884857654,64.0,0.062124248496993974,106.223,0.0,0.04373004900000001,0.9715,914.88,82.904,0.5597936153411865,0.40348464516550303,0.40348464516550303,1.0,-0.04117786583676934,-0.04505818821489811,-0.03743385896086693,0.0019396708955736039,0.642,,,1,False,True,0,0.0,0.0,0.0,0.0,0.5,,,1,False,True,0
A,posterior_mean_shrunk,cell,A,1000,beta_rare_excellent_T1000_cap64,beta_rare_excellent,64,10058000,power_a0.25,baseline,1,1,2000,1,True,True,0.17290716806054116,0.16830904483795167,0.1773840107023716,0.002285072158722337,0.38688644728064536,0.1563089701756835,0.016598197884857654,64.0,0.062124248496993974,106.223,0.0,0.04373004900000001,0.9715,,272.0,0.5597936153411865,0.40348464516550303,0.40348464516550303,1.0,-0.04117786583676934,-0.04505818821489811,-0.03743385896086693,0.0019396708955736039,0.642,,,1,False,True,0,0.0,0.0,0.0,0.0,0.5,,,1,False,True,0
A,posterior_mean_shrunk,cell,A,1000,beta_rare_excellent_T1000_cap64,beta_rare_excellent,64,10058000,power_a0.33,baseline,1,1,2000,1,True,True,0.17290716806054116,0.16830904483795167,0.1773840107023716,0.002285072158722337,0.38688644728064536,0.1563089701756835,0.016598197884857654,64.0,0.062124248496993974,106.223,0.0,0.04373004900000001,0.9715,,393.0,0.5597936153411865,0.40348464516550303,0.40348464516550303,1.0,-0.04117786583676934,-0.04505818821489811,-0.03743385896086693,0.0019396708955736039,0.642,,,1,False,True,0,0.0,0.0,0.0,0.0,0.5,,,1,False,True,0
A,posterior_mean_shrunk,cell,A,1000,beta_rare_excellent_T1000_cap64,beta_rare_excellent,64,10058000,power_a0.5,baseline,1,1,2000,1,True,True,0.17290716806054116,0.16830904483795167,0.1773840107023716,0.002285072158722337,0.38688644728064536,0.1563089701756835,0.016598197884857654,64.0,0.062124248496993974,106.223,0.0,0.04373004900000001,0.9715,,87.0,0.5597936153411865,0.40348464516550303,0.40348464516550303,1.0,-0.04117786583676934,-0.04505818821489811,-0.03743385896086693,0.0019396708955736039,0.642,,,1,False,True,0,0.0,0.0,0.0,0.0,0.5,,,1,False,True,0
A,posterior_mean_shrunk,cell,A,1000,beta_rare_excellent_T1000_cap64,beta_rare_excellent,64,10058000,power_a0.67,baseline,1,1,2000,1,True,True,0.17290716806054116,0.16830904483795167,0.1773840107023716,0.002285072158722337,0.38688644728064536,0.1563089701756835,0.016598197884857654,64.0,0.062124248496993974,106.214,0.0,0.04371927000000001,0.9715,,480.0,0.5597936153411865,0.40348464516550303,0.40348464516550303,1.0,-0.04117786583676934,-0.04505818821489811,-0.03743385896086693,0.0019396708955736039,0.642,,,1,False,True,0,0.0,0.0,0.0,0.0,0.5,,,1,False,True,0
A,posterior_mean_shrunk,cell,A,1000,beta_rare_excellent_T1000_cap64,beta_rare_excellent,64,10058000,refine_after_init,baseline,1,1,2000,1,True,True,0.30959906375966967,0.30476316809654236,0.31433126926422117,0.0024609963267161997,0.2501945515815169,0.3074046488497406,0.002194414909929037,8.0,0.006012024048096194,392.675,0.0,0.309325102,1.5755,,,0.5597936153411865,0.40348464516550303,0.2523889664914459,0.0,0.09551402986235917,0.09103940669447184,0.10004248432815074,0.002308357139143989,0.19025,,,1,False,True,0,0.1366918956991285,0.13151997998356818,0.14202545695006846,0.0026524220255307028,0.13,,,1,False,True,0
A,posterior_mean_shrunk,cell,A,1000,beta_rare_excellent_T1000_cap64,beta_rare_excellent,64,10058000,rule_reservoir,rule,1,1,2000,1,True,True,0.17566326858103276,0.1711120892316103,0.18010370321571828,0.002271667244660309,0.3841303467601538,0.16012059520184993,0.015542673379182815,58.7255,0.05683917835671342,120.972,0.0,0.053824334,1.467,11.882,227.72255834053587,0.5597936153411865,0.40348464516550303,0.3996730201393366,0.5785,-0.038421765316277744,-0.042165187839418646,-0.034801687207072975,0.001879989106191428,0.63275,,,1,False,True,0,0.0027561005204916,0.0017114189162384722,0.0038718271243851623,0.0005476710801113054,0.48575,,,1,False,True,0
A,posterior_mean_shrunk,cell,A,1000,beta_rare_excellent_T1000_cap64,beta_rare_excellent,64,10058000,uniform,baseline,1,1,2000,1,True,True,0.17290716806054116,0.16830904483795167,0.1773840107023716,0.002285072158722337,0.38688644728064536,0.1563089701756835,0.016598197884857654,64.0,0.062124248496993974,106.223,0.0,0.04373004900000001,0.9715,,126.097,0.5597936153411865,0.40348464516550303,0.40348464516550303,1.0,-0.04117786583676934,-0.04505818821489811,-0.03743385896086693,0.0019396708955736039,0.642,,,1,False,True,0,0.0,0.0,0.0,0.0,0.5,,,1,False,True,0
A,posterior_mean_shrunk,cell,A,100,beta_rare_excellent_T100_cap64,beta_rare_excellent,64,10049000,always_search,baseline,1,1,2000,1,True,True,0.17039122610958293,0.1649268388748169,0.17597118802368641,0.0027746039513029536,0.25919870119867844,0.02748252946138382,0.1429086966481991,64.0,0.6326530612244898,3.161,37.9035,0.019727800000000004,0.0,,64.0,0.4295899273082614,0.4021073978468776,0.4021073978468776,1.0,-0.030068117894697936,-0.03695534886792302,-0.02301497752778232,0.0035825499495956824,0.5695,,,1,False,True,0,-0.004641338541870937,-0.010497192526236177,0.0013311856746440751,0.0030538153800741563,0.516,,,1,False,True,0
A,posterior_mean_shrunk,cell,A,100,beta_rare_excellent_T100_cap64,beta_rare_excellent,64,10049000,cp0,reference,1,1,2000,1,True,True,0.20045934400428086,0.19528573974967003,0.20561802349984645,0.0026817986524860487,0.22913058330398053,0.16725610880553723,0.033203235198743644,9.0,0.0714285714285714,18.2285,0.0,0.13380280000000003,0.005,,,0.4295899273082614,0.4021073978468776,0.2623338185027242,0.0,0.0,0.0,0.0,0.0,0.5,,,1,False,True,0,0.025426779352826997,0.019202521117404104,0.03177801454439759,0.003212409777003366,0.43374999999999997,,,1,False,True,0
A,posterior_mean_shrunk,cell,A,100,beta_rare_excellent_T100_cap64,beta_rare_excellent,64,10049000,fixed_K16,baseline,1,1,2000,1,True,True,0.18409996127476916,0.17889104261994362,0.18928092420101167,0.0026744683414984256,0.24548996603349224,0.1255729388706386,0.058527022404130546,16.0,0.1428571428571428,11.098,0.0,0.0742217,0.0045,,,0.4295899273082614,0.4021073978468776,0.30401698843762276,0.0,-0.016359382729511707,-0.020769914006814362,-0.012004865519702436,0.002245372919308063,0.54775,,,1,False,True,0,0.00906739662331529,0.0033333901199512194,0.014773085294291376,0.0029281997231678193,0.48849999999999993,,,1,False,True,0
A,posterior_mean_shrunk,cell,A,100,beta_rare_excellent_T100_cap64,beta_rare_excellent,64,10049000,p3_star,reference,1,1,2000,1,True,True,0.17503256465145386,0.16967750452458857,0.1803323369473219,0.0027605444749707266,0.2545573626568075,0.06861152506619692,0.10642103958525695,36.0,0.34693877551020413,5.281,0.0005,0.0328046,0.0,,,0.4295899273082614,0.4021073978468776,0.36097840224206446,0.0,-0.025426779352826997,-0.03177801454439759,-0.019202521117404104,0.003212409777003366,0.56625,,,1,False,True,0,0.0,0.0,0.0,0.0,0.5,,,1,False,True,0
A,posterior_mean_shrunk,cell,A,100,beta_rare_excellent_T100_cap64,beta_rare_excellent,64,10049000,phi_k1,learned,1,1,2000,1,True,True,0.17039122610958293,0.1649268388748169,0.17597118802368641,0.0027746039513029536,0.25919870119867844,0.02748252946138382,0.1429086966481991,64.0,0.6326530612244898,3.161,37.9035,0.019727800000000004,0.0,29.3155,70.098,0.4295899273082614,0.4021073978468776,0.4021073978468776,1.0,-0.030068117894697936,-0.03695534886792302,-0.02301497752778232,0.0035825499495956824,0.5695,,,1,False,True,0,-0.004641338541870937,-0.010497192526236177,0.0013311856746440751,0.0030538153800741563,0.516,,,1,False,True,0
A,posterior_mean_shrunk,cell,A,100,beta_rare_excellent_T100_cap64,beta_rare_excellent,64,10049000,phi_k16,learned,1,1,2000,1,True,True,0.17196053748810664,0.16655697152018548,0.17751245573163033,0.0027762038311225042,0.25762938982015476,0.031054241389036178,0.14090629609907046,60.942,0.6014489795918369,3.1475,31.6595,0.020341299999999996,0.0,9.01,83.07142857142857,0.4295899273082614,0.4021073978468776,0.3985356859192252,0.784,-0.028498806516174226,-0.03536964347586036,-0.02161247949115933,0.0035530089166741666,0.5640000000000001,,,1,False,True,0,-0.003072027163347229,-0.008775448123924433,0.002795396459987387,0.0029971869766602095,0.51,,,1,False,True,0
A,posterior_mean_shrunk,cell,A,100,beta_rare_excellent_T100_cap64,beta_rare_excellent,64,10049000,phi_k16_all71,learned,1,1,2000,1,True,True,0.17207573402905837,0.1666695810854435,0.17759615369141102,0.00277886241102458,0.25751419327920305,0.03044707266241312,0.14162866136664526,61.721,0.6093979591836735,3.1225,33.0775,0.0201106,0.0,8.602,84.98564593301435,0.4295899273082614,0.4021073978468776,0.39914285464584826,0.836,-0.028383609975222497,-0.03518051169812679,-0.02149130632169545,0.0035444655765687855,0.5615,,,1,False,True,0,-0.0029568306223955007,-0.00860008622985333,0.0028626933693885787,0.0029857186915733026,0.5105,,,1,False,True,0
A,posterior_mean_shrunk,cell,A,100,beta_rare_excellent_T100_cap64,beta_rare_excellent,64,10049000,phi_k16_clock,learned,1,1,2000,1,True,True,0.17635379963577724,0.17090361714363098,0.18175126649439335,0.0027823993861055044,0.25323612767248416,0.07270883160084486,0.1036449680349324,34.0,0.32653061224489793,5.421,0.0,0.0344406,0.0,0.0,,0.4295899273082614,0.4021073978468776,0.35688109570741655,0.0,-0.024105544368503616,-0.03033351027406752,-0.017900290805846455,0.003171750290463627,0.567,,,1,False,True,0,0.0013212349843233825,-0.0007185782087617549,0.0034061169193591915,0.0010482179273921689,0.497,,,1,False,True,0
A,posterior_mean_shrunk,cell,A,100,beta_rare_excellent_T100_cap64,beta_rare_excellent,64,10049000,phi_k16_cs,learned,1,1,2000,1,True,True,0.17196053748810664,0.16655697152018548,0.17751245573163033,0.0027762038311225042,0.25762938982015476,0.031054241389036178,0.14090629609907046,60.923,0.6012551020408163,3.1475,31.6235,0.020345500000000002,0.0,9.008,83.04664536741214,0.4295899273082614,0.4021073978468776,0.3985356859192252,0.7825,-0.028498806516174226,-0.03536964347586036,-0.02161247949115933,0.0035530089166741666,0.5640000000000001,,,1,False,True,0,-0.003072027163347229,-0.008775448123924433,0.002795396459987387,0.0029971869766602095,0.51,,,1,False,True,0
A,posterior_mean_shrunk,cell,A,100,beta_rare_excellent_T100_cap64,beta_rare_excellent,64,10049000,phi_k16_famA_only,learned,1,1,2000,1,True,True,0.17512536591105163,0.16970966309309005,0.18057182393968105,0.0027841975569745554,0.25446456139720974,0.05626688782125711,0.11885847808979452,43.217,0.4205816326530612,4.321,4.9605,0.028110600000000003,0.0,0.0,,0.4295899273082614,0.4021073978468776,0.3733230394870043,0.0,-0.025333978093229233,-0.0318209283053875,-0.01890942701138556,0.003320646237705376,0.56675,,,1,False,True,0,9.280125959776342e-05,-0.00391201883321628,0.003995933523401618,0.0020426946969712566,0.49850000000000005,,,1,False,True,0
A,posterior_mean_shrunk,cell,A,100,beta_rare_excellent_T100_cap64,beta_rare_excellent,64,10049000,phi_k16_famB_only,learned,1,1,2000,1,True,True,0.17250446561025456,0.1670816123485565,0.1780582644045353,0.002775351022969821,0.25708546169800683,0.029842945218086243,0.1426615203921683,62.136,0.6136326530612245,3.118,33.839,0.020004,0.0,10.107,85.52237071470076,0.4295899273082614,0.4021073978468776,0.3997469820901752,0.8605,-0.02795487839402631,-0.034772935789078474,-0.021031790506094696,0.0035619537280399557,0.5619999999999999,,,1,False,True,0,-0.0025280990411993116,-0.008171617845073342,0.003385665925452484,0.0030097746654023203,0.51125,,,1,False,True,0
A,posterior_mean_shrunk,cell,A,100,beta_rare_excellent_T100_cap64,beta_rare_excellent,64,10049000,phi_k16_guard,learned,1,1,2000,1,True,True,0.17820677314978092,0.17283107079565524,0.183530093729496,0.0027636806112961232,0.25138315415848045,0.07803365341573953,0.10017311973404139,31.7075,0.30313775510204083,5.5195,0.0,0.036221199999999995,0.0,0.0,,0.4295899273082614,0.4021073978468776,0.35155627389252186,0.0,-0.022252570854499935,-0.028330166544765233,-0.01628701193258167,0.003062346990149962,0.558,,,1,False,True,0,0.0031742084983270615,0.000279611103178468,0.006014948093798011,0.0014610762298910354,0.49225,,,1,False,True,0
A,posterior_mean_shrunk,cell,A,100,beta_rare_excellent_T100_cap64,beta_rare_excellent,64,10049000,phi_k16_hgb,learned,1,1,2000,1,True,True,0.17388218680163844,0.16841071024537085,0.17938974387943746,0.002806679328694947,0.2557077405066229,0.029736774489283562,0.1441454123123549,62.428,0.6166122448979593,3.0565,34.218,0.0198594,0.0,7.94,88.98504027617952,0.4295899273082614,0.4021073978468776,0.3998531528189778,0.869,-0.02657715720264241,-0.033396015781909226,-0.019699536077678204,0.003566076391612141,0.55625,,,1,False,True,0,-0.0011503778498154133,-0.006922096549533307,0.004653283732477572,0.002995360190178971,0.5065,,,1,False,True,0
A,posterior_mean_shrunk,cell,A,100,beta_rare_excellent_T100_cap64,beta_rare_excellent,64,10049000,phi_k16_lucb,learned,1,1,2000,1,True,True,0.1725304544796236,0.1671476937830448,0.17810340896248816,0.0027792980199945008,0.25705947282863784,0.0294961858689785,0.14303426861064508,62.318,0.6154897959183675,3.114,34.186,0.019958599999999996,0.0,11.859,83.97006332757628,0.4295899273082614,0.4021073978468776,0.4000937414392829,0.8685,-0.027928889524657278,-0.03477444779127836,-0.020955719519406557,0.003568749607999315,0.5625,,,1,False,True,0,-0.0025021101718302814,-0.008158948784694075,0.003451590723125264,0.003017657060055509,0.51075,,,1,False,True,0
A,posterior_mean_shrunk,cell,A,100,beta_rare_excellent_T100_cap64,beta_rare_excellent,64,10049000,phi_k16_noT1000,learned,1,1,2000,1,True,True,0.17103371911356224,0.16562030129134656,0.17656169272959232,0.0027750426593888093,0.25855620819469916,0.02762715445458889,0.14340656465897336,63.82,0.6308163265306123,3.135,37.3695,0.019700299999999997,0.0,21.541,76.11776649746193,0.4295899273082614,0.4021073978468776,0.4019627728536725,0.985,-0.029425624890718607,-0.03630465306341648,-0.022405614331364638,0.0035892025778010697,0.56625,,,1,False,True,0,-0.0039988455378916115,-0.009822270739823577,0.0020721429842524178,0.0030519779286170704,0.51425,,,1,False,True,0
A,posterior_mean_shrunk,cell,A,100,beta_rare_excellent_T100_cap64,beta_rare_excellent,64,10049000,phi_k16_noT200,learned,1,1,2000,1,True,True,0.17120062642218545,0.1657825656235218,0.1767030529677868,0.002776576154320948,0.2583893008860759,0.0281031846255064,0.14309744179667905,63.45,0.6270408163265306,3.1335,36.6085,0.0197787,0.0,14.22,81.75,0.4295899273082614,0.4021073978468776,0.40148674268275497,0.96,-0.029258717582095414,-0.03614907637238503,-0.022383638098835947,0.0035849862808094942,0.56425,,,1,False,True,0,-0.0038319382292684168,-0.009655967098660767,0.002158583747223019,0.003041517408678465,0.51325,,,1,False,True,0
A,posterior_mean_shrunk,cell,A,100,beta_rare_excellent_T100_cap64,beta_rare_excellent,64,10049000,phi_k16_noambig,learned,1,1,2000,1,True,True,0.17058187084691598,0.1650956105440855,0.17610509023070336,0.002775220194540515,0.2590080564613454,0.02748252946138382,0.14309934138553218,63.988,0.632530612244898,3.149,37.802,0.019698300000000002,0.0,24.877,73.28928928928929,0.4295899273082614,0.4021073978468776,0.4021073978468776,0.999,-0.029877473157364876,-0.03675759546458721,-0.022857031505554917,0.0035839627180602263,0.56825,,,1,False,True,0,-0.004450693804537878,-0.010303382063284516,0.001537730731070039,0.0030519150753452588,0.51475,,,1,False,True,0
A,posterior_mean_shrunk,cell,A,100,beta_rare_excellent_T100_cap64,beta_rare_excellent,64,10049000,phi_k16_nopolicy,learned,1,1,2000,1,True,True,0.17463671440375036,0.1692337892949581,0.18013579361140727,0.0027851162369282832,0.254953212904511,0.057396905958652496,0.11723980844509788,42.753,0.41584693877551016,4.379,5.1325,0.0284697,0.0,0.0,,0.4295899273082614,0.4021073978468776,0.3721930213496089,0.0,-0.02582262960053049,-0.03223387524485588,-0.01950029893778265,0.0032833775536347124,0.57175,,,1,False,True,0,-0.00039585024770349265,-0.004240159539040178,0.003371498605702072,0.0019569730570933933,0.499,,,1,False,True,0
A,posterior_mean_shrunk,cell,A,100,beta_rare_excellent_T100_cap64,beta_rare_excellent,64,10049000,phi_k16_notrunc,learned,1,1,2000,1,True,True,0.1715802203514613,0.16616411954164506,0.17716519571840764,0.0027895805233044205,0.2580097069568001,0.03217286069691181,0.1394073596545495,59.779,0.5895816326530612,3.1415,29.3215,0.0205252,0.0,3.733,80.6184681460272,0.4295899273082614,0.4021073978468776,0.39741706661134957,0.6985,-0.028879123652819545,-0.035708075482398266,-0.021897102147340777,0.003550856294637053,0.5655,,,1,False,True,0,-0.0034523442999925464,-0.009165349230170249,0.002467797568533568,0.003014842777993825,0.51225,,,1,False,True,0
A,posterior_mean_shrunk,cell,A,100,beta_rare_excellent_T100_cap64,beta_rare_excellent,64,10049000,phi_k16_onpolicy_only,learned,1,1,2000,1,True,True,0.17039122610958293,0.1649268388748169,0.17597118802368641,0.0027746039513029536,0.25919870119867844,0.02748252946138382,0.1429086966481991,64.0,0.6326530612244898,3.161,37.9035,0.019727800000000004,0.0,34.561,64.136,0.4295899273082614,0.4021073978468776,0.4021073978468776,1.0,-0.030068117894697936,-0.03695534886792302,-0.02301497752778232,0.0035825499495956824,0.5695,,,1,False,True,0,-0.004641338541870937,-0.010497192526236177,0.0013311856746440751,0.0030538153800741563,0.516,,,1,False,True,0
A,posterior_mean_shrunk,cell,A,100,beta_rare_excellent_T100_cap64,beta_rare_excellent,64,10049000,phi_k16_onpolicy_union,learned,1,1,2000,1,True,True,0.17040744589688256,0.16497305482625962,0.17598002962768078,0.002777924223722332,0.25918248141137884,0.02764377725124359,0.14276366864563897,63.768,0.6302857142857144,3.1385,37.2725,0.0197219,0.0,17.733,79.08896797153025,0.4295899273082614,0.4021073978468776,0.4019461500570178,0.9835,-0.030051898107398303,-0.03690186077728867,-0.02305095000192523,0.003581330327376027,0.568,,,1,False,True,0,-0.004625118754571304,-0.010470363078638911,0.0013843501190422087,0.0030551556784782687,0.515,,,1,False,True,0
A,posterior_mean_shrunk,cell,A,100,beta_rare_excellent_T100_cap64,beta_rare_excellent,64,10049000,phi_k16_perstep,learned,1,1,2000,1,True,True,0.16999403177993372,0.16459662467241287,0.17554547563195227,0.002775687966551913,0.2595958955283277,0.02774260127544403,0.14225143050448968,63.563,0.6281938775510205,3.1625,37.0355,0.0198244,0.0,20.482,71.53956452469464,0.4295899273082614,0.4021073978468776,0.40184732603281736,0.9415,-0.030465312224347143,-0.03735388740897179,-0.02343793651089072,0.003577820821418772,0.5695,,,1,False,True,0,-0.005038532871520147,-0.010894352081231773,0.0009252657211618495,0.003051506556618067,0.517,,,1,False,True,0
A,posterior_mean_shrunk,cell,A,100,beta_rare_excellent_T100_cap64,beta_rare_excellent,64,10049000,phi_k16_quality,learned,1,1,2000,1,True,True,0.1715170597252436,0.16608052030205728,0.1770338211208582,0.002781057104601503,0.2580728675830178,0.029040539108216763,0.14247652061702684,62.562,0.6179795918367347,3.141,34.876,0.0200064,0.0,11.313,83.84530386740332,0.4295899273082614,0.4021073978468776,0.40054938820004465,0.905,-0.028942284279037268,-0.035817088931798934,-0.022041374957188963,0.0035788665696706804,0.5630000000000001,,,1,False,True,0,-0.0035155049262102695,-0.009333332697860896,0.0024911982938647264,0.0030335408199221817,0.511,,,1,False,True,0
A,posterior_mean_shrunk,cell,A,100,beta_rare_excellent_T100_cap64,beta_rare_excellent,64,10049000,phi_k16_tau05,learned,1,1,2000,1,True,True,0.17196053748810664,0.16655697152018548,0.17751245573163033,0.0027762038311225042,0.25762938982015476,0.031054241389036178,0.14090629609907046,60.942,0.6014489795918369,3.1475,31.6595,0.020341299999999996,0.0,9.01,83.07142857142857,0.4295899273082614,0.4021073978468776,0.3985356859192252,0.784,-0.028498806516174226,-0.03536964347586036,-0.02161247949115933,0.0035530089166741666,0.5640000000000001,,,1,False,True,0,-0.003072027163347229,-0.008775448123924433,0.002795396459987387,0.0029971869766602095,0.51,,,1,False,True,0
A,posterior_mean_shrunk,cell,A,100,beta_rare_excellent_T100_cap64,beta_rare_excellent,64,10049000,phi_k16_weighted,learned,1,1,2000,1,True,True,0.1722723934627138,0.1669075921177864,0.17788714207708836,0.002790750523031731,0.25731753384554756,0.029194066643714905,0.1430783268189989,62.187,0.6141530612244899,3.063,33.588,0.019853300000000004,0.0,8.11,89.30035335689045,0.4295899273082614,0.4021073978468776,0.40039586066454647,0.849,-0.028186950541567057,-0.03506411463022232,-0.021214581886306406,0.003571648491140054,0.56175,,,1,False,True,0,-0.0027601711887400597,-0.008558489475399254,0.0031893762818071976,0.0030360342755321188,0.51075,,,1,False,True,0
A,posterior_mean_shrunk,cell,A,100,beta_rare_excellent_T100_cap64,beta_rare_excellent,64,10049000,phi_k4,learned,1,1,2000,1,True,True,0.17039122610958293,0.1649268388748169,0.17597118802368641,0.0027746039513029536,0.25919870119867844,0.02748252946138382,0.1429086966481991,63.998,0.6326326530612246,3.161,37.901,0.0197287,0.0,27.061,72.56856856856857,0.4295899273082614,0.4021073978468776,0.4021073978468776,0.999,-0.030068117894697936,-0.03695534886792302,-0.02301497752778232,0.0035825499495956824,0.5695,,,1,False,True,0,-0.004641338541870937,-0.010497192526236177,0.0013311856746440751,0.0030538153800741563,0.516,,,1,False,True,0
A,posterior_mean_shrunk,cell,A,100,beta_rare_excellent_T100_cap64,beta_rare_excellent,64,10049000,phi_reservoir_rule,learned,1,1,2000,1,True,True,0.1754724490332883,0.1700851868838072,0.18091336823999882,0.0027733370878662254,0.2541174782749731,0.07039214059710502,0.10508030843618325,35.937,0.34629591836734697,5.104,1.5595,0.032881299999999995,0.0,0.015,65.06666666666666,0.4295899273082614,0.4021073978468776,0.3591977867111564,0.0075,-0.02498689497099258,-0.031165306596085428,-0.018849153723567727,0.00317578955125356,0.5665,,,1,False,True,0,0.0004398843818344176,-0.002010746777523309,0.002874790847999975,0.0012394815778296628,0.50025,,,1,False,True,0
A,posterior_mean_shrunk,cell,A,100,beta_rare_excellent_T100_cap64,beta_rare_excellent,64,10049000,phi_sf_k16,learned,1,1,2000,1,True,True,0.17068054970772936,0.16524298898875714,0.17620799504220486,0.002778745721081823,0.258909377600532,0.02748252946138382,0.14319802024634554,63.981,0.6324591836734694,3.1365,37.701,0.0196733,0.0,16.451,78.61392088132199,0.4295899273082614,0.4021073978468776,0.4021073978468776,0.9985,-0.029778794296551496,-0.036629967670887706,-0.022782802488654857,0.0035816729153364158,0.56825,,,1,False,True,0,-0.004352014943724498,-0.010157789080403745,0.0016578972456045432,0.0030534373413248477,0.51475,,,1,False,True,0
A,posterior_mean_shrunk,cell,A,100,beta_rare_excellent_T100_cap64,beta_rare_excellent,64,10049000,phi_sf_k16_noT1000,learned,1,1,2000,1,True,True,0.17293419609451666,0.16755031794309616,0.17858076505362988,0.0027762304134238015,0.25665573121374474,0.03297271490842104,0.13996148118609564,59.306,0.5847551020408164,3.1405,28.29,0.0206683,0.0,5.655,87.12965722801789,0.4295899273082614,0.4021073978468776,0.3966172123998404,0.671,-0.0275251479097642,-0.03433102192357182,-0.02055529360659421,0.0035384964564102277,0.56075,,,1,False,True,0,-0.0020983685569372027,-0.007728879211936144,0.0036353637231513847,0.002942319411409262,0.5045,,,1,False,True,0
A,posterior_mean_shrunk,cell,A,100,beta_rare_excellent_T100_cap64,beta_rare_excellent,64,10049000,power_a0.25,baseline,1,1,2000,1,True,True,0.17256739548197947,0.16708502322435378,0.178029365837574,0.002785270822043239,0.25702253182628193,0.06330479736626148,0.109262598115718,39.0,0.37755102040816324,5.021,0.015,0.0301088,0.0,,,0.4295899273082614,0.4021073978468776,0.3662851299419999,0.0,-0.02789194852230139,-0.03439564714208245,-0.021521739615127447,0.003263301839385323,0.57075,,,1,False,True,0,-0.002465169169474393,-0.005299241701140999,0.0003708791009557891,0.0014206446210247028,0.50475,,,1,False,True,0
A,posterior_mean_shrunk,cell,A,100,beta_rare_excellent_T100_cap64,beta_rare_excellent,64,10049000,power_a0.33,baseline,1,1,2000,1,True,True,0.17503256465145386,0.16967750452458857,0.1803323369473219,0.0027605444749707266,0.2545573626568075,0.06861152506619692,0.10642103958525695,36.0,0.34693877551020413,5.281,0.0005,0.0328046,0.0,,,0.4295899273082614,0.4021073978468776,0.36097840224206446,0.0,-0.025426779352826997,-0.03177801454439759,-0.019202521117404104,0.003212409777003366,0.56625,,,1,False,True,0,0.0,0.0,0.0,0.0,0.5,,,1,False,True,0
A,posterior_mean_shrunk,cell,A,100,beta_rare_excellent_T100_cap64,beta_rare_excellent,64,10049000,power_a0.5,baseline,1,1,2000,1,True,True,0.17447753112087958,0.169157874584198,0.17985203228890895,0.0027566383662381124,0.2551123961873818,0.06459048538655042,0.10988704573432916,38.0,0.3673469387755102,5.0475,0.009,0.030948700000000003,0.0,,,0.4295899273082614,0.4021073978468776,0.36499944192171097,0.0,-0.02598181288340129,-0.032378336135298016,-0.019729606714099644,0.0032225275806350893,0.56625,,,1,False,True,0,-0.000555033530574292,-0.0028179693617857984,0.0016651359677780414,0.0011293926573018613,0.49824999999999997,,,1,False,True,0
A,posterior_mean_shrunk,cell,A,100,beta_rare_excellent_T100_cap64,beta_rare_excellent,64,10049000,power_a0.67,baseline,1,1,2000,1,True,True,0.17699348407168872,0.17157614044845104,0.18235904052853585,0.0027699761759095217,0.25259644323657265,0.06861152506619692,0.1083819590054918,36.0,0.34693877551020413,5.0795,0.014,0.03246210000000001,0.0,,,0.4295899273082614,0.4021073978468776,0.36097840224206446,0.0,-0.023465859932592138,-0.029696780582889912,-0.017211490171030165,0.003188222198390544,0.56525,,,1,False,True,0,0.001960919420234859,0.00044423743820516394,0.0035212525632232414,0.0007907168675172242,0.49600000000000005,,,1,False,True,0
A,posterior_mean_shrunk,cell,A,100,beta_rare_excellent_T100_cap64,beta_rare_excellent,64,10049000,refine_after_init,baseline,1,1,2000,1,True,True,0.207624414766673,0.2023149084299803,0.21289364919066428,0.002708316796290128,0.2219655125415884,0.17688415675982833,0.03074025800684467,8.0,0.06122448979591836,20.177,0.0,0.15137640000000002,0.006,,,0.4295899273082614,0.4021073978468776,0.2527057705484331,0.0,0.007165070762392134,0.004801781545393169,0.009647236042656002,0.0012336475015300827,0.47875,,,1,False,True,0,0.03259185011521913,0.026266233902424576,0.03904865812510251,0.0032449486332438876,0.41725,,,1,False,True,0
A,posterior_mean_shrunk,cell,A,100,beta_rare_excellent_T100_cap64,beta_rare_excellent,64,10049000,rule_reservoir,rule,1,1,2000,1,True,True,0.17430220905225724,0.16896168179810048,0.17960870489478112,0.0027414562933806602,0.25528771825600416,0.09716995691508054,0.0771322521371767,23.0295,0.21458673469387754,8.6175,0.1675,0.0569873,0.0075,0.024,64.0,0.4295899273082614,0.4021073978468776,0.33241997039318083,0.0015,-0.026157134952023625,-0.031528535299003124,-0.020784578286111355,0.0027764746905221548,0.55725,,,1,False,True,0,-0.0007303555991966278,-0.005639541533309965,0.004097312886733558,0.002458516451844712,0.50675,,,1,False,True,0
A,posterior_mean_shrunk,cell,A,100,beta_rare_excellent_T100_cap64,beta_rare_excellent,64,10049000,uniform,baseline,1,1,2000,1,True,True,0.18013663395540788,0.17465844042599202,0.18573632538318635,0.002835709479989281,0.24945329335285352,0.045021522626280785,0.1351151113291271,50.907,0.49905102040816324,3.152,13.732,0.022881,0.0,,98.0,0.4295899273082614,0.4021073978468776,0.3845684046819806,0.0035,-0.020322710048872976,-0.02692215871065855,-0.013689382234588265,0.003388483965778635,0.53625,,,1,False,True,0,0.00510406930395402,6.0879048487550175e-05,0.01019732365384698,0.0025859194804207643,0.488,,,1,False,True,0
A,posterior_mean_shrunk,cell,A,200,beta_rare_excellent_T200_cap64,beta_rare_excellent,64,10052000,always_search,baseline,1,1,2000,1,True,True,0.17293234672769905,0.16746667735278606,0.17834472581744193,0.002772040224691037,0.3024877622909844,0.07052148937433958,0.10241085735335946,64.0,0.31313131313131315,7.4095,0.0,0.018812925,0.0,,64.0,0.4754201090186834,0.40489861964434387,0.40489861964434387,1.0,-0.03250130985956639,-0.038634590525180104,-0.026350572519004346,0.003122966731912347,0.58325,,,1,False,True,0,0.0,0.0,0.0,0.0,0.5,,,1,False,True,0
A,posterior_mean_shrunk,cell,A,200,beta_rare_excellent_T200_cap64,beta_rare_excellent,64,10052000,cp0,reference,1,1,2000,1,True,True,0.20543365658726542,0.20023201629519463,0.21059627942740916,0.0026083190113797886,0.269986452431418,0.17676581643894315,0.028667840148322285,13.9985,0.060598484848484825,31.0355,0.0,0.09911505,0.0545,,,0.4754201090186834,0.40489861964434387,0.2986542925797403,0.0,0.0,0.0,0.0,0.0,0.5,,,1,False,True,0,0.03250130985956639,0.026350572519004346,0.0386345905251801,0.003122966731912347,0.41675,,,1,False,True,0
A,posterior_mean_shrunk,cell,A,200,beta_rare_excellent_T200_cap64,beta_rare_excellent,64,10052000,fixed_K16,baseline,1,1,2000,1,True,True,0.19666173163801431,0.19145315885543823,0.2018689066171646,0.0026314148372215116,0.2787583773806691,0.16656108424067498,0.030100647397339343,16.0,0.07070707070707072,28.9245,0.0,0.08869652500000001,0.025,,,0.4754201090186834,0.40489861964434387,0.3088590247780085,0.0,-0.008771924949251116,-0.011168946092948316,-0.006440412835218013,0.001192196978627002,0.5275000000000001,,,1,False,True,0,0.023729384910315274,0.017518283892422916,0.029915274213999504,0.0031187234321445275,0.43999999999999995,,,1,False,True,0
A,posterior_mean_shrunk,cell,A,200,beta_rare_excellent_T200_cap64,beta_rare_excellent,64,10052000,p3_star,reference,1,1,2000,1,True,True,0.17293234672769905,0.16746667735278606,0.17834472581744193,0.002772040224691037,0.3024877622909844,0.07052148937433958,0.10241085735335946,64.0,0.31313131313131315,7.4095,0.0,0.018812925,0.0,,70.0,0.4754201090186834,0.40489861964434387,0.40489861964434387,1.0,-0.03250130985956639,-0.038634590525180104,-0.026350572519004346,0.003122966731912347,0.58325,,,1,False,True,0,0.0,0.0,0.0,0.0,0.5,,,1,False,True,0
A,posterior_mean_shrunk,cell,A,200,beta_rare_excellent_T200_cap64,beta_rare_excellent,64,10052000,phi_k1,learned,1,1,2000,1,True,True,0.17293234672769905,0.16746667735278606,0.17834472581744193,0.002772040224691037,0.3024877622909844,0.07052148937433958,0.10241085735335946,64.0,0.31313131313131315,7.4095,0.0,0.018812925,0.0,135.5965,64.3395,0.4754201090186834,0.40489861964434387,0.40489861964434387,1.0,-0.03250130985956639,-0.038634590525180104,-0.026350572519004346,0.003122966731912347,0.58325,,,1,False,True,0,0.0,0.0,0.0,0.0,0.5,,,1,False,True,0
A,posterior_mean_shrunk,cell,A,200,beta_rare_excellent_T200_cap64,beta_rare_excellent,64,10052000,phi_k16,learned,1,1,2000,1,True,True,0.17293234672769905,0.16746667735278606,0.17834472581744193,0.002772040224691037,0.3024877622909844,0.07052148937433958,0.10241085735335946,64.0,0.31313131313131315,7.4095,0.0,0.018812925,0.0,114.239,78.6,0.4754201090186834,0.40489861964434387,0.40489861964434387,1.0,-0.03250130985956639,-0.038634590525180104,-0.026350572519004346,0.003122966731912347,0.58325,,,1,False,True,0,0.0,0.0,0.0,0.0,0.5,,,1,False,True,0
A,posterior_mean_shrunk,cell,A,200,beta_rare_excellent_T200_cap64,beta_rare_excellent,64,10052000,phi_k16_all71,learned,1,1,2000,1,True,True,0.17293234672769905,0.16746667735278606,0.17834472581744193,0.002772040224691037,0.3024877622909844,0.07052148937433958,0.10241085735335946,64.0,0.31313131313131315,7.4095,0.0,0.018812925,0.0,118.859,73.808,0.4754201090186834,0.40489861964434387,0.40489861964434387,1.0,-0.03250130985956639,-0.038634590525180104,-0.026350572519004346,0.003122966731912347,0.58325,,,1,False,True,0,0.0,0.0,0.0,0.0,0.5,,,1,False,True,0
A,posterior_mean_shrunk,cell,A,200,beta_rare_excellent_T200_cap64,beta_rare_excellent,64,10052000,phi_k16_clock,learned,1,1,2000,1,True,True,0.17093827364593744,0.16564508266746997,0.1762382436543703,0.0026908009682858726,0.304481835372746,0.08599474722892046,0.08494352641701698,50.0,0.24242424242424232,9.65,0.0,0.024693425,0.0,0.0,,0.4754201090186834,0.40489861964434387,0.38942536178976295,0.0,-0.034495382941327986,-0.04029769599437714,-0.028533681062981493,0.0030343459719495433,0.58675,,,1,False,True,0,-0.0019940730817615986,-0.006301753816660488,0.0023751616477966286,0.0022034688175609214,0.513,,,1,False,True,0
A,posterior_mean_shrunk,cell,A,200,beta_rare_excellent_T200_cap64,beta_rare_excellent,64,10052000,phi_k16_cs,learned,1,1,2000,1,True,True,0.17293234672769905,0.16746667735278606,0.17834472581744193,0.002772040224691037,0.3024877622909844,0.07052148937433958,0.10241085735335946,64.0,0.31313131313131315,7.4095,0.0,0.018812925,0.0,114.29,78.72,0.4754201090186834,0.40489861964434387,0.40489861964434387,1.0,-0.03250130985956639,-0.038634590525180104,-0.026350572519004346,0.003122966731912347,0.58325,,,1,False,True,0,0.0,0.0,0.0,0.0,0.5,,,1,False,True,0
A,posterior_mean_shrunk,cell,A,200,beta_rare_excellent_T200_cap64,beta_rare_excellent,64,10052000,phi_k16_famA_only,learned,1,1,2000,1,True,True,0.17305376337468625,0.16756802462041379,0.178475147113204,0.002773358776832461,0.30236634564399717,0.07082067704945803,0.10223308632522822,63.699,0.31161111111111106,7.423,0.0,0.018876974999999997,0.0,29.587,94.00510986203372,0.4754201090186834,0.40489861964434387,0.40459943196922543,0.9785,-0.03237989321257919,-0.038496621418744326,-0.02627359828911722,0.00311902840569641,0.58275,,,1,False,True,0,0.00012141664698719978,-0.00039154044352471826,0.0007378875758149659,0.0002884542334474971,0.50075,,,1,False,True,0
A,posterior_mean_shrunk,cell,A,200,beta_rare_excellent_T200_cap64,beta_rare_excellent,64,10052000,phi_k16_famB_only,learned,1,1,2000,1,True,True,0.17293234672769905,0.16746667735278606,0.17834472581744193,0.002772040224691037,0.3024877622909844,0.07052148937433958,0.10241085735335946,64.0,0.31313131313131315,7.4095,0.0,0.018812925,0.0,115.749,79.232,0.4754201090186834,0.40489861964434387,0.40489861964434387,1.0,-0.03250130985956639,-0.038634590525180104,-0.026350572519004346,0.003122966731912347,0.58325,,,1,False,True,0,0.0,0.0,0.0,0.0,0.5,,,1,False,True,0
A,posterior_mean_shrunk,cell,A,200,beta_rare_excellent_T200_cap64,beta_rare_excellent,64,10052000,phi_k16_guard,learned,1,1,2000,1,True,True,0.17546208637580277,0.16988826766610146,0.1809183157980442,0.0027853296385277767,0.2999580226428807,0.07314307942986488,0.10231900694593787,60.9475,0.2977146464646464,7.3905,0.0,0.019247900000000002,0.0,1.1725,64.0,0.4754201090186834,0.40489861964434387,0.40227702958881856,0.245,-0.029971570211462677,-0.03604974746704101,-0.023876326065510513,0.003090959226839296,0.579,,,1,False,True,0,0.002529739648103714,0.000783792512083892,0.00431336803594604,0.0008976977058868549,0.49575,,,1,False,True,0
A,posterior_mean_shrunk,cell,A,200,beta_rare_excellent_T200_cap64,beta_rare_excellent,64,10052000,phi_k16_hgb,learned,1,1,2000,1,True,True,0.17293234672769905,0.16746667735278606,0.17834472581744193,0.002772040224691037,0.3024877622909844,0.07052148937433958,0.10241085735335946,64.0,0.31313131313131315,7.4095,0.0,0.018812925,0.0,112.748,75.816,0.4754201090186834,0.40489861964434387,0.40489861964434387,1.0,-0.03250130985956639,-0.038634590525180104,-0.026350572519004346,0.003122966731912347,0.58325,,,1,False,True,0,0.0,0.0,0.0,0.0,0.5,,,1,False,True,0
A,posterior_mean_shrunk,cell,A,200,beta_rare_excellent_T200_cap64,beta_rare_excellent,64,10052000,phi_k16_lucb,learned,1,1,2000,1,True,True,0.17293234672769905,0.16746667735278606,0.17834472581744193,0.002772040224691037,0.3024877622909844,0.07052148937433958,0.10241085735335946,64.0,0.31313131313131315,7.4095,0.0,0.018812925,0.0,118.549,78.288,0.4754201090186834,0.40489861964434387,0.40489861964434387,1.0,-0.03250130985956639,-0.038634590525180104,-0.026350572519004346,0.003122966731912347,0.58325,,,1,False,True,0,0.0,0.0,0.0,0.0,0.5,,,1,False,True,0
A,posterior_mean_shrunk,cell,A,200,beta_rare_excellent_T200_cap64,beta_rare_excellent,64,10052000,phi_k16_noT1000,learned,1,1,2000,1,True,True,0.17293234672769905,0.16746667735278606,0.17834472581744193,0.002772040224691037,0.3024877622909844,0.07052148937433958,0.10241085735335946,64.0,0.31313131313131315,7.4095,0.0,0.018812925,0.0,119.632,75.216,0.4754201090186834,0.40489861964434387,0.40489861964434387,1.0,-0.03250130985956639,-0.038634590525180104,-0.026350572519004346,0.003122966731912347,0.58325,,,1,False,True,0,0.0,0.0,0.0,0.0,0.5,,,1,False,True,0
A,posterior_mean_shrunk,cell,A,200,beta_rare_excellent_T200_cap64,beta_rare_excellent,64,10052000,phi_k16_noT200,learned,1,1,2000,1,True,True,0.17293234672769905,0.16746667735278606,0.17834472581744193,0.002772040224691037,0.3024877622909844,0.07052148937433958,0.10241085735335946,64.0,0.31313131313131315,7.4095,0.0,0.018812925,0.0,124.677,70.568,0.4754201090186834,0.40489861964434387,0.40489861964434387,1.0,-0.03250130985956639,-0.038634590525180104,-0.026350572519004346,0.003122966731912347,0.58325,,,1,False,True,0,0.0,0.0,0.0,0.0,0.5,,,1,False,True,0
A,posterior_mean_shrunk,cell,A,200,beta_rare_excellent_T200_cap64,beta_rare_excellent,64,10052000,phi_k16_noambig,learned,1,1,2000,1,True,True,0.17293234672769905,0.16746667735278606,0.17834472581744193,0.002772040224691037,0.3024877622909844,0.07052148937433958,0.10241085735335946,64.0,0.31313131313131315,7.4095,0.0,0.018812925,0.0,128.064,70.368,0.4754201090186834,0.40489861964434387,0.40489861964434387,1.0,-0.03250130985956639,-0.038634590525180104,-0.026350572519004346,0.003122966731912347,0.58325,,,1,False,True,0,0.0,0.0,0.0,0.0,0.5,,,1,False,True,0
A,posterior_mean_shrunk,cell,A,200,beta_rare_excellent_T200_cap64,beta_rare_excellent,64,10052000,phi_k16_nopolicy,learned,1,1,2000,1,True,True,0.17293234672769905,0.16746667735278606,0.17834472581744193,0.002772040224691037,0.3024877622909844,0.07052148937433958,0.10241085735335946,64.0,0.31313131313131315,7.4095,0.0,0.018812925,0.0,68.06,84.72,0.4754201090186834,0.40489861964434387,0.40489861964434387,1.0,-0.03250130985956639,-0.038634590525180104,-0.026350572519004346,0.003122966731912347,0.58325,,,1,False,True,0,0.0,0.0,0.0,0.0,0.5,,,1,False,True,0
A,posterior_mean_shrunk,cell,A,200,beta_rare_excellent_T200_cap64,beta_rare_excellent,64,10052000,phi_k16_notrunc,learned,1,1,2000,1,True,True,0.17293234672769905,0.16746667735278606,0.17834472581744193,0.002772040224691037,0.3024877622909844,0.07052148937433958,0.10241085735335946,64.0,0.31313131313131315,7.4095,0.0,0.018812925,0.0,131.646,64.04,0.4754201090186834,0.40489861964434387,0.40489861964434387,1.0,-0.03250130985956639,-0.038634590525180104,-0.026350572519004346,0.003122966731912347,0.58325,,,1,False,True,0,0.0,0.0,0.0,0.0,0.5,,,1,False,True,0
A,posterior_mean_shrunk,cell,A,200,beta_rare_excellent_T200_cap64,beta_rare_excellent,64,10052000,phi_k16_onpolicy_only,learned,1,1,2000,1,True,True,0.17293234672769905,0.16746667735278606,0.17834472581744193,0.002772040224691037,0.3024877622909844,0.07052148937433958,0.10241085735335946,64.0,0.31313131313131315,7.4095,0.0,0.018812925,0.0,133.058,64.0,0.4754201090186834,0.40489861964434387,0.40489861964434387,1.0,-0.03250130985956639,-0.038634590525180104,-0.026350572519004346,0.003122966731912347,0.58325,,,1,False,True,0,0.0,0.0,0.0,0.0,0.5,,,1,False,True,0
A,posterior_mean_shrunk,cell,A,200,beta_rare_excellent_T200_cap64,beta_rare_excellent,64,10052000,phi_k16_onpolicy_union,learned,1,1,2000,1,True,True,0.17293234672769905,0.16746667735278606,0.17834472581744193,0.002772040224691037,0.3024877622909844,0.07052148937433958,0.10241085735335946,64.0,0.31313131313131315,7.4095,0.0,0.018812925,0.0,126.92,69.88,0.4754201090186834,0.40489861964434387,0.40489861964434387,1.0,-0.03250130985956639,-0.038634590525180104,-0.026350572519004346,0.003122966731912347,0.58325,,,1,False,True,0,0.0,0.0,0.0,0.0,0.5,,,1,False,True,0
A,posterior_mean_shrunk,cell,A,200,beta_rare_excellent_T200_cap64,beta_rare_excellent,64,10052000,phi_k16_perstep,learned,1,1,2000,1,True,True,0.17293234672769905,0.16746667735278606,0.17834472581744193,0.002772040224691037,0.3024877622909844,0.07052148937433958,0.10241085735335946,64.0,0.31313131313131315,7.4095,0.0,0.018812925,0.0,126.6795,69.4225,0.4754201090186834,0.40489861964434387,0.40489861964434387,1.0,-0.03250130985956639,-0.038634590525180104,-0.026350572519004346,0.003122966731912347,0.58325,,,1,False,True,0,0.0,0.0,0.0,0.0,0.5,,,1,False,True,0
A,posterior_mean_shrunk,cell,A,200,beta_rare_excellent_T200_cap64,beta_rare_excellent,64,10052000,phi_k16_quality,learned,1,1,2000,1,True,True,0.17293234672769905,0.16746667735278606,0.17834472581744193,0.002772040224691037,0.3024877622909844,0.07052148937433958,0.10241085735335946,64.0,0.31313131313131315,7.4095,0.0,0.018812925,0.0,115.84,74.872,0.4754201090186834,0.40489861964434387,0.40489861964434387,1.0,-0.03250130985956639,-0.038634590525180104,-0.026350572519004346,0.003122966731912347,0.58325,,,1,False,True,0,0.0,0.0,0.0,0.0,0.5,,,1,False,True,0
A,posterior_mean_shrunk,cell,A,200,beta_rare_excellent_T200_cap64,beta_rare_excellent,64,10052000,phi_k16_tau05,learned,1,1,2000,1,True,True,0.17293234672769905,0.16746667735278606,0.17834472581744193,0.002772040224691037,0.3024877622909844,0.07052148937433958,0.10241085735335946,64.0,0.31313131313131315,7.4095,0.0,0.018812925,0.0,114.239,78.6,0.4754201090186834,0.40489861964434387,0.40489861964434387,1.0,-0.03250130985956639,-0.038634590525180104,-0.026350572519004346,0.003122966731912347,0.58325,,,1,False,True,0,0.0,0.0,0.0,0.0,0.5,,,1,False,True,0
A,posterior_mean_shrunk,cell,A,200,beta_rare_excellent_T200_cap64,beta_rare_excellent,64,10052000,phi_k16_weighted,learned,1,1,2000,1,True,True,0.17293234672769905,0.16746667735278606,0.17834472581744193,0.002772040224691037,0.3024877622909844,0.07052148937433958,0.10241085735335946,64.0,0.31313131313131315,7.4095,0.0,0.018812925,0.0,100.472,95.056,0.4754201090186834,0.40489861964434387,0.40489861964434387,1.0,-0.03250130985956639,-0.038634590525180104,-0.026350572519004346,0.003122966731912347,0.58325,,,1,False,True,0,0.0,0.0,0.0,0.0,0.5,,,1,False,True,0
A,posterior_mean_shrunk,cell,A,200,beta_rare_excellent_T200_cap64,beta_rare_excellent,64,10052000,phi_k4,learned,1,1,2000,1,True,True,0.17293234672769905,0.16746667735278606,0.17834472581744193,0.002772040224691037,0.3024877622909844,0.07052148937433958,0.10241085735335946,64.0,0.31313131313131315,7.4095,0.0,0.018812925,0.0,134.864,65.11,0.4754201090186834,0.40489861964434387,0.40489861964434387,1.0,-0.03250130985956639,-0.038634590525180104,-0.026350572519004346,0.003122966731912347,0.58325,,,1,False,True,0,0.0,0.0,0.0,0.0,0.5,,,1,False,True,0
A,posterior_mean_shrunk,cell,A,200,beta_rare_excellent_T200_cap64,beta_rare_excellent,64,10052000,phi_reservoir_rule,learned,1,1,2000,1,True,True,0.17100186041370033,0.16563966870307922,0.1763612274080515,0.002705329816608161,0.30441824860498307,0.08511450996249914,0.0858873504512012,51.823,0.25163131313131304,9.419,0.0,0.024024024999999997,0.0,0.273,79.57735849056604,0.4754201090186834,0.40489861964434387,0.3903055990561843,0.1325,-0.03443179617356509,-0.04025117186829447,-0.028377841506153346,0.003045689835363801,0.5852499999999999,,,1,False,True,0,-0.0019304863139986991,-0.006137226696591823,0.0023533652769401666,0.002150295953579272,0.514,,,1,False,True,0
A,posterior_mean_shrunk,cell,A,200,beta_rare_excellent_T200_cap64,beta_rare_excellent,64,10052000,phi_sf_k16,learned,1,1,2000,1,True,True,0.17293234672769905,0.16746667735278606,0.17834472581744193,0.002772040224691037,0.3024877622909844,0.07052148937433958,0.10241085735335946,64.0,0.31313131313131315,7.4095,0.0,0.018812925,0.0,129.536,69.84,0.4754201090186834,0.40489861964434387,0.40489861964434387,1.0,-0.03250130985956639,-0.038634590525180104,-0.026350572519004346,0.003122966731912347,0.58325,,,1,False,True,0,0.0,0.0,0.0,0.0,0.5,,,1,False,True,0
A,posterior_mean_shrunk,cell,A,200,beta_rare_excellent_T200_cap64,beta_rare_excellent,64,10052000,phi_sf_k16_noT1000,learned,1,1,2000,1,True,True,0.17293234672769905,0.16746667735278606,0.17834472581744193,0.002772040224691037,0.3024877622909844,0.07052148937433958,0.10241085735335946,64.0,0.31313131313131315,7.4095,0.0,0.018812925,0.0,103.587,87.336,0.4754201090186834,0.40489861964434387,0.40489861964434387,1.0,-0.03250130985956639,-0.038634590525180104,-0.026350572519004346,0.003122966731912347,0.58325,,,1,False,True,0,0.0,0.0,0.0,0.0,0.5,,,1,False,True,0
A,posterior_mean_shrunk,cell,A,200,beta_rare_excellent_T200_cap64,beta_rare_excellent,64,10052000,power_a0.25,baseline,1,1,2000,1,True,True,0.1763458293499425,0.1709473978728056,0.18183658644557,0.0027696360220628696,0.29907427966874095,0.07519829938560724,0.10114752996433526,59.0,0.28787878787878796,7.361,0.0,0.019547449999999997,0.0,,,0.4754201090186834,0.40489861964434387,0.4002218096330762,0.0,-0.029087827237322925,-0.03507089596241712,-0.022953841136768464,0.003095693078662582,0.575,,,1,False,True,0,0.003413482622243464,0.000884195137768984,0.00594048083294183,0.0012863511418756124,0.492,,,1,False,True,0
A,posterior_mean_shrunk,cell,A,200,beta_rare_excellent_T200_cap64,beta_rare_excellent,64,10052000,power_a0.33,baseline,1,1,2000,1,True,True,0.17477535407058895,0.16928979568183422,0.18024622276425362,0.002745192574335656,0.3006447549480945,0.07724378093332052,0.09753157313726843,57.0,0.2777777777777778,7.56,0.0,0.020187574999999996,0.0,,,0.4754201090186834,0.40489861964434387,0.3981763280853629,0.0,-0.030658302516676485,-0.03659892836585641,-0.024567715078592303,0.003083520399568273,0.5745,,,1,False,True,0,0.001843007342889905,-0.001234099097200669,0.005025881167966872,0.0016031545281225612,0.496,,,1,False,True,0
A,posterior_mean_shrunk,cell,A,200,beta_rare_excellent_T200_cap64,beta_rare_excellent,64,10052000,power_a0.5,baseline,1,1,2000,1,True,True,0.17293234672769905,0.16746667735278606,0.17834472581744193,0.002772040224691037,0.3024877622909844,0.07052148937433958,0.10241085735335946,64.0,0.31313131313131315,7.4095,0.0,0.018812925,0.0,,110.0,0.4754201090186834,0.40489861964434387,0.40489861964434387,1.0,-0.03250130985956639,-0.038634590525180104,-0.026350572519004346,0.003122966731912347,0.58325,,,1,False,True,0,0.0,0.0,0.0,0.0,0.5,,,1,False,True,0
A,posterior_mean_shrunk,cell,A,200,beta_rare_excellent_T200_cap64,beta_rare_excellent,64,10052000,power_a0.67,baseline,1,1,2000,1,True,True,0.17293234672769905,0.16746667735278606,0.17834472581744193,0.002772040224691037,0.3024877622909844,0.07052148937433958,0.10241085735335946,64.0,0.31313131313131315,7.4095,0.0,0.018812925,0.0,,70.0,0.4754201090186834,0.40489861964434387,0.40489861964434387,1.0,-0.03250130985956639,-0.038634590525180104,-0.026350572519004346,0.003122966731912347,0.58325,,,1,False,True,0,0.0,0.0,0.0,0.0,0.5,,,1,False,True,0
A,posterior_mean_shrunk,cell,A,200,beta_rare_excellent_T200_cap64,beta_rare_excellent,64,10052000,refine_after_init,baseline,1,1,2000,1,True,True,0.23345945021975786,0.22831403277814388,0.23862199932336806,0.0026446219975435723,0.2419606587989256,0.21835544891282915,0.015104001306928695,8.0,0.03030303030303029,48.5925,0.0,0.177731575,0.1005,,,0.4754201090186834,0.40489861964434387,0.25706466010585427,0.0,0.028025793632492423,0.024225095659494402,0.031832761503756045,0.0019520728732902557,0.41475,,,1,False,True,0,0.060527103492058816,0.05412658434361219,0.06695472970604896,0.0032538400600591244,0.34725,,,1,False,True,0
A,posterior_mean_shrunk,cell,A,200,beta_rare_excellent_T200_cap64,beta_rare_excellent,64,10052000,rule_reservoir,rule,1,1,2000,1,True,True,0.1769252032758668,0.1717671263962984,0.1822644393891096,0.0027053145032906985,0.2984949057428166,0.11261942956224084,0.06430577371362597,33.318,0.15817171717171716,16.233,0.0355,0.04491732500000001,0.0275,0.0425,127.25,0.4754201090186834,0.40489861964434387,0.3628006794564426,0.008,-0.028508453311398625,-0.033731849305331706,-0.0232154852245003,0.002687723831951561,0.5715,,,1,False,True,0,0.003992856548167765,-0.0013768554577836764,0.009497140347957607,0.0027420125854108815,0.48875,,,1,False,True,0
A,posterior_mean_shrunk,cell,A,200,beta_rare_excellent_T200_cap64,beta_rare_excellent,64,10052000,uniform,baseline,1,1,2000,1,True,True,0.17283132611215116,0.16736798211932183,0.1781930010765791,0.002775832439192904,0.3025887829065323,0.07052148937433958,0.10230983673781156,64.0,0.31313131313131315,7.4015,0.0,0.01881105,0.0,,126.083,0.4754201090186834,0.40489861964434387,0.40489861964434387,1.0,-0.03260233047511429,-0.038737863302230835,-0.02646448793821037,0.0031259634252777282,0.584,,,1,False,True,0,-0.00010102061554789543,-0.0005843784456374117,0.00041214198063244096,0.00025357489782236133,0.5005,,,1,False,True,0
A,posterior_mean_shrunk,cell,A,500,beta_rare_excellent_T500_cap64,beta_rare_excellent,64,10055000,always_search,baseline,1,1,2000,1,True,True,0.16812616000883282,0.16320890076458455,0.17321549504995346,0.0025647865036097883,0.3587983154375106,0.12219719503819942,0.04592896497063339,64.0,0.12449799196787148,30.131,0.0,0.024541668,0.0475,,64.0,0.5269244754463435,0.404727280408144,0.404727280408144,1.0,-0.040194923173636196,-0.045249910838901994,-0.035018148552626374,0.002592190925437369,0.60375,,,1,False,True,0,0.0,0.0,0.0,0.0,0.5,,,1,False,True,0
A,posterior_mean_shrunk,cell,A,500,beta_rare_excellent_T500_cap64,beta_rare_excellent,64,10055000,cp0,reference,1,1,2000,1,True,True,0.208321083182469,0.2033580232411623,0.2131310623139143,0.0024969226572080726,0.3186033922638744,0.19432860363647342,0.013992479545995593,21.967,0.04009437751004018,79.595,0.0,0.090568168,0.5405,,,0.5269244754463435,0.404727280408144,0.33259587180987,0.0,0.0,0.0,0.0,0.0,0.5,,,1,False,True,0,0.040194923173636196,0.035018148552626374,0.045249910838901994,0.002592190925437369,0.39625,,,1,False,True,0
A,posterior_mean_shrunk,cell,A,500,beta_rare_excellent_T500_cap64,beta_rare_excellent,64,10055000,fixed_K16,baseline,1,1,2000,1,True,True,0.22802544608525932,0.22297772504389285,0.23281728327274323,0.0025266795730540296,0.2988990293610841,0.21821063683927058,0.009814809245988727,16.0,0.028112449799196793,108.2975,0.0,0.136269548,0.6275,,,0.5269244754463435,0.404727280408144,0.30871383860707285,0.0,0.019704362902790307,0.016918908152729274,0.022560561588034034,0.0014703582108213451,0.43324999999999997,,,1,False,True,0,0.05989928607642651,0.054485013242810965,0.06530256159603595,0.0027644545737807525,0.34525,,,1,False,True,0
A,posterior_mean_shrunk,cell,A,500,beta_rare_excellent_T500_cap64,beta_rare_excellent,64,10055000,p3_star,reference,1,1,2000,1,True,True,0.16812616000883282,0.16320890076458455,0.17321549504995346,0.0025647865036097883,0.3587983154375106,0.12219719503819942,0.04592896497063339,64.0,0.12449799196787148,30.131,0.0,0.024541668,0.0475,,68.0,0.5269244754463435,0.404727280408144,0.404727280408144,1.0,-0.040194923173636196,-0.045249910838901994,-0.035018148552626374,0.002592190925437369,0.60375,,,1,False,True,0,0.0,0.0,0.0,0.0,0.5,,,1,False,True,0
A,posterior_mean_shrunk,cell,A,500,beta_rare_excellent_T500_cap64,beta_rare_excellent,64,10055000,phi_k1,learned,1,1,2000,1,True,True,0.16812616000883282,0.16320890076458455,0.17321549504995346,0.0025647865036097883,0.3587983154375106,0.12219719503819942,0.04592896497063339,64.0,0.12449799196787148,30.131,0.0,0.024541668,0.0475,436.0,64.0,0.5269244754463435,0.404727280408144,0.404727280408144,1.0,-0.040194923173636196,-0.045249910838901994,-0.035018148552626374,0.002592190925437369,0.60375,,,1,False,True,0,0.0,0.0,0.0,0.0,0.5,,,1,False,True,0
A,posterior_mean_shrunk,cell,A,500,beta_rare_excellent_T500_cap64,beta_rare_excellent,64,10055000,phi_k16,learned,1,1,2000,1,True,True,0.16812616000883282,0.16320890076458455,0.17321549504995346,0.0025647865036097883,0.3587983154375106,0.12219719503819942,0.04592896497063339,64.0,0.12449799196787148,30.131,0.0,0.024541668,0.0475,429.232,70.32,0.5269244754463435,0.404727280408144,0.404727280408144,1.0,-0.040194923173636196,-0.045249910838901994,-0.035018148552626374,0.002592190925437369,0.60375,,,1,False,True,0,0.0,0.0,0.0,0.0,0.5,,,1,False,True,0
A,posterior_mean_shrunk,cell,A,500,beta_rare_excellent_T500_cap64,beta_rare_excellent,64,10055000,phi_k16_all71,learned,1,1,2000,1,True,True,0.16812616000883282,0.16320890076458455,0.17321549504995346,0.0025647865036097883,0.3587983154375106,0.12219719503819942,0.04592896497063339,64.0,0.12449799196787148,30.131,0.0,0.024541668,0.0475,431.76,67.504,0.5269244754463435,0.404727280408144,0.404727280408144,1.0,-0.040194923173636196,-0.045249910838901994,-0.035018148552626374,0.002592190925437369,0.60375,,,1,False,True,0,0.0,0.0,0.0,0.0,0.5,,,1,False,True,0
A,posterior_mean_shrunk,cell,A,500,beta_rare_excellent_T500_cap64,beta_rare_excellent,64,10055000,phi_k16_clock,learned,1,1,2000,1,True,True,0.16812616000883282,0.16320890076458455,0.17321549504995346,0.0025647865036097883,0.3587983154375106,0.12219719503819942,0.04592896497063339,64.0,0.12449799196787148,30.131,0.0,0.024541668,0.0475,402.0,64.0,0.5269244754463435,0.404727280408144,0.404727280408144,1.0,-0.040194923173636196,-0.045249910838901994,-0.035018148552626374,0.002592190925437369,0.60375,,,1,False,True,0,0.0,0.0,0.0,0.0,0.5,,,1,False,True,0
A,posterior_mean_shrunk,cell,A,500,beta_rare_excellent_T500_cap64,beta_rare_excellent,64,10055000,phi_k16_cs,learned,1,1,2000,1,True,True,0.16812616000883282,0.16320890076458455,0.17321549504995346,0.0025647865036097883,0.3587983154375106,0.12219719503819942,0.04592896497063339,64.0,0.12449799196787148,30.131,0.0,0.024541668,0.0475,429.216,70.328,0.5269244754463435,0.404727280408144,0.404727280408144,1.0,-0.040194923173636196,-0.045249910838901994,-0.035018148552626374,0.002592190925437369,0.60375,,,1,False,True,0,0.0,0.0,0.0,0.0,0.5,,,1,False,True,0
A,posterior_mean_shrunk,cell,A,500,beta_rare_excellent_T500_cap64,beta_rare_excellent,64,10055000,phi_k16_famA_only,learned,1,1,2000,1,True,True,0.16812616000883282,0.16320890076458455,0.17321549504995346,0.0025647865036097883,0.3587983154375106,0.12219719503819942,0.04592896497063339,64.0,0.12449799196787148,30.131,0.0,0.024541668,0.0475,420.446,71.248,0.5269244754463435,0.404727280408144,0.404727280408144,1.0,-0.040194923173636196,-0.045249910838901994,-0.035018148552626374,0.002592190925437369,0.60375,,,1,False,True,0,0.0,0.0,0.0,0.0,0.5,,,1,False,True,0
A,posterior_mean_shrunk,cell,A,500,beta_rare_excellent_T500_cap64,beta_rare_excellent,64,10055000,phi_k16_famB_only,learned,1,1,2000,1,True,True,0.16812616000883282,0.16320890076458455,0.17321549504995346,0.0025647865036097883,0.3587983154375106,0.12219719503819942,0.04592896497063339,64.0,0.12449799196787148,30.131,0.0,0.024541668,0.0475,428.88,70.632,0.5269244754463435,0.404727280408144,0.404727280408144,1.0,-0.040194923173636196,-0.045249910838901994,-0.035018148552626374,0.002592190925437369,0.60375,,,1,False,True,0,0.0,0.0,0.0,0.0,0.5,,,1,False,True,0
A,posterior_mean_shrunk,cell,A,500,beta_rare_excellent_T500_cap64,beta_rare_excellent,64,10055000,phi_k16_guard,learned,1,1,2000,1,True,True,0.16812616000883282,0.16320890076458455,0.17321549504995346,0.0025647865036097883,0.3587983154375106,0.12219719503819942,0.04592896497063339,64.0,0.12449799196787148,30.131,0.0,0.024541668,0.0475,300.232,70.32,0.5269244754463435,0.404727280408144,0.404727280408144,1.0,-0.040194923173636196,-0.045249910838901994,-0.035018148552626374,0.002592190925437369,0.60375,,,1,False,True,0,0.0,0.0,0.0,0.0,0.5,,,1,False,True,0
A,posterior_mean_shrunk,cell,A,500,beta_rare_excellent_T500_cap64,beta_rare_excellent,64,10055000,phi_k16_hgb,learned,1,1,2000,1,True,True,0.16812616000883282,0.16320890076458455,0.17321549504995346,0.0025647865036097883,0.3587983154375106,0.12219719503819942,0.04592896497063339,64.0,0.12449799196787148,30.131,0.0,0.024541668,0.0475,382.577,73.696,0.5269244754463435,0.404727280408144,0.404727280408144,1.0,-0.040194923173636196,-0.045249910838901994,-0.035018148552626374,0.002592190925437369,0.60375,,,1,False,True,0,0.0,0.0,0.0,0.0,0.5,,,1,False,True,0
A,posterior_mean_shrunk,cell,A,500,beta_rare_excellent_T500_cap64,beta_rare_excellent,64,10055000,phi_k16_lucb,learned,1,1,2000,1,True,True,0.16812616000883282,0.16320890076458455,0.17321549504995346,0.0025647865036097883,0.3587983154375106,0.12219719503819942,0.04592896497063339,64.0,0.12449799196787148,30.131,0.0,0.024541668,0.0475,428.04,70.64,0.5269244754463435,0.404727280408144,0.404727280408144,1.0,-0.040194923173636196,-0.045249910838901994,-0.035018148552626374,0.002592190925437369,0.60375,,,1,False,True,0,0.0,0.0,0.0,0.0,0.5,,,1,False,True,0
A,posterior_mean_shrunk,cell,A,500,beta_rare_excellent_T500_cap64,beta_rare_excellent,64,10055000,phi_k16_noT1000,learned,1,1,2000,1,True,True,0.16812616000883282,0.16320890076458455,0.17321549504995346,0.0025647865036097883,0.3587983154375106,0.12219719503819942,0.04592896497063339,64.0,0.12449799196787148,30.131,0.0,0.024541668,0.0475,436.0,64.0,0.5269244754463435,0.404727280408144,0.404727280408144,1.0,-0.040194923173636196,-0.045249910838901994,-0.035018148552626374,0.002592190925437369,0.60375,,,1,False,True,0,0.0,0.0,0.0,0.0,0.5,,,1,False,True,0
A,posterior_mean_shrunk,cell,A,500,beta_rare_excellent_T500_cap64,beta_rare_excellent,64,10055000,phi_k16_noT200,learned,1,1,2000,1,True,True,0.16812616000883282,0.16320890076458455,0.17321549504995346,0.0025647865036097883,0.3587983154375106,0.12219719503819942,0.04592896497063339,64.0,0.12449799196787148,30.131,0.0,0.024541668,0.0475,433.952,65.44,0.5269244754463435,0.404727280408144,0.404727280408144,1.0,-0.040194923173636196,-0.045249910838901994,-0.035018148552626374,0.002592190925437369,0.60375,,,1,False,True,0,0.0,0.0,0.0,0.0,0.5,,,1,False,True,0
A,posterior_mean_shrunk,cell,A,500,beta_rare_excellent_T500_cap64,beta_rare_excellent,64,10055000,phi_k16_noambig,learned,1,1,2000,1,True,True,0.16812616000883282,0.16320890076458455,0.17321549504995346,0.0025647865036097883,0.3587983154375106,0.12219719503819942,0.04592896497063339,64.0,0.12449799196787148,30.131,0.0,0.024541668,0.0475,435.984,64.008,0.5269244754463435,0.404727280408144,0.404727280408144,1.0,-0.040194923173636196,-0.045249910838901994,-0.035018148552626374,0.002592190925437369,0.60375,,,1,False,True,0,0.0,0.0,0.0,0.0,0.5,,,1,False,True,0
A,posterior_mean_shrunk,cell,A,500,beta_rare_excellent_T500_cap64,beta_rare_excellent,64,10055000,phi_k16_nopolicy,learned,1,1,2000,1,True,True,0.16812616000883282,0.16320890076458455,0.17321549504995346,0.0025647865036097883,0.3587983154375106,0.12219719503819942,0.04592896497063339,64.0,0.12449799196787148,30.131,0.0,0.024541668,0.0475,433.808,64.144,0.5269244754463435,0.404727280408144,0.404727280408144,1.0,-0.040194923173636196,-0.045249910838901994,-0.035018148552626374,0.002592190925437369,0.60375,,,1,False,True,0,0.0,0.0,0.0,0.0,0.5,,,1,False,True,0
A,posterior_mean_shrunk,cell,A,500,beta_rare_excellent_T500_cap64,beta_rare_excellent,64,10055000,phi_k16_notrunc,learned,1,1,2000,1,True,True,0.16812616000883282,0.16320890076458455,0.17321549504995346,0.0025647865036097883,0.3587983154375106,0.12219719503819942,0.04592896497063339,64.0,0.12449799196787148,30.131,0.0,0.024541668,0.0475,436.0,64.0,0.5269244754463435,0.404727280408144,0.404727280408144,1.0,-0.040194923173636196,-0.045249910838901994,-0.035018148552626374,0.002592190925437369,0.60375,,,1,False,True,0,0.0,0.0,0.0,0.0,0.5,,,1,False,True,0
A,posterior_mean_shrunk,cell,A,500,beta_rare_excellent_T500_cap64,beta_rare_excellent,64,10055000,phi_k16_onpolicy_only,learned,1,1,2000,1,True,True,0.16812616000883282,0.16320890076458455,0.17321549504995346,0.0025647865036097883,0.3587983154375106,0.12219719503819942,0.04592896497063339,64.0,0.12449799196787148,30.131,0.0,0.024541668,0.0475,290.823,64.0,0.5269244754463435,0.404727280408144,0.404727280408144,1.0,-0.040194923173636196,-0.045249910838901994,-0.035018148552626374,0.002592190925437369,0.60375,,,1,False,True,0,0.0,0.0,0.0,0.0,0.5,,,1,False,True,0
A,posterior_mean_shrunk,cell,A,500,beta_rare_excellent_T500_cap64,beta_rare_excellent,64,10055000,phi_k16_onpolicy_union,learned,1,1,2000,1,True,True,0.16812616000883282,0.16320890076458455,0.17321549504995346,0.0025647865036097883,0.3587983154375106,0.12219719503819942,0.04592896497063339,64.0,0.12449799196787148,30.131,0.0,0.024541668,0.0475,435.384,64.432,0.5269244754463435,0.404727280408144,0.404727280408144,1.0,-0.040194923173636196,-0.045249910838901994,-0.035018148552626374,0.002592190925437369,0.60375,,,1,False,True,0,0.0,0.0,0.0,0.0,0.5,,,1,False,True,0
A,posterior_mean_shrunk,cell,A,500,beta_rare_excellent_T500_cap64,beta_rare_excellent,64,10055000,phi_k16_perstep,learned,1,1,2000,1,True,True,0.16812616000883282,0.16320890076458455,0.17321549504995346,0.0025647865036097883,0.3587983154375106,0.12219719503819942,0.04592896497063339,64.0,0.12449799196787148,30.131,0.0,0.024541668,0.0475,434.335,65.3325,0.5269244754463435,0.404727280408144,0.404727280408144,1.0,-0.040194923173636196,-0.045249910838901994,-0.035018148552626374,0.002592190925437369,0.60375,,,1,False,True,0,0.0,0.0,0.0,0.0,0.5,,,1,False,True,0
A,posterior_mean_shrunk,cell,A,500,beta_rare_excellent_T500_cap64,beta_rare_excellent,64,10055000,phi_k16_quality,learned,1,1,2000,1,True,True,0.16812616000883282,0.16320890076458455,0.17321549504995346,0.0025647865036097883,0.3587983154375106,0.12219719503819942,0.04592896497063339,64.0,0.12449799196787148,30.131,0.0,0.024541668,0.0475,431.92,67.688,0.5269244754463435,0.404727280408144,0.404727280408144,1.0,-0.040194923173636196,-0.045249910838901994,-0.035018148552626374,0.002592190925437369,0.60375,,,1,False,True,0,0.0,0.0,0.0,0.0,0.5,,,1,False,True,0
A,posterior_mean_shrunk,cell,A,500,beta_rare_excellent_T500_cap64,beta_rare_excellent,64,10055000,phi_k16_tau05,learned,1,1,2000,1,True,True,0.16812616000883282,0.16320890076458455,0.17321549504995346,0.0025647865036097883,0.3587983154375106,0.12219719503819942,0.04592896497063339,64.0,0.12449799196787148,30.131,0.0,0.024541668,0.0475,429.232,70.32,0.5269244754463435,0.404727280408144,0.404727280408144,1.0,-0.040194923173636196,-0.045249910838901994,-0.035018148552626374,0.002592190925437369,0.60375,,,1,False,True,0,0.0,0.0,0.0,0.0,0.5,,,1,False,True,0
A,posterior_mean_shrunk,cell,A,500,beta_rare_excellent_T500_cap64,beta_rare_excellent,64,10055000,phi_k16_weighted,learned,1,1,2000,1,True,True,0.16812616000883282,0.16320890076458455,0.17321549504995346,0.0025647865036097883,0.3587983154375106,0.12219719503819942,0.04592896497063339,64.0,0.12449799196787148,30.131,0.0,0.024541668,0.0475,408.328,88.6,0.5269244754463435,0.404727280408144,0.404727280408144,1.0,-0.040194923173636196,-0.045249910838901994,-0.035018148552626374,0.002592190925437369,0.60375,,,1,False,True,0,0.0,0.0,0.0,0.0,0.5,,,1,False,True,0
A,posterior_mean_shrunk,cell,A,500,beta_rare_excellent_T500_cap64,beta_rare_excellent,64,10055000,phi_k4,learned,1,1,2000,1,True,True,0.16812616000883282,0.16320890076458455,0.17321549504995346,0.0025647865036097883,0.3587983154375106,0.12219719503819942,0.04592896497063339,64.0,0.12449799196787148,30.131,0.0,0.024541668,0.0475,436.0,64.0,0.5269244754463435,0.404727280408144,0.404727280408144,1.0,-0.040194923173636196,-0.045249910838901994,-0.035018148552626374,0.002592190925437369,0.60375,,,1,False,True,0,0.0,0.0,0.0,0.0,0.5,,,1,False,True,0
A,posterior_mean_shrunk,cell,A,500,beta_rare_excellent_T500_cap64,beta_rare_excellent,64,10055000,phi_reservoir_rule,learned,1,1,2000,1,True,True,0.17042697777412832,0.16535259112715722,0.17552669830620288,0.002575356997347465,0.3564974976722151,0.12958592665940524,0.04084105111472309,59.583,0.1156285140562249,32.58,0.0,0.02707254,0.072,6.009,107.53542731921111,0.5269244754463435,0.404727280408144,0.3973385487869382,0.6845,-0.03789410540834069,-0.042753000371158124,-0.033100996352732184,0.002475036713891314,0.60275,,,1,False,True,0,0.0023008177652955055,9.040933146025057e-05,0.0044983588275499635,0.001113680692083615,0.5,,,1,False,True,0
A,posterior_mean_shrunk,cell,A,500,beta_rare_excellent_T500_cap64,beta_rare_excellent,64,10055000,phi_sf_k16,learned,1,1,2000,1,True,True,0.16812616000883282,0.16320890076458455,0.17321549504995346,0.0025647865036097883,0.3587983154375106,0.12219719503819942,0.04592896497063339,64.0,0.12449799196787148,30.131,0.0,0.024541668,0.0475,435.208,64.432,0.5269244754463435,0.404727280408144,0.404727280408144,1.0,-0.040194923173636196,-0.045249910838901994,-0.035018148552626374,0.002592190925437369,0.60375,,,1,False,True,0,0.0,0.0,0.0,0.0,0.5,,,1,False,True,0
A,posterior_mean_shrunk,cell,A,500,beta_rare_excellent_T500_cap64,beta_rare_excellent,64,10055000,phi_sf_k16_noT1000,learned,1,1,2000,1,True,True,0.16812616000883282,0.16320890076458455,0.17321549504995346,0.0025647865036097883,0.3587983154375106,0.12219719503819942,0.04592896497063339,64.0,0.12449799196787148,30.131,0.0,0.024541668,0.0475,413.856,84.336,0.5269244754463435,0.404727280408144,0.404727280408144,1.0,-0.040194923173636196,-0.045249910838901994,-0.035018148552626374,0.002592190925437369,0.60375,,,1,False,True,0,0.0,0.0,0.0,0.0,0.5,,,1,False,True,0
A,posterior_mean_shrunk,cell,A,500,beta_rare_excellent_T500_cap64,beta_rare_excellent,64,10055000,power_a0.25,baseline,1,1,2000,1,True,True,0.16812616000883282,0.16320890076458455,0.17321549504995346,0.0025647865036097883,0.3587983154375106,0.12219719503819942,0.04592896497063339,64.0,0.12449799196787148,30.131,0.0,0.024541668,0.0475,,67.0,0.5269244754463435,0.404727280408144,0.404727280408144,1.0,-0.040194923173636196,-0.045249910838901994,-0.035018148552626374,0.002592190925437369,0.60375,,,1,False,True,0,0.0,0.0,0.0,0.0,0.5,,,1,False,True,0
A,posterior_mean_shrunk,cell,A,500,beta_rare_excellent_T500_cap64,beta_rare_excellent,64,10055000,power_a0.33,baseline,1,1,2000,1,True,True,0.16812616000883282,0.16320890076458455,0.17321549504995346,0.0025647865036097883,0.3587983154375106,0.12219719503819942,0.04592896497063339,64.0,0.12449799196787148,30.131,0.0,0.024541668,0.0475,,68.0,0.5269244754463435,0.404727280408144,0.404727280408144,1.0,-0.040194923173636196,-0.045249910838901994,-0.035018148552626374,0.002592190925437369,0.60375,,,1,False,True,0,0.0,0.0,0.0,0.0,0.5,,,1,False,True,0
A,posterior_mean_shrunk,cell,A,500,beta_rare_excellent_T500_cap64,beta_rare_excellent,64,10055000,power_a0.5,baseline,1,1,2000,1,True,True,0.16812616000883282,0.16320890076458455,0.17321549504995346,0.0025647865036097883,0.3587983154375106,0.12219719503819942,0.04592896497063339,64.0,0.12449799196787148,30.131,0.0,0.024541668,0.0475,,69.0,0.5269244754463435,0.404727280408144,0.404727280408144,1.0,-0.040194923173636196,-0.045249910838901994,-0.035018148552626374,0.002592190925437369,0.60375,,,1,False,True,0,0.0,0.0,0.0,0.0,0.5,,,1,False,True,0
A,posterior_mean_shrunk,cell,A,500,beta_rare_excellent_T500_cap64,beta_rare_excellent,64,10055000,power_a0.67,baseline,1,1,2000,1,True,True,0.16812616000883282,0.16320890076458455,0.17321549504995346,0.0025647865036097883,0.3587983154375106,0.12219719503819942,0.04592896497063339,64.0,0.12449799196787148,30.131,0.0,0.024541668,0.0475,,70.0,0.5269244754463435,0.404727280408144,0.404727280408144,1.0,-0.040194923173636196,-0.045249910838901994,-0.035018148552626374,0.002592190925437369,0.60375,,,1,False,True,0,0.0,0.0,0.0,0.0,0.5,,,1,False,True,0
A,posterior_mean_shrunk,cell,A,500,beta_rare_excellent_T500_cap64,beta_rare_excellent,64,10055000,refine_after_init,baseline,1,1,2000,1,True,True,0.27784636011905967,0.2725874349474907,0.2829077936708927,0.0026258752130009183,0.24907811532728374,0.2720711236316711,0.005775236487388611,8.0,0.01204819277108434,160.173,0.0,0.24154682000000002,0.6945,,,0.5269244754463435,0.404727280408144,0.25485335181467234,0.0,0.06952527693659068,0.06504582967609167,0.07403341084718704,0.0022849412553838976,0.27675,,,1,False,True,0,0.10972020011022687,0.10387238804250956,0.1155938521027565,0.002994919482263407,0.21925,,,1,False,True,0
A,posterior_mean_shrunk,cell,A,500,beta_rare_excellent_T500_cap64,beta_rare_excellent,64,10055000,rule_reservoir,rule,1,1,2000,1,True,True,0.17409550760500134,0.16900966987013816,0.17907974533736706,0.0025490286041096495,0.3528289678413421,0.13842130511254072,0.03567420249246061,48.537,0.09344779116465864,45.3395,0.0,0.041799284,0.25,2.1485,166.08229426433914,0.5269244754463435,0.404727280408144,0.3885031703338027,0.2005,-0.03422557557746768,-0.038690890185534954,-0.029717275360599163,0.0022786097411532655,0.601,,,1,False,True,0,0.005969347596168518,0.0029419341473840184,0.008999519981443882,0.00152754546128181,0.48775,,,1,False,True,0
A,posterior_mean_shrunk,cell,A,500,beta_rare_excellent_T500_cap64,beta_rare_excellent,64,10055000,uniform,baseline,1,1,2000,1,True,True,0.16812616000883282,0.16320890076458455,0.17321549504995346,0.0025647865036097883,0.3587983154375106,0.12219719503819942,0.04592896497063339,64.0,0.12449799196787148,30.131,0.0,0.024541504,0.0475,,125.7995,0.5269244754463435,0.404727280408144,0.404727280408144,1.0,-0.040194923173636196,-0.045249910838901994,-0.035018148552626374,0.002592190925437369,0.60375,,,1,False,True,0,0.0,0.0,0.0,0.0,0.5,,,1,False,True,0
A,posterior_mean_shrunk,cell,A,50,beta_rare_excellent_T50_cap64,beta_rare_excellent,64,10046000,always_search,baseline,1,1,2000,1,True,True,0.20502783123352855,0.19963787384331227,0.21029298678040503,0.0027183373603770614,0.18181533853760629,0.0,0.20502783123352855,50.0,1.0,1.0,50.0,0.02000000000000001,0.0,,,0.38684316977113486,0.38684316977113486,0.38684316977113486,0.0,0.016033515890085254,0.00938077843748033,0.02249267087318003,0.0033365780439193887,0.45525,,,1,False,True,0,0.039016716690384784,0.032375264540314676,0.04548701448366046,0.003340812661234992,0.40125,,,1,False,True,0
A,posterior_mean_shrunk,cell,A,50,beta_rare_excellent_T50_cap64,beta_rare_excellent,64,10046000,cp0,reference,1,1,2000,1,True,True,0.1889943153434433,0.18370628207921982,0.19432639554142953,0.002709091391531924,0.19784885442769154,0.1538833611533046,0.035110954190138724,6.0,0.08333333333333331,10.7935,0.0,0.182226,0.0,,,0.38684316977113486,0.38684316977113486,0.23295980861783028,0.0,0.0,0.0,0.0,0.0,0.5,,,1,False,True,0,0.022983200800299527,0.016747920121997596,0.029145812196657062,0.003153554187062912,0.44625000000000004,,,1,False,True,0
A,posterior_mean_shrunk,cell,A,50,beta_rare_excellent_T50_cap64,beta_rare_excellent,64,10046000,fixed_K16,baseline,1,1,2000,1,True,True,0.1672542026595911,0.16193149015307426,0.1727281767874956,0.002752823766061365,0.21958896711154374,0.0779872973896563,0.08926690526993479,16.0,0.2916666666666667,4.129,0.0,0.0680368,0.0,,,0.38684316977113486,0.38684316977113486,0.30885587238147855,0.0,-0.021740112683852203,-0.02747933380305767,-0.015923465928062798,0.0029416769575438895,0.54875,,,1,False,True,0,0.001243088116447325,-0.00317873268504627,0.005578154558315873,0.0022501851313331683,0.49624999999999997,,,1,False,True,0
A,posterior_mean_shrunk,cell,A,50,beta_rare_excellent_T50_cap64,beta_rare_excellent,64,10046000,p3_star,reference,1,1,2000,1,True,True,0.16601111454314377,0.1607323784381151,0.17133990861475468,0.0027541108041667195,0.22083205522799107,0.058786916017532345,0.10722419852561142,21.0,0.39583333333333326,3.447,0.096,0.052060800000000004,0.0,,,0.38684316977113486,0.38684316977113486,0.3280562537536025,0.0,-0.022983200800299527,-0.029145812196657062,-0.0167479201219976,0.003153554187062912,0.55375,,,1,False,True,0,0.0,0.0,0.0,0.0,0.5,,,1,False,True,0
A,posterior_mean_shrunk,cell,A,50,beta_rare_excellent_T50_cap64,beta_rare_excellent,64,10046000,phi_k1,learned,1,1,2000,1,True,True,0.1661100597721379,0.16086415238678456,0.17128818817436695,0.002663783906591202,0.22073310999899695,0.02537194871157408,0.14073811106056383,34.4815,0.6766979166666667,2.6135,23.2575,0.036572,0.0,0.0,,0.38684316977113486,0.38684316977113486,0.36147122105956075,0.0,-0.0228842555713054,-0.02950890795327723,-0.016262048576027158,0.003356729976412848,0.55075,,,1,False,True,0,9.89452289941255e-05,-0.005091987771447747,0.005227319838013499,0.002655697744292646,0.49324999999999997,,,1,False,True,0
A,posterior_mean_shrunk,cell,A,50,beta_rare_excellent_T50_cap64,beta_rare_excellent,64,10046000,phi_k16,learned,1,1,2000,1,True,True,0.17000595311458164,0.16479157619178295,0.17516970746219157,0.0026805176713201543,0.2168372166565532,0.02196761529147625,0.14803833782310538,35.936,0.7069999999999999,2.338,25.4635,0.0346452,0.0,0.0,,0.38684316977113486,0.38684316977113486,0.3648755544796586,0.0,-0.01898836222886166,-0.025474169338122007,-0.012411792972125114,0.0033126210069647994,0.539,,,1,False,True,0,0.003994838571437867,-0.0011897045071236787,0.009108891803771255,0.002630259344281027,0.48175,,,1,False,True,0
A,posterior_mean_shrunk,cell,A,50,beta_rare_excellent_T50_cap64,beta_rare_excellent,64,10046000,phi_k16_all71,learned,1,1,2000,1,True,True,0.1699295891002839,0.16469223760068416,0.1751012235879898,0.0026798525788088116,0.21691358067085093,0.022076618634164335,0.1478529704661196,35.912,0.7064999999999999,2.341,25.4275,0.034690000000000006,0.0,0.0,,0.38684316977113486,0.38684316977113486,0.36476655113697054,0.0,-0.019064726243159386,-0.02555387197062373,-0.012496990803629161,0.0033122224832309926,0.5395,,,1,False,True,0,0.003918474557140144,-0.0012435246811946842,0.009040508535690606,0.002631425639339703,0.482,,,1,False,True,0
A,posterior_mean_shrunk,cell,A,50,beta_rare_excellent_T50_cap64,beta_rare_excellent,64,10046000,phi_k16_clock,learned,1,1,2000,1,True,True,0.1654915505806275,0.16009006574749945,0.17075708992779254,0.0026943151330985613,0.22135161919050733,0.02659439092129469,0.13889715965933283,34.0,0.6666666666666665,2.585,22.1955,0.036790800000000005,0.0,0.0,,0.38684316977113486,0.38684316977113486,0.3602487788498402,0.0,-0.023502764762815785,-0.030061485338956116,-0.01701206685975195,0.003328326610565199,0.552,,,1,False,True,0,-0.0005195639625162584,-0.005576925817877053,0.00453996908618137,0.0025952487400714634,0.4965,,,1,False,True,0
A,posterior_mean_shrunk,cell,A,50,beta_rare_excellent_T50_cap64,beta_rare_excellent,64,10046000,phi_k16_cs,learned,1,1,2000,1,True,True,0.17000595311458164,0.16479157619178295,0.17516970746219157,0.0026805176713201543,0.2168372166565532,0.02196761529147625,0.14803833782310538,35.936,0.7069999999999999,2.338,25.4635,0.0346452,0.0,0.0,,0.38684316977113486,0.38684316977113486,0.3648755544796586,0.0,-0.01898836222886166,-0.025474169338122007,-0.012411792972125114,0.0033126210069647994,0.539,,,1,False,True,0,0.003994838571437867,-0.0011897045071236787,0.009108891803771255,0.002630259344281027,0.48175,,,1,False,True,0
A,posterior_mean_shrunk,cell,A,50,beta_rare_excellent_T50_cap64,beta_rare_excellent,64,10046000,phi_k16_famA_only,learned,1,1,2000,1,True,True,0.1638331294125237,0.1584716819226742,0.16911638341844082,0.0027123363913178836,0.22301004035861116,0.04572763830423355,0.11810549110829015,25.64,0.4925,3.3375,9.984,0.0501768,0.0,0.0,,0.38684316977113486,0.38684316977113486,0.3411155314669013,0.0,-0.0251611859309196,-0.031417814642190935,-0.01886343383230269,0.0032304735694897798,0.5525,,,1,False,True,0,-0.0021779851306200724,-0.00681812815601006,0.002421608992153778,0.002375813976000353,0.503,,,1,False,True,0
A,posterior_mean_shrunk,cell,A,50,beta_rare_excellent_T50_cap64,beta_rare_excellent,64,10046000,phi_k16_famB_only,learned,1,1,2000,1,True,True,0.17000595311458164,0.16479157619178295,0.17516970746219157,0.0026805176713201543,0.2168372166565532,0.0218834557980299,0.14812249731655175,35.952,0.7073333333333333,2.3375,25.4905,0.034624,0.0,0.0,,0.38684316977113486,0.38684316977113486,0.36495971397310495,0.0,-0.01898836222886166,-0.025474169338122007,-0.012411792972125114,0.0033126210069647994,0.539,,,1,False,True,0,0.003994838571437867,-0.0011897045071236787,0.009108891803771255,0.002630259344281027,0.48175,,,1,False,True,0
A,posterior_mean_shrunk,cell,A,50,beta_rare_excellent_T50_cap64,beta_rare_excellent,64,10046000,phi_k16_guard,learned,1,1,2000,1,True,True,0.16576643258018886,0.16037975586950778,0.1711485881358385,0.0027229779081489147,0.221076737190946,0.07442090845480562,0.09134552412538323,17.0,0.3125,3.958,0.001,0.06507080000000001,0.0,0.0,,0.38684316977113486,0.38684316977113486,0.3124222613163292,0.0,-0.023227882763254458,-0.028984619444236158,-0.017425924865528946,0.0029730614630778494,0.55325,,,1,False,True,0,-0.00024468196295492816,-0.00434910471085459,0.0038847772404551474,0.002119291747688482,0.501,,,1,False,True,0
A,posterior_mean_shrunk,cell,A,50,beta_rare_excellent_T50_cap64,beta_rare_excellent,64,10046000,phi_k16_hgb,learned,1,1,2000,1,True,True,0.1705765812170721,0.16516267955303193,0.17587207891047002,0.0026833391529921566,0.21626658855406278,0.01934833922982216,0.15122824198724993,37.44,0.7383333333333333,2.159,28.5875,0.03384480000000001,0.0,0.0,,0.38684316977113486,0.38684316977113486,0.3674948305413127,0.0,-0.018417734126371214,-0.02503981231711805,-0.011870972020551563,0.0033400812333481264,0.53825,,,1,False,True,0,0.004565466673928313,-0.0007624597637914111,0.009817054239101706,0.0027097381796982694,0.482,,,1,False,True,0
A,posterior_mean_shrunk,cell,A,50,beta_rare_excellent_T50_cap64,beta_rare_excellent,64,10046000,phi_k16_lucb,learned,1,1,2000,1,True,True,0.17000595311458164,0.16479157619178295,0.17516970746219157,0.0026805176713201543,0.2168372166565532,0.0218834557980299,0.14812249731655175,35.96,0.7074999999999999,2.3365,25.5035,0.0346148,0.0,0.0,,0.38684316977113486,0.38684316977113486,0.36495971397310495,0.0,-0.01898836222886166,-0.025474169338122007,-0.012411792972125114,0.0033126210069647994,0.539,,,1,False,True,0,0.003994838571437867,-0.0011897045071236787,0.009108891803771255,0.002630259344281027,0.48175,,,1,False,True,0
A,posterior_mean_shrunk,cell,A,50,beta_rare_excellent_T50_cap64,beta_rare_excellent,64,10046000,phi_k16_noT1000,learned,1,1,2000,1,True,True,0.18988285816340067,0.18450606279075146,0.19514965899288655,0.002737733325601826,0.1969603116077342,0.004502250969409942,0.18538060719399072,45.976,0.9161666666666666,1.489,43.6425,0.02488640000000001,0.0,0.0,,0.38684316977113486,0.38684316977113486,0.38234091880172494,0.0,0.0008885428199573653,-0.0056415631901472795,0.0073124731075949944,0.003305243058787758,0.49625,,,1,False,True,0,0.023871743620256892,0.01781211057677865,0.02978221666999161,0.003077684020557245,0.43875,,,1,False,True,0
A,posterior_mean_shrunk,cell,A,50,beta_rare_excellent_T50_cap64,beta_rare_excellent,64,10046000,phi_k16_noT200,learned,1,1,2000,1,True,True,0.17000595311458164,0.16479157619178295,0.17516970746219157,0.0026805176713201543,0.2168372166565532,0.0218834557980299,0.14812249731655175,35.96,0.7074999999999999,2.337,25.5045,0.034614400000000003,0.0,0.0,,0.38684316977113486,0.38684316977113486,0.36495971397310495,0.0,-0.01898836222886166,-0.025474169338122007,-0.012411792972125114,0.0033126210069647994,0.539,,,1,False,True,0,0.003994838571437867,-0.0011897045071236787,0.009108891803771255,0.002630259344281027,0.48175,,,1,False,True,0
A,posterior_mean_shrunk,cell,A,50,beta_rare_excellent_T50_cap64,beta_rare_excellent,64,10046000,phi_k16_noambig,learned,1,1,2000,1,True,True,0.17853784491163968,0.1731081735342741,0.1837376903742552,0.0027061497928444565,0.20830532485949516,0.008825482606887817,0.16971236230475187,42.912,0.8523333333333333,1.8245,38.4595,0.02824880000000001,0.0,0.0,,0.38684316977113486,0.38684316977113486,0.37801768716424705,0.0,-0.01045647043180361,-0.017032498493790627,-0.004095656750723724,0.0033434581123643467,0.5245,,,1,False,True,0,0.01252673036849592,0.006706791080068797,0.018077885871753095,0.0029199822354763387,0.46575,,,1,False,True,0
A,posterior_mean_shrunk,cell,A,50,beta_rare_excellent_T50_cap64,beta_rare_excellent,64,10046000,phi_k16_nopolicy,learned,1,1,2000,1,True,True,0.16572851784991507,0.16042676828801633,0.17105630300939084,0.002727094754392469,0.22111465192121976,0.054420735035091636,0.11130778281482344,22.984,0.43716666666666665,3.531,6.638,0.054328,0.0,0.0,,0.38684316977113486,0.38684316977113486,0.3324224347360432,0.0,-0.023265797493528226,-0.02937886477448046,-0.017155270790681243,0.0031232040908267446,0.5527500000000001,,,1,False,True,0,-0.0002825966932286974,-0.004382571112364531,0.003816960478434337,0.0021093063472390483,0.50125,,,1,False,True,0
A,posterior_mean_shrunk,cell,A,50,beta_rare_excellent_T50_cap64,beta_rare_excellent,64,10046000,phi_k16_notrunc,learned,1,1,2000,1,True,True,0.16926174210212774,0.1639258459210396,0.17447815611958503,0.0027200915423121557,0.2175814276690071,0.027949397198855877,0.14131234490327188,33.12,0.6483333333333332,2.553,20.4,0.03783280000000001,0.0,0.0,,0.38684316977113486,0.38684316977113486,0.358893772572279,0.0,-0.01973257324131555,-0.026164437038823957,-0.01330434274859727,0.0032997641979906137,0.538,,,1,False,True,0,0.0032506275589839788,-0.0018219230900285764,0.008355763414874673,0.002606130597307797,0.48724999999999996,,,1,False,True,0
A,posterior_mean_shrunk,cell,A,50,beta_rare_excellent_T50_cap64,beta_rare_excellent,64,10046000,phi_k16_onpolicy_only,learned,1,1,2000,1,True,True,0.16588120926221017,0.1605432763695717,0.17104225531220435,0.0026557533746501814,0.22096196050892467,0.022606169074773787,0.1432750401874364,35.592,0.6998333333333333,2.4885,25.244,0.035401600000000005,0.0,0.0,,0.38684316977113486,0.38684316977113486,0.36423700069636106,0.0,-0.023113106081233126,-0.0296987512614578,-0.016482828371226794,0.0033349782821772787,0.551,,,1,False,True,0,-0.00012990528093359899,-0.005321892781648785,0.004940495640039444,0.0026259569523415013,0.493,,,1,False,True,0
A,posterior_mean_shrunk,cell,A,50,beta_rare_excellent_T50_cap64,beta_rare_excellent,64,10046000,phi_k16_onpolicy_union,learned,1,1,2000,1,True,True,0.17055151771772945,0.16522379070520402,0.17579654715955256,0.002689147550221043,0.21629165205340542,0.015690334841609,0.15486118287612044,39.128,0.7734999999999999,2.162,31.6515,0.03196320000000001,0.0,0.0,,0.38684316977113486,0.38684316977113486,0.37115283492952583,0.0,-0.018442797625713866,-0.0249478951562196,-0.011974520608782768,0.0033243318180190672,0.54125,,,1,False,True,0,0.004540403174585663,-0.0008529976228601288,0.009736933559179303,0.0027435927406204465,0.48250000000000004,,,1,False,True,0
A,posterior_mean_shrunk,cell,A,50,beta_rare_excellent_T50_cap64,beta_rare_excellent,64,10046000,phi_k16_perstep,learned,1,1,2000,1,True,True,0.15875311898831568,0.15365095399320125,0.16378664113581182,0.0025884233581662036,0.22809005078281916,0.011872990392148494,0.1468801285961672,41.13,0.8152083333333334,2.529,35.936,0.0307188,0.0,0.0,,0.38684316977113486,0.38684316977113486,0.37497017937898636,0.0,-0.030241196355127613,-0.03683281820267439,-0.023714680690318346,0.003377621335994914,0.5702499999999999,,,1,False,True,0,-0.007257995554828085,-0.012906912108883261,-0.0018561189906904497,0.0028460471751794014,0.51225,,,1,False,True,0
A,posterior_mean_shrunk,cell,A,50,beta_rare_excellent_T50_cap64,beta_rare_excellent,64,10046000,phi_k16_quality,learned,1,1,2000,1,True,True,0.1701430231757986,0.1648781832307577,0.17533546462655067,0.002680478227842102,0.21670014659533626,0.022744041070342065,0.14739898210545652,35.512,0.6981666666666665,2.3615,24.6425,0.03502480000000001,0.0,0.0,,0.38684316977113486,0.38684316977113486,0.3640991287007928,0.0,-0.018851292167644716,-0.02536941906437278,-0.012336744624190033,0.0033050537404750607,0.53675,,,1,False,True,0,0.004131908632654813,-0.0010759743192465965,0.009235158353112637,0.002623534929732841,0.483,,,1,False,True,0
A,posterior_mean_shrunk,cell,A,50,beta_rare_excellent_T50_cap64,beta_rare_excellent,64,10046000,phi_k16_tau05,learned,1,1,2000,1,True,True,0.17000595311458164,0.16479157619178295,0.17516970746219157,0.0026805176713201543,0.2168372166565532,0.02196761529147625,0.14803833782310538,35.936,0.7069999999999999,2.338,25.4635,0.0346452,0.0,0.0,,0.38684316977113486,0.38684316977113486,0.3648755544796586,0.0,-0.01898836222886166,-0.025474169338122007,-0.012411792972125114,0.0033126210069647994,0.539,,,1,False,True,0,0.003994838571437867,-0.0011897045071236787,0.009108891803771255,0.002630259344281027,0.48175,,,1,False,True,0
A,posterior_mean_shrunk,cell,A,50,beta_rare_excellent_T50_cap64,beta_rare_excellent,64,10046000,phi_k16_weighted,learned,1,1,2000,1,True,True,0.17401482428361487,0.16869161687791348,0.1793247539550066,0.002705172288864156,0.21282834548751997,0.015690334841609,0.15832448944200586,39.144,0.7738333333333333,2.0625,31.3415,0.031583200000000006,0.0,0.0,,0.38684316977113486,0.38684316977113486,0.37115283492952583,0.0,-0.014979491059828433,-0.021499273274093865,-0.008513240888714793,0.0033008808180239463,0.52825,,,1,False,True,0,0.008003709740471095,0.0026594524562824524,0.013359127170406281,0.002762274037364551,0.47375,,,1,False,True,0
A,posterior_mean_shrunk,cell,A,50,beta_rare_excellent_T50_cap64,beta_rare_excellent,64,10046000,phi_k4,learned,1,1,2000,1,True,True,0.1645011189030338,0.15926427133381366,0.16969835087656976,0.0026712302442964816,0.22234205086810108,0.021830715961754323,0.14267040294127947,35.78,0.70375,2.6095,25.812,0.035497200000000007,0.0,0.0,,0.38684316977113486,0.38684316977113486,0.3650124538093805,0.0,-0.02449319644040952,-0.031177942315116523,-0.017923199851065875,0.003364396130532616,0.55475,,,1,False,True,0,-0.0015099956401099916,-0.006743783084675669,0.0037074332125484923,0.0026631165154411478,0.49675,,,1,False,True,0
A,posterior_mean_shrunk,cell,A,50,beta_rare_excellent_T50_cap64,beta_rare_excellent,64,10046000,phi_reservoir_rule,learned,1,1,2000,1,True,True,0.16563529615801234,0.1603138953447342,0.1709164295345545,0.0026964622652368387,0.2212078736131225,0.026078599847853184,0.13955669631015916,34.272,0.6723333333333332,2.5705,22.764,0.0366264,0.0,0.0,,0.38684316977113486,0.38684316977113486,0.36076456992328165,0.0,-0.023359019185430954,-0.029889621632173652,-0.01687677670270205,0.003333399188220198,0.553,,,1,False,True,0,-0.0003758183851314243,-0.005445410613901912,0.004688565060496329,0.002590397847493337,0.494,,,1,False,True,0
A,posterior_mean_shrunk,cell,A,50,beta_rare_excellent_T50_cap64,beta_rare_excellent,64,10046000,phi_sf_k16,learned,1,1,2000,1,True,True,0.17000595311458164,0.16479157619178295,0.17516970746219157,0.0026805176713201543,0.2168372166565532,0.0218834557980299,0.14812249731655175,35.976,0.7078333333333332,2.3355,25.5305,0.03458800000000001,0.0,0.0,,0.38684316977113486,0.38684316977113486,0.36495971397310495,0.0,-0.01898836222886166,-0.025474169338122007,-0.012411792972125114,0.0033126210069647994,0.539,,,1,False,True,0,0.003994838571437867,-0.0011897045071236787,0.009108891803771255,0.002630259344281027,0.48175,,,1,False,True,0
A,posterior_mean_shrunk,cell,A,50,beta_rare_excellent_T50_cap64,beta_rare_excellent,64,10046000,phi_sf_k16_noT1000,learned,1,1,2000,1,True,True,0.17155297858185076,0.1662753142416477,0.17680771350860597,0.0026865581661191,0.21529019118928408,0.02212031810730696,0.14943266047454382,35.824,0.7046666666666666,2.156,24.754,0.0343096,0.0,0.0,,0.38684316977113486,0.38684316977113486,0.3647228516638279,0.0,-0.017441336761592537,-0.023997287778183815,-0.010983231943100693,0.0033215144685176936,0.53375,,,1,False,True,0,0.00554186403870699,0.00035789577887044335,0.010660181613638997,0.0026355979166303015,0.47875,,,1,False,True,0
A,posterior_mean_shrunk,cell,A,50,beta_rare_excellent_T50_cap64,beta_rare_excellent,64,10046000,power_a0.25,baseline,1,1,2000,1,True,True,0.16601111454314377,0.1607323784381151,0.17133990861475468,0.0027541108041667195,0.22083205522799107,0.058786916017532345,0.10722419852561142,21.0,0.39583333333333326,3.447,0.096,0.052060800000000004,0.0,,,0.38684316977113486,0.38684316977113486,0.3280562537536025,0.0,-0.022983200800299527,-0.029145812196657062,-0.0167479201219976,0.003153554187062912,0.55375,,,1,False,True,0,0.0,0.0,0.0,0.0,0.5,,,1,False,True,0
A,posterior_mean_shrunk,cell,A,50,beta_rare_excellent_T50_cap64,beta_rare_excellent,64,10046000,power_a0.33,baseline,1,1,2000,1,True,True,0.16731034440652,0.16199846155941486,0.17261282876133918,0.0027212678455935616,0.21953282536461483,0.05219927481561899,0.11511106959090102,23.0,0.4375,3.008,1.5785,0.0470936,0.0,,,0.38684316977113486,0.38684316977113486,0.3346438949555159,0.0,-0.02168397093692329,-0.027863321313634514,-0.015498667606152596,0.00321074993685107,0.553,,,1,False,True,0,0.0012992298633762403,-0.0017748543905327088,0.0044107345049269496,0.0015740012518331832,0.49624999999999997,,,1,False,True,0
A,posterior_mean_shrunk,cell,A,50,beta_rare_excellent_T50_cap64,beta_rare_excellent,64,10046000,power_a0.5,baseline,1,1,2000,1,True,True,0.1652321276146249,0.1599119409918785,0.17050135433673858,0.0027507622290771023,0.22161104215650995,0.058786916017532345,0.10644521159709257,21.0,0.39583333333333326,3.4655,0.0965,0.0520912,0.0,,,0.38684316977113486,0.38684316977113486,0.3280562537536025,0.0,-0.023762187728818388,-0.02991245971061289,-0.017584007186815142,0.0031479173916865084,0.55675,,,1,False,True,0,-0.0007789869285188616,-0.0016949374636169522,6.691032867820417e-05,0.00045002930960907125,0.50225,,,1,False,True,0
A,posterior_mean_shrunk,cell,A,50,beta_rare_excellent_T50_cap64,beta_rare_excellent,64,10046000,power_a0.67,baseline,1,1,2000,1,True,True,0.16937705180312332,0.16409397386014463,0.1746363490819931,0.0026959915403605727,0.21746611796801152,0.04740352018177509,0.12197353162134823,25.0,0.4791666666666668,2.55,4.09,0.043736399999999995,0.0,,,0.38684316977113486,0.38684316977113486,0.33943964958935974,0.0,-0.019617263540319983,-0.025864560017362235,-0.013369517074897886,0.0032189334668221575,0.55,,,1,False,True,0,0.003365937259979546,-0.00043055453206761624,0.0071300869807600946,0.0019478396471327795,0.49224999999999997,,,1,False,True,0
A,posterior_mean_shrunk,cell,A,50,beta_rare_excellent_T50_cap64,beta_rare_excellent,64,10046000,refine_after_init,baseline,1,1,2000,1,True,True,0.17730248561839107,0.17202082164585591,0.18266177438199518,0.0027103294990014006,0.20954068415274377,0.13058060180395842,0.04672188381443266,8.0,0.125,8.577,0.0,0.1379788,0.001,,,0.38684316977113486,0.38684316977113486,0.25626256796717645,0.0,-0.01169182972505223,-0.015485872235149144,-0.00810713660903275,0.0018711297645047972,0.5267499999999999,,,1,False,True,0,0.011291371075247298,0.0052905645454302454,0.017088304553180934,0.0030169012262238394,0.47950000000000004,,,1,False,True,0
A,posterior_mean_shrunk,cell,A,50,beta_rare_excellent_T50_cap64,beta_rare_excellent,64,10046000,rule_reservoir,rule,1,1,2000,1,True,True,0.1670184359834093,0.1617263328284025,0.17226520031690598,0.002724479521477652,0.21982473378772557,0.08051134587824345,0.08650709010516584,15.51,0.28145833333333337,5.1065,1.278,0.08099,0.0025,0.0,,0.38684316977113486,0.38684316977113486,0.30633182389289143,0.0,-0.021975879360034013,-0.027653032634407278,-0.016331703495234252,0.002874137098384665,0.549,,,1,False,True,0,0.001007321440265514,-0.0037572343891952185,0.005843903392087667,0.0024712974805165913,0.5015000000000001,,,1,False,True,0
A,posterior_mean_shrunk,cell,A,50,beta_rare_excellent_T50_cap64,beta_rare_excellent,64,10046000,uniform,baseline,1,1,2000,1,True,True,0.17084995079350482,0.1655276522040367,0.17612471096217633,0.0027282756767843114,0.21599321897763002,0.04549788899719715,0.12535206179630767,26.091,0.5018958333333333,2.573,7.9225,0.0446472,0.0,,,0.38684316977113486,0.38684316977113486,0.3413452807739377,0.0,-0.018144364549938473,-0.024390930449590086,-0.011882949015125632,0.0031877429925438747,0.54125,,,1,False,True,0,0.004838836250361055,0.0007494623816455717,0.008869116753339765,0.0020798886154261894,0.48775,,,1,False,True,0
A,posterior_mean_shrunk,cell,A,1000,beta_skewed_T1000_cap64,beta_skewed,64,10073000,always_search,baseline,1,1,2000,1,True,True,0.1857293607890606,0.18067105375230313,0.19071406535804272,0.00260523002003941,0.6853174166679382,0.18045524799823762,0.005274112790822983,64.0,0.062124248496993974,250.387,0.0,0.14164033699999998,16.175,,64.0,0.8710467774569989,0.6905915294587612,0.6905915294587612,1.0,-0.07986854412406683,-0.08508932627737523,-0.07476994208991528,0.0026191157002501747,0.711,,,1,False,True,0,0.0,0.0,0.0,0.0,0.5,,,1,False,True,0
A,posterior_mean_shrunk,cell,A,1000,beta_skewed_T1000_cap64,beta_skewed,64,10073000,cp0,reference,1,1,2000,1,True,True,0.2655979049131274,0.2596349447965622,0.2714873984456062,0.003064207897423997,0.6054488725438714,0.26200925205647946,0.003588652856647968,28.6695,0.02672294589178356,331.1285,0.0,0.22702998800000002,12.39,,,0.8710467774569989,0.6905915294587612,0.6090375254005194,0.0,0.0,0.0,0.0,0.0,0.5,,,1,False,True,0,0.07986854412406683,0.07476994208991528,0.08508932627737523,0.0026191157002501747,0.28900000000000003,,,1,False,True,0
A,posterior_mean_shrunk,cell,A,1000,beta_skewed_T1000_cap64,beta_skewed,64,10073000,fixed_K16,baseline,1,1,2000,1,True,True,0.347259612929076,0.3402117043733597,0.3538917675614357,0.003533345834989385,0.5237871645279228,0.34512421598657966,0.0021353969424962997,16.0,0.014028056112224454,450.218,0.0,0.34661303,6.2815,,,0.8710467774569989,0.6905915294587612,0.5259225614704192,0.0,0.08166170801594853,0.07615929879248143,0.08739620596170425,0.0028718374120268414,0.299,,,1,False,True,0,0.16153025214001537,0.15453781969845296,0.16833139434456826,0.003496194949032302,0.16225,,,1,False,True,0
A,posterior_mean_shrunk,cell,A,1000,beta_skewed_T1000_cap64,beta_skewed,64,10073000,p3_star,reference,1,1,2000,1,True,True,0.1857293607890606,0.18067105375230313,0.19071406535804272,0.00260523002003941,0.6853174166679382,0.18045524799823762,0.005274112790822983,64.0,0.062124248496993974,250.3645,0.0,0.141605552,16.2035,,272.0,0.8710467774569989,0.6905915294587612,0.6905915294587612,1.0,-0.07986854412406683,-0.08508932627737523,-0.07476994208991528,0.0026191157002501747,0.711,,,1,False,True,0,0.0,0.0,0.0,0.0,0.5,,,1,False,True,0
A,posterior_mean_shrunk,cell,A,1000,beta_skewed_T1000_cap64,beta_skewed,64,10073000,phi_k1,learned,1,1,2000,1,True,True,0.1857293607890606,0.18067105375230313,0.19071406535804272,0.00260523002003941,0.6853174166679382,0.18045524799823762,0.005274112790822983,64.0,0.062124248496993974,250.387,0.0,0.14164033699999998,16.175,936.0,64.0,0.8710467774569989,0.6905915294587612,0.6905915294587612,1.0,-0.07986854412406683,-0.08508932627737523,-0.07476994208991528,0.0026191157002501747,0.711,,,1,False,True,0,0.0,0.0,0.0,0.0,0.5,,,1,False,True,0
A,posterior_mean_shrunk,cell,A,1000,beta_skewed_T1000_cap64,beta_skewed,64,10073000,phi_k16,learned,1,1,2000,1,True,True,0.1857293607890606,0.18067105375230313,0.19071406535804272,0.00260523002003941,0.6853174166679382,0.18045524799823762,0.005274112790822983,64.0,0.062124248496993974,250.387,0.0,0.14164033699999998,16.175,935.976,64.0,0.8710467774569989,0.6905915294587612,0.6905915294587612,1.0,-0.07986854412406683,-0.08508932627737523,-0.07476994208991528,0.0026191157002501747,0.711,,,1,False,True,0,0.0,0.0,0.0,0.0,0.5,,,1,False,True,0
A,posterior_mean_shrunk,cell,A,1000,beta_skewed_T1000_cap64,beta_skewed,64,10073000,phi_k16_all71,learned,1,1,2000,1,True,True,0.1857293607890606,0.18067105375230313,0.19071406535804272,0.00260523002003941,0.6853174166679382,0.18045524799823762,0.005274112790822983,64.0,0.062124248496993974,250.387,0.0,0.14164033699999998,16.175,934.766,64.0,0.8710467774569989,0.6905915294587612,0.6905915294587612,1.0,-0.07986854412406683,-0.08508932627737523,-0.07476994208991528,0.0026191157002501747,0.711,,,1,False,True,0,0.0,0.0,0.0,0.0,0.5,,,1,False,True,0
A,posterior_mean_shrunk,cell,A,1000,beta_skewed_T1000_cap64,beta_skewed,64,10073000,phi_k16_clock,learned,1,1,2000,1,True,True,0.1857293607890606,0.18067105375230313,0.19071406535804272,0.00260523002003941,0.6853174166679382,0.18045524799823762,0.005274112790822983,64.0,0.062124248496993974,250.387,0.0,0.14164033699999998,16.175,936.0,64.0,0.8710467774569989,0.6905915294587612,0.6905915294587612,1.0,-0.07986854412406683,-0.08508932627737523,-0.07476994208991528,0.0026191157002501747,0.711,,,1,False,True,0,0.0,0.0,0.0,0.0,0.5,,,1,False,True,0
A,posterior_mean_shrunk,cell,A,1000,beta_skewed_T1000_cap64,beta_skewed,64,10073000,phi_k16_cs,learned,1,1,2000,1,True,True,0.1857293607890606,0.18067105375230313,0.19071406535804272,0.00260523002003941,0.6853174166679382,0.18045524799823762,0.005274112790822983,64.0,0.062124248496993974,250.387,0.0,0.14164033699999998,16.175,935.976,64.0,0.8710467774569989,0.6905915294587612,0.6905915294587612,1.0,-0.07986854412406683,-0.08508932627737523,-0.07476994208991528,0.0026191157002501747,0.711,,,1,False,True,0,0.0,0.0,0.0,0.0,0.5,,,1,False,True,0
A,posterior_mean_shrunk,cell,A,1000,beta_skewed_T1000_cap64,beta_skewed,64,10073000,phi_k16_famA_only,learned,1,1,2000,1,True,True,0.1857293607890606,0.18067105375230313,0.19071406535804272,0.00260523002003941,0.6853174166679382,0.18045524799823762,0.005274112790822983,64.0,0.062124248496993974,250.387,0.0,0.14164033699999998,16.175,897.646,69.008,0.8710467774569989,0.6905915294587612,0.6905915294587612,1.0,-0.07986854412406683,-0.08508932627737523,-0.07476994208991528,0.0026191157002501747,0.711,,,1,False,True,0,0.0,0.0,0.0,0.0,0.5,,,1,False,True,0
A,posterior_mean_shrunk,cell,A,1000,beta_skewed_T1000_cap64,beta_skewed,64,10073000,phi_k16_famB_only,learned,1,1,2000,1,True,True,0.1857293607890606,0.18067105375230313,0.19071406535804272,0.00260523002003941,0.6853174166679382,0.18045524799823762,0.005274112790822983,64.0,0.062124248496993974,250.387,0.0,0.14164033699999998,16.175,935.976,64.0,0.8710467774569989,0.6905915294587612,0.6905915294587612,1.0,-0.07986854412406683,-0.08508932627737523,-0.07476994208991528,0.0026191157002501747,0.711,,,1,False,True,0,0.0,0.0,0.0,0.0,0.5,,,1,False,True,0
A,posterior_mean_shrunk,cell,A,1000,beta_skewed_T1000_cap64,beta_skewed,64,10073000,phi_k16_guard,learned,1,1,2000,1,True,True,0.1857293607890606,0.18067105375230313,0.19071406535804272,0.00260523002003941,0.6853174166679382,0.18045524799823762,0.005274112790822983,64.0,0.062124248496993974,250.387,0.0,0.14164033699999998,16.175,806.976,64.0,0.8710467774569989,0.6905915294587612,0.6905915294587612,1.0,-0.07986854412406683,-0.08508932627737523,-0.07476994208991528,0.0026191157002501747,0.711,,,1,False,True,0,0.0,0.0,0.0,0.0,0.5,,,1,False,True,0
A,posterior_mean_shrunk,cell,A,1000,beta_skewed_T1000_cap64,beta_skewed,64,10073000,phi_k16_hgb,learned,1,1,2000,1,True,True,0.1857293607890606,0.18067105375230313,0.19071406535804272,0.00260523002003941,0.6853174166679382,0.18045524799823762,0.005274112790822983,64.0,0.062124248496993974,250.387,0.0,0.14164033699999998,16.175,932.636,64.0,0.8710467774569989,0.6905915294587612,0.6905915294587612,1.0,-0.07986854412406683,-0.08508932627737523,-0.07476994208991528,0.0026191157002501747,0.711,,,1,False,True,0,0.0,0.0,0.0,0.0,0.5,,,1,False,True,0
A,posterior_mean_shrunk,cell,A,1000,beta_skewed_T1000_cap64,beta_skewed,64,10073000,phi_k16_lucb,learned,1,1,2000,1,True,True,0.1857293607890606,0.18067105375230313,0.19071406535804272,0.00260523002003941,0.6853174166679382,0.18045524799823762,0.005274112790822983,64.0,0.062124248496993974,250.387,0.0,0.14164033699999998,16.175,930.448,67.704,0.8710467774569989,0.6905915294587612,0.6905915294587612,1.0,-0.07986854412406683,-0.08508932627737523,-0.07476994208991528,0.0026191157002501747,0.711,,,1,False,True,0,0.0,0.0,0.0,0.0,0.5,,,1,False,True,0
A,posterior_mean_shrunk,cell,A,1000,beta_skewed_T1000_cap64,beta_skewed,64,10073000,phi_k16_noT1000,learned,1,1,2000,1,True,True,0.1857293607890606,0.18067105375230313,0.19071406535804272,0.00260523002003941,0.6853174166679382,0.18045524799823762,0.005274112790822983,64.0,0.062124248496993974,250.387,0.0,0.14164033699999998,16.175,936.0,64.0,0.8710467774569989,0.6905915294587612,0.6905915294587612,1.0,-0.07986854412406683,-0.08508932627737523,-0.07476994208991528,0.0026191157002501747,0.711,,,1,False,True,0,0.0,0.0,0.0,0.0,0.5,,,1,False,True,0
A,posterior_mean_shrunk,cell,A,1000,beta_skewed_T1000_cap64,beta_skewed,64,10073000,phi_k16_noT200,learned,1,1,2000,1,True,True,0.1857293607890606,0.18067105375230313,0.19071406535804272,0.00260523002003941,0.6853174166679382,0.18045524799823762,0.005274112790822983,64.0,0.062124248496993974,250.387,0.0,0.14164033699999998,16.175,936.0,64.0,0.8710467774569989,0.6905915294587612,0.6905915294587612,1.0,-0.07986854412406683,-0.08508932627737523,-0.07476994208991528,0.0026191157002501747,0.711,,,1,False,True,0,0.0,0.0,0.0,0.0,0.5,,,1,False,True,0
A,posterior_mean_shrunk,cell,A,1000,beta_skewed_T1000_cap64,beta_skewed,64,10073000,phi_k16_noambig,learned,1,1,2000,1,True,True,0.1857293607890606,0.18067105375230313,0.19071406535804272,0.00260523002003941,0.6853174166679382,0.18045524799823762,0.005274112790822983,64.0,0.062124248496993974,250.387,0.0,0.14164033699999998,16.175,936.0,64.0,0.8710467774569989,0.6905915294587612,0.6905915294587612,1.0,-0.07986854412406683,-0.08508932627737523,-0.07476994208991528,0.0026191157002501747,0.711,,,1,False,True,0,0.0,0.0,0.0,0.0,0.5,,,1,False,True,0
A,posterior_mean_shrunk,cell,A,1000,beta_skewed_T1000_cap64,beta_skewed,64,10073000,phi_k16_nopolicy,learned,1,1,2000,1,True,True,0.1857293607890606,0.18067105375230313,0.19071406535804272,0.00260523002003941,0.6853174166679382,0.18045524799823762,0.005274112790822983,64.0,0.062124248496993974,250.387,0.0,0.14164033699999998,16.175,936.0,64.0,0.8710467774569989,0.6905915294587612,0.6905915294587612,1.0,-0.07986854412406683,-0.08508932627737523,-0.07476994208991528,0.0026191157002501747,0.711,,,1,False,True,0,0.0,0.0,0.0,0.0,0.5,,,1,False,True,0
A,posterior_mean_shrunk,cell,A,1000,beta_skewed_T1000_cap64,beta_skewed,64,10073000,phi_k16_notrunc,learned,1,1,2000,1,True,True,0.1857293607890606,0.18067105375230313,0.19071406535804272,0.00260523002003941,0.6853174166679382,0.18045524799823762,0.005274112790822983,64.0,0.062124248496993974,250.387,0.0,0.14164033699999998,16.175,936.0,64.0,0.8710467774569989,0.6905915294587612,0.6905915294587612,1.0,-0.07986854412406683,-0.08508932627737523,-0.07476994208991528,0.0026191157002501747,0.711,,,1,False,True,0,0.0,0.0,0.0,0.0,0.5,,,1,False,True,0
A,posterior_mean_shrunk,cell,A,1000,beta_skewed_T1000_cap64,beta_skewed,64,10073000,phi_k16_onpolicy_only,learned,1,1,2000,1,True,True,0.1899299016445875,0.18447129130363465,0.19517343901097775,0.002736254204843217,0.6811168758124113,0.18468610386550427,0.005243797779083252,63.163,0.061285571142284556,255.2795,0.0085,0.147608559,15.8315,464.412,65.53269133299544,0.8710467774569989,0.6905915294587612,0.6863606735914946,0.9865,-0.07566800326853991,-0.08121801409870386,-0.07011723257601261,0.002786542338629005,0.7032499999999999,,,1,False,True,0,0.0042005408555269245,0.002450802701059729,0.00613116844324395,0.0009410140555930558,0.49425,,,1,False,True,0
A,posterior_mean_shrunk,cell,A,1000,beta_skewed_T1000_cap64,beta_skewed,64,10073000,phi_k16_onpolicy_union,learned,1,1,2000,1,True,True,0.1857293607890606,0.18067105375230313,0.19071406535804272,0.00260523002003941,0.6853174166679382,0.18045524799823762,0.005274112790822983,64.0,0.062124248496993974,250.387,0.0,0.14164033699999998,16.175,936.0,64.0,0.8710467774569989,0.6905915294587612,0.6905915294587612,1.0,-0.07986854412406683,-0.08508932627737523,-0.07476994208991528,0.0026191157002501747,0.711,,,1,False,True,0,0.0,0.0,0.0,0.0,0.5,,,1,False,True,0
A,posterior_mean_shrunk,cell,A,1000,beta_skewed_T1000_cap64,beta_skewed,64,10073000,phi_k16_perstep,learned,1,1,2000,1,True,True,0.1857293607890606,0.18067105375230313,0.19071406535804272,0.00260523002003941,0.6853174166679382,0.18045524799823762,0.005274112790822983,64.0,0.062124248496993974,250.387,0.0,0.14164033699999998,16.175,935.988,64.011,0.8710467774569989,0.6905915294587612,0.6905915294587612,1.0,-0.07986854412406683,-0.08508932627737523,-0.07476994208991528,0.0026191157002501747,0.711,,,1,False,True,0,0.0,0.0,0.0,0.0,0.5,,,1,False,True,0
A,posterior_mean_shrunk,cell,A,1000,beta_skewed_T1000_cap64,beta_skewed,64,10073000,phi_k16_quality,learned,1,1,2000,1,True,True,0.1857293607890606,0.18067105375230313,0.19071406535804272,0.00260523002003941,0.6853174166679382,0.18045524799823762,0.005274112790822983,64.0,0.062124248496993974,250.387,0.0,0.14164033699999998,16.175,936.0,64.0,0.8710467774569989,0.6905915294587612,0.6905915294587612,1.0,-0.07986854412406683,-0.08508932627737523,-0.07476994208991528,0.0026191157002501747,0.711,,,1,False,True,0,0.0,0.0,0.0,0.0,0.5,,,1,False,True,0
A,posterior_mean_shrunk,cell,A,1000,beta_skewed_T1000_cap64,beta_skewed,64,10073000,phi_k16_tau05,learned,1,1,2000,1,True,True,0.1857293607890606,0.18067105375230313,0.19071406535804272,0.00260523002003941,0.6853174166679382,0.18045524799823762,0.005274112790822983,64.0,0.062124248496993974,250.387,0.0,0.14164033699999998,16.175,935.976,64.0,0.8710467774569989,0.6905915294587612,0.6905915294587612,1.0,-0.07986854412406683,-0.08508932627737523,-0.07476994208991528,0.0026191157002501747,0.711,,,1,False,True,0,0.0,0.0,0.0,0.0,0.5,,,1,False,True,0
A,posterior_mean_shrunk,cell,A,1000,beta_skewed_T1000_cap64,beta_skewed,64,10073000,phi_k16_weighted,learned,1,1,2000,1,True,True,0.1857293607890606,0.18067105375230313,0.19071406535804272,0.00260523002003941,0.6853174166679382,0.18045524799823762,0.005274112790822983,64.0,0.062124248496993974,250.387,0.0,0.14164033699999998,16.175,920.64,76.376,0.8710467774569989,0.6905915294587612,0.6905915294587612,1.0,-0.07986854412406683,-0.08508932627737523,-0.07476994208991528,0.0026191157002501747,0.711,,,1,False,True,0,0.0,0.0,0.0,0.0,0.5,,,1,False,True,0
A,posterior_mean_shrunk,cell,A,1000,beta_skewed_T1000_cap64,beta_skewed,64,10073000,phi_k4,learned,1,1,2000,1,True,True,0.1857293607890606,0.18067105375230313,0.19071406535804272,0.00260523002003941,0.6853174166679382,0.18045524799823762,0.005274112790822983,64.0,0.062124248496993974,250.387,0.0,0.14164033699999998,16.175,936.0,64.0,0.8710467774569989,0.6905915294587612,0.6905915294587612,1.0,-0.07986854412406683,-0.08508932627737523,-0.07476994208991528,0.0026191157002501747,0.711,,,1,False,True,0,0.0,0.0,0.0,0.0,0.5,,,1,False,True,0
A,posterior_mean_shrunk,cell,A,1000,beta_skewed_T1000_cap64,beta_skewed,64,10073000,phi_reservoir_rule,learned,1,1,2000,1,True,True,0.1857293607890606,0.18067105375230313,0.19071406535804272,0.00260523002003941,0.6853174166679382,0.18045524799823762,0.005274112790822983,64.0,0.062124248496993974,250.387,0.0,0.14164033699999998,16.175,625.272,76.216,0.8710467774569989,0.6905915294587612,0.6905915294587612,1.0,-0.07986854412406683,-0.08508932627737523,-0.07476994208991528,0.0026191157002501747,0.711,,,1,False,True,0,0.0,0.0,0.0,0.0,0.5,,,1,False,True,0
A,posterior_mean_shrunk,cell,A,1000,beta_skewed_T1000_cap64,beta_skewed,64,10073000,phi_sf_k16,learned,1,1,2000,1,True,True,0.1857293607890606,0.18067105375230313,0.19071406535804272,0.00260523002003941,0.6853174166679382,0.18045524799823762,0.005274112790822983,64.0,0.062124248496993974,250.387,0.0,0.14164033699999998,16.175,935.488,64.392,0.8710467774569989,0.6905915294587612,0.6905915294587612,1.0,-0.07986854412406683,-0.08508932627737523,-0.07476994208991528,0.0026191157002501747,0.711,,,1,False,True,0,0.0,0.0,0.0,0.0,0.5,,,1,False,True,0
A,posterior_mean_shrunk,cell,A,1000,beta_skewed_T1000_cap64,beta_skewed,64,10073000,phi_sf_k16_noT1000,learned,1,1,2000,1,True,True,0.1857293607890606,0.18067105375230313,0.19071406535804272,0.00260523002003941,0.6853174166679382,0.18045524799823762,0.005274112790822983,64.0,0.062124248496993974,250.387,0.0,0.14164033699999998,16.175,911.234,85.92,0.8710467774569989,0.6905915294587612,0.6905915294587612,1.0,-0.07986854412406683,-0.08508932627737523,-0.07476994208991528,0.0026191157002501747,0.711,,,1,False,True,0,0.0,0.0,0.0,0.0,0.5,,,1,False,True,0
A,posterior_mean_shrunk,cell,A,1000,beta_skewed_T1000_cap64,beta_skewed,64,10073000,power_a0.25,baseline,1,1,2000,1,True,True,0.1857293607890606,0.18067105375230313,0.19071406535804272,0.00260523002003941,0.6853174166679382,0.18045524799823762,0.005274112790822983,64.0,0.062124248496993974,250.3645,0.0,0.141605552,16.2035,,272.0,0.8710467774569989,0.6905915294587612,0.6905915294587612,1.0,-0.07986854412406683,-0.08508932627737523,-0.07476994208991528,0.0026191157002501747,0.711,,,1,False,True,0,0.0,0.0,0.0,0.0,0.5,,,1,False,True,0
A,posterior_mean_shrunk,cell,A,1000,beta_skewed_T1000_cap64,beta_skewed,64,10073000,power_a0.33,baseline,1,1,2000,1,True,True,0.18573042672872545,0.18067718334496022,0.1907147280871868,0.0026050164554226513,0.6853163507282733,0.18045524799823762,0.005275178730487823,64.0,0.062124248496993974,249.752,0.0,0.140825748,16.4555,,393.0,0.8710467774569989,0.6905915294587612,0.6905915294587612,1.0,-0.07986747818440199,-0.08508815485984086,-0.07475802414119244,0.0026191415076795978,0.711,,,1,False,True,0,1.0659396648406983e-06,-1.5412151697091758e-05,1.9521505237207748e-05,8.424894364627646e-06,0.50025,,,1,False,True,0
A,posterior_mean_shrunk,cell,A,1000,beta_skewed_T1000_cap64,beta_skewed,64,10073000,power_a0.5,baseline,1,1,2000,1,True,True,0.1857293607890606,0.18067105375230313,0.19071406535804272,0.00260523002003941,0.6853174166679382,0.18045524799823762,0.005274112790822983,64.0,0.062124248496993974,250.387,0.0,0.14164033699999998,16.175,,87.0,0.8710467774569989,0.6905915294587612,0.6905915294587612,1.0,-0.07986854412406683,-0.08508932627737523,-0.07476994208991528,0.0026191157002501747,0.711,,,1,False,True,0,0.0,0.0,0.0,0.0,0.5,,,1,False,True,0
A,posterior_mean_shrunk,cell,A,1000,beta_skewed_T1000_cap64,beta_skewed,64,10073000,power_a0.67,baseline,1,1,2000,1,True,True,0.1857963846921921,0.18069983161985875,0.19077803790569306,0.002605252769665852,0.6852503927648067,0.18045524799823762,0.0053411366939544675,64.0,0.062124248496993974,243.556,0.0,0.134038047,18.114,,480.0,0.8710467774569989,0.6905915294587612,0.6905915294587612,1.0,-0.07980152022093534,-0.08500776216387748,-0.07469788659363985,0.0026192464441069877,0.711,,,1,False,True,0,6.702390313148499e-05,-9.766803468664875e-05,0.0002338491347472881,8.453044728113335e-05,0.5,,,1,False,True,0
A,posterior_mean_shrunk,cell,A,1000,beta_skewed_T1000_cap64,beta_skewed,64,10073000,refine_after_init,baseline,1,1,2000,1,True,True,0.4458710093945265,0.4379430957138538,0.45376526936888695,0.0039521324209600365,0.42517576806247237,0.4443735624104738,0.001497446984052658,8.0,0.006012024048096194,539.026,0.0,0.449335391,3.4705,,,0.8710467774569989,0.6905915294587612,0.426673215046525,0.0,0.18027310448139905,0.17296409867703916,0.18793357275426387,0.0038573506495143154,0.154,,,1,False,True,0,0.2601416486054659,0.2519688330590725,0.2683295875787735,0.004157536441100157,0.08399999999999999,,,1,False,True,0
A,posterior_mean_shrunk,cell,A,1000,beta_skewed_T1000_cap64,beta_skewed,64,10073000,rule_reservoir,rule,1,1,2000,1,True,True,0.19683777733147145,0.1916187398135662,0.2018562823534012,0.0026326247820106195,0.6742090001255274,0.1922934401035309,0.0045443372279405595,54.3345,0.05243937875751502,299.33,0.0,0.184811287,15.449,8.8425,175.5475070555033,0.8710467774569989,0.6905915294587612,0.678753337353468,0.5315,-0.06876012758165598,-0.07361990194767713,-0.06396140903234482,0.0024673237981780323,0.6875,,,1,False,True,0,0.01110841654241085,0.009130958118475974,0.013169624912552535,0.0010228669001846242,0.4595,,,1,False,True,0
A,posterior_mean_shrunk,cell,A,1000,beta_skewed_T1000_cap64,beta_skewed,64,10073000,uniform,baseline,1,1,2000,1,True,True,0.1857293607890606,0.18067105375230313,0.19071406535804272,0.00260523002003941,0.6853174166679382,0.18045524799823762,0.005274112790822983,64.0,0.062124248496993974,250.358,0.0,0.141604585,16.1735,,126.1725,0.8710467774569989,0.6905915294587612,0.6905915294587612,1.0,-0.07986854412406683,-0.08508932627737523,-0.07476994208991528,0.0026191157002501747,0.711,,,1,False,True,0,0.0,0.0,0.0,0.0,0.5,,,1,False,True,0
A,posterior_mean_shrunk,cell,A,100,beta_skewed_T100_cap64,beta_skewed,64,10064000,always_search,baseline,1,1,2000,1,True,True,0.1668492763955146,0.15940756686031818,0.17421921640634536,0.003748154301798645,0.5628629896622152,0.040409052729606626,0.12644022366590799,64.0,0.6326530612244898,5.701,47.0515,0.025704700000000004,0.0,,64.0,0.7297122660577298,0.689303213328123,0.689303213328123,1.0,-0.13378692770306952,-0.1444095928221941,-0.12328501604497433,0.005383161002289263,0.6950000000000001,,,1,False,True,0,-0.02582980928942561,-0.034107206109911206,-0.017686527734622367,0.004198226377623977,0.54525,,,1,False,True,0
A,posterior_mean_shrunk,cell,A,100,beta_skewed_T100_cap64,beta_skewed,64,10064000,cp0,reference,1,1,2000,1,True,True,0.3006362040985841,0.292114045470953,0.30913624092936515,0.004379806858842417,0.4290760619591456,0.2788426033128053,0.021793600785778834,8.998,0.0714081632653061,21.914,0.0,0.15551310000000002,0.2335,,,0.7297122660577298,0.689303213328123,0.4508696627449244,0.0,0.0,0.0,0.0,0.0,0.5,,,1,False,True,0,0.10795711841364392,0.09867572113871574,0.1177838247269392,0.0048642911632850545,0.33825,,,1,False,True,0
A,posterior_mean_shrunk,cell,A,100,beta_skewed_T100_cap64,beta_skewed,64,10064000,fixed_K16,baseline,1,1,2000,1,True,True,0.24051901173824444,0.23236298076808454,0.24885618314146996,0.004157657057541683,0.4891932543194853,0.20034512661769985,0.04017388512054458,16.0,0.1428571428571428,15.623,0.0,0.0961785,0.046,,,0.7297122660577298,0.689303213328123,0.5293671394400299,0.0,-0.06011719236033969,-0.06691714450716972,-0.05330778723582626,0.003487350589833395,0.60775,,,1,False,True,0,0.04783992605330423,0.03966853516176343,0.05673984717577696,0.004326581114386407,0.42625,,,1,False,True,0
A,posterior_mean_shrunk,cell,A,100,beta_skewed_T100_cap64,beta_skewed,64,10064000,p3_star,reference,1,1,2000,1,True,True,0.19267908568494022,0.18489528708159925,0.20030941255390644,0.003907033830267793,0.5370331803727895,0.10290474601089955,0.08977433967404068,36.0,0.34693877551020413,7.5965,0.7,0.0386216,0.0,,,0.7297122660577298,0.689303213328123,0.6268075200468302,0.0,-0.10795711841364392,-0.1177838247269392,-0.09867572113871574,0.0048642911632850545,0.6617500000000001,,,1,False,True,0,0.0,0.0,0.0,0.0,0.5,,,1,False,True,0
A,posterior_mean_shrunk,cell,A,100,beta_skewed_T100_cap64,beta_skewed,64,10064000,phi_k1,learned,1,1,2000,1,True,True,0.16663123046047987,0.15914370007812978,0.17392113879323007,0.0037440778928548553,0.5630810355972499,0.040680156737565996,0.12595107372291386,63.4975,0.6275255102040816,5.7875,46.61,0.026297499999999998,0.0,17.5475,77.07993384785006,0.7297122660577298,0.689303213328123,0.6890321093201637,0.907,-0.13400497363810426,-0.14467490054666995,-0.12352018151432276,0.005369409104313847,0.6955,,,1,False,True,0,-0.02604785522446036,-0.034376361034810544,-0.017808171128854158,0.004205165701384738,0.54575,,,1,False,True,0
A,posterior_mean_shrunk,cell,A,100,beta_skewed_T100_cap64,beta_skewed,64,10064000,phi_k16,learned,1,1,2000,1,True,True,0.1748876676466316,0.16734256818890572,0.1824337288737297,0.003839503755751239,0.5548245984110981,0.05532592864334583,0.11956173900328576,54.469,0.5353979591836735,5.906,28.9065,0.0292822,0.0,2.678,87.00460829493088,0.7297122660577298,0.689303213328123,0.6743863374143839,0.434,-0.12574853645195253,-0.13618442825973034,-0.11539046410471201,0.005273298748021116,0.6839999999999999,,,1,False,True,0,-0.01779141803830862,-0.025263312458992004,-0.010261827684007586,0.00384708082931402,0.53025,,,1,False,True,0
A,posterior_mean_shrunk,cell,A,100,beta_skewed_T100_cap64,beta_skewed,64,10064000,phi_k16_all71,learned,1,1,2000,1,True,True,0.17576548869721592,0.1681213814765215,0.1833268653601408,0.0038419400452228995,0.5539467773605138,0.05285394901037216,0.12291153968684375,56.286,0.5539387755102041,5.7555,31.9825,0.0281827,0.0,2.789,88.36363636363636,0.7297122660577298,0.689303213328123,0.6768583170473575,0.506,-0.12487071540136821,-0.13534889593720437,-0.11441989596933126,0.005267990363043066,0.68425,,,1,False,True,0,-0.016913596987724305,-0.024432201450690624,-0.009248067205771806,0.003857598346494018,0.52875,,,1,False,True,0
A,posterior_mean_shrunk,cell,A,100,beta_skewed_T100_cap64,beta_skewed,64,10064000,phi_k16_clock,learned,1,1,2000,1,True,True,0.19198974436335264,0.1844160035252571,0.19968897588551043,0.003906517538529698,0.5377225216943771,0.10770405739545823,0.08428568696789443,34.0,0.32653061224489793,8.389,0.4185,0.0425828,0.0,0.0,,0.7297122660577298,0.689303213328123,0.6220082086622715,0.0,-0.10864645973523147,-0.11829105000942945,-0.09940208382904529,0.004789103614653443,0.6645000000000001,,,1,False,True,0,-0.0006893413215875626,-0.004048467543907463,0.0026879977318458245,0.0017041789228828645,0.50375,,,1,False,True,0
A,posterior_mean_shrunk,cell,A,100,beta_skewed_T100_cap64,beta_skewed,64,10064000,phi_k16_cs,learned,1,1,2000,1,True,True,0.17519650552235544,0.1676480680704117,0.18273973912000654,0.0038422193245993036,0.5545157605353743,0.055132451564073565,0.12006405395828187,54.496,0.5356734693877551,5.8985,28.938,0.029247500000000003,0.0,2.674,87.01268742791234,0.7297122660577298,0.689303213328123,0.6745798144936561,0.4335,-0.1254396985762287,-0.13582875728607177,-0.11516714114695788,0.005267050136892757,0.6839999999999999,,,1,False,True,0,-0.01748258016258478,-0.0250151087064296,-0.009949329053051773,0.0038454554284745386,0.5297499999999999,,,1,False,True,0
A,posterior_mean_shrunk,cell,A,100,beta_skewed_T100_cap64,beta_skewed,64,10064000,phi_k16_famA_only,learned,1,1,2000,1,True,True,0.18482251069322228,0.1773275826126337,0.1924281693994999,0.00385008286216317,0.5448897553645075,0.09230324976146222,0.09251926093176008,38.164,0.36902040816326537,7.6695,4.035,0.039617400000000004,0.0,0.0,,0.7297122660577298,0.689303213328123,0.6374090162962676,0.0,-0.11581369340536185,-0.12561799809336663,-0.10622743330895901,0.004899900239035033,0.6745,,,1,False,True,0,-0.007856574991717935,-0.013124142494052648,-0.002698250999674201,0.002667150367096234,0.51675,,,1,False,True,0
A,posterior_mean_shrunk,cell,A,100,beta_skewed_T100_cap64,beta_skewed,64,10064000,phi_k16_famB_only,learned,1,1,2000,1,True,True,0.17352647371403873,0.16599435396492482,0.18096088878810404,0.0038165037842378285,0.556185792343691,0.051527541637420654,0.12199893207661808,56.321,0.554295918367347,5.751,31.982,0.028272,0.0,3.325,89.59392789373814,0.7297122660577298,0.689303213328123,0.6781847244203091,0.527,-0.1271097303845454,-0.13762244991958142,-0.11691298894584179,0.005261219881476807,0.6865,,,1,False,True,0,-0.019152611970901488,-0.026810824079439043,-0.01163390118163079,0.0038839278430683123,0.53,,,1,False,True,0
A,posterior_mean_shrunk,cell,A,100,beta_skewed_T100_cap64,beta_skewed,64,10064000,phi_k16_guard,learned,1,1,2000,1,True,True,0.19184674188774078,0.1842367559671402,0.19965895749628543,0.003923209498603225,0.5378655241699889,0.11853950472176075,0.07330723716598005,30.5225,0.291045918367347,9.5215,0.128,0.049930999999999996,0.0,0.0,,0.7297122660577298,0.689303213328123,0.611172761335969,0.0,-0.10878946221084335,-0.1178525486961007,-0.0999096630141139,0.004592805756729811,0.66975,,,1,False,True,0,-0.000832343797199428,-0.005793240072671324,0.004200441564898936,0.002569874739163258,0.506,,,1,False,True,0
A,posterior_mean_shrunk,cell,A,100,beta_skewed_T100_cap64,beta_skewed,64,10064000,phi_k16_hgb,learned,1,1,2000,1,True,True,0.17178806262277066,0.16423584744334221,0.1791726231575012,0.0038094380862419863,0.5579242034349591,0.04384610728919506,0.1279419553335756,62.288,0.6151836734693878,5.494,42.893,0.025712600000000002,0.0,8.425,86.29036004645761,0.7297122660577298,0.689303213328123,0.6858661587685346,0.861,-0.12884814147581347,-0.1395043358206749,-0.11827458124607802,0.0053384113160378326,0.6864999999999999,,,1,False,True,0,-0.020891023062169552,-0.028800718998536465,-0.012953878263942897,0.0040602304525940245,0.53325,,,1,False,True,0
A,posterior_mean_shrunk,cell,A,100,beta_skewed_T100_cap64,beta_skewed,64,10064000,phi_k16_lucb,learned,1,1,2000,1,True,True,0.17371095261722802,0.1662302829325199,0.1810654506087303,0.0038101519056398616,0.5560013134405017,0.05119639572501183,0.1225145568922162,56.232,0.5533877551020409,5.789,31.9115,0.028590499999999998,0.0,3.76,89.06816059757236,0.7297122660577298,0.689303213328123,0.6785158703327179,0.5355,-0.1269252514813561,-0.1374049574136734,-0.11659434605389835,0.005281702624557751,0.685,,,1,False,True,0,-0.018968133067712188,-0.02665369906462729,-0.011464727693237371,0.003914345432616751,0.53125,,,1,False,True,0
A,posterior_mean_shrunk,cell,A,100,beta_skewed_T100_cap64,beta_skewed,64,10064000,phi_k16_noT1000,learned,1,1,2000,1,True,True,0.1715889517776668,0.16411068961024283,0.17892376333475113,0.0037843115879372616,0.5581233142800629,0.042012127205729485,0.1295768245719373,62.948,0.6219183673469388,5.474,44.2095,0.0253533,0.0,13.554,82.96004378763,0.7297122660577298,0.689303213328123,0.6877001388520002,0.9135,-0.12904725232091732,-0.1396430529654026,-0.1185840206220746,0.00534474500033126,0.6875,,,1,False,True,0,-0.021090133907273413,-0.02936839796602726,-0.012880504224449401,0.004193719247419649,0.5385,,,1,False,True,0
A,posterior_mean_shrunk,cell,A,100,beta_skewed_T100_cap64,beta_skewed,64,10064000,phi_k16_noT200,learned,1,1,2000,1,True,True,0.16978954750671982,0.16230788715183736,0.17713731676340103,0.00377114796689794,0.55992271855101,0.045239806815981866,0.12454974069073796,60.569,0.5976428571428571,5.684,40.3215,0.0268946,0.0,6.02,86.58947368421053,0.7297122660577298,0.689303213328123,0.6844724592417478,0.76,-0.1308466565918643,-0.14140969887375832,-0.12036519069224597,0.0053315879877369925,0.68975,,,1,False,True,0,-0.02288953817822039,-0.03080558460205793,-0.015048317657783633,0.004039636289212826,0.53825,,,1,False,True,0
A,posterior_mean_shrunk,cell,A,100,beta_skewed_T100_cap64,beta_skewed,64,10064000,phi_k16_noambig,learned,1,1,2000,1,True,True,0.16955526042357086,0.16200772747397424,0.1769964225590229,0.003788526479242231,0.5601570056341588,0.04089937260746956,0.12865588781610132,63.643,0.6290102040816328,5.5605,45.9895,0.0254885,0.0,15.298,80.69994853319609,0.7297122660577298,0.689303213328123,0.6888128934502602,0.9715,-0.13108094367501327,-0.1419066235423088,-0.12060313150286675,0.005383403755663247,0.6895,,,1,False,True,0,-0.023123825261369347,-0.0314484997652471,-0.014912407286465168,0.004187518187766297,0.542,,,1,False,True,0
A,posterior_mean_shrunk,cell,A,100,beta_skewed_T100_cap64,beta_skewed,64,10064000,phi_k16_nopolicy,learned,1,1,2000,1,True,True,0.18630392663925885,0.17878458462655544,0.1939252533018589,0.0038481850219266775,0.5434083394184709,0.09233571426570415,0.09396821237355471,38.945,0.3769897959183674,7.4325,4.9785,0.0382063,0.0,0.0,,0.7297122660577298,0.689303213328123,0.6373765517920256,0.0,-0.11433227745932527,-0.12402696795761585,-0.10488059110939503,0.004898148920816351,0.6685,,,1,False,True,0,-0.006375159045681357,-0.011601174063980578,-0.0013357429299503565,0.0026088333526413233,0.511,,,1,False,True,0
A,posterior_mean_shrunk,cell,A,100,beta_skewed_T100_cap64,beta_skewed,64,10064000,phi_k16_notrunc,learned,1,1,2000,1,True,True,0.17630687114037574,0.16871060840785504,0.18402597196400164,0.0038871344032816086,0.553405394917354,0.05867896893620491,0.11762790220417083,52.826,0.5186326530612243,5.9345,25.6865,0.029740900000000004,0.0,0.897,81.20463320463321,0.7297122660577298,0.689303213328123,0.6710332971215248,0.259,-0.1243293329582084,-0.13483289144933225,-0.1140044916421175,0.005301952386502779,0.6819999999999999,,,1,False,True,0,-0.016372214544564487,-0.024029427440837022,-0.008911157585680486,0.0038250857934329424,0.53025,,,1,False,True,0
A,posterior_mean_shrunk,cell,A,100,beta_skewed_T100_cap64,beta_skewed,64,10064000,phi_k16_onpolicy_only,learned,1,1,2000,1,True,True,0.16679686935432256,0.15929981656372547,0.17414434552192687,0.003746585453923192,0.5629153967034072,0.040591445863246915,0.12620542349107564,63.842,0.6310408163265306,5.7215,46.9095,0.025863499999999998,0.0,26.267,65.82278481012658,0.7297122660577298,0.689303213328123,0.6891208201944828,0.9875,-0.13383933474426157,-0.14447167590260507,-0.1232666090130806,0.005370409114862352,0.69475,,,1,False,True,0,-0.025882216330617665,-0.03427222054451704,-0.017683338653296233,0.00418763132691302,0.5447500000000001,,,1,False,True,0
A,posterior_mean_shrunk,cell,A,100,beta_skewed_T100_cap64,beta_skewed,64,10064000,phi_k16_onpolicy_union,learned,1,1,2000,1,True,True,0.16849737789854408,0.160941256955266,0.17580829598009587,0.0037687144004110744,0.5612148881591856,0.043632824525237084,0.12486455337330699,60.968,0.6017142857142858,5.7615,41.411,0.027249199999999998,0.0,7.66,85.55486670799752,0.7297122660577298,0.689303213328123,0.6860794415324927,0.8065,-0.13213882620004005,-0.1428687408566475,-0.12171890437602997,0.005356143609743007,0.6915,,,1,False,True,0,-0.024181707786396146,-0.0320434033870697,-0.016222512815147642,0.004051932032285641,0.5407500000000001,,,1,False,True,0
A,posterior_mean_shrunk,cell,A,100,beta_skewed_T100_cap64,beta_skewed,64,10064000,phi_k16_perstep,learned,1,1,2000,1,True,True,0.16580569128133357,0.1583350829780102,0.17302845679223539,0.0037458065929702198,0.5639065747763962,0.04581024034321308,0.11999545093812049,59.2395,0.584076530612245,6.1345,39.2105,0.0288905,0.0,9.101,78.19407638347623,0.7297122660577298,0.689303213328123,0.6839020257145166,0.6415,-0.13483051281725056,-0.14532540664076804,-0.1242829916998744,0.0053349135423999905,0.69925,,,1,False,True,0,-0.026873394403606653,-0.03494993848726153,-0.01882822611369193,0.0040697457166199245,0.5485,,,1,False,True,0
A,posterior_mean_shrunk,cell,A,100,beta_skewed_T100_cap64,beta_skewed,64,10064000,phi_k16_quality,learned,1,1,2000,1,True,True,0.17180422482825816,0.1641436718404293,0.17931152023375033,0.003791998136317618,0.5579080412294716,0.052294182449579237,0.11951004237867892,55.772,0.5486938775510204,5.993,31.7035,0.029410600000000002,0.0,4.014,87.15140525838622,0.7297122660577298,0.689303213328123,0.6774180836081505,0.5515,-0.12883197927032597,-0.1393072098493576,-0.11854128688573837,0.0052838627185218,0.688,,,1,False,True,0,-0.02087486085668206,-0.02858466482721269,-0.01321782332379371,0.00391100260417262,0.5349999999999999,,,1,False,True,0
A,posterior_mean_shrunk,cell,A,100,beta_skewed_T100_cap64,beta_skewed,64,10064000,phi_k16_tau05,learned,1,1,2000,1,True,True,0.1748876676466316,0.16734256818890572,0.1824337288737297,0.003839503755751239,0.5548245984110981,0.05532592864334583,0.11956173900328576,54.469,0.5353979591836735,5.906,28.9065,0.0292822,0.0,2.678,87.00460829493088,0.7297122660577298,0.689303213328123,0.6743863374143839,0.434,-0.12574853645195253,-0.13618442825973034,-0.11539046410471201,0.005273298748021116,0.6839999999999999,,,1,False,True,0,-0.01779141803830862,-0.025263312458992004,-0.010261827684007586,0.00384708082931402,0.53025,,,1,False,True,0
A,posterior_mean_shrunk,cell,A,100,beta_skewed_T100_cap64,beta_skewed,64,10064000,phi_k16_weighted,learned,1,1,2000,1,True,True,0.17797699420526625,0.17054221630096436,0.18543235063552857,0.0038074964338740314,0.5517352718524635,0.048611775606870654,0.1293652185983956,58.568,0.5772244897959184,5.267,34.5315,0.0259986,0.0,3.119,92.80851063829788,0.7297122660577298,0.689303213328123,0.6811004904508591,0.564,-0.1226592098933179,-0.13312935084104538,-0.11230016890913248,0.0052583458195966685,0.67825,,,1,False,True,0,-0.014702091479673982,-0.022528418712317942,-0.007051198114641011,0.003934280553791128,0.523,,,1,False,True,0
A,posterior_mean_shrunk,cell,A,100,beta_skewed_T100_cap64,beta_skewed,64,10064000,phi_k4,learned,1,1,2000,1,True,True,0.1648323683012277,0.1573498010635376,0.17211699038743972,0.003755043663913668,0.564879897756502,0.04110980391502381,0.12372256438620388,62.842,0.6208367346938776,5.933,45.949,0.027169799999999997,0.0,13.949,80.79951544518474,0.7297122660577298,0.689303213328123,0.6886024621427059,0.8255,-0.13580383579735644,-0.14628977328538895,-0.12512481063604355,0.005374757058651889,0.6960000000000001,,,1,False,True,0,-0.02784671738371253,-0.036177725344896314,-0.019650333747267726,0.004172190610871732,0.549,,,1,False,True,0
A,posterior_mean_shrunk,cell,A,100,beta_skewed_T100_cap64,beta_skewed,64,10064000,phi_reservoir_rule,learned,1,1,2000,1,True,True,0.18792549363337457,0.1803595472127199,0.19559265077114105,0.003924693745013739,0.5417867724243551,0.0945373841971159,0.09338810943625868,41.719,0.4052959183673469,7.2025,11.3745,0.0363947,0.0,0.02,80.0,0.7297122660577298,0.689303213328123,0.6351748818606138,0.01,-0.11271071046520956,-0.12218024469912052,-0.10309955645352603,0.004883121925306278,0.67075,,,1,False,True,0,-0.004753592051565647,-0.009289088612422345,-0.00010602765214571266,0.002305326474515329,0.5117499999999999,,,1,False,True,0
A,posterior_mean_shrunk,cell,A,100,beta_skewed_T100_cap64,beta_skewed,64,10064000,phi_sf_k16,learned,1,1,2000,1,True,True,0.1694613862670958,0.16205843202769757,0.17680321969091892,0.0037610065895572675,0.5602508797906339,0.041780234158039095,0.1276811521090567,62.92,0.6216326530612246,5.628,44.8355,0.0260524,0.0,7.521,84.73558215451578,0.7297122660577298,0.689303213328123,0.6879320318996907,0.919,-0.13117481783148832,-0.14195195250213147,-0.12052191551774741,0.005366583051262041,0.69075,,,1,False,True,0,-0.023217699417844413,-0.03145697060972452,-0.015041238884441557,0.004136618706875347,0.5395,,,1,False,True,0
A,posterior_mean_shrunk,cell,A,100,beta_skewed_T100_cap64,beta_skewed,64,10064000,phi_sf_k16_noT1000,learned,1,1,2000,1,True,True,0.17844819950871169,0.17086970284581185,0.1861376255750656,0.0038514368235897547,0.551264066549018,0.058208041414618494,0.1202401580940932,53.473,0.5252346938775511,5.797,26.5655,0.0290807,0.0,1.902,90.62433862433862,0.7297122660577298,0.689303213328123,0.6715042246431112,0.378,-0.12218800458987243,-0.13278932198882104,-0.11204155907034874,0.005247558106882988,0.6765000000000001,,,1,False,True,0,-0.014230886176228523,-0.02170637040399015,-0.0067092379205860204,0.0037691132607001617,0.5217499999999999,,,1,False,True,0
A,posterior_mean_shrunk,cell,A,100,beta_skewed_T100_cap64,beta_skewed,64,10064000,power_a0.25,baseline,1,1,2000,1,True,True,0.19215977052412928,0.18436477407813073,0.19990296848118305,0.0039481410907244024,0.5375524955336004,0.09411794908344745,0.09804182144068181,39.0,0.37755102040816324,6.7425,1.833,0.0343116,0.0,,,0.7297122660577298,0.689303213328123,0.6355943169742823,0.0,-0.10847643357445486,-0.1184136752039194,-0.0987762399017811,0.005056223229887523,0.664,,,1,False,True,0,-0.0005193151608109475,-0.005072749115061013,0.003976298321504144,0.002324409676297122,0.5,,,1,False,True,0
A,posterior_mean_shrunk,cell,A,100,beta_skewed_T100_cap64,beta_skewed,64,10064000,power_a0.33,baseline,1,1,2000,1,True,True,0.19267908568494022,0.18489528708159925,0.20030941255390644,0.003907033830267793,0.5370331803727895,0.10290474601089955,0.08977433967404068,36.0,0.34693877551020413,7.5965,0.7,0.0386216,0.0,,,0.7297122660577298,0.689303213328123,0.6268075200468302,0.0,-0.10795711841364392,-0.1177838247269392,-0.09867572113871574,0.0048642911632850545,0.6617500000000001,,,1,False,True,0,0.0,0.0,0.0,0.0,0.5,,,1,False,True,0
A,posterior_mean_shrunk,cell,A,100,beta_skewed_T100_cap64,beta_skewed,64,10064000,power_a0.5,baseline,1,1,2000,1,True,True,0.1941361286379397,0.1863798126578331,0.20197272524237633,0.003964476071911494,0.53557613741979,0.09613070777058601,0.09800542086735367,38.0,0.3673469387755102,6.897,1.281,0.0352524,0.0,,,0.7297122660577298,0.689303213328123,0.6335815582871437,0.0,-0.10650007546064444,-0.11626926250755787,-0.09686528816819191,0.00496462396088953,0.6615,,,1,False,True,0,0.0014570429529994727,-0.002079624793259426,0.005072652525268495,0.0018304179782529905,0.496,,,1,False,True,0
A,posterior_mean_shrunk,cell,A,100,beta_skewed_T100_cap64,beta_skewed,64,10064000,power_a0.67,baseline,1,1,2000,1,True,True,0.19521161589585245,0.18745606541633605,0.20302658081054686,0.0039365416642364644,0.5345006501618773,0.10290474601089955,0.0923068698849529,36.0,0.34693877551020413,7.315,0.7505,0.0379397,0.0,,,0.7297122660577298,0.689303213328123,0.6268075200468302,0.0,-0.10542458820273168,-0.11518836524337529,-0.09598018154501915,0.004878150616614334,0.6607500000000001,,,1,False,True,0,0.0025325302109122276,8.860275465849556e-05,0.00503653569612652,0.001235136197737634,0.4945,,,1,False,True,0
A,posterior_mean_shrunk,cell,A,100,beta_skewed_T100_cap64,beta_skewed,64,10064000,refine_after_init,baseline,1,1,2000,1,True,True,0.3155050885551609,0.3067971132695675,0.32409834340214727,0.004404697782938705,0.4142071775025688,0.29709387392550707,0.01841121462965384,8.0,0.06122448979591836,24.4065,0.0,0.1798841,0.214,,,0.7297122660577298,0.689303213328123,0.43261839213222264,0.0,0.014868884456576779,0.011442526988685132,0.018441480677574874,0.0018136797547477971,0.4745,,,1,False,True,0,0.12282600287022069,0.11328923031687736,0.13247482106089592,0.004930766764213027,0.31275,,,1,False,True,0
A,posterior_mean_shrunk,cell,A,100,beta_skewed_T100_cap64,beta_skewed,64,10064000,rule_reservoir,rule,1,1,2000,1,True,True,0.22085221527330579,0.21320549882948397,0.2287674929946661,0.003966657302521073,0.508860050784424,0.17298968867957593,0.04786252659372985,18.55,0.16887755102040816,15.1065,0.1185,0.09419920000000001,0.167,0.0,,0.7297122660577298,0.689303213328123,0.5567225773781538,0.0,-0.07978398882527836,-0.08743752297013999,-0.07208897210657597,0.003906444327674952,0.6365000000000001,,,1,False,True,0,0.028173129588365556,0.020824440615251665,0.03579953908920288,0.00377770563971307,0.457,,,1,False,True,0
A,posterior_mean_shrunk,cell,A,100,beta_skewed_T100_cap64,beta_skewed,64,10064000,uniform,baseline,1,1,2000,1,True,True,0.19315435744449497,0.1853610549122095,0.20098352022469043,0.003958490177784435,0.5365579086132347,0.06544201284646987,0.12771234459802508,51.083,0.5008469387755102,4.9775,20.616,0.0269728,0.001,,97.5,0.7297122660577298,0.689303213328123,0.6642702532112599,0.007,-0.10748184665408916,-0.11789984423667192,-0.0971534425392747,0.005244519753425638,0.65225,,,1,False,True,0,0.0004752717595547438,-0.006743883667513724,0.007662858685944224,0.0036526633558896003,0.49375,,,1,False,True,0
A,posterior_mean_shrunk,cell,A,200,beta_skewed_T200_cap64,beta_skewed,64,10067000,always_search,baseline,1,1,2000,1,True,True,0.15335274867713453,0.14680005759000778,0.15990169793367387,0.0033009605869650273,0.6282568951100111,0.09040332086384296,0.06294942781329155,64.0,0.31313131313131315,13.9655,0.322,0.027706050000000006,0.0085,,64.0,0.7816096437871456,0.6912063229233026,0.6912063229233026,1.0,-0.13203736886754633,-0.14077398255467413,-0.1232611209154129,0.00438930894859467,0.7165,,,1,False,True,0,0.0,0.0,0.0,0.0,0.5,,,1,False,True,0
A,posterior_mean_shrunk,cell,A,200,beta_skewed_T200_cap64,beta_skewed,64,10067000,cp0,reference,1,1,2000,1,True,True,0.28539011754468085,0.27778286039829253,0.2930176183581352,0.0038887127110445383,0.4962195262424648,0.268184722468257,0.017205395076423883,13.9395,0.06030050505050502,41.3905,0.0,0.133734675,1.032,,,0.7816096437871456,0.6912063229233026,0.5134249213188886,0.0,0.0,0.0,0.0,0.0,0.5,,,1,False,True,0,0.13203736886754633,0.1232611209154129,0.14077398255467413,0.00438930894859467,0.2835,,,1,False,True,0
A,posterior_mean_shrunk,cell,A,200,beta_skewed_T200_cap64,beta_skewed,64,10067000,fixed_K16,baseline,1,1,2000,1,True,True,0.26662388729676606,0.2591534316539764,0.27409611865878103,0.003835339326933681,0.5149857564903796,0.24949859825521709,0.017125289041548968,16.0,0.07070707070707072,43.107,0.0,0.13479115,0.8375,,,0.7816096437871456,0.6912063229233026,0.5321110455319286,0.0,-0.01876623024791479,-0.02225296590477228,-0.015298230224289002,0.0018061078244304117,0.542,,,1,False,True,0,0.11327113861963153,0.10481636263430119,0.12192160710692405,0.0042762947091889505,0.31174999999999997,,,1,False,True,0
A,posterior_mean_shrunk,cell,A,200,beta_skewed_T200_cap64,beta_skewed,64,10067000,p3_star,reference,1,1,2000,1,True,True,0.15335274867713453,0.14680005759000778,0.15990169793367387,0.0033009605869650273,0.6282568951100111,0.09040332086384296,0.06294942781329155,64.0,0.31313131313131315,13.9655,0.322,0.027706050000000006,0.0085,,70.0,0.7816096437871456,0.6912063229233026,0.6912063229233026,1.0,-0.13203736886754633,-0.14077398255467413,-0.1232611209154129,0.00438930894859467,0.7165,,,1,False,True,0,0.0,0.0,0.0,0.0,0.5,,,1,False,True,0
A,posterior_mean_shrunk,cell,A,200,beta_skewed_T200_cap64,beta_skewed,64,10067000,phi_k1,learned,1,1,2000,1,True,True,0.15335274867713453,0.14680005759000778,0.15990169793367387,0.0033009605869650273,0.6282568951100111,0.09040332086384296,0.06294942781329155,64.0,0.31313131313131315,13.9655,0.322,0.027706050000000006,0.0085,134.335,65.089,0.7816096437871456,0.6912063229233026,0.6912063229233026,1.0,-0.13203736886754633,-0.14077398255467413,-0.1232611209154129,0.00438930894859467,0.7165,,,1,False,True,0,0.0,0.0,0.0,0.0,0.5,,,1,False,True,0
A,posterior_mean_shrunk,cell,A,200,beta_skewed_T200_cap64,beta_skewed,64,10067000,phi_k16,learned,1,1,2000,1,True,True,0.15328498454391956,0.14673571288585663,0.15975212901830674,0.0033002383958888244,0.628324659243226,0.09048125652968883,0.06280372801423073,63.944,0.3128484848484849,13.975,0.278,0.027740425000000003,0.0085,82.285,86.1285140562249,0.7816096437871456,0.6912063229233026,0.6911283872574567,0.996,-0.13210513300076127,-0.14085757918655872,-0.12334216814488172,0.004390687232470074,0.7165,,,1,False,True,0,-6.776413321495056e-05,-0.0004370993992779404,0.0002338070044061169,0.0001652687518816007,0.5,,,1,False,True,0
A,posterior_mean_shrunk,cell,A,200,beta_skewed_T200_cap64,beta_skewed,64,10067000,phi_k16_all71,learned,1,1,2000,1,True,True,0.15335274867713453,0.14680005759000778,0.15990169793367387,0.0033009605869650273,0.6282568951100111,0.09040332086384296,0.06294942781329155,63.993,0.31309595959595965,13.9655,0.3105,0.0277068,0.0085,92.17,83.39369684842421,0.7816096437871456,0.6912063229233026,0.6912063229233026,0.9995,-0.13203736886754633,-0.14077398255467413,-0.1232611209154129,0.00438930894859467,0.7165,,,1,False,True,0,0.0,0.0,0.0,0.0,0.5,,,1,False,True,0
A,posterior_mean_shrunk,cell,A,200,beta_skewed_T200_cap64,beta_skewed,64,10067000,phi_k16_clock,learned,1,1,2000,1,True,True,0.16567579457908868,0.15887101255357267,0.1724790096282959,0.0034430064394213775,0.6159338492080569,0.11305464021861553,0.052621154360473155,50.0,0.24242424242424232,17.5685,0.015,0.0385038,0.1285,0.0,,0.7816096437871456,0.6912063229233026,0.66855500356853,0.0,-0.11971432296559215,-0.12804997749626637,-0.11133985221385956,0.004193782273122393,0.7005,,,1,False,True,0,0.012323045901954174,0.0072199461865238845,0.017521028546616434,0.002601658889071146,0.48850000000000005,,,1,False,True,0
A,posterior_mean_shrunk,cell,A,200,beta_skewed_T200_cap64,beta_skewed,64,10067000,phi_k16_cs,learned,1,1,2000,1,True,True,0.15328498454391956,0.14673571288585663,0.15975212901830674,0.0033002383958888244,0.628324659243226,0.09048125652968883,0.06280372801423073,63.944,0.3128484848484849,13.975,0.278,0.027740425000000003,0.0085,82.889,86.28112449799197,0.7816096437871456,0.6912063229233026,0.6911283872574567,0.996,-0.13210513300076127,-0.14085757918655872,-0.12334216814488172,0.004390687232470074,0.7165,,,1,False,True,0,-6.776413321495056e-05,-0.0004370993992779404,0.0002338070044061169,0.0001652687518816007,0.5,,,1,False,True,0
A,posterior_mean_shrunk,cell,A,200,beta_skewed_T200_cap64,beta_skewed,64,10067000,phi_k16_famA_only,learned,1,1,2000,1,True,True,0.15380814412236213,0.14731915034353732,0.16038889922201632,0.0033080473297974677,0.6278014996647835,0.09585786901414395,0.057950275108218194,60.12,0.2935353535353535,15.5605,0.088,0.03208605,0.0085,10.088,105.19641626464507,0.7816096437871456,0.6912063229233026,0.6857517747730016,0.7255,-0.1315819734223187,-0.14010529667139054,-0.12283814065158367,0.004339495578831139,0.71875,,,1,False,True,0,0.000455395445227623,-0.002331822679843753,0.0033517375064548104,0.0014474048028223865,0.5025000000000001,,,1,False,True,0
A,posterior_mean_shrunk,cell,A,200,beta_skewed_T200_cap64,beta_skewed,64,10067000,phi_k16_famB_only,learned,1,1,2000,1,True,True,0.15320292107760905,0.1466502897441387,0.15965979918837547,0.003301222682302831,0.6284067227095366,0.09048125652968883,0.06272166454792023,63.936,0.3128080808080808,13.9765,0.2705,0.0277515,0.0085,87.465,88.03212851405623,0.7816096437871456,0.6912063229233026,0.6911283872574567,0.996,-0.13218719646707178,-0.14097823090851305,-0.1233879903331399,0.004392884227977988,0.71675,,,1,False,True,0,-0.00014982759952545166,-0.0005340927164070308,0.00015587132656946778,0.0001814615887759284,0.5005,,,1,False,True,0
A,posterior_mean_shrunk,cell,A,200,beta_skewed_T200_cap64,beta_skewed,64,10067000,phi_k16_guard,learned,1,1,2000,1,True,True,0.15616150422021746,0.14956149235367774,0.16274046897888184,0.0033673273138138345,0.6254481395669281,0.09601407754421235,0.060147426676005124,58.992,0.28783838383838384,15.659,0.086,0.0321109,0.0165,0.2195,64.0,0.7816096437871456,0.6912063229233026,0.6855955662429333,0.051,-0.12922861332446337,-0.13783177621662615,-0.12075267974287272,0.004338682505768052,0.7132499999999999,,,1,False,True,0,0.0028087555430829523,-0.000429100810288216,0.006092087505385279,0.0016758362491943219,0.4985,,,1,False,True,0
A,posterior_mean_shrunk,cell,A,200,beta_skewed_T200_cap64,beta_skewed,64,10067000,phi_k16_hgb,learned,1,1,2000,1,True,True,0.15343068434298038,0.1468676008284092,0.1599262159317732,0.0033000692625028646,0.6281789594441652,0.09040332086384296,0.06302736347913743,64.0,0.31313131313131315,13.9615,0.3135,0.027692325,0.0085,95.643,80.416,0.7816096437871456,0.6912063229233026,0.6912063229233026,1.0,-0.13195943320170045,-0.14073292650282382,-0.12318328451365232,0.004389781871855433,0.7165,,,1,False,True,0,7.793566584587097e-05,0.0,0.0002338070044061169,7.793566584587094e-05,0.49975,,,1,False,True,0
A,posterior_mean_shrunk,cell,A,200,beta_skewed_T200_cap64,beta_skewed,64,10067000,phi_k16_lucb,learned,1,1,2000,1,True,True,0.15347194407880307,0.14691319204866887,0.1599733404815197,0.003300446179496189,0.6281376997083425,0.09050604601204396,0.0629658980667591,63.908,0.3126666666666667,13.99,0.27,0.027786075,0.0085,88.197,87.29103726082577,0.7816096437871456,0.6912063229233026,0.6911035977751017,0.993,-0.13191817346587778,-0.14069794267416,-0.12315752487629653,0.004388808517114983,0.71675,,,1,False,True,0,0.00011919540166854859,-0.00015361452824436128,0.00041563346167095006,0.0001405584365375888,0.5,,,1,False,True,0
A,posterior_mean_shrunk,cell,A,200,beta_skewed_T200_cap64,beta_skewed,64,10067000,phi_k16_noT1000,learned,1,1,2000,1,True,True,0.15335274867713453,0.14680005759000778,0.15990169793367387,0.0033009605869650273,0.6282568951100111,0.09040332086384296,0.06294942781329155,64.0,0.31313131313131315,13.9655,0.322,0.027706050000000006,0.0085,110.699,82.336,0.7816096437871456,0.6912063229233026,0.6912063229233026,1.0,-0.13203736886754633,-0.14077398255467413,-0.1232611209154129,0.00438930894859467,0.7165,,,1,False,True,0,0.0,0.0,0.0,0.0,0.5,,,1,False,True,0
A,posterior_mean_shrunk,cell,A,200,beta_skewed_T200_cap64,beta_skewed,64,10067000,phi_k16_noT200,learned,1,1,2000,1,True,True,0.15335274867713453,0.14680005759000778,0.15990169793367387,0.0033009605869650273,0.6282568951100111,0.09040332086384296,0.06294942781329155,64.0,0.31313131313131315,13.9655,0.322,0.027706050000000006,0.0085,100.109,78.816,0.7816096437871456,0.6912063229233026,0.6912063229233026,1.0,-0.13203736886754633,-0.14077398255467413,-0.1232611209154129,0.00438930894859467,0.7165,,,1,False,True,0,0.0,0.0,0.0,0.0,0.5,,,1,False,True,0
A,posterior_mean_shrunk,cell,A,200,beta_skewed_T200_cap64,beta_skewed,64,10067000,phi_k16_noambig,learned,1,1,2000,1,True,True,0.15335274867713453,0.14680005759000778,0.15990169793367387,0.0033009605869650273,0.6282568951100111,0.09040332086384296,0.06294942781329155,64.0,0.31313131313131315,13.9655,0.322,0.027706050000000006,0.0085,116.91,77.576,0.7816096437871456,0.6912063229233026,0.6912063229233026,1.0,-0.13203736886754633,-0.14077398255467413,-0.1232611209154129,0.00438930894859467,0.7165,,,1,False,True,0,0.0,0.0,0.0,0.0,0.5,,,1,False,True,0
A,posterior_mean_shrunk,cell,A,200,beta_skewed_T200_cap64,beta_skewed,64,10067000,phi_k16_nopolicy,learned,1,1,2000,1,True,True,0.1527243635058403,0.14619005732238294,0.15920830592513086,0.0032923998987930687,0.6288852802813053,0.09084601290524005,0.06187835060060024,63.683,0.311530303030303,14.112,0.263,0.02811935,0.0085,39.121,91.42857142857143,0.7816096437871456,0.6912063229233026,0.6907636308819055,0.9765,-0.13266575403884054,-0.1413156744092703,-0.12383627630770207,0.004374135638080693,0.7180000000000001,,,1,False,True,0,-0.0006283851712942123,-0.0015465694828890259,0.00022511741772177603,0.0004603496101221865,0.50175,,,1,False,True,0
A,posterior_mean_shrunk,cell,A,200,beta_skewed_T200_cap64,beta_skewed,64,10067000,phi_k16_notrunc,learned,1,1,2000,1,True,True,0.15335274867713453,0.14680005759000778,0.15990169793367387,0.0033009605869650273,0.6282568951100111,0.09040332086384296,0.06294942781329155,64.0,0.31313131313131315,13.9655,0.322,0.027706050000000006,0.0085,103.817,64.784,0.7816096437871456,0.6912063229233026,0.6912063229233026,1.0,-0.13203736886754633,-0.14077398255467413,-0.1232611209154129,0.00438930894859467,0.7165,,,1,False,True,0,0.0,0.0,0.0,0.0,0.5,,,1,False,True,0
A,posterior_mean_shrunk,cell,A,200,beta_skewed_T200_cap64,beta_skewed,64,10067000,phi_k16_onpolicy_only,learned,1,1,2000,1,True,True,0.15335274867713453,0.14680005759000778,0.15990169793367387,0.0033009605869650273,0.6282568951100111,0.09040332086384296,0.06294942781329155,64.0,0.31313131313131315,13.9655,0.322,0.027706050000000006,0.0085,126.97,64.0,0.7816096437871456,0.6912063229233026,0.6912063229233026,1.0,-0.13203736886754633,-0.14077398255467413,-0.1232611209154129,0.00438930894859467,0.7165,,,1,False,True,0,0.0,0.0,0.0,0.0,0.5,,,1,False,True,0
A,posterior_mean_shrunk,cell,A,200,beta_skewed_T200_cap64,beta_skewed,64,10067000,phi_k16_onpolicy_union,learned,1,1,2000,1,True,True,0.15335274867713453,0.14680005759000778,0.15990169793367387,0.0033009605869650273,0.6282568951100111,0.09040332086384296,0.06294942781329155,64.0,0.31313131313131315,13.9655,0.322,0.027706050000000006,0.0085,102.697,77.232,0.7816096437871456,0.6912063229233026,0.6912063229233026,1.0,-0.13203736886754633,-0.14077398255467413,-0.1232611209154129,0.00438930894859467,0.7165,,,1,False,True,0,0.0,0.0,0.0,0.0,0.5,,,1,False,True,0
A,posterior_mean_shrunk,cell,A,200,beta_skewed_T200_cap64,beta_skewed,64,10067000,phi_k16_perstep,learned,1,1,2000,1,True,True,0.15334396190941335,0.14680131934583188,0.15983178578317164,0.0032983368688199203,0.6282656818777322,0.09048125652968883,0.0628627053797245,63.9635,0.3129469696969697,13.9655,0.265,0.027708175000000005,0.0085,93.442,75.11546184738955,0.7816096437871456,0.6912063229233026,0.6911283872574567,0.996,-0.1320461556352675,-0.140771746635437,-0.12327352724969387,0.0043856575035915,0.7165,,,1,False,True,0,-8.786767721176147e-06,-0.00026016728952527046,0.0002338070044061169,0.00011662551455967865,0.5,,,1,False,True,0
A,posterior_mean_shrunk,cell,A,200,beta_skewed_T200_cap64,beta_skewed,64,10067000,phi_k16_quality,learned,1,1,2000,1,True,True,0.1534666825979948,0.14690258502960205,0.1599602710455656,0.0033001721878145145,0.6281429611891508,0.09050604601204396,0.06296063658595086,63.902,0.3126363636363636,13.994,0.2565,0.027789575,0.0085,79.19,83.52870090634441,0.7816096437871456,0.6912063229233026,0.6911035977751017,0.993,-0.13192343494668604,-0.1407010156661272,-0.12317536119371653,0.004389372552096557,0.71675,,,1,False,True,0,0.00011393392086029052,-2.9061764507787302e-05,0.00032225149334408343,9.425878600360341e-05,0.5,,,1,False,True,0
A,posterior_mean_shrunk,cell,A,200,beta_skewed_T200_cap64,beta_skewed,64,10067000,phi_k16_tau05,learned,1,1,2000,1,True,True,0.15328498454391956,0.14673571288585663,0.15975212901830674,0.0033002383958888244,0.628324659243226,0.09048125652968883,0.06280372801423073,63.944,0.3128484848484849,13.975,0.278,0.027740425000000003,0.0085,82.285,86.1285140562249,0.7816096437871456,0.6912063229233026,0.6911283872574567,0.996,-0.13210513300076127,-0.14085757918655872,-0.12334216814488172,0.004390687232470074,0.7165,,,1,False,True,0,-6.776413321495056e-05,-0.0004370993992779404,0.0002338070044061169,0.0001652687518816007,0.5,,,1,False,True,0
A,posterior_mean_shrunk,cell,A,200,beta_skewed_T200_cap64,beta_skewed,64,10067000,phi_k16_weighted,learned,1,1,2000,1,True,True,0.1534950972944498,0.1469352163374424,0.1599970817565918,0.003299105554179741,0.6281145464926958,0.09040332086384296,0.06309177643060684,63.982,0.31304040404040406,13.9655,0.301,0.027706575,0.0085,79.959,107.61742613920882,0.7816096437871456,0.6912063229233026,0.6912063229233026,0.9985,-0.13189502025023103,-0.14066780284047126,-0.12311057522892951,0.0043903128269136,0.7165,,,1,False,True,0,0.00014234861731529235,0.0,0.0003546002539223991,9.151461958893467e-05,0.49925,,,1,False,True,0
A,posterior_mean_shrunk,cell,A,200,beta_skewed_T200_cap64,beta_skewed,64,10067000,phi_k4,learned,1,1,2000,1,True,True,0.15335274867713453,0.14680005759000778,0.15990169793367387,0.0033009605869650273,0.6282568951100111,0.09040332086384296,0.06294942781329155,64.0,0.31313131313131315,13.9655,0.322,0.027706050000000006,0.0085,132.344,67.314,0.7816096437871456,0.6912063229233026,0.6912063229233026,1.0,-0.13203736886754633,-0.14077398255467413,-0.1232611209154129,0.00438930894859467,0.7165,,,1,False,True,0,0.0,0.0,0.0,0.0,0.5,,,1,False,True,0
A,posterior_mean_shrunk,cell,A,200,beta_skewed_T200_cap64,beta_skewed,64,10067000,phi_reservoir_rule,learned,1,1,2000,1,True,True,0.16177580793201923,0.15509827919304373,0.16855935901403427,0.003412776970403598,0.6198338358551264,0.10383178816735744,0.05794401976466179,57.567,0.2806414141414141,14.843,0.2955,0.030722450000000002,0.0085,3.689,82.14616096207216,0.7816096437871456,0.6912063229233026,0.6777778556197882,0.5405,-0.1236143096126616,-0.13209183998405932,-0.115141293220222,0.004277171668656515,0.7092499999999999,,,1,False,True,0,0.00842305925488472,0.004346853913739324,0.012614739406853913,0.0020996090373313053,0.49175,,,1,False,True,0
A,posterior_mean_shrunk,cell,A,200,beta_skewed_T200_cap64,beta_skewed,64,10067000,phi_sf_k16,learned,1,1,2000,1,True,True,0.15335274867713453,0.14680005759000778,0.15990169793367387,0.0033009605869650273,0.6282568951100111,0.09040332086384296,0.06294942781329155,64.0,0.31313131313131315,13.9655,0.322,0.027706050000000006,0.0085,120.948,76.304,0.7816096437871456,0.6912063229233026,0.6912063229233026,1.0,-0.13203736886754633,-0.14077398255467413,-0.1232611209154129,0.00438930894859467,0.7165,,,1,False,True,0,0.0,0.0,0.0,0.0,0.5,,,1,False,True,0
A,posterior_mean_shrunk,cell,A,200,beta_skewed_T200_cap64,beta_skewed,64,10067000,phi_sf_k16_noT1000,learned,1,1,2000,1,True,True,0.15335274867713453,0.14680005759000778,0.15990169793367387,0.0033009605869650273,0.6282568951100111,0.09040332086384296,0.06294942781329155,63.958,0.31291919191919193,13.9715,0.2865,0.027732275,0.0085,78.812,93.62487462387162,0.7816096437871456,0.6912063229233026,0.6912063229233026,0.997,-0.13203736886754633,-0.14077398255467413,-0.1232611209154129,0.00438930894859467,0.7165,,,1,False,True,0,0.0,0.0,0.0,0.0,0.5,,,1,False,True,0
A,posterior_mean_shrunk,cell,A,200,beta_skewed_T200_cap64,beta_skewed,64,10067000,power_a0.25,baseline,1,1,2000,1,True,True,0.15739041053131222,0.15072836987674237,0.16394580751657487,0.0033199980214546464,0.6242192332558334,0.09706004329025746,0.060330367241054776,59.0,0.28787878787878796,15.2605,0.136,0.031388525,0.0265,,,0.7816096437871456,0.6912063229233026,0.6845496004968882,0.0,-0.1279997070133686,-0.13654139302670953,-0.11946192048490048,0.004320075749726427,0.7110000000000001,,,1,False,True,0,0.0040376618541777135,0.0007019828772172333,0.007456658012233673,0.0017351822262238865,0.49625,,,1,False,True,0
A,posterior_mean_shrunk,cell,A,200,beta_skewed_T200_cap64,beta_skewed,64,10067000,power_a0.33,baseline,1,1,2000,1,True,True,0.15899135672301054,0.15238241031765937,0.1655561402440071,0.0033375015322355465,0.622618287064135,0.09957978966832161,0.05941156705468893,57.0,0.2777777777777778,15.57,0.0825,0.0326625,0.044,,,0.7816096437871456,0.6912063229233026,0.682029854118824,0.0,-0.1263987608216703,-0.13483371995389462,-0.1179583303630352,0.004297638296924927,0.7095,,,1,False,True,0,0.005638608045876026,0.0018036736408248548,0.009571080701425672,0.001971636936465051,0.49550000000000005,,,1,False,True,0
A,posterior_mean_shrunk,cell,A,200,beta_skewed_T200_cap64,beta_skewed,64,10067000,power_a0.5,baseline,1,1,2000,1,True,True,0.15335274867713453,0.14680005759000778,0.15990169793367387,0.0033009605869650273,0.6282568951100111,0.09040332086384296,0.06294942781329155,64.0,0.31313131313131315,13.9655,0.322,0.027706050000000006,0.0085,,110.0,0.7816096437871456,0.6912063229233026,0.6912063229233026,1.0,-0.13203736886754633,-0.14077398255467413,-0.1232611209154129,0.00438930894859467,0.7165,,,1,False,True,0,0.0,0.0,0.0,0.0,0.5,,,1,False,True,0
A,posterior_mean_shrunk,cell,A,200,beta_skewed_T200_cap64,beta_skewed,64,10067000,power_a0.67,baseline,1,1,2000,1,True,True,0.15335274867713453,0.14680005759000778,0.15990169793367387,0.0033009605869650273,0.6282568951100111,0.09040332086384296,0.06294942781329155,64.0,0.31313131313131315,13.9655,0.322,0.027706050000000006,0.0085,,70.0,0.7816096437871456,0.6912063229233026,0.6912063229233026,1.0,-0.13203736886754633,-0.14077398255467413,-0.1232611209154129,0.00438930894859467,0.7165,,,1,False,True,0,0.0,0.0,0.0,0.0,0.5,,,1,False,True,0
A,posterior_mean_shrunk,cell,A,200,beta_skewed_T200_cap64,beta_skewed,64,10067000,refine_after_init,baseline,1,1,2000,1,True,True,0.35996045170119034,0.35184987261891365,0.3682188786566257,0.00419556586155608,0.4216491920859553,0.35053044888563456,0.00943000281555578,8.0,0.03030303030303029,62.451,0.0,0.23239585,0.862,,,0.7816096437871456,0.6912063229233026,0.4310791949015111,0.0,0.07457033415650949,0.06848006080836058,0.08087406903505326,0.0031291872309713187,0.34775,,,1,False,True,0,0.20660770302405582,0.19712853208184242,0.21629693694412708,0.004818248518092385,0.189,,,1,False,True,0
A,posterior_mean_shrunk,cell,A,200,beta_skewed_T200_cap64,beta_skewed,64,10067000,rule_reservoir,rule,1,1,2000,1,True,True,0.2121600319929421,0.2052262630313635,0.21927874274551867,0.003550574982552449,0.5694496117942035,0.1826996170654893,0.029460414927452803,26.067,0.12155050505050505,34.225,0.0365,0.09830710000000001,0.922,0.0205,64.0,0.7816096437871456,0.6912063229233026,0.5989100267216563,0.0115,-0.07323008555173874,-0.07997517306357622,-0.0664535177871585,0.003440411122304969,0.63,,,1,False,True,0,0.05880728331580758,0.05177551917731762,0.06588055528700351,0.003576855571127253,0.39125,,,1,False,True,0
A,posterior_mean_shrunk,cell,A,200,beta_skewed_T200_cap64,beta_skewed,64,10067000,uniform,baseline,1,1,2000,1,True,True,0.1543875846862793,0.14784346520900726,0.16093477308750154,0.003318694645795141,0.6272220591008664,0.09040332086384296,0.06398426382243633,64.0,0.31313131313131315,13.7325,0.335,0.027259025000000003,0.022,,126.0,0.7816096437871456,0.6912063229233026,0.6912063229233026,1.0,-0.13100253285840155,-0.13969392701983452,-0.12228904720395804,0.004398052353580149,0.7145,,,1,False,True,0,0.001034836009144783,0.00020217955388943684,0.0019655021431390193,0.0004453509788213075,0.498,,,1,False,True,0
A,posterior_mean_shrunk,cell,A,500,beta_skewed_T500_cap64,beta_skewed,64,10070000,always_search,baseline,1,1,2000,1,True,True,0.16843795597553254,0.16309564784169198,0.17386260516941549,0.0028026324814334263,0.6700210894048214,0.15145399798452855,0.01698395799100399,64.0,0.12449799196787148,70.3635,0.0,0.063246576,3.5055,,64.0,0.8384590453803539,0.6870050473958254,0.6870050473958254,1.0,-0.10923775935918092,-0.11563745811581612,-0.10291119497269392,0.00325159870153078,0.74825,,,1,False,True,0,0.0,0.0,0.0,0.0,0.5,,,1,False,True,0
A,posterior_mean_shrunk,cell,A,500,beta_skewed_T500_cap64,beta_skewed,64,10070000,cp0,reference,1,1,2000,1,True,True,0.27767571533471347,0.2709046244621277,0.28459052443504335,0.0034499731923790244,0.5607833300456405,0.2701438600867987,0.007531855247914791,21.405,0.03896586345381527,129.8775,0.0,0.167075804,5.2,,,0.8384590453803539,0.6870050473958254,0.5683151852935553,0.0,0.0,0.0,0.0,0.0,0.5,,,1,False,True,0,0.10923775935918092,0.10291119497269392,0.11563745811581612,0.00325159870153078,0.25175000000000003,,,1,False,True,0
A,posterior_mean_shrunk,cell,A,500,beta_skewed_T500_cap64,beta_skewed,64,10070000,fixed_K16,baseline,1,1,2000,1,True,True,0.3152641613818705,0.3082588791847229,0.32246665507555006,0.0036051225445772267,0.5231948839984835,0.3102216718867421,0.005042489495128393,16.0,0.028112449799196793,167.75,0.0,0.23598185199999996,3.542,,,0.8384590453803539,0.6870050473958254,0.5282373734936118,0.0,0.03758844604715705,0.03330232640728355,0.04200216885656118,0.0022129318337922115,0.408,,,1,False,True,0,0.14682620540633798,0.1396904494613409,0.15397383086383343,0.003656115131368962,0.2025,,,1,False,True,0
A,posterior_mean_shrunk,cell,A,500,beta_skewed_T500_cap64,beta_skewed,64,10070000,p3_star,reference,1,1,2000,1,True,True,0.16843795597553254,0.16309564784169198,0.17386260516941549,0.0028026324814334263,0.6700210894048214,0.15145399798452855,0.01698395799100399,64.0,0.12449799196787148,70.3635,0.0,0.063246576,3.5055,,68.0,0.8384590453803539,0.6870050473958254,0.6870050473958254,1.0,-0.10923775935918092,-0.11563745811581612,-0.10291119497269392,0.00325159870153078,0.74825,,,1,False,True,0,0.0,0.0,0.0,0.0,0.5,,,1,False,True,0
A,posterior_mean_shrunk,cell,A,500,beta_skewed_T500_cap64,beta_skewed,64,10070000,phi_k1,learned,1,1,2000,1,True,True,0.16843795597553254,0.16309564784169198,0.17386260516941549,0.0028026324814334263,0.6700210894048214,0.15145399798452855,0.01698395799100399,64.0,0.12449799196787148,70.3635,0.0,0.063246576,3.5055,436.0,64.0,0.8384590453803539,0.6870050473958254,0.6870050473958254,1.0,-0.10923775935918092,-0.11563745811581612,-0.10291119497269392,0.00325159870153078,0.74825,,,1,False,True,0,0.0,0.0,0.0,0.0,0.5,,,1,False,True,0
A,posterior_mean_shrunk,cell,A,500,beta_skewed_T500_cap64,beta_skewed,64,10070000,phi_k16,learned,1,1,2000,1,True,True,0.16843795597553254,0.16309564784169198,0.17386260516941549,0.0028026324814334263,0.6700210894048214,0.15145399798452855,0.01698395799100399,64.0,0.12449799196787148,70.3635,0.0,0.063246576,3.5055,422.471,76.28,0.8384590453803539,0.6870050473958254,0.6870050473958254,1.0,-0.10923775935918092,-0.11563745811581612,-0.10291119497269392,0.00325159870153078,0.74825,,,1,False,True,0,0.0,0.0,0.0,0.0,0.5,,,1,False,True,0
A,posterior_mean_shrunk,cell,A,500,beta_skewed_T500_cap64,beta_skewed,64,10070000,phi_k16_all71,learned,1,1,2000,1,True,True,0.16843795597553254,0.16309564784169198,0.17386260516941549,0.0028026324814334263,0.6700210894048214,0.15145399798452855,0.01698395799100399,64.0,0.12449799196787148,70.3635,0.0,0.063246576,3.5055,423.492,72.968,0.8384590453803539,0.6870050473958254,0.6870050473958254,1.0,-0.10923775935918092,-0.11563745811581612,-0.10291119497269392,0.00325159870153078,0.74825,,,1,False,True,0,0.0,0.0,0.0,0.0,0.5,,,1,False,True,0
A,posterior_mean_shrunk,cell,A,500,beta_skewed_T500_cap64,beta_skewed,64,10070000,phi_k16_clock,learned,1,1,2000,1,True,True,0.16843795597553254,0.16309564784169198,0.17386260516941549,0.0028026324814334263,0.6700210894048214,0.15145399798452855,0.01698395799100399,64.0,0.12449799196787148,70.3635,0.0,0.063246576,3.5055,402.0,64.0,0.8384590453803539,0.6870050473958254,0.6870050473958254,1.0,-0.10923775935918092,-0.11563745811581612,-0.10291119497269392,0.00325159870153078,0.74825,,,1,False,True,0,0.0,0.0,0.0,0.0,0.5,,,1,False,True,0
A,posterior_mean_shrunk,cell,A,500,beta_skewed_T500_cap64,beta_skewed,64,10070000,phi_k16_cs,learned,1,1,2000,1,True,True,0.16843795597553254,0.16309564784169198,0.17386260516941549,0.0028026324814334263,0.6700210894048214,0.15145399798452855,0.01698395799100399,64.0,0.12449799196787148,70.3635,0.0,0.063246576,3.5055,422.425,76.296,0.8384590453803539,0.6870050473958254,0.6870050473958254,1.0,-0.10923775935918092,-0.11563745811581612,-0.10291119497269392,0.00325159870153078,0.74825,,,1,False,True,0,0.0,0.0,0.0,0.0,0.5,,,1,False,True,0
A,posterior_mean_shrunk,cell,A,500,beta_skewed_T500_cap64,beta_skewed,64,10070000,phi_k16_famA_only,learned,1,1,2000,1,True,True,0.16843795597553254,0.16309564784169198,0.17386260516941549,0.0028026324814334263,0.6700210894048214,0.15145399798452855,0.01698395799100399,64.0,0.12449799196787148,70.3635,0.0,0.063246576,3.5055,388.045,78.544,0.8384590453803539,0.6870050473958254,0.6870050473958254,1.0,-0.10923775935918092,-0.11563745811581612,-0.10291119497269392,0.00325159870153078,0.74825,,,1,False,True,0,0.0,0.0,0.0,0.0,0.5,,,1,False,True,0
A,posterior_mean_shrunk,cell,A,500,beta_skewed_T500_cap64,beta_skewed,64,10070000,phi_k16_famB_only,learned,1,1,2000,1,True,True,0.16843795597553254,0.16309564784169198,0.17386260516941549,0.0028026324814334263,0.6700210894048214,0.15145399798452855,0.01698395799100399,64.0,0.12449799196787148,70.3635,0.0,0.063246576,3.5055,421.753,76.808,0.8384590453803539,0.6870050473958254,0.6870050473958254,1.0,-0.10923775935918092,-0.11563745811581612,-0.10291119497269392,0.00325159870153078,0.74825,,,1,False,True,0,0.0,0.0,0.0,0.0,0.5,,,1,False,True,0
A,posterior_mean_shrunk,cell,A,500,beta_skewed_T500_cap64,beta_skewed,64,10070000,phi_k16_guard,learned,1,1,2000,1,True,True,0.16843795597553254,0.16309564784169198,0.17386260516941549,0.0028026324814334263,0.6700210894048214,0.15145399798452855,0.01698395799100399,64.0,0.12449799196787148,70.3635,0.0,0.063246576,3.5055,293.784,76.28,0.8384590453803539,0.6870050473958254,0.6870050473958254,1.0,-0.10923775935918092,-0.11563745811581612,-0.10291119497269392,0.00325159870153078,0.74825,,,1,False,True,0,0.0,0.0,0.0,0.0,0.5,,,1,False,True,0
A,posterior_mean_shrunk,cell,A,500,beta_skewed_T500_cap64,beta_skewed,64,10070000,phi_k16_hgb,learned,1,1,2000,1,True,True,0.16843795597553254,0.16309564784169198,0.17386260516941549,0.0028026324814334263,0.6700210894048214,0.15145399798452855,0.01698395799100399,64.0,0.12449799196787148,70.3635,0.0,0.063246576,3.5055,396.683,67.288,0.8384590453803539,0.6870050473958254,0.6870050473958254,1.0,-0.10923775935918092,-0.11563745811581612,-0.10291119497269392,0.00325159870153078,0.74825,,,1,False,True,0,0.0,0.0,0.0,0.0,0.5,,,1,False,True,0
A,posterior_mean_shrunk,cell,A,500,beta_skewed_T500_cap64,beta_skewed,64,10070000,phi_k16_lucb,learned,1,1,2000,1,True,True,0.16843795597553254,0.16309564784169198,0.17386260516941549,0.0028026324814334263,0.6700210894048214,0.15145399798452855,0.01698395799100399,64.0,0.12449799196787148,70.3635,0.0,0.063246576,3.5055,420.467,77.048,0.8384590453803539,0.6870050473958254,0.6870050473958254,1.0,-0.10923775935918092,-0.11563745811581612,-0.10291119497269392,0.00325159870153078,0.74825,,,1,False,True,0,0.0,0.0,0.0,0.0,0.5,,,1,False,True,0
A,posterior_mean_shrunk,cell,A,500,beta_skewed_T500_cap64,beta_skewed,64,10070000,phi_k16_noT1000,learned,1,1,2000,1,True,True,0.16843795597553254,0.16309564784169198,0.17386260516941549,0.0028026324814334263,0.6700210894048214,0.15145399798452855,0.01698395799100399,64.0,0.12449799196787148,70.3635,0.0,0.063246576,3.5055,436.0,64.0,0.8384590453803539,0.6870050473958254,0.6870050473958254,1.0,-0.10923775935918092,-0.11563745811581612,-0.10291119497269392,0.00325159870153078,0.74825,,,1,False,True,0,0.0,0.0,0.0,0.0,0.5,,,1,False,True,0
A,posterior_mean_shrunk,cell,A,500,beta_skewed_T500_cap64,beta_skewed,64,10070000,phi_k16_noT200,learned,1,1,2000,1,True,True,0.16843795597553254,0.16309564784169198,0.17386260516941549,0.0028026324814334263,0.6700210894048214,0.15145399798452855,0.01698395799100399,64.0,0.12449799196787148,70.3635,0.0,0.063246576,3.5055,428.581,68.952,0.8384590453803539,0.6870050473958254,0.6870050473958254,1.0,-0.10923775935918092,-0.11563745811581612,-0.10291119497269392,0.00325159870153078,0.74825,,,1,False,True,0,0.0,0.0,0.0,0.0,0.5,,,1,False,True,0
A,posterior_mean_shrunk,cell,A,500,beta_skewed_T500_cap64,beta_skewed,64,10070000,phi_k16_noambig,learned,1,1,2000,1,True,True,0.16843795597553254,0.16309564784169198,0.17386260516941549,0.0028026324814334263,0.6700210894048214,0.15145399798452855,0.01698395799100399,64.0,0.12449799196787148,70.3635,0.0,0.063246576,3.5055,435.176,64.352,0.8384590453803539,0.6870050473958254,0.6870050473958254,1.0,-0.10923775935918092,-0.11563745811581612,-0.10291119497269392,0.00325159870153078,0.74825,,,1,False,True,0,0.0,0.0,0.0,0.0,0.5,,,1,False,True,0
A,posterior_mean_shrunk,cell,A,500,beta_skewed_T500_cap64,beta_skewed,64,10070000,phi_k16_nopolicy,learned,1,1,2000,1,True,True,0.16843795597553254,0.16309564784169198,0.17386260516941549,0.0028026324814334263,0.6700210894048214,0.15145399798452855,0.01698395799100399,64.0,0.12449799196787148,70.3635,0.0,0.063246576,3.5055,429.688,65.584,0.8384590453803539,0.6870050473958254,0.6870050473958254,1.0,-0.10923775935918092,-0.11563745811581612,-0.10291119497269392,0.00325159870153078,0.74825,,,1,False,True,0,0.0,0.0,0.0,0.0,0.5,,,1,False,True,0
A,posterior_mean_shrunk,cell,A,500,beta_skewed_T500_cap64,beta_skewed,64,10070000,phi_k16_notrunc,learned,1,1,2000,1,True,True,0.16843795597553254,0.16309564784169198,0.17386260516941549,0.0028026324814334263,0.6700210894048214,0.15145399798452855,0.01698395799100399,64.0,0.12449799196787148,70.3635,0.0,0.063246576,3.5055,436.0,64.0,0.8384590453803539,0.6870050473958254,0.6870050473958254,1.0,-0.10923775935918092,-0.11563745811581612,-0.10291119497269392,0.00325159870153078,0.74825,,,1,False,True,0,0.0,0.0,0.0,0.0,0.5,,,1,False,True,0
A,posterior_mean_shrunk,cell,A,500,beta_skewed_T500_cap64,beta_skewed,64,10070000,phi_k16_onpolicy_only,learned,1,1,2000,1,True,True,0.16843795597553254,0.16309564784169198,0.17386260516941549,0.0028026324814334263,0.6700210894048214,0.15145399798452855,0.01698395799100399,64.0,0.12449799196787148,70.3635,0.0,0.063246576,3.5055,294.851,64.0,0.8384590453803539,0.6870050473958254,0.6870050473958254,1.0,-0.10923775935918092,-0.11563745811581612,-0.10291119497269392,0.00325159870153078,0.74825,,,1,False,True,0,0.0,0.0,0.0,0.0,0.5,,,1,False,True,0
A,posterior_mean_shrunk,cell,A,500,beta_skewed_T500_cap64,beta_skewed,64,10070000,phi_k16_onpolicy_union,learned,1,1,2000,1,True,True,0.16843795597553254,0.16309564784169198,0.17386260516941549,0.0028026324814334263,0.6700210894048214,0.15145399798452855,0.01698395799100399,64.0,0.12449799196787148,70.3635,0.0,0.063246576,3.5055,431.866,66.712,0.8384590453803539,0.6870050473958254,0.6870050473958254,1.0,-0.10923775935918092,-0.11563745811581612,-0.10291119497269392,0.00325159870153078,0.74825,,,1,False,True,0,0.0,0.0,0.0,0.0,0.5,,,1,False,True,0
A,posterior_mean_shrunk,cell,A,500,beta_skewed_T500_cap64,beta_skewed,64,10070000,phi_k16_perstep,learned,1,1,2000,1,True,True,0.16843795597553254,0.16309564784169198,0.17386260516941549,0.0028026324814334263,0.6700210894048214,0.15145399798452855,0.01698395799100399,64.0,0.12449799196787148,70.3635,0.0,0.063246576,3.5055,430.5085,67.131,0.8384590453803539,0.6870050473958254,0.6870050473958254,1.0,-0.10923775935918092,-0.11563745811581612,-0.10291119497269392,0.00325159870153078,0.74825,,,1,False,True,0,0.0,0.0,0.0,0.0,0.5,,,1,False,True,0
A,posterior_mean_shrunk,cell,A,500,beta_skewed_T500_cap64,beta_skewed,64,10070000,phi_k16_quality,learned,1,1,2000,1,True,True,0.16843795597553254,0.16309564784169198,0.17386260516941549,0.0028026324814334263,0.6700210894048214,0.15145399798452855,0.01698395799100399,64.0,0.12449799196787148,70.3635,0.0,0.063246576,3.5055,422.299,73.712,0.8384590453803539,0.6870050473958254,0.6870050473958254,1.0,-0.10923775935918092,-0.11563745811581612,-0.10291119497269392,0.00325159870153078,0.74825,,,1,False,True,0,0.0,0.0,0.0,0.0,0.5,,,1,False,True,0
A,posterior_mean_shrunk,cell,A,500,beta_skewed_T500_cap64,beta_skewed,64,10070000,phi_k16_tau05,learned,1,1,2000,1,True,True,0.16843795597553254,0.16309564784169198,0.17386260516941549,0.0028026324814334263,0.6700210894048214,0.15145399798452855,0.01698395799100399,64.0,0.12449799196787148,70.3635,0.0,0.063246576,3.5055,422.471,76.28,0.8384590453803539,0.6870050473958254,0.6870050473958254,1.0,-0.10923775935918092,-0.11563745811581612,-0.10291119497269392,0.00325159870153078,0.74825,,,1,False,True,0,0.0,0.0,0.0,0.0,0.5,,,1,False,True,0
A,posterior_mean_shrunk,cell,A,500,beta_skewed_T500_cap64,beta_skewed,64,10070000,phi_k16_weighted,learned,1,1,2000,1,True,True,0.16843795597553254,0.16309564784169198,0.17386260516941549,0.0028026324814334263,0.6700210894048214,0.15145399798452855,0.01698395799100399,64.0,0.12449799196787148,70.3635,0.0,0.063246576,3.5055,393.488,96.008,0.8384590453803539,0.6870050473958254,0.6870050473958254,1.0,-0.10923775935918092,-0.11563745811581612,-0.10291119497269392,0.00325159870153078,0.74825,,,1,False,True,0,0.0,0.0,0.0,0.0,0.5,,,1,False,True,0
A,posterior_mean_shrunk,cell,A,500,beta_skewed_T500_cap64,beta_skewed,64,10070000,phi_k4,learned,1,1,2000,1,True,True,0.16843795597553254,0.16309564784169198,0.17386260516941549,0.0028026324814334263,0.6700210894048214,0.15145399798452855,0.01698395799100399,64.0,0.12449799196787148,70.3635,0.0,0.063246576,3.5055,436.0,64.0,0.8384590453803539,0.6870050473958254,0.6870050473958254,1.0,-0.10923775935918092,-0.11563745811581612,-0.10291119497269392,0.00325159870153078,0.74825,,,1,False,True,0,0.0,0.0,0.0,0.0,0.5,,,1,False,True,0
A,posterior_mean_shrunk,cell,A,500,beta_skewed_T500_cap64,beta_skewed,64,10070000,phi_reservoir_rule,learned,1,1,2000,1,True,True,0.1695220359712839,0.16413499973714352,0.17507861889898776,0.0028256728557070937,0.66893700940907,0.1524397134333849,0.017082322537899017,63.818,0.12413253012048193,70.429,0.0,0.063310044,3.4975,104.558,89.42654508611956,0.8384590453803539,0.6870050473958254,0.6860193319469691,0.987,-0.10815367936342955,-0.1145576162263751,-0.10188883375376463,0.0032484792515606272,0.745,,,1,False,True,0,0.0010840799957513808,0.00031304733056458645,0.001979474752442911,0.00042594481710335344,0.49675,,,1,False,True,0
A,posterior_mean_shrunk,cell,A,500,beta_skewed_T500_cap64,beta_skewed,64,10070000,phi_sf_k16,learned,1,1,2000,1,True,True,0.16843795597553254,0.16309564784169198,0.17386260516941549,0.0028026324814334263,0.6700210894048214,0.15145399798452855,0.01698395799100399,64.0,0.12449799196787148,70.3635,0.0,0.063246576,3.5055,431.632,66.704,0.8384590453803539,0.6870050473958254,0.6870050473958254,1.0,-0.10923775935918092,-0.11563745811581612,-0.10291119497269392,0.00325159870153078,0.74825,,,1,False,True,0,0.0,0.0,0.0,0.0,0.5,,,1,False,True,0
A,posterior_mean_shrunk,cell,A,500,beta_skewed_T500_cap64,beta_skewed,64,10070000,phi_sf_k16_noT1000,learned,1,1,2000,1,True,True,0.16843795597553254,0.16309564784169198,0.17386260516941549,0.0028026324814334263,0.6700210894048214,0.15145399798452855,0.01698395799100399,64.0,0.12449799196787148,70.3635,0.0,0.063246576,3.5055,407.657,87.872,0.8384590453803539,0.6870050473958254,0.6870050473958254,1.0,-0.10923775935918092,-0.11563745811581612,-0.10291119497269392,0.00325159870153078,0.74825,,,1,False,True,0,0.0,0.0,0.0,0.0,0.5,,,1,False,True,0
A,posterior_mean_shrunk,cell,A,500,beta_skewed_T500_cap64,beta_skewed,64,10070000,power_a0.25,baseline,1,1,2000,1,True,True,0.16843795597553254,0.16309564784169198,0.17386260516941549,0.0028026324814334263,0.6700210894048214,0.15145399798452855,0.01698395799100399,64.0,0.12449799196787148,70.3635,0.0,0.063246576,3.5055,,67.0,0.8384590453803539,0.6870050473958254,0.6870050473958254,1.0,-0.10923775935918092,-0.11563745811581612,-0.10291119497269392,0.00325159870153078,0.74825,,,1,False,True,0,0.0,0.0,0.0,0.0,0.5,,,1,False,True,0
A,posterior_mean_shrunk,cell,A,500,beta_skewed_T500_cap64,beta_skewed,64,10070000,power_a0.33,baseline,1,1,2000,1,True,True,0.16843795597553254,0.16309564784169198,0.17386260516941549,0.0028026324814334263,0.6700210894048214,0.15145399798452855,0.01698395799100399,64.0,0.12449799196787148,70.3635,0.0,0.063246576,3.5055,,68.0,0.8384590453803539,0.6870050473958254,0.6870050473958254,1.0,-0.10923775935918092,-0.11563745811581612,-0.10291119497269392,0.00325159870153078,0.74825,,,1,False,True,0,0.0,0.0,0.0,0.0,0.5,,,1,False,True,0
A,posterior_mean_shrunk,cell,A,500,beta_skewed_T500_cap64,beta_skewed,64,10070000,power_a0.5,baseline,1,1,2000,1,True,True,0.16843795597553254,0.16309564784169198,0.17386260516941549,0.0028026324814334263,0.6700210894048214,0.15145399798452855,0.01698395799100399,64.0,0.12449799196787148,70.3635,0.0,0.063246576,3.5055,,69.0,0.8384590453803539,0.6870050473958254,0.6870050473958254,1.0,-0.10923775935918092,-0.11563745811581612,-0.10291119497269392,0.00325159870153078,0.74825,,,1,False,True,0,0.0,0.0,0.0,0.0,0.5,,,1,False,True,0
A,posterior_mean_shrunk,cell,A,500,beta_skewed_T500_cap64,beta_skewed,64,10070000,power_a0.67,baseline,1,1,2000,1,True,True,0.16843795597553254,0.16309564784169198,0.17386260516941549,0.0028026324814334263,0.6700210894048214,0.15145399798452855,0.01698395799100399,64.0,0.12449799196787148,70.3635,0.0,0.063246576,3.5055,,70.0,0.8384590453803539,0.6870050473958254,0.6870050473958254,1.0,-0.10923775935918092,-0.11563745811581612,-0.10291119497269392,0.00325159870153078,0.74825,,,1,False,True,0,0.0,0.0,0.0,0.0,0.5,,,1,False,True,0
A,posterior_mean_shrunk,cell,A,500,beta_skewed_T500_cap64,beta_skewed,64,10070000,refine_after_init,baseline,1,1,2000,1,True,True,0.41075945466943087,0.4026538200676441,0.41879375725984574,0.00408417763243747,0.42769959071092306,0.4075951785054058,0.0031642761640250684,8.0,0.01204819277108434,218.059,0.0,0.342919876,2.3845,,,0.8384590453803539,0.6870050473958254,0.43086386687494815,0.0,0.1330837393347174,0.12592571265995503,0.1401096500456333,0.00367277069423284,0.23424999999999999,,,1,False,True,0,0.24232149869389832,0.2337235391139984,0.25071513950824736,0.004332390446397029,0.11399999999999999,,,1,False,True,0
A,posterior_mean_shrunk,cell,A,500,beta_skewed_T500_cap64,beta_skewed,64,10070000,rule_reservoir,rule,1,1,2000,1,True,True,0.20513997954130173,0.19922108873724936,0.21110889613628386,0.0030798366314220187,0.6333190658390522,0.19297162182629107,0.012168357715010642,42.532,0.08138955823293173,107.7585,0.0,0.12295152799999999,5.0175,0.8465,115.03475935828877,0.8384590453803539,0.6870050473958254,0.6454874235540629,0.187,-0.07253573579341173,-0.07795572523027658,-0.06715409010648728,0.0027778594298664395,0.6739999999999999,,,1,False,True,0,0.036702023565769196,0.032583474181592464,0.04085455797612667,0.0021289829157650516,0.40125,,,1,False,True,0
A,posterior_mean_shrunk,cell,A,500,beta_skewed_T500_cap64,beta_skewed,64,10070000,uniform,baseline,1,1,2000,1,True,True,0.16856292992830277,0.16319711916148663,0.17399851866066457,0.002801442310751096,0.6698961154520512,0.15145399798452855,0.017108931943774223,64.0,0.12449799196787148,70.322,0.0,0.063164844,3.5425,,125.819,0.8384590453803539,0.6870050473958254,0.6870050473958254,1.0,-0.1091127854064107,-0.11550588384270669,-0.10284956861287356,0.003252432655662493,0.7477499999999999,,,1,False,True,0,0.00012497395277023316,-2.9675722544197924e-05,0.00035866795224137604,0.00010139469582935918,0.49975,,,1,False,True,0
A,posterior_mean_shrunk,cell,A,50,beta_skewed_T50_cap64,beta_skewed,64,10061000,always_search,baseline,1,1,2000,1,True,True,0.33681944949924947,0.3275258712470531,0.3460746847093105,0.004700861241165849,0.3265437621921301,0.0,0.33681944949924947,50.0,1.0,1.0,50.0,0.02000000000000001,0.0,,,0.6633632116913796,0.6633632116913796,0.6633632116913796,0.0,0.022992377945898625,0.011379433935508136,0.03480444010347128,0.005993307043648578,0.46675,,,1,False,True,0,0.13127930085058323,0.11994047779589892,0.14293825030326843,0.005829402413682043,0.31875,,,1,False,True,0
A,posterior_mean_shrunk,cell,A,50,beta_skewed_T50_cap64,beta_skewed,64,10061000,cp0,reference,1,1,2000,1,True,True,0.3138270715533508,0.3047566883265972,0.323234024643898,0.004604385077674762,0.3495361401380287,0.28316630045231433,0.030660771101036516,6.0,0.08333333333333331,11.739,0.0,0.1932056,0.0315,,,0.6633632116913796,0.6633632116913796,0.38019691123906524,0.0,0.0,0.0,0.0,0.0,0.5,,,1,False,True,0,0.10828692290468461,0.09780643917620183,0.11869670059531927,0.005232942733926589,0.34925,,,1,False,True,0
A,posterior_mean_shrunk,cell,A,50,beta_skewed_T50_cap64,beta_skewed,64,10061000,fixed_K16,baseline,1,1,2000,1,True,True,0.2158990416000961,0.20748711787164212,0.22425794713199138,0.004274183280122328,0.4474641700912835,0.13338367062062026,0.08251537097947585,16.0,0.2916666666666667,5.6675,0.1745,0.07825760000000001,0.0,,,0.6633632116913796,0.6633632116913796,0.5299795410707593,0.0,-0.09792802995325474,-0.10766536295413971,-0.08843880239874125,0.004891955528422658,0.63825,,,1,False,True,0,0.010358892951429879,0.003563581424532461,0.017367679951712487,0.0034587028633245973,0.487,,,1,False,True,0
A,posterior_mean_shrunk,cell,A,50,beta_skewed_T50_cap64,beta_skewed,64,10061000,p3_star,reference,1,1,2000,1,True,True,0.2055401486486662,0.19717886187136174,0.21368866935372352,0.0041817527111182974,0.4578230630427133,0.10048576200008393,0.1050543866485823,21.0,0.39583333333333326,4.2795,1.6345,0.057430800000000004,0.0,,,0.6633632116913796,0.6633632116913796,0.5628774496912956,0.0,-0.10828692290468461,-0.11869670059531927,-0.09780643917620183,0.005232942733926589,0.65075,,,1,False,True,0,0.0,0.0,0.0,0.0,0.5,,,1,False,True,0
A,posterior_mean_shrunk,cell,A,50,beta_skewed_T50_cap64,beta_skewed,64,10061000,phi_k1,learned,1,1,2000,1,True,True,0.17503525785403326,0.16753372512757778,0.18286425583064556,0.003982521377592451,0.4883279538373463,0.04388275377452373,0.1311525040795095,32.0275,0.6255729166666667,4.0875,22.748,0.048087200000000004,0.0,0.0,,0.6633632116913796,0.6633632116913796,0.6194804579168558,0.0,-0.13879181369931756,-0.149986482411623,-0.12763168066740035,0.005637662619718755,0.687,,,1,False,True,0,-0.030504890794632956,-0.038560782372951505,-0.02257353300228715,0.004090628228160493,0.538,,,1,False,True,0
A,posterior_mean_shrunk,cell,A,50,beta_skewed_T50_cap64,beta_skewed,64,10061000,phi_k16,learned,1,1,2000,1,True,True,0.18996105990977957,0.18212263621389865,0.19787269979715347,0.004028802658965166,0.47340215178159994,0.04012110371887684,0.14983995619090273,33.504,0.6563333333333332,3.639,23.9415,0.0437012,0.0,0.0,,0.6633632116913796,0.6633632116913796,0.6232421079725027,0.0,-0.12386601164357125,-0.13481648080050945,-0.11311435159295798,0.005505619411761187,0.6705,,,1,False,True,0,-0.015579088738886639,-0.023392654675990342,-0.00793986760545522,0.00392806480090187,0.5145,,,1,False,True,0
A,posterior_mean_shrunk,cell,A,50,beta_skewed_T50_cap64,beta_skewed,64,10061000,phi_k16_all71,learned,1,1,2000,1,True,True,0.18960331957461313,0.18179389089345932,0.19748945869505405,0.0040207933682444175,0.47375989211676645,0.039885064721107484,0.14971825485350565,33.608,0.6584999999999999,3.6255,24.1,0.0434848,0.0,0.0,,0.6633632116913796,0.6633632116913796,0.623478146970272,0.0,-0.12422375197873771,-0.13510177172720433,-0.11344746053218842,0.0055103781009327715,0.67125,,,1,False,True,0,-0.015936829074053093,-0.023784860968589783,-0.008366253203712403,0.0039303523136200585,0.516,,,1,False,True,0
A,posterior_mean_shrunk,cell,A,50,beta_skewed_T50_cap64,beta_skewed,64,10061000,phi_k16_clock,learned,1,1,2000,1,True,True,0.17605300033371896,0.16858452521264553,0.1836470291018486,0.003936118247647498,0.4873102113576606,0.04085638916492462,0.13519661116879433,34.0,0.6666666666666665,3.729,25.1495,0.042264,0.0,0.0,,0.6633632116913796,0.6633632116913796,0.622506822526455,0.0,-0.13777407121963187,-0.14899599738419056,-0.12693966440856458,0.005566522104737413,0.68825,,,1,False,True,0,-0.029487148314947264,-0.03791500180959701,-0.02123315432108939,0.004248413668633059,0.53475,,,1,False,True,0
A,posterior_mean_shrunk,cell,A,50,beta_skewed_T50_cap64,beta_skewed,64,10061000,phi_k16_cs,learned,1,1,2000,1,True,True,0.18996105990977957,0.18212263621389865,0.19787269979715347,0.004028802658965166,0.47340215178159994,0.040046916827559474,0.14991414308222012,33.512,0.6565,3.637,23.952,0.0436828,0.0,0.0,,0.6633632116913796,0.6633632116913796,0.6233162948638201,0.0,-0.12386601164357125,-0.13481648080050945,-0.11311435159295798,0.005505619411761187,0.6705,,,1,False,True,0,-0.015579088738886639,-0.023392654675990342,-0.00793986760545522,0.00392806480090187,0.5145,,,1,False,True,0
A,posterior_mean_shrunk,cell,A,50,beta_skewed_T50_cap64,beta_skewed,64,10061000,phi_k16_famA_only,learned,1,1,2000,1,True,True,0.19294302206207067,0.1850745651870966,0.2010760810226202,0.004027273088920978,0.47042018962930887,0.0887839666083455,0.10415905545372516,22.456,0.42616666666666664,4.8745,6.894,0.0625252,0.0,0.0,,0.6633632116913796,0.6633632116913796,0.574579245083034,0.0,-0.12088404949128016,-0.1314707737416029,-0.11068122126162053,0.005265903282754544,0.667,,,1,False,True,0,-0.01259712658659555,-0.019482555473223327,-0.005689816619269551,0.003527347133982392,0.51025,,,1,False,True,0
A,posterior_mean_shrunk,cell,A,50,beta_skewed_T50_cap64,beta_skewed,64,10061000,phi_k16_famB_only,learned,1,1,2000,1,True,True,0.19007958739669994,0.1822629112750292,0.19793480820953846,0.004028617778499663,0.47328362429467963,0.03993761196732521,0.1501419754293747,33.64,0.6591666666666666,3.628,24.1675,0.0434868,0.0,0.0,,0.6633632116913796,0.6633632116913796,0.6234255997240543,0.0,-0.1237474841566509,-0.13467890061438084,-0.1129954980686307,0.0055099378681540915,0.6705,,,1,False,True,0,-0.015460561251966282,-0.023274934431537983,-0.007866517198272052,0.00393175342735975,0.5145,,,1,False,True,0
A,posterior_mean_shrunk,cell,A,50,beta_skewed_T50_cap64,beta_skewed,64,10061000,phi_k16_guard,learned,1,1,2000,1,True,True,0.21250830026561743,0.20426657944917678,0.22093821465969085,0.0042286971227530196,0.4508549114257621,0.12426328580081462,0.0882450144648028,17.0,0.3125,5.4165,0.3,0.07384600000000001,0.0,0.0,,0.6633632116913796,0.6633632116913796,0.5390999258905649,0.0,-0.1013187712877334,-0.1112027021124959,-0.09148018546402456,0.004979261558390232,0.645,,,1,False,True,0,0.006968151616951218,0.0007851457878132369,0.013266358501277864,0.0030956035311133835,0.49275,,,1,False,True,0
A,posterior_mean_shrunk,cell,A,50,beta_skewed_T50_cap64,beta_skewed,64,10061000,phi_k16_hgb,learned,1,1,2000,1,True,True,0.1943690265356563,0.1863977298140526,0.20228048786520958,0.0040980085552537755,0.4689941851557232,0.040963014751672744,0.15340601178398355,33.848,0.6634999999999999,3.5305,24.682,0.0428376,0.0,0.0,,0.6633632116913796,0.6633632116913796,0.6224001969397068,0.0,-0.11945804501769453,-0.13055686429142951,-0.10846836566925049,0.005585156104230762,0.6577500000000001,,,1,False,True,0,-0.011171122113009914,-0.019267305778339502,-0.002990475203841926,0.004122268784644247,0.5045,,,1,False,True,0
A,posterior_mean_shrunk,cell,A,50,beta_skewed_T50_cap64,beta_skewed,64,10061000,phi_k16_lucb,learned,1,1,2000,1,True,True,0.18991214333148673,0.18210242353379727,0.19782389402389527,0.004026469545093867,0.4734510683598928,0.03935131002962589,0.15056083330186085,33.648,0.6593333333333332,3.627,24.172,0.043485600000000006,0.0,0.0,,0.6633632116913796,0.6633632116913796,0.6240119016617537,0.0,-0.1239149282218641,-0.13475771807134151,-0.1131077753379941,0.005512246614737236,0.6705,,,1,False,True,0,-0.015628005317179484,-0.023434287263080476,-0.008009105408564211,0.00392663914375515,0.51475,,,1,False,True,0
A,posterior_mean_shrunk,cell,A,50,beta_skewed_T50_cap64,beta_skewed,64,10061000,phi_k16_noT1000,learned,1,1,2000,1,True,True,0.23559493219852448,0.22676265127956868,0.24466846734285355,0.004563849488432534,0.42776827949285506,0.01809420195221901,0.21750073024630548,41.36,0.8199999999999998,2.6375,37.3315,0.0330536,0.0,0.0,,0.6633632116913796,0.6633632116913796,0.6452690097391606,0.0,-0.07823213935482635,-0.08999690376222133,-0.0666569532826543,0.005938863390338487,0.6155,,,1,False,True,0,0.030054783549858258,0.020130977500230074,0.04006561515852808,0.005009494384656047,0.45175,,,1,False,True,0
A,posterior_mean_shrunk,cell,A,50,beta_skewed_T50_cap64,beta_skewed,64,10061000,phi_k16_noT200,learned,1,1,2000,1,True,True,0.1899185028639622,0.1820956092327833,0.19775981307029725,0.004029907435882242,0.47344470882741735,0.03980310137569904,0.15011540148826316,33.752,0.6614999999999999,3.611,24.334,0.0431768,0.0,0.0,,0.6633632116913796,0.6633632116913796,0.6235601103156805,0.0,-0.12390856868938863,-0.13485983535647392,-0.1131351187825203,0.0055099577635261965,0.6707500000000001,,,1,False,True,0,-0.015621645784704015,-0.023449232708662747,-0.008038225490599873,0.003933193471658388,0.51525,,,1,False,True,0
A,posterior_mean_shrunk,cell,A,50,beta_skewed_T50_cap64,beta_skewed,64,10061000,phi_k16_noambig,learned,1,1,2000,1,True,True,0.2056887308880687,0.19749378338456156,0.21384166590869427,0.00428247424302502,0.45767448080331086,0.026164353623986246,0.17952437726408244,38.152,0.7531666666666665,3.1875,32.343,0.0375924,0.0,0.0,,0.6633632116913796,0.6633632116913796,0.6371988580673933,0.0,-0.10813834066528216,-0.11948528997600079,-0.09702728465199471,0.005801119657161946,0.65325,,,1,False,True,0,0.00014858223940245808,-0.008947732415981591,0.009487305115908375,0.004656223897530919,0.49549999999999994,,,1,False,True,0
A,posterior_mean_shrunk,cell,A,50,beta_skewed_T50_cap64,beta_skewed,64,10061000,phi_k16_nopolicy,learned,1,1,2000,1,True,True,0.19845805291816943,0.1903554677963257,0.20654469057917596,0.004144753975796089,0.46490515877321015,0.09895598765462638,0.09950206526354305,21.088,0.3976666666666666,4.994,5.041,0.06473920000000001,0.0,0.0,,0.6633632116913796,0.6633632116913796,0.5644072240367531,0.0,-0.11536901863518143,-0.12560975179076195,-0.10528734009712934,0.005184377165106935,0.6625000000000001,,,1,False,True,0,-0.007082095730496804,-0.01341663049533963,-0.0008054832607740589,0.003178827046943253,0.5085,,,1,False,True,0
A,posterior_mean_shrunk,cell,A,50,beta_skewed_T50_cap64,beta_skewed,64,10061000,phi_k16_notrunc,learned,1,1,2000,1,True,True,0.1886342895911075,0.18085865788161753,0.1965546753257513,0.004020684400720727,0.474728922100272,0.051547458320856096,0.13708683127025142,29.664,0.5763333333333333,4.0575,17.7725,0.0500744,0.0,0.0,,0.6633632116913796,0.6633632116913796,0.6118157533705234,0.0,-0.12519278196224332,-0.1360256303101778,-0.11443526931107045,0.005488771456086238,0.672,,,1,False,True,0,-0.0169058590575587,-0.024654051568359134,-0.00935282676946373,0.0039304440515907845,0.516,,,1,False,True,0
A,posterior_mean_shrunk,cell,A,50,beta_skewed_T50_cap64,beta_skewed,64,10061000,phi_k16_onpolicy_only,learned,1,1,2000,1,True,True,0.1777889475049451,0.1702317513525486,0.18543880395591258,0.003952912055936149,0.48557426418643446,0.038770795360207555,0.13901815214473753,34.408,0.6751666666666665,3.7055,25.987,0.0420748,0.0,0.0,,0.6633632116913796,0.6633632116913796,0.624592416331172,0.0,-0.13603812404840573,-0.14715541414916516,-0.12503289617598057,0.005618596183193987,0.6847500000000001,,,1,False,True,0,-0.027751201143721118,-0.036212731059640645,-0.019461926864460112,0.004254060824841378,0.53225,,,1,False,True,0
A,posterior_mean_shrunk,cell,A,50,beta_skewed_T50_cap64,beta_skewed,64,10061000,phi_k16_onpolicy_union,learned,1,1,2000,1,True,True,0.18873060620948673,0.18094941265881062,0.19667874053120613,0.004061867078055586,0.47463260548189284,0.03469937960803509,0.15403122660145163,35.224,0.6921666666666665,3.5845,27.4835,0.04205680000000001,0.0,0.0,,0.6633632116913796,0.6633632116913796,0.6286638320833444,0.0,-0.12509646534386412,-0.13613965250551702,-0.1140656877309084,0.005628405016541835,0.6705000000000001,,,1,False,True,0,-0.016809542439179495,-0.0251535810995847,-0.008517483365722002,0.0042262677542295145,0.519,,,1,False,True,0
A,posterior_mean_shrunk,cell,A,50,beta_skewed_T50_cap64,beta_skewed,64,10061000,phi_k16_perstep,learned,1,1,2000,1,True,True,0.16491404176875948,0.1575958501547575,0.17252443879842758,0.0038129307532478846,0.49844916992262006,0.032788546711206436,0.13212549505755306,34.641,0.6800208333333334,4.026,27.467,0.0457316,0.0,0.0,,0.6633632116913796,0.6633632116913796,0.6305746649801731,0.0,-0.14891302978459134,-0.1601685345172882,-0.13789961077272891,0.005604424340229941,0.706,,,1,False,True,0,-0.040626106879906726,-0.04890546537935734,-0.032368233520537616,0.0042173314012276695,0.56175,,,1,False,True,0
A,posterior_mean_shrunk,cell,A,50,beta_skewed_T50_cap64,beta_skewed,64,10061000,phi_k16_quality,learned,1,1,2000,1,True,True,0.19025810646126046,0.1824400369077921,0.19815308675169943,0.004036087323289166,0.47310510523011906,0.0419074494689703,0.14835065699229016,33.0,0.6458333333333333,3.683,23.1015,0.044514000000000005,0.0,0.0,,0.6633632116913796,0.6633632116913796,0.6214557622224093,0.0,-0.12356896509209037,-0.13450718186795713,-0.11273276917636395,0.005517904320047809,0.66975,,,1,False,True,0,-0.01528204218740575,-0.023153495928272604,-0.007657356548588724,0.003943701073357796,0.51325,,,1,False,True,0
A,posterior_mean_shrunk,cell,A,50,beta_skewed_T50_cap64,beta_skewed,64,10061000,phi_k16_tau05,learned,1,1,2000,1,True,True,0.18996105990977957,0.18212263621389865,0.19787269979715347,0.004028802658965166,0.47340215178159994,0.04012110371887684,0.14983995619090273,33.504,0.6563333333333332,3.639,23.9415,0.0437012,0.0,0.0,,0.6633632116913796,0.6633632116913796,0.6232421079725027,0.0,-0.12386601164357125,-0.13481648080050945,-0.11311435159295798,0.005505619411761187,0.6705,,,1,False,True,0,-0.015579088738886639,-0.023392654675990342,-0.00793986760545522,0.00392806480090187,0.5145,,,1,False,True,0
A,posterior_mean_shrunk,cell,A,50,beta_skewed_T50_cap64,beta_skewed,64,10061000,phi_k16_weighted,learned,1,1,2000,1,True,True,0.19836523860692978,0.19051189422607423,0.20639350935816764,0.004106294591650455,0.4649979730844498,0.033968113720417026,0.16439712488651276,35.728,0.7026666666666666,3.3525,27.603,0.0398172,0.0,0.0,,0.6633632116913796,0.6633632116913796,0.6293950979709625,0.0,-0.11546183294642105,-0.12661778777837754,-0.10452848374843597,0.005596405401821522,0.6605,,,1,False,True,0,-0.007174910041736439,-0.015303031890653074,0.000990837783319872,0.0041024567825919634,0.502,,,1,False,True,0
A,posterior_mean_shrunk,cell,A,50,beta_skewed_T50_cap64,beta_skewed,64,10061000,phi_k4,learned,1,1,2000,1,True,True,0.1772763253818266,0.16970317550003527,0.18502299040555953,0.003982757179111544,0.48608688630955293,0.042359563529491426,0.1349167618523352,32.536,0.6361666666666668,4.0535,23.658,0.047544800000000005,0.0,0.0,,0.6633632116913796,0.6633632116913796,0.6210036481618881,0.0,-0.1365507461715242,-0.14759915247559546,-0.12566789351403715,0.005561644335769332,0.6857500000000001,,,1,False,True,0,-0.02826382326683961,-0.03633942836895585,-0.02046546409837902,0.004045402959128755,0.5375000000000001,,,1,False,True,0
A,posterior_mean_shrunk,cell,A,50,beta_skewed_T50_cap64,beta_skewed,64,10061000,phi_reservoir_rule,learned,1,1,2000,1,True,True,0.17737738543748854,0.1698067869991064,0.18502046540379524,0.003937854267450909,0.485985826253891,0.04101401433348656,0.136363371104002,33.96,0.6658333333333333,3.7435,25.156,0.042464,0.0,0.0,,0.6633632116913796,0.6633632116913796,0.622349197357893,0.0,-0.13644968611586228,-0.14747254364192486,-0.1256644580513239,0.005540346168431631,0.6887500000000001,,,1,False,True,0,-0.028162763211177663,-0.03646566020324826,-0.02010582727380097,0.004160548143692337,0.5335,,,1,False,True,0
A,posterior_mean_shrunk,cell,A,50,beta_skewed_T50_cap64,beta_skewed,64,10061000,phi_sf_k16,learned,1,1,2000,1,True,True,0.19028490938665346,0.1824559535831213,0.19808451272547245,0.00402880534409142,0.4730783023047261,0.038357863888144494,0.15192704549850897,34.32,0.6733333333333332,3.533,25.1675,0.0416788,0.0,0.0,,0.6633632116913796,0.6633632116913796,0.625005347803235,0.0,-0.12354216216669738,-0.13444330357015133,-0.11273875143378972,0.00551911270348701,0.67075,,,1,False,True,0,-0.015255239262012764,-0.023081017844378948,-0.007664877129718662,0.0039442431118699274,0.51275,,,1,False,True,0
A,posterior_mean_shrunk,cell,A,50,beta_skewed_T50_cap64,beta_skewed,64,10061000,phi_sf_k16_noT1000,learned,1,1,2000,1,True,True,0.20250247883656994,0.194394551217556,0.21069916039705278,0.004133155141476827,0.4608607328548096,0.041325830310583116,0.16117664852598682,33.16,0.6491666666666666,3.403,22.4585,0.043094400000000005,0.0,0.0,,0.6633632116913796,0.6633632116913796,0.6220373813807965,0.0,-0.1113245927167809,-0.12221760135143996,-0.10049783810973169,0.005484506833516494,0.651,,,1,False,True,0,-0.003037669812096283,-0.010461193067021667,0.0042954134056344614,0.0037449873863850927,0.491,,,1,False,True,0
A,posterior_mean_shrunk,cell,A,50,beta_skewed_T50_cap64,beta_skewed,64,10061000,power_a0.25,baseline,1,1,2000,1,True,True,0.2055401486486662,0.19717886187136174,0.21368866935372352,0.0041817527111182974,0.4578230630427133,0.10048576200008393,0.1050543866485823,21.0,0.39583333333333326,4.2795,1.6345,0.057430800000000004,0.0,,,0.6633632116913796,0.6633632116913796,0.5628774496912956,0.0,-0.10828692290468461,-0.11869670059531927,-0.09780643917620183,0.005232942733926589,0.65075,,,1,False,True,0,0.0,0.0,0.0,0.0,0.5,,,1,False,True,0
A,posterior_mean_shrunk,cell,A,50,beta_skewed_T50_cap64,beta_skewed,64,10061000,power_a0.33,baseline,1,1,2000,1,True,True,0.2036664130492136,0.19539942927658557,0.2117143664509058,0.004143178447968299,0.45969679864216595,0.0900386045575142,0.1136278084916994,23.0,0.4375,3.91,4.1605,0.053474400000000005,0.0,,,0.6633632116913796,0.6633632116913796,0.5733246071338653,0.0,-0.11016065850413724,-0.12066575493663549,-0.09964946024119854,0.005284898823508842,0.65625,,,1,False,True,0,-0.0018737355994526297,-0.006244807597249745,0.0025553489627782246,0.002248907160634992,0.501,,,1,False,True,0
A,posterior_mean_shrunk,cell,A,50,beta_skewed_T50_cap64,beta_skewed,64,10061000,power_a0.5,baseline,1,1,2000,1,True,True,0.20582575784926302,0.19754657112061977,0.21391427032649518,0.0041689717009294166,0.4575374538421165,0.10048576200008393,0.10533999584917911,21.0,0.39583333333333326,4.2545,1.57,0.056926000000000004,0.0,,,0.6633632116913796,0.6633632116913796,0.5628774496912956,0.0,-0.1080013137040878,-0.11843082401901484,-0.09770281575620174,0.005208423859304882,0.6535000000000001,,,1,False,True,0,0.0002856092005968094,-0.0014761188649572415,0.002078825648641213,0.0009085375287609617,0.50025,,,1,False,True,0
A,posterior_mean_shrunk,cell,A,50,beta_skewed_T50_cap64,beta_skewed,64,10061000,power_a0.67,baseline,1,1,2000,1,True,True,0.1994352020547958,0.19138827212154866,0.20756581239402294,0.004144085905884414,0.46392800963658376,0.07882408030331135,0.12061112175148446,25.0,0.4791666666666668,3.5995,7.476,0.0501404,0.0,,,0.6633632116913796,0.6633632116913796,0.5845391313880682,0.0,-0.11439186949855502,-0.1251735258847475,-0.10361704025417566,0.005410729000666025,0.66425,,,1,False,True,0,-0.0061049465938704086,-0.012072786525823173,-1.4167045242175363e-05,0.0030474314290435288,0.50525,,,1,False,True,0
A,posterior_mean_shrunk,cell,A,50,beta_skewed_T50_cap64,beta_skewed,64,10061000,refine_after_init,baseline,1,1,2000,1,True,True,0.2814074064485321,0.272457966953516,0.29053312763571737,0.004553038317694925,0.38195580524284745,0.23859877524711193,0.042808631201420214,8.0,0.125,9.838,0.0,0.1517144,0.0205,,,0.6633632116913796,0.6633632116913796,0.42476443644426765,0.0,-0.0324196651048187,-0.03828420862555504,-0.026713118795305493,0.0029336882825001464,0.55125,,,1,False,True,0,0.07586725779986592,0.06599262394011021,0.0857968397438526,0.0050213554938226,0.39625,,,1,False,True,0
A,posterior_mean_shrunk,cell,A,50,beta_skewed_T50_cap64,beta_skewed,64,10061000,rule_reservoir,rule,1,1,2000,1,True,True,0.22561703844857403,0.21743750162422656,0.2337149992585182,0.004175881088068324,0.4377461732428055,0.1560997723415494,0.06951726610702462,12.947,0.22806249999999997,7.306,0.3035,0.1069948,0.0225,0.0,,0.6633632116913796,0.6633632116913796,0.5072634393498302,0.0,-0.0882100331047768,-0.09749765247106552,-0.07907646968960762,0.004608431192094751,0.63375,,,1,False,True,0,0.020076889799907804,0.012629866972565651,0.02768771918490529,0.003850876313639096,0.47450000000000003,,,1,False,True,0
A,posterior_mean_shrunk,cell,A,50,beta_skewed_T50_cap64,beta_skewed,64,10061000,uniform,baseline,1,1,2000,1,True,True,0.20948650392726995,0.2012971866875887,0.2179014552384615,0.004225228080857504,0.4538767077641096,0.07609089015424252,0.13339561377302744,26.003,0.5000625,3.408,9.9195,0.0488588,0.0,,,0.6633632116913796,0.6633632116913796,0.587272321537137,0.0,-0.10434056762608088,-0.11503926254808902,-0.0937563754618168,0.005354388006945323,0.6515,,,1,False,True,0,0.0039463552786037324,-0.002212790527846664,0.010186068178154527,0.003143335645673591,0.4855,,,1,False,True,0
A,posterior_mean_shrunk,cell,B,1000,tail_b0.5_mu1.0_c1.0_T1000_cap64,tail_b0.5_mu1.0_c1.0,64,10208000,always_search,baseline,1,1,2000,1,True,True,0.0019094593226909636,0.0017788762168493121,0.002044826612109318,6.789547666196699e-05,0.998088509440422,0.00048763537406921385,0.00142182394862175,64.0,0.062124248496993974,288.274,41.5965,0.211247567,19.236,,64.0,0.999997968763113,0.9995103333890438,0.9995103333890438,1.0,-0.001337384968996048,-0.0016139300365466624,-0.0010719273472204805,0.00013692351570516743,0.5645,,,1,False,True,0,5.2631795406341555e-06,-1.04127265558418e-05,2.1255062756608807e-05,7.996429409410856e-06,0.499,,,1,False,True,0
A,posterior_mean_shrunk,cell,B,1000,tail_b0.5_mu1.0_c1.0_T1000_cap64,tail_b0.5_mu1.0_c1.0,64,10208000,cp0,reference,1,1,2000,1,True,True,0.003246844291687012,0.0030011879513040184,0.003509163367561996,0.000130232318494214,0.996751124471426,0.002017806023359299,0.001229038268327713,30.9215,0.028979458917835658,268.089,10.786,0.196779761,10.3585,,,0.999997968763113,0.9995103333890438,0.9979801627397538,0.0,0.0,0.0,0.0,0.0,0.5,,,1,False,True,0,0.0013426481485366822,0.001076990252477117,0.0016167794150533155,0.00013686760993358987,0.4335,,,1,False,True,0
A,posterior_mean_shrunk,cell,B,1000,tail_b0.5_mu1.0_c1.0_T1000_cap64,tail_b0.5_mu1.0_c1.0,64,10208000,fixed_K16,baseline,1,1,2000,1,True,True,0.007317657262086869,0.006722543248906732,0.007914584618993104,0.0003023039136316893,0.9926803115010262,0.006501840204000473,0.0008158170580863952,16.0,0.014028056112224454,390.826,5.283,0.331429346,5.2685,,,0.999997968763113,0.9995103333890438,0.9934961285591125,0.0,0.004070812970399857,0.0035211409092880787,0.004643906722776592,0.00028290957340059743,0.395,,,1,False,True,0,0.005413461118936539,0.004814071592409164,0.006016136577818542,0.00030527938822572873,0.3325,,,1,False,True,0
A,posterior_mean_shrunk,cell,B,1000,tail_b0.5_mu1.0_c1.0_T1000_cap64,tail_b0.5_mu1.0_c1.0,64,10208000,p3_star,reference,1,1,2000,1,True,True,0.0019041961431503296,0.0017738268070388585,0.002040228754049167,6.789751455949742e-05,0.9980937726199627,0.00048763537406921385,0.0014165607690811157,64.0,0.062124248496993974,287.524,41.4465,0.20998640600000001,19.236,,272.0,0.999997968763113,0.9995103333890438,0.9995103333890438,1.0,-0.0013426481485366822,-0.0016167794150533155,-0.001076990252477117,0.00013686760993358987,0.5665,,,1,False,True,0,0.0,0.0,0.0,0.0,0.5,,,1,False,True,0
A,posterior_mean_shrunk,cell,B,1000,tail_b0.5_mu1.0_c1.0_T1000_cap64,tail_b0.5_mu1.0_c1.0,64,10208000,phi_k1,learned,1,1,2000,1,True,True,0.0019094593226909636,0.0017788762168493121,0.002044826612109318,6.789547666196699e-05,0.998088509440422,0.00048763537406921385,0.00142182394862175,64.0,0.062124248496993974,288.274,41.5965,0.211247567,19.236,936.0,64.0,0.999997968763113,0.9995103333890438,0.9995103333890438,1.0,-0.001337384968996048,-0.0016139300365466624,-0.0010719273472204805,0.00013692351570516743,0.5645,,,1,False,True,0,5.2631795406341555e-06,-1.04127265558418e-05,2.1255062756608807e-05,7.996429409410856e-06,0.499,,,1,False,True,0
A,posterior_mean_shrunk,cell,B,1000,tail_b0.5_mu1.0_c1.0_T1000_cap64,tail_b0.5_mu1.0_c1.0,64,10208000,phi_k16,learned,1,1,2000,1,True,True,0.0019092270135879516,0.0017796094733057543,0.0020440169901121408,6.779123720861454e-05,0.9980887417495251,0.00048763537406921385,0.0014215916395187377,64.0,0.062124248496993974,288.1415,41.511,0.211011422,19.236,611.595,80.24,0.999997968763113,0.9995103333890438,0.9995103333890438,1.0,-0.00133761727809906,-0.0016132708347868173,-0.0010722302220528947,0.00013699810556507943,0.5645,,,1,False,True,0,5.03087043762207e-06,-1.292357776492281e-05,2.3027205497783136e-05,9.079251572123336e-06,0.49875,,,1,False,True,0
A,posterior_mean_shrunk,cell,B,1000,tail_b0.5_mu1.0_c1.0_T1000_cap64,tail_b0.5_mu1.0_c1.0,64,10208000,phi_k16_all71,learned,1,1,2000,1,True,True,0.0019167623221874237,0.0017868772818474099,0.0020506330765783787,6.793594780872196e-05,0.9980812064409256,0.00048763537406921385,0.0014291269481182098,64.0,0.062124248496993974,288.088,41.481,0.210919294,19.236,459.416,80.536,0.999997968763113,0.9995103333890438,0.9995103333890438,1.0,-0.001330081969499588,-0.0016048828198108821,-0.0010646897339029238,0.00013698534604574772,0.5630000000000001,,,1,False,True,0,1.2566179037094117e-05,-5.593717128249405e-06,3.173925251758191e-05,9.506899920292696e-06,0.49825,,,1,False,True,0
A,posterior_mean_shrunk,cell,B,1000,tail_b0.5_mu1.0_c1.0_T1000_cap64,tail_b0.5_mu1.0_c1.0,64,10208000,phi_k16_clock,learned,1,1,2000,1,True,True,0.0019094593226909636,0.0017788762168493121,0.002044826612109318,6.789547666196699e-05,0.998088509440422,0.00048763537406921385,0.00142182394862175,64.0,0.062124248496993974,288.274,41.5965,0.211247567,19.236,936.0,64.0,0.999997968763113,0.9995103333890438,0.9995103333890438,1.0,-0.001337384968996048,-0.0016139300365466624,-0.0010719273472204805,0.00013692351570516743,0.5645,,,1,False,True,0,5.2631795406341555e-06,-1.04127265558418e-05,2.1255062756608807e-05,7.996429409410856e-06,0.499,,,1,False,True,0
A,posterior_mean_shrunk,cell,B,1000,tail_b0.5_mu1.0_c1.0_T1000_cap64,tail_b0.5_mu1.0_c1.0,64,10208000,phi_k16_cs,learned,1,1,2000,1,True,True,0.0019092270135879516,0.0017796094733057543,0.0020440169901121408,6.779123720861454e-05,0.9980887417495251,0.00048763537406921385,0.0014215916395187377,64.0,0.062124248496993974,288.1415,41.511,0.211011422,19.236,608.571,80.352,0.999997968763113,0.9995103333890438,0.9995103333890438,1.0,-0.00133761727809906,-0.0016132708347868173,-0.0010722302220528947,0.00013699810556507943,0.5645,,,1,False,True,0,5.03087043762207e-06,-1.292357776492281e-05,2.3027205497783136e-05,9.079251572123336e-06,0.49875,,,1,False,True,0
A,posterior_mean_shrunk,cell,B,1000,tail_b0.5_mu1.0_c1.0_T1000_cap64,tail_b0.5_mu1.0_c1.0,64,10208000,phi_k16_famA_only,learned,1,1,2000,1,True,True,0.0019434382617473601,0.0018101456633303314,0.0020800718746613713,6.94918540992261e-05,0.9980545305013656,0.0005100431144237518,0.0014333951473236085,63.033,0.06115531062124247,288.232,40.467,0.21087444900000002,18.9515,5.397,118.1472326706072,0.999997968763113,0.9995103333890438,0.9994879256486893,0.9305,-0.0013034060299396515,-0.0015776575426571066,-0.0010361816413933412,0.0001367376083434332,0.5555,,,1,False,True,0,3.924211859703064e-05,-8.832107982925657e-06,9.09669484826736e-05,2.5305077186717933e-05,0.49275,,,1,False,True,0
A,posterior_mean_shrunk,cell,B,1000,tail_b0.5_mu1.0_c1.0_T1000_cap64,tail_b0.5_mu1.0_c1.0,64,10208000,phi_k16_famB_only,learned,1,1,2000,1,True,True,0.0019087402522563934,0.0017794117040466518,0.0020434950129128993,6.777721509268608e-05,0.9980892285108566,0.00048763537406921385,0.0014211048781871795,64.0,0.062124248496993974,288.134,41.5095,0.21099807700000003,19.236,617.809,81.48,0.999997968763113,0.9995103333890438,0.9995103333890438,1.0,-0.0013381040394306184,-0.0016134720004629343,-0.0010718146717408673,0.00013698326276796648,0.5640000000000001,,,1,False,True,0,4.544109106063843e-06,-1.4116257329988002e-05,2.321997849321633e-05,9.481366028162615e-06,0.49875,,,1,False,True,0
A,posterior_mean_shrunk,cell,B,1000,tail_b0.5_mu1.0_c1.0_T1000_cap64,tail_b0.5_mu1.0_c1.0,64,10208000,phi_k16_guard,learned,1,1,2000,1,True,True,0.0019092270135879516,0.0017796094733057543,0.0020440169901121408,6.779123720861454e-05,0.9980887417495251,0.00048763537406921385,0.0014215916395187377,64.0,0.062124248496993974,288.1415,41.511,0.211011422,19.236,579.386,80.24,0.999997968763113,0.9995103333890438,0.9995103333890438,1.0,-0.00133761727809906,-0.0016132708347868173,-0.0010722302220528947,0.00013699810556507943,0.5645,,,1,False,True,0,5.03087043762207e-06,-1.292357776492281e-05,2.3027205497783136e-05,9.079251572123336e-06,0.49875,,,1,False,True,0
A,posterior_mean_shrunk,cell,B,1000,tail_b0.5_mu1.0_c1.0_T1000_cap64,tail_b0.5_mu1.0_c1.0,64,10208000,phi_k16_hgb,learned,1,1,2000,1,True,True,0.001905188351869583,0.0017743645526934414,0.002041840262245387,6.78200462611961e-05,0.9980927804112434,0.00048795610666275025,0.001417232245206833,63.955,0.06207915831663324,288.265,41.5445,0.21123035800000003,19.2235,567.916,67.9698643897539,0.999997968763113,0.9995103333890438,0.9995100126564502,0.9955,-0.0013416559398174285,-0.001617010767222382,-0.0010775844246381893,0.00013697172204021877,0.5640000000000001,,,1,False,True,0,9.9220871925354e-07,-1.692794990049151e-05,1.8397828262095574e-05,8.940147528318472e-06,0.499,,,1,False,True,0
A,posterior_mean_shrunk,cell,B,1000,tail_b0.5_mu1.0_c1.0_T1000_cap64,tail_b0.5_mu1.0_c1.0,64,10208000,phi_k16_lucb,learned,1,1,2000,1,True,True,0.0019098105132579805,0.0017795858788304032,0.0020441284403204915,6.779874364201008e-05,0.9980881582498551,0.00048763537406921385,0.0014221751391887665,64.0,0.062124248496993974,287.6505,41.3245,0.210191425,19.236,720.733,117.208,0.999997968763113,0.9995103333890438,0.9995103333890438,1.0,-0.0013370337784290314,-0.001613482934772037,-0.0010724641440901907,0.0001368679483128108,0.5607500000000001,,,1,False,True,0,5.614370107650757e-06,-1.736495851218933e-05,2.8146705653853128e-05,1.1432780030161026e-05,0.49675,,,1,False,True,0
A,posterior_mean_shrunk,cell,B,1000,tail_b0.5_mu1.0_c1.0_T1000_cap64,tail_b0.5_mu1.0_c1.0,64,10208000,phi_k16_noT1000,learned,1,1,2000,1,True,True,0.0019094593226909636,0.0017788762168493121,0.002044826612109318,6.789547666196699e-05,0.998088509440422,0.00048763537406921385,0.00142182394862175,64.0,0.062124248496993974,288.274,41.5965,0.211247567,19.236,907.973,64.0,0.999997968763113,0.9995103333890438,0.9995103333890438,1.0,-0.001337384968996048,-0.0016139300365466624,-0.0010719273472204805,0.00013692351570516743,0.5645,,,1,False,True,0,5.2631795406341555e-06,-1.04127265558418e-05,2.1255062756608807e-05,7.996429409410856e-06,0.499,,,1,False,True,0
A,posterior_mean_shrunk,cell,B,1000,tail_b0.5_mu1.0_c1.0_T1000_cap64,tail_b0.5_mu1.0_c1.0,64,10208000,phi_k16_noT200,learned,1,1,2000,1,True,True,0.001907515823841095,0.0017771245416952296,0.0020424543996341526,6.786670927693938e-05,0.9980904529392719,0.00048763537406921385,0.001419880449771881,64.0,0.062124248496993974,288.1825,41.5375,0.211086131,19.236,730.81,79.976,0.999997968763113,0.9995103333890438,0.9995103333890438,1.0,-0.0013393284678459168,-0.001615173791651614,-0.001074139151023701,0.00013691879716066862,0.56425,,,1,False,True,0,3.319680690765381e-06,-1.1826444347207138e-05,1.8817938962456533e-05,7.706626008308929e-06,0.49875,,,1,False,True,0
A,posterior_mean_shrunk,cell,B,1000,tail_b0.5_mu1.0_c1.0_T1000_cap64,tail_b0.5_mu1.0_c1.0,64,10208000,phi_k16_noambig,learned,1,1,2000,1,True,True,0.0019094593226909636,0.0017788762168493121,0.002044826612109318,6.789547666196699e-05,0.998088509440422,0.00048763537406921385,0.00142182394862175,64.0,0.062124248496993974,288.274,41.5965,0.211247567,19.236,867.52,64.224,0.999997968763113,0.9995103333890438,0.9995103333890438,1.0,-0.001337384968996048,-0.0016139300365466624,-0.0010719273472204805,0.00013692351570516743,0.5645,,,1,False,True,0,5.2631795406341555e-06,-1.04127265558418e-05,2.1255062756608807e-05,7.996429409410856e-06,0.499,,,1,False,True,0
A,posterior_mean_shrunk,cell,B,1000,tail_b0.5_mu1.0_c1.0_T1000_cap64,tail_b0.5_mu1.0_c1.0,64,10208000,phi_k16_nopolicy,learned,1,1,2000,1,True,True,0.0019072572886943816,0.001776559095014818,0.002042494644410908,6.788531791381075e-05,0.9980907114744186,0.00048763537406921385,0.001419621914625168,64.0,0.062124248496993974,288.269,41.594,0.21123935,19.236,772.097,70.048,0.999997968763113,0.9995103333890438,0.9995103333890438,1.0,-0.00133958700299263,-0.0016147398768225681,-0.001073919757618569,0.0001368967899697109,0.5650000000000001,,,1,False,True,0,3.061145544052124e-06,-1.3154256544112285e-05,1.9728567622223636e-05,8.294783452256089e-06,0.49925,,,1,False,True,0
A,posterior_mean_shrunk,cell,B,1000,tail_b0.5_mu1.0_c1.0_T1000_cap64,tail_b0.5_mu1.0_c1.0,64,10208000,phi_k16_notrunc,learned,1,1,2000,1,True,True,0.0019094593226909636,0.0017788762168493121,0.002044826612109318,6.789547666196699e-05,0.998088509440422,0.00048763537406921385,0.00142182394862175,64.0,0.062124248496993974,288.274,41.5965,0.211247567,19.236,842.875,64.016,0.999997968763113,0.9995103333890438,0.9995103333890438,1.0,-0.001337384968996048,-0.0016139300365466624,-0.0010719273472204805,0.00013692351570516743,0.5645,,,1,False,True,0,5.2631795406341555e-06,-1.04127265558418e-05,2.1255062756608807e-05,7.996429409410856e-06,0.499,,,1,False,True,0
A,posterior_mean_shrunk,cell,B,1000,tail_b0.5_mu1.0_c1.0_T1000_cap64,tail_b0.5_mu1.0_c1.0,64,10208000,phi_k16_onpolicy_only,learned,1,1,2000,1,True,True,0.03460863653570414,0.030984385591000318,0.038371351454406975,0.0018694896380924946,0.9653893322274089,0.0332146136239171,0.001394022911787033,30.811,0.028868737474949897,446.987,16.9395,0.400248062,5.6365,60.961,811.1563845050215,0.999997968763113,0.9995103333890438,0.9667833551391959,0.3485,0.031361792244017125,0.027744901925325395,0.035102134104818106,0.001866903987577373,0.34924999999999995,,,1,False,True,0,0.0327044403925538,0.02908263080753386,0.03644979177042842,0.0018705284947625775,0.29575,,,1,False,True,0
A,posterior_mean_shrunk,cell,B,1000,tail_b0.5_mu1.0_c1.0_T1000_cap64,tail_b0.5_mu1.0_c1.0,64,10208000,phi_k16_onpolicy_union,learned,1,1,2000,1,True,True,0.0019188662767410279,0.0017882499436382205,0.002053546893876046,6.790079879291201e-05,0.998079102486372,0.00048763537406921385,0.001431230902671814,64.0,0.062124248496993974,287.9785,41.4235,0.21072931,19.236,715.809,89.592,0.999997968763113,0.9995103333890438,0.9995103333890438,1.0,-0.001327978014945984,-0.0016025641496526077,-0.00106257954321336,0.00013686999745191218,0.56025,,,1,False,True,0,1.4670133590698242e-05,-7.049470946185465e-06,3.655930877357603e-05,1.102187994278042e-05,0.4965,,,1,False,True,0
A,posterior_mean_shrunk,cell,B,1000,tail_b0.5_mu1.0_c1.0_T1000_cap64,tail_b0.5_mu1.0_c1.0,64,10208000,phi_k16_perstep,learned,1,1,2000,1,True,True,0.0019050143957138061,0.0017739864299073816,0.0020411463628988713,6.790523330419501e-05,0.9980929543673992,0.00048763537406921385,0.0014173790216445922,64.0,0.062124248496993974,288.2605,41.573,0.21122623100000001,19.236,614.9665,69.609,0.999997968763113,0.9995103333890438,0.9995103333890438,1.0,-0.0013418298959732055,-0.0016187117202207445,-0.0010771285160444677,0.00013691851174189526,0.567,,,1,False,True,0,8.182525634765625e-07,-1.5319098429245057e-05,1.6759742129579527e-05,8.020558845566167e-06,0.49975,,,1,False,True,0
A,posterior_mean_shrunk,cell,B,1000,tail_b0.5_mu1.0_c1.0_T1000_cap64,tail_b0.5_mu1.0_c1.0,64,10208000,phi_k16_quality,learned,1,1,2000,1,True,True,0.0019167623221874237,0.0017868772818474099,0.0020506330765783787,6.793594780872196e-05,0.9980812064409256,0.00048763537406921385,0.0014291269481182098,64.0,0.062124248496993974,288.0895,41.4815,0.210922012,19.236,726.959,80.056,0.999997968763113,0.9995103333890438,0.9995103333890438,1.0,-0.001330081969499588,-0.0016048828198108821,-0.0010646897339029238,0.00013698534604574772,0.5630000000000001,,,1,False,True,0,1.2566179037094117e-05,-5.593717128249405e-06,3.173925251758191e-05,9.506899920292696e-06,0.49825,,,1,False,True,0
A,posterior_mean_shrunk,cell,B,1000,tail_b0.5_mu1.0_c1.0_T1000_cap64,tail_b0.5_mu1.0_c1.0,64,10208000,phi_k16_tau05,learned,1,1,2000,1,True,True,0.0019092270135879516,0.0017796094733057543,0.0020440169901121408,6.779123720861454e-05,0.9980887417495251,0.00048763537406921385,0.0014215916395187377,64.0,0.062124248496993974,288.1415,41.511,0.211011422,19.236,611.595,80.24,0.999997968763113,0.9995103333890438,0.9995103333890438,1.0,-0.00133761727809906,-0.0016132708347868173,-0.0010722302220528947,0.00013699810556507943,0.5645,,,1,False,True,0,5.03087043762207e-06,-1.292357776492281e-05,2.3027205497783136e-05,9.079251572123336e-06,0.49875,,,1,False,True,0
A,posterior_mean_shrunk,cell,B,1000,tail_b0.5_mu1.0_c1.0_T1000_cap64,tail_b0.5_mu1.0_c1.0,64,10208000,phi_k16_weighted,learned,1,1,2000,1,True,True,0.0019209096729755403,0.0017849475960247218,0.0020622090843971817,7.127242522736697e-05,0.9980770590901374,0.0004934791028499603,0.00142743057012558,63.391,0.06151402805611221,287.709,40.732,0.21002795200000002,19.108,172.609,168.58128593831677,0.999997968763113,0.9995103333890438,0.9995044896602631,0.9565,-0.0013259346187114716,-0.0016029167192755265,-0.0010621256864396856,0.00013811578336130195,0.5605,,,1,False,True,0,1.671352982521057e-05,-2.579133783910947e-05,6.59791454381775e-05,2.3251150509070943e-05,0.497,,,1,False,True,0
A,posterior_mean_shrunk,cell,B,1000,tail_b0.5_mu1.0_c1.0_T1000_cap64,tail_b0.5_mu1.0_c1.0,64,10208000,phi_k4,learned,1,1,2000,1,True,True,0.0019042048454284669,0.0017739588452968746,0.0020388366770930587,6.778622610643805e-05,0.9980937639176846,0.00048763537406921385,0.001416569471359253,64.0,0.062124248496993974,288.216,41.525,0.211145425,19.236,906.117,71.45,0.999997968763113,0.9995103333890438,0.9995103333890438,1.0,-0.001342639446258545,-0.0016189675574423744,-0.001078470901120454,0.0001369485954659998,0.56475,,,1,False,True,0,8.70227813720703e-09,-1.8050944663627885e-05,1.7456157002015965e-05,8.863133974263747e-06,0.4995,,,1,False,True,0
A,posterior_mean_shrunk,cell,B,1000,tail_b0.5_mu1.0_c1.0_T1000_cap64,tail_b0.5_mu1.0_c1.0,64,10208000,phi_reservoir_rule,learned,1,1,2000,1,True,True,0.0019176892340183258,0.0017872897849883884,0.0020531992660835384,6.787736592912023e-05,0.9980802795290947,0.00048763537406921385,0.0014300538599491118,64.0,0.062124248496993974,287.7605,41.2605,0.21036970600000002,19.236,915.627,80.016,0.999997968763113,0.9995103333890438,0.9995103333890438,1.0,-0.0013291550576686858,-0.0016061520436778662,-0.0010650092939613388,0.0001367344815634647,0.56225,,,1,False,True,0,1.3493090867996215e-05,-1.4691713113279538e-05,4.139659413340267e-05,1.4252226544162722e-05,0.496,,,1,False,True,0
A,posterior_mean_shrunk,cell,B,1000,tail_b0.5_mu1.0_c1.0_T1000_cap64,tail_b0.5_mu1.0_c1.0,64,10208000,phi_sf_k16,learned,1,1,2000,1,True,True,0.001912222534418106,0.0017822112800786273,0.002046964049804956,6.779970249259265e-05,0.998085746228695,0.00048763537406921385,0.0014245871603488923,64.0,0.062124248496993974,287.863,41.331,0.210540406,19.236,852.386,80.584,0.999997968763113,0.9995103333890438,0.9995103333890438,1.0,-0.0013346217572689056,-0.0016097722313133998,-0.0010709826572565361,0.00013673929240658254,0.56125,,,1,False,True,0,8.02639126777649e-06,-1.9228457995268392e-05,3.392467860976467e-05,1.3639754793755127e-05,0.49575,,,1,False,True,0
A,posterior_mean_shrunk,cell,B,1000,tail_b0.5_mu1.0_c1.0_T1000_cap64,tail_b0.5_mu1.0_c1.0,64,10208000,phi_sf_k16_noT1000,learned,1,1,2000,1,True,True,0.001936501771211624,0.001799542029039003,0.0020805707667022944,7.19259589882397e-05,0.9980614669919013,0.0005062941610813141,0.00143020761013031,63.755,0.061878757515030046,285.1885,40.485,0.206259175,19.1365,474.799,177.36793893129772,0.999997968763113,0.9995103333890438,0.9994916746020317,0.9825,-0.0013103425204753875,-0.0015836005099117755,-0.0010464013379532845,0.00013769881238288168,0.562,,,1,False,True,0,3.230562806129456e-05,-1.586497655807761e-05,8.707669367140624e-05,2.6397306088468002e-05,0.499,,,1,False,True,0
A,posterior_mean_shrunk,cell,B,1000,tail_b0.5_mu1.0_c1.0_T1000_cap64,tail_b0.5_mu1.0_c1.0,64,10208000,power_a0.25,baseline,1,1,2000,1,True,True,0.0019041961431503296,0.0017738268070388585,0.002040228754049167,6.789751455949742e-05,0.9980937726199627,0.00048763537406921385,0.0014165607690811157,64.0,0.062124248496993974,287.524,41.4465,0.20998640600000001,19.236,,272.0,0.999997968763113,0.9995103333890438,0.9995103333890438,1.0,-0.0013426481485366822,-0.0016167794150533155,-0.001076990252477117,0.00013686760993358987,0.5665,,,1,False,True,0,0.0,0.0,0.0,0.0,0.5,,,1,False,True,0
A,posterior_mean_shrunk,cell,B,1000,tail_b0.5_mu1.0_c1.0_T1000_cap64,tail_b0.5_mu1.0_c1.0,64,10208000,power_a0.33,baseline,1,1,2000,1,True,True,0.0019147195219993592,0.0017848453135229647,0.0020492471056059,6.779456007879291e-05,0.9980832492411137,0.00048763537406921385,0.0014270841479301453,64.0,0.062124248496993974,284.7385,41.029,0.20583565800000003,19.236,,393.0,0.999997968763113,0.9995103333890438,0.9995103333890438,1.0,-0.0013321247696876527,-0.001606383768375963,-0.001068132059299387,0.00013693971107782543,0.56125,,,1,False,True,0,1.0523378849029541e-05,-1.3178382732803581e-05,3.454371335465111e-05,1.210519529725727e-05,0.4965,,,1,False,True,0
A,posterior_mean_shrunk,cell,B,1000,tail_b0.5_mu1.0_c1.0_T1000_cap64,tail_b0.5_mu1.0_c1.0,64,10208000,power_a0.5,baseline,1,1,2000,1,True,True,0.0019094593226909636,0.0017788762168493121,0.002044826612109318,6.789547666196699e-05,0.998088509440422,0.00048763537406921385,0.00142182394862175,64.0,0.062124248496993974,288.2675,41.5935,0.211235545,19.236,,87.0,0.999997968763113,0.9995103333890438,0.9995103333890438,1.0,-0.001337384968996048,-0.0016139300365466624,-0.0010719273472204805,0.00013692351570516743,0.5645,,,1,False,True,0,5.2631795406341555e-06,-1.04127265558418e-05,2.1255062756608807e-05,7.996429409410856e-06,0.499,,,1,False,True,0
A,posterior_mean_shrunk,cell,B,1000,tail_b0.5_mu1.0_c1.0_T1000_cap64,tail_b0.5_mu1.0_c1.0,64,10208000,power_a0.67,baseline,1,1,2000,1,True,True,0.0020197743773460388,0.0018736793688731268,0.002172018663259223,7.673235743675243e-05,0.997978194385767,0.00048763537406921385,0.0015321390032768248,64.0,0.062124248496993974,270.922,36.9895,0.186935298,19.1845,,480.0,0.999997968763113,0.9995103333890438,0.9995103333890438,1.0,-0.0012270699143409728,-0.0015100422024261204,-0.0009562797233229503,0.00014117137350085575,0.5587500000000001,,,1,False,True,0,0.00011557823419570922,3.5995879159145344e-06,0.0002330332936253398,5.9517687540441036e-05,0.48975,,,1,False,True,0
A,posterior_mean_shrunk,cell,B,1000,tail_b0.5_mu1.0_c1.0_T1000_cap64,tail_b0.5_mu1.0_c1.0,64,10208000,refine_after_init,baseline,1,1,2000,1,True,True,0.023007229655981065,0.02132359640672803,0.024765520030632614,0.0008769906037172086,0.976990739107132,0.022421923637390137,0.0005853060185909271,8.0,0.006012024048096194,501.861,1.438,0.44290375400000004,3.4895,,,0.999997968763113,0.9995103333890438,0.9775760451257229,0.0,0.01976038536429405,0.01808636523783207,0.021484204288572072,0.0008640535098364548,0.23825000000000002,,,1,False,True,0,0.021103033512830733,0.019409226812422277,0.02285333746112883,0.0008778593396476852,0.2055,,,1,False,True,0
A,posterior_mean_shrunk,cell,B,1000,tail_b0.5_mu1.0_c1.0_T1000_cap64,tail_b0.5_mu1.0_c1.0,64,10208000,rule_reservoir,rule,1,1,2000,1,True,True,0.0019094593226909636,0.0017788762168493121,0.002044826612109318,6.789547666196699e-05,0.998088509440422,0.00048763537406921385,0.00142182394862175,64.0,0.062124248496993974,288.274,41.5965,0.211247567,19.236,38.968,64.0,0.999997968763113,0.9995103333890438,0.9995103333890438,1.0,-0.001337384968996048,-0.0016139300365466624,-0.0010719273472204805,0.00013692351570516743,0.5645,,,1,False,True,0,5.2631795406341555e-06,-1.04127265558418e-05,2.1255062756608807e-05,7.996429409410856e-06,0.499,,,1,False,True,0
A,posterior_mean_shrunk,cell,B,1000,tail_b0.5_mu1.0_c1.0_T1000_cap64,tail_b0.5_mu1.0_c1.0,64,10208000,uniform,baseline,1,1,2000,1,True,True,0.00189107608795166,0.0017631576833082364,0.002022747497539967,6.624697735886015e-05,0.9981068926751614,0.00048763537406921385,0.0014034407138824464,64.0,0.062124248496993974,286.3505,39.635,0.208203789,19.199,,126.4695,0.999997968763113,0.9995103333890438,0.9995103333890438,1.0,-0.0013557682037353515,-0.0016303964337566867,-0.0010903860093094409,0.00013672323953234787,0.5605,,,1,False,True,0,-1.3120055198669433e-05,-9.041566427185898e-05,6.399739449989284e-05,3.9490763050784575e-05,0.4955,,,1,False,True,0
A,posterior_mean_shrunk,cell,B,100,tail_b0.5_mu1.0_c1.0_T100_cap64,tail_b0.5_mu1.0_c1.0,64,10199000,always_search,baseline,1,1,2000,1,True,True,0.034096529304981235,0.03204593388363719,0.036217717546969654,0.001073027536892983,0.9657205788493156,0.000272085040807724,0.033824444264173505,64.0,0.6326530612244898,13.918,58.7315,0.0539808,0.0,,64.0,0.9998171081542969,0.9995450231134891,0.9995450231134891,1.0,0.006703630790114403,0.00396566977724433,0.009424841403961182,0.001403272612677576,0.45675,,,1,False,True,0,0.012198156118392945,0.009930713195353748,0.014476091717369854,0.0011429784199707088,0.42325,,,1,False,True,0
A,posterior_mean_shrunk,cell,B,100,tail_b0.5_mu1.0_c1.0_T100_cap64,tail_b0.5_mu1.0_c1.0,64,10199000,cp0,reference,1,1,2000,1,True,True,0.02739289851486683,0.025585262244567274,0.029277368681505322,0.0009551921901522126,0.97242420963943,0.01780064409971237,0.009592254415154457,8.999,0.07141836734693875,30.628,1.9015,0.23776200000000003,0.594,,,0.9998171081542969,0.9995450231134891,0.9820164640545845,0.0,0.0,0.0,0.0,0.0,0.5,,,1,False,True,0,0.005494525328278542,0.0033082748122978956,0.007714016560930758,0.001125111250362711,0.47575,,,1,False,True,0
A,posterior_mean_shrunk,cell,B,100,tail_b0.5_mu1.0_c1.0_T100_cap64,tail_b0.5_mu1.0_c1.0,64,10199000,fixed_K16,baseline,1,1,2000,1,True,True,0.018478035181760787,0.017289994331076742,0.019718465115875005,0.0006242711946240537,0.9813390729725361,0.00626047545671463,0.012217559725046158,16.0,0.1428571428571428,30.067,9.024,0.2239499,0.0,,,0.9998171081542969,0.9995450231134891,0.9935566326975822,0.0,-0.008914863333106041,-0.010864086332730949,-0.007064006687141956,0.0009666437239588772,0.5589999999999999,,,1,False,True,0,-0.0034203380048274993,-0.005025852215476334,-0.0018182941421400758,0.0008237576101824051,0.53575,,,1,False,True,0
A,posterior_mean_shrunk,cell,B,100,tail_b0.5_mu1.0_c1.0_T100_cap64,tail_b0.5_mu1.0_c1.0,64,10199000,p3_star,reference,1,1,2000,1,True,True,0.02189837318658829,0.020526798954233528,0.0233628174290061,0.0007125548173987153,0.9779187349677085,0.0012379875481128692,0.020660385638475418,36.0,0.34693877551020413,21.5845,28.6805,0.12506830000000002,0.0,,,0.9998171081542969,0.9995450231134891,0.998579120606184,0.0,-0.005494525328278542,-0.007714016560930758,-0.0033082748122978956,0.001125111250362711,0.52425,,,1,False,True,0,0.0,0.0,0.0,0.0,0.5,,,1,False,True,0
A,posterior_mean_shrunk,cell,B,100,tail_b0.5_mu1.0_c1.0_T100_cap64,tail_b0.5_mu1.0_c1.0,64,10199000,phi_k1,learned,1,1,2000,1,True,True,0.01935946524143219,0.0181132473051548,0.020604103431105615,0.0006384226059528982,0.9804576429128646,0.0019614497423171996,0.01739801549911499,28.2255,0.2676071428571429,25.3415,21.145,0.16354370000000001,0.0,0.0,,0.9998171081542969,0.9995450231134891,0.9978556584119797,0.0,-0.008033433273434639,-0.01014877629932016,-0.005998116207774729,0.0010604393303519785,0.55225,,,1,False,True,0,-0.0025389079451560975,-0.003920963732525706,-0.0011777170875575404,0.0007038986150232581,0.5245,,,1,False,True,0
A,posterior_mean_shrunk,cell,B,100,tail_b0.5_mu1.0_c1.0_T100_cap64,tail_b0.5_mu1.0_c1.0,64,10199000,phi_k16,learned,1,1,2000,1,True,True,0.018402784556150437,0.01716989236883819,0.019688851293176414,0.0006413887119293529,0.9814143235981464,0.0048805693686008456,0.013522215187549591,18.056,0.16383673469387755,29.0365,10.906,0.2108802,0.0,0.0,,0.9998171081542969,0.9995450231134891,0.994936538785696,0.0,-0.008990113958716392,-0.011000040406361222,-0.0070539794280193744,0.001011139774331529,0.56425,,,1,False,True,0,-0.003495588630437851,-0.005109985894523561,-0.0018839817319530995,0.000819778136311742,0.5447500000000001,,,1,False,True,0
A,posterior_mean_shrunk,cell,B,100,tail_b0.5_mu1.0_c1.0_T100_cap64,tail_b0.5_mu1.0_c1.0,64,10199000,phi_k16_all71,learned,1,1,2000,1,True,True,0.018475736081600188,0.01722401175647974,0.0197741380892694,0.000647309434027091,0.9813413720726967,0.004663540303707123,0.013812195777893067,18.192,0.16522448979591836,28.941,11.007,0.20999940000000003,0.0,0.0,,0.9998171081542969,0.9995450231134891,0.9951535678505897,0.0,-0.008917162433266639,-0.010933991591446101,-0.0069818138144910336,0.0010146058819029229,0.5640000000000001,,,1,False,True,0,-0.003422637104988098,-0.005062040535267442,-0.0018063346622511753,0.0008206149590331314,0.545,,,1,False,True,0
A,posterior_mean_shrunk,cell,B,100,tail_b0.5_mu1.0_c1.0_T100_cap64,tail_b0.5_mu1.0_c1.0,64,10199000,phi_k16_clock,learned,1,1,2000,1,True,True,0.019841829776763915,0.018581436714157462,0.02119451775215566,0.0006660818487672889,0.979975278377533,0.0014137027263641357,0.01842812705039978,34.0,0.32653061224489793,23.606,27.228,0.1425746,0.0,0.0,,0.9998171081542969,0.9995450231134891,0.9984034054279327,0.0,-0.007551068738102913,-0.009717110521160064,-0.005461163853760809,0.0010949323952254904,0.536,,,1,False,True,0,-0.002056543409824371,-0.0029655711899977174,-0.0011577863653656096,0.0004582367561840906,0.51375,,,1,False,True,0
A,posterior_mean_shrunk,cell,B,100,tail_b0.5_mu1.0_c1.0_T100_cap64,tail_b0.5_mu1.0_c1.0,64,10199000,phi_k16_cs,learned,1,1,2000,1,True,True,0.018402784556150437,0.01716989236883819,0.019688851293176414,0.0006413887119293529,0.9814143235981464,0.0048805693686008456,0.013522215187549591,18.056,0.16383673469387755,29.0365,10.906,0.2108802,0.0,0.0,,0.9998171081542969,0.9995450231134891,0.994936538785696,0.0,-0.008990113958716392,-0.011000040406361222,-0.0070539794280193744,0.001011139774331529,0.56425,,,1,False,True,0,-0.003495588630437851,-0.005109985894523561,-0.0018839817319530995,0.000819778136311742,0.5447500000000001,,,1,False,True,0
A,posterior_mean_shrunk,cell,B,100,tail_b0.5_mu1.0_c1.0_T100_cap64,tail_b0.5_mu1.0_c1.0,64,10199000,phi_k16_famA_only,learned,1,1,2000,1,True,True,0.01848377674818039,0.017251305980607867,0.01977763148024678,0.0006437493459214929,0.9813333314061164,0.00497893500328064,0.01350484174489975,18.016,0.16342857142857145,29.0555,10.8705,0.21107520000000002,0.0,0.0,,0.9998171081542969,0.9995450231134891,0.9948381731510162,0.0,-0.008909121766686439,-0.010917515284381807,-0.006983933039009571,0.0010097574263985478,0.5635,,,1,False,True,0,-0.003414596438407898,-0.005030618805903941,-0.0018068513541948062,0.0008198414425140455,0.544,,,1,False,True,0
A,posterior_mean_shrunk,cell,B,100,tail_b0.5_mu1.0_c1.0_T100_cap64,tail_b0.5_mu1.0_c1.0,64,10199000,phi_k16_famB_only,learned,1,1,2000,1,True,True,0.018434163123369218,0.01720109856687486,0.019710993859916925,0.0006419885455752275,0.9813829450309277,0.0048985501825809475,0.01353561294078827,18.04,0.16367346938775512,29.038,10.8975,0.2109301,0.0,0.0,,0.9998171081542969,0.9995450231134891,0.9949185579717159,0.0,-0.008958735391497613,-0.010974209080450237,-0.00702081669587642,0.0010112502936170335,0.56375,,,1,False,True,0,-0.0034642100632190703,-0.0050797041389159855,-0.001857870147796348,0.0008202134892659022,0.544,,,1,False,True,0
A,posterior_mean_shrunk,cell,B,100,tail_b0.5_mu1.0_c1.0_T100_cap64,tail_b0.5_mu1.0_c1.0,64,10199000,phi_k16_guard,learned,1,1,2000,1,True,True,0.018412933707237244,0.01717955507338047,0.019696770841255783,0.0006413208526860927,0.9814041744470596,0.00489665886759758,0.013516274839639663,18.025,0.1635204081632653,29.0685,10.8825,0.2111225,0.0,0.0,,0.9998171081542969,0.9995450231134891,0.9949204492866993,0.0,-0.008979964807629585,-0.010990790254436432,-0.007049950142391026,0.0010097371461367669,0.56425,,,1,False,True,0,-0.0034854394793510436,-0.005088628502562642,-0.0018823827471351254,0.0008174977372144143,0.54425,,,1,False,True,0
A,posterior_mean_shrunk,cell,B,100,tail_b0.5_mu1.0_c1.0_T100_cap64,tail_b0.5_mu1.0_c1.0,64,10199000,phi_k16_hgb,learned,1,1,2000,1,True,True,0.019855698853731157,0.018547760741785168,0.021199030242860316,0.0006768411118423886,0.9799614093005657,0.002342251271009445,0.01751344758272171,26.891,0.2539897959183674,27.074,20.086,0.183974,0.0,0.012,96.0,0.9998171081542969,0.9995450231134891,0.9974748568832874,0.003,-0.007537199661135674,-0.00957429176196456,-0.0056068270350806415,0.0010273963074606738,0.5507500000000001,,,1,False,True,0,-0.002042674332857132,-0.003671972872689366,-0.0004162028373684735,0.0008261991643696676,0.5285,,,1,False,True,0
A,posterior_mean_shrunk,cell,B,100,tail_b0.5_mu1.0_c1.0_T100_cap64,tail_b0.5_mu1.0_c1.0,64,10199000,phi_k16_lucb,learned,1,1,2000,1,True,True,0.018434163123369218,0.01720109856687486,0.019710993859916925,0.0006419885455752275,0.9813829450309277,0.0048985501825809475,0.01353561294078827,18.032,0.16359183673469388,29.0465,10.891,0.21101750000000002,0.0,0.0,,0.9998171081542969,0.9995450231134891,0.9949185579717159,0.0,-0.008958735391497613,-0.010974209080450237,-0.00702081669587642,0.0010112502936170335,0.56375,,,1,False,True,0,-0.0034642100632190703,-0.0050797041389159855,-0.001857870147796348,0.0008202134892659022,0.544,,,1,False,True,0
A,posterior_mean_shrunk,cell,B,100,tail_b0.5_mu1.0_c1.0_T100_cap64,tail_b0.5_mu1.0_c1.0,64,10199000,phi_k16_noT1000,learned,1,1,2000,1,True,True,0.018350524306297303,0.017116385605186225,0.019626974267885088,0.0006407144617377455,0.9814665838479996,0.004514163315296173,0.013836360991001129,18.266,0.1659795918367347,28.9315,11.0695,0.2098991,0.0,0.001,96.0,0.9998171081542969,0.9995450231134891,0.9953029448390007,0.0005,-0.009042374208569527,-0.01107276468537748,-0.007097277883440257,0.0010189032991676126,0.56475,,,1,False,True,0,-0.0035478488802909852,-0.005164288252126425,-0.001939047791529449,0.0008135931168404523,0.5447500000000001,,,1,False,True,0
A,posterior_mean_shrunk,cell,B,100,tail_b0.5_mu1.0_c1.0_T100_cap64,tail_b0.5_mu1.0_c1.0,64,10199000,phi_k16_noT200,learned,1,1,2000,1,True,True,0.018397061824798583,0.017164220148697496,0.01967692980542779,0.0006413998363536088,0.9814200463294983,0.0048266080915927885,0.013570453733205796,18.096,0.16424489795918368,29.008,10.937,0.21060930000000003,0.0,0.0,,0.9998171081542969,0.9995450231134891,0.9949905000627041,0.0,-0.008995836690068246,-0.011006235796958207,-0.007063875743187966,0.0010111305153863472,0.5645,,,1,False,True,0,-0.0035013113617897032,-0.005116873956285416,-0.001888816512655467,0.0008197459338311969,0.545,,,1,False,True,0
A,posterior_mean_shrunk,cell,B,100,tail_b0.5_mu1.0_c1.0_T100_cap64,tail_b0.5_mu1.0_c1.0,64,10199000,phi_k16_noambig,learned,1,1,2000,1,True,True,0.018199257105588913,0.01697055124677718,0.0194872060790658,0.000637411339043117,0.9816178510487079,0.004335105091333389,0.013864152014255523,18.76,0.17102040816326533,28.6825,11.525,0.20728210000000002,0.0,0.0,,0.9998171081542969,0.9995450231134891,0.9954820030629635,0.0,-0.009193641409277916,-0.011264812760055065,-0.007242208230309188,0.0010277715677884196,0.5660000000000001,,,1,False,True,0,-0.0036991160809993744,-0.005278986052144319,-0.0021157972281798726,0.0008033088878000566,0.54425,,,1,False,True,0
A,posterior_mean_shrunk,cell,B,100,tail_b0.5_mu1.0_c1.0_T100_cap64,tail_b0.5_mu1.0_c1.0,64,10199000,phi_k16_nopolicy,learned,1,1,2000,1,True,True,0.018397061824798583,0.017164220148697496,0.01967692980542779,0.0006413998363536088,0.9814200463294983,0.004874846637248993,0.013522215187549591,18.072,0.164,29.028,10.9195,0.2107852,0.0,0.0,,0.9998171081542969,0.9995450231134891,0.9949422615170479,0.0,-0.008995836690068246,-0.011006235796958207,-0.007063875743187966,0.0010111305153863472,0.5645,,,1,False,True,0,-0.0035013113617897032,-0.005116873956285416,-0.001888816512655467,0.0008197459338311969,0.545,,,1,False,True,0
A,posterior_mean_shrunk,cell,B,100,tail_b0.5_mu1.0_c1.0_T100_cap64,tail_b0.5_mu1.0_c1.0,64,10199000,phi_k16_notrunc,learned,1,1,2000,1,True,True,0.018951299756765367,0.01766844647936523,0.02028255318291485,0.0006627044207036228,0.9808658083975315,0.0040027515590190885,0.014948548197746277,20.064,0.18432653061224494,28.1785,12.849,0.20078270000000004,0.0,0.0,,0.9998171081542969,0.9995450231134891,0.9958143565952778,0.0,-0.008441598758101463,-0.010465452726930379,-0.00647449471289292,0.0010278377451942257,0.55975,,,1,False,True,0,-0.0029470734298229218,-0.004479290870949626,-0.0013907486223615707,0.0007961029842431318,0.5377500000000001,,,1,False,True,0
A,posterior_mean_shrunk,cell,B,100,tail_b0.5_mu1.0_c1.0_T100_cap64,tail_b0.5_mu1.0_c1.0,64,10199000,phi_k16_onpolicy_only,learned,1,1,2000,1,True,True,0.01927429175376892,0.017966911429539323,0.020616101333871484,0.0006739431476350038,0.980542816400528,0.003099057912826538,0.016175233840942382,22.049,0.20458163265306123,27.771,14.771,0.1950067,0.0,0.0,,0.9998171081542969,0.9995450231134891,0.9967180502414703,0.0,-0.008118606761097907,-0.010182065214030445,-0.006105445313733072,0.0010516016461585868,0.55525,,,1,False,True,0,-0.0026240814328193666,-0.004233098542317748,-0.0010320431523723548,0.0008196258410651014,0.53525,,,1,False,True,0
A,posterior_mean_shrunk,cell,B,100,tail_b0.5_mu1.0_c1.0_T100_cap64,tail_b0.5_mu1.0_c1.0,64,10199000,phi_k16_onpolicy_union,learned,1,1,2000,1,True,True,0.018402784556150437,0.01716989236883819,0.019688851293176414,0.0006413887119293529,0.9814143235981464,0.004855785310268402,0.013546999245882034,18.064,0.1639183673469388,29.0335,10.912,0.2108462,0.0,0.0,,0.9998171081542969,0.9995450231134891,0.9949613228440285,0.0,-0.008990113958716392,-0.011000040406361222,-0.0070539794280193744,0.001011139774331529,0.56425,,,1,False,True,0,-0.003495588630437851,-0.005109985894523561,-0.0018839817319530995,0.000819778136311742,0.5447500000000001,,,1,False,True,0
A,posterior_mean_shrunk,cell,B,100,tail_b0.5_mu1.0_c1.0_T100_cap64,tail_b0.5_mu1.0_c1.0,64,10199000,phi_k16_perstep,learned,1,1,2000,1,True,True,0.019288690686225893,0.018064673617482187,0.020528827654197813,0.0006241400920743298,0.980528417468071,0.010827918529510499,0.008460772156715392,10.048,0.08212244897959184,34.5395,4.122,0.28081860000000003,0.0,0.0,,0.9998171081542969,0.9995450231134891,0.9889891896247863,0.0,-0.008104207828640938,-0.009773785970173776,-0.006491390231531114,0.0008476992970932721,0.55775,,,1,False,True,0,-0.0026096825003623964,-0.004280305642168969,-0.0009526570196612738,0.0008604820782987333,0.52475,,,1,False,True,0
A,posterior_mean_shrunk,cell,B,100,tail_b0.5_mu1.0_c1.0_T100_cap64,tail_b0.5_mu1.0_c1.0,64,10199000,phi_k16_quality,learned,1,1,2000,1,True,True,0.018458708226680755,0.017222452955320478,0.019748940737918018,0.000643395103991267,0.9813583999276161,0.004953866481781006,0.01350484174489975,18.024,0.16351020408163264,29.051,10.88,0.21103980000000003,0.0,0.0,,0.9998171081542969,0.9995450231134891,0.9948632416725158,0.0,-0.008934190288186074,-0.010940632317215204,-0.007006920548155905,0.001011060875797176,0.5635,,,1,False,True,0,-0.0034396649599075318,-0.005061100993771105,-0.0018295535468496387,0.0008215170543986699,0.544,,,1,False,True,0
A,posterior_mean_shrunk,cell,B,100,tail_b0.5_mu1.0_c1.0_T100_cap64,tail_b0.5_mu1.0_c1.0,64,10199000,phi_k16_tau05,learned,1,1,2000,1,True,True,0.018402784556150437,0.01716989236883819,0.019688851293176414,0.0006413887119293529,0.9814143235981464,0.0048805693686008456,0.013522215187549591,18.056,0.16383673469387755,29.0365,10.906,0.2108802,0.0,0.0,,0.9998171081542969,0.9995450231134891,0.994936538785696,0.0,-0.008990113958716392,-0.011000040406361222,-0.0070539794280193744,0.001011139774331529,0.56425,,,1,False,True,0,-0.003495588630437851,-0.005109985894523561,-0.0018839817319530995,0.000819778136311742,0.5447500000000001,,,1,False,True,0
A,posterior_mean_shrunk,cell,B,100,tail_b0.5_mu1.0_c1.0_T100_cap64,tail_b0.5_mu1.0_c1.0,64,10199000,phi_k16_weighted,learned,1,1,2000,1,True,True,0.018386310845613478,0.017160908365622164,0.019647839665412902,0.0006364928916964538,0.9814307973086834,0.0047047844231128694,0.01368152642250061,18.182,0.16512244897959186,28.9745,11.0185,0.2103198,0.0,0.0,,0.9998171081542969,0.9995450231134891,0.995112323731184,0.0,-0.009006587669253349,-0.0110292176483199,-0.007059745432343334,0.0010161432495500338,0.56375,,,1,False,True,0,-0.0035120623409748077,-0.005112898035440594,-0.0019112642999971287,0.0008142981187936432,0.54425,,,1,False,True,0
A,posterior_mean_shrunk,cell,B,100,tail_b0.5_mu1.0_c1.0_T100_cap64,tail_b0.5_mu1.0_c1.0,64,10199000,phi_k4,learned,1,1,2000,1,True,True,0.018880676060914994,0.017698603868484496,0.02014113371260464,0.0006204135005634167,0.9809364320933819,0.002319636523723602,0.01656103953719139,25.466,0.2394489795918367,26.265,18.277,0.17581960000000002,0.0,0.0,,0.9998171081542969,0.9995450231134891,0.9974974716305732,0.0,-0.008512222453951836,-0.010577818774618207,-0.006463905086275192,0.0010630348294275525,0.55125,,,1,False,True,0,-0.003017697125673294,-0.0043741768808104094,-0.0016791550617199392,0.0006814991860290405,0.522,,,1,False,True,0
A,posterior_mean_shrunk,cell,B,100,tail_b0.5_mu1.0_c1.0_T100_cap64,tail_b0.5_mu1.0_c1.0,64,10199000,phi_reservoir_rule,learned,1,1,2000,1,True,True,0.03149554666876793,0.029475955059751868,0.0335264403373003,0.0010321594776505705,0.968321561485529,0.0004931619167327881,0.03100238475203514,54.599,0.5367244897959184,14.698,47.4335,0.0635821,0.0,0.657,82.77625570776256,0.9998171081542969,0.9995450231134891,0.999323946237564,0.3285,0.0041026481539011,0.0014160938328132036,0.006719407043419777,0.001359908682620718,0.46449999999999997,,,1,False,True,0,0.009597173482179642,0.007512440555728972,0.01173282873351127,0.0010718337865652054,0.44,,,1,False,True,0
A,posterior_mean_shrunk,cell,B,100,tail_b0.5_mu1.0_c1.0_T100_cap64,tail_b0.5_mu1.0_c1.0,64,10199000,phi_sf_k16,learned,1,1,2000,1,True,True,0.01906357604265213,0.017805645568296315,0.020392920030280946,0.0006636988640808559,0.9807535321116447,0.003117312103509903,0.015946263939142228,23.472,0.21910204081632656,26.616,16.0805,0.18335610000000002,0.0,0.0,,0.9998171081542969,0.9995450231134891,0.996699796050787,0.0,-0.008329322472214698,-0.01044999265577644,-0.006278604699764402,0.0010704202506915917,0.554,,,1,False,True,0,-0.0028347971439361573,-0.004198996804188937,-0.0014762942882953218,0.0006902538993509355,0.5325,,,1,False,True,0
A,posterior_mean_shrunk,cell,B,100,tail_b0.5_mu1.0_c1.0_T100_cap64,tail_b0.5_mu1.0_c1.0,64,10199000,phi_sf_k16_noT1000,learned,1,1,2000,1,True,True,0.018397061824798583,0.017164220148697496,0.01967692980542779,0.0006413998363536088,0.9814200463294983,0.004874846637248993,0.013522215187549591,18.064,0.1639183673469388,29.0305,10.912,0.21082120000000001,0.0,0.0,,0.9998171081542969,0.9995450231134891,0.9949422615170479,0.0,-0.008995836690068246,-0.011006235796958207,-0.007063875743187966,0.0010111305153863472,0.5645,,,1,False,True,0,-0.0035013113617897032,-0.005116873956285416,-0.001888816512655467,0.0008197459338311969,0.545,,,1,False,True,0
A,posterior_mean_shrunk,cell,B,100,tail_b0.5_mu1.0_c1.0_T100_cap64,tail_b0.5_mu1.0_c1.0,64,10199000,power_a0.25,baseline,1,1,2000,1,True,True,0.02258502361178398,0.021168154384940865,0.024044168833643197,0.0007406835403142456,0.9772320845425129,0.0010220285654067994,0.02156299504637718,39.0,0.37755102040816324,21.2425,32.0985,0.11915260000000001,0.0,,,0.9998171081542969,0.9995450231134891,0.99879507958889,0.0,-0.004807874903082847,-0.007016347441822291,-0.002676439681090416,0.0011349071269710627,0.52625,,,1,False,True,0,0.000686650425195694,-0.0006901237182319164,0.002093628351576626,0.0007172840980053388,0.503,,,1,False,True,0
A,posterior_mean_shrunk,cell,B,100,tail_b0.5_mu1.0_c1.0_T100_cap64,tail_b0.5_mu1.0_c1.0,64,10199000,power_a0.33,baseline,1,1,2000,1,True,True,0.02189837318658829,0.020526798954233528,0.0233628174290061,0.0007125548173987153,0.9779187349677085,0.0012379875481128692,0.020660385638475418,36.0,0.34693877551020413,21.5845,28.6805,0.12506830000000002,0.0,,,0.9998171081542969,0.9995450231134891,0.998579120606184,0.0,-0.005494525328278542,-0.007714016560930758,-0.0033082748122978956,0.001125111250362711,0.52425,,,1,False,True,0,0.0,0.0,0.0,0.0,0.5,,,1,False,True,0
A,posterior_mean_shrunk,cell,B,100,tail_b0.5_mu1.0_c1.0_T100_cap64,tail_b0.5_mu1.0_c1.0,64,10199000,power_a0.5,baseline,1,1,2000,1,True,True,0.023498206317424775,0.022017620084807277,0.025027092406526206,0.0007734770312928392,0.9763189018368721,0.0010949073135852814,0.022403299003839493,38.0,0.3673469387755102,20.059,30.2025,0.1118015,0.0,,,0.9998171081542969,0.9995450231134891,0.9987222008407116,0.0,-0.003894692197442055,-0.006215458270162343,-0.001676478228182532,0.001159495498880467,0.514,,,1,False,True,0,0.0015998331308364868,0.0005680172442225743,0.002675174095202237,0.000537866739920267,0.48974999999999996,,,1,False,True,0
A,posterior_mean_shrunk,cell,B,100,tail_b0.5_mu1.0_c1.0_T100_cap64,tail_b0.5_mu1.0_c1.0,64,10199000,power_a0.67,baseline,1,1,2000,1,True,True,0.02496328720450401,0.023379339184612036,0.026599256973713636,0.0008230147023031123,0.9748538209497929,0.0012379875481128692,0.023725299656391145,36.0,0.34693877551020413,19.0155,26.652,0.1055463,0.0,,,0.9998171081542969,0.9995450231134891,0.998579120606184,0.0,-0.0024296113103628157,-0.004803233407437801,-0.00012136123405071004,0.0011968596166836152,0.5125,,,1,False,True,0,0.0030649140179157255,0.0016993609548080716,0.004464253783226013,0.000712361510320127,0.48124999999999996,,,1,False,True,0
A,posterior_mean_shrunk,cell,B,100,tail_b0.5_mu1.0_c1.0_T100_cap64,tail_b0.5_mu1.0_c1.0,64,10199000,refine_after_init,baseline,1,1,2000,1,True,True,0.029436660349369047,0.027487322874367236,0.031496993452310565,0.0010377405001808747,0.9703804478049278,0.022479870826005936,0.006956789523363114,8.0,0.06122448979591836,36.1695,2.5285,0.3042467,0.1545,,,0.9998171081542969,0.9995450231134891,0.9773372373282909,0.0,0.00204376183450222,0.0006110519505455163,0.003505286230938509,0.0007447970438346549,0.498,,,1,False,True,0,0.007538287162780761,0.0051859436207450935,0.009902207995764911,0.0012228715136333686,0.47100000000000003,,,1,False,True,0
A,posterior_mean_shrunk,cell,B,100,tail_b0.5_mu1.0_c1.0_T100_cap64,tail_b0.5_mu1.0_c1.0,64,10199000,rule_reservoir,rule,1,1,2000,1,True,True,0.03415854632854462,0.032120943441987036,0.03629217520356178,0.001072077453868441,0.9656585618257523,0.0005056035220623017,0.03365294280648232,63.7165,0.6297602040816328,14.0075,58.4185,0.055026500000000006,0.013,3.3205,64.0,0.9998171081542969,0.9995450231134891,0.9993115046322346,0.994,0.006765647813677788,0.004024866677355021,0.009471654728986317,0.0013988869604137904,0.45625,,,1,False,True,0,0.01226017314195633,0.010020274668931961,0.014530751155689359,0.001141777912713051,0.42274999999999996,,,1,False,True,0
A,posterior_mean_shrunk,cell,B,100,tail_b0.5_mu1.0_c1.0_T100_cap64,tail_b0.5_mu1.0_c1.0,64,10199000,uniform,baseline,1,1,2000,1,True,True,0.0367178019285202,0.03448957623913884,0.038991646468639375,0.0011638219373850097,0.9630993062257767,0.0005347197949886322,0.03618308213353157,51.184,0.5018775510204082,13.489,41.24,0.0605248,0.0185,,95.6,0.9998171081542969,0.9995450231134891,0.9992823883593083,0.005,0.009324903413653374,0.006464730866719038,0.01220380503218621,0.0014693694788042364,0.45525000000000004,,,1,False,True,0,0.014819428741931916,0.012618827586993576,0.01712753386236727,0.0011578118815541503,0.42500000000000004,,,1,False,True,0
A,posterior_mean_shrunk,cell,B,200,tail_b0.5_mu1.0_c1.0_T200_cap64,tail_b0.5_mu1.0_c1.0,64,10202000,always_search,baseline,1,1,2000,1,True,True,0.011072196483612061,0.010328459856100381,0.011834531440399587,0.0003818774820640495,0.9888853278160096,0.0003915835618972778,0.010680612921714783,64.0,0.31313131313131315,45.836,54.7775,0.13431545,0.0,,64.0,0.9999575242996216,0.9995659407377243,0.9995659407377243,1.0,-0.0032152172327041626,-0.004438689723610878,-0.002034663059748711,0.0006139918874656047,0.5449999999999999,,,1,False,True,0,-3.262138366699219e-05,-7.61880570280482e-05,-3.248861486326882e-06,1.9357561642568825e-05,0.5015,,,1,False,True,0
A,posterior_mean_shrunk,cell,B,200,tail_b0.5_mu1.0_c1.0_T200_cap64,tail_b0.5_mu1.0_c1.0,64,10202000,cp0,reference,1,1,2000,1,True,True,0.014287413716316224,0.013309351494535803,0.015325314761139451,0.0005185865855936998,0.9856701105833053,0.008532230824232101,0.005755182892084122,13.994,0.06057575757575755,55.4805,3.894,0.20904820000000002,1.2445,,,0.9999575242996216,0.9995659407377243,0.9914252934753894,0.0,0.0,0.0,0.0,0.0,0.5,,,1,False,True,0,0.0031825958490371703,0.0019936215947382154,0.00440634642727673,0.0006138769827786063,0.45575,,,1,False,True,0
A,posterior_mean_shrunk,cell,B,200,tail_b0.5_mu1.0_c1.0_T200_cap64,tail_b0.5_mu1.0_c1.0,64,10202000,fixed_K16,baseline,1,1,2000,1,True,True,0.011465963244438172,0.010669870628044009,0.012328635505400597,0.00042590674892585003,0.9884915610551834,0.0066867866218090054,0.004779176622629166,16.0,0.07070707070707072,65.616,7.485,0.257797975,0.0675,,,0.9999575242996216,0.9995659407377243,0.9932707376778126,0.0,-0.002821450471878052,-0.0035290236584842203,-0.002159835695056245,0.00034861315445795083,0.54075,,,1,False,True,0,0.00036114537715911866,-0.0006852278631413352,0.0014156230841763317,0.0005408624575794277,0.49374999999999997,,,1,False,True,0
A,posterior_mean_shrunk,cell,B,200,tail_b0.5_mu1.0_c1.0_T200_cap64,tail_b0.5_mu1.0_c1.0,64,10202000,p3_star,reference,1,1,2000,1,True,True,0.011104817867279054,0.010363060189411044,0.011869176803156732,0.0003820383798985572,0.9888527064323426,0.0003915835618972778,0.010713234305381776,64.0,0.31313131313131315,45.8315,54.7695,0.13428452500000002,0.0,,70.0,0.9999575242996216,0.9995659407377243,0.9995659407377243,1.0,-0.0031825958490371703,-0.004406346427276731,-0.0019936215947382154,0.0006138769827786063,0.54425,,,1,False,True,0,0.0,0.0,0.0,0.0,0.5,,,1,False,True,0
A,posterior_mean_shrunk,cell,B,200,tail_b0.5_mu1.0_c1.0_T200_cap64,tail_b0.5_mu1.0_c1.0,64,10202000,phi_k1,learned,1,1,2000,1,True,True,0.011196149230003357,0.010453509003855289,0.011982925073243677,0.00038703207119142807,0.9887613750696183,0.00040627452731132506,0.010789874702692033,62.616,0.3061414141414142,46.185,53.2495,0.136782675,0.0,4.4765,76.78594878529219,0.9999575242996216,0.9995659407377243,0.9995512497723102,0.7615,-0.003091264486312866,-0.004326908395159989,-0.0019133299385430292,0.0006168568404285648,0.5519999999999999,,,1,False,True,0,9.13313627243042e-05,-0.00015103727782843633,0.0003390543824934864,0.00012422731161837428,0.50325,,,1,False,True,0
A,posterior_mean_shrunk,cell,B,200,tail_b0.5_mu1.0_c1.0_T200_cap64,tail_b0.5_mu1.0_c1.0,64,10202000,phi_k16,learned,1,1,2000,1,True,True,0.010039265871047974,0.009400034020654858,0.010740096285007893,0.00034188321973145197,0.9899182584285736,0.00452657812833786,0.0055126877427101135,19.024,0.08597979797979799,62.849,9.7975,0.24066457500000002,0.0,0.0,,0.9999575242996216,0.9995659407377243,0.9954309461712837,0.0,-0.004248147845268249,-0.005203033750876784,-0.0033359567285515374,0.00048460842566451495,0.55525,,,1,False,True,0,-0.001065551996231079,-0.001984988612821326,-0.0001328760044998492,0.0004696809829739084,0.512,,,1,False,True,0
A,posterior_mean_shrunk,cell,B,200,tail_b0.5_mu1.0_c1.0_T200_cap64,tail_b0.5_mu1.0_c1.0,64,10202000,phi_k16_all71,learned,1,1,2000,1,True,True,0.010026479989290238,0.009392221551388502,0.010708042490296065,0.0003373735396346779,0.9899310443103313,0.0036011293530464174,0.0064253506362438205,22.704,0.10456565656565657,60.528,13.0645,0.22542215,0.0,0.0,,0.9999575242996216,0.9995659407377243,0.9963563949465751,0.0,-0.004260933727025986,-0.005267779843416065,-0.003301371913403273,0.0005074049653071634,0.5605,,,1,False,True,0,-0.0010783378779888153,-0.001996496395440772,-0.0001367791308439338,0.0004637696615455319,0.51325,,,1,False,True,0
A,posterior_mean_shrunk,cell,B,200,tail_b0.5_mu1.0_c1.0_T200_cap64,tail_b0.5_mu1.0_c1.0,64,10202000,phi_k16_clock,learned,1,1,2000,1,True,True,0.010295054614543915,0.009637635061517357,0.010980758746154605,0.00034758120049579875,0.9896624696850777,0.0006442765891551971,0.009650778025388718,50.0,0.24242424242424232,49.9745,40.2975,0.15956022499999997,0.0,0.0,,0.9999575242996216,0.9995659407377243,0.9993132477104664,0.0,-0.0039923591017723085,-0.005162443080917,-0.0028696630382910376,0.0005910653003421233,0.5625,,,1,False,True,0,-0.000809763252735138,-0.0014152533811284229,-0.00020367577890283432,0.0003088877309684745,0.5155,,,1,False,True,0
A,posterior_mean_shrunk,cell,B,200,tail_b0.5_mu1.0_c1.0_T200_cap64,tail_b0.5_mu1.0_c1.0,64,10202000,phi_k16_cs,learned,1,1,2000,1,True,True,0.010073763221502304,0.009429338807240128,0.010790315922349691,0.0003446219256792221,0.9898837610781193,0.004549677312374115,0.005524085909128189,19.04,0.08606060606060607,62.8345,9.816,0.24056065000000001,0.0,0.0,,0.9999575242996216,0.9995659407377243,0.9954078469872475,0.0,-0.004213650494813919,-0.005159986251965165,-0.003300849493825808,0.0004841348097829513,0.5549999999999999,,,1,False,True,0,-0.0010310546457767487,-0.0019516387255862353,-8.644842928333685e-05,0.0004722462098965186,0.511,,,1,False,True,0
A,posterior_mean_shrunk,cell,B,200,tail_b0.5_mu1.0_c1.0_T200_cap64,tail_b0.5_mu1.0_c1.0,64,10202000,phi_k16_famA_only,learned,1,1,2000,1,True,True,0.010133665293455123,0.009483793028630316,0.0108573735691607,0.0003444556441895816,0.9898238590061664,0.004155803501605987,0.005977861791849137,21.128,0.09660606060606063,61.813,11.743,0.23401665,0.0025,0.0,,0.9999575242996216,0.9995659407377243,0.9958017207980155,0.0,-0.004153748422861099,-0.005134925968013704,-0.003194919647648931,0.0005034087802692989,0.5545,,,1,False,True,0,-0.0009711525738239289,-0.001873250989592634,-1.7329636921204064e-05,0.00047035161642223323,0.5095000000000001,,,1,False,True,0
A,posterior_mean_shrunk,cell,B,200,tail_b0.5_mu1.0_c1.0_T200_cap64,tail_b0.5_mu1.0_c1.0,64,10202000,phi_k16_famB_only,learned,1,1,2000,1,True,True,0.01021970546245575,0.009565494162961841,0.010944904061034322,0.000348402418744541,0.9897378188371658,0.004814993560314179,0.005404711902141571,18.472,0.08319191919191919,63.3375,9.3785,0.24363085,0.0015,0.0,,0.9999575242996216,0.9995659407377243,0.9951425307393074,0.0,-0.004067708253860474,-0.004995213367510587,-0.0031681533146183938,0.0004713472281103179,0.55225,,,1,False,True,0,-0.0008851124048233032,-0.0018348682031501084,7.671000985283128e-05,0.00048317437804715316,0.51075,,,1,False,True,0
A,posterior_mean_shrunk,cell,B,200,tail_b0.5_mu1.0_c1.0_T200_cap64,tail_b0.5_mu1.0_c1.0,64,10202000,phi_k16_guard,learned,1,1,2000,1,True,True,0.010039265871047974,0.009400034020654858,0.010740096285007893,0.00034188321973145197,0.9899182584285736,0.00452657812833786,0.0055126877427101135,19.0165,0.0859419191919192,62.852,9.791,0.24068742499999998,0.0,0.0,,0.9999575242996216,0.9995659407377243,0.9954309461712837,0.0,-0.004248147845268249,-0.005203033750876784,-0.0033359567285515374,0.00048460842566451495,0.55525,,,1,False,True,0,-0.001065551996231079,-0.001984988612821326,-0.0001328760044998492,0.0004696809829739084,0.512,,,1,False,True,0
A,posterior_mean_shrunk,cell,B,200,tail_b0.5_mu1.0_c1.0_T200_cap64,tail_b0.5_mu1.0_c1.0,64,10202000,phi_k16_hgb,learned,1,1,2000,1,True,True,0.010014197140932083,0.009376367134973407,0.010684730298817158,0.00032839551231034924,0.9899433271586895,0.0011285096406936646,0.008885687500238418,37.805,0.18083333333333335,55.0415,27.8285,0.19080937499999998,0.0,0.124,191.44827586206895,0.9999575242996216,0.9995659407377243,0.9988290146589279,0.0145,-0.00427321657538414,-0.005357030720915645,-0.003232029953505844,0.0005482244733569084,0.5575,,,1,False,True,0,-0.0010906207263469696,-0.001932933393982239,-0.00024303114369104167,0.000431183703246492,0.5102500000000001,,,1,False,True,0
A,posterior_mean_shrunk,cell,B,200,tail_b0.5_mu1.0_c1.0_T200_cap64,tail_b0.5_mu1.0_c1.0,64,10202000,phi_k16_lucb,learned,1,1,2000,1,True,True,0.010109496057033538,0.009463769267313182,0.01081076213158667,0.0003419588691873695,0.989848028242588,0.004793230414390564,0.005316265642642975,18.399,0.08282323232323233,63.4355,9.3305,0.24433487499999998,0.0055,0.001,96.0,0.9999575242996216,0.9995659407377243,0.995164293885231,0.0005,-0.004177917659282685,-0.005113709217403084,-0.003269507770892233,0.00047623162186038206,0.55425,,,1,False,True,0,-0.0009953218102455139,-0.001934632667689584,-3.954665489800408e-05,0.00047863148343488786,0.51275,,,1,False,True,0
A,posterior_mean_shrunk,cell,B,200,tail_b0.5_mu1.0_c1.0_T200_cap64,tail_b0.5_mu1.0_c1.0,64,10202000,phi_k16_noT1000,learned,1,1,2000,1,True,True,0.009546021163463593,0.008925823704339563,0.010205531399697066,0.00032694452369802805,0.990411503136158,0.0026079512238502502,0.006938069939613343,26.526,0.12386868686868686,58.146,16.5295,0.21041832500000002,0.0,0.002,104.0,0.9999575242996216,0.9995659407377243,0.9973495730757713,0.001,-0.0047413925528526305,-0.005820827244315296,-0.0036874112265650187,0.0005454171953394725,0.56875,,,1,False,True,0,-0.0015587967038154602,-0.0024043709679972378,-0.0006956588811590342,0.00043561491156778525,0.52,,,1,False,True,0
A,posterior_mean_shrunk,cell,B,200,tail_b0.5_mu1.0_c1.0_T200_cap64,tail_b0.5_mu1.0_c1.0,64,10202000,phi_k16_noT200,learned,1,1,2000,1,True,True,0.01025655522942543,0.009600638947449626,0.01097156023606658,0.00034579852665344354,0.9897009690701961,0.0039019674062728883,0.006354587823152542,21.693,0.09945959595959597,61.024,12.186,0.229175025,0.0,0.011,96.0,0.9999575242996216,0.9995659407377243,0.9960555568933487,0.0015,-0.0040308584868907925,-0.005021844839211553,-0.0030672077846247707,0.000503209664009406,0.5525,,,1,False,True,0,-0.0008482626378536225,-0.0017484367999713868,8.701523584022634e-05,0.0004646719824288292,0.503,,,1,False,True,0
A,posterior_mean_shrunk,cell,B,200,tail_b0.5_mu1.0_c1.0_T200_cap64,tail_b0.5_mu1.0_c1.0,64,10202000,phi_k16_noambig,learned,1,1,2000,1,True,True,0.009782626688480378,0.009138420480303467,0.010444745188578963,0.00032821806415787305,0.9901748976111412,0.0019693593084812162,0.007813267379999161,30.976,0.14634343434343436,55.3975,20.5905,0.194308675,0.0,0.0,,0.9999575242996216,0.9995659407377243,0.9979881649911404,0.0,-0.004504787027835846,-0.005614318128209561,-0.0034232727019116284,0.0005580192258727924,0.56125,,,1,False,True,0,-0.0013221911787986756,-0.0021823106857482345,-0.0004588813098962419,0.000431422967711646,0.5175,,,1,False,True,0
A,posterior_mean_shrunk,cell,B,200,tail_b0.5_mu1.0_c1.0_T200_cap64,tail_b0.5_mu1.0_c1.0,64,10202000,phi_k16_nopolicy,learned,1,1,2000,1,True,True,0.01004420754313469,0.009391576377674937,0.010719107068143784,0.000336098982347641,0.9899133167564869,0.0013895176649093629,0.008654689878225326,34.8,0.16565656565656564,54.5395,24.5435,0.188922225,0.0,0.0,,0.9999575242996216,0.9995659407377243,0.9985680066347122,0.0,-0.004243206173181534,-0.005382038548123092,-0.003151903988327831,0.0005744525456276106,0.56225,,,1,False,True,0,-0.0010606103241443635,-0.001860013694385998,-0.00021803819472552305,0.00041854461929641886,0.51525,,,1,False,True,0
A,posterior_mean_shrunk,cell,B,200,tail_b0.5_mu1.0_c1.0_T200_cap64,tail_b0.5_mu1.0_c1.0,64,10202000,phi_k16_notrunc,learned,1,1,2000,1,True,True,0.01005044811964035,0.009401825862005353,0.010727279144339264,0.0003401433846808718,0.9899070761799812,0.001194769561290741,0.00885567855834961,37.935,0.181489898989899,53.7515,27.899,0.184263375,0.0,0.001,80.0,0.9999575242996216,0.9995659407377243,0.9987627547383309,0.0005,-0.004236965596675872,-0.0053992443019524215,-0.0031323286413680765,0.000582445689397474,0.56525,,,1,False,True,0,-0.0010543697476387023,-0.0018274898495292291,-0.000252811766404194,0.0004043803215631387,0.517,,,1,False,True,0
A,posterior_mean_shrunk,cell,B,200,tail_b0.5_mu1.0_c1.0_T200_cap64,tail_b0.5_mu1.0_c1.0,64,10202000,phi_k16_onpolicy_only,learned,1,1,2000,1,True,True,0.010558888286352158,0.00988546316511929,0.011254387954249979,0.0003496520392921892,0.9893986360132694,0.001445639342069626,0.009113248944282532,34.956,0.16644444444444445,54.948,24.889,0.195276075,0.0,0.556,157.6867469879518,0.9999575242996216,0.9995659407377243,0.9985118849575519,0.0415,-0.0037285254299640655,-0.00474456085357815,-0.0027576804277487112,0.0005133042957723635,0.54525,,,1,False,True,0,-0.0005459295809268951,-0.001483357828692533,0.00038493334577651686,0.00046649474635404364,0.50525,,,1,False,True,0
A,posterior_mean_shrunk,cell,B,200,tail_b0.5_mu1.0_c1.0_T200_cap64,tail_b0.5_mu1.0_c1.0,64,10202000,phi_k16_onpolicy_union,learned,1,1,2000,1,True,True,0.010094527930021286,0.009442531736567616,0.010806490643881261,0.00034659641762748,0.9898629963696003,0.004247339308261871,0.0058471886217594145,19.552,0.08864646464646467,62.237,10.1775,0.23738,0.0,0.0,,0.9999575242996216,0.9995659407377243,0.9957101849913597,0.0,-0.0041928857862949375,-0.005169966863468289,-0.0032541860069613907,0.0004965244946997644,0.55575,,,1,False,True,0,-0.0010102899372577668,-0.001920692968997173,-8.291760404972654e-05,0.00046779751877599823,0.51025,,,1,False,True,0
A,posterior_mean_shrunk,cell,B,200,tail_b0.5_mu1.0_c1.0_T200_cap64,tail_b0.5_mu1.0_c1.0,64,10202000,phi_k16_perstep,learned,1,1,2000,1,True,True,0.011163660943508149,0.010480267507955433,0.01191381593234837,0.00036933250415896517,0.9887938633561134,0.006389346182346344,0.004774314761161805,14.725,0.06426767676767677,66.8675,6.408,0.2655006,0.0005,0.0,,0.9999575242996216,0.9995659407377243,0.9935681781172753,0.0,-0.003123752772808075,-0.004036853672005235,-0.002238240418955685,0.0004608777176071288,0.5305,,,1,False,True,0,5.8843076229095456e-05,-0.0009268137771869074,0.001046098384540528,0.0005031043254052803,0.4945,,,1,False,True,0
A,posterior_mean_shrunk,cell,B,200,tail_b0.5_mu1.0_c1.0_T200_cap64,tail_b0.5_mu1.0_c1.0,64,10202000,phi_k16_quality,learned,1,1,2000,1,True,True,0.010515912234783173,0.009827291104011237,0.01126555004157126,0.0003685817278058104,0.9894416120648384,0.00520764371752739,0.005308268517255783,18.216,0.08189898989898992,63.593,9.19,0.245144825,0.016,0.0,,0.9999575242996216,0.9995659407377243,0.9947498805820942,0.0,-0.0037715014815330504,-0.004635117063298821,-0.0029478626733180136,0.0004396947281288769,0.5527500000000001,,,1,False,True,0,-0.0005889056324958801,-0.00155832591408398,0.00040461208773194806,0.0004977503089687166,0.50925,,,1,False,True,0
A,posterior_mean_shrunk,cell,B,200,tail_b0.5_mu1.0_c1.0_T200_cap64,tail_b0.5_mu1.0_c1.0,64,10202000,phi_k16_tau05,learned,1,1,2000,1,True,True,0.010039265871047974,0.009400034020654858,0.010740096285007893,0.00034188321973145197,0.9899182584285736,0.00452657812833786,0.0055126877427101135,19.024,0.08597979797979799,62.849,9.7975,0.24066457500000002,0.0,0.0,,0.9999575242996216,0.9995659407377243,0.9954309461712837,0.0,-0.004248147845268249,-0.005203033750876784,-0.0033359567285515374,0.00048460842566451495,0.55525,,,1,False,True,0,-0.001065551996231079,-0.001984988612821326,-0.0001328760044998492,0.0004696809829739084,0.512,,,1,False,True,0
A,posterior_mean_shrunk,cell,B,200,tail_b0.5_mu1.0_c1.0_T200_cap64,tail_b0.5_mu1.0_c1.0,64,10202000,phi_k16_weighted,learned,1,1,2000,1,True,True,0.010219128459692,0.009550277749076486,0.010933839320205151,0.0003516606597053383,0.9897383958399296,0.004703626424074173,0.005515502035617828,18.594,0.08380808080808082,63.2,9.493,0.24325542499999997,0.0,0.0,,0.9999575242996216,0.9995659407377243,0.9952538978755474,0.0,-0.0040682852566242215,-0.004985880653839559,-0.0031841577903833247,0.00046824805970527273,0.55375,,,1,False,True,0,-0.0008856894075870514,-0.0018204271706053986,7.718386677879587e-05,0.00048617249635006483,0.5115,,,1,False,True,0
A,posterior_mean_shrunk,cell,B,200,tail_b0.5_mu1.0_c1.0_T200_cap64,tail_b0.5_mu1.0_c1.0,64,10202000,phi_k4,learned,1,1,2000,1,True,True,0.010518329054117202,0.009839446120895445,0.011232041101902722,0.0003524955574681721,0.9894391952455044,0.000530939668416977,0.009987389385700226,54.781,0.26657070707070707,48.553,45.1525,0.15110220000000002,0.0,0.275,75.53488372093024,0.9999575242996216,0.9995659407377243,0.9994265846312046,0.1075,-0.0037690846621990202,-0.004942037921864539,-0.0026363314012996853,0.0005954425476540933,0.55125,,,1,False,True,0,-0.00058648881316185,-0.0010912668192759156,-7.265920230565832e-05,0.0002571972823535026,0.5055,,,1,False,True,0
A,posterior_mean_shrunk,cell,B,200,tail_b0.5_mu1.0_c1.0_T200_cap64,tail_b0.5_mu1.0_c1.0,64,10202000,phi_reservoir_rule,learned,1,1,2000,1,True,True,0.011340242624282838,0.010572967841289938,0.012117395945824682,0.0003915740255526691,0.9886172816753388,0.0003915835618972778,0.01094865906238556,64.0,0.31313131313131315,44.05,53.6295,0.12490297499999999,0.0,90.28,81.336,0.9999575242996216,0.9995659407377243,0.9995659407377243,1.0,-0.0029471710920333863,-0.00419156386051327,-0.0017508806166006258,0.0006186523444546722,0.5427500000000001,,,1,False,True,0,0.00023542475700378418,-0.00016978932981146497,0.0006386333305272272,0.00020585444730257275,0.498,,,1,False,True,0
A,posterior_mean_shrunk,cell,B,200,tail_b0.5_mu1.0_c1.0_T200_cap64,tail_b0.5_mu1.0_c1.0,64,10202000,phi_sf_k16,learned,1,1,2000,1,True,True,0.010095935463905335,0.009441618458367884,0.01077651681844145,0.000341262165232779,0.9898615888357163,0.0008239214420318604,0.009272014021873474,45.78,0.2211111111111111,50.2425,35.351,0.16151942500000002,0.0,0.108,84.44444444444444,0.9999575242996216,0.9995659407377243,0.9991336028575897,0.054,-0.004191478252410888,-0.005366476671770215,-0.0030536731122992934,0.0005883087219021371,0.56175,,,1,False,True,0,-0.0010088824033737183,-0.0016728727496229112,-0.0003273505142715294,0.00034064403672129313,0.5105,,,1,False,True,0
A,posterior_mean_shrunk,cell,B,200,tail_b0.5_mu1.0_c1.0_T200_cap64,tail_b0.5_mu1.0_c1.0,64,10202000,phi_sf_k16_noT1000,learned,1,1,2000,1,True,True,0.010066774934530258,0.00943196015432477,0.010743300290778279,0.00033714081746671274,0.9898907493650914,0.004136011481285095,0.005930763453245163,20.295,0.09239898989898992,61.862,10.878,0.23444707499999998,0.0,0.001,96.0,0.9999575242996216,0.9995659407377243,0.9958215128183365,0.0005,-0.004220638781785965,-0.005203657108359039,-0.003267291007796303,0.0004993851464591264,0.55275,,,1,False,True,0,-0.0010380429327487945,-0.0019448545441264286,-0.00011213536708964976,0.0004627553458614942,0.507,,,1,False,True,0
A,posterior_mean_shrunk,cell,B,200,tail_b0.5_mu1.0_c1.0_T200_cap64,tail_b0.5_mu1.0_c1.0,64,10202000,power_a0.25,baseline,1,1,2000,1,True,True,0.01117605298757553,0.01047085616737604,0.011905950540676714,0.00037103608159748196,0.9887814713120461,0.0004559590518474579,0.010720093935728073,59.0,0.28787878787878796,45.0345,48.9505,0.13381369999999998,0.0,,,0.9999575242996216,0.9995659407377243,0.9995015652477741,0.0,-0.003111360728740692,-0.00432134629227221,-0.001943056692834944,0.0006112108526941889,0.5325,,,1,False,True,0,7.123512029647827e-05,-0.0005669767429935745,0.0007109641461283892,0.0003223086007079042,0.48724999999999996,,,1,False,True,0
A,posterior_mean_shrunk,cell,B,200,tail_b0.5_mu1.0_c1.0_T200_cap64,tail_b0.5_mu1.0_c1.0,64,10202000,power_a0.33,baseline,1,1,2000,1,True,True,0.011344682067632676,0.010613409825600684,0.012112248153425754,0.0003855363433848508,0.9886128422319889,0.0004953064620494842,0.010849375605583191,57.0,0.2777777777777778,44.5975,46.5785,0.13302767499999998,0.0,,,0.9999575242996216,0.9995659407377243,0.999462217837572,0.0,-0.002942731648683548,-0.004125052806921303,-0.0017718137969495733,0.0006086415418620218,0.537,,,1,False,True,0,0.00023986420035362242,-0.00040612620505271475,0.0009004482766613362,0.0003369099642035311,0.48950000000000005,,,1,False,True,0
A,posterior_mean_shrunk,cell,B,200,tail_b0.5_mu1.0_c1.0_T200_cap64,tail_b0.5_mu1.0_c1.0,64,10202000,power_a0.5,baseline,1,1,2000,1,True,True,0.011113106459379195,0.010366639122366905,0.011868271743878722,0.0003829168182636222,0.9888444178402424,0.0003915835618972778,0.010721522897481918,64.0,0.31313131313131315,45.352,54.554,0.131655925,0.0,,110.0,0.9999575242996216,0.9995659407377243,0.9995659407377243,1.0,-0.003174307256937027,-0.004387284303084015,-0.002006274281302467,0.0006134692575504793,0.5449999999999999,,,1,False,True,0,8.288592100143433e-06,-0.0001470374496420845,0.00016736125398892905,7.975025660880997e-05,0.5015,,,1,False,True,0
A,posterior_mean_shrunk,cell,B,200,tail_b0.5_mu1.0_c1.0_T200_cap64,tail_b0.5_mu1.0_c1.0,64,10202000,power_a0.67,baseline,1,1,2000,1,True,True,0.011104817867279054,0.010363060189411044,0.011869176803156732,0.0003820383798985572,0.9888527064323426,0.0003915835618972778,0.010713234305381776,64.0,0.31313131313131315,45.8315,54.7695,0.13428452500000002,0.0,,70.0,0.9999575242996216,0.9995659407377243,0.9995659407377243,1.0,-0.0031825958490371703,-0.004406346427276731,-0.0019936215947382154,0.0006138769827786063,0.54425,,,1,False,True,0,0.0,0.0,0.0,0.0,0.5,,,1,False,True,0
A,posterior_mean_shrunk,cell,B,200,tail_b0.5_mu1.0_c1.0_T200_cap64,tail_b0.5_mu1.0_c1.0,64,10202000,refine_after_init,baseline,1,1,2000,1,True,True,0.026128528743982315,0.02429381376132369,0.02801088150590658,0.000947125281535426,0.9738289955556393,0.02232562854886055,0.003802900195121765,8.0,0.03030303030303029,78.7565,2.0825,0.33993075,0.6355,,,0.9999575242996216,0.9995659407377243,0.977631895750761,0.0,0.011841115027666093,0.010215122997760773,0.013522297516465186,0.0008496804421573408,0.401,,,1,False,True,0,0.015023710876703263,0.013058607839047909,0.017046741070225833,0.0010054792454963577,0.36275,,,1,False,True,0
A,posterior_mean_shrunk,cell,B,200,tail_b0.5_mu1.0_c1.0_T200_cap64,tail_b0.5_mu1.0_c1.0,64,10202000,rule_reservoir,rule,1,1,2000,1,True,True,0.011064977407455445,0.010322370030917228,0.011827667197212576,0.0003817945115852911,0.9888925468921661,0.0003972679078578949,0.01066770949959755,63.974,0.313,45.8565,54.751,0.1343962,0.0055,9.1975,64.0,0.9999575242996216,0.9995659407377243,0.9995602563917637,0.9995,-0.003222436308860779,-0.004445615399163216,-0.0020426076429430396,0.0006139304913119823,0.54525,,,1,False,True,0,-3.98404598236084e-05,-8.663588359922868e-05,-7.343433605910836e-06,2.0654167599804653e-05,0.50175,,,1,False,True,0
A,posterior_mean_shrunk,cell,B,200,tail_b0.5_mu1.0_c1.0_T200_cap64,tail_b0.5_mu1.0_c1.0,64,10202000,uniform,baseline,1,1,2000,1,True,True,0.012260729551315307,0.011476338095963,0.013075507991015912,0.0004143591418797325,0.9876967947483063,0.0003915835618972778,0.01186914598941803,64.0,0.31313131313131315,40.7305,50.774,0.10953885,0.2775,,125.8315,0.9999575242996216,0.9995659407377243,0.9995659407377243,1.0,-0.0020266841650009157,-0.003256951115326956,-0.0008074546480202122,0.000630503856720969,0.52875,,,1,False,True,0,0.0011559116840362549,0.0005573118018219248,0.001760747583466582,0.00030724538964062704,0.47824999999999995,,,1,False,True,0
A,posterior_mean_shrunk,cell,B,500,tail_b0.5_mu1.0_c1.0_T500_cap64,tail_b0.5_mu1.0_c1.0,64,10205000,always_search,baseline,1,1,2000,1,True,True,0.003949791699647903,0.0036960942263249306,0.004216440243180841,0.00013294332227977644,0.9960422848165035,0.0004311820566654205,0.003518609642982483,64.0,0.12449799196787148,136.6855,48.1855,0.19145738399999998,4.7245,,64.0,0.9999920765161514,0.999560894459486,0.999560894459486,1.0,-0.0021070258915424347,-0.002619871468050405,-0.0016288738203002141,0.00024868258542448267,0.55625,,,1,False,True,0,0.0,0.0,0.0,0.0,0.5,,,1,False,True,0
A,posterior_mean_shrunk,cell,B,500,tail_b0.5_mu1.0_c1.0_T500_cap64,tail_b0.5_mu1.0_c1.0,64,10205000,cp0,reference,1,1,2000,1,True,True,0.006056817591190338,0.005622187734115869,0.006521973013877868,0.00022585124773885873,0.993935258924961,0.0034306971728801728,0.0026261204183101656,21.9945,0.04014959839357431,135.903,7.057,0.20083927199999999,3.13,,,0.9999920765161514,0.999560894459486,0.9965613793432713,0.0,0.0,0.0,0.0,0.0,0.5,,,1,False,True,0,0.0021070258915424347,0.0016288738203002141,0.002619871468050405,0.00024868258542448267,0.44375,,,1,False,True,0
A,posterior_mean_shrunk,cell,B,500,tail_b0.5_mu1.0_c1.0_T500_cap64,tail_b0.5_mu1.0_c1.0,64,10205000,fixed_K16,baseline,1,1,2000,1,True,True,0.007876044690608978,0.007250956248026341,0.008532071230001747,0.00032715434636492716,0.9921160318255424,0.006268530458211899,0.0016075142323970794,16.0,0.028112449799196793,180.9405,5.9225,0.299635984,2.7285,,,0.9999920765161514,0.999560894459486,0.9937235460579396,0.0,0.00181922709941864,0.0012608900200575593,0.0024084417091216888,0.00029317102892194053,0.47375,,,1,False,True,0,0.003926252990961075,0.003270246717147529,0.0046203229459933935,0.0003422480456863749,0.42200000000000004,,,1,False,True,0
A,posterior_mean_shrunk,cell,B,500,tail_b0.5_mu1.0_c1.0_T500_cap64,tail_b0.5_mu1.0_c1.0,64,10205000,p3_star,reference,1,1,2000,1,True,True,0.003949791699647903,0.0036960942263249306,0.004216440243180841,0.00013294332227977644,0.9960422848165035,0.0004311820566654205,0.003518609642982483,64.0,0.12449799196787148,136.6855,48.1855,0.19145738399999998,4.7245,,68.0,0.9999920765161514,0.999560894459486,0.999560894459486,1.0,-0.0021070258915424347,-0.002619871468050405,-0.0016288738203002141,0.00024868258542448267,0.55625,,,1,False,True,0,0.0,0.0,0.0,0.0,0.5,,,1,False,True,0
A,posterior_mean_shrunk,cell,B,500,tail_b0.5_mu1.0_c1.0_T500_cap64,tail_b0.5_mu1.0_c1.0,64,10205000,phi_k1,learned,1,1,2000,1,True,True,0.003949791699647903,0.0036960942263249306,0.004216440243180841,0.00013294332227977644,0.9960422848165035,0.0004311820566654205,0.003518609642982483,64.0,0.12449799196787148,136.6855,48.1855,0.19145738399999998,4.7245,435.5395,64.3615,0.9999920765161514,0.999560894459486,0.999560894459486,1.0,-0.0021070258915424347,-0.002619871468050405,-0.0016288738203002141,0.00024868258542448267,0.55625,,,1,False,True,0,0.0,0.0,0.0,0.0,0.5,,,1,False,True,0
A,posterior_mean_shrunk,cell,B,500,tail_b0.5_mu1.0_c1.0_T500_cap64,tail_b0.5_mu1.0_c1.0,64,10205000,phi_k16,learned,1,1,2000,1,True,True,0.003880353808403015,0.003619525587419048,0.004150699265301227,0.0001361007351136698,0.9961117227077484,0.001055827796459198,0.002824526011943817,45.121,0.08658835341365463,143.0075,29.2155,0.2069937,3.6245,0.159,134.16296296296295,0.9999920765161514,0.999560894459486,0.9989362487196922,0.0675,-0.002176463782787323,-0.002645390073303133,-0.0017378719203406951,0.00022663586150152906,0.56825,,,1,False,True,0,-6.943789124488831e-05,-0.0003583905017876531,0.0002280228323797927,0.0001511720687135953,0.50675,,,1,False,True,0
A,posterior_mean_shrunk,cell,B,500,tail_b0.5_mu1.0_c1.0_T500_cap64,tail_b0.5_mu1.0_c1.0,64,10205000,phi_k16_all71,learned,1,1,2000,1,True,True,0.0038985639810562136,0.003643528226530179,0.004160046100150794,0.0001316776108406438,0.9960935125350953,0.0007435618340969085,0.0031550021469593046,51.919,0.10023895582329319,139.8265,35.681,0.199324776,4.0235,1.729,123.15287517531557,0.9999920765161514,0.999560894459486,0.9992485146820546,0.3565,-0.002158253610134125,-0.002641819679411128,-0.0016962078429060058,0.00023589337395052025,0.56,,,1,False,True,0,-5.122771859169006e-05,-0.0002990512693941127,0.00019499012632877557,0.00012507607437815945,0.501,,,1,False,True,0
A,posterior_mean_shrunk,cell,B,500,tail_b0.5_mu1.0_c1.0_T500_cap64,tail_b0.5_mu1.0_c1.0,64,10205000,phi_k16_clock,learned,1,1,2000,1,True,True,0.003949791699647903,0.0036960942263249306,0.004216440243180841,0.00013294332227977644,0.9960422848165035,0.0004311820566654205,0.003518609642982483,64.0,0.12449799196787148,136.6855,48.1855,0.19145738399999998,4.7245,402.0,64.0,0.9999920765161514,0.999560894459486,0.999560894459486,1.0,-0.0021070258915424347,-0.002619871468050405,-0.0016288738203002141,0.00024868258542448267,0.55625,,,1,False,True,0,0.0,0.0,0.0,0.0,0.5,,,1,False,True,0
A,posterior_mean_shrunk,cell,B,500,tail_b0.5_mu1.0_c1.0_T500_cap64,tail_b0.5_mu1.0_c1.0,64,10205000,phi_k16_cs,learned,1,1,2000,1,True,True,0.0038784809410572054,0.003617292729904875,0.0041527856956236064,0.00013689968356926313,0.9961135955750943,0.0010617522895336152,0.00281672865152359,45.055,0.0864558232931727,143.1055,29.171,0.20724747200000002,3.643,0.161,138.16058394160584,0.9999920765161514,0.999560894459486,0.9989303242266178,0.0685,-0.002178336650133133,-0.002650185901438817,-0.0017363215738441795,0.00022791285964583548,0.56725,,,1,False,True,0,-7.131075859069824e-05,-0.00036083801460335964,0.00022857964904687825,0.00015193062643149182,0.50675,,,1,False,True,0
A,posterior_mean_shrunk,cell,B,500,tail_b0.5_mu1.0_c1.0_T500_cap64,tail_b0.5_mu1.0_c1.0,64,10205000,phi_k16_famA_only,learned,1,1,2000,1,True,True,0.0037821201980113984,0.003523430583300069,0.004051951318979263,0.00013383198069371718,0.99620995631814,0.000956858366727829,0.0028252618312835692,45.328,0.08700401606425703,142.851,29.321,0.20737252800000003,3.7055,0.072,80.66666666666667,0.9999920765161514,0.999560894459486,0.9990352181494236,0.036,-0.00227469739317894,-0.0027589564968366173,-0.0018210189999081194,0.0002346033976313952,0.57875,,,1,False,True,0,-0.00016767150163650514,-0.0004565351904602721,0.00012182509035483189,0.00014838996890485738,0.51925,,,1,False,True,0
A,posterior_mean_shrunk,cell,B,500,tail_b0.5_mu1.0_c1.0_T500_cap64,tail_b0.5_mu1.0_c1.0,64,10205000,phi_k16_famB_only,learned,1,1,2000,1,True,True,0.004096491932868957,0.003815293381921947,0.004386241023894399,0.00014595408950331473,0.9958955845832824,0.00153036168217659,0.0025661302506923677,37.94,0.07216867469879518,147.9805,22.732,0.21827443600000002,3.405,0.02,188.8,0.9999920765161514,0.999560894459486,0.9984617148339748,0.01,-0.0019603256583213807,-0.0023936510609928515,-0.0015507196018006654,0.00021298233908359276,0.56925,,,1,False,True,0,0.00014670023322105408,-0.0001841200522903817,0.0004942690167808905,0.00017260271603133475,0.51025,,,1,False,True,0
A,posterior_mean_shrunk,cell,B,500,tail_b0.5_mu1.0_c1.0_T500_cap64,tail_b0.5_mu1.0_c1.0,64,10205000,phi_k16_guard,learned,1,1,2000,1,True,True,0.003880353808403015,0.003619525587419048,0.004150699265301227,0.0001361007351136698,0.9961117227077484,0.001055827796459198,0.002824526011943817,45.121,0.08658835341365463,143.0075,29.2155,0.2069937,3.6245,0.159,134.16296296296295,0.9999920765161514,0.999560894459486,0.9989362487196922,0.0675,-0.002176463782787323,-0.002645390073303133,-0.0017378719203406951,0.00022663586150152906,0.56825,,,1,False,True,0,-6.943789124488831e-05,-0.0003583905017876531,0.0002280228323797927,0.0001511720687135953,0.50675,,,1,False,True,0
A,posterior_mean_shrunk,cell,B,500,tail_b0.5_mu1.0_c1.0_T500_cap64,tail_b0.5_mu1.0_c1.0,64,10205000,phi_k16_hgb,learned,1,1,2000,1,True,True,0.0036695303916931153,0.0034390015935059637,0.0039058754162397237,0.0001197014163851018,0.9963225461244584,0.0005725494921207428,0.0030969808995723724,54.624,0.10567068273092368,139.4305,38.381,0.19878536800000002,4.262,12.989,454.2035541195477,0.9999920765161514,0.999560894459486,0.9994195270240307,0.3095,-0.002387287199497223,-0.0028728794713970274,-0.001933957694564015,0.00023495020502520896,0.5765,,,1,False,True,0,-0.0002802613079547882,-0.0005342870659660547,-2.6364499080955288e-05,0.00012968775642539993,0.5135,,,1,False,True,0
A,posterior_mean_shrunk,cell,B,500,tail_b0.5_mu1.0_c1.0_T500_cap64,tail_b0.5_mu1.0_c1.0,64,10205000,phi_k16_lucb,learned,1,1,2000,1,True,True,0.0042729867696762085,0.003977355326060206,0.004581922944635153,0.00015221238262013988,0.9957190897464753,0.001647275537252426,0.0026257112324237822,36.359,0.06899397590361446,147.7705,21.099,0.21659222,3.6455,0.876,436.71794871794873,0.9999920765161514,0.999560894459486,0.998344800978899,0.039,-0.0017838308215141296,-0.002201035135658458,-0.0013844483648426831,0.00021010196050673163,0.56725,,,1,False,True,0,0.00032319507002830507,-1.4178652236296072e-05,0.0006802213742048477,0.00017795111270671736,0.50125,,,1,False,True,0
A,posterior_mean_shrunk,cell,B,500,tail_b0.5_mu1.0_c1.0_T500_cap64,tail_b0.5_mu1.0_c1.0,64,10205000,phi_k16_noT1000,learned,1,1,2000,1,True,True,0.0039593554139137265,0.003704248258145526,0.004225875809788704,0.00013305774295408783,0.9960327211022377,0.0004311820566654205,0.0035281733572483064,64.0,0.12449799196787148,136.61,48.1395,0.19120549200000003,4.7245,286.584,80.008,0.9999920765161514,0.999560894459486,0.999560894459486,1.0,-0.0020974621772766114,-0.0026103435026016085,-0.0016194256750168283,0.0002486499612313002,0.5555,,,1,False,True,0,9.563714265823363e-06,-9.188305898533138e-06,3.131731600660714e-05,1.0283844960339623e-05,0.5005,,,1,False,True,0
A,posterior_mean_shrunk,cell,B,500,tail_b0.5_mu1.0_c1.0_T500_cap64,tail_b0.5_mu1.0_c1.0,64,10205000,phi_k16_noT200,learned,1,1,2000,1,True,True,0.003918275117874146,0.0036663878010585902,0.004182450554799289,0.0001318355709630865,0.9960738013982773,0.0004555901288986206,0.003462684988975525,62.59,0.12166666666666666,136.154,46.2285,0.18966654,4.565,121.781,107.31539289558665,0.9999920765161514,0.999560894459486,0.9995364863872528,0.929,-0.0021385424733161925,-0.0026478726707864554,-0.0016554576490307228,0.0002485271846657238,0.55675,,,1,False,True,0,-3.151658177375793e-05,-0.00014714298376929946,8.847313602018403e-05,5.9501405771002605e-05,0.499,,,1,False,True,0
A,posterior_mean_shrunk,cell,B,500,tail_b0.5_mu1.0_c1.0_T500_cap64,tail_b0.5_mu1.0_c1.0,64,10205000,phi_k16_noambig,learned,1,1,2000,1,True,True,0.003960410892963409,0.00370719792554155,0.004224680014885962,0.00013281029737009073,0.996031665623188,0.0004311820566654205,0.003529228836297989,63.993,0.12448393574297188,136.3695,47.994,0.19045519200000002,4.697,210.03,87.49174587293646,0.9999920765161514,0.999560894459486,0.999560894459486,0.9995,-0.002096406698226929,-0.0026061186508741225,-0.001622221659636125,0.0002482313295410589,0.55425,,,1,False,True,0,1.0619193315505982e-05,-3.1916300031298286e-05,5.439954547910017e-05,2.2265658303977876e-05,0.499,,,1,False,True,0
A,posterior_mean_shrunk,cell,B,500,tail_b0.5_mu1.0_c1.0_T500_cap64,tail_b0.5_mu1.0_c1.0,64,10205000,phi_k16_nopolicy,learned,1,1,2000,1,True,True,0.003968393415212631,0.003713658405467868,0.004235626256559044,0.00013318790737447164,0.9960236831009388,0.0004311820566654205,0.0035372113585472108,64.0,0.12449799196787148,136.5565,48.1075,0.191032868,4.7155,95.753,80.704,0.9999920765161514,0.999560894459486,0.999560894459486,1.0,-0.002088424175977707,-0.0026044446742162107,-0.0016092221689177678,0.00024889587508474193,0.5535,,,1,False,True,0,1.8601715564727782e-05,-1.1855607340294226e-05,5.225927834544564e-05,1.631006061387403e-05,0.4995,,,1,False,True,0
A,posterior_mean_shrunk,cell,B,500,tail_b0.5_mu1.0_c1.0_T500_cap64,tail_b0.5_mu1.0_c1.0,64,10205000,phi_k16_notrunc,learned,1,1,2000,1,True,True,0.003949791699647903,0.0036960942263249306,0.004216440243180841,0.00013294332227977644,0.9960422848165035,0.0004311820566654205,0.003518609642982483,64.0,0.12449799196787148,136.683,48.184,0.191448924,4.7245,246.438,66.744,0.9999920765161514,0.999560894459486,0.999560894459486,1.0,-0.0021070258915424347,-0.002619871468050405,-0.0016288738203002141,0.00024868258542448267,0.55625,,,1,False,True,0,0.0,0.0,0.0,0.0,0.5,,,1,False,True,0
A,posterior_mean_shrunk,cell,B,500,tail_b0.5_mu1.0_c1.0_T500_cap64,tail_b0.5_mu1.0_c1.0,64,10205000,phi_k16_onpolicy_only,learned,1,1,2000,1,True,True,0.0057511526048183445,0.005338597134687007,0.006191614631097763,0.00021658827383672674,0.9942409239113331,0.000987153172492981,0.0047639994323253635,49.144,0.09466666666666666,126.0585,33.1305,0.188019984,1.254,35.096,434.2114904246461,0.9999920765161514,0.999560894459486,0.9990049233436584,0.6005,-0.00030566498637199404,-0.0007249000234878622,0.00010592090548016122,0.00021519326094113187,0.5135000000000001,,,1,False,True,0,0.0018013609051704407,0.0013591587805422023,0.0022765700821764765,0.0002325531464122806,0.4565,,,1,False,True,0
A,posterior_mean_shrunk,cell,B,500,tail_b0.5_mu1.0_c1.0_T500_cap64,tail_b0.5_mu1.0_c1.0,64,10205000,phi_k16_onpolicy_union,learned,1,1,2000,1,True,True,0.0038985589742660523,0.0036328157177194956,0.004173422476742417,0.00013576969185386605,0.9960935175418854,0.0011853912770748139,0.0027131676971912386,43.847,0.0840301204819277,143.6935,28.015,0.20785884400000001,3.6545,1.737,156.5136186770428,0.9999920765161514,0.999560894459486,0.9988066852390766,0.1285,-0.002158258616924286,-0.0026065297832246867,-0.0017386281455401332,0.0002202440088276991,0.57225,,,1,False,True,0,-5.12327253818512e-05,-0.0003580055970815009,0.0002555668987042734,0.00015750270711850208,0.51225,,,1,False,True,0
A,posterior_mean_shrunk,cell,B,500,tail_b0.5_mu1.0_c1.0_T500_cap64,tail_b0.5_mu1.0_c1.0,64,10205000,phi_k16_perstep,learned,1,1,2000,1,True,True,0.003876804202795029,0.003621553792618215,0.004145762394182384,0.00013382492442895705,0.9961152723133564,0.0009277561902999877,0.0029490480124950407,45.425,0.08719879518072289,143.328,29.49,0.208270068,3.7955,0.085,76.3917525773196,0.9999920765161514,0.999560894459486,0.9990643203258515,0.0485,-0.0021800133883953096,-0.0026627654500771315,-0.0017418809555238112,0.0002292125204589389,0.5685,,,1,False,True,0,-7.298749685287476e-05,-0.00036891582058160564,0.00022349082864820956,0.0001486547838190602,0.49874999999999997,,,1,False,True,0
A,posterior_mean_shrunk,cell,B,500,tail_b0.5_mu1.0_c1.0_T500_cap64,tail_b0.5_mu1.0_c1.0,64,10205000,phi_k16_quality,learned,1,1,2000,1,True,True,0.003918084084987641,0.0036399286589585246,0.004210242058616131,0.0001429936980269571,0.9960739924311638,0.0011619840562343596,0.0027561000287532806,45.77,0.08789156626506024,143.597,30.2195,0.20741488800000002,3.9115,17.459,174.8987854251012,0.9999920765161514,0.999560894459486,0.998830092459917,0.247,-0.0021387335062026977,-0.0025857205793727188,-0.001717540848767385,0.0002193500504022229,0.5725,,,1,False,True,0,-3.170761466026306e-05,-0.00033723380474839356,0.00028495617589214796,0.0001584950332470794,0.5097499999999999,,,1,False,True,0
A,posterior_mean_shrunk,cell,B,500,tail_b0.5_mu1.0_c1.0_T500_cap64,tail_b0.5_mu1.0_c1.0,64,10205000,phi_k16_tau05,learned,1,1,2000,1,True,True,0.003880353808403015,0.003619525587419048,0.004150699265301227,0.0001361007351136698,0.9961117227077484,0.001055827796459198,0.002824526011943817,45.121,0.08658835341365463,143.0075,29.2155,0.2069937,3.6245,0.159,134.16296296296295,0.9999920765161514,0.999560894459486,0.9989362487196922,0.0675,-0.002176463782787323,-0.002645390073303133,-0.0017378719203406951,0.00022663586150152906,0.56825,,,1,False,True,0,-6.943789124488831e-05,-0.0003583905017876531,0.0002280228323797927,0.0001511720687135953,0.50675,,,1,False,True,0
A,posterior_mean_shrunk,cell,B,500,tail_b0.5_mu1.0_c1.0_T500_cap64,tail_b0.5_mu1.0_c1.0,64,10205000,phi_k16_weighted,learned,1,1,2000,1,True,True,0.004681119382381439,0.004360613913740962,0.0050201343488879505,0.00016841370624768887,0.9953109571337699,0.002083701550960541,0.0025974178314208986,31.558,0.05935341365461848,150.7115,16.9925,0.22441671600000002,3.169,0.0,,0.9999920765161514,0.999560894459486,0.9979083749651909,0.0,-0.0013756982088088988,-0.0018132266559405252,-0.0009590154528268613,0.00021738699738047546,0.54925,,,1,False,True,0,0.0007313276827335358,0.0003622629534220323,0.0011201917252037672,0.0001955215612044471,0.48725,,,1,False,True,0
A,posterior_mean_shrunk,cell,B,500,tail_b0.5_mu1.0_c1.0_T500_cap64,tail_b0.5_mu1.0_c1.0,64,10205000,phi_k4,learned,1,1,2000,1,True,True,0.003947877913713455,0.0036945496627595275,0.00421593536157161,0.0001329839419403198,0.996044198602438,0.0004311820566654205,0.0035166958570480348,64.0,0.12449799196787148,136.675,48.1715,0.19142092000000002,4.7245,387.605,69.154,0.9999920765161514,0.999560894459486,0.999560894459486,1.0,-0.002108939677476883,-0.0026228388596791774,-0.0016316396911861379,0.00024873859905856575,0.5565,,,1,False,True,0,-1.913785934448242e-06,-6.9388247084134484e-06,3.465712097749929e-06,2.593449989221167e-06,0.50075,,,1,False,True,0
A,posterior_mean_shrunk,cell,B,500,tail_b0.5_mu1.0_c1.0_T500_cap64,tail_b0.5_mu1.0_c1.0,64,10205000,phi_reservoir_rule,learned,1,1,2000,1,True,True,0.003985543489456176,0.003733738244045526,0.004249392205383629,0.0001326402725879217,0.9960065330266953,0.0004311820566654205,0.003554361432790756,64.0,0.12449799196787148,135.851,47.611,0.18895313200000002,4.6415,415.249,80.16,0.9999920765161514,0.999560894459486,0.999560894459486,1.0,-0.0020712741017341616,-0.002579421538393944,-0.0015912670904072003,0.00024844501508933226,0.55225,,,1,False,True,0,3.575178980827332e-05,-3.88059679607977e-05,0.00011296105058136161,3.907361174246311e-05,0.4965,,,1,False,True,0
A,posterior_mean_shrunk,cell,B,500,tail_b0.5_mu1.0_c1.0_T500_cap64,tail_b0.5_mu1.0_c1.0,64,10205000,phi_sf_k16,learned,1,1,2000,1,True,True,0.003984544068574906,0.00373165033524856,0.004247059766203165,0.0001325854352605331,0.9960075324475766,0.0004311820566654205,0.0035533620119094847,64.0,0.12449799196787148,135.8965,47.656,0.18908373599999997,4.653,253.346,86.008,0.9999920765161514,0.999560894459486,0.999560894459486,1.0,-0.0020722735226154326,-0.0025840139482170344,-0.0015920202247798442,0.0002484955153637119,0.552,,,1,False,True,0,3.475236892700195e-05,-4.083044404978864e-05,0.00011207552670384757,3.9311969687348664e-05,0.496,,,1,False,True,0
A,posterior_mean_shrunk,cell,B,500,tail_b0.5_mu1.0_c1.0_T500_cap64,tail_b0.5_mu1.0_c1.0,64,10205000,phi_sf_k16_noT1000,learned,1,1,2000,1,True,True,0.003846700310707092,0.0035900874936487526,0.004106568126007915,0.00013205595657908464,0.9961453762054443,0.0011717682182788849,0.0026749320924282075,44.201,0.08474096385542168,142.6465,28.2285,0.204710936,3.497,0.671,195.25423728813558,0.9999920765161514,0.999560894459486,0.9988203082978725,0.1475,-0.0022101172804832457,-0.002655130828497931,-0.0017940232792170718,0.0002177498360419603,0.57575,,,1,False,True,0,-0.00010309138894081115,-0.0003994485530711245,0.0001914877484523458,0.00015238205576040186,0.5105,,,1,False,True,0
A,posterior_mean_shrunk,cell,B,500,tail_b0.5_mu1.0_c1.0_T500_cap64,tail_b0.5_mu1.0_c1.0,64,10205000,power_a0.25,baseline,1,1,2000,1,True,True,0.003949791699647903,0.0036960942263249306,0.004216440243180841,0.00013294332227977644,0.9960422848165035,0.0004311820566654205,0.003518609642982483,64.0,0.12449799196787148,136.6855,48.1855,0.19145738399999998,4.7245,,67.0,0.9999920765161514,0.999560894459486,0.999560894459486,1.0,-0.0021070258915424347,-0.002619871468050405,-0.0016288738203002141,0.00024868258542448267,0.55625,,,1,False,True,0,0.0,0.0,0.0,0.0,0.5,,,1,False,True,0
A,posterior_mean_shrunk,cell,B,500,tail_b0.5_mu1.0_c1.0_T500_cap64,tail_b0.5_mu1.0_c1.0,64,10205000,power_a0.33,baseline,1,1,2000,1,True,True,0.003949791699647903,0.0036960942263249306,0.004216440243180841,0.00013294332227977644,0.9960422848165035,0.0004311820566654205,0.003518609642982483,64.0,0.12449799196787148,136.6855,48.1855,0.19145738399999998,4.7245,,68.0,0.9999920765161514,0.999560894459486,0.999560894459486,1.0,-0.0021070258915424347,-0.002619871468050405,-0.0016288738203002141,0.00024868258542448267,0.55625,,,1,False,True,0,0.0,0.0,0.0,0.0,0.5,,,1,False,True,0
A,posterior_mean_shrunk,cell,B,500,tail_b0.5_mu1.0_c1.0_T500_cap64,tail_b0.5_mu1.0_c1.0,64,10205000,power_a0.5,baseline,1,1,2000,1,True,True,0.003949791699647903,0.0036960942263249306,0.004216440243180841,0.00013294332227977644,0.9960422848165035,0.0004311820566654205,0.003518609642982483,64.0,0.12449799196787148,136.6855,48.1855,0.19145738399999998,4.7245,,69.0,0.9999920765161514,0.999560894459486,0.999560894459486,1.0,-0.0021070258915424347,-0.002619871468050405,-0.0016288738203002141,0.00024868258542448267,0.55625,,,1,False,True,0,0.0,0.0,0.0,0.0,0.5,,,1,False,True,0
A,posterior_mean_shrunk,cell,B,500,tail_b0.5_mu1.0_c1.0_T500_cap64,tail_b0.5_mu1.0_c1.0,64,10205000,power_a0.67,baseline,1,1,2000,1,True,True,0.003946799606084824,0.003693503007525578,0.00421516444766894,0.00013294734989942049,0.9960452769100666,0.0004311820566654205,0.003515617549419403,64.0,0.12449799196787148,136.6855,48.1845,0.19145566400000003,4.7245,,70.0,0.9999920765161514,0.999560894459486,0.999560894459486,1.0,-0.0021100179851055146,-0.0026221760024782268,-0.0016338940913556146,0.00024864994218372637,0.5565,,,1,False,True,0,-2.992093563079834e-06,-9.472936653764918e-06,4.966557298757834e-07,3.1620650410070777e-06,0.5,,,1,False,True,0
A,posterior_mean_shrunk,cell,B,500,tail_b0.5_mu1.0_c1.0_T500_cap64,tail_b0.5_mu1.0_c1.0,64,10205000,refine_after_init,baseline,1,1,2000,1,True,True,0.021921499967575073,0.02034838879480958,0.02355762245133519,0.0008245717655925995,0.9780705765485763,0.020755671083927153,0.0011658288836479188,8.0,0.01204819277108434,224.695,1.626,0.395017568,2.371,,,0.9999920765161514,0.999560894459486,0.9792364054322242,0.0,0.015864682376384734,0.014349679369479418,0.017445299215614794,0.0007968893547234348,0.3195,,,1,False,True,0,0.01797170826792717,0.01639257767237723,0.01961111747659743,0.0008268645905712394,0.28,,,1,False,True,0
A,posterior_mean_shrunk,cell,B,500,tail_b0.5_mu1.0_c1.0_T500_cap64,tail_b0.5_mu1.0_c1.0,64,10205000,rule_reservoir,rule,1,1,2000,1,True,True,0.003949791699647903,0.0036960942263249306,0.004216440243180841,0.00013294332227977644,0.9960422848165035,0.0004311820566654205,0.003518609642982483,64.0,0.12449799196787148,136.6855,48.1855,0.19145738399999998,4.7245,19.353,64.0,0.9999920765161514,0.999560894459486,0.999560894459486,1.0,-0.0021070258915424347,-0.002619871468050405,-0.0016288738203002141,0.00024868258542448267,0.55625,,,1,False,True,0,0.0,0.0,0.0,0.0,0.5,,,1,False,True,0
A,posterior_mean_shrunk,cell,B,500,tail_b0.5_mu1.0_c1.0_T500_cap64,tail_b0.5_mu1.0_c1.0,64,10205000,uniform,baseline,1,1,2000,1,True,True,0.0038986257016658784,0.0036508521181531253,0.004153761430643499,0.00012906225383622742,0.9960934508144855,0.0004311820566654205,0.0034674436450004577,64.0,0.12449799196787148,133.882,45.443,0.183417976,4.671,,126.1055,0.9999920765161514,0.999560894459486,0.999560894459486,1.0,-0.00215819188952446,-0.00266095336410217,-0.0016708726267097521,0.00024835842996857486,0.56,,,1,False,True,0,-5.1165997982025147e-05,-0.0002250499044748721,0.00012100666026526596,8.753191733521294e-05,0.504,,,1,False,True,0
A,posterior_mean_shrunk,cell,B,50,tail_b0.5_mu1.0_c1.0_T50_cap64,tail_b0.5_mu1.0_c1.0,64,10196000,always_search,baseline,1,1,2000,1,True,True,0.20235512297041713,0.1927521787583828,0.21176329888403417,0.004864296967640793,0.7969494286011904,0.0,0.20235512297041713,50.0,1.0,1.0,50.0,0.02000000000000001,0.0,,,0.9993045515716076,0.9993045515716076,0.9993045515716076,0.0,0.15227385401912033,0.1423051692545414,0.16213032528758048,0.005080068586432154,0.23725000000000002,,,1,False,True,0,0.1624208292234689,0.15250827819108964,0.1721787218004465,0.005046472428486995,0.23325,,,1,False,True,0
A,posterior_mean_shrunk,cell,B,50,tail_b0.5_mu1.0_c1.0_T50_cap64,tail_b0.5_mu1.0_c1.0,64,10196000,cp0,reference,1,1,2000,1,True,True,0.0500812689512968,0.04681893270462752,0.05344515275210142,0.001701036075048114,0.9492232826203107,0.03475258988142014,0.01532867906987667,6.0,0.08333333333333331,16.5,0.8855,0.26793800000000007,0.236,,,0.9993045515716076,0.9993045515716076,0.9645519616901874,0.0,0.0,0.0,0.0,0.0,0.5,,,1,False,True,0,0.010146975204348565,0.006213716487400234,0.014038747758604586,0.0019997228462707746,0.484,,,1,False,True,0
A,posterior_mean_shrunk,cell,B,50,tail_b0.5_mu1.0_c1.0_T50_cap64,tail_b0.5_mu1.0_c1.0,64,10196000,fixed_K16,baseline,1,1,2000,1,True,True,0.033975786417722705,0.031840233504772185,0.03614991996437311,0.0010955881531180703,0.9653287651538849,0.005452283233404159,0.02852350318431854,16.0,0.2916666666666667,13.372,10.937,0.180322,0.0,,,0.9993045515716076,0.9993045515716076,0.9938522683382034,0.0,-0.016105482533574106,-0.019752823282033205,-0.012439191038720312,0.001847894671371194,0.54125,,,1,False,True,0,-0.00595850732922554,-0.008406746271066367,-0.003590693615842611,0.0012486342164237435,0.537,,,1,False,True,0
A,posterior_mean_shrunk,cell,B,50,tail_b0.5_mu1.0_c1.0_T50_cap64,tail_b0.5_mu1.0_c1.0,64,10196000,p3_star,reference,1,1,2000,1,True,True,0.03993429374694824,0.037500750832259656,0.04240271877497435,0.0012590104373826289,0.9593702578246593,0.0030489182472229004,0.03688537549972534,21.0,0.39583333333333326,11.2895,15.84,0.13428679999999998,0.0,,,0.9993045515716076,0.9993045515716076,0.9962556333243847,0.0,-0.010146975204348565,-0.014038747758604586,-0.006213716487400234,0.0019997228462707746,0.516,,,1,False,True,0,0.0,0.0,0.0,0.0,0.5,,,1,False,True,0
A,posterior_mean_shrunk,cell,B,50,tail_b0.5_mu1.0_c1.0_T50_cap64,tail_b0.5_mu1.0_c1.0,64,10196000,phi_k1,learned,1,1,2000,1,True,True,0.033082348495721815,0.030957308271899818,0.03527396460995078,0.0011020014377241506,0.9662222030758858,0.005912732452154159,0.027169616043567657,14.285,0.2559375,13.859,9.038,0.1943292,0.0,0.0,,0.9993045515716076,0.9993045515716076,0.9933918191194534,0.0,-0.016998920455574988,-0.0205844746902585,-0.013418707787059248,0.001849208191015103,0.555,,,1,False,True,0,-0.006851945251226425,-0.009257452329620719,-0.004385505442041906,0.0012462615460218974,0.54375,,,1,False,True,0
A,posterior_mean_shrunk,cell,B,50,tail_b0.5_mu1.0_c1.0_T50_cap64,tail_b0.5_mu1.0_c1.0,64,10196000,phi_k16,learned,1,1,2000,1,True,True,0.036064404517412184,0.03370468411594629,0.0384146791882813,0.0011870096726439559,0.9632401470541954,0.004164465218782425,0.03189993929862976,18.0,0.33333333333333326,12.6665,12.997,0.16315760000000004,0.0,0.0,,0.9993045515716076,0.9993045515716076,0.9951400863528251,0.0,-0.014016864433884621,-0.017865828424692153,-0.010252093197777867,0.0019279999451036537,0.5335,,,1,False,True,0,-0.0038698892295360564,-0.006256057461723684,-0.0016099319036584354,0.0011890088441090583,0.5215,,,1,False,True,0
A,posterior_mean_shrunk,cell,B,50,tail_b0.5_mu1.0_c1.0_T50_cap64,tail_b0.5_mu1.0_c1.0,64,10196000,phi_k16_all71,learned,1,1,2000,1,True,True,0.036064404517412184,0.03370468411594629,0.0384146791882813,0.0011870096726439559,0.9632401470541954,0.004164465218782425,0.03189993929862976,18.0,0.33333333333333326,12.6665,12.997,0.16315760000000004,0.0,0.0,,0.9993045515716076,0.9993045515716076,0.9951400863528251,0.0,-0.014016864433884621,-0.017865828424692153,-0.010252093197777867,0.0019279999451036537,0.5335,,,1,False,True,0,-0.0038698892295360564,-0.006256057461723684,-0.0016099319036584354,0.0011890088441090583,0.5215,,,1,False,True,0
A,posterior_mean_shrunk,cell,B,50,tail_b0.5_mu1.0_c1.0_T50_cap64,tail_b0.5_mu1.0_c1.0,64,10196000,phi_k16_clock,learned,1,1,2000,1,True,True,0.058875986278057096,0.05543681150302291,0.06230288976803422,0.0017762571797981677,0.9404285652935505,0.0007309931218624115,0.05814499315619469,34.0,0.6666666666666665,7.2355,30.139,0.0623428,0.0,0.0,,0.9993045515716076,0.9993045515716076,0.9985735584497452,0.0,0.008794717326760291,0.004243030864745379,0.013431806769222019,0.002372995361085683,0.4525,,,1,False,True,0,0.018941692531108858,0.015356659353710712,0.02261833129450679,0.0018509052005902177,0.43425,,,1,False,True,0
A,posterior_mean_shrunk,cell,B,50,tail_b0.5_mu1.0_c1.0_T50_cap64,tail_b0.5_mu1.0_c1.0,64,10196000,phi_k16_cs,learned,1,1,2000,1,True,True,0.036064404517412184,0.03370468411594629,0.0384146791882813,0.0011870096726439559,0.9632401470541954,0.004164465218782425,0.03189993929862976,18.0,0.33333333333333326,12.6665,12.997,0.16315760000000004,0.0,0.0,,0.9993045515716076,0.9993045515716076,0.9951400863528251,0.0,-0.014016864433884621,-0.017865828424692153,-0.010252093197777867,0.0019279999451036537,0.5335,,,1,False,True,0,-0.0038698892295360564,-0.006256057461723684,-0.0016099319036584354,0.0011890088441090583,0.5215,,,1,False,True,0
A,posterior_mean_shrunk,cell,B,50,tail_b0.5_mu1.0_c1.0_T50_cap64,tail_b0.5_mu1.0_c1.0,64,10196000,phi_k16_famA_only,learned,1,1,2000,1,True,True,0.036064404517412184,0.03370468411594629,0.0384146791882813,0.0011870096726439559,0.9632401470541954,0.004164465218782425,0.03189993929862976,18.0,0.33333333333333326,12.6665,12.997,0.16315760000000004,0.0,0.0,,0.9993045515716076,0.9993045515716076,0.9951400863528251,0.0,-0.014016864433884621,-0.017865828424692153,-0.010252093197777867,0.0019279999451036537,0.5335,,,1,False,True,0,-0.0038698892295360564,-0.006256057461723684,-0.0016099319036584354,0.0011890088441090583,0.5215,,,1,False,True,0
A,posterior_mean_shrunk,cell,B,50,tail_b0.5_mu1.0_c1.0_T50_cap64,tail_b0.5_mu1.0_c1.0,64,10196000,phi_k16_famB_only,learned,1,1,2000,1,True,True,0.036064404517412184,0.03370468411594629,0.0384146791882813,0.0011870096726439559,0.9632401470541954,0.004164465218782425,0.03189993929862976,18.0,0.33333333333333326,12.6665,12.997,0.16315760000000004,0.0,0.0,,0.9993045515716076,0.9993045515716076,0.9951400863528251,0.0,-0.014016864433884621,-0.017865828424692153,-0.010252093197777867,0.0019279999451036537,0.5335,,,1,False,True,0,-0.0038698892295360564,-0.006256057461723684,-0.0016099319036584354,0.0011890088441090583,0.5215,,,1,False,True,0
A,posterior_mean_shrunk,cell,B,50,tail_b0.5_mu1.0_c1.0_T50_cap64,tail_b0.5_mu1.0_c1.0,64,10196000,phi_k16_guard,learned,1,1,2000,1,True,True,0.03509295210242271,0.03287069350481033,0.037321776431053874,0.001137336222630566,0.9642115994691849,0.004677614718675613,0.0304153373837471,17.0,0.3125,13.0165,11.94,0.17126640000000004,0.0,0.0,,0.9993045515716076,0.9993045515716076,0.994626936852932,0.0,-0.014988316848874092,-0.01870183991268277,-0.011248879064805806,0.0018981284689514038,0.53975,,,1,False,True,0,-0.004841341644525528,-0.006938621459994465,-0.0027426074782852085,0.0010580181114525048,0.5297499999999999,,,1,False,True,0
A,posterior_mean_shrunk,cell,B,50,tail_b0.5_mu1.0_c1.0_T50_cap64,tail_b0.5_mu1.0_c1.0,64,10196000,phi_k16_hgb,learned,1,1,2000,1,True,True,0.04283777809143066,0.04019210515543818,0.04560167705640197,0.0013666484606642527,0.956466773480177,0.0031110917925834657,0.0397266862988472,22.944,0.43633333333333324,11.2335,18.365,0.1341244,0.0,0.0,,0.9993045515716076,0.9993045515716076,0.9961934597790241,0.0,-0.007243490859866143,-0.011216757399961351,-0.003275999397737906,0.0020103512304186937,0.51075,,,1,False,True,0,0.0029034843444824218,0.00030730344296898824,0.005473308521322904,0.0013236209747850278,0.495,,,1,False,True,0
A,posterior_mean_shrunk,cell,B,50,tail_b0.5_mu1.0_c1.0_T50_cap64,tail_b0.5_mu1.0_c1.0,64,10196000,phi_k16_lucb,learned,1,1,2000,1,True,True,0.036064404517412184,0.03370468411594629,0.0384146791882813,0.0011870096726439559,0.9632401470541954,0.004164465218782425,0.03189993929862976,18.0,0.33333333333333326,12.6665,12.997,0.16315760000000004,0.0,0.0,,0.9993045515716076,0.9993045515716076,0.9951400863528251,0.0,-0.014016864433884621,-0.017865828424692153,-0.010252093197777867,0.0019279999451036537,0.5335,,,1,False,True,0,-0.0038698892295360564,-0.006256057461723684,-0.0016099319036584354,0.0011890088441090583,0.5215,,,1,False,True,0
A,posterior_mean_shrunk,cell,B,50,tail_b0.5_mu1.0_c1.0_T50_cap64,tail_b0.5_mu1.0_c1.0,64,10196000,phi_k16_noT1000,learned,1,1,2000,1,True,True,0.036287694543600084,0.03391493707895279,0.038675669301301244,0.00119768181978904,0.9630168570280075,0.004072916954755783,0.0322147775888443,18.12,0.33583333333333326,12.635,13.1275,0.1626252,0.0,0.0,,0.9993045515716076,0.9993045515716076,0.9952316346168518,0.0,-0.013793574407696725,-0.017648842092603444,-0.009952729311771692,0.0019355649479367264,0.5325,,,1,False,True,0,-0.00364659920334816,-0.006053078174591064,-0.0013342647842364387,0.0012014213224133146,0.52125,,,1,False,True,0
A,posterior_mean_shrunk,cell,B,50,tail_b0.5_mu1.0_c1.0_T50_cap64,tail_b0.5_mu1.0_c1.0,64,10196000,phi_k16_noT200,learned,1,1,2000,1,True,True,0.036064404517412184,0.03370468411594629,0.0384146791882813,0.0011870096726439559,0.9632401470541954,0.004164465218782425,0.03189993929862976,18.0,0.33333333333333326,12.6665,12.997,0.16315760000000004,0.0,0.0,,0.9993045515716076,0.9993045515716076,0.9951400863528251,0.0,-0.014016864433884621,-0.017865828424692153,-0.010252093197777867,0.0019279999451036537,0.5335,,,1,False,True,0,-0.0038698892295360564,-0.006256057461723684,-0.0016099319036584354,0.0011890088441090583,0.5215,,,1,False,True,0
A,posterior_mean_shrunk,cell,B,50,tail_b0.5_mu1.0_c1.0_T50_cap64,tail_b0.5_mu1.0_c1.0,64,10196000,phi_k16_noambig,learned,1,1,2000,1,True,True,0.036052987575531006,0.03369309455156327,0.038409963902086015,0.0011871029881941012,0.9632515639960766,0.004123041480779648,0.03192994609475136,18.032,0.33399999999999996,12.657,13.03,0.16300960000000003,0.0,0.0,,0.9993045515716076,0.9993045515716076,0.9951815100908279,0.0,-0.0140282813757658,-0.017868832778185604,-0.010263863112777471,0.0019279922264107082,0.53375,,,1,False,True,0,-0.0038813061714172365,-0.006261415686458348,-0.001622303284239024,0.001188935385121181,0.5217499999999999,,,1,False,True,0
A,posterior_mean_shrunk,cell,B,50,tail_b0.5_mu1.0_c1.0_T50_cap64,tail_b0.5_mu1.0_c1.0,64,10196000,phi_k16_nopolicy,learned,1,1,2000,1,True,True,0.036064404517412184,0.03370468411594629,0.0384146791882813,0.0011870096726439559,0.9632401470541954,0.004164465218782425,0.03189993929862976,18.0,0.33333333333333326,12.6665,12.997,0.16315760000000004,0.0,0.0,,0.9993045515716076,0.9993045515716076,0.9951400863528251,0.0,-0.014016864433884621,-0.017865828424692153,-0.010252093197777867,0.0019279999451036537,0.5335,,,1,False,True,0,-0.0038698892295360564,-0.006256057461723684,-0.0016099319036584354,0.0011890088441090583,0.5215,,,1,False,True,0
A,posterior_mean_shrunk,cell,B,50,tail_b0.5_mu1.0_c1.0_T50_cap64,tail_b0.5_mu1.0_c1.0,64,10196000,phi_k16_notrunc,learned,1,1,2000,1,True,True,0.036064404517412184,0.03370468411594629,0.0384146791882813,0.0011870096726439559,0.9632401470541954,0.004164465218782425,0.03189993929862976,18.0,0.33333333333333326,12.6665,12.997,0.16315760000000004,0.0,0.0,,0.9993045515716076,0.9993045515716076,0.9951400863528251,0.0,-0.014016864433884621,-0.017865828424692153,-0.010252093197777867,0.0019279999451036537,0.5335,,,1,False,True,0,-0.0038698892295360564,-0.006256057461723684,-0.0016099319036584354,0.0011890088441090583,0.5215,,,1,False,True,0
A,posterior_mean_shrunk,cell,B,50,tail_b0.5_mu1.0_c1.0_T50_cap64,tail_b0.5_mu1.0_c1.0,64,10196000,phi_k16_onpolicy_only,learned,1,1,2000,1,True,True,0.036064404517412184,0.03370468411594629,0.0384146791882813,0.0011870096726439559,0.9632401470541954,0.00412566488981247,0.031938739627599716,18.024,0.33383333333333326,12.657,13.02,0.1629972,0.0,0.0,,0.9993045515716076,0.9993045515716076,0.9951788866817951,0.0,-0.014016864433884621,-0.017865828424692153,-0.010252093197777867,0.0019279999451036537,0.5335,,,1,False,True,0,-0.0038698892295360564,-0.006256057461723684,-0.0016099319036584354,0.0011890088441090583,0.5215,,,1,False,True,0
A,posterior_mean_shrunk,cell,B,50,tail_b0.5_mu1.0_c1.0_T50_cap64,tail_b0.5_mu1.0_c1.0,64,10196000,phi_k16_onpolicy_union,learned,1,1,2000,1,True,True,0.036064404517412184,0.03370468411594629,0.0384146791882813,0.0011870096726439559,0.9632401470541954,0.004164465218782425,0.03189993929862976,18.0,0.33333333333333326,12.6665,12.997,0.16315760000000004,0.0,0.0,,0.9993045515716076,0.9993045515716076,0.9951400863528251,0.0,-0.014016864433884621,-0.017865828424692153,-0.010252093197777867,0.0019279999451036537,0.5335,,,1,False,True,0,-0.0038698892295360564,-0.006256057461723684,-0.0016099319036584354,0.0011890088441090583,0.5215,,,1,False,True,0
A,posterior_mean_shrunk,cell,B,50,tail_b0.5_mu1.0_c1.0_T50_cap64,tail_b0.5_mu1.0_c1.0,64,10196000,phi_k16_perstep,learned,1,1,2000,1,True,True,0.032679937213659284,0.030620135460048915,0.034714064653962845,0.0010532406945706822,0.9666246143579483,0.017509257376194,0.015170679837465286,7.4215,0.11294791666666666,17.534,2.955,0.288454,0.0,0.0,,0.9993045515716076,0.9993045515716076,0.9817952941954136,0.0,-0.01740133173763752,-0.02053705509752035,-0.014364024973474443,0.001565249328107283,0.556,,,1,False,True,0,-0.0072543565332889555,-0.01011447785422206,-0.004446011525578799,0.0014492174697736961,0.53175,,,1,False,True,0
A,posterior_mean_shrunk,cell,B,50,tail_b0.5_mu1.0_c1.0_T50_cap64,tail_b0.5_mu1.0_c1.0,64,10196000,phi_k16_quality,learned,1,1,2000,1,True,True,0.036064404517412184,0.03370468411594629,0.0384146791882813,0.0011870096726439559,0.9632401470541954,0.004164465218782425,0.03189993929862976,18.0,0.33333333333333326,12.6665,12.997,0.16315760000000004,0.0,0.0,,0.9993045515716076,0.9993045515716076,0.9951400863528251,0.0,-0.014016864433884621,-0.017865828424692153,-0.010252093197777867,0.0019279999451036537,0.5335,,,1,False,True,0,-0.0038698892295360564,-0.006256057461723684,-0.0016099319036584354,0.0011890088441090583,0.5215,,,1,False,True,0
A,posterior_mean_shrunk,cell,B,50,tail_b0.5_mu1.0_c1.0_T50_cap64,tail_b0.5_mu1.0_c1.0,64,10196000,phi_k16_tau05,learned,1,1,2000,1,True,True,0.036064404517412184,0.03370468411594629,0.0384146791882813,0.0011870096726439559,0.9632401470541954,0.004164465218782425,0.03189993929862976,18.0,0.33333333333333326,12.6665,12.997,0.16315760000000004,0.0,0.0,,0.9993045515716076,0.9993045515716076,0.9951400863528251,0.0,-0.014016864433884621,-0.017865828424692153,-0.010252093197777867,0.0019279999451036537,0.5335,,,1,False,True,0,-0.0038698892295360564,-0.006256057461723684,-0.0016099319036584354,0.0011890088441090583,0.5215,,,1,False,True,0
A,posterior_mean_shrunk,cell,B,50,tail_b0.5_mu1.0_c1.0_T50_cap64,tail_b0.5_mu1.0_c1.0,64,10196000,phi_k16_weighted,learned,1,1,2000,1,True,True,0.036064404517412184,0.03370468411594629,0.0384146791882813,0.0011870096726439559,0.9632401470541954,0.00412566488981247,0.031938739627599716,18.016,0.3336666666666666,12.661,13.013,0.16307120000000003,0.0,0.0,,0.9993045515716076,0.9993045515716076,0.9951788866817951,0.0,-0.014016864433884621,-0.017865828424692153,-0.010252093197777867,0.0019279999451036537,0.5335,,,1,False,True,0,-0.0038698892295360564,-0.006256057461723684,-0.0016099319036584354,0.0011890088441090583,0.5215,,,1,False,True,0
A,posterior_mean_shrunk,cell,B,50,tail_b0.5_mu1.0_c1.0_T50_cap64,tail_b0.5_mu1.0_c1.0,64,10196000,phi_k4,learned,1,1,2000,1,True,True,0.03290670019388199,0.030747922929003836,0.03506991658359766,0.0011039167789070065,0.9663978513777256,0.006218861073255539,0.02668783912062645,14.3,0.25625,13.8645,9.11,0.1941352,0.0,0.0,,0.9993045515716076,0.9993045515716076,0.993085690498352,0.0,-0.01717456875741482,-0.020781255653128026,-0.013602638337761165,0.0018279629292918174,0.55175,,,1,False,True,0,-0.007027593553066254,-0.009595488710328936,-0.004480867052916437,0.0012994451337367066,0.5385,,,1,False,True,0
A,posterior_mean_shrunk,cell,B,50,tail_b0.5_mu1.0_c1.0_T50_cap64,tail_b0.5_mu1.0_c1.0,64,10196000,phi_reservoir_rule,learned,1,1,2000,1,True,True,0.05842382828891277,0.055055510625243186,0.061805349029600616,0.0017469822286747749,0.9408807232826948,0.000781829446554184,0.05764199884235859,33.912,0.6648333333333333,7.2475,30.0405,0.06261359999999999,0.0,0.0,,0.9993045515716076,0.9993045515716076,0.9985227221250534,0.0,0.008342559337615968,0.0038495996792335067,0.012830089312046766,0.002279999452252612,0.4595,,,1,False,True,0,0.01848953454196453,0.015136729599907995,0.021872514393180605,0.0017219181421935781,0.43875,,,1,False,True,0
A,posterior_mean_shrunk,cell,B,50,tail_b0.5_mu1.0_c1.0_T50_cap64,tail_b0.5_mu1.0_c1.0,64,10196000,phi_sf_k16,learned,1,1,2000,1,True,True,0.036064404517412184,0.03370468411594629,0.0384146791882813,0.0011870096726439559,0.9632401470541954,0.00412566488981247,0.031938739627599716,18.008,0.33349999999999996,12.6635,13.005,0.1631112,0.0,0.0,,0.9993045515716076,0.9993045515716076,0.9951788866817951,0.0,-0.014016864433884621,-0.017865828424692153,-0.010252093197777867,0.0019279999451036537,0.5335,,,1,False,True,0,-0.0038698892295360564,-0.006256057461723684,-0.0016099319036584354,0.0011890088441090583,0.5215,,,1,False,True,0
A,posterior_mean_shrunk,cell,B,50,tail_b0.5_mu1.0_c1.0_T50_cap64,tail_b0.5_mu1.0_c1.0,64,10196000,phi_sf_k16_noT1000,learned,1,1,2000,1,True,True,0.036064404517412184,0.03370468411594629,0.0384146791882813,0.0011870096726439559,0.9632401470541954,0.004164465218782425,0.03189993929862976,18.0,0.33333333333333326,12.6665,12.997,0.16315760000000004,0.0,0.0,,0.9993045515716076,0.9993045515716076,0.9951400863528251,0.0,-0.014016864433884621,-0.017865828424692153,-0.010252093197777867,0.0019279999451036537,0.5335,,,1,False,True,0,-0.0038698892295360564,-0.006256057461723684,-0.0016099319036584354,0.0011890088441090583,0.5215,,,1,False,True,0
A,posterior_mean_shrunk,cell,B,50,tail_b0.5_mu1.0_c1.0_T50_cap64,tail_b0.5_mu1.0_c1.0,64,10196000,power_a0.25,baseline,1,1,2000,1,True,True,0.03993429374694824,0.037500750832259656,0.04240271877497435,0.0012590104373826289,0.9593702578246593,0.0030489182472229004,0.03688537549972534,21.0,0.39583333333333326,11.2895,15.84,0.13428679999999998,0.0,,,0.9993045515716076,0.9993045515716076,0.9962556333243847,0.0,-0.010146975204348565,-0.014038747758604586,-0.006213716487400234,0.0019997228462707746,0.516,,,1,False,True,0,0.0,0.0,0.0,0.0,0.5,,,1,False,True,0
A,posterior_mean_shrunk,cell,B,50,tail_b0.5_mu1.0_c1.0_T50_cap64,tail_b0.5_mu1.0_c1.0,64,10196000,power_a0.33,baseline,1,1,2000,1,True,True,0.042628096118569374,0.04003590242937207,0.0453226319514215,0.00134117250179535,0.9566764554530383,0.0025709120333194733,0.0400571840852499,23.0,0.4375,10.488,17.9735,0.1191508,0.0,,,0.9993045515716076,0.9993045515716076,0.9967336395382881,0.0,-0.007453172832727432,-0.011396490200422703,-0.003359340975293892,0.0020259984267203763,0.50675,,,1,False,True,0,0.002693802371621132,0.0007268209359608598,0.004760512511711566,0.0010318607735301623,0.4895,,,1,False,True,0
A,posterior_mean_shrunk,cell,B,50,tail_b0.5_mu1.0_c1.0_T50_cap64,tail_b0.5_mu1.0_c1.0,64,10196000,power_a0.5,baseline,1,1,2000,1,True,True,0.042624555826187134,0.04014996998012066,0.045222103502601384,0.0012942499000972803,0.9566799957454205,0.0030489182472229004,0.039575637578964235,21.0,0.39583333333333326,10.5195,15.2395,0.123798,0.0,,,0.9993045515716076,0.9993045515716076,0.9962556333243847,0.0,-0.007456713125109673,-0.011296245455741882,-0.0034723706834483897,0.0019918982858134794,0.5085,,,1,False,True,0,0.0026902620792388916,0.0009908107924275103,0.004514399822801351,0.0008935803520452206,0.49174999999999996,,,1,False,True,0
A,posterior_mean_shrunk,cell,B,50,tail_b0.5_mu1.0_c1.0_T50_cap64,tail_b0.5_mu1.0_c1.0,64,10196000,power_a0.67,baseline,1,1,2000,1,True,True,0.049915673300623895,0.046899701934307814,0.05301840221509337,0.0015642973540773608,0.9493888782709837,0.002053684175014496,0.0478619891256094,25.0,0.4791666666666668,8.912,19.0025,0.09502120000000001,0.0,,,0.9993045515716076,0.9993045515716076,0.9972508673965931,0.0,-0.0001655956506729126,-0.0044784627272747455,0.004174657561816273,0.0021887849919329837,0.48674999999999996,,,1,False,True,0,0.00998137955367565,0.0071108572999946775,0.01293842813465744,0.0014740950218810897,0.45925,,,1,False,True,0
A,posterior_mean_shrunk,cell,B,50,tail_b0.5_mu1.0_c1.0_T50_cap64,tail_b0.5_mu1.0_c1.0,64,10196000,refine_after_init,baseline,1,1,2000,1,True,True,0.03708076232671738,0.03471837528049946,0.03945765653625131,0.0012245447622365754,0.9622237892448902,0.020504312723875047,0.01657644960284233,8.0,0.125,16.8495,3.2945,0.2727860000000001,0.0,,,0.9993045515716076,0.9993045515716076,0.9788002388477326,0.0,-0.01300050662457943,-0.01581976325251162,-0.01031764540821314,0.0014126977366004084,0.54175,,,1,False,True,0,-0.0028535314202308656,-0.0059558250010013575,0.0002830840967362736,0.0015904163485910988,0.52075,,,1,False,True,0
A,posterior_mean_shrunk,cell,B,50,tail_b0.5_mu1.0_c1.0_T50_cap64,tail_b0.5_mu1.0_c1.0,64,10196000,rule_reservoir,rule,1,1,2000,1,True,True,0.07048638059198856,0.06644473262131215,0.074631785787642,0.0021271076566289067,0.928818170979619,0.0015266143977642058,0.06895976619422436,38.5385,0.76121875,5.636,35.103,0.0470536,0.0,0.0,,0.9993045515716076,0.9993045515716076,0.9977779371738433,0.0,0.020405111640691757,0.015350361494347453,0.02548909042961895,0.002560169310373517,0.42774999999999996,,,1,False,True,0,0.03055208684504032,0.02629975415766239,0.034858028311282395,0.002203706036903275,0.39975,,,1,False,True,0
A,posterior_mean_shrunk,cell,B,50,tail_b0.5_mu1.0_c1.0_T50_cap64,tail_b0.5_mu1.0_c1.0,64,10196000,uniform,baseline,1,1,2000,1,True,True,0.05748660299181938,0.054075245093554256,0.06100023137405514,0.0017485275165868613,0.9418179485797882,0.0019022912979125976,0.055584311693906784,25.9915,0.4998229166666667,7.5665,18.7895,0.079758,0.0,,,0.9993045515716076,0.9993045515716076,0.9974022602736949,0.0,0.007405334040522575,0.002951217023655774,0.011880569183267652,0.002271722634576491,0.46199999999999997,,,1,False,True,0,0.01755230924487114,0.014342526532709598,0.020930939819663763,0.0016906874848893042,0.44025000000000003,,,1,False,True,0
A,posterior_mean_shrunk,cell,B,1000,tail_b1.0_mu0.9_c2.0_T1000_cap64,tail_b1.0_mu0.9_c2.0,64,10283000,always_search,baseline,1,1,2000,1,True,True,0.0221605721116066,0.021250684512779117,0.023106300039216876,0.00046877897285828985,0.8773347170054913,0.007442377358675003,0.014718194752931594,64.0,0.062124248496993974,107.7655,1.9465,0.05194511200000001,0.62,,64.0,0.8994952891170979,0.8920529117584228,0.8920529117584228,1.0,-0.0026078959703445433,-0.0037382029462605716,-0.0014971527067245917,0.0005818875089232473,0.5347500000000001,,,1,False,True,0,0.0,0.0,0.0,0.0,0.5,,,1,False,True,0
A,posterior_mean_shrunk,cell,B,1000,tail_b1.0_mu0.9_c2.0_T1000_cap64,tail_b1.0_mu0.9_c2.0,64,10283000,cp0,reference,1,1,2000,1,True,True,0.024768468081951142,0.02380354851484299,0.025762416841462254,0.0005022969273468875,0.8747268210351468,0.015326817393302918,0.009441650688648225,31.0,0.029058116232464917,178.8985,0.0015,0.11083678000000001,0.791,,,0.8994952891170979,0.8920529117584228,0.884168471723795,0.0,0.0,0.0,0.0,0.0,0.5,,,1,False,True,0,0.0026078959703445433,0.0014971527067245917,0.0037382029462605716,0.0005818875089232473,0.46525,,,1,False,True,0
A,posterior_mean_shrunk,cell,B,1000,tail_b1.0_mu0.9_c2.0_T1000_cap64,tail_b1.0_mu0.9_c2.0,64,10283000,fixed_K16,baseline,1,1,2000,1,True,True,0.0343063648045063,0.03293419536203146,0.03573473934084177,0.0007227025838209194,0.8651889243125915,0.02876071259379387,0.005545652210712433,16.0,0.014028056112224454,296.54,0.0,0.221943641,0.695,,,0.8994952891170979,0.8920529117584228,0.870734576523304,0.0,0.00953789672255516,0.008217099914327263,0.010842841491103173,0.0006730342436139939,0.41225,,,1,False,True,0,0.012145792692899704,0.010588813317008316,0.013761463458649814,0.0008145795680151114,0.38875,,,1,False,True,0
A,posterior_mean_shrunk,cell,B,1000,tail_b1.0_mu0.9_c2.0_T1000_cap64,tail_b1.0_mu0.9_c2.0,64,10283000,p3_star,reference,1,1,2000,1,True,True,0.0221605721116066,0.021250684512779117,0.023106300039216876,0.00046877897285828985,0.8773347170054913,0.007442377358675003,0.014718194752931594,64.0,0.062124248496993974,107.7655,1.9465,0.05194511200000001,0.62,,272.0,0.8994952891170979,0.8920529117584228,0.8920529117584228,1.0,-0.0026078959703445433,-0.0037382029462605716,-0.0014971527067245917,0.0005818875089232473,0.5347500000000001,,,1,False,True,0,0.0,0.0,0.0,0.0,0.5,,,1,False,True,0
A,posterior_mean_shrunk,cell,B,1000,tail_b1.0_mu0.9_c2.0_T1000_cap64,tail_b1.0_mu0.9_c2.0,64,10283000,phi_k1,learned,1,1,2000,1,True,True,0.0221605721116066,0.021250684512779117,0.023106300039216876,0.00046877897285828985,0.8773347170054913,0.007442377358675003,0.014718194752931594,64.0,0.062124248496993974,107.7655,1.9465,0.05194511200000001,0.62,936.0,64.0,0.8994952891170979,0.8920529117584228,0.8920529117584228,1.0,-0.0026078959703445433,-0.0037382029462605716,-0.0014971527067245917,0.0005818875089232473,0.5347500000000001,,,1,False,True,0,0.0,0.0,0.0,0.0,0.5,,,1,False,True,0
A,posterior_mean_shrunk,cell,B,1000,tail_b1.0_mu0.9_c2.0_T1000_cap64,tail_b1.0_mu0.9_c2.0,64,10283000,phi_k16,learned,1,1,2000,1,True,True,0.0221605721116066,0.021250684512779117,0.023106300039216876,0.00046877897285828985,0.8773347170054913,0.007442377358675003,0.014718194752931594,64.0,0.062124248496993974,107.7655,1.9465,0.05194511200000001,0.62,542.339,80.824,0.8994952891170979,0.8920529117584228,0.8920529117584228,1.0,-0.0026078959703445433,-0.0037382029462605716,-0.0014971527067245917,0.0005818875089232473,0.5347500000000001,,,1,False,True,0,0.0,0.0,0.0,0.0,0.5,,,1,False,True,0
A,posterior_mean_shrunk,cell,B,1000,tail_b1.0_mu0.9_c2.0_T1000_cap64,tail_b1.0_mu0.9_c2.0,64,10283000,phi_k16_all71,learned,1,1,2000,1,True,True,0.0221605721116066,0.021250684512779117,0.023106300039216876,0.00046877897285828985,0.8773347170054913,0.007442377358675003,0.014718194752931594,64.0,0.062124248496993974,107.7655,1.9465,0.05194511200000001,0.62,408.536,80.688,0.8994952891170979,0.8920529117584228,0.8920529117584228,1.0,-0.0026078959703445433,-0.0037382029462605716,-0.0014971527067245917,0.0005818875089232473,0.5347500000000001,,,1,False,True,0,0.0,0.0,0.0,0.0,0.5,,,1,False,True,0
A,posterior_mean_shrunk,cell,B,1000,tail_b1.0_mu0.9_c2.0_T1000_cap64,tail_b1.0_mu0.9_c2.0,64,10283000,phi_k16_clock,learned,1,1,2000,1,True,True,0.0221605721116066,0.021250684512779117,0.023106300039216876,0.00046877897285828985,0.8773347170054913,0.007442377358675003,0.014718194752931594,64.0,0.062124248496993974,107.7655,1.9465,0.05194511200000001,0.62,936.0,64.0,0.8994952891170979,0.8920529117584228,0.8920529117584228,1.0,-0.0026078959703445433,-0.0037382029462605716,-0.0014971527067245917,0.0005818875089232473,0.5347500000000001,,,1,False,True,0,0.0,0.0,0.0,0.0,0.5,,,1,False,True,0
A,posterior_mean_shrunk,cell,B,1000,tail_b1.0_mu0.9_c2.0_T1000_cap64,tail_b1.0_mu0.9_c2.0,64,10283000,phi_k16_cs,learned,1,1,2000,1,True,True,0.0221605721116066,0.021250684512779117,0.023106300039216876,0.00046877897285828985,0.8773347170054913,0.007442377358675003,0.014718194752931594,64.0,0.062124248496993974,107.7655,1.9465,0.05194511200000001,0.62,544.371,80.912,0.8994952891170979,0.8920529117584228,0.8920529117584228,1.0,-0.0026078959703445433,-0.0037382029462605716,-0.0014971527067245917,0.0005818875089232473,0.5347500000000001,,,1,False,True,0,0.0,0.0,0.0,0.0,0.5,,,1,False,True,0
A,posterior_mean_shrunk,cell,B,1000,tail_b1.0_mu0.9_c2.0_T1000_cap64,tail_b1.0_mu0.9_c2.0,64,10283000,phi_k16_famA_only,learned,1,1,2000,1,True,True,0.0221605721116066,0.021250684512779117,0.023106300039216876,0.00046877897285828985,0.8773347170054913,0.007442377358675003,0.014718194752931594,64.0,0.062124248496993974,107.7655,1.9465,0.05194511200000001,0.62,147.435,90.96,0.8994952891170979,0.8920529117584228,0.8920529117584228,1.0,-0.0026078959703445433,-0.0037382029462605716,-0.0014971527067245917,0.0005818875089232473,0.5347500000000001,,,1,False,True,0,0.0,0.0,0.0,0.0,0.5,,,1,False,True,0
A,posterior_mean_shrunk,cell,B,1000,tail_b1.0_mu0.9_c2.0_T1000_cap64,tail_b1.0_mu0.9_c2.0,64,10283000,phi_k16_famB_only,learned,1,1,2000,1,True,True,0.0221605721116066,0.021250684512779117,0.023106300039216876,0.00046877897285828985,0.8773347170054913,0.007442377358675003,0.014718194752931594,64.0,0.062124248496993974,107.7655,1.9465,0.05194511200000001,0.62,500.568,82.64,0.8994952891170979,0.8920529117584228,0.8920529117584228,1.0,-0.0026078959703445433,-0.0037382029462605716,-0.0014971527067245917,0.0005818875089232473,0.5347500000000001,,,1,False,True,0,0.0,0.0,0.0,0.0,0.5,,,1,False,True,0
A,posterior_mean_shrunk,cell,B,1000,tail_b1.0_mu0.9_c2.0_T1000_cap64,tail_b1.0_mu0.9_c2.0,64,10283000,phi_k16_guard,learned,1,1,2000,1,True,True,0.0221605721116066,0.021250684512779117,0.023106300039216876,0.00046877897285828985,0.8773347170054913,0.007442377358675003,0.014718194752931594,64.0,0.062124248496993974,107.7655,1.9465,0.05194511200000001,0.62,542.1885,80.824,0.8994952891170979,0.8920529117584228,0.8920529117584228,1.0,-0.0026078959703445433,-0.0037382029462605716,-0.0014971527067245917,0.0005818875089232473,0.5347500000000001,,,1,False,True,0,0.0,0.0,0.0,0.0,0.5,,,1,False,True,0
A,posterior_mean_shrunk,cell,B,1000,tail_b1.0_mu0.9_c2.0_T1000_cap64,tail_b1.0_mu0.9_c2.0,64,10283000,phi_k16_hgb,learned,1,1,2000,1,True,True,0.02214026615023613,0.021233454160392285,0.02308845240622759,0.0004685152033380525,0.8773550229668617,0.007442377358675003,0.014697888791561127,63.986,0.06211022044088175,107.7815,1.9465,0.051954543,0.62,294.166,65.10510510510511,0.8994952891170979,0.8920529117584228,0.8920529117584228,0.999,-0.0026282019317150117,-0.0037554464652203015,-0.0015140321949729699,0.0005813829201112321,0.5347500000000001,,,1,False,True,0,-2.030596137046814e-05,-5.238279845798388e-05,0.0,1.4536185095994224e-05,0.5005,,,1,False,True,0
A,posterior_mean_shrunk,cell,B,1000,tail_b1.0_mu0.9_c2.0_T1000_cap64,tail_b1.0_mu0.9_c2.0,64,10283000,phi_k16_lucb,learned,1,1,2000,1,True,True,0.0221605721116066,0.021250684512779117,0.023106300039216876,0.00046877897285828985,0.8773347170054913,0.007442377358675003,0.014718194752931594,64.0,0.062124248496993974,107.7655,1.9465,0.05194511200000001,0.62,564.986,95.44,0.8994952891170979,0.8920529117584228,0.8920529117584228,1.0,-0.0026078959703445433,-0.0037382029462605716,-0.0014971527067245917,0.0005818875089232473,0.5347500000000001,,,1,False,True,0,0.0,0.0,0.0,0.0,0.5,,,1,False,True,0
A,posterior_mean_shrunk,cell,B,1000,tail_b1.0_mu0.9_c2.0_T1000_cap64,tail_b1.0_mu0.9_c2.0,64,10283000,phi_k16_noT1000,learned,1,1,2000,1,True,True,0.0221605721116066,0.021250684512779117,0.023106300039216876,0.00046877897285828985,0.8773347170054913,0.007442377358675003,0.014718194752931594,64.0,0.062124248496993974,107.7655,1.9465,0.05194511200000001,0.62,916.429,64.0,0.8994952891170979,0.8920529117584228,0.8920529117584228,1.0,-0.0026078959703445433,-0.0037382029462605716,-0.0014971527067245917,0.0005818875089232473,0.5347500000000001,,,1,False,True,0,0.0,0.0,0.0,0.0,0.5,,,1,False,True,0
A,posterior_mean_shrunk,cell,B,1000,tail_b1.0_mu0.9_c2.0_T1000_cap64,tail_b1.0_mu0.9_c2.0,64,10283000,phi_k16_noT200,learned,1,1,2000,1,True,True,0.0221605721116066,0.021250684512779117,0.023106300039216876,0.00046877897285828985,0.8773347170054913,0.007442377358675003,0.014718194752931594,64.0,0.062124248496993974,107.7655,1.9465,0.05194511200000001,0.62,561.328,79.952,0.8994952891170979,0.8920529117584228,0.8920529117584228,1.0,-0.0026078959703445433,-0.0037382029462605716,-0.0014971527067245917,0.0005818875089232473,0.5347500000000001,,,1,False,True,0,0.0,0.0,0.0,0.0,0.5,,,1,False,True,0
A,posterior_mean_shrunk,cell,B,1000,tail_b1.0_mu0.9_c2.0_T1000_cap64,tail_b1.0_mu0.9_c2.0,64,10283000,phi_k16_noambig,learned,1,1,2000,1,True,True,0.0221605721116066,0.021250684512779117,0.023106300039216876,0.00046877897285828985,0.8773347170054913,0.007442377358675003,0.014718194752931594,64.0,0.062124248496993974,107.7655,1.9465,0.05194511200000001,0.62,764.979,64.136,0.8994952891170979,0.8920529117584228,0.8920529117584228,1.0,-0.0026078959703445433,-0.0037382029462605716,-0.0014971527067245917,0.0005818875089232473,0.5347500000000001,,,1,False,True,0,0.0,0.0,0.0,0.0,0.5,,,1,False,True,0
A,posterior_mean_shrunk,cell,B,1000,tail_b1.0_mu0.9_c2.0_T1000_cap64,tail_b1.0_mu0.9_c2.0,64,10283000,phi_k16_nopolicy,learned,1,1,2000,1,True,True,0.0221605721116066,0.021250684512779117,0.023106300039216876,0.00046877897285828985,0.8773347170054913,0.007442377358675003,0.014718194752931594,64.0,0.062124248496993974,107.7655,1.9465,0.05194511200000001,0.62,763.626,68.432,0.8994952891170979,0.8920529117584228,0.8920529117584228,1.0,-0.0026078959703445433,-0.0037382029462605716,-0.0014971527067245917,0.0005818875089232473,0.5347500000000001,,,1,False,True,0,0.0,0.0,0.0,0.0,0.5,,,1,False,True,0
A,posterior_mean_shrunk,cell,B,1000,tail_b1.0_mu0.9_c2.0_T1000_cap64,tail_b1.0_mu0.9_c2.0,64,10283000,phi_k16_notrunc,learned,1,1,2000,1,True,True,0.0221605721116066,0.021250684512779117,0.023106300039216876,0.00046877897285828985,0.8773347170054913,0.007442377358675003,0.014718194752931594,64.0,0.062124248496993974,107.7655,1.9465,0.05194511200000001,0.62,741.594,64.0,0.8994952891170979,0.8920529117584228,0.8920529117584228,1.0,-0.0026078959703445433,-0.0037382029462605716,-0.0014971527067245917,0.0005818875089232473,0.5347500000000001,,,1,False,True,0,0.0,0.0,0.0,0.0,0.5,,,1,False,True,0
A,posterior_mean_shrunk,cell,B,1000,tail_b1.0_mu0.9_c2.0_T1000_cap64,tail_b1.0_mu0.9_c2.0,64,10283000,phi_k16_onpolicy_only,learned,1,1,2000,1,True,True,0.0751312589943409,0.07104014232754707,0.07930011805146933,0.0020624429978131657,0.8243640301227569,0.06406232358515263,0.01106893540918827,29.954,0.02801002004008016,345.884,5.8185,0.305222812,0.458,24.369,874.3280423280423,0.8994952891170979,0.8920529117584228,0.8354329655319452,0.2835,0.05036279091238976,0.04632281064987183,0.054544036928564306,0.002062175820083477,0.31074999999999997,,,1,False,True,0,0.0529706868827343,0.04879144262522459,0.05720928590744734,0.0020928574141910756,0.29675,,,1,False,True,0
A,posterior_mean_shrunk,cell,B,1000,tail_b1.0_mu0.9_c2.0_T1000_cap64,tail_b1.0_mu0.9_c2.0,64,10283000,phi_k16_onpolicy_union,learned,1,1,2000,1,True,True,0.0221605721116066,0.021250684512779117,0.023106300039216876,0.00046877897285828985,0.8773347170054913,0.007442377358675003,0.014718194752931594,64.0,0.062124248496993974,107.7655,1.9465,0.05194511200000001,0.62,585.17,86.736,0.8994952891170979,0.8920529117584228,0.8920529117584228,1.0,-0.0026078959703445433,-0.0037382029462605716,-0.0014971527067245917,0.0005818875089232473,0.5347500000000001,,,1,False,True,0,0.0,0.0,0.0,0.0,0.5,,,1,False,True,0
A,posterior_mean_shrunk,cell,B,1000,tail_b1.0_mu0.9_c2.0_T1000_cap64,tail_b1.0_mu0.9_c2.0,64,10283000,phi_k16_perstep,learned,1,1,2000,1,True,True,0.0221605721116066,0.021250684512779117,0.023106300039216876,0.00046877897285828985,0.8773347170054913,0.007442377358675003,0.014718194752931594,64.0,0.062124248496993974,107.7655,1.9465,0.05194511200000001,0.62,545.7385,68.262,0.8994952891170979,0.8920529117584228,0.8920529117584228,1.0,-0.0026078959703445433,-0.0037382029462605716,-0.0014971527067245917,0.0005818875089232473,0.5347500000000001,,,1,False,True,0,0.0,0.0,0.0,0.0,0.5,,,1,False,True,0
A,posterior_mean_shrunk,cell,B,1000,tail_b1.0_mu0.9_c2.0_T1000_cap64,tail_b1.0_mu0.9_c2.0,64,10283000,phi_k16_quality,learned,1,1,2000,1,True,True,0.0221605721116066,0.021250684512779117,0.023106300039216876,0.00046877897285828985,0.8773347170054913,0.007442377358675003,0.014718194752931594,64.0,0.062124248496993974,107.7655,1.9465,0.05194511200000001,0.62,505.48,80.096,0.8994952891170979,0.8920529117584228,0.8920529117584228,1.0,-0.0026078959703445433,-0.0037382029462605716,-0.0014971527067245917,0.0005818875089232473,0.5347500000000001,,,1,False,True,0,0.0,0.0,0.0,0.0,0.5,,,1,False,True,0
A,posterior_mean_shrunk,cell,B,1000,tail_b1.0_mu0.9_c2.0_T1000_cap64,tail_b1.0_mu0.9_c2.0,64,10283000,phi_k16_tau05,learned,1,1,2000,1,True,True,0.0221605721116066,0.021250684512779117,0.023106300039216876,0.00046877897285828985,0.8773347170054913,0.007442377358675003,0.014718194752931594,64.0,0.062124248496993974,107.7655,1.9465,0.05194511200000001,0.62,542.339,80.824,0.8994952891170979,0.8920529117584228,0.8920529117584228,1.0,-0.0026078959703445433,-0.0037382029462605716,-0.0014971527067245917,0.0005818875089232473,0.5347500000000001,,,1,False,True,0,0.0,0.0,0.0,0.0,0.5,,,1,False,True,0
A,posterior_mean_shrunk,cell,B,1000,tail_b1.0_mu0.9_c2.0_T1000_cap64,tail_b1.0_mu0.9_c2.0,64,10283000,phi_k16_weighted,learned,1,1,2000,1,True,True,0.0221605721116066,0.021250684512779117,0.023106300039216876,0.00046877897285828985,0.8773347170054913,0.007442377358675003,0.014718194752931594,64.0,0.062124248496993974,107.7655,1.9465,0.05194511200000001,0.62,278.833,114.952,0.8994952891170979,0.8920529117584228,0.8920529117584228,1.0,-0.0026078959703445433,-0.0037382029462605716,-0.0014971527067245917,0.0005818875089232473,0.5347500000000001,,,1,False,True,0,0.0,0.0,0.0,0.0,0.5,,,1,False,True,0
A,posterior_mean_shrunk,cell,B,1000,tail_b1.0_mu0.9_c2.0_T1000_cap64,tail_b1.0_mu0.9_c2.0,64,10283000,phi_k4,learned,1,1,2000,1,True,True,0.0221605721116066,0.021250684512779117,0.023106300039216876,0.00046877897285828985,0.8773347170054913,0.007442377358675003,0.014718194752931594,64.0,0.062124248496993974,107.7655,1.9465,0.05194511200000001,0.62,923.79,70.666,0.8994952891170979,0.8920529117584228,0.8920529117584228,1.0,-0.0026078959703445433,-0.0037382029462605716,-0.0014971527067245917,0.0005818875089232473,0.5347500000000001,,,1,False,True,0,0.0,0.0,0.0,0.0,0.5,,,1,False,True,0
A,posterior_mean_shrunk,cell,B,1000,tail_b1.0_mu0.9_c2.0_T1000_cap64,tail_b1.0_mu0.9_c2.0,64,10283000,phi_reservoir_rule,learned,1,1,2000,1,True,True,0.0221605721116066,0.021250684512779117,0.023106300039216876,0.00046877897285828985,0.8773347170054913,0.007442377358675003,0.014718194752931594,64.0,0.062124248496993974,107.7655,1.9465,0.05194511200000001,0.62,633.968,81.024,0.8994952891170979,0.8920529117584228,0.8920529117584228,1.0,-0.0026078959703445433,-0.0037382029462605716,-0.0014971527067245917,0.0005818875089232473,0.5347500000000001,,,1,False,True,0,0.0,0.0,0.0,0.0,0.5,,,1,False,True,0
A,posterior_mean_shrunk,cell,B,1000,tail_b1.0_mu0.9_c2.0_T1000_cap64,tail_b1.0_mu0.9_c2.0,64,10283000,phi_sf_k16,learned,1,1,2000,1,True,True,0.0221605721116066,0.021250684512779117,0.023106300039216876,0.00046877897285828985,0.8773347170054913,0.007442377358675003,0.014718194752931594,64.0,0.062124248496993974,107.7655,1.9465,0.05194511200000001,0.62,805.816,81.192,0.8994952891170979,0.8920529117584228,0.8920529117584228,1.0,-0.0026078959703445433,-0.0037382029462605716,-0.0014971527067245917,0.0005818875089232473,0.5347500000000001,,,1,False,True,0,0.0,0.0,0.0,0.0,0.5,,,1,False,True,0
A,posterior_mean_shrunk,cell,B,1000,tail_b1.0_mu0.9_c2.0_T1000_cap64,tail_b1.0_mu0.9_c2.0,64,10283000,phi_sf_k16_noT1000,learned,1,1,2000,1,True,True,0.0221605721116066,0.021250684512779117,0.023106300039216876,0.00046877897285828985,0.8773347170054913,0.007442377358675003,0.014718194752931594,63.993,0.06211723446893786,107.7675,1.941,0.051947232,0.62,433.317,139.4617308654327,0.8994952891170979,0.8920529117584228,0.8920529117584228,0.9995,-0.0026078959703445433,-0.0037382029462605716,-0.0014971527067245917,0.0005818875089232473,0.5347500000000001,,,1,False,True,0,0.0,0.0,0.0,0.0,0.5,,,1,False,True,0
A,posterior_mean_shrunk,cell,B,1000,tail_b1.0_mu0.9_c2.0_T1000_cap64,tail_b1.0_mu0.9_c2.0,64,10283000,power_a0.25,baseline,1,1,2000,1,True,True,0.0221605721116066,0.021250684512779117,0.023106300039216876,0.00046877897285828985,0.8773347170054913,0.007442377358675003,0.014718194752931594,64.0,0.062124248496993974,107.7655,1.9465,0.05194511200000001,0.62,,272.0,0.8994952891170979,0.8920529117584228,0.8920529117584228,1.0,-0.0026078959703445433,-0.0037382029462605716,-0.0014971527067245917,0.0005818875089232473,0.5347500000000001,,,1,False,True,0,0.0,0.0,0.0,0.0,0.5,,,1,False,True,0
A,posterior_mean_shrunk,cell,B,1000,tail_b1.0_mu0.9_c2.0_T1000_cap64,tail_b1.0_mu0.9_c2.0,64,10283000,power_a0.33,baseline,1,1,2000,1,True,True,0.0221605721116066,0.021250684512779117,0.023106300039216876,0.00046877897285828985,0.8773347170054913,0.007442377358675003,0.014718194752931594,64.0,0.062124248496993974,107.7655,1.9465,0.05194511200000001,0.62,,393.0,0.8994952891170979,0.8920529117584228,0.8920529117584228,1.0,-0.0026078959703445433,-0.0037382029462605716,-0.0014971527067245917,0.0005818875089232473,0.5347500000000001,,,1,False,True,0,0.0,0.0,0.0,0.0,0.5,,,1,False,True,0
A,posterior_mean_shrunk,cell,B,1000,tail_b1.0_mu0.9_c2.0_T1000_cap64,tail_b1.0_mu0.9_c2.0,64,10283000,power_a0.5,baseline,1,1,2000,1,True,True,0.0221605721116066,0.021250684512779117,0.023106300039216876,0.00046877897285828985,0.8773347170054913,0.007442377358675003,0.014718194752931594,64.0,0.062124248496993974,107.7655,1.9465,0.05194511200000001,0.62,,87.0,0.8994952891170979,0.8920529117584228,0.8920529117584228,1.0,-0.0026078959703445433,-0.0037382029462605716,-0.0014971527067245917,0.0005818875089232473,0.5347500000000001,,,1,False,True,0,0.0,0.0,0.0,0.0,0.5,,,1,False,True,0
A,posterior_mean_shrunk,cell,B,1000,tail_b1.0_mu0.9_c2.0_T1000_cap64,tail_b1.0_mu0.9_c2.0,64,10283000,power_a0.67,baseline,1,1,2000,1,True,True,0.022188300788402556,0.021277288999408485,0.02313338820822537,0.0004688890799932133,0.8773069883286952,0.007442377358675003,0.014745923429727555,64.0,0.062124248496993974,107.729,1.9005,0.051917999,0.6285,,480.0,0.8994952891170979,0.8920529117584228,0.8920529117584228,1.0,-0.002580167293548584,-0.003709294489817693,-0.0014656578539870681,0.0005818609075369388,0.5345,,,1,False,True,0,2.772867679595947e-05,-1.0647141107256168e-05,7.552275710622777e-05,2.207748476763336e-05,0.49925,,,1,False,True,0
A,posterior_mean_shrunk,cell,B,1000,tail_b1.0_mu0.9_c2.0_T1000_cap64,tail_b1.0_mu0.9_c2.0,64,10283000,refine_after_init,baseline,1,1,2000,1,True,True,0.060742738842964175,0.05838243383914232,0.06312567796558141,0.001222047974046519,0.8387525502741336,0.05808136680722237,0.002661372035741806,8.0,0.006012024048096194,395.133,0.0,0.33231402000000004,1.22,,,0.8994952891170979,0.8920529117584228,0.8414139223098754,0.0,0.03597427076101303,0.03356900904327631,0.038354603480547665,0.0012241012692807568,0.26775,,,1,False,True,0,0.03858216673135757,0.03609222210943699,0.04108035685494542,0.0012924322731461399,0.261,,,1,False,True,0
A,posterior_mean_shrunk,cell,B,1000,tail_b1.0_mu0.9_c2.0_T1000_cap64,tail_b1.0_mu0.9_c2.0,64,10283000,rule_reservoir,rule,1,1,2000,1,True,True,0.0221605721116066,0.021250684512779117,0.023106300039216876,0.00046877897285828985,0.8773347170054913,0.007442377358675003,0.014718194752931594,64.0,0.062124248496993974,107.7655,1.9465,0.05194511200000001,0.62,550.503,64.0,0.8994952891170979,0.8920529117584228,0.8920529117584228,1.0,-0.0026078959703445433,-0.0037382029462605716,-0.0014971527067245917,0.0005818875089232473,0.5347500000000001,,,1,False,True,0,0.0,0.0,0.0,0.0,0.5,,,1,False,True,0
A,posterior_mean_shrunk,cell,B,1000,tail_b1.0_mu0.9_c2.0_T1000_cap64,tail_b1.0_mu0.9_c2.0,64,10283000,uniform,baseline,1,1,2000,1,True,True,0.022177667647600173,0.021268268721178173,0.023127266438677907,0.00046899533205212033,0.8773176214694977,0.007442377358675003,0.01473529028892517,64.0,0.062124248496993974,107.735,1.912,0.051919315,0.635,,126.242,0.8994952891170979,0.8920529117584228,0.8920529117584228,1.0,-0.0025908004343509674,-0.0037270108237862586,-0.001470940763829277,0.0005823775152268197,0.53425,,,1,False,True,0,1.709553599357605e-05,-5.1197526499890944e-05,8.20778015622636e-05,3.338426840276493e-05,0.49925,,,1,False,True,0
A,posterior_mean_shrunk,cell,B,100,tail_b1.0_mu0.9_c2.0_T100_cap64,tail_b1.0_mu0.9_c2.0,64,10274000,always_search,baseline,1,1,2000,1,True,True,0.08639198480546474,0.0827782243490219,0.09013473186641931,0.001876876842924641,0.8085453312546015,0.0026071872115135193,0.08378479759395123,64.0,0.6326530612244898,7.8965,52.5085,0.0317915,0.0,,64.0,0.8949373160600662,0.8923301288485527,0.8923301288485527,1.0,0.008007330894470215,0.003313842194620521,0.012735645566135644,0.002421216468761281,0.48425,,,1,False,True,0,0.015931675851345063,0.011788627365604043,0.020072525460273025,0.002135804168330187,0.45699999999999996,,,1,False,True,0
A,posterior_mean_shrunk,cell,B,100,tail_b1.0_mu0.9_c2.0_T100_cap64,tail_b1.0_mu0.9_c2.0,64,10274000,cp0,reference,1,1,2000,1,True,True,0.07838465391099453,0.07509135399013758,0.08164061903953553,0.001651266034730308,0.8165526621490717,0.04600578606128693,0.0323788678497076,9.0,0.0714285714285714,24.5655,0.3945,0.18238819999999997,0.028,,,0.8949373160600662,0.8923301288485527,0.8489315299987793,0.0,0.0,0.0,0.0,0.0,0.5,,,1,False,True,0,0.007924344956874847,0.003915049135684967,0.012057802849449217,0.002079576470778949,0.46175,,,1,False,True,0
A,posterior_mean_shrunk,cell,B,100,tail_b1.0_mu0.9_c2.0_T100_cap64,tail_b1.0_mu0.9_c2.0,64,10274000,fixed_K16,baseline,1,1,2000,1,True,True,0.06668929098546506,0.06378738395869732,0.0696818433701992,0.001489128157125258,0.8282480250746012,0.024081587165594102,0.042607703819870946,16.0,0.1428571428571428,18.8815,4.3845,0.1258858,0.0,,,0.8949373160600662,0.8923301288485527,0.8708557288944722,0.0,-0.01169536292552948,-0.015152461314573883,-0.008181728911586106,0.0017710742639704838,0.5495,,,1,False,True,0,-0.0037710179686546324,-0.007364090904593466,2.7461181980470373e-05,0.0018927779295348642,0.514,,,1,False,True,0
A,posterior_mean_shrunk,cell,B,100,tail_b1.0_mu0.9_c2.0_T100_cap64,tail_b1.0_mu0.9_c2.0,64,10274000,p3_star,reference,1,1,2000,1,True,True,0.07046030895411969,0.06739791370928287,0.07343966029584408,0.0015500486168887153,0.8244770071059465,0.008406960994005203,0.062053347960114476,36.0,0.34693877551020413,10.4975,17.5375,0.0552998,0.0,,,0.8949373160600662,0.8923301288485527,0.886530355066061,0.0,-0.007924344956874847,-0.012057802849449217,-0.003915049135684967,0.002079576470778949,0.53825,,,1,False,True,0,0.0,0.0,0.0,0.0,0.5,,,1,False,True,0
A,posterior_mean_shrunk,cell,B,100,tail_b1.0_mu0.9_c2.0_T100_cap64,tail_b1.0_mu0.9_c2.0,64,10274000,phi_k1,learned,1,1,2000,1,True,True,0.06733686439692974,0.06434125509113074,0.07034707553684712,0.0015135182251250956,0.8276004516631364,0.009651447355747222,0.05768541704118252,31.4235,0.30023979591836736,11.672,12.656,0.0629007,0.0,0.0,,0.8949373160600662,0.8923301288485527,0.885285868704319,0.0,-0.01104778951406479,-0.01510310189332813,-0.00698616785230115,0.0020500071311981734,0.55025,,,1,False,True,0,-0.0031234445571899413,-0.005553155427332967,-0.000663393785362132,0.0012360733071004333,0.511,,,1,False,True,0
A,posterior_mean_shrunk,cell,B,100,tail_b1.0_mu0.9_c2.0_T100_cap64,tail_b1.0_mu0.9_c2.0,64,10274000,phi_k16,learned,1,1,2000,1,True,True,0.06485931710898876,0.0620164817199111,0.0677319971844554,0.0014483912124202878,0.8300779989510775,0.019816486239433287,0.045042830869555475,18.824,0.17167346938775513,17.332,6.256,0.1121861,0.0,0.0,,0.8949373160600662,0.8923301288485527,0.8751208298206329,0.0,-0.013525336802005768,-0.017169362446293236,-0.009894062043167652,0.0018325341505196022,0.56275,,,1,False,True,0,-0.005600991845130921,-0.009129859320819379,-0.0020169862371403734,0.0018151110337994972,0.52325,,,1,False,True,0
A,posterior_mean_shrunk,cell,B,100,tail_b1.0_mu0.9_c2.0_T100_cap64,tail_b1.0_mu0.9_c2.0,64,10274000,phi_k16_all71,learned,1,1,2000,1,True,True,0.06567926959693432,0.06282502338290215,0.06860381811857223,0.0014532857451156414,0.829258046463132,0.018058922827243806,0.047620346769690514,20.632,0.19012244897959188,16.39,7.268,0.10500480000000001,0.0,0.0,,0.8949373160600662,0.8923301288485527,0.8768783932328225,0.0,-0.012705384314060212,-0.016405042447149753,-0.009049249952659015,0.0018756509339477388,0.557,,,1,False,True,0,-0.004781039357185364,-0.008166054706089198,-0.0013717708847252664,0.0017254146533576692,0.5195000000000001,,,1,False,True,0
A,posterior_mean_shrunk,cell,B,100,tail_b1.0_mu0.9_c2.0_T100_cap64,tail_b1.0_mu0.9_c2.0,64,10274000,phi_k16_clock,learned,1,1,2000,1,True,True,0.06965387338399887,0.06655264776200057,0.07269679103046656,0.0015529889384610213,0.8252834426760673,0.009191672027111053,0.06046220135688782,34.0,0.32653061224489793,11.064,15.698,0.059159500000000004,0.0,0.0,,0.8949373160600662,0.8923301288485527,0.8857456440329552,0.0,-0.00873078052699566,-0.012871763086877762,-0.004666617163456977,0.002079142051033813,0.5495,,,1,False,True,0,-0.0008064355701208114,-0.0024492321361321953,0.0008529431433998975,0.0008402168445917088,0.5005,,,1,False,True,0
A,posterior_mean_shrunk,cell,B,100,tail_b1.0_mu0.9_c2.0_T100_cap64,tail_b1.0_mu0.9_c2.0,64,10274000,phi_k16_cs,learned,1,1,2000,1,True,True,0.06479508037865161,0.061955579090863466,0.06767662260681391,0.0014464083688481906,0.8301422356814147,0.01983345237374306,0.04496162800490856,18.792,0.17134693877551024,17.34,6.23,0.11228629999999999,0.0,0.0,,0.8949373160600662,0.8923301288485527,0.8751038636863232,0.0,-0.01358957353234291,-0.01722996775060892,-0.009984516655094929,0.0018326337047064006,0.563,,,1,False,True,0,-0.005665228575468063,-0.009191167633980512,-0.002083037118427456,0.0018167110484769767,0.5235,,,1,False,True,0
A,posterior_mean_shrunk,cell,B,100,tail_b1.0_mu0.9_c2.0_T100_cap64,tail_b1.0_mu0.9_c2.0,64,10274000,phi_k16_famA_only,learned,1,1,2000,1,True,True,0.0653712145537138,0.062489336263388394,0.06829453483223916,0.0014658623487121985,0.8295661015063525,0.02075061637163162,0.04462059818208217,18.112,0.16440816326530613,17.601,5.6905,0.11439690000000001,0.0,0.0,,0.8949373160600662,0.8923301288485527,0.8741866996884347,0.0,-0.013013439357280731,-0.016607894282788038,-0.009440729697234928,0.001818929361444214,0.55925,,,1,False,True,0,-0.0050890944004058835,-0.00867584452498704,-0.0013738230598391967,0.001862373971418232,0.5215,,,1,False,True,0
A,posterior_mean_shrunk,cell,B,100,tail_b1.0_mu0.9_c2.0_T100_cap64,tail_b1.0_mu0.9_c2.0,64,10274000,phi_k16_famB_only,learned,1,1,2000,1,True,True,0.06499868313968181,0.06215363247320056,0.06790899392217398,0.001452639785792714,0.8299386329203844,0.020150829017162322,0.044847854122519494,18.568,0.16906122448979594,17.408,6.0825,0.1129063,0.0,0.0,,0.8949373160600662,0.8923301288485527,0.8747864870429038,0.0,-0.013385970771312714,-0.017008541151881218,-0.009794133715331554,0.001821799560901946,0.56225,,,1,False,True,0,-0.0054616258144378664,-0.009028758504427968,-0.0018232560512842614,0.0018307609710726683,0.52275,,,1,False,True,0
A,posterior_mean_shrunk,cell,B,100,tail_b1.0_mu0.9_c2.0_T100_cap64,tail_b1.0_mu0.9_c2.0,64,10274000,phi_k16_guard,learned,1,1,2000,1,True,True,0.0641252231746912,0.06129951737821102,0.06703072115778923,0.0014432080653773252,0.830812092885375,0.02015822699666023,0.043966996178030966,18.3525,0.16686224489795923,17.5495,5.9755,0.1137596,0.0,0.0,,0.8949373160600662,0.8923301288485527,0.874779089063406,0.0,-0.014259430736303329,-0.017861085897311568,-0.010666656726971268,0.0018328119934086235,0.56275,,,1,False,True,0,-0.006335085779428482,-0.00986484286841005,-0.0027000842208508413,0.0018330111498804423,0.52725,,,1,False,True,0
A,posterior_mean_shrunk,cell,B,100,tail_b1.0_mu0.9_c2.0_T100_cap64,tail_b1.0_mu0.9_c2.0,64,10274000,phi_k16_hgb,learned,1,1,2000,1,True,True,0.06873054379224777,0.06572799477726221,0.07175639495253563,0.0015290797593962547,0.8262067722678185,0.009635582059621811,0.05909496173262596,34.361,0.3302142857142858,14.2185,21.992,0.07841859999999999,0.0,0.0,,0.8949373160600662,0.8923301288485527,0.8853017340004444,0.0,-0.009654110118746758,-0.013401259970851242,-0.005980087630450726,0.0018826040270062208,0.545,,,1,False,True,0,-0.00172976516187191,-0.005197552486788481,0.00177652126585599,0.0017667276572109016,0.50275,,,1,False,True,0
A,posterior_mean_shrunk,cell,B,100,tail_b1.0_mu0.9_c2.0_T100_cap64,tail_b1.0_mu0.9_c2.0,64,10274000,phi_k16_lucb,learned,1,1,2000,1,True,True,0.06531182046234607,0.0624215641990304,0.06822790037840605,0.0014512266181836173,0.8296254955977201,0.019624034225940706,0.045687786236405376,18.888,0.1723265306122449,17.3035,6.301,0.1120545,0.0,0.0,,0.8949373160600662,0.8923301288485527,0.8753132818341255,0.0,-0.013072833448648452,-0.016708864457905294,-0.009451652853749692,0.0018328788895733473,0.5605,,,1,False,True,0,-0.005148488491773605,-0.008679729513823986,-0.0015744326694402846,0.0018048755591705205,0.522,,,1,False,True,0
A,posterior_mean_shrunk,cell,B,100,tail_b1.0_mu0.9_c2.0_T100_cap64,tail_b1.0_mu0.9_c2.0,64,10274000,phi_k16_noT1000,learned,1,1,2000,1,True,True,0.06610474662482739,0.0632531451061368,0.06905997432768345,0.0014599184925635994,0.8288325694352389,0.015620669811964034,0.05048407681286335,22.951,0.21378571428571427,15.563,8.904,0.0982633,0.0,0.004,96.0,0.8949373160600662,0.8923301288485527,0.8793166462481022,0.0015,-0.012279907286167145,-0.016021419083699584,-0.008524537459015847,0.0019061028124089825,0.55325,,,1,False,True,0,-0.004355562329292298,-0.007591074646916239,-0.0010865763848414646,0.0016716707811347646,0.5195,,,1,False,True,0
A,posterior_mean_shrunk,cell,B,100,tail_b1.0_mu0.9_c2.0_T100_cap64,tail_b1.0_mu0.9_c2.0,64,10274000,phi_k16_noT200,learned,1,1,2000,1,True,True,0.06497397933900356,0.062141218408942225,0.06784560140222311,0.0014423533094198946,0.8299633367210627,0.018991364508867264,0.0459826148301363,19.625,0.17984693877551025,16.9455,6.763,0.1090708,0.0,0.0,,0.8949373160600662,0.8923301288485527,0.8759459515511989,0.0,-0.013410674571990968,-0.017096308758482337,-0.00974035591352731,0.0018537467471338408,0.56075,,,1,False,True,0,-0.005486329615116119,-0.008941423217765986,-0.0020071889681275937,0.0017717218978517614,0.522,,,1,False,True,0
A,posterior_mean_shrunk,cell,B,100,tail_b1.0_mu0.9_c2.0_T100_cap64,tail_b1.0_mu0.9_c2.0,64,10274000,phi_k16_noambig,learned,1,1,2000,1,True,True,0.06556930415332317,0.06267796289175749,0.06850870046764612,0.0014641705763651003,0.829368011906743,0.014190018355846405,0.05137928579747677,24.588,0.23048979591836735,14.784,9.498,0.0913819,0.0,0.0,,0.8949373160600662,0.8923301288485527,0.8807472977042198,0.0,-0.012815349757671356,-0.01655855984427035,-0.009045810136012734,0.0019145866144803392,0.5585,,,1,False,True,0,-0.004891004800796509,-0.007906300434842705,-0.0018958994653075934,0.0015214470764724124,0.526,,,1,False,True,0
A,posterior_mean_shrunk,cell,B,100,tail_b1.0_mu0.9_c2.0_T100_cap64,tail_b1.0_mu0.9_c2.0,64,10274000,phi_k16_nopolicy,learned,1,1,2000,1,True,True,0.06483345119655132,0.061987167317420246,0.06771429125219583,0.0014413354012329422,0.830103864863515,0.018624676644802093,0.04620877455174923,20.014,0.18381632653061225,16.8035,6.9875,0.10804580000000001,0.0,0.0,,0.8949373160600662,0.8923301288485527,0.8763126394152642,0.0,-0.013551202714443206,-0.01727401399984956,-0.009863840183243155,0.0018613452897138453,0.5609999999999999,,,1,False,True,0,-0.0056268577575683595,-0.009059509332291781,-0.0021708425134420407,0.001769275422365451,0.52375,,,1,False,True,0
A,posterior_mean_shrunk,cell,B,100,tail_b1.0_mu0.9_c2.0_T100_cap64,tail_b1.0_mu0.9_c2.0,64,10274000,phi_k16_notrunc,learned,1,1,2000,1,True,True,0.06638396498560906,0.0634602203965187,0.06932292860001325,0.0014660856876568555,0.8285533510744572,0.016832452565431595,0.04955151242017746,22.152,0.20563265306122452,15.7275,8.043,0.0986223,0.0,0.0,,0.8949373160600662,0.8923301288485527,0.8781048634946347,0.0,-0.012000688925385476,-0.015753774577751754,-0.008258949918672443,0.001887694365329533,0.554,,,1,False,True,0,-0.004076343968510628,-0.00730775836855173,-0.0008084184664767249,0.0016446919719040878,0.51525,,,1,False,True,0
A,posterior_mean_shrunk,cell,B,100,tail_b1.0_mu0.9_c2.0_T100_cap64,tail_b1.0_mu0.9_c2.0,64,10274000,phi_k16_onpolicy_only,learned,1,1,2000,1,True,True,0.06820214320719242,0.0652383616194129,0.0712267892435193,0.0015001069273345342,0.8267351728528738,0.011266266882419586,0.05693587632477284,30.368,0.28946938775510206,13.3135,14.957,0.07661140000000001,0.0,0.0,,0.8949373160600662,0.8923301288485527,0.8836710491776466,0.0,-0.010182510703802109,-0.013993179216049612,-0.0063221392803825445,0.0019517311228663015,0.539,,,1,False,True,0,-0.0022581657469272613,-0.005421226448379456,0.0009121107083046798,0.0016168909444424487,0.5105,,,1,False,True,0
A,posterior_mean_shrunk,cell,B,100,tail_b1.0_mu0.9_c2.0_T100_cap64,tail_b1.0_mu0.9_c2.0,64,10274000,phi_k16_onpolicy_union,learned,1,1,2000,1,True,True,0.0653328188508749,0.06245994996279478,0.06823844630271196,0.0014564211452512256,0.8296044972091913,0.01955377885699272,0.04577903999388218,19.104,0.174530612244898,17.17,6.424,0.11086510000000001,0.0,0.0,,0.8949373160600662,0.8923301288485527,0.8753835372030735,0.0,-0.01305183506011963,-0.016698635555803774,-0.009403361217118801,0.0018429682989422789,0.56075,,,1,False,True,0,-0.005127490103244782,-0.008648339449428022,-0.0015433762077009313,0.0018056875662258542,0.5215,,,1,False,True,0
A,posterior_mean_shrunk,cell,B,100,tail_b1.0_mu0.9_c2.0_T100_cap64,tail_b1.0_mu0.9_c2.0,64,10274000,phi_k16_perstep,learned,1,1,2000,1,True,True,0.0639668128490448,0.06115925572812557,0.06674937084317208,0.0014115870027606096,0.8309705032110214,0.02614916741847992,0.03781764543056488,14.032,0.12277551020408163,20.9665,3.876,0.1466906,0.0015,0.0,,0.8949373160600662,0.8923301288485527,0.8687881486415863,0.0,-0.01441784106194973,-0.017724882531911134,-0.011108559696003795,0.00169253058525812,0.55575,,,1,False,True,0,-0.0064934961050748825,-0.010202814079821109,-0.0028044383623637265,0.0018808693570457169,0.5175000000000001,,,1,False,True,0
A,posterior_mean_shrunk,cell,B,100,tail_b1.0_mu0.9_c2.0_T100_cap64,tail_b1.0_mu0.9_c2.0,64,10274000,phi_k16_quality,learned,1,1,2000,1,True,True,0.06529324941337109,0.06245594155043364,0.06821359787136316,0.0014569251168866776,0.8296440666466951,0.020578138202428816,0.044715111210942265,18.248,0.16579591836734692,17.564,5.824,0.1140779,0.0,0.0,,0.8949373160600662,0.8923301288485527,0.8743591778576374,0.0,-0.013091404497623443,-0.016705315047875046,-0.009530463907867671,0.00181496349540243,0.558,,,1,False,True,0,-0.005167059540748596,-0.008745261165313422,-0.0015118867973797053,0.0018447024532008709,0.5205,,,1,False,True,0
A,posterior_mean_shrunk,cell,B,100,tail_b1.0_mu0.9_c2.0_T100_cap64,tail_b1.0_mu0.9_c2.0,64,10274000,phi_k16_tau05,learned,1,1,2000,1,True,True,0.06485931710898876,0.0620164817199111,0.0677319971844554,0.0014483912124202878,0.8300779989510775,0.019816486239433287,0.045042830869555475,18.824,0.17167346938775513,17.332,6.256,0.1121861,0.0,0.0,,0.8949373160600662,0.8923301288485527,0.8751208298206329,0.0,-0.013525336802005768,-0.017169362446293236,-0.009894062043167652,0.0018325341505196022,0.56275,,,1,False,True,0,-0.005600991845130921,-0.009129859320819379,-0.0020169862371403734,0.0018151110337994972,0.52325,,,1,False,True,0
A,posterior_mean_shrunk,cell,B,100,tail_b1.0_mu0.9_c2.0_T100_cap64,tail_b1.0_mu0.9_c2.0,64,10274000,phi_k16_weighted,learned,1,1,2000,1,True,True,0.06470010863244534,0.061863844748586416,0.06759683694690466,0.0014436762146410828,0.8302372074276209,0.016353508859872818,0.04834659977257252,21.794,0.2019795918367347,16.347,8.858,0.1043182,0.0,0.0,,0.8949373160600662,0.8923301288485527,0.8785838072001934,0.0,-0.013684545278549193,-0.017363104876130818,-0.010052429209463299,0.0018455763425558273,0.55925,,,1,False,True,0,-0.005760200321674347,-0.009213762800209224,-0.00230747313471511,0.0017789054665160082,0.52325,,,1,False,True,0
A,posterior_mean_shrunk,cell,B,100,tail_b1.0_mu0.9_c2.0_T100_cap64,tail_b1.0_mu0.9_c2.0,64,10274000,phi_k4,learned,1,1,2000,1,True,True,0.0653575036227703,0.06252538822591305,0.06819030437618494,0.0014382868888582494,0.829579812437296,0.011876145780086517,0.05348135784268379,28.035,0.2656632653061224,13.0815,10.4785,0.07339369999999999,0.0,0.0,,0.8949373160600662,0.8923301288485527,0.8830611702799797,0.0,-0.01302715028822422,-0.016926952870562673,-0.009145343303680425,0.0019882502853671847,0.55025,,,1,False,True,0,-0.005102805331349373,-0.007987113203853369,-0.002269507024902851,0.0014687649872396375,0.51725,,,1,False,True,0
A,posterior_mean_shrunk,cell,B,100,tail_b1.0_mu0.9_c2.0_T100_cap64,tail_b1.0_mu0.9_c2.0,64,10274000,phi_reservoir_rule,learned,1,1,2000,1,True,True,0.07919227102398872,0.07583831790834665,0.08263729717582464,0.0017411427966265596,0.8157450450360775,0.004668517857789993,0.07452375316619873,49.786,0.48761224489795907,8.9545,34.109,0.041585300000000006,0.0,0.057,81.12280701754386,0.8949373160600662,0.8923301288485527,0.8902687982022762,0.0285,0.000807617112994194,-0.0034552221361082045,0.005104503396432844,0.0022462702273171632,0.50525,,,1,False,True,0,0.008731962069869042,0.005202353780623526,0.012273673573508859,0.0017938781578449008,0.48175,,,1,False,True,0
A,posterior_mean_shrunk,cell,B,100,tail_b1.0_mu0.9_c2.0_T100_cap64,tail_b1.0_mu0.9_c2.0,64,10274000,phi_sf_k16,learned,1,1,2000,1,True,True,0.06786321049928665,0.064800313860178,0.07086910642683505,0.001542553919824599,0.8270741055607795,0.010934285461902619,0.05692892503738403,30.176,0.28751020408163264,12.3965,12.7725,0.0708908,0.0,0.0,,0.8949373160600662,0.8923301288485527,0.8840030305981637,0.0,-0.010521443411707878,-0.01446469638030976,-0.0065860453527420764,0.002025647185493715,0.55425,,,1,False,True,0,-0.0025970984548330306,-0.004997361404821277,-0.00023676711607549872,0.0011986916774933923,0.514,,,1,False,True,0
A,posterior_mean_shrunk,cell,B,100,tail_b1.0_mu0.9_c2.0_T100_cap64,tail_b1.0_mu0.9_c2.0,64,10274000,phi_sf_k16_noT1000,learned,1,1,2000,1,True,True,0.06490900482237338,0.06199843166396022,0.06780110523104668,0.0014397563800687932,0.8300283112376928,0.01941642129421234,0.045492583528161046,19.192,0.17542857142857143,17.1465,6.455,0.1107224,0.0,0.0,,0.8949373160600662,0.8923301288485527,0.8755208947658539,0.0,-0.01347564908862114,-0.017127337493002413,-0.009811378503218294,0.0018438564178825817,0.562,,,1,False,True,0,-0.005551304131746292,-0.009025095822289584,-0.002052421565167606,0.0017941556481157449,0.52325,,,1,False,True,0
A,posterior_mean_shrunk,cell,B,100,tail_b1.0_mu0.9_c2.0_T100_cap64,tail_b1.0_mu0.9_c2.0,64,10274000,power_a0.25,baseline,1,1,2000,1,True,True,0.07268769747018813,0.06943247579038143,0.07586506772786379,0.0016340310008992871,0.8222496185898781,0.007201519131660461,0.06548617833852768,39.0,0.37755102040816324,10.1385,21.2045,0.0524017,0.0,,,0.8949373160600662,0.8923301288485527,0.8877357969284058,0.0,-0.005696956440806389,-0.009909706260077655,-0.001502648513996974,0.0021431939818044635,0.5347500000000001,,,1,False,True,0,0.0022273885160684587,2.6212650482193757e-05,0.00447257503401488,0.0011263179456142175,0.49024999999999996,,,1,False,True,0
A,posterior_mean_shrunk,cell,B,100,tail_b1.0_mu0.9_c2.0_T100_cap64,tail_b1.0_mu0.9_c2.0,64,10274000,power_a0.33,baseline,1,1,2000,1,True,True,0.07046030895411969,0.06739791370928287,0.07343966029584408,0.0015500486168887153,0.8244770071059465,0.008406960994005203,0.062053347960114476,36.0,0.34693877551020413,10.4975,17.5375,0.0552998,0.0,,,0.8949373160600662,0.8923301288485527,0.886530355066061,0.0,-0.007924344956874847,-0.012057802849449217,-0.003915049135684967,0.002079576470778949,0.53825,,,1,False,True,0,0.0,0.0,0.0,0.0,0.5,,,1,False,True,0
A,posterior_mean_shrunk,cell,B,100,tail_b1.0_mu0.9_c2.0_T100_cap64,tail_b1.0_mu0.9_c2.0,64,10274000,power_a0.5,baseline,1,1,2000,1,True,True,0.07256706573069095,0.06937391366809606,0.07578374501317739,0.0016303098975653317,0.8223702503293753,0.007539432197809219,0.06502763353288174,38.0,0.3673469387755102,10.0655,19.6115,0.052374899999999995,0.0,,,0.8949373160600662,0.8923301288485527,0.887397883862257,0.0,-0.0058175881803035736,-0.010000110510736702,-0.0016907029494177554,0.0021330980468459338,0.53625,,,1,False,True,0,0.002106756776571274,0.0002442811339278715,0.004007478186395018,0.0009583754053854614,0.488,,,1,False,True,0
A,posterior_mean_shrunk,cell,B,100,tail_b1.0_mu0.9_c2.0_T100_cap64,tail_b1.0_mu0.9_c2.0,64,10274000,power_a0.67,baseline,1,1,2000,1,True,True,0.07327436083555222,0.07009114250540734,0.07641325835138559,0.001603179229352137,0.821662955224514,0.008406960994005203,0.06486739984154702,36.0,0.34693877551020413,10.122,16.9415,0.0536443,0.0,,,0.8949373160600662,0.8923301288485527,0.886530355066061,0.0,-0.005110293075442314,-0.009351641125977039,-0.0010225467878626662,0.0020915666374832914,0.5265,,,1,False,True,0,0.0028140518814325334,0.0010941107175312943,0.004557110404130071,0.0008837931217300654,0.4855,,,1,False,True,0
A,posterior_mean_shrunk,cell,B,100,tail_b1.0_mu0.9_c2.0_T100_cap64,tail_b1.0_mu0.9_c2.0,64,10274000,refine_after_init,baseline,1,1,2000,1,True,True,0.08033503325283528,0.07707094997167588,0.08359853401780129,0.001661546407786844,0.8146022828072309,0.05112251788377762,0.029212515369057654,8.0,0.06122448979591836,27.847,0.397,0.2157749,0.0095,,,0.8949373160600662,0.8923301288485527,0.8438147981762886,0.0,0.001950379341840744,-0.0003274838272773191,0.004241268441546708,0.0011785815329205553,0.49,,,1,False,True,0,0.009874724298715592,0.005726597632747144,0.014032794884406029,0.002122834118069028,0.45675,,,1,False,True,0
A,posterior_mean_shrunk,cell,B,100,tail_b1.0_mu0.9_c2.0_T100_cap64,tail_b1.0_mu0.9_c2.0,64,10274000,rule_reservoir,rule,1,1,2000,1,True,True,0.08633084906637668,0.08270298037678003,0.09007269293069839,0.0018747615211316614,0.8086064669936895,0.0028432425558567046,0.08348760651051998,63.7425,0.6300255102040817,7.949,52.2295,0.0323088,0.0,3.458,64.0105633802817,0.8949373160600662,0.8923301288485527,0.8920940735042096,0.994,0.007946195155382156,0.0032859177212230866,0.012671822565607727,0.0024141858916234076,0.48375,,,1,False,True,0,0.015870540112257005,0.011751784128136935,0.020032148575410247,0.002133755971362445,0.45699999999999996,,,1,False,True,0
A,posterior_mean_shrunk,cell,B,100,tail_b1.0_mu0.9_c2.0_T100_cap64,tail_b1.0_mu0.9_c2.0,64,10274000,uniform,baseline,1,1,2000,1,True,True,0.08746610301733017,0.08376350421458482,0.09116557333618402,0.001878674203313552,0.8074712130427361,0.004307513892650604,0.08315858912467956,50.9715,0.4997091836734694,7.973,33.9975,0.0375628,0.0,,98.15384615384616,0.8949373160600662,0.8923301288485527,0.8906298021674156,0.0065,0.00908144910633564,0.004316129570361227,0.01379237442743033,0.0024058112247079574,0.48575,,,1,False,True,0,0.017005794063210487,0.013287506089545787,0.02077964623458683,0.001889237287280313,0.4435,,,1,False,True,0
A,posterior_mean_shrunk,cell,B,200,tail_b1.0_mu0.9_c2.0_T200_cap64,tail_b1.0_mu0.9_c2.0,64,10277000,always_search,baseline,1,1,2000,1,True,True,0.05356174266338348,0.05114920483902097,0.05604837546125054,0.0012470453731106262,0.8437992799282074,0.005236912578344345,0.04832483008503914,64.0,0.31313131313131315,15.173,28.3405,0.03423815,0.0,,64.0,0.8973610225915909,0.8921241100132465,0.8921241100132465,1.0,0.0003225849270820618,-0.002723299985518679,0.0034868020040448736,0.0015940740805142684,0.5155000000000001,,,1,False,True,0,0.0,0.0,0.0,0.0,0.5,,,1,False,True,0
A,posterior_mean_shrunk,cell,B,200,tail_b1.0_mu0.9_c2.0_T200_cap64,tail_b1.0_mu0.9_c2.0,64,10277000,cp0,reference,1,1,2000,1,True,True,0.053239157736301425,0.050993106607347724,0.05556691819801927,0.0011556235587758597,0.8441218648552895,0.03014905485510826,0.02309010288119316,14.0,0.06060606060606058,40.7735,0.462,0.14011079999999998,0.086,,,0.8973610225915909,0.8921241100132465,0.8672119677364826,0.0,0.0,0.0,0.0,0.0,0.5,,,1,False,True,0,-0.0003225849270820618,-0.0034868020040448745,0.0027232999855186786,0.0015940740805142684,0.4845,,,1,False,True,0
A,posterior_mean_shrunk,cell,B,200,tail_b1.0_mu0.9_c2.0_T200_cap64,tail_b1.0_mu0.9_c2.0,64,10277000,fixed_K16,baseline,1,1,2000,1,True,True,0.05040235835313797,0.04820509217679501,0.052600585389882326,0.0011122800454756413,0.8469586642384529,0.02628653907775879,0.02411581927537918,16.0,0.07070707070707072,41.4655,1.271,0.13813782500000002,0.023,,,0.8973610225915909,0.8921241100132465,0.8710744835138321,0.0,-0.002836799383163452,-0.004517720767762511,-0.0011354539718013265,0.0008753896897954475,0.52125,,,1,False,True,0,-0.003159384310245514,-0.006254760280717164,-0.0001358284032903626,0.0015554715402870676,0.4985,,,1,False,True,0
A,posterior_mean_shrunk,cell,B,200,tail_b1.0_mu0.9_c2.0_T200_cap64,tail_b1.0_mu0.9_c2.0,64,10277000,p3_star,reference,1,1,2000,1,True,True,0.05356174266338348,0.05114920483902097,0.05604837546125054,0.0012470453731106262,0.8437992799282074,0.005236912578344345,0.04832483008503914,64.0,0.31313131313131315,15.173,28.3405,0.03423815,0.0,,70.0,0.8973610225915909,0.8921241100132465,0.8921241100132465,1.0,0.0003225849270820618,-0.002723299985518679,0.0034868020040448736,0.0015940740805142684,0.5155000000000001,,,1,False,True,0,0.0,0.0,0.0,0.0,0.5,,,1,False,True,0
A,posterior_mean_shrunk,cell,B,200,tail_b1.0_mu0.9_c2.0_T200_cap64,tail_b1.0_mu0.9_c2.0,64,10277000,phi_k1,learned,1,1,2000,1,True,True,0.05356174266338348,0.05114920483902097,0.05604837546125054,0.0012470453731106262,0.8437992799282074,0.005236912578344345,0.04832483008503914,63.995,0.3131060606060606,15.173,28.3355,0.034239125,0.0,52.5245,74.63358395989975,0.8973610225915909,0.8921241100132465,0.8921241100132465,0.9975,0.0003225849270820618,-0.002723299985518679,0.0034868020040448736,0.0015940740805142684,0.5155000000000001,,,1,False,True,0,0.0,0.0,0.0,0.0,0.5,,,1,False,True,0
A,posterior_mean_shrunk,cell,B,200,tail_b1.0_mu0.9_c2.0_T200_cap64,tail_b1.0_mu0.9_c2.0,64,10277000,phi_k16,learned,1,1,2000,1,True,True,0.047018874585628506,0.0450094185769558,0.049065726902335884,0.0010453209122391627,0.8503421480059624,0.015226670265197754,0.031792204320430756,27.304,0.1277979797979798,30.9575,8.4525,0.0936487,0.002,0.0,,0.8973610225915909,0.8921241100132465,0.8821343523263931,0.0,-0.006220283150672913,-0.008728305669501423,-0.003686210163868965,0.001286911914654772,0.53625,,,1,False,True,0,-0.006542868077754975,-0.009366849926300345,-0.0036971325520426044,0.0014547613882255246,0.5265,,,1,False,True,0
A,posterior_mean_shrunk,cell,B,200,tail_b1.0_mu0.9_c2.0_T200_cap64,tail_b1.0_mu0.9_c2.0,64,10277000,phi_k16_all71,learned,1,1,2000,1,True,True,0.04647966128587723,0.04446478532627225,0.048578626662492755,0.001043694470820961,0.8508813613057137,0.013151301503181457,0.03332835978269577,30.808,0.1454949494949495,28.276,10.296,0.08250360000000001,0.0,0.0,,0.8973610225915909,0.8921241100132465,0.8842097210884095,0.0,-0.006759496450424195,-0.009410475404001773,-0.004116374638397246,0.001355152974698568,0.5429999999999999,,,1,False,True,0,-0.007082081377506256,-0.009912102157250045,-0.004309661767911166,0.0014286083783460045,0.533,,,1,False,True,0
A,posterior_mean_shrunk,cell,B,200,tail_b1.0_mu0.9_c2.0_T200_cap64,tail_b1.0_mu0.9_c2.0,64,10277000,phi_k16_clock,learned,1,1,2000,1,True,True,0.04934867390990257,0.047176957689225675,0.05154404267668724,0.0011363046848123825,0.8480123486816883,0.007209130644798279,0.042139543265104294,50.0,0.24242424242424232,19.5385,18.112,0.04752800000000001,0.0,0.0,,0.8973610225915909,0.8921241100132465,0.8901518919467926,0.0,-0.0038904838263988497,-0.0068521815468557176,-0.0009684392702183688,0.0015035742888183448,0.5185,,,1,False,True,0,-0.004213068753480911,-0.006672550516668706,-0.001772539265220985,0.0012281686959995793,0.51525,,,1,False,True,0
A,posterior_mean_shrunk,cell,B,200,tail_b1.0_mu0.9_c2.0_T200_cap64,tail_b1.0_mu0.9_c2.0,64,10277000,phi_k16_cs,learned,1,1,2000,1,True,True,0.04710706922411918,0.045108636282384394,0.049171133525669576,0.0010461250407023917,0.8502539533674717,0.015250085800886154,0.03185698342323303,27.24,0.1274747474747475,31.002,8.4185,0.09383155,0.002,0.0,,0.8973610225915909,0.8921241100132465,0.8821109367907047,0.0,-0.006132088512182236,-0.008635219139978289,-0.0035973105579614646,0.0012859537122502434,0.536,,,1,False,True,0,-0.006454673439264298,-0.009278263407759368,-0.0036209244921337814,0.0014551072182894143,0.52625,,,1,False,True,0
A,posterior_mean_shrunk,cell,B,200,tail_b1.0_mu0.9_c2.0_T200_cap64,tail_b1.0_mu0.9_c2.0,64,10277000,phi_k16_famA_only,learned,1,1,2000,1,True,True,0.0468455593585968,0.04479729710146785,0.048943966161459684,0.0010560281468939927,0.8505154632329941,0.014380599200725555,0.032464960157871245,28.432,0.13349494949494947,30.115,8.8655,0.08995415,0.009,0.0,,0.8973610225915909,0.8921241100132465,0.8829804233908654,0.0,-0.0063935983777046205,-0.008947364706546067,-0.003819905704585836,0.0013036511953342068,0.538,,,1,False,True,0,-0.006716183304786682,-0.009557231701910494,-0.0039057760033756497,0.0014568584634382328,0.529,,,1,False,True,0
A,posterior_mean_shrunk,cell,B,200,tail_b1.0_mu0.9_c2.0_T200_cap64,tail_b1.0_mu0.9_c2.0,64,10277000,phi_k16_famB_only,learned,1,1,2000,1,True,True,0.04601377221941948,0.04406738048419356,0.048044718150049445,0.0010124552474174546,0.8513472503721714,0.01729736015200615,0.02871641206741333,24.08,0.11151515151515153,33.611,6.479,0.1045668,0.012,0.0,,0.8973610225915909,0.8921241100132465,0.8800636624395848,0.0,-0.007225385516881943,-0.009526928002014755,-0.00488909292034805,0.0011888315334649864,0.54125,,,1,False,True,0,-0.007547970443964005,-0.010420555737800895,-0.004738301364704967,0.0014593088138126567,0.5285,,,1,False,True,0
A,posterior_mean_shrunk,cell,B,200,tail_b1.0_mu0.9_c2.0_T200_cap64,tail_b1.0_mu0.9_c2.0,64,10277000,phi_k16_guard,learned,1,1,2000,1,True,True,0.047027062207460404,0.04502017376944423,0.04907651748508215,0.001045168733444048,0.8503339603841304,0.015232236176729202,0.0317948260307312,27.2665,0.12760858585858587,30.9665,8.4335,0.09370655,0.002,0.0,,0.8973610225915909,0.8921241100132465,0.8821287864148617,0.0,-0.006212095528841019,-0.008713599340990186,-0.0036798006622120747,0.0012869577568961617,0.536,,,1,False,True,0,-0.006534680455923081,-0.009358148695901037,-0.003689495415892453,0.001454796162961361,0.526,,,1,False,True,0
A,posterior_mean_shrunk,cell,B,200,tail_b1.0_mu0.9_c2.0_T200_cap64,tail_b1.0_mu0.9_c2.0,64,10277000,phi_k16_hgb,learned,1,1,2000,1,True,True,0.047929792940616604,0.045938985887914896,0.04997476562857628,0.0010359702962805068,0.8494312296509743,0.008217624098062514,0.039712168842554095,49.627,0.24054040404040403,24.266,27.758,0.063345825,0.0,1.844,189.79614325068871,0.8973610225915909,0.8921241100132465,0.8891433984935284,0.1815,-0.0053093647956848145,-0.007964101759716869,-0.002703946147812531,0.0013383484333630647,0.52125,,,1,False,True,0,-0.0056319497227668765,-0.00833495338447392,-0.0029305443691555423,0.0014008071450322763,0.5085,,,1,False,True,0
A,posterior_mean_shrunk,cell,B,200,tail_b1.0_mu0.9_c2.0_T200_cap64,tail_b1.0_mu0.9_c2.0,64,10277000,phi_k16_lucb,learned,1,1,2000,1,True,True,0.04647802922129631,0.044526797626167534,0.04856316614896059,0.0010407343257687737,0.8508829933702946,0.015743289560079574,0.030734739661216735,26.016,0.1212929292929293,32.101,7.7795,0.09869885,0.0115,0.0,,0.8973610225915909,0.8921241100132465,0.8816177330315113,0.0,-0.006761128515005111,-0.009181049419566987,-0.004280849848873914,0.001261637165535028,0.53925,,,1,False,True,0,-0.0070837134420871735,-0.009972221846692263,-0.004219131777063013,0.0014761009334531897,0.5285,,,1,False,True,0
A,posterior_mean_shrunk,cell,B,200,tail_b1.0_mu0.9_c2.0_T200_cap64,tail_b1.0_mu0.9_c2.0,64,10277000,phi_k16_noT1000,learned,1,1,2000,1,True,True,0.04703145658969879,0.044987470470368864,0.049154261220246555,0.001068776799653197,0.8503295660018921,0.011315363824367524,0.03571609276533127,34.51,0.16419191919191922,25.87,12.0305,0.07300255,0.0,0.24,117.33333333333333,0.8973610225915909,0.8921241100132465,0.8860456587672234,0.0225,-0.006207701146602631,-0.008918523485772312,-0.003473410342121498,0.0013922918659594297,0.534,,,1,False,True,0,-0.006530286073684693,-0.009286802588030696,-0.003814359125681222,0.0014014843063466492,0.5277499999999999,,,1,False,True,0
A,posterior_mean_shrunk,cell,B,200,tail_b1.0_mu0.9_c2.0_T200_cap64,tail_b1.0_mu0.9_c2.0,64,10277000,phi_k16_noT200,learned,1,1,2000,1,True,True,0.04646718490123749,0.04447068953886628,0.04857465643435717,0.001050772282279575,0.8508938376903534,0.01281957334280014,0.033647611558437346,31.605,0.14952020202020205,28.069,10.7335,0.082168925,0.0,0.19,101.03703703703704,0.8973610225915909,0.8921241100132465,0.8845414492487907,0.027,-0.006771972835063934,-0.00943633506540209,-0.004094193084165454,0.0013506776668431308,0.5409999999999999,,,1,False,True,0,-0.007094557762145996,-0.009808912221342324,-0.004390770068857819,0.0013922174950577247,0.53125,,,1,False,True,0
A,posterior_mean_shrunk,cell,B,200,tail_b1.0_mu0.9_c2.0_T200_cap64,tail_b1.0_mu0.9_c2.0,64,10277000,phi_k16_noambig,learned,1,1,2000,1,True,True,0.04706187033653259,0.0450243815779686,0.04918754566460848,0.0010606363135950917,0.8502991522550583,0.010733633667230607,0.03632823666930199,36.207,0.1727626262626263,24.851,12.677,0.068996575,0.0,0.132,120.72727272727273,0.8973610225915909,0.8921241100132465,0.8866273889243603,0.0165,-0.006177287399768829,-0.008914511697366833,-0.0034415456058923158,0.0013915544739208612,0.53375,,,1,False,True,0,-0.006499872326850891,-0.009220519801601768,-0.003817761223763229,0.0013746030174503934,0.5255,,,1,False,True,0
A,posterior_mean_shrunk,cell,B,200,tail_b1.0_mu0.9_c2.0_T200_cap64,tail_b1.0_mu0.9_c2.0,64,10277000,phi_k16_nopolicy,learned,1,1,2000,1,True,True,0.04838581943511963,0.04628110388293862,0.05055714743211866,0.0011079146816288027,0.8489752031564712,0.010315848708152772,0.038069970726966856,38.056,0.1821010101010101,23.9945,13.316,0.065483175,0.0,0.0,,0.8973610225915909,0.8921241100132465,0.8870451738834381,0.0,-0.0048533383011817935,-0.00769368598703295,-0.002039157511899248,0.0014356102245493382,0.53025,,,1,False,True,0,-0.005175923228263855,-0.007849492249079049,-0.0025319075328297967,0.0013476394585727133,0.52225,,,1,False,True,0
A,posterior_mean_shrunk,cell,B,200,tail_b1.0_mu0.9_c2.0_T200_cap64,tail_b1.0_mu0.9_c2.0,64,10277000,phi_k16_notrunc,learned,1,1,2000,1,True,True,0.04863179796934128,0.046436344645917414,0.05081582022830844,0.0011323391646218322,0.8487292246222496,0.008818497508764267,0.03981330046057701,43.374,0.20895959595959593,21.93,15.377,0.0572016,0.0,0.042,81.14285714285714,0.8973610225915909,0.8921241100132465,0.8885425250828266,0.021,-0.004607359766960144,-0.007557118032127617,-0.001689805526984856,0.0014933530243640847,0.528,,,1,False,True,0,-0.004929944694042206,-0.0074995707836933425,-0.002434026036644355,0.0012849930854191098,0.522,,,1,False,True,0
A,posterior_mean_shrunk,cell,B,200,tail_b1.0_mu0.9_c2.0_T200_cap64,tail_b1.0_mu0.9_c2.0,64,10277000,phi_k16_onpolicy_only,learned,1,1,2000,1,True,True,0.049551439344882965,0.04738098159432411,0.05181374652311206,0.0011137714135647254,0.847809583246708,0.008757652640342712,0.04079378670454025,48.944,0.2370909090909091,22.118,23.744,0.06002697500000001,0.0,8.067,152.69859154929577,0.8973610225915909,0.8921241100132465,0.8886033699512482,0.355,-0.003687718391418457,-0.006474913225974888,-0.0009825571498367949,0.0013720052062379375,0.5189999999999999,,,1,False,True,0,-0.004010303318500519,-0.0065993003780022265,-0.0014333320286823439,0.0013188491356422652,0.51075,,,1,False,True,0
A,posterior_mean_shrunk,cell,B,200,tail_b1.0_mu0.9_c2.0_T200_cap64,tail_b1.0_mu0.9_c2.0,64,10277000,phi_k16_onpolicy_union,learned,1,1,2000,1,True,True,0.04668587881326675,0.044682336132973434,0.04874258283525705,0.0010364503732122126,0.8506751437783241,0.014312347203493118,0.03237353160977364,28.759,0.13514646464646465,29.7965,9.2945,0.088849175,0.0015,0.001,96.0,0.8973610225915909,0.8921241100132465,0.8830486753880977,0.0005,-0.006553278923034668,-0.009093508077785372,-0.003991289262194188,0.0013018286473186944,0.537,,,1,False,True,0,-0.00687586385011673,-0.00974988928064704,-0.004076726699713618,0.0014482258361063368,0.5305,,,1,False,True,0
A,posterior_mean_shrunk,cell,B,200,tail_b1.0_mu0.9_c2.0_T200_cap64,tail_b1.0_mu0.9_c2.0,64,10277000,phi_k16_perstep,learned,1,1,2000,1,True,True,0.04602722042798996,0.04400870138779282,0.0480819933116436,0.0010364111265893747,0.8513338021636009,0.018190324991941453,0.027836895436048507,21.5245,0.09860858585858585,35.5915,4.7935,0.11214365000000001,0.005,0.0,,0.8973610225915909,0.8921241100132465,0.8791706975996494,0.0,-0.007211937308311462,-0.00940153303090483,-0.0050003739772364495,0.001137855801041849,0.5422499999999999,,,1,False,True,0,-0.007534522235393524,-0.010427955747582018,-0.004677501565311104,0.0014955218286136136,0.5365,,,1,False,True,0
A,posterior_mean_shrunk,cell,B,200,tail_b1.0_mu0.9_c2.0_T200_cap64,tail_b1.0_mu0.9_c2.0,64,10277000,phi_k16_quality,learned,1,1,2000,1,True,True,0.046805821180343626,0.044821382779628036,0.04882963374257088,0.0010364451065703678,0.8505552014112473,0.01829489102959633,0.0285109301507473,22.936,0.10573737373737375,34.595,5.724,0.10867785,0.018,0.0,,0.8973610225915909,0.8921241100132465,0.8790661315619945,0.0,-0.006433336555957794,-0.008736912067979573,-0.004072412732057274,0.0011919481136632704,0.5367500000000001,,,1,False,True,0,-0.006755921483039856,-0.009690635884180664,-0.00387029151315801,0.0014838052036598483,0.5255,,,1,False,True,0
A,posterior_mean_shrunk,cell,B,200,tail_b1.0_mu0.9_c2.0_T200_cap64,tail_b1.0_mu0.9_c2.0,64,10277000,phi_k16_tau05,learned,1,1,2000,1,True,True,0.047018874585628506,0.0450094185769558,0.049065726902335884,0.0010453209122391627,0.8503421480059624,0.015226670265197754,0.031792204320430756,27.304,0.1277979797979798,30.9575,8.4525,0.0936487,0.002,0.0,,0.8973610225915909,0.8921241100132465,0.8821343523263931,0.0,-0.006220283150672913,-0.008728305669501423,-0.003686210163868965,0.001286911914654772,0.53625,,,1,False,True,0,-0.006542868077754975,-0.009366849926300345,-0.0036971325520426044,0.0014547613882255246,0.5265,,,1,False,True,0
A,posterior_mean_shrunk,cell,B,200,tail_b1.0_mu0.9_c2.0_T200_cap64,tail_b1.0_mu0.9_c2.0,64,10277000,phi_k16_weighted,learned,1,1,2000,1,True,True,0.04775902059674263,0.04571646358817816,0.04982371991500258,0.001059492358102311,0.8496020019948483,0.015626770913600922,0.03213224968314171,26.486,0.12366666666666667,31.948,8.156,0.09922725,0.0,0.0,,0.8973610225915909,0.8921241100132465,0.8817342516779899,0.0,-0.005480137139558792,-0.007887221896089614,-0.0031148334383033216,0.0012149481601283524,0.532,,,1,False,True,0,-0.005802722066640854,-0.00870921779423952,-0.0029964972985908394,0.0014750751070526094,0.51575,,,1,False,True,0
A,posterior_mean_shrunk,cell,B,200,tail_b1.0_mu0.9_c2.0_T200_cap64,tail_b1.0_mu0.9_c2.0,64,10277000,phi_k4,learned,1,1,2000,1,True,True,0.051555282413959506,0.04926713956519961,0.05392642095685005,0.0011905531147001875,0.8458057401776313,0.0056662229001522065,0.0458890595138073,59.828,0.29206060606060613,16.153,24.24,0.03683605,0.0,1.649,83.59748427672956,0.8973610225915909,0.8921241100132465,0.8916947996914387,0.318,-0.001683875322341919,-0.004788981797173619,0.001468615315388888,0.001588681669547418,0.51825,,,1,False,True,0,-0.002006460249423981,-0.0033853026165161283,-0.0007003866019658745,0.000679080501636761,0.505,,,1,False,True,0
A,posterior_mean_shrunk,cell,B,200,tail_b1.0_mu0.9_c2.0_T200_cap64,tail_b1.0_mu0.9_c2.0,64,10277000,phi_reservoir_rule,learned,1,1,2000,1,True,True,0.0537164341211319,0.051293095014989375,0.05618940535932779,0.0012482470548258566,0.843644588470459,0.005245137929916382,0.04847129619121551,63.93,0.3127777777777778,15.1575,28.269,0.03424085,0.0,17.27,89.15778894472362,0.8973610225915909,0.8921241100132465,0.8921158846616745,0.995,0.00047727638483047483,-0.002590595075162127,0.003618578455643727,0.0015980854395957925,0.514,,,1,False,True,0,0.00015469145774841308,-0.00011059115422540332,0.00044044105452485373,0.00013776128201410337,0.499,,,1,False,True,0
A,posterior_mean_shrunk,cell,B,200,tail_b1.0_mu0.9_c2.0_T200_cap64,tail_b1.0_mu0.9_c2.0,64,10277000,phi_sf_k16,learned,1,1,2000,1,True,True,0.050277101427316666,0.047968657594174145,0.05261593479663133,0.0011894316085427777,0.8470839211642742,0.007111560970544815,0.04316554045677185,51.014,0.2475454545454545,19.2115,18.9735,0.04713802500000001,0.0,0.73,90.38914027149322,0.8973610225915909,0.8921241100132465,0.890249461621046,0.221,-0.0029620563089847564,-0.0059771109372377396,0.00010317541091353498,0.0015119854263668019,0.52625,,,1,False,True,0,-0.003284641236066818,-0.005428455304354429,-0.0011522188055096195,0.0010947585611416424,0.51625,,,1,False,True,0
A,posterior_mean_shrunk,cell,B,200,tail_b1.0_mu0.9_c2.0_T200_cap64,tail_b1.0_mu0.9_c2.0,64,10277000,phi_sf_k16_noT1000,learned,1,1,2000,1,True,True,0.04668694260716438,0.044699659664183856,0.04874688796699047,0.0010450711670865088,0.8506740799844265,0.013168731451034546,0.03351821115612984,30.722,0.14506060606060606,28.527,10.286,0.08338755,0.0015,0.022,98.66666666666667,0.8973610225915909,0.8921241100132465,0.8841922911405563,0.003,-0.006552215129137039,-0.009228316834196448,-0.003914531727787108,0.0013492045502848447,0.54025,,,1,False,True,0,-0.006874800056219101,-0.009704075939953326,-0.0040525425807572905,0.0014295614014542474,0.528,,,1,False,True,0
A,posterior_mean_shrunk,cell,B,200,tail_b1.0_mu0.9_c2.0_T200_cap64,tail_b1.0_mu0.9_c2.0,64,10277000,power_a0.25,baseline,1,1,2000,1,True,True,0.052033748239278796,0.04974125996232033,0.05437836032360792,0.0012021798018741292,0.8453272743523121,0.005793163418769836,0.046240584820508954,59.0,0.28787878787878796,16.364,23.6725,0.037508,0.0,,,0.8973610225915909,0.8921241100132465,0.891567859172821,0.0,-0.0012054094970226287,-0.004244980250950902,0.0018558508018031714,0.0015574940344621974,0.509,,,1,False,True,0,-0.0015279944241046906,-0.003353859740309416,0.00021579581771220116,0.0009036025730461037,0.5035000000000001,,,1,False,True,0
A,posterior_mean_shrunk,cell,B,200,tail_b1.0_mu0.9_c2.0_T200_cap64,tail_b1.0_mu0.9_c2.0,64,10277000,power_a0.33,baseline,1,1,2000,1,True,True,0.05218923857808113,0.049927893280982974,0.05450326632708311,0.0011983150344305848,0.8451717840135098,0.006067277103662491,0.04612196147441864,57.0,0.2777777777777778,16.866,22.1635,0.039140100000000004,0.0,,,0.8973610225915909,0.8921241100132465,0.8912937454879284,0.0,-0.001049919158220291,-0.004121823026798664,0.0019940384605433774,0.001547475161160286,0.50325,,,1,False,True,0,-0.001372504085302353,-0.003436694835545495,0.0006408283457858483,0.0010217263426849578,0.49875,,,1,False,True,0
A,posterior_mean_shrunk,cell,B,200,tail_b1.0_mu0.9_c2.0_T200_cap64,tail_b1.0_mu0.9_c2.0,64,10277000,power_a0.5,baseline,1,1,2000,1,True,True,0.05356174266338348,0.05114920483902097,0.05604837546125054,0.0012470453731106262,0.8437992799282074,0.005236912578344345,0.04832483008503914,64.0,0.31313131313131315,15.173,28.3405,0.03423815,0.0,,110.0,0.8973610225915909,0.8921241100132465,0.8921241100132465,1.0,0.0003225849270820618,-0.002723299985518679,0.0034868020040448736,0.0015940740805142684,0.5155000000000001,,,1,False,True,0,0.0,0.0,0.0,0.0,0.5,,,1,False,True,0
A,posterior_mean_shrunk,cell,B,200,tail_b1.0_mu0.9_c2.0_T200_cap64,tail_b1.0_mu0.9_c2.0,64,10277000,power_a0.67,baseline,1,1,2000,1,True,True,0.05356174266338348,0.05114920483902097,0.05604837546125054,0.0012470453731106262,0.8437992799282074,0.005236912578344345,0.04832483008503914,64.0,0.31313131313131315,15.173,28.3405,0.03423815,0.0,,70.0,0.8973610225915909,0.8921241100132465,0.8921241100132465,1.0,0.0003225849270820618,-0.002723299985518679,0.0034868020040448736,0.0015940740805142684,0.5155000000000001,,,1,False,True,0,0.0,0.0,0.0,0.0,0.5,,,1,False,True,0
A,posterior_mean_shrunk,cell,B,200,tail_b1.0_mu0.9_c2.0_T200_cap64,tail_b1.0_mu0.9_c2.0,64,10277000,refine_after_init,baseline,1,1,2000,1,True,True,0.06577545347809792,0.06306047439575195,0.06849003620445729,0.0013890769239022994,0.831585569113493,0.05126353749632835,0.014511915981769562,8.0,0.03030303030303029,61.673,0.0355,0.24371232499999998,0.0445,,,0.8973610225915909,0.8921241100132465,0.8460974850952625,0.0,0.012536295741796493,0.00987742862198502,0.015157948504202068,0.0013485154033846631,0.43325,,,1,False,True,0,0.012213710814714432,0.008686522557400166,0.01563397846184671,0.001800549898822945,0.4325,,,1,False,True,0
A,posterior_mean_shrunk,cell,B,200,tail_b1.0_mu0.9_c2.0_T200_cap64,tail_b1.0_mu0.9_c2.0,64,10277000,rule_reservoir,rule,1,1,2000,1,True,True,0.05358090457320213,0.05116839846596122,0.056056229118257764,0.0012472703287979175,0.8437801180183887,0.005237940490245819,0.04834296408295631,63.983,0.31304545454545457,15.1765,28.3315,0.034274349999999995,0.0,11.623,64.0,0.8973610225915909,0.8921241100132465,0.892123082101345,0.9995,0.00034174683690071104,-0.0027084570785518712,0.0035109955293592065,0.0015941873065985093,0.51525,,,1,False,True,0,1.916190981864929e-05,0.0,5.7485729485051706e-05,1.9161909818649288e-05,0.49975,,,1,False,True,0
A,posterior_mean_shrunk,cell,B,200,tail_b1.0_mu0.9_c2.0_T200_cap64,tail_b1.0_mu0.9_c2.0,64,10277000,uniform,baseline,1,1,2000,1,True,True,0.05400175365805626,0.051587069779634474,0.05644827364012599,0.0012389488267253938,0.8433592689335346,0.005236912578344345,0.048764841079711914,64.0,0.31313131313131315,14.9195,27.811,0.033610524999999995,0.008,,126.442,0.8973610225915909,0.8921241100132465,0.8921241100132465,1.0,0.0007625959217548371,-0.0023349934606812874,0.003952419129200279,0.0015964209427119724,0.51275,,,1,False,True,0,0.00044001099467277525,-0.0005073169959359799,0.001341130191576667,0.00047315851175309666,0.49575,,,1,False,True,0
A,posterior_mean_shrunk,cell,B,500,tail_b1.0_mu0.9_c2.0_T500_cap64,tail_b1.0_mu0.9_c2.0,64,10280000,always_search,baseline,1,1,2000,1,True,True,0.033414160639047626,0.03197526838630438,0.03490176126360893,0.0007415445643074788,0.865582128494978,0.006763755410909652,0.02665040522813797,64.0,0.12449799196787148,46.8905,21.536,0.044830856,0.02,,64.0,0.8989962891340256,0.892232533723116,0.892232533723116,1.0,-0.0023341130316257477,-0.004119650460779667,-0.0005434125370811679,0.0009125179515913111,0.52625,,,1,False,True,0,0.0,0.0,0.0,0.0,0.5,,,1,False,True,0
A,posterior_mean_shrunk,cell,B,500,tail_b1.0_mu0.9_c2.0_T500_cap64,tail_b1.0_mu0.9_c2.0,64,10280000,cp0,reference,1,1,2000,1,True,True,0.03574827367067337,0.03435618346557021,0.037179721239954236,0.0007276489464465301,0.8632480154633522,0.021299782514572145,0.014448491156101227,22.0,0.04016064257028114,93.2215,0.074,0.119533364,0.287,,,0.8989962891340256,0.892232533723116,0.8776965066194534,0.0,0.0,0.0,0.0,0.0,0.5,,,1,False,True,0,0.0023341130316257477,0.0005434125370811676,0.004119650460779667,0.0009125179515913111,0.47375,,,1,False,True,0
A,posterior_mean_shrunk,cell,B,500,tail_b1.0_mu0.9_c2.0_T500_cap64,tail_b1.0_mu0.9_c2.0,64,10280000,fixed_K16,baseline,1,1,2000,1,True,True,0.0392471587061882,0.03769564982503652,0.040806340798735616,0.000786422840604674,0.8597491304278374,0.029399491518735884,0.009847667187452317,16.0,0.028112449799196793,126.05,0.0065,0.17745444000000002,0.11,,,0.8989962891340256,0.892232533723116,0.8695967976152897,0.0,0.0034988850355148317,0.0022134972852654758,0.004780407005455345,0.000663149318093122,0.46725000000000005,,,1,False,True,0,0.005832998067140579,0.003895060397917405,0.007806323166005313,0.0009970484297066016,0.4425,,,1,False,True,0
A,posterior_mean_shrunk,cell,B,500,tail_b1.0_mu0.9_c2.0_T500_cap64,tail_b1.0_mu0.9_c2.0,64,10280000,p3_star,reference,1,1,2000,1,True,True,0.033414160639047626,0.03197526838630438,0.03490176126360893,0.0007415445643074788,0.865582128494978,0.006763755410909652,0.02665040522813797,64.0,0.12449799196787148,46.8905,21.536,0.044830856,0.02,,68.0,0.8989962891340256,0.892232533723116,0.892232533723116,1.0,-0.0023341130316257477,-0.004119650460779667,-0.0005434125370811679,0.0009125179515913111,0.52625,,,1,False,True,0,0.0,0.0,0.0,0.0,0.5,,,1,False,True,0
A,posterior_mean_shrunk,cell,B,500,tail_b1.0_mu0.9_c2.0_T500_cap64,tail_b1.0_mu0.9_c2.0,64,10280000,phi_k1,learned,1,1,2000,1,True,True,0.033414160639047626,0.03197526838630438,0.03490176126360893,0.0007415445643074788,0.865582128494978,0.006763755410909652,0.02665040522813797,64.0,0.12449799196787148,46.8905,21.536,0.044830856,0.02,435.66,64.2445,0.8989962891340256,0.892232533723116,0.892232533723116,1.0,-0.0023341130316257477,-0.004119650460779667,-0.0005434125370811679,0.0009125179515913111,0.52625,,,1,False,True,0,0.0,0.0,0.0,0.0,0.5,,,1,False,True,0
A,posterior_mean_shrunk,cell,B,500,tail_b1.0_mu0.9_c2.0_T500_cap64,tail_b1.0_mu0.9_c2.0,64,10280000,phi_k16,learned,1,1,2000,1,True,True,0.032432862013578416,0.031077224109321833,0.033805773686617614,0.0007025772488387985,0.8665634271204472,0.008416354060173034,0.024016507953405382,53.857,0.10413052208835341,54.1565,15.842,0.054822124,0.0235,4.895,134.37017310252995,0.8989962891340256,0.892232533723116,0.8905799350738526,0.3755,-0.0033154116570949556,-0.0050052878446877,-0.0016265695099718872,0.0008715602398815851,0.53,,,1,False,True,0,-0.0009812986254692077,-0.0020584953716024754,6.154654111014578e-05,0.000540564742269286,0.50375,,,1,False,True,0
A,posterior_mean_shrunk,cell,B,500,tail_b1.0_mu0.9_c2.0_T500_cap64,tail_b1.0_mu0.9_c2.0,64,10280000,phi_k16_all71,learned,1,1,2000,1,True,True,0.03278694316744804,0.03136813258752227,0.03421731935814023,0.0007363699946673792,0.8662093459665775,0.007594648867845535,0.02519229429960251,58.214,0.11287951807228917,50.993,18.493,0.050395736,0.022,7.986,124.8256,0.8989962891340256,0.892232533723116,0.8914016402661801,0.625,-0.0029613305032253267,-0.004737042821943759,-0.0012214533577207477,0.0009053239733572311,0.53275,,,1,False,True,0,-0.0006272174715995788,-0.0014218929718481375,0.00015416114219988228,0.00040332755206621244,0.5025,,,1,False,True,0
A,posterior_mean_shrunk,cell,B,500,tail_b1.0_mu0.9_c2.0_T500_cap64,tail_b1.0_mu0.9_c2.0,64,10280000,phi_k16_clock,learned,1,1,2000,1,True,True,0.033414160639047626,0.03197526838630438,0.03490176126360893,0.0007415445643074788,0.865582128494978,0.006763755410909652,0.02665040522813797,64.0,0.12449799196787148,46.8905,21.536,0.044830856,0.02,402.0,64.0,0.8989962891340256,0.892232533723116,0.892232533723116,1.0,-0.0023341130316257477,-0.004119650460779667,-0.0005434125370811679,0.0009125179515913111,0.52625,,,1,False,True,0,0.0,0.0,0.0,0.0,0.5,,,1,False,True,0
A,posterior_mean_shrunk,cell,B,500,tail_b1.0_mu0.9_c2.0_T500_cap64,tail_b1.0_mu0.9_c2.0,64,10280000,phi_k16_cs,learned,1,1,2000,1,True,True,0.03239920517802238,0.031037890538573264,0.03377746753394604,0.0007030989326382565,0.8665970839560032,0.008452306389808656,0.02394689878821373,53.691,0.10379718875502009,54.3065,15.736,0.05500445999999999,0.0235,4.765,135.8362892223738,0.8989962891340256,0.892232533723116,0.8905439827442169,0.3665,-0.0033490684926509857,-0.005048634763807058,-0.0016569533298024916,0.0008712090936386512,0.53025,,,1,False,True,0,-0.001014955461025238,-0.0020842219411861145,3.8384803156076676e-05,0.0005439766470860368,0.50475,,,1,False,True,0
A,posterior_mean_shrunk,cell,B,500,tail_b1.0_mu0.9_c2.0_T500_cap64,tail_b1.0_mu0.9_c2.0,64,10280000,phi_k16_famA_only,learned,1,1,2000,1,True,True,0.03264589560031891,0.03129981616511941,0.034021777007728814,0.0007027412584224754,0.8663503935337067,0.008940287560224533,0.023705608040094375,51.297,0.09898995983935745,55.911,13.326,0.05700256,0.028,0.295,92.8,0.8989962891340256,0.892232533723116,0.890056001573801,0.1475,-0.0031023780703544617,-0.004784046520944684,-0.0014429092610953377,0.000863561098149454,0.532,,,1,False,True,0,-0.000768265038728714,-0.00202966098440811,0.0004731536908366251,0.0006424246677101347,0.5025,,,1,False,True,0
A,posterior_mean_shrunk,cell,B,500,tail_b1.0_mu0.9_c2.0_T500_cap64,tail_b1.0_mu0.9_c2.0,64,10280000,phi_k16_famB_only,learned,1,1,2000,1,True,True,0.031713789850473406,0.03040766469202936,0.03305859053507447,0.00068276097707517,0.8672824992835522,0.00956462824344635,0.022149161607027054,47.641,0.09164859437751005,60.083,11.3595,0.063083016,0.031,4.583,169.48433734939758,0.8989962891340256,0.892232533723116,0.8894316608905792,0.2075,-0.004034483820199966,-0.005667513259686529,-0.0024609631393104794,0.0008234065145868542,0.54,,,1,False,True,0,-0.0017003707885742188,-0.0030270142073277385,-0.00045589786459459,0.0006502164002650823,0.511,,,1,False,True,0
A,posterior_mean_shrunk,cell,B,500,tail_b1.0_mu0.9_c2.0_T500_cap64,tail_b1.0_mu0.9_c2.0,64,10280000,phi_k16_guard,learned,1,1,2000,1,True,True,0.032432862013578416,0.031077224109321833,0.033805773686617614,0.0007025772488387985,0.8665634271204472,0.008416354060173034,0.024016507953405382,53.857,0.10413052208835341,54.1565,15.842,0.054822124,0.0235,4.8325,134.37017310252995,0.8989962891340256,0.892232533723116,0.8905799350738526,0.3755,-0.0033154116570949556,-0.0050052878446877,-0.0016265695099718872,0.0008715602398815851,0.53,,,1,False,True,0,-0.0009812986254692077,-0.0020584953716024754,6.154654111014578e-05,0.000540564742269286,0.50375,,,1,False,True,0
A,posterior_mean_shrunk,cell,B,500,tail_b1.0_mu0.9_c2.0_T500_cap64,tail_b1.0_mu0.9_c2.0,64,10280000,phi_k16_hgb,learned,1,1,2000,1,True,True,0.03269527423381805,0.03130323644727469,0.03410500353202224,0.0007229073360349909,0.8663010149002075,0.007874693363904953,0.0248205808699131,58.707,0.11386947791164659,51.709,18.702,0.0511879,0.0155,58.337,335.0913580246914,0.8989962891340256,0.892232533723116,0.8911215957701206,0.6075,-0.003052999436855316,-0.004767134215217083,-0.0013014772877795622,0.0008858236698409594,0.5325,,,1,False,True,0,-0.0007188864052295685,-0.001930665349937044,0.0004940390586853023,0.0006180055742077805,0.502,,,1,False,True,0
A,posterior_mean_shrunk,cell,B,500,tail_b1.0_mu0.9_c2.0_T500_cap64,tail_b1.0_mu0.9_c2.0,64,10280000,phi_k16_lucb,learned,1,1,2000,1,True,True,0.031727658420801164,0.030395171837881207,0.03306490704417229,0.0006881322427353824,0.8672686307132245,0.008958867490291596,0.022768790930509566,50.242,0.09687148594377509,57.985,13.2235,0.060345256,0.0405,9.406,183.202416918429,0.8989962891340256,0.892232533723116,0.890037421643734,0.331,-0.004020615249872208,-0.005623808375094085,-0.002402023255126551,0.000829199379705916,0.54025,,,1,False,True,0,-0.00168650221824646,-0.002881909493589774,-0.0005247341978247277,0.0005960888405154443,0.51,,,1,False,True,0
A,posterior_mean_shrunk,cell,B,500,tail_b1.0_mu0.9_c2.0_T500_cap64,tail_b1.0_mu0.9_c2.0,64,10280000,phi_k16_noT1000,learned,1,1,2000,1,True,True,0.033414160639047626,0.03197526838630438,0.03490176126360893,0.0007415445643074788,0.865582128494978,0.006763755410909652,0.02665040522813797,64.0,0.12449799196787148,46.8905,21.536,0.044830856,0.02,276.197,79.992,0.8989962891340256,0.892232533723116,0.892232533723116,1.0,-0.0023341130316257477,-0.004119650460779667,-0.0005434125370811679,0.0009125179515913111,0.52625,,,1,False,True,0,0.0,0.0,0.0,0.0,0.5,,,1,False,True,0
A,posterior_mean_shrunk,cell,B,500,tail_b1.0_mu0.9_c2.0_T500_cap64,tail_b1.0_mu0.9_c2.0,64,10280000,phi_k16_noT200,learned,1,1,2000,1,True,True,0.033330278038978575,0.031885642930865286,0.034800622053444384,0.000740777100657972,0.865666011095047,0.006856669723987579,0.026473608314990998,63.243,0.12297791164658634,47.3535,21.1735,0.045518048,0.02,51.357,97.74332111052907,0.8989962891340256,0.892232533723116,0.8921396194100379,0.9545,-0.0024179956316947937,-0.004197711450979113,-0.0006501891795778647,0.000908869320979234,0.52725,,,1,False,True,0,-8.388260006904601e-05,-0.0003796214761678129,0.00020655333792092274,0.00015042634048220688,0.5005,,,1,False,True,0
A,posterior_mean_shrunk,cell,B,500,tail_b1.0_mu0.9_c2.0_T500_cap64,tail_b1.0_mu0.9_c2.0,64,10280000,phi_k16_noambig,learned,1,1,2000,1,True,True,0.033414160639047626,0.03197526838630438,0.03490176126360893,0.0007415445643074788,0.865582128494978,0.006763755410909652,0.02665040522813797,63.993,0.12448393574297188,46.8855,21.5335,0.044828400000000004,0.02,153.33,86.08304152076037,0.8989962891340256,0.892232533723116,0.892232533723116,0.9995,-0.0023341130316257477,-0.004119650460779667,-0.0005434125370811679,0.0009125179515913111,0.52625,,,1,False,True,0,0.0,0.0,0.0,0.0,0.5,,,1,False,True,0
A,posterior_mean_shrunk,cell,B,500,tail_b1.0_mu0.9_c2.0_T500_cap64,tail_b1.0_mu0.9_c2.0,64,10280000,phi_k16_nopolicy,learned,1,1,2000,1,True,True,0.033414160639047626,0.03197526838630438,0.03490176126360893,0.0007415445643074788,0.865582128494978,0.006763755410909652,0.02665040522813797,64.0,0.12449799196787148,46.8905,21.536,0.044830856,0.02,125.651,81.04,0.8989962891340256,0.892232533723116,0.892232533723116,1.0,-0.0023341130316257477,-0.004119650460779667,-0.0005434125370811679,0.0009125179515913111,0.52625,,,1,False,True,0,0.0,0.0,0.0,0.0,0.5,,,1,False,True,0
A,posterior_mean_shrunk,cell,B,500,tail_b1.0_mu0.9_c2.0_T500_cap64,tail_b1.0_mu0.9_c2.0,64,10280000,phi_k16_notrunc,learned,1,1,2000,1,True,True,0.033414160639047626,0.03197526838630438,0.03490176126360893,0.0007415445643074788,0.865582128494978,0.006763755410909652,0.02665040522813797,64.0,0.12449799196787148,46.8905,21.536,0.044830856,0.02,174.6,65.672,0.8989962891340256,0.892232533723116,0.892232533723116,1.0,-0.0023341130316257477,-0.004119650460779667,-0.0005434125370811679,0.0009125179515913111,0.52625,,,1,False,True,0,0.0,0.0,0.0,0.0,0.5,,,1,False,True,0
A,posterior_mean_shrunk,cell,B,500,tail_b1.0_mu0.9_c2.0_T500_cap64,tail_b1.0_mu0.9_c2.0,64,10280000,phi_k16_onpolicy_only,learned,1,1,2000,1,True,True,0.036131801515817644,0.034648753609508275,0.03765657264739275,0.0007635983517565643,0.8628644876182079,0.014006231009960174,0.022125570505857468,44.334,0.08500803212851403,73.606,12.581,0.09090909600000001,0.0265,39.743,345.3508982035928,0.8989962891340256,0.892232533723116,0.8849900581240654,0.4175,0.00038352784514427183,-0.0011324342369334773,0.0018591246596770354,0.0007714764649227771,0.49775,,,1,False,True,0,0.0027176408767700193,0.001066580941551365,0.004402486444450913,0.000850081422191736,0.4715,,,1,False,True,0
A,posterior_mean_shrunk,cell,B,500,tail_b1.0_mu0.9_c2.0_T500_cap64,tail_b1.0_mu0.9_c2.0,64,10280000,phi_k16_onpolicy_union,learned,1,1,2000,1,True,True,0.03246278274059296,0.031130171939730646,0.03381576826795936,0.0006966950667960094,0.8665335063934326,0.00810752534866333,0.024355257391929626,55.476,0.10738152610441767,53.083,17.118,0.053363668,0.0195,17.78,148.69019607843137,0.8989962891340256,0.892232533723116,0.8908887637853622,0.51,-0.003285490930080414,-0.004994231113232672,-0.001597890935954638,0.000871277230735916,0.52975,,,1,False,True,0,-0.0009513778984546661,-0.0019116127281449734,-1.9591809996200347e-05,0.0004811254525818553,0.50675,,,1,False,True,0
A,posterior_mean_shrunk,cell,B,500,tail_b1.0_mu0.9_c2.0_T500_cap64,tail_b1.0_mu0.9_c2.0,64,10280000,phi_k16_perstep,learned,1,1,2000,1,True,True,0.03358844712376594,0.03215820053592324,0.03501063482835889,0.0007416140643054602,0.8654078420102597,0.008478713899850845,0.0251097332239151,53.7225,0.10386044176706827,54.475,15.924,0.05518012,0.027,4.4795,97.39184952978056,0.8989962891340256,0.892232533723116,0.8905175752341747,0.319,-0.002159826546907425,-0.003857583866920322,-0.0004729444131953664,0.0008740330731098199,0.52775,,,1,False,True,0,0.00017428648471832275,-0.0009554953794577154,0.0013123107491992412,0.0005724924045210924,0.49575,,,1,False,True,0
A,posterior_mean_shrunk,cell,B,500,tail_b1.0_mu0.9_c2.0_T500_cap64,tail_b1.0_mu0.9_c2.0,64,10280000,phi_k16_quality,learned,1,1,2000,1,True,True,0.03209335994720459,0.03077731947414577,0.03345322040840983,0.0006915763453862382,0.866902929186821,0.009416379362344742,0.022676980584859847,49.363,0.09510642570281123,58.896,12.3045,0.0614525,0.061,8.005,111.58068965517242,0.8989962891340256,0.892232533723116,0.8895799097716808,0.3625,-0.0036549137234687806,-0.005274389521218836,-0.0020477433281484996,0.0008336557551383859,0.531,,,1,False,True,0,-0.0013208006918430327,-0.00245830382918939,-0.00021491188490472328,0.0005754290747599657,0.50325,,,1,False,True,0
A,posterior_mean_shrunk,cell,B,500,tail_b1.0_mu0.9_c2.0_T500_cap64,tail_b1.0_mu0.9_c2.0,64,10280000,phi_k16_tau05,learned,1,1,2000,1,True,True,0.032432862013578416,0.031077224109321833,0.033805773686617614,0.0007025772488387985,0.8665634271204472,0.008416354060173034,0.024016507953405382,53.857,0.10413052208835341,54.1565,15.842,0.054822124,0.0235,4.895,134.37017310252995,0.8989962891340256,0.892232533723116,0.8905799350738526,0.3755,-0.0033154116570949556,-0.0050052878446877,-0.0016265695099718872,0.0008715602398815851,0.53,,,1,False,True,0,-0.0009812986254692077,-0.0020584953716024754,6.154654111014578e-05,0.000540564742269286,0.50375,,,1,False,True,0
A,posterior_mean_shrunk,cell,B,500,tail_b1.0_mu0.9_c2.0_T500_cap64,tail_b1.0_mu0.9_c2.0,64,10280000,phi_k16_weighted,learned,1,1,2000,1,True,True,0.031572003960609434,0.030279431492090225,0.0328968608751893,0.0006672528974039352,0.8674242851734162,0.011572237610816955,0.019999766349792482,40.285,0.07687751004016065,66.9955,5.242,0.072726328,0.072,0.453,253.71428571428572,0.8989962891340256,0.892232533723116,0.8874240515232086,0.042,-0.0041762697100639345,-0.005669386067893356,-0.0026824952859897167,0.0007620271639639438,0.5405,,,1,False,True,0,-0.0018421566784381867,-0.003301439032657071,-0.0003455938596744093,0.0007544540048587483,0.51825,,,1,False,True,0
A,posterior_mean_shrunk,cell,B,500,tail_b1.0_mu0.9_c2.0_T500_cap64,tail_b1.0_mu0.9_c2.0,64,10280000,phi_k4,learned,1,1,2000,1,True,True,0.033414160639047626,0.03197526838630438,0.03490176126360893,0.0007415445643074788,0.865582128494978,0.006763755410909652,0.02665040522813797,64.0,0.12449799196787148,46.8905,21.536,0.044830856,0.02,428.322,69.174,0.8989962891340256,0.892232533723116,0.892232533723116,1.0,-0.0023341130316257477,-0.004119650460779667,-0.0005434125370811679,0.0009125179515913111,0.52625,,,1,False,True,0,0.0,0.0,0.0,0.0,0.5,,,1,False,True,0
A,posterior_mean_shrunk,cell,B,500,tail_b1.0_mu0.9_c2.0_T500_cap64,tail_b1.0_mu0.9_c2.0,64,10280000,phi_reservoir_rule,learned,1,1,2000,1,True,True,0.033414160639047626,0.03197526838630438,0.03490176126360893,0.0007415445643074788,0.865582128494978,0.006763755410909652,0.02665040522813797,64.0,0.12449799196787148,46.8905,21.536,0.044830856,0.02,281.472,81.328,0.8989962891340256,0.892232533723116,0.892232533723116,1.0,-0.0023341130316257477,-0.004119650460779667,-0.0005434125370811679,0.0009125179515913111,0.52625,,,1,False,True,0,0.0,0.0,0.0,0.0,0.5,,,1,False,True,0
A,posterior_mean_shrunk,cell,B,500,tail_b1.0_mu0.9_c2.0_T500_cap64,tail_b1.0_mu0.9_c2.0,64,10280000,phi_sf_k16,learned,1,1,2000,1,True,True,0.033414160639047626,0.03197526838630438,0.03490176126360893,0.0007415445643074788,0.865582128494978,0.006763755410909652,0.02665040522813797,64.0,0.12449799196787148,46.8905,21.536,0.044830856,0.02,230.641,85.312,0.8989962891340256,0.892232533723116,0.892232533723116,1.0,-0.0023341130316257477,-0.004119650460779667,-0.0005434125370811679,0.0009125179515913111,0.52625,,,1,False,True,0,0.0,0.0,0.0,0.0,0.5,,,1,False,True,0
A,posterior_mean_shrunk,cell,B,500,tail_b1.0_mu0.9_c2.0_T500_cap64,tail_b1.0_mu0.9_c2.0,64,10280000,phi_sf_k16_noT1000,learned,1,1,2000,1,True,True,0.03235997322201729,0.031003490276634692,0.03373821703717113,0.0007119605551553198,0.8666363159120083,0.008129319697618485,0.024230653524398803,55.507,0.10744377510040161,52.904,17.0525,0.053255224,0.023,14.765,172.02055498458375,0.8989962891340256,0.892232533723116,0.8908669694364071,0.4865,-0.0033883004486560822,-0.005101444374304264,-0.0017131063214037572,0.0008795862682433089,0.5305,,,1,False,True,0,-0.0010541874170303346,-0.0020479602739214894,-9.848507270362477e-05,0.000495070110190723,0.507,,,1,False,True,0
A,posterior_mean_shrunk,cell,B,500,tail_b1.0_mu0.9_c2.0_T500_cap64,tail_b1.0_mu0.9_c2.0,64,10280000,power_a0.25,baseline,1,1,2000,1,True,True,0.033414160639047626,0.03197526838630438,0.03490176126360893,0.0007415445643074788,0.865582128494978,0.006763755410909652,0.02665040522813797,64.0,0.12449799196787148,46.8905,21.536,0.044830856,0.02,,67.0,0.8989962891340256,0.892232533723116,0.892232533723116,1.0,-0.0023341130316257477,-0.004119650460779667,-0.0005434125370811679,0.0009125179515913111,0.52625,,,1,False,True,0,0.0,0.0,0.0,0.0,0.5,,,1,False,True,0
A,posterior_mean_shrunk,cell,B,500,tail_b1.0_mu0.9_c2.0_T500_cap64,tail_b1.0_mu0.9_c2.0,64,10280000,power_a0.33,baseline,1,1,2000,1,True,True,0.033414160639047626,0.03197526838630438,0.03490176126360893,0.0007415445643074788,0.865582128494978,0.006763755410909652,0.02665040522813797,64.0,0.12449799196787148,46.8905,21.536,0.044830856,0.02,,68.0,0.8989962891340256,0.892232533723116,0.892232533723116,1.0,-0.0023341130316257477,-0.004119650460779667,-0.0005434125370811679,0.0009125179515913111,0.52625,,,1,False,True,0,0.0,0.0,0.0,0.0,0.5,,,1,False,True,0
A,posterior_mean_shrunk,cell,B,500,tail_b1.0_mu0.9_c2.0_T500_cap64,tail_b1.0_mu0.9_c2.0,64,10280000,power_a0.5,baseline,1,1,2000,1,True,True,0.033414160639047626,0.03197526838630438,0.03490176126360893,0.0007415445643074788,0.865582128494978,0.006763755410909652,0.02665040522813797,64.0,0.12449799196787148,46.8905,21.536,0.044830856,0.02,,69.0,0.8989962891340256,0.892232533723116,0.892232533723116,1.0,-0.0023341130316257477,-0.004119650460779667,-0.0005434125370811679,0.0009125179515913111,0.52625,,,1,False,True,0,0.0,0.0,0.0,0.0,0.5,,,1,False,True,0
A,posterior_mean_shrunk,cell,B,500,tail_b1.0_mu0.9_c2.0_T500_cap64,tail_b1.0_mu0.9_c2.0,64,10280000,power_a0.67,baseline,1,1,2000,1,True,True,0.033414160639047626,0.03197526838630438,0.03490176126360893,0.0007415445643074788,0.865582128494978,0.006763755410909652,0.02665040522813797,64.0,0.12449799196787148,46.8905,21.536,0.044830856,0.02,,70.0,0.8989962891340256,0.892232533723116,0.892232533723116,1.0,-0.0023341130316257477,-0.004119650460779667,-0.0005434125370811679,0.0009125179515913111,0.52625,,,1,False,True,0,0.0,0.0,0.0,0.0,0.5,,,1,False,True,0
A,posterior_mean_shrunk,cell,B,500,tail_b1.0_mu0.9_c2.0_T500_cap64,tail_b1.0_mu0.9_c2.0,64,10280000,refine_after_init,baseline,1,1,2000,1,True,True,0.06267228668928146,0.06022608205676079,0.06515456046909093,0.0012555341818358328,0.8363240024447441,0.056323944568634036,0.00634834212064743,8.0,0.01204819277108434,175.1925,0.0,0.28748130000000005,0.4165,,,0.8989962891340256,0.892232533723116,0.8426723445653915,0.0,0.026924013018608094,0.024495562724769115,0.0293573385104537,0.0012631852498525865,0.3395,,,1,False,True,0,0.02925812605023384,0.02652401104569435,0.03205252680927515,0.0014329610786867188,0.32849999999999996,,,1,False,True,0
A,posterior_mean_shrunk,cell,B,500,tail_b1.0_mu0.9_c2.0_T500_cap64,tail_b1.0_mu0.9_c2.0,64,10280000,rule_reservoir,rule,1,1,2000,1,True,True,0.033414160639047626,0.03197526838630438,0.03490176126360893,0.0007415445643074788,0.865582128494978,0.006763755410909652,0.02665040522813797,64.0,0.12449799196787148,46.8905,21.536,0.044830856,0.02,43.3305,64.0,0.8989962891340256,0.892232533723116,0.892232533723116,1.0,-0.0023341130316257477,-0.004119650460779667,-0.0005434125370811679,0.0009125179515913111,0.52625,,,1,False,True,0,0.0,0.0,0.0,0.0,0.5,,,1,False,True,0
A,posterior_mean_shrunk,cell,B,500,tail_b1.0_mu0.9_c2.0_T500_cap64,tail_b1.0_mu0.9_c2.0,64,10280000,uniform,baseline,1,1,2000,1,True,True,0.033168285936117176,0.03173215538263321,0.03462690087035298,0.000743340319426334,0.8658280031979084,0.006763755410909652,0.02640453052520752,64.0,0.12449799196787148,46.71,20.9945,0.04452612399999999,0.049,,126.1155,0.8989962891340256,0.892232533723116,0.892232533723116,1.0,-0.002579987734556198,-0.004373080551158637,-0.0007838242541765794,0.0009154224376493658,0.5287499999999999,,,1,False,True,0,-0.00024587470293045043,-0.0005412766680819914,4.87966856780985e-05,0.00015228258827773266,0.50325,,,1,False,True,0
A,posterior_mean_shrunk,cell,B,50,tail_b1.0_mu0.9_c2.0_T50_cap64,tail_b1.0_mu0.9_c2.0,64,10271000,always_search,baseline,1,1,2000,1,True,True,0.20616525819897652,0.20003675669431686,0.21240548081696034,0.0031168989572875816,0.6839782496094704,0.0,0.20616525819897652,50.0,1.0,1.0,50.0,0.02000000000000001,0.0,,,0.8901435078084469,0.8901435078084469,0.8901435078084469,0.0,0.106588832706213,0.09938465598970651,0.11390115674585104,0.0036796272618680463,0.27325,,,1,False,True,0,0.11349123114347458,0.1064079362899065,0.12070605121552944,0.0036219377797250076,0.26025000000000004,,,1,False,True,0
A,posterior_mean_shrunk,cell,B,50,tail_b1.0_mu0.9_c2.0_T50_cap64,tail_b1.0_mu0.9_c2.0,64,10271000,cp0,reference,1,1,2000,1,True,True,0.09957642549276352,0.09556813836097718,0.10356798302382231,0.002025340651743102,0.7905670823156834,0.06269619363546372,0.03688023185729981,6.0,0.08333333333333331,14.271,0.311,0.2317156,0.008,,,0.8901435078084469,0.8901435078084469,0.8274473141729831,0.0,0.0,0.0,0.0,0.0,0.5,,,1,False,True,0,0.006902398437261582,0.001626733274315484,0.012050396273843942,0.0026610303599602374,0.46275,,,1,False,True,0
A,posterior_mean_shrunk,cell,B,50,tail_b1.0_mu0.9_c2.0_T50_cap64,tail_b1.0_mu0.9_c2.0,64,10271000,fixed_K16,baseline,1,1,2000,1,True,True,0.08622079187631607,0.08232205156236887,0.08998802062124013,0.0019246349128648366,0.8039227159321308,0.01966551265120506,0.06655527922511101,16.0,0.2916666666666667,8.7025,6.7305,0.1129084,0.0,,,0.8901435078084469,0.8901435078084469,0.8704779951572418,0.0,-0.013355633616447449,-0.018103205738589166,-0.008540672529488804,0.0024345158680091636,0.54525,,,1,False,True,0,-0.006453235179185867,-0.010226651676930487,-0.002593719819560647,0.0019528205008951724,0.51,,,1,False,True,0
A,posterior_mean_shrunk,cell,B,50,tail_b1.0_mu0.9_c2.0_T50_cap64,tail_b1.0_mu0.9_c2.0,64,10271000,p3_star,reference,1,1,2000,1,True,True,0.09267402705550194,0.0886958608403802,0.09667101688683033,0.0020620274224906333,0.797469480752945,0.013007180482149125,0.07966684657335281,21.0,0.39583333333333326,7.1075,11.2735,0.084898,0.0,,,0.8901435078084469,0.8901435078084469,0.8771363273262978,0.0,-0.006902398437261582,-0.012050396273843942,-0.001626733274315484,0.0026610303599602374,0.53725,,,1,False,True,0,0.0,0.0,0.0,0.0,0.5,,,1,False,True,0
A,posterior_mean_shrunk,cell,B,50,tail_b1.0_mu0.9_c2.0_T50_cap64,tail_b1.0_mu0.9_c2.0,64,10271000,phi_k1,learned,1,1,2000,1,True,True,0.08564914809167386,0.08185414895415306,0.08938367608934641,0.0019256315586768467,0.8044943597167731,0.01741521856188774,0.06823392952978612,16.4465,0.30096875,8.5145,6.657,0.1084128,0.0,0.0,,0.8901435078084469,0.8901435078084469,0.8727282892465591,0.0,-0.013927277401089668,-0.0186312832403928,-0.00896762530319393,0.0024655624196864958,0.5505,,,1,False,True,0,-0.007024878963828087,-0.01047285315580666,-0.0036130990774836417,0.0017507540212534762,0.51525,,,1,False,True,0
A,posterior_mean_shrunk,cell,B,50,tail_b1.0_mu0.9_c2.0_T50_cap64,tail_b1.0_mu0.9_c2.0,64,10271000,phi_k16,learned,1,1,2000,1,True,True,0.08684267629683018,0.08301736917346716,0.09062043260782957,0.0019199450085027616,0.8033008315116167,0.016205460250377654,0.07063721604645253,18.032,0.33399999999999996,7.998,8.46,0.10009280000000001,0.0,0.0,,0.8901435078084469,0.8901435078084469,0.8739380475580693,0.0,-0.012733749195933342,-0.017496536346152423,-0.007869209721684457,0.0024775867912393587,0.54775,,,1,False,True,0,-0.005831350758671761,-0.009122484060935673,-0.002534117456525565,0.001636091351280097,0.508,,,1,False,True,0
A,posterior_mean_shrunk,cell,B,50,tail_b1.0_mu0.9_c2.0_T50_cap64,tail_b1.0_mu0.9_c2.0,64,10271000,phi_k16_all71,learned,1,1,2000,1,True,True,0.08684267629683018,0.08301736917346716,0.09062043260782957,0.0019199450085027616,0.8033008315116167,0.016225611716508867,0.07061706458032131,18.024,0.33383333333333326,8.001,8.452,0.1001332,0.0,0.0,,0.8901435078084469,0.8901435078084469,0.873917896091938,0.0,-0.012733749195933342,-0.017496536346152423,-0.007869209721684457,0.0024775867912393587,0.54775,,,1,False,True,0,-0.005831350758671761,-0.009122484060935673,-0.002534117456525565,0.001636091351280097,0.508,,,1,False,True,0
A,posterior_mean_shrunk,cell,B,50,tail_b1.0_mu0.9_c2.0_T50_cap64,tail_b1.0_mu0.9_c2.0,64,10271000,phi_k16_clock,learned,1,1,2000,1,True,True,0.1128620045632124,0.1082773705944419,0.11750903930515051,0.002372244754433911,0.7772815032452345,0.0048920011222362515,0.10797000344097614,34.0,0.6666666666666665,5.24,27.7905,0.0493644,0.0,0.0,,0.8901435078084469,0.8901435078084469,0.8852515066862107,0.0,0.013285579070448875,0.0074167215847410276,0.01911677662283182,0.002987014067584474,0.48575,,,1,False,True,0,0.020187977507710456,0.01505329238716513,0.02544962982647121,0.0026192282870389806,0.44899999999999995,,,1,False,True,0
A,posterior_mean_shrunk,cell,B,50,tail_b1.0_mu0.9_c2.0_T50_cap64,tail_b1.0_mu0.9_c2.0,64,10271000,phi_k16_cs,learned,1,1,2000,1,True,True,0.08684267629683018,0.08301736917346716,0.09062043260782957,0.0019199450085027616,0.8033008315116167,0.016205460250377654,0.07063721604645253,18.032,0.33399999999999996,7.998,8.46,0.10009280000000001,0.0,0.0,,0.8901435078084469,0.8901435078084469,0.8739380475580693,0.0,-0.012733749195933342,-0.017496536346152423,-0.007869209721684457,0.0024775867912393587,0.54775,,,1,False,True,0,-0.005831350758671761,-0.009122484060935673,-0.002534117456525565,0.001636091351280097,0.508,,,1,False,True,0
A,posterior_mean_shrunk,cell,B,50,tail_b1.0_mu0.9_c2.0_T50_cap64,tail_b1.0_mu0.9_c2.0,64,10271000,phi_k16_famA_only,learned,1,1,2000,1,True,True,0.08671449080109596,0.08294073045253754,0.09049475155770778,0.0019139974420786772,0.8034290170073509,0.01627683785557747,0.0704376529455185,18.0,0.33333333333333326,8.0055,8.425,0.1001976,0.0,0.0,,0.8901435078084469,0.8901435078084469,0.8738666699528694,0.0,-0.012861934691667557,-0.017624518647789956,-0.007992821186780933,0.0024766844338838237,0.54825,,,1,False,True,0,-0.005959536254405975,-0.00925416466780007,-0.0026386227167677166,0.0016370737487474546,0.5085,,,1,False,True,0
A,posterior_mean_shrunk,cell,B,50,tail_b1.0_mu0.9_c2.0_T50_cap64,tail_b1.0_mu0.9_c2.0,64,10271000,phi_k16_famB_only,learned,1,1,2000,1,True,True,0.08684912393987179,0.08302469588816166,0.09062681961804628,0.0019198651638816602,0.8032943838685751,0.016205460250377654,0.07064366368949414,18.04,0.3341666666666666,7.997,8.4695,0.10006999999999999,0.0,0.0,,0.8901435078084469,0.8901435078084469,0.8739380475580693,0.0,-0.01272730155289173,-0.0174877917394042,-0.007869209721684457,0.0024775949705654714,0.5475,,,1,False,True,0,-0.00582490311563015,-0.009117271448485552,-0.0025242127070669086,0.0016361370878390903,0.508,,,1,False,True,0
A,posterior_mean_shrunk,cell,B,50,tail_b1.0_mu0.9_c2.0_T50_cap64,tail_b1.0_mu0.9_c2.0,64,10271000,phi_k16_guard,learned,1,1,2000,1,True,True,0.08569795972108842,0.08187578115612268,0.0894615225493908,0.001922568405845506,0.8044455480873585,0.017825738698244095,0.06787222102284432,17.0,0.3125,8.3555,7.545,0.1063452,0.0,0.0,,0.8901435078084469,0.8901435078084469,0.8723177691102028,0.0,-0.01387846577167511,-0.018605366954579948,-0.008945439523085954,0.002456247950656474,0.5455,,,1,False,True,0,-0.006976067334413529,-0.0105771298520267,-0.0033845273545011884,0.0018436914151146397,0.5135000000000001,,,1,False,True,0
A,posterior_mean_shrunk,cell,B,50,tail_b1.0_mu0.9_c2.0_T50_cap64,tail_b1.0_mu0.9_c2.0,64,10271000,phi_k16_hgb,learned,1,1,2000,1,True,True,0.09089600752294064,0.08701828755438328,0.09475177172571421,0.001988880017165381,0.7992475002855063,0.014057312607765198,0.07683869491517543,21.216,0.40033333333333326,7.66,12.435,0.0902996,0.0,0.0,,0.8901435078084469,0.8901435078084469,0.8760861952006816,0.0,-0.008680417969822883,-0.013639482879079878,-0.003621349419699983,0.0025556031002188033,0.53225,,,1,False,True,0,-0.0017780195325613022,-0.005158411373849958,0.0015831312310183416,0.0016874850225186925,0.49549999999999994,,,1,False,True,0
A,posterior_mean_shrunk,cell,B,50,tail_b1.0_mu0.9_c2.0_T50_cap64,tail_b1.0_mu0.9_c2.0,64,10271000,phi_k16_lucb,learned,1,1,2000,1,True,True,0.08684912393987179,0.08302469588816166,0.09062681961804628,0.0019198651638816602,0.8032943838685751,0.016205460250377654,0.07064366368949414,18.04,0.3341666666666666,7.997,8.4695,0.10006999999999999,0.0,0.0,,0.8901435078084469,0.8901435078084469,0.8739380475580693,0.0,-0.01272730155289173,-0.0174877917394042,-0.007869209721684457,0.0024775949705654714,0.5475,,,1,False,True,0,-0.00582490311563015,-0.009117271448485552,-0.0025242127070669086,0.0016361370878390903,0.508,,,1,False,True,0
A,posterior_mean_shrunk,cell,B,50,tail_b1.0_mu0.9_c2.0_T50_cap64,tail_b1.0_mu0.9_c2.0,64,10271000,phi_k16_noT1000,learned,1,1,2000,1,True,True,0.08913194255530835,0.08523350227624178,0.09297611825168133,0.001969093284705852,0.8010115652531385,0.014651179045438766,0.07448076350986957,19.304,0.36049999999999993,7.711,9.862,0.0956312,0.0,0.0,,0.8901435078084469,0.8901435078084469,0.8754923287630081,0.0,-0.010444482937455177,-0.015302051277831196,-0.0054562244797125466,0.002524658661021701,0.542,,,1,False,True,0,-0.0035420845001935958,-0.0068512819358147676,-0.00021725388687627868,0.0016681080027348212,0.50225,,,1,False,True,0
A,posterior_mean_shrunk,cell,B,50,tail_b1.0_mu0.9_c2.0_T50_cap64,tail_b1.0_mu0.9_c2.0,64,10271000,phi_k16_noT200,learned,1,1,2000,1,True,True,0.08684912393987179,0.08302469588816166,0.09062681961804628,0.0019198651638816602,0.8032943838685751,0.01618191021680832,0.07066721372306346,18.048,0.33433333333333326,7.9945,8.4775,0.10003800000000002,0.0,0.0,,0.8901435078084469,0.8901435078084469,0.8739615975916386,0.0,-0.01272730155289173,-0.0174877917394042,-0.007869209721684457,0.0024775949705654714,0.5475,,,1,False,True,0,-0.00582490311563015,-0.009117271448485552,-0.0025242127070669086,0.0016361370878390903,0.508,,,1,False,True,0
A,posterior_mean_shrunk,cell,B,50,tail_b1.0_mu0.9_c2.0_T50_cap64,tail_b1.0_mu0.9_c2.0,64,10271000,phi_k16_noambig,learned,1,1,2000,1,True,True,0.08824807538092136,0.08442490343004465,0.09203255102038384,0.0019501675261591029,0.8018954324275255,0.015336682468652725,0.07291139291226864,18.624,0.34633333333333327,7.8555,9.071,0.0978376,0.0,0.0,,0.8901435078084469,0.8901435078084469,0.8748068253397941,0.0,-0.011328350111842156,-0.016187516739591956,-0.006431334756780419,0.0025021514611245975,0.54425,,,1,False,True,0,-0.004425951674580574,-0.0077711184509098525,-0.0010945066169369968,0.0016659584381797604,0.50425,,,1,False,True,0
A,posterior_mean_shrunk,cell,B,50,tail_b1.0_mu0.9_c2.0_T50_cap64,tail_b1.0_mu0.9_c2.0,64,10271000,phi_k16_nopolicy,learned,1,1,2000,1,True,True,0.08671449080109596,0.08294073045253754,0.09049475155770778,0.0019139974420786772,0.8034290170073509,0.01627683785557747,0.0704376529455185,18.0,0.33333333333333326,8.0055,8.425,0.1001976,0.0,0.0,,0.8901435078084469,0.8901435078084469,0.8738666699528694,0.0,-0.012861934691667557,-0.017624518647789956,-0.007992821186780933,0.0024766844338838237,0.54825,,,1,False,True,0,-0.005959536254405975,-0.00925416466780007,-0.0026386227167677166,0.0016370737487474546,0.5085,,,1,False,True,0
A,posterior_mean_shrunk,cell,B,50,tail_b1.0_mu0.9_c2.0_T50_cap64,tail_b1.0_mu0.9_c2.0,64,10271000,phi_k16_notrunc,learned,1,1,2000,1,True,True,0.08671449080109596,0.08294073045253754,0.09049475155770778,0.0019139974420786772,0.8034290170073509,0.01627683785557747,0.0704376529455185,18.0,0.33333333333333326,8.0055,8.425,0.1001976,0.0,0.0,,0.8901435078084469,0.8901435078084469,0.8738666699528694,0.0,-0.012861934691667557,-0.017624518647789956,-0.007992821186780933,0.0024766844338838237,0.54825,,,1,False,True,0,-0.005959536254405975,-0.00925416466780007,-0.0026386227167677166,0.0016370737487474546,0.5085,,,1,False,True,0
A,posterior_mean_shrunk,cell,B,50,tail_b1.0_mu0.9_c2.0_T50_cap64,tail_b1.0_mu0.9_c2.0,64,10271000,phi_k16_onpolicy_only,learned,1,1,2000,1,True,True,0.08727522814273835,0.08348209783434868,0.09102941770106554,0.0019326953999750606,0.8028682796657085,0.015938089698553086,0.07133713844418525,18.224,0.3379999999999999,7.9495,8.6545,0.099264,0.0,0.0,,0.8901435078084469,0.8901435078084469,0.8742054181098938,0.0,-0.012301197350025177,-0.017136786365881562,-0.007421431492548436,0.0024875679550898206,0.54625,,,1,False,True,0,-0.005398798912763595,-0.008668127632699908,-0.002099401975283401,0.0016457883052505785,0.50675,,,1,False,True,0
A,posterior_mean_shrunk,cell,B,50,tail_b1.0_mu0.9_c2.0_T50_cap64,tail_b1.0_mu0.9_c2.0,64,10271000,phi_k16_onpolicy_union,learned,1,1,2000,1,True,True,0.08684912393987179,0.08302469588816166,0.09062681961804628,0.0019198651638816602,0.8032943838685751,0.016205460250377654,0.07064366368949414,18.04,0.3341666666666666,7.997,8.4695,0.10006999999999999,0.0,0.0,,0.8901435078084469,0.8901435078084469,0.8739380475580693,0.0,-0.01272730155289173,-0.0174877917394042,-0.007869209721684457,0.0024775949705654714,0.5475,,,1,False,True,0,-0.00582490311563015,-0.009117271448485552,-0.0025242127070669086,0.0016361370878390903,0.508,,,1,False,True,0
A,posterior_mean_shrunk,cell,B,50,tail_b1.0_mu0.9_c2.0_T50_cap64,tail_b1.0_mu0.9_c2.0,64,10271000,phi_k16_perstep,learned,1,1,2000,1,True,True,0.08416005340218544,0.08044480253010988,0.0879332359880209,0.0018960629460301368,0.8059834544062614,0.03622233429551124,0.047937719106674194,9.5225,0.15671875,12.305,3.075,0.18974240000000003,0.0,0.0,,0.8901435078084469,0.8901435078084469,0.8539211735129356,0.0,-0.015416372090578079,-0.019592526601627466,-0.011211057822220028,0.002108929500726557,0.55675,,,1,False,True,0,-0.008513973653316497,-0.013082531793043018,-0.003932342003099622,0.0023601538929781166,0.51975,,,1,False,True,0
A,posterior_mean_shrunk,cell,B,50,tail_b1.0_mu0.9_c2.0_T50_cap64,tail_b1.0_mu0.9_c2.0,64,10271000,phi_k16_quality,learned,1,1,2000,1,True,True,0.08671449080109596,0.08294073045253754,0.09049475155770778,0.0019139974420786772,0.8034290170073509,0.01627683785557747,0.0704376529455185,18.0,0.33333333333333326,8.0055,8.425,0.1001976,0.0,0.0,,0.8901435078084469,0.8901435078084469,0.8738666699528694,0.0,-0.012861934691667557,-0.017624518647789956,-0.007992821186780933,0.0024766844338838237,0.54825,,,1,False,True,0,-0.005959536254405975,-0.00925416466780007,-0.0026386227167677166,0.0016370737487474546,0.5085,,,1,False,True,0
A,posterior_mean_shrunk,cell,B,50,tail_b1.0_mu0.9_c2.0_T50_cap64,tail_b1.0_mu0.9_c2.0,64,10271000,phi_k16_tau05,learned,1,1,2000,1,True,True,0.08684267629683018,0.08301736917346716,0.09062043260782957,0.0019199450085027616,0.8033008315116167,0.016205460250377654,0.07063721604645253,18.032,0.33399999999999996,7.998,8.46,0.10009280000000001,0.0,0.0,,0.8901435078084469,0.8901435078084469,0.8739380475580693,0.0,-0.012733749195933342,-0.017496536346152423,-0.007869209721684457,0.0024775867912393587,0.54775,,,1,False,True,0,-0.005831350758671761,-0.009122484060935673,-0.002534117456525565,0.001636091351280097,0.508,,,1,False,True,0
A,posterior_mean_shrunk,cell,B,50,tail_b1.0_mu0.9_c2.0_T50_cap64,tail_b1.0_mu0.9_c2.0,64,10271000,phi_k16_weighted,learned,1,1,2000,1,True,True,0.08736436448991299,0.08354164510965348,0.09113978184759616,0.001932618418375562,0.802779143318534,0.01552437487244606,0.07183998961746693,18.432,0.34233333333333327,7.9015,8.867,0.09854520000000001,0.0,0.0,,0.8901435078084469,0.8901435078084469,0.8746191329360008,0.0,-0.012212061002850532,-0.017013068497180938,-0.007338507194072011,0.0024864973964455195,0.5455,,,1,False,True,0,-0.005309662565588951,-0.008559810230508447,-0.002002440998330713,0.0016392717944598502,0.506,,,1,False,True,0
A,posterior_mean_shrunk,cell,B,50,tail_b1.0_mu0.9_c2.0_T50_cap64,tail_b1.0_mu0.9_c2.0,64,10271000,phi_k4,learned,1,1,2000,1,True,True,0.08450739380717277,0.08081546369940043,0.08824290726333857,0.0018960193971628244,0.8056361140012741,0.019550386995077135,0.06495700681209564,15.422,0.279625,8.985,6.115,0.1177148,0.0,0.0,,0.8901435078084469,0.8901435078084469,0.8705931208133697,0.0,-0.015069031685590744,-0.01974634425714612,-0.010270729335024955,0.002388167966786079,0.555,,,1,False,True,0,-0.008166633248329162,-0.011978860315866768,-0.004347422427963466,0.001962692869543871,0.51775,,,1,False,True,0
A,posterior_mean_shrunk,cell,B,50,tail_b1.0_mu0.9_c2.0_T50_cap64,tail_b1.0_mu0.9_c2.0,64,10271000,phi_reservoir_rule,learned,1,1,2000,1,True,True,0.11184998527169228,0.1074708903208375,0.11645984351634979,0.0023134023022585576,0.7782935225367547,0.005436915546655655,0.10641306972503663,33.448,0.6551666666666666,5.3595,27.1165,0.05091120000000001,0.0,0.0,,0.8901435078084469,0.8901435078084469,0.8847065922617913,0.0,0.012273559778928756,0.006882597878575326,0.017799083841964596,0.002815250995707627,0.4785,,,1,False,True,0,0.01917595821619034,0.014970690640620888,0.023452195292338728,0.0021551054075616125,0.43700000000000006,,,1,False,True,0
A,posterior_mean_shrunk,cell,B,50,tail_b1.0_mu0.9_c2.0_T50_cap64,tail_b1.0_mu0.9_c2.0,64,10271000,phi_sf_k16,learned,1,1,2000,1,True,True,0.08688685227930545,0.0830841924995184,0.09069714918732644,0.0019205942853462261,0.8032566555291414,0.015884839177131654,0.0710020131021738,18.248,0.3384999999999999,7.9495,8.6805,0.0992732,0.0,0.0,,0.8901435078084469,0.8901435078084469,0.8742586686313152,0.0,-0.012689573213458061,-0.017481569154188036,-0.00781558349262923,0.0024778286041784708,0.54675,,,1,False,True,0,-0.0057871747761964795,-0.00907463850453496,-0.0024962830881122503,0.0016346675266943798,0.508,,,1,False,True,0
A,posterior_mean_shrunk,cell,B,50,tail_b1.0_mu0.9_c2.0_T50_cap64,tail_b1.0_mu0.9_c2.0,64,10271000,phi_sf_k16_noT1000,learned,1,1,2000,1,True,True,0.08684267629683018,0.08301736917346716,0.09062043260782957,0.0019199450085027616,0.8033008315116167,0.016205460250377654,0.07063721604645253,18.032,0.33399999999999996,7.998,8.46,0.10009280000000001,0.0,0.0,,0.8901435078084469,0.8901435078084469,0.8739380475580693,0.0,-0.012733749195933342,-0.017496536346152423,-0.007869209721684457,0.0024775867912393587,0.54775,,,1,False,True,0,-0.005831350758671761,-0.009122484060935673,-0.002534117456525565,0.001636091351280097,0.508,,,1,False,True,0
A,posterior_mean_shrunk,cell,B,50,tail_b1.0_mu0.9_c2.0_T50_cap64,tail_b1.0_mu0.9_c2.0,64,10271000,power_a0.25,baseline,1,1,2000,1,True,True,0.09267402705550194,0.0886958608403802,0.09667101688683033,0.0020620274224906333,0.797469480752945,0.013007180482149125,0.07966684657335281,21.0,0.39583333333333326,7.1075,11.2735,0.084898,0.0,,,0.8901435078084469,0.8901435078084469,0.8771363273262978,0.0,-0.006902398437261582,-0.012050396273843942,-0.001626733274315484,0.0026610303599602374,0.53725,,,1,False,True,0,0.0,0.0,0.0,0.0,0.5,,,1,False,True,0
A,posterior_mean_shrunk,cell,B,50,tail_b1.0_mu0.9_c2.0_T50_cap64,tail_b1.0_mu0.9_c2.0,64,10271000,power_a0.33,baseline,1,1,2000,1,True,True,0.09416594509780407,0.09017716776579618,0.09807040672749281,0.0020783558316410707,0.7959775627106428,0.011178059756755829,0.08298788534104824,23.0,0.4375,6.777,13.79,0.07854760000000001,0.0,,,0.8901435078084469,0.8901435078084469,0.8789654480516911,0.0,-0.00541048039495945,-0.01045921908225864,-0.0003265461200498996,0.002635804100808169,0.5237499999999999,,,1,False,True,0,0.0014919180423021317,-0.001055580691900104,0.00406944453716278,0.0013182761847252253,0.49124999999999996,,,1,False,True,0
A,posterior_mean_shrunk,cell,B,50,tail_b1.0_mu0.9_c2.0_T50_cap64,tail_b1.0_mu0.9_c2.0,64,10271000,power_a0.5,baseline,1,1,2000,1,True,True,0.09476973843574524,0.09068326018750668,0.09887956101447344,0.0020963331115698932,0.7953737693727017,0.013007180482149125,0.08176255795359612,21.0,0.39583333333333326,6.962,11.1715,0.08350040000000002,0.0,,,0.8901435078084469,0.8901435078084469,0.8771363273262978,0.0,-0.00480668705701828,-0.01002487437799573,0.00041865083403536026,0.0026644663522118906,0.5305,,,1,False,True,0,0.0020957113802433014,0.0004737849172670396,0.0036978731630370014,0.0008240438185889862,0.493,,,1,False,True,0
A,posterior_mean_shrunk,cell,B,50,tail_b1.0_mu0.9_c2.0_T50_cap64,tail_b1.0_mu0.9_c2.0,64,10271000,power_a0.67,baseline,1,1,2000,1,True,True,0.10119848623871804,0.09698263071477413,0.10538976639509201,0.0021434746268776746,0.7889450215697289,0.009404381573200225,0.09179410466551781,25.0,0.4791666666666668,6.1335,15.597,0.06904920000000002,0.0,,,0.8901435078084469,0.8901435078084469,0.8807391262352466,0.0,0.0016220607459545135,-0.0035898728412576014,0.006819015741348266,0.0027012219483217564,0.5037499999999999,,,1,False,True,0,0.008524459183216095,0.00469062210759148,0.01231480175629258,0.0019393169776175457,0.46375,,,1,False,True,0
A,posterior_mean_shrunk,cell,B,50,tail_b1.0_mu0.9_c2.0_T50_cap64,tail_b1.0_mu0.9_c2.0,64,10271000,refine_after_init,baseline,1,1,2000,1,True,True,0.08912771014869213,0.08548594173043966,0.09282825123518705,0.0019027843643768512,0.8010157976597547,0.045810596823692325,0.04331711332499981,8.0,0.125,12.982,1.5215,0.2026552,0.0,,,0.8901435078084469,0.8901435078084469,0.8443329109847546,0.0,-0.010448715344071388,-0.013953905715607106,-0.007006204058416188,0.001747696867456348,0.5375,,,1,False,True,0,-0.003546316906809807,-0.008447159267961975,0.0013588784058811134,0.0025484228936852914,0.50125,,,1,False,True,0
A,posterior_mean_shrunk,cell,B,50,tail_b1.0_mu0.9_c2.0_T50_cap64,tail_b1.0_mu0.9_c2.0,64,10271000,rule_reservoir,rule,1,1,2000,1,True,True,0.12587435561418533,0.12080471143126488,0.13076496161520482,0.0025337500972468416,0.7642691521942615,0.005287237972021103,0.12058711764216423,37.4965,0.7395104166666666,4.6565,32.423,0.0444636,0.0,0.0,,0.8901435078084469,0.8901435078084469,0.8848562698364257,0.0,0.026297930121421814,0.02018384779803455,0.03230510791763663,0.0030937143177716757,0.44475,,,1,False,True,0,0.03320032855868339,0.027583989361301065,0.03878387603908777,0.002857303666922445,0.4135,,,1,False,True,0
A,posterior_mean_shrunk,cell,B,50,tail_b1.0_mu0.9_c2.0_T50_cap64,tail_b1.0_mu0.9_c2.0,64,10271000,uniform,baseline,1,1,2000,1,True,True,0.11147251507639885,0.10697668790817261,0.11595892664045096,0.002320922201583952,0.778670992732048,0.009373081684112548,0.1020994333922863,25.9455,0.4988645833333334,5.53,16.104,0.06311240000000001,0.0,,,0.8901435078084469,0.8901435078084469,0.8807704261243343,0.0,0.01189608958363533,0.0063186270766891536,0.01751195704564452,0.0028665574985487835,0.47775,,,1,False,True,0,0.01879848802089691,0.014390593557618559,0.023139467695727944,0.0022599327346946134,0.435,,,1,False,True,0
A,posterior_mean_shrunk,cell,B,1000,tail_b2.0_mu1.0_c1.0_T1000_cap64,tail_b2.0_mu1.0_c1.0,64,10373000,always_search,baseline,1,1,2000,1,True,True,0.08530011895298958,0.0826016191393137,0.08798918426036835,0.0013544859727319441,0.8864295254051685,0.08052921655774116,0.0047709023952484135,64.0,0.062124248496993974,254.6255,0.8685,0.155349098,18.2665,,64.0,0.9717296443581581,0.891200427800417,0.891200427800417,1.0,-0.04559322565793991,-0.04869566820561886,-0.04255382884293795,0.0015923409298346425,0.7055,,,1,False,True,0,-1.0963618755340576e-05,-3.2890857255551964e-05,0.0,1.0963618755340577e-05,0.50025,,,1,False,True,0
A,posterior_mean_shrunk,cell,B,1000,tail_b2.0_mu1.0_c1.0_T1000_cap64,tail_b2.0_mu1.0_c1.0,64,10373000,cp0,reference,1,1,2000,1,True,True,0.1308933446109295,0.1273160371929407,0.13452663086354733,0.0018371928421328117,0.8408362997472286,0.12709912559390069,0.0037942190170288086,28.9995,0.02705360721442885,329.3465,0.011,0.234892253,14.1625,,,0.9717296443581581,0.891200427800417,0.8446305187642574,0.0,0.0,0.0,0.0,0.0,0.5,,,1,False,True,0,0.04558226203918457,0.04254324063658715,0.04868404883891344,0.0015924601823693162,0.29475,,,1,False,True,0
A,posterior_mean_shrunk,cell,B,1000,tail_b2.0_mu1.0_c1.0_T1000_cap64,tail_b2.0_mu1.0_c1.0,64,10373000,fixed_K16,baseline,1,1,2000,1,True,True,0.19008967177569866,0.18507067188620568,0.19507280997931958,0.002517455695849579,0.7816399725824594,0.18764506800472736,0.002444603770971298,16.0,0.014028056112224454,464.85,0.0,0.371469679,7.0495,,,0.9717296443581581,0.891200427800417,0.7840845763534308,0.0,0.05919632716476917,0.055144619289785625,0.06328319609165192,0.00208303496221852,0.30074999999999996,,,1,False,True,0,0.10477858920395375,0.09988866336643695,0.10949014239013195,0.0024593230384977634,0.1735,,,1,False,True,0
A,posterior_mean_shrunk,cell,B,1000,tail_b2.0_mu1.0_c1.0_T1000_cap64,tail_b2.0_mu1.0_c1.0,64,10373000,p3_star,reference,1,1,2000,1,True,True,0.08531108257174493,0.08261469546705484,0.08799362238496541,0.001354306733035443,0.8864185617864132,0.08052921655774116,0.004781866014003754,64.0,0.062124248496993974,254.56,0.826,0.15524517300000001,18.3125,,272.0,0.9717296443581581,0.891200427800417,0.891200427800417,1.0,-0.04558226203918457,-0.04868404883891344,-0.04254324063658715,0.0015924601823693162,0.7052499999999999,,,1,False,True,0,0.0,0.0,0.0,0.0,0.5,,,1,False,True,0
A,posterior_mean_shrunk,cell,B,1000,tail_b2.0_mu1.0_c1.0_T1000_cap64,tail_b2.0_mu1.0_c1.0,64,10373000,phi_k1,learned,1,1,2000,1,True,True,0.08530011895298958,0.0826016191393137,0.08798918426036835,0.0013544859727319441,0.8864295254051685,0.08052921655774116,0.0047709023952484135,64.0,0.062124248496993974,254.6255,0.8685,0.155349098,18.2665,936.0,64.0,0.9717296443581581,0.891200427800417,0.891200427800417,1.0,-0.04559322565793991,-0.04869566820561886,-0.04255382884293795,0.0015923409298346425,0.7055,,,1,False,True,0,-1.0963618755340576e-05,-3.2890857255551964e-05,0.0,1.0963618755340577e-05,0.50025,,,1,False,True,0
A,posterior_mean_shrunk,cell,B,1000,tail_b2.0_mu1.0_c1.0_T1000_cap64,tail_b2.0_mu1.0_c1.0,64,10373000,phi_k16,learned,1,1,2000,1,True,True,0.08530011895298958,0.0826016191393137,0.08798918426036835,0.0013544859727319441,0.8864295254051685,0.08052921655774116,0.0047709023952484135,64.0,0.062124248496993974,254.6255,0.8685,0.155349098,18.2665,916.657,72.312,0.9717296443581581,0.891200427800417,0.891200427800417,1.0,-0.04559322565793991,-0.04869566820561886,-0.04255382884293795,0.0015923409298346425,0.7055,,,1,False,True,0,-1.0963618755340576e-05,-3.2890857255551964e-05,0.0,1.0963618755340577e-05,0.50025,,,1,False,True,0
A,posterior_mean_shrunk,cell,B,1000,tail_b2.0_mu1.0_c1.0_T1000_cap64,tail_b2.0_mu1.0_c1.0,64,10373000,phi_k16_all71,learned,1,1,2000,1,True,True,0.08530011895298958,0.0826016191393137,0.08798918426036835,0.0013544859727319441,0.8864295254051685,0.08052921655774116,0.0047709023952484135,64.0,0.062124248496993974,254.6255,0.8685,0.155349098,18.2665,806.992,70.512,0.9717296443581581,0.891200427800417,0.891200427800417,1.0,-0.04559322565793991,-0.04869566820561886,-0.04255382884293795,0.0015923409298346425,0.7055,,,1,False,True,0,-1.0963618755340576e-05,-3.2890857255551964e-05,0.0,1.0963618755340577e-05,0.50025,,,1,False,True,0
A,posterior_mean_shrunk,cell,B,1000,tail_b2.0_mu1.0_c1.0_T1000_cap64,tail_b2.0_mu1.0_c1.0,64,10373000,phi_k16_clock,learned,1,1,2000,1,True,True,0.08530011895298958,0.0826016191393137,0.08798918426036835,0.0013544859727319441,0.8864295254051685,0.08052921655774116,0.0047709023952484135,64.0,0.062124248496993974,254.6255,0.8685,0.155349098,18.2665,936.0,64.0,0.9717296443581581,0.891200427800417,0.891200427800417,1.0,-0.04559322565793991,-0.04869566820561886,-0.04255382884293795,0.0015923409298346425,0.7055,,,1,False,True,0,-1.0963618755340576e-05,-3.2890857255551964e-05,0.0,1.0963618755340577e-05,0.50025,,,1,False,True,0
A,posterior_mean_shrunk,cell,B,1000,tail_b2.0_mu1.0_c1.0_T1000_cap64,tail_b2.0_mu1.0_c1.0,64,10373000,phi_k16_cs,learned,1,1,2000,1,True,True,0.08530011895298958,0.0826016191393137,0.08798918426036835,0.0013544859727319441,0.8864295254051685,0.08052921655774116,0.0047709023952484135,64.0,0.062124248496993974,254.6255,0.8685,0.155349098,18.2665,917.835,72.312,0.9717296443581581,0.891200427800417,0.891200427800417,1.0,-0.04559322565793991,-0.04869566820561886,-0.04255382884293795,0.0015923409298346425,0.7055,,,1,False,True,0,-1.0963618755340576e-05,-3.2890857255551964e-05,0.0,1.0963618755340577e-05,0.50025,,,1,False,True,0
A,posterior_mean_shrunk,cell,B,1000,tail_b2.0_mu1.0_c1.0_T1000_cap64,tail_b2.0_mu1.0_c1.0,64,10373000,phi_k16_famA_only,learned,1,1,2000,1,True,True,0.08530011895298958,0.0826016191393137,0.08798918426036835,0.0013544859727319441,0.8864295254051685,0.08052921655774116,0.0047709023952484135,64.0,0.062124248496993974,254.6255,0.8685,0.155349098,18.2665,786.732,83.088,0.9717296443581581,0.891200427800417,0.891200427800417,1.0,-0.04559322565793991,-0.04869566820561886,-0.04255382884293795,0.0015923409298346425,0.7055,,,1,False,True,0,-1.0963618755340576e-05,-3.2890857255551964e-05,0.0,1.0963618755340577e-05,0.50025,,,1,False,True,0
A,posterior_mean_shrunk,cell,B,1000,tail_b2.0_mu1.0_c1.0_T1000_cap64,tail_b2.0_mu1.0_c1.0,64,10373000,phi_k16_famB_only,learned,1,1,2000,1,True,True,0.08530011895298958,0.0826016191393137,0.08798918426036835,0.0013544859727319441,0.8864295254051685,0.08052921655774116,0.0047709023952484135,64.0,0.062124248496993974,254.6255,0.8685,0.155349098,18.2665,908.828,72.32,0.9717296443581581,0.891200427800417,0.891200427800417,1.0,-0.04559322565793991,-0.04869566820561886,-0.04255382884293795,0.0015923409298346425,0.7055,,,1,False,True,0,-1.0963618755340576e-05,-3.2890857255551964e-05,0.0,1.0963618755340577e-05,0.50025,,,1,False,True,0
A,posterior_mean_shrunk,cell,B,1000,tail_b2.0_mu1.0_c1.0_T1000_cap64,tail_b2.0_mu1.0_c1.0,64,10373000,phi_k16_guard,learned,1,1,2000,1,True,True,0.08530011895298958,0.0826016191393137,0.08798918426036835,0.0013544859727319441,0.8864295254051685,0.08052921655774116,0.0047709023952484135,64.0,0.062124248496993974,254.6255,0.8685,0.155349098,18.2665,795.488,72.312,0.9717296443581581,0.891200427800417,0.891200427800417,1.0,-0.04559322565793991,-0.04869566820561886,-0.04255382884293795,0.0015923409298346425,0.7055,,,1,False,True,0,-1.0963618755340576e-05,-3.2890857255551964e-05,0.0,1.0963618755340577e-05,0.50025,,,1,False,True,0
A,posterior_mean_shrunk,cell,B,1000,tail_b2.0_mu1.0_c1.0_T1000_cap64,tail_b2.0_mu1.0_c1.0,64,10373000,phi_k16_hgb,learned,1,1,2000,1,True,True,0.08530011895298958,0.0826016191393137,0.08798918426036835,0.0013544859727319441,0.8864295254051685,0.08052921655774116,0.0047709023952484135,64.0,0.062124248496993974,254.6255,0.8685,0.155349098,18.2665,774.819,64.0,0.9717296443581581,0.891200427800417,0.891200427800417,1.0,-0.04559322565793991,-0.04869566820561886,-0.04255382884293795,0.0015923409298346425,0.7055,,,1,False,True,0,-1.0963618755340576e-05,-3.2890857255551964e-05,0.0,1.0963618755340577e-05,0.50025,,,1,False,True,0
A,posterior_mean_shrunk,cell,B,1000,tail_b2.0_mu1.0_c1.0_T1000_cap64,tail_b2.0_mu1.0_c1.0,64,10373000,phi_k16_lucb,learned,1,1,2000,1,True,True,0.08530011895298958,0.0826016191393137,0.08798918426036835,0.0013544859727319441,0.8864295254051685,0.08052921655774116,0.0047709023952484135,64.0,0.062124248496993974,254.6255,0.8685,0.155349098,18.2665,915.223,80.48,0.9717296443581581,0.891200427800417,0.891200427800417,1.0,-0.04559322565793991,-0.04869566820561886,-0.04255382884293795,0.0015923409298346425,0.7055,,,1,False,True,0,-1.0963618755340576e-05,-3.2890857255551964e-05,0.0,1.0963618755340577e-05,0.50025,,,1,False,True,0
A,posterior_mean_shrunk,cell,B,1000,tail_b2.0_mu1.0_c1.0_T1000_cap64,tail_b2.0_mu1.0_c1.0,64,10373000,phi_k16_noT1000,learned,1,1,2000,1,True,True,0.08530011895298958,0.0826016191393137,0.08798918426036835,0.0013544859727319441,0.8864295254051685,0.08052921655774116,0.0047709023952484135,64.0,0.062124248496993974,254.6255,0.8685,0.155349098,18.2665,934.158,64.0,0.9717296443581581,0.891200427800417,0.891200427800417,1.0,-0.04559322565793991,-0.04869566820561886,-0.04255382884293795,0.0015923409298346425,0.7055,,,1,False,True,0,-1.0963618755340576e-05,-3.2890857255551964e-05,0.0,1.0963618755340577e-05,0.50025,,,1,False,True,0
A,posterior_mean_shrunk,cell,B,1000,tail_b2.0_mu1.0_c1.0_T1000_cap64,tail_b2.0_mu1.0_c1.0,64,10373000,phi_k16_noT200,learned,1,1,2000,1,True,True,0.08530011895298958,0.0826016191393137,0.08798918426036835,0.0013544859727319441,0.8864295254051685,0.08052921655774116,0.0047709023952484135,64.0,0.062124248496993974,254.6255,0.8685,0.155349098,18.2665,911.898,64.688,0.9717296443581581,0.891200427800417,0.891200427800417,1.0,-0.04559322565793991,-0.04869566820561886,-0.04255382884293795,0.0015923409298346425,0.7055,,,1,False,True,0,-1.0963618755340576e-05,-3.2890857255551964e-05,0.0,1.0963618755340577e-05,0.50025,,,1,False,True,0
A,posterior_mean_shrunk,cell,B,1000,tail_b2.0_mu1.0_c1.0_T1000_cap64,tail_b2.0_mu1.0_c1.0,64,10373000,phi_k16_noambig,learned,1,1,2000,1,True,True,0.08530011895298958,0.0826016191393137,0.08798918426036835,0.0013544859727319441,0.8864295254051685,0.08052921655774116,0.0047709023952484135,64.0,0.062124248496993974,254.6255,0.8685,0.155349098,18.2665,935.743,64.0,0.9717296443581581,0.891200427800417,0.891200427800417,1.0,-0.04559322565793991,-0.04869566820561886,-0.04255382884293795,0.0015923409298346425,0.7055,,,1,False,True,0,-1.0963618755340576e-05,-3.2890857255551964e-05,0.0,1.0963618755340577e-05,0.50025,,,1,False,True,0
A,posterior_mean_shrunk,cell,B,1000,tail_b2.0_mu1.0_c1.0_T1000_cap64,tail_b2.0_mu1.0_c1.0,64,10373000,phi_k16_nopolicy,learned,1,1,2000,1,True,True,0.08530011895298958,0.0826016191393137,0.08798918426036835,0.0013544859727319441,0.8864295254051685,0.08052921655774116,0.0047709023952484135,64.0,0.062124248496993974,254.6255,0.8685,0.155349098,18.2665,935.335,64.0,0.9717296443581581,0.891200427800417,0.891200427800417,1.0,-0.04559322565793991,-0.04869566820561886,-0.04255382884293795,0.0015923409298346425,0.7055,,,1,False,True,0,-1.0963618755340576e-05,-3.2890857255551964e-05,0.0,1.0963618755340577e-05,0.50025,,,1,False,True,0
A,posterior_mean_shrunk,cell,B,1000,tail_b2.0_mu1.0_c1.0_T1000_cap64,tail_b2.0_mu1.0_c1.0,64,10373000,phi_k16_notrunc,learned,1,1,2000,1,True,True,0.08530011895298958,0.0826016191393137,0.08798918426036835,0.0013544859727319441,0.8864295254051685,0.08052921655774116,0.0047709023952484135,64.0,0.062124248496993974,254.6255,0.8685,0.155349098,18.2665,935.741,64.0,0.9717296443581581,0.891200427800417,0.891200427800417,1.0,-0.04559322565793991,-0.04869566820561886,-0.04255382884293795,0.0015923409298346425,0.7055,,,1,False,True,0,-1.0963618755340576e-05,-3.2890857255551964e-05,0.0,1.0963618755340577e-05,0.50025,,,1,False,True,0
A,posterior_mean_shrunk,cell,B,1000,tail_b2.0_mu1.0_c1.0_T1000_cap64,tail_b2.0_mu1.0_c1.0,64,10373000,phi_k16_onpolicy_only,learned,1,1,2000,1,True,True,0.10776138750463723,0.10324735566973686,0.11248866859823466,0.0023318907988758514,0.8639682568535209,0.10171073531359434,0.0060506521910429,58.835,0.05694889779559117,278.6855,1.2205,0.189719977,16.635,375.65,172.74156059767571,0.9717296443581581,0.891200427800417,0.8700189090445638,0.9035,-0.023131957106292247,-0.027933950116857887,-0.018182513443753125,0.0024619212717214476,0.6487499999999999,,,1,False,True,0,0.022450304932892323,0.018672581808641554,0.026325154118239876,0.0019611846587329275,0.455,,,1,False,True,0
A,posterior_mean_shrunk,cell,B,1000,tail_b2.0_mu1.0_c1.0_T1000_cap64,tail_b2.0_mu1.0_c1.0,64,10373000,phi_k16_onpolicy_union,learned,1,1,2000,1,True,True,0.08530011895298958,0.0826016191393137,0.08798918426036835,0.0013544859727319441,0.8864295254051685,0.08052921655774116,0.0047709023952484135,64.0,0.062124248496993974,254.6255,0.8685,0.155349098,18.2665,922.319,70.424,0.9717296443581581,0.891200427800417,0.891200427800417,1.0,-0.04559322565793991,-0.04869566820561886,-0.04255382884293795,0.0015923409298346425,0.7055,,,1,False,True,0,-1.0963618755340576e-05,-3.2890857255551964e-05,0.0,1.0963618755340577e-05,0.50025,,,1,False,True,0
A,posterior_mean_shrunk,cell,B,1000,tail_b2.0_mu1.0_c1.0_T1000_cap64,tail_b2.0_mu1.0_c1.0,64,10373000,phi_k16_perstep,learned,1,1,2000,1,True,True,0.08530011895298958,0.0826016191393137,0.08798918426036835,0.0013544859727319441,0.8864295254051685,0.08052921655774116,0.0047709023952484135,64.0,0.062124248496993974,254.6255,0.8685,0.155349098,18.2665,923.342,65.722,0.9717296443581581,0.891200427800417,0.891200427800417,1.0,-0.04559322565793991,-0.04869566820561886,-0.04255382884293795,0.0015923409298346425,0.7055,,,1,False,True,0,-1.0963618755340576e-05,-3.2890857255551964e-05,0.0,1.0963618755340577e-05,0.50025,,,1,False,True,0
A,posterior_mean_shrunk,cell,B,1000,tail_b2.0_mu1.0_c1.0_T1000_cap64,tail_b2.0_mu1.0_c1.0,64,10373000,phi_k16_quality,learned,1,1,2000,1,True,True,0.08530011895298958,0.0826016191393137,0.08798918426036835,0.0013544859727319441,0.8864295254051685,0.08052921655774116,0.0047709023952484135,64.0,0.062124248496993974,254.6255,0.8685,0.155349098,18.2665,896.708,68.664,0.9717296443581581,0.891200427800417,0.891200427800417,1.0,-0.04559322565793991,-0.04869566820561886,-0.04255382884293795,0.0015923409298346425,0.7055,,,1,False,True,0,-1.0963618755340576e-05,-3.2890857255551964e-05,0.0,1.0963618755340577e-05,0.50025,,,1,False,True,0
A,posterior_mean_shrunk,cell,B,1000,tail_b2.0_mu1.0_c1.0_T1000_cap64,tail_b2.0_mu1.0_c1.0,64,10373000,phi_k16_tau05,learned,1,1,2000,1,True,True,0.08530011895298958,0.0826016191393137,0.08798918426036835,0.0013544859727319441,0.8864295254051685,0.08052921655774116,0.0047709023952484135,64.0,0.062124248496993974,254.6255,0.8685,0.155349098,18.2665,916.657,72.312,0.9717296443581581,0.891200427800417,0.891200427800417,1.0,-0.04559322565793991,-0.04869566820561886,-0.04255382884293795,0.0015923409298346425,0.7055,,,1,False,True,0,-1.0963618755340576e-05,-3.2890857255551964e-05,0.0,1.0963618755340577e-05,0.50025,,,1,False,True,0
A,posterior_mean_shrunk,cell,B,1000,tail_b2.0_mu1.0_c1.0_T1000_cap64,tail_b2.0_mu1.0_c1.0,64,10373000,phi_k16_weighted,learned,1,1,2000,1,True,True,0.08530011895298958,0.0826016191393137,0.08798918426036835,0.0013544859727319441,0.8864295254051685,0.08052921655774116,0.0047709023952484135,64.0,0.062124248496993974,254.6255,0.8685,0.155349098,18.2665,876.856,90.472,0.9717296443581581,0.891200427800417,0.891200427800417,1.0,-0.04559322565793991,-0.04869566820561886,-0.04255382884293795,0.0015923409298346425,0.7055,,,1,False,True,0,-1.0963618755340576e-05,-3.2890857255551964e-05,0.0,1.0963618755340577e-05,0.50025,,,1,False,True,0
A,posterior_mean_shrunk,cell,B,1000,tail_b2.0_mu1.0_c1.0_T1000_cap64,tail_b2.0_mu1.0_c1.0,64,10373000,phi_k4,learned,1,1,2000,1,True,True,0.08530011895298958,0.0826016191393137,0.08798918426036835,0.0013544859727319441,0.8864295254051685,0.08052921655774116,0.0047709023952484135,64.0,0.062124248496993974,254.6255,0.8685,0.155349098,18.2665,934.578,65.42,0.9717296443581581,0.891200427800417,0.891200427800417,1.0,-0.04559322565793991,-0.04869566820561886,-0.04255382884293795,0.0015923409298346425,0.7055,,,1,False,True,0,-1.0963618755340576e-05,-3.2890857255551964e-05,0.0,1.0963618755340577e-05,0.50025,,,1,False,True,0
A,posterior_mean_shrunk,cell,B,1000,tail_b2.0_mu1.0_c1.0_T1000_cap64,tail_b2.0_mu1.0_c1.0,64,10373000,phi_reservoir_rule,learned,1,1,2000,1,True,True,0.08530011895298958,0.0826016191393137,0.08798918426036835,0.0013544859727319441,0.8864295254051685,0.08052921655774116,0.0047709023952484135,64.0,0.062124248496993974,254.6255,0.8685,0.155349098,18.2665,798.687,80.544,0.9717296443581581,0.891200427800417,0.891200427800417,1.0,-0.04559322565793991,-0.04869566820561886,-0.04255382884293795,0.0015923409298346425,0.7055,,,1,False,True,0,-1.0963618755340576e-05,-3.2890857255551964e-05,0.0,1.0963618755340577e-05,0.50025,,,1,False,True,0
A,posterior_mean_shrunk,cell,B,1000,tail_b2.0_mu1.0_c1.0_T1000_cap64,tail_b2.0_mu1.0_c1.0,64,10373000,phi_sf_k16,learned,1,1,2000,1,True,True,0.08530011895298958,0.0826016191393137,0.08798918426036835,0.0013544859727319441,0.8864295254051685,0.08052921655774116,0.0047709023952484135,64.0,0.062124248496993974,254.6255,0.8685,0.155349098,18.2665,920.848,78.48,0.9717296443581581,0.891200427800417,0.891200427800417,1.0,-0.04559322565793991,-0.04869566820561886,-0.04255382884293795,0.0015923409298346425,0.7055,,,1,False,True,0,-1.0963618755340576e-05,-3.2890857255551964e-05,0.0,1.0963618755340577e-05,0.50025,,,1,False,True,0
A,posterior_mean_shrunk,cell,B,1000,tail_b2.0_mu1.0_c1.0_T1000_cap64,tail_b2.0_mu1.0_c1.0,64,10373000,phi_sf_k16_noT1000,learned,1,1,2000,1,True,True,0.08530011895298958,0.0826016191393137,0.08798918426036835,0.0013544859727319441,0.8864295254051685,0.08052921655774116,0.0047709023952484135,64.0,0.062124248496993974,254.6085,0.8525,0.15532270199999998,18.2815,853.399,96.112,0.9717296443581581,0.891200427800417,0.891200427800417,1.0,-0.04559322565793991,-0.04869566820561886,-0.04255382884293795,0.0015923409298346425,0.7055,,,1,False,True,0,-1.0963618755340576e-05,-3.2890857255551964e-05,0.0,1.0963618755340577e-05,0.50025,,,1,False,True,0
A,posterior_mean_shrunk,cell,B,1000,tail_b2.0_mu1.0_c1.0_T1000_cap64,tail_b2.0_mu1.0_c1.0,64,10373000,power_a0.25,baseline,1,1,2000,1,True,True,0.08531108257174493,0.08261469546705484,0.08799362238496541,0.001354306733035443,0.8864185617864132,0.08052921655774116,0.004781866014003754,64.0,0.062124248496993974,254.56,0.826,0.15524517300000001,18.3125,,272.0,0.9717296443581581,0.891200427800417,0.891200427800417,1.0,-0.04558226203918457,-0.04868404883891344,-0.04254324063658715,0.0015924601823693162,0.7052499999999999,,,1,False,True,0,0.0,0.0,0.0,0.0,0.5,,,1,False,True,0
A,posterior_mean_shrunk,cell,B,1000,tail_b2.0_mu1.0_c1.0_T1000_cap64,tail_b2.0_mu1.0_c1.0,64,10373000,power_a0.33,baseline,1,1,2000,1,True,True,0.08532119774818421,0.08262338358908891,0.08800457026809454,0.001354157363932338,0.8864084466099739,0.08052921655774116,0.004791981190443039,64.0,0.062124248496993974,253.707,0.573,0.154154547,18.6075,,393.0,0.9717296443581581,0.891200427800417,0.891200427800417,1.0,-0.045572146862745286,-0.048669256176799534,-0.042532673105597496,0.0015924338352632523,0.70475,,,1,False,True,0,1.0115176439285278e-05,0.0,2.610659612400923e-05,7.1686344232589264e-06,0.49925,,,1,False,True,0
A,posterior_mean_shrunk,cell,B,1000,tail_b2.0_mu1.0_c1.0_T1000_cap64,tail_b2.0_mu1.0_c1.0,64,10373000,power_a0.5,baseline,1,1,2000,1,True,True,0.08530011895298958,0.0826016191393137,0.08798918426036835,0.0013544859727319441,0.8864295254051685,0.08052921655774116,0.0047709023952484135,64.0,0.062124248496993974,254.6255,0.8685,0.155349098,18.2665,,87.0,0.9717296443581581,0.891200427800417,0.891200427800417,1.0,-0.04559322565793991,-0.04869566820561886,-0.04255382884293795,0.0015923409298346425,0.7055,,,1,False,True,0,-1.0963618755340576e-05,-3.2890857255551964e-05,0.0,1.0963618755340577e-05,0.50025,,,1,False,True,0
A,posterior_mean_shrunk,cell,B,1000,tail_b2.0_mu1.0_c1.0_T1000_cap64,tail_b2.0_mu1.0_c1.0,64,10373000,power_a0.67,baseline,1,1,2000,1,True,True,0.08525540748238564,0.08254666477441788,0.08794241733849048,0.0013561353458406231,0.8864742368757724,0.08052921655774116,0.00472619092464447,64.0,0.062124248496993974,245.541,0.352,0.145191168,20.712,,480.0,0.9717296443581581,0.891200427800417,0.891200427800417,1.0,-0.04563793712854385,-0.048740864265710115,-0.042576901335269215,0.0015918358075523759,0.706,,,1,False,True,0,-5.5675089359283446e-05,-0.0002532616286771371,0.00013794321857858445,9.83949088064594e-05,0.49975,,,1,False,True,0
A,posterior_mean_shrunk,cell,B,1000,tail_b2.0_mu1.0_c1.0_T1000_cap64,tail_b2.0_mu1.0_c1.0,64,10373000,refine_after_init,baseline,1,1,2000,1,True,True,0.27507794338464736,0.26845647767186165,0.2815867707133293,0.003288818415700692,0.6966517009735107,0.2733980491310358,0.0016798942536115646,8.0,0.006012024048096194,560.841,0.0,0.48141423,3.731,,,0.9717296443581581,0.891200427800417,0.6983315952271223,0.0,0.1441845987737179,0.13782190307974815,0.15058255270123483,0.0032245709769036335,0.1555,,,1,False,True,0,0.18976686081290245,0.1832008183002472,0.19631289280951023,0.003326502371337767,0.08725,,,1,False,True,0
A,posterior_mean_shrunk,cell,B,1000,tail_b2.0_mu1.0_c1.0_T1000_cap64,tail_b2.0_mu1.0_c1.0,64,10373000,rule_reservoir,rule,1,1,2000,1,True,True,0.08552395749092102,0.08280944414436817,0.08823152985423803,0.001357787595207441,0.8862056868672371,0.0807682360112667,0.004755721479654312,63.5115,0.06163476953907814,258.6455,0.8245,0.159002801,18.3585,56.458,67.37981744421907,0.9717296443581581,0.891200427800417,0.8909614083468914,0.986,-0.045369387120008466,-0.04848689083009958,-0.04232926806434989,0.0015885229987100437,0.704,,,1,False,True,0,0.00021287491917610168,3.443324922045576e-05,0.00045076962414896115,0.00010876266311730572,0.49825,,,1,False,True,0
A,posterior_mean_shrunk,cell,B,1000,tail_b2.0_mu1.0_c1.0_T1000_cap64,tail_b2.0_mu1.0_c1.0,64,10373000,uniform,baseline,1,1,2000,1,True,True,0.08525610411167145,0.08254873882979155,0.08795132506638766,0.0013546131579450418,0.8864735402464866,0.08052921655774116,0.004726887553930283,64.0,0.062124248496993974,254.3075,0.7915,0.154990902,18.489,,126.5495,0.9717296443581581,0.891200427800417,0.891200427800417,1.0,-0.04563724049925804,-0.04875115631148219,-0.04259039396420121,0.0015913587864618372,0.706,,,1,False,True,0,-5.497846007347107e-05,-0.00014736219418409746,1.2258036326784332e-05,4.1032991475385804e-05,0.50025,,,1,False,True,0
A,posterior_mean_shrunk,cell,B,100,tail_b2.0_mu1.0_c1.0_T100_cap64,tail_b2.0_mu1.0_c1.0,64,10364000,always_search,baseline,1,1,2000,1,True,True,0.12705011576414107,0.1215397099032998,0.13256459981203078,0.002845597864664357,0.7845737279355526,0.022183091074228285,0.1048670246899128,64.0,0.6326530612244898,6.8715,48.389,0.027762200000000004,0.0,,64.0,0.9116238436996936,0.8894407526254654,0.8894407526254654,1.0,-0.08589264340698718,-0.0942520387470722,-0.07757151778787374,0.004375210670180505,0.6655,,,1,False,True,0,0.010336807616055012,0.00401851162314415,0.016652230359613895,0.0032477098863428503,0.4695,,,1,False,True,0
A,posterior_mean_shrunk,cell,B,100,tail_b2.0_mu1.0_c1.0_T100_cap64,tail_b2.0_mu1.0_c1.0,64,10364000,cp0,reference,1,1,2000,1,True,True,0.21294275917112826,0.20623397417366504,0.21987943537533283,0.0035013390989701177,0.6986810845285654,0.1923609035089612,0.02058185566216707,8.9995,0.07142346938775508,25.8285,0.0355,0.1884708,0.443,,,0.9116238436996936,0.8894407526254654,0.7192629401907324,0.0,0.0,0.0,0.0,0.0,0.5,,,1,False,True,0,0.0962294510230422,0.08879477661103011,0.10371509417891502,0.0038633168620582376,0.29725,,,1,False,True,0
A,posterior_mean_shrunk,cell,B,100,tail_b2.0_mu1.0_c1.0_T100_cap64,tail_b2.0_mu1.0_c1.0,64,10364000,fixed_K16,baseline,1,1,2000,1,True,True,0.15900010374188422,0.15324664413928984,0.1647772066295147,0.0030130005341912625,0.7526237399578094,0.126156850874424,0.03284325286746025,16.0,0.1428571428571428,20.5355,0.681,0.13301179999999999,0.071,,,0.9116238436996936,0.8894407526254654,0.7854669928252697,0.0,-0.05394265542924404,-0.05989848589524627,-0.04801616780459881,0.0030879017426449864,0.61775,,,1,False,True,0,0.04228679559379816,0.036084361374378204,0.048498252592980864,0.003177642564826033,0.39125,,,1,False,True,0
A,posterior_mean_shrunk,cell,B,100,tail_b2.0_mu1.0_c1.0_T100_cap64,tail_b2.0_mu1.0_c1.0,64,10364000,p3_star,reference,1,1,2000,1,True,True,0.11671330814808607,0.11153351757675409,0.12208737842738628,0.002651018934643646,0.7949105355516076,0.057314219415187835,0.05939908873289824,36.0,0.34693877551020413,12.322,18.4525,0.06483760000000001,0.0,,,0.9116238436996936,0.8894407526254654,0.8543096242845059,0.0,-0.0962294510230422,-0.10371509417891503,-0.08879477661103011,0.0038633168620582376,0.70275,,,1,False,True,0,0.0,0.0,0.0,0.0,0.5,,,1,False,True,0
A,posterior_mean_shrunk,cell,B,100,tail_b2.0_mu1.0_c1.0_T100_cap64,tail_b2.0_mu1.0_c1.0,64,10364000,phi_k1,learned,1,1,2000,1,True,True,0.10423064357042312,0.09933259133249521,0.10932000540196896,0.0025064699789334,0.8073932001292705,0.0367166234254837,0.06751402014493943,47.5165,0.46445408163265306,10.8755,31.8685,0.0519465,0.0,0.1575,91.41758241758242,0.9116238436996936,0.8894407526254654,0.87490722027421,0.0455,-0.10871211560070515,-0.11678382735699415,-0.10054910723119974,0.004130945039718105,0.71625,,,1,False,True,0,-0.012482664577662944,-0.01734898705035448,-0.007619994238484651,0.002501409938618899,0.526,,,1,False,True,0
A,posterior_mean_shrunk,cell,B,100,tail_b2.0_mu1.0_c1.0_T100_cap64,tail_b2.0_mu1.0_c1.0,64,10364000,phi_k16,learned,1,1,2000,1,True,True,0.11647364237159491,0.11132935862988233,0.12164697013795375,0.0026364971724277654,0.7951502013280988,0.05957978489995003,0.056893857471644875,33.444,0.3208571428571429,13.8095,16.74,0.07716850000000001,0.0,0.002,96.0,0.9116238436996936,0.8894407526254654,0.8520440587997437,0.001,-0.09646911679953336,-0.10388217605650425,-0.08919208385050297,0.0038416588292460815,0.69725,,,1,False,True,0,-0.00023966577649116517,-0.003341832454316318,0.0027361577609553924,0.0015580447345311967,0.49350000000000005,,,1,False,True,0
A,posterior_mean_shrunk,cell,B,100,tail_b2.0_mu1.0_c1.0_T100_cap64,tail_b2.0_mu1.0_c1.0,64,10364000,phi_k16_all71,learned,1,1,2000,1,True,True,0.11361479795724154,0.10854682996869087,0.11867002975195645,0.00259491391464004,0.7980090457424521,0.054078871339559555,0.05953592661768198,36.499,0.352030612244898,12.905,20.4695,0.0693579,0.0,0.004,96.0,0.9116238436996936,0.8894407526254654,0.8575449723601342,0.002,-0.09932796121388673,-0.10689968187361955,-0.0919767351821065,0.0038711909821491893,0.70575,,,1,False,True,0,-0.003098510190844536,-0.005991825612727551,-0.00035912988678319383,0.001453801710736787,0.49949999999999994,,,1,False,True,0
A,posterior_mean_shrunk,cell,B,100,tail_b2.0_mu1.0_c1.0_T100_cap64,tail_b2.0_mu1.0_c1.0,64,10364000,phi_k16_clock,learned,1,1,2000,1,True,True,0.11498875892162323,0.10992016382515431,0.12015397027134896,0.0026267119845745463,0.7966350847780704,0.06039420706033707,0.054594551861286165,34.0,0.32653061224489793,13.169,16.1915,0.0705149,0.0,0.0,,0.9116238436996936,0.8894407526254654,0.8512296366393566,0.0,-0.09795400024950504,-0.10542776249349117,-0.09067472591996192,0.0038241335029671622,0.70725,,,1,False,True,0,-0.001724549226462841,-0.0038448404462542384,0.0003601887066906781,0.0010826808283869863,0.5045000000000001,,,1,False,True,0
A,posterior_mean_shrunk,cell,B,100,tail_b2.0_mu1.0_c1.0_T100_cap64,tail_b2.0_mu1.0_c1.0,64,10364000,phi_k16_cs,learned,1,1,2000,1,True,True,0.11625192999094724,0.11115057189017534,0.1213990781456232,0.0026333279130529717,0.7953719137087464,0.05963789594173431,0.05661403404921293,33.396,0.32036734693877555,13.83,16.698,0.07735490000000002,0.0,0.002,96.0,0.9116238436996936,0.8894407526254654,0.8519859477579593,0.001,-0.09669082918018103,-0.10416084248572588,-0.08935484383255243,0.003846385900631885,0.6975,,,1,False,True,0,-0.00046137815713882444,-0.003540086140856146,0.0024823817249853154,0.0015477637468734563,0.494,,,1,False,True,0
A,posterior_mean_shrunk,cell,B,100,tail_b2.0_mu1.0_c1.0_T100_cap64,tail_b2.0_mu1.0_c1.0,64,10364000,phi_k16_famA_only,learned,1,1,2000,1,True,True,0.1233899373114109,0.11820475179702043,0.1285545401275158,0.002649104054480603,0.7882339063882827,0.07566426447033882,0.047725672841072084,26.712,0.25216326530612243,15.8635,8.021,0.09402619999999999,0.015,0.0,,0.9116238436996936,0.8894407526254654,0.8359595792293548,0.0,-0.08955282185971737,-0.09688535667955875,-0.08248983155936003,0.0036967414148506347,0.6817500000000001,,,1,False,True,0,0.006676629163324833,0.0028085544239729657,0.010434545762836932,0.0019301724640412978,0.47125,,,1,False,True,0
A,posterior_mean_shrunk,cell,B,100,tail_b2.0_mu1.0_c1.0_T100_cap64,tail_b2.0_mu1.0_c1.0,64,10364000,phi_k16_famB_only,learned,1,1,2000,1,True,True,0.11681323314458132,0.11164911296218634,0.12196750417351723,0.0026369455621603503,0.7948106105551124,0.05916028383374214,0.057652949310839176,33.511,0.3215408163265306,13.886,16.9505,0.07807440000000002,0.0,0.005,96.0,0.9116238436996936,0.8894407526254654,0.8524635598659516,0.0025,-0.09612952602654695,-0.1036884605884552,-0.08883953150361777,0.003832697424818598,0.6970000000000001,,,1,False,True,0,9.992499649524689e-05,-0.0031798386014997957,0.0032804554793983668,0.0016489597850261133,0.491,,,1,False,True,0
A,posterior_mean_shrunk,cell,B,100,tail_b2.0_mu1.0_c1.0_T100_cap64,tail_b2.0_mu1.0_c1.0,64,10364000,phi_k16_guard,learned,1,1,2000,1,True,True,0.12684442830830814,0.12147930543869734,0.13225043267011644,0.002755602860374562,0.7847794153913855,0.0784242068529129,0.04842022145539522,25.82,0.24306122448979597,15.3415,5.5735,0.08911460000000002,0.0,0.0,,0.9116238436996936,0.8894407526254654,0.8331996368467808,0.0,-0.08609833086282015,-0.09327631518244743,-0.07891179677098989,0.0037091020086865586,0.68175,,,1,False,True,0,0.010131120160222053,0.005565291934181006,0.014583047409541906,0.0022758348626128752,0.47050000000000003,,,1,False,True,0
A,posterior_mean_shrunk,cell,B,100,tail_b2.0_mu1.0_c1.0_T100_cap64,tail_b2.0_mu1.0_c1.0,64,10364000,phi_k16_hgb,learned,1,1,2000,1,True,True,0.11795754440128803,0.11275309920310975,0.12318029757589102,0.002708037803725384,0.7936662992984056,0.03586637008190155,0.08209117431938648,49.659,0.48631632653061235,10.946,36.4675,0.0518397,0.0,0.728,93.07374631268436,0.9116238436996936,0.8894407526254654,0.8757574736177921,0.1695,-0.09498521476984025,-0.10282101482152939,-0.08732018806040287,0.003992804676598359,0.6925,,,1,False,True,0,0.0012442362532019615,-0.0026141325593926007,0.005092697753570973,0.0019894472853208196,0.492,,,1,False,True,0
A,posterior_mean_shrunk,cell,B,100,tail_b2.0_mu1.0_c1.0_T100_cap64,tail_b2.0_mu1.0_c1.0,64,10364000,phi_k16_lucb,learned,1,1,2000,1,True,True,0.11541416107863188,0.11023582369089127,0.12057866640388966,0.0026196089787255132,0.7962096826210618,0.05772771501541138,0.0576864460632205,33.466,0.3210816326530612,14.0095,16.9365,0.0796723,0.0095,0.007,96.0,0.9116238436996936,0.8894407526254654,0.8538961286842823,0.0035,-0.0975285980924964,-0.10497575197368861,-0.09027403146028519,0.0038336382779924224,0.69775,,,1,False,True,0,-0.0012991470694541931,-0.004695974895730615,0.0020730017044115786,0.0017232194433924807,0.49324999999999997,,,1,False,True,0
A,posterior_mean_shrunk,cell,B,100,tail_b2.0_mu1.0_c1.0_T100_cap64,tail_b2.0_mu1.0_c1.0,64,10364000,phi_k16_noT1000,learned,1,1,2000,1,True,True,0.12126869727671147,0.1159213563427329,0.1267677504569292,0.0027504680646121124,0.7903551464229822,0.03721976652741432,0.08404893074929715,48.472,0.47420408163265315,10.3495,34.221,0.052194300000000006,0.0,1.907,89.66666666666667,0.9116238436996936,0.8894407526254654,0.8744040771722793,0.288,-0.0916740618944168,-0.09947562813758849,-0.08377323802560568,0.00406392940357664,0.6839999999999999,,,1,False,True,0,0.004555389128625393,0.00030531913071172386,0.00887237435672432,0.0022161333601820846,0.482,,,1,False,True,0
A,posterior_mean_shrunk,cell,B,100,tail_b2.0_mu1.0_c1.0_T100_cap64,tail_b2.0_mu1.0_c1.0,64,10364000,phi_k16_noT200,learned,1,1,2000,1,True,True,0.11414289016276598,0.10899346265941859,0.1192619239911437,0.0026003608001905106,0.7974809535369277,0.05019839245080948,0.0639444977119565,38.636,0.37383673469387757,12.652,23.6525,0.06814100000000002,0.0,0.064,93.38775510204081,0.9116238436996936,0.8894407526254654,0.8614254512488843,0.0245,-0.0987998690083623,-0.10631309039890766,-0.09144053719937802,0.0038714937578683334,0.7060000000000001,,,1,False,True,0,-0.0025704179853200913,-0.006143237731885164,0.0009219751213095135,0.0017982201031556601,0.4985,,,1,False,True,0
A,posterior_mean_shrunk,cell,B,100,tail_b2.0_mu1.0_c1.0_T100_cap64,tail_b2.0_mu1.0_c1.0,64,10364000,phi_k16_noambig,learned,1,1,2000,1,True,True,0.11589680597931147,0.11058931481093168,0.12135256920009851,0.002706343292623746,0.7957270377203822,0.03699010589718819,0.07890670008212328,47.919,0.468561224489796,10.4595,33.265,0.05206619999999999,0.0,1.323,89.856,0.9116238436996936,0.8894407526254654,0.8746337378025055,0.25,-0.0970459531918168,-0.10498065911233424,-0.08922709412872791,0.004090846375776253,0.6977500000000001,,,1,False,True,0,-0.0008165021687746048,-0.005337503983173519,0.003699333308031782,0.0023229047676570237,0.49750000000000005,,,1,False,True,0
A,posterior_mean_shrunk,cell,B,100,tail_b2.0_mu1.0_c1.0_T100_cap64,tail_b2.0_mu1.0_c1.0,64,10364000,phi_k16_nopolicy,learned,1,1,2000,1,True,True,0.117177904099226,0.11200632322579622,0.12240348923951387,0.0026534704421021945,0.7944459396004677,0.06242056959867477,0.05475733450055122,32.437,0.31058163265306127,13.6995,14.5585,0.07609139999999999,0.0,0.0,,0.9116238436996936,0.8894407526254654,0.8492032741010189,0.0,-0.09576485507190227,-0.10327876638621092,-0.08852879647165537,0.003806809920350845,0.70075,,,1,False,True,0,0.0004645959511399269,-0.0021521604910958556,0.003022154478821903,0.0013054232907328135,0.49725,,,1,False,True,0
A,posterior_mean_shrunk,cell,B,100,tail_b2.0_mu1.0_c1.0_T100_cap64,tail_b2.0_mu1.0_c1.0,64,10364000,phi_k16_notrunc,learned,1,1,2000,1,True,True,0.11175677213072777,0.10672672633081674,0.11682594362646341,0.0025670124371652185,0.7998670715689659,0.05548619362711906,0.056270578503608705,36.184,0.3488163265306123,13.1165,20.3475,0.0697639,0.0,0.0,,0.9116238436996936,0.8894407526254654,0.8561376500725746,0.0,-0.10118598704040051,-0.10863602608442306,-0.09371158983558417,0.0038727319633251865,0.71375,,,1,False,True,0,-0.004956536017358303,-0.007844894123263654,-0.002098962047602983,0.0014576067298000667,0.51075,,,1,False,True,0
A,posterior_mean_shrunk,cell,B,100,tail_b2.0_mu1.0_c1.0_T100_cap64,tail_b2.0_mu1.0_c1.0,64,10364000,phi_k16_onpolicy_only,learned,1,1,2000,1,True,True,0.11405456137657166,0.10892370659857989,0.1194958733394742,0.0026833179416292726,0.7975692823231221,0.0336233722269535,0.08043118914961815,51.555,0.5056632653061224,9.695,36.152,0.044643,0.0,0.656,88.14222222222222,0.9116238436996936,0.8894407526254654,0.8780004714727402,0.225,-0.09888819779455661,-0.10685895718634128,-0.09082814138382674,0.0041097645976984265,0.7037500000000001,,,1,False,True,0,-0.0026587467715144157,-0.007523847988341004,0.002171406941488385,0.002491557141020413,0.50325,,,1,False,True,0
A,posterior_mean_shrunk,cell,B,100,tail_b2.0_mu1.0_c1.0_T100_cap64,tail_b2.0_mu1.0_c1.0,64,10364000,phi_k16_onpolicy_union,learned,1,1,2000,1,True,True,0.11220587496459485,0.10708636604249477,0.11734221875667572,0.0025811949880474635,0.7994179687350988,0.05276218432188034,0.0594436906427145,36.737,0.35445918367346946,13.2425,21.6125,0.07234550000000001,0.0,0.061,94.6938775510204,0.9116238436996936,0.8894407526254654,0.8588616593778133,0.0245,-0.10073688420653343,-0.10821204371750354,-0.09337781593203545,0.003853142599671803,0.709,,,1,False,True,0,-0.00450743318349123,-0.008000256610102952,-0.0010782893514260656,0.0017746840950113067,0.508,,,1,False,True,0
A,posterior_mean_shrunk,cell,B,100,tail_b2.0_mu1.0_c1.0_T100_cap64,tail_b2.0_mu1.0_c1.0,64,10364000,phi_k16_perstep,learned,1,1,2000,1,True,True,0.1184989350810647,0.11322097312659025,0.12373432386666536,0.002687212171487581,0.7931249086186289,0.06479303851723671,0.053705896563827994,30.2465,0.2882295918367347,15.34,13.5965,0.0890643,0.0,0.0155,87.0,0.9116238436996936,0.8894407526254654,0.846830805182457,0.0035,-0.09444382409006358,-0.10195651501417159,-0.08720578532665968,0.003843829992963876,0.69225,,,1,False,True,0,0.0017856269329786301,-0.0025401819497346875,0.006029891502112149,0.0021676248050640076,0.49275,,,1,False,True,0
A,posterior_mean_shrunk,cell,B,100,tail_b2.0_mu1.0_c1.0_T100_cap64,tail_b2.0_mu1.0_c1.0,64,10364000,phi_k16_quality,learned,1,1,2000,1,True,True,0.11695256408303976,0.11188334450125695,0.1221399052068591,0.002617548456567961,0.794671279616654,0.06427646273374557,0.05267610134929419,30.511,0.2909285714285714,14.836,13.184,0.08598900000000001,0.0025,0.005,96.0,0.9116238436996936,0.8894407526254654,0.8473473809659481,0.002,-0.09599019508808851,-0.1034391488879919,-0.08879178036004305,0.003795185818659738,0.6950000000000001,,,1,False,True,0,0.00023925593495368957,-0.003102531161857769,0.00343728075386025,0.0016612697538423927,0.49024999999999996,,,1,False,True,0
A,posterior_mean_shrunk,cell,B,100,tail_b2.0_mu1.0_c1.0_T100_cap64,tail_b2.0_mu1.0_c1.0,64,10364000,phi_k16_tau05,learned,1,1,2000,1,True,True,0.11647364237159491,0.11132935862988233,0.12164697013795375,0.0026364971724277654,0.7951502013280988,0.05957978489995003,0.056893857471644875,33.444,0.3208571428571429,13.8095,16.74,0.07716850000000001,0.0,0.002,96.0,0.9116238436996936,0.8894407526254654,0.8520440587997437,0.001,-0.09646911679953336,-0.10388217605650425,-0.08919208385050297,0.0038416588292460815,0.69725,,,1,False,True,0,-0.00023966577649116517,-0.003341832454316318,0.0027361577609553924,0.0015580447345311967,0.49350000000000005,,,1,False,True,0
A,posterior_mean_shrunk,cell,B,100,tail_b2.0_mu1.0_c1.0_T100_cap64,tail_b2.0_mu1.0_c1.0,64,10364000,phi_k16_weighted,learned,1,1,2000,1,True,True,0.11706718926131725,0.11172792967408895,0.12238680366426706,0.002688057631997992,0.7945566544383764,0.04546362727880478,0.07160356198251247,40.988,0.3978367346938776,12.1535,26.23,0.06473349999999999,0.0,0.085,96.0,0.9116238436996936,0.8894407526254654,0.8661602164208889,0.029,-0.09587556990981103,-0.10347834303975105,-0.088454126752913,0.0038882038585323518,0.6995,,,1,False,True,0,0.0003538811132311821,-0.003137945261551067,0.0038301681168377384,0.0017747754644718346,0.496,,,1,False,True,0
A,posterior_mean_shrunk,cell,B,100,tail_b2.0_mu1.0_c1.0_T100_cap64,tail_b2.0_mu1.0_c1.0,64,10364000,phi_k4,learned,1,1,2000,1,True,True,0.1058580230101943,0.10092167425900697,0.11102204248309135,0.00255573625577237,0.8057658206894994,0.04152505686879158,0.06433296614140273,43.212,0.42053061224489796,11.699,28.9205,0.059203900000000004,0.0,0.038,92.44444444444444,0.9116238436996936,0.8894407526254654,0.8700987868309021,0.009,-0.10708473616093397,-0.11479719597846269,-0.09933560602366924,0.004010759239844277,0.723,,,1,False,True,0,-0.01085528513789177,-0.015163322491571306,-0.006459481921046973,0.002239522001325554,0.5257499999999999,,,1,False,True,0
A,posterior_mean_shrunk,cell,B,100,tail_b2.0_mu1.0_c1.0_T100_cap64,tail_b2.0_mu1.0_c1.0,64,10364000,phi_reservoir_rule,learned,1,1,2000,1,True,True,0.11530394105613231,0.11020366791635752,0.12057676743716002,0.0026533955646463937,0.7963199026435613,0.03828601521253586,0.07701792584359646,50.004,0.4898367346938774,9.402,33.4025,0.0423366,0.0,0.11,83.63636363636364,0.9116238436996936,0.8894407526254654,0.8733378284871578,0.055,-0.09763881811499596,-0.1057161282747984,-0.08959202095866203,0.004121850691262688,0.6945,,,1,False,True,0,-0.0014093670919537544,-0.006385197327472269,0.003545251343166455,0.002530937139172577,0.498,,,1,False,True,0
A,posterior_mean_shrunk,cell,B,100,tail_b2.0_mu1.0_c1.0_T100_cap64,tail_b2.0_mu1.0_c1.0,64,10364000,phi_sf_k16,learned,1,1,2000,1,True,True,0.11002768152952194,0.10503591150045395,0.11524944882839919,0.002601912144366833,0.8015961621701717,0.04040507236123085,0.06962260916829109,45.245,0.4412755102040816,10.9115,30.35,0.054236900000000005,0.0,0.139,92.672,0.9116238436996936,0.8894407526254654,0.8712187713384628,0.0625,-0.10291507764160633,-0.11071115508675575,-0.09526650086045266,0.004012864749800569,0.714,,,1,False,True,0,-0.006685626618564129,-0.011022074287757278,-0.0023203375749289994,0.0022350290932593286,0.5125,,,1,False,True,0
A,posterior_mean_shrunk,cell,B,100,tail_b2.0_mu1.0_c1.0_T100_cap64,tail_b2.0_mu1.0_c1.0,64,10364000,phi_sf_k16_noT1000,learned,1,1,2000,1,True,True,0.11589143683761358,0.11077472269535064,0.12108183521777391,0.002632553781542729,0.7957324068620801,0.05856460291147232,0.05732683392614126,33.842,0.3249183673469388,13.706,17.2155,0.0764063,0.0,0.006,93.33333333333333,0.9116238436996936,0.8894407526254654,0.8530592407882214,0.003,-0.09705132233351468,-0.10442247651517392,-0.08965683076530695,0.0038445272299854534,0.6992499999999999,,,1,False,True,0,-0.0008218713104724884,-0.0038919576094485816,0.0021979939599987112,0.0015445758598792475,0.497,,,1,False,True,0
A,posterior_mean_shrunk,cell,B,100,tail_b2.0_mu1.0_c1.0_T100_cap64,tail_b2.0_mu1.0_c1.0,64,10364000,power_a0.25,baseline,1,1,2000,1,True,True,0.11520245034247636,0.11007869616150856,0.12054844666272402,0.002634109595236003,0.7964213933572173,0.051457762658596036,0.06374468768388034,39.0,0.37755102040816324,11.827,22.5665,0.06052360000000001,0.0,,,0.9116238436996936,0.8894407526254654,0.8601660810410976,0.0,-0.09774030882865191,-0.10542227383702993,-0.09000234976410866,0.0039254149290479275,0.70225,,,1,False,True,0,-0.001510857805609703,-0.004583453165832906,0.0015013510274002313,0.0015308465499833488,0.49950000000000006,,,1,False,True,0
A,posterior_mean_shrunk,cell,B,100,tail_b2.0_mu1.0_c1.0_T100_cap64,tail_b2.0_mu1.0_c1.0,64,10364000,power_a0.33,baseline,1,1,2000,1,True,True,0.11671330814808607,0.11153351757675409,0.12208737842738628,0.002651018934643646,0.7949105355516076,0.057314219415187835,0.05939908873289824,36.0,0.34693877551020413,12.322,18.4525,0.06483760000000001,0.0,,,0.9116238436996936,0.8894407526254654,0.8543096242845059,0.0,-0.0962294510230422,-0.10371509417891503,-0.08879477661103011,0.0038633168620582376,0.70275,,,1,False,True,0,0.0,0.0,0.0,0.0,0.5,,,1,False,True,0
A,posterior_mean_shrunk,cell,B,100,tail_b2.0_mu1.0_c1.0_T100_cap64,tail_b2.0_mu1.0_c1.0,64,10364000,power_a0.5,baseline,1,1,2000,1,True,True,0.11777360022813081,0.11258198600262403,0.12307436820119619,0.0026682682720415183,0.7938502434715629,0.0535018427670002,0.06427175746113062,38.0,0.3673469387755102,11.5715,20.6485,0.0598028,0.0,,,0.9116238436996936,0.8894407526254654,0.8581220009326935,0.0,-0.09516915894299746,-0.10276484861969948,-0.08777704015374184,0.0038991335655976,0.6932499999999999,,,1,False,True,0,0.0010602920800447464,-0.001323474521632306,0.00338193638017401,0.0011909581618856544,0.49225,,,1,False,True,0
A,posterior_mean_shrunk,cell,B,100,tail_b2.0_mu1.0_c1.0_T100_cap64,tail_b2.0_mu1.0_c1.0,64,10364000,power_a0.67,baseline,1,1,2000,1,True,True,0.12266757203638554,0.11746353283524513,0.1279067002236843,0.002702867734168102,0.7889562716633082,0.057314219415187835,0.0653533526211977,36.0,0.34693877551020413,11.247,16.455,0.0587851,0.0,,,0.9116238436996936,0.8894407526254654,0.8543096242845059,0.0,-0.09027518713474274,-0.09787959195673465,-0.08280639555305243,0.0039014042736465106,0.6842499999999999,,,1,False,True,0,0.005954263888299465,0.0034911947557702667,0.008391779428347946,0.0012544696755196316,0.48075,,,1,False,True,0
A,posterior_mean_shrunk,cell,B,100,tail_b2.0_mu1.0_c1.0_T100_cap64,tail_b2.0_mu1.0_c1.0,64,10364000,refine_after_init,baseline,1,1,2000,1,True,True,0.22769710623845457,0.2206228043884039,0.2348327413201332,0.0036517288302284584,0.6839267374612391,0.20953185894340276,0.018165247295051812,8.0,0.06122448979591836,29.5975,0.0515,0.2277011,0.315,,,0.9116238436996936,0.8894407526254654,0.7020919847562909,0.0,0.014754347067326307,0.011194649105891586,0.0184127670712769,0.0018162700711156063,0.474,,,1,False,True,0,0.11098379809036851,0.10316447652876377,0.11869446411728858,0.004028544596019889,0.27349999999999997,,,1,False,True,0
A,posterior_mean_shrunk,cell,B,100,tail_b2.0_mu1.0_c1.0_T100_cap64,tail_b2.0_mu1.0_c1.0,64,10364000,rule_reservoir,rule,1,1,2000,1,True,True,0.14861346735060216,0.14264389872550964,0.15448607504367828,0.0030368880148201535,0.7630103763490915,0.08307464435696602,0.06553882299363613,37.6775,0.36405612244897956,14.4605,21.8555,0.08679300000000001,0.157,0.436,64.0,0.9116238436996936,0.8894407526254654,0.8285491993427276,0.2915,-0.06432929182052613,-0.07161346301436423,-0.05718008670955897,0.003724526917922695,0.6395,,,1,False,True,0,0.03190015920251608,0.02555422936566174,0.038071010913699854,0.003160600642892965,0.42474999999999996,,,1,False,True,0
A,posterior_mean_shrunk,cell,B,100,tail_b2.0_mu1.0_c1.0_T100_cap64,tail_b2.0_mu1.0_c1.0,64,10364000,uniform,baseline,1,1,2000,1,True,True,0.13592664071917535,0.13016368001699447,0.14178217500448226,0.002906895438061671,0.7756972029805184,0.03613417434692383,0.0997924663722515,51.095,0.500969387755102,7.6075,31.982,0.035978899999999994,0.0025,,98.0,0.9116238436996936,0.8894407526254654,0.8754896693527698,0.0065,-0.07701611845195293,-0.08535100221633911,-0.06894578617066145,0.004208225429222091,0.6445000000000001,,,1,False,True,0,0.01921333257108927,0.013942751777358355,0.024502767529338595,0.002711560103278296,0.44725000000000004,,,1,False,True,0
A,posterior_mean_shrunk,cell,B,200,tail_b2.0_mu1.0_c1.0_T200_cap64,tail_b2.0_mu1.0_c1.0,64,10367000,always_search,baseline,1,1,2000,1,True,True,0.09076658624410629,0.08657250348478555,0.09504348561167716,0.0021680188402454378,0.8465261346101761,0.04823835361003876,0.042528232634067534,64.0,0.31313131313131315,22.4255,34.5575,0.050934275,0.0,,64.0,0.9372927208542824,0.8890543672442436,0.8890543672442436,1.0,-0.09052520124614238,-0.09666970409452914,-0.08437321092933417,0.003149565259265684,0.736,,,1,False,True,0,0.0,0.0,0.0,0.0,0.5,,,1,False,True,0
A,posterior_mean_shrunk,cell,B,200,tail_b2.0_mu1.0_c1.0_T200_cap64,tail_b2.0_mu1.0_c1.0,64,10367000,cp0,reference,1,1,2000,1,True,True,0.18129178749024868,0.1755764175206423,0.18723373003304006,0.0029362412559479426,0.7560009333640337,0.16602774333953857,0.015264044150710105,13.929,0.06024747474747472,47.7175,0.039,0.164786775,1.707,,,0.9372927208542824,0.8890543672442436,0.7712649775147438,0.0,0.0,0.0,0.0,0.0,0.5,,,1,False,True,0,0.09052520124614238,0.08437321092933417,0.09666970409452914,0.003149565259265684,0.264,,,1,False,True,0
A,posterior_mean_shrunk,cell,B,200,tail_b2.0_mu1.0_c1.0_T200_cap64,tail_b2.0_mu1.0_c1.0,64,10367000,fixed_K16,baseline,1,1,2000,1,True,True,0.16711716187000275,0.16178013049066067,0.17252469733357428,0.002789277579249301,0.7701755589842796,0.15256600718200206,0.01455115468800068,16.0,0.07070707070707072,51.946,0.1195,0.177865025,0.995,,,0.9372927208542824,0.8890543672442436,0.7847267136722803,0.0,-0.014174625620245934,-0.016807766910642383,-0.011631845356896521,0.0013345342858051639,0.542,,,1,False,True,0,0.07635057562589645,0.07052277550101281,0.08225710727274417,0.0030102402384323355,0.28975,,,1,False,True,0
A,posterior_mean_shrunk,cell,B,200,tail_b2.0_mu1.0_c1.0_T200_cap64,tail_b2.0_mu1.0_c1.0,64,10367000,p3_star,reference,1,1,2000,1,True,True,0.09076658624410629,0.08657250348478555,0.09504348561167716,0.0021680188402454378,0.8465261346101761,0.04823835361003876,0.042528232634067534,64.0,0.31313131313131315,22.4255,34.5575,0.050934275,0.0,,70.0,0.9372927208542824,0.8890543672442436,0.8890543672442436,1.0,-0.09052520124614238,-0.09666970409452914,-0.08437321092933417,0.003149565259265684,0.736,,,1,False,True,0,0.0,0.0,0.0,0.0,0.5,,,1,False,True,0
A,posterior_mean_shrunk,cell,B,200,tail_b2.0_mu1.0_c1.0_T200_cap64,tail_b2.0_mu1.0_c1.0,64,10367000,phi_k1,learned,1,1,2000,1,True,True,0.09076658624410629,0.08657250348478555,0.09504348561167716,0.0021680188402454378,0.8465261346101761,0.04823835361003876,0.042528232634067534,64.0,0.31313131313131315,22.4255,34.5575,0.050934275,0.0,119.3575,67.524,0.9372927208542824,0.8890543672442436,0.8890543672442436,1.0,-0.09052520124614238,-0.09666970409452914,-0.08437321092933417,0.003149565259265684,0.736,,,1,False,True,0,0.0,0.0,0.0,0.0,0.5,,,1,False,True,0
A,posterior_mean_shrunk,cell,B,200,tail_b2.0_mu1.0_c1.0_T200_cap64,tail_b2.0_mu1.0_c1.0,64,10367000,phi_k16,learned,1,1,2000,1,True,True,0.09652256888151169,0.09223331771790981,0.10092153307050467,0.002215027652453077,0.8407701519727707,0.05729090613126755,0.03923166275024414,52.363,0.25435858585858584,26.109,20.216,0.0651457,0.04,6.622,118.7573812580231,0.9372927208542824,0.8890543672442436,0.8800018147230149,0.3895,-0.084769218608737,-0.09084494356065988,-0.07876603696495295,0.0030778479862927947,0.72225,,,1,False,True,0,0.005755982637405396,0.003233233036007733,0.008435722603462634,0.0013442966152707712,0.47824999999999995,,,1,False,True,0
A,posterior_mean_shrunk,cell,B,200,tail_b2.0_mu1.0_c1.0_T200_cap64,tail_b2.0_mu1.0_c1.0,64,10367000,phi_k16_all71,learned,1,1,2000,1,True,True,0.09408443796634675,0.08985790368169547,0.09840730968862772,0.0021760516035822536,0.8432082828879356,0.054331969171762466,0.03975246879458427,55.984,0.2726464646464646,24.9035,25.0195,0.06053449999999999,0.026,9.38,118.25563909774436,0.9372927208542824,0.8890543672442436,0.8829607516825199,0.532,-0.08720734952390194,-0.0932445365935564,-0.0811367267742753,0.0031003573818414246,0.7245,,,1,False,True,0,0.003317851722240448,0.001249760700738989,0.005406977061647921,0.0010663899439143213,0.4855,,,1,False,True,0
A,posterior_mean_shrunk,cell,B,200,tail_b2.0_mu1.0_c1.0_T200_cap64,tail_b2.0_mu1.0_c1.0,64,10367000,phi_k16_clock,learned,1,1,2000,1,True,True,0.09852108737826347,0.0941976109519601,0.10300459749996663,0.002207848831154824,0.8387716334760189,0.0622937006354332,0.03622738674283028,50.0,0.24242424242424232,25.5435,15.0045,0.062373875,0.034,0.0,,0.9372927208542824,0.8890543672442436,0.8749990202188492,0.0,-0.0827707001119852,-0.08876558672636747,-0.07674498036503792,0.0030393834852749874,0.7142499999999999,,,1,False,True,0,0.007754501134157181,0.004388431471306831,0.01113055332098156,0.001703287622896693,0.47350000000000003,,,1,False,True,0
A,posterior_mean_shrunk,cell,B,200,tail_b2.0_mu1.0_c1.0_T200_cap64,tail_b2.0_mu1.0_c1.0,64,10367000,phi_k16_cs,learned,1,1,2000,1,True,True,0.09660675778985023,0.09230499472469092,0.10101798996329307,0.002216183608316624,0.8406859630644321,0.05738093230128288,0.03922582548856735,52.295,0.2540151515151515,26.112,20.1245,0.06515860000000001,0.04,6.578,119.24645161290323,0.9372927208542824,0.8890543672442436,0.8799117885529995,0.3875,-0.08468502970039844,-0.09075320065021515,-0.07865821495652199,0.0030837187518766283,0.72075,,,1,False,True,0,0.005840171545743942,0.0033035712083801633,0.0084984339075163,0.0013404772264666704,0.47775,,,1,False,True,0
A,posterior_mean_shrunk,cell,B,200,tail_b2.0_mu1.0_c1.0_T200_cap64,tail_b2.0_mu1.0_c1.0,64,10367000,phi_k16_famA_only,learned,1,1,2000,1,True,True,0.10339381770789623,0.09920313954353333,0.10779092516750097,0.002175671612110271,0.8338989031463862,0.07287612891197205,0.030517688795924185,40.779,0.19585353535353536,29.6315,5.8885,0.077854775,0.25,0.021,118.85714285714286,0.9372927208542824,0.8890543672442436,0.8644165919423104,0.0105,-0.07789796978235244,-0.08372484985738993,-0.07216951344162226,0.0029599279103916447,0.7015,,,1,False,True,0,0.01262723146378994,0.008790002553723754,0.016453536227345467,0.0019720030267543786,0.4545,,,1,False,True,0
A,posterior_mean_shrunk,cell,B,200,tail_b2.0_mu1.0_c1.0_T200_cap64,tail_b2.0_mu1.0_c1.0,64,10367000,phi_k16_famB_only,learned,1,1,2000,1,True,True,0.09631712855398655,0.09204214308410882,0.10072149988263845,0.0022030029046740895,0.8409755923002958,0.057748058676719664,0.03856906987726688,52.208,0.25357575757575757,26.179,20.198,0.06553797499999998,0.0325,10.27,123.53186558516802,0.9372927208542824,0.8890543672442436,0.8795446621775627,0.4315,-0.08497465893626213,-0.0910252496600151,-0.07902079466730356,0.0030625756949165094,0.7244999999999999,,,1,False,True,0,0.005550542309880256,0.0029476899420842555,0.008302872790955006,0.0013721885556744477,0.48050000000000004,,,1,False,True,0
A,posterior_mean_shrunk,cell,B,200,tail_b2.0_mu1.0_c1.0_T200_cap64,tail_b2.0_mu1.0_c1.0,64,10367000,phi_k16_guard,learned,1,1,2000,1,True,True,0.0995770993679762,0.09518210105597973,0.10409711170941591,0.00224119950736531,0.8377156214863062,0.06328414106369018,0.036292958304286006,46.9125,0.22683080808080805,27.051,11.654,0.068453175,0.086,0.0,,0.9372927208542824,0.8890543672442436,0.8740085797905922,0.0,-0.08171468812227249,-0.08776102494448423,-0.07570374589413405,0.003070314627290536,0.71225,,,1,False,True,0,0.008810513123869896,0.005378271569497884,0.012317225732840597,0.0017640934677959814,0.46924999999999994,,,1,False,True,0
A,posterior_mean_shrunk,cell,B,200,tail_b2.0_mu1.0_c1.0_T200_cap64,tail_b2.0_mu1.0_c1.0,64,10367000,phi_k16_hgb,learned,1,1,2000,1,True,True,0.0927972495853901,0.08860412277281285,0.09716554321348667,0.0021762195739477587,0.8444954712688922,0.049156552761793135,0.043640696823596954,62.684,0.30648484848484847,22.5475,32.729,0.05230545,0.005,25.265,156.52691867124858,0.9372927208542824,0.8890543672442436,0.8881361680924893,0.873,-0.08849453790485859,-0.09458274226635695,-0.08238030131906271,0.0031115526500130044,0.73225,,,1,False,True,0,0.0020306633412837984,0.00021939027210464703,0.0037696994899306443,0.0009024381802416074,0.4915,,,1,False,True,0
A,posterior_mean_shrunk,cell,B,200,tail_b2.0_mu1.0_c1.0_T200_cap64,tail_b2.0_mu1.0_c1.0,64,10367000,phi_k16_lucb,learned,1,1,2000,1,True,True,0.09474996043741703,0.09054243825376034,0.09906083550304175,0.00216031913535878,0.8425427604168654,0.057222863465547565,0.03752709697186947,52.524,0.25517171717171716,26.408,20.5635,0.06677132499999999,0.072,12.112,114.72921108742004,0.9372927208542824,0.8890543672442436,0.8800698573887348,0.469,-0.08654182705283164,-0.09257107079029084,-0.08060813453048468,0.003064172276715187,0.7252500000000001,,,1,False,True,0,0.003983374193310738,0.0015271161595592278,0.00655716749606654,0.0012806763696125174,0.48250000000000004,,,1,False,True,0
A,posterior_mean_shrunk,cell,B,200,tail_b2.0_mu1.0_c1.0_T200_cap64,tail_b2.0_mu1.0_c1.0,64,10367000,phi_k16_noT1000,learned,1,1,2000,1,True,True,0.09096221286058426,0.08679298926144838,0.09527123719453812,0.002155254394606031,0.8463305079936981,0.04986273619532585,0.04109947666525841,61.147,0.2987222222222222,23.442,32.0595,0.0551607,0.0,43.416,107.64853556485356,0.9372927208542824,0.8890543672442436,0.8874299846589565,0.8365,-0.09032957462966443,-0.09634593725204467,-0.08424512036144734,0.003102198081086719,0.73425,,,1,False,True,0,0.00019562661647796632,-0.0011093275097664446,0.0014967095630709078,0.0006662402261810733,0.4985,,,1,False,True,0
A,posterior_mean_shrunk,cell,B,200,tail_b2.0_mu1.0_c1.0_T200_cap64,tail_b2.0_mu1.0_c1.0,64,10367000,phi_k16_noT200,learned,1,1,2000,1,True,True,0.09191902102530003,0.0876683633774519,0.0962096432223916,0.002163074049895633,0.8453736998289824,0.05034832748770714,0.041570693537592886,60.633,0.29612626262626257,23.5445,31.2285,0.055332575,0.0035,30.398,103.03362391033625,0.9372927208542824,0.8890543672442436,0.8869443933665753,0.803,-0.08937276646494866,-0.09547746516764163,-0.08325299024581909,0.003107946649067481,0.73175,,,1,False,True,0,0.0011524347811937333,-0.00020627915655495598,0.0025409811059944323,0.0007057276639296058,0.495,,,1,False,True,0
A,posterior_mean_shrunk,cell,B,200,tail_b2.0_mu1.0_c1.0_T200_cap64,tail_b2.0_mu1.0_c1.0,64,10367000,phi_k16_noambig,learned,1,1,2000,1,True,True,0.09022568416595458,0.08602404221892357,0.09449438974261284,0.0021539751444339143,0.8470670366883278,0.0491899263560772,0.04103575780987739,62.277,0.30442929292929294,23.057,33.1435,0.053446,0.0,47.211,99.50782997762863,0.9372927208542824,0.8890543672442436,0.8881027944982052,0.894,-0.09106610332429409,-0.09712755214422941,-0.08496433161199093,0.003114181472464987,0.7375,,,1,False,True,0,-0.0005409020781517029,-0.001649047137470916,0.0005785036089946514,0.0005658124942849862,0.5025,,,1,False,True,0
A,posterior_mean_shrunk,cell,B,200,tail_b2.0_mu1.0_c1.0_T200_cap64,tail_b2.0_mu1.0_c1.0,64,10367000,phi_k16_nopolicy,learned,1,1,2000,1,True,True,0.09525122417509556,0.09104178640991449,0.09963818788528442,0.002193866448414976,0.8420414966791868,0.05613825985789299,0.03911296431720257,53.995,0.26260101010101006,25.413,21.8675,0.06241045,0.019,2.121,121.52835820895523,0.9372927208542824,0.8890543672442436,0.8811544609963894,0.335,-0.08604056331515313,-0.0920699618756771,-0.0800096521154046,0.0030657301995678315,0.72675,,,1,False,True,0,0.004484637930989265,0.0018693743069889042,0.007129100221209228,0.00134071920036346,0.48350000000000004,,,1,False,True,0
A,posterior_mean_shrunk,cell,B,200,tail_b2.0_mu1.0_c1.0_T200_cap64,tail_b2.0_mu1.0_c1.0,64,10367000,phi_k16_notrunc,learned,1,1,2000,1,True,True,0.09049333608150482,0.08627025075256825,0.09478167239576578,0.0021623005763778077,0.8467993847727776,0.04928415161371231,0.04120918446779251,61.667,0.30134848484848487,23.3335,32.5235,0.054372175,0.0,14.589,88.20611144397843,0.9372927208542824,0.8890543672442436,0.88800856924057,0.8345,-0.09079845140874386,-0.09697993788868188,-0.08471478018909694,0.0031297574351961542,0.7375,,,1,False,True,0,-0.00027325016260147097,-0.0012113830627640708,0.0006482822485850191,0.0004784064369977731,0.50125,,,1,False,True,0
A,posterior_mean_shrunk,cell,B,200,tail_b2.0_mu1.0_c1.0_T200_cap64,tail_b2.0_mu1.0_c1.0,64,10367000,phi_k16_onpolicy_only,learned,1,1,2000,1,True,True,0.0907911088168621,0.08658678457140923,0.09506589863449334,0.002166960152295164,0.8465016120374202,0.04823835361003876,0.04255275520682335,63.989,0.3130757575757576,22.427,34.5775,0.050957475,0.0,120.267,65.92192192192192,0.9372927208542824,0.8890543672442436,0.8890543672442436,0.999,-0.09050067867338657,-0.09663901664316654,-0.08435842767357826,0.0031476223319173674,0.7362500000000001,,,1,False,True,0,2.45225727558136e-05,-8.461563702439888e-05,0.00014554346562363206,5.866943308371162e-05,0.5005,,,1,False,True,0
A,posterior_mean_shrunk,cell,B,200,tail_b2.0_mu1.0_c1.0_T200_cap64,tail_b2.0_mu1.0_c1.0,64,10367000,phi_k16_onpolicy_union,learned,1,1,2000,1,True,True,0.09124053359031677,0.08706142380833626,0.09550126176327467,0.002151426639645303,0.8460521872639656,0.05168587559461594,0.039554657995700834,58.546,0.28558585858585855,24.301,28.8925,0.058376475,0.0,25.129,105.27817403708987,0.9372927208542824,0.8890543672442436,0.8856068452596665,0.701,-0.0900512538999319,-0.09612024631351232,-0.0839675197377801,0.0031045433548545776,0.73275,,,1,False,True,0,0.0004739473462104797,-0.0010798078234074636,0.0020442984241526552,0.0007989376319704997,0.4955,,,1,False,True,0
A,posterior_mean_shrunk,cell,B,200,tail_b2.0_mu1.0_c1.0_T200_cap64,tail_b2.0_mu1.0_c1.0,64,10367000,phi_k16_perstep,learned,1,1,2000,1,True,True,0.09604032485187054,0.09174795281141997,0.10038193091750144,0.002216180635009934,0.8412523960024119,0.057642451584339144,0.03839787326753139,50.8745,0.2468409090909091,27.259,19.023,0.06984695,0.0365,8.286,110.5580693815988,0.9372927208542824,0.8890543672442436,0.8796502692699433,0.3315,-0.08525146263837814,-0.09130036886781454,-0.07928058169782162,0.0031003993415989056,0.71575,,,1,False,True,0,0.005273738607764244,0.0027264505450148137,0.007914129411801696,0.0013400137499044549,0.481,,,1,False,True,0
A,posterior_mean_shrunk,cell,B,200,tail_b2.0_mu1.0_c1.0_T200_cap64,tail_b2.0_mu1.0_c1.0,64,10367000,phi_k16_quality,learned,1,1,2000,1,True,True,0.09634954850375653,0.09212317168712617,0.10068823602050543,0.0021831969880780305,0.8409431723505258,0.060109755873680115,0.03623979263007641,49.01,0.23742424242424243,27.7255,16.3745,0.0716928,0.184,9.231,106.44628099173553,0.9372927208542824,0.8890543672442436,0.8771829649806022,0.363,-0.08494223898649216,-0.09099763482809067,-0.07898793797940017,0.003059826346015408,0.7235,,,1,False,True,0,0.0055829622596502305,0.0027496343245729813,0.008443778473883867,0.0014696241833682892,0.47875,,,1,False,True,0
A,posterior_mean_shrunk,cell,B,200,tail_b2.0_mu1.0_c1.0_T200_cap64,tail_b2.0_mu1.0_c1.0,64,10367000,phi_k16_tau05,learned,1,1,2000,1,True,True,0.09652256888151169,0.09223331771790981,0.10092153307050467,0.002215027652453077,0.8407701519727707,0.05729090613126755,0.03923166275024414,52.363,0.25435858585858584,26.109,20.216,0.0651457,0.04,6.622,118.7573812580231,0.9372927208542824,0.8890543672442436,0.8800018147230149,0.3895,-0.084769218608737,-0.09084494356065988,-0.07876603696495295,0.0030778479862927947,0.72225,,,1,False,True,0,0.005755982637405396,0.003233233036007733,0.008435722603462634,0.0013442966152707712,0.47824999999999995,,,1,False,True,0
A,posterior_mean_shrunk,cell,B,200,tail_b2.0_mu1.0_c1.0_T200_cap64,tail_b2.0_mu1.0_c1.0,64,10367000,phi_k16_weighted,learned,1,1,2000,1,True,True,0.09670113429427146,0.09250712022185326,0.10100585669279098,0.002172336155083848,0.8405915865600109,0.055863816440105435,0.04083731785416603,53.373,0.25945959595959595,25.7175,20.848,0.06456412499999999,0.051,8.826,151.75275938189844,0.9372927208542824,0.8890543672442436,0.881428904414177,0.453,-0.08459065319597721,-0.09058161545544863,-0.07875006850808859,0.003035921122238308,0.71925,,,1,False,True,0,0.005934548050165176,0.0031274479464627803,0.008766989619471132,0.0014307513351937942,0.47825,,,1,False,True,0
A,posterior_mean_shrunk,cell,B,200,tail_b2.0_mu1.0_c1.0_T200_cap64,tail_b2.0_mu1.0_c1.0,64,10367000,phi_k4,learned,1,1,2000,1,True,True,0.09076658624410629,0.08657250348478555,0.09504348561167716,0.0021680188402454378,0.8465261346101761,0.04823835361003876,0.042528232634067534,64.0,0.31313131313131315,22.4255,34.5575,0.050934275,0.0,100.069,75.176,0.9372927208542824,0.8890543672442436,0.8890543672442436,1.0,-0.09052520124614238,-0.09666970409452914,-0.08437321092933417,0.003149565259265684,0.736,,,1,False,True,0,0.0,0.0,0.0,0.0,0.5,,,1,False,True,0
A,posterior_mean_shrunk,cell,B,200,tail_b2.0_mu1.0_c1.0_T200_cap64,tail_b2.0_mu1.0_c1.0,64,10367000,phi_reservoir_rule,learned,1,1,2000,1,True,True,0.09076141209900379,0.08655669130384921,0.0950294641777873,0.0021625337016102043,0.8465313087552786,0.04866913986206055,0.04209227223694324,63.72,0.3117171717171717,22.4495,34.309,0.050957800000000004,0.0,25.184,83.95102040816326,0.9372927208542824,0.8890543672442436,0.8886235809922218,0.98,-0.0905303753912449,-0.09668511115014553,-0.0843004746362567,0.003143166445540112,0.73725,,,1,False,True,0,-5.1741451025009154e-06,-0.0008437440192210487,0.0008132777278660789,0.0004185334920853452,0.501,,,1,False,True,0
A,posterior_mean_shrunk,cell,B,200,tail_b2.0_mu1.0_c1.0_T200_cap64,tail_b2.0_mu1.0_c1.0,64,10367000,phi_sf_k16,learned,1,1,2000,1,True,True,0.09059114265441895,0.08636814132332801,0.09488668255507945,0.002166563141545864,0.8467015781998635,0.04826417127251625,0.042326971381902695,63.811,0.31217676767676766,22.4795,34.429,0.051168649999999996,0.0,58.759,89.61784085149519,0.9372927208542824,0.8890543672442436,0.8890285495817661,0.9865,-0.09070064483582974,-0.09683313518762589,-0.08449521902948617,0.0031434542136156043,0.7364999999999999,,,1,False,True,0,-0.0001754435896873474,-0.0005644098186166949,0.00019519524539646208,0.0001927035736179828,0.501,,,1,False,True,0
A,posterior_mean_shrunk,cell,B,200,tail_b2.0_mu1.0_c1.0_T200_cap64,tail_b2.0_mu1.0_c1.0,64,10367000,phi_sf_k16_noT1000,learned,1,1,2000,1,True,True,0.09379523806273937,0.0895716343075037,0.09815444424748421,0.0021660658493512903,0.843497482791543,0.05509288075566292,0.038702357307076454,55.158,0.2684747474747475,25.146,23.7235,0.061472425000000004,0.0355,13.197,111.47467166979362,0.9372927208542824,0.8890543672442436,0.8821998400986195,0.533,-0.08749654942750931,-0.0935599347576499,-0.08149288371205331,0.003081500797354626,0.727,,,1,False,True,0,0.0030286518186330796,0.0008562248563976033,0.005228658230043947,0.0011228657225912776,0.486,,,1,False,True,0
A,posterior_mean_shrunk,cell,B,200,tail_b2.0_mu1.0_c1.0_T200_cap64,tail_b2.0_mu1.0_c1.0,64,10367000,power_a0.25,baseline,1,1,2000,1,True,True,0.09621482191979885,0.09199835825711489,0.1006981659680605,0.0022269658830082707,0.8410778989344835,0.05321151655912399,0.04300330536067486,59.0,0.28787878787878796,22.784,26.734,0.053152575,0.007,,,0.9372927208542824,0.8890543672442436,0.8840812042951584,0.0,-0.08507696557044983,-0.09109402541071177,-0.07896927557885647,0.003104792138575498,0.72075,,,1,False,True,0,0.005448235675692558,0.003070589958224446,0.007870302558876571,0.0012113935819552653,0.4815,,,1,False,True,0
A,posterior_mean_shrunk,cell,B,200,tail_b2.0_mu1.0_c1.0_T200_cap64,tail_b2.0_mu1.0_c1.0,64,10367000,power_a0.33,baseline,1,1,2000,1,True,True,0.09799578587710857,0.09365415815263986,0.10252191592007875,0.0022351578517341756,0.8392969349771738,0.05524450877308845,0.042751277104020116,57.0,0.2777777777777778,22.8545,23.624,0.05371735,0.015,,,0.9372927208542824,0.8890543672442436,0.8820482120811939,0.0,-0.0832960016131401,-0.08939627557992935,-0.07720774095505477,0.003099176948267968,0.714,,,1,False,True,0,0.007229199633002281,0.0046174485934898256,0.009925035526975988,0.0013300011735510491,0.476,,,1,False,True,0
A,posterior_mean_shrunk,cell,B,200,tail_b2.0_mu1.0_c1.0_T200_cap64,tail_b2.0_mu1.0_c1.0,64,10367000,power_a0.5,baseline,1,1,2000,1,True,True,0.09076658624410629,0.08657250348478555,0.09504348561167716,0.0021680188402454378,0.8465261346101761,0.04823835361003876,0.042528232634067534,64.0,0.31313131313131315,22.425,34.5575,0.0509319,0.0,,110.0,0.9372927208542824,0.8890543672442436,0.8890543672442436,1.0,-0.09052520124614238,-0.09666970409452914,-0.08437321092933417,0.003149565259265684,0.736,,,1,False,True,0,0.0,0.0,0.0,0.0,0.5,,,1,False,True,0
A,posterior_mean_shrunk,cell,B,200,tail_b2.0_mu1.0_c1.0_T200_cap64,tail_b2.0_mu1.0_c1.0,64,10367000,power_a0.67,baseline,1,1,2000,1,True,True,0.09076658624410629,0.08657250348478555,0.09504348561167716,0.0021680188402454378,0.8465261346101761,0.04823835361003876,0.042528232634067534,64.0,0.31313131313131315,22.4255,34.5575,0.050934275,0.0,,70.0,0.9372927208542824,0.8890543672442436,0.8890543672442436,1.0,-0.09052520124614238,-0.09666970409452914,-0.08437321092933417,0.003149565259265684,0.736,,,1,False,True,0,0.0,0.0,0.0,0.0,0.5,,,1,False,True,0
A,posterior_mean_shrunk,cell,B,200,tail_b2.0_mu1.0_c1.0_T200_cap64,tail_b2.0_mu1.0_c1.0,64,10367000,refine_after_init,baseline,1,1,2000,1,True,True,0.24037267004698515,0.2336687572300434,0.2470894604921341,0.0034136639190178483,0.6969200508072972,0.23122114096581936,0.009151529081165791,8.0,0.03030303030303029,71.4615,0.0045,0.28182125,1.1625,,,0.9372927208542824,0.8890543672442436,0.706071579888463,0.0,0.05908088255673647,0.05387327717617154,0.06429996956139802,0.0027166825321346573,0.36375,,,1,False,True,0,0.14960608380287885,0.14227723106741905,0.15681922286748887,0.0037138354360717815,0.182,,,1,False,True,0
A,posterior_mean_shrunk,cell,B,200,tail_b2.0_mu1.0_c1.0_T200_cap64,tail_b2.0_mu1.0_c1.0,64,10367000,rule_reservoir,rule,1,1,2000,1,True,True,0.10818202064931393,0.103527220338583,0.11304309982806444,0.0024202571758119213,0.8291107002049685,0.07071439084410668,0.03746762980520725,54.7025,0.2661742424242424,27.717,27.102,0.07294990000000001,0.304,2.739,65.39909443725743,0.9372927208542824,0.8890543672442436,0.8665783300101757,0.773,-0.07310976684093476,-0.07886963449418545,-0.06759498380124569,0.002906419860538936,0.69425,,,1,False,True,0,0.017415434405207635,0.014236012287437916,0.020750056253746152,0.0016461054605173397,0.45699999999999996,,,1,False,True,0
A,posterior_mean_shrunk,cell,B,200,tail_b2.0_mu1.0_c1.0_T200_cap64,tail_b2.0_mu1.0_c1.0,64,10367000,uniform,baseline,1,1,2000,1,True,True,0.0925555747449398,0.08827560618519784,0.09684132412075996,0.0021761650790396345,0.8447371461093426,0.04823835361003876,0.044317221134901046,64.0,0.31313131313131315,21.268,32.235,0.0470607,0.159,,126.4335,0.9372927208542824,0.8890543672442436,0.8890543672442436,1.0,-0.08873621274530888,-0.09487360343337059,-0.08257370144128799,0.0031606995157126582,0.73075,,,1,False,True,0,0.0017889885008335114,0.0007433047110680494,0.0028847899055108425,0.0005508131830460276,0.49275,,,1,False,True,0
A,posterior_mean_shrunk,cell,B,500,tail_b2.0_mu1.0_c1.0_T500_cap64,tail_b2.0_mu1.0_c1.0,64,10370000,always_search,baseline,1,1,2000,1,True,True,0.08223117113113404,0.07919535730034113,0.08538415282964706,0.0015920259016761428,0.8774982071518898,0.06976518020033837,0.01246599093079567,64.0,0.12449799196787148,84.025,2.985,0.08527936800000001,5.939,,64.0,0.9597293782830238,0.8899641980826855,0.8899641980826855,1.0,-0.07430427376925945,-0.07872760724276304,-0.06980546824634075,0.0022616618816197987,0.74375,,,1,False,True,0,0.0,0.0,0.0,0.0,0.5,,,1,False,True,0
A,posterior_mean_shrunk,cell,B,500,tail_b2.0_mu1.0_c1.0_T500_cap64,tail_b2.0_mu1.0_c1.0,64,10370000,cp0,reference,1,1,2000,1,True,True,0.15653544490039348,0.15199813731014727,0.16104359328746795,0.00228230507281993,0.8031939333826303,0.14973720352351666,0.006798241376876831,21.5295,0.03921586345381527,134.391,0.025,0.18401952800000002,6.3805,,,0.9597293782830238,0.8899641980826855,0.8099921747595071,0.0,0.0,0.0,0.0,0.0,0.5,,,1,False,True,0,0.07430427376925945,0.06980546824634075,0.07872760724276304,0.0022616618816197987,0.25625,,,1,False,True,0
A,posterior_mean_shrunk,cell,B,500,tail_b2.0_mu1.0_c1.0_T500_cap64,tail_b2.0_mu1.0_c1.0,64,10370000,fixed_K16,baseline,1,1,2000,1,True,True,0.1859249702990055,0.18095647692680358,0.19087532646954058,0.002522750610858455,0.7738044079840183,0.18088002698123454,0.005044943317770958,16.0,0.028112449799196793,177.689,0.0175,0.266898548,3.813,,,0.9597293782830238,0.8899641980826855,0.7788493513017893,0.0,0.02938952539861202,0.026162290852516888,0.032684856094419956,0.0016584370453842175,0.40199999999999997,,,1,False,True,0,0.10369379916787147,0.09860870558768511,0.10890141017735004,0.002598415539475727,0.199,,,1,False,True,0
A,posterior_mean_shrunk,cell,B,500,tail_b2.0_mu1.0_c1.0_T500_cap64,tail_b2.0_mu1.0_c1.0,64,10370000,p3_star,reference,1,1,2000,1,True,True,0.08223117113113404,0.07919535730034113,0.08538415282964706,0.0015920259016761428,0.8774982071518898,0.06976518020033837,0.01246599093079567,64.0,0.12449799196787148,84.025,2.985,0.08527936800000001,5.939,,68.0,0.9597293782830238,0.8899641980826855,0.8899641980826855,1.0,-0.07430427376925945,-0.07872760724276304,-0.06980546824634075,0.0022616618816197987,0.74375,,,1,False,True,0,0.0,0.0,0.0,0.0,0.5,,,1,False,True,0
A,posterior_mean_shrunk,cell,B,500,tail_b2.0_mu1.0_c1.0_T500_cap64,tail_b2.0_mu1.0_c1.0,64,10370000,phi_k1,learned,1,1,2000,1,True,True,0.08223117113113404,0.07919535730034113,0.08538415282964706,0.0015920259016761428,0.8774982071518898,0.06976518020033837,0.01246599093079567,64.0,0.12449799196787148,84.025,2.985,0.08527936800000001,5.939,436.0,64.0,0.9597293782830238,0.8899641980826855,0.8899641980826855,1.0,-0.07430427376925945,-0.07872760724276304,-0.06980546824634075,0.0022616618816197987,0.74375,,,1,False,True,0,0.0,0.0,0.0,0.0,0.5,,,1,False,True,0
A,posterior_mean_shrunk,cell,B,500,tail_b2.0_mu1.0_c1.0_T500_cap64,tail_b2.0_mu1.0_c1.0,64,10370000,phi_k16,learned,1,1,2000,1,True,True,0.08223117113113404,0.07919535730034113,0.08538415282964706,0.0015920259016761428,0.8774982071518898,0.06976518020033837,0.01246599093079567,63.993,0.12448393574297188,84.0305,2.984,0.085285396,5.939,294.494,89.94897448724362,0.9597293782830238,0.8899641980826855,0.8899641980826855,0.9995,-0.07430427376925945,-0.07872760724276304,-0.06980546824634075,0.0022616618816197987,0.74375,,,1,False,True,0,0.0,0.0,0.0,0.0,0.5,,,1,False,True,0
A,posterior_mean_shrunk,cell,B,500,tail_b2.0_mu1.0_c1.0_T500_cap64,tail_b2.0_mu1.0_c1.0,64,10370000,phi_k16_all71,learned,1,1,2000,1,True,True,0.08223117113113404,0.07919535730034113,0.08538415282964706,0.0015920259016761428,0.8774982071518898,0.06976518020033837,0.01246599093079567,64.0,0.12449799196787148,84.0235,2.985,0.08527576,5.939,273.005,88.096,0.9597293782830238,0.8899641980826855,0.8899641980826855,1.0,-0.07430427376925945,-0.07872760724276304,-0.06980546824634075,0.0022616618816197987,0.74375,,,1,False,True,0,0.0,0.0,0.0,0.0,0.5,,,1,False,True,0
A,posterior_mean_shrunk,cell,B,500,tail_b2.0_mu1.0_c1.0_T500_cap64,tail_b2.0_mu1.0_c1.0,64,10370000,phi_k16_clock,learned,1,1,2000,1,True,True,0.08223117113113404,0.07919535730034113,0.08538415282964706,0.0015920259016761428,0.8774982071518898,0.06976518020033837,0.01246599093079567,64.0,0.12449799196787148,84.025,2.985,0.08527936800000001,5.939,402.0,64.0,0.9597293782830238,0.8899641980826855,0.8899641980826855,1.0,-0.07430427376925945,-0.07872760724276304,-0.06980546824634075,0.0022616618816197987,0.74375,,,1,False,True,0,0.0,0.0,0.0,0.0,0.5,,,1,False,True,0
A,posterior_mean_shrunk,cell,B,500,tail_b2.0_mu1.0_c1.0_T500_cap64,tail_b2.0_mu1.0_c1.0,64,10370000,phi_k16_cs,learned,1,1,2000,1,True,True,0.08223117113113404,0.07919535730034113,0.08538415282964706,0.0015920259016761428,0.8774982071518898,0.06976518020033837,0.01246599093079567,63.993,0.12448393574297188,84.0305,2.984,0.085285396,5.939,297.31,90.26113056528264,0.9597293782830238,0.8899641980826855,0.8899641980826855,0.9995,-0.07430427376925945,-0.07872760724276304,-0.06980546824634075,0.0022616618816197987,0.74375,,,1,False,True,0,0.0,0.0,0.0,0.0,0.5,,,1,False,True,0
A,posterior_mean_shrunk,cell,B,500,tail_b2.0_mu1.0_c1.0_T500_cap64,tail_b2.0_mu1.0_c1.0,64,10370000,phi_k16_famA_only,learned,1,1,2000,1,True,True,0.08258277109265327,0.07956387531012296,0.08570676632225513,0.0015913656134679632,0.8771466071903705,0.07017245662212372,0.012410314470529557,62.886,0.12226104417670682,85.0975,2.3725,0.08705318400000002,6.0015,50.205,109.44625407166124,0.9597293782830238,0.8899641980826855,0.8895569216609002,0.921,-0.0739526738077402,-0.07836392726749182,-0.06948962435126305,0.0022601609688694653,0.7434999999999999,,,1,False,True,0,0.0003515999615192413,-2.715089904086163e-05,0.0007716096079093401,0.0002064658613325315,0.49825,,,1,False,True,0
A,posterior_mean_shrunk,cell,B,500,tail_b2.0_mu1.0_c1.0_T500_cap64,tail_b2.0_mu1.0_c1.0,64,10370000,phi_k16_famB_only,learned,1,1,2000,1,True,True,0.08223117113113404,0.07919535730034113,0.08538415282964706,0.0015920259016761428,0.8774982071518898,0.06976518020033837,0.01246599093079567,63.986,0.12446987951807229,84.0385,2.984,0.08529245199999999,5.939,302.493,93.14114114114115,0.9597293782830238,0.8899641980826855,0.8899641980826855,0.999,-0.07430427376925945,-0.07872760724276304,-0.06980546824634075,0.0022616618816197987,0.74375,,,1,False,True,0,0.0,0.0,0.0,0.0,0.5,,,1,False,True,0
A,posterior_mean_shrunk,cell,B,500,tail_b2.0_mu1.0_c1.0_T500_cap64,tail_b2.0_mu1.0_c1.0,64,10370000,phi_k16_guard,learned,1,1,2000,1,True,True,0.08223117113113404,0.07919535730034113,0.08538415282964706,0.0015920259016761428,0.8774982071518898,0.06976518020033837,0.01246599093079567,63.993,0.12448393574297188,84.0305,2.984,0.085285396,5.939,235.898,89.94897448724362,0.9597293782830238,0.8899641980826855,0.8899641980826855,0.9995,-0.07430427376925945,-0.07872760724276304,-0.06980546824634075,0.0022616618816197987,0.74375,,,1,False,True,0,0.0,0.0,0.0,0.0,0.5,,,1,False,True,0
A,posterior_mean_shrunk,cell,B,500,tail_b2.0_mu1.0_c1.0_T500_cap64,tail_b2.0_mu1.0_c1.0,64,10370000,phi_k16_hgb,learned,1,1,2000,1,True,True,0.08224352085590363,0.07920955270528793,0.08540306519716978,0.0015927754327060533,0.8774858574271203,0.06976518020033837,0.012478340655565261,63.967,0.12443172690763052,84.076,3.006,0.085354972,5.939,201.165,70.53634085213032,0.9597293782830238,0.8899641980826855,0.8899641980826855,0.9975,-0.07429192404448987,-0.07871384788304567,-0.06980801653116941,0.0022618065458319342,0.74375,,,1,False,True,0,1.2349724769592284e-05,-1.348069326922996e-05,5.052986671216786e-05,1.7434570081817493e-05,0.5,,,1,False,True,0
A,posterior_mean_shrunk,cell,B,500,tail_b2.0_mu1.0_c1.0_T500_cap64,tail_b2.0_mu1.0_c1.0,64,10370000,phi_k16_lucb,learned,1,1,2000,1,True,True,0.08223117113113404,0.07919535730034113,0.08538415282964706,0.0015920259016761428,0.8774982071518898,0.06976518020033837,0.01246599093079567,63.985,0.12446787148594378,84.0375,2.969,0.085299524,5.945,292.153,94.2551275637819,0.9597293782830238,0.8899641980826855,0.8899641980826855,0.9995,-0.07430427376925945,-0.07872760724276304,-0.06980546824634075,0.0022616618816197987,0.74375,,,1,False,True,0,0.0,0.0,0.0,0.0,0.5,,,1,False,True,0
A,posterior_mean_shrunk,cell,B,500,tail_b2.0_mu1.0_c1.0_T500_cap64,tail_b2.0_mu1.0_c1.0,64,10370000,phi_k16_noT1000,learned,1,1,2000,1,True,True,0.08223117113113404,0.07919535730034113,0.08538415282964706,0.0015920259016761428,0.8774982071518898,0.06976518020033837,0.01246599093079567,64.0,0.12449799196787148,84.025,2.985,0.08527936800000001,5.939,426.001,65.152,0.9597293782830238,0.8899641980826855,0.8899641980826855,1.0,-0.07430427376925945,-0.07872760724276304,-0.06980546824634075,0.0022616618816197987,0.74375,,,1,False,True,0,0.0,0.0,0.0,0.0,0.5,,,1,False,True,0
A,posterior_mean_shrunk,cell,B,500,tail_b2.0_mu1.0_c1.0_T500_cap64,tail_b2.0_mu1.0_c1.0,64,10370000,phi_k16_noT200,learned,1,1,2000,1,True,True,0.08223117113113404,0.07919535730034113,0.08538415282964706,0.0015920259016761428,0.8774982071518898,0.06976518020033837,0.01246599093079567,64.0,0.12449799196787148,84.025,2.985,0.085278636,5.939,328.564,82.4,0.9597293782830238,0.8899641980826855,0.8899641980826855,1.0,-0.07430427376925945,-0.07872760724276304,-0.06980546824634075,0.0022616618816197987,0.74375,,,1,False,True,0,0.0,0.0,0.0,0.0,0.5,,,1,False,True,0
A,posterior_mean_shrunk,cell,B,500,tail_b2.0_mu1.0_c1.0_T500_cap64,tail_b2.0_mu1.0_c1.0,64,10370000,phi_k16_noambig,learned,1,1,2000,1,True,True,0.08223117113113404,0.07919535730034113,0.08538415282964706,0.0015920259016761428,0.8774982071518898,0.06976518020033837,0.01246599093079567,64.0,0.12449799196787148,84.025,2.985,0.08527936800000001,5.939,402.329,78.688,0.9597293782830238,0.8899641980826855,0.8899641980826855,1.0,-0.07430427376925945,-0.07872760724276304,-0.06980546824634075,0.0022616618816197987,0.74375,,,1,False,True,0,0.0,0.0,0.0,0.0,0.5,,,1,False,True,0
A,posterior_mean_shrunk,cell,B,500,tail_b2.0_mu1.0_c1.0_T500_cap64,tail_b2.0_mu1.0_c1.0,64,10370000,phi_k16_nopolicy,learned,1,1,2000,1,True,True,0.08223117113113404,0.07919535730034113,0.08538415282964706,0.0015920259016761428,0.8774982071518898,0.06976518020033837,0.01246599093079567,64.0,0.12449799196787148,84.025,2.985,0.08527936800000001,5.939,374.771,80.024,0.9597293782830238,0.8899641980826855,0.8899641980826855,1.0,-0.07430427376925945,-0.07872760724276304,-0.06980546824634075,0.0022616618816197987,0.74375,,,1,False,True,0,0.0,0.0,0.0,0.0,0.5,,,1,False,True,0
A,posterior_mean_shrunk,cell,B,500,tail_b2.0_mu1.0_c1.0_T500_cap64,tail_b2.0_mu1.0_c1.0,64,10370000,phi_k16_notrunc,learned,1,1,2000,1,True,True,0.08223117113113404,0.07919535730034113,0.08538415282964706,0.0015920259016761428,0.8774982071518898,0.06976518020033837,0.01246599093079567,64.0,0.12449799196787148,84.025,2.985,0.08527936800000001,5.939,401.295,64.0,0.9597293782830238,0.8899641980826855,0.8899641980826855,1.0,-0.07430427376925945,-0.07872760724276304,-0.06980546824634075,0.0022616618816197987,0.74375,,,1,False,True,0,0.0,0.0,0.0,0.0,0.5,,,1,False,True,0
A,posterior_mean_shrunk,cell,B,500,tail_b2.0_mu1.0_c1.0_T500_cap64,tail_b2.0_mu1.0_c1.0,64,10370000,phi_k16_onpolicy_only,learned,1,1,2000,1,True,True,0.08260414522886277,0.07956536151468754,0.08574063219130039,0.00159305484346688,0.8771252330541611,0.06997629249095917,0.012627852737903594,63.885,0.12426706827309238,84.221,3.033,0.08561626800000001,5.887,306.578,68.72763819095478,0.9597293782830238,0.8899641980826855,0.8897530857920647,0.995,-0.07393129967153073,-0.07833244167268276,-0.0694702297449112,0.002263967351802418,0.7417499999999999,,,1,False,True,0,0.0003729740977287292,8.613208192400643e-05,0.0007177983570727518,0.00016189917276993873,0.4985,,,1,False,True,0
A,posterior_mean_shrunk,cell,B,500,tail_b2.0_mu1.0_c1.0_T500_cap64,tail_b2.0_mu1.0_c1.0,64,10370000,phi_k16_onpolicy_union,learned,1,1,2000,1,True,True,0.08223117113113404,0.07919535730034113,0.08538415282964706,0.0015920259016761428,0.8774982071518898,0.06976518020033837,0.01246599093079567,64.0,0.12449799196787148,84.025,2.985,0.085278636,5.939,336.368,86.016,0.9597293782830238,0.8899641980826855,0.8899641980826855,1.0,-0.07430427376925945,-0.07872760724276304,-0.06980546824634075,0.0022616618816197987,0.74375,,,1,False,True,0,0.0,0.0,0.0,0.0,0.5,,,1,False,True,0
A,posterior_mean_shrunk,cell,B,500,tail_b2.0_mu1.0_c1.0_T500_cap64,tail_b2.0_mu1.0_c1.0,64,10370000,phi_k16_perstep,learned,1,1,2000,1,True,True,0.08223117113113404,0.07919535730034113,0.08538415282964706,0.0015920259016761428,0.8774982071518898,0.06976518020033837,0.01246599093079567,63.99,0.12447791164658634,84.026,2.971,0.085282868,5.939,299.3415,76.6534802203305,0.9597293782830238,0.8899641980826855,0.8899641980826855,0.9985,-0.07430427376925945,-0.07872760724276304,-0.06980546824634075,0.0022616618816197987,0.74375,,,1,False,True,0,0.0,0.0,0.0,0.0,0.5,,,1,False,True,0
A,posterior_mean_shrunk,cell,B,500,tail_b2.0_mu1.0_c1.0_T500_cap64,tail_b2.0_mu1.0_c1.0,64,10370000,phi_k16_quality,learned,1,1,2000,1,True,True,0.08223117113113404,0.07919535730034113,0.08538415282964706,0.0015920259016761428,0.8774982071518898,0.06976518020033837,0.01246599093079567,63.985,0.12446787148594378,84.039,2.969,0.0853024,5.945,234.606,89.21260630315157,0.9597293782830238,0.8899641980826855,0.8899641980826855,0.9995,-0.07430427376925945,-0.07872760724276304,-0.06980546824634075,0.0022616618816197987,0.74375,,,1,False,True,0,0.0,0.0,0.0,0.0,0.5,,,1,False,True,0
A,posterior_mean_shrunk,cell,B,500,tail_b2.0_mu1.0_c1.0_T500_cap64,tail_b2.0_mu1.0_c1.0,64,10370000,phi_k16_tau05,learned,1,1,2000,1,True,True,0.08223117113113404,0.07919535730034113,0.08538415282964706,0.0015920259016761428,0.8774982071518898,0.06976518020033837,0.01246599093079567,63.993,0.12448393574297188,84.0305,2.984,0.085285396,5.939,294.494,89.94897448724362,0.9597293782830238,0.8899641980826855,0.8899641980826855,0.9995,-0.07430427376925945,-0.07872760724276304,-0.06980546824634075,0.0022616618816197987,0.74375,,,1,False,True,0,0.0,0.0,0.0,0.0,0.5,,,1,False,True,0
A,posterior_mean_shrunk,cell,B,500,tail_b2.0_mu1.0_c1.0_T500_cap64,tail_b2.0_mu1.0_c1.0,64,10370000,phi_k16_weighted,learned,1,1,2000,1,True,True,0.08257796713709831,0.07952555026859046,0.08569800332188607,0.0015926641288102092,0.8771514111459255,0.07005669957399369,0.01252126756310463,63.333,0.1231586345381526,84.624,2.615,0.086374108,5.9585,171.836,163.29559748427673,0.9597293782830238,0.8899641980826855,0.8896726787090301,0.954,-0.07395747776329517,-0.0783615967258811,-0.06949358098208905,0.0022626675956001385,0.744,,,1,False,True,0,0.00034679600596427916,-1.4743027395524979e-05,0.0007537379817222244,0.0001952810449328055,0.49975,,,1,False,True,0
A,posterior_mean_shrunk,cell,B,500,tail_b2.0_mu1.0_c1.0_T500_cap64,tail_b2.0_mu1.0_c1.0,64,10370000,phi_k4,learned,1,1,2000,1,True,True,0.08223117113113404,0.07919535730034113,0.08538415282964706,0.0015920259016761428,0.8774982071518898,0.06976518020033837,0.01246599093079567,64.0,0.12449799196787148,84.025,2.985,0.08527936800000001,5.939,435.85,64.15,0.9597293782830238,0.8899641980826855,0.8899641980826855,1.0,-0.07430427376925945,-0.07872760724276304,-0.06980546824634075,0.0022616618816197987,0.74375,,,1,False,True,0,0.0,0.0,0.0,0.0,0.5,,,1,False,True,0
A,posterior_mean_shrunk,cell,B,500,tail_b2.0_mu1.0_c1.0_T500_cap64,tail_b2.0_mu1.0_c1.0,64,10370000,phi_reservoir_rule,learned,1,1,2000,1,True,True,0.08223117113113404,0.07919535730034113,0.08538415282964706,0.0015920259016761428,0.8774982071518898,0.06976518020033837,0.01246599093079567,64.0,0.12449799196787148,84.025,2.985,0.085278636,5.939,295.779,80.928,0.9597293782830238,0.8899641980826855,0.8899641980826855,1.0,-0.07430427376925945,-0.07872760724276304,-0.06980546824634075,0.0022616618816197987,0.74375,,,1,False,True,0,0.0,0.0,0.0,0.0,0.5,,,1,False,True,0
A,posterior_mean_shrunk,cell,B,500,tail_b2.0_mu1.0_c1.0_T500_cap64,tail_b2.0_mu1.0_c1.0,64,10370000,phi_sf_k16,learned,1,1,2000,1,True,True,0.08223117113113404,0.07919535730034113,0.08538415282964706,0.0015920259016761428,0.8774982071518898,0.06976518020033837,0.01246599093079567,64.0,0.12449799196787148,84.025,2.985,0.085278636,5.939,415.371,79.96,0.9597293782830238,0.8899641980826855,0.8899641980826855,1.0,-0.07430427376925945,-0.07872760724276304,-0.06980546824634075,0.0022616618816197987,0.74375,,,1,False,True,0,0.0,0.0,0.0,0.0,0.5,,,1,False,True,0
A,posterior_mean_shrunk,cell,B,500,tail_b2.0_mu1.0_c1.0_T500_cap64,tail_b2.0_mu1.0_c1.0,64,10370000,phi_sf_k16_noT1000,learned,1,1,2000,1,True,True,0.08224387791752816,0.07921609543263912,0.08539408184587956,0.0015917482581719329,0.8774855003654957,0.06976518020033837,0.012478697717189789,64.0,0.12449799196787148,83.995,2.954,0.0851992,5.9595,290.001,102.88,0.9597293782830238,0.8899641980826855,0.8899641980826855,1.0,-0.07429156698286533,-0.0787092451006174,-0.06979903876781464,0.0022614955088542037,0.74375,,,1,False,True,0,1.2706786394119264e-05,0.0,3.8120360841276124e-05,1.2706786394119264e-05,0.49975,,,1,False,True,0
A,posterior_mean_shrunk,cell,B,500,tail_b2.0_mu1.0_c1.0_T500_cap64,tail_b2.0_mu1.0_c1.0,64,10370000,power_a0.25,baseline,1,1,2000,1,True,True,0.08223117113113404,0.07919535730034113,0.08538415282964706,0.0015920259016761428,0.8774982071518898,0.06976518020033837,0.01246599093079567,64.0,0.12449799196787148,84.025,2.985,0.08527936800000001,5.939,,67.0,0.9597293782830238,0.8899641980826855,0.8899641980826855,1.0,-0.07430427376925945,-0.07872760724276304,-0.06980546824634075,0.0022616618816197987,0.74375,,,1,False,True,0,0.0,0.0,0.0,0.0,0.5,,,1,False,True,0
A,posterior_mean_shrunk,cell,B,500,tail_b2.0_mu1.0_c1.0_T500_cap64,tail_b2.0_mu1.0_c1.0,64,10370000,power_a0.33,baseline,1,1,2000,1,True,True,0.08223117113113404,0.07919535730034113,0.08538415282964706,0.0015920259016761428,0.8774982071518898,0.06976518020033837,0.01246599093079567,64.0,0.12449799196787148,84.025,2.985,0.08527936800000001,5.939,,68.0,0.9597293782830238,0.8899641980826855,0.8899641980826855,1.0,-0.07430427376925945,-0.07872760724276304,-0.06980546824634075,0.0022616618816197987,0.74375,,,1,False,True,0,0.0,0.0,0.0,0.0,0.5,,,1,False,True,0
A,posterior_mean_shrunk,cell,B,500,tail_b2.0_mu1.0_c1.0_T500_cap64,tail_b2.0_mu1.0_c1.0,64,10370000,power_a0.5,baseline,1,1,2000,1,True,True,0.08223117113113404,0.07919535730034113,0.08538415282964706,0.0015920259016761428,0.8774982071518898,0.06976518020033837,0.01246599093079567,64.0,0.12449799196787148,84.025,2.985,0.08527936800000001,5.939,,69.0,0.9597293782830238,0.8899641980826855,0.8899641980826855,1.0,-0.07430427376925945,-0.07872760724276304,-0.06980546824634075,0.0022616618816197987,0.74375,,,1,False,True,0,0.0,0.0,0.0,0.0,0.5,,,1,False,True,0
A,posterior_mean_shrunk,cell,B,500,tail_b2.0_mu1.0_c1.0_T500_cap64,tail_b2.0_mu1.0_c1.0,64,10370000,power_a0.67,baseline,1,1,2000,1,True,True,0.08223117113113404,0.07919535730034113,0.08538415282964706,0.0015920259016761428,0.8774982071518898,0.06976518020033837,0.01246599093079567,64.0,0.12449799196787148,84.025,2.985,0.08527936800000001,5.939,,70.0,0.9597293782830238,0.8899641980826855,0.8899641980826855,1.0,-0.07430427376925945,-0.07872760724276304,-0.06980546824634075,0.0022616618816197987,0.74375,,,1,False,True,0,0.0,0.0,0.0,0.0,0.5,,,1,False,True,0
A,posterior_mean_shrunk,cell,B,500,tail_b2.0_mu1.0_c1.0_T500_cap64,tail_b2.0_mu1.0_c1.0,64,10370000,refine_after_init,baseline,1,1,2000,1,True,True,0.2641305560991168,0.2577346697449684,0.27043272703886034,0.003230557823644128,0.695598822183907,0.2612463941499591,0.0028841619491577148,8.0,0.01204819277108434,228.792,0.0015,0.37825970400000003,2.4525,,,0.9597293782830238,0.8899641980826855,0.6984829841330648,0.0,0.10759511119872332,0.10159298032522202,0.11337216142565013,0.0030393179877055113,0.23374999999999999,,,1,False,True,0,0.18189938496798277,0.17535202018916607,0.1885267436504364,0.003403777384088425,0.11025,,,1,False,True,0
A,posterior_mean_shrunk,cell,B,500,tail_b2.0_mu1.0_c1.0_T500_cap64,tail_b2.0_mu1.0_c1.0,64,10370000,rule_reservoir,rule,1,1,2000,1,True,True,0.08384409114718437,0.08075002003461122,0.08703355714678764,0.0016179330119049798,0.8758852871358395,0.07108028882741928,0.01276380231976509,62.6355,0.12175803212851406,87.203,2.889,0.09133398400000001,6.0475,8.5645,69.93597084851639,0.9597293782830238,0.8899641980826855,0.8886490894556045,0.9605,-0.07269135375320912,-0.07713666092604399,-0.06821551844477654,0.0022599291988817756,0.73675,,,1,False,True,0,0.0016129200160503387,0.0009209658674080857,0.0023996844131033866,0.0003694853580089443,0.4925,,,1,False,True,0
A,posterior_mean_shrunk,cell,B,500,tail_b2.0_mu1.0_c1.0_T500_cap64,tail_b2.0_mu1.0_c1.0,64,10370000,uniform,baseline,1,1,2000,1,True,True,0.08224216982722282,0.0792048329487443,0.0854061558842659,0.0015978557541432162,0.877487208455801,0.06976518020033837,0.01247698962688446,64.0,0.12449799196787148,83.746,2.814,0.08470351200000001,6.143,,125.983,0.9597293782830238,0.8899641980826855,0.8899641980826855,1.0,-0.07429327507317066,-0.07871307637542486,-0.06979425810277462,0.0022649158828492444,0.74475,,,1,False,True,0,1.0998696088790894e-05,-0.00016919351364776957,0.00023188657760329063,0.00010273558261681903,0.501,,,1,False,True,0
A,posterior_mean_shrunk,cell,B,50,tail_b2.0_mu1.0_c1.0_T50_cap64,tail_b2.0_mu1.0_c1.0,64,10361000,always_search,baseline,1,1,2000,1,True,True,0.37064821034530177,0.36081686317920686,0.38035992011427877,0.00496831545382179,0.5047053122534416,0.0,0.37064821034530177,50.0,1.0,1.0,50.0,0.02000000000000001,0.0,,,0.8753535225987434,0.8753535225987434,0.8753535225987434,0.0,0.1199933722098358,0.1077110204845667,0.13249667398631573,0.0063112944726907315,0.3415,,,1,False,True,0,0.22012786820391192,0.2088016800582409,0.23143430314958094,0.005862563798276925,0.21175,,,1,False,True,0
A,posterior_mean_shrunk,cell,B,50,tail_b2.0_mu1.0_c1.0_T50_cap64,tail_b2.0_mu1.0_c1.0,64,10361000,cp0,reference,1,1,2000,1,True,True,0.25065483813546596,0.24238826110959052,0.2588984563946724,0.004147911027538014,0.6246986844632775,0.22049694677442314,0.030157891361042858,6.0,0.08333333333333331,13.98,0.0225,0.22366840000000002,0.0915,,,0.8753535225987434,0.8753535225987434,0.6548565758243203,0.0,0.0,0.0,0.0,0.0,0.5,,,1,False,True,0,0.10013449599407613,0.09099629987031221,0.10930477604269981,0.0046311715669602824,0.3425,,,1,False,True,0
A,posterior_mean_shrunk,cell,B,50,tail_b2.0_mu1.0_c1.0_T50_cap64,tail_b2.0_mu1.0_c1.0,64,10361000,fixed_K16,baseline,1,1,2000,1,True,True,0.1621994757167995,0.1551641020923853,0.16915884763002395,0.0034809451784396732,0.713154046881944,0.09259276059269905,0.06960671512410045,16.0,0.2916666666666667,8.156,4.289,0.106142,0.0,,,0.8753535225987434,0.8753535225987434,0.7827607620060444,0.0,-0.08845536241866649,-0.09742163121700287,-0.07948494628071785,0.004518303280499342,0.63725,,,1,False,True,0,0.01167913357540965,0.006155167252290994,0.017187413433566688,0.0028079961921615524,0.48024999999999995,,,1,False,True,0
A,posterior_mean_shrunk,cell,B,50,tail_b2.0_mu1.0_c1.0_T50_cap64,tail_b2.0_mu1.0_c1.0,64,10361000,p3_star,reference,1,1,2000,1,True,True,0.15052034214138985,0.14414188042283058,0.15680614933371545,0.0032669120874089293,0.7248331804573536,0.06899496786296368,0.08152537427842617,21.0,0.39583333333333326,6.924,10.5965,0.08491280000000001,0.0,,,0.8753535225987434,0.8753535225987434,0.8063585547357798,0.0,-0.10013449599407613,-0.10930477604269981,-0.09099629987031221,0.0046311715669602824,0.6575,,,1,False,True,0,0.0,0.0,0.0,0.0,0.5,,,1,False,True,0
A,posterior_mean_shrunk,cell,B,50,tail_b2.0_mu1.0_c1.0_T50_cap64,tail_b2.0_mu1.0_c1.0,64,10361000,phi_k1,learned,1,1,2000,1,True,True,0.13785792373865843,0.13156029880046843,0.1440308853983879,0.0031346511750249,0.737495598860085,0.05301722325384617,0.08484070048481226,23.1085,0.43976041666666665,7.2955,15.1665,0.0874336,0.0,0.0,,0.8753535225987434,0.8753535225987434,0.8223362993448973,0.0,-0.11279691439680756,-0.12228776682168245,-0.10326130446046591,0.004728986254539684,0.67025,,,1,False,True,0,-0.01266241840273142,-0.0175151024479419,-0.007810948893893513,0.0024686496492932917,0.51975,,,1,False,True,0
A,posterior_mean_shrunk,cell,B,50,tail_b2.0_mu1.0_c1.0_T50_cap64,tail_b2.0_mu1.0_c1.0,64,10361000,phi_k16,learned,1,1,2000,1,True,True,0.1618315589390695,0.15491988994181155,0.16895966231822968,0.003533583226894938,0.7135219636596739,0.054673912659287456,0.10715764627978205,22.968,0.43683333333333324,7.1525,14.3705,0.08867160000000002,0.0,0.0,,0.8753535225987434,0.8753535225987434,0.820679609939456,0.0,-0.08882327919639647,-0.09818903803825378,-0.07940703891217708,0.004686636382584228,0.64125,,,1,False,True,0,0.011311216797679663,0.006667216285131871,0.01620920402929187,0.0023957146739724796,0.48450000000000004,,,1,False,True,0
A,posterior_mean_shrunk,cell,B,50,tail_b2.0_mu1.0_c1.0_T50_cap64,tail_b2.0_mu1.0_c1.0,64,10361000,phi_k16_all71,learned,1,1,2000,1,True,True,0.16235031561926008,0.1553440500050783,0.16956334486603736,0.0035445261600316673,0.7130032069794834,0.053578953340649604,0.10877136227861046,23.24,0.4425,7.124,14.778,0.0880556,0.0,0.0,,0.8753535225987434,0.8753535225987434,0.8217745692580938,0.0,-0.08830452251620591,-0.09769204761832952,-0.07895976677536964,0.0046878271049713045,0.6405,,,1,False,True,0,0.011829973477870227,0.007107578206341714,0.016753263771533963,0.002424300827271768,0.48350000000000004,,,1,False,True,0
A,posterior_mean_shrunk,cell,B,50,tail_b2.0_mu1.0_c1.0_T50_cap64,tail_b2.0_mu1.0_c1.0,64,10361000,phi_k16_clock,learned,1,1,2000,1,True,True,0.1616412779688835,0.15476111993193628,0.16861317716538907,0.0035325433345332513,0.7137122446298599,0.02745314784348011,0.1341881301254034,34.0,0.6666666666666665,4.376,25.7055,0.0437192,0.0,0.0,,0.8753535225987434,0.8753535225987434,0.8479003747552634,0.0,-0.08901356016658246,-0.09912717267870903,-0.07870770506560802,0.005189262353408119,0.651,,,1,False,True,0,0.011120935827493668,0.003452260355697945,0.018642995506525036,0.00389847065519496,0.47950000000000004,,,1,False,True,0
A,posterior_mean_shrunk,cell,B,50,tail_b2.0_mu1.0_c1.0_T50_cap64,tail_b2.0_mu1.0_c1.0,64,10361000,phi_k16_cs,learned,1,1,2000,1,True,True,0.1618315589390695,0.15491988994181155,0.16895966231822968,0.003533583226894938,0.7135219636596739,0.054673912659287456,0.10715764627978205,22.968,0.43683333333333324,7.1525,14.3705,0.08867160000000002,0.0,0.0,,0.8753535225987434,0.8753535225987434,0.820679609939456,0.0,-0.08882327919639647,-0.09818903803825378,-0.07940703891217708,0.004686636382584228,0.64125,,,1,False,True,0,0.011311216797679663,0.006667216285131871,0.01620920402929187,0.0023957146739724796,0.48450000000000004,,,1,False,True,0
A,posterior_mean_shrunk,cell,B,50,tail_b2.0_mu1.0_c1.0_T50_cap64,tail_b2.0_mu1.0_c1.0,64,10361000,phi_k16_famA_only,learned,1,1,2000,1,True,True,0.1562043937370181,0.14948353059589864,0.16305942386388778,0.003392753379873385,0.7191491288617253,0.07993856783211231,0.0762658259049058,18.112,0.3356666666666666,7.656,6.912,0.0974812,0.0,0.0,,0.8753535225987434,0.8753535225987434,0.7954149547666312,0.0,-0.09445044439844787,-0.10352800469845533,-0.0853083262220025,0.004562293300405303,0.6477499999999999,,,1,False,True,0,0.005684051595628262,0.0012668055831454698,0.010194575483910739,0.0022489292599358456,0.48974999999999996,,,1,False,True,0
A,posterior_mean_shrunk,cell,B,50,tail_b2.0_mu1.0_c1.0_T50_cap64,tail_b2.0_mu1.0_c1.0,64,10361000,phi_k16_famB_only,learned,1,1,2000,1,True,True,0.16221131456270815,0.15530809871852397,0.16924812607467174,0.0035259687711716265,0.7131422080360353,0.050897869810462,0.11131344475224614,23.896,0.4561666666666666,7.0365,15.702,0.08640640000000001,0.0,0.0,,0.8753535225987434,0.8753535225987434,0.8244556527882815,0.0,-0.08844352357275784,-0.09788484126329422,-0.07906991392374038,0.004676572652272834,0.64025,,,1,False,True,0,0.011690972421318292,0.006978601415175946,0.016602443112060425,0.0024349010457256123,0.48474999999999996,,,1,False,True,0
A,posterior_mean_shrunk,cell,B,50,tail_b2.0_mu1.0_c1.0_T50_cap64,tail_b2.0_mu1.0_c1.0,64,10361000,phi_k16_guard,learned,1,1,2000,1,True,True,0.16006416964158415,0.15329238027334213,0.1670013688504696,0.0034429925100756525,0.7152893529571592,0.08636167180538178,0.07370249783620238,17.0,0.3125,7.8845,5.468,0.1015772,0.0,0.0,,0.8753535225987434,0.8753535225987434,0.7889918507933616,0.0,-0.09059066849388182,-0.09970718268305064,-0.08162281513214112,0.004578823282626801,0.64175,,,1,False,True,0,0.00954382750019431,0.004461944533977658,0.014586661430075764,0.0025765847530756342,0.48275,,,1,False,True,0
A,posterior_mean_shrunk,cell,B,50,tail_b2.0_mu1.0_c1.0_T50_cap64,tail_b2.0_mu1.0_c1.0,64,10361000,phi_k16_hgb,learned,1,1,2000,1,True,True,0.15529939899593592,0.14861983060836792,0.16193760000169277,0.003403673531442611,0.7200541236028075,0.04765123952925205,0.10764815946668387,26.624,0.513,6.256,18.384,0.0720936,0.0,0.0,,0.8753535225987434,0.8753535225987434,0.8277022830694913,0.0,-0.09535543913953007,-0.10451904311776161,-0.08611547090113163,0.004636135207620372,0.6585000000000001,,,1,False,True,0,0.0047790568545460705,-0.0003448449569987113,0.010061809117905792,0.0026845863371776782,0.494,,,1,False,True,0
A,posterior_mean_shrunk,cell,B,50,tail_b2.0_mu1.0_c1.0_T50_cap64,tail_b2.0_mu1.0_c1.0,64,10361000,phi_k16_lucb,learned,1,1,2000,1,True,True,0.16234645448997617,0.15530473552644253,0.16939044371247292,0.003539703039087811,0.7130070681087672,0.050044609054923056,0.11230184543505312,23.904,0.45633333333333326,7.077,15.771,0.0870916,0.0,0.0,,0.8753535225987434,0.8753535225987434,0.8253089135438204,0.0,-0.08830838364548982,-0.09770009983330964,-0.07898381911218166,0.0046740294013045865,0.6415,,,1,False,True,0,0.011826112348586321,0.007119305105879903,0.01668826113454997,0.0024318380785968885,0.484,,,1,False,True,0
A,posterior_mean_shrunk,cell,B,50,tail_b2.0_mu1.0_c1.0_T50_cap64,tail_b2.0_mu1.0_c1.0,64,10361000,phi_k16_noT1000,learned,1,1,2000,1,True,True,0.16330150021612644,0.15630174539983271,0.17038197219371795,0.0035561240147185236,0.712052022382617,0.030715870186686516,0.13258563002943993,31.416,0.6128333333333333,5.455,24.374,0.0581288,0.0,0.0,,0.8753535225987434,0.8753535225987434,0.8446376524120569,0.0,-0.08735333791933954,-0.09693413395434618,-0.07766387816518545,0.004847594799480309,0.642,,,1,False,True,0,0.012781158074736594,0.006975874141789973,0.018706362741068,0.0029991399581929855,0.47675,,,1,False,True,0
A,posterior_mean_shrunk,cell,B,50,tail_b2.0_mu1.0_c1.0_T50_cap64,tail_b2.0_mu1.0_c1.0,64,10361000,phi_k16_noT200,learned,1,1,2000,1,True,True,0.16285679971054196,0.15590240433812141,0.1699470452964306,0.0035420058575754273,0.7124967228882014,0.04960653997957706,0.1132502597309649,24.32,0.46499999999999997,6.9775,16.3055,0.08533160000000001,0.0,0.0,,0.8753535225987434,0.8753535225987434,0.8257469826191663,0.0,-0.08779803842492402,-0.09728461317718029,-0.07837500851601362,0.004697264262019069,0.6397499999999999,,,1,False,True,0,0.012336457569152116,0.007544040982611479,0.017349150450900193,0.0024684009915425837,0.48424999999999996,,,1,False,True,0
A,posterior_mean_shrunk,cell,B,50,tail_b2.0_mu1.0_c1.0_T50_cap64,tail_b2.0_mu1.0_c1.0,64,10361000,phi_k16_noambig,learned,1,1,2000,1,True,True,0.16265173372626304,0.15567093044519426,0.16971608251333237,0.003556385216187282,0.7127017888724804,0.03193302749097347,0.13071870623528958,30.72,0.5983333333333334,5.6005,23.604,0.060692800000000005,0.0,0.0,,0.8753535225987434,0.8753535225987434,0.84342049510777,0.0,-0.08800310440920293,-0.09752167426049708,-0.07839077059179544,0.004838297398724365,0.64425,,,1,False,True,0,0.0121313915848732,0.006310796726029366,0.0180466653779149,0.002989635347924297,0.48024999999999995,,,1,False,True,0
A,posterior_mean_shrunk,cell,B,50,tail_b2.0_mu1.0_c1.0_T50_cap64,tail_b2.0_mu1.0_c1.0,64,10361000,phi_k16_nopolicy,learned,1,1,2000,1,True,True,0.1562663953527808,0.14960698783397675,0.1631001230329275,0.003388625630898594,0.7190871272459626,0.08021961928904056,0.07604677606374026,18.088,0.3351666666666666,7.656,6.8735,0.09751240000000001,0.0,0.0,,0.8753535225987434,0.8753535225987434,0.7951339033097029,0.0,-0.09438844278268516,-0.10341896582394838,-0.08526144102215767,0.004553145456336224,0.6477499999999999,,,1,False,True,0,0.0057460532113909725,0.00135776409879327,0.010266555729322136,0.0022508235203399364,0.48974999999999996,,,1,False,True,0
A,posterior_mean_shrunk,cell,B,50,tail_b2.0_mu1.0_c1.0_T50_cap64,tail_b2.0_mu1.0_c1.0,64,10361000,phi_k16_notrunc,learned,1,1,2000,1,True,True,0.15752590875700115,0.1506417129188776,0.1644859079271555,0.003468739739359502,0.7178276138417423,0.07237001165747642,0.08515589709952473,19.296,0.3603333333333333,7.522,8.729,0.095448,0.0,0.0,,0.8753535225987434,0.8753535225987434,0.802983510941267,0.0,-0.09312892937846481,-0.10235434807837009,-0.08388514071702957,0.0046298285226381245,0.64725,,,1,False,True,0,0.007005566615611315,0.002407110302010551,0.011792989377863704,0.0023569271064605123,0.4905,,,1,False,True,0
A,posterior_mean_shrunk,cell,B,50,tail_b2.0_mu1.0_c1.0_T50_cap64,tail_b2.0_mu1.0_c1.0,64,10361000,phi_k16_onpolicy_only,learned,1,1,2000,1,True,True,0.15616851111501456,0.14935020431876184,0.16307137235999108,0.0034647304175275113,0.7191850114837289,0.03516100673377514,0.12100750438123942,29.632,0.5756666666666667,5.6525,21.888,0.06263120000000001,0.0,0.0,,0.8753535225987434,0.8753535225987434,0.8401925158649683,0.0,-0.09448632702045143,-0.10417807307094336,-0.08468812294304372,0.004916038095359116,0.65625,,,1,False,True,0,0.005648168973624706,-0.0005582614932791324,0.011652087001129983,0.003150987469704299,0.49225,,,1,False,True,0
A,posterior_mean_shrunk,cell,B,50,tail_b2.0_mu1.0_c1.0_T50_cap64,tail_b2.0_mu1.0_c1.0,64,10361000,phi_k16_onpolicy_union,learned,1,1,2000,1,True,True,0.15776466739550232,0.15084694586694242,0.16474054865539073,0.003489187364122112,0.7175888552032411,0.04906836177408695,0.10869630562141537,24.376,0.4661666666666666,6.9475,16.3895,0.0846412,0.0,0.0,,0.8753535225987434,0.8753535225987434,0.8262851608246565,0.0,-0.09289017073996365,-0.10214363392442465,-0.08346716035157442,0.004677320813564799,0.65025,,,1,False,True,0,0.007244325254112482,0.0022967383731156595,0.012332695932127534,0.00256971266554127,0.4955,,,1,False,True,0
A,posterior_mean_shrunk,cell,B,50,tail_b2.0_mu1.0_c1.0_T50_cap64,tail_b2.0_mu1.0_c1.0,64,10361000,phi_k16_perstep,learned,1,1,2000,1,True,True,0.1416437576338649,0.13545496836304666,0.14790063463151454,0.0031568148521815063,0.7337097649648786,0.06758924901485443,0.07405450861901045,18.9745,0.3536354166666667,8.4665,10.455,0.11104,0.0,0.0,,0.8753535225987434,0.8753535225987434,0.807764273583889,0.0,-0.1090110805016011,-0.11817973814904689,-0.09987552966922522,0.00464155758763745,0.6677500000000001,,,1,False,True,0,-0.008876584507524966,-0.013824839307926594,-0.0036806596617680065,0.0025651927121495715,0.5175,,,1,False,True,0
A,posterior_mean_shrunk,cell,B,50,tail_b2.0_mu1.0_c1.0_T50_cap64,tail_b2.0_mu1.0_c1.0,64,10361000,phi_k16_quality,learned,1,1,2000,1,True,True,0.1610003848336637,0.15414940863847734,0.16813870407640932,0.0035254556223857435,0.7143531377650797,0.059892433777451515,0.10110795105621219,21.6,0.40833333333333327,7.295,12.302,0.0915156,0.0,0.0,,0.8753535225987434,0.8753535225987434,0.8154610888212919,0.0,-0.08965445330180227,-0.0990066172555089,-0.08018896915018559,0.004681684349544636,0.6425000000000001,,,1,False,True,0,0.010480042692273855,0.005857329512946309,0.015322176576592027,0.0023858158783172647,0.486,,,1,False,True,0
A,posterior_mean_shrunk,cell,B,50,tail_b2.0_mu1.0_c1.0_T50_cap64,tail_b2.0_mu1.0_c1.0,64,10361000,phi_k16_tau05,learned,1,1,2000,1,True,True,0.1618315589390695,0.15491988994181155,0.16895966231822968,0.003533583226894938,0.7135219636596739,0.054673912659287456,0.10715764627978205,22.968,0.43683333333333324,7.1525,14.3705,0.08867160000000002,0.0,0.0,,0.8753535225987434,0.8753535225987434,0.820679609939456,0.0,-0.08882327919639647,-0.09818903803825378,-0.07940703891217708,0.004686636382584228,0.64125,,,1,False,True,0,0.011311216797679663,0.006667216285131871,0.01620920402929187,0.0023957146739724796,0.48450000000000004,,,1,False,True,0
A,posterior_mean_shrunk,cell,B,50,tail_b2.0_mu1.0_c1.0_T50_cap64,tail_b2.0_mu1.0_c1.0,64,10361000,phi_k16_weighted,learned,1,1,2000,1,True,True,0.1730135344751179,0.16579089686274529,0.1802658211439848,0.003646967749170548,0.7023399881236255,0.03365096409618855,0.13936257037892938,29.848,0.5801666666666666,5.8825,22.879,0.06532760000000001,0.0,0.0,,0.8753535225987434,0.8753535225987434,0.8417025585025549,0.0,-0.07764130366034806,-0.08716938719153404,-0.0679849511012435,0.004826566546490556,0.62075,,,1,False,True,0,0.022493192333728075,0.017204538080841304,0.027970029320567844,0.0027627584933402824,0.46125000000000005,,,1,False,True,0
A,posterior_mean_shrunk,cell,B,50,tail_b2.0_mu1.0_c1.0_T50_cap64,tail_b2.0_mu1.0_c1.0,64,10361000,phi_k4,learned,1,1,2000,1,True,True,0.13963039525598286,0.13338094763457775,0.145872288197279,0.0031559641149259687,0.7357231273427606,0.0548879256695509,0.08474246958643197,22.56,0.42833333333333334,7.394,14.6495,0.08976360000000001,0.0,0.0,,0.8753535225987434,0.8753535225987434,0.8204655969291925,0.0,-0.1110244428794831,-0.12035944759845733,-0.10163979195058347,0.00472282643777112,0.6697500000000001,,,1,False,True,0,-0.010889946885406971,-0.01588815883733332,-0.005845902604050936,0.0025391969319453083,0.51725,,,1,False,True,0
A,posterior_mean_shrunk,cell,B,50,tail_b2.0_mu1.0_c1.0_T50_cap64,tail_b2.0_mu1.0_c1.0,64,10361000,phi_reservoir_rule,learned,1,1,2000,1,True,True,0.16927783024311066,0.16226151213049889,0.17648833245038986,0.0035770068923298847,0.7060756923556328,0.02962141554057598,0.13965641470253468,33.656,0.6594999999999999,4.864,26.6975,0.047766800000000005,0.0,0.0,,0.8753535225987434,0.8753535225987434,0.8457321070581675,0.0,-0.08137700789235533,-0.09102423470467329,-0.07174832504242659,0.00490349288278634,0.62825,,,1,False,True,0,0.01875748810172081,0.012625003536231817,0.02509508957155049,0.0031955796798162736,0.46425000000000005,,,1,False,True,0
A,posterior_mean_shrunk,cell,B,50,tail_b2.0_mu1.0_c1.0_T50_cap64,tail_b2.0_mu1.0_c1.0,64,10361000,phi_sf_k16,learned,1,1,2000,1,True,True,0.16971397906914354,0.16263672932982445,0.17684778049588204,0.0036067720400223126,0.7056395435295999,0.03702102921903133,0.1326929498501122,28.488,0.5518333333333333,6.166,21.394,0.07056280000000001,0.0,0.0,,0.8753535225987434,0.8753535225987434,0.838332493379712,0.0,-0.08094085906632245,-0.09036763850599527,-0.0715084606781602,0.004759679959124788,0.62675,,,1,False,True,0,0.019193636927753686,0.01419083212967962,0.024390416406095027,0.0026287902047480087,0.46699999999999997,,,1,False,True,0
A,posterior_mean_shrunk,cell,B,50,tail_b2.0_mu1.0_c1.0_T50_cap64,tail_b2.0_mu1.0_c1.0,64,10361000,phi_sf_k16_noT1000,learned,1,1,2000,1,True,True,0.1620837840549648,0.15509875863790512,0.16925454325973988,0.003531006766756554,0.7132697385437786,0.05643327896296978,0.105650505091995,22.52,0.42749999999999994,7.187,13.66,0.0896044,0.0,0.0,,0.8753535225987434,0.8753535225987434,0.8189202436357736,0.0,-0.0885710540805012,-0.09789881221950054,-0.07932144179940223,0.0046433360883669636,0.64125,,,1,False,True,0,0.011563441913574933,0.007008141058031471,0.01625352702103555,0.0023220553953522435,0.482,,,1,False,True,0
A,posterior_mean_shrunk,cell,B,50,tail_b2.0_mu1.0_c1.0_T50_cap64,tail_b2.0_mu1.0_c1.0,64,10361000,power_a0.25,baseline,1,1,2000,1,True,True,0.15052034214138985,0.14414188042283058,0.15680614933371545,0.0032669120874089293,0.7248331804573536,0.06899496786296368,0.08152537427842617,21.0,0.39583333333333326,6.924,10.5965,0.08491280000000001,0.0,,,0.8753535225987434,0.8753535225987434,0.8063585547357798,0.0,-0.10013449599407613,-0.10930477604269981,-0.09099629987031221,0.0046311715669602824,0.6575,,,1,False,True,0,0.0,0.0,0.0,0.0,0.5,,,1,False,True,0
A,posterior_mean_shrunk,cell,B,50,tail_b2.0_mu1.0_c1.0_T50_cap64,tail_b2.0_mu1.0_c1.0,64,10361000,power_a0.33,baseline,1,1,2000,1,True,True,0.14736722026020288,0.14107597656548024,0.15379797518253327,0.0032488746208060304,0.7279863023385406,0.06026031182706356,0.08710690843313933,23.0,0.4375,6.6565,13.4815,0.07876360000000002,0.0,,,0.8753535225987434,0.8753535225987434,0.8150932107716798,0.0,-0.1032876178752631,-0.1126513259485364,-0.09400220587849617,0.004657481920755881,0.66,,,1,False,True,0,-0.003153121881186962,-0.006864028424024581,0.0005331479318556365,0.0018903247300756257,0.50575,,,1,False,True,0
A,posterior_mean_shrunk,cell,B,50,tail_b2.0_mu1.0_c1.0_T50_cap64,tail_b2.0_mu1.0_c1.0,64,10361000,power_a0.5,baseline,1,1,2000,1,True,True,0.15234011171758174,0.145962380617857,0.1586691126227379,0.0032904033729739403,0.7230134108811617,0.06899496786296368,0.08334514385461807,21.0,0.39583333333333326,6.661,10.3175,0.0821456,0.0,,,0.8753535225987434,0.8753535225987434,0.8063585547357798,0.0,-0.09831472641788423,-0.107532655633986,-0.08911029212176799,0.004633880859437238,0.64875,,,1,False,True,0,0.001819769576191902,-0.0006977476135944012,0.004306932736653834,0.001261194505103661,0.496,,,1,False,True,0
A,posterior_mean_shrunk,cell,B,50,tail_b2.0_mu1.0_c1.0_T50_cap64,tail_b2.0_mu1.0_c1.0,64,10361000,power_a0.67,baseline,1,1,2000,1,True,True,0.15025793939828871,0.14391960203647614,0.1567092940211296,0.0032377060032255872,0.7250955832004548,0.05363941316306591,0.09661852623522281,25.0,0.4791666666666668,5.8195,15.1395,0.06744,0.0,,,0.8753535225987434,0.8753535225987434,0.8217141094356776,0.0,-0.10039689873717725,-0.10983751993626356,-0.09074546936899423,0.004757261788592965,0.6557499999999999,,,1,False,True,0,-0.00026240274310112,-0.005496996571309862,0.0050232171779498415,0.0026382885496895178,0.5015,,,1,False,True,0
A,posterior_mean_shrunk,cell,B,50,tail_b2.0_mu1.0_c1.0_T50_cap64,tail_b2.0_mu1.0_c1.0,64,10361000,refine_after_init,baseline,1,1,2000,1,True,True,0.21526052104867996,0.20769861564040185,0.22279155850410462,0.003845037460346851,0.6600930015500635,0.17692501260340213,0.03833550844527781,8.0,0.125,12.5355,0.2065,0.190214,0.0185,,,0.8753535225987434,0.8753535225987434,0.6984285099953413,0.0,-0.03539431708678603,-0.04120050733909011,-0.029741168720647693,0.0029251278263127257,0.554,,,1,False,True,0,0.0647401789072901,0.05641413284465671,0.07311230730265378,0.004232095276796206,0.39549999999999996,,,1,False,True,0
A,posterior_mean_shrunk,cell,B,50,tail_b2.0_mu1.0_c1.0_T50_cap64,tail_b2.0_mu1.0_c1.0,64,10361000,rule_reservoir,rule,1,1,2000,1,True,True,0.1853718027509749,0.17820473462343217,0.19251894801855088,0.0036543120800119054,0.6899817198477686,0.11769621139764785,0.06767559135332704,15.1895,0.27478125,9.2995,5.056,0.1282588,0.0235,0.0,,0.8753535225987434,0.8753535225987434,0.7576573112010956,0.0,-0.06528303538449108,-0.07345985006541014,-0.0571685053408146,0.004150267255776785,0.6,,,1,False,True,0,0.03485146060958505,0.028134950483217836,0.041545853950083256,0.0034473819221826183,0.4395,,,1,False,True,0
A,posterior_mean_shrunk,cell,B,50,tail_b2.0_mu1.0_c1.0_T50_cap64,tail_b2.0_mu1.0_c1.0,64,10361000,uniform,baseline,1,1,2000,1,True,True,0.1705962634757161,0.16371881812810898,0.1775863327085972,0.0035469558094592523,0.7047572591230273,0.05046276664733887,0.12013349682837725,26.0055,0.5001145833333334,4.9505,14.759,0.0592784,0.0,,,0.8753535225987434,0.8753535225987434,0.8248907559514046,0.0,-0.08005857465974986,-0.08957566898316144,-0.07051276136189699,0.00481957581926858,0.623,,,1,False,True,0,0.020075921334326268,0.014263829495757819,0.026141459029167886,0.003032528172695309,0.4665,,,1,False,True,0
A,posterior_mean_shrunk,cell,B,1000,tail_b8.0_mu1.0_c1.0_T1000_cap64,tail_b8.0_mu1.0_c1.0,64,10478000,always_search,baseline,1,1,2000,1,True,True,0.1785680652782321,0.17396408654749393,0.18322824761271478,0.0023842915616269725,0.4251358781829476,0.16395166869461536,0.014616396583616733,64.0,0.062124248496993974,118.127,0.0,0.050185863000000004,1.626,,64.0,0.6037039434611797,0.43975227476656437,0.43975227476656437,1.0,-0.04602408385276795,-0.05012448560446501,-0.04223884828388691,0.001997352512879071,0.657,,,1,False,True,0,0.0,0.0,0.0,0.0,0.5,,,1,False,True,0
A,posterior_mean_shrunk,cell,B,1000,tail_b8.0_mu1.0_c1.0_T1000_cap64,tail_b8.0_mu1.0_c1.0,64,10478000,cp0,reference,1,1,2000,1,True,True,0.22459214913100004,0.2199038654565811,0.2295427393168211,0.002472035359459648,0.3791117943301797,0.21643235354870557,0.008159795582294464,30.784,0.028841683366733456,191.9605,0.0,0.108937318,3.0405,,,0.6037039434611797,0.43975227476656437,0.3872715899124742,0.0,0.0,0.0,0.0,0.0,0.5,,,1,False,True,0,0.04602408385276795,0.04223884828388691,0.05012448560446501,0.001997352512879071,0.343,,,1,False,True,0
A,posterior_mean_shrunk,cell,B,1000,tail_b8.0_mu1.0_c1.0_T1000_cap64,tail_b8.0_mu1.0_c1.0,64,10478000,fixed_K16,baseline,1,1,2000,1,True,True,0.27069866452366115,0.2658530384302139,0.27573271095752716,0.0025600777575482746,0.3330052789375186,0.2661719079427421,0.004526756580919027,16.0,0.014028056112224454,310.3185,0.0,0.21540911,2.4605,,,0.6037039434611797,0.43975227476656437,0.33753203551843763,0.0,0.04610651539266109,0.042621086724102496,0.049643836356699465,0.0017957192154881296,0.32575,,,1,False,True,0,0.09213059924542905,0.08749403692781925,0.0969127682968974,0.0024169637668186037,0.21475,,,1,False,True,0
A,posterior_mean_shrunk,cell,B,1000,tail_b8.0_mu1.0_c1.0_T1000_cap64,tail_b8.0_mu1.0_c1.0,64,10478000,p3_star,reference,1,1,2000,1,True,True,0.1785680652782321,0.17396408654749393,0.18322824761271478,0.0023842915616269725,0.4251358781829476,0.16395166869461536,0.014616396583616733,64.0,0.062124248496993974,118.127,0.0,0.050185863000000004,1.626,,272.0,0.6037039434611797,0.43975227476656437,0.43975227476656437,1.0,-0.04602408385276795,-0.05012448560446501,-0.04223884828388691,0.001997352512879071,0.657,,,1,False,True,0,0.0,0.0,0.0,0.0,0.5,,,1,False,True,0
A,posterior_mean_shrunk,cell,B,1000,tail_b8.0_mu1.0_c1.0_T1000_cap64,tail_b8.0_mu1.0_c1.0,64,10478000,phi_k1,learned,1,1,2000,1,True,True,0.1785680652782321,0.17396408654749393,0.18322824761271478,0.0023842915616269725,0.4251358781829476,0.16395166869461536,0.014616396583616733,64.0,0.062124248496993974,118.127,0.0,0.050185863000000004,1.626,936.0,64.0,0.6037039434611797,0.43975227476656437,0.43975227476656437,1.0,-0.04602408385276795,-0.05012448560446501,-0.04223884828388691,0.001997352512879071,0.657,,,1,False,True,0,0.0,0.0,0.0,0.0,0.5,,,1,False,True,0
A,posterior_mean_shrunk,cell,B,1000,tail_b8.0_mu1.0_c1.0_T1000_cap64,tail_b8.0_mu1.0_c1.0,64,10478000,phi_k16,learned,1,1,2000,1,True,True,0.1785680652782321,0.17396408654749393,0.18322824761271478,0.0023842915616269725,0.4251358781829476,0.16395166869461536,0.014616396583616733,64.0,0.062124248496993974,118.127,0.0,0.050185863000000004,1.626,936.0,64.0,0.6037039434611797,0.43975227476656437,0.43975227476656437,1.0,-0.04602408385276795,-0.05012448560446501,-0.04223884828388691,0.001997352512879071,0.657,,,1,False,True,0,0.0,0.0,0.0,0.0,0.5,,,1,False,True,0
A,posterior_mean_shrunk,cell,B,1000,tail_b8.0_mu1.0_c1.0_T1000_cap64,tail_b8.0_mu1.0_c1.0,64,10478000,phi_k16_all71,learned,1,1,2000,1,True,True,0.1785680652782321,0.17396408654749393,0.18322824761271478,0.0023842915616269725,0.4251358781829476,0.16395166869461536,0.014616396583616733,64.0,0.062124248496993974,118.127,0.0,0.050185863000000004,1.626,936.0,64.0,0.6037039434611797,0.43975227476656437,0.43975227476656437,1.0,-0.04602408385276795,-0.05012448560446501,-0.04223884828388691,0.001997352512879071,0.657,,,1,False,True,0,0.0,0.0,0.0,0.0,0.5,,,1,False,True,0
A,posterior_mean_shrunk,cell,B,1000,tail_b8.0_mu1.0_c1.0_T1000_cap64,tail_b8.0_mu1.0_c1.0,64,10478000,phi_k16_clock,learned,1,1,2000,1,True,True,0.1785680652782321,0.17396408654749393,0.18322824761271478,0.0023842915616269725,0.4251358781829476,0.16395166869461536,0.014616396583616733,64.0,0.062124248496993974,118.127,0.0,0.050185863000000004,1.626,936.0,64.0,0.6037039434611797,0.43975227476656437,0.43975227476656437,1.0,-0.04602408385276795,-0.05012448560446501,-0.04223884828388691,0.001997352512879071,0.657,,,1,False,True,0,0.0,0.0,0.0,0.0,0.5,,,1,False,True,0
A,posterior_mean_shrunk,cell,B,1000,tail_b8.0_mu1.0_c1.0_T1000_cap64,tail_b8.0_mu1.0_c1.0,64,10478000,phi_k16_cs,learned,1,1,2000,1,True,True,0.1785680652782321,0.17396408654749393,0.18322824761271478,0.0023842915616269725,0.4251358781829476,0.16395166869461536,0.014616396583616733,64.0,0.062124248496993974,118.127,0.0,0.050185863000000004,1.626,936.0,64.0,0.6037039434611797,0.43975227476656437,0.43975227476656437,1.0,-0.04602408385276795,-0.05012448560446501,-0.04223884828388691,0.001997352512879071,0.657,,,1,False,True,0,0.0,0.0,0.0,0.0,0.5,,,1,False,True,0
A,posterior_mean_shrunk,cell,B,1000,tail_b8.0_mu1.0_c1.0_T1000_cap64,tail_b8.0_mu1.0_c1.0,64,10478000,phi_k16_famA_only,learned,1,1,2000,1,True,True,0.1785680652782321,0.17396408654749393,0.18322824761271478,0.0023842915616269725,0.4251358781829476,0.16395166869461536,0.014616396583616733,64.0,0.062124248496993974,118.127,0.0,0.050185863000000004,1.626,930.645,65.984,0.6037039434611797,0.43975227476656437,0.43975227476656437,1.0,-0.04602408385276795,-0.05012448560446501,-0.04223884828388691,0.001997352512879071,0.657,,,1,False,True,0,0.0,0.0,0.0,0.0,0.5,,,1,False,True,0
A,posterior_mean_shrunk,cell,B,1000,tail_b8.0_mu1.0_c1.0_T1000_cap64,tail_b8.0_mu1.0_c1.0,64,10478000,phi_k16_famB_only,learned,1,1,2000,1,True,True,0.1785680652782321,0.17396408654749393,0.18322824761271478,0.0023842915616269725,0.4251358781829476,0.16395166869461536,0.014616396583616733,64.0,0.062124248496993974,118.127,0.0,0.050185863000000004,1.626,936.0,64.0,0.6037039434611797,0.43975227476656437,0.43975227476656437,1.0,-0.04602408385276795,-0.05012448560446501,-0.04223884828388691,0.001997352512879071,0.657,,,1,False,True,0,0.0,0.0,0.0,0.0,0.5,,,1,False,True,0
A,posterior_mean_shrunk,cell,B,1000,tail_b8.0_mu1.0_c1.0_T1000_cap64,tail_b8.0_mu1.0_c1.0,64,10478000,phi_k16_guard,learned,1,1,2000,1,True,True,0.1785680652782321,0.17396408654749393,0.18322824761271478,0.0023842915616269725,0.4251358781829476,0.16395166869461536,0.014616396583616733,64.0,0.062124248496993974,118.127,0.0,0.050185863000000004,1.626,807.0,64.0,0.6037039434611797,0.43975227476656437,0.43975227476656437,1.0,-0.04602408385276795,-0.05012448560446501,-0.04223884828388691,0.001997352512879071,0.657,,,1,False,True,0,0.0,0.0,0.0,0.0,0.5,,,1,False,True,0
A,posterior_mean_shrunk,cell,B,1000,tail_b8.0_mu1.0_c1.0_T1000_cap64,tail_b8.0_mu1.0_c1.0,64,10478000,phi_k16_hgb,learned,1,1,2000,1,True,True,0.1785680652782321,0.17396408654749393,0.18322824761271478,0.0023842915616269725,0.4251358781829476,0.16395166869461536,0.014616396583616733,64.0,0.062124248496993974,118.127,0.0,0.050185863000000004,1.626,932.993,64.0,0.6037039434611797,0.43975227476656437,0.43975227476656437,1.0,-0.04602408385276795,-0.05012448560446501,-0.04223884828388691,0.001997352512879071,0.657,,,1,False,True,0,0.0,0.0,0.0,0.0,0.5,,,1,False,True,0
A,posterior_mean_shrunk,cell,B,1000,tail_b8.0_mu1.0_c1.0_T1000_cap64,tail_b8.0_mu1.0_c1.0,64,10478000,phi_k16_lucb,learned,1,1,2000,1,True,True,0.1785680652782321,0.17396408654749393,0.18322824761271478,0.0023842915616269725,0.4251358781829476,0.16395166869461536,0.014616396583616733,64.0,0.062124248496993974,118.127,0.0,0.050185863000000004,1.626,933.864,65.696,0.6037039434611797,0.43975227476656437,0.43975227476656437,1.0,-0.04602408385276795,-0.05012448560446501,-0.04223884828388691,0.001997352512879071,0.657,,,1,False,True,0,0.0,0.0,0.0,0.0,0.5,,,1,False,True,0
A,posterior_mean_shrunk,cell,B,1000,tail_b8.0_mu1.0_c1.0_T1000_cap64,tail_b8.0_mu1.0_c1.0,64,10478000,phi_k16_noT1000,learned,1,1,2000,1,True,True,0.1785680652782321,0.17396408654749393,0.18322824761271478,0.0023842915616269725,0.4251358781829476,0.16395166869461536,0.014616396583616733,64.0,0.062124248496993974,118.127,0.0,0.050185863000000004,1.626,936.0,64.0,0.6037039434611797,0.43975227476656437,0.43975227476656437,1.0,-0.04602408385276795,-0.05012448560446501,-0.04223884828388691,0.001997352512879071,0.657,,,1,False,True,0,0.0,0.0,0.0,0.0,0.5,,,1,False,True,0
A,posterior_mean_shrunk,cell,B,1000,tail_b8.0_mu1.0_c1.0_T1000_cap64,tail_b8.0_mu1.0_c1.0,64,10478000,phi_k16_noT200,learned,1,1,2000,1,True,True,0.1785680652782321,0.17396408654749393,0.18322824761271478,0.0023842915616269725,0.4251358781829476,0.16395166869461536,0.014616396583616733,64.0,0.062124248496993974,118.127,0.0,0.050185863000000004,1.626,936.0,64.0,0.6037039434611797,0.43975227476656437,0.43975227476656437,1.0,-0.04602408385276795,-0.05012448560446501,-0.04223884828388691,0.001997352512879071,0.657,,,1,False,True,0,0.0,0.0,0.0,0.0,0.5,,,1,False,True,0
A,posterior_mean_shrunk,cell,B,1000,tail_b8.0_mu1.0_c1.0_T1000_cap64,tail_b8.0_mu1.0_c1.0,64,10478000,phi_k16_noambig,learned,1,1,2000,1,True,True,0.1785680652782321,0.17396408654749393,0.18322824761271478,0.0023842915616269725,0.4251358781829476,0.16395166869461536,0.014616396583616733,64.0,0.062124248496993974,118.127,0.0,0.050185863000000004,1.626,936.0,64.0,0.6037039434611797,0.43975227476656437,0.43975227476656437,1.0,-0.04602408385276795,-0.05012448560446501,-0.04223884828388691,0.001997352512879071,0.657,,,1,False,True,0,0.0,0.0,0.0,0.0,0.5,,,1,False,True,0
A,posterior_mean_shrunk,cell,B,1000,tail_b8.0_mu1.0_c1.0_T1000_cap64,tail_b8.0_mu1.0_c1.0,64,10478000,phi_k16_nopolicy,learned,1,1,2000,1,True,True,0.1785680652782321,0.17396408654749393,0.18322824761271478,0.0023842915616269725,0.4251358781829476,0.16395166869461536,0.014616396583616733,64.0,0.062124248496993974,118.127,0.0,0.050185863000000004,1.626,936.0,64.0,0.6037039434611797,0.43975227476656437,0.43975227476656437,1.0,-0.04602408385276795,-0.05012448560446501,-0.04223884828388691,0.001997352512879071,0.657,,,1,False,True,0,0.0,0.0,0.0,0.0,0.5,,,1,False,True,0
A,posterior_mean_shrunk,cell,B,1000,tail_b8.0_mu1.0_c1.0_T1000_cap64,tail_b8.0_mu1.0_c1.0,64,10478000,phi_k16_notrunc,learned,1,1,2000,1,True,True,0.1785680652782321,0.17396408654749393,0.18322824761271478,0.0023842915616269725,0.4251358781829476,0.16395166869461536,0.014616396583616733,64.0,0.062124248496993974,118.127,0.0,0.050185863000000004,1.626,936.0,64.0,0.6037039434611797,0.43975227476656437,0.43975227476656437,1.0,-0.04602408385276795,-0.05012448560446501,-0.04223884828388691,0.001997352512879071,0.657,,,1,False,True,0,0.0,0.0,0.0,0.0,0.5,,,1,False,True,0
A,posterior_mean_shrunk,cell,B,1000,tail_b8.0_mu1.0_c1.0_T1000_cap64,tail_b8.0_mu1.0_c1.0,64,10478000,phi_k16_onpolicy_only,learned,1,1,2000,1,True,True,0.18024874089471996,0.17552357241511346,0.18500913344323636,0.002429389456773683,0.4234552025664598,0.1657917704526335,0.014456970442086459,63.473,0.061596192384769516,122.1445,0.0,0.054407264,1.629,326.449,64.05648008068583,0.6037039434611797,0.43975227476656437,0.43791217300854623,0.9915,-0.04434340823628009,-0.048536135070025924,-0.0405053922906518,0.002040688231276702,0.65225,,,1,False,True,0,0.0016806756164878607,0.0008264390155090952,0.0026330613647587596,0.00046896397087664625,0.49675,,,1,False,True,0
A,posterior_mean_shrunk,cell,B,1000,tail_b8.0_mu1.0_c1.0_T1000_cap64,tail_b8.0_mu1.0_c1.0,64,10478000,phi_k16_onpolicy_union,learned,1,1,2000,1,True,True,0.1785680652782321,0.17396408654749393,0.18322824761271478,0.0023842915616269725,0.4251358781829476,0.16395166869461536,0.014616396583616733,64.0,0.062124248496993974,118.127,0.0,0.050185863000000004,1.626,936.0,64.0,0.6037039434611797,0.43975227476656437,0.43975227476656437,1.0,-0.04602408385276795,-0.05012448560446501,-0.04223884828388691,0.001997352512879071,0.657,,,1,False,True,0,0.0,0.0,0.0,0.0,0.5,,,1,False,True,0
A,posterior_mean_shrunk,cell,B,1000,tail_b8.0_mu1.0_c1.0_T1000_cap64,tail_b8.0_mu1.0_c1.0,64,10478000,phi_k16_perstep,learned,1,1,2000,1,True,True,0.1785680652782321,0.17396408654749393,0.18322824761271478,0.0023842915616269725,0.4251358781829476,0.16395166869461536,0.014616396583616733,64.0,0.062124248496993974,118.127,0.0,0.050185863000000004,1.626,935.9995,64.0005,0.6037039434611797,0.43975227476656437,0.43975227476656437,1.0,-0.04602408385276795,-0.05012448560446501,-0.04223884828388691,0.001997352512879071,0.657,,,1,False,True,0,0.0,0.0,0.0,0.0,0.5,,,1,False,True,0
A,posterior_mean_shrunk,cell,B,1000,tail_b8.0_mu1.0_c1.0_T1000_cap64,tail_b8.0_mu1.0_c1.0,64,10478000,phi_k16_quality,learned,1,1,2000,1,True,True,0.1785680652782321,0.17396408654749393,0.18322824761271478,0.0023842915616269725,0.4251358781829476,0.16395166869461536,0.014616396583616733,64.0,0.062124248496993974,118.127,0.0,0.050185863000000004,1.626,936.0,64.0,0.6037039434611797,0.43975227476656437,0.43975227476656437,1.0,-0.04602408385276795,-0.05012448560446501,-0.04223884828388691,0.001997352512879071,0.657,,,1,False,True,0,0.0,0.0,0.0,0.0,0.5,,,1,False,True,0
A,posterior_mean_shrunk,cell,B,1000,tail_b8.0_mu1.0_c1.0_T1000_cap64,tail_b8.0_mu1.0_c1.0,64,10478000,phi_k16_tau05,learned,1,1,2000,1,True,True,0.1785680652782321,0.17396408654749393,0.18322824761271478,0.0023842915616269725,0.4251358781829476,0.16395166869461536,0.014616396583616733,64.0,0.062124248496993974,118.127,0.0,0.050185863000000004,1.626,936.0,64.0,0.6037039434611797,0.43975227476656437,0.43975227476656437,1.0,-0.04602408385276795,-0.05012448560446501,-0.04223884828388691,0.001997352512879071,0.657,,,1,False,True,0,0.0,0.0,0.0,0.0,0.5,,,1,False,True,0
A,posterior_mean_shrunk,cell,B,1000,tail_b8.0_mu1.0_c1.0_T1000_cap64,tail_b8.0_mu1.0_c1.0,64,10478000,phi_k16_weighted,learned,1,1,2000,1,True,True,0.1785680652782321,0.17396408654749393,0.18322824761271478,0.0023842915616269725,0.4251358781829476,0.16395166869461536,0.014616396583616733,64.0,0.062124248496993974,118.127,0.0,0.050185863000000004,1.626,926.656,71.472,0.6037039434611797,0.43975227476656437,0.43975227476656437,1.0,-0.04602408385276795,-0.05012448560446501,-0.04223884828388691,0.001997352512879071,0.657,,,1,False,True,0,0.0,0.0,0.0,0.0,0.5,,,1,False,True,0
A,posterior_mean_shrunk,cell,B,1000,tail_b8.0_mu1.0_c1.0_T1000_cap64,tail_b8.0_mu1.0_c1.0,64,10478000,phi_k4,learned,1,1,2000,1,True,True,0.1785680652782321,0.17396408654749393,0.18322824761271478,0.0023842915616269725,0.4251358781829476,0.16395166869461536,0.014616396583616733,64.0,0.062124248496993974,118.127,0.0,0.050185863000000004,1.626,936.0,64.0,0.6037039434611797,0.43975227476656437,0.43975227476656437,1.0,-0.04602408385276795,-0.05012448560446501,-0.04223884828388691,0.001997352512879071,0.657,,,1,False,True,0,0.0,0.0,0.0,0.0,0.5,,,1,False,True,0
A,posterior_mean_shrunk,cell,B,1000,tail_b8.0_mu1.0_c1.0_T1000_cap64,tail_b8.0_mu1.0_c1.0,64,10478000,phi_reservoir_rule,learned,1,1,2000,1,True,True,0.1785680652782321,0.17396408654749393,0.18322824761271478,0.0023842915616269725,0.4251358781829476,0.16395166869461536,0.014616396583616733,64.0,0.062124248496993974,118.127,0.0,0.050185863000000004,1.626,179.544,72.712,0.6037039434611797,0.43975227476656437,0.43975227476656437,1.0,-0.04602408385276795,-0.05012448560446501,-0.04223884828388691,0.001997352512879071,0.657,,,1,False,True,0,0.0,0.0,0.0,0.0,0.5,,,1,False,True,0
A,posterior_mean_shrunk,cell,B,1000,tail_b8.0_mu1.0_c1.0_T1000_cap64,tail_b8.0_mu1.0_c1.0,64,10478000,phi_sf_k16,learned,1,1,2000,1,True,True,0.1785680652782321,0.17396408654749393,0.18322824761271478,0.0023842915616269725,0.4251358781829476,0.16395166869461536,0.014616396583616733,64.0,0.062124248496993974,118.127,0.0,0.050185863000000004,1.626,935.936,64.04,0.6037039434611797,0.43975227476656437,0.43975227476656437,1.0,-0.04602408385276795,-0.05012448560446501,-0.04223884828388691,0.001997352512879071,0.657,,,1,False,True,0,0.0,0.0,0.0,0.0,0.5,,,1,False,True,0
A,posterior_mean_shrunk,cell,B,1000,tail_b8.0_mu1.0_c1.0_T1000_cap64,tail_b8.0_mu1.0_c1.0,64,10478000,phi_sf_k16_noT1000,learned,1,1,2000,1,True,True,0.1785680652782321,0.17396408654749393,0.18322824761271478,0.0023842915616269725,0.4251358781829476,0.16395166869461536,0.014616396583616733,64.0,0.062124248496993974,118.127,0.0,0.050185863000000004,1.626,914.0,83.648,0.6037039434611797,0.43975227476656437,0.43975227476656437,1.0,-0.04602408385276795,-0.05012448560446501,-0.04223884828388691,0.001997352512879071,0.657,,,1,False,True,0,0.0,0.0,0.0,0.0,0.5,,,1,False,True,0
A,posterior_mean_shrunk,cell,B,1000,tail_b8.0_mu1.0_c1.0_T1000_cap64,tail_b8.0_mu1.0_c1.0,64,10478000,power_a0.25,baseline,1,1,2000,1,True,True,0.1785680652782321,0.17396408654749393,0.18322824761271478,0.0023842915616269725,0.4251358781829476,0.16395166869461536,0.014616396583616733,64.0,0.062124248496993974,118.127,0.0,0.050185863000000004,1.626,,272.0,0.6037039434611797,0.43975227476656437,0.43975227476656437,1.0,-0.04602408385276795,-0.05012448560446501,-0.04223884828388691,0.001997352512879071,0.657,,,1,False,True,0,0.0,0.0,0.0,0.0,0.5,,,1,False,True,0
A,posterior_mean_shrunk,cell,B,1000,tail_b8.0_mu1.0_c1.0_T1000_cap64,tail_b8.0_mu1.0_c1.0,64,10478000,power_a0.33,baseline,1,1,2000,1,True,True,0.1785680652782321,0.17396408654749393,0.18322824761271478,0.0023842915616269725,0.4251358781829476,0.16395166869461536,0.014616396583616733,64.0,0.062124248496993974,118.126,0.0,0.050184654,1.626,,393.0,0.6037039434611797,0.43975227476656437,0.43975227476656437,1.0,-0.04602408385276795,-0.05012448560446501,-0.04223884828388691,0.001997352512879071,0.657,,,1,False,True,0,0.0,0.0,0.0,0.0,0.5,,,1,False,True,0
A,posterior_mean_shrunk,cell,B,1000,tail_b8.0_mu1.0_c1.0_T1000_cap64,tail_b8.0_mu1.0_c1.0,64,10478000,power_a0.5,baseline,1,1,2000,1,True,True,0.1785680652782321,0.17396408654749393,0.18322824761271478,0.0023842915616269725,0.4251358781829476,0.16395166869461536,0.014616396583616733,64.0,0.062124248496993974,118.127,0.0,0.050185863000000004,1.626,,87.0,0.6037039434611797,0.43975227476656437,0.43975227476656437,1.0,-0.04602408385276795,-0.05012448560446501,-0.04223884828388691,0.001997352512879071,0.657,,,1,False,True,0,0.0,0.0,0.0,0.0,0.5,,,1,False,True,0
A,posterior_mean_shrunk,cell,B,1000,tail_b8.0_mu1.0_c1.0_T1000_cap64,tail_b8.0_mu1.0_c1.0,64,10478000,power_a0.67,baseline,1,1,2000,1,True,True,0.1785680652782321,0.17396408654749393,0.18322824761271478,0.0023842915616269725,0.4251358781829476,0.16395166869461536,0.014616396583616733,64.0,0.062124248496993974,118.0445,0.0,0.050093448,1.636,,480.0,0.6037039434611797,0.43975227476656437,0.43975227476656437,1.0,-0.04602408385276795,-0.05012448560446501,-0.04223884828388691,0.001997352512879071,0.657,,,1,False,True,0,0.0,0.0,0.0,0.0,0.5,,,1,False,True,0
A,posterior_mean_shrunk,cell,B,1000,tail_b8.0_mu1.0_c1.0_T1000_cap64,tail_b8.0_mu1.0_c1.0,64,10478000,refine_after_init,baseline,1,1,2000,1,True,True,0.3241426984630525,0.3188965007662773,0.3293838046491146,0.002665101905413605,0.27956124499812723,0.3215633840560913,0.0025793144069612027,8.0,0.006012024048096194,410.8375,0.0,0.32492957699999997,1.8365,,,0.6037039434611797,0.43975227476656437,0.2821405594050884,0.0,0.09955054933205247,0.09476821515709162,0.10425884202122689,0.002395980912179861,0.189,,,1,False,True,0,0.14557463318482042,0.14019635394215585,0.15097405202686787,0.0027315234464293783,0.1205,,,1,False,True,0
A,posterior_mean_shrunk,cell,B,1000,tail_b8.0_mu1.0_c1.0_T1000_cap64,tail_b8.0_mu1.0_c1.0,64,10478000,rule_reservoir,rule,1,1,2000,1,True,True,0.18306192678958177,0.17854710146784783,0.18769409731030465,0.0023696355270086114,0.42064201667159795,0.16917992813140154,0.013881998658180237,58.488,0.05660120240480961,134.66,0.0,0.062039199999999996,2.2075,12.9355,240.02072538860102,0.6037039434611797,0.43975227476656437,0.4345240153297782,0.579,-0.04153022234141827,-0.045329368300735945,-0.03788721533492208,0.0019036993793607794,0.64525,,,1,False,True,0,0.004493861511349678,0.003269058669684455,0.005810750229284167,0.0006556524023478565,0.48224999999999996,,,1,False,True,0
A,posterior_mean_shrunk,cell,B,1000,tail_b8.0_mu1.0_c1.0_T1000_cap64,tail_b8.0_mu1.0_c1.0,64,10478000,uniform,baseline,1,1,2000,1,True,True,0.1785680652782321,0.17396408654749393,0.18322824761271478,0.0023842915616269725,0.4251358781829476,0.16395166869461536,0.014616396583616733,64.0,0.062124248496993974,118.127,0.0,0.050185863000000004,1.626,,125.946,0.6037039434611797,0.43975227476656437,0.43975227476656437,1.0,-0.04602408385276795,-0.05012448560446501,-0.04223884828388691,0.001997352512879071,0.657,,,1,False,True,0,0.0,0.0,0.0,0.0,0.5,,,1,False,True,0
A,posterior_mean_shrunk,cell,B,100,tail_b8.0_mu1.0_c1.0_T100_cap64,tail_b8.0_mu1.0_c1.0,64,10469000,always_search,baseline,1,1,2000,1,True,True,0.1813411211729981,0.17554816529154776,0.18719430081546307,0.002966261252083091,0.2890743758319877,0.031220836900174617,0.15012028427282348,64.0,0.6326530612244898,3.4445,39.641,0.020350100000000003,0.0,,64.0,0.4704154970049858,0.4391946601048112,0.4391946601048112,1.0,-0.030705256530782207,-0.03782611098140478,-0.023521112790331245,0.003665393012067906,0.5575,,,1,False,True,0,0.0009715404598973691,-0.005282593960873783,0.007056491076946253,0.0031618859056879896,0.4835,,,1,False,True,0
A,posterior_mean_shrunk,cell,B,100,tail_b8.0_mu1.0_c1.0_T100_cap64,tail_b8.0_mu1.0_c1.0,64,10469000,cp0,reference,1,1,2000,1,True,True,0.21204637770378032,0.20644709505140782,0.2177528075873852,0.0028701222267278944,0.2583691193012055,0.1803928287550807,0.03165354894869961,9.0,0.0714285714285714,18.7545,0.0,0.13649270000000002,0.0155,,,0.4704154970049858,0.4391946601048112,0.29002266824990514,0.0,0.0,0.0,0.0,0.0,0.5,,,1,False,True,0,0.03167679699067958,0.02489509056322277,0.0382584567181766,0.003389354837575621,0.432,,,1,False,True,0
A,posterior_mean_shrunk,cell,B,100,tail_b8.0_mu1.0_c1.0_T100_cap64,tail_b8.0_mu1.0_c1.0,64,10469000,fixed_K16,baseline,1,1,2000,1,True,True,0.19004999695625155,0.18429250940680503,0.19582281783223152,0.0029272314063478705,0.28036550004873423,0.13255816965922712,0.05749182729702443,16.0,0.1428571428571428,11.773,0.0,0.0768575,0.0015,,,0.4704154970049858,0.4391946601048112,0.3378573273457587,0.0,-0.021996380747528747,-0.02692330740392208,-0.01703777457587421,0.0024936412991686087,0.54925,,,1,False,True,0,0.00968041624315083,0.0035827625368256145,0.015615224605426192,0.0030531748657125365,0.48275,,,1,False,True,0
A,posterior_mean_shrunk,cell,B,100,tail_b8.0_mu1.0_c1.0_T100_cap64,tail_b8.0_mu1.0_c1.0,64,10469000,p3_star,reference,1,1,2000,1,True,True,0.18036958071310072,0.17456594482064247,0.18620350062847138,0.002982252505771099,0.2900459162918851,0.0744930155724287,0.10587656514067202,36.0,0.34693877551020413,5.7015,0.0035,0.033691900000000004,0.0,,,0.4704154970049858,0.4391946601048112,0.3959224814325571,0.0,-0.03167679699067958,-0.038258456718176605,-0.024895090563222772,0.003389354837575621,0.568,,,1,False,True,0,0.0,0.0,0.0,0.0,0.5,,,1,False,True,0
A,posterior_mean_shrunk,cell,B,100,tail_b8.0_mu1.0_c1.0_T100_cap64,tail_b8.0_mu1.0_c1.0,64,10469000,phi_k1,learned,1,1,2000,1,True,True,0.1813411211729981,0.17554816529154776,0.18719430081546307,0.002966261252083091,0.2890743758319877,0.031220836900174617,0.15012028427282348,63.993,0.6325816326530613,3.4445,39.6345,0.020353200000000002,0.0,27.456,71.56462925851703,0.4704154970049858,0.4391946601048112,0.4391946601048112,0.998,-0.030705256530782207,-0.03782611098140478,-0.023521112790331245,0.003665393012067906,0.5575,,,1,False,True,0,0.0009715404598973691,-0.005282593960873783,0.007056491076946253,0.0031618859056879896,0.4835,,,1,False,True,0
A,posterior_mean_shrunk,cell,B,100,tail_b8.0_mu1.0_c1.0_T100_cap64,tail_b8.0_mu1.0_c1.0,64,10469000,phi_k16,learned,1,1,2000,1,True,True,0.1845228498657234,0.1788040567189455,0.19044875726103783,0.002969318991052643,0.28589264713926243,0.03598700052499771,0.1485358493407257,59.733,0.5891122448979591,3.4215,30.9215,0.021190999999999998,0.0,6.494,84.97374024130589,0.4704154970049858,0.4391946601048112,0.4344284964799881,0.7045,-0.027523527838056908,-0.03457514867186546,-0.020431726425886157,0.003599115486040404,0.555,,,1,False,True,0,0.00415326915262267,-0.0019320590945426373,0.010026406147517262,0.003069258655785597,0.47675,,,1,False,True,0
A,posterior_mean_shrunk,cell,B,100,tail_b8.0_mu1.0_c1.0_T100_cap64,tail_b8.0_mu1.0_c1.0,64,10469000,phi_k16_all71,learned,1,1,2000,1,True,True,0.18518616594048218,0.17948947846889496,0.1910664949566126,0.0029643099190276015,0.28522933106450366,0.03544299893081188,0.14974316700967027,60.473,0.5966632653061225,3.3995,32.2265,0.020967200000000002,0.0,6.272,86.56573705179282,0.4704154970049858,0.4391946601048112,0.43497249807417393,0.753,-0.02686021176329814,-0.03392632398754358,-0.019817892462015152,0.0035788859254767907,0.55475,,,1,False,True,0,0.004816585227381438,-0.0012766252388246354,0.010707669937983154,0.0030687704538474576,0.47650000000000003,,,1,False,True,0
A,posterior_mean_shrunk,cell,B,100,tail_b8.0_mu1.0_c1.0_T100_cap64,tail_b8.0_mu1.0_c1.0,64,10469000,phi_k16_clock,learned,1,1,2000,1,True,True,0.18237474194122477,0.17667821757495403,0.18806260526180268,0.0029553779536141095,0.28804075506376103,0.07925455041974783,0.10312019152147696,34.0,0.32653061224489793,5.968,0.0,0.03574290000000001,0.0,0.0,,0.4704154970049858,0.4391946601048112,0.391160946585238,0.0,-0.029671635762555524,-0.03621398424729705,-0.023035762785002592,0.0033258059088729077,0.5619999999999999,,,1,False,True,0,0.0020051612281240523,-0.00034749230180750593,0.004383696638979017,0.0012261388532108818,0.49674999999999997,,,1,False,True,0
A,posterior_mean_shrunk,cell,B,100,tail_b8.0_mu1.0_c1.0_T100_cap64,tail_b8.0_mu1.0_c1.0,64,10469000,phi_k16_cs,learned,1,1,2000,1,True,True,0.1845365521539934,0.17883235290646554,0.1904754653573036,0.0029700132380002377,0.2858789448509924,0.03598700052499771,0.1485495516289957,59.735,0.5891326530612244,3.4215,30.923,0.021191300000000003,0.0,6.479,84.97727272727273,0.4704154970049858,0.4391946601048112,0.4344284964799881,0.704,-0.027509825549786912,-0.034584792051464315,-0.020399267598986626,0.003605537976565389,0.55475,,,1,False,True,0,0.004166971440892666,-0.0019042087747948224,0.010076450742781155,0.0030744912881777637,0.47675,,,1,False,True,0
A,posterior_mean_shrunk,cell,B,100,tail_b8.0_mu1.0_c1.0_T100_cap64,tail_b8.0_mu1.0_c1.0,64,10469000,phi_k16_famA_only,learned,1,1,2000,1,True,True,0.18448802533606068,0.1787946455180645,0.190259375795722,0.0029346345162640946,0.2859274716689251,0.06333473731577396,0.12115328802028671,41.755,0.4056632653061224,4.8705,4.6785,0.0300697,0.0,0.0,,0.4704154970049858,0.4391946601048112,0.40708075968921187,0.0,-0.027558352367719634,-0.03435353776440024,-0.020638204272836448,0.003437171395232785,0.5575,,,1,False,True,0,0.004118444622959941,-6.271657039178366e-05,0.008312681620009242,0.002125138310443123,0.48775,,,1,False,True,0
A,posterior_mean_shrunk,cell,B,100,tail_b8.0_mu1.0_c1.0_T100_cap64,tail_b8.0_mu1.0_c1.0,64,10469000,phi_k16_famB_only,learned,1,1,2000,1,True,True,0.18581473493063821,0.18008733429014684,0.1917197536677122,0.0029712541005248116,0.2846007620743476,0.034259959846735,0.15155477508390322,61.118,0.6032448979591837,3.39,33.448,0.0208097,0.0,7.524,87.3270082226439,0.4704154970049858,0.4391946601048112,0.4361555371582508,0.7905,-0.026231642773142085,-0.033408538717776534,-0.019227931788191203,0.003596459002184365,0.55075,,,1,False,True,0,0.005445154217537492,-0.000700355517619755,0.011340121366083616,0.0030994712584738815,0.47375,,,1,False,True,0
A,posterior_mean_shrunk,cell,B,100,tail_b8.0_mu1.0_c1.0_T100_cap64,tail_b8.0_mu1.0_c1.0,64,10469000,phi_k16_guard,learned,1,1,2000,1,True,True,0.18512372386595236,0.1793808914721012,0.1908607192337513,0.0029817411817738672,0.2852917731390335,0.08436637930572033,0.10075734456023201,31.3,0.2989795918367347,6.1565,0.0,0.038156800000000005,0.0,0.0,,0.4704154970049858,0.4391946601048112,0.3860491176992655,0.0,-0.026922653837827965,-0.0334231048822403,-0.0203969013877213,0.0032781473023471173,0.55325,,,1,False,True,0,0.004754143152851611,0.0015793249680427835,0.007990744174458086,0.0016330871447072929,0.49224999999999997,,,1,False,True,0
A,posterior_mean_shrunk,cell,B,100,tail_b8.0_mu1.0_c1.0_T100_cap64,tail_b8.0_mu1.0_c1.0,64,10469000,phi_k16_hgb,learned,1,1,2000,1,True,True,0.18424020233051852,0.17846945784986018,0.19008132815361023,0.0029780509980202215,0.2861752946744673,0.03277772841602564,0.15146247391449288,62.973,0.6221734693877552,3.332,36.948,0.0203161,0.0,8.816,88.17058501913614,0.4704154970049858,0.4391946601048112,0.4376377685889602,0.9145,-0.027806175373261795,-0.03496800204738974,-0.02073855488561094,0.003637419586796685,0.5565,,,1,False,True,0,0.0038706216174177826,-0.0021980470628477633,0.00987581748049706,0.003083223836898608,0.47724999999999995,,,1,False,True,0
A,posterior_mean_shrunk,cell,B,100,tail_b8.0_mu1.0_c1.0_T100_cap64,tail_b8.0_mu1.0_c1.0,64,10469000,phi_k16_lucb,learned,1,1,2000,1,True,True,0.1862596626863815,0.18055947497487068,0.1921887628734112,0.0029686381261041063,0.2841558343186043,0.03412546392530203,0.15213419876107945,61.376,0.6058775510204082,3.383,33.915,0.020728499999999997,0.0,8.876,86.266500622665,0.4704154970049858,0.4391946601048112,0.4362900330796838,0.803,-0.02578671501739882,-0.03290512207895517,-0.018751251697540283,0.003593994692827295,0.5489999999999999,,,1,False,True,0,0.005890081973280757,-0.00022953858897380993,0.01175688907969743,0.0030887787168675405,0.47275,,,1,False,True,0
A,posterior_mean_shrunk,cell,B,100,tail_b8.0_mu1.0_c1.0_T100_cap64,tail_b8.0_mu1.0_c1.0,64,10469000,phi_k16_noT1000,learned,1,1,2000,1,True,True,0.1831652539097704,0.17743861973285674,0.18908223398029803,0.0029650419919948047,0.2872502430952154,0.03181871970742941,0.15134653420234098,63.537,0.6279285714285714,3.3975,38.395,0.0203209,0.0,17.845,79.09308372334894,0.4704154970049858,0.4391946601048112,0.4385967772975564,0.9615,-0.028881123794009908,-0.03603358240798116,-0.02169898790307343,0.0036562263758424477,0.555,,,1,False,True,0,0.002795673196669668,-0.0034843897854443633,0.00896621257998049,0.0031639981788562747,0.4785,,,1,False,True,0
A,posterior_mean_shrunk,cell,B,100,tail_b8.0_mu1.0_c1.0_T100_cap64,tail_b8.0_mu1.0_c1.0,64,10469000,phi_k16_noT200,learned,1,1,2000,1,True,True,0.18342141668731346,0.17770431824028493,0.18931409642100333,0.002979420541303434,0.2869940803176723,0.03232774572819471,0.15109367095911874,62.949,0.6219285714285716,3.399,37.2175,0.0204528,0.0,11.136,83.88720173535792,0.4704154970049858,0.4391946601048112,0.4380877512767911,0.922,-0.028624961016466843,-0.03577534658834338,-0.021493308478966366,0.0036418244777173788,0.5555,,,1,False,True,0,0.003051835974212736,-0.0031508346495684233,0.009119576797820626,0.003141939318238212,0.47975,,,1,False,True,0
A,posterior_mean_shrunk,cell,B,100,tail_b8.0_mu1.0_c1.0_T100_cap64,tail_b8.0_mu1.0_c1.0,64,10469000,phi_k16_noambig,learned,1,1,2000,1,True,True,0.18162869948009028,0.17587089128792285,0.18745585419237615,0.0029682347596340685,0.2887867975248955,0.03134036215394735,0.15028833732614294,63.964,0.6322857142857143,3.4235,39.419,0.020293,0.0,21.074,76.10832497492477,0.4704154970049858,0.4391946601048112,0.43907513485103844,0.997,-0.030417678223690018,-0.03759106583893299,-0.02323643527925015,0.0036667409580721433,0.5565,,,1,False,True,0,0.001259118766989559,-0.005008683225605636,0.007366495637688785,0.0031715614210161857,0.483,,,1,False,True,0
A,posterior_mean_shrunk,cell,B,100,tail_b8.0_mu1.0_c1.0_T100_cap64,tail_b8.0_mu1.0_c1.0,64,10469000,phi_k16_nopolicy,learned,1,1,2000,1,True,True,0.18363340600626543,0.1778323758393526,0.1894420228898525,0.0029280856316692577,0.2867820909987204,0.06400598506629467,0.11962742093997077,41.701,0.4051122448979592,4.864,5.032,0.030106700000000004,0.0,0.0,,0.4704154970049858,0.4391946601048112,0.4064095119386911,0.0,-0.028412971697514878,-0.035316231101751326,-0.02147162398323417,0.003439251033574261,0.55675,,,1,False,True,0,0.0032638252931647,-0.0009330456814495847,0.007298964948859065,0.002087804067879121,0.49,,,1,False,True,0
A,posterior_mean_shrunk,cell,B,100,tail_b8.0_mu1.0_c1.0_T100_cap64,tail_b8.0_mu1.0_c1.0,64,10469000,phi_k16_notrunc,learned,1,1,2000,1,True,True,0.18443777264514938,0.17851649783551693,0.19038547463715078,0.0029738670186067826,0.2859777243598364,0.037913889199495315,0.14652388344565406,58.041,0.5718469387755101,3.3945,27.486,0.021439299999999998,0.0,2.628,81.26498696785404,0.4704154970049858,0.4391946601048112,0.4325016078054905,0.5755,-0.027608605058630928,-0.03463593814522028,-0.020510894665494564,0.003629221063726888,0.55225,,,1,False,True,0,0.004068191932048649,-0.0019211902224924415,0.009974483028054234,0.0030608117986626786,0.47675,,,1,False,True,0
A,posterior_mean_shrunk,cell,B,100,tail_b8.0_mu1.0_c1.0_T100_cap64,tail_b8.0_mu1.0_c1.0,64,10469000,phi_k16_onpolicy_only,learned,1,1,2000,1,True,True,0.1813411211729981,0.17554816529154776,0.18719430081546307,0.002966261252083091,0.2890743758319877,0.031220836900174617,0.15012028427282348,64.0,0.6326530612244898,3.445,39.641,0.0203504,0.0,33.338,64.464,0.4704154970049858,0.4391946601048112,0.4391946601048112,1.0,-0.030705256530782207,-0.03782611098140478,-0.023521112790331245,0.003665393012067906,0.5575,,,1,False,True,0,0.0009715404598973691,-0.005282593960873783,0.007056491076946253,0.0031618859056879896,0.4835,,,1,False,True,0
A,posterior_mean_shrunk,cell,B,100,tail_b8.0_mu1.0_c1.0_T100_cap64,tail_b8.0_mu1.0_c1.0,64,10469000,phi_k16_onpolicy_union,learned,1,1,2000,1,True,True,0.1829831109480001,0.17721776589751242,0.18893283158540725,0.0029819489762558846,0.28743238605698573,0.03181561382859945,0.15116749711940064,63.47,0.6272448979591836,3.409,38.2855,0.020360800000000002,0.0,14.229,81.92399791775117,0.4704154970049858,0.4391946601048112,0.4385998831763864,0.9605,-0.029063266755780207,-0.036230322998017074,-0.02186781540513039,0.003651682591097362,0.5565,,,1,False,True,0,0.002613530234899372,-0.0036074069153983128,0.008678845502436158,0.003150822869983449,0.4815,,,1,False,True,0
A,posterior_mean_shrunk,cell,B,100,tail_b8.0_mu1.0_c1.0_T100_cap64,tail_b8.0_mu1.0_c1.0,64,10469000,phi_k16_perstep,learned,1,1,2000,1,True,True,0.18178475423017518,0.17595015019178392,0.1876267272979021,0.002969028179731923,0.28863074277481066,0.03229729086905718,0.14948746336111798,63.0515,0.6229744897959183,3.4525,37.7685,0.020568100000000002,0.0,16.996,73.28283957518167,0.4704154970049858,0.4391946601048112,0.4381182061359286,0.8945,-0.030261623473605143,-0.037473149877041576,-0.023013932863250378,0.003676658770361611,0.556,,,1,False,True,0,0.001415173517074436,-0.004787184379529206,0.007563097658567128,0.0031755668844609215,0.48224999999999996,,,1,False,True,0
A,posterior_mean_shrunk,cell,B,100,tail_b8.0_mu1.0_c1.0_T100_cap64,tail_b8.0_mu1.0_c1.0,64,10469000,phi_k16_quality,learned,1,1,2000,1,True,True,0.18427743982011452,0.17851957976818084,0.19021753408014774,0.0029668685150645163,0.2861380571848713,0.03367340462654829,0.15060403519356624,61.603,0.6081938775510205,3.4175,34.654,0.020817500000000003,0.0,8.711,85.47867298578198,0.4704154970049858,0.4391946601048112,0.43674209237843753,0.844,-0.027768937883665787,-0.03480054540559649,-0.020657271891832352,0.0036229185239538783,0.55575,,,1,False,True,0,0.0039078591070137916,-0.0022519969497807324,0.009919096296653149,0.0031092029299451458,0.47675,,,1,False,True,0
A,posterior_mean_shrunk,cell,B,100,tail_b8.0_mu1.0_c1.0_T100_cap64,tail_b8.0_mu1.0_c1.0,64,10469000,phi_k16_tau05,learned,1,1,2000,1,True,True,0.1845228498657234,0.1788040567189455,0.19044875726103783,0.002969318991052643,0.28589264713926243,0.03598700052499771,0.1485358493407257,59.733,0.5891122448979591,3.4215,30.9215,0.021190999999999998,0.0,6.494,84.97374024130589,0.4704154970049858,0.4391946601048112,0.4344284964799881,0.7045,-0.027523527838056908,-0.03457514867186546,-0.020431726425886157,0.003599115486040404,0.555,,,1,False,True,0,0.00415326915262267,-0.0019320590945426373,0.010026406147517262,0.003069258655785597,0.47675,,,1,False,True,0
A,posterior_mean_shrunk,cell,B,100,tail_b8.0_mu1.0_c1.0_T100_cap64,tail_b8.0_mu1.0_c1.0,64,10469000,phi_k16_weighted,learned,1,1,2000,1,True,True,0.18506597773754038,0.1794066958129406,0.19093908332288265,0.0029624419111642973,0.28534951926744545,0.03479964730143547,0.1502663304361049,61.03,0.6023469387755103,3.3245,32.813,0.0206233,0.0,6.064,90.6347941567065,0.4704154970049858,0.4391946601048112,0.43561584970355033,0.753,-0.02698039996623993,-0.03400524267926812,-0.019834565557539464,0.003612647662130476,0.55075,,,1,False,True,0,0.004696397024439648,-0.0012199051125207866,0.010610195947811004,0.003045402207659285,0.47825000000000006,,,1,False,True,0
A,posterior_mean_shrunk,cell,B,100,tail_b8.0_mu1.0_c1.0_T100_cap64,tail_b8.0_mu1.0_c1.0,64,10469000,phi_k4,learned,1,1,2000,1,True,True,0.18100166384736077,0.17517121881246567,0.1868688091635704,0.00296898060793257,0.28941383315762503,0.031220836900174617,0.14978082694718614,63.975,0.6323979591836735,3.4515,39.6155,0.020375900000000002,0.0,24.784,74.50704225352112,0.4704154970049858,0.4391946601048112,0.4391946601048112,0.994,-0.031044713856419548,-0.03822542522102594,-0.023839668463915588,0.0036668984621161397,0.55775,,,1,False,True,0,0.0006320831342600286,-0.005605357897002248,0.006778300402220338,0.0031637582055320406,0.48475,,,1,False,True,0
A,posterior_mean_shrunk,cell,B,100,tail_b8.0_mu1.0_c1.0_T100_cap64,tail_b8.0_mu1.0_c1.0,64,10469000,phi_reservoir_rule,learned,1,1,2000,1,True,True,0.18352886493271217,0.1778788324445486,0.18929252550005912,0.002950517519052541,0.28688663207227366,0.07624048128724098,0.10728838364547119,36.323,0.3502346938775511,5.5245,2.054,0.0336879,0.0,0.005,64.0,0.4704154970049858,0.4391946601048112,0.3941750157177448,0.0025,-0.02851751277106814,-0.03523448444902897,-0.021813564887270334,0.0033614436136039255,0.55775,,,1,False,True,0,0.0031592842196114363,0.0005338714661775164,0.005887134128715842,0.0013825236783165371,0.4935,,,1,False,True,0
A,posterior_mean_shrunk,cell,B,100,tail_b8.0_mu1.0_c1.0_T100_cap64,tail_b8.0_mu1.0_c1.0,64,10469000,phi_sf_k16,learned,1,1,2000,1,True,True,0.1828640834041871,0.1770784854888916,0.18876736871898175,0.0029782004380610504,0.2875514136007987,0.03129877661913633,0.15156530678505079,63.847,0.6310918367346939,3.412,39.063,0.020296799999999997,0.0,13.145,81.51417004048584,0.4704154970049858,0.4391946601048112,0.4391167203858495,0.988,-0.029182294299593195,-0.036352873872965576,-0.02195823923684657,0.003663285286347477,0.5555,,,1,False,True,0,0.0024945026910863817,-0.003709697414888068,0.008617721754126251,0.0031567764699281598,0.48124999999999996,,,1,False,True,0
A,posterior_mean_shrunk,cell,B,100,tail_b8.0_mu1.0_c1.0_T100_cap64,tail_b8.0_mu1.0_c1.0,64,10469000,phi_sf_k16_noT1000,learned,1,1,2000,1,True,True,0.18701016633072867,0.1811995819211006,0.19302879087626934,0.0029780208405931607,0.2834053306742571,0.039437554605305195,0.1475726117254235,57.504,0.5663673469387754,3.4065,26.3515,0.021613399999999998,0.0,4.032,88.36923076923077,0.4704154970049858,0.4391946601048112,0.4309779423996806,0.5525,-0.025036211373051627,-0.0320445897988975,-0.017966917296871544,0.003580093123730478,0.54875,,,1,False,True,0,0.006640585617627949,0.0007913845751318204,0.01250076093710959,0.0029932501097455675,0.47150000000000003,,,1,False,True,0
A,posterior_mean_shrunk,cell,B,100,tail_b8.0_mu1.0_c1.0_T100_cap64,tail_b8.0_mu1.0_c1.0,64,10469000,power_a0.25,baseline,1,1,2000,1,True,True,0.1807465500868857,0.17490999028086662,0.18671907149255276,0.00297600150786081,0.28966894691810013,0.06856101236492396,0.11218553772196174,39.0,0.37755102040816324,5.212,0.0335,0.030392300000000008,0.0,,,0.4704154970049858,0.4391946601048112,0.40185448464006185,0.0,-0.03129982761689462,-0.03795140022411943,-0.024347676848992705,0.0034496537967821923,0.5665,,,1,False,True,0,0.0003769693737849593,-0.0027643835579510773,0.0036484753072727454,0.0016415232102956956,0.49224999999999997,,,1,False,True,0
A,posterior_mean_shrunk,cell,B,100,tail_b8.0_mu1.0_c1.0_T100_cap64,tail_b8.0_mu1.0_c1.0,64,10469000,power_a0.33,baseline,1,1,2000,1,True,True,0.18036958071310072,0.17456594482064247,0.18620350062847138,0.002982252505771099,0.2900459162918851,0.0744930155724287,0.10587656514067202,36.0,0.34693877551020413,5.7015,0.0035,0.033691900000000004,0.0,,,0.4704154970049858,0.4391946601048112,0.3959224814325571,0.0,-0.03167679699067958,-0.038258456718176605,-0.024895090563222772,0.003389354837575621,0.568,,,1,False,True,0,0.0,0.0,0.0,0.0,0.5,,,1,False,True,0
A,posterior_mean_shrunk,cell,B,100,tail_b8.0_mu1.0_c1.0_T100_cap64,tail_b8.0_mu1.0_c1.0,64,10469000,power_a0.5,baseline,1,1,2000,1,True,True,0.18236476010642946,0.17657442577183247,0.1883844941854477,0.003021497914759511,0.28805073689855637,0.0705326027199626,0.11183215738646686,38.0,0.3673469387755102,5.3435,0.022,0.031461800000000005,0.0,,,0.4704154970049858,0.4391946601048112,0.3998828942850232,0.0,-0.02968161759735085,-0.0363657140173018,-0.02279636347666383,0.0034308108258909935,0.55575,,,1,False,True,0,0.0019951793933287265,-0.0007456798630300906,0.004804865003097801,0.001421827126176756,0.49125,,,1,False,True,0
A,posterior_mean_shrunk,cell,B,100,tail_b8.0_mu1.0_c1.0_T100_cap64,tail_b8.0_mu1.0_c1.0,64,10469000,power_a0.67,baseline,1,1,2000,1,True,True,0.18262129818415268,0.17686034478247165,0.1883875709027052,0.0029774674540256904,0.2877941988208331,0.0744930155724287,0.10812828261172398,36.0,0.34693877551020413,5.5,0.0175,0.033367600000000004,0.0,,,0.4704154970049858,0.4391946601048112,0.3959224814325571,0.0,-0.029425079519627615,-0.035994517151266336,-0.02265876461751759,0.003365419144051956,0.56025,,,1,False,True,0,0.002251717471051961,0.0004178829469310587,0.004166377335786819,0.0009529428296679444,0.49350000000000005,,,1,False,True,0
A,posterior_mean_shrunk,cell,B,100,tail_b8.0_mu1.0_c1.0_T100_cap64,tail_b8.0_mu1.0_c1.0,64,10469000,refine_after_init,baseline,1,1,2000,1,True,True,0.21525760638527572,0.20958607345819474,0.22098340280354023,0.002875250958337378,0.2551578906197101,0.18881553909927606,0.026442067285999654,8.0,0.06122448979591836,20.712,0.0,0.15448360000000003,0.008,,,0.4704154970049858,0.4391946601048112,0.28159995790570974,0.0,0.003211228681495413,0.0009059737712959759,0.005583734565880148,0.001204675474891164,0.4855,,,1,False,True,0,0.03488802567217499,0.02810541270300746,0.04149496369063854,0.0034084968884363796,0.42324999999999996,,,1,False,True,0
A,posterior_mean_shrunk,cell,B,100,tail_b8.0_mu1.0_c1.0_T100_cap64,tail_b8.0_mu1.0_c1.0,64,10469000,rule_reservoir,rule,1,1,2000,1,True,True,0.1855312243248336,0.17961851507425308,0.1912956539541483,0.002953722354069506,0.2848842726801522,0.10881551307812333,0.07671571124671027,21.91,0.20316326530612244,9.5545,0.068,0.0620471,0.014,0.005,64.0,0.4704154970049858,0.4391946601048112,0.3615999839268625,0.0005,-0.026515153378946707,-0.03244480499997735,-0.02056714803911746,0.0030039942490785124,0.556,,,1,False,True,0,0.005161643611732871,0.00015894642419880264,0.010275138518773019,0.0025735653314011664,0.49575,,,1,False,True,0
A,posterior_mean_shrunk,cell,B,100,tail_b8.0_mu1.0_c1.0_T100_cap64,tail_b8.0_mu1.0_c1.0,64,10469000,uniform,baseline,1,1,2000,1,True,True,0.1936920359521173,0.1879213374108076,0.19975199587643147,0.0030028951376264617,0.2767234610528685,0.048306323796510696,0.1453857121556066,51.2285,0.5023316326530612,3.363,15.4645,0.0232178,0.0,,98.2,0.4704154970049858,0.4391946601048112,0.42210917320847513,0.005,-0.018354341751663013,-0.025214976072311397,-0.011256866110488773,0.003511109115592883,0.53425,,,1,False,True,0,0.013322455239016562,0.007974264561198655,0.018639619555324314,0.0027517304910910844,0.45899999999999996,,,1,False,True,0
A,posterior_mean_shrunk,cell,B,200,tail_b8.0_mu1.0_c1.0_T200_cap64,tail_b8.0_mu1.0_c1.0,64,10472000,always_search,baseline,1,1,2000,1,True,True,0.1765382099557901,0.1710670329630375,0.1821101564913988,0.002834563742831046,0.33776702610065695,0.07215397227555513,0.10438423768023494,64.0,0.31313131313131315,8.17,0.0,0.0197988,0.0,,64.0,0.5143052360564471,0.44215126378089187,0.44215126378089187,1.0,-0.0401201031509554,-0.04699670635163784,-0.03345394181087613,0.003409763918600976,0.58725,,,1,False,True,0,0.0,0.0,0.0,0.0,0.5,,,1,False,True,0
A,posterior_mean_shrunk,cell,B,200,tail_b8.0_mu1.0_c1.0_T200_cap64,tail_b8.0_mu1.0_c1.0,64,10472000,cp0,reference,1,1,2000,1,True,True,0.2166583131067455,0.2112411715090275,0.2221800372004509,0.0027967884790095787,0.2976469229497015,0.189217375125736,0.027440937981009484,14.0,0.06060606060606058,32.0305,0.0,0.10265375,0.027,,,0.5143052360564471,0.44215126378089187,0.325087860930711,0.0,0.0,0.0,0.0,0.0,0.5,,,1,False,True,0,0.0401201031509554,0.03345394181087613,0.046996706351637836,0.003409763918600976,0.41275000000000006,,,1,False,True,0
A,posterior_mean_shrunk,cell,B,200,tail_b8.0_mu1.0_c1.0_T200_cap64,tail_b8.0_mu1.0_c1.0,64,10472000,fixed_K16,baseline,1,1,2000,1,True,True,0.20879667389206588,0.20340846590697764,0.21429507955908775,0.0027701718729055136,0.30550856216438116,0.17895896898582578,0.029837704906240107,16.0,0.07070707070707072,30.219,0.0,0.0926563,0.024,,,0.5143052360564471,0.44215126378089187,0.33534626707062126,0.0,-0.007861639214679599,-0.010500377998687327,-0.005357900680974127,0.0012920784603948593,0.5217499999999999,,,1,False,True,0,0.0322584639362758,0.025681157177314163,0.03893512310460209,0.0033624676522992173,0.4335,,,1,False,True,0
A,posterior_mean_shrunk,cell,B,200,tail_b8.0_mu1.0_c1.0_T200_cap64,tail_b8.0_mu1.0_c1.0,64,10472000,p3_star,reference,1,1,2000,1,True,True,0.1765382099557901,0.1710670329630375,0.1821101564913988,0.002834563742831046,0.33776702610065695,0.07215397227555513,0.10438423768023494,64.0,0.31313131313131315,8.17,0.0,0.0197988,0.0,,70.0,0.5143052360564471,0.44215126378089187,0.44215126378089187,1.0,-0.0401201031509554,-0.04699670635163784,-0.03345394181087613,0.003409763918600976,0.58725,,,1,False,True,0,0.0,0.0,0.0,0.0,0.5,,,1,False,True,0
A,posterior_mean_shrunk,cell,B,200,tail_b8.0_mu1.0_c1.0_T200_cap64,tail_b8.0_mu1.0_c1.0,64,10472000,phi_k1,learned,1,1,2000,1,True,True,0.1765382099557901,0.1710670329630375,0.1821101564913988,0.002834563742831046,0.33776702610065695,0.07215397227555513,0.10438423768023494,64.0,0.31313131313131315,8.17,0.0,0.0197988,0.0,135.3325,64.5385,0.5143052360564471,0.44215126378089187,0.44215126378089187,1.0,-0.0401201031509554,-0.04699670635163784,-0.03345394181087613,0.003409763918600976,0.58725,,,1,False,True,0,0.0,0.0,0.0,0.0,0.5,,,1,False,True,0
A,posterior_mean_shrunk,cell,B,200,tail_b8.0_mu1.0_c1.0_T200_cap64,tail_b8.0_mu1.0_c1.0,64,10472000,phi_k16,learned,1,1,2000,1,True,True,0.1765382099557901,0.1710670329630375,0.1821101564913988,0.002834563742831046,0.33776702610065695,0.07215397227555513,0.10438423768023494,64.0,0.31313131313131315,8.17,0.0,0.0197988,0.0,108.55,80.832,0.5143052360564471,0.44215126378089187,0.44215126378089187,1.0,-0.0401201031509554,-0.04699670635163784,-0.03345394181087613,0.003409763918600976,0.58725,,,1,False,True,0,0.0,0.0,0.0,0.0,0.5,,,1,False,True,0
A,posterior_mean_shrunk,cell,B,200,tail_b8.0_mu1.0_c1.0_T200_cap64,tail_b8.0_mu1.0_c1.0,64,10472000,phi_k16_all71,learned,1,1,2000,1,True,True,0.1765382099557901,0.1710670329630375,0.1821101564913988,0.002834563742831046,0.33776702610065695,0.07215397227555513,0.10438423768023494,64.0,0.31313131313131315,8.17,0.0,0.0197988,0.0,114.151,76.944,0.5143052360564471,0.44215126378089187,0.44215126378089187,1.0,-0.0401201031509554,-0.04699670635163784,-0.03345394181087613,0.003409763918600976,0.58725,,,1,False,True,0,0.0,0.0,0.0,0.0,0.5,,,1,False,True,0
A,posterior_mean_shrunk,cell,B,200,tail_b8.0_mu1.0_c1.0_T200_cap64,tail_b8.0_mu1.0_c1.0,64,10472000,phi_k16_clock,learned,1,1,2000,1,True,True,0.176981596945785,0.17155334874987602,0.18232162892818451,0.0027845894170402423,0.33732363911066204,0.0898151069059968,0.08716649003978819,50.0,0.24242424242424232,9.87,0.0,0.02488635,0.0,0.0,,0.5143052360564471,0.44215126378089187,0.42449012915045026,0.0,-0.039676716160960496,-0.045986971631646154,-0.03342609461396933,0.003222220535951087,0.594,,,1,False,True,0,0.00044338698999490586,-0.0038645300373900664,0.004832276457455009,0.002213112016785737,0.5075,,,1,False,True,0
A,posterior_mean_shrunk,cell,B,200,tail_b8.0_mu1.0_c1.0_T200_cap64,tail_b8.0_mu1.0_c1.0,64,10472000,phi_k16_cs,learned,1,1,2000,1,True,True,0.1765382099557901,0.1710670329630375,0.1821101564913988,0.002834563742831046,0.33776702610065695,0.07215397227555513,0.10438423768023494,64.0,0.31313131313131315,8.17,0.0,0.0197988,0.0,108.873,80.96,0.5143052360564471,0.44215126378089187,0.44215126378089187,1.0,-0.0401201031509554,-0.04699670635163784,-0.03345394181087613,0.003409763918600976,0.58725,,,1,False,True,0,0.0,0.0,0.0,0.0,0.5,,,1,False,True,0
A,posterior_mean_shrunk,cell,B,200,tail_b8.0_mu1.0_c1.0_T200_cap64,tail_b8.0_mu1.0_c1.0,64,10472000,phi_k16_famA_only,learned,1,1,2000,1,True,True,0.17680767904187086,0.17130195833742617,0.18242266364395618,0.0028394469857065956,0.3374975570145762,0.07286807211488486,0.10393960692698602,63.286,0.30952525252525254,8.2045,0.0,0.019974849999999995,0.0,22.431,98.68071654373024,0.5143052360564471,0.44215126378089187,0.4414371639415622,0.949,-0.03985063406487461,-0.04673300636932254,-0.03318557282909751,0.0034137093482058127,0.5880000000000001,,,1,False,True,0,0.00026946908608078957,-0.000588104425696656,0.0012038070068228985,0.00045828557830294856,0.50025,,,1,False,True,0
A,posterior_mean_shrunk,cell,B,200,tail_b8.0_mu1.0_c1.0_T200_cap64,tail_b8.0_mu1.0_c1.0,64,10472000,phi_k16_famB_only,learned,1,1,2000,1,True,True,0.1765382099557901,0.1710670329630375,0.1821101564913988,0.002834563742831046,0.33776702610065695,0.07215397227555513,0.10438423768023494,64.0,0.31313131313131315,8.17,0.0,0.0197988,0.0,110.375,81.728,0.5143052360564471,0.44215126378089187,0.44215126378089187,1.0,-0.0401201031509554,-0.04699670635163784,-0.03345394181087613,0.003409763918600976,0.58725,,,1,False,True,0,0.0,0.0,0.0,0.0,0.5,,,1,False,True,0
A,posterior_mean_shrunk,cell,B,200,tail_b8.0_mu1.0_c1.0_T200_cap64,tail_b8.0_mu1.0_c1.0,64,10472000,phi_k16_guard,learned,1,1,2000,1,True,True,0.17892248333152383,0.17351161353290082,0.1844993058592081,0.0028581982962455825,0.3353827527249232,0.07550096384435892,0.10342151948716491,60.379,0.2948434343434343,8.1585,0.0,0.02035195,0.0,0.896,64.0,0.5143052360564471,0.44215126378089187,0.4388042722120881,0.1805,-0.03773582977522165,-0.044477935694158074,-0.031113141495734457,0.003389805531042518,0.58475,,,1,False,True,0,0.0023842733757337554,0.0005919986695516866,0.004218841821420937,0.0009220611778650947,0.49350000000000005,,,1,False,True,0
A,posterior_mean_shrunk,cell,B,200,tail_b8.0_mu1.0_c1.0_T200_cap64,tail_b8.0_mu1.0_c1.0,64,10472000,phi_k16_hgb,learned,1,1,2000,1,True,True,0.1765382099557901,0.1710670329630375,0.1821101564913988,0.002834563742831046,0.33776702610065695,0.07215397227555513,0.10438423768023494,64.0,0.31313131313131315,8.17,0.0,0.0197988,0.0,111.752,75.216,0.5143052360564471,0.44215126378089187,0.44215126378089187,1.0,-0.0401201031509554,-0.04699670635163784,-0.03345394181087613,0.003409763918600976,0.58725,,,1,False,True,0,0.0,0.0,0.0,0.0,0.5,,,1,False,True,0
A,posterior_mean_shrunk,cell,B,200,tail_b8.0_mu1.0_c1.0_T200_cap64,tail_b8.0_mu1.0_c1.0,64,10472000,phi_k16_lucb,learned,1,1,2000,1,True,True,0.1765382099557901,0.1710670329630375,0.1821101564913988,0.002834563742831046,0.33776702610065695,0.07215397227555513,0.10438423768023494,64.0,0.31313131313131315,8.17,0.0,0.0197988,0.0,114.438,80.456,0.5143052360564471,0.44215126378089187,0.44215126378089187,1.0,-0.0401201031509554,-0.04699670635163784,-0.03345394181087613,0.003409763918600976,0.58725,,,1,False,True,0,0.0,0.0,0.0,0.0,0.5,,,1,False,True,0
A,posterior_mean_shrunk,cell,B,200,tail_b8.0_mu1.0_c1.0_T200_cap64,tail_b8.0_mu1.0_c1.0,64,10472000,phi_k16_noT1000,learned,1,1,2000,1,True,True,0.1765382099557901,0.1710670329630375,0.1821101564913988,0.002834563742831046,0.33776702610065695,0.07215397227555513,0.10438423768023494,64.0,0.31313131313131315,8.17,0.0,0.0197988,0.0,116.959,77.576,0.5143052360564471,0.44215126378089187,0.44215126378089187,1.0,-0.0401201031509554,-0.04699670635163784,-0.03345394181087613,0.003409763918600976,0.58725,,,1,False,True,0,0.0,0.0,0.0,0.0,0.5,,,1,False,True,0
A,posterior_mean_shrunk,cell,B,200,tail_b8.0_mu1.0_c1.0_T200_cap64,tail_b8.0_mu1.0_c1.0,64,10472000,phi_k16_noT200,learned,1,1,2000,1,True,True,0.1765382099557901,0.1710670329630375,0.1821101564913988,0.002834563742831046,0.33776702610065695,0.07215397227555513,0.10438423768023494,64.0,0.31313131313131315,8.17,0.0,0.0197988,0.0,119.263,73.304,0.5143052360564471,0.44215126378089187,0.44215126378089187,1.0,-0.0401201031509554,-0.04699670635163784,-0.03345394181087613,0.003409763918600976,0.58725,,,1,False,True,0,0.0,0.0,0.0,0.0,0.5,,,1,False,True,0
A,posterior_mean_shrunk,cell,B,200,tail_b8.0_mu1.0_c1.0_T200_cap64,tail_b8.0_mu1.0_c1.0,64,10472000,phi_k16_noambig,learned,1,1,2000,1,True,True,0.1765382099557901,0.1710670329630375,0.1821101564913988,0.002834563742831046,0.33776702610065695,0.07215397227555513,0.10438423768023494,64.0,0.31313131313131315,8.17,0.0,0.0197988,0.0,125.359,72.848,0.5143052360564471,0.44215126378089187,0.44215126378089187,1.0,-0.0401201031509554,-0.04699670635163784,-0.03345394181087613,0.003409763918600976,0.58725,,,1,False,True,0,0.0,0.0,0.0,0.0,0.5,,,1,False,True,0
A,posterior_mean_shrunk,cell,B,200,tail_b8.0_mu1.0_c1.0_T200_cap64,tail_b8.0_mu1.0_c1.0,64,10472000,phi_k16_nopolicy,learned,1,1,2000,1,True,True,0.1765382099557901,0.1710670329630375,0.1821101564913988,0.002834563742831046,0.33776702610065695,0.07215397227555513,0.10438423768023494,63.993,0.31309595959595965,8.172,0.0,0.019804725,0.0,58.364,86.13106553276639,0.5143052360564471,0.44215126378089187,0.44215126378089187,0.9995,-0.0401201031509554,-0.04699670635163784,-0.03345394181087613,0.003409763918600976,0.58725,,,1,False,True,0,0.0,0.0,0.0,0.0,0.5,,,1,False,True,0
A,posterior_mean_shrunk,cell,B,200,tail_b8.0_mu1.0_c1.0_T200_cap64,tail_b8.0_mu1.0_c1.0,64,10472000,phi_k16_notrunc,learned,1,1,2000,1,True,True,0.1765382099557901,0.1710670329630375,0.1821101564913988,0.002834563742831046,0.33776702610065695,0.07215397227555513,0.10438423768023494,64.0,0.31313131313131315,8.17,0.0,0.0197988,0.0,128.459,64.096,0.5143052360564471,0.44215126378089187,0.44215126378089187,1.0,-0.0401201031509554,-0.04699670635163784,-0.03345394181087613,0.003409763918600976,0.58725,,,1,False,True,0,0.0,0.0,0.0,0.0,0.5,,,1,False,True,0
A,posterior_mean_shrunk,cell,B,200,tail_b8.0_mu1.0_c1.0_T200_cap64,tail_b8.0_mu1.0_c1.0,64,10472000,phi_k16_onpolicy_only,learned,1,1,2000,1,True,True,0.1765382099557901,0.1710670329630375,0.1821101564913988,0.002834563742831046,0.33776702610065695,0.07215397227555513,0.10438423768023494,64.0,0.31313131313131315,8.17,0.0,0.0197988,0.0,132.035,64.0,0.5143052360564471,0.44215126378089187,0.44215126378089187,1.0,-0.0401201031509554,-0.04699670635163784,-0.03345394181087613,0.003409763918600976,0.58725,,,1,False,True,0,0.0,0.0,0.0,0.0,0.5,,,1,False,True,0
A,posterior_mean_shrunk,cell,B,200,tail_b8.0_mu1.0_c1.0_T200_cap64,tail_b8.0_mu1.0_c1.0,64,10472000,phi_k16_onpolicy_union,learned,1,1,2000,1,True,True,0.1765382099557901,0.1710670329630375,0.1821101564913988,0.002834563742831046,0.33776702610065695,0.07215397227555513,0.10438423768023494,64.0,0.31313131313131315,8.17,0.0,0.0197988,0.0,122.814,72.312,0.5143052360564471,0.44215126378089187,0.44215126378089187,1.0,-0.0401201031509554,-0.04699670635163784,-0.03345394181087613,0.003409763918600976,0.58725,,,1,False,True,0,0.0,0.0,0.0,0.0,0.5,,,1,False,True,0
A,posterior_mean_shrunk,cell,B,200,tail_b8.0_mu1.0_c1.0_T200_cap64,tail_b8.0_mu1.0_c1.0,64,10472000,phi_k16_perstep,learned,1,1,2000,1,True,True,0.1765382099557901,0.1710670329630375,0.1821101564913988,0.002834563742831046,0.33776702610065695,0.07215397227555513,0.10438423768023494,64.0,0.31313131313131315,8.17,0.0,0.0197988,0.0,122.174,70.5945,0.5143052360564471,0.44215126378089187,0.44215126378089187,1.0,-0.0401201031509554,-0.04699670635163784,-0.03345394181087613,0.003409763918600976,0.58725,,,1,False,True,0,0.0,0.0,0.0,0.0,0.5,,,1,False,True,0
A,posterior_mean_shrunk,cell,B,200,tail_b8.0_mu1.0_c1.0_T200_cap64,tail_b8.0_mu1.0_c1.0,64,10472000,phi_k16_quality,learned,1,1,2000,1,True,True,0.1765382099557901,0.1710670329630375,0.1821101564913988,0.002834563742831046,0.33776702610065695,0.07215397227555513,0.10438423768023494,64.0,0.31313131313131315,8.17,0.0,0.0197988,0.0,108.536,77.176,0.5143052360564471,0.44215126378089187,0.44215126378089187,1.0,-0.0401201031509554,-0.04699670635163784,-0.03345394181087613,0.003409763918600976,0.58725,,,1,False,True,0,0.0,0.0,0.0,0.0,0.5,,,1,False,True,0
A,posterior_mean_shrunk,cell,B,200,tail_b8.0_mu1.0_c1.0_T200_cap64,tail_b8.0_mu1.0_c1.0,64,10472000,phi_k16_tau05,learned,1,1,2000,1,True,True,0.1765382099557901,0.1710670329630375,0.1821101564913988,0.002834563742831046,0.33776702610065695,0.07215397227555513,0.10438423768023494,64.0,0.31313131313131315,8.17,0.0,0.0197988,0.0,108.55,80.832,0.5143052360564471,0.44215126378089187,0.44215126378089187,1.0,-0.0401201031509554,-0.04699670635163784,-0.03345394181087613,0.003409763918600976,0.58725,,,1,False,True,0,0.0,0.0,0.0,0.0,0.5,,,1,False,True,0
A,posterior_mean_shrunk,cell,B,200,tail_b8.0_mu1.0_c1.0_T200_cap64,tail_b8.0_mu1.0_c1.0,64,10472000,phi_k16_weighted,learned,1,1,2000,1,True,True,0.1765382099557901,0.1710670329630375,0.1821101564913988,0.002834563742831046,0.33776702610065695,0.07215397227555513,0.10438423768023494,64.0,0.31313131313131315,8.17,0.0,0.0197988,0.0,97.096,97.504,0.5143052360564471,0.44215126378089187,0.44215126378089187,1.0,-0.0401201031509554,-0.04699670635163784,-0.03345394181087613,0.003409763918600976,0.58725,,,1,False,True,0,0.0,0.0,0.0,0.0,0.5,,,1,False,True,0
A,posterior_mean_shrunk,cell,B,200,tail_b8.0_mu1.0_c1.0_T200_cap64,tail_b8.0_mu1.0_c1.0,64,10472000,phi_k4,learned,1,1,2000,1,True,True,0.1765382099557901,0.1710670329630375,0.1821101564913988,0.002834563742831046,0.33776702610065695,0.07215397227555513,0.10438423768023494,64.0,0.31313131313131315,8.17,0.0,0.0197988,0.0,134.26,65.69,0.5143052360564471,0.44215126378089187,0.44215126378089187,1.0,-0.0401201031509554,-0.04699670635163784,-0.03345394181087613,0.003409763918600976,0.58725,,,1,False,True,0,0.0,0.0,0.0,0.0,0.5,,,1,False,True,0
A,posterior_mean_shrunk,cell,B,200,tail_b8.0_mu1.0_c1.0_T200_cap64,tail_b8.0_mu1.0_c1.0,64,10472000,phi_reservoir_rule,learned,1,1,2000,1,True,True,0.17715961802005767,0.1717437371611595,0.1825979072600603,0.0027870433595114587,0.33714561803638937,0.0883221400603652,0.08883747795969248,52.307,0.2540757575757575,9.6415,0.0,0.024141450000000002,0.0,0.389,80.0,0.5143052360564471,0.44215126378089187,0.4259830959960818,0.1665,-0.0394986950866878,-0.045922427996993066,-0.03320902828127146,0.003238309420707552,0.593,,,1,False,True,0,0.0006214080642675981,-0.0034989568986929934,0.004839269071817387,0.0021237644236609997,0.50625,,,1,False,True,0
A,posterior_mean_shrunk,cell,B,200,tail_b8.0_mu1.0_c1.0_T200_cap64,tail_b8.0_mu1.0_c1.0,64,10472000,phi_sf_k16,learned,1,1,2000,1,True,True,0.1765382099557901,0.1710670329630375,0.1821101564913988,0.002834563742831046,0.33776702610065695,0.07215397227555513,0.10438423768023494,64.0,0.31313131313131315,8.17,0.0,0.0197988,0.0,127.261,72.176,0.5143052360564471,0.44215126378089187,0.44215126378089187,1.0,-0.0401201031509554,-0.04699670635163784,-0.03345394181087613,0.003409763918600976,0.58725,,,1,False,True,0,0.0,0.0,0.0,0.0,0.5,,,1,False,True,0
A,posterior_mean_shrunk,cell,B,200,tail_b8.0_mu1.0_c1.0_T200_cap64,tail_b8.0_mu1.0_c1.0,64,10472000,phi_sf_k16_noT1000,learned,1,1,2000,1,True,True,0.1765382099557901,0.1710670329630375,0.1821101564913988,0.002834563742831046,0.33776702610065695,0.07215397227555513,0.10438423768023494,64.0,0.31313131313131315,8.17,0.0,0.0197988,0.0,98.212,89.368,0.5143052360564471,0.44215126378089187,0.44215126378089187,1.0,-0.0401201031509554,-0.04699670635163784,-0.03345394181087613,0.003409763918600976,0.58725,,,1,False,True,0,0.0,0.0,0.0,0.0,0.5,,,1,False,True,0
A,posterior_mean_shrunk,cell,B,200,tail_b8.0_mu1.0_c1.0_T200_cap64,tail_b8.0_mu1.0_c1.0,64,10472000,power_a0.25,baseline,1,1,2000,1,True,True,0.18156969914026558,0.17611828334629537,0.18721140921115875,0.002850342153041586,0.33273553691618146,0.0773811251744628,0.10418857396580279,59.0,0.28787878787878796,8.072,0.0,0.020469275,0.0,,,0.5143052360564471,0.44215126378089187,0.43692411088198424,0.0,-0.0350886139664799,-0.041704838164150715,-0.028483510157093408,0.0033481657116487457,0.58225,,,1,False,True,0,0.0050314891844755035,0.002478115778649226,0.0076435567811131465,0.0013057657016352232,0.48875,,,1,False,True,0
A,posterior_mean_shrunk,cell,B,200,tail_b8.0_mu1.0_c1.0_T200_cap64,tail_b8.0_mu1.0_c1.0,64,10472000,power_a0.33,baseline,1,1,2000,1,True,True,0.18107033390086144,0.17555293999612331,0.18662594296038149,0.0028341795267443144,0.3332349021555856,0.07983459191769361,0.10123574198316783,57.0,0.2777777777777778,8.1685,0.0,0.020951750000000005,0.0,,,0.5143052360564471,0.44215126378089187,0.4344706441387534,0.0,-0.03558797920588404,-0.042185130715370174,-0.029023282788693906,0.0033246364815485035,0.5842499999999999,,,1,False,True,0,0.004532123945071362,0.0016509601671714342,0.007511355506721883,0.0014881063453786195,0.49575,,,1,False,True,0
A,posterior_mean_shrunk,cell,B,200,tail_b8.0_mu1.0_c1.0_T200_cap64,tail_b8.0_mu1.0_c1.0,64,10472000,power_a0.5,baseline,1,1,2000,1,True,True,0.1765382099557901,0.1710670329630375,0.1821101564913988,0.002834563742831046,0.33776702610065695,0.07215397227555513,0.10438423768023494,64.0,0.31313131313131315,8.17,0.0,0.0197988,0.0,,110.0,0.5143052360564471,0.44215126378089187,0.44215126378089187,1.0,-0.0401201031509554,-0.04699670635163784,-0.03345394181087613,0.003409763918600976,0.58725,,,1,False,True,0,0.0,0.0,0.0,0.0,0.5,,,1,False,True,0
A,posterior_mean_shrunk,cell,B,200,tail_b8.0_mu1.0_c1.0_T200_cap64,tail_b8.0_mu1.0_c1.0,64,10472000,power_a0.67,baseline,1,1,2000,1,True,True,0.1765382099557901,0.1710670329630375,0.1821101564913988,0.002834563742831046,0.33776702610065695,0.07215397227555513,0.10438423768023494,64.0,0.31313131313131315,8.17,0.0,0.0197988,0.0,,70.0,0.5143052360564471,0.44215126378089187,0.44215126378089187,1.0,-0.0401201031509554,-0.04699670635163784,-0.03345394181087613,0.003409763918600976,0.58725,,,1,False,True,0,0.0,0.0,0.0,0.0,0.5,,,1,False,True,0
A,posterior_mean_shrunk,cell,B,200,tail_b8.0_mu1.0_c1.0_T200_cap64,tail_b8.0_mu1.0_c1.0,64,10472000,refine_after_init,baseline,1,1,2000,1,True,True,0.25066305571235714,0.24511918798089027,0.2560846976935863,0.002785668647752502,0.26364218034408987,0.23656188426353036,0.014101171448826789,8.0,0.03030303030303029,49.84,0.0,0.18335367500000002,0.1125,,,0.5143052360564471,0.44215126378089187,0.27774335179291665,0.0,0.03400474260561168,0.0298435821197927,0.0382151941768825,0.0021602056931860924,0.4085,,,1,False,True,0,0.07412484575656708,0.06727509424090386,0.08105112239718437,0.003481999888477541,0.32499999999999996,,,1,False,True,0
A,posterior_mean_shrunk,cell,B,200,tail_b8.0_mu1.0_c1.0_T200_cap64,tail_b8.0_mu1.0_c1.0,64,10472000,rule_reservoir,rule,1,1,2000,1,True,True,0.18258659584447742,0.17687599472701548,0.18802311457693577,0.002843197433343792,0.3317186402119696,0.1222807488143444,0.06030584703013301,31.7635,0.15032070707070705,18.0385,0.0105,0.049396749999999996,0.0355,0.0115,102.75,0.5143052360564471,0.44215126378089187,0.39202448724210265,0.002,-0.03407171726226807,-0.03959238734096289,-0.02875638883560896,0.0027677916715370602,0.57775,,,1,False,True,0,0.0060483858886873345,0.0003070228813157883,0.011831717449240386,0.002963284873632276,0.499,,,1,False,True,0
A,posterior_mean_shrunk,cell,B,200,tail_b8.0_mu1.0_c1.0_T200_cap64,tail_b8.0_mu1.0_c1.0,64,10472000,uniform,baseline,1,1,2000,1,True,True,0.17651681169460062,0.17102753147482871,0.18210091181099414,0.0028319610671438964,0.3377884243618464,0.07215397227555513,0.10436283941904549,64.0,0.31313131313131315,8.15,0.0,0.019773799999999998,0.0,,126.1925,0.5143052360564471,0.44215126378089187,0.44215126378089187,1.0,-0.04014150141214486,-0.04700670456513762,-0.033485269546508795,0.003405085161832371,0.58775,,,1,False,True,0,-2.1398261189460753e-05,-0.00032969227468129244,0.0003083101561060172,0.00016050648537499227,0.5,,,1,False,True,0
A,posterior_mean_shrunk,cell,B,500,tail_b8.0_mu1.0_c1.0_T500_cap64,tail_b8.0_mu1.0_c1.0,64,10475000,always_search,baseline,1,1,2000,1,True,True,0.1698807296231389,0.16472663469612597,0.1750154212117195,0.00263290381553535,0.3985675026103854,0.12722895170003176,0.04265177792310715,64.0,0.12449799196787148,32.651,0.0,0.026422596,0.077,,64.0,0.5684482322335244,0.4412192805334926,0.4412192805334926,1.0,-0.05204946313425898,-0.057516456861048934,-0.04677974032238126,0.002714639129383673,0.6365000000000001,,,1,False,True,0,0.0,0.0,0.0,0.0,0.5,,,1,False,True,0
A,posterior_mean_shrunk,cell,B,500,tail_b8.0_mu1.0_c1.0_T500_cap64,tail_b8.0_mu1.0_c1.0,64,10475000,cp0,reference,1,1,2000,1,True,True,0.2219301927573979,0.2166324432939291,0.22706717513501645,0.0026114292106695393,0.3465180394761264,0.20787503384798764,0.014055158909410238,21.9595,0.04007931726907631,84.688,0.0,0.097238192,0.6555,,,0.5684482322335244,0.4412192805334926,0.3605731983855367,0.0,0.0,0.0,0.0,0.0,0.5,,,1,False,True,0,0.05204946313425898,0.04677974032238126,0.057516456861048934,0.002714639129383673,0.3635,,,1,False,True,0
A,posterior_mean_shrunk,cell,B,500,tail_b8.0_mu1.0_c1.0_T500_cap64,tail_b8.0_mu1.0_c1.0,64,10475000,fixed_K16,baseline,1,1,2000,1,True,True,0.24128919003531338,0.23611604869365693,0.24637267887592315,0.0026260227403426812,0.32715904219821096,0.23156072159856558,0.00972846843674779,16.0,0.028112449799196793,113.417,0.0,0.14487669200000003,0.5815,,,0.5684482322335244,0.4412192805334926,0.33688751063495875,0.0,0.019358997277915478,0.016425356222316622,0.022261403361335395,0.001503680687945792,0.43724999999999997,,,1,False,True,0,0.07140846041217447,0.06582082081586123,0.07697284650057554,0.002856703839115932,0.3125,,,1,False,True,0
A,posterior_mean_shrunk,cell,B,500,tail_b8.0_mu1.0_c1.0_T500_cap64,tail_b8.0_mu1.0_c1.0,64,10475000,p3_star,reference,1,1,2000,1,True,True,0.1698807296231389,0.16472663469612597,0.1750154212117195,0.00263290381553535,0.3985675026103854,0.12722895170003176,0.04265177792310715,64.0,0.12449799196787148,32.651,0.0,0.026422596,0.077,,68.0,0.5684482322335244,0.4412192805334926,0.4412192805334926,1.0,-0.05204946313425898,-0.057516456861048934,-0.04677974032238126,0.002714639129383673,0.6365000000000001,,,1,False,True,0,0.0,0.0,0.0,0.0,0.5,,,1,False,True,0
A,posterior_mean_shrunk,cell,B,500,tail_b8.0_mu1.0_c1.0_T500_cap64,tail_b8.0_mu1.0_c1.0,64,10475000,phi_k1,learned,1,1,2000,1,True,True,0.1698807296231389,0.16472663469612597,0.1750154212117195,0.00263290381553535,0.3985675026103854,0.12722895170003176,0.04265177792310715,64.0,0.12449799196787148,32.651,0.0,0.026422596,0.077,436.0,64.0,0.5684482322335244,0.4412192805334926,0.4412192805334926,1.0,-0.05204946313425898,-0.057516456861048934,-0.04677974032238126,0.002714639129383673,0.6365000000000001,,,1,False,True,0,0.0,0.0,0.0,0.0,0.5,,,1,False,True,0
A,posterior_mean_shrunk,cell,B,500,tail_b8.0_mu1.0_c1.0_T500_cap64,tail_b8.0_mu1.0_c1.0,64,10475000,phi_k16,learned,1,1,2000,1,True,True,0.1698807296231389,0.16472663469612597,0.1750154212117195,0.00263290381553535,0.3985675026103854,0.12722895170003176,0.04265177792310715,64.0,0.12449799196787148,32.651,0.0,0.026422596,0.077,427.432,71.824,0.5684482322335244,0.4412192805334926,0.4412192805334926,1.0,-0.05204946313425898,-0.057516456861048934,-0.04677974032238126,0.002714639129383673,0.6365000000000001,,,1,False,True,0,0.0,0.0,0.0,0.0,0.5,,,1,False,True,0
A,posterior_mean_shrunk,cell,B,500,tail_b8.0_mu1.0_c1.0_T500_cap64,tail_b8.0_mu1.0_c1.0,64,10475000,phi_k16_all71,learned,1,1,2000,1,True,True,0.1698807296231389,0.16472663469612597,0.1750154212117195,0.00263290381553535,0.3985675026103854,0.12722895170003176,0.04265177792310715,64.0,0.12449799196787148,32.651,0.0,0.026422596,0.077,430.336,68.68,0.5684482322335244,0.4412192805334926,0.4412192805334926,1.0,-0.05204946313425898,-0.057516456861048934,-0.04677974032238126,0.002714639129383673,0.6365000000000001,,,1,False,True,0,0.0,0.0,0.0,0.0,0.5,,,1,False,True,0
A,posterior_mean_shrunk,cell,B,500,tail_b8.0_mu1.0_c1.0_T500_cap64,tail_b8.0_mu1.0_c1.0,64,10475000,phi_k16_clock,learned,1,1,2000,1,True,True,0.1698807296231389,0.16472663469612597,0.1750154212117195,0.00263290381553535,0.3985675026103854,0.12722895170003176,0.04265177792310715,64.0,0.12449799196787148,32.651,0.0,0.026422596,0.077,402.0,64.0,0.5684482322335244,0.4412192805334926,0.4412192805334926,1.0,-0.05204946313425898,-0.057516456861048934,-0.04677974032238126,0.002714639129383673,0.6365000000000001,,,1,False,True,0,0.0,0.0,0.0,0.0,0.5,,,1,False,True,0
A,posterior_mean_shrunk,cell,B,500,tail_b8.0_mu1.0_c1.0_T500_cap64,tail_b8.0_mu1.0_c1.0,64,10475000,phi_k16_cs,learned,1,1,2000,1,True,True,0.1698807296231389,0.16472663469612597,0.1750154212117195,0.00263290381553535,0.3985675026103854,0.12722895170003176,0.04265177792310715,64.0,0.12449799196787148,32.651,0.0,0.026422596,0.077,427.416,71.832,0.5684482322335244,0.4412192805334926,0.4412192805334926,1.0,-0.05204946313425898,-0.057516456861048934,-0.04677974032238126,0.002714639129383673,0.6365000000000001,,,1,False,True,0,0.0,0.0,0.0,0.0,0.5,,,1,False,True,0
A,posterior_mean_shrunk,cell,B,500,tail_b8.0_mu1.0_c1.0_T500_cap64,tail_b8.0_mu1.0_c1.0,64,10475000,phi_k16_famA_only,learned,1,1,2000,1,True,True,0.1698807296231389,0.16472663469612597,0.1750154212117195,0.00263290381553535,0.3985675026103854,0.12722895170003176,0.04265177792310715,64.0,0.12449799196787148,32.651,0.0,0.026422596,0.077,417.55,73.224,0.5684482322335244,0.4412192805334926,0.4412192805334926,1.0,-0.05204946313425898,-0.057516456861048934,-0.04677974032238126,0.002714639129383673,0.6365000000000001,,,1,False,True,0,0.0,0.0,0.0,0.0,0.5,,,1,False,True,0
A,posterior_mean_shrunk,cell,B,500,tail_b8.0_mu1.0_c1.0_T500_cap64,tail_b8.0_mu1.0_c1.0,64,10475000,phi_k16_famB_only,learned,1,1,2000,1,True,True,0.1698807296231389,0.16472663469612597,0.1750154212117195,0.00263290381553535,0.3985675026103854,0.12722895170003176,0.04265177792310715,64.0,0.12449799196787148,32.651,0.0,0.026422596,0.077,426.952,72.232,0.5684482322335244,0.4412192805334926,0.4412192805334926,1.0,-0.05204946313425898,-0.057516456861048934,-0.04677974032238126,0.002714639129383673,0.6365000000000001,,,1,False,True,0,0.0,0.0,0.0,0.0,0.5,,,1,False,True,0
A,posterior_mean_shrunk,cell,B,500,tail_b8.0_mu1.0_c1.0_T500_cap64,tail_b8.0_mu1.0_c1.0,64,10475000,phi_k16_guard,learned,1,1,2000,1,True,True,0.1698807296231389,0.16472663469612597,0.1750154212117195,0.00263290381553535,0.3985675026103854,0.12722895170003176,0.04265177792310715,64.0,0.12449799196787148,32.651,0.0,0.026422596,0.077,298.432,71.824,0.5684482322335244,0.4412192805334926,0.4412192805334926,1.0,-0.05204946313425898,-0.057516456861048934,-0.04677974032238126,0.002714639129383673,0.6365000000000001,,,1,False,True,0,0.0,0.0,0.0,0.0,0.5,,,1,False,True,0
A,posterior_mean_shrunk,cell,B,500,tail_b8.0_mu1.0_c1.0_T500_cap64,tail_b8.0_mu1.0_c1.0,64,10475000,phi_k16_hgb,learned,1,1,2000,1,True,True,0.1698807296231389,0.16472663469612597,0.1750154212117195,0.00263290381553535,0.3985675026103854,0.12722895170003176,0.04265177792310715,64.0,0.12449799196787148,32.651,0.0,0.026422596,0.077,382.766,71.712,0.5684482322335244,0.4412192805334926,0.4412192805334926,1.0,-0.05204946313425898,-0.057516456861048934,-0.04677974032238126,0.002714639129383673,0.6365000000000001,,,1,False,True,0,0.0,0.0,0.0,0.0,0.5,,,1,False,True,0
A,posterior_mean_shrunk,cell,B,500,tail_b8.0_mu1.0_c1.0_T500_cap64,tail_b8.0_mu1.0_c1.0,64,10475000,phi_k16_lucb,learned,1,1,2000,1,True,True,0.1698807296231389,0.16472663469612597,0.1750154212117195,0.00263290381553535,0.3985675026103854,0.12722895170003176,0.04265177792310715,64.0,0.12449799196787148,32.651,0.0,0.026422596,0.077,425.952,72.232,0.5684482322335244,0.4412192805334926,0.4412192805334926,1.0,-0.05204946313425898,-0.057516456861048934,-0.04677974032238126,0.002714639129383673,0.6365000000000001,,,1,False,True,0,0.0,0.0,0.0,0.0,0.5,,,1,False,True,0
A,posterior_mean_shrunk,cell,B,500,tail_b8.0_mu1.0_c1.0_T500_cap64,tail_b8.0_mu1.0_c1.0,64,10475000,phi_k16_noT1000,learned,1,1,2000,1,True,True,0.1698807296231389,0.16472663469612597,0.1750154212117195,0.00263290381553535,0.3985675026103854,0.12722895170003176,0.04265177792310715,64.0,0.12449799196787148,32.651,0.0,0.026422596,0.077,436.0,64.0,0.5684482322335244,0.4412192805334926,0.4412192805334926,1.0,-0.05204946313425898,-0.057516456861048934,-0.04677974032238126,0.002714639129383673,0.6365000000000001,,,1,False,True,0,0.0,0.0,0.0,0.0,0.5,,,1,False,True,0
A,posterior_mean_shrunk,cell,B,500,tail_b8.0_mu1.0_c1.0_T500_cap64,tail_b8.0_mu1.0_c1.0,64,10475000,phi_k16_noT200,learned,1,1,2000,1,True,True,0.1698807296231389,0.16472663469612597,0.1750154212117195,0.00263290381553535,0.3985675026103854,0.12722895170003176,0.04265177792310715,64.0,0.12449799196787148,32.651,0.0,0.026422596,0.077,432.96,66.096,0.5684482322335244,0.4412192805334926,0.4412192805334926,1.0,-0.05204946313425898,-0.057516456861048934,-0.04677974032238126,0.002714639129383673,0.6365000000000001,,,1,False,True,0,0.0,0.0,0.0,0.0,0.5,,,1,False,True,0
A,posterior_mean_shrunk,cell,B,500,tail_b8.0_mu1.0_c1.0_T500_cap64,tail_b8.0_mu1.0_c1.0,64,10475000,phi_k16_noambig,learned,1,1,2000,1,True,True,0.1698807296231389,0.16472663469612597,0.1750154212117195,0.00263290381553535,0.3985675026103854,0.12722895170003176,0.04265177792310715,64.0,0.12449799196787148,32.651,0.0,0.026422596,0.077,435.856,64.04,0.5684482322335244,0.4412192805334926,0.4412192805334926,1.0,-0.05204946313425898,-0.057516456861048934,-0.04677974032238126,0.002714639129383673,0.6365000000000001,,,1,False,True,0,0.0,0.0,0.0,0.0,0.5,,,1,False,True,0
A,posterior_mean_shrunk,cell,B,500,tail_b8.0_mu1.0_c1.0_T500_cap64,tail_b8.0_mu1.0_c1.0,64,10475000,phi_k16_nopolicy,learned,1,1,2000,1,True,True,0.1698807296231389,0.16472663469612597,0.1750154212117195,0.00263290381553535,0.3985675026103854,0.12722895170003176,0.04265177792310715,64.0,0.12449799196787148,32.651,0.0,0.026422596,0.077,432.752,64.32,0.5684482322335244,0.4412192805334926,0.4412192805334926,1.0,-0.05204946313425898,-0.057516456861048934,-0.04677974032238126,0.002714639129383673,0.6365000000000001,,,1,False,True,0,0.0,0.0,0.0,0.0,0.5,,,1,False,True,0
A,posterior_mean_shrunk,cell,B,500,tail_b8.0_mu1.0_c1.0_T500_cap64,tail_b8.0_mu1.0_c1.0,64,10475000,phi_k16_notrunc,learned,1,1,2000,1,True,True,0.1698807296231389,0.16472663469612597,0.1750154212117195,0.00263290381553535,0.3985675026103854,0.12722895170003176,0.04265177792310715,64.0,0.12449799196787148,32.651,0.0,0.026422596,0.077,436.0,64.0,0.5684482322335244,0.4412192805334926,0.4412192805334926,1.0,-0.05204946313425898,-0.057516456861048934,-0.04677974032238126,0.002714639129383673,0.6365000000000001,,,1,False,True,0,0.0,0.0,0.0,0.0,0.5,,,1,False,True,0
A,posterior_mean_shrunk,cell,B,500,tail_b8.0_mu1.0_c1.0_T500_cap64,tail_b8.0_mu1.0_c1.0,64,10475000,phi_k16_onpolicy_only,learned,1,1,2000,1,True,True,0.1698807296231389,0.16472663469612597,0.1750154212117195,0.00263290381553535,0.3985675026103854,0.12722895170003176,0.04265177792310715,64.0,0.12449799196787148,32.651,0.0,0.026422596,0.077,282.049,64.0,0.5684482322335244,0.4412192805334926,0.4412192805334926,1.0,-0.05204946313425898,-0.057516456861048934,-0.04677974032238126,0.002714639129383673,0.6365000000000001,,,1,False,True,0,0.0,0.0,0.0,0.0,0.5,,,1,False,True,0
A,posterior_mean_shrunk,cell,B,500,tail_b8.0_mu1.0_c1.0_T500_cap64,tail_b8.0_mu1.0_c1.0,64,10475000,phi_k16_onpolicy_union,learned,1,1,2000,1,True,True,0.1698807296231389,0.16472663469612597,0.1750154212117195,0.00263290381553535,0.3985675026103854,0.12722895170003176,0.04265177792310715,64.0,0.12449799196787148,32.651,0.0,0.026422596,0.077,434.872,64.784,0.5684482322335244,0.4412192805334926,0.4412192805334926,1.0,-0.05204946313425898,-0.057516456861048934,-0.04677974032238126,0.002714639129383673,0.6365000000000001,,,1,False,True,0,0.0,0.0,0.0,0.0,0.5,,,1,False,True,0
A,posterior_mean_shrunk,cell,B,500,tail_b8.0_mu1.0_c1.0_T500_cap64,tail_b8.0_mu1.0_c1.0,64,10475000,phi_k16_perstep,learned,1,1,2000,1,True,True,0.1698807296231389,0.16472663469612597,0.1750154212117195,0.00263290381553535,0.3985675026103854,0.12722895170003176,0.04265177792310715,64.0,0.12449799196787148,32.651,0.0,0.026422596,0.077,433.6685,65.828,0.5684482322335244,0.4412192805334926,0.4412192805334926,1.0,-0.05204946313425898,-0.057516456861048934,-0.04677974032238126,0.002714639129383673,0.6365000000000001,,,1,False,True,0,0.0,0.0,0.0,0.0,0.5,,,1,False,True,0
A,posterior_mean_shrunk,cell,B,500,tail_b8.0_mu1.0_c1.0_T500_cap64,tail_b8.0_mu1.0_c1.0,64,10475000,phi_k16_quality,learned,1,1,2000,1,True,True,0.1698807296231389,0.16472663469612597,0.1750154212117195,0.00263290381553535,0.3985675026103854,0.12722895170003176,0.04265177792310715,64.0,0.12449799196787148,32.651,0.0,0.026422596,0.077,430.4,69.032,0.5684482322335244,0.4412192805334926,0.4412192805334926,1.0,-0.05204946313425898,-0.057516456861048934,-0.04677974032238126,0.002714639129383673,0.6365000000000001,,,1,False,True,0,0.0,0.0,0.0,0.0,0.5,,,1,False,True,0
A,posterior_mean_shrunk,cell,B,500,tail_b8.0_mu1.0_c1.0_T500_cap64,tail_b8.0_mu1.0_c1.0,64,10475000,phi_k16_tau05,learned,1,1,2000,1,True,True,0.1698807296231389,0.16472663469612597,0.1750154212117195,0.00263290381553535,0.3985675026103854,0.12722895170003176,0.04265177792310715,64.0,0.12449799196787148,32.651,0.0,0.026422596,0.077,427.432,71.824,0.5684482322335244,0.4412192805334926,0.4412192805334926,1.0,-0.05204946313425898,-0.057516456861048934,-0.04677974032238126,0.002714639129383673,0.6365000000000001,,,1,False,True,0,0.0,0.0,0.0,0.0,0.5,,,1,False,True,0
A,posterior_mean_shrunk,cell,B,500,tail_b8.0_mu1.0_c1.0_T500_cap64,tail_b8.0_mu1.0_c1.0,64,10475000,phi_k16_weighted,learned,1,1,2000,1,True,True,0.1698807296231389,0.16472663469612597,0.1750154212117195,0.00263290381553535,0.3985675026103854,0.12722895170003176,0.04265177792310715,64.0,0.12449799196787148,32.651,0.0,0.026422596,0.077,405.216,90.608,0.5684482322335244,0.4412192805334926,0.4412192805334926,1.0,-0.05204946313425898,-0.057516456861048934,-0.04677974032238126,0.002714639129383673,0.6365000000000001,,,1,False,True,0,0.0,0.0,0.0,0.0,0.5,,,1,False,True,0
A,posterior_mean_shrunk,cell,B,500,tail_b8.0_mu1.0_c1.0_T500_cap64,tail_b8.0_mu1.0_c1.0,64,10475000,phi_k4,learned,1,1,2000,1,True,True,0.1698807296231389,0.16472663469612597,0.1750154212117195,0.00263290381553535,0.3985675026103854,0.12722895170003176,0.04265177792310715,64.0,0.12449799196787148,32.651,0.0,0.026422596,0.077,436.0,64.0,0.5684482322335244,0.4412192805334926,0.4412192805334926,1.0,-0.05204946313425898,-0.057516456861048934,-0.04677974032238126,0.002714639129383673,0.6365000000000001,,,1,False,True,0,0.0,0.0,0.0,0.0,0.5,,,1,False,True,0
A,posterior_mean_shrunk,cell,B,500,tail_b8.0_mu1.0_c1.0_T500_cap64,tail_b8.0_mu1.0_c1.0,64,10475000,phi_reservoir_rule,learned,1,1,2000,1,True,True,0.1736471159849316,0.16848133690655231,0.17879066243767738,0.002638480188963386,0.3948011162485927,0.13355285725742577,0.040094258727505806,60.724,0.11791967871485944,34.5565,0.0,0.028381144,0.077,9.164,105.73368146214099,0.5684482322335244,0.4412192805334926,0.43489537497609854,0.766,-0.0482830767724663,-0.0534837300889194,-0.04313818057999015,0.0026152006320343878,0.629,,,1,False,True,0,0.0037663863617926835,0.0017285719863139094,0.005796189419925213,0.0010358685772516776,0.49174999999999996,,,1,False,True,0
A,posterior_mean_shrunk,cell,B,500,tail_b8.0_mu1.0_c1.0_T500_cap64,tail_b8.0_mu1.0_c1.0,64,10475000,phi_sf_k16,learned,1,1,2000,1,True,True,0.1698807296231389,0.16472663469612597,0.1750154212117195,0.00263290381553535,0.3985675026103854,0.12722895170003176,0.04265177792310715,64.0,0.12449799196787148,32.651,0.0,0.026422596,0.077,434.6,64.784,0.5684482322335244,0.4412192805334926,0.4412192805334926,1.0,-0.05204946313425898,-0.057516456861048934,-0.04677974032238126,0.002714639129383673,0.6365000000000001,,,1,False,True,0,0.0,0.0,0.0,0.0,0.5,,,1,False,True,0
A,posterior_mean_shrunk,cell,B,500,tail_b8.0_mu1.0_c1.0_T500_cap64,tail_b8.0_mu1.0_c1.0,64,10475000,phi_sf_k16_noT1000,learned,1,1,2000,1,True,True,0.1698807296231389,0.16472663469612597,0.1750154212117195,0.00263290381553535,0.3985675026103854,0.12722895170003176,0.04265177792310715,64.0,0.12449799196787148,32.651,0.0,0.026422596,0.077,411.744,85.72,0.5684482322335244,0.4412192805334926,0.4412192805334926,1.0,-0.05204946313425898,-0.057516456861048934,-0.04677974032238126,0.002714639129383673,0.6365000000000001,,,1,False,True,0,0.0,0.0,0.0,0.0,0.5,,,1,False,True,0
A,posterior_mean_shrunk,cell,B,500,tail_b8.0_mu1.0_c1.0_T500_cap64,tail_b8.0_mu1.0_c1.0,64,10475000,power_a0.25,baseline,1,1,2000,1,True,True,0.1698807296231389,0.16472663469612597,0.1750154212117195,0.00263290381553535,0.3985675026103854,0.12722895170003176,0.04265177792310715,64.0,0.12449799196787148,32.651,0.0,0.026422596,0.077,,67.0,0.5684482322335244,0.4412192805334926,0.4412192805334926,1.0,-0.05204946313425898,-0.057516456861048934,-0.04677974032238126,0.002714639129383673,0.6365000000000001,,,1,False,True,0,0.0,0.0,0.0,0.0,0.5,,,1,False,True,0
A,posterior_mean_shrunk,cell,B,500,tail_b8.0_mu1.0_c1.0_T500_cap64,tail_b8.0_mu1.0_c1.0,64,10475000,power_a0.33,baseline,1,1,2000,1,True,True,0.1698807296231389,0.16472663469612597,0.1750154212117195,0.00263290381553535,0.3985675026103854,0.12722895170003176,0.04265177792310715,64.0,0.12449799196787148,32.651,0.0,0.026422596,0.077,,68.0,0.5684482322335244,0.4412192805334926,0.4412192805334926,1.0,-0.05204946313425898,-0.057516456861048934,-0.04677974032238126,0.002714639129383673,0.6365000000000001,,,1,False,True,0,0.0,0.0,0.0,0.0,0.5,,,1,False,True,0
A,posterior_mean_shrunk,cell,B,500,tail_b8.0_mu1.0_c1.0_T500_cap64,tail_b8.0_mu1.0_c1.0,64,10475000,power_a0.5,baseline,1,1,2000,1,True,True,0.1698807296231389,0.16472663469612597,0.1750154212117195,0.00263290381553535,0.3985675026103854,0.12722895170003176,0.04265177792310715,64.0,0.12449799196787148,32.651,0.0,0.026422596,0.077,,69.0,0.5684482322335244,0.4412192805334926,0.4412192805334926,1.0,-0.05204946313425898,-0.057516456861048934,-0.04677974032238126,0.002714639129383673,0.6365000000000001,,,1,False,True,0,0.0,0.0,0.0,0.0,0.5,,,1,False,True,0
A,posterior_mean_shrunk,cell,B,500,tail_b8.0_mu1.0_c1.0_T500_cap64,tail_b8.0_mu1.0_c1.0,64,10475000,power_a0.67,baseline,1,1,2000,1,True,True,0.1698807296231389,0.16472663469612597,0.1750154212117195,0.00263290381553535,0.3985675026103854,0.12722895170003176,0.04265177792310715,64.0,0.12449799196787148,32.651,0.0,0.026422596,0.077,,70.0,0.5684482322335244,0.4412192805334926,0.4412192805334926,1.0,-0.05204946313425898,-0.057516456861048934,-0.04677974032238126,0.002714639129383673,0.6365000000000001,,,1,False,True,0,0.0,0.0,0.0,0.0,0.5,,,1,False,True,0
A,posterior_mean_shrunk,cell,B,500,tail_b8.0_mu1.0_c1.0_T500_cap64,tail_b8.0_mu1.0_c1.0,64,10475000,refine_after_init,baseline,1,1,2000,1,True,True,0.2897690689396113,0.2843735970556736,0.29511292576789855,0.0027131983306310707,0.278679163293913,0.28503628160245714,0.00473278733715415,8.0,0.01204819277108434,163.9335,0.0,0.24883162800000003,0.828,,,0.5684482322335244,0.4412192805334926,0.28341195063106717,0.0,0.06783887618221343,0.06338111646473409,0.07243288084864616,0.002306932717318853,0.289,,,1,False,True,0,0.11988833931647241,0.11381540186703205,0.12597546093165873,0.0030941025465532563,0.2055,,,1,False,True,0
A,posterior_mean_shrunk,cell,B,500,tail_b8.0_mu1.0_c1.0_T500_cap64,tail_b8.0_mu1.0_c1.0,64,10475000,rule_reservoir,rule,1,1,2000,1,True,True,0.17930393701791764,0.17424933947622775,0.18425696678459644,0.0025653852505600956,0.3891442952156067,0.14591002812981604,0.03339390888810158,47.9155,0.09219979919678715,49.394,0.0,0.045998252,0.368,1.9885,169.2768817204301,0.5684482322335244,0.4412192805334926,0.4225382041037083,0.186,-0.04262625573948026,-0.04740514559671283,-0.037912878673523664,0.002392232498038318,0.61675,,,1,False,True,0,0.009423207394778728,0.00633601606823504,0.012587627093307673,0.0015888339049480037,0.47350000000000003,,,1,False,True,0
A,posterior_mean_shrunk,cell,B,500,tail_b8.0_mu1.0_c1.0_T500_cap64,tail_b8.0_mu1.0_c1.0,64,10475000,uniform,baseline,1,1,2000,1,True,True,0.1698807296231389,0.16472663469612597,0.1750154212117195,0.00263290381553535,0.3985675026103854,0.12722895170003176,0.04265177792310715,64.0,0.12449799196787148,32.65,0.0,0.026421664,0.077,,125.895,0.5684482322335244,0.4412192805334926,0.4412192805334926,1.0,-0.05204946313425898,-0.057516456861048934,-0.04677974032238126,0.002714639129383673,0.6365000000000001,,,1,False,True,0,0.0,0.0,0.0,0.0,0.5,,,1,False,True,0
A,posterior_mean_shrunk,cell,B,50,tail_b8.0_mu1.0_c1.0_T50_cap64,tail_b8.0_mu1.0_c1.0,64,10466000,always_search,baseline,1,1,2000,1,True,True,0.2255518010017695,0.21956893391907215,0.23158138096332548,0.0030639627735899273,0.19855061838205437,0.0,0.2255518010017695,50.0,1.0,1.0,50.0,0.02000000000000001,0.0,,,0.42410241938382387,0.42410241938382387,0.42410241938382387,0.0,0.016665446164668536,0.009608415118418636,0.023932700464501976,0.003620232296544189,0.4495,,,1,False,True,0,0.04322981862013694,0.03610596973448992,0.050464405305683614,0.0036109382063273707,0.41300000000000003,,,1,False,True,0
A,posterior_mean_shrunk,cell,B,50,tail_b8.0_mu1.0_c1.0_T50_cap64,tail_b8.0_mu1.0_c1.0,64,10466000,cp0,reference,1,1,2000,1,True,True,0.20888635483710094,0.20299872495234014,0.21486286148428918,0.0030111051244342464,0.21521606454672293,0.17106538736261429,0.037820967474486676,6.0,0.08333333333333331,11.0385,0.0,0.18455720000000003,0.0005,,,0.42410241938382387,0.42410241938382387,0.2530370320212096,0.0,0.0,0.0,0.0,0.0,0.5,,,1,False,True,0,0.026564372455468402,0.020099125755950808,0.03310292260721326,0.003348634406529894,0.43975,,,1,False,True,0
A,posterior_mean_shrunk,cell,B,50,tail_b8.0_mu1.0_c1.0_T50_cap64,tail_b8.0_mu1.0_c1.0,64,10466000,fixed_K16,baseline,1,1,2000,1,True,True,0.18254999641352332,0.17679645791649817,0.18852220252156257,0.0029620492722920314,0.24155242297030055,0.08909960624948143,0.09345039016404189,16.0,0.2916666666666667,4.3625,0.001,0.06943560000000001,0.0,,,0.42410241938382387,0.42410241938382387,0.33500281313434244,0.0,-0.02633635842357762,-0.032520709186792375,-0.02032471797429025,0.003096049701080233,0.5595,,,1,False,True,0,0.00022801403189077975,-0.0042467238381505,0.004971157736144957,0.002370377985093453,0.49075,,,1,False,True,0
A,posterior_mean_shrunk,cell,B,50,tail_b8.0_mu1.0_c1.0_T50_cap64,tail_b8.0_mu1.0_c1.0,64,10466000,p3_star,reference,1,1,2000,1,True,True,0.18232198238163255,0.17656007930636405,0.1880050778388977,0.0029390417461107625,0.24178043700219132,0.0673416965007782,0.11498028588085435,21.0,0.39583333333333326,3.5225,0.196,0.052326000000000004,0.0,,,0.42410241938382387,0.42410241938382387,0.35676072288304567,0.0,-0.026564372455468402,-0.03310292260721326,-0.02009912575595081,0.003348634406529894,0.56025,,,1,False,True,0,0.0,0.0,0.0,0.0,0.5,,,1,False,True,0
A,posterior_mean_shrunk,cell,B,50,tail_b8.0_mu1.0_c1.0_T50_cap64,tail_b8.0_mu1.0_c1.0,64,10466000,phi_k1,learned,1,1,2000,1,True,True,0.17276535475300625,0.1672535203397274,0.17853987254202366,0.0029044291386376604,0.2513370646308176,0.028505544699728488,0.14425981005327776,34.0,0.6666666666666667,2.728,22.8735,0.037678800000000005,0.0,0.0,,0.42410241938382387,0.42410241938382387,0.3955968746840954,0.0,-0.036121000084094704,-0.04308170033618808,-0.02907289401628077,0.0036149799879374,0.5775,,,1,False,True,0,-0.009556627628626302,-0.015082277823239565,-0.003979221929330379,0.0028318895998541665,0.5205,,,1,False,True,0
A,posterior_mean_shrunk,cell,B,50,tail_b8.0_mu1.0_c1.0_T50_cap64,tail_b8.0_mu1.0_c1.0,64,10466000,phi_k16,learned,1,1,2000,1,True,True,0.17542372712912038,0.16982290148735046,0.18121542632579804,0.0029244151558978355,0.2486786922547035,0.025179244354367258,0.15024448277475314,35.552,0.699,2.462,25.134,0.035516000000000006,0.0,0.0,,0.42410241938382387,0.42410241938382387,0.3989231750294566,0.0,-0.03346262770798057,-0.04041793020442128,-0.02644152333959937,0.00356849826769256,0.5712499999999999,,,1,False,True,0,-0.006898255252512172,-0.012235011043958365,-0.0015236024075420582,0.002738802578725652,0.51625,,,1,False,True,0
A,posterior_mean_shrunk,cell,B,50,tail_b8.0_mu1.0_c1.0_T50_cap64,tail_b8.0_mu1.0_c1.0,64,10466000,phi_k16_all71,learned,1,1,2000,1,True,True,0.17527204247238115,0.1696489378809929,0.1810182888060808,0.00292597936501225,0.24883037691144272,0.025032316282391547,0.1502397261899896,35.576,0.6994999999999999,2.46,25.1725,0.0354748,0.0,0.0,,0.42410241938382387,0.42410241938382387,0.3990701031014323,0.0,-0.03361431236471981,-0.04052577847614884,-0.026669032452628017,0.0035661782293057685,0.57175,,,1,False,True,0,-0.007049939909251407,-0.012374117574654519,-0.0016920401365496257,0.002741004222770254,0.51675,,,1,False,True,0
A,posterior_mean_shrunk,cell,B,50,tail_b8.0_mu1.0_c1.0_T50_cap64,tail_b8.0_mu1.0_c1.0,64,10466000,phi_k16_clock,learned,1,1,2000,1,True,True,0.1728676653704606,0.16722010485827923,0.178612856939435,0.0029323013343893704,0.25123475401336326,0.02908573030680418,0.1437819350636564,34.0,0.6666666666666665,2.6965,22.6745,0.0373852,0.0,0.0,,0.42410241938382387,0.42410241938382387,0.3950166890770197,0.0,-0.03601868946664035,-0.0429570198059082,-0.02898786887526513,0.0035787958287127834,0.5754999999999999,,,1,False,True,0,-0.009454317011171953,-0.014850648771971463,-0.003992204612586648,0.002778726049845267,0.52125,,,1,False,True,0
A,posterior_mean_shrunk,cell,B,50,tail_b8.0_mu1.0_c1.0_T50_cap64,tail_b8.0_mu1.0_c1.0,64,10466000,phi_k16_cs,learned,1,1,2000,1,True,True,0.17530464899959042,0.16968505084514618,0.18105389475822448,0.0029255614496211807,0.24879777038423345,0.025179244354367258,0.15012540464522317,35.568,0.6993333333333333,2.4585,25.1555,0.03548200000000001,0.0,0.0,,0.42410241938382387,0.42410241938382387,0.3989231750294566,0.0,-0.03358170583751053,-0.04047487042844295,-0.026609812863171104,0.0035667907395937996,0.57175,,,1,False,True,0,-0.007017333382042125,-0.012346091819927095,-0.0016361687856260693,0.0027412401069430263,0.5165,,,1,False,True,0
A,posterior_mean_shrunk,cell,B,50,tail_b8.0_mu1.0_c1.0_T50_cap64,tail_b8.0_mu1.0_c1.0,64,10466000,phi_k16_famA_only,learned,1,1,2000,1,True,True,0.1729139169177506,0.16741400733590125,0.17858264036476612,0.0028854732365738668,0.25118850246607327,0.05444586493819952,0.1184680519795511,24.856,0.4761666666666666,3.6015,9.033,0.0523128,0.0,0.0,,0.42410241938382387,0.42410241938382387,0.36965655444562434,0.0,-0.03597243791935034,-0.04254857636988163,-0.029408845724537974,0.003359236183641915,0.5802499999999999,,,1,False,True,0,-0.00940806546388194,-0.014130121911875904,-0.004657163156662137,0.0024407064619117315,0.5195,,,1,False,True,0
A,posterior_mean_shrunk,cell,B,50,tail_b8.0_mu1.0_c1.0_T50_cap64,tail_b8.0_mu1.0_c1.0,64,10466000,phi_k16_famB_only,learned,1,1,2000,1,True,True,0.17530464899959042,0.16968505084514618,0.18105389475822448,0.0029255614496211807,0.24879777038423345,0.025019596830010413,0.15028505216958002,35.616,0.7003333333333333,2.457,25.236,0.035415999999999996,0.0,0.0,,0.42410241938382387,0.42410241938382387,0.39908282255381344,0.0,-0.03358170583751053,-0.04047487042844295,-0.026609812863171104,0.0035667907395937996,0.57175,,,1,False,True,0,-0.007017333382042125,-0.012346091819927095,-0.0016361687856260693,0.0027412401069430263,0.5165,,,1,False,True,0
A,posterior_mean_shrunk,cell,B,50,tail_b8.0_mu1.0_c1.0_T50_cap64,tail_b8.0_mu1.0_c1.0,64,10466000,phi_k16_guard,learned,1,1,2000,1,True,True,0.17930318321543745,0.17363678030669688,0.18519331105053424,0.0029322881133613736,0.24479923616838642,0.08424223444238305,0.0950609487730544,17.0,0.3125,4.196,0.003,0.0662884,0.0,0.0,,0.42410241938382387,0.42410241938382387,0.3398601849414408,0.0,-0.029583171621663497,-0.03579019866883755,-0.023553296411409977,0.0031467129714851673,0.5655,,,1,False,True,0,-0.0030187991661950945,-0.007167126296553761,0.0013172831851989018,0.0021657157357107193,0.50075,,,1,False,True,0
A,posterior_mean_shrunk,cell,B,50,tail_b8.0_mu1.0_c1.0_T50_cap64,tail_b8.0_mu1.0_c1.0,64,10466000,phi_k16_hgb,learned,1,1,2000,1,True,True,0.18225486083771103,0.17656080648303032,0.18800381124019622,0.0029292810401521895,0.24184755854611284,0.02521474029868841,0.1570401205390226,36.2,0.7125,2.378,26.8185,0.035775600000000005,0.0,0.0,,0.42410241938382387,0.42410241938382387,0.39888767908513545,0.0,-0.02663149399938993,-0.03337431671097875,-0.019756161794066435,0.003496224485169081,0.55175,,,1,False,True,0,-6.712154392153025e-05,-0.005595603014808147,0.005575748451519756,0.002866728719877661,0.5002500000000001,,,1,False,True,0
A,posterior_mean_shrunk,cell,B,50,tail_b8.0_mu1.0_c1.0_T50_cap64,tail_b8.0_mu1.0_c1.0,64,10466000,phi_k16_lucb,learned,1,1,2000,1,True,True,0.17517530157091096,0.16959204636514186,0.1809673573821783,0.0029265763014031955,0.2489271178129129,0.024957690238952637,0.15021761133195832,35.616,0.7003333333333333,2.457,25.233,0.0354172,0.0,0.0,,0.42410241938382387,0.42410241938382387,0.39914472914487126,0.0,-0.03371105326618999,-0.04061816995963454,-0.0267156139947474,0.0035638326003585457,0.5720000000000001,,,1,False,True,0,-0.007146680810721591,-0.01247543857898563,-0.0018220878730062398,0.002738017841320059,0.51675,,,1,False,True,0
A,posterior_mean_shrunk,cell,B,50,tail_b8.0_mu1.0_c1.0_T50_cap64,tail_b8.0_mu1.0_c1.0,64,10466000,phi_k16_noT1000,learned,1,1,2000,1,True,True,0.20057331099978182,0.1946039769798517,0.2064731389284134,0.0030308767500103143,0.22352910838404205,0.008285832785069943,0.19228747821471187,44.816,0.892,1.6575,41.881,0.026414400000000008,0.0,0.0,,0.42410241938382387,0.42410241938382387,0.4158165865987539,0.0,-0.008313043837319128,-0.015465731592848895,-0.0011659817711915865,0.0036935269433046257,0.512,,,1,False,True,0,0.018251328618149272,0.011776377796195447,0.024827005248516797,0.0033689192030617082,0.46875,,,1,False,True,0
A,posterior_mean_shrunk,cell,B,50,tail_b8.0_mu1.0_c1.0_T50_cap64,tail_b8.0_mu1.0_c1.0,64,10466000,phi_k16_noT200,learned,1,1,2000,1,True,True,0.17527204247238115,0.1696489378809929,0.1810182888060808,0.00292597936501225,0.24883037691144272,0.025019596830010413,0.15025244564237072,35.624,0.7005,2.455,25.2475,0.0353988,0.0,0.0,,0.42410241938382387,0.42410241938382387,0.39908282255381344,0.0,-0.03361431236471981,-0.04052577847614884,-0.026669032452628017,0.0035661782293057685,0.57175,,,1,False,True,0,-0.007049939909251407,-0.012374117574654519,-0.0016920401365496257,0.002741004222770254,0.51675,,,1,False,True,0
A,posterior_mean_shrunk,cell,B,50,tail_b8.0_mu1.0_c1.0_T50_cap64,tail_b8.0_mu1.0_c1.0,64,10466000,phi_k16_noambig,learned,1,1,2000,1,True,True,0.1865639449947048,0.18069005347788333,0.19243340641260145,0.0029694673095341313,0.23753847438911907,0.01390041433274746,0.17266353066195733,41.688,0.8268333333333333,2.0205,36.651,0.029950000000000008,0.0,0.0,,0.42410241938382387,0.42410241938382387,0.4102020050510764,0.0,-0.022322409842396154,-0.029430072801187635,-0.015206708293408156,0.003676468465517356,0.542,,,1,False,True,0,0.004241962613072246,-0.0018215650459751484,0.010500110709108411,0.003170048514186705,0.49224999999999997,,,1,False,True,0
A,posterior_mean_shrunk,cell,B,50,tail_b8.0_mu1.0_c1.0_T50_cap64,tail_b8.0_mu1.0_c1.0,64,10466000,phi_k16_nopolicy,learned,1,1,2000,1,True,True,0.1752192849072162,0.16959726065397263,0.18096294142305852,0.0029085493543233695,0.24888313447660768,0.06329806039109825,0.11192122451611794,22.424,0.42549999999999993,3.781,5.9725,0.05616039999999999,0.0,0.0,,0.42410241938382387,0.42410241938382387,0.3608043589927256,0.0,-0.033667069929884746,-0.040098323673009875,-0.02726519829593599,0.0032964181189515172,0.575,,,1,False,True,0,-0.0071026974744163454,-0.011616219021379947,-0.0025801560492254793,0.002328719449055251,0.51125,,,1,False,True,0
A,posterior_mean_shrunk,cell,B,50,tail_b8.0_mu1.0_c1.0_T50_cap64,tail_b8.0_mu1.0_c1.0,64,10466000,phi_k16_notrunc,learned,1,1,2000,1,True,True,0.1754921085112728,0.16989987455308436,0.18127046562731267,0.0029315751711557676,0.24861031087255106,0.031105547316372394,0.14438656119490043,32.72,0.64,2.7085,20.1875,0.03903960000000001,0.0,0.0,,0.42410241938382387,0.42410241938382387,0.3929968720674515,0.0,-0.03339424632582814,-0.04025095934048295,-0.0264439485501498,0.003521454029624287,0.5702499999999999,,,1,False,True,0,-0.006829873870359734,-0.012077001458965238,-0.0016261006356217004,0.002701975541962719,0.51425,,,1,False,True,0
A,posterior_mean_shrunk,cell,B,50,tail_b8.0_mu1.0_c1.0_T50_cap64,tail_b8.0_mu1.0_c1.0,64,10466000,phi_k16_onpolicy_only,learned,1,1,2000,1,True,True,0.17299981189286337,0.16743242591619492,0.17874896414577962,0.002919037172967604,0.2511026074909605,0.026519271165132523,0.14648054072773084,35.208,0.6918333333333333,2.616,24.9805,0.036317999999999996,0.0,0.0,,0.42410241938382387,0.42410241938382387,0.39758314821869134,0.0,-0.03588654294423759,-0.042781192995607856,-0.02874289113096893,0.0035916326267983086,0.577,,,1,False,True,0,-0.009322170488769188,-0.014784906501881778,-0.0038112656155135484,0.002806783253441225,0.5237499999999999,,,1,False,True,0
A,posterior_mean_shrunk,cell,B,50,tail_b8.0_mu1.0_c1.0_T50_cap64,tail_b8.0_mu1.0_c1.0,64,10466000,phi_k16_onpolicy_union,learned,1,1,2000,1,True,True,0.1786774968064856,0.1730690237134695,0.18446830436587333,0.002931894919740257,0.2454249225773383,0.020556289702653885,0.1581212071038317,38.16,0.7533333333333333,2.3345,30.2985,0.033432,0.0,0.0,,0.42410241938382387,0.42410241938382387,0.40354612968117,0.0,-0.030208858030615373,-0.03715628096833825,-0.023229217901825906,0.0035797242325942085,0.5602499999999999,,,1,False,True,0,-0.0036444855751469733,-0.009295110567472875,0.00210266938083805,0.0029323366187922564,0.51125,,,1,False,True,0
A,posterior_mean_shrunk,cell,B,50,tail_b8.0_mu1.0_c1.0_T50_cap64,tail_b8.0_mu1.0_c1.0,64,10466000,phi_k16_perstep,learned,1,1,2000,1,True,True,0.1668872107041534,0.16137609034776687,0.1725715946406126,0.0028673202190870797,0.25721520867967046,0.016457596451044082,0.15042961425310933,39.83,0.788125,2.6535,33.9725,0.0325056,0.0,0.0,,0.42410241938382387,0.42410241938382387,0.4076448229327798,0.0,-0.04199914413294755,-0.04928826931864023,-0.034840397909283644,0.003704866419581806,0.589,,,1,False,True,0,-0.015434771677479147,-0.021405612491071223,-0.009387409989722074,0.0030824462088167312,0.5385,,,1,False,True,0
A,posterior_mean_shrunk,cell,B,50,tail_b8.0_mu1.0_c1.0_T50_cap64,tail_b8.0_mu1.0_c1.0,64,10466000,phi_k16_quality,learned,1,1,2000,1,True,True,0.1756723195258528,0.1700736004859209,0.1814492240548134,0.0029247216470806507,0.24843009985797107,0.026745669439435005,0.14892665008641778,35.08,0.6891666666666665,2.488,24.2085,0.035905200000000005,0.0,0.0,,0.42410241938382387,0.42410241938382387,0.39735674994438885,0.0,-0.033214035311248155,-0.04007813455536961,-0.02619632249698043,0.003545968700580619,0.57225,,,1,False,True,0,-0.006649662855779752,-0.011978703550994396,-0.0013511401193682133,0.002720363339904996,0.516,,,1,False,True,0
A,posterior_mean_shrunk,cell,B,50,tail_b8.0_mu1.0_c1.0_T50_cap64,tail_b8.0_mu1.0_c1.0,64,10466000,phi_k16_tau05,learned,1,1,2000,1,True,True,0.17542372712912038,0.16982290148735046,0.18121542632579804,0.0029244151558978355,0.2486786922547035,0.025179244354367258,0.15024448277475314,35.552,0.699,2.462,25.134,0.035516000000000006,0.0,0.0,,0.42410241938382387,0.42410241938382387,0.3989231750294566,0.0,-0.03346262770798057,-0.04041793020442128,-0.02644152333959937,0.00356849826769256,0.5712499999999999,,,1,False,True,0,-0.006898255252512172,-0.012235011043958365,-0.0015236024075420582,0.002738802578725652,0.51625,,,1,False,True,0
A,posterior_mean_shrunk,cell,B,50,tail_b8.0_mu1.0_c1.0_T50_cap64,tail_b8.0_mu1.0_c1.0,64,10466000,phi_k16_weighted,learned,1,1,2000,1,True,True,0.18050828782538883,0.17486027255654335,0.1861917793750763,0.0029288557255189745,0.24359413155843504,0.020551445543766023,0.15995684228162282,38.192,0.7539999999999999,2.2345,29.9705,0.0329388,0.0,0.0,,0.42410241938382387,0.42410241938382387,0.40355097384005784,0.0,-0.028378067011712117,-0.035297812614589925,-0.021523721516132355,0.0035546511969561986,0.5569999999999999,,,1,False,True,0,-0.0018136945562437176,-0.007415376591961831,0.0038487096491735414,0.0028878707430898863,0.5057499999999999,,,1,False,True,0
A,posterior_mean_shrunk,cell,B,50,tail_b8.0_mu1.0_c1.0_T50_cap64,tail_b8.0_mu1.0_c1.0,64,10466000,phi_k4,learned,1,1,2000,1,True,True,0.17176665278919973,0.16624564491212368,0.17751490958034993,0.0029143944423281848,0.25233576659462414,0.02640046647936106,0.14536618630983866,35.19,0.6914583333333334,2.713,25.176,0.0366244,0.0,0.0,,0.42410241938382387,0.42410241938382387,0.3977019529044628,0.0,-0.03711970204790123,-0.0440929745323956,-0.030080475285649305,0.0036142933723795406,0.5815,,,1,False,True,0,-0.010555329592432827,-0.016144707612693307,-0.004963914083782584,0.0028569274317411216,0.5265,,,1,False,True,0
A,posterior_mean_shrunk,cell,B,50,tail_b8.0_mu1.0_c1.0_T50_cap64,tail_b8.0_mu1.0_c1.0,64,10466000,phi_reservoir_rule,learned,1,1,2000,1,True,True,0.17263893046043813,0.16697270125150682,0.17838086038827897,0.0029303307209736815,0.2514634889233857,0.028018366977572443,0.1446205634828657,34.288,0.6726666666666665,2.6755,23.281,0.037214800000000006,0.0,0.0,,0.42410241938382387,0.42410241938382387,0.39608405240625144,0.0,-0.03624742437666282,-0.0432619459927082,-0.029200799157842995,0.0035927962100049814,0.574,,,1,False,True,0,-0.00968305192119442,-0.015099176461808379,-0.004329448589123786,0.0027748304515022868,0.5197499999999999,,,1,False,True,0
A,posterior_mean_shrunk,cell,B,50,tail_b8.0_mu1.0_c1.0_T50_cap64,tail_b8.0_mu1.0_c1.0,64,10466000,phi_sf_k16,learned,1,1,2000,1,True,True,0.17519961871625855,0.16959756128489972,0.18097228407859803,0.0029272521254525086,0.24890280066756532,0.024952846080064775,0.1502467726361938,35.664,0.7013333333333333,2.4515,25.3115,0.0353168,0.0,0.0,,0.42410241938382387,0.42410241938382387,0.3991495733037591,0.0,-0.0336867361208424,-0.04062128625810146,-0.026708981534466148,0.00356510042246946,0.5720000000000001,,,1,False,True,0,-0.007122363665373996,-0.012442847690545022,-0.0017725974059430887,0.00274186770489521,0.517,,,1,False,True,0
A,posterior_mean_shrunk,cell,B,50,tail_b8.0_mu1.0_c1.0_T50_cap64,tail_b8.0_mu1.0_c1.0,64,10466000,phi_sf_k16_noT1000,learned,1,1,2000,1,True,True,0.18224023682251572,0.1766561359167099,0.18797534964978696,0.0029233459915153238,0.24186218256130815,0.02525656256079674,0.156983674261719,35.384,0.6954999999999999,2.293,24.2675,0.0352004,0.0,0.0,,0.42410241938382387,0.42410241938382387,0.39884585682302715,0.0,-0.026646118014585225,-0.03354017063975334,-0.019854508526623252,0.003485452826400462,0.556,,,1,False,True,0,-8.174555911682547e-05,-0.005310552334412932,0.005160005227662623,0.0026915367253135527,0.50025,,,1,False,True,0
A,posterior_mean_shrunk,cell,B,50,tail_b8.0_mu1.0_c1.0_T50_cap64,tail_b8.0_mu1.0_c1.0,64,10466000,power_a0.25,baseline,1,1,2000,1,True,True,0.18232198238163255,0.17656007930636405,0.1880050778388977,0.0029390417461107625,0.24178043700219132,0.0673416965007782,0.11498028588085435,21.0,0.39583333333333326,3.5225,0.196,0.052326000000000004,0.0,,,0.42410241938382387,0.42410241938382387,0.35676072288304567,0.0,-0.026564372455468402,-0.03310292260721326,-0.02009912575595081,0.003348634406529894,0.56025,,,1,False,True,0,0.0,0.0,0.0,0.0,0.5,,,1,False,True,0
A,posterior_mean_shrunk,cell,B,50,tail_b8.0_mu1.0_c1.0_T50_cap64,tail_b8.0_mu1.0_c1.0,64,10466000,power_a0.33,baseline,1,1,2000,1,True,True,0.18066773900261615,0.17500515095889568,0.18640049435198308,0.0029394756559865784,0.24343468038120772,0.05970835789293051,0.12095938110968564,23.0,0.4375,3.0435,1.8395,0.0474496,0.0,,,0.42410241938382387,0.42410241938382387,0.3643940614908934,0.0,-0.028218615834484807,-0.03473531501367688,-0.021815169276669624,0.0033876137875488003,0.5535,,,1,False,True,0,-0.001654243379016407,-0.004817901947535575,0.0014696814469061792,0.0016101329435513722,0.50025,,,1,False,True,0
A,posterior_mean_shrunk,cell,B,50,tail_b8.0_mu1.0_c1.0_T50_cap64,tail_b8.0_mu1.0_c1.0,64,10466000,power_a0.5,baseline,1,1,2000,1,True,True,0.18186849906644784,0.1760597713291645,0.18755748644471168,0.002937911030341759,0.24223392031737603,0.0673416965007782,0.11452680256566965,21.0,0.39583333333333326,3.542,0.199,0.05234800000000001,0.0,,,0.42410241938382387,0.42410241938382387,0.35676072288304567,0.0,-0.027017855770653115,-0.033651802223175764,-0.02054179245606065,0.003369854584445601,0.5605,,,1,False,True,0,-0.0004534833151847124,-0.0015349517023423682,0.0005820931342896072,0.0005440018338265832,0.5015,,,1,False,True,0
A,posterior_mean_shrunk,cell,B,50,tail_b8.0_mu1.0_c1.0_T50_cap64,tail_b8.0_mu1.0_c1.0,64,10466000,power_a0.67,baseline,1,1,2000,1,True,True,0.1798472203509882,0.17405205070972443,0.18564437590539457,0.002945651497414342,0.24425519903283566,0.053577667362987996,0.12626955298800022,25.0,0.4791666666666668,2.645,4.592,0.044346000000000003,0.0,,,0.42410241938382387,0.42410241938382387,0.3705247520208359,0.0,-0.029039134486112745,-0.03595659993588924,-0.022341002291068435,0.0034984559076460535,0.56075,,,1,False,True,0,-0.0024747620306443422,-0.0067239714669995,0.0017198457295307817,0.0021578717827520437,0.504,,,1,False,True,0
A,posterior_mean_shrunk,cell,B,50,tail_b8.0_mu1.0_c1.0_T50_cap64,tail_b8.0_mu1.0_c1.0,64,10466000,refine_after_init,baseline,1,1,2000,1,True,True,0.19517401412921026,0.18948143497109413,0.20096375346183776,0.0029474625653751144,0.2289284052546136,0.1453906401656568,0.04978337396355346,8.0,0.125,8.8175,0.0,0.1402772,0.0,,,0.42410241938382387,0.42410241938382387,0.2787117792181671,0.0,-0.013712340707890689,-0.01779253170825541,-0.009716519317589701,0.0020448217921708303,0.5307499999999999,,,1,False,True,0,0.012852031747577711,0.0066830968367867175,0.019135675998404617,0.0031902247321180283,0.477,,,1,False,True,0
A,posterior_mean_shrunk,cell,B,50,tail_b8.0_mu1.0_c1.0_T50_cap64,tail_b8.0_mu1.0_c1.0,64,10466000,rule_reservoir,rule,1,1,2000,1,True,True,0.1786191721470095,0.17314700596034527,0.18425788655877112,0.0028857966350296286,0.24548324723681436,0.0927199622951448,0.08589920985186472,15.33,0.27770833333333333,5.36,1.274,0.08344599999999999,0.0,0.0,,0.42410241938382387,0.42410241938382387,0.3313824570886791,0.0,-0.030267182690091432,-0.036200315877795215,-0.024345006328076124,0.0030873161743252913,0.56875,,,1,False,True,0,-0.0037028102346230297,-0.008850869955495,0.001415113316033963,0.0026467023699824183,0.501,,,1,False,True,0
A,posterior_mean_shrunk,cell,B,50,tail_b8.0_mu1.0_c1.0_T50_cap64,tail_b8.0_mu1.0_c1.0,64,10466000,uniform,baseline,1,1,2000,1,True,True,0.18279936126433313,0.17699540369212627,0.18867526799440384,0.002975736039372461,0.24130305811949074,0.0516589262932539,0.13114043497107922,25.9055,0.49803125,2.6745,8.0715,0.045453600000000004,0.0,,,0.42410241938382387,0.42410241938382387,0.37244349309056995,0.0,-0.026086993572767826,-0.03285144148394465,-0.019324866589158773,0.003434912350366283,0.5547500000000001,,,1,False,True,0,0.0004773788827005774,-0.003612120583420618,0.004589521966408938,0.0020789851016532867,0.495,,,1,False,True,0
