level,split,env_id,family,horizon,cap,base_seed,K,n_envs,n_episodes,regret,regret_se,regret_disc,regret_sel,k_final,search_frac,k_star,is_argmin
env,val,beta_good_common,A,50,64,5001000,4,1,2000,0.1212188158929348,0.0020934728648654382,0.09868735560774804,0.022531460285186766,4.0,0.04166666666666666,12,False
env,val,beta_good_common,A,50,64,5001000,6,1,2000,0.10364199955761433,0.0019238443001049336,0.07254457414150238,0.031097425416111945,6.0,0.08333333333333331,12,False
env,val,beta_good_common,A,50,64,5001000,8,1,2000,0.09461859734356404,0.0018572422649983126,0.056702530682086943,0.03791606666147709,8.0,0.125,12,False
env,val,beta_good_common,A,50,64,5001000,10,1,2000,0.09198188146948814,0.001819198317427731,0.04675529369711876,0.04522658777236938,10.0,0.16666666666666663,12,False
env,val,beta_good_common,A,50,64,5001000,12,1,2000,0.08880281415581703,0.0017827048372398395,0.03894427379965782,0.04985854035615921,12.0,0.20833333333333337,12,True
env,val,beta_good_common,A,50,64,5001000,14,1,2000,0.09152751177549362,0.0018064231282824389,0.0330944909453392,0.05843302083015442,14.0,0.25,12,False
env,val,beta_good_common,A,50,64,5001000,16,1,2000,0.0916176788508892,0.001812340306546234,0.02885907506942749,0.06275860378146171,16.0,0.2916666666666667,12,False
env,val,beta_good_common,A,50,64,5001000,18,1,2000,0.09350284872949123,0.001874191972228698,0.02481166386604309,0.06869118486344815,18.0,0.33333333333333326,12,False
env,val,beta_good_common,A,50,64,5001000,20,1,2000,0.09597090923786164,0.0019255499090720207,0.02176810085773468,0.07420280838012695,20.0,0.375,12,False
env,val,beta_good_common,A,50,64,5001000,24,1,2000,0.09952438816428184,0.0019695520644676385,0.016340314656496047,0.0831840735077858,24.0,0.4583333333333332,12,False
env,val,beta_good_common,A,50,64,5001000,28,1,2000,0.10621078450977803,0.0020205017632211,0.012525271773338318,0.0936855127364397,28.0,0.5416666666666667,12,False
env,val,beta_good_common,A,50,64,5001000,32,1,2000,0.11829180280864239,0.0021897594926016907,0.009112603843212127,0.10917919896543025,32.0,0.625,12,False
env,val,beta_good_common,A,50,64,5001000,36,1,2000,0.12695337015390395,0.0023027009652399947,0.006625248342752457,0.1203281218111515,36.0,0.7083333333333334,12,False
env,val,beta_good_common,A,50,64,5001000,40,1,2000,0.14093047672510148,0.0024829551625492165,0.004262636184692383,0.1366678405404091,40.0,0.7916666666666665,12,False
env,val,beta_good_common,A,50,64,5001000,48,1,2000,0.18960068232566119,0.0029963685638197224,0.0007359300553798676,0.18886475227028132,48.0,0.9583333333333336,12,False
env,val,beta_good_common,A,100,64,5004000,4,1,2000,0.12478733430802823,0.0020063305637275076,0.11141007897257806,0.013377255335450172,4.0,0.02040816326530612,20,False
env,val,beta_good_common,A,100,64,5004000,6,1,2000,0.10096240854263305,0.0017455804362238544,0.08353579065203667,0.01742661789059639,6.0,0.04081632653061224,20,False
env,val,beta_good_common,A,100,64,5004000,8,1,2000,0.08927790784835815,0.0016348560812464701,0.06829349169135093,0.02098441615700722,8.0,0.06122448979591836,20,False
env,val,beta_good_common,A,100,64,5004000,10,1,2000,0.08149040646851063,0.0015610340937868678,0.05683024698495865,0.02466015948355198,10.0,0.08163265306122448,20,False
env,val,beta_good_common,A,100,64,5004000,12,1,2000,0.07845770302414894,0.0015382924449811712,0.04949231001734734,0.028965393006801607,12.0,0.10204081632653059,20,False
env,val,beta_good_common,A,100,64,5004000,14,1,2000,0.07412343853712082,0.0014583404339899068,0.04320255717635155,0.030920881360769273,14.0,0.12244897959183672,20,False
env,val,beta_good_common,A,100,64,5004000,16,1,2000,0.07218040120601654,0.001456919043480437,0.0387742774784565,0.03340612372756004,16.0,0.1428571428571428,20,False
env,val,beta_good_common,A,100,64,5004000,18,1,2000,0.07048496741056443,0.001407321892520328,0.03481991237401962,0.0356650550365448,18.0,0.16326530612244897,20,False
env,val,beta_good_common,A,100,64,5004000,20,1,2000,0.06938054537773132,0.0013914855425271638,0.031513289660215375,0.037867255717515945,20.0,0.1836734693877551,20,True
env,val,beta_good_common,A,100,64,5004000,24,1,2000,0.07064616578817368,0.0014282436115255093,0.026573632657527924,0.044072533130645755,24.0,0.22448979591836735,20,False
env,val,beta_good_common,A,100,64,5004000,28,1,2000,0.07229156237840652,0.0015036135506026817,0.02206654316186905,0.05022501921653748,28.0,0.2653061224489796,20,False
env,val,beta_good_common,A,100,64,5004000,32,1,2000,0.07413223218917847,0.001500858992201495,0.01888952699303627,0.055242705196142196,32.0,0.3061224489795918,20,False
env,val,beta_good_common,A,100,64,5004000,36,1,2000,0.07677746632695198,0.0016015134902044416,0.016445409208536148,0.060332057118415834,36.0,0.34693877551020413,20,False
env,val,beta_good_common,A,100,64,5004000,40,1,2000,0.07925091549754143,0.0016375547327185857,0.014042291224002839,0.06520862427353859,40.0,0.38775510204081615,20,False
env,val,beta_good_common,A,100,64,5004000,48,1,2000,0.08704018464684486,0.0017089900370268953,0.010547366231679916,0.07649281841516495,48.0,0.4693877551020407,20,False
env,val,beta_good_common,A,100,64,5004000,56,1,2000,0.09345823782682419,0.001795451383392583,0.008100563526153565,0.08535767430067062,56.0,0.5510204081632653,20,False
env,val,beta_good_common,A,100,64,5004000,64,1,2000,0.10234859672188759,0.0018684319530329402,0.005930105298757553,0.09641849142313004,64.0,0.6326530612244898,20,False
env,val,beta_good_common,A,200,64,5007000,4,1,2000,0.12125690631568432,0.0017878698114865972,0.11346520838141441,0.007791697934269905,4.0,0.010101010101010102,32,False
env,val,beta_good_common,A,200,64,5007000,6,1,2000,0.1007146400809288,0.0015230159091947175,0.0906744784116745,0.010040161669254304,6.0,0.020202020202020204,32,False
env,val,beta_good_common,A,200,64,5007000,8,1,2000,0.08765942931175232,0.0014023953434338205,0.07558766043186188,0.012071768879890442,8.0,0.03030303030303029,32,False
env,val,beta_good_common,A,200,64,5007000,10,1,2000,0.07961332076787948,0.0013496427651726911,0.06540156927704811,0.014211751490831375,10.0,0.04040404040404041,32,False
env,val,beta_good_common,A,200,64,5007000,12,1,2000,0.07265930584073067,0.001283000479825897,0.0577546338737011,0.014904671967029572,12.0,0.050505050505050504,32,False
env,val,beta_good_common,A,200,64,5007000,14,1,2000,0.06740544658899307,0.0012128539238279274,0.05120736354589462,0.01619808304309845,14.0,0.06060606060606058,32,False
env,val,beta_good_common,A,200,64,5007000,16,1,2000,0.06385601425170899,0.0011595030810831676,0.04595569869875908,0.017900315552949905,16.0,0.07070707070707072,32,False
env,val,beta_good_common,A,200,64,5007000,18,1,2000,0.06213578626513481,0.0011484636227316743,0.04247952470183373,0.019656261563301088,18.0,0.08080808080808081,32,False
env,val,beta_good_common,A,200,64,5007000,20,1,2000,0.05972400385141373,0.0011245671338200004,0.039178839772939685,0.020545164078474044,20.0,0.09090909090909091,32,False
env,val,beta_good_common,A,200,64,5007000,24,1,2000,0.057035857766866684,0.0011228068417299647,0.03398969352245331,0.023046164244413376,24.0,0.11111111111111115,32,False
env,val,beta_good_common,A,200,64,5007000,28,1,2000,0.0539539922773838,0.0010748176920073627,0.029498696595430373,0.02445529568195343,28.0,0.1313131313131313,32,False
env,val,beta_good_common,A,200,64,5007000,32,1,2000,0.05288720151782036,0.0010804169644146988,0.026253031104803086,0.026634170413017272,32.0,0.15151515151515152,32,True
env,val,beta_good_common,A,200,64,5007000,36,1,2000,0.05372963106632233,0.0011008562675245955,0.023785824686288835,0.029943806380033494,36.0,0.1717171717171717,32,False
env,val,beta_good_common,A,200,64,5007000,40,1,2000,0.05510296601057053,0.0011343522269929214,0.02157340884208679,0.033529557168483735,40.0,0.1919191919191919,32,False
env,val,beta_good_common,A,200,64,5007000,48,1,2000,0.05526415833830833,0.0011655822112416013,0.017854995638132094,0.03740916270017624,48.0,0.23232323232323226,32,False
env,val,beta_good_common,A,200,64,5007000,56,1,2000,0.05650038635730743,0.0011588906585142166,0.015312200546264648,0.041188185811042784,56.0,0.2727272727272726,32,False
env,val,beta_good_common,A,200,64,5007000,64,1,2000,0.05879899135231972,0.0011978891269134168,0.013266694605350494,0.04553229674696922,64.0,0.31313131313131315,32,False
env,val,beta_good_common,A,500,64,5010000,4,1,2000,0.12375282058119774,0.0017389127510601032,0.12123799768090249,0.0025148229002952575,4.0,0.004016064257028113,64,False
env,val,beta_good_common,A,500,64,5010000,6,1,2000,0.09779153737425804,0.0014342954043290077,0.09413676565885544,0.0036547717154026033,6.0,0.008032128514056226,64,False
env,val,beta_good_common,A,500,64,5010000,8,1,2000,0.0840108293890953,0.001234629767849417,0.07981746524572372,0.004193364143371582,8.0,0.01204819277108434,64,False
env,val,beta_good_common,A,500,64,5010000,10,1,2000,0.07519015967845917,0.0011288614438278578,0.06999475488066673,0.005195404797792434,10.0,0.016064257028112452,64,False
env,val,beta_good_common,A,500,64,5010000,12,1,2000,0.0682665827870369,0.0010507358390391124,0.06252028551697732,0.005746297270059586,12.0,0.02008032128514057,64,False
env,val,beta_good_common,A,500,64,5010000,14,1,2000,0.06144801047444343,0.0009706115751240152,0.055731105744838715,0.005716904729604721,14.0,0.02409638554216868,64,False
env,val,beta_good_common,A,500,64,5010000,16,1,2000,0.057649855941534045,0.0009250372474159572,0.05110908964276314,0.006540766298770905,16.0,0.028112449799196793,64,False
env,val,beta_good_common,A,500,64,5010000,18,1,2000,0.05438026618957519,0.0008946683814622529,0.0470775603055954,0.007302705883979797,18.0,0.032128514056224904,64,False
env,val,beta_good_common,A,500,64,5010000,20,1,2000,0.051276416838169095,0.0008548040235630457,0.04394180431962013,0.007334612518548966,20.0,0.036144578313253004,64,False
env,val,beta_good_common,A,500,64,5010000,24,1,2000,0.04760725271701813,0.0008219382680567246,0.03885337761044502,0.008753875106573104,24.0,0.04417670682730924,64,False
env,val,beta_good_common,A,500,64,5010000,28,1,2000,0.043813012957572936,0.0007741052348301111,0.03480713638663292,0.009005876570940017,28.0,0.05220883534136545,64,False
env,val,beta_good_common,A,500,64,5010000,32,1,2000,0.04169640338420868,0.0007468918782865936,0.031770690947771074,0.009925712436437606,32.0,0.06024096385542166,64,False
env,val,beta_good_common,A,500,64,5010000,36,1,2000,0.03904773426055908,0.0007156198877273241,0.02909835109114647,0.009949383169412613,36.0,0.0682730923694779,64,False
env,val,beta_good_common,A,500,64,5010000,40,1,2000,0.037854158520698546,0.0007037370270769261,0.026812731355428696,0.011041427165269851,40.0,0.07630522088353416,64,False
env,val,beta_good_common,A,500,64,5010000,48,1,2000,0.035991166055202486,0.0007005133320886099,0.023385399669408797,0.012605766385793686,48.0,0.09236947791164661,64,False
env,val,beta_good_common,A,500,64,5010000,56,1,2000,0.03425555017590523,0.000686257176611449,0.020755197435617448,0.013500352740287781,56.0,0.10843373493975904,64,False
env,val,beta_good_common,A,500,64,5010000,64,1,2000,0.033839010864496234,0.0006886281442133727,0.01880251055955887,0.015036500304937363,64.0,0.12449799196787148,64,True
env,val,beta_good_common,A,1000,64,5013000,4,1,2000,0.129598475843668,0.0018074564941533415,0.12814902704954148,0.0014494487941265105,4.0,0.0020040080160320635,64,False
env,val,beta_good_common,A,1000,64,5013000,6,1,2000,0.1016351066827774,0.0014478728845024188,0.09954103103280068,0.0020940756499767304,6.0,0.004008016032064127,64,False
env,val,beta_good_common,A,1000,64,5013000,8,1,2000,0.08586527648568153,0.001212359314201313,0.08351877406239509,0.002346502423286438,8.0,0.006012024048096194,64,False
env,val,beta_good_common,A,1000,64,5013000,10,1,2000,0.07547554990649223,0.0010907655693968414,0.07282487061619759,0.0026506792902946472,10.0,0.008016032064128254,64,False
env,val,beta_good_common,A,1000,64,5013000,12,1,2000,0.06800475716590881,0.0009695452664467506,0.06524768966436387,0.0027570675015449525,12.0,0.01002004008016032,64,False
env,val,beta_good_common,A,1000,64,5013000,14,1,2000,0.06179957771301269,0.0008783110816195215,0.059053899437189104,0.0027456782758235932,14.0,0.012024048096192388,64,False
env,val,beta_good_common,A,1000,64,5013000,16,1,2000,0.057898358821868896,0.000834372226267203,0.05484781986474991,0.003050538957118988,16.0,0.014028056112224454,64,False
env,val,beta_good_common,A,1000,64,5013000,18,1,2000,0.05435267665982246,0.0007888986021099182,0.05130916231870651,0.0030435143411159517,18.0,0.016032064128256508,64,False
env,val,beta_good_common,A,1000,64,5013000,20,1,2000,0.05174929964542389,0.0007576911576940786,0.04827305546402931,0.003476244181394577,20.0,0.018036072144288578,64,False
env,val,beta_good_common,A,1000,64,5013000,24,1,2000,0.04646950364112854,0.0006937019031138317,0.042997412443161014,0.003472091197967529,24.0,0.02204408817635271,64,False
env,val,beta_good_common,A,1000,64,5013000,28,1,2000,0.0432913008928299,0.000665530764131905,0.03917704463005066,0.004114256262779236,28.0,0.026052104208416835,64,False
env,val,beta_good_common,A,1000,64,5013000,32,1,2000,0.04012847658991814,0.0006263998493118007,0.0357578951716423,0.004370581418275833,32.0,0.03006012024048095,64,False
env,val,beta_good_common,A,1000,64,5013000,36,1,2000,0.038394160985946654,0.0006068166612843435,0.033564989060163496,0.004829171925783158,36.0,0.034068136272545076,64,False
env,val,beta_good_common,A,1000,64,5013000,40,1,2000,0.03643290576338768,0.0005999840510282587,0.03128401216864586,0.005148893594741822,40.0,0.038076152304609215,64,False
env,val,beta_good_common,A,1000,64,5013000,48,1,2000,0.03297907456755638,0.0005494466897630503,0.02748519477248192,0.005493879795074463,48.0,0.046092184368737486,64,False
env,val,beta_good_common,A,1000,64,5013000,56,1,2000,0.03054178300499916,0.0005342885475983963,0.02450479793548584,0.006036985069513321,56.0,0.054108216432865716,64,False
env,val,beta_good_common,A,1000,64,5013000,64,1,2000,0.029603240549564362,0.0005374219509838273,0.022590068370103834,0.007013172179460525,64.0,0.062124248496993974,64,True
env,val,beta_mostly_mediocre,A,50,64,5031000,4,1,2000,0.16819429639726877,0.002314834059557948,0.1328363322019577,0.03535796419531107,4.0,0.04166666666666666,14,False
env,val,beta_mostly_mediocre,A,50,64,5031000,6,1,2000,0.15311321118474006,0.0022832377380158724,0.10489495866000652,0.048218252524733544,6.0,0.08333333333333331,14,False
env,val,beta_mostly_mediocre,A,50,64,5031000,8,1,2000,0.14996648544073105,0.0023165499014371252,0.0873252958059311,0.06264118963479996,8.0,0.125,14,False
env,val,beta_mostly_mediocre,A,50,64,5031000,10,1,2000,0.14534176652133465,0.0022716262228320953,0.07453296108543873,0.07080880543589592,10.0,0.16666666666666663,14,False
env,val,beta_mostly_mediocre,A,50,64,5031000,12,1,2000,0.14410832914710045,0.002283334252322725,0.0641511270403862,0.07995720210671425,12.0,0.20833333333333337,14,False
env,val,beta_mostly_mediocre,A,50,64,5031000,14,1,2000,0.14387418873608113,0.002334243616924391,0.05601442983746529,0.08785975889861583,14.0,0.25,14,True
env,val,beta_mostly_mediocre,A,50,64,5031000,16,1,2000,0.14466645573079587,0.0023286788832308832,0.04868857818841934,0.09597787754237652,16.0,0.2916666666666667,14,False
env,val,beta_mostly_mediocre,A,50,64,5031000,18,1,2000,0.1452907491400838,0.0023509293480023646,0.04344357368350029,0.1018471754565835,18.0,0.33333333333333326,14,False
env,val,beta_mostly_mediocre,A,50,64,5031000,20,1,2000,0.1461941880658269,0.0023887361865807446,0.03824169194698334,0.10795249611884356,20.0,0.375,14,False
env,val,beta_mostly_mediocre,A,50,64,5031000,24,1,2000,0.14655531913787126,0.002377341196355901,0.02995212972164154,0.11660318941622973,24.0,0.4583333333333332,14,False
env,val,beta_mostly_mediocre,A,50,64,5031000,28,1,2000,0.15144345369935036,0.0024314667589711665,0.023411184221506117,0.12803226947784424,28.0,0.5416666666666667,14,False
env,val,beta_mostly_mediocre,A,50,64,5031000,32,1,2000,0.15840465531498193,0.002453088937853364,0.01778374454379082,0.14062091077119113,32.0,0.625,14,False
env,val,beta_mostly_mediocre,A,50,64,5031000,36,1,2000,0.164613455273211,0.0024539984297096322,0.01285594654083252,0.15175750873237848,36.0,0.7083333333333334,14,False
env,val,beta_mostly_mediocre,A,50,64,5031000,40,1,2000,0.17401319477707147,0.0025237622996278704,0.00852824577689171,0.16548494900017977,40.0,0.7916666666666665,14,False
env,val,beta_mostly_mediocre,A,50,64,5031000,48,1,2000,0.2112679859623313,0.0027282313322164386,0.00118802410364151,0.2100799618586898,48.0,0.9583333333333336,14,False
env,val,beta_mostly_mediocre,A,100,64,5034000,4,1,2000,0.18504922883212566,0.002306666063125565,0.16140501120686532,0.023644217625260353,4.0,0.02040816326530612,18,False
env,val,beta_mostly_mediocre,A,100,64,5034000,6,1,2000,0.16676259987056255,0.0022218243481040736,0.13266543471813202,0.03409716515243053,6.0,0.04081632653061224,18,False
env,val,beta_mostly_mediocre,A,100,64,5034000,8,1,2000,0.15616061379015445,0.0021680373630984183,0.11443029762804509,0.04173031616210938,8.0,0.06122448979591836,18,False
env,val,beta_mostly_mediocre,A,100,64,5034000,10,1,2000,0.1509766468256712,0.002177574232155327,0.10244167765974999,0.04853496916592121,10.0,0.08163265306122448,18,False
env,val,beta_mostly_mediocre,A,100,64,5034000,12,1,2000,0.14628684520721436,0.002181639145746408,0.09173638534545898,0.05455045986175537,12.0,0.10204081632653059,18,False
env,val,beta_mostly_mediocre,A,100,64,5034000,14,1,2000,0.1436732451468706,0.002167860910850749,0.0832455868422985,0.060427658304572106,14.0,0.12244897959183672,18,False
env,val,beta_mostly_mediocre,A,100,64,5034000,16,1,2000,0.1421574469804764,0.0021785601906118505,0.07597149097919464,0.06618595600128174,16.0,0.1428571428571428,18,False
env,val,beta_mostly_mediocre,A,100,64,5034000,18,1,2000,0.14106285691261292,0.0021752753114899553,0.07063094133138656,0.07043191558122634,18.0,0.16326530612244897,18,True
env,val,beta_mostly_mediocre,A,100,64,5034000,20,1,2000,0.14208821202814578,0.002154683907210794,0.0651259292960167,0.0769622827321291,20.0,0.1836734693877551,18,False
env,val,beta_mostly_mediocre,A,100,64,5034000,24,1,2000,0.1416905684173107,0.002159550758534603,0.05688554787635803,0.08480502054095268,24.0,0.22448979591836735,18,False
env,val,beta_mostly_mediocre,A,100,64,5034000,28,1,2000,0.14176109313964844,0.002176217751273723,0.04967792570590973,0.0920831674337387,28.0,0.2653061224489796,18,False
env,val,beta_mostly_mediocre,A,100,64,5034000,32,1,2000,0.1421469197422266,0.002174375979657443,0.0440650843679905,0.0980818353742361,32.0,0.3061224489795918,18,False
env,val,beta_mostly_mediocre,A,100,64,5034000,36,1,2000,0.14506738197803498,0.002211811293007866,0.03890876379609108,0.10615861818194389,36.0,0.34693877551020413,18,False
env,val,beta_mostly_mediocre,A,100,64,5034000,40,1,2000,0.14595852145552635,0.0022432080584168053,0.03425676921010017,0.11170175224542618,40.0,0.38775510204081615,18,False
env,val,beta_mostly_mediocre,A,100,64,5034000,48,1,2000,0.14985033009946347,0.002266300091609752,0.027013256311416625,0.12283707378804684,48.0,0.4693877551020407,18,False
env,val,beta_mostly_mediocre,A,100,64,5034000,56,1,2000,0.156212095156312,0.0023654436226894122,0.021660608500242234,0.13455148665606975,56.0,0.5510204081632653,18,False
env,val,beta_mostly_mediocre,A,100,64,5034000,64,1,2000,0.16089072321355344,0.002392890059144257,0.01730034050345421,0.14359038271009922,64.0,0.6326530612244898,18,False
env,val,beta_mostly_mediocre,A,200,64,5037000,4,1,2000,0.19572039070725442,0.002200715704905376,0.1832673244178295,0.012453066289424896,4.0,0.010101010101010102,32,False
env,val,beta_mostly_mediocre,A,200,64,5037000,6,1,2000,0.17168897034227848,0.00203083707788012,0.15330918990075587,0.018379780441522598,6.0,0.020202020202020204,32,False
env,val,beta_mostly_mediocre,A,200,64,5037000,8,1,2000,0.15653159549832343,0.001977362021586932,0.13484103482961654,0.021690560668706893,8.0,0.03030303030303029,32,False
env,val,beta_mostly_mediocre,A,200,64,5037000,10,1,2000,0.14947389002144337,0.0019600028096542163,0.12282919451594353,0.02664469550549984,10.0,0.04040404040404041,32,False
env,val,beta_mostly_mediocre,A,200,64,5037000,12,1,2000,0.14222746025025845,0.001921231014552846,0.11206225290894509,0.030165207341313362,12.0,0.050505050505050504,32,False
env,val,beta_mostly_mediocre,A,200,64,5037000,14,1,2000,0.13652893568575383,0.0019132730286621372,0.10310837882757187,0.03342055685818195,14.0,0.06060606060606058,32,False
env,val,beta_mostly_mediocre,A,200,64,5037000,16,1,2000,0.1325328506231308,0.0018863419956973509,0.09525169456005096,0.037281156063079836,16.0,0.07070707070707072,32,False
env,val,beta_mostly_mediocre,A,200,64,5037000,18,1,2000,0.13272042982280255,0.0019348492003523436,0.08941099843382835,0.04330943138897419,18.0,0.08080808080808081,32,False
env,val,beta_mostly_mediocre,A,200,64,5037000,20,1,2000,0.12969113838672638,0.001923966100976189,0.08409481865167617,0.045596319735050204,20.0,0.09090909090909091,32,False
env,val,beta_mostly_mediocre,A,200,64,5037000,24,1,2000,0.13038779114186763,0.0019508451585710052,0.07715067213773727,0.05323711900413036,24.0,0.11111111111111115,32,False
env,val,beta_mostly_mediocre,A,200,64,5037000,28,1,2000,0.12776335252821444,0.0019513007154602685,0.06960771027207374,0.058155642256140706,28.0,0.1313131313131313,32,False
env,val,beta_mostly_mediocre,A,200,64,5037000,32,1,2000,0.12631078976392746,0.001976537661455431,0.06370598739385605,0.0626048023700714,32.0,0.15151515151515152,32,True
env,val,beta_mostly_mediocre,A,200,64,5037000,36,1,2000,0.12682037535309792,0.001959419105460798,0.058864786028862,0.06795558932423591,36.0,0.1717171717171717,32,False
env,val,beta_mostly_mediocre,A,200,64,5037000,40,1,2000,0.12820397286117077,0.002000531722022106,0.05471334037184715,0.07349063248932361,40.0,0.1919191919191919,32,False
env,val,beta_mostly_mediocre,A,200,64,5037000,48,1,2000,0.13235954692959787,0.0020610871392331615,0.04755412176251411,0.08480542516708374,48.0,0.23232323232323226,32,False
env,val,beta_mostly_mediocre,A,200,64,5037000,56,1,2000,0.1321057274490595,0.0020735748133640206,0.04111744683980942,0.09098828060925007,56.0,0.2727272727272726,32,False
env,val,beta_mostly_mediocre,A,200,64,5037000,64,1,2000,0.136039856210351,0.0021137162023521345,0.035907698452472686,0.1001321577578783,64.0,0.31313131313131315,32,False
env,val,beta_mostly_mediocre,A,500,64,5040000,4,1,2000,0.21454143254458904,0.0019913810030364855,0.20927813890576363,0.005263293638825417,4.0,0.004016064257028113,56,False
env,val,beta_mostly_mediocre,A,500,64,5040000,6,1,2000,0.1878733910471201,0.0018845866602085048,0.18054597634077071,0.007327414706349373,6.0,0.008032128514056226,56,False
env,val,beta_mostly_mediocre,A,500,64,5040000,8,1,2000,0.17139112608134746,0.001827997706975966,0.16193839314579964,0.009452732935547829,8.0,0.01204819277108434,56,False
env,val,beta_mostly_mediocre,A,500,64,5040000,10,1,2000,0.1588022864460945,0.0017290135599164907,0.1480235657989979,0.010778720647096634,10.0,0.016064257028112452,56,False
env,val,beta_mostly_mediocre,A,500,64,5040000,12,1,2000,0.15187707856297494,0.0017032105516963318,0.13881403964757918,0.013063038915395737,12.0,0.02008032128514057,56,False
env,val,beta_mostly_mediocre,A,500,64,5040000,14,1,2000,0.1462052828669548,0.0016903697793218587,0.13035190044343473,0.01585338242352009,14.0,0.02409638554216868,56,False
env,val,beta_mostly_mediocre,A,500,64,5040000,16,1,2000,0.14002709175646305,0.001655402461354108,0.12290726456046104,0.017119827196002007,16.0,0.028112449799196793,56,False
env,val,beta_mostly_mediocre,A,500,64,5040000,18,1,2000,0.13589445428550243,0.0016111894939365838,0.11750213423371315,0.018392320051789285,18.0,0.032128514056224904,56,False
env,val,beta_mostly_mediocre,A,500,64,5040000,20,1,2000,0.13193914614617824,0.0016142647249579047,0.11207356652617455,0.0198655796200037,20.0,0.036144578313253004,56,False
env,val,beta_mostly_mediocre,A,500,64,5040000,24,1,2000,0.125589369982481,0.0015997626235123657,0.10279921713471413,0.022790152847766875,24.0,0.04417670682730924,56,False
env,val,beta_mostly_mediocre,A,500,64,5040000,28,1,2000,0.12276720383763313,0.0016380333212098563,0.09648552560806274,0.02628167822957039,28.0,0.05220883534136545,56,False
env,val,beta_mostly_mediocre,A,500,64,5040000,32,1,2000,0.1172829791456461,0.0016352501806273618,0.08976222634315491,0.027520752802491187,32.0,0.06024096385542166,56,False
env,val,beta_mostly_mediocre,A,500,64,5040000,36,1,2000,0.11570865534245968,0.001633912567380971,0.08470656430721282,0.03100209103524685,36.0,0.0682730923694779,56,False
env,val,beta_mostly_mediocre,A,500,64,5040000,40,1,2000,0.11497989697754384,0.0016461306656484558,0.08036888936161996,0.03461100761592388,40.0,0.07630522088353416,56,False
env,val,beta_mostly_mediocre,A,500,64,5040000,48,1,2000,0.11426332038640975,0.0016325493206393853,0.07311845257878304,0.041144867807626724,48.0,0.09236947791164661,56,False
env,val,beta_mostly_mediocre,A,500,64,5040000,56,1,2000,0.11024963270127773,0.0016159946363336882,0.0670186952650547,0.04323093743622303,56.0,0.10843373493975904,56,True
env,val,beta_mostly_mediocre,A,500,64,5040000,64,1,2000,0.11230794261395931,0.001663546944589978,0.061756365805864334,0.05055157680809498,64.0,0.12449799196787148,56,False
env,val,beta_mostly_mediocre,A,1000,64,5043000,4,1,2000,0.22597610044479371,0.0019473088662522794,0.22331661799550057,0.0026594824492931365,4.0,0.0020040080160320635,64,False
env,val,beta_mostly_mediocre,A,1000,64,5043000,6,1,2000,0.19664505077898503,0.001770727762109164,0.19272114862501621,0.003923902153968811,6.0,0.004008016032064127,64,False
env,val,beta_mostly_mediocre,A,1000,64,5043000,8,1,2000,0.17882830598950386,0.0016736823600904517,0.1742719351053238,0.004556370884180069,8.0,0.006012024048096194,64,False
env,val,beta_mostly_mediocre,A,1000,64,5043000,10,1,2000,0.1672229854464531,0.0016342987623879197,0.16156008669734,0.005662898749113083,10.0,0.008016032064128254,64,False
env,val,beta_mostly_mediocre,A,1000,64,5043000,12,1,2000,0.1584039409458637,0.001572522240520721,0.15210667309165002,0.006297267854213715,12.0,0.01002004008016032,64,False
env,val,beta_mostly_mediocre,A,1000,64,5043000,14,1,2000,0.15167340587079525,0.0015179683048983164,0.14468951979279518,0.006983886078000069,14.0,0.012024048096192388,64,False
env,val,beta_mostly_mediocre,A,1000,64,5043000,16,1,2000,0.1456134688258171,0.0014815057846130604,0.13784761250019073,0.007765856325626373,16.0,0.014028056112224454,64,False
env,val,beta_mostly_mediocre,A,1000,64,5043000,18,1,2000,0.14029455058276652,0.0014617413665542818,0.13236375761032104,0.007930792972445488,18.0,0.016032064128256508,64,False
env,val,beta_mostly_mediocre,A,1000,64,5043000,20,1,2000,0.13621996204555034,0.001458930167640289,0.12712826028466226,0.0090917017608881,20.0,0.018036072144288578,64,False
env,val,beta_mostly_mediocre,A,1000,64,5043000,24,1,2000,0.1281796067506075,0.0014313141720750518,0.11805218186974525,0.010127424880862237,24.0,0.02204408817635271,64,False
env,val,beta_mostly_mediocre,A,1000,64,5043000,28,1,2000,0.12321693423390388,0.00141379458452113,0.11171385192871094,0.011503082305192947,28.0,0.026052104208416835,64,False
env,val,beta_mostly_mediocre,A,1000,64,5043000,32,1,2000,0.11838778978586197,0.0013843902200043482,0.10615243217349052,0.012235357612371444,32.0,0.03006012024048095,64,False
env,val,beta_mostly_mediocre,A,1000,64,5043000,36,1,2000,0.11486775133013725,0.0013871061103171729,0.1010500094294548,0.01381774190068245,36.0,0.034068136272545076,64,False
env,val,beta_mostly_mediocre,A,1000,64,5043000,40,1,2000,0.11273694597184658,0.0013868584694433671,0.09743579611182213,0.015301149860024453,40.0,0.038076152304609215,64,False
env,val,beta_mostly_mediocre,A,1000,64,5043000,48,1,2000,0.10832188515365124,0.0013821047080233252,0.09021452063322068,0.018107364520430564,48.0,0.046092184368737486,64,False
env,val,beta_mostly_mediocre,A,1000,64,5043000,56,1,2000,0.10418548136949539,0.0013774450149402733,0.08406876963376998,0.020116711735725403,56.0,0.054108216432865716,64,False
env,val,beta_mostly_mediocre,A,1000,64,5043000,64,1,2000,0.10313572324812412,0.0014192903699651318,0.07868672999739647,0.024448993250727653,64.0,0.062124248496993974,64,True
env,val,beta_rare_excellent,A,50,64,5046000,4,1,2000,0.21052384077745956,0.0028234167943419286,0.18873772574029862,0.021786115037160925,4.0,0.04166666666666666,40,False
env,val,beta_rare_excellent,A,50,64,5046000,6,1,2000,0.19329866208467866,0.0028033828959674943,0.15539759638160466,0.037901065703073986,6.0,0.08333333333333331,40,False
env,val,beta_rare_excellent,A,50,64,5046000,8,1,2000,0.18272383782616816,0.0028035694001575053,0.13276296097040177,0.049960876855766403,8.0,0.125,40,False
env,val,beta_rare_excellent,A,50,64,5046000,10,1,2000,0.1762497700448148,0.0027869560792200964,0.11564565641991795,0.06060411362489686,10.0,0.16666666666666663,40,False
env,val,beta_rare_excellent,A,50,64,5046000,12,1,2000,0.17291252433205956,0.002777012269478412,0.10270164492726326,0.07021087940479628,12.0,0.20833333333333337,40,False
env,val,beta_rare_excellent,A,50,64,5046000,14,1,2000,0.17012539740093052,0.0027628652375675344,0.0915255021750927,0.07859989522583782,14.0,0.25,40,False
env,val,beta_rare_excellent,A,50,64,5046000,16,1,2000,0.16889207846065984,0.002777335843266415,0.0797022897452116,0.08918978871544823,16.0,0.2916666666666667,40,False
env,val,beta_rare_excellent,A,50,64,5046000,18,1,2000,0.16590824403299484,0.0027718992340019935,0.07126502938196064,0.09464321465103422,18.0,0.33333333333333326,40,False
env,val,beta_rare_excellent,A,50,64,5046000,20,1,2000,0.16754364331043325,0.0027259290246085177,0.0631411557868123,0.10440248752362095,20.0,0.375,40,False
env,val,beta_rare_excellent,A,50,64,5046000,24,1,2000,0.17129349354220905,0.002732206637602549,0.04947758200019598,0.12181591154201306,24.0,0.4583333333333332,40,False
env,val,beta_rare_excellent,A,50,64,5046000,28,1,2000,0.16562612618273123,0.0026853605936410503,0.040065809287130834,0.1255603168956004,28.0,0.5416666666666667,40,False
env,val,beta_rare_excellent,A,50,64,5046000,32,1,2000,0.16269078516296576,0.0027220387333828093,0.030363931521773337,0.13232685364119243,32.0,0.625,40,False
env,val,beta_rare_excellent,A,50,64,5046000,36,1,2000,0.16297081678151154,0.0027259784362669076,0.022224107280373575,0.14074670950113796,36.0,0.7083333333333334,40,False
env,val,beta_rare_excellent,A,50,64,5046000,40,1,2000,0.16090875015460188,0.002710541300655465,0.015996939152479173,0.1449118110021227,40.0,0.7916666666666665,40,True
env,val,beta_rare_excellent,A,50,64,5046000,48,1,2000,0.18568692705687134,0.002741216245157521,0.0030035500600934027,0.18268337699677795,48.0,0.9583333333333336,40,False
env,val,beta_rare_excellent,A,100,64,5049000,4,1,2000,0.24630522277441924,0.0027768485515737022,0.23352645512763412,0.012778767646785127,4.0,0.02040816326530612,24,False
env,val,beta_rare_excellent,A,100,64,5049000,6,1,2000,0.22144552011275664,0.0027859109494188044,0.19993238823488355,0.02151313187787309,6.0,0.04081632653061224,24,False
env,val,beta_rare_excellent,A,100,64,5049000,8,1,2000,0.2070548747255234,0.0027916490431270356,0.17580028683692217,0.031254587888601235,8.0,0.06122448979591836,24,False
env,val,beta_rare_excellent,A,100,64,5049000,10,1,2000,0.19702031649637503,0.002823904002062634,0.1579812664873898,0.039039050008985214,10.0,0.08163265306122448,24,False
env,val,beta_rare_excellent,A,100,64,5049000,12,1,2000,0.1904759423120413,0.0027720090661325085,0.14452889408543707,0.04594704822660424,12.0,0.10204081632653059,24,False
env,val,beta_rare_excellent,A,100,64,5049000,14,1,2000,0.1865974023116287,0.002760647972656471,0.1339827675409615,0.05261463477066718,14.0,0.12244897959183672,24,False
env,val,beta_rare_excellent,A,100,64,5049000,16,1,2000,0.18353292597690596,0.0027640327906590235,0.12452587657421828,0.0590070494026877,16.0,0.1428571428571428,24,False
env,val,beta_rare_excellent,A,100,64,5049000,18,1,2000,0.17924384194775483,0.002794472117705307,0.11525735444575548,0.06398648750199937,18.0,0.16326530612244897,24,False
env,val,beta_rare_excellent,A,100,64,5049000,20,1,2000,0.17535409460170195,0.002816549862842695,0.10746525567024946,0.06788883893145248,20.0,0.1836734693877551,24,False
env,val,beta_rare_excellent,A,100,64,5049000,24,1,2000,0.17256132111884653,0.0027807898814323512,0.09446576282382012,0.07809555829502642,24.0,0.22448979591836735,24,True
env,val,beta_rare_excellent,A,100,64,5049000,28,1,2000,0.17509352943859993,0.002774692200503581,0.08331528014689683,0.0917782492917031,28.0,0.2653061224489796,24,False
env,val,beta_rare_excellent,A,100,64,5049000,32,1,2000,0.17591968368226663,0.0027936487996593072,0.07505377990752458,0.10086590377474204,32.0,0.3061224489795918,24,False
env,val,beta_rare_excellent,A,100,64,5049000,36,1,2000,0.17319440552452578,0.0027725341967692585,0.06761876937747002,0.10557563614705577,36.0,0.34693877551020413,24,False
env,val,beta_rare_excellent,A,100,64,5049000,40,1,2000,0.1731924500647001,0.0027924341700168408,0.05976434541493654,0.11342810464976355,40.0,0.38775510204081615,24,False
env,val,beta_rare_excellent,A,100,64,5049000,48,1,2000,0.1821285530226305,0.0028131459164112698,0.048007998406887055,0.13412055461574346,48.0,0.4693877551020407,24,False
env,val,beta_rare_excellent,A,100,64,5049000,56,1,2000,0.17964967911411076,0.002799762396360251,0.038280287526547906,0.14136939158756287,56.0,0.5510204081632653,24,False
env,val,beta_rare_excellent,A,100,64,5049000,64,1,2000,0.17460028973594308,0.0027693919941951845,0.029080400042235853,0.14551988969370722,64.0,0.6326530612244898,24,False
env,val,beta_rare_excellent,A,200,64,5052000,4,1,2000,0.2831949369494687,0.0026770697332145314,0.27627824829518793,0.006916688654280734,4.0,0.010101010101010102,48,False
env,val,beta_rare_excellent,A,200,64,5052000,6,1,2000,0.25597617209306917,0.002652252813740234,0.24513935291394592,0.010836819179123268,6.0,0.020202020202020204,48,False
env,val,beta_rare_excellent,A,200,64,5052000,8,1,2000,0.23568576275091618,0.002664077338632888,0.22195146823301912,0.01373429451789707,8.0,0.03030303030303029,48,False
env,val,beta_rare_excellent,A,200,64,5052000,10,1,2000,0.22246153327263893,0.002690111149333076,0.2035307515859604,0.018930781686678527,10.0,0.04040404040404041,48,False
env,val,beta_rare_excellent,A,200,64,5052000,12,1,2000,0.2139871491799131,0.0026840168276782597,0.19071927626803517,0.02326787291187793,12.0,0.050505050505050504,48,False
env,val,beta_rare_excellent,A,200,64,5052000,14,1,2000,0.20689972624648362,0.0026879409080339213,0.18034488223865627,0.02655484400782734,14.0,0.06060606060606058,48,False
env,val,beta_rare_excellent,A,200,64,5052000,16,1,2000,0.19896648545376958,0.0027086476572145807,0.16896900634467601,0.029997479109093547,16.0,0.07070707070707072,48,False
env,val,beta_rare_excellent,A,200,64,5052000,18,1,2000,0.19362074278388172,0.0027141662938893565,0.16049137809872627,0.033129364685155455,18.0,0.08080808080808081,48,False
env,val,beta_rare_excellent,A,200,64,5052000,20,1,2000,0.18947108604479582,0.002670392536098874,0.15265858539938926,0.036812500645406546,20.0,0.09090909090909091,48,False
env,val,beta_rare_excellent,A,200,64,5052000,24,1,2000,0.1834383386997506,0.0026914771755276175,0.13980042598769069,0.04363791271205991,24.0,0.11111111111111115,48,False
env,val,beta_rare_excellent,A,200,64,5052000,28,1,2000,0.18012970448099078,0.002714456283790647,0.1294269343726337,0.050702770108357074,28.0,0.1313131313131313,48,False
env,val,beta_rare_excellent,A,200,64,5052000,32,1,2000,0.17529746773000807,0.002720166537976243,0.11965165743604303,0.055645810293965044,32.0,0.15151515151515152,48,False
env,val,beta_rare_excellent,A,200,64,5052000,36,1,2000,0.1734400394083932,0.002712288281577555,0.11187819860130549,0.06156184080708772,36.0,0.1717171717171717,48,False
env,val,beta_rare_excellent,A,200,64,5052000,40,1,2000,0.17377622079942376,0.002724697255172689,0.10544716089963913,0.06832905989978462,40.0,0.1919191919191919,48,False
env,val,beta_rare_excellent,A,200,64,5052000,48,1,2000,0.172289274523966,0.0027070753681733843,0.09343332558125257,0.07885594894271344,48.0,0.23232323232323226,48,True
env,val,beta_rare_excellent,A,200,64,5052000,56,1,2000,0.178501068983227,0.0027128558313866584,0.08311598444730044,0.09538508453592658,56.0,0.2727272727272726,48,False
env,val,beta_rare_excellent,A,200,64,5052000,64,1,2000,0.1777677250225097,0.0027311596513710386,0.07409080916643143,0.10367691585607827,64.0,0.31313131313131315,48,False
env,val,beta_rare_excellent,A,500,64,5055000,4,1,2000,0.32677764267707243,0.0026093986775307843,0.32420719339558857,0.0025704492814838885,4.0,0.004016064257028113,64,False
env,val,beta_rare_excellent,A,500,64,5055000,6,1,2000,0.2985204745857045,0.002557461155187125,0.2943792727906257,0.004141201795078814,6.0,0.008032128514056226,64,False
env,val,beta_rare_excellent,A,500,64,5055000,8,1,2000,0.2774179389681667,0.0025585143801679644,0.2718114889729768,0.005606449995189905,8.0,0.01204819277108434,64,False
env,val,beta_rare_excellent,A,500,64,5055000,10,1,2000,0.2602246282864362,0.0025716352662432996,0.25304520648159085,0.007179421804845333,10.0,0.016064257028112452,64,False
env,val,beta_rare_excellent,A,500,64,5055000,12,1,2000,0.24820311103761197,0.002559760654293376,0.23975533512979746,0.008447775907814504,12.0,0.02008032128514057,64,False
env,val,beta_rare_excellent,A,500,64,5055000,14,1,2000,0.2377872841861099,0.0025128991740450946,0.22856444020941855,0.009222843976691365,14.0,0.02409638554216868,64,False
env,val,beta_rare_excellent,A,500,64,5055000,16,1,2000,0.2285568542573601,0.00249126855415903,0.21804847386479378,0.010508380392566323,16.0,0.028112449799196793,64,False
env,val,beta_rare_excellent,A,500,64,5055000,18,1,2000,0.22189211762789637,0.0024735615280056136,0.21061180408298968,0.011280313544906675,18.0,0.032128514056224904,64,False
env,val,beta_rare_excellent,A,500,64,5055000,20,1,2000,0.21529539797827602,0.0024472202053792405,0.2031950017437339,0.012100396234542132,20.0,0.036144578313253004,64,False
env,val,beta_rare_excellent,A,500,64,5055000,24,1,2000,0.20537496122717858,0.002430495056009042,0.1896594082340598,0.01571555299311876,24.0,0.04417670682730924,64,False
env,val,beta_rare_excellent,A,500,64,5055000,28,1,2000,0.19635459430888294,0.0024308485989370772,0.17792844776809216,0.018426146540790795,28.0,0.05220883534136545,64,False
env,val,beta_rare_excellent,A,500,64,5055000,32,1,2000,0.18797422684729098,0.00241797524637841,0.1676737400740385,0.020300486773252486,32.0,0.06024096385542166,64,False
env,val,beta_rare_excellent,A,500,64,5055000,36,1,2000,0.18274775687605144,0.002454547417718839,0.15921165269613266,0.023536104179918766,36.0,0.0682730923694779,64,False
env,val,beta_rare_excellent,A,500,64,5055000,40,1,2000,0.17943438089173286,0.002474912218867537,0.15272346598654984,0.026710914905183018,40.0,0.07630522088353416,64,False
env,val,beta_rare_excellent,A,500,64,5055000,48,1,2000,0.17370397590100764,0.0024637079837691307,0.14033547263592483,0.03336850326508284,48.0,0.09236947791164661,64,False
env,val,beta_rare_excellent,A,500,64,5055000,56,1,2000,0.17112401659041643,0.0024903343291560573,0.13040004155784846,0.04072397503256798,56.0,0.10843373493975904,64,False
env,val,beta_rare_excellent,A,500,64,5055000,64,1,2000,0.16965285727381707,0.002483698470551116,0.12197799807786941,0.04767485919594765,64.0,0.12449799196787148,64,True
env,val,beta_rare_excellent,A,1000,64,5058000,4,1,2000,0.3630109712849371,0.0025692764235933302,0.36170968849305063,0.0013012827918864787,4.0,0.0020040080160320635,64,False
env,val,beta_rare_excellent,A,1000,64,5058000,6,1,2000,0.33165209131129086,0.0025066596370074486,0.3295797663955018,0.002072324915789068,6.0,0.004008016032064127,64,False
env,val,beta_rare_excellent,A,1000,64,5058000,8,1,2000,0.3110436924342066,0.0024545311835854652,0.3083234917446971,0.002720200689509511,8.0,0.006012024048096194,64,False
env,val,beta_rare_excellent,A,1000,64,5058000,10,1,2000,0.2938993285782635,0.0024722157921736503,0.2906017392091453,0.0032975893691182135,10.0,0.008016032064128254,64,False
env,val,beta_rare_excellent,A,1000,64,5058000,12,1,2000,0.27858436486497523,0.002415511902122996,0.27502905401587485,0.003555310849100351,12.0,0.01002004008016032,64,False
env,val,beta_rare_excellent,A,1000,64,5058000,14,1,2000,0.2684459056556225,0.0024047577113707292,0.263847675267607,0.004598230388015509,14.0,0.012024048096192388,64,False
env,val,beta_rare_excellent,A,1000,64,5058000,16,1,2000,0.2595339713357389,0.002389206504530516,0.2548692858181894,0.0046646855175495145,16.0,0.014028056112224454,64,False
env,val,beta_rare_excellent,A,1000,64,5058000,18,1,2000,0.24994204304739834,0.0023684324809508696,0.2446490440815687,0.005292998965829611,18.0,0.016032064128256508,64,False
env,val,beta_rare_excellent,A,1000,64,5058000,20,1,2000,0.2411916700042784,0.00233809492869007,0.23515445156767964,0.0060372184365987775,20.0,0.018036072144288578,64,False
env,val,beta_rare_excellent,A,1000,64,5058000,24,1,2000,0.22834357387945056,0.0023436275840192176,0.22109114652872086,0.007252427350729704,24.0,0.02204408817635271,64,False
env,val,beta_rare_excellent,A,1000,64,5058000,28,1,2000,0.2189414090178907,0.002310692736099023,0.21109037443250417,0.007851034585386515,28.0,0.026052104208416835,64,False
env,val,beta_rare_excellent,A,1000,64,5058000,32,1,2000,0.21061833070591093,0.0023053402755019064,0.2025632463544607,0.008055084351450205,32.0,0.03006012024048095,64,False
env,val,beta_rare_excellent,A,1000,64,5058000,36,1,2000,0.20344022531434894,0.002303488047184876,0.19456000265479087,0.008880222659558058,36.0,0.034068136272545076,64,False
env,val,beta_rare_excellent,A,1000,64,5058000,40,1,2000,0.1966485644504428,0.0023014647206953285,0.18677734072506427,0.009871223725378513,40.0,0.038076152304609215,64,False
env,val,beta_rare_excellent,A,1000,64,5058000,48,1,2000,0.18780167665332556,0.002280738988238693,0.17550798420608044,0.012293692447245121,48.0,0.046092184368737486,64,False
env,val,beta_rare_excellent,A,1000,64,5058000,56,1,2000,0.17991341885179282,0.002271407067353088,0.16580342573672532,0.014109993115067483,56.0,0.054108216432865716,64,False
env,val,beta_rare_excellent,A,1000,64,5058000,64,1,2000,0.17242459750175476,0.0022605724565379227,0.1564368539378047,0.015987743563950062,64.0,0.062124248496993974,64,True
env,val,beta_skewed,A,50,64,5061000,4,1,2000,0.3544771082070956,0.00466121039529658,0.3371731375867967,0.01730397062029897,4.0,0.04166666666666666,36,False
env,val,beta_skewed,A,50,64,5061000,6,1,2000,0.30370433934112223,0.004480297271144866,0.2747911201901734,0.02891321915094886,6.0,0.08333333333333331,36,False
env,val,beta_skewed,A,50,64,5061000,8,1,2000,0.2780144348580143,0.004477033698094719,0.23715905009396374,0.04085538476405054,8.0,0.125,36,False
env,val,beta_skewed,A,50,64,5061000,10,1,2000,0.2593241341271496,0.00440234426522651,0.20482744727656246,0.05449668685058714,10.0,0.16666666666666663,36,False
env,val,beta_skewed,A,50,64,5061000,12,1,2000,0.24186709094667458,0.004320181607949172,0.17676238288730384,0.06510470805937076,12.0,0.20833333333333337,36,False
env,val,beta_skewed,A,50,64,5061000,14,1,2000,0.23181033492271672,0.0042741957039657595,0.15573645333573222,0.0760738815869845,14.0,0.25,36,False
env,val,beta_skewed,A,50,64,5061000,16,1,2000,0.22465732210842543,0.004222675522329886,0.13727748446911572,0.0873798376393097,16.0,0.2916666666666667,36,False
env,val,beta_skewed,A,50,64,5061000,18,1,2000,0.21666249425258138,0.0041914614440882025,0.12171015011519194,0.09495234413738944,18.0,0.33333333333333326,36,False
env,val,beta_skewed,A,50,64,5061000,20,1,2000,0.2133847351175209,0.004166321966885456,0.10864115982502699,0.10474357529249391,20.0,0.375,36,False
env,val,beta_skewed,A,50,64,5061000,24,1,2000,0.20590890980139376,0.004135402326591755,0.08411355213075876,0.12179535767063498,24.0,0.4583333333333332,36,False
env,val,beta_skewed,A,50,64,5061000,28,1,2000,0.19790810302575118,0.004078134555359473,0.06675303100049496,0.13115507202525623,28.0,0.5416666666666667,36,False
env,val,beta_skewed,A,50,64,5061000,32,1,2000,0.18260622665495613,0.003936212908455709,0.048250832848250866,0.13435539380670525,32.0,0.625,36,False
env,val,beta_skewed,A,50,64,5061000,36,1,2000,0.17909403568832205,0.0038930797827190725,0.03458857223391533,0.1445054634544067,36.0,0.7083333333333334,36,True
env,val,beta_skewed,A,50,64,5061000,40,1,2000,0.18798720484552905,0.003926462823921061,0.022880372330546378,0.16510683251498268,40.0,0.7916666666666665,36,False
env,val,beta_skewed,A,50,64,5061000,48,1,2000,0.26568654503471045,0.004376594377185517,0.005041702941060066,0.26064484209365035,48.0,0.9583333333333336,36,False
env,val,beta_skewed,A,100,64,5064000,4,1,2000,0.4107303842693985,0.004595236431342495,0.40095540216472,0.009774982104678486,4.0,0.02040816326530612,64,False
env,val,beta_skewed,A,100,64,5064000,6,1,2000,0.35671652324698516,0.004452880458827421,0.34170057040266694,0.015015952844318236,6.0,0.04081632653061224,64,False
env,val,beta_skewed,A,100,64,5064000,8,1,2000,0.31828275591228156,0.004337953759876477,0.297981568230316,0.02030118768196553,8.0,0.06122448979591836,64,False
env,val,beta_skewed,A,100,64,5064000,10,1,2000,0.29035077190864833,0.004238987509121554,0.265189637798816,0.025161134109832346,10.0,0.08163265306122448,64,False
env,val,beta_skewed,A,100,64,5064000,12,1,2000,0.269330550503917,0.004186709304759461,0.23976603109762074,0.029564519406296313,12.0,0.10204081632653059,64,False
env,val,beta_skewed,A,100,64,5064000,14,1,2000,0.25492466912884265,0.004166931038316467,0.22059430872276425,0.0343303604060784,14.0,0.12244897959183672,64,False
env,val,beta_skewed,A,100,64,5064000,16,1,2000,0.24129843913391233,0.004092199810141467,0.20023360021412373,0.0410648389197886,16.0,0.1428571428571428,64,False
env,val,beta_skewed,A,100,64,5064000,18,1,2000,0.231939574720338,0.004017968661996712,0.1867872325927019,0.04515234212763607,18.0,0.16326530612244897,64,False
env,val,beta_skewed,A,100,64,5064000,20,1,2000,0.22087233427260072,0.003941961783133716,0.1711988454312086,0.0496734888413921,20.0,0.1836734693877551,64,False
env,val,beta_skewed,A,100,64,5064000,24,1,2000,0.20279943660087885,0.0038674154462795163,0.1460529791712761,0.05674645742960274,24.0,0.22448979591836735,64,False
env,val,beta_skewed,A,100,64,5064000,28,1,2000,0.19254853792395443,0.0038563229285717526,0.1266978916823864,0.06585064624156803,28.0,0.2653061224489796,64,False
env,val,beta_skewed,A,100,64,5064000,32,1,2000,0.1874022251991555,0.0038147145557015055,0.11121860940754413,0.07618361579161137,32.0,0.3061224489795918,64,False
env,val,beta_skewed,A,100,64,5064000,36,1,2000,0.1826012569880113,0.0037332434868895883,0.09929108145833015,0.08331017552968115,36.0,0.34693877551020413,64,False
env,val,beta_skewed,A,100,64,5064000,40,1,2000,0.18532078616786749,0.0037828474737675653,0.08581027841567992,0.09951050775218755,40.0,0.38775510204081615,64,False
env,val,beta_skewed,A,100,64,5064000,48,1,2000,0.18036109661543742,0.0039060935262504445,0.0650718441158533,0.1152892524995841,48.0,0.4693877551020407,64,False
env,val,beta_skewed,A,100,64,5064000,56,1,2000,0.16607827892620117,0.003736974079907964,0.05092674294114113,0.11515153598506003,56.0,0.5510204081632653,64,False
env,val,beta_skewed,A,100,64,5064000,64,1,2000,0.1619285329217091,0.0036206394754247757,0.038911803975701334,0.12301672894600779,64.0,0.6326530612244898,64,True
env,val,beta_skewed,A,200,64,5067000,4,1,2000,0.4556223456506923,0.004503921367371816,0.45144101697625594,0.004181328674436372,4.0,0.010101010101010102,64,False
env,val,beta_skewed,A,200,64,5067000,6,1,2000,0.4021705471100286,0.004355290959990526,0.39487725173030047,0.007293295379728079,6.0,0.020202020202020204,64,False
env,val,beta_skewed,A,200,64,5067000,8,1,2000,0.3612916281018406,0.004243606569981135,0.35222369437664747,0.009067933725193144,8.0,0.03030303030303029,64,False
env,val,beta_skewed,A,200,64,5067000,10,1,2000,0.33032094373414295,0.004181254746571366,0.3183966474160552,0.011924296318087727,10.0,0.04040404040404041,64,False
env,val,beta_skewed,A,200,64,5067000,12,1,2000,0.3082358464822173,0.004057885987817346,0.2947166667804122,0.013519179701805115,12.0,0.050505050505050504,64,False
env,val,beta_skewed,A,200,64,5067000,14,1,2000,0.2848349488377571,0.003935626325486976,0.2705026179552078,0.014332330882549286,14.0,0.06060606060606058,64,False
env,val,beta_skewed,A,200,64,5067000,16,1,2000,0.27056651854887603,0.003869512130122421,0.25298517836630346,0.017581340182572604,16.0,0.07070707070707072,64,False
env,val,beta_skewed,A,200,64,5067000,18,1,2000,0.2582315863929689,0.0038029465112589147,0.23915815468132495,0.019073431711643933,18.0,0.08080808080808081,64,False
env,val,beta_skewed,A,200,64,5067000,20,1,2000,0.24805352521315216,0.003759624725926069,0.22668388760834932,0.021369637604802847,20.0,0.09090909090909091,64,False
env,val,beta_skewed,A,200,64,5067000,24,1,2000,0.22950559289753436,0.0036801784226050327,0.20372252929210663,0.02578306360542774,24.0,0.11111111111111115,64,False
env,val,beta_skewed,A,200,64,5067000,28,1,2000,0.21505730958655478,0.0036911612929437453,0.18472149488329886,0.03033581470325589,28.0,0.1313131313131313,64,False
env,val,beta_skewed,A,200,64,5067000,32,1,2000,0.2035258133392781,0.0036250562861055717,0.16851934427022933,0.035006469069048765,32.0,0.15151515151515152,64,False
env,val,beta_skewed,A,200,64,5067000,36,1,2000,0.1955885832104832,0.00352645958506245,0.15639665527641775,0.03919192793406546,36.0,0.1717171717171717,64,False
env,val,beta_skewed,A,200,64,5067000,40,1,2000,0.1896750886347145,0.0035068352048794773,0.14513424964249133,0.04454083899222314,40.0,0.1919191919191919,64,False
env,val,beta_skewed,A,200,64,5067000,48,1,2000,0.18014128251932562,0.003430992115946449,0.12571336282789708,0.054427919691428545,48.0,0.23232323232323226,64,False
env,val,beta_skewed,A,200,64,5067000,56,1,2000,0.17068881057947874,0.0034087469859401046,0.10989224903285504,0.060796561546623704,56.0,0.2727272727272726,64,False
env,val,beta_skewed,A,200,64,5067000,64,1,2000,0.16125535017251968,0.003267956280951551,0.09676579365134239,0.06448955652117729,64.0,0.31313131313131315,64,True
env,val,beta_skewed,A,500,64,5070000,4,1,2000,0.5123742430395523,0.004283211229192475,0.5108632737335284,0.0015109693060239807,4.0,0.004016064257028113,64,False
env,val,beta_skewed,A,500,64,5070000,6,1,2000,0.4530895679688547,0.004147502467654641,0.45095929681975394,0.0021302711491007357,6.0,0.008032128514056226,64,False
env,val,beta_skewed,A,500,64,5070000,8,1,2000,0.4135507564265281,0.004019866022768347,0.41080777348950503,0.0027429829370230435,8.0,0.01204819277108434,64,False
env,val,beta_skewed,A,500,64,5070000,10,1,2000,0.3776027136202902,0.003930608037133377,0.3740123271588236,0.003590386461466551,10.0,0.016064257028112452,64,False
env,val,beta_skewed,A,500,64,5070000,12,1,2000,0.3519230827707797,0.0038541750788353714,0.3477311287317425,0.004191954039037228,12.0,0.02008032128514057,64,False
env,val,beta_skewed,A,500,64,5070000,14,1,2000,0.3274324942249805,0.003745119150854873,0.32282554520480333,0.0046069490201771255,14.0,0.02409638554216868,64,False
env,val,beta_skewed,A,500,64,5070000,16,1,2000,0.31103221372142437,0.0036463085405027697,0.3059025026187301,0.005129711102694273,16.0,0.028112449799196793,64,False
env,val,beta_skewed,A,500,64,5070000,18,1,2000,0.2943668118044734,0.003577653174096622,0.28923552479594944,0.005131287008523941,18.0,0.032128514056224904,64,False
env,val,beta_skewed,A,500,64,5070000,20,1,2000,0.28106123074516653,0.0034661581086777487,0.2756741593554616,0.005387071389704943,20.0,0.036144578313253004,64,False
env,val,beta_skewed,A,500,64,5070000,24,1,2000,0.25972404388710857,0.003348545387454876,0.2529913525953889,0.006732691291719675,24.0,0.04417670682730924,64,False
env,val,beta_skewed,A,500,64,5070000,28,1,2000,0.24061508575826884,0.003248942205892949,0.2328430936485529,0.007771992109715939,28.0,0.05220883534136545,64,False
env,val,beta_skewed,A,500,64,5070000,32,1,2000,0.22732979715615512,0.00315180755102074,0.21836422470211983,0.008965572454035281,32.0,0.06024096385542166,64,False
env,val,beta_skewed,A,500,64,5070000,36,1,2000,0.2148973142504692,0.003102813588793849,0.20457998485863207,0.01031732939183712,36.0,0.0682730923694779,64,False
env,val,beta_skewed,A,500,64,5070000,40,1,2000,0.20352991687506436,0.0030402959672429447,0.1930890370607376,0.010440879814326762,40.0,0.07630522088353416,64,False
env,val,beta_skewed,A,500,64,5070000,48,1,2000,0.18638897071033717,0.0029599956659969585,0.1730439164042473,0.013345054306089878,48.0,0.09236947791164661,64,False
env,val,beta_skewed,A,500,64,5070000,56,1,2000,0.1724862980172038,0.002835783548765591,0.1584146993905306,0.014071598626673221,56.0,0.10843373493975904,64,False
env,val,beta_skewed,A,500,64,5070000,64,1,2000,0.1607017890587449,0.0027750429988142086,0.1448638676851988,0.015837921373546122,64.0,0.12449799196787148,64,True
env,val,beta_skewed,A,1000,64,5073000,4,1,2000,0.5456975946032908,0.004296011908331261,0.5448582533467561,0.0008393412565346807,4.0,0.0020040080160320635,64,False
env,val,beta_skewed,A,1000,64,5073000,6,1,2000,0.48089590011863037,0.004145598699243477,0.4798194896327332,0.0010764104858972132,6.0,0.004008016032064127,64,False
env,val,beta_skewed,A,1000,64,5073000,8,1,2000,0.43757454782538113,0.004063531417804988,0.43624124448932705,0.0013333033360540868,8.0,0.006012024048096194,64,False
env,val,beta_skewed,A,1000,64,5073000,10,1,2000,0.40328882282972334,0.003934921871495467,0.40182771917432547,0.001461103655397892,10.0,0.008016032064128254,64,False
env,val,beta_skewed,A,1000,64,5073000,12,1,2000,0.37857984551414847,0.0037993005108409245,0.376847554076463,0.0017322914376854896,12.0,0.01002004008016032,64,False
env,val,beta_skewed,A,1000,64,5073000,14,1,2000,0.3564837430715561,0.0036405044137593663,0.3545247644409537,0.00195897863060236,14.0,0.012024048096192388,64,False
env,val,beta_skewed,A,1000,64,5073000,16,1,2000,0.3389759875051677,0.0035558152739288643,0.3364629981182516,0.0025129893869161608,16.0,0.014028056112224454,64,False
env,val,beta_skewed,A,1000,64,5073000,18,1,2000,0.32755534480512144,0.0034862687147916172,0.32477808924764395,0.002777255557477474,18.0,0.016032064128256508,64,False
env,val,beta_skewed,A,1000,64,5073000,20,1,2000,0.3148129344135523,0.0034281387823702977,0.3118016034215689,0.003011330991983414,20.0,0.018036072144288578,64,False
env,val,beta_skewed,A,1000,64,5073000,24,1,2000,0.2914307293072343,0.0033342649093169663,0.28827622792869806,0.003154501378536224,24.0,0.02204408817635271,64,False
env,val,beta_skewed,A,1000,64,5073000,28,1,2000,0.27210577454045415,0.0032088201337454754,0.26833045288175345,0.0037753216587007045,28.0,0.026052104208416835,64,False
env,val,beta_skewed,A,1000,64,5073000,32,1,2000,0.2566072811074555,0.0031125920845828745,0.2523789487108588,0.00422833239659667,32.0,0.03006012024048095,64,False
env,val,beta_skewed,A,1000,64,5073000,36,1,2000,0.24365825843065977,0.00303186194353008,0.23954721716046334,0.0041110412701964374,36.0,0.034068136272545076,64,False
env,val,beta_skewed,A,1000,64,5073000,40,1,2000,0.2320563020631671,0.002954985424559692,0.22757817080616952,0.004478131256997585,40.0,0.038076152304609215,64,False
env,val,beta_skewed,A,1000,64,5073000,48,1,2000,0.21236387060582637,0.002811850145713453,0.2077165384441614,0.004647332161664962,48.0,0.046092184368737486,64,False
env,val,beta_skewed,A,1000,64,5073000,56,1,2000,0.19726332452893258,0.0027138450224687832,0.19229187066853046,0.004971453860402107,56.0,0.054108216432865716,64,False
env,val,beta_skewed,A,1000,64,5073000,64,1,2000,0.18694533930718898,0.002645558650483781,0.18142332619428633,0.005522013112902641,64.0,0.062124248496993974,64,True
env,val,tail_b0.5_mu1.0_c1.0,B,50,64,5196000,4,1,2000,0.07400581730902195,0.0023856099544441373,0.06292651715874673,0.01107930015027523,4.0,0.04166666666666666,12,False
env,val,tail_b0.5_mu1.0_c1.0,B,50,64,5196000,6,1,2000,0.050106223300099374,0.0016948907328944328,0.03466096231341362,0.015445260986685753,6.0,0.08333333333333331,12,False
env,val,tail_b0.5_mu1.0_c1.0,B,50,64,5196000,8,1,2000,0.03801438069343567,0.0013109006621153966,0.021776219338178634,0.016238161355257033,8.0,0.125,12,False
env,val,tail_b0.5_mu1.0_c1.0,B,50,64,5196000,10,1,2000,0.034158211573958396,0.0011478617554022243,0.014743992656469345,0.01941421891748905,10.0,0.16666666666666663,12,False
env,val,tail_b0.5_mu1.0_c1.0,B,50,64,5196000,12,1,2000,0.03208765943348408,0.001069718835666898,0.010020371705293655,0.022067287728190423,12.0,0.20833333333333337,12,True
env,val,tail_b0.5_mu1.0_c1.0,B,50,64,5196000,14,1,2000,0.03254448753595352,0.0010934026275013784,0.007400533020496368,0.025143954515457152,14.0,0.25,12,False
env,val,tail_b0.5_mu1.0_c1.0,B,50,64,5196000,16,1,2000,0.034248460561037065,0.0011157417148104957,0.005777786672115326,0.028470673888921737,16.0,0.2916666666666667,12,False
env,val,tail_b0.5_mu1.0_c1.0,B,50,64,5196000,18,1,2000,0.035963355988264084,0.0011935380229324646,0.004454279601573944,0.03150907638669014,18.0,0.33333333333333326,12,False
env,val,tail_b0.5_mu1.0_c1.0,B,50,64,5196000,20,1,2000,0.03830717882514,0.001259554517672204,0.003270282208919525,0.035036896616220475,20.0,0.375,12,False
env,val,tail_b0.5_mu1.0_c1.0,B,50,64,5196000,24,1,2000,0.041450361788272855,0.001310294786541378,0.002224703758955002,0.03922565802931786,24.0,0.4583333333333332,12,False
env,val,tail_b0.5_mu1.0_c1.0,B,50,64,5196000,28,1,2000,0.04758386462926865,0.0014689808420889467,0.0015861744284629822,0.045997690200805665,28.0,0.5416666666666667,12,False
env,val,tail_b0.5_mu1.0_c1.0,B,50,64,5196000,32,1,2000,0.05402581670880318,0.001605594578203918,0.0010338444113731384,0.05299197229743004,32.0,0.625,12,False
env,val,tail_b0.5_mu1.0_c1.0,B,50,64,5196000,36,1,2000,0.062499058052897453,0.0018574423649936381,0.0006810301244258881,0.06181802792847157,36.0,0.7083333333333334,12,False
env,val,tail_b0.5_mu1.0_c1.0,B,50,64,5196000,40,1,2000,0.07746857848763467,0.002231794974538,0.0004378727972507477,0.07703070569038391,40.0,0.7916666666666665,12,False
env,val,tail_b0.5_mu1.0_c1.0,B,50,64,5196000,48,1,2000,0.14540161943994462,0.003725749829950452,7.058778405189514e-05,0.14533103165589273,48.0,0.9583333333333336,12,False
env,val,tail_b0.5_mu1.0_c1.0,B,100,64,5199000,4,1,2000,0.07685379894822836,0.0024092258181802775,0.07081222221255302,0.006041576735675335,4.0,0.02040816326530612,18,False
env,val,tail_b0.5_mu1.0_c1.0,B,100,64,5199000,6,1,2000,0.04318394827842712,0.0014365834302842108,0.0359057360291481,0.007278212249279022,6.0,0.04081632653061224,18,False
env,val,tail_b0.5_mu1.0_c1.0,B,100,64,5199000,8,1,2000,0.030739176243543626,0.0010404664110977074,0.022761060178279877,0.007978116065263748,8.0,0.06122448979591836,18,False
env,val,tail_b0.5_mu1.0_c1.0,B,100,64,5199000,10,1,2000,0.02556617811322212,0.0008736279728077841,0.015944287598133086,0.009621890515089035,10.0,0.08163265306122448,18,False
env,val,tail_b0.5_mu1.0_c1.0,B,100,64,5199000,12,1,2000,0.021527935475111008,0.000741456676036765,0.011103962987661361,0.010423972487449647,12.0,0.10204081632653059,18,False
env,val,tail_b0.5_mu1.0_c1.0,B,100,64,5199000,14,1,2000,0.01989927363395691,0.0006520079672122446,0.008187576204538345,0.011711697429418563,14.0,0.12244897959183672,18,False
env,val,tail_b0.5_mu1.0_c1.0,B,100,64,5199000,16,1,2000,0.019179271638393402,0.0006312047401316795,0.006225597530603409,0.012953674107789994,16.0,0.1428571428571428,18,False
env,val,tail_b0.5_mu1.0_c1.0,B,100,64,5199000,18,1,2000,0.018828709602355956,0.0006186086839205904,0.004954046338796616,0.013874663263559342,18.0,0.16326530612244897,18,True
env,val,tail_b0.5_mu1.0_c1.0,B,100,64,5199000,20,1,2000,0.019115452349185942,0.0006050610242334869,0.0042642813622951505,0.014851170986890793,20.0,0.1836734693877551,18,False
env,val,tail_b0.5_mu1.0_c1.0,B,100,64,5199000,24,1,2000,0.01919728273153305,0.0006303770894022912,0.0029130381643772125,0.01628424456715584,24.0,0.22448979591836735,18,False
env,val,tail_b0.5_mu1.0_c1.0,B,100,64,5199000,28,1,2000,0.019020748406648635,0.0005943875811816813,0.0021283912360668183,0.016892357170581816,28.0,0.2653061224489796,18,False
env,val,tail_b0.5_mu1.0_c1.0,B,100,64,5199000,32,1,2000,0.020069198489189147,0.0006574582343830472,0.0016146332621574402,0.01845456522703171,32.0,0.3061224489795918,18,False
env,val,tail_b0.5_mu1.0_c1.0,B,100,64,5199000,36,1,2000,0.021732318341732025,0.0007022344537832999,0.0012529841661453247,0.0204793341755867,36.0,0.34693877551020413,18,False
env,val,tail_b0.5_mu1.0_c1.0,B,100,64,5199000,40,1,2000,0.022721276342868805,0.0007221955062628132,0.0009908325672149658,0.02173044377565384,40.0,0.38775510204081615,18,False
env,val,tail_b0.5_mu1.0_c1.0,B,100,64,5199000,48,1,2000,0.024560174256563188,0.0008007977755375865,0.0006328355967998504,0.023927338659763337,48.0,0.4693877551020407,18,False
env,val,tail_b0.5_mu1.0_c1.0,B,100,64,5199000,56,1,2000,0.02785908591747284,0.0008637139934188903,0.00040583184361457826,0.02745325407385826,56.0,0.5510204081632653,18,False
env,val,tail_b0.5_mu1.0_c1.0,B,100,64,5199000,64,1,2000,0.03338545623421669,0.0010770370598278307,0.00028211984038352964,0.03310333639383316,64.0,0.6326530612244898,18,False
env,val,tail_b0.5_mu1.0_c1.0,B,200,64,5202000,4,1,2000,0.0729277363717556,0.002327654973935146,0.07049295948445797,0.0024347768872976304,4.0,0.010101010101010102,32,False
env,val,tail_b0.5_mu1.0_c1.0,B,200,64,5202000,6,1,2000,0.040052384123206136,0.001467348129549632,0.03716530632972717,0.0028870777934789657,6.0,0.020202020202020204,32,False
env,val,tail_b0.5_mu1.0_c1.0,B,200,64,5202000,8,1,2000,0.027694247633218764,0.0010471527037187564,0.023826315581798554,0.003867932051420212,8.0,0.03030303030303029,32,False
env,val,tail_b0.5_mu1.0_c1.0,B,200,64,5202000,10,1,2000,0.020031656622886657,0.0007879698005868346,0.0156032657623291,0.004428390860557557,10.0,0.04040404040404041,32,False
env,val,tail_b0.5_mu1.0_c1.0,B,200,64,5202000,12,1,2000,0.01538618814945221,0.0005712116803231937,0.010897162765264512,0.004489025384187698,12.0,0.050505050505050504,32,False
env,val,tail_b0.5_mu1.0_c1.0,B,200,64,5202000,14,1,2000,0.012960026651620864,0.0004774499388440267,0.00823124223947525,0.004728784412145614,14.0,0.06060606060606058,32,False
env,val,tail_b0.5_mu1.0_c1.0,B,200,64,5202000,16,1,2000,0.011538658499717712,0.00039713106273597484,0.0062678903937339785,0.005270768105983734,16.0,0.07070707070707072,32,False
env,val,tail_b0.5_mu1.0_c1.0,B,200,64,5202000,18,1,2000,0.011251487761735917,0.00039199379438545915,0.005226628571748734,0.006024859189987183,18.0,0.08080808080808081,32,False
env,val,tail_b0.5_mu1.0_c1.0,B,200,64,5202000,20,1,2000,0.010374111622571945,0.0003274066209552282,0.004289347499608994,0.006084764122962952,20.0,0.09090909090909091,32,False
env,val,tail_b0.5_mu1.0_c1.0,B,200,64,5202000,24,1,2000,0.010225033879280091,0.00034240802425674157,0.003054310351610184,0.007170723527669906,24.0,0.11111111111111115,32,False
env,val,tail_b0.5_mu1.0_c1.0,B,200,64,5202000,28,1,2000,0.010150491923093795,0.00032920426758701823,0.0023799197375774382,0.007770572185516357,28.0,0.1313131313131313,32,False
env,val,tail_b0.5_mu1.0_c1.0,B,200,64,5202000,32,1,2000,0.010064640134572983,0.0003361786040129963,0.0018455525040626526,0.00821908763051033,32.0,0.15151515151515152,32,True
env,val,tail_b0.5_mu1.0_c1.0,B,200,64,5202000,36,1,2000,0.010413503259420394,0.0003375789608978885,0.0014598668813705445,0.008953636378049851,36.0,0.1717171717171717,32,False
env,val,tail_b0.5_mu1.0_c1.0,B,200,64,5202000,40,1,2000,0.01057716566324234,0.0003550987949272311,0.0011863378286361694,0.00939082783460617,40.0,0.1919191919191919,32,False
env,val,tail_b0.5_mu1.0_c1.0,B,200,64,5202000,48,1,2000,0.010543319612741471,0.00034785565322473726,0.0008113969564437866,0.009731922656297683,48.0,0.23232323232323226,32,False
env,val,tail_b0.5_mu1.0_c1.0,B,200,64,5202000,56,1,2000,0.011211813122034073,0.0003726582328278629,0.0005751475095748901,0.010636665612459182,56.0,0.2727272727272726,32,False
env,val,tail_b0.5_mu1.0_c1.0,B,200,64,5202000,64,1,2000,0.01171013429760933,0.00039411979327589567,0.000426620751619339,0.01128351354598999,64.0,0.31313131313131315,32,False
env,val,tail_b0.5_mu1.0_c1.0,B,500,64,5205000,4,1,2000,0.07028881375491619,0.0023110118653908193,0.06929541607201099,0.000993397682905197,4.0,0.004016064257028113,56,False
env,val,tail_b0.5_mu1.0_c1.0,B,500,64,5205000,6,1,2000,0.03756189648807049,0.0013261510665933335,0.036614371970295906,0.0009475245177745819,6.0,0.008032128514056226,56,False
env,val,tail_b0.5_mu1.0_c1.0,B,500,64,5205000,8,1,2000,0.02463688263297081,0.0009353418650664964,0.023278411537408828,0.0013584710955619813,8.0,0.01204819277108434,56,False
env,val,tail_b0.5_mu1.0_c1.0,B,500,64,5205000,10,1,2000,0.01752147626876831,0.0006953692180156733,0.015967726945877076,0.0015537493228912353,10.0,0.016064257028112452,56,False
env,val,tail_b0.5_mu1.0_c1.0,B,500,64,5205000,12,1,2000,0.013166794568300248,0.000539726191215467,0.01153595095872879,0.001630843609571457,12.0,0.02008032128514057,56,False
env,val,tail_b0.5_mu1.0_c1.0,B,500,64,5205000,14,1,2000,0.009931761115789414,0.0004142709457188368,0.008342640399932861,0.001589120715856552,14.0,0.02409638554216868,56,False
env,val,tail_b0.5_mu1.0_c1.0,B,500,64,5205000,16,1,2000,0.008251868456602097,0.00032801119237971206,0.0064964937567710875,0.001755374699831009,16.0,0.028112449799196793,56,False
env,val,tail_b0.5_mu1.0_c1.0,B,500,64,5205000,18,1,2000,0.006725995659828186,0.00025968017547650066,0.00495020866394043,0.0017757869958877563,18.0,0.032128514056224904,56,False
env,val,tail_b0.5_mu1.0_c1.0,B,500,64,5205000,20,1,2000,0.005863068878650665,0.00022176732294893378,0.0040614337325096134,0.0018016351461410522,20.0,0.036144578313253004,56,False
env,val,tail_b0.5_mu1.0_c1.0,B,500,64,5205000,24,1,2000,0.004761380165815354,0.00016251848126100176,0.0028821533024311068,0.0018792268633842468,24.0,0.04417670682730924,56,False
env,val,tail_b0.5_mu1.0_c1.0,B,500,64,5205000,28,1,2000,0.004390283256769181,0.00015469235868186047,0.0022722531259059906,0.0021180301308631896,28.0,0.05220883534136545,56,False
env,val,tail_b0.5_mu1.0_c1.0,B,500,64,5205000,32,1,2000,0.003992327004671097,0.00013410946863430325,0.0016606296002864838,0.0023316974043846132,32.0,0.06024096385542166,56,False
env,val,tail_b0.5_mu1.0_c1.0,B,500,64,5205000,36,1,2000,0.004016775816679001,0.00014164441630408348,0.0013384692966938018,0.002678306519985199,36.0,0.0682730923694779,56,False
env,val,tail_b0.5_mu1.0_c1.0,B,500,64,5205000,40,1,2000,0.004001333862543106,0.00013723044972100182,0.0011155775487422944,0.002885756313800812,40.0,0.07630522088353416,56,False
env,val,tail_b0.5_mu1.0_c1.0,B,500,64,5205000,48,1,2000,0.0038941663801670074,0.00013358058626575212,0.0008323185443878173,0.00306184783577919,48.0,0.09236947791164661,56,False
env,val,tail_b0.5_mu1.0_c1.0,B,500,64,5205000,56,1,2000,0.0038854397237300872,0.0001305297846331702,0.0005881441831588745,0.003297295540571213,56.0,0.10843373493975904,56,True
env,val,tail_b0.5_mu1.0_c1.0,B,500,64,5205000,64,1,2000,0.003926230132579803,0.00013495164775932653,0.0004467516541481018,0.0034794784784317016,64.0,0.12449799196787148,56,False
env,val,tail_b0.5_mu1.0_c1.0,B,1000,64,5208000,4,1,2000,0.06643101739883422,0.002103508586320747,0.0659926697164774,0.0004383476823568344,4.0,0.0020040080160320635,56,False
env,val,tail_b0.5_mu1.0_c1.0,B,1000,64,5208000,6,1,2000,0.03572443825006485,0.0012193978656977803,0.035022797048091886,0.0007016412019729614,6.0,0.004008016032064127,56,False
env,val,tail_b0.5_mu1.0_c1.0,B,1000,64,5208000,8,1,2000,0.02263715046644211,0.0008339114578821256,0.021903728336095808,0.0007334221303462982,8.0,0.006012024048096194,56,False
env,val,tail_b0.5_mu1.0_c1.0,B,1000,64,5208000,10,1,2000,0.016532805651426317,0.000642025083888894,0.015720380544662474,0.0008124251067638397,10.0,0.008016032064128254,56,False
env,val,tail_b0.5_mu1.0_c1.0,B,1000,64,5208000,12,1,2000,0.012421297997236251,0.0005007743081781176,0.01168505573272705,0.000736242264509201,12.0,0.01002004008016032,56,False
env,val,tail_b0.5_mu1.0_c1.0,B,1000,64,5208000,14,1,2000,0.009808348923921585,0.00041145331707815973,0.008999747395515442,0.0008086015284061432,14.0,0.012024048096192388,56,False
env,val,tail_b0.5_mu1.0_c1.0,B,1000,64,5208000,16,1,2000,0.007843047499656678,0.00033565422980544356,0.007015256583690644,0.0008277909159660339,16.0,0.014028056112224454,56,False
env,val,tail_b0.5_mu1.0_c1.0,B,1000,64,5208000,18,1,2000,0.006333746045827865,0.00026156630774491155,0.00546629598736763,0.0008674500584602356,18.0,0.016032064128256508,56,False
env,val,tail_b0.5_mu1.0_c1.0,B,1000,64,5208000,20,1,2000,0.0055311454236507416,0.0002415293654122854,0.004661520749330521,0.0008696246743202209,20.0,0.018036072144288578,56,False
env,val,tail_b0.5_mu1.0_c1.0,B,1000,64,5208000,24,1,2000,0.004139352470636368,0.00017864002082945314,0.0031836969554424285,0.0009556555151939392,24.0,0.02204408817635271,56,False
env,val,tail_b0.5_mu1.0_c1.0,B,1000,64,5208000,28,1,2000,0.0034453611969947817,0.0001360225454458133,0.0024195097982883454,0.001025851398706436,28.0,0.026052104208416835,56,False
env,val,tail_b0.5_mu1.0_c1.0,B,1000,64,5208000,32,1,2000,0.0028559530675411225,0.00010940813801455643,0.0018267289102077485,0.001029224157333374,32.0,0.03006012024048095,56,False
env,val,tail_b0.5_mu1.0_c1.0,B,1000,64,5208000,36,1,2000,0.00259371554851532,0.00010039259643602693,0.0014774807393550873,0.0011162348091602325,36.0,0.034068136272545076,56,False
env,val,tail_b0.5_mu1.0_c1.0,B,1000,64,5208000,40,1,2000,0.00246170449256897,9.499911025429986e-05,0.0012564540207386018,0.0012052504718303681,40.0,0.038076152304609215,56,False
env,val,tail_b0.5_mu1.0_c1.0,B,1000,64,5208000,48,1,2000,0.0021332402229309083,7.680542051765781e-05,0.0008335644900798797,0.0012996757328510285,48.0,0.046092184368737486,56,False
env,val,tail_b0.5_mu1.0_c1.0,B,1000,64,5208000,56,1,2000,0.0019428514838218688,6.79959201268292e-05,0.0006042194962501525,0.0013386319875717163,56.0,0.054108216432865716,56,True
env,val,tail_b0.5_mu1.0_c1.0,B,1000,64,5208000,64,1,2000,0.001962098151445389,7.058332810261681e-05,0.0004893410503864289,0.00147275710105896,64.0,0.062124248496993974,56,False
env,val,tail_b1.0_mu0.9_c2.0,B,50,64,5271000,4,1,2000,0.11910385355353355,0.002346649672401021,0.08791290271282196,0.031190950840711593,4.0,0.04166666666666666,12,False
env,val,tail_b1.0_mu0.9_c2.0,B,50,64,5271000,6,1,2000,0.10008823055028915,0.0020950700819092065,0.06027054730057716,0.039817683249711994,6.0,0.08333333333333331,12,False
env,val,tail_b1.0_mu0.9_c2.0,B,50,64,5271000,8,1,2000,0.09116443517804146,0.0019469477375788657,0.044607575118541715,0.046556860059499744,8.0,0.125,12,False
env,val,tail_b1.0_mu0.9_c2.0,B,50,64,5271000,10,1,2000,0.08861347714066506,0.0019587637458268045,0.03518515318632126,0.0534283239543438,10.0,0.16666666666666663,12,False
env,val,tail_b1.0_mu0.9_c2.0,B,50,64,5271000,12,1,2000,0.085328897356987,0.0019130331189907304,0.02867792534828186,0.05665097200870514,12.0,0.20833333333333337,12,True
env,val,tail_b1.0_mu0.9_c2.0,B,50,64,5271000,14,1,2000,0.08754596477746963,0.0019865704509213003,0.023944287002086638,0.06360167777538299,14.0,0.25,12,False
env,val,tail_b1.0_mu0.9_c2.0,B,50,64,5271000,16,1,2000,0.0871856196820736,0.002001708987155285,0.01988038820028305,0.06730523148179055,16.0,0.2916666666666667,12,False
env,val,tail_b1.0_mu0.9_c2.0,B,50,64,5271000,18,1,2000,0.08890849149227142,0.0020135397251384774,0.016982061207294463,0.07192643028497696,18.0,0.33333333333333326,12,False
env,val,tail_b1.0_mu0.9_c2.0,B,50,64,5271000,20,1,2000,0.09029048018157482,0.002001348344191731,0.014489882826805115,0.07580059735476971,20.0,0.375,12,False
env,val,tail_b1.0_mu0.9_c2.0,B,50,64,5271000,24,1,2000,0.09654944379627704,0.0021371467701676,0.010566635698080062,0.08598280809819699,24.0,0.4583333333333332,12,False
env,val,tail_b1.0_mu0.9_c2.0,B,50,64,5271000,28,1,2000,0.104770921215415,0.002254961108859315,0.007822188884019851,0.09694873233139514,28.0,0.5416666666666667,12,False
env,val,tail_b1.0_mu0.9_c2.0,B,50,64,5271000,32,1,2000,0.11467875999212265,0.0023679183237953413,0.005470671802759171,0.10920808818936348,32.0,0.625,12,False
env,val,tail_b1.0_mu0.9_c2.0,B,50,64,5271000,36,1,2000,0.11962331476807594,0.0024009764812872327,0.0038499048352241515,0.11577340993285179,36.0,0.7083333333333334,12,False
env,val,tail_b1.0_mu0.9_c2.0,B,50,64,5271000,40,1,2000,0.13115507520735264,0.002579939237625809,0.002521732121706009,0.12863334308564664,40.0,0.7916666666666665,12,False
env,val,tail_b1.0_mu0.9_c2.0,B,50,64,5271000,48,1,2000,0.17908802661299705,0.003020583143412534,0.00029736918210983277,0.17879065743088723,48.0,0.9583333333333336,12,False
env,val,tail_b1.0_mu0.9_c2.0,B,100,64,5274000,4,1,2000,0.10892301461100579,0.002098053036806054,0.09375135666131973,0.01517165794968605,4.0,0.02040816326530612,16,False
env,val,tail_b1.0_mu0.9_c2.0,B,100,64,5274000,6,1,2000,0.08695754447579383,0.0017125618019882727,0.06590123358368874,0.021056310892105103,6.0,0.04081632653061224,16,False
env,val,tail_b1.0_mu0.9_c2.0,B,100,64,5274000,8,1,2000,0.07858625203371047,0.0016479029419338967,0.05031369173526764,0.028272560298442842,8.0,0.06122448979591836,16,False
env,val,tail_b1.0_mu0.9_c2.0,B,100,64,5274000,10,1,2000,0.07253248427808284,0.0015651805698458196,0.04058368176221847,0.03194880251586437,10.0,0.08163265306122448,16,False
env,val,tail_b1.0_mu0.9_c2.0,B,100,64,5274000,12,1,2000,0.06795561379194259,0.0014408906895070942,0.033793914705514905,0.03416169908642769,12.0,0.10204081632653059,16,False
env,val,tail_b1.0_mu0.9_c2.0,B,100,64,5274000,14,1,2000,0.06720062682032585,0.001447185585781824,0.028559979557991028,0.03864064726233482,14.0,0.12244897959183672,16,False
env,val,tail_b1.0_mu0.9_c2.0,B,100,64,5274000,16,1,2000,0.06547950525581837,0.0014733404062294384,0.024437622249126434,0.04104188300669193,16.0,0.1428571428571428,16,True
env,val,tail_b1.0_mu0.9_c2.0,B,100,64,5274000,18,1,2000,0.0658251385241747,0.0014356419756334142,0.021397189766168594,0.0444279487580061,18.0,0.16326530612244897,16,False
env,val,tail_b1.0_mu0.9_c2.0,B,100,64,5274000,20,1,2000,0.06551996664702893,0.0014413667358901896,0.019105302184820174,0.046414664462208745,20.0,0.1836734693877551,16,False
env,val,tail_b1.0_mu0.9_c2.0,B,100,64,5274000,24,1,2000,0.06551067218184471,0.0014756344960720408,0.0153304223716259,0.05018024981021881,24.0,0.22448979591836735,16,False
env,val,tail_b1.0_mu0.9_c2.0,B,100,64,5274000,28,1,2000,0.06572304546833038,0.0014857821312481393,0.012491905122995377,0.05323114034533501,28.0,0.2653061224489796,16,False
env,val,tail_b1.0_mu0.9_c2.0,B,100,64,5274000,32,1,2000,0.0680852627903223,0.0015231942394289505,0.010512476593255996,0.05757278619706631,32.0,0.3061224489795918,16,False
env,val,tail_b1.0_mu0.9_c2.0,B,100,64,5274000,36,1,2000,0.06948560869693757,0.0015766706107604145,0.008689429968595504,0.06079617872834206,36.0,0.34693877551020413,16,False
env,val,tail_b1.0_mu0.9_c2.0,B,100,64,5274000,40,1,2000,0.07274718722701072,0.0016672173534768042,0.007430150747299195,0.06531703647971153,40.0,0.38775510204081615,16,False
env,val,tail_b1.0_mu0.9_c2.0,B,100,64,5274000,48,1,2000,0.07501632860302924,0.0016988688986031913,0.005432297497987747,0.06958403110504151,48.0,0.4693877551020407,16,False
env,val,tail_b1.0_mu0.9_c2.0,B,100,64,5274000,56,1,2000,0.07940173831582069,0.001769918391607684,0.0040780226290225985,0.07532371568679809,56.0,0.5510204081632653,16,False
env,val,tail_b1.0_mu0.9_c2.0,B,100,64,5274000,64,1,2000,0.08874685740470886,0.0019435556319356408,0.0030163961350917817,0.08573046126961709,64.0,0.6326530612244898,16,False
env,val,tail_b1.0_mu0.9_c2.0,B,200,64,5277000,4,1,2000,0.10631648945808411,0.001963582589756603,0.09849538232386112,0.007821107134222984,4.0,0.010101010101010102,24,False
env,val,tail_b1.0_mu0.9_c2.0,B,200,64,5277000,6,1,2000,0.08131844593584538,0.0016206679849155394,0.0699167021214962,0.011401743814349174,6.0,0.020202020202020204,24,False
env,val,tail_b1.0_mu0.9_c2.0,B,200,64,5277000,8,1,2000,0.0670796185284853,0.0013937936967335766,0.053067072182893756,0.014012546345591546,8.0,0.03030303030303029,24,False
env,val,tail_b1.0_mu0.9_c2.0,B,200,64,5277000,10,1,2000,0.06000004082918167,0.0012439985516607965,0.04340143689513207,0.016598603934049605,10.0,0.04040404040404041,24,False
env,val,tail_b1.0_mu0.9_c2.0,B,200,64,5277000,12,1,2000,0.05600645473599434,0.001182899609745381,0.036638129115104674,0.019368325620889665,12.0,0.050505050505050504,24,False
env,val,tail_b1.0_mu0.9_c2.0,B,200,64,5277000,14,1,2000,0.05344076585769653,0.0011348266693630492,0.031378635108470915,0.022062130749225615,14.0,0.06060606060606058,24,False
env,val,tail_b1.0_mu0.9_c2.0,B,200,64,5277000,16,1,2000,0.05084706673026085,0.0010879289000972473,0.026773324966430666,0.024073741763830186,16.0,0.07070707070707072,24,False
env,val,tail_b1.0_mu0.9_c2.0,B,200,64,5277000,18,1,2000,0.05001970517635346,0.0011167029114004265,0.02351158556342125,0.026508119612932205,18.0,0.08080808080808081,24,False
env,val,tail_b1.0_mu0.9_c2.0,B,200,64,5277000,20,1,2000,0.049409474551677705,0.0010763456769144592,0.021168186217546462,0.02824128833413124,20.0,0.09090909090909091,24,False
env,val,tail_b1.0_mu0.9_c2.0,B,200,64,5277000,24,1,2000,0.04837943574786186,0.0010851105526615543,0.017540592163801192,0.03083884358406067,24.0,0.11111111111111115,24,True
env,val,tail_b1.0_mu0.9_c2.0,B,200,64,5277000,28,1,2000,0.04993210932612419,0.0011297289370569882,0.015108182460069657,0.03482392686605453,28.0,0.1313131313131313,24,False
env,val,tail_b1.0_mu0.9_c2.0,B,200,64,5277000,32,1,2000,0.05006968224048614,0.0011408036045911889,0.01290759602189064,0.03716208621859551,32.0,0.15151515151515152,24,False
env,val,tail_b1.0_mu0.9_c2.0,B,200,64,5277000,36,1,2000,0.04955216446518898,0.0011283399900157039,0.011154814600944519,0.03839734986424446,36.0,0.1717171717171717,24,False
env,val,tail_b1.0_mu0.9_c2.0,B,200,64,5277000,40,1,2000,0.0496068215072155,0.00111980201978913,0.009740610003471374,0.03986621150374413,40.0,0.1919191919191919,24,False
env,val,tail_b1.0_mu0.9_c2.0,B,200,64,5277000,48,1,2000,0.04964914670586586,0.0011483553185497493,0.007645696938037873,0.04200344976782799,48.0,0.23232323232323226,24,False
env,val,tail_b1.0_mu0.9_c2.0,B,200,64,5277000,56,1,2000,0.05286322900652885,0.0011976469464602436,0.00601367524266243,0.046849553763866424,56.0,0.2727272727272726,24,False
env,val,tail_b1.0_mu0.9_c2.0,B,200,64,5277000,64,1,2000,0.05484139084815979,0.0012406085980192958,0.004991970717906952,0.049849420130252835,64.0,0.31313131313131315,24,False
env,val,tail_b1.0_mu0.9_c2.0,B,500,64,5280000,4,1,2000,0.10439410714805127,0.0018814335164972094,0.10082434666156768,0.003569760486483574,4.0,0.004016064257028113,56,False
env,val,tail_b1.0_mu0.9_c2.0,B,500,64,5280000,6,1,2000,0.07607759021222592,0.0014687013907737842,0.07107688373327255,0.005000706478953362,6.0,0.008032128514056226,56,False
env,val,tail_b1.0_mu0.9_c2.0,B,500,64,5280000,8,1,2000,0.06172071099281311,0.0012472879891826537,0.055949520766735074,0.005771190226078034,8.0,0.01204819277108434,56,False
env,val,tail_b1.0_mu0.9_c2.0,B,500,64,5280000,10,1,2000,0.051581330627202986,0.0010487774441955541,0.04431386628746986,0.007267464339733124,10.0,0.016064257028112452,56,False
env,val,tail_b1.0_mu0.9_c2.0,B,500,64,5280000,12,1,2000,0.04533284676074982,0.0009238657764220592,0.0370937984585762,0.008239048302173615,12.0,0.02008032128514057,56,False
env,val,tail_b1.0_mu0.9_c2.0,B,500,64,5280000,14,1,2000,0.04183357307314873,0.0008500560516110493,0.03254208537936211,0.009291487693786621,14.0,0.02409638554216868,56,False
env,val,tail_b1.0_mu0.9_c2.0,B,500,64,5280000,16,1,2000,0.03853319650888443,0.0007864111066348433,0.028635594695806503,0.009897601813077927,16.0,0.028112449799196793,56,False
env,val,tail_b1.0_mu0.9_c2.0,B,500,64,5280000,18,1,2000,0.03743779182434082,0.0007564695162297719,0.02560913074016571,0.01182866108417511,18.0,0.032128514056224904,56,False
env,val,tail_b1.0_mu0.9_c2.0,B,500,64,5280000,20,1,2000,0.03499914374947548,0.0006992937546561505,0.022690290480852127,0.012308853268623353,20.0,0.036144578313253004,56,False
env,val,tail_b1.0_mu0.9_c2.0,B,500,64,5280000,24,1,2000,0.0332688629925251,0.0006532925043467593,0.018913172990083695,0.014355690002441406,24.0,0.04417670682730924,56,False
env,val,tail_b1.0_mu0.9_c2.0,B,500,64,5280000,28,1,2000,0.03221553102135658,0.0006581528849150284,0.016053690791130067,0.016161840230226515,28.0,0.05220883534136545,56,False
env,val,tail_b1.0_mu0.9_c2.0,B,500,64,5280000,32,1,2000,0.03132528796792031,0.0006657293186418334,0.014108609557151795,0.01721667841076851,32.0,0.06024096385542166,56,False
env,val,tail_b1.0_mu0.9_c2.0,B,500,64,5280000,36,1,2000,0.031312418401241306,0.0006511929919145516,0.012547403573989868,0.018765014827251434,36.0,0.0682730923694779,56,False
env,val,tail_b1.0_mu0.9_c2.0,B,500,64,5280000,40,1,2000,0.03110373443365097,0.0006407467120081663,0.011158089369535447,0.019945645064115523,40.0,0.07630522088353416,56,False
env,val,tail_b1.0_mu0.9_c2.0,B,500,64,5280000,48,1,2000,0.030536150634288786,0.0006462581187930695,0.008935284107923507,0.02160086652636528,48.0,0.09236947791164661,56,False
env,val,tail_b1.0_mu0.9_c2.0,B,500,64,5280000,56,1,2000,0.030151253521442413,0.0006415156675989674,0.007616410672664642,0.02253484284877777,56.0,0.10843373493975904,56,True
env,val,tail_b1.0_mu0.9_c2.0,B,500,64,5280000,64,1,2000,0.03145229706168175,0.0006771867852482513,0.006570080101490021,0.024882216960191727,64.0,0.12449799196787148,56,False
env,val,tail_b1.0_mu0.9_c2.0,B,1000,64,5283000,4,1,2000,0.10338481798768044,0.0019451787034835163,0.10138051936030387,0.0020042986273765564,4.0,0.0020040080160320635,48,False
env,val,tail_b1.0_mu0.9_c2.0,B,1000,64,5283000,6,1,2000,0.07389250399172306,0.0014315361769121192,0.07145157212018967,0.002440931871533394,6.0,0.004008016032064127,48,False
env,val,tail_b1.0_mu0.9_c2.0,B,1000,64,5283000,8,1,2000,0.05945401194691658,0.0011748311462516316,0.0564638876914978,0.0029901242554187775,8.0,0.006012024048096194,48,False
env,val,tail_b1.0_mu0.9_c2.0,B,1000,64,5283000,10,1,2000,0.0499259035885334,0.0009899834153651436,0.0460157610476017,0.0039101425409317015,10.0,0.008016032064128254,48,False
env,val,tail_b1.0_mu0.9_c2.0,B,1000,64,5283000,12,1,2000,0.04331482884287834,0.0008748560567677712,0.03884849140048027,0.004466337442398071,12.0,0.01002004008016032,48,False
env,val,tail_b1.0_mu0.9_c2.0,B,1000,64,5283000,14,1,2000,0.03784964075684547,0.0007935832931305582,0.03307721588015557,0.004772424876689911,14.0,0.012024048096192388,48,False
env,val,tail_b1.0_mu0.9_c2.0,B,1000,64,5283000,16,1,2000,0.03432990956306457,0.0007092118198159739,0.028987691551446915,0.00534221801161766,16.0,0.014028056112224454,48,False
env,val,tail_b1.0_mu0.9_c2.0,B,1000,64,5283000,18,1,2000,0.03183753731846809,0.0006535143604798443,0.02580974742770195,0.0060277898907661435,18.0,0.016032064128256508,48,False
env,val,tail_b1.0_mu0.9_c2.0,B,1000,64,5283000,20,1,2000,0.030452038139104843,0.0006386195268262251,0.023752751052379607,0.006699287086725235,20.0,0.018036072144288578,48,False
env,val,tail_b1.0_mu0.9_c2.0,B,1000,64,5283000,24,1,2000,0.026758622467517854,0.0005457325654002202,0.019435566157102586,0.007323056310415268,24.0,0.02204408817635271,48,False
env,val,tail_b1.0_mu0.9_c2.0,B,1000,64,5283000,28,1,2000,0.025447233140468598,0.0005277229478661894,0.016671549409627916,0.008775683730840683,28.0,0.026052104208416835,48,False
env,val,tail_b1.0_mu0.9_c2.0,B,1000,64,5283000,32,1,2000,0.02452256768941879,0.0005182789456236599,0.0147069031894207,0.009815664499998093,32.0,0.03006012024048095,48,False
env,val,tail_b1.0_mu0.9_c2.0,B,1000,64,5283000,36,1,2000,0.02361289304494858,0.0005016045352466338,0.013093301802873611,0.010519591242074966,36.0,0.034068136272545076,48,False
env,val,tail_b1.0_mu0.9_c2.0,B,1000,64,5283000,40,1,2000,0.023019924253225327,0.000468820803766301,0.011614013493061065,0.011405910760164261,40.0,0.038076152304609215,48,False
env,val,tail_b1.0_mu0.9_c2.0,B,1000,64,5283000,48,1,2000,0.022508191347122192,0.00046481729263293754,0.009647456139326096,0.012860735207796096,48.0,0.046092184368737486,48,True
env,val,tail_b1.0_mu0.9_c2.0,B,1000,64,5283000,56,1,2000,0.02268644890189171,0.00047526002939719635,0.008338733941316605,0.014347714960575103,56.0,0.054108216432865716,48,False
env,val,tail_b1.0_mu0.9_c2.0,B,1000,64,5283000,64,1,2000,0.02282789796590805,0.0004748477989536495,0.007236452460289001,0.015591445505619049,64.0,0.062124248496993974,48,False
env,val,tail_b2.0_mu1.0_c1.0,B,50,64,5361000,4,1,2000,0.3048550844397396,0.004619692727565426,0.284476739641279,0.020378344798460603,4.0,0.04166666666666666,24,False
env,val,tail_b2.0_mu1.0_c1.0,B,50,64,5361000,6,1,2000,0.2475601047463715,0.00423380924928723,0.2154012300223112,0.032158874724060295,6.0,0.08333333333333331,24,False
env,val,tail_b2.0_mu1.0_c1.0,B,50,64,5361000,8,1,2000,0.2139141346476972,0.0039577519139213915,0.17367582281678914,0.04023831183090806,8.0,0.125,24,False
env,val,tail_b2.0_mu1.0_c1.0,B,50,64,5361000,10,1,2000,0.190537239279598,0.0036957180488183406,0.14329618726670743,0.047241052012890576,10.0,0.16666666666666663,24,False
env,val,tail_b2.0_mu1.0_c1.0,B,50,64,5361000,12,1,2000,0.17577175744622947,0.0035819940116414146,0.12119444666057826,0.05457731078565121,12.0,0.20833333333333337,24,False
env,val,tail_b2.0_mu1.0_c1.0,B,50,64,5361000,14,1,2000,0.16852171231992544,0.0035396565241991003,0.10458655072748661,0.06393516159243881,14.0,0.25,24,False
env,val,tail_b2.0_mu1.0_c1.0,B,50,64,5361000,16,1,2000,0.16063856463320553,0.0034927391305645474,0.0894526450484991,0.07118591958470642,16.0,0.2916666666666667,24,False
env,val,tail_b2.0_mu1.0_c1.0,B,50,64,5361000,18,1,2000,0.15367881165444852,0.0034925269230459983,0.0783262677192688,0.0753525439351797,18.0,0.33333333333333326,24,False
env,val,tail_b2.0_mu1.0_c1.0,B,50,64,5361000,20,1,2000,0.14916265854239463,0.003405736192916905,0.06808108124136925,0.08108157730102539,20.0,0.375,24,False
env,val,tail_b2.0_mu1.0_c1.0,B,50,64,5361000,24,1,2000,0.1363451344296336,0.0031931274207814366,0.0511231527030468,0.08522198172658682,24.0,0.4583333333333332,24,True
env,val,tail_b2.0_mu1.0_c1.0,B,50,64,5361000,28,1,2000,0.1402516707405448,0.0032576352629499136,0.039170160964131354,0.10108150977641345,28.0,0.5416666666666667,24,False
env,val,tail_b2.0_mu1.0_c1.0,B,50,64,5361000,32,1,2000,0.1524341182857752,0.003356605349087461,0.028533571273088455,0.12390054701268673,32.0,0.625,24,False
env,val,tail_b2.0_mu1.0_c1.0,B,50,64,5361000,36,1,2000,0.16373411510139704,0.003484866919272107,0.019993503987789155,0.1437406111136079,36.0,0.7083333333333334,24,False
env,val,tail_b2.0_mu1.0_c1.0,B,50,64,5361000,40,1,2000,0.1893351899459958,0.0038069609892138977,0.013053779929876327,0.17628141001611947,40.0,0.7916666666666665,24,False
env,val,tail_b2.0_mu1.0_c1.0,B,50,64,5361000,48,1,2000,0.3016782675944269,0.004815396596743085,0.002274494469165802,0.29940377312526106,48.0,0.9583333333333336,24,False
env,val,tail_b2.0_mu1.0_c1.0,B,100,64,5364000,4,1,2000,0.3341595582384616,0.004349433814123435,0.32333005596511066,0.010829502273350954,4.0,0.02040816326530612,48,False
env,val,tail_b2.0_mu1.0_c1.0,B,100,64,5364000,6,1,2000,0.2733051836080849,0.0039029737311491613,0.2583016133531928,0.015003570254892112,6.0,0.04081632653061224,48,False
env,val,tail_b2.0_mu1.0_c1.0,B,100,64,5364000,8,1,2000,0.23341447489336134,0.0036027227125984005,0.21387260679155587,0.01954186810180545,8.0,0.06122448979591836,48,False
env,val,tail_b2.0_mu1.0_c1.0,B,100,64,5364000,10,1,2000,0.2021598234176636,0.003342655080550573,0.17945089639723302,0.022708927020430564,10.0,0.08163265306122448,48,False
env,val,tail_b2.0_mu1.0_c1.0,B,100,64,5364000,12,1,2000,0.1854405798614025,0.003177239807774354,0.15889497922360898,0.02654560063779354,12.0,0.10204081632653059,48,False
env,val,tail_b2.0_mu1.0_c1.0,B,100,64,5364000,14,1,2000,0.17365699951350688,0.0030902742606895043,0.1425725065767765,0.031084492936730386,14.0,0.12244897959183672,48,False
env,val,tail_b2.0_mu1.0_c1.0,B,100,64,5364000,16,1,2000,0.16130708587169648,0.00300074379382589,0.1281264338642359,0.03318065200746059,16.0,0.1428571428571428,48,False
env,val,tail_b2.0_mu1.0_c1.0,B,100,64,5364000,18,1,2000,0.15348400700092316,0.0029083069083577218,0.1167248582392931,0.036759148761630056,18.0,0.16326530612244897,48,False
env,val,tail_b2.0_mu1.0_c1.0,B,100,64,5364000,20,1,2000,0.1475333776921034,0.0028906591101894434,0.10669291687011719,0.040840460821986196,20.0,0.1836734693877551,48,False
env,val,tail_b2.0_mu1.0_c1.0,B,100,64,5364000,24,1,2000,0.13704076464474202,0.002817328633735692,0.09100701102614403,0.04603375361859798,24.0,0.22448979591836735,48,False
env,val,tail_b2.0_mu1.0_c1.0,B,100,64,5364000,28,1,2000,0.1282779860049486,0.002721985175045615,0.07952317401766777,0.04875481198728084,28.0,0.2653061224489796,48,False
env,val,tail_b2.0_mu1.0_c1.0,B,100,64,5364000,32,1,2000,0.11977902334928513,0.002634866087080709,0.06916067633032799,0.050618347018957136,32.0,0.3061224489795918,48,False
env,val,tail_b2.0_mu1.0_c1.0,B,100,64,5364000,36,1,2000,0.1162239547148347,0.0026631166698689525,0.05970242938399315,0.056521525330841545,36.0,0.34693877551020413,48,False
env,val,tail_b2.0_mu1.0_c1.0,B,100,64,5364000,40,1,2000,0.11269296289980411,0.0025891609774717603,0.053172077387571334,0.05952088551223278,40.0,0.38775510204081615,48,False
env,val,tail_b2.0_mu1.0_c1.0,B,100,64,5364000,48,1,2000,0.11227946369349956,0.0026216757348434317,0.040521833896636966,0.07175762979686261,48.0,0.4693877551020407,48,True
env,val,tail_b2.0_mu1.0_c1.0,B,100,64,5364000,56,1,2000,0.11439683772623539,0.0026399047033014707,0.030323240339756013,0.08407359738647938,56.0,0.5510204081632653,48,False
env,val,tail_b2.0_mu1.0_c1.0,B,100,64,5364000,64,1,2000,0.13027055185288192,0.0029054418061840513,0.022191394358873368,0.10807915749400854,64.0,0.6326530612244898,48,False
env,val,tail_b2.0_mu1.0_c1.0,B,200,64,5367000,4,1,2000,0.35202914325892926,0.004391646121776776,0.3474111007414758,0.004618042517453432,4.0,0.010101010101010102,64,False
env,val,tail_b2.0_mu1.0_c1.0,B,200,64,5367000,6,1,2000,0.28710972096025944,0.0038064723721732995,0.2811200603619218,0.00598966059833765,6.0,0.020202020202020204,64,False
env,val,tail_b2.0_mu1.0_c1.0,B,200,64,5367000,8,1,2000,0.24730029735714198,0.0034836129927297817,0.23811383871734143,0.009186458639800549,8.0,0.03030303030303029,64,False
env,val,tail_b2.0_mu1.0_c1.0,B,200,64,5367000,10,1,2000,0.21725598973035812,0.003222583077041505,0.20639875349402428,0.010857236236333848,10.0,0.04040404040404041,64,False
env,val,tail_b2.0_mu1.0_c1.0,B,200,64,5367000,12,1,2000,0.19691784062236548,0.0030708986035381694,0.18484707686305046,0.012070763759315014,12.0,0.050505050505050504,64,False
env,val,tail_b2.0_mu1.0_c1.0,B,200,64,5367000,14,1,2000,0.18042715358734132,0.0028522353964236013,0.16800830237567424,0.01241885121166706,14.0,0.06060606060606058,64,False
env,val,tail_b2.0_mu1.0_c1.0,B,200,64,5367000,16,1,2000,0.16785334123671056,0.0027556841012681913,0.15311390651762485,0.014739434719085693,16.0,0.07070707070707072,64,False
env,val,tail_b2.0_mu1.0_c1.0,B,200,64,5367000,18,1,2000,0.15725462402403353,0.0026508299687820393,0.1407054856568575,0.016549138367176055,18.0,0.08080808080808081,64,False
env,val,tail_b2.0_mu1.0_c1.0,B,200,64,5367000,20,1,2000,0.1488788473904133,0.0025988666971149313,0.13059875711798669,0.018280090272426604,20.0,0.09090909090909091,64,False
env,val,tail_b2.0_mu1.0_c1.0,B,200,64,5367000,24,1,2000,0.13388936892151831,0.0024944892337212007,0.11364511778950691,0.020244251132011414,24.0,0.11111111111111115,64,False
env,val,tail_b2.0_mu1.0_c1.0,B,200,64,5367000,28,1,2000,0.1233025114685297,0.002356723401697219,0.1011433515548706,0.022159159913659097,28.0,0.1313131313131313,64,False
env,val,tail_b2.0_mu1.0_c1.0,B,200,64,5367000,32,1,2000,0.11721994031965732,0.0023016758005564505,0.09133063128590584,0.025889309033751487,32.0,0.15151515151515152,64,False
env,val,tail_b2.0_mu1.0_c1.0,B,200,64,5367000,36,1,2000,0.11044051840901375,0.0022240040948812135,0.08279147425293923,0.027649044156074522,36.0,0.1717171717171717,64,False
env,val,tail_b2.0_mu1.0_c1.0,B,200,64,5367000,40,1,2000,0.10640289279818535,0.0022027614308374553,0.07606620296835899,0.030336689829826353,40.0,0.1919191919191919,64,False
env,val,tail_b2.0_mu1.0_c1.0,B,200,64,5367000,48,1,2000,0.09889613479375839,0.002170536533847726,0.06356951436400414,0.035326620429754256,48.0,0.23232323232323226,64,False
env,val,tail_b2.0_mu1.0_c1.0,B,200,64,5367000,56,1,2000,0.09216297034919262,0.0020964270348520996,0.0543614981174469,0.03780147223174572,56.0,0.2727272727272726,64,False
env,val,tail_b2.0_mu1.0_c1.0,B,200,64,5367000,64,1,2000,0.08542088632285595,0.0020143730104065206,0.046736747801303866,0.038684138521552086,64.0,0.31313131313131315,64,True
env,val,tail_b2.0_mu1.0_c1.0,B,500,64,5370000,4,1,2000,0.3611705502402037,0.004255327895222745,0.35939067826233806,0.001779871977865696,4.0,0.004016064257028113,64,False
env,val,tail_b2.0_mu1.0_c1.0,B,500,64,5370000,6,1,2000,0.2994052623286843,0.003726315916152603,0.29682476466149094,0.0025804976671934127,6.0,0.008032128514056226,64,False
env,val,tail_b2.0_mu1.0_c1.0,B,500,64,5370000,8,1,2000,0.25631286420673133,0.0033430488056877526,0.25343441105633974,0.0028784531503915785,8.0,0.01204819277108434,64,False
env,val,tail_b2.0_mu1.0_c1.0,B,500,64,5370000,10,1,2000,0.22678492219746113,0.0030887042857992548,0.22357363680005074,0.0032112853974103927,10.0,0.016064257028112452,64,False
env,val,tail_b2.0_mu1.0_c1.0,B,500,64,5370000,12,1,2000,0.20438195829093456,0.0028536457609658118,0.20070922930538654,0.0036727289855480196,12.0,0.02008032128514057,64,False
env,val,tail_b2.0_mu1.0_c1.0,B,500,64,5370000,14,1,2000,0.18771901570260524,0.002661598449750645,0.1838791310042143,0.0038398846983909605,14.0,0.02409638554216868,64,False
env,val,tail_b2.0_mu1.0_c1.0,B,500,64,5370000,16,1,2000,0.17583138297498227,0.0025710304792351665,0.17140219315886498,0.004429189816117287,16.0,0.028112449799196793,64,False
env,val,tail_b2.0_mu1.0_c1.0,B,500,64,5370000,18,1,2000,0.1654285012334585,0.0024997975467360273,0.16043001680076122,0.0049984844326972965,18.0,0.032128514056224904,64,False
env,val,tail_b2.0_mu1.0_c1.0,B,500,64,5370000,20,1,2000,0.15611054103076458,0.0024005247046156824,0.15073756785690784,0.005372973173856735,20.0,0.036144578313253004,64,False
env,val,tail_b2.0_mu1.0_c1.0,B,500,64,5370000,24,1,2000,0.1408500231206417,0.0022132402555798325,0.1349984302073717,0.005851592913269997,24.0,0.04417670682730924,64,False
env,val,tail_b2.0_mu1.0_c1.0,B,500,64,5370000,28,1,2000,0.1281830666065216,0.0020820521224374686,0.12166947510838509,0.006513591498136521,28.0,0.05220883534136545,64,False
env,val,tail_b2.0_mu1.0_c1.0,B,500,64,5370000,32,1,2000,0.11818647661805153,0.0019442539818898157,0.11123397603631019,0.006952500581741333,32.0,0.06024096385542166,64,False
env,val,tail_b2.0_mu1.0_c1.0,B,500,64,5370000,36,1,2000,0.11055493852496147,0.0018476299277043146,0.10286352553963661,0.00769141298532486,36.0,0.0682730923694779,64,False
env,val,tail_b2.0_mu1.0_c1.0,B,500,64,5370000,40,1,2000,0.10369046790897846,0.0017893494158979055,0.09517016091942787,0.00852030698955059,40.0,0.07630522088353416,64,False
env,val,tail_b2.0_mu1.0_c1.0,B,500,64,5370000,48,1,2000,0.09298604500293732,0.0016875609858677362,0.08388362166285515,0.00910242334008217,48.0,0.09236947791164661,64,False
env,val,tail_b2.0_mu1.0_c1.0,B,500,64,5370000,56,1,2000,0.0852854051887989,0.001602551380296292,0.07530931341648102,0.009976091772317886,56.0,0.10843373493975904,64,False
env,val,tail_b2.0_mu1.0_c1.0,B,500,64,5370000,64,1,2000,0.07801935522258281,0.0015222691013224623,0.06693665611743926,0.011082699105143546,64.0,0.12449799196787148,64,True
env,val,tail_b2.0_mu1.0_c1.0,B,1000,64,5373000,4,1,2000,0.3833072883412242,0.004294516361069901,0.3823403468243778,0.0009669415168464183,4.0,0.0020040080160320635,64,False
env,val,tail_b2.0_mu1.0_c1.0,B,1000,64,5373000,6,1,2000,0.31952782591059803,0.0037920483465224155,0.31797138245776296,0.001556443452835083,6.0,0.004008016032064127,64,False
env,val,tail_b2.0_mu1.0_c1.0,B,1000,64,5373000,8,1,2000,0.27625844783335923,0.0034001526715413868,0.2746984707713127,0.0015599770620465278,8.0,0.006012024048096194,64,False
env,val,tail_b2.0_mu1.0_c1.0,B,1000,64,5373000,10,1,2000,0.24744173642992973,0.003113458695582216,0.24552972596883774,0.0019120104610919953,10.0,0.008016032064128254,64,False
env,val,tail_b2.0_mu1.0_c1.0,B,1000,64,5373000,12,1,2000,0.22725193038582803,0.0029147984575415256,0.22510097114741803,0.002150959238409996,12.0,0.01002004008016032,64,False
env,val,tail_b2.0_mu1.0_c1.0,B,1000,64,5373000,14,1,2000,0.20734495587646962,0.0026886780386677807,0.2048269035667181,0.0025180523097515107,14.0,0.012024048096192388,64,False
env,val,tail_b2.0_mu1.0_c1.0,B,1000,64,5373000,16,1,2000,0.19128772401809693,0.0025257538863265425,0.18878436766564846,0.0025033563524484636,16.0,0.014028056112224454,64,False
env,val,tail_b2.0_mu1.0_c1.0,B,1000,64,5373000,18,1,2000,0.17825565463304519,0.002349821419401824,0.17567273284494878,0.0025829217880964277,18.0,0.016032064128256508,64,False
env,val,tail_b2.0_mu1.0_c1.0,B,1000,64,5373000,20,1,2000,0.16741056889295577,0.0022106809822068675,0.1649655761420727,0.0024449927508831022,20.0,0.018036072144288578,64,False
env,val,tail_b2.0_mu1.0_c1.0,B,1000,64,5373000,24,1,2000,0.15361043524742127,0.002073195245824231,0.15036759293079377,0.0032428423166275025,24.0,0.02204408817635271,64,False
env,val,tail_b2.0_mu1.0_c1.0,B,1000,64,5373000,28,1,2000,0.14030193150043488,0.001896640233703412,0.13748197641968726,0.002819955080747604,28.0,0.026052104208416835,64,False
env,val,tail_b2.0_mu1.0_c1.0,B,1000,64,5373000,32,1,2000,0.13130501455068588,0.00182781523870714,0.1281370617747307,0.0031679527759552,32.0,0.03006012024048095,64,False
env,val,tail_b2.0_mu1.0_c1.0,B,1000,64,5373000,36,1,2000,0.12392304441332817,0.0017256902962507251,0.12052122494578361,0.0034018194675445555,36.0,0.034068136272545076,64,False
env,val,tail_b2.0_mu1.0_c1.0,B,1000,64,5373000,40,1,2000,0.11752703508734703,0.0016674425218200087,0.11384606164693832,0.0036809734404087066,40.0,0.038076152304609215,64,False
env,val,tail_b2.0_mu1.0_c1.0,B,1000,64,5373000,48,1,2000,0.10660317367315292,0.0015842896043475143,0.10264933103322983,0.003953842639923095,48.0,0.046092184368737486,64,False
env,val,tail_b2.0_mu1.0_c1.0,B,1000,64,5373000,56,1,2000,0.09746540430188179,0.0014950298408846028,0.09333168449997901,0.004133719801902771,56.0,0.054108216432865716,64,False
env,val,tail_b2.0_mu1.0_c1.0,B,1000,64,5373000,64,1,2000,0.0899282605946064,0.0014119410595106446,0.08561289429664612,0.004315366297960282,64.0,0.062124248496993974,64,True
env,val,tail_b8.0_mu1.0_c1.0,B,50,64,5466000,4,1,2000,0.22354827364886296,0.0029079308286960866,0.20119851239118725,0.02234976125767571,4.0,0.04166666666666666,36,False
env,val,tail_b8.0_mu1.0_c1.0,B,50,64,5466000,6,1,2000,0.20117570751497987,0.0028878753409723843,0.16537784501723946,0.035797862497740425,6.0,0.08333333333333331,36,False
env,val,tail_b8.0_mu1.0_c1.0,B,50,64,5466000,8,1,2000,0.19088124905433507,0.0028475000228854633,0.14046559545584023,0.05041565359849483,8.0,0.125,36,False
env,val,tail_b8.0_mu1.0_c1.0,B,50,64,5466000,10,1,2000,0.18794201403169428,0.00283855869904026,0.12249878289550543,0.06544323113618884,10.0,0.16666666666666663,36,False
env,val,tail_b8.0_mu1.0_c1.0,B,50,64,5466000,12,1,2000,0.1843468037926359,0.002859666693755253,0.10754816165566444,0.07679864213697146,12.0,0.20833333333333337,36,False
env,val,tail_b8.0_mu1.0_c1.0,B,50,64,5466000,14,1,2000,0.18090760435943956,0.0028555766566927274,0.0949608436524868,0.08594676070695277,14.0,0.25,36,False
env,val,tail_b8.0_mu1.0_c1.0,B,50,64,5466000,16,1,2000,0.18236248078080824,0.0028762366551910116,0.08408195958659052,0.09828052119421772,16.0,0.2916666666666667,36,False
env,val,tail_b8.0_mu1.0_c1.0,B,50,64,5466000,18,1,2000,0.17980493099289016,0.002851499754579106,0.07602735617756844,0.10377757481532171,18.0,0.33333333333333326,36,False
env,val,tail_b8.0_mu1.0_c1.0,B,50,64,5466000,20,1,2000,0.1797589082592167,0.002862711156359291,0.06810255552828312,0.11165635273093358,20.0,0.375,36,False
env,val,tail_b8.0_mu1.0_c1.0,B,50,64,5466000,24,1,2000,0.18192145639646332,0.002884602620283218,0.05482997731119394,0.12709147908526938,24.0,0.4583333333333332,36,False
env,val,tail_b8.0_mu1.0_c1.0,B,50,64,5466000,28,1,2000,0.1793766239042161,0.00288120769999503,0.04319148096442223,0.1361851429397939,28.0,0.5416666666666667,36,False
env,val,tail_b8.0_mu1.0_c1.0,B,50,64,5466000,32,1,2000,0.17677890465187374,0.002871171821086015,0.0337134602367878,0.14306544441508595,32.0,0.625,36,False
env,val,tail_b8.0_mu1.0_c1.0,B,50,64,5466000,36,1,2000,0.1733772557961056,0.0028386229314278392,0.02440160559117794,0.14897565020492767,36.0,0.7083333333333334,36,True
env,val,tail_b8.0_mu1.0_c1.0,B,50,64,5466000,40,1,2000,0.17476280619483442,0.0028594976619596866,0.016141055949032306,0.1586217502458021,40.0,0.7916666666666665,36,False
env,val,tail_b8.0_mu1.0_c1.0,B,50,64,5466000,48,1,2000,0.20024868011847138,0.00297058223128324,0.0032888999208807944,0.19695978019759058,48.0,0.9583333333333336,36,False
env,val,tail_b8.0_mu1.0_c1.0,B,100,64,5469000,4,1,2000,0.2665308038184885,0.002977144020316305,0.25318060351349414,0.01335020030499436,4.0,0.02040816326530612,36,False
env,val,tail_b8.0_mu1.0_c1.0,B,100,64,5469000,6,1,2000,0.2400250250226818,0.002986118301000368,0.21804696675762533,0.02197805826505646,6.0,0.04081632653061224,36,False
env,val,tail_b8.0_mu1.0_c1.0,B,100,64,5469000,8,1,2000,0.22346203693468122,0.0029588088669693937,0.1928754275739193,0.030586609360761942,8.0,0.06122448979591836,36,False
env,val,tail_b8.0_mu1.0_c1.0,B,100,64,5469000,10,1,2000,0.21135186132602393,0.0029385513484124206,0.17300726415216922,0.03834459717385471,10.0,0.08163265306122448,36,False
env,val,tail_b8.0_mu1.0_c1.0,B,100,64,5469000,12,1,2000,0.20065728231915272,0.002912708872114836,0.15812689274922012,0.042530389569932596,12.0,0.10204081632653059,36,False
env,val,tail_b8.0_mu1.0_c1.0,B,100,64,5469000,14,1,2000,0.19629898629919626,0.0029357007675657756,0.14528741173446177,0.05101157456473447,14.0,0.12244897959183672,36,False
env,val,tail_b8.0_mu1.0_c1.0,B,100,64,5469000,16,1,2000,0.1916763668039348,0.0029061652850191086,0.13393297815322877,0.05774338865070604,16.0,0.1428571428571428,36,False
env,val,tail_b8.0_mu1.0_c1.0,B,100,64,5469000,18,1,2000,0.1872829918509815,0.0029198251554988933,0.12381254149228335,0.06347045035869814,18.0,0.16326530612244897,36,False
env,val,tail_b8.0_mu1.0_c1.0,B,100,64,5469000,20,1,2000,0.18481762602878735,0.0029061401274302454,0.1166372554898262,0.06818037053896114,20.0,0.1836734693877551,36,False
env,val,tail_b8.0_mu1.0_c1.0,B,100,64,5469000,24,1,2000,0.1783244255599566,0.002912211848329103,0.10045124996453524,0.07787317559542134,24.0,0.22448979591836735,36,False
env,val,tail_b8.0_mu1.0_c1.0,B,100,64,5469000,28,1,2000,0.18068167565530166,0.0029285466225445647,0.08981426163762808,0.09086741401767358,28.0,0.2653061224489796,36,False
env,val,tail_b8.0_mu1.0_c1.0,B,100,64,5469000,32,1,2000,0.17971291725162883,0.0029373049504495064,0.07977730230987072,0.09993561494175811,32.0,0.3061224489795918,36,False
env,val,tail_b8.0_mu1.0_c1.0,B,100,64,5469000,36,1,2000,0.177501825451036,0.002907654556116814,0.07072179106622935,0.10678003438480664,36.0,0.34693877551020413,36,True
env,val,tail_b8.0_mu1.0_c1.0,B,100,64,5469000,40,1,2000,0.18079508875368627,0.00292870263300773,0.06391555912047625,0.11687952963321004,40.0,0.38775510204081615,36,False
env,val,tail_b8.0_mu1.0_c1.0,B,100,64,5469000,48,1,2000,0.19146968512423337,0.0030164114650213874,0.050642916083335876,0.1408267690408975,48.0,0.4693877551020407,36,False
env,val,tail_b8.0_mu1.0_c1.0,B,100,64,5469000,56,1,2000,0.18513968441914766,0.002999038961944159,0.03930525956302881,0.14583442485611886,56.0,0.5510204081632653,36,False
env,val,tail_b8.0_mu1.0_c1.0,B,100,64,5469000,64,1,2000,0.18155210494529456,0.002975279221785268,0.03101270542293787,0.15053939952235668,64.0,0.6326530612244898,36,False
env,val,tail_b8.0_mu1.0_c1.0,B,200,64,5472000,4,1,2000,0.3031235320628621,0.002826899224544692,0.2967844092519954,0.006339122810866684,4.0,0.010101010101010102,48,False
env,val,tail_b8.0_mu1.0_c1.0,B,200,64,5472000,6,1,2000,0.2697948524132371,0.0028448145821315003,0.2602449967171997,0.009549855696037411,6.0,0.020202020202020204,48,False
env,val,tail_b8.0_mu1.0_c1.0,B,200,64,5472000,8,1,2000,0.2480103936670348,0.0028277292724708755,0.2343152425698936,0.013695151097141206,8.0,0.03030303030303029,48,False
env,val,tail_b8.0_mu1.0_c1.0,B,200,64,5472000,10,1,2000,0.23387460516113787,0.0027975878033493313,0.2163686249293387,0.017505980231799185,10.0,0.04040404040404041,48,False
env,val,tail_b8.0_mu1.0_c1.0,B,200,64,5472000,12,1,2000,0.22271226901374758,0.002792998347193517,0.20192222010344266,0.020790048910304903,12.0,0.050505050505050504,48,False
env,val,tail_b8.0_mu1.0_c1.0,B,200,64,5472000,14,1,2000,0.21467236630618572,0.0027868391754707024,0.1885383915118873,0.02613397479429841,14.0,0.06060606060606058,48,False
env,val,tail_b8.0_mu1.0_c1.0,B,200,64,5472000,16,1,2000,0.20682437997031958,0.0028617345582656523,0.17589281714335084,0.03093156282696873,16.0,0.07070707070707072,48,False
env,val,tail_b8.0_mu1.0_c1.0,B,200,64,5472000,18,1,2000,0.20374899140093475,0.002844350053000046,0.16751452205330133,0.03623446934763342,18.0,0.08080808080808081,48,False
env,val,tail_b8.0_mu1.0_c1.0,B,200,64,5472000,20,1,2000,0.19943404223956168,0.0028384729409422224,0.15896002373099327,0.0404740185085684,20.0,0.09090909090909091,48,False
env,val,tail_b8.0_mu1.0_c1.0,B,200,64,5472000,24,1,2000,0.19018188731279223,0.0028481083567699268,0.1430514028519392,0.047130484460853043,24.0,0.11111111111111115,48,False
env,val,tail_b8.0_mu1.0_c1.0,B,200,64,5472000,28,1,2000,0.18472700159065425,0.0028205263852845897,0.13159670228511094,0.053130299305543305,28.0,0.1313131313131313,48,False
env,val,tail_b8.0_mu1.0_c1.0,B,200,64,5472000,32,1,2000,0.18006511656567453,0.0028154683974984684,0.12243828119337559,0.05762683537229896,32.0,0.15151515151515152,48,False
env,val,tail_b8.0_mu1.0_c1.0,B,200,64,5472000,36,1,2000,0.17864666109345853,0.0028409118141831616,0.11366257883608341,0.06498408225737512,36.0,0.1717171717171717,48,False
env,val,tail_b8.0_mu1.0_c1.0,B,200,64,5472000,40,1,2000,0.18004308884590864,0.0028818556966606333,0.1059054205045104,0.07413766834139823,40.0,0.1919191919191919,48,False
env,val,tail_b8.0_mu1.0_c1.0,B,200,64,5472000,48,1,2000,0.17538279487751424,0.0028294511328913977,0.09277083395421505,0.0826119609232992,48.0,0.23232323232323226,48,True
env,val,tail_b8.0_mu1.0_c1.0,B,200,64,5472000,56,1,2000,0.18464421257097274,0.0029277005564492076,0.08260625190287828,0.10203796066809445,56.0,0.2727272727272726,48,False
env,val,tail_b8.0_mu1.0_c1.0,B,200,64,5472000,64,1,2000,0.18237264842540027,0.002940940306523523,0.07318657670170069,0.10918607172369957,64.0,0.31313131313131315,48,False
env,val,tail_b8.0_mu1.0_c1.0,B,500,64,5475000,4,1,2000,0.34128160040872174,0.002819421156168082,0.33888137141102925,0.002400228997692466,4.0,0.004016064257028113,64,False
env,val,tail_b8.0_mu1.0_c1.0,B,500,64,5475000,6,1,2000,0.3086288894629106,0.0027734424655695496,0.30496448586694896,0.0036644035959616304,6.0,0.008032128514056226,64,False
env,val,tail_b8.0_mu1.0_c1.0,B,500,64,5475000,8,1,2000,0.2874959692135453,0.002707163181146935,0.28262169676087795,0.004874272452667356,8.0,0.01204819277108434,64,False
env,val,tail_b8.0_mu1.0_c1.0,B,500,64,5475000,10,1,2000,0.2687635582648218,0.0027070555495099565,0.2628828570283949,0.005880701236426831,10.0,0.016064257028112452,64,False
env,val,tail_b8.0_mu1.0_c1.0,B,500,64,5475000,12,1,2000,0.25536700375005605,0.002689452835699792,0.24835671961680056,0.007010284133255482,12.0,0.02008032128514057,64,False
env,val,tail_b8.0_mu1.0_c1.0,B,500,64,5475000,14,1,2000,0.24440977384150028,0.002645548685601682,0.23620064675062896,0.008209127090871335,14.0,0.02409638554216868,64,False
env,val,tail_b8.0_mu1.0_c1.0,B,500,64,5475000,16,1,2000,0.23304884182289243,0.002664709155870814,0.22412093110755085,0.008927910715341568,16.0,0.028112449799196793,64,False
env,val,tail_b8.0_mu1.0_c1.0,B,500,64,5475000,18,1,2000,0.2247769935876131,0.0026453073143875194,0.2145672283694148,0.010209765218198299,18.0,0.032128514056224904,64,False
env,val,tail_b8.0_mu1.0_c1.0,B,500,64,5475000,20,1,2000,0.21833725956827402,0.0026268998496366404,0.20650558014214038,0.011831679426133633,20.0,0.036144578313253004,64,False
env,val,tail_b8.0_mu1.0_c1.0,B,500,64,5475000,24,1,2000,0.2083093978241086,0.0026063847800322725,0.19369101430475713,0.014618383519351482,24.0,0.04417670682730924,64,False
env,val,tail_b8.0_mu1.0_c1.0,B,500,64,5475000,28,1,2000,0.198604635220021,0.0025984438930129984,0.18157942954450845,0.017025205675512554,28.0,0.05220883534136545,64,False
env,val,tail_b8.0_mu1.0_c1.0,B,500,64,5475000,32,1,2000,0.1912399508394301,0.0025803077330604886,0.17148163873702288,0.019758312102407218,32.0,0.06024096385542166,64,False
env,val,tail_b8.0_mu1.0_c1.0,B,500,64,5475000,36,1,2000,0.18620614681020378,0.0025751444407212287,0.16404171066731216,0.022164436142891646,36.0,0.0682730923694779,64,False
env,val,tail_b8.0_mu1.0_c1.0,B,500,64,5475000,40,1,2000,0.18084224500134588,0.00259805684237801,0.15504729864001274,0.025794946361333133,40.0,0.07630522088353416,64,False
env,val,tail_b8.0_mu1.0_c1.0,B,500,64,5475000,48,1,2000,0.17300684209540487,0.002552762481731503,0.14198008781671523,0.031026754278689624,48.0,0.09236947791164661,64,False
env,val,tail_b8.0_mu1.0_c1.0,B,500,64,5475000,56,1,2000,0.16803090393543244,0.002557662183617176,0.1318863986879587,0.036144505247473716,56.0,0.10843373493975904,64,False
env,val,tail_b8.0_mu1.0_c1.0,B,500,64,5475000,64,1,2000,0.16568056083470584,0.002583019986299031,0.12275035612285137,0.04293020471185446,64.0,0.12449799196787148,64,True
env,val,tail_b8.0_mu1.0_c1.0,B,1000,64,5478000,4,1,2000,0.3774583740243688,0.0026724199436436694,0.3763100562086329,0.001148317815735936,4.0,0.0020040080160320635,64,False
env,val,tail_b8.0_mu1.0_c1.0,B,1000,64,5478000,6,1,2000,0.3454004361946136,0.002633988538787343,0.3437691464815289,0.0016312897130846978,6.0,0.004008016032064127,64,False
env,val,tail_b8.0_mu1.0_c1.0,B,1000,64,5478000,8,1,2000,0.32425204300135374,0.002580107548632,0.3218818380497396,0.0023702049516141415,8.0,0.006012024048096194,64,False
env,val,tail_b8.0_mu1.0_c1.0,B,1000,64,5478000,10,1,2000,0.30641156527772545,0.0025630802385259205,0.3036061008349061,0.002805464442819357,10.0,0.008016032064128254,64,False
env,val,tail_b8.0_mu1.0_c1.0,B,1000,64,5478000,12,1,2000,0.29235265186056497,0.0025297484831303747,0.28890363512560724,0.003449016734957695,12.0,0.01002004008016032,64,False
env,val,tail_b8.0_mu1.0_c1.0,B,1000,64,5478000,14,1,2000,0.28092162355408073,0.0025040910077166927,0.2770817496851087,0.003839873868972063,14.0,0.012024048096192388,64,False
env,val,tail_b8.0_mu1.0_c1.0,B,1000,64,5478000,16,1,2000,0.2689322187155485,0.002449320442487353,0.2651636917963624,0.003768526919186115,16.0,0.014028056112224454,64,False
env,val,tail_b8.0_mu1.0_c1.0,B,1000,64,5478000,18,1,2000,0.26047418254613874,0.002456831607197581,0.25606525348871945,0.0044089290574193,18.0,0.016032064128256508,64,False
env,val,tail_b8.0_mu1.0_c1.0,B,1000,64,5478000,20,1,2000,0.2541817130893469,0.0024512390514217007,0.2488821791857481,0.005299533903598786,20.0,0.018036072144288578,64,False
env,val,tail_b8.0_mu1.0_c1.0,B,1000,64,5478000,24,1,2000,0.24212849580869078,0.0024050289597542175,0.2357580232024193,0.0063704726062715055,24.0,0.02204408817635271,64,False
env,val,tail_b8.0_mu1.0_c1.0,B,1000,64,5478000,28,1,2000,0.2311779102832079,0.0023619393568137734,0.22407031375169753,0.007107596531510353,28.0,0.026052104208416835,64,False
env,val,tail_b8.0_mu1.0_c1.0,B,1000,64,5478000,32,1,2000,0.22162210696190596,0.0023408720411081836,0.21410803040117024,0.007514076560735702,32.0,0.03006012024048095,64,False
env,val,tail_b8.0_mu1.0_c1.0,B,1000,64,5478000,36,1,2000,0.2147161101847887,0.002361433087709366,0.2054139409214258,0.009302169263362884,36.0,0.034068136272545076,64,False
env,val,tail_b8.0_mu1.0_c1.0,B,1000,64,5478000,40,1,2000,0.2085723294839263,0.0023301513816510635,0.19857893707603216,0.009993392407894135,40.0,0.038076152304609215,64,False
env,val,tail_b8.0_mu1.0_c1.0,B,1000,64,5478000,48,1,2000,0.19741277288645506,0.002320385865905817,0.18509143278747797,0.012321340098977089,48.0,0.046092184368737486,64,False
env,val,tail_b8.0_mu1.0_c1.0,B,1000,64,5478000,56,1,2000,0.1867907834649086,0.0023178461881173474,0.1726788557842374,0.014111927680671215,56.0,0.054108216432865716,64,False
env,val,tail_b8.0_mu1.0_c1.0,B,1000,64,5478000,64,1,2000,0.17953788867592813,0.002321178183251669,0.16406060023605823,0.01547728843986988,64.0,0.062124248496993974,64,True
pooled,val,all,all,50,64,-1,4,8,16000,0.19699088627823957,0.0011210707231560982,0.1742436528801045,0.022747233398135107,4.0,0.04166666666666666,24,False
pooled,val,all,all,50,64,-1,6,8,16000,0.1690860597849869,0.0010486100081438631,0.13541735425335355,0.03366870553163335,6.0,0.08333333333333331,24,False
pooled,val,all,all,50,64,-1,8,8,16000,0.1549121943802484,0.001015510239850198,0.11180938128521666,0.04310281309503171,8.0,0.125,24,False
pooled,val,all,all,50,64,-1,10,8,16000,0.14676856177358788,0.000988113866455337,0.09468568431050517,0.0520828774630827,10.0,0.16666666666666663,24,False
pooled,val,all,all,50,64,-1,12,8,16000,0.14065323457637352,0.0009729127250458128,0.08125004175305367,0.059403192823319836,12.0,0.20833333333333337,24,False
pooled,val,all,all,50,64,-1,14,8,16000,0.13835715022850126,0.0009717856376292456,0.07090788633702322,0.06744926389147804,14.0,0.25,24,False
pooled,val,all,all,50,64,-1,16,8,16000,0.13678358260098683,0.0009680488434812248,0.061715025872457765,0.07506855672852908,16.0,0.2916666666666667,24,False
pooled,val,all,all,50,64,-1,18,8,16000,0.13496499078537819,0.0009690435776471356,0.05462754771905019,0.08033744306632798,18.0,0.33333333333333326,24,False
pooled,val,all,all,50,64,-1,20,8,16000,0.13507658769249611,0.0009649219346551965,0.04821698877774179,0.08685959891475431,20.0,0.375,24,False
pooled,val,all,all,50,64,-1,24,8,16000,0.13494356338205032,0.0009593182455447691,0.037328505997546016,0.09761505738450432,24.0,0.4583333333333332,24,True
pooled,val,all,all,50,64,-1,28,8,16000,0.1366464434883819,0.0009681901654833582,0.02931566269043833,0.10733078079794359,28.0,0.5416666666666667,24,False
pooled,val,all,all,50,64,-1,32,8,16000,0.1399888836975151,0.0009795674837382942,0.021782832560129466,0.11820605113738564,32.0,0.625,24,False
pooled,val,all,all,50,64,-1,36,8,16000,0.14410817770192808,0.0009947394952069684,0.01565248986706138,0.12845568783486672,36.0,0.7083333333333334,24,False
pooled,val,all,all,50,64,-1,40,8,16000,0.15457015954226516,0.0010428720938531486,0.01047782928030938,0.14409233026195578,40.0,0.7916666666666665,24,False
pooled,val,all,all,50,64,-1,48,8,16000,0.20983234176817678,0.0012381176054539805,0.0019875698145478964,0.20784477195362888,48.0,0.9583333333333336,24,False
pooled,val,all,all,100,64,-1,4,8,16000,0.2191674182250195,0.0010908734531143752,0.2060463982280344,0.013121019996985107,4.0,0.02040816326530612,36,False
pooled,val,all,all,100,64,-1,6,8,16000,0.18616984414474064,0.001005607287159577,0.16699871671642177,0.01917112742831887,6.0,0.04081632653061224,36,False
pooled,val,all,all,100,64,-1,8,8,16000,0.16712226154770177,0.0009643375554200397,0.1420410538332071,0.025081207714494666,8.0,0.06122448979591836,36,False
pooled,val,all,all,100,64,-1,10,8,16000,0.15393106110427474,0.000936612487903114,0.12392861985508354,0.03000244124919118,10.0,0.08163265306122448,36,False
pooled,val,all,all,100,64,-1,12,8,16000,0.1450165565618663,0.0009146644861741804,0.11093042127648368,0.034086135285382624,12.0,0.10204081632653059,36,False
pooled,val,all,all,100,64,-1,14,8,16000,0.1395468301739311,0.0009056977952902462,0.10070408679451794,0.03884274337941315,14.0,0.12244897959183672,36,False
pooled,val,all,all,100,64,-1,16,8,16000,0.13460143035839428,0.0008950744165462819,0.09152848463039845,0.04307294572799583,16.0,0.1428571428571428,36,False
pooled,val,all,all,100,64,-1,18,8,16000,0.1310190109962132,0.000884704194678869,0.08429800957255065,0.04672100142366253,18.0,0.16326530612244897,36,False
pooled,val,all,all,100,64,-1,20,8,16000,0.12808520112466068,0.0008776398395214928,0.0777503844955936,0.05033481662906706,20.0,0.1836734693877551,36,False
pooled,val,all,all,100,64,-1,24,8,16000,0.12347132963041077,0.0008695043919904645,0.06670995550695807,0.056761374123452696,24.0,0.22448979591836735,36,False
pooled,val,all,all,100,64,-1,28,8,16000,0.12192477230197982,0.000867047382817678,0.058214421588927506,0.06371035071305231,28.0,0.2653061224489796,36,False
pooled,val,all,all,100,64,-1,32,8,16000,0.12090593283665658,0.0008629497112237423,0.05128651114646345,0.06961942169019311,32.0,0.3061224489795918,36,False
pooled,val,all,all,100,64,-1,36,8,16000,0.12032302725275804,0.0008624698936575187,0.04532883230317385,0.0749941949495842,36.0,0.34693877551020413,36,True
pooled,val,all,all,100,64,-1,40,8,16000,0.12158489855112567,0.0008696571274117151,0.03992278801091015,0.0816621105402155,40.0,0.38775510204081615,36,False
pooled,val,all,all,100,64,-1,48,8,16000,0.1253382270077127,0.000890290279484477,0.030983793517574666,0.09435443349013803,48.0,0.4693877551020407,36,False
pooled,val,all,all,100,64,-1,56,8,16000,0.1252744546752656,0.0008879801383035008,0.024135069608688355,0.10113938506657724,56.0,0.5510204081632653,36,False
pooled,val,all,all,100,64,-1,64,8,16000,0.1292153891287744,0.0009033515622924979,0.018465658197179435,0.11074973093159496,64.0,0.6326530612244898,36,False
pooled,val,all,all,200,64,-1,4,8,16000,0.23627393509684133,0.001060978228347346,0.22970445623405975,0.00656947886278158,4.0,0.010101010101010102,64,False
pooled,val,all,all,200,64,-1,6,8,16000,0.20110321663235664,0.0009667015294301894,0.1915559173108777,0.00954729932147893,6.0,0.020202020202020204,64,False
pooled,val,all,all,200,64,-1,8,8,16000,0.17890662160608917,0.0009198588548841995,0.16674079086538404,0.012165830740705132,8.0,0.03030303030303029,64,False
pooled,val,all,all,200,64,-1,10,8,16000,0.16412899751745863,0.000890599375666303,0.14899128048447893,0.01513771703297971,10.0,0.04040404040404041,64,False
pooled,val,all,all,200,64,-1,12,8,16000,0.15351656428433488,0.0008657041582489501,0.1361946773347445,0.017321886949590408,12.0,0.050505050505050504,64,False
pooled,val,all,all,200,64,-1,14,8,16000,0.14464617122022902,0.0008409752391369132,0.1251649767253548,0.01948119449487422,14.0,0.06060606060606058,64,False
pooled,val,all,all,200,64,-1,16,8,16000,0.13787316441431174,0.0008323277946563689,0.11565118962386622,0.02222197479044553,16.0,0.07070707070707072,64,False
pooled,val,all,all,200,64,-1,18,8,16000,0.1336229192034807,0.000823574736986806,0.10856228472013027,0.02506063448335044,18.0,0.08080808080808081,64,False
pooled,val,all,all,200,64,-1,20,8,16000,0.1293795286625391,0.0008130654093298026,0.10220405574981123,0.027175472912727858,20.0,0.09090909090909091,64,False
pooled,val,all,all,200,64,-1,24,8,16000,0.12288041329593397,0.0008050927795988008,0.09149434301210568,0.0313860702838283,24.0,0.11111111111111115,64,False
pooled,val,all,all,200,64,-1,28,8,16000,0.11812705914769323,0.0007989243683263272,0.08293537402013315,0.03519168512756005,28.0,0.1313131313131313,64,False
pooled,val,all,all,200,64,-1,32,8,16000,0.11443008145142813,0.0007930692328909771,0.07583151015127076,0.03859857130015734,32.0,0.15151515151515152,64,False
pooled,val,all,all,200,64,-1,36,8,16000,0.11232893453317229,0.0007830999848157375,0.06999927489552647,0.04232965963764582,36.0,0.1717171717171717,64,False
pooled,val,all,all,200,64,-1,40,8,16000,0.11167352714005394,0.0007860905276218113,0.06497084138263018,0.04670268575742374,40.0,0.1919191919191919,64,False
pooled,val,all,all,200,64,-1,48,8,16000,0.10931570728763472,0.000779256176654248,0.056169156002812096,0.053146551284822645,48.0,0.23232323232323226,64,False
pooled,val,all,all,200,64,-1,56,8,16000,0.10983477730222513,0.0007822398935569293,0.049124306704849005,0.060710470597376116,56.0,0.2727272727272726,64,False
pooled,val,all,all,200,64,-1,64,8,16000,0.10852587283146567,0.0007750279678065588,0.04317161398101598,0.0653542588504497,64.0,0.31313131313131315,64,True
pooled,val,all,all,500,64,-1,4,8,16000,0.25682265129928805,0.0010237934577003247,0.2542473020153411,0.0025753492839469343,4.0,0.004016064257028113,64,False
pooled,val,all,all,500,64,-1,6,8,16000,0.2198685761834786,0.0009257128022982795,0.21618772723025176,0.003680848953226814,6.0,0.008032128514056226,64,False
pooled,val,all,all,500,64,-1,8,8,16000,0.19706713473889975,0.0008705826397984161,0.19245739512192084,0.004609739616978914,8.0,0.01204819277108434,64,False
pooled,val,all,all,500,64,-1,10,8,16000,0.17955888442369178,0.0008364594274750829,0.17397674267273394,0.005582141750957817,10.0,0.016064257028112452,64,False
pooled,val,all,all,500,64,-1,12,8,16000,0.16731480731605552,0.0008094490328235498,0.16081456092069857,0.006500246395356953,12.0,0.02008032128514057,64,False
pooled,val,all,all,500,64,-1,14,8,16000,0.15709589943569155,0.0007817974721412926,0.1498046868920792,0.007291212543612346,14.0,0.02409638554216868,64,False
pooled,val,all,all,500,64,-1,16,8,16000,0.14911641318001784,0.0007658220928064835,0.14107781792571766,0.008038595254300162,16.0,0.028112449799196793,64,False
pooled,val,all,all,500,64,-1,18,8,16000,0.142612866526586,0.0007520886588554259,0.13374795099906622,0.008864915527519772,18.0,0.032128514056224904,64,False
pooled,val,all,all,500,64,-1,20,8,16000,0.13686027561686934,0.0007346448277402506,0.127359925519675,0.009500350097194313,20.0,0.036144578313253004,64,False
pooled,val,all,all,500,64,-1,24,8,16000,0.12818566148960964,0.000712607040212896,0.11684851579740643,0.011337145692203194,24.0,0.04417670682730924,64,False
pooled,val,all,all,500,64,-1,28,8,16000,0.12086792662087828,0.0006992293648145291,0.10795488149765879,0.01291304512321949,28.0,0.05220883534136545,64,False
pooled,val,all,all,500,64,-1,32,8,16000,0.11487843112042175,0.0006836446237415364,0.10075696699973197,0.014121464120689778,32.0,0.06024096385542166,64,False
pooled,val,all,all,500,64,-1,36,8,16000,0.11056146753532811,0.0006768869226547507,0.09479845775384456,0.01576300978148356,36.0,0.0682730923694779,64,False
pooled,val,all,all,500,64,-1,40,8,16000,0.10692951680894475,0.0006726189632799414,0.0894356562802568,0.017493860528687948,40.0,0.07630522088353416,64,False
pooled,val,all,all,500,64,-1,48,8,16000,0.10134632964571938,0.0006589209844873102,0.08068931917753071,0.020657010468188672,48.0,0.09236947791164661,64,False
pooled,val,all,all,500,64,-1,56,8,16000,0.09693356248177588,0.000647883671705169,0.0739986125761643,0.022934949905611575,56.0,0.10843373493975904,64,False
pooled,val,all,all,500,64,-1,64,8,16000,0.09444750538282096,0.0006444148054091435,0.06801307326555252,0.026434432117268442,64.0,0.12449799196787148,64,True
pooled,val,all,all,1000,64,-1,4,8,16000,0.2743580799910996,0.0010148043080140715,0.2730071473743301,0.001350932616769569,4.0,0.0020040080160320635,64,False
pooled,val,all,all,1000,64,-1,6,8,16000,0.2356716691548354,0.0009147651429606804,0.23373454172420316,0.0019371274306322446,6.0,0.004008016032064127,64,False
pooled,val,all,all,1000,64,-1,8,8,16000,0.2119891844978556,0.00085788319023828,0.2096629212812986,0.002326263216556981,8.0,0.006012024048096194,64,False
pooled,val,all,all,1000,64,-1,10,8,16000,0.1950248372135684,0.0008207412023518519,0.19221079801162705,0.002814039201941341,10.0,0.008016032064128254,64,False
pooled,val,all,all,1000,64,-1,12,8,16000,0.18236420219717547,0.0007865475570231054,0.17922114053182303,0.0031430616653524337,12.0,0.01002004008016032,64,False
pooled,val,all,all,1000,64,-1,14,8,16000,0.171790900177788,0.0007542620546515825,0.16826268443325534,0.0035282157445326446,14.0,0.012024048096192388,64,False
pooled,val,all,all,1000,64,-1,16,8,16000,0.1630518357856199,0.0007314093296190007,0.15924734048731626,0.0038044952983036636,16.0,0.014028056112224454,64,False
pooled,val,all,all,1000,64,-1,18,8,16000,0.15613071695482358,0.0007134398515901912,0.15201426037587223,0.004116456578951329,18.0,0.016032064128256508,64,False
pooled,val,all,all,1000,64,-1,20,8,16000,0.15019366645673288,0.0006991429033775295,0.14557742473343388,0.004616241723299027,20.0,0.018036072144288578,64,False
pooled,val,all,all,1000,64,-1,24,8,16000,0.1401325399465859,0.0006795199873139974,0.1348952310020104,0.0052373089445754886,24.0,0.02204408817635271,64,False
pooled,val,all,all,1000,64,-1,28,8,16000,0.1322409818507731,0.0006561079517760507,0.12636938415654003,0.00587159769423306,28.0,0.026052104208416835,64,False
pooled,val,all,all,1000,64,-1,32,8,16000,0.1257559400573373,0.0006424186474414646,0.11945390583574772,0.006302034221589566,32.0,0.03006012024048095,64,False
pooled,val,all,all,1000,64,-1,36,8,16000,0.12065076990658417,0.0006325369660559221,0.11365352083928884,0.006997249067295343,36.0,0.034068136272545076,64,False
pooled,val,all,all,1000,64,-1,40,8,16000,0.11618196394573897,0.0006218774974534971,0.108546348256059,0.00763561568967998,40.0,0.038076152304609215,64,False
pooled,val,all,all,1000,64,-1,48,8,16000,0.10876548563875259,0.0006051406728054958,0.09989325281325728,0.008872232825495301,48.0,0.046092184368737486,64,False
pooled,val,all,all,1000,64,-1,56,8,16000,0.10259868698846548,0.0005935208059021714,0.09270279471203685,0.00989589227642864,56.0,0.054108216432865716,64,False
pooled,val,all,all,1000,64,-1,64,8,16000,0.09829563074931502,0.0005866254669771636,0.08706703331787138,0.01122859743144363,64.0,0.062124248496993974,64,True
