level,split,env_id,family,horizon,cap,base_seed,K,n_envs,n_episodes,regret,regret_se,regret_disc,regret_sel,k_final,search_frac,k_star,is_argmin
env,tune,beta_good_common,A,50,50,1002000,2,1,500,0.17522654390335082,0.005387968493551137,0.1614371090531349,0.013789434850215911,2.0,0.0,12,False
env,tune,beta_good_common,A,50,50,1002000,4,1,500,0.12243849962949753,0.004449222144757964,0.09825604617595672,0.0241824534535408,4.0,0.04166666666666666,12,False
env,tune,beta_good_common,A,50,50,1002000,8,1,500,0.09969270730018616,0.0038938602177424064,0.05826325106620789,0.04142945623397827,8.0,0.125,12,False
env,tune,beta_good_common,A,50,50,1002000,12,1,500,0.0897902455329895,0.0036575977561486756,0.03900453662872314,0.050785708904266355,12.0,0.20833333333333334,12,True
env,tune,beta_good_common,A,50,50,1002000,16,1,500,0.09510664713382722,0.0038927463353589046,0.027669660687446595,0.06743698644638062,16.0,0.2916666666666667,12,False
env,tune,beta_good_common,A,50,50,1002000,24,1,500,0.10937720167636872,0.00413068608412529,0.016305076599121095,0.09307212507724762,24.0,0.45833333333333326,12,False
env,tune,beta_good_common,A,50,50,1002000,32,1,500,0.12159323525428772,0.004365523593387541,0.008900303125381469,0.11269293212890626,32.0,0.625,12,False
env,tune,beta_good_common,A,50,50,1002000,48,1,500,0.1998090989291668,0.006309225744992325,0.0008675882816314697,0.19894151064753532,48.0,0.9583333333333335,12,False
env,tune,beta_good_common,A,100,100,1005000,2,1,500,0.18142687726020812,0.00539360401667921,0.17515542930364608,0.0062714479565620426,2.0,0.0,24,False
env,tune,beta_good_common,A,100,100,1005000,4,1,500,0.11804356819391251,0.0038308528915180417,0.10686392903327942,0.011179639160633087,4.0,0.02040816326530612,24,False
env,tune,beta_good_common,A,100,100,1005000,8,1,500,0.09040726232528687,0.003097232031307272,0.06703035008907318,0.023376912236213684,8.0,0.06122448979591836,24,False
env,tune,beta_good_common,A,100,100,1005000,12,1,500,0.07663916110992432,0.002774664798838645,0.050050888895988466,0.02658827221393585,12.0,0.1020408163265306,24,False
env,tune,beta_good_common,A,100,100,1005000,16,1,500,0.07526225042343139,0.0027371503833096113,0.041496760487556454,0.033765489935874936,16.0,0.1428571428571428,24,False
env,tune,beta_good_common,A,100,100,1005000,24,1,500,0.07346338427066804,0.002915856638133534,0.02778947377204895,0.04567391049861908,24.0,0.22448979591836735,24,True
env,tune,beta_good_common,A,100,100,1005000,32,1,500,0.07692121136188507,0.0032000085611031117,0.020359817028045655,0.056561394333839415,32.0,0.3061224489795919,24,False
env,tune,beta_good_common,A,100,100,1005000,48,1,500,0.0918225571513176,0.0034952279238267734,0.012468887209892273,0.07935366994142533,48.0,0.4693877551020407,24,False
env,tune,beta_good_common,A,100,100,1005000,64,1,500,0.09903815054893493,0.0035012039035383336,0.0072461899518966675,0.09179196059703827,64.0,0.6326530612244898,24,False
env,tune,beta_good_common,A,100,100,1005000,96,1,500,0.1846955835223198,0.005438969475296543,0.00039498710632324217,0.18430059641599655,96.0,0.959183673469388,24,False
env,tune,beta_good_common,A,200,200,1008000,2,1,500,0.18911779695749284,0.005293091287439041,0.18670763158798218,0.0024101653695106505,2.0,0.0,32,False
env,tune,beta_good_common,A,200,200,1008000,4,1,500,0.12523723769187928,0.0037922287827084154,0.11786699163913726,0.007370246052742005,4.0,0.0101010101010101,32,False
env,tune,beta_good_common,A,200,200,1008000,8,1,500,0.08756268870830536,0.0027334045573908184,0.07630442953109741,0.011258259177207948,8.0,0.030303030303030293,32,False
env,tune,beta_good_common,A,200,200,1008000,12,1,500,0.07301216733455658,0.002533447290616471,0.05694407021999359,0.016068097114562988,12.0,0.050505050505050504,32,False
env,tune,beta_good_common,A,200,200,1008000,16,1,500,0.06839746630191804,0.0025216258816093164,0.048228327035903934,0.0201691392660141,16.0,0.07070707070707072,32,False
env,tune,beta_good_common,A,200,200,1008000,24,1,500,0.05608552956581116,0.002157301023082395,0.03425314235687256,0.021832387208938597,24.0,0.11111111111111115,32,False
env,tune,beta_good_common,A,200,200,1008000,32,1,500,0.05363381516933441,0.0020716768215175885,0.02677356457710266,0.026860250592231752,32.0,0.15151515151515152,32,True
env,tune,beta_good_common,A,200,200,1008000,48,1,500,0.054932902097702026,0.002107579795488694,0.018390444159507753,0.03654245793819427,48.0,0.23232323232323226,32,False
env,tune,beta_good_common,A,200,200,1008000,64,1,500,0.059591980338096616,0.002510920738850434,0.01387704050540924,0.04571493983268738,64.0,0.31313131313131315,32,False
env,tune,beta_good_common,A,200,200,1008000,96,1,500,0.0653051495552063,0.0025941838621331157,0.007450541496276855,0.057854608058929446,96.0,0.4747474747474748,32,False
env,tune,beta_good_common,A,200,200,1008000,128,1,500,0.07787395489215851,0.003152591968332931,0.004769461393356323,0.07310449349880219,128.0,0.6363636363636365,32,False
env,tune,beta_good_common,A,200,200,1008000,192,1,500,0.16815217638015748,0.005078185886574477,0.0004848330020904541,0.16766734337806702,192.0,0.9595959595959597,32,False
env,tune,beta_good_common,A,500,500,1011000,2,1,500,0.18838122403621674,0.004986947948903217,0.18742164945602416,0.0009595745801925659,2.0,0.0,64,False
env,tune,beta_good_common,A,500,500,1011000,4,1,500,0.12211332190036774,0.00336301144701061,0.12015319883823394,0.0019601230621337892,4.0,0.004016064257028113,64,False
env,tune,beta_good_common,A,500,500,1011000,8,1,500,0.08059147763252258,0.002370695801323802,0.07707108473777771,0.003520392894744873,8.0,0.01204819277108434,64,False
env,tune,beta_good_common,A,500,500,1011000,12,1,500,0.06652356278896332,0.0019905938063952324,0.06068265390396118,0.005840908885002136,12.0,0.020080321285140566,64,False
env,tune,beta_good_common,A,500,500,1011000,16,1,500,0.05709262359142304,0.0017908617944306278,0.05061254036426544,0.006480083227157592,16.0,0.02811244979919679,64,False
env,tune,beta_good_common,A,500,500,1011000,24,1,500,0.047691719889640806,0.0016575979854916757,0.03937015378475189,0.008321566104888916,24.0,0.04417670682730924,64,False
env,tune,beta_good_common,A,500,500,1011000,32,1,500,0.04441706025600433,0.0015239486328535703,0.033275760412216186,0.011141299843788147,32.0,0.060240963855421666,64,False
env,tune,beta_good_common,A,500,500,1011000,48,1,500,0.03926504826545715,0.0015601632125031247,0.02459293532371521,0.014672112941741944,48.0,0.09236947791164661,64,False
env,tune,beta_good_common,A,500,500,1011000,64,1,500,0.036871535658836364,0.0015380443230540684,0.019823746085166932,0.017047789573669432,64.0,0.12449799196787148,64,True
env,tune,beta_good_common,A,500,500,1011000,96,1,500,0.03762495183944702,0.0015089509915379305,0.013592492341995239,0.024032459497451784,96.0,0.1887550200803213,64,False
env,tune,beta_good_common,A,500,500,1011000,128,1,500,0.04006060087680817,0.0017832144977095793,0.010754426836967469,0.029306174039840698,128.0,0.25301204819277107,64,False
env,tune,beta_good_common,A,500,500,1011000,192,1,500,0.043789565563201904,0.0019142432784375939,0.007019247531890869,0.03677031803131103,192.0,0.38152610441767076,64,False
env,tune,beta_good_common,A,500,500,1011000,256,1,500,0.04724463939666748,0.0018758167500745576,0.004663422584533692,0.04258121681213379,256.0,0.5100401606425703,64,False
env,tune,beta_good_common,A,500,500,1011000,400,1,500,0.0738778544664383,0.0026505780754029146,0.0013994460105895997,0.0724784084558487,400.0,0.7991967871485943,64,False
env,tune,beta_good_common,A,1000,1000,1014000,2,1,500,0.18842448157072067,0.005060204273563126,0.1878157949447632,0.000608686625957489,2.0,0.0,128,False
env,tune,beta_good_common,A,1000,1000,1014000,4,1,500,0.130401465177536,0.0034814703865472074,0.12893413066864012,0.001467334508895874,4.0,0.0020040080160320635,128,False
env,tune,beta_good_common,A,1000,1000,1014000,8,1,500,0.08728310525417328,0.002413086935847675,0.08506169724464417,0.002221408009529114,8.0,0.006012024048096194,128,False
env,tune,beta_good_common,A,1000,1000,1014000,12,1,500,0.06689802527427674,0.001912724876468125,0.06420689797401428,0.0026911273002624514,12.0,0.010020040080160319,128,False
env,tune,beta_good_common,A,1000,1000,1014000,16,1,500,0.05924076271057129,0.0016668534524938749,0.05579180359840393,0.0034489591121673584,16.0,0.014028056112224454,128,False
env,tune,beta_good_common,A,1000,1000,1014000,24,1,500,0.04653020513057709,0.001439938880529368,0.042953222274780274,0.003576982855796814,24.0,0.02204408817635271,128,False
env,tune,beta_good_common,A,1000,1000,1014000,32,1,500,0.03924330937862396,0.0012494993613112837,0.035293381929397585,0.003949927449226379,32.0,0.030060120240480957,128,False
env,tune,beta_good_common,A,1000,1000,1014000,48,1,500,0.03121227741241455,0.0010008929702132177,0.026804781436920166,0.004407495975494385,48.0,0.04609218436873748,128,False
env,tune,beta_good_common,A,1000,1000,1014000,64,1,500,0.028411630272865297,0.000961636293971445,0.022499922990798952,0.0059117072820663455,64.0,0.062124248496993974,128,False
env,tune,beta_good_common,A,1000,1000,1014000,96,1,500,0.02541495907306671,0.0009450262006611183,0.017372458696365358,0.008042500376701355,96.0,0.09418837675350701,128,False
env,tune,beta_good_common,A,1000,1000,1014000,128,1,500,0.0239764484167099,0.0009620888512412364,0.013491125226020813,0.010485323190689087,128.0,0.12625250501002006,128,True
env,tune,beta_good_common,A,1000,1000,1014000,192,1,500,0.024509748697280884,0.0010490251915115892,0.00957406747341156,0.014935681223869323,192.0,0.19038076152304614,128,False
env,tune,beta_good_common,A,1000,1000,1014000,256,1,500,0.02719262158870697,0.0011360664507816933,0.007723386764526367,0.019469234824180604,256.0,0.2545090180360722,128,False
env,tune,beta_good_common,A,1000,1000,1014000,400,1,500,0.030773975253105164,0.0012859561489656016,0.004440866589546203,0.02633310866355896,400.0,0.39879759519038066,128,False
env,tune,beta_moderately_rare,A,50,50,1017000,2,1,500,0.32514208897948266,0.007726120053835514,0.3165445706099272,0.008597518369555473,2.0,0.0,24,False
env,tune,beta_moderately_rare,A,50,50,1017000,4,1,500,0.25358435115218164,0.007324486799400591,0.23036846962571145,0.023215881526470184,4.0,0.04166666666666666,24,False
env,tune,beta_moderately_rare,A,50,50,1017000,8,1,500,0.20616951382160187,0.006696039888888008,0.1548483906686306,0.05132112315297127,8.0,0.125,24,False
env,tune,beta_moderately_rare,A,50,50,1017000,12,1,500,0.19565482541918755,0.0067362282106096585,0.11277252638339996,0.08288229903578759,12.0,0.20833333333333334,24,False
env,tune,beta_moderately_rare,A,50,50,1017000,16,1,500,0.1902922900766134,0.006595317339576647,0.0914523320198059,0.09883995805680752,16.0,0.2916666666666667,24,False
env,tune,beta_moderately_rare,A,50,50,1017000,24,1,500,0.18080117501318455,0.006670166292587611,0.05686252349615097,0.12393865151703358,24.0,0.45833333333333326,24,True
env,tune,beta_moderately_rare,A,50,50,1017000,32,1,500,0.18423960404098033,0.006448033995993224,0.035414688348770144,0.1488249156922102,32.0,0.625,24,False
env,tune,beta_moderately_rare,A,50,50,1017000,48,1,500,0.27771380450576544,0.007695529681879894,0.0032646063566207886,0.27444919814914465,48.0,0.9583333333333335,24,False
env,tune,beta_moderately_rare,A,100,100,1020000,2,1,500,0.36201687629520896,0.006886629709077239,0.35700480826199055,0.0050120680332183835,2.0,0.0,48,False
env,tune,beta_moderately_rare,A,100,100,1020000,4,1,500,0.2833378698527813,0.006660003138199447,0.2685529929697514,0.014784876883029938,4.0,0.02040816326530612,48,False
env,tune,beta_moderately_rare,A,100,100,1020000,8,1,500,0.22444642648100854,0.0061558690572786475,0.19018710017204285,0.034259326308965686,8.0,0.06122448979591836,48,False
env,tune,beta_moderately_rare,A,100,100,1020000,12,1,500,0.20050505822896958,0.006109397171744022,0.15317896324396132,0.04732609498500824,12.0,0.1020408163265306,48,False
env,tune,beta_moderately_rare,A,100,100,1020000,16,1,500,0.18261336416006088,0.005869641692202163,0.12827293676137924,0.05434042739868164,16.0,0.1428571428571428,48,False
env,tune,beta_moderately_rare,A,100,100,1020000,24,1,500,0.17337017339468003,0.006072601992995458,0.09411948186159134,0.07925069153308868,24.0,0.22448979591836735,48,False
env,tune,beta_moderately_rare,A,100,100,1020000,32,1,500,0.1733107759654522,0.0062591373971401425,0.07345504707098008,0.09985572889447213,32.0,0.3061224489795919,48,False
env,tune,beta_moderately_rare,A,100,100,1020000,48,1,500,0.1636396899521351,0.0059364258374991815,0.044306594729423526,0.11933309522271156,48.0,0.4693877551020407,48,True
env,tune,beta_moderately_rare,A,100,100,1020000,64,1,500,0.1823024027943611,0.006303840791472243,0.02861609065532684,0.15368631213903428,64.0,0.6326530612244898,48,False
env,tune,beta_moderately_rare,A,100,100,1020000,96,1,500,0.29527890373766424,0.007248913370879211,0.002072602987289429,0.2932063007503748,96.0,0.959183673469388,48,False
env,tune,beta_moderately_rare,A,200,200,1023000,2,1,500,0.39528361785411836,0.007275652921946961,0.39207311211526397,0.0032105057388544084,2.0,0.0,96,False
env,tune,beta_moderately_rare,A,200,200,1023000,4,1,500,0.32194661036878824,0.00645358541036123,0.3136871231943369,0.00825948717445135,4.0,0.0101010101010101,96,False
env,tune,beta_moderately_rare,A,200,200,1023000,8,1,500,0.24908664399385452,0.005749209455120215,0.23517373543977738,0.013912908554077149,8.0,0.030303030303030293,96,False
env,tune,beta_moderately_rare,A,200,200,1023000,12,1,500,0.21676312321424485,0.005788918485878539,0.19310166174173354,0.023661461472511292,12.0,0.050505050505050504,96,False
env,tune,beta_moderately_rare,A,200,200,1023000,16,1,500,0.18856086361408234,0.005639973563727958,0.16096456456184388,0.027596299052238465,16.0,0.07070707070707072,96,False
env,tune,beta_moderately_rare,A,200,200,1023000,24,1,500,0.16684182077646256,0.00526919619108394,0.13363450306653976,0.03320731770992279,24.0,0.11111111111111115,96,False
env,tune,beta_moderately_rare,A,200,200,1023000,32,1,500,0.16100776746869086,0.005327887606254718,0.11401499861478806,0.046992768853902814,32.0,0.15151515151515152,96,False
env,tune,beta_moderately_rare,A,200,200,1023000,48,1,500,0.1610060428082943,0.005503151751491856,0.08665876793861389,0.0743472748696804,48.0,0.23232323232323226,96,False
env,tune,beta_moderately_rare,A,200,200,1023000,64,1,500,0.16300188875198365,0.005717844791280184,0.06897530204057693,0.0940265867114067,64.0,0.31313131313131315,96,False
env,tune,beta_moderately_rare,A,200,200,1023000,96,1,500,0.14943604803085328,0.005507810972611938,0.04523798620700836,0.1041980618238449,96.0,0.4747474747474748,96,True
env,tune,beta_moderately_rare,A,200,200,1023000,128,1,500,0.15895961484313012,0.005727017085997569,0.028752394080162048,0.13020722076296806,128.0,0.6363636363636365,96,False
env,tune,beta_moderately_rare,A,200,200,1023000,192,1,500,0.2997240885645151,0.007366569537566659,0.0019438357353210448,0.29778025282919407,192.0,0.9595959595959597,96,False
env,tune,beta_moderately_rare,A,500,500,1026000,2,1,500,0.4433141409009695,0.006898402539814901,0.44208432173728945,0.0012298191636800767,2.0,0.0,128,False
env,tune,beta_moderately_rare,A,500,500,1026000,4,1,500,0.3615785862207413,0.006392073332016382,0.3583138213455677,0.003264764875173569,4.0,0.004016064257028113,128,False
env,tune,beta_moderately_rare,A,500,500,1026000,8,1,500,0.2815112956762314,0.005825933457592237,0.27752698919177055,0.003984306484460831,8.0,0.01204819277108434,128,False
env,tune,beta_moderately_rare,A,500,500,1026000,12,1,500,0.2410839425623417,0.005468961052495065,0.23273438280820846,0.008349559754133224,12.0,0.020080321285140566,128,False
env,tune,beta_moderately_rare,A,500,500,1026000,16,1,500,0.21582058873772622,0.0052870991642762965,0.20513008403778077,0.01069050469994545,16.0,0.02811244979919679,128,False
env,tune,beta_moderately_rare,A,500,500,1026000,24,1,500,0.18421334892511368,0.004865808058250422,0.17146890246868132,0.012744446456432343,24.0,0.04417670682730924,128,False
env,tune,beta_moderately_rare,A,500,500,1026000,32,1,500,0.16776803356409073,0.004652874075244335,0.15283218139410018,0.01493585216999054,32.0,0.060240963855421666,128,False
env,tune,beta_moderately_rare,A,500,500,1026000,48,1,500,0.14992023313045502,0.004400458282350737,0.12634093123674392,0.02357930189371109,48.0,0.09236947791164661,128,False
env,tune,beta_moderately_rare,A,500,500,1026000,64,1,500,0.13764558249711992,0.004611057690823428,0.1051648200750351,0.03248076242208481,64.0,0.12449799196787148,128,False
env,tune,beta_moderately_rare,A,500,500,1026000,96,1,500,0.12848251527547835,0.004539697993754079,0.08064995133876801,0.04783256393671036,96.0,0.1887550200803213,128,False
env,tune,beta_moderately_rare,A,500,500,1026000,128,1,500,0.11951664721965789,0.0046766882668884905,0.061954161286354066,0.057562485933303834,128.0,0.25301204819277107,128,True
env,tune,beta_moderately_rare,A,500,500,1026000,192,1,500,0.12765352910757063,0.005001931705411923,0.04237813889980316,0.08527539020776749,192.0,0.38152610441767076,128,False
env,tune,beta_moderately_rare,A,500,500,1026000,256,1,500,0.1242891137599945,0.004859154311238157,0.028331485271453856,0.09595762848854066,256.0,0.5100401606425703,128,False
env,tune,beta_moderately_rare,A,500,500,1026000,400,1,500,0.1935341433286667,0.006041668290799926,0.007983806133270264,0.18555033719539643,400.0,0.7991967871485943,128,False
env,tune,beta_moderately_rare,A,1000,1000,1029000,2,1,500,0.4545462224110961,0.006804361024054196,0.45396937208622695,0.0005768503248691558,2.0,0.0,192,False
env,tune,beta_moderately_rare,A,1000,1000,1029000,4,1,500,0.37324774292111396,0.0062041399215432905,0.3720613444149494,0.0011863985061645508,4.0,0.0020040080160320635,192,False
env,tune,beta_moderately_rare,A,1000,1000,1029000,8,1,500,0.304206783413887,0.005518059177994415,0.3014456306099892,0.002761152803897858,8.0,0.006012024048096194,192,False
env,tune,beta_moderately_rare,A,1000,1000,1029000,12,1,500,0.26235489720106125,0.004854844777442782,0.2589267833828926,0.00342811381816864,12.0,0.010020040080160319,192,False
env,tune,beta_moderately_rare,A,1000,1000,1029000,16,1,500,0.23823731702566148,0.004601204218509522,0.23384334510564805,0.004393971920013427,16.0,0.014028056112224454,192,False
env,tune,beta_moderately_rare,A,1000,1000,1029000,24,1,500,0.20803517806529997,0.004456308090189756,0.2025677996277809,0.005467378437519073,24.0,0.02204408817635271,192,False
env,tune,beta_moderately_rare,A,1000,1000,1029000,32,1,500,0.18694458186626434,0.004393667709577702,0.1792926988005638,0.007651883065700531,32.0,0.030060120240480957,192,False
env,tune,beta_moderately_rare,A,1000,1000,1029000,48,1,500,0.159443931221962,0.00408932992790012,0.15018861639499664,0.009255314826965332,48.0,0.04609218436873748,192,False
env,tune,beta_moderately_rare,A,1000,1000,1029000,64,1,500,0.1434367178082466,0.003996163619223215,0.13134964048862457,0.01208707731962204,64.0,0.062124248496993974,192,False
env,tune,beta_moderately_rare,A,1000,1000,1029000,96,1,500,0.12447377324104308,0.00395813950718723,0.1052267017364502,0.019247071504592896,96.0,0.09418837675350701,192,False
env,tune,beta_moderately_rare,A,1000,1000,1029000,128,1,500,0.11514808613061905,0.0039159790659922455,0.0880890576839447,0.027059028446674346,128.0,0.12625250501002006,192,False
env,tune,beta_moderately_rare,A,1000,1000,1029000,192,1,500,0.10761632007360458,0.003937169023386467,0.07001856303215027,0.037597757041454315,192.0,0.19038076152304614,192,True
env,tune,beta_moderately_rare,A,1000,1000,1029000,256,1,500,0.11387952661514282,0.004194778233694825,0.057622884631156925,0.0562566419839859,256.0,0.2545090180360722,192,False
env,tune,beta_moderately_rare,A,1000,1000,1029000,400,1,500,0.11947226411104202,0.004493553896353702,0.03785714793205261,0.08161511617898941,400.0,0.39879759519038066,192,False
env,tune,beta_mostly_mediocre,A,50,50,1032000,2,1,500,0.20347529590129854,0.004986792397114118,0.1900383682847023,0.013436927616596222,2.0,0.0,12,False
env,tune,beta_mostly_mediocre,A,50,50,1032000,4,1,500,0.16985057318210603,0.004607960213409479,0.13330249983072281,0.03654807335138321,4.0,0.04166666666666666,12,False
env,tune,beta_mostly_mediocre,A,50,50,1032000,8,1,500,0.157968259036541,0.004602539645154876,0.09112874758243561,0.06683951145410538,8.0,0.125,12,False
env,tune,beta_mostly_mediocre,A,50,50,1032000,12,1,500,0.14797026473283767,0.004498311033659675,0.06585854923725128,0.0821117154955864,12.0,0.20833333333333334,12,True
env,tune,beta_mostly_mediocre,A,50,50,1032000,16,1,500,0.15078260576725006,0.004642076229423581,0.05298373150825501,0.09779887425899506,16.0,0.2916666666666667,12,False
env,tune,beta_mostly_mediocre,A,50,50,1032000,24,1,500,0.15398796623945235,0.004877226695561592,0.0313209445476532,0.12266702169179916,24.0,0.45833333333333326,12,False
env,tune,beta_mostly_mediocre,A,50,50,1032000,32,1,500,0.1555084292292595,0.0049646351236465,0.017950002551078797,0.1375584266781807,32.0,0.625,12,False
env,tune,beta_mostly_mediocre,A,50,50,1032000,48,1,500,0.22193360468745232,0.00545850084172153,0.0011300652027130128,0.2208035394847393,48.0,0.9583333333333335,12,False
env,tune,beta_mostly_mediocre,A,100,100,1035000,2,1,500,0.22745901316404343,0.005031579407268903,0.2203907675743103,0.007068245589733123,2.0,0.0,32,False
env,tune,beta_mostly_mediocre,A,100,100,1035000,4,1,500,0.1888374696969986,0.004749798094416532,0.16493620055913924,0.023901269137859345,4.0,0.02040816326530612,32,False
env,tune,beta_mostly_mediocre,A,100,100,1035000,8,1,500,0.14903772169351578,0.004389578155596393,0.11208170336484909,0.036956018328666684,8.0,0.06122448979591836,32,False
env,tune,beta_mostly_mediocre,A,100,100,1035000,12,1,500,0.1456283877491951,0.004179252493526389,0.09278112709522247,0.052847260653972626,12.0,0.1020408163265306,32,False
env,tune,beta_mostly_mediocre,A,100,100,1035000,16,1,500,0.14452938145399094,0.0042615618189845335,0.0770147066116333,0.06751467484235764,16.0,0.1428571428571428,32,False
env,tune,beta_mostly_mediocre,A,100,100,1035000,24,1,500,0.14298397421836853,0.0043436535124087095,0.056688674569129946,0.08629529964923859,24.0,0.22448979591836735,32,False
env,tune,beta_mostly_mediocre,A,100,100,1035000,32,1,500,0.1403167226910591,0.004402651133147887,0.04412844908237457,0.09618827360868454,32.0,0.3061224489795919,32,True
env,tune,beta_mostly_mediocre,A,100,100,1035000,48,1,500,0.15558921647071838,0.0046816545561311936,0.030040505409240723,0.12554871106147766,48.0,0.4693877551020407,32,False
env,tune,beta_mostly_mediocre,A,100,100,1035000,64,1,500,0.16426896494627,0.004769245867780271,0.01900117564201355,0.14526778930425643,64.0,0.6326530612244898,32,False
env,tune,beta_mostly_mediocre,A,100,100,1035000,96,1,500,0.22912641701102257,0.005026688330664456,0.0024145616292953493,0.22671185538172722,96.0,0.959183673469388,32,False
env,tune,beta_mostly_mediocre,A,200,200,1038000,2,1,500,0.24519274371862412,0.0048061841122469095,0.24191019356250762,0.0032825501561164856,2.0,0.0,32,False
env,tune,beta_mostly_mediocre,A,200,200,1038000,4,1,500,0.20044700652360917,0.004207283976501465,0.18687217444181442,0.01357483208179474,4.0,0.0101010101010101,32,False
env,tune,beta_mostly_mediocre,A,200,200,1038000,8,1,500,0.16173429304361345,0.0039741854223100895,0.1373357949256897,0.024398498117923738,8.0,0.030303030303030293,32,False
env,tune,beta_mostly_mediocre,A,200,200,1038000,12,1,500,0.144343536734581,0.003805696242925913,0.11307508492469788,0.031268451809883115,12.0,0.050505050505050504,32,False
env,tune,beta_mostly_mediocre,A,200,200,1038000,16,1,500,0.13960649126768113,0.0038553457692694693,0.0997171664237976,0.039889324843883515,16.0,0.07070707070707072,32,False
env,tune,beta_mostly_mediocre,A,200,200,1038000,24,1,500,0.1321700388789177,0.003661891935359574,0.07907301533222198,0.05309702354669571,24.0,0.11111111111111115,32,False
env,tune,beta_mostly_mediocre,A,200,200,1038000,32,1,500,0.12637700080871583,0.0038680926784157715,0.06587792694568634,0.06049907386302948,32.0,0.15151515151515152,32,True
env,tune,beta_mostly_mediocre,A,200,200,1038000,48,1,500,0.13329474318027495,0.004097256447791728,0.04947849452495575,0.08381624865531921,48.0,0.23232323232323226,32,False
env,tune,beta_mostly_mediocre,A,200,200,1038000,64,1,500,0.13204180711507799,0.003908502445740146,0.0387154529094696,0.09332635420560836,64.0,0.31313131313131315,32,False
env,tune,beta_mostly_mediocre,A,200,200,1038000,96,1,500,0.1490211312174797,0.004474697060690027,0.024779818058013915,0.1242413131594658,96.0,0.4747474747474748,32,False
env,tune,beta_mostly_mediocre,A,200,200,1038000,128,1,500,0.1658846298456192,0.004593249525931548,0.012711059689521789,0.15317357015609742,128.0,0.6363636363636365,32,False
env,tune,beta_mostly_mediocre,A,200,200,1038000,192,1,500,0.22900465750694274,0.005351416480069389,0.0009349637031555176,0.22806969380378722,192.0,0.9595959595959597,32,False
env,tune,beta_mostly_mediocre,A,500,500,1041000,2,1,500,0.26273326635360716,0.004648295563743389,0.26064018791913984,0.002093078434467316,2.0,0.0,96,False
env,tune,beta_mostly_mediocre,A,500,500,1041000,4,1,500,0.2095877429842949,0.00411617866926069,0.20569127988815308,0.003896463096141815,4.0,0.004016064257028113,96,False
env,tune,beta_mostly_mediocre,A,500,500,1041000,8,1,500,0.171838210105896,0.003627739793521659,0.1616119681596756,0.010226241946220398,8.0,0.01204819277108434,96,False
env,tune,beta_mostly_mediocre,A,500,500,1041000,12,1,500,0.1521078408360481,0.0034648297964168964,0.13780874228477477,0.014299098551273346,12.0,0.020080321285140566,96,False
env,tune,beta_mostly_mediocre,A,500,500,1041000,16,1,500,0.13810043752193452,0.00319301792358261,0.12312864124774933,0.01497179627418518,16.0,0.02811244979919679,96,False
env,tune,beta_mostly_mediocre,A,500,500,1041000,24,1,500,0.12373409134149552,0.0030775436251829253,0.10343074321746826,0.020303348124027253,24.0,0.04417670682730924,96,False
env,tune,beta_mostly_mediocre,A,500,500,1041000,32,1,500,0.11740823465585709,0.0030587504825592238,0.09238453102111817,0.025023703634738922,32.0,0.060240963855421666,96,False
env,tune,beta_mostly_mediocre,A,500,500,1041000,48,1,500,0.1175963243842125,0.0031882822105419365,0.07786212301254272,0.03973420137166977,48.0,0.09236947791164661,96,False
env,tune,beta_mostly_mediocre,A,500,500,1041000,64,1,500,0.11783918875455857,0.0033031965935161113,0.06648322868347167,0.051355960071086885,64.0,0.12449799196787148,96,False
env,tune,beta_mostly_mediocre,A,500,500,1041000,96,1,500,0.1169026893377304,0.0036606304886836845,0.049965211272239685,0.06693747806549072,96.0,0.1887550200803213,96,True
env,tune,beta_mostly_mediocre,A,500,500,1041000,128,1,500,0.11893534415960312,0.00372820938186473,0.04051816523075104,0.07841717892885208,128.0,0.25301204819277107,96,False
env,tune,beta_mostly_mediocre,A,500,500,1041000,192,1,500,0.129257927775383,0.003872451776373965,0.028199235081672668,0.10105869269371033,192.0,0.38152610441767076,96,False
env,tune,beta_mostly_mediocre,A,500,500,1041000,256,1,500,0.14833149045705796,0.004067812591750024,0.020402799487113953,0.127928690969944,256.0,0.5100401606425703,96,False
env,tune,beta_mostly_mediocre,A,500,500,1041000,400,1,500,0.17165295201539993,0.004638965277116118,0.007357976555824279,0.16429497545957567,400.0,0.7991967871485943,96,False
env,tune,beta_mostly_mediocre,A,1000,1000,1044000,2,1,500,0.2837927935123444,0.004581765703132619,0.2826410238146782,0.0011517696976661683,2.0,0.0,96,False
env,tune,beta_mostly_mediocre,A,1000,1000,1044000,4,1,500,0.2246879743337631,0.003811968993018496,0.2220998597741127,0.0025881145596504214,4.0,0.0020040080160320635,96,False
env,tune,beta_mostly_mediocre,A,1000,1000,1044000,8,1,500,0.18469815945625306,0.003428922557828716,0.17895903611183167,0.005739123344421387,8.0,0.006012024048096194,96,False
env,tune,beta_mostly_mediocre,A,1000,1000,1044000,12,1,500,0.15979847824573518,0.0030915585122909327,0.15219818818569184,0.007600290060043335,12.0,0.010020040080160319,96,False
env,tune,beta_mostly_mediocre,A,1000,1000,1044000,16,1,500,0.146765201151371,0.0030252649265233083,0.13762408137321472,0.00914111977815628,16.0,0.014028056112224454,96,False
env,tune,beta_mostly_mediocre,A,1000,1000,1044000,24,1,500,0.1308590272665024,0.0028440120519593673,0.11952299809455871,0.011336029171943665,24.0,0.02204408817635271,96,False
env,tune,beta_mostly_mediocre,A,1000,1000,1044000,32,1,500,0.1207053314447403,0.0028112196342559748,0.105872616648674,0.014832714796066284,32.0,0.030060120240480957,96,False
env,tune,beta_mostly_mediocre,A,1000,1000,1044000,48,1,500,0.10942301726341247,0.0027896713438929116,0.08892641997337342,0.020496597290039064,48.0,0.04609218436873748,96,False
env,tune,beta_mostly_mediocre,A,1000,1000,1044000,64,1,500,0.09983053970336914,0.00272448491874593,0.07824760782718658,0.021582931876182557,64.0,0.062124248496993974,96,False
env,tune,beta_mostly_mediocre,A,1000,1000,1044000,96,1,500,0.09602284288406372,0.0029449088284910813,0.06425578916072845,0.03176705372333526,96.0,0.09418837675350701,96,True
env,tune,beta_mostly_mediocre,A,1000,1000,1044000,128,1,500,0.09737855315208435,0.0029323937201068116,0.05512006771564484,0.042258485436439515,128.0,0.12625250501002006,96,False
env,tune,beta_mostly_mediocre,A,1000,1000,1044000,192,1,500,0.10316423159837723,0.0034441548297425998,0.0391637749671936,0.06400045663118363,192.0,0.19038076152304614,96,False
env,tune,beta_mostly_mediocre,A,1000,1000,1044000,256,1,500,0.10747391837835311,0.0035114816043149426,0.03246382999420166,0.07501008838415146,256.0,0.2545090180360722,96,False
env,tune,beta_mostly_mediocre,A,1000,1000,1044000,400,1,500,0.12054734373092652,0.003656089867702967,0.022419287919998167,0.09812805581092834,400.0,0.39879759519038066,96,False
env,tune,beta_rare_excellent,A,50,50,1047000,2,1,500,0.24210795781132766,0.005740038889282478,0.23495233104703947,0.007155626764288172,2.0,0.0,12,False
env,tune,beta_rare_excellent,A,50,50,1047000,4,1,500,0.20558185496367515,0.005733417200012615,0.18271047735959292,0.022871377604082227,4.0,0.04166666666666666,12,False
env,tune,beta_rare_excellent,A,50,50,1047000,8,1,500,0.17150124645978213,0.005404134409206887,0.1278318385630846,0.04366940789669752,8.0,0.125,12,False
env,tune,beta_rare_excellent,A,50,50,1047000,12,1,500,0.15927121631242336,0.005461518105928887,0.09587779113650322,0.06339342517592013,12.0,0.20833333333333334,12,True
env,tune,beta_rare_excellent,A,50,50,1047000,16,1,500,0.16148916026111693,0.005506440379369167,0.07574208784103394,0.08574707242008299,16.0,0.2916666666666667,12,False
env,tune,beta_rare_excellent,A,50,50,1047000,24,1,500,0.16263579219579696,0.005611239250168591,0.04986234518885613,0.11277344700694084,24.0,0.45833333333333326,12,False
env,tune,beta_rare_excellent,A,50,50,1047000,32,1,500,0.1664760150257498,0.005544761184873544,0.030839653164148332,0.13563636186160147,32.0,0.625,12,False
env,tune,beta_rare_excellent,A,50,50,1047000,48,1,500,0.18949186903145165,0.005479844143392418,0.0028457064628601074,0.18664616256859154,48.0,0.9583333333333335,12,False
env,tune,beta_rare_excellent,A,100,100,1050000,2,1,500,0.2897931212535477,0.0054233990148809695,0.28419330360740425,0.005599817646143492,2.0,0.0,64,False
env,tune,beta_rare_excellent,A,100,100,1050000,4,1,500,0.24398124707117677,0.005509980321895458,0.23105586779117585,0.012925379280000924,4.0,0.02040816326530612,64,False
env,tune,beta_rare_excellent,A,100,100,1050000,8,1,500,0.20188443785533308,0.0054767894299178905,0.17682821813225746,0.025056219723075628,8.0,0.06122448979591836,64,False
env,tune,beta_rare_excellent,A,100,100,1050000,12,1,500,0.19266157514601945,0.005568630140118981,0.14600503136217594,0.04665654378384352,12.0,0.1020408163265306,64,False
env,tune,beta_rare_excellent,A,100,100,1050000,16,1,500,0.1845144443921745,0.0054891390240563815,0.12625363509356977,0.05826080929860473,16.0,0.1428571428571428,64,False
env,tune,beta_rare_excellent,A,100,100,1050000,24,1,500,0.17664372968673706,0.005416486766141821,0.09841477730870248,0.0782289523780346,24.0,0.22448979591836735,64,False
env,tune,beta_rare_excellent,A,100,100,1050000,32,1,500,0.18036402996256948,0.005496088236308246,0.0774382053911686,0.10292582457140088,32.0,0.3061224489795919,64,False
env,tune,beta_rare_excellent,A,100,100,1050000,48,1,500,0.17818241719529032,0.005519542294213512,0.04726840326189995,0.1309140139333904,48.0,0.4693877551020407,64,False
env,tune,beta_rare_excellent,A,100,100,1050000,64,1,500,0.17651682827621698,0.0055438991311514176,0.02359836086630821,0.15291846740990878,64.0,0.6326530612244898,64,True
env,tune,beta_rare_excellent,A,100,100,1050000,96,1,500,0.21530628905259072,0.00564052819454399,0.0021627241373062133,0.21314356491528452,96.0,0.959183673469388,64,False
env,tune,beta_rare_excellent,A,200,200,1053000,2,1,500,0.3301184930854943,0.004932431930505775,0.3275972467958927,0.0025212462896015493,2.0,0.0,48,False
env,tune,beta_rare_excellent,A,200,200,1053000,4,1,500,0.2785592844039202,0.005269017564985943,0.2723733180463314,0.006185966357588768,4.0,0.0101010101010101,48,False
env,tune,beta_rare_excellent,A,200,200,1053000,8,1,500,0.22897532589361072,0.0051574951482828155,0.21258459050953388,0.016390735384076833,8.0,0.030303030303030293,48,False
env,tune,beta_rare_excellent,A,200,200,1053000,12,1,500,0.21056963512301444,0.005160577645432017,0.18918317380547522,0.021386461317539216,12.0,0.050505050505050504,48,False
env,tune,beta_rare_excellent,A,200,200,1053000,16,1,500,0.19913267220556735,0.005356636220498416,0.1709887920767069,0.028143880128860474,16.0,0.07070707070707072,48,False
env,tune,beta_rare_excellent,A,200,200,1053000,24,1,500,0.1850852138698101,0.00526747238409532,0.14011762714385986,0.04496758672595024,24.0,0.11111111111111115,48,False
env,tune,beta_rare_excellent,A,200,200,1053000,32,1,500,0.1745308213867247,0.005471552532468259,0.11518768459558487,0.05934313679113984,32.0,0.15151515151515152,48,False
env,tune,beta_rare_excellent,A,200,200,1053000,48,1,500,0.1712710720784962,0.005469395387825701,0.08665055504441262,0.0846205170340836,48.0,0.23232323232323226,48,True
env,tune,beta_rare_excellent,A,200,200,1053000,64,1,500,0.18128071586042643,0.005683710841811255,0.07184900054335594,0.10943171531707048,64.0,0.31313131313131315,48,False
env,tune,beta_rare_excellent,A,200,200,1053000,96,1,500,0.1960455519221723,0.005835167075628137,0.04387797111272812,0.1521675808094442,96.0,0.4747474747474748,48,False
env,tune,beta_rare_excellent,A,200,200,1053000,128,1,500,0.18438293930143118,0.005824313050976653,0.027759962379932404,0.15662297692149876,128.0,0.6363636363636365,48,False
env,tune,beta_rare_excellent,A,200,200,1053000,192,1,500,0.2237576532289386,0.006128758845560821,0.001991465926170349,0.22176618730276823,192.0,0.9595959595959597,48,False
env,tune,beta_rare_excellent,A,500,500,1056000,2,1,500,0.3940850411639549,0.0049709741206909845,0.3931916043856181,0.0008934367783367634,2.0,0.0,192,False
env,tune,beta_rare_excellent,A,500,500,1056000,4,1,500,0.34227797093987467,0.0053119437866443655,0.33905642037466166,0.003221550565212965,4.0,0.004016064257028113,192,False
env,tune,beta_rare_excellent,A,500,500,1056000,8,1,500,0.2861535763852298,0.005359937310881357,0.2813780159056187,0.004775560479611158,8.0,0.01204819277108434,192,False
env,tune,beta_rare_excellent,A,500,500,1056000,12,1,500,0.2584779450148344,0.005337608516432661,0.24900068736076356,0.009477257654070854,12.0,0.020080321285140566,192,False
env,tune,beta_rare_excellent,A,500,500,1056000,16,1,500,0.23603573083132506,0.005212587798891629,0.22567805130779744,0.010357679523527622,16.0,0.02811244979919679,192,False
env,tune,beta_rare_excellent,A,500,500,1056000,24,1,500,0.21377942591160537,0.0051407759835172635,0.19863471278548242,0.015144713126122951,24.0,0.04417670682730924,192,False
env,tune,beta_rare_excellent,A,500,500,1056000,32,1,500,0.19817418183386326,0.005169347041844804,0.1753924820125103,0.02278169982135296,32.0,0.060240963855421666,192,False
env,tune,beta_rare_excellent,A,500,500,1056000,48,1,500,0.1794703099131584,0.005071292137920261,0.14461864614486694,0.03485166376829147,48.0,0.09236947791164661,192,False
env,tune,beta_rare_excellent,A,500,500,1056000,64,1,500,0.17080217887461185,0.00528609295379879,0.12332152715325355,0.0474806517213583,64.0,0.12449799196787148,192,False
env,tune,beta_rare_excellent,A,500,500,1056000,96,1,500,0.1691956916153431,0.0053914898601792206,0.09728604680299759,0.0719096448123455,96.0,0.1887550200803213,192,False
env,tune,beta_rare_excellent,A,500,500,1056000,128,1,500,0.16950854517519473,0.005434331379309817,0.07963692569732667,0.08987161947786808,128.0,0.25301204819277107,192,False
env,tune,beta_rare_excellent,A,500,500,1056000,192,1,500,0.16584952446818352,0.005491450164065729,0.05503462934494018,0.11081489512324333,192.0,0.38152610441767076,192,True
env,tune,beta_rare_excellent,A,500,500,1056000,256,1,500,0.19885456908494234,0.005938784654395052,0.03788290536403656,0.1609716637209058,256.0,0.5100401606425703,192,False
env,tune,beta_rare_excellent,A,500,500,1056000,400,1,500,0.18469011887162923,0.005616496219829491,0.012590011298656464,0.17210010757297278,400.0,0.7991967871485943,192,False
env,tune,beta_rare_excellent,A,1000,1000,1059000,2,1,500,0.41785898417886347,0.004881591070609916,0.41719128720648585,0.0006676969723775983,2.0,0.0,256,False
env,tune,beta_rare_excellent,A,1000,1000,1059000,4,1,500,0.36732973269559444,0.004830263844887436,0.36617529996484516,0.0011544327307492495,4.0,0.0020040080160320635,256,False
env,tune,beta_rare_excellent,A,1000,1000,1059000,8,1,500,0.31026218765974045,0.00491147808560956,0.30865240846574304,0.001609779193997383,8.0,0.006012024048096194,256,False
env,tune,beta_rare_excellent,A,1000,1000,1059000,12,1,500,0.28133763022720815,0.004776629144441288,0.2784512026160955,0.0028864276111125946,12.0,0.010020040080160319,256,False
env,tune,beta_rare_excellent,A,1000,1000,1059000,16,1,500,0.2599557452946901,0.00458886892132844,0.2563088999688625,0.0036468453258275985,16.0,0.014028056112224454,256,False
env,tune,beta_rare_excellent,A,1000,1000,1059000,24,1,500,0.23231410291790963,0.004707343280985748,0.22543459710478783,0.006879505813121796,24.0,0.02204408817635271,256,False
env,tune,beta_rare_excellent,A,1000,1000,1059000,32,1,500,0.21337440347671507,0.004601839304614427,0.20499811896681785,0.008376284509897232,32.0,0.030060120240480957,256,False
env,tune,beta_rare_excellent,A,1000,1000,1059000,48,1,500,0.19212146630883217,0.004529086798041543,0.17840248852968216,0.013718977779150009,48.0,0.04609218436873748,256,False
env,tune,beta_rare_excellent,A,1000,1000,1059000,64,1,500,0.1771590584218502,0.004611081578280993,0.16000552454590797,0.01715353387594223,64.0,0.062124248496993974,256,False
env,tune,beta_rare_excellent,A,1000,1000,1059000,96,1,500,0.16143326091766358,0.00469424779958125,0.13394086503982544,0.027492395877838135,96.0,0.09418837675350701,256,False
env,tune,beta_rare_excellent,A,1000,1000,1059000,128,1,500,0.1600358655154705,0.004683249165253975,0.11882329958677292,0.041212565928697584,128.0,0.12625250501002006,256,False
env,tune,beta_rare_excellent,A,1000,1000,1059000,192,1,500,0.15807398536801337,0.005139512112028749,0.09171607607603073,0.06635790929198265,192.0,0.19038076152304614,256,False
env,tune,beta_rare_excellent,A,1000,1000,1059000,256,1,500,0.15742827378213406,0.005089198813205623,0.07520161443948746,0.0822266593426466,256.0,0.2545090180360722,256,True
env,tune,beta_rare_excellent,A,1000,1000,1059000,400,1,500,0.16375152689218522,0.0051498416007482,0.04957157206535339,0.11417995482683181,400.0,0.39879759519038066,256,False
env,tune,beta_skewed,A,50,50,1062000,2,1,500,0.42918571145037615,0.009022343375931028,0.4235681518277561,0.005617559622620092,2.0,0.0,32,False
env,tune,beta_skewed,A,50,50,1062000,4,1,500,0.34158742181313734,0.008881411483030092,0.32465553656220436,0.016931885250932966,4.0,0.04166666666666666,32,False
env,tune,beta_skewed,A,50,50,1062000,8,1,500,0.2625785618163645,0.008419663211087237,0.21766930615901947,0.044909255657345055,8.0,0.125,32,False
env,tune,beta_skewed,A,50,50,1062000,12,1,500,0.2282839039573446,0.008315900774608377,0.16788068675994874,0.06040321719739586,12.0,0.20833333333333334,32,False
env,tune,beta_skewed,A,50,50,1062000,16,1,500,0.2148262931909412,0.008364061855093705,0.12958476454019546,0.08524152865074575,16.0,0.2916666666666667,32,False
env,tune,beta_skewed,A,50,50,1062000,24,1,500,0.19335889602452516,0.008176387169631098,0.08108035337924957,0.11227854264527559,24.0,0.45833333333333326,32,False
env,tune,beta_skewed,A,50,50,1062000,32,1,500,0.1691498436704278,0.007832238719479101,0.04812002688646316,0.12102981678396463,32.0,0.625,32,True
env,tune,beta_skewed,A,50,50,1062000,48,1,500,0.2538892682027072,0.00916772572710814,0.0036067758202552795,0.25028249238245187,48.0,0.9583333333333335,32,False
env,tune,beta_skewed,A,100,100,1065000,2,1,500,0.5059128534827614,0.008908752855908643,0.5032023164122366,0.0027105370705248787,2.0,0.0,64,False
env,tune,beta_skewed,A,100,100,1065000,4,1,500,0.42373730381124186,0.008842854587285082,0.41312151289731264,0.01061579091392923,4.0,0.02040816326530612,64,False
env,tune,beta_skewed,A,100,100,1065000,8,1,500,0.32545279317349196,0.00885330103969259,0.30544975228607657,0.020003040887415408,8.0,0.06122448979591836,64,False
env,tune,beta_skewed,A,100,100,1065000,12,1,500,0.2807153062164434,0.008564655425570993,0.24940404742956163,0.03131125878688181,12.0,0.1020408163265306,64,False
env,tune,beta_skewed,A,100,100,1065000,16,1,500,0.24319912278652192,0.008503587665749646,0.20259577478468418,0.04060334800183773,16.0,0.1428571428571428,64,False
env,tune,beta_skewed,A,100,100,1065000,24,1,500,0.20630135544762015,0.007896049921850607,0.14821036291122436,0.05809099253639579,24.0,0.22448979591836735,64,False
env,tune,beta_skewed,A,100,100,1065000,32,1,500,0.19307345685362814,0.007595062456076736,0.1124737879037857,0.08059966894984245,32.0,0.3061224489795919,64,False
env,tune,beta_skewed,A,100,100,1065000,48,1,500,0.19727126570045947,0.008158108948709154,0.0721162651181221,0.1251550005823374,48.0,0.4693877551020407,64,False
env,tune,beta_skewed,A,100,100,1065000,64,1,500,0.1792772785872221,0.007865178847489331,0.04645966053009033,0.13281761805713177,64.0,0.6326530612244898,64,True
env,tune,beta_skewed,A,100,100,1065000,96,1,500,0.29663725432846694,0.00936926422173145,0.004276105999946594,0.29236114832852034,96.0,0.959183673469388,64,False
env,tune,beta_skewed,A,200,200,1068000,2,1,500,0.5491626334226275,0.009092799913725092,0.5476589082514037,0.0015037251712237776,2.0,0.0,128,False
env,tune,beta_skewed,A,200,200,1068000,4,1,500,0.4559514809837565,0.009079244280014468,0.4516040311297402,0.004347449854016304,4.0,0.0101010101010101,128,False
env,tune,beta_skewed,A,200,200,1068000,8,1,500,0.3550980878695846,0.008204566235159224,0.34632018515467644,0.008777902714908123,8.0,0.030303030303030293,128,False
env,tune,beta_skewed,A,200,200,1068000,12,1,500,0.3069477159678936,0.007956620795000655,0.29442904675006865,0.012518669217824937,12.0,0.050505050505050504,128,False
env,tune,beta_skewed,A,200,200,1068000,16,1,500,0.2740030938386917,0.0075271659777399694,0.2572875478863716,0.0167155459523201,16.0,0.07070707070707072,128,False
env,tune,beta_skewed,A,200,200,1068000,24,1,500,0.2216865471303463,0.007037786218864617,0.19935843402147294,0.02232811310887337,24.0,0.11111111111111115,128,False
env,tune,beta_skewed,A,200,200,1068000,32,1,500,0.2059195227921009,0.006909250783279254,0.17556322276592254,0.03035630002617836,32.0,0.15151515151515152,128,False
env,tune,beta_skewed,A,200,200,1068000,48,1,500,0.16947029981017112,0.006723794238175721,0.12283577865362168,0.04663452115654945,48.0,0.23232323232323226,128,False
env,tune,beta_skewed,A,200,200,1068000,64,1,500,0.16063393215462565,0.006741864096218699,0.09793845129013061,0.06269548086449504,64.0,0.31313131313131315,128,False
env,tune,beta_skewed,A,200,200,1068000,96,1,500,0.15991943851858378,0.007271239486307267,0.05763908123970032,0.10228035727888346,96.0,0.4747474747474748,128,False
env,tune,beta_skewed,A,200,200,1068000,128,1,500,0.1365594217479229,0.006474140256502252,0.03235288202762604,0.10420653972029686,128.0,0.6363636363636365,128,True
env,tune,beta_skewed,A,200,200,1068000,192,1,500,0.30362255075201394,0.008568678380251684,0.0028084416389465333,0.3008141091130674,192.0,0.9595959595959597,128,False
env,tune,beta_skewed,A,500,500,1071000,2,1,500,0.6282387801705736,0.008234361795432042,0.6275861895841662,0.0006525905864073139,2.0,0.0,256,False
env,tune,beta_skewed,A,500,500,1071000,4,1,500,0.5418913157638162,0.00835322085387282,0.5400503608081489,0.0018409549556672572,4.0,0.004016064257028113,256,False
env,tune,beta_skewed,A,500,500,1071000,8,1,500,0.4285028778277338,0.007979495027265313,0.4252749748304486,0.0032279029972851277,8.0,0.01204819277108434,256,False
env,tune,beta_skewed,A,500,500,1071000,12,1,500,0.366808434009552,0.007454094172332219,0.36285061353445053,0.003957820475101471,12.0,0.020080321285140566,256,False
env,tune,beta_skewed,A,500,500,1071000,16,1,500,0.33203063797950744,0.00714495627986716,0.3269583519399166,0.0050722860395908355,16.0,0.02811244979919679,256,False
env,tune,beta_skewed,A,500,500,1071000,24,1,500,0.27815391099452974,0.006704667315606818,0.27234251439571383,0.005811396598815918,24.0,0.04417670682730924,256,False
env,tune,beta_skewed,A,500,500,1071000,32,1,500,0.2519123392701149,0.006683995965913856,0.24211796432733534,0.009794374942779542,32.0,0.060240963855421666,256,False
env,tune,beta_skewed,A,500,500,1071000,48,1,500,0.2014194128215313,0.006106160244738318,0.1884608054757118,0.012958607345819472,48.0,0.09236947791164661,256,False
env,tune,beta_skewed,A,500,500,1071000,64,1,500,0.16591009962558748,0.005560349243139889,0.15110131758451462,0.014808782041072846,64.0,0.12449799196787148,256,False
env,tune,beta_skewed,A,500,500,1071000,96,1,500,0.13366302770376207,0.005232829199058535,0.11036075305938721,0.023302274644374846,96.0,0.1887550200803213,256,False
env,tune,beta_skewed,A,500,500,1071000,128,1,500,0.1190136222243309,0.005019016030021853,0.08682859253883361,0.03218502968549728,128.0,0.25301204819277107,256,False
env,tune,beta_skewed,A,500,500,1071000,192,1,500,0.12626851499080657,0.005424092293340851,0.05767346203327179,0.06859505295753479,192.0,0.38152610441767076,256,False
env,tune,beta_skewed,A,500,500,1071000,256,1,500,0.11175343844294548,0.005466637248335781,0.036751688838005066,0.07500174960494041,256.0,0.5100401606425703,256,True
env,tune,beta_skewed,A,500,500,1071000,400,1,500,0.129873006939888,0.005837566534273545,0.01146122694015503,0.11841177999973297,400.0,0.7991967871485943,256,False
env,tune,beta_skewed,A,1000,1000,1074000,2,1,500,0.6508130711221601,0.007883231344423794,0.6507564955477138,5.6575574446469545e-05,2.0,0.0,256,False
env,tune,beta_skewed,A,1000,1000,1074000,4,1,500,0.5577146246605553,0.007709967965199282,0.5570627039754763,0.0006519206850789487,4.0,0.0020040080160320635,256,False
env,tune,beta_skewed,A,1000,1000,1074000,8,1,500,0.45555588810145853,0.007807326018943177,0.45442114616185425,0.0011347419396042823,8.0,0.006012024048096194,256,False
env,tune,beta_skewed,A,1000,1000,1074000,12,1,500,0.39027424657344817,0.007447623579846919,0.38866810131073,0.0016061452627182007,12.0,0.010020040080160319,256,False
env,tune,beta_skewed,A,1000,1000,1074000,16,1,500,0.3453133850097656,0.007061336437093299,0.3430365419983864,0.002276843011379242,16.0,0.014028056112224454,256,False
env,tune,beta_skewed,A,1000,1000,1074000,24,1,500,0.29927741888165477,0.006507634222850687,0.29638820368051527,0.0028892152011394502,24.0,0.02204408817635271,256,False
env,tune,beta_skewed,A,1000,1000,1074000,32,1,500,0.2624154521524906,0.0061347400811483975,0.2596619227528572,0.0027535293996334077,32.0,0.030060120240480957,256,False
env,tune,beta_skewed,A,1000,1000,1074000,48,1,500,0.2157206018269062,0.00580822206367834,0.21131745964288712,0.004403142184019089,48.0,0.04609218436873748,256,False
env,tune,beta_skewed,A,1000,1000,1074000,64,1,500,0.1879242004752159,0.005281537203760937,0.18313654637336732,0.004787654101848602,64.0,0.062124248496993974,256,False
env,tune,beta_skewed,A,1000,1000,1074000,96,1,500,0.14847529643774032,0.004731624341925894,0.14090752309560775,0.007567773342132569,96.0,0.09418837675350701,256,False
env,tune,beta_skewed,A,1000,1000,1074000,128,1,500,0.12650371569395066,0.0045024412311312325,0.11784952747821807,0.008654188215732574,128.0,0.12625250501002006,256,False
env,tune,beta_skewed,A,1000,1000,1074000,192,1,500,0.10836059880256653,0.0042181956609145844,0.09145631694793702,0.016904281854629517,192.0,0.19038076152304614,256,False
env,tune,beta_skewed,A,1000,1000,1074000,256,1,500,0.09419449186325073,0.003940013614310442,0.07409992504119874,0.020094566822052,256.0,0.2545090180360722,256,True
env,tune,beta_skewed,A,1000,1000,1074000,400,1,500,0.10821224153041839,0.004814824956438685,0.04729198062419891,0.060920260906219485,400.0,0.39879759519038066,256,False
env,tune,beta_uniform,A,50,50,1077000,2,1,500,0.3167666112445295,0.010256149762510425,0.31073465340957046,0.00603195783495903,2.0,0.0,16,False
env,tune,beta_uniform,A,50,50,1077000,4,1,500,0.20700230371952058,0.008128644119463499,0.18994203418493272,0.01706026953458786,4.0,0.04166666666666666,16,False
env,tune,beta_uniform,A,50,50,1077000,8,1,500,0.12380187976360321,0.005598331126212412,0.09485334587097168,0.02894853389263153,8.0,0.125,16,False
env,tune,beta_uniform,A,50,50,1077000,12,1,500,0.08894526380300521,0.004399544514193056,0.0572224029302597,0.03172286087274551,12.0,0.20833333333333334,16,False
env,tune,beta_uniform,A,50,50,1077000,16,1,500,0.08340025413036346,0.004085272133403154,0.04085399043560028,0.042546263694763185,16.0,0.2916666666666667,16,True
env,tune,beta_uniform,A,50,50,1077000,24,1,500,0.09187035191059112,0.004362938517513301,0.022741740345954897,0.06912861156463623,24.0,0.45833333333333326,16,False
env,tune,beta_uniform,A,50,50,1077000,32,1,500,0.11207118636369705,0.004970021477860958,0.013664724111557006,0.09840646225214005,32.0,0.625,16,False
env,tune,beta_uniform,A,50,50,1077000,48,1,500,0.23523762816935778,0.009253617335119216,0.0012594714164733886,0.2339781567528844,48.0,0.9583333333333335,16,False
env,tune,beta_uniform,A,100,100,1080000,2,1,500,0.3249411070328206,0.0110417108568146,0.32291766835004093,0.00202343868277967,2.0,0.0,24,False
env,tune,beta_uniform,A,100,100,1080000,4,1,500,0.18859595462679862,0.007558006868352544,0.18172800928354263,0.006867945343255997,4.0,0.02040816326530612,24,False
env,tune,beta_uniform,A,100,100,1080000,8,1,500,0.10771190774440766,0.004961467716682986,0.09686452275514602,0.010847384989261627,8.0,0.06122448979591836,24,False
env,tune,beta_uniform,A,100,100,1080000,12,1,500,0.07911590224504471,0.003863911889017922,0.06409658920764923,0.015019313037395477,12.0,0.1020408163265306,24,False
env,tune,beta_uniform,A,100,100,1080000,16,1,500,0.06658113396167756,0.0034846464835768844,0.04652106082439423,0.020060073137283325,16.0,0.1428571428571428,24,False
env,tune,beta_uniform,A,100,100,1080000,24,1,500,0.0519734982252121,0.0030021883604080617,0.029466646790504456,0.022506851434707643,24.0,0.22448979591836735,24,True
env,tune,beta_uniform,A,100,100,1080000,32,1,500,0.052344294667243954,0.0029020856822642885,0.020952672719955445,0.03139162194728851,32.0,0.3061224489795919,24,False
env,tune,beta_uniform,A,100,100,1080000,48,1,500,0.06197646427154541,0.0032515401193776603,0.011043898582458496,0.05093256568908691,48.0,0.4693877551020407,24,False
env,tune,beta_uniform,A,100,100,1080000,64,1,500,0.08382403004169464,0.003917058293319919,0.00573879075050354,0.0780852392911911,64.0,0.6326530612244898,24,False
env,tune,beta_uniform,A,100,100,1080000,96,1,500,0.21469801817834377,0.00815549896576191,0.00030785334110260007,0.21439016483724116,96.0,0.959183673469388,24,False
env,tune,beta_uniform,A,200,200,1083000,2,1,500,0.32942316514626147,0.010584270632114479,0.32791063114255664,0.0015125340037047863,2.0,0.0,48,False
env,tune,beta_uniform,A,200,200,1083000,4,1,500,0.19855618903040886,0.007839281919532644,0.19474754738807679,0.003808641642332077,4.0,0.0101010101010101,48,False
env,tune,beta_uniform,A,200,200,1083000,8,1,500,0.10808424007892609,0.004865523611843423,0.10343495392799378,0.004649286150932312,8.0,0.030303030303030293,48,False
env,tune,beta_uniform,A,200,200,1083000,12,1,500,0.08084909850358964,0.0039021020979869577,0.07389490592479706,0.006954192578792572,12.0,0.050505050505050504,48,False
env,tune,beta_uniform,A,200,200,1083000,16,1,500,0.059473814487457276,0.002910093673609137,0.0518403856754303,0.007633428812026977,16.0,0.07070707070707072,48,False
env,tune,beta_uniform,A,200,200,1083000,24,1,500,0.04226190757751465,0.002225412319698356,0.03283194863796234,0.009429958939552308,24.0,0.11111111111111115,48,False
env,tune,beta_uniform,A,200,200,1083000,32,1,500,0.03613365507125855,0.0019993270773169067,0.024224419355392456,0.01190923571586609,32.0,0.15151515151515152,48,False
env,tune,beta_uniform,A,200,200,1083000,48,1,500,0.030956912636756897,0.001769912943871573,0.01542127823829651,0.015535634398460388,48.0,0.23232323232323226,48,True
env,tune,beta_uniform,A,200,200,1083000,64,1,500,0.03133840119838715,0.0018553505262769677,0.009597778916358948,0.021740622282028197,64.0,0.31313131313131315,48,False
env,tune,beta_uniform,A,200,200,1083000,96,1,500,0.03986989748477936,0.00209147093786343,0.005085152983665467,0.03478474450111389,96.0,0.4747474747474748,48,False
env,tune,beta_uniform,A,200,200,1083000,128,1,500,0.05645065176486969,0.002931059044959061,0.002859204649925232,0.05359144711494446,128.0,0.6363636363636365,48,False
env,tune,beta_uniform,A,200,200,1083000,192,1,500,0.16885320703685283,0.006809545251056878,0.00023186349868774413,0.1686213435381651,192.0,0.9595959595959597,48,False
env,tune,beta_uniform,A,500,500,1086000,2,1,500,0.3311364711225033,0.010471208083267862,0.33056094543635844,0.0005755256861448288,2.0,0.0,128,False
env,tune,beta_uniform,A,500,500,1086000,4,1,500,0.19425146239995955,0.007465871145678878,0.19237673899531366,0.0018747234046459199,4.0,0.004016064257028113,128,False
env,tune,beta_uniform,A,500,500,1086000,8,1,500,0.10152612984180451,0.004161038465539658,0.09989194929599762,0.0016341805458068848,8.0,0.01204819277108434,128,False
env,tune,beta_uniform,A,500,500,1086000,12,1,500,0.06670804738998413,0.002782464756734128,0.06370641660690307,0.003001630783081055,12.0,0.020080321285140566,128,False
env,tune,beta_uniform,A,500,500,1086000,16,1,500,0.05714896893501282,0.0024960584537105724,0.05347873222827911,0.0036702367067337036,16.0,0.02811244979919679,128,False
env,tune,beta_uniform,A,500,500,1086000,24,1,500,0.038424646258354185,0.0018052291844616718,0.034782621383666994,0.003642024874687195,24.0,0.04417670682730924,128,False
env,tune,beta_uniform,A,500,500,1086000,32,1,500,0.03216984379291534,0.001543506517184276,0.02837686276435852,0.0037929810285568235,32.0,0.060240963855421666,128,False
env,tune,beta_uniform,A,500,500,1086000,48,1,500,0.02222002422809601,0.0009750258304261903,0.0176881058216095,0.004531918406486511,48.0,0.09236947791164661,128,False
env,tune,beta_uniform,A,500,500,1086000,64,1,500,0.018236540913581848,0.0009062198638105676,0.013303795099258423,0.004932745814323425,64.0,0.12449799196787148,128,False
env,tune,beta_uniform,A,500,500,1086000,96,1,500,0.016069753527641298,0.0008807527768857751,0.008686984658241272,0.007382768869400025,96.0,0.1887550200803213,128,False
env,tune,beta_uniform,A,500,500,1086000,128,1,500,0.015958841443061828,0.0008861341158610198,0.005861649513244629,0.010097191929817199,128.0,0.25301204819277107,128,True
env,tune,beta_uniform,A,500,500,1086000,192,1,500,0.018161530256271364,0.0009431083795282017,0.0031888211965560914,0.014972709059715272,192.0,0.38152610441767076,128,False
env,tune,beta_uniform,A,500,500,1086000,256,1,500,0.023304356575012206,0.0011890808779119332,0.0019285396337509156,0.02137581694126129,256.0,0.5100401606425703,128,False
env,tune,beta_uniform,A,500,500,1086000,400,1,500,0.04412096452713013,0.0022151917070686077,0.0005200866460800171,0.04360087788105011,400.0,0.7991967871485943,128,False
env,tune,beta_uniform,A,1000,1000,1089000,2,1,500,0.3003887062780559,0.009947285859410286,0.3002134259454906,0.0001752803325653076,2.0,0.0,192,False
env,tune,beta_uniform,A,1000,1000,1089000,4,1,500,0.1860871077477932,0.0070734963910608056,0.18546837106347083,0.0006187366843223572,4.0,0.0020040080160320635,192,False
env,tune,beta_uniform,A,1000,1000,1089000,8,1,500,0.109910520195961,0.004576489503767209,0.10841146510839463,0.0014990550875663758,8.0,0.006012024048096194,192,False
env,tune,beta_uniform,A,1000,1000,1089000,12,1,500,0.0712586534023285,0.002992411213111836,0.07012513518333435,0.0011335182189941406,12.0,0.010020040080160319,192,False
env,tune,beta_uniform,A,1000,1000,1089000,16,1,500,0.056220618724823,0.0024205562223890203,0.05432922255992889,0.001891396164894104,16.0,0.014028056112224454,192,False
env,tune,beta_uniform,A,1000,1000,1089000,24,1,500,0.03851053440570831,0.0016772949735263144,0.03693911862373352,0.0015714157819747925,24.0,0.02204408817635271,192,False
env,tune,beta_uniform,A,1000,1000,1089000,32,1,500,0.0289891676902771,0.0012541631210276074,0.02717374300956726,0.001815424680709839,32.0,0.030060120240480957,192,False
env,tune,beta_uniform,A,1000,1000,1089000,48,1,500,0.021434784293174743,0.0010035751646608648,0.019241822719573975,0.002192961573600769,48.0,0.04609218436873748,192,False
env,tune,beta_uniform,A,1000,1000,1089000,64,1,500,0.017429259777069092,0.0008563413746862091,0.014707526564598084,0.0027217332124710083,64.0,0.062124248496993974,192,False
env,tune,beta_uniform,A,1000,1000,1089000,96,1,500,0.012087191581726074,0.00061595245184574,0.009157982110977172,0.0029292094707489016,96.0,0.09418837675350701,192,False
env,tune,beta_uniform,A,1000,1000,1089000,128,1,500,0.009286769151687623,0.000467083459515051,0.006249530076980591,0.003037239074707031,128.0,0.12625250501002006,192,False
env,tune,beta_uniform,A,1000,1000,1089000,192,1,500,0.008616673707962036,0.0004402786157977025,0.004020160436630249,0.004596513271331787,192.0,0.19038076152304614,192,True
env,tune,beta_uniform,A,1000,1000,1089000,256,1,500,0.009002201914787292,0.0004948650443135155,0.0028481699228286744,0.0061540319919586185,256.0,0.2545090180360722,192,False
env,tune,beta_uniform,A,1000,1000,1089000,400,1,500,0.011189032316207886,0.0006133840773178469,0.0014934154748916626,0.009695616841316224,400.0,0.39879759519038066,192,False
env,tune,mix_broad_low_narrow_high,C,50,50,1092000,2,1,500,0.41402520391345027,0.010636990961496964,0.40502126652002335,0.009003937393426895,2.0,0.0,24,False
env,tune,mix_broad_low_narrow_high,C,50,50,1092000,4,1,500,0.29698400022089483,0.010649035150638921,0.2742927389740944,0.02269126124680042,4.0,0.04166666666666666,24,False
env,tune,mix_broad_low_narrow_high,C,50,50,1092000,8,1,500,0.168947587788105,0.008732331135666368,0.13601535534858702,0.032932232439517976,8.0,0.125,24,False
env,tune,mix_broad_low_narrow_high,C,50,50,1092000,12,1,500,0.13124049139022828,0.007446968108186654,0.0822861322760582,0.04895435911417007,12.0,0.20833333333333334,24,False
env,tune,mix_broad_low_narrow_high,C,50,50,1092000,16,1,500,0.11344317170977593,0.006607632230405726,0.05619475138187408,0.05724842032790184,16.0,0.2916666666666667,24,False
env,tune,mix_broad_low_narrow_high,C,50,50,1092000,24,1,500,0.10185506382584572,0.0062320609852494924,0.02649704158306122,0.0753580222427845,24.0,0.45833333333333326,24,True
env,tune,mix_broad_low_narrow_high,C,50,50,1092000,32,1,500,0.111630291223526,0.006510333074872164,0.013092625260353088,0.09853766596317291,32.0,0.625,24,False
env,tune,mix_broad_low_narrow_high,C,50,50,1092000,48,1,500,0.28664348597824574,0.010901596223448072,0.0005221445560455322,0.2861213414222002,48.0,0.9583333333333335,24,False
env,tune,mix_broad_low_narrow_high,C,100,100,1095000,2,1,500,0.40265830101072786,0.010815102343043047,0.3978488071858883,0.004809493824839592,2.0,0.0,32,False
env,tune,mix_broad_low_narrow_high,C,100,100,1095000,4,1,500,0.2770589889585972,0.009729376940598172,0.2664239750206471,0.010635013937950135,4.0,0.02040816326530612,32,False
env,tune,mix_broad_low_narrow_high,C,100,100,1095000,8,1,500,0.16061592042446138,0.0074112951510791605,0.14654824030399322,0.01406768012046814,8.0,0.06122448979591836,32,False
env,tune,mix_broad_low_narrow_high,C,100,100,1095000,12,1,500,0.11580570179224015,0.006063452988102544,0.09736519604921341,0.018440505743026733,12.0,0.1020408163265306,32,False
env,tune,mix_broad_low_narrow_high,C,100,100,1095000,16,1,500,0.09123175460100173,0.004977317831380004,0.07051465183496475,0.02071710276603699,16.0,0.1428571428571428,32,False
env,tune,mix_broad_low_narrow_high,C,100,100,1095000,24,1,500,0.06869584453105927,0.0035846529278598365,0.041091415584087375,0.027604428946971894,24.0,0.22448979591836735,32,False
env,tune,mix_broad_low_narrow_high,C,100,100,1095000,32,1,500,0.06372795689105988,0.0031810669382631544,0.029330952763557433,0.03439700412750244,32.0,0.3061224489795919,32,True
env,tune,mix_broad_low_narrow_high,C,100,100,1095000,48,1,500,0.06465310561656952,0.0027370205324724175,0.015675756454467775,0.048977349162101745,48.0,0.4693877551020407,32,False
env,tune,mix_broad_low_narrow_high,C,100,100,1095000,64,1,500,0.07458523079752923,0.0038991804790602315,0.008786572813987733,0.0657986579835415,64.0,0.6326530612244898,32,False
env,tune,mix_broad_low_narrow_high,C,100,100,1095000,96,1,500,0.23176738727092744,0.009919357172159011,0.000503193974494934,0.2312641932964325,96.0,0.959183673469388,32,False
env,tune,mix_broad_low_narrow_high,C,200,200,1098000,2,1,500,0.43237846378982064,0.0103623643102663,0.43054987090826036,0.0018285928815603256,2.0,0.0,64,False
env,tune,mix_broad_low_narrow_high,C,200,200,1098000,4,1,500,0.3065900240838528,0.009779214283176815,0.30086450162529943,0.0057255224585533145,4.0,0.0101010101010101,64,False
env,tune,mix_broad_low_narrow_high,C,200,200,1098000,8,1,500,0.17805741780996323,0.007554619604301235,0.16940164947509764,0.00865576833486557,8.0,0.030303030303030293,64,False
env,tune,mix_broad_low_narrow_high,C,200,200,1098000,12,1,500,0.13150854280591012,0.006047300372434873,0.12057701414823532,0.010931528657674789,12.0,0.050505050505050504,64,False
env,tune,mix_broad_low_narrow_high,C,200,200,1098000,16,1,500,0.10171543836593627,0.005071646304192438,0.08771264964342117,0.014002788722515105,16.0,0.07070707070707072,64,False
env,tune,mix_broad_low_narrow_high,C,200,200,1098000,24,1,500,0.07383983081579208,0.0033173613073051683,0.05707457220554352,0.016765258610248565,24.0,0.11111111111111115,64,False
env,tune,mix_broad_low_narrow_high,C,200,200,1098000,32,1,500,0.06175237888097763,0.0025477242313959383,0.04136733841896057,0.02038504046201706,32.0,0.15151515151515152,64,False
env,tune,mix_broad_low_narrow_high,C,200,200,1098000,48,1,500,0.053575171947479246,0.0019642130087890305,0.028135733604431154,0.025439438343048095,48.0,0.23232323232323226,64,False
env,tune,mix_broad_low_narrow_high,C,200,200,1098000,64,1,500,0.05285191607475281,0.0018884947480125487,0.021300557494163513,0.031551358580589293,64.0,0.31313131313131315,64,True
env,tune,mix_broad_low_narrow_high,C,200,200,1098000,96,1,500,0.055402525663375855,0.0021794191214568335,0.011959588527679444,0.04344293713569641,96.0,0.4747474747474748,64,False
env,tune,mix_broad_low_narrow_high,C,200,200,1098000,128,1,500,0.06511595767736435,0.0027984851724176417,0.006883823156356812,0.05823213452100754,128.0,0.6363636363636365,64,False
env,tune,mix_broad_low_narrow_high,C,200,200,1098000,192,1,500,0.202323107406497,0.009019892899177708,0.0007442580461502075,0.20157884936034678,192.0,0.9595959595959597,64,False
env,tune,mix_broad_low_narrow_high,C,500,500,1101000,2,1,500,0.4418002277761698,0.010968076890196748,0.44062389151751996,0.001176336258649826,2.0,0.0,128,False
env,tune,mix_broad_low_narrow_high,C,500,500,1101000,4,1,500,0.3001974196135998,0.00987879562073848,0.2979659608900547,0.0022314587235450745,4.0,0.004016064257028113,128,False
env,tune,mix_broad_low_narrow_high,C,500,500,1101000,8,1,500,0.17220881915092467,0.0072965237901736375,0.16848782357573508,0.0037209955751895903,8.0,0.01204819277108434,128,False
env,tune,mix_broad_low_narrow_high,C,500,500,1101000,12,1,500,0.11908670008182526,0.005205736709061368,0.1154044525027275,0.0036822475790977477,12.0,0.020080321285140566,128,False
env,tune,mix_broad_low_narrow_high,C,500,500,1101000,16,1,500,0.09328470754623414,0.003965249071139614,0.08921659618616104,0.0040681113600730895,16.0,0.02811244979919679,128,False
env,tune,mix_broad_low_narrow_high,C,500,500,1101000,24,1,500,0.06990139126777649,0.0023799700910843474,0.06430325281620025,0.005598138451576233,24.0,0.04417670682730924,128,False
env,tune,mix_broad_low_narrow_high,C,500,500,1101000,32,1,500,0.059554498195648196,0.0018372416985065639,0.05184479057788849,0.007709707617759704,32.0,0.060240963855421666,128,False
env,tune,mix_broad_low_narrow_high,C,500,500,1101000,48,1,500,0.050733675837516784,0.0015634102306121209,0.03917308056354523,0.011560595273971557,48.0,0.09236947791164661,128,False
env,tune,mix_broad_low_narrow_high,C,500,500,1101000,64,1,500,0.047791128516197205,0.0014949274190663945,0.03163193154335022,0.016159196972846984,64.0,0.12449799196787148,128,False
env,tune,mix_broad_low_narrow_high,C,500,500,1101000,96,1,500,0.046697944164276126,0.0015371770269915208,0.02461678433418274,0.022081159830093382,96.0,0.1887550200803213,128,False
env,tune,mix_broad_low_narrow_high,C,500,500,1101000,128,1,500,0.045457193613052366,0.0015617127091536248,0.01989884662628174,0.02555834698677063,128.0,0.25301204819277107,128,True
env,tune,mix_broad_low_narrow_high,C,500,500,1101000,192,1,500,0.04611699247360229,0.0016517342093840882,0.012723366975784302,0.03339362549781799,192.0,0.38152610441767076,128,False
env,tune,mix_broad_low_narrow_high,C,500,500,1101000,256,1,500,0.059640336513519285,0.0019368843747391703,0.008665537118911742,0.05097479939460754,256.0,0.5100401606425703,128,False
env,tune,mix_broad_low_narrow_high,C,500,500,1101000,400,1,500,0.07145334255695343,0.002237723705406093,0.002542789101600647,0.06891055345535278,400.0,0.7991967871485943,128,False
env,tune,mix_broad_low_narrow_high,C,1000,1000,1104000,2,1,500,0.4497739644050598,0.010606492717347342,0.44910570959746837,0.0006682548075914383,2.0,0.0,192,False
env,tune,mix_broad_low_narrow_high,C,1000,1000,1104000,4,1,500,0.3107584035396576,0.009538006659240397,0.3099751859307289,0.0007832176089286804,4.0,0.0020040080160320635,192,False
env,tune,mix_broad_low_narrow_high,C,1000,1000,1104000,8,1,500,0.19129693177342416,0.00747137790462997,0.19042174631357192,0.0008751854598522186,8.0,0.006012024048096194,192,False
env,tune,mix_broad_low_narrow_high,C,1000,1000,1104000,12,1,500,0.1389641371369362,0.005906771749605755,0.1376048220396042,0.0013593150973320008,12.0,0.010020040080160319,192,False
env,tune,mix_broad_low_narrow_high,C,1000,1000,1104000,16,1,500,0.11404407185316086,0.0049051709544521566,0.11223101478815078,0.0018130570650100708,16.0,0.014028056112224454,192,False
env,tune,mix_broad_low_narrow_high,C,1000,1000,1104000,24,1,500,0.07840085023641587,0.003116976797066981,0.07553677195310593,0.0028640782833099366,24.0,0.02204408817635271,192,False
env,tune,mix_broad_low_narrow_high,C,1000,1000,1104000,32,1,500,0.06622530782222748,0.002250444982440781,0.06188414943218231,0.004341158390045166,32.0,0.030060120240480957,192,False
env,tune,mix_broad_low_narrow_high,C,1000,1000,1104000,48,1,500,0.05279628038406372,0.0016050409508924276,0.04622119772434235,0.006575082659721374,48.0,0.04609218436873748,192,False
env,tune,mix_broad_low_narrow_high,C,1000,1000,1104000,64,1,500,0.04587487232685089,0.0013232698058575445,0.03781090021133423,0.008063972115516663,64.0,0.062124248496993974,192,False
env,tune,mix_broad_low_narrow_high,C,1000,1000,1104000,96,1,500,0.0422255254983902,0.0012560941678400502,0.030359901785850525,0.011865623712539674,96.0,0.09418837675350701,192,False
env,tune,mix_broad_low_narrow_high,C,1000,1000,1104000,128,1,500,0.04096819412708282,0.0013161260896167788,0.02515393853187561,0.015814255595207213,128.0,0.12625250501002006,192,False
env,tune,mix_broad_low_narrow_high,C,1000,1000,1104000,192,1,500,0.0407409895658493,0.0013555465494302654,0.019584991455078124,0.02115599811077118,192.0,0.19038076152304614,192,True
env,tune,mix_broad_low_narrow_high,C,1000,1000,1104000,256,1,500,0.0411519672870636,0.0013667481506650348,0.014844685196876525,0.026307282090187074,256.0,0.2545090180360722,192,False
env,tune,mix_broad_low_narrow_high,C,1000,1000,1104000,400,1,500,0.04742491436004639,0.001609376103862277,0.008994680047035217,0.038430234313011166,400.0,0.39879759519038066,192,False
env,tune,mix_bulk_half_tiny_cluster_high,C,50,50,1107000,2,1,500,0.35409219992160795,0.006209529737401982,0.33542594039440154,0.018666259527206422,2.0,0.0,24,False
env,tune,mix_bulk_half_tiny_cluster_high,C,50,50,1107000,4,1,500,0.3091309311389923,0.007266090943458913,0.28176169258356093,0.027369238555431365,4.0,0.04166666666666666,24,False
env,tune,mix_bulk_half_tiny_cluster_high,C,50,50,1107000,8,1,500,0.256343133687973,0.008037249910813758,0.2122359925508499,0.04410714113712311,8.0,0.125,24,False
env,tune,mix_bulk_half_tiny_cluster_high,C,50,50,1107000,12,1,500,0.21133477199077605,0.008225229783988076,0.15892499494552612,0.05240977704524994,12.0,0.20833333333333334,24,False
env,tune,mix_bulk_half_tiny_cluster_high,C,50,50,1107000,16,1,500,0.19670287841558456,0.008272642254734666,0.12245382273197174,0.07424905568361283,16.0,0.2916666666666667,24,False
env,tune,mix_bulk_half_tiny_cluster_high,C,50,50,1107000,24,1,500,0.1782299136519432,0.008107538507753765,0.07397110521793365,0.10425880843400956,24.0,0.45833333333333326,24,True
env,tune,mix_bulk_half_tiny_cluster_high,C,50,50,1107000,32,1,500,0.23256523448228836,0.0082922113219597,0.037665183782577515,0.19490005069971084,32.0,0.625,24,False
env,tune,mix_bulk_half_tiny_cluster_high,C,50,50,1107000,48,1,500,0.3412874612212181,0.006699782029089182,0.003062243103981018,0.3382252181172371,48.0,0.9583333333333335,24,False
env,tune,mix_bulk_half_tiny_cluster_high,C,100,100,1110000,2,1,500,0.3670712584257126,0.005976577476364036,0.3573724488019943,0.009698809623718262,2.0,0.0,32,False
env,tune,mix_bulk_half_tiny_cluster_high,C,100,100,1110000,4,1,500,0.3264508159160614,0.0071615791054396435,0.3037084293961525,0.022742386519908904,4.0,0.02040816326530612,32,False
env,tune,mix_bulk_half_tiny_cluster_high,C,100,100,1110000,8,1,500,0.2770284847021103,0.008104450260138878,0.2464021505713463,0.03062633413076401,8.0,0.06122448979591836,32,False
env,tune,mix_bulk_half_tiny_cluster_high,C,100,100,1110000,12,1,500,0.23355012679100037,0.008417327608630454,0.1976081427335739,0.035941984057426456,12.0,0.1020408163265306,32,False
env,tune,mix_bulk_half_tiny_cluster_high,C,100,100,1110000,16,1,500,0.20332709002494812,0.008344748882936468,0.16701525056362151,0.0363118394613266,16.0,0.1428571428571428,32,False
env,tune,mix_bulk_half_tiny_cluster_high,C,100,100,1110000,24,1,500,0.16464362752437592,0.00817072918494773,0.11328444838523864,0.05135917913913727,24.0,0.22448979591836735,32,False
env,tune,mix_bulk_half_tiny_cluster_high,C,100,100,1110000,32,1,500,0.14234899294376374,0.007908349878206971,0.07702783000469207,0.06532116293907166,32.0,0.3061224489795919,32,True
env,tune,mix_bulk_half_tiny_cluster_high,C,100,100,1110000,48,1,500,0.15798641705513,0.008007531331915394,0.03687236797809601,0.12111404907703399,48.0,0.4693877551020407,32,False
env,tune,mix_bulk_half_tiny_cluster_high,C,100,100,1110000,64,1,500,0.1927813975214958,0.008486592193738372,0.014564352035522461,0.17821704548597336,64.0,0.6326530612244898,32,False
env,tune,mix_bulk_half_tiny_cluster_high,C,100,100,1110000,96,1,500,0.3489569383859634,0.006971009634361887,0.0024833983182907106,0.3464735400676727,96.0,0.959183673469388,32,False
env,tune,mix_bulk_half_tiny_cluster_high,C,200,200,1113000,2,1,500,0.3899821669459343,0.005304580017077472,0.38113032829761506,0.008851838648319245,2.0,0.0,64,False
env,tune,mix_bulk_half_tiny_cluster_high,C,200,200,1113000,4,1,500,0.3547269686460495,0.006154840250988245,0.3374906920194626,0.017236276626586913,4.0,0.0101010101010101,64,False
env,tune,mix_bulk_half_tiny_cluster_high,C,200,200,1113000,8,1,500,0.29457394874095916,0.007648117177456308,0.27140711253881455,0.023166836202144624,8.0,0.030303030303030293,64,False
env,tune,mix_bulk_half_tiny_cluster_high,C,200,200,1113000,12,1,500,0.24231399017572403,0.008281478613478903,0.2174156347513199,0.024898355424404144,12.0,0.050505050505050504,64,False
env,tune,mix_bulk_half_tiny_cluster_high,C,200,200,1113000,16,1,500,0.1952808816432953,0.008297589680122407,0.1722394552230835,0.023041426420211793,16.0,0.07070707070707072,64,False
env,tune,mix_bulk_half_tiny_cluster_high,C,200,200,1113000,24,1,500,0.14586387437582016,0.00761485853450926,0.12086883962154388,0.024995034754276276,24.0,0.11111111111111115,64,False
env,tune,mix_bulk_half_tiny_cluster_high,C,200,200,1113000,32,1,500,0.1005627259016037,0.006481199282939759,0.0776077332496643,0.022954992651939392,32.0,0.15151515151515152,64,False
env,tune,mix_bulk_half_tiny_cluster_high,C,200,200,1113000,48,1,500,0.07661448818445206,0.0055567143974819344,0.04089238345623016,0.03572210472822189,48.0,0.23232323232323226,64,False
env,tune,mix_bulk_half_tiny_cluster_high,C,200,200,1113000,64,1,500,0.07004471457004548,0.005279769467332599,0.02676692259311676,0.04327779197692871,64.0,0.31313131313131315,64,True
env,tune,mix_bulk_half_tiny_cluster_high,C,200,200,1113000,96,1,500,0.07304433828592301,0.005381848011122927,0.011111788749694824,0.06193254953622818,96.0,0.4747474747474748,64,False
env,tune,mix_bulk_half_tiny_cluster_high,C,200,200,1113000,128,1,500,0.10353207623958588,0.006632505068477234,0.005479946970939636,0.09805212926864625,128.0,0.6363636363636365,64,False
env,tune,mix_bulk_half_tiny_cluster_high,C,200,200,1113000,192,1,500,0.3329708737134933,0.007645476440858368,0.0003647031784057617,0.33260617053508756,192.0,0.9595959595959597,64,False
env,tune,mix_bulk_half_tiny_cluster_high,C,500,500,1116000,2,1,500,0.39988265359401703,0.004917596447215333,0.3952037456631661,0.004678907930850983,2.0,0.0,128,False
env,tune,mix_bulk_half_tiny_cluster_high,C,500,500,1116000,4,1,500,0.344653178691864,0.006422401327250518,0.3362254714369774,0.008427707254886627,4.0,0.004016064257028113,128,False
env,tune,mix_bulk_half_tiny_cluster_high,C,500,500,1116000,8,1,500,0.2755429903268814,0.007666757001061982,0.26195449525117875,0.013588495075702667,8.0,0.01204819277108434,128,False
env,tune,mix_bulk_half_tiny_cluster_high,C,500,500,1116000,12,1,500,0.2327625733613968,0.007959465350339312,0.21850588858127595,0.01425668478012085,12.0,0.020080321285140566,128,False
env,tune,mix_bulk_half_tiny_cluster_high,C,500,500,1116000,16,1,500,0.19435521775484085,0.007809453654187943,0.18187715220451356,0.012478065550327301,16.0,0.02811244979919679,128,False
env,tune,mix_bulk_half_tiny_cluster_high,C,500,500,1116000,24,1,500,0.143176209628582,0.007228386544733204,0.12999558591842653,0.013180623710155487,24.0,0.04417670682730924,128,False
env,tune,mix_bulk_half_tiny_cluster_high,C,500,500,1116000,32,1,500,0.10290598428249359,0.0061878991483341,0.09204457342624664,0.010861410856246949,32.0,0.060240963855421666,128,False
env,tune,mix_bulk_half_tiny_cluster_high,C,500,500,1116000,48,1,500,0.06862360489368438,0.004823934842881611,0.05773103678226471,0.010892568111419677,48.0,0.09236947791164661,128,False
env,tune,mix_bulk_half_tiny_cluster_high,C,500,500,1116000,64,1,500,0.051590079724788664,0.0037587722952532156,0.040259952664375306,0.01133012706041336,64.0,0.12449799196787148,128,False
env,tune,mix_bulk_half_tiny_cluster_high,C,500,500,1116000,96,1,500,0.03701339387893677,0.0021845505611980892,0.021887024879455565,0.0151263689994812,96.0,0.1887550200803213,128,False
env,tune,mix_bulk_half_tiny_cluster_high,C,500,500,1116000,128,1,500,0.03464337521791458,0.0020329996832709157,0.015712707161903382,0.0189306680560112,128.0,0.25301204819277107,128,True
env,tune,mix_bulk_half_tiny_cluster_high,C,500,500,1116000,192,1,500,0.03548504686355591,0.0019039982015073397,0.01032167387008667,0.025163372993469237,192.0,0.38152610441767076,128,False
env,tune,mix_bulk_half_tiny_cluster_high,C,500,500,1116000,256,1,500,0.0398487868309021,0.0021629288450678587,0.006633246779441834,0.03321554005146027,256.0,0.5100401606425703,128,False
env,tune,mix_bulk_half_tiny_cluster_high,C,500,500,1116000,400,1,500,0.08326886194944381,0.005764200786107235,0.0017884033918380737,0.08148045855760574,400.0,0.7991967871485943,128,False
env,tune,mix_bulk_half_tiny_cluster_high,C,1000,1000,1119000,2,1,500,0.3884610205292702,0.005581668155036699,0.38585649931430815,0.0026045212149620055,2.0,0.0,256,False
env,tune,mix_bulk_half_tiny_cluster_high,C,1000,1000,1119000,4,1,500,0.3354455450177193,0.006680181814706747,0.33054356557130815,0.004901979446411133,4.0,0.0020040080160320635,256,False
env,tune,mix_bulk_half_tiny_cluster_high,C,1000,1000,1119000,8,1,500,0.27110050612688064,0.007699910855872866,0.26186288237571714,0.009237623751163482,8.0,0.006012024048096194,256,False
env,tune,mix_bulk_half_tiny_cluster_high,C,1000,1000,1119000,12,1,500,0.22967420846223832,0.007833736346885249,0.22042781138420106,0.009246397078037262,12.0,0.010020040080160319,256,False
env,tune,mix_bulk_half_tiny_cluster_high,C,1000,1000,1119000,16,1,500,0.19233967536687852,0.007724455877285805,0.18280944979190827,0.009530225574970245,16.0,0.014028056112224454,256,False
env,tune,mix_bulk_half_tiny_cluster_high,C,1000,1000,1119000,24,1,500,0.13568571084737777,0.006889565971737523,0.12784387338161468,0.007841837465763092,24.0,0.02204408817635271,256,False
env,tune,mix_bulk_half_tiny_cluster_high,C,1000,1000,1119000,32,1,500,0.10456162297725677,0.006051290507767965,0.09742743802070618,0.007134184956550598,32.0,0.030060120240480957,256,False
env,tune,mix_bulk_half_tiny_cluster_high,C,1000,1000,1119000,48,1,500,0.061527361512184145,0.003985815501969301,0.05716368961334228,0.004363671898841858,48.0,0.04609218436873748,256,False
env,tune,mix_bulk_half_tiny_cluster_high,C,1000,1000,1119000,64,1,500,0.04489061236381531,0.0028251503764632857,0.04044347298145294,0.004447139382362366,64.0,0.062124248496993974,256,False
env,tune,mix_bulk_half_tiny_cluster_high,C,1000,1000,1119000,96,1,500,0.0334565052986145,0.0016504087493889646,0.026925530672073365,0.006530974626541138,96.0,0.09418837675350701,256,False
env,tune,mix_bulk_half_tiny_cluster_high,C,1000,1000,1119000,128,1,500,0.02926611638069153,0.0010180310745529924,0.02066970705986023,0.008596409320831298,128.0,0.12625250501002006,256,False
env,tune,mix_bulk_half_tiny_cluster_high,C,1000,1000,1119000,192,1,500,0.027273250579833985,0.0009267112384869696,0.014669149518013,0.012604101061820984,192.0,0.19038076152304614,256,False
env,tune,mix_bulk_half_tiny_cluster_high,C,1000,1000,1119000,256,1,500,0.026859549403190613,0.0008945897099722905,0.01101819920539856,0.015841350197792054,256.0,0.2545090180360722,256,True
env,tune,mix_bulk_half_tiny_cluster_high,C,1000,1000,1119000,400,1,500,0.031282852292060855,0.0010337204212932608,0.006736216902732849,0.024546635389328005,400.0,0.39879759519038066,256,False
env,tune,mix_many_mediocre_rare_excellent,C,50,50,1122000,2,1,500,0.3155744735300541,0.007058072057214346,0.301795730561018,0.013778742969036101,2.0,0.0,24,False
env,tune,mix_many_mediocre_rare_excellent,C,50,50,1122000,4,1,500,0.2550199565887451,0.006827173147712366,0.22564339780807496,0.029376558780670164,4.0,0.04166666666666666,24,False
env,tune,mix_many_mediocre_rare_excellent,C,50,50,1122000,8,1,500,0.20068558180332183,0.00666985361340847,0.15542246836423873,0.0452631134390831,8.0,0.125,24,False
env,tune,mix_many_mediocre_rare_excellent,C,50,50,1122000,12,1,500,0.18211985230445862,0.006432411153704579,0.11555337190628051,0.0665664803981781,12.0,0.20833333333333334,24,False
env,tune,mix_many_mediocre_rare_excellent,C,50,50,1122000,16,1,500,0.16533656400442123,0.0063417143221632805,0.09165878915786743,0.0736777748465538,16.0,0.2916666666666667,24,False
env,tune,mix_many_mediocre_rare_excellent,C,50,50,1122000,24,1,500,0.16039459669589998,0.0062318007659851495,0.05284581971168518,0.10754877698421478,24.0,0.45833333333333326,24,True
env,tune,mix_many_mediocre_rare_excellent,C,50,50,1122000,32,1,500,0.1916262145638466,0.006728457644840019,0.027705100536346436,0.16392111402750015,32.0,0.625,24,False
env,tune,mix_many_mediocre_rare_excellent,C,50,50,1122000,48,1,500,0.3040444256663322,0.007275258266840287,0.0026262311935424804,0.3014181944727898,48.0,0.9583333333333335,24,False
env,tune,mix_many_mediocre_rare_excellent,C,100,100,1125000,2,1,500,0.3529862173497677,0.00633957317110054,0.34643058386445047,0.00655563348531723,2.0,0.0,32,False
env,tune,mix_many_mediocre_rare_excellent,C,100,100,1125000,4,1,500,0.28700136786699293,0.005895623299466567,0.2710407681465149,0.015960599720478058,4.0,0.02040816326530612,32,False
env,tune,mix_many_mediocre_rare_excellent,C,100,100,1125000,8,1,500,0.22402480280399323,0.005885827261496619,0.19679485094547272,0.027229951858520507,8.0,0.06122448979591836,32,False
env,tune,mix_many_mediocre_rare_excellent,C,100,100,1125000,12,1,500,0.19563559645414352,0.006290612588171841,0.15506559801101685,0.04056999844312668,12.0,0.1020408163265306,32,False
env,tune,mix_many_mediocre_rare_excellent,C,100,100,1125000,16,1,500,0.1728522488474846,0.006200771424640221,0.12897628033161163,0.04387596851587296,16.0,0.1428571428571428,32,False
env,tune,mix_many_mediocre_rare_excellent,C,100,100,1125000,24,1,500,0.1431100043654442,0.0060476097189142005,0.0887985737323761,0.054311430633068085,24.0,0.22448979591836735,32,False
env,tune,mix_many_mediocre_rare_excellent,C,100,100,1125000,32,1,500,0.13452587574720382,0.005947734113219715,0.0671577330827713,0.06736814266443253,32.0,0.3061224489795919,32,True
env,tune,mix_many_mediocre_rare_excellent,C,100,100,1125000,48,1,500,0.159443568110466,0.006451075603319872,0.04270515298843384,0.11673841512203216,48.0,0.4693877551020407,32,False
env,tune,mix_many_mediocre_rare_excellent,C,100,100,1125000,64,1,500,0.18772510546445847,0.006848070731250012,0.022644039273262025,0.16508106619119645,64.0,0.6326530612244898,32,False
env,tune,mix_many_mediocre_rare_excellent,C,100,100,1125000,96,1,500,0.3123837394416332,0.007337274844470273,0.0027595895528793337,0.30962414988875386,96.0,0.959183673469388,32,False
env,tune,mix_many_mediocre_rare_excellent,C,200,200,1128000,2,1,500,0.3619353132843971,0.006135403260565999,0.35779592698812485,0.004139386296272278,2.0,0.0,64,False
env,tune,mix_many_mediocre_rare_excellent,C,200,200,1128000,4,1,500,0.2896604617238045,0.0056920556084657315,0.2807615527510643,0.008898908972740174,4.0,0.0101010101010101,64,False
env,tune,mix_many_mediocre_rare_excellent,C,200,200,1128000,8,1,500,0.22596199303865433,0.005516575591501538,0.21150204837322234,0.014459944665431976,8.0,0.030303030303030293,64,False
env,tune,mix_many_mediocre_rare_excellent,C,200,200,1128000,12,1,500,0.19839418143033982,0.005579547902865632,0.17684473311901092,0.02154944831132889,12.0,0.050505050505050504,64,False
env,tune,mix_many_mediocre_rare_excellent,C,200,200,1128000,16,1,500,0.1772979955673218,0.0053909260516121545,0.15430385792255402,0.02299413764476776,16.0,0.07070707070707072,64,False
env,tune,mix_many_mediocre_rare_excellent,C,200,200,1128000,24,1,500,0.14465054929256438,0.005463298769735487,0.11534233570098877,0.02930821359157562,24.0,0.11111111111111115,64,False
env,tune,mix_many_mediocre_rare_excellent,C,200,200,1128000,32,1,500,0.13058119249343872,0.005286711670477518,0.0954554842710495,0.035125708222389224,32.0,0.15151515151515152,64,False
env,tune,mix_many_mediocre_rare_excellent,C,200,200,1128000,48,1,500,0.11158752739429474,0.0051964339563454085,0.06601408290863037,0.04557344448566437,48.0,0.23232323232323226,64,False
env,tune,mix_many_mediocre_rare_excellent,C,200,200,1128000,64,1,500,0.10083626705408097,0.0051355326829497765,0.0476131557226181,0.05322311133146286,64.0,0.31313131313131315,64,True
env,tune,mix_many_mediocre_rare_excellent,C,200,200,1128000,96,1,500,0.10458536183834076,0.005435563406105597,0.024287206292152405,0.08029815554618835,96.0,0.4747474747474748,64,False
env,tune,mix_many_mediocre_rare_excellent,C,200,200,1128000,128,1,500,0.1347767573595047,0.005941252099833776,0.01365580940246582,0.12112094795703889,128.0,0.6363636363636365,64,False
env,tune,mix_many_mediocre_rare_excellent,C,200,200,1128000,192,1,500,0.3106607424020767,0.007101079426454591,0.0009459969997406006,0.3097147454023361,192.0,0.9595959595959597,64,False
env,tune,mix_many_mediocre_rare_excellent,C,500,500,1131000,2,1,500,0.37938886260986326,0.005912318837690814,0.37778203266859056,0.0016068299412727357,2.0,0.0,128,False
env,tune,mix_many_mediocre_rare_excellent,C,500,500,1131000,4,1,500,0.302182236969471,0.00555470523984638,0.2989493224620819,0.0032329145073890686,4.0,0.004016064257028113,128,False
env,tune,mix_many_mediocre_rare_excellent,C,500,500,1131000,8,1,500,0.23873404347896576,0.005225145200555769,0.23342236346006393,0.005311680018901825,8.0,0.01204819277108434,128,False
env,tune,mix_many_mediocre_rare_excellent,C,500,500,1131000,12,1,500,0.20361981081962585,0.005022625225449122,0.19564592897891997,0.007973881840705872,12.0,0.020080321285140566,128,False
env,tune,mix_many_mediocre_rare_excellent,C,500,500,1131000,16,1,500,0.1782017365694046,0.004913997646946604,0.16915835428237916,0.009043382287025451,16.0,0.02811244979919679,128,False
env,tune,mix_many_mediocre_rare_excellent,C,500,500,1131000,24,1,500,0.14783995234966277,0.004811796432588261,0.13591283440589905,0.011927117943763733,24.0,0.04417670682730924,128,False
env,tune,mix_many_mediocre_rare_excellent,C,500,500,1131000,32,1,500,0.12592312097549438,0.0045515893225433765,0.11414376246929168,0.011779358506202698,32.0,0.060240963855421666,128,False
env,tune,mix_many_mediocre_rare_excellent,C,500,500,1131000,48,1,500,0.08931507313251495,0.004025889960701617,0.0768683420419693,0.012446731090545655,48.0,0.09236947791164661,128,False
env,tune,mix_many_mediocre_rare_excellent,C,500,500,1131000,64,1,500,0.06932396531105041,0.003454475730626771,0.056951953172683714,0.0123720121383667,64.0,0.12449799196787148,128,False
env,tune,mix_many_mediocre_rare_excellent,C,500,500,1131000,96,1,500,0.05497166883945465,0.003209639847988432,0.036170021772384646,0.018801647067070007,96.0,0.1887550200803213,128,False
env,tune,mix_many_mediocre_rare_excellent,C,500,500,1131000,128,1,500,0.045809476256370545,0.002700221168348553,0.026963023781776427,0.018846452474594117,128.0,0.25301204819277107,128,True
env,tune,mix_many_mediocre_rare_excellent,C,500,500,1131000,192,1,500,0.04697029674053192,0.0028444541246877026,0.015767156004905702,0.03120314073562622,192.0,0.38152610441767076,128,False
env,tune,mix_many_mediocre_rare_excellent,C,500,500,1131000,256,1,500,0.06490271556377411,0.0038544272055118034,0.010401154637336731,0.054501560926437376,256.0,0.5100401606425703,128,False
env,tune,mix_many_mediocre_rare_excellent,C,500,500,1131000,400,1,500,0.1280074974298477,0.00556783039374744,0.0030708004236221316,0.12493669700622559,400.0,0.7991967871485943,128,False
env,tune,mix_many_mediocre_rare_excellent,C,1000,1000,1134000,2,1,500,0.37832565265893936,0.006371480008271405,0.3769170855879784,0.0014085670709609985,2.0,0.0,256,False
env,tune,mix_many_mediocre_rare_excellent,C,1000,1000,1134000,4,1,500,0.30118355321884155,0.00571489894931372,0.29945071202516554,0.0017328411936759949,4.0,0.0020040080160320635,256,False
env,tune,mix_many_mediocre_rare_excellent,C,1000,1000,1134000,8,1,500,0.239888221681118,0.005271517329518113,0.23649464720487595,0.0033935744762420656,8.0,0.006012024048096194,256,False
env,tune,mix_many_mediocre_rare_excellent,C,1000,1000,1134000,12,1,500,0.20516273921728134,0.005028853776062266,0.20069609558582305,0.0044666436314582825,12.0,0.010020040080160319,256,False
env,tune,mix_many_mediocre_rare_excellent,C,1000,1000,1134000,16,1,500,0.1753033902645111,0.004840527832769304,0.17146269738674164,0.00384069287776947,16.0,0.014028056112224454,256,False
env,tune,mix_many_mediocre_rare_excellent,C,1000,1000,1134000,24,1,500,0.14298697125911713,0.004672003527731397,0.13662025332450867,0.006366717934608459,24.0,0.02204408817635271,256,False
env,tune,mix_many_mediocre_rare_excellent,C,1000,1000,1134000,32,1,500,0.12405358636379242,0.004287319572426342,0.11875249850749969,0.0053010878562927246,32.0,0.030060120240480957,256,False
env,tune,mix_many_mediocre_rare_excellent,C,1000,1000,1134000,48,1,500,0.09182405459880828,0.0035829987228518027,0.08720432198047638,0.004619732618331909,48.0,0.04609218436873748,256,False
env,tune,mix_many_mediocre_rare_excellent,C,1000,1000,1134000,64,1,500,0.07322699654102326,0.003213466165425657,0.06787903010845184,0.005347966432571411,64.0,0.062124248496993974,256,False
env,tune,mix_many_mediocre_rare_excellent,C,1000,1000,1134000,96,1,500,0.050324939370155336,0.00250135646965091,0.045016308188438416,0.005308631181716919,96.0,0.09418837675350701,256,False
env,tune,mix_many_mediocre_rare_excellent,C,1000,1000,1134000,128,1,500,0.04102503776550293,0.0021561248508130317,0.03404619610309601,0.006978841662406921,128.0,0.12625250501002006,256,False
env,tune,mix_many_mediocre_rare_excellent,C,1000,1000,1134000,192,1,500,0.031229481339454652,0.0015724977832839106,0.023070439577102662,0.00815904176235199,192.0,0.19038076152304614,256,False
env,tune,mix_many_mediocre_rare_excellent,C,1000,1000,1134000,256,1,500,0.029388248443603517,0.0013815644788001712,0.01749851965904236,0.011889728784561158,256.0,0.2545090180360722,256,True
env,tune,mix_many_mediocre_rare_excellent,C,1000,1000,1134000,400,1,500,0.03352474856376648,0.0016428656615706729,0.010741214275360107,0.022783534288406373,400.0,0.39879759519038066,256,False
env,tune,tail_b0.5_mu0.8_c1.0,B,50,50,1137000,2,1,500,0.15873284484352918,0.008190488458187107,0.15221918915957214,0.0065136556839570404,2.0,0.0,16,False
env,tune,tail_b0.5_mu0.8_c1.0,B,50,50,1137000,4,1,500,0.08353203903138638,0.0050766953944722006,0.06575333458185197,0.017778704449534416,4.0,0.04166666666666666,16,False
env,tune,tail_b0.5_mu0.8_c1.0,B,50,50,1137000,8,1,500,0.06038094770908356,0.0035668493069548686,0.021316959261894225,0.03906398844718933,8.0,0.125,16,False
env,tune,tail_b0.5_mu0.8_c1.0,B,50,50,1137000,12,1,500,0.053035853147506716,0.0032826202986560964,0.008597883343696594,0.044437969803810116,12.0,0.20833333333333334,16,False
env,tune,tail_b0.5_mu0.8_c1.0,B,50,50,1137000,16,1,500,0.04819773572683334,0.0028097779254182224,0.0051975206136703495,0.043000215113162994,16.0,0.2916666666666667,16,True
env,tune,tail_b0.5_mu0.8_c1.0,B,50,50,1137000,24,1,500,0.05247391325235367,0.0033749247636459473,0.002128194808959961,0.05034571844339371,24.0,0.45833333333333326,16,False
env,tune,tail_b0.5_mu0.8_c1.0,B,50,50,1137000,32,1,500,0.06161878180503845,0.0035990367777685695,0.0008802841901779175,0.06073849761486053,32.0,0.625,16,False
env,tune,tail_b0.5_mu0.8_c1.0,B,50,50,1137000,48,1,500,0.11957364711165429,0.0061740396523660935,7.986104488372803e-05,0.11949378606677055,48.0,0.9583333333333335,16,False
env,tune,tail_b0.5_mu0.8_c1.0,B,100,100,1140000,2,1,500,0.16445193023979665,0.008222983439693759,0.16023280715942384,0.00421912308037281,2.0,0.0,16,False
env,tune,tail_b0.5_mu0.8_c1.0,B,100,100,1140000,4,1,500,0.08297380216419697,0.004818313728813559,0.06987653252482415,0.013097269639372825,4.0,0.02040816326530612,16,False
env,tune,tail_b0.5_mu0.8_c1.0,B,100,100,1140000,8,1,500,0.03917955774068833,0.0023899980032468494,0.020563972592353822,0.018615585148334505,8.0,0.06122448979591836,16,False
env,tune,tail_b0.5_mu0.8_c1.0,B,100,100,1140000,12,1,500,0.035882722675800324,0.0021435052551292046,0.009906639218330383,0.02597608345746994,12.0,0.1020408163265306,16,False
env,tune,tail_b0.5_mu0.8_c1.0,B,100,100,1140000,16,1,500,0.03577509582042694,0.0021218727581103136,0.005854367256164551,0.02992072856426239,16.0,0.1428571428571428,16,True
env,tune,tail_b0.5_mu0.8_c1.0,B,100,100,1140000,24,1,500,0.03739608532190323,0.002222309892330151,0.0027428656816482545,0.03465321964025497,24.0,0.22448979591836735,16,False
env,tune,tail_b0.5_mu0.8_c1.0,B,100,100,1140000,32,1,500,0.03673138070106506,0.0021947487940031808,0.0017287288904190064,0.03500265181064606,32.0,0.3061224489795919,16,False
env,tune,tail_b0.5_mu0.8_c1.0,B,100,100,1140000,48,1,500,0.03843111622333527,0.0023169000322726665,0.0006101605892181397,0.03782095563411712,48.0,0.4693877551020407,16,False
env,tune,tail_b0.5_mu0.8_c1.0,B,100,100,1140000,64,1,500,0.04725727391242981,0.0026220479004201093,0.00027530598640441897,0.04698196792602539,64.0,0.6326530612244898,16,False
env,tune,tail_b0.5_mu0.8_c1.0,B,100,100,1140000,96,1,500,0.10413810500502586,0.005402019335730561,1.9020915031433105e-05,0.10411908408999443,96.0,0.959183673469388,16,False
env,tune,tail_b0.5_mu0.8_c1.0,B,200,200,1143000,2,1,500,0.1757454961389303,0.008872477744649812,0.1742021298855543,0.001543366253376007,2.0,0.0,16,False
env,tune,tail_b0.5_mu0.8_c1.0,B,200,200,1143000,4,1,500,0.07230900576710701,0.0044700654684630544,0.06698412296175957,0.005324882805347443,4.0,0.0101010101010101,16,False
env,tune,tail_b0.5_mu0.8_c1.0,B,200,200,1143000,8,1,500,0.03446216869354248,0.0020541831277835344,0.022304343461990356,0.012157825231552124,8.0,0.030303030303030293,16,False
env,tune,tail_b0.5_mu0.8_c1.0,B,200,200,1143000,12,1,500,0.025905146837234497,0.0017765779434112808,0.010092337608337403,0.015812809228897096,12.0,0.050505050505050504,16,False
env,tune,tail_b0.5_mu0.8_c1.0,B,200,200,1143000,16,1,500,0.024113144755363466,0.001525764185447042,0.0053141601085662845,0.01879898464679718,16.0,0.07070707070707072,16,True
env,tune,tail_b0.5_mu0.8_c1.0,B,200,200,1143000,24,1,500,0.02607974010705948,0.0016321888633525955,0.0025202085971832277,0.02355953150987625,24.0,0.11111111111111115,16,False
env,tune,tail_b0.5_mu0.8_c1.0,B,200,200,1143000,32,1,500,0.02605288189649582,0.0016303028809360911,0.0016092425584793091,0.02444363933801651,32.0,0.15151515151515152,16,False
env,tune,tail_b0.5_mu0.8_c1.0,B,200,200,1143000,48,1,500,0.02994756853580475,0.0018934950088049466,0.0006098829507827759,0.029337685585021974,48.0,0.23232323232323226,16,False
env,tune,tail_b0.5_mu0.8_c1.0,B,200,200,1143000,64,1,500,0.03142838847637176,0.002050897313775573,0.0003926681280136108,0.031035720348358154,64.0,0.31313131313131315,16,False
env,tune,tail_b0.5_mu0.8_c1.0,B,200,200,1143000,96,1,500,0.03340745031833649,0.002078982128473119,0.00013657116889953614,0.03327087914943695,96.0,0.4747474747474748,16,False
env,tune,tail_b0.5_mu0.8_c1.0,B,200,200,1143000,128,1,500,0.041278287708759305,0.002475902622106016,6.502938270568847e-05,0.04121325832605362,128.0,0.6363636363636365,16,False
env,tune,tail_b0.5_mu0.8_c1.0,B,200,200,1143000,192,1,500,0.08544337823987007,0.004719702257537234,3.4366846084594727e-06,0.0854399415552616,192.0,0.9595959595959597,16,False
env,tune,tail_b0.5_mu0.8_c1.0,B,500,500,1146000,2,1,500,0.1708417037986219,0.00896334221734091,0.16943780187889934,0.0014039019197225572,2.0,0.0,32,False
env,tune,tail_b0.5_mu0.8_c1.0,B,500,500,1146000,4,1,500,0.06798738254606723,0.0042516540946336894,0.0637489657253027,0.0042384168207645415,4.0,0.004016064257028113,32,False
env,tune,tail_b0.5_mu0.8_c1.0,B,500,500,1146000,8,1,500,0.029878966867923736,0.0017717074578832376,0.022292610704898835,0.0075863561630249024,8.0,0.01204819277108434,32,False
env,tune,tail_b0.5_mu0.8_c1.0,B,500,500,1146000,12,1,500,0.019845356702804566,0.0011384711649599652,0.010435386061668396,0.009409970641136169,12.0,0.020080321285140566,32,False
env,tune,tail_b0.5_mu0.8_c1.0,B,500,500,1146000,16,1,500,0.017144367814064025,0.0009571927238686596,0.00610967230796814,0.011034695506095886,16.0,0.02811244979919679,32,False
env,tune,tail_b0.5_mu0.8_c1.0,B,500,500,1146000,24,1,500,0.016453225493431093,0.0009736185308776397,0.0030934185981750487,0.013359806895256043,24.0,0.04417670682730924,32,False
env,tune,tail_b0.5_mu0.8_c1.0,B,500,500,1146000,32,1,500,0.016008301973342895,0.000902448994192684,0.0018631917238235473,0.014145110249519349,32.0,0.060240963855421666,32,True
env,tune,tail_b0.5_mu0.8_c1.0,B,500,500,1146000,48,1,500,0.017747553825378418,0.0010191328276282464,0.0008190710544586182,0.0169284827709198,48.0,0.09236947791164661,32,False
env,tune,tail_b0.5_mu0.8_c1.0,B,500,500,1146000,64,1,500,0.017218526005744934,0.0010767506106575382,0.0004296858310699463,0.01678884017467499,64.0,0.12449799196787148,32,False
env,tune,tail_b0.5_mu0.8_c1.0,B,500,500,1146000,96,1,500,0.018626295685768127,0.0012742463618099528,0.00017423009872436523,0.01845206558704376,96.0,0.1887550200803213,32,False
env,tune,tail_b0.5_mu0.8_c1.0,B,500,500,1146000,128,1,500,0.019445213079452513,0.0012081150818466768,8.754706382751465e-05,0.019357666015625,128.0,0.25301204819277107,32,False
env,tune,tail_b0.5_mu0.8_c1.0,B,500,500,1146000,192,1,500,0.026589433312416078,0.001551645937010923,3.8280844688415526e-05,0.02655115246772766,192.0,0.38152610441767076,32,False
env,tune,tail_b0.5_mu0.8_c1.0,B,500,500,1146000,256,1,500,0.02581070613861084,0.001603840906140453,2.1729111671447752e-05,0.025788977026939393,256.0,0.5100401606425703,32,False
env,tune,tail_b0.5_mu0.8_c1.0,B,500,500,1146000,400,1,500,0.03220349758863449,0.0019328434723963445,3.966927528381348e-06,0.03219953066110611,400.0,0.7991967871485943,32,False
env,tune,tail_b0.5_mu0.8_c1.0,B,1000,1000,1149000,2,1,500,0.17273764439299702,0.008529530726301453,0.172305383939296,0.0004322604537010193,2.0,0.0,24,False
env,tune,tail_b0.5_mu0.8_c1.0,B,1000,1000,1149000,4,1,500,0.06955432063341141,0.004388465839414027,0.06829336857795715,0.0012609520554542541,4.0,0.0020040080160320635,24,False
env,tune,tail_b0.5_mu0.8_c1.0,B,1000,1000,1149000,8,1,500,0.026181676387786866,0.0017074111906583665,0.021940245509147645,0.004241430878639221,8.0,0.006012024048096194,24,False
env,tune,tail_b0.5_mu0.8_c1.0,B,1000,1000,1149000,12,1,500,0.01627824342250824,0.0009468410958385253,0.010633044123649597,0.005645199298858643,12.0,0.010020040080160319,24,False
env,tune,tail_b0.5_mu0.8_c1.0,B,1000,1000,1149000,16,1,500,0.012631726622581482,0.00071455203620363,0.005943607449531555,0.006688119173049927,16.0,0.014028056112224454,24,False
env,tune,tail_b0.5_mu0.8_c1.0,B,1000,1000,1149000,24,1,500,0.010787956357002259,0.0006028612004164714,0.0025501532554626466,0.008237803101539612,24.0,0.02204408817635271,24,True
env,tune,tail_b0.5_mu0.8_c1.0,B,1000,1000,1149000,32,1,500,0.010926917791366578,0.0006188997868292287,0.0015506343841552735,0.009376283407211304,32.0,0.030060120240480957,24,False
env,tune,tail_b0.5_mu0.8_c1.0,B,1000,1000,1149000,48,1,500,0.01241433048248291,0.0007387201816682506,0.0007546861171722412,0.011659644365310669,48.0,0.04609218436873748,24,False
env,tune,tail_b0.5_mu0.8_c1.0,B,1000,1000,1149000,64,1,500,0.011422194480895997,0.000661007161391796,0.00045761370658874514,0.010964580774307252,64.0,0.062124248496993974,24,False
env,tune,tail_b0.5_mu0.8_c1.0,B,1000,1000,1149000,96,1,500,0.013755710363388062,0.000832592704022394,0.00019092881679534912,0.013564781546592712,96.0,0.09418837675350701,24,False
env,tune,tail_b0.5_mu0.8_c1.0,B,1000,1000,1149000,128,1,500,0.015704018235206604,0.0009077606562747881,0.00010175943374633789,0.015602258801460265,128.0,0.12625250501002006,24,False
env,tune,tail_b0.5_mu0.8_c1.0,B,1000,1000,1149000,192,1,500,0.015235917687416077,0.0008990333877182502,4.327559471130371e-05,0.015192642092704774,192.0,0.19038076152304614,24,False
env,tune,tail_b0.5_mu0.8_c1.0,B,1000,1000,1149000,256,1,500,0.01773224174976349,0.0011496224427184165,2.5863409042358398e-05,0.01770637834072113,256.0,0.2545090180360722,24,False
env,tune,tail_b0.5_mu0.8_c1.0,B,1000,1000,1149000,400,1,500,0.020266949892044066,0.0013261526285096394,9.13107395172119e-06,0.020257818818092348,400.0,0.39879759519038066,24,False
env,tune,tail_b0.5_mu0.8_c2.0,B,50,50,1152000,2,1,500,0.058500269770622254,0.002712124222433212,0.04234294867515564,0.016157321095466613,2.0,0.0,8,False
env,tune,tail_b0.5_mu0.8_c2.0,B,50,50,1152000,4,1,500,0.049432668566703794,0.00249605440259395,0.016780593752861023,0.032652074813842774,4.0,0.04166666666666666,8,False
env,tune,tail_b0.5_mu0.8_c2.0,B,50,50,1152000,8,1,500,0.040445886969566344,0.00222939879276407,0.005248200535774231,0.03519768643379211,8.0,0.125,8,True
env,tune,tail_b0.5_mu0.8_c2.0,B,50,50,1152000,12,1,500,0.04172469425201416,0.002213870514732399,0.0027218210697174073,0.039002873182296754,12.0,0.20833333333333334,8,False
env,tune,tail_b0.5_mu0.8_c2.0,B,50,50,1152000,16,1,500,0.04616659986972809,0.0023431179935464504,0.00157318913936615,0.04459341073036194,16.0,0.2916666666666667,8,False
env,tune,tail_b0.5_mu0.8_c2.0,B,50,50,1152000,24,1,500,0.044345566153526306,0.002431765584273828,0.000605843186378479,0.04373972296714783,24.0,0.45833333333333326,8,False
env,tune,tail_b0.5_mu0.8_c2.0,B,50,50,1152000,32,1,500,0.04949923872947693,0.0025242337309984916,0.00029335761070251466,0.049205881118774414,32.0,0.625,8,False
env,tune,tail_b0.5_mu0.8_c2.0,B,50,50,1152000,48,1,500,0.06847812747955322,0.0030127128489549,1.1217951774597167e-05,0.06846690952777862,48.0,0.9583333333333335,8,False
env,tune,tail_b0.5_mu0.8_c2.0,B,100,100,1155000,2,1,500,0.049710034489631655,0.0025707211669013007,0.04151801073551178,0.008192023754119874,2.0,0.0,24,False
env,tune,tail_b0.5_mu0.8_c2.0,B,100,100,1155000,4,1,500,0.03668786573410034,0.0019257322784034714,0.01788082408905029,0.018807041645050048,4.0,0.02040816326530612,24,False
env,tune,tail_b0.5_mu0.8_c2.0,B,100,100,1155000,8,1,500,0.031872772455215456,0.0018364836295770132,0.00520098876953125,0.026671783685684205,8.0,0.06122448979591836,24,False
env,tune,tail_b0.5_mu0.8_c2.0,B,100,100,1155000,12,1,500,0.033835532903671264,0.0019463955872832234,0.0030511735677719114,0.030784359335899354,12.0,0.1020408163265306,24,False
env,tune,tail_b0.5_mu0.8_c2.0,B,100,100,1155000,16,1,500,0.0307014422416687,0.0018021242719098729,0.0016718167066574097,0.029029625535011292,16.0,0.1428571428571428,24,False
env,tune,tail_b0.5_mu0.8_c2.0,B,100,100,1155000,24,1,500,0.02934513068199158,0.0018071544596667214,0.0007225983142852783,0.0286225323677063,24.0,0.22448979591836735,24,True
env,tune,tail_b0.5_mu0.8_c2.0,B,100,100,1155000,32,1,500,0.03347749388217926,0.001962617330738151,0.0004391813278198242,0.033038312554359434,32.0,0.3061224489795919,24,False
env,tune,tail_b0.5_mu0.8_c2.0,B,100,100,1155000,48,1,500,0.03846580910682678,0.0021361686755744153,0.00014206302165985108,0.03832374608516693,48.0,0.4693877551020407,24,False
env,tune,tail_b0.5_mu0.8_c2.0,B,100,100,1155000,64,1,500,0.04211139523983002,0.0022245254516031223,6.528282165527343e-05,0.04204611241817474,64.0,0.6326530612244898,24,False
env,tune,tail_b0.5_mu0.8_c2.0,B,100,100,1155000,96,1,500,0.0673498592376709,0.002971349713928508,3.2492876052856447e-06,0.06734660995006561,96.0,0.959183673469388,24,False
env,tune,tail_b0.5_mu0.8_c2.0,B,200,200,1158000,2,1,500,0.044467962980270385,0.002289576881987222,0.03789613115787506,0.006571831822395325,2.0,0.0,12,False
env,tune,tail_b0.5_mu0.8_c2.0,B,200,200,1158000,4,1,500,0.027293633937835692,0.0014904807737961946,0.01579263162612915,0.011501002311706542,4.0,0.0101010101010101,12,False
env,tune,tail_b0.5_mu0.8_c2.0,B,200,200,1158000,8,1,500,0.023675005316734315,0.0013929056666794762,0.005507635474205017,0.018167369842529296,8.0,0.030303030303030293,12,False
env,tune,tail_b0.5_mu0.8_c2.0,B,200,200,1158000,12,1,500,0.02082978558540344,0.0012010899654800748,0.0028161126375198364,0.018013672947883606,12.0,0.050505050505050504,12,True
env,tune,tail_b0.5_mu0.8_c2.0,B,200,200,1158000,16,1,500,0.022074364066123963,0.001282183123546469,0.0016154407262802125,0.02045892333984375,16.0,0.07070707070707072,12,False
env,tune,tail_b0.5_mu0.8_c2.0,B,200,200,1158000,24,1,500,0.022532552123069764,0.0013360254224281222,0.0007875986099243164,0.021744953513145447,24.0,0.11111111111111115,12,False
env,tune,tail_b0.5_mu0.8_c2.0,B,200,200,1158000,32,1,500,0.022318889260292053,0.0012840677608166328,0.00042576169967651364,0.02189312756061554,32.0,0.15151515151515152,12,False
env,tune,tail_b0.5_mu0.8_c2.0,B,200,200,1158000,48,1,500,0.028542590856552124,0.0017295445349458898,0.00018338704109191895,0.028359203815460206,48.0,0.23232323232323226,12,False
env,tune,tail_b0.5_mu0.8_c2.0,B,200,200,1158000,64,1,500,0.032740560293197635,0.001960272294273136,9.549713134765625e-05,0.03264506316184997,64.0,0.31313131313131315,12,False
env,tune,tail_b0.5_mu0.8_c2.0,B,200,200,1158000,96,1,500,0.03159836578369141,0.0017408554361583622,4.400765895843506e-05,0.03155435812473297,96.0,0.4747474747474748,12,False
env,tune,tail_b0.5_mu0.8_c2.0,B,200,200,1158000,128,1,500,0.03402257442474365,0.0018444528551516779,1.971566677093506e-05,0.034002858757972716,128.0,0.6363636363636365,12,False
env,tune,tail_b0.5_mu0.8_c2.0,B,200,200,1158000,192,1,500,0.05731361520290375,0.002762168627438644,6.229877471923828e-07,0.05731299221515655,192.0,0.9595959595959597,12,False
env,tune,tail_b0.5_mu0.8_c2.0,B,500,500,1161000,2,1,500,0.04170064222812653,0.0022043175070631054,0.03865381681919098,0.003046825408935547,2.0,0.0,12,False
env,tune,tail_b0.5_mu0.8_c2.0,B,500,500,1161000,4,1,500,0.02273315763473511,0.001296167964615126,0.015626022815704344,0.007107134819030762,4.0,0.004016064257028113,12,False
env,tune,tail_b0.5_mu0.8_c2.0,B,500,500,1161000,8,1,500,0.017769274830818176,0.0010353719744621227,0.005822550654411316,0.01194672417640686,8.0,0.01204819277108434,12,False
env,tune,tail_b0.5_mu0.8_c2.0,B,500,500,1161000,12,1,500,0.014473873138427734,0.0008591036310003208,0.0026854060888290405,0.011788467049598694,12.0,0.020080321285140566,12,True
env,tune,tail_b0.5_mu0.8_c2.0,B,500,500,1161000,16,1,500,0.014806272268295288,0.0009776958352060302,0.0016541192531585693,0.013152153015136718,16.0,0.02811244979919679,12,False
env,tune,tail_b0.5_mu0.8_c2.0,B,500,500,1161000,24,1,500,0.014827384233474732,0.0009333804678507186,0.0007125638723373413,0.014114820361137391,24.0,0.04417670682730924,12,False
env,tune,tail_b0.5_mu0.8_c2.0,B,500,500,1161000,32,1,500,0.015204245209693908,0.0009521665780953969,0.00042810308933258055,0.014776142120361328,32.0,0.060240963855421666,12,False
env,tune,tail_b0.5_mu0.8_c2.0,B,500,500,1161000,48,1,500,0.018286354422569276,0.0011528126355231183,0.00018834877014160155,0.018098005652427675,48.0,0.09236947791164661,12,False
env,tune,tail_b0.5_mu0.8_c2.0,B,500,500,1161000,64,1,500,0.017806387543678283,0.001124706545826115,0.00011601567268371582,0.017690371870994568,64.0,0.12449799196787148,12,False
env,tune,tail_b0.5_mu0.8_c2.0,B,500,500,1161000,96,1,500,0.022936235427856444,0.0013103893409534743,4.8359155654907226e-05,0.022887876272201537,96.0,0.1887550200803213,12,False
env,tune,tail_b0.5_mu0.8_c2.0,B,500,500,1161000,128,1,500,0.02259558057785034,0.001315492122572847,2.696073055267334e-05,0.022568619847297668,128.0,0.25301204819277107,12,False
env,tune,tail_b0.5_mu0.8_c2.0,B,500,500,1161000,192,1,500,0.02425105893611908,0.0015021655402349425,1.2942194938659667e-05,0.02423811674118042,192.0,0.38152610441767076,12,False
env,tune,tail_b0.5_mu0.8_c2.0,B,500,500,1161000,256,1,500,0.02665033507347107,0.0015429563652698411,6.269574165344239e-06,0.026644065499305727,256.0,0.5100401606425703,12,False
env,tune,tail_b0.5_mu0.8_c2.0,B,500,500,1161000,400,1,500,0.034477320551872255,0.0019702867158872877,1.0257959365844727e-06,0.034476294755935666,400.0,0.7991967871485943,12,False
env,tune,tail_b0.5_mu0.8_c2.0,B,1000,1000,1164000,2,1,500,0.04233343911170959,0.0022018466046320215,0.04128161025047302,0.0010518288612365722,2.0,0.0,32,False
env,tune,tail_b0.5_mu0.8_c2.0,B,1000,1000,1164000,4,1,500,0.019928024530410766,0.001178904651190829,0.01659106194972992,0.0033369625806808473,4.0,0.0020040080160320635,32,False
env,tune,tail_b0.5_mu0.8_c2.0,B,1000,1000,1164000,8,1,500,0.012001140713691712,0.000650907749804204,0.005114509105682373,0.006886631608009338,8.0,0.006012024048096194,32,False
env,tune,tail_b0.5_mu0.8_c2.0,B,1000,1000,1164000,12,1,500,0.010726962566375732,0.0006127985696782032,0.002527223825454712,0.00819973874092102,12.0,0.010020040080160319,32,False
env,tune,tail_b0.5_mu0.8_c2.0,B,1000,1000,1164000,16,1,500,0.011073932886123657,0.000647324285721966,0.0015768107175827026,0.009497122168540954,16.0,0.014028056112224454,32,False
env,tune,tail_b0.5_mu0.8_c2.0,B,1000,1000,1164000,24,1,500,0.010269799828529358,0.0006065894987399789,0.0007136000394821167,0.009556199789047242,24.0,0.02204408817635271,32,False
env,tune,tail_b0.5_mu0.8_c2.0,B,1000,1000,1164000,32,1,500,0.010196375370025634,0.0006108004662754141,0.0004123759269714356,0.009783999443054199,32.0,0.030060120240480957,32,True
env,tune,tail_b0.5_mu0.8_c2.0,B,1000,1000,1164000,48,1,500,0.012722801446914673,0.0007797725346236051,0.000187239408493042,0.01253556203842163,48.0,0.04609218436873748,32,False
env,tune,tail_b0.5_mu0.8_c2.0,B,1000,1000,1164000,64,1,500,0.013685640454292297,0.0008450960878209844,0.00010579776763916015,0.013579842686653137,64.0,0.062124248496993974,32,False
env,tune,tail_b0.5_mu0.8_c2.0,B,1000,1000,1164000,96,1,500,0.014465535521507263,0.000973932501408022,5.403208732604981e-05,0.014411503434181213,96.0,0.09418837675350701,32,False
env,tune,tail_b0.5_mu0.8_c2.0,B,1000,1000,1164000,128,1,500,0.01399128556251526,0.000859769409129418,2.815389633178711e-05,0.013963131666183471,128.0,0.12625250501002006,32,False
env,tune,tail_b0.5_mu0.8_c2.0,B,1000,1000,1164000,192,1,500,0.016858123660087584,0.0010296909456412669,1.3859391212463378e-05,0.01684426426887512,192.0,0.19038076152304614,32,False
env,tune,tail_b0.5_mu0.8_c2.0,B,1000,1000,1164000,256,1,500,0.01803052008152008,0.0011101714934198203,7.797718048095704e-06,0.018022722363471987,256.0,0.2545090180360722,32,False
env,tune,tail_b0.5_mu0.8_c2.0,B,1000,1000,1164000,400,1,500,0.02482737112045288,0.0015906872474872153,2.453327178955078e-06,0.024824917793273924,400.0,0.39879759519038066,32,False
env,tune,tail_b0.5_mu0.9_c1.0,B,50,50,1167000,2,1,500,0.18191301117278635,0.009261033035641955,0.17416911868192256,0.0077438924908638,2.0,0.0,16,False
env,tune,tail_b0.5_mu0.9_c1.0,B,50,50,1167000,4,1,500,0.0852255197763443,0.0047341078903597985,0.06903618025779724,0.016189339518547056,4.0,0.04166666666666666,16,False
env,tune,tail_b0.5_mu0.9_c1.0,B,50,50,1167000,8,1,500,0.05385578316450119,0.0033242475537372156,0.023257274150848387,0.0305985090136528,8.0,0.125,16,False
env,tune,tail_b0.5_mu0.9_c1.0,B,50,50,1167000,12,1,500,0.050212211668491366,0.0030151440239653033,0.010541850090026856,0.03967036157846451,12.0,0.20833333333333334,16,False
env,tune,tail_b0.5_mu0.9_c1.0,B,50,50,1167000,16,1,500,0.04907509541511536,0.0030819022414848296,0.005388589859008789,0.043686505556106564,16.0,0.2916666666666667,16,True
env,tune,tail_b0.5_mu0.9_c1.0,B,50,50,1167000,24,1,500,0.05029013848304748,0.0030961154276131974,0.0021210854053497316,0.048169053077697754,24.0,0.45833333333333326,16,False
env,tune,tail_b0.5_mu0.9_c1.0,B,50,50,1167000,32,1,500,0.06302879452705383,0.0034230482754365466,0.0009363890886306763,0.062092405438423155,32.0,0.625,16,False
env,tune,tail_b0.5_mu0.9_c1.0,B,50,50,1167000,48,1,500,0.13416474241763354,0.006971982043500492,1.8514513969421388e-05,0.13414622790366412,48.0,0.9583333333333335,16,False
env,tune,tail_b0.5_mu0.9_c1.0,B,100,100,1170000,2,1,500,0.1627502493560314,0.00867694670086527,0.16066332760453225,0.002086921751499176,2.0,0.0,16,False
env,tune,tail_b0.5_mu0.9_c1.0,B,100,100,1170000,4,1,500,0.07379274046421051,0.004422305211767242,0.0647685341835022,0.009024206280708312,4.0,0.02040816326530612,16,False
env,tune,tail_b0.5_mu0.9_c1.0,B,100,100,1170000,8,1,500,0.034045567512512205,0.002310073192367683,0.01987000608444214,0.014175561428070069,8.0,0.06122448979591836,16,False
env,tune,tail_b0.5_mu0.9_c1.0,B,100,100,1170000,12,1,500,0.02966713345050812,0.0018166692570604815,0.009924257993698121,0.019742875456809996,12.0,0.1020408163265306,16,False
env,tune,tail_b0.5_mu0.9_c1.0,B,100,100,1170000,16,1,500,0.027545809030532838,0.0017202295794862055,0.005563915967941284,0.021981893062591552,16.0,0.1428571428571428,16,True
env,tune,tail_b0.5_mu0.9_c1.0,B,100,100,1170000,24,1,500,0.02930477023124695,0.0018473735088995495,0.002561450481414795,0.026743319749832153,24.0,0.22448979591836735,16,False
env,tune,tail_b0.5_mu0.9_c1.0,B,100,100,1170000,32,1,500,0.03408505809307098,0.0022474688250376036,0.001286346197128296,0.03279871189594269,32.0,0.3061224489795919,16,False
env,tune,tail_b0.5_mu0.9_c1.0,B,100,100,1170000,48,1,500,0.036839773893356326,0.002234538866454006,0.0005921012163162231,0.0362476726770401,48.0,0.4693877551020407,16,False
env,tune,tail_b0.5_mu0.9_c1.0,B,100,100,1170000,64,1,500,0.04213216972351074,0.002407350198940395,0.0002693331241607666,0.04186283659934997,64.0,0.6326530612244898,16,False
env,tune,tail_b0.5_mu0.9_c1.0,B,100,100,1170000,96,1,500,0.10585295289754867,0.00550946116650847,1.1394858360290528e-05,0.10584155803918839,96.0,0.959183673469388,16,False
env,tune,tail_b0.5_mu0.9_c1.0,B,200,200,1173000,2,1,500,0.16748792977444826,0.009131308727374264,0.1654200966786593,0.0020678330957889556,2.0,0.0,24,False
env,tune,tail_b0.5_mu0.9_c1.0,B,200,200,1173000,4,1,500,0.07638787624239922,0.0052001274185988254,0.07068925550580024,0.005698620736598968,4.0,0.0101010101010101,24,False
env,tune,tail_b0.5_mu0.9_c1.0,B,200,200,1173000,8,1,500,0.030369258761405945,0.0019915384668224142,0.020086154580116273,0.010283104181289672,8.0,0.030303030303030293,24,False
env,tune,tail_b0.5_mu0.9_c1.0,B,200,200,1173000,12,1,500,0.02247877264022827,0.0014657225795412076,0.011005270957946777,0.011473501682281494,12.0,0.050505050505050504,24,False
env,tune,tail_b0.5_mu0.9_c1.0,B,200,200,1173000,16,1,500,0.02143846297264099,0.0012933425366383245,0.006297563910484314,0.015140899062156677,16.0,0.07070707070707072,24,False
env,tune,tail_b0.5_mu0.9_c1.0,B,200,200,1173000,24,1,500,0.01951270043849945,0.0012482706084385705,0.0028362083435058594,0.01667649209499359,24.0,0.11111111111111115,24,True
env,tune,tail_b0.5_mu0.9_c1.0,B,200,200,1173000,32,1,500,0.02018745994567871,0.0012924685868035348,0.0016972569227218627,0.01849020302295685,32.0,0.15151515151515152,24,False
env,tune,tail_b0.5_mu0.9_c1.0,B,200,200,1173000,48,1,500,0.02116227388381958,0.0012441167256274951,0.000835451364517212,0.02032682251930237,48.0,0.23232323232323226,24,False
env,tune,tail_b0.5_mu0.9_c1.0,B,200,200,1173000,64,1,500,0.027029748558998107,0.0016731843194473235,0.0004555952548980713,0.026574153304100036,64.0,0.31313131313131315,24,False
env,tune,tail_b0.5_mu0.9_c1.0,B,200,200,1173000,96,1,500,0.028189417600631712,0.001843086604666511,0.00013457906246185303,0.02805483853816986,96.0,0.4747474747474748,24,False
env,tune,tail_b0.5_mu0.9_c1.0,B,200,200,1173000,128,1,500,0.03326130282878876,0.0020692559035927634,6.553077697753906e-05,0.03319577205181122,128.0,0.6363636363636365,24,False
env,tune,tail_b0.5_mu0.9_c1.0,B,200,200,1173000,192,1,500,0.07851017302274704,0.004478347830620775,4.950165748596191e-06,0.07850522285699844,192.0,0.9595959595959597,24,False
env,tune,tail_b0.5_mu0.9_c1.0,B,500,500,1176000,2,1,500,0.17067155249789356,0.009344528434575353,0.16955223600938915,0.0011193164885044099,2.0,0.0,24,False
env,tune,tail_b0.5_mu0.9_c1.0,B,500,500,1176000,4,1,500,0.07514237374067306,0.0050305823289146755,0.07281296193599701,0.002329411804676056,4.0,0.004016064257028113,24,False
env,tune,tail_b0.5_mu0.9_c1.0,B,500,500,1176000,8,1,500,0.029919131636619568,0.0021230834404497257,0.024216225862503053,0.005702905774116516,8.0,0.01204819277108434,24,False
env,tune,tail_b0.5_mu0.9_c1.0,B,500,500,1176000,12,1,500,0.01745741641521454,0.0010633860945684522,0.010021471738815308,0.007435944676399231,12.0,0.020080321285140566,24,False
env,tune,tail_b0.5_mu0.9_c1.0,B,500,500,1176000,16,1,500,0.01563929307460785,0.0009356874393906194,0.006285159945487976,0.009354133129119873,16.0,0.02811244979919679,24,False
env,tune,tail_b0.5_mu0.9_c1.0,B,500,500,1176000,24,1,500,0.013729172229766846,0.000792230880348687,0.003164792060852051,0.010564380168914795,24.0,0.04417670682730924,24,True
env,tune,tail_b0.5_mu0.9_c1.0,B,500,500,1176000,32,1,500,0.014161828994750977,0.0008154540096317616,0.0021113060712814333,0.012050522923469543,32.0,0.060240963855421666,24,False
env,tune,tail_b0.5_mu0.9_c1.0,B,500,500,1176000,48,1,500,0.014150991439819335,0.0008054762951689675,0.0009088560342788697,0.013242135405540466,48.0,0.09236947791164661,24,False
env,tune,tail_b0.5_mu0.9_c1.0,B,500,500,1176000,64,1,500,0.013853782057762146,0.0008338075380377862,0.000504302978515625,0.013349479079246522,64.0,0.12449799196787148,24,False
env,tune,tail_b0.5_mu0.9_c1.0,B,500,500,1176000,96,1,500,0.016327757120132447,0.0009333044227595438,0.00019328808784484862,0.016134469032287598,96.0,0.1887550200803213,24,False
env,tune,tail_b0.5_mu0.9_c1.0,B,500,500,1176000,128,1,500,0.017437801599502565,0.0010562511609758902,0.00011212849617004394,0.01732567310333252,128.0,0.25301204819277107,24,False
env,tune,tail_b0.5_mu0.9_c1.0,B,500,500,1176000,192,1,500,0.01998188591003418,0.001386309307053796,4.228806495666504e-05,0.019939597845077515,192.0,0.38152610441767076,24,False
env,tune,tail_b0.5_mu0.9_c1.0,B,500,500,1176000,256,1,500,0.02064398241043091,0.001269531813220816,2.2718071937561036e-05,0.020621264338493348,256.0,0.5100401606425703,24,False
env,tune,tail_b0.5_mu0.9_c1.0,B,500,500,1176000,400,1,500,0.030184818744659423,0.0018507492925409629,3.913283348083496e-06,0.03018090546131134,400.0,0.7991967871485943,24,False
env,tune,tail_b0.5_mu0.9_c1.0,B,1000,1000,1179000,2,1,500,0.15253324162214996,0.008275729773890593,0.15207412671297788,0.0004591149091720581,2.0,0.0,96,False
env,tune,tail_b0.5_mu0.9_c1.0,B,1000,1000,1179000,4,1,500,0.06616362664103508,0.004351836392860367,0.06497302004694938,0.0011906065940856933,4.0,0.0020040080160320635,96,False
env,tune,tail_b0.5_mu0.9_c1.0,B,1000,1000,1179000,8,1,500,0.026469884157180785,0.0018747459010069836,0.02366061747074127,0.002809266686439514,8.0,0.006012024048096194,96,False
env,tune,tail_b0.5_mu0.9_c1.0,B,1000,1000,1179000,12,1,500,0.015329223155975341,0.0009127590555395736,0.011305776476860046,0.004023446679115295,12.0,0.010020040080160319,96,False
env,tune,tail_b0.5_mu0.9_c1.0,B,1000,1000,1179000,16,1,500,0.010848252534866333,0.0006420565230075826,0.006461520433425903,0.00438673210144043,16.0,0.014028056112224454,96,False
env,tune,tail_b0.5_mu0.9_c1.0,B,1000,1000,1179000,24,1,500,0.009043633222579957,0.0005130267592615945,0.0030348492860794067,0.006008783936500549,24.0,0.02204408817635271,96,False
env,tune,tail_b0.5_mu0.9_c1.0,B,1000,1000,1179000,32,1,500,0.009419223070144653,0.0005680619205354527,0.0018525493144989013,0.007566673755645752,32.0,0.030060120240480957,96,False
env,tune,tail_b0.5_mu0.9_c1.0,B,1000,1000,1179000,48,1,500,0.008979883313179017,0.0005062154163090657,0.0008495954275131225,0.008130287885665893,48.0,0.04609218436873748,96,False
env,tune,tail_b0.5_mu0.9_c1.0,B,1000,1000,1179000,64,1,500,0.009330474257469178,0.0005725878168789972,0.00044633233547210693,0.00888414192199707,64.0,0.062124248496993974,96,False
env,tune,tail_b0.5_mu0.9_c1.0,B,1000,1000,1179000,96,1,500,0.008929709672927857,0.0005865322407858719,0.00019843149185180665,0.00873127818107605,96.0,0.09418837675350701,96,True
env,tune,tail_b0.5_mu0.9_c1.0,B,1000,1000,1179000,128,1,500,0.010339929580688476,0.0006422024006820083,0.00011127126216888427,0.010228658318519592,128.0,0.12625250501002006,96,False
env,tune,tail_b0.5_mu0.9_c1.0,B,1000,1000,1179000,192,1,500,0.011407109379768372,0.0007683932267973111,5.032217502593994e-05,0.011356787204742431,192.0,0.19038076152304614,96,False
env,tune,tail_b0.5_mu0.9_c1.0,B,1000,1000,1179000,256,1,500,0.014824326515197755,0.0008572904206982351,2.886974811553955e-05,0.014795456767082214,256.0,0.2545090180360722,96,False
env,tune,tail_b0.5_mu0.9_c1.0,B,1000,1000,1179000,400,1,500,0.01519106149673462,0.0009371028311048081,1.1258482933044433e-05,0.015179803013801575,400.0,0.39879759519038066,96,False
env,tune,tail_b0.5_mu0.9_c2.0,B,50,50,1182000,2,1,500,0.05549644076824188,0.0027203696842537854,0.04333346915245056,0.01216297161579132,2.0,0.0,8,False
env,tune,tail_b0.5_mu0.9_c2.0,B,50,50,1182000,4,1,500,0.03976196455955505,0.002154225134724334,0.01860573124885559,0.021156233310699463,4.0,0.04166666666666666,8,False
env,tune,tail_b0.5_mu0.9_c2.0,B,50,50,1182000,8,1,500,0.03447063398361206,0.0018758292669514773,0.005237075924873352,0.029233558058738708,8.0,0.125,8,True
env,tune,tail_b0.5_mu0.9_c2.0,B,50,50,1182000,12,1,500,0.03659712445735931,0.0021202333022267835,0.0025700650215148926,0.03402705943584442,12.0,0.20833333333333334,8,False
env,tune,tail_b0.5_mu0.9_c2.0,B,50,50,1182000,16,1,500,0.03850362014770508,0.0021796986602505195,0.0012944798469543457,0.03720914030075073,16.0,0.2916666666666667,8,False
env,tune,tail_b0.5_mu0.9_c2.0,B,50,50,1182000,24,1,500,0.04172659420967102,0.0021178520851331513,0.00048060715198516846,0.041245987057685854,24.0,0.45833333333333326,8,False
env,tune,tail_b0.5_mu0.9_c2.0,B,50,50,1182000,32,1,500,0.04731103551387787,0.0023437385790142855,0.0002334820032119751,0.04707755351066589,32.0,0.625,8,False
env,tune,tail_b0.5_mu0.9_c2.0,B,50,50,1182000,48,1,500,0.06924086928367615,0.002985571265534142,1.740694046020508e-05,0.06922346234321594,48.0,0.9583333333333335,8,False
env,tune,tail_b0.5_mu0.9_c2.0,B,100,100,1185000,2,1,500,0.05404609644412994,0.0026559975524819727,0.04508647847175598,0.008959617972373962,2.0,0.0,8,False
env,tune,tail_b0.5_mu0.9_c2.0,B,100,100,1185000,4,1,500,0.03679476654529572,0.001848992297543312,0.01732245433330536,0.019472312211990358,4.0,0.02040816326530612,8,False
env,tune,tail_b0.5_mu0.9_c2.0,B,100,100,1185000,8,1,500,0.026764997839927675,0.0014555335920524426,0.005833104848861694,0.02093189299106598,8.0,0.06122448979591836,8,True
env,tune,tail_b0.5_mu0.9_c2.0,B,100,100,1185000,12,1,500,0.027747249722480775,0.0014781881983649606,0.0025980360507965087,0.025149213671684264,12.0,0.1020408163265306,8,False
env,tune,tail_b0.5_mu0.9_c2.0,B,100,100,1185000,16,1,500,0.03137529194355011,0.0017855450186920632,0.0015629665851593017,0.029812325358390807,16.0,0.1428571428571428,8,False
env,tune,tail_b0.5_mu0.9_c2.0,B,100,100,1185000,24,1,500,0.02974445915222168,0.001662346807337397,0.0008044092655181885,0.02894004988670349,24.0,0.22448979591836735,8,False
env,tune,tail_b0.5_mu0.9_c2.0,B,100,100,1185000,32,1,500,0.03090977466106415,0.0018778107788895975,0.00037249696254730227,0.030537277698516847,32.0,0.3061224489795919,8,False
env,tune,tail_b0.5_mu0.9_c2.0,B,100,100,1185000,48,1,500,0.035209460258483885,0.002124369485312702,0.00013322937488555907,0.035076230883598326,48.0,0.4693877551020407,8,False
env,tune,tail_b0.5_mu0.9_c2.0,B,100,100,1185000,64,1,500,0.040438632488250734,0.0023405944276532423,6.843197345733642e-05,0.0403702005147934,64.0,0.6326530612244898,8,False
env,tune,tail_b0.5_mu0.9_c2.0,B,100,100,1185000,96,1,500,0.059553077220916746,0.002887272286462707,2.6475191116333007e-06,0.059550429701805116,96.0,0.959183673469388,8,False
env,tune,tail_b0.5_mu0.9_c2.0,B,200,200,1188000,2,1,500,0.04563944494724274,0.0023006607914231054,0.040438453435897824,0.005200991511344909,2.0,0.0,12,False
env,tune,tail_b0.5_mu0.9_c2.0,B,200,200,1188000,4,1,500,0.027447025179862975,0.0016203532103691298,0.0172633695602417,0.010183655619621278,4.0,0.0101010101010101,12,False
env,tune,tail_b0.5_mu0.9_c2.0,B,200,200,1188000,8,1,500,0.02085423958301544,0.0012650868793966014,0.005650353074073792,0.01520388650894165,8.0,0.030303030303030293,12,False
env,tune,tail_b0.5_mu0.9_c2.0,B,200,200,1188000,12,1,500,0.019754917860031126,0.0012423795672942511,0.0026972882747650145,0.017057629585266115,12.0,0.050505050505050504,12,True
env,tune,tail_b0.5_mu0.9_c2.0,B,200,200,1188000,16,1,500,0.02032705330848694,0.0012165825358347196,0.0015017911195755005,0.018825262188911437,16.0,0.07070707070707072,12,False
env,tune,tail_b0.5_mu0.9_c2.0,B,200,200,1188000,24,1,500,0.020133692145347597,0.0012058332827608242,0.0007306694984436035,0.01940302264690399,24.0,0.11111111111111115,12,False
env,tune,tail_b0.5_mu0.9_c2.0,B,200,200,1188000,32,1,500,0.0212712881565094,0.0013012098548233076,0.00045383453369140625,0.020817453622817995,32.0,0.15151515151515152,12,False
env,tune,tail_b0.5_mu0.9_c2.0,B,200,200,1188000,48,1,500,0.021643755555152893,0.001376143239145224,0.00017888450622558595,0.021464871048927307,48.0,0.23232323232323226,12,False
env,tune,tail_b0.5_mu0.9_c2.0,B,200,200,1188000,64,1,500,0.020911202549934386,0.0012735410028558865,8.35179090499878e-05,0.0208276846408844,64.0,0.31313131313131315,12,False
env,tune,tail_b0.5_mu0.9_c2.0,B,200,200,1188000,96,1,500,0.023488305330276488,0.0014242034841079679,4.330587387084961e-05,0.02344499945640564,96.0,0.4747474747474748,12,False
env,tune,tail_b0.5_mu0.9_c2.0,B,200,200,1188000,128,1,500,0.02894892621040344,0.0016058283430894916,1.7598986625671387e-05,0.02893132722377777,128.0,0.6363636363636365,12,False
env,tune,tail_b0.5_mu0.9_c2.0,B,200,200,1188000,192,1,500,0.057882122159004214,0.0028172730262261405,1.5045404434204102e-06,0.05788061761856079,192.0,0.9595959595959597,12,False
env,tune,tail_b0.5_mu0.9_c2.0,B,500,500,1191000,2,1,500,0.044530071377754214,0.0023366261909486654,0.04226702630519867,0.002263045072555542,2.0,0.0,12,False
env,tune,tail_b0.5_mu0.9_c2.0,B,500,500,1191000,4,1,500,0.019132359743118287,0.0011497185666254758,0.014478363990783692,0.004653995752334595,4.0,0.004016064257028113,12,False
env,tune,tail_b0.5_mu0.9_c2.0,B,500,500,1191000,8,1,500,0.012360363125801086,0.0007489643751571606,0.004381257772445679,0.007979105353355408,8.0,0.01204819277108434,12,False
env,tune,tail_b0.5_mu0.9_c2.0,B,500,500,1191000,12,1,500,0.012281314492225647,0.000699777651171736,0.002342356562614441,0.009938957929611206,12.0,0.020080321285140566,12,True
env,tune,tail_b0.5_mu0.9_c2.0,B,500,500,1191000,16,1,500,0.012300214648246766,0.0007079734729740072,0.0015804287195205688,0.010719785928726196,16.0,0.02811244979919679,12,False
env,tune,tail_b0.5_mu0.9_c2.0,B,500,500,1191000,24,1,500,0.013370467901229859,0.000845921856854125,0.0006345087289810181,0.01273595917224884,24.0,0.04417670682730924,12,False
env,tune,tail_b0.5_mu0.9_c2.0,B,500,500,1191000,32,1,500,0.013233512282371521,0.0008541933915619579,0.0003520206212997437,0.012881491661071777,32.0,0.060240963855421666,12,False
env,tune,tail_b0.5_mu0.9_c2.0,B,500,500,1191000,48,1,500,0.014501415729522705,0.000911835901767734,0.00020646345615386963,0.014294952273368836,48.0,0.09236947791164661,12,False
env,tune,tail_b0.5_mu0.9_c2.0,B,500,500,1191000,64,1,500,0.015430155158042908,0.000991714000302829,9.949147701263428e-05,0.015330663681030273,64.0,0.12449799196787148,12,False
env,tune,tail_b0.5_mu0.9_c2.0,B,500,500,1191000,96,1,500,0.0191806960105896,0.001145221608188205,4.837954044342041e-05,0.01913231647014618,96.0,0.1887550200803213,12,False
env,tune,tail_b0.5_mu0.9_c2.0,B,500,500,1191000,128,1,500,0.018968045711517334,0.0012033921440483056,2.7020335197448732e-05,0.018941025376319885,128.0,0.25301204819277107,12,False
env,tune,tail_b0.5_mu0.9_c2.0,B,500,500,1191000,192,1,500,0.017763413190841675,0.0011716169744556775,9.185791015625e-06,0.017754227399826048,192.0,0.38152610441767076,12,False
env,tune,tail_b0.5_mu0.9_c2.0,B,500,500,1191000,256,1,500,0.019905654191970826,0.0013232322398498764,4.242062568664551e-06,0.01990141212940216,256.0,0.5100401606425703,12,False
env,tune,tail_b0.5_mu0.9_c2.0,B,500,500,1191000,400,1,500,0.02800192141532898,0.001655720417242384,1.0533332824707032e-06,0.02800086808204651,400.0,0.7991967871485943,12,False
env,tune,tail_b0.5_mu0.9_c2.0,B,1000,1000,1194000,2,1,500,0.04430221009254456,0.002292525796026343,0.043332772016525266,0.0009694380760192871,2.0,0.0,12,False
env,tune,tail_b0.5_mu0.9_c2.0,B,1000,1000,1194000,4,1,500,0.020236462593078614,0.0011531231977902265,0.016937383890151977,0.0032990787029266357,4.0,0.0020040080160320635,12,False
env,tune,tail_b0.5_mu0.9_c2.0,B,1000,1000,1194000,8,1,500,0.009984370708465575,0.0005847781955119352,0.005106443285942078,0.004877927422523499,8.0,0.006012024048096194,12,False
env,tune,tail_b0.5_mu0.9_c2.0,B,1000,1000,1194000,12,1,500,0.008613428950309754,0.00046335382608035533,0.0025016443729400633,0.00611178457736969,12.0,0.010020040080160319,12,True
env,tune,tail_b0.5_mu0.9_c2.0,B,1000,1000,1194000,16,1,500,0.008749033570289612,0.0005065110338223034,0.0016518719196319581,0.007097161650657654,16.0,0.014028056112224454,12,False
env,tune,tail_b0.5_mu0.9_c2.0,B,1000,1000,1194000,24,1,500,0.00920837104320526,0.0005370583632680527,0.0009522086381912231,0.008256162405014039,24.0,0.02204408817635271,12,False
env,tune,tail_b0.5_mu0.9_c2.0,B,1000,1000,1194000,32,1,500,0.009214451313018799,0.0004963468948524774,0.00048433029651641845,0.00873012101650238,32.0,0.030060120240480957,12,False
env,tune,tail_b0.5_mu0.9_c2.0,B,1000,1000,1194000,48,1,500,0.00891765546798706,0.0005102534272445763,0.000201863169670105,0.008715792298316956,48.0,0.04609218436873748,12,False
env,tune,tail_b0.5_mu0.9_c2.0,B,1000,1000,1194000,64,1,500,0.00977593231201172,0.0006011585460223754,0.00011397886276245117,0.009661953449249267,64.0,0.062124248496993974,12,False
env,tune,tail_b0.5_mu0.9_c2.0,B,1000,1000,1194000,96,1,500,0.01026739490032196,0.0006251607784220408,5.02554178237915e-05,0.010217139482498168,96.0,0.09418837675350701,12,False
env,tune,tail_b0.5_mu0.9_c2.0,B,1000,1000,1194000,128,1,500,0.010067956686019898,0.0006517246711262716,2.9626011848449705e-05,0.010038330674171448,128.0,0.12625250501002006,12,False
env,tune,tail_b0.5_mu0.9_c2.0,B,1000,1000,1194000,192,1,500,0.014501281499862672,0.0009071780627907504,1.3175249099731446e-05,0.014488106250762939,192.0,0.19038076152304614,12,False
env,tune,tail_b0.5_mu0.9_c2.0,B,1000,1000,1194000,256,1,500,0.015026969075202942,0.0009879356430620375,8.00955295562744e-06,0.015018959522247315,256.0,0.2545090180360722,12,False
env,tune,tail_b0.5_mu0.9_c2.0,B,1000,1000,1194000,400,1,500,0.014630000948905944,0.0009711555375661318,2.5053024291992185e-06,0.014627495646476746,400.0,0.39879759519038066,12,False
env,tune,tail_b0.5_mu1.0_c1.0,B,50,50,1197000,2,1,500,0.1816280619353056,0.008937041125799664,0.17557423125207425,0.006053830683231354,2.0,0.0,12,False
env,tune,tail_b0.5_mu1.0_c1.0,B,50,50,1197000,4,1,500,0.08531512868404388,0.005302746796774794,0.07283156764507294,0.012483561038970947,4.0,0.04166666666666666,12,False
env,tune,tail_b0.5_mu1.0_c1.0,B,50,50,1197000,8,1,500,0.04104612052440643,0.002961673264353228,0.023017566084861756,0.018028554439544677,8.0,0.125,12,False
env,tune,tail_b0.5_mu1.0_c1.0,B,50,50,1197000,12,1,500,0.03444645881652832,0.0020850167398542806,0.010021888256072998,0.02442457056045532,12.0,0.20833333333333334,12,True
env,tune,tail_b0.5_mu1.0_c1.0,B,50,50,1197000,16,1,500,0.03660914409160614,0.002082398580893114,0.005986063122749329,0.03062308096885681,16.0,0.2916666666666667,12,False
env,tune,tail_b0.5_mu1.0_c1.0,B,50,50,1197000,24,1,500,0.042369860768318175,0.002526333040965372,0.0026152232885360716,0.039754637479782105,24.0,0.45833333333333326,12,False
env,tune,tail_b0.5_mu1.0_c1.0,B,50,50,1197000,32,1,500,0.05332098531723022,0.003168354747939411,0.0008400920629501343,0.05248089325428009,32.0,0.625,12,False
env,tune,tail_b0.5_mu1.0_c1.0,B,50,50,1197000,48,1,500,0.13551240146160126,0.007060109337889876,3.5742640495300295e-05,0.13547665882110596,48.0,0.9583333333333335,12,False
env,tune,tail_b0.5_mu1.0_c1.0,B,100,100,1200000,2,1,500,0.1643558418750763,0.008775800101955448,0.16251016962528228,0.0018456722497940063,2.0,0.0,16,False
env,tune,tail_b0.5_mu1.0_c1.0,B,100,100,1200000,4,1,500,0.06388940680027008,0.004130745557137664,0.05885435020923614,0.005035056591033936,4.0,0.02040816326530612,16,False
env,tune,tail_b0.5_mu1.0_c1.0,B,100,100,1200000,8,1,500,0.026273809909820558,0.0020845027900271845,0.018784224510192873,0.007489585399627686,8.0,0.06122448979591836,16,False
env,tune,tail_b0.5_mu1.0_c1.0,B,100,100,1200000,12,1,500,0.016988686203956604,0.0011815154116603978,0.0087852281332016,0.008203458070755005,12.0,0.1020408163265306,16,False
env,tune,tail_b0.5_mu1.0_c1.0,B,100,100,1200000,16,1,500,0.014570354700088502,0.0008938147354432164,0.004381902456283569,0.010188452243804932,16.0,0.1428571428571428,16,True
env,tune,tail_b0.5_mu1.0_c1.0,B,100,100,1200000,24,1,500,0.01678391408920288,0.0011513857319673112,0.002216007471084595,0.014567906618118286,24.0,0.22448979591836735,16,False
env,tune,tail_b0.5_mu1.0_c1.0,B,100,100,1200000,32,1,500,0.018196179509162903,0.0012470329754826494,0.0013697690963745117,0.01682641041278839,32.0,0.3061224489795919,16,False
env,tune,tail_b0.5_mu1.0_c1.0,B,100,100,1200000,48,1,500,0.02460867977142334,0.0016569738696757266,0.0005326608419418335,0.024076018929481507,48.0,0.4693877551020407,16,False
env,tune,tail_b0.5_mu1.0_c1.0,B,100,100,1200000,64,1,500,0.03214527678489685,0.0021626637317037688,0.00024953532218933104,0.031895741462707516,64.0,0.6326530612244898,16,False
env,tune,tail_b0.5_mu1.0_c1.0,B,100,100,1200000,96,1,500,0.11371107745170593,0.006582872348584208,1.5865206718444823e-05,0.11369521224498749,96.0,0.959183673469388,16,False
env,tune,tail_b0.5_mu1.0_c1.0,B,200,200,1203000,2,1,500,0.1579195070117712,0.008729731788862405,0.156940678820014,0.000978828191757202,2.0,0.0,24,False
env,tune,tail_b0.5_mu1.0_c1.0,B,200,200,1203000,4,1,500,0.06181658798456192,0.004042421190434888,0.059030597269535065,0.0027859907150268553,4.0,0.0101010101010101,24,False
env,tune,tail_b0.5_mu1.0_c1.0,B,200,200,1203000,8,1,500,0.026190625786781312,0.0018591326890594613,0.022424574851989745,0.003766050934791565,8.0,0.030303030303030293,24,False
env,tune,tail_b0.5_mu1.0_c1.0,B,200,200,1203000,12,1,500,0.016858661413192748,0.0013585237988034823,0.01137448239326477,0.005484179019927978,12.0,0.050505050505050504,24,False
env,tune,tail_b0.5_mu1.0_c1.0,B,200,200,1203000,16,1,500,0.012541303396224975,0.0009506429009843297,0.0067279902696609495,0.005813313126564026,16.0,0.07070707070707072,24,False
env,tune,tail_b0.5_mu1.0_c1.0,B,200,200,1203000,24,1,500,0.010311660885810852,0.0007290377851445057,0.002949872136116028,0.007361788749694825,24.0,0.11111111111111115,24,True
env,tune,tail_b0.5_mu1.0_c1.0,B,200,200,1203000,32,1,500,0.010344319820404053,0.0006687327822070594,0.0016063448190689086,0.008737975001335144,32.0,0.15151515151515152,24,False
env,tune,tail_b0.5_mu1.0_c1.0,B,200,200,1203000,48,1,500,0.010820861101150513,0.0006644174736155179,0.0006919142007827759,0.010128946900367737,48.0,0.23232323232323226,24,False
env,tune,tail_b0.5_mu1.0_c1.0,B,200,200,1203000,64,1,500,0.011034167647361755,0.0006751506141384205,0.0004075280427932739,0.010626639604568482,64.0,0.31313131313131315,24,False
env,tune,tail_b0.5_mu1.0_c1.0,B,200,200,1203000,96,1,500,0.013559144854545593,0.0008447823194288527,0.00014392185211181642,0.013415223002433778,96.0,0.4747474747474748,24,False
env,tune,tail_b0.5_mu1.0_c1.0,B,200,200,1203000,128,1,500,0.018411218881607055,0.0011102911854272688,5.120909214019775e-05,0.018360009789466857,128.0,0.6363636363636365,24,False
env,tune,tail_b0.5_mu1.0_c1.0,B,200,200,1203000,192,1,500,0.08235502290725707,0.004702733838643025,2.8117895126342773e-06,0.08235221111774445,192.0,0.9595959595959597,24,False
env,tune,tail_b0.5_mu1.0_c1.0,B,500,500,1206000,2,1,500,0.15931626164913176,0.008190188514508312,0.1587341211438179,0.0005821405053138733,2.0,0.0,32,False
env,tune,tail_b0.5_mu1.0_c1.0,B,500,500,1206000,4,1,500,0.06298384690284729,0.0041094080191656675,0.06211639773845672,0.0008674491643905639,4.0,0.004016064257028113,32,False
env,tune,tail_b0.5_mu1.0_c1.0,B,500,500,1206000,8,1,500,0.024920068860054018,0.0017755574314336658,0.023871487379074095,0.0010485814809799193,8.0,0.01204819277108434,32,False
env,tune,tail_b0.5_mu1.0_c1.0,B,500,500,1206000,12,1,500,0.013887016892433166,0.0011311343157612995,0.012224650502204896,0.0016623663902282715,12.0,0.020080321285140566,32,False
env,tune,tail_b0.5_mu1.0_c1.0,B,500,500,1206000,16,1,500,0.00871532917022705,0.0007474426325264847,0.006978037238121033,0.001737291932106018,16.0,0.02811244979919679,32,False
env,tune,tail_b0.5_mu1.0_c1.0,B,500,500,1206000,24,1,500,0.0060985455513000485,0.0004869790001197661,0.00359761118888855,0.002500934362411499,24.0,0.04417670682730924,32,False
env,tune,tail_b0.5_mu1.0_c1.0,B,500,500,1206000,32,1,500,0.004002293944358826,0.00031612744884620806,0.002003457307815552,0.0019988366365432737,32.0,0.060240963855421666,32,True
env,tune,tail_b0.5_mu1.0_c1.0,B,500,500,1206000,48,1,500,0.004409502148628235,0.00040500232815959277,0.000906818151473999,0.003502683997154236,48.0,0.09236947791164661,32,False
env,tune,tail_b0.5_mu1.0_c1.0,B,500,500,1206000,64,1,500,0.0045365715026855465,0.00030730363083984475,0.0004430123567581177,0.004093559145927429,64.0,0.12449799196787148,32,False
env,tune,tail_b0.5_mu1.0_c1.0,B,500,500,1206000,96,1,500,0.004697285413742066,0.000315995071968313,0.00021527695655822754,0.004482008457183838,96.0,0.1887550200803213,32,False
env,tune,tail_b0.5_mu1.0_c1.0,B,500,500,1206000,128,1,500,0.00498654317855835,0.00033916866822450583,0.00012741434574127197,0.004859128832817077,128.0,0.25301204819277107,32,False
env,tune,tail_b0.5_mu1.0_c1.0,B,500,500,1206000,192,1,500,0.0059915224313735966,0.00039540539090602244,4.27703857421875e-05,0.005948752045631409,192.0,0.38152610441767076,32,False
env,tune,tail_b0.5_mu1.0_c1.0,B,500,500,1206000,256,1,500,0.006575129628181457,0.00045085106766365896,2.5048613548278807e-05,0.0065500810146331785,256.0,0.5100401606425703,32,False
env,tune,tail_b0.5_mu1.0_c1.0,B,500,500,1206000,400,1,500,0.015445501804351806,0.001016913066585291,4.674196243286133e-06,0.01544082760810852,400.0,0.7991967871485943,32,False
env,tune,tail_b0.5_mu1.0_c1.0,B,1000,1000,1209000,2,1,500,0.17167005356401205,0.008964870975565007,0.17115358570963143,0.0005164678543806077,2.0,0.0,64,False
env,tune,tail_b0.5_mu1.0_c1.0,B,1000,1000,1209000,4,1,500,0.06938152593374253,0.004435699730320945,0.06887623208761215,0.0005052938461303711,4.0,0.0020040080160320635,64,False
env,tune,tail_b0.5_mu1.0_c1.0,B,1000,1000,1209000,8,1,500,0.021222944378852845,0.001663838583814186,0.020588531017303468,0.0006344133615493775,8.0,0.006012024048096194,64,False
env,tune,tail_b0.5_mu1.0_c1.0,B,1000,1000,1209000,12,1,500,0.010472439289093017,0.0007708763169940551,0.009859522104263305,0.0006129171848297119,12.0,0.010020040080160319,64,False
env,tune,tail_b0.5_mu1.0_c1.0,B,1000,1000,1209000,16,1,500,0.006472432136535645,0.0004947173824283874,0.005828292727470398,0.0006441394090652466,16.0,0.014028056112224454,64,False
env,tune,tail_b0.5_mu1.0_c1.0,B,1000,1000,1209000,24,1,500,0.003763304114341736,0.00026507538256951706,0.00277225923538208,0.0009910448789596557,24.0,0.02204408817635271,64,False
env,tune,tail_b0.5_mu1.0_c1.0,B,1000,1000,1209000,32,1,500,0.002635830879211426,0.00018332666596096816,0.0016506229639053345,0.0009852079153060912,32.0,0.030060120240480957,64,False
env,tune,tail_b0.5_mu1.0_c1.0,B,1000,1000,1209000,48,1,500,0.0021307573318481445,0.00013465649683713505,0.0007593356370925904,0.0013714216947555541,48.0,0.04609218436873748,64,False
env,tune,tail_b0.5_mu1.0_c1.0,B,1000,1000,1209000,64,1,500,0.002122103452682495,0.0001532120578342193,0.0005167356729507447,0.0016053677797317504,64.0,0.062124248496993974,64,True
env,tune,tail_b0.5_mu1.0_c1.0,B,1000,1000,1209000,96,1,500,0.0023177218437194823,0.00015610836397827893,0.00023513305187225343,0.002082588791847229,96.0,0.09418837675350701,64,False
env,tune,tail_b0.5_mu1.0_c1.0,B,1000,1000,1209000,128,1,500,0.0022139185667037964,0.00016350989089598114,0.0001376326084136963,0.0020762859582901002,128.0,0.12625250501002006,64,False
env,tune,tail_b0.5_mu1.0_c1.0,B,1000,1000,1209000,192,1,500,0.0024137792587280273,0.00016641245076768902,5.524992942810059e-05,0.0023585293292999266,192.0,0.19038076152304614,64,False
env,tune,tail_b0.5_mu1.0_c1.0,B,1000,1000,1209000,256,1,500,0.002657955050468445,0.00019242938727464295,3.260278701782227e-05,0.0026253522634506225,256.0,0.2545090180360722,64,False
env,tune,tail_b0.5_mu1.0_c1.0,B,1000,1000,1209000,400,1,500,0.0033217053413391114,0.00022834830528755518,1.1700868606567382e-05,0.003310004472732544,400.0,0.39879759519038066,64,False
env,tune,tail_b0.5_mu1.0_c2.0,B,50,50,1212000,2,1,500,0.047166484594345096,0.002490392026087422,0.03934448504447937,0.007821999549865722,2.0,0.0,8,False
env,tune,tail_b0.5_mu1.0_c2.0,B,50,50,1212000,4,1,500,0.030059356808662414,0.0017309207858119398,0.01644814121723175,0.013611215591430664,4.0,0.04166666666666666,8,False
env,tune,tail_b0.5_mu1.0_c2.0,B,50,50,1212000,8,1,500,0.027119520664215087,0.0016231087519654457,0.005509151220321655,0.021610369443893433,8.0,0.125,8,True
env,tune,tail_b0.5_mu1.0_c2.0,B,50,50,1212000,12,1,500,0.028392226934432982,0.0016505370919646164,0.0027928537130355834,0.0255993732213974,12.0,0.20833333333333334,8,False
env,tune,tail_b0.5_mu1.0_c2.0,B,50,50,1212000,16,1,500,0.027801932096481324,0.001646325316014772,0.0017133538722991944,0.02608857822418213,16.0,0.2916666666666667,8,False
env,tune,tail_b0.5_mu1.0_c2.0,B,50,50,1212000,24,1,500,0.0344455976486206,0.0020382536480492547,0.0006829566955566406,0.033762640953063965,24.0,0.45833333333333326,8,False
env,tune,tail_b0.5_mu1.0_c2.0,B,50,50,1212000,32,1,500,0.04352097630500793,0.0024714227642090893,0.0002802002429962158,0.04324077606201172,32.0,0.625,8,False
env,tune,tail_b0.5_mu1.0_c2.0,B,50,50,1212000,48,1,500,0.07003414261341095,0.0031268089203228848,1.991093158721924e-05,0.07001423168182373,48.0,0.9583333333333335,8,False
env,tune,tail_b0.5_mu1.0_c2.0,B,100,100,1215000,2,1,500,0.04789311552047729,0.002521174165682123,0.04434327471256256,0.003549840807914734,2.0,0.0,12,False
env,tune,tail_b0.5_mu1.0_c2.0,B,100,100,1215000,4,1,500,0.02291738247871399,0.0014702695063883828,0.015246400117874145,0.007670982360839844,4.0,0.02040816326530612,12,False
env,tune,tail_b0.5_mu1.0_c2.0,B,100,100,1215000,8,1,500,0.016260716080665587,0.0010213127012301656,0.005599494814872741,0.010661221265792846,8.0,0.06122448979591836,12,False
env,tune,tail_b0.5_mu1.0_c2.0,B,100,100,1215000,12,1,500,0.016090686678886412,0.0010670207730598257,0.002805756092071533,0.01328493058681488,12.0,0.1020408163265306,12,True
env,tune,tail_b0.5_mu1.0_c2.0,B,100,100,1215000,16,1,500,0.01702182149887085,0.0011274311501546631,0.0016267937421798706,0.01539502775669098,16.0,0.1428571428571428,12,False
env,tune,tail_b0.5_mu1.0_c2.0,B,100,100,1215000,24,1,500,0.01704909932613373,0.0011029366493796682,0.0006347986459732056,0.01641430068016052,24.0,0.22448979591836735,12,False
env,tune,tail_b0.5_mu1.0_c2.0,B,100,100,1215000,32,1,500,0.018369266271591186,0.0011092518230356228,0.00041916394233703616,0.01795010232925415,32.0,0.3061224489795919,12,False
env,tune,tail_b0.5_mu1.0_c2.0,B,100,100,1215000,48,1,500,0.021448551297187805,0.0013730592908624201,0.00017023801803588867,0.021278313279151917,48.0,0.4693877551020407,12,False
env,tune,tail_b0.5_mu1.0_c2.0,B,100,100,1215000,64,1,500,0.02876927375793457,0.001678557288370737,8.515429496765137e-05,0.02868411946296692,64.0,0.6326530612244898,12,False
env,tune,tail_b0.5_mu1.0_c2.0,B,100,100,1215000,96,1,500,0.06119601714611053,0.0029392225799016697,3.631949424743652e-06,0.06119238519668579,96.0,0.959183673469388,12,False
env,tune,tail_b0.5_mu1.0_c2.0,B,200,200,1218000,2,1,500,0.0467660551071167,0.0024172362122447597,0.04434275603294373,0.0024232990741729736,2.0,0.0,32,False
env,tune,tail_b0.5_mu1.0_c2.0,B,200,200,1218000,4,1,500,0.021981966257095337,0.0013900899944112545,0.01859914994239807,0.0033828163146972655,4.0,0.0101010101010101,32,False
env,tune,tail_b0.5_mu1.0_c2.0,B,200,200,1218000,8,1,500,0.011839622855186463,0.0008073382727261736,0.006326077103614807,0.0055135457515716555,8.0,0.030303030303030293,32,False
env,tune,tail_b0.5_mu1.0_c2.0,B,200,200,1218000,12,1,500,0.010147660851478576,0.0007281738195029097,0.0030162066221237184,0.007131454229354859,12.0,0.050505050505050504,32,False
env,tune,tail_b0.5_mu1.0_c2.0,B,200,200,1218000,16,1,500,0.009263953447341919,0.0006628699595286726,0.0018619048595428468,0.007402048587799072,16.0,0.07070707070707072,32,False
env,tune,tail_b0.5_mu1.0_c2.0,B,200,200,1218000,24,1,500,0.009502197265625,0.0006289417533935414,0.0008010644912719726,0.008701132774353028,24.0,0.11111111111111115,32,False
env,tune,tail_b0.5_mu1.0_c2.0,B,200,200,1218000,32,1,500,0.00855715024471283,0.0005847127018168592,0.00039691293239593506,0.008160237312316895,32.0,0.15151515151515152,32,True
env,tune,tail_b0.5_mu1.0_c2.0,B,200,200,1218000,48,1,500,0.01152875292301178,0.0007571101457614483,0.00018869245052337646,0.011340060472488403,48.0,0.23232323232323226,32,False
env,tune,tail_b0.5_mu1.0_c2.0,B,200,200,1218000,64,1,500,0.011400256395339967,0.0007639625769809903,9.913694858551025e-05,0.011301119446754455,64.0,0.31313131313131315,32,False
env,tune,tail_b0.5_mu1.0_c2.0,B,200,200,1218000,96,1,500,0.01396157991886139,0.0009574453521863632,3.6684393882751464e-05,0.013924895524978638,96.0,0.4747474747474748,32,False
env,tune,tail_b0.5_mu1.0_c2.0,B,200,200,1218000,128,1,500,0.019111334919929505,0.0012430148219124237,1.7619967460632323e-05,0.019093714952468872,128.0,0.6363636363636365,32,False
env,tune,tail_b0.5_mu1.0_c2.0,B,200,200,1218000,192,1,500,0.05886042201519012,0.0027464270518850623,1.6763210296630859e-06,0.05885874569416046,192.0,0.9595959595959597,32,False
env,tune,tail_b0.5_mu1.0_c2.0,B,500,500,1221000,2,1,500,0.04475698471069336,0.0022415624645662053,0.04405141341686249,0.0007055712938308716,2.0,0.0,48,False
env,tune,tail_b0.5_mu1.0_c2.0,B,500,500,1221000,4,1,500,0.019716549515724182,0.0012574970967898496,0.018669598817825317,0.0010469506978988648,4.0,0.004016064257028113,48,False
env,tune,tail_b0.5_mu1.0_c2.0,B,500,500,1221000,8,1,500,0.007738475799560547,0.0005236740006046094,0.005864529490470886,0.0018739463090896606,8.0,0.01204819277108434,48,False
env,tune,tail_b0.5_mu1.0_c2.0,B,500,500,1221000,12,1,500,0.005093576073646545,0.00039192021941692373,0.0029371287822723387,0.0021564472913742066,12.0,0.020080321285140566,48,False
env,tune,tail_b0.5_mu1.0_c2.0,B,500,500,1221000,16,1,500,0.0038561662435531614,0.00025389041439233647,0.0016121106147766113,0.0022440556287765504,16.0,0.02811244979919679,48,False
env,tune,tail_b0.5_mu1.0_c2.0,B,500,500,1221000,24,1,500,0.0036309993267059325,0.000244976423850088,0.0006947934627532959,0.0029362058639526368,24.0,0.04417670682730924,48,False
env,tune,tail_b0.5_mu1.0_c2.0,B,500,500,1221000,32,1,500,0.0035541095733642577,0.0002423180631818189,0.0004209009408950806,0.003133208632469177,32.0,0.060240963855421666,48,False
env,tune,tail_b0.5_mu1.0_c2.0,B,500,500,1221000,48,1,500,0.0035236669778823853,0.0002332900918980944,0.00020492744445800782,0.0033187395334243774,48.0,0.09236947791164661,48,True
env,tune,tail_b0.5_mu1.0_c2.0,B,500,500,1221000,64,1,500,0.0038347501754760743,0.0002475416952584929,0.00011009955406188965,0.0037246506214141844,64.0,0.12449799196787148,48,False
env,tune,tail_b0.5_mu1.0_c2.0,B,500,500,1221000,96,1,500,0.004410195231437683,0.00028340158922234574,4.647696018218994e-05,0.004363718271255493,96.0,0.1887550200803213,48,False
env,tune,tail_b0.5_mu1.0_c2.0,B,500,500,1221000,128,1,500,0.004520154118537903,0.00029891337978449605,2.5972723960876465e-05,0.004494181394577026,128.0,0.25301204819277107,48,False
env,tune,tail_b0.5_mu1.0_c2.0,B,500,500,1221000,192,1,500,0.005545043230056763,0.00035801815123091114,1.0255217552185059e-05,0.005534788012504578,192.0,0.38152610441767076,48,False
env,tune,tail_b0.5_mu1.0_c2.0,B,500,500,1221000,256,1,500,0.006517177820205689,0.00042219857603961877,4.977107048034668e-06,0.006512200713157654,256.0,0.5100401606425703,48,False
env,tune,tail_b0.5_mu1.0_c2.0,B,500,500,1221000,400,1,500,0.014341425895690919,0.0008604583883547298,1.2209415435791017e-06,0.014340204954147338,400.0,0.7991967871485943,48,False
env,tune,tail_b0.5_mu1.0_c2.0,B,1000,1000,1224000,2,1,500,0.044623054623603824,0.002308234261303108,0.04408273446559906,0.0005403201580047607,2.0,0.0,32,False
env,tune,tail_b0.5_mu1.0_c2.0,B,1000,1000,1224000,4,1,500,0.018514245510101317,0.0011483438139821421,0.017558906316757203,0.0009553391933441163,4.0,0.0020040080160320635,32,False
env,tune,tail_b0.5_mu1.0_c2.0,B,1000,1000,1224000,8,1,500,0.006903746128082275,0.0004996261693814108,0.0061544783115386964,0.0007492678165435791,8.0,0.006012024048096194,32,False
env,tune,tail_b0.5_mu1.0_c2.0,B,1000,1000,1224000,12,1,500,0.0039163405895233155,0.00027075447382973316,0.0029839619398117066,0.0009323786497116089,12.0,0.010020040080160319,32,False
env,tune,tail_b0.5_mu1.0_c2.0,B,1000,1000,1224000,16,1,500,0.0029076858758926394,0.00022959261686211153,0.0017389230728149414,0.0011687628030776977,16.0,0.014028056112224454,32,False
env,tune,tail_b0.5_mu1.0_c2.0,B,1000,1000,1224000,24,1,500,0.002166477918624878,0.0001310430714550617,0.0008609052896499633,0.0013055726289749145,24.0,0.02204408817635271,32,False
env,tune,tail_b0.5_mu1.0_c2.0,B,1000,1000,1224000,32,1,500,0.0019450036287307739,0.00012356485170865998,0.00047407925128936765,0.0014709243774414062,32.0,0.030060120240480957,32,True
env,tune,tail_b0.5_mu1.0_c2.0,B,1000,1000,1224000,48,1,500,0.0022733505964279174,0.00016798102116714135,0.00021894419193267822,0.0020544064044952393,48.0,0.04609218436873748,32,False
env,tune,tail_b0.5_mu1.0_c2.0,B,1000,1000,1224000,64,1,500,0.0022656333446502684,0.00016569229976787838,0.00012962913513183593,0.0021360042095184325,64.0,0.062124248496993974,32,False
env,tune,tail_b0.5_mu1.0_c2.0,B,1000,1000,1224000,96,1,500,0.0023895555734634397,0.00016683658524622565,6.129992008209229e-05,0.0023282556533813477,96.0,0.09418837675350701,32,False
env,tune,tail_b0.5_mu1.0_c2.0,B,1000,1000,1224000,128,1,500,0.002261163353919983,0.00016540027982600222,3.093111515045166e-05,0.0022302322387695315,128.0,0.12625250501002006,32,False
env,tune,tail_b0.5_mu1.0_c2.0,B,1000,1000,1224000,192,1,500,0.0021935014724731444,0.0001493753949721393,1.4195799827575683e-05,0.002179305672645569,192.0,0.19038076152304614,32,False
env,tune,tail_b0.5_mu1.0_c2.0,B,1000,1000,1224000,256,1,500,0.0023993053436279295,0.00015429937099546286,8.330941200256348e-06,0.0023909744024276734,256.0,0.2545090180360722,32,False
env,tune,tail_b0.5_mu1.0_c2.0,B,1000,1000,1224000,400,1,500,0.0029973769187927246,0.00020418766192277775,2.5249719619750978e-06,0.0029948519468307494,400.0,0.39879759519038066,32,False
env,tune,tail_b1.0_mu0.8_c1.0,B,50,50,1227000,2,1,500,0.3009823475899175,0.01028285958283969,0.2952695102104917,0.005712837379425764,2.0,0.0,16,False
env,tune,tail_b1.0_mu0.8_c1.0,B,50,50,1227000,4,1,500,0.18425578352808952,0.007168307787824192,0.16784660312533378,0.016409180402755737,4.0,0.04166666666666666,16,False
env,tune,tail_b1.0_mu0.8_c1.0,B,50,50,1227000,8,1,500,0.12248670104146003,0.005343420615082677,0.08662970983982086,0.035856991201639175,8.0,0.125,16,False
env,tune,tail_b1.0_mu0.8_c1.0,B,50,50,1227000,12,1,500,0.10639042687416077,0.004794202414529956,0.05352752381563187,0.0528629030585289,12.0,0.20833333333333334,16,False
env,tune,tail_b1.0_mu0.8_c1.0,B,50,50,1227000,16,1,500,0.0971938059926033,0.004384777036554559,0.03526117849349976,0.06193262749910355,16.0,0.2916666666666667,16,True
env,tune,tail_b1.0_mu0.8_c1.0,B,50,50,1227000,24,1,500,0.09937930446863175,0.00449031230193099,0.018167073130607603,0.08121223133802415,24.0,0.45833333333333326,16,False
env,tune,tail_b1.0_mu0.8_c1.0,B,50,50,1227000,32,1,500,0.1106662876009941,0.005244840777752063,0.008699270844459534,0.10196701675653458,32.0,0.625,16,False
env,tune,tail_b1.0_mu0.8_c1.0,B,50,50,1227000,48,1,500,0.2103957942314446,0.007503061474376798,0.0006968176364898682,0.20969897659495473,48.0,0.9583333333333335,16,False
env,tune,tail_b1.0_mu0.8_c1.0,B,100,100,1230000,2,1,500,0.31022790405526757,0.009996256419096655,0.30912099870853127,0.001106905346736312,2.0,0.0,48,False
env,tune,tail_b1.0_mu0.8_c1.0,B,100,100,1230000,4,1,500,0.19909682224690914,0.007230402277754273,0.18934462685883044,0.009752195388078689,4.0,0.02040816326530612,48,False
env,tune,tail_b1.0_mu0.8_c1.0,B,100,100,1230000,8,1,500,0.12800681683421136,0.005039806313353453,0.10649212449789047,0.021514692336320876,8.0,0.06122448979591836,48,False
env,tune,tail_b1.0_mu0.8_c1.0,B,100,100,1230000,12,1,500,0.09607928317785264,0.0040152688731393115,0.06926026111841202,0.026819022059440614,12.0,0.1020408163265306,48,False
env,tune,tail_b1.0_mu0.8_c1.0,B,100,100,1230000,16,1,500,0.08963229498267174,0.004099266127763782,0.051157444834709166,0.03847485014796257,16.0,0.1428571428571428,48,False
env,tune,tail_b1.0_mu0.8_c1.0,B,100,100,1230000,24,1,500,0.0822773185968399,0.0038368984439116132,0.02784637486934662,0.05443094372749328,24.0,0.22448979591836735,48,False
env,tune,tail_b1.0_mu0.8_c1.0,B,100,100,1230000,32,1,500,0.08536835211515427,0.003961314848179205,0.01901200258731842,0.06635634952783584,32.0,0.3061224489795919,48,False
env,tune,tail_b1.0_mu0.8_c1.0,B,100,100,1230000,48,1,500,0.07776389515399933,0.0035457599997167017,0.008089594721794128,0.0696743004322052,48.0,0.4693877551020407,48,True
env,tune,tail_b1.0_mu0.8_c1.0,B,100,100,1230000,64,1,500,0.09199490177631378,0.003992251065836391,0.004773720622062683,0.08722118115425109,64.0,0.6326530612244898,48,False
env,tune,tail_b1.0_mu0.8_c1.0,B,100,100,1230000,96,1,500,0.1803665326833725,0.007049321164820083,0.00033397531509399416,0.1800325573682785,96.0,0.959183673469388,48,False
env,tune,tail_b1.0_mu0.8_c1.0,B,200,200,1233000,2,1,500,0.31014901872351763,0.009826678702773912,0.3084215464270674,0.0017274722964502871,2.0,0.0,64,False
env,tune,tail_b1.0_mu0.8_c1.0,B,200,200,1233000,4,1,500,0.19552872130274773,0.007066716994952916,0.1913694152235985,0.004159306079149246,4.0,0.0101010101010101,64,False
env,tune,tail_b1.0_mu0.8_c1.0,B,200,200,1233000,8,1,500,0.11313857913017272,0.004585175284784241,0.1030444639325142,0.01009411519765854,8.0,0.030303030303030293,64,False
env,tune,tail_b1.0_mu0.8_c1.0,B,200,200,1233000,12,1,500,0.08751804733276367,0.0037039350481164004,0.07173700350522995,0.015781043827533724,12.0,0.050505050505050504,64,False
env,tune,tail_b1.0_mu0.8_c1.0,B,200,200,1233000,16,1,500,0.0738745630979538,0.0032643328015448344,0.05407827055454254,0.019796292543411254,16.0,0.07070707070707072,64,False
env,tune,tail_b1.0_mu0.8_c1.0,B,200,200,1233000,24,1,500,0.06314673501253128,0.0026897404343088783,0.03799732279777527,0.02514941221475601,24.0,0.11111111111111115,64,False
env,tune,tail_b1.0_mu0.8_c1.0,B,200,200,1233000,32,1,500,0.05996167719364166,0.0026576720362092437,0.02724110674858093,0.03272057044506073,32.0,0.15151515151515152,64,False
env,tune,tail_b1.0_mu0.8_c1.0,B,200,200,1233000,48,1,500,0.05962465822696686,0.00261946165011282,0.01666053891181946,0.0429641193151474,48.0,0.23232323232323226,64,False
env,tune,tail_b1.0_mu0.8_c1.0,B,200,200,1233000,64,1,500,0.05824341928958893,0.0027156405881454456,0.010115123033523559,0.04812829625606537,64.0,0.31313131313131315,64,True
env,tune,tail_b1.0_mu0.8_c1.0,B,200,200,1233000,96,1,500,0.0653493982553482,0.0030518398062898667,0.005249995112419128,0.060099403142929074,96.0,0.4747474747474748,64,False
env,tune,tail_b1.0_mu0.8_c1.0,B,200,200,1233000,128,1,500,0.08008291321992875,0.003384607989312733,0.002834583520889282,0.07724832969903946,128.0,0.6363636363636365,64,False
env,tune,tail_b1.0_mu0.8_c1.0,B,200,200,1233000,192,1,500,0.16236574319005012,0.005895855069368225,0.000127774715423584,0.16223796847462654,192.0,0.9595959595959597,64,False
env,tune,tail_b1.0_mu0.8_c1.0,B,500,500,1236000,2,1,500,0.32172855471167716,0.01018304971591243,0.32134442137274893,0.00038413333892822266,2.0,0.0,64,False
env,tune,tail_b1.0_mu0.8_c1.0,B,500,500,1236000,4,1,500,0.18868041674047709,0.006740539429529078,0.18695044923573734,0.0017299675047397613,4.0,0.004016064257028113,64,False
env,tune,tail_b1.0_mu0.8_c1.0,B,500,500,1236000,8,1,500,0.1105375372171402,0.004483771746826407,0.10582277780771256,0.004714759409427643,8.0,0.01204819277108434,64,False
env,tune,tail_b1.0_mu0.8_c1.0,B,500,500,1236000,12,1,500,0.0795972301363945,0.0033939389516947664,0.07285807061195373,0.006739159524440766,12.0,0.020080321285140566,64,False
env,tune,tail_b1.0_mu0.8_c1.0,B,500,500,1236000,16,1,500,0.06422920787334442,0.0027311783892213742,0.056042467892169955,0.008186739981174468,16.0,0.02811244979919679,64,False
env,tune,tail_b1.0_mu0.8_c1.0,B,500,500,1236000,24,1,500,0.050009319245815274,0.0021490538870587664,0.038138179063797,0.01187114018201828,24.0,0.04417670682730924,64,False
env,tune,tail_b1.0_mu0.8_c1.0,B,500,500,1236000,32,1,500,0.0441269770860672,0.0018584366543939858,0.027751829743385314,0.016375147342681886,32.0,0.060240963855421666,64,False
env,tune,tail_b1.0_mu0.8_c1.0,B,500,500,1236000,48,1,500,0.04250990104675293,0.001789267222218462,0.018664930582046508,0.02384497046470642,48.0,0.09236947791164661,64,False
env,tune,tail_b1.0_mu0.8_c1.0,B,500,500,1236000,64,1,500,0.03978436541557312,0.0017060709647499666,0.013193222761154175,0.026591142654418944,64.0,0.12449799196787148,64,True
env,tune,tail_b1.0_mu0.8_c1.0,B,500,500,1236000,96,1,500,0.042649203419685366,0.0018724364724726414,0.008396376013755799,0.03425282740592957,96.0,0.1887550200803213,64,False
env,tune,tail_b1.0_mu0.8_c1.0,B,500,500,1236000,128,1,500,0.045621467888355256,0.0020911669157636327,0.005991402983665467,0.03963006490468979,128.0,0.25301204819277107,64,False
env,tune,tail_b1.0_mu0.8_c1.0,B,500,500,1236000,192,1,500,0.04864326608181,0.0020461615550648217,0.003508108139038086,0.04513515794277191,192.0,0.38152610441767076,64,False
env,tune,tail_b1.0_mu0.8_c1.0,B,500,500,1236000,256,1,500,0.05241837859153747,0.002390403009809747,0.0020492769479751585,0.050369101643562314,256.0,0.5100401606425703,64,False
env,tune,tail_b1.0_mu0.8_c1.0,B,500,500,1236000,400,1,500,0.07580619823932648,0.0034077674095070324,0.00046850013732910154,0.07533769810199738,400.0,0.7991967871485943,64,False
env,tune,tail_b1.0_mu0.8_c1.0,B,1000,1000,1239000,2,1,500,0.3279600323138293,0.01025827990960878,0.3276817767319735,0.00027825558185577394,2.0,0.0,96,False
env,tune,tail_b1.0_mu0.8_c1.0,B,1000,1000,1239000,4,1,500,0.19728539696335792,0.006803443925618168,0.19663533338904382,0.0006500635743141174,4.0,0.0020040080160320635,96,False
env,tune,tail_b1.0_mu0.8_c1.0,B,1000,1000,1239000,8,1,500,0.10842323786020279,0.004176239987779864,0.10694404113292694,0.0014791967272758484,8.0,0.006012024048096194,96,False
env,tune,tail_b1.0_mu0.8_c1.0,B,1000,1000,1239000,12,1,500,0.08007460397481918,0.003230945903564656,0.07681990385055543,0.0032547001242637635,12.0,0.010020040080160319,96,False
env,tune,tail_b1.0_mu0.8_c1.0,B,1000,1000,1239000,16,1,500,0.06405472201108932,0.002675524232423323,0.05910488045215607,0.004949841558933258,16.0,0.014028056112224454,96,False
env,tune,tail_b1.0_mu0.8_c1.0,B,1000,1000,1239000,24,1,500,0.046406901955604554,0.0019377479609413912,0.03956348586082459,0.006843416094779968,24.0,0.02204408817635271,96,False
env,tune,tail_b1.0_mu0.8_c1.0,B,1000,1000,1239000,32,1,500,0.037865694046020505,0.0015187928227559813,0.029488397598266602,0.008377296447753906,32.0,0.030060120240480957,96,False
env,tune,tail_b1.0_mu0.8_c1.0,B,1000,1000,1239000,48,1,500,0.02967272400856018,0.0011987605032826377,0.01905972933769226,0.010612994670867919,48.0,0.04609218436873748,96,False
env,tune,tail_b1.0_mu0.8_c1.0,B,1000,1000,1239000,64,1,500,0.028546676993370056,0.0011251494376069847,0.014036113023757934,0.014510563969612122,64.0,0.062124248496993974,96,False
env,tune,tail_b1.0_mu0.8_c1.0,B,1000,1000,1239000,96,1,500,0.027916305184364318,0.0011162414826083207,0.008971880674362182,0.018944424510002136,96.0,0.09418837675350701,96,True
env,tune,tail_b1.0_mu0.8_c1.0,B,1000,1000,1239000,128,1,500,0.028712383627891542,0.001248570451572669,0.006658302783966064,0.022054080843925475,128.0,0.12625250501002006,96,False
env,tune,tail_b1.0_mu0.8_c1.0,B,1000,1000,1239000,192,1,500,0.03372884702682495,0.001403591771714658,0.004211277008056641,0.02951757001876831,192.0,0.19038076152304614,96,False
env,tune,tail_b1.0_mu0.8_c1.0,B,1000,1000,1239000,256,1,500,0.03470536732673645,0.0014879207530209522,0.003060298442840576,0.03164506888389587,256.0,0.2545090180360722,96,False
env,tune,tail_b1.0_mu0.8_c1.0,B,1000,1000,1239000,400,1,500,0.038908416748046876,0.001651950910484758,0.0017199330329895019,0.037188483715057376,400.0,0.39879759519038066,96,False
env,tune,tail_b1.0_mu0.8_c2.0,B,50,50,1242000,2,1,500,0.17601263552904128,0.005546645316852982,0.16025439685583115,0.015758238673210145,2.0,0.0,16,False
env,tune,tail_b1.0_mu0.8_c2.0,B,50,50,1242000,4,1,500,0.11115806537866592,0.004459179194365259,0.08468706399202347,0.026471001386642455,4.0,0.04166666666666666,16,False
env,tune,tail_b1.0_mu0.8_c2.0,B,50,50,1242000,8,1,500,0.1015408090353012,0.004219587104771085,0.043958043813705446,0.057582765221595764,8.0,0.125,16,False
env,tune,tail_b1.0_mu0.8_c2.0,B,50,50,1242000,12,1,500,0.09469534063339233,0.004033530827527352,0.02751719629764557,0.06717814433574676,12.0,0.20833333333333334,16,False
env,tune,tail_b1.0_mu0.8_c2.0,B,50,50,1242000,16,1,500,0.08475826722383499,0.0036992904203039917,0.018053181171417236,0.06670508605241776,16.0,0.2916666666666667,16,True
env,tune,tail_b1.0_mu0.8_c2.0,B,50,50,1242000,24,1,500,0.09650969463586807,0.004295121336290003,0.010399584770202636,0.08611010986566543,24.0,0.45833333333333326,16,False
env,tune,tail_b1.0_mu0.8_c2.0,B,50,50,1242000,32,1,500,0.10837525063753128,0.004471377888518046,0.005465258598327636,0.10290999203920365,32.0,0.625,16,False
env,tune,tail_b1.0_mu0.8_c2.0,B,50,50,1242000,48,1,500,0.1720746268630028,0.005770191901223914,0.00046242523193359373,0.1716122016310692,48.0,0.9583333333333335,16,False
env,tune,tail_b1.0_mu0.8_c2.0,B,100,100,1245000,2,1,500,0.16644753783941268,0.0057034374934835,0.1600255771279335,0.006421960711479187,2.0,0.0,16,False
env,tune,tail_b1.0_mu0.8_c2.0,B,100,100,1245000,4,1,500,0.10868886065483094,0.0042534678902463275,0.09215751487016678,0.016531345784664152,4.0,0.02040816326530612,16,False
env,tune,tail_b1.0_mu0.8_c2.0,B,100,100,1245000,8,1,500,0.07630976957082748,0.003052901238846379,0.04514639031887054,0.03116337925195694,8.0,0.06122448979591836,16,False
env,tune,tail_b1.0_mu0.8_c2.0,B,100,100,1245000,12,1,500,0.07302814918756485,0.003301813095752216,0.03021296679973602,0.042815182387828825,12.0,0.1020408163265306,16,False
env,tune,tail_b1.0_mu0.8_c2.0,B,100,100,1245000,16,1,500,0.07086198109388352,0.0033030228423434217,0.02289551556110382,0.047966465532779695,16.0,0.1428571428571428,16,True
env,tune,tail_b1.0_mu0.8_c2.0,B,100,100,1245000,24,1,500,0.07243933522701264,0.003207833661253822,0.014760749220848083,0.05767858600616455,24.0,0.22448979591836735,16,False
env,tune,tail_b1.0_mu0.8_c2.0,B,100,100,1245000,32,1,500,0.07329502123594284,0.0034597887038904694,0.009771261811256409,0.06352375942468644,32.0,0.3061224489795919,16,False
env,tune,tail_b1.0_mu0.8_c2.0,B,100,100,1245000,48,1,500,0.08731323117017746,0.003946109955730362,0.00466996967792511,0.08264326149225235,48.0,0.4693877551020407,16,False
env,tune,tail_b1.0_mu0.8_c2.0,B,100,100,1245000,64,1,500,0.09433371382951737,0.00407880939909134,0.002501547694206238,0.09183216613531113,64.0,0.6326530612244898,16,False
env,tune,tail_b1.0_mu0.8_c2.0,B,100,100,1245000,96,1,500,0.1589125645160675,0.005545811399165214,0.0001559264659881592,0.15875663805007934,96.0,0.959183673469388,16,False
env,tune,tail_b1.0_mu0.8_c2.0,B,200,200,1248000,2,1,500,0.16721358960866928,0.0054388374624111425,0.16366976714134215,0.003543822467327118,2.0,0.0,24,False
env,tune,tail_b1.0_mu0.8_c2.0,B,200,200,1248000,4,1,500,0.1014182886481285,0.003972119110318031,0.092273661673069,0.00914462697505951,4.0,0.0101010101010101,24,False
env,tune,tail_b1.0_mu0.8_c2.0,B,200,200,1248000,8,1,500,0.07179519814252854,0.002903231750938463,0.05120461463928223,0.02059058350324631,8.0,0.030303030303030293,24,False
env,tune,tail_b1.0_mu0.8_c2.0,B,200,200,1248000,12,1,500,0.06085383862257004,0.0024444140555736154,0.03331920886039734,0.027534629762172698,12.0,0.050505050505050504,24,False
env,tune,tail_b1.0_mu0.8_c2.0,B,200,200,1248000,16,1,500,0.05929551631212235,0.0023995688337120746,0.02483971953392029,0.034455796778202055,16.0,0.07070707070707072,24,False
env,tune,tail_b1.0_mu0.8_c2.0,B,200,200,1248000,24,1,500,0.05759054803848267,0.002422521741367303,0.01579727292060852,0.041793275117874146,24.0,0.11111111111111115,24,True
env,tune,tail_b1.0_mu0.8_c2.0,B,200,200,1248000,32,1,500,0.06009195357561112,0.002466468042820329,0.011658917307853699,0.04843303626775742,32.0,0.15151515151515152,24,False
env,tune,tail_b1.0_mu0.8_c2.0,B,200,200,1248000,48,1,500,0.05996608847379684,0.0027836521647348076,0.006947109460830689,0.05301897901296616,48.0,0.23232323232323226,24,False
env,tune,tail_b1.0_mu0.8_c2.0,B,200,200,1248000,64,1,500,0.06492036014795304,0.0029243053609817244,0.004642687678337097,0.060277672469615934,64.0,0.31313131313131315,24,False
env,tune,tail_b1.0_mu0.8_c2.0,B,200,200,1248000,96,1,500,0.07463945293426513,0.003344378003890707,0.0025442124605178835,0.07209524047374725,96.0,0.4747474747474748,24,False
env,tune,tail_b1.0_mu0.8_c2.0,B,200,200,1248000,128,1,500,0.08627010810375213,0.0035163383144199336,0.0014124008417129516,0.08485770726203919,128.0,0.6363636363636365,24,False
env,tune,tail_b1.0_mu0.8_c2.0,B,200,200,1248000,192,1,500,0.14380092483758927,0.004931441611781388,5.525827407836914e-05,0.1437456665635109,192.0,0.9595959595959597,24,False
env,tune,tail_b1.0_mu0.8_c2.0,B,500,500,1251000,2,1,500,0.16262892705202103,0.005272299816556709,0.16146769589185714,0.0011612311601638793,2.0,0.0,48,False
env,tune,tail_b1.0_mu0.8_c2.0,B,500,500,1251000,4,1,500,0.09880693435668945,0.003631263009291454,0.09497309982776642,0.0038338345289230347,4.0,0.004016064257028113,48,False
env,tune,tail_b1.0_mu0.8_c2.0,B,500,500,1251000,8,1,500,0.061438925981521605,0.0023935669816387106,0.05258371865749359,0.008855207324028015,8.0,0.01204819277108434,48,False
env,tune,tail_b1.0_mu0.8_c2.0,B,500,500,1251000,12,1,500,0.04935184681415558,0.0019387978788595753,0.037530439615249635,0.011821407198905945,12.0,0.020080321285140566,48,False
env,tune,tail_b1.0_mu0.8_c2.0,B,500,500,1251000,16,1,500,0.04378509521484375,0.0016437462694884625,0.028091129541397093,0.015693965673446657,16.0,0.02811244979919679,48,False
env,tune,tail_b1.0_mu0.8_c2.0,B,500,500,1251000,24,1,500,0.037929534912109375,0.001516275134473617,0.017605342388153075,0.0203241925239563,24.0,0.04417670682730924,48,False
env,tune,tail_b1.0_mu0.8_c2.0,B,500,500,1251000,32,1,500,0.03799695765972137,0.0015231667850280142,0.012870222687721252,0.02512673497200012,32.0,0.060240963855421666,48,False
env,tune,tail_b1.0_mu0.8_c2.0,B,500,500,1251000,48,1,500,0.03589327681064606,0.0014988627715279126,0.00847287404537201,0.02742040276527405,48.0,0.09236947791164661,48,True
env,tune,tail_b1.0_mu0.8_c2.0,B,500,500,1251000,64,1,500,0.03793560862541199,0.001644342822903715,0.006161735296249389,0.0317738733291626,64.0,0.12449799196787148,48,False
env,tune,tail_b1.0_mu0.8_c2.0,B,500,500,1251000,96,1,500,0.04068981397151947,0.0016390580579826212,0.00391398823261261,0.03677582573890686,96.0,0.1887550200803213,48,False
env,tune,tail_b1.0_mu0.8_c2.0,B,500,500,1251000,128,1,500,0.04395444095134735,0.0017672362311530333,0.0028430534601211546,0.0411113874912262,128.0,0.25301204819277107,48,False
env,tune,tail_b1.0_mu0.8_c2.0,B,500,500,1251000,192,1,500,0.04872640061378479,0.0020899590747562053,0.0016096324920654296,0.04711676812171936,192.0,0.38152610441767076,48,False
env,tune,tail_b1.0_mu0.8_c2.0,B,500,500,1251000,256,1,500,0.05835376018285751,0.002496951264071834,0.0009026809930801392,0.057451079189777376,256.0,0.5100401606425703,48,False
env,tune,tail_b1.0_mu0.8_c2.0,B,500,500,1251000,400,1,500,0.07684416514635085,0.003142071689199577,0.00017598068714141845,0.07666818445920945,400.0,0.7991967871485943,48,False
env,tune,tail_b1.0_mu0.8_c2.0,B,1000,1000,1254000,2,1,500,0.16596759217977525,0.004984563669944642,0.16506828331947326,0.0008993088603019714,2.0,0.0,64,False
env,tune,tail_b1.0_mu0.8_c2.0,B,1000,1000,1254000,4,1,500,0.10214486706256866,0.0037203163526308295,0.09984110605716705,0.0023037610054016115,4.0,0.0020040080160320635,64,False
env,tune,tail_b1.0_mu0.8_c2.0,B,1000,1000,1254000,8,1,500,0.06122301369905472,0.002474426288249363,0.05621908354759216,0.005003930151462555,8.0,0.006012024048096194,64,False
env,tune,tail_b1.0_mu0.8_c2.0,B,1000,1000,1254000,12,1,500,0.04498747026920319,0.001829217189924554,0.037925358057022095,0.007062112212181091,12.0,0.010020040080160319,64,False
env,tune,tail_b1.0_mu0.8_c2.0,B,1000,1000,1254000,16,1,500,0.0363982857465744,0.0015029174504869924,0.028928998708724975,0.0074692870378494265,16.0,0.014028056112224454,64,False
env,tune,tail_b1.0_mu0.8_c2.0,B,1000,1000,1254000,24,1,500,0.03143554604053497,0.0013412203127331165,0.019673539519309998,0.011762006521224975,24.0,0.02204408817635271,64,False
env,tune,tail_b1.0_mu0.8_c2.0,B,1000,1000,1254000,32,1,500,0.02684380650520325,0.0011439040861693911,0.013616225004196167,0.01322758150100708,32.0,0.030060120240480957,64,False
env,tune,tail_b1.0_mu0.8_c2.0,B,1000,1000,1254000,48,1,500,0.024994778871536255,0.0010483847393100221,0.008512888431549072,0.01648189043998718,48.0,0.04609218436873748,64,False
env,tune,tail_b1.0_mu0.8_c2.0,B,1000,1000,1254000,64,1,500,0.024419609904289246,0.00100902784640034,0.0064621493816375735,0.017957460522651673,64.0,0.062124248496993974,64,True
env,tune,tail_b1.0_mu0.8_c2.0,B,1000,1000,1254000,96,1,500,0.027123778939247133,0.001163899838679919,0.004202246069908142,0.022921532869338988,96.0,0.09418837675350701,64,False
env,tune,tail_b1.0_mu0.8_c2.0,B,1000,1000,1254000,128,1,500,0.03222018456459046,0.001394208856922922,0.002872077703475952,0.0293481068611145,128.0,0.12625250501002006,64,False
env,tune,tail_b1.0_mu0.8_c2.0,B,1000,1000,1254000,192,1,500,0.03414148104190826,0.0014943772445000316,0.001743425726890564,0.0323980553150177,192.0,0.19038076152304614,64,False
env,tune,tail_b1.0_mu0.8_c2.0,B,1000,1000,1254000,256,1,500,0.040585195422172544,0.0017588467683165446,0.0013559703826904297,0.03922922503948212,256.0,0.2545090180360722,64,False
env,tune,tail_b1.0_mu0.8_c2.0,B,1000,1000,1254000,400,1,500,0.04750028812885285,0.0021901793258961694,0.0006926534175872803,0.04680763471126556,400.0,0.39879759519038066,64,False
env,tune,tail_b1.0_mu0.9_c1.0,B,50,50,1257000,2,1,500,0.31080191070213914,0.010803599166924416,0.30402269230876117,0.00677921839337796,2.0,0.0,24,False
env,tune,tail_b1.0_mu0.9_c1.0,B,50,50,1257000,4,1,500,0.19137865783274174,0.007488539907089526,0.17174494215846062,0.01963371567428112,4.0,0.04166666666666666,24,False
env,tune,tail_b1.0_mu0.9_c1.0,B,50,50,1257000,8,1,500,0.12725670412182807,0.005393351065474798,0.08887187898159027,0.038384825140237805,8.0,0.125,24,False
env,tune,tail_b1.0_mu0.9_c1.0,B,50,50,1257000,12,1,500,0.10254206353425979,0.004792420405816933,0.055759332060813904,0.046782731473445895,12.0,0.20833333333333334,24,False
env,tune,tail_b1.0_mu0.9_c1.0,B,50,50,1257000,16,1,500,0.09206977021694183,0.004148536211551233,0.040503358602523805,0.05156641161441803,16.0,0.2916666666666667,24,False
env,tune,tail_b1.0_mu0.9_c1.0,B,50,50,1257000,24,1,500,0.08971935620903969,0.004374147580715136,0.019630649089813233,0.07008870711922646,24.0,0.45833333333333326,24,True
env,tune,tail_b1.0_mu0.9_c1.0,B,50,50,1257000,32,1,500,0.11054516249895095,0.0049467018000519045,0.00986080288887024,0.10068435961008072,32.0,0.625,24,False
env,tune,tail_b1.0_mu0.9_c1.0,B,50,50,1257000,48,1,500,0.20531955635547638,0.007516523851564151,0.000740682601928711,0.20457887375354766,48.0,0.9583333333333335,24,False
env,tune,tail_b1.0_mu0.9_c1.0,B,100,100,1260000,2,1,500,0.3310519696571864,0.010505633026761668,0.327807591276709,0.0032443783804774282,2.0,0.0,24,False
env,tune,tail_b1.0_mu0.9_c1.0,B,100,100,1260000,4,1,500,0.2032018835246563,0.007517692100550787,0.19522434383630752,0.00797753968834877,4.0,0.02040816326530612,24,False
env,tune,tail_b1.0_mu0.9_c1.0,B,100,100,1260000,8,1,500,0.11705555438995362,0.004853558396819391,0.10137819623947143,0.015677358150482178,8.0,0.06122448979591836,24,False
env,tune,tail_b1.0_mu0.9_c1.0,B,100,100,1260000,12,1,500,0.09680962777137757,0.004084568887801674,0.0688324693441391,0.027977158427238465,12.0,0.1020408163265306,24,False
env,tune,tail_b1.0_mu0.9_c1.0,B,100,100,1260000,16,1,500,0.07951527005434036,0.0036346874583092345,0.0470830203294754,0.03243224972486496,16.0,0.1428571428571428,24,False
env,tune,tail_b1.0_mu0.9_c1.0,B,100,100,1260000,24,1,500,0.06971181124448776,0.0032955991107859674,0.02831394875049591,0.041397862493991855,24.0,0.22448979591836735,24,True
env,tune,tail_b1.0_mu0.9_c1.0,B,100,100,1260000,32,1,500,0.07144581079483033,0.0033645594461434716,0.02006846880912781,0.05137734198570251,32.0,0.3061224489795919,24,False
env,tune,tail_b1.0_mu0.9_c1.0,B,100,100,1260000,48,1,500,0.08274391841888427,0.0040092444676389566,0.009856671690940857,0.07288724672794342,48.0,0.4693877551020407,24,False
env,tune,tail_b1.0_mu0.9_c1.0,B,100,100,1260000,64,1,500,0.08920625340938568,0.004198753054205764,0.004641867756843567,0.08456438565254211,64.0,0.6326530612244898,24,False
env,tune,tail_b1.0_mu0.9_c1.0,B,100,100,1260000,96,1,500,0.19356249360740185,0.007481875302387268,0.00045983779430389403,0.19310265581309796,96.0,0.959183673469388,24,False
env,tune,tail_b1.0_mu0.9_c1.0,B,200,200,1263000,2,1,500,0.33069344220869246,0.010618895422244269,0.32920614900812506,0.0014872932005673648,2.0,0.0,48,False
env,tune,tail_b1.0_mu0.9_c1.0,B,200,200,1263000,4,1,500,0.19801300486922263,0.007366142337329968,0.19416858872771264,0.0038444161415100097,4.0,0.0101010101010101,48,False
env,tune,tail_b1.0_mu0.9_c1.0,B,200,200,1263000,8,1,500,0.11114842915534973,0.0044716117375464895,0.10366876277327537,0.007479666382074356,8.0,0.030303030303030293,48,False
env,tune,tail_b1.0_mu0.9_c1.0,B,200,200,1263000,12,1,500,0.08200979912281037,0.003349168323364741,0.07198879593610763,0.010021003186702728,12.0,0.050505050505050504,48,False
env,tune,tail_b1.0_mu0.9_c1.0,B,200,200,1263000,16,1,500,0.07010642075538635,0.002911933732590048,0.054466416597366334,0.01564000415802002,16.0,0.07070707070707072,48,False
env,tune,tail_b1.0_mu0.9_c1.0,B,200,200,1263000,24,1,500,0.05382616722583771,0.0023279889878783933,0.03416092813014984,0.019665239095687865,24.0,0.11111111111111115,48,False
env,tune,tail_b1.0_mu0.9_c1.0,B,200,200,1263000,32,1,500,0.05323470175266266,0.002497421569878988,0.02462932538986206,0.028605376362800597,32.0,0.15151515151515152,48,False
env,tune,tail_b1.0_mu0.9_c1.0,B,200,200,1263000,48,1,500,0.05193070137500763,0.0024243117389181642,0.014401848673820496,0.03752885270118713,48.0,0.23232323232323226,48,True
env,tune,tail_b1.0_mu0.9_c1.0,B,200,200,1263000,64,1,500,0.05257781171798706,0.002229195611059728,0.009481809735298156,0.043096001982688904,64.0,0.31313131313131315,48,False
env,tune,tail_b1.0_mu0.9_c1.0,B,200,200,1263000,96,1,500,0.05675299549102783,0.0027120966213742565,0.004425899863243103,0.05232709562778473,96.0,0.4747474747474748,48,False
env,tune,tail_b1.0_mu0.9_c1.0,B,200,200,1263000,128,1,500,0.064714046895504,0.0029793889957273768,0.0023193073272705076,0.06239473956823349,128.0,0.6363636363636365,48,False
env,tune,tail_b1.0_mu0.9_c1.0,B,200,200,1263000,192,1,500,0.16828128454089164,0.006486222565319434,0.00010875773429870606,0.16817252680659295,192.0,0.9595959595959597,48,False
env,tune,tail_b1.0_mu0.9_c1.0,B,500,500,1266000,2,1,500,0.3295257044751197,0.010597791588568401,0.32872140875644984,0.0008042957186698914,2.0,0.0,64,False
env,tune,tail_b1.0_mu0.9_c1.0,B,500,500,1266000,4,1,500,0.19371342501044272,0.00723662413377094,0.19204243192076684,0.0016709930896759034,4.0,0.004016064257028113,64,False
env,tune,tail_b1.0_mu0.9_c1.0,B,500,500,1266000,8,1,500,0.1145317971110344,0.004491479005891756,0.11153622645139694,0.0029955706596374513,8.0,0.01204819277108434,64,False
env,tune,tail_b1.0_mu0.9_c1.0,B,500,500,1266000,12,1,500,0.08020043224096299,0.003274342424158535,0.07683223980665208,0.003368192434310913,12.0,0.020080321285140566,64,False
env,tune,tail_b1.0_mu0.9_c1.0,B,500,500,1266000,16,1,500,0.0625210326910019,0.002489517514953804,0.05646961104869842,0.006051421642303467,16.0,0.02811244979919679,64,False
env,tune,tail_b1.0_mu0.9_c1.0,B,500,500,1266000,24,1,500,0.044801642179489135,0.0018552374539847118,0.036451882481575014,0.008349759697914124,24.0,0.04417670682730924,64,False
env,tune,tail_b1.0_mu0.9_c1.0,B,500,500,1266000,32,1,500,0.039739068269729616,0.001723110455331837,0.028268164157867433,0.011470904111862183,32.0,0.060240963855421666,64,False
env,tune,tail_b1.0_mu0.9_c1.0,B,500,500,1266000,48,1,500,0.03316732454299927,0.0014065499238060763,0.017087443232536317,0.01607988131046295,48.0,0.09236947791164661,64,False
env,tune,tail_b1.0_mu0.9_c1.0,B,500,500,1266000,64,1,500,0.031111538767814636,0.0013961049118904284,0.01228658950328827,0.018824949264526367,64.0,0.12449799196787148,64,True
env,tune,tail_b1.0_mu0.9_c1.0,B,500,500,1266000,96,1,500,0.032809891939163206,0.0015366400775551048,0.00777358615398407,0.02503630578517914,96.0,0.1887550200803213,64,False
env,tune,tail_b1.0_mu0.9_c1.0,B,500,500,1266000,128,1,500,0.035745948195457455,0.0016387711159255183,0.005642052412033081,0.030103895783424376,128.0,0.25301204819277107,64,False
env,tune,tail_b1.0_mu0.9_c1.0,B,500,500,1266000,192,1,500,0.03870749378204346,0.0017801984552586344,0.0030749156475067137,0.03563257813453674,192.0,0.38152610441767076,64,False
env,tune,tail_b1.0_mu0.9_c1.0,B,500,500,1266000,256,1,500,0.0510331152677536,0.002353932689233609,0.001980924725532532,0.04905219054222107,256.0,0.5100401606425703,64,False
env,tune,tail_b1.0_mu0.9_c1.0,B,500,500,1266000,400,1,500,0.06741920512914658,0.0029522760277651927,0.00047607755661010744,0.06694312757253647,400.0,0.7991967871485943,64,False
env,tune,tail_b1.0_mu0.9_c1.0,B,1000,1000,1269000,2,1,500,0.3316295980734576,0.01107280856218407,0.3314027654750098,0.00022683259844779967,2.0,0.0,96,False
env,tune,tail_b1.0_mu0.9_c1.0,B,1000,1000,1269000,4,1,500,0.18124080276489257,0.007210867113953609,0.1807059725522995,0.0005348302125930786,4.0,0.0020040080160320635,96,False
env,tune,tail_b1.0_mu0.9_c1.0,B,1000,1000,1269000,8,1,500,0.10381147330999374,0.004291193222436636,0.10244471186399459,0.0013667614459991456,8.0,0.006012024048096194,96,False
env,tune,tail_b1.0_mu0.9_c1.0,B,1000,1000,1269000,12,1,500,0.07357552051544189,0.0032741856607439493,0.07123224800825119,0.0023432725071907043,12.0,0.010020040080160319,96,False
env,tune,tail_b1.0_mu0.9_c1.0,B,1000,1000,1269000,16,1,500,0.057457653760910034,0.002506201890255162,0.05404117906093597,0.00341647469997406,16.0,0.014028056112224454,96,False
env,tune,tail_b1.0_mu0.9_c1.0,B,1000,1000,1269000,24,1,500,0.04266540217399597,0.0018909314980609508,0.03807700061798096,0.004588401556015015,24.0,0.02204408817635271,96,False
env,tune,tail_b1.0_mu0.9_c1.0,B,1000,1000,1269000,32,1,500,0.0336895751953125,0.0015446825806533016,0.027040446043014525,0.006649129152297974,32.0,0.030060120240480957,96,False
env,tune,tail_b1.0_mu0.9_c1.0,B,1000,1000,1269000,48,1,500,0.02670504081249237,0.001122977854788708,0.01835713541507721,0.00834790539741516,48.0,0.04609218436873748,96,False
env,tune,tail_b1.0_mu0.9_c1.0,B,1000,1000,1269000,64,1,500,0.02555041742324829,0.001019294196586224,0.013706175923347472,0.011844241499900817,64.0,0.062124248496993974,96,False
env,tune,tail_b1.0_mu0.9_c1.0,B,1000,1000,1269000,96,1,500,0.022691135883331298,0.000986331266519468,0.009130127787590026,0.013561008095741272,96.0,0.09418837675350701,96,True
env,tune,tail_b1.0_mu0.9_c1.0,B,1000,1000,1269000,128,1,500,0.022884483337402343,0.0010283086772975797,0.006370516180992126,0.016513967156410216,128.0,0.12625250501002006,96,False
env,tune,tail_b1.0_mu0.9_c1.0,B,1000,1000,1269000,192,1,500,0.02322609508037567,0.001063061313605062,0.003769449830055237,0.019456645250320436,192.0,0.19038076152304614,96,False
env,tune,tail_b1.0_mu0.9_c1.0,B,1000,1000,1269000,256,1,500,0.026302789092063905,0.0012293695703451007,0.002792724609375,0.023510064482688903,256.0,0.2545090180360722,96,False
env,tune,tail_b1.0_mu0.9_c1.0,B,1000,1000,1269000,400,1,500,0.0300955148935318,0.0012877006179031255,0.0014113141298294067,0.028684200763702393,400.0,0.39879759519038066,96,False
env,tune,tail_b1.0_mu0.9_c2.0,B,50,50,1272000,2,1,500,0.170121706366539,0.005648483418715896,0.1585406715273857,0.011581034839153289,2.0,0.0,16,False
env,tune,tail_b1.0_mu0.9_c2.0,B,50,50,1272000,4,1,500,0.12038355946540832,0.004758954415990519,0.09435341453552246,0.026030144929885864,4.0,0.04166666666666666,16,False
env,tune,tail_b1.0_mu0.9_c2.0,B,50,50,1272000,8,1,500,0.09632990854978561,0.004150314796465192,0.04915468502044678,0.04717522352933884,8.0,0.125,16,False
env,tune,tail_b1.0_mu0.9_c2.0,B,50,50,1272000,12,1,500,0.08733745086193084,0.003931972806595831,0.030149631977081297,0.05718781888484955,12.0,0.20833333333333334,16,False
env,tune,tail_b1.0_mu0.9_c2.0,B,50,50,1272000,16,1,500,0.08402561014890671,0.0037625027101405558,0.019036879301071168,0.06498873084783555,16.0,0.2916666666666667,16,True
env,tune,tail_b1.0_mu0.9_c2.0,B,50,50,1272000,24,1,500,0.08853453916311264,0.0038845609610471533,0.010146030783653259,0.07838850837945938,24.0,0.45833333333333326,16,False
env,tune,tail_b1.0_mu0.9_c2.0,B,50,50,1272000,32,1,500,0.09826432961225509,0.004171390025677428,0.004885356664657592,0.0933789729475975,32.0,0.625,16,False
env,tune,tail_b1.0_mu0.9_c2.0,B,50,50,1272000,48,1,500,0.18508664089441298,0.006144310818840603,0.0004783133268356323,0.18460832756757736,48.0,0.9583333333333335,16,False
env,tune,tail_b1.0_mu0.9_c2.0,B,100,100,1275000,2,1,500,0.1730318888425827,0.005843540965020258,0.16629242372512817,0.006739465117454529,2.0,0.0,16,False
env,tune,tail_b1.0_mu0.9_c2.0,B,100,100,1275000,4,1,500,0.10744866675138473,0.004147786135149367,0.09405195564031602,0.013396711111068726,4.0,0.02040816326530612,16,False
env,tune,tail_b1.0_mu0.9_c2.0,B,100,100,1275000,8,1,500,0.07682139903306962,0.0032486391836939123,0.05177017390727997,0.025051225125789642,8.0,0.06122448979591836,16,False
env,tune,tail_b1.0_mu0.9_c2.0,B,100,100,1275000,12,1,500,0.06775555205345153,0.003007573684744437,0.03290854561328888,0.034847006440162656,12.0,0.1020408163265306,16,False
env,tune,tail_b1.0_mu0.9_c2.0,B,100,100,1275000,16,1,500,0.06579977422952651,0.0032552343810163466,0.024343947291374207,0.041455826938152314,16.0,0.1428571428571428,16,True
env,tune,tail_b1.0_mu0.9_c2.0,B,100,100,1275000,24,1,500,0.0677826019525528,0.002920727400571597,0.014907133340835571,0.05287546861171723,24.0,0.22448979591836735,16,False
env,tune,tail_b1.0_mu0.9_c2.0,B,100,100,1275000,32,1,500,0.07457121217250824,0.0033462636809207416,0.009922435998916627,0.06464877617359162,32.0,0.3061224489795919,16,False
env,tune,tail_b1.0_mu0.9_c2.0,B,100,100,1275000,48,1,500,0.07627230447530746,0.0035962649963035462,0.004879813432693481,0.07139249104261398,48.0,0.4693877551020407,16,False
env,tune,tail_b1.0_mu0.9_c2.0,B,100,100,1275000,64,1,500,0.08935398614406585,0.003888791873732009,0.0024749608039855956,0.08687902534008027,64.0,0.6326530612244898,16,False
env,tune,tail_b1.0_mu0.9_c2.0,B,100,100,1275000,96,1,500,0.17565960812568665,0.005972338463710239,0.00021288073062896727,0.17544672739505768,96.0,0.959183673469388,16,False
env,tune,tail_b1.0_mu0.9_c2.0,B,200,200,1278000,2,1,500,0.17216603547334672,0.005320150974663422,0.1674119604229927,0.004754075050354004,2.0,0.0,48,False
env,tune,tail_b1.0_mu0.9_c2.0,B,200,200,1278000,4,1,500,0.10868967199325562,0.004076860450170622,0.09961116027832032,0.009078511714935303,4.0,0.0101010101010101,48,False
env,tune,tail_b1.0_mu0.9_c2.0,B,200,200,1278000,8,1,500,0.068748406291008,0.002915238338171338,0.054176207900047305,0.014572198390960694,8.0,0.030303030303030293,48,False
env,tune,tail_b1.0_mu0.9_c2.0,B,200,200,1278000,12,1,500,0.05692265892028808,0.002395517918305132,0.03794052636623382,0.01898213255405426,12.0,0.050505050505050504,48,False
env,tune,tail_b1.0_mu0.9_c2.0,B,200,200,1278000,16,1,500,0.050513095140457154,0.0020562831945527375,0.02790550744533539,0.022607587695121764,16.0,0.07070707070707072,48,False
env,tune,tail_b1.0_mu0.9_c2.0,B,200,200,1278000,24,1,500,0.04550924789905548,0.0020228455596587843,0.018880154132843018,0.026629093766212465,24.0,0.11111111111111115,48,False
env,tune,tail_b1.0_mu0.9_c2.0,B,200,200,1278000,32,1,500,0.045746591925621034,0.002082930787049185,0.013900234937667847,0.031846356987953184,32.0,0.15151515151515152,48,False
env,tune,tail_b1.0_mu0.9_c2.0,B,200,200,1278000,48,1,500,0.044335378408432005,0.002071958408363266,0.008302528500556947,0.03603284990787506,48.0,0.23232323232323226,48,True
env,tune,tail_b1.0_mu0.9_c2.0,B,200,200,1278000,64,1,500,0.05235403114557266,0.002304843954928501,0.00576678466796875,0.046587246477603914,64.0,0.31313131313131315,48,False
env,tune,tail_b1.0_mu0.9_c2.0,B,200,200,1278000,96,1,500,0.06774359488487244,0.0031909722964263,0.002794387698173523,0.06494920718669892,96.0,0.4747474747474748,48,False
env,tune,tail_b1.0_mu0.9_c2.0,B,200,200,1278000,128,1,500,0.07701083719730377,0.0034541486805865873,0.0014197084903717042,0.07559112870693206,128.0,0.6363636363636365,48,False
env,tune,tail_b1.0_mu0.9_c2.0,B,200,200,1278000,192,1,500,0.15539699637889862,0.005427772816582288,0.00012661302089691162,0.1552703833580017,192.0,0.9595959595959597,48,False
env,tune,tail_b1.0_mu0.9_c2.0,B,500,500,1281000,2,1,500,0.16517269092798234,0.005339659110448103,0.1636682459115982,0.0015044450163841248,2.0,0.0,48,False
env,tune,tail_b1.0_mu0.9_c2.0,B,500,500,1281000,4,1,500,0.10001226061582566,0.0037047374240906897,0.09603808331489563,0.003974177300930023,4.0,0.004016064257028113,48,False
env,tune,tail_b1.0_mu0.9_c2.0,B,500,500,1281000,8,1,500,0.06257728505134583,0.002537792504604345,0.05672753703594208,0.005849748015403748,8.0,0.01204819277108434,48,False
env,tune,tail_b1.0_mu0.9_c2.0,B,500,500,1281000,12,1,500,0.044616367816925045,0.0018749141654053852,0.037997519373893736,0.006618848443031311,12.0,0.020080321285140566,48,False
env,tune,tail_b1.0_mu0.9_c2.0,B,500,500,1281000,16,1,500,0.038476096153259275,0.0016387464372153025,0.028329477071762085,0.010146619081497192,16.0,0.02811244979919679,48,False
env,tune,tail_b1.0_mu0.9_c2.0,B,500,500,1281000,24,1,500,0.031924007415771484,0.0013090635617598186,0.018349241137504576,0.013574766278266906,24.0,0.04417670682730924,48,False
env,tune,tail_b1.0_mu0.9_c2.0,B,500,500,1281000,32,1,500,0.032322373032569886,0.0012917090983290396,0.01358003282546997,0.018742340207099913,32.0,0.060240963855421666,48,False
env,tune,tail_b1.0_mu0.9_c2.0,B,500,500,1281000,48,1,500,0.031843700647354124,0.0014515557007611425,0.008548042774200439,0.023295657873153686,48.0,0.09236947791164661,48,True
env,tune,tail_b1.0_mu0.9_c2.0,B,500,500,1281000,64,1,500,0.03205106353759766,0.0013816489024244994,0.00649963915348053,0.025551424384117127,64.0,0.12449799196787148,48,False
env,tune,tail_b1.0_mu0.9_c2.0,B,500,500,1281000,96,1,500,0.035120014548301694,0.001651806943856506,0.004164024114608765,0.03095599043369293,96.0,0.1887550200803213,48,False
env,tune,tail_b1.0_mu0.9_c2.0,B,500,500,1281000,128,1,500,0.03792111957073212,0.0019056242331931884,0.002847695231437683,0.03507342433929443,128.0,0.25301204819277107,48,False
env,tune,tail_b1.0_mu0.9_c2.0,B,500,500,1281000,192,1,500,0.04535987293720246,0.002038806926942206,0.001574238657951355,0.0437856342792511,192.0,0.38152610441767076,48,False
env,tune,tail_b1.0_mu0.9_c2.0,B,500,500,1281000,256,1,500,0.049058605670928956,0.002070329088752379,0.0009377871751785279,0.04812081849575043,256.0,0.5100401606425703,48,False
env,tune,tail_b1.0_mu0.9_c2.0,B,500,500,1281000,400,1,500,0.0652342621088028,0.002764844103179117,0.00025017476081848144,0.06498408734798432,400.0,0.7991967871485943,48,False
env,tune,tail_b1.0_mu0.9_c2.0,B,1000,1000,1284000,2,1,500,0.16665093231201172,0.005368366222845984,0.16606507182121277,0.0005858604907989502,2.0,0.0,48,False
env,tune,tail_b1.0_mu0.9_c2.0,B,1000,1000,1284000,4,1,500,0.09845078825950622,0.0035867349195193667,0.09636944472789764,0.0020813435316085816,4.0,0.0020040080160320635,48,False
env,tune,tail_b1.0_mu0.9_c2.0,B,1000,1000,1284000,8,1,500,0.05792842888832092,0.0024101793593547054,0.05511599743366241,0.002812431454658508,8.0,0.006012024048096194,48,False
env,tune,tail_b1.0_mu0.9_c2.0,B,1000,1000,1284000,12,1,500,0.04278649890422821,0.0017929852325414518,0.038948017716407775,0.0038384811878204345,12.0,0.010020040080160319,48,False
env,tune,tail_b1.0_mu0.9_c2.0,B,1000,1000,1284000,16,1,500,0.03492297601699829,0.0015548659728684595,0.029543485879898072,0.00537949013710022,16.0,0.014028056112224454,48,False
env,tune,tail_b1.0_mu0.9_c2.0,B,1000,1000,1284000,24,1,500,0.027760827183723448,0.0011814710575136465,0.020262928009033204,0.007497899174690246,24.0,0.02204408817635271,48,False
env,tune,tail_b1.0_mu0.9_c2.0,B,1000,1000,1284000,32,1,500,0.025393383860588075,0.0010692342813410245,0.014832922458648682,0.010560461401939392,32.0,0.030060120240480957,48,False
env,tune,tail_b1.0_mu0.9_c2.0,B,1000,1000,1284000,48,1,500,0.021841550946235657,0.0009943965088051636,0.009018102169036864,0.012823448777198791,48.0,0.04609218436873748,48,True
env,tune,tail_b1.0_mu0.9_c2.0,B,1000,1000,1284000,64,1,500,0.022212793469429015,0.0009560522954773788,0.006711867809295655,0.015500925660133362,64.0,0.062124248496993974,48,False
env,tune,tail_b1.0_mu0.9_c2.0,B,1000,1000,1284000,96,1,500,0.02247120213508606,0.001007135846587516,0.00435329282283783,0.01811790931224823,96.0,0.09418837675350701,48,False
env,tune,tail_b1.0_mu0.9_c2.0,B,1000,1000,1284000,128,1,500,0.024998997807502747,0.0011147050957508874,0.0032244831323623656,0.02177451467514038,128.0,0.12625250501002006,48,False
env,tune,tail_b1.0_mu0.9_c2.0,B,1000,1000,1284000,192,1,500,0.027612892627716063,0.0012779033294887155,0.0018023200035095215,0.025810572624206544,192.0,0.19038076152304614,48,False
env,tune,tail_b1.0_mu0.9_c2.0,B,1000,1000,1284000,256,1,500,0.0295966614484787,0.0013055105947278778,0.0012677299976348877,0.028328931450843812,256.0,0.2545090180360722,48,False
env,tune,tail_b1.0_mu0.9_c2.0,B,1000,1000,1284000,400,1,500,0.038579962849617004,0.0017071550769529938,0.0006046113967895508,0.037975351452827454,400.0,0.39879759519038066,48,False
env,tune,tail_b1.0_mu1.0_c1.0,B,50,50,1287000,2,1,500,0.31720799899846314,0.010845301009400694,0.31054286362975836,0.006665135368704796,2.0,0.0,16,False
env,tune,tail_b1.0_mu1.0_c1.0,B,50,50,1287000,4,1,500,0.19670772451162338,0.008200180184656276,0.18227035048604012,0.014437374025583267,4.0,0.04166666666666666,16,False
env,tune,tail_b1.0_mu1.0_c1.0,B,50,50,1287000,8,1,500,0.12267832070589066,0.005895372103455884,0.09449931675195694,0.028179003953933714,8.0,0.125,16,False
env,tune,tail_b1.0_mu1.0_c1.0,B,50,50,1287000,12,1,500,0.09511186999082566,0.0049326401104737546,0.0578926397562027,0.03721923023462295,12.0,0.20833333333333334,16,False
env,tune,tail_b1.0_mu1.0_c1.0,B,50,50,1287000,16,1,500,0.08531703281402588,0.00439712637046575,0.03983018410205841,0.04548684871196747,16.0,0.2916666666666667,16,True
env,tune,tail_b1.0_mu1.0_c1.0,B,50,50,1287000,24,1,500,0.09254659980535507,0.004400942411683175,0.02254047441482544,0.07000612539052964,24.0,0.45833333333333326,16,False
env,tune,tail_b1.0_mu1.0_c1.0,B,50,50,1287000,32,1,500,0.1155715742111206,0.004829326809100423,0.011009432673454285,0.10456214153766633,32.0,0.625,16,False
env,tune,tail_b1.0_mu1.0_c1.0,B,50,50,1287000,48,1,500,0.24986501234024763,0.009022390400242268,0.0006268782615661622,0.24923813407868148,48.0,0.9583333333333335,16,False
env,tune,tail_b1.0_mu1.0_c1.0,B,100,100,1290000,2,1,500,0.33519471643678844,0.0109794941212203,0.33245572170615195,0.0027389947306364773,2.0,0.0,32,False
env,tune,tail_b1.0_mu1.0_c1.0,B,100,100,1290000,4,1,500,0.20485986104607581,0.007678056214190544,0.19741601169109343,0.007443849354982376,4.0,0.02040816326530612,32,False
env,tune,tail_b1.0_mu1.0_c1.0,B,100,100,1290000,8,1,500,0.11733196866512298,0.00507860128593181,0.10653730344772339,0.010794665217399597,8.0,0.06122448979591836,32,False
env,tune,tail_b1.0_mu1.0_c1.0,B,100,100,1290000,12,1,500,0.08591513830423356,0.004076823467168681,0.07085885405540467,0.015056284248828888,12.0,0.1020408163265306,32,False
env,tune,tail_b1.0_mu1.0_c1.0,B,100,100,1290000,16,1,500,0.07015767121315003,0.0034754257067811903,0.05169006752967834,0.01846760368347168,16.0,0.1428571428571428,32,False
env,tune,tail_b1.0_mu1.0_c1.0,B,100,100,1290000,24,1,500,0.05684585833549499,0.0030151166022851926,0.0311056569814682,0.025740201354026795,24.0,0.22448979591836735,32,False
env,tune,tail_b1.0_mu1.0_c1.0,B,100,100,1290000,32,1,500,0.0527317733168602,0.002938787897580773,0.02137413954734802,0.03135763376951218,32.0,0.3061224489795919,32,True
env,tune,tail_b1.0_mu1.0_c1.0,B,100,100,1290000,48,1,500,0.05840857207775116,0.002692402840405212,0.01153866159915924,0.04686991047859192,48.0,0.4693877551020407,32,False
env,tune,tail_b1.0_mu1.0_c1.0,B,100,100,1290000,64,1,500,0.07227499032020569,0.0035411367586466675,0.006411352634429932,0.06586363768577576,64.0,0.6326530612244898,32,False
env,tune,tail_b1.0_mu1.0_c1.0,B,100,100,1290000,96,1,500,0.2221508695781231,0.008007129750528292,0.0003694621324539185,0.22178140744566918,96.0,0.959183673469388,32,False
env,tune,tail_b1.0_mu1.0_c1.0,B,200,200,1293000,2,1,500,0.3460244456939399,0.010806805543823218,0.34459405300393703,0.0014303926900029182,2.0,0.0,48,False
env,tune,tail_b1.0_mu1.0_c1.0,B,200,200,1293000,4,1,500,0.2123724652826786,0.007586233585080627,0.20907763040065766,0.00329483488202095,4.0,0.0101010101010101,48,False
env,tune,tail_b1.0_mu1.0_c1.0,B,200,200,1293000,8,1,500,0.11409626883268356,0.004597849979650999,0.10979459393024445,0.0043016749024391175,8.0,0.030303030303030293,48,False
env,tune,tail_b1.0_mu1.0_c1.0,B,200,200,1293000,12,1,500,0.08312730920314788,0.003554038368520184,0.07620086288452148,0.006926446318626404,12.0,0.050505050505050504,48,False
env,tune,tail_b1.0_mu1.0_c1.0,B,200,200,1293000,16,1,500,0.06474476826190949,0.0029304639989691157,0.05712712323665619,0.007617645025253296,16.0,0.07070707070707072,48,False
env,tune,tail_b1.0_mu1.0_c1.0,B,200,200,1293000,24,1,500,0.04597366333007812,0.002143813230743138,0.036448588848114014,0.00952507448196411,24.0,0.11111111111111115,48,False
env,tune,tail_b1.0_mu1.0_c1.0,B,200,200,1293000,32,1,500,0.039161879777908325,0.002054728156550213,0.027320868253707886,0.01184101152420044,32.0,0.15151515151515152,48,False
env,tune,tail_b1.0_mu1.0_c1.0,B,200,200,1293000,48,1,500,0.03160861885547638,0.0015728256796516652,0.015720077633857726,0.015888541221618653,48.0,0.23232323232323226,48,True
env,tune,tail_b1.0_mu1.0_c1.0,B,200,200,1293000,64,1,500,0.032649691343307495,0.0017600285954617854,0.010528701424598694,0.0221209899187088,64.0,0.31313131313131315,48,False
env,tune,tail_b1.0_mu1.0_c1.0,B,200,200,1293000,96,1,500,0.04145950400829315,0.002217277403190531,0.005189844846725464,0.036269659161567686,96.0,0.4747474747474748,48,False
env,tune,tail_b1.0_mu1.0_c1.0,B,200,200,1293000,128,1,500,0.05255454468727112,0.0027165439983952593,0.002826098561286926,0.04972844612598419,128.0,0.6363636363636365,48,False
env,tune,tail_b1.0_mu1.0_c1.0,B,200,200,1293000,192,1,500,0.17789189687371254,0.006689969638263256,0.00012125468254089356,0.17777064219117164,192.0,0.9595959595959597,48,False
env,tune,tail_b1.0_mu1.0_c1.0,B,500,500,1296000,2,1,500,0.3431730641946197,0.010577627477124926,0.3426993040367961,0.00047376015782356264,2.0,0.0,96,False
env,tune,tail_b1.0_mu1.0_c1.0,B,500,500,1296000,4,1,500,0.19698486948013305,0.006945229149857293,0.19541867971420288,0.0015661897659301758,4.0,0.004016064257028113,96,False
env,tune,tail_b1.0_mu1.0_c1.0,B,500,500,1296000,8,1,500,0.1116072039604187,0.004429795256548765,0.10966285347938537,0.0019443504810333252,8.0,0.01204819277108434,96,False
env,tune,tail_b1.0_mu1.0_c1.0,B,500,500,1296000,12,1,500,0.07655785465240479,0.0032864824456801615,0.07471673917770386,0.0018411154747009278,12.0,0.020080321285140566,96,False
env,tune,tail_b1.0_mu1.0_c1.0,B,500,500,1296000,16,1,500,0.06088148427009583,0.002726003483579806,0.058141603231430056,0.0027398810386657715,16.0,0.02811244979919679,96,False
env,tune,tail_b1.0_mu1.0_c1.0,B,500,500,1296000,24,1,500,0.04148240530490875,0.0020301099228603346,0.038313026189804075,0.0031693791151046753,24.0,0.04417670682730924,96,False
env,tune,tail_b1.0_mu1.0_c1.0,B,500,500,1296000,32,1,500,0.030989565253257752,0.001499240020208529,0.028041067719459533,0.002948497533798218,32.0,0.060240963855421666,96,False
env,tune,tail_b1.0_mu1.0_c1.0,B,500,500,1296000,48,1,500,0.023166845560073854,0.0013051799880400491,0.018000867843627928,0.005165977716445923,48.0,0.09236947791164661,96,False
env,tune,tail_b1.0_mu1.0_c1.0,B,500,500,1296000,64,1,500,0.01951938199996948,0.001089407223923697,0.013027404427528382,0.006491977572441101,64.0,0.12449799196787148,96,False
env,tune,tail_b1.0_mu1.0_c1.0,B,500,500,1296000,96,1,500,0.015499420523643493,0.0008496622966099208,0.0081489018201828,0.007350518703460694,96.0,0.1887550200803213,96,True
env,tune,tail_b1.0_mu1.0_c1.0,B,500,500,1296000,128,1,500,0.015563510775566102,0.0008525114759480968,0.005936808228492737,0.009626702547073365,128.0,0.25301204819277107,96,False
env,tune,tail_b1.0_mu1.0_c1.0,B,500,500,1296000,192,1,500,0.017688799381256105,0.000981399541277671,0.0029899569749832155,0.014698842406272889,192.0,0.38152610441767076,96,False
env,tune,tail_b1.0_mu1.0_c1.0,B,500,500,1296000,256,1,500,0.02214067244529724,0.0012953739833862514,0.0017544580698013305,0.020386214375495912,256.0,0.5100401606425703,96,False
env,tune,tail_b1.0_mu1.0_c1.0,B,500,500,1296000,400,1,500,0.04880339133739471,0.0023753637147141057,0.0005149503946304321,0.048288440942764285,400.0,0.7991967871485943,96,False
env,tune,tail_b1.0_mu1.0_c1.0,B,1000,1000,1299000,2,1,500,0.3497478605508804,0.011095641296795982,0.3494275036603212,0.0003203568905591965,2.0,0.0,192,False
env,tune,tail_b1.0_mu1.0_c1.0,B,1000,1000,1299000,4,1,500,0.20474548116326333,0.007759221883042919,0.20415878477692603,0.0005866963863372803,4.0,0.0020040080160320635,192,False
env,tune,tail_b1.0_mu1.0_c1.0,B,1000,1000,1299000,8,1,500,0.1166249098777771,0.004681957107010678,0.11550687468051911,0.0011180351972579956,8.0,0.006012024048096194,192,False
env,tune,tail_b1.0_mu1.0_c1.0,B,1000,1000,1299000,12,1,500,0.08099756741523742,0.003591063069662139,0.07900866591930389,0.001988901495933533,12.0,0.010020040080160319,192,False
env,tune,tail_b1.0_mu1.0_c1.0,B,1000,1000,1299000,16,1,500,0.06129154884815216,0.0026158668928960072,0.059701978802680966,0.0015895700454711915,16.0,0.014028056112224454,192,False
env,tune,tail_b1.0_mu1.0_c1.0,B,1000,1000,1299000,24,1,500,0.042638516306877136,0.0018871109672144169,0.041294369697570804,0.0013441466093063355,24.0,0.02204408817635271,192,False
env,tune,tail_b1.0_mu1.0_c1.0,B,1000,1000,1299000,32,1,500,0.03296247291564942,0.0014675268847774191,0.03150636398792267,0.0014561089277267457,32.0,0.030060120240480957,192,False
env,tune,tail_b1.0_mu1.0_c1.0,B,1000,1000,1299000,48,1,500,0.022985802292823793,0.0010650727699192575,0.020991390347480775,0.0019944119453430176,48.0,0.04609218436873748,192,False
env,tune,tail_b1.0_mu1.0_c1.0,B,1000,1000,1299000,64,1,500,0.01682927393913269,0.0007902481326757007,0.014740646123886108,0.002088627815246582,64.0,0.062124248496993974,192,False
env,tune,tail_b1.0_mu1.0_c1.0,B,1000,1000,1299000,96,1,500,0.012790377140045167,0.0006217644504697459,0.009935673594474793,0.0028547035455703737,96.0,0.09418837675350701,192,False
env,tune,tail_b1.0_mu1.0_c1.0,B,1000,1000,1299000,128,1,500,0.01031275713443756,0.0005379285099940528,0.00676203179359436,0.0035507253408432007,128.0,0.12625250501002006,192,False
env,tune,tail_b1.0_mu1.0_c1.0,B,1000,1000,1299000,192,1,500,0.008273427248001099,0.00044929248795737064,0.004095496892929077,0.004177930355072021,192.0,0.19038076152304614,192,True
env,tune,tail_b1.0_mu1.0_c1.0,B,1000,1000,1299000,256,1,500,0.008828166246414184,0.0004702242992797811,0.0027431761026382446,0.00608499014377594,256.0,0.2545090180360722,192,False
env,tune,tail_b1.0_mu1.0_c1.0,B,1000,1000,1299000,400,1,500,0.01050858187675476,0.0005925472660286862,0.0014772998094558715,0.009031282067298889,400.0,0.39879759519038066,192,False
env,tune,tail_b1.0_mu1.0_c2.0,B,50,50,1302000,2,1,500,0.17023019421100616,0.00571407053415745,0.15930925798416137,0.010920936226844787,2.0,0.0,12,False
env,tune,tail_b1.0_mu1.0_c2.0,B,50,50,1302000,4,1,500,0.11229844987392426,0.0046110919805091985,0.09177787673473359,0.020520573139190673,4.0,0.04166666666666666,12,False
env,tune,tail_b1.0_mu1.0_c2.0,B,50,50,1302000,8,1,500,0.0815497944355011,0.003843683526553949,0.047526452422142026,0.03402334201335907,8.0,0.125,12,False
env,tune,tail_b1.0_mu1.0_c2.0,B,50,50,1302000,12,1,500,0.06952834868431092,0.003238635351055599,0.02879398739337921,0.0407343612909317,12.0,0.20833333333333334,12,True
env,tune,tail_b1.0_mu1.0_c2.0,B,50,50,1302000,16,1,500,0.0704858716726303,0.0033526445485071747,0.01965500819683075,0.05083086347579956,16.0,0.2916666666666667,12,False
env,tune,tail_b1.0_mu1.0_c2.0,B,50,50,1302000,24,1,500,0.08077190029621124,0.003840273289150183,0.009762642502784729,0.07100925779342651,24.0,0.45833333333333326,12,False
env,tune,tail_b1.0_mu1.0_c2.0,B,50,50,1302000,32,1,500,0.10269014048576355,0.004602005692757709,0.0055264922380447385,0.09716364824771881,32.0,0.625,12,False
env,tune,tail_b1.0_mu1.0_c2.0,B,50,50,1302000,48,1,500,0.18185550808906556,0.0061923179742697275,0.00038964283466339113,0.18146586525440217,48.0,0.9583333333333335,12,False
env,tune,tail_b1.0_mu1.0_c2.0,B,100,100,1305000,2,1,500,0.17697298681735993,0.005746174576528389,0.1686727237701416,0.008300263047218323,2.0,0.0,24,False
env,tune,tail_b1.0_mu1.0_c2.0,B,100,100,1305000,4,1,500,0.10677579772472381,0.00434768911962255,0.09476944839954377,0.012006349325180054,4.0,0.02040816326530612,24,False
env,tune,tail_b1.0_mu1.0_c2.0,B,100,100,1305000,8,1,500,0.06907439243793488,0.003085332164443979,0.05320000982284546,0.015874382615089416,8.0,0.06122448979591836,24,False
env,tune,tail_b1.0_mu1.0_c2.0,B,100,100,1305000,12,1,500,0.05388113224506378,0.002641914918668003,0.03389278650283813,0.019988345742225647,12.0,0.1020408163265306,24,False
env,tune,tail_b1.0_mu1.0_c2.0,B,100,100,1305000,16,1,500,0.05105941951274872,0.0025341493524581728,0.025318718910217284,0.025740700602531433,16.0,0.1428571428571428,24,False
env,tune,tail_b1.0_mu1.0_c2.0,B,100,100,1305000,24,1,500,0.04913884127140045,0.0025584900358646906,0.015134663105010986,0.03400417816638947,24.0,0.22448979591836735,24,True
env,tune,tail_b1.0_mu1.0_c2.0,B,100,100,1305000,32,1,500,0.051965806126594544,0.002690397671271568,0.01063339114189148,0.04133241498470307,32.0,0.3061224489795919,24,False
env,tune,tail_b1.0_mu1.0_c2.0,B,100,100,1305000,48,1,500,0.05965126085281372,0.002783593056303363,0.005280932068824768,0.05437032878398895,48.0,0.4693877551020407,24,False
env,tune,tail_b1.0_mu1.0_c2.0,B,100,100,1305000,64,1,500,0.07252452981472016,0.0032613739270158644,0.0027145289182662962,0.06981000089645385,64.0,0.6326530612244898,24,False
env,tune,tail_b1.0_mu1.0_c2.0,B,100,100,1305000,96,1,500,0.17751230776309967,0.005790843359868806,0.00017108941078186035,0.1773412183523178,96.0,0.959183673469388,24,False
env,tune,tail_b1.0_mu1.0_c2.0,B,200,200,1308000,2,1,500,0.17348653435707093,0.005519953441510824,0.17076831018924712,0.0027182241678237913,2.0,0.0,32,False
env,tune,tail_b1.0_mu1.0_c2.0,B,200,200,1308000,4,1,500,0.10502794921398163,0.003942868785415297,0.10033433771133422,0.0046936115026474,4.0,0.0101010101010101,32,False
env,tune,tail_b1.0_mu1.0_c2.0,B,200,200,1308000,8,1,500,0.06378444123268127,0.00272850441188295,0.0561212317943573,0.007663209438323975,8.0,0.030303030303030293,32,False
env,tune,tail_b1.0_mu1.0_c2.0,B,200,200,1308000,12,1,500,0.04817984771728516,0.0021471837269716704,0.03832978093624115,0.009850066781044007,12.0,0.050505050505050504,32,False
env,tune,tail_b1.0_mu1.0_c2.0,B,200,200,1308000,16,1,500,0.03814690589904785,0.0018072467094765662,0.026467198967933654,0.011679706931114196,16.0,0.07070707070707072,32,False
env,tune,tail_b1.0_mu1.0_c2.0,B,200,200,1308000,24,1,500,0.032988983035087585,0.001748573057471414,0.01807948648929596,0.014909496545791627,24.0,0.11111111111111115,32,False
env,tune,tail_b1.0_mu1.0_c2.0,B,200,200,1308000,32,1,500,0.028369062423706053,0.0015266965101926014,0.012891615509986878,0.015477446913719177,32.0,0.15151515151515152,32,True
env,tune,tail_b1.0_mu1.0_c2.0,B,200,200,1308000,48,1,500,0.02968027067184448,0.0015075584220373575,0.007257784247398377,0.022422486424446105,48.0,0.23232323232323226,32,False
env,tune,tail_b1.0_mu1.0_c2.0,B,200,200,1308000,64,1,500,0.034340151906013486,0.001870238305609997,0.004546252369880676,0.029793899536132814,64.0,0.31313131313131315,32,False
env,tune,tail_b1.0_mu1.0_c2.0,B,200,200,1308000,96,1,500,0.04195602750778198,0.0021025159141413933,0.00235759437084198,0.03959843313694,96.0,0.4747474747474748,32,False
env,tune,tail_b1.0_mu1.0_c2.0,B,200,200,1308000,128,1,500,0.05448030543327331,0.0026065530270329667,0.0012836896181106568,0.053196615815162655,128.0,0.6363636363636365,32,False
env,tune,tail_b1.0_mu1.0_c2.0,B,200,200,1308000,192,1,500,0.15574984049797058,0.005697685051832361,0.00011384522914886475,0.15563599526882171,192.0,0.9595959595959597,32,False
env,tune,tail_b1.0_mu1.0_c2.0,B,500,500,1311000,2,1,500,0.17162414968013764,0.005437415092082978,0.170492427110672,0.0011317225694656371,2.0,0.0,64,False
env,tune,tail_b1.0_mu1.0_c2.0,B,500,500,1311000,4,1,500,0.09656965613365173,0.003582180665994067,0.09541448557376861,0.0011551705598831176,4.0,0.004016064257028113,64,False
env,tune,tail_b1.0_mu1.0_c2.0,B,500,500,1311000,8,1,500,0.05464372062683105,0.002255176547462398,0.05210382091999054,0.0025398997068405153,8.0,0.01204819277108434,64,False
env,tune,tail_b1.0_mu1.0_c2.0,B,500,500,1311000,12,1,500,0.04147413754463196,0.0018440583727042654,0.03801737773418427,0.0034567598104476927,12.0,0.020080321285140566,64,False
env,tune,tail_b1.0_mu1.0_c2.0,B,500,500,1311000,16,1,500,0.03103386676311493,0.0013075448421294106,0.028055380702018736,0.0029784860610961913,16.0,0.02811244979919679,64,False
env,tune,tail_b1.0_mu1.0_c2.0,B,500,500,1311000,24,1,500,0.024190883755683897,0.0011291422987654799,0.01968124794960022,0.0045096358060836795,24.0,0.04417670682730924,64,False
env,tune,tail_b1.0_mu1.0_c2.0,B,500,500,1311000,32,1,500,0.019928150177001953,0.0009651280703264477,0.014496293067932129,0.005431857109069824,32.0,0.060240963855421666,64,False
env,tune,tail_b1.0_mu1.0_c2.0,B,500,500,1311000,48,1,500,0.015896525740623474,0.0008555740349857458,0.009388766646385193,0.006507759094238281,48.0,0.09236947791164661,64,False
env,tune,tail_b1.0_mu1.0_c2.0,B,500,500,1311000,64,1,500,0.015083507418632507,0.0008278912187983168,0.006622054815292358,0.008461452603340148,64.0,0.12449799196787148,64,True
env,tune,tail_b1.0_mu1.0_c2.0,B,500,500,1311000,96,1,500,0.015445977926254273,0.0007969011967405618,0.004236166715621948,0.011209811210632324,96.0,0.1887550200803213,64,False
env,tune,tail_b1.0_mu1.0_c2.0,B,500,500,1311000,128,1,500,0.016559117794036866,0.0009017603750011365,0.002718323349952698,0.013840794444084167,128.0,0.25301204819277107,64,False
env,tune,tail_b1.0_mu1.0_c2.0,B,500,500,1311000,192,1,500,0.01976906979084015,0.0010760167698542738,0.0017428600788116455,0.018026209712028504,192.0,0.38152610441767076,64,False
env,tune,tail_b1.0_mu1.0_c2.0,B,500,500,1311000,256,1,500,0.022819884419441223,0.0012096990086023131,0.0009527637958526611,0.021867120623588563,256.0,0.5100401606425703,64,False
env,tune,tail_b1.0_mu1.0_c2.0,B,500,500,1311000,400,1,500,0.04157782351970673,0.001971391500041562,0.00026389551162719725,0.04131392800807953,400.0,0.7991967871485943,64,False
env,tune,tail_b1.0_mu1.0_c2.0,B,1000,1000,1314000,2,1,500,0.17201630640029908,0.005367981099674096,0.17172802448272706,0.0002882819175720215,2.0,0.0,128,False
env,tune,tail_b1.0_mu1.0_c2.0,B,1000,1000,1314000,4,1,500,0.10335955548286438,0.003777312570403063,0.10235824680328369,0.0010013086795806884,4.0,0.0020040080160320635,128,False
env,tune,tail_b1.0_mu1.0_c2.0,B,1000,1000,1314000,8,1,500,0.05488344502449036,0.0021642735298459475,0.05384221076965332,0.001041234254837036,8.0,0.006012024048096194,128,False
env,tune,tail_b1.0_mu1.0_c2.0,B,1000,1000,1314000,12,1,500,0.0395799720287323,0.0016674938345336238,0.038014713168144226,0.0015652588605880738,12.0,0.010020040080160319,128,False
env,tune,tail_b1.0_mu1.0_c2.0,B,1000,1000,1314000,16,1,500,0.030059674263000487,0.0013069998486155106,0.028494997382164003,0.0015646768808364867,16.0,0.014028056112224454,128,False
env,tune,tail_b1.0_mu1.0_c2.0,B,1000,1000,1314000,24,1,500,0.02070751178264618,0.0009065812648723793,0.018576831698417662,0.0021306800842285155,24.0,0.02204408817635271,128,False
env,tune,tail_b1.0_mu1.0_c2.0,B,1000,1000,1314000,32,1,500,0.01688929569721222,0.0007720559009410486,0.014453710556030274,0.002435585141181946,32.0,0.030060120240480957,128,False
env,tune,tail_b1.0_mu1.0_c2.0,B,1000,1000,1314000,48,1,500,0.013474241614341735,0.0006539646463829433,0.01024540388584137,0.0032288377285003664,48.0,0.04609218436873748,128,False
env,tune,tail_b1.0_mu1.0_c2.0,B,1000,1000,1314000,64,1,500,0.010042096614837646,0.0004982227562693391,0.007272521734237671,0.0027695748805999757,64.0,0.062124248496993974,128,False
env,tune,tail_b1.0_mu1.0_c2.0,B,1000,1000,1314000,96,1,500,0.008943400382995605,0.0004909323296745776,0.004737601161003113,0.004205799221992493,96.0,0.09418837675350701,128,False
env,tune,tail_b1.0_mu1.0_c2.0,B,1000,1000,1314000,128,1,500,0.008768587231636047,0.0004998342745768349,0.0033834625482559205,0.005385124683380127,128.0,0.12625250501002006,128,True
env,tune,tail_b1.0_mu1.0_c2.0,B,1000,1000,1314000,192,1,500,0.009257741689682008,0.0005307199327727862,0.0020449905395507812,0.007212751150131226,192.0,0.19038076152304614,128,False
env,tune,tail_b1.0_mu1.0_c2.0,B,1000,1000,1314000,256,1,500,0.009229166507720947,0.0005534962062203802,0.0013057872056961059,0.007923379302024842,256.0,0.2545090180360722,128,False
env,tune,tail_b1.0_mu1.0_c2.0,B,1000,1000,1314000,400,1,500,0.010772656202316284,0.0005633756631054843,0.0006933383941650391,0.010079317808151245,400.0,0.39879759519038066,128,False
env,tune,tail_b2.0_mu0.8_c2.0,B,50,50,1317000,2,1,500,0.30367455299198626,0.007450512250365179,0.29231836058199406,0.011356192409992218,2.0,0.0,24,False
env,tune,tail_b2.0_mu0.8_c2.0,B,50,50,1317000,4,1,500,0.22255219297111034,0.0067823500230953515,0.19488155272603036,0.027670640245079994,4.0,0.04166666666666666,24,False
env,tune,tail_b2.0_mu0.8_c2.0,B,50,50,1317000,8,1,500,0.17790489479899407,0.00618935542667914,0.1208421196937561,0.05706277510523796,8.0,0.125,24,False
env,tune,tail_b2.0_mu0.8_c2.0,B,50,50,1317000,12,1,500,0.1629937143176794,0.005984142267209938,0.08905225378274918,0.07394146053493023,12.0,0.20833333333333334,24,False
env,tune,tail_b2.0_mu0.8_c2.0,B,50,50,1317000,16,1,500,0.16281827569007873,0.005917472320325135,0.06651331913471221,0.09630495655536651,16.0,0.2916666666666667,24,False
env,tune,tail_b2.0_mu0.8_c2.0,B,50,50,1317000,24,1,500,0.15294296330213547,0.0058851824440244675,0.037358497381210325,0.11558446592092514,24.0,0.45833333333333326,24,True
env,tune,tail_b2.0_mu0.8_c2.0,B,50,50,1317000,32,1,500,0.15952281573414803,0.0057051569198056104,0.020954966425895692,0.13856784930825233,32.0,0.625,24,False
env,tune,tail_b2.0_mu0.8_c2.0,B,50,50,1317000,48,1,500,0.25459997114539146,0.007409530414697525,0.0014306176900863647,0.2531693534553051,48.0,0.9583333333333335,24,False
env,tune,tail_b2.0_mu0.8_c2.0,B,100,100,1320000,2,1,500,0.32674973230063914,0.007416816783757204,0.32096304804086684,0.0057866842597723,2.0,0.0,48,False
env,tune,tail_b2.0_mu0.8_c2.0,B,100,100,1320000,4,1,500,0.2360802892446518,0.006516513955588419,0.21968858224153517,0.016391707003116606,4.0,0.02040816326530612,48,False
env,tune,tail_b2.0_mu0.8_c2.0,B,100,100,1320000,8,1,500,0.16902766299247743,0.005566734408939833,0.13776137164235114,0.03126629135012627,8.0,0.06122448979591836,48,False
env,tune,tail_b2.0_mu0.8_c2.0,B,100,100,1320000,12,1,500,0.1480916176736355,0.005205080422497042,0.10370066732168198,0.044390950351953506,12.0,0.1020408163265306,48,False
env,tune,tail_b2.0_mu0.8_c2.0,B,100,100,1320000,16,1,500,0.14786721488833426,0.005228149990457081,0.08290299314260482,0.06496422174572945,16.0,0.1428571428571428,48,False
env,tune,tail_b2.0_mu0.8_c2.0,B,100,100,1320000,24,1,500,0.13939588642120362,0.004778137456420581,0.060043037891387936,0.07935284852981567,24.0,0.22448979591836735,48,False
env,tune,tail_b2.0_mu0.8_c2.0,B,100,100,1320000,32,1,500,0.13989323619008065,0.005210813474092202,0.04495029354095459,0.09494294264912605,32.0,0.3061224489795919,48,False
env,tune,tail_b2.0_mu0.8_c2.0,B,100,100,1320000,48,1,500,0.13448525899648667,0.005053903055324809,0.026338979244232178,0.10814627975225449,48.0,0.4693877551020407,48,True
env,tune,tail_b2.0_mu0.8_c2.0,B,100,100,1320000,64,1,500,0.1399397756755352,0.005238387040460283,0.014942875504493714,0.1249969001710415,64.0,0.6326530612244898,48,False
env,tune,tail_b2.0_mu0.8_c2.0,B,100,100,1320000,96,1,500,0.25604142297804355,0.00741797356821958,0.0016289193630218506,0.2544125036150217,96.0,0.959183673469388,48,False
env,tune,tail_b2.0_mu0.8_c2.0,B,200,200,1323000,2,1,500,0.3232205536365509,0.0069857428546523485,0.3195136360228062,0.0037069176137447357,2.0,0.0,32,False
env,tune,tail_b2.0_mu0.8_c2.0,B,200,200,1323000,4,1,500,0.24431750072538852,0.006083816964967702,0.23731307956576347,0.007004421159625053,4.0,0.0101010101010101,32,False
env,tune,tail_b2.0_mu0.8_c2.0,B,200,200,1323000,8,1,500,0.1822725977897644,0.005196781287045748,0.16574678611755372,0.016525811672210695,8.0,0.030303030303030293,32,False
env,tune,tail_b2.0_mu0.8_c2.0,B,200,200,1323000,12,1,500,0.15371081298589706,0.004626105883914604,0.13242183899879456,0.02128897398710251,12.0,0.050505050505050504,32,False
env,tune,tail_b2.0_mu0.8_c2.0,B,200,200,1323000,16,1,500,0.14419660425186157,0.004527200540980899,0.11171005940437317,0.032486544847488405,16.0,0.07070707070707072,32,False
env,tune,tail_b2.0_mu0.8_c2.0,B,200,200,1323000,24,1,500,0.12034674251079559,0.004059639915794404,0.08230065351724625,0.038046088993549346,24.0,0.11111111111111115,32,False
env,tune,tail_b2.0_mu0.8_c2.0,B,200,200,1323000,32,1,500,0.11478046083450318,0.003903640171713959,0.06487695801258087,0.0499035028219223,32.0,0.15151515151515152,32,True
env,tune,tail_b2.0_mu0.8_c2.0,B,200,200,1323000,48,1,500,0.11622537598013878,0.004049438887912271,0.04638753128051758,0.0698378446996212,48.0,0.23232323232323226,32,False
env,tune,tail_b2.0_mu0.8_c2.0,B,200,200,1323000,64,1,500,0.12371314322948455,0.004344189610158885,0.03372692763805389,0.08998621559143066,64.0,0.31313131313131315,32,False
env,tune,tail_b2.0_mu0.8_c2.0,B,200,200,1323000,96,1,500,0.12387319520115853,0.004526541418153153,0.02048127293586731,0.10339192226529122,96.0,0.4747474747474748,32,False
env,tune,tail_b2.0_mu0.8_c2.0,B,200,200,1323000,128,1,500,0.13258839857578278,0.004720553366070429,0.011646580934524536,0.12094181764125823,128.0,0.6363636363636365,32,False
env,tune,tail_b2.0_mu0.8_c2.0,B,200,200,1323000,192,1,500,0.23175852018594742,0.006628457669638443,0.001185632586479187,0.23057288759946823,192.0,0.9595959595959597,32,False
env,tune,tail_b2.0_mu0.8_c2.0,B,500,500,1326000,2,1,500,0.3558842739015818,0.006841649059493577,0.35466355665028093,0.0012207172513008118,2.0,0.0,64,False
env,tune,tail_b2.0_mu0.8_c2.0,B,500,500,1326000,4,1,500,0.2744359230697155,0.006258570680561924,0.2696979826688766,0.004737940400838852,4.0,0.004016064257028113,64,False
env,tune,tail_b2.0_mu0.8_c2.0,B,500,500,1326000,8,1,500,0.19611621481180191,0.0050462723683286,0.19024559289216994,0.005870621919631958,8.0,0.01204819277108434,64,False
env,tune,tail_b2.0_mu0.8_c2.0,B,500,500,1326000,12,1,500,0.15046960788965225,0.0041264568062196845,0.14288624179363252,0.0075833660960197445,12.0,0.020080321285140566,64,False
env,tune,tail_b2.0_mu0.8_c2.0,B,500,500,1326000,16,1,500,0.1324059938788414,0.003676287970165038,0.12160572576522827,0.01080026811361313,16.0,0.02811244979919679,64,False
env,tune,tail_b2.0_mu0.8_c2.0,B,500,500,1326000,24,1,500,0.11176989436149597,0.0033204918498700177,0.09642782288789749,0.01534207147359848,24.0,0.04417670682730924,64,False
env,tune,tail_b2.0_mu0.8_c2.0,B,500,500,1326000,32,1,500,0.09478483766317368,0.0029214505476972043,0.0769857736825943,0.017799063980579375,32.0,0.060240963855421666,64,False
env,tune,tail_b2.0_mu0.8_c2.0,B,500,500,1326000,48,1,500,0.08371722769737244,0.0027607316214461734,0.058368500590324404,0.025348727107048035,48.0,0.09236947791164661,64,False
env,tune,tail_b2.0_mu0.8_c2.0,B,500,500,1326000,64,1,500,0.07992898035049438,0.0027582391204320792,0.046851812720298765,0.033077167630195616,64.0,0.12449799196787148,64,True
env,tune,tail_b2.0_mu0.8_c2.0,B,500,500,1326000,96,1,500,0.0806741383075714,0.0029083585500990143,0.03383351790904999,0.046840620398521424,96.0,0.1887550200803213,64,False
env,tune,tail_b2.0_mu0.8_c2.0,B,500,500,1326000,128,1,500,0.0902901519536972,0.003225707830743082,0.026293645024299622,0.06399650692939758,128.0,0.25301204819277107,64,False
env,tune,tail_b2.0_mu0.8_c2.0,B,500,500,1326000,192,1,500,0.09113155156373978,0.003460722531636864,0.016617570519447327,0.07451398104429245,192.0,0.38152610441767076,64,False
env,tune,tail_b2.0_mu0.8_c2.0,B,500,500,1326000,256,1,500,0.09790690773725509,0.003534328853974712,0.011388801336288452,0.08651810640096665,256.0,0.5100401606425703,64,False
env,tune,tail_b2.0_mu0.8_c2.0,B,500,500,1326000,400,1,500,0.13966388309001923,0.004838928940349594,0.0032128331661224366,0.13645104992389678,400.0,0.7991967871485943,64,False
env,tune,tail_b2.0_mu0.8_c2.0,B,1000,1000,1329000,2,1,500,0.35231713360548017,0.006836411400983609,0.35209015786647796,0.0002269757390022278,2.0,0.0,96,False
env,tune,tail_b2.0_mu0.8_c2.0,B,1000,1000,1329000,4,1,500,0.2701062498986721,0.005801529190715945,0.2689675517976284,0.0011386981010437012,4.0,0.0020040080160320635,96,False
env,tune,tail_b2.0_mu0.8_c2.0,B,1000,1000,1329000,8,1,500,0.19102460804581642,0.004719235521300616,0.1886947885453701,0.0023298195004463197,8.0,0.006012024048096194,96,False
env,tune,tail_b2.0_mu0.8_c2.0,B,1000,1000,1329000,12,1,500,0.15397843283414842,0.0040499263074053405,0.15078485494852065,0.0031935778856277464,12.0,0.010020040080160319,96,False
env,tune,tail_b2.0_mu0.8_c2.0,B,1000,1000,1329000,16,1,500,0.13717041516304015,0.0037408072976918864,0.13274510538578033,0.0044253097772598265,16.0,0.014028056112224454,96,False
env,tune,tail_b2.0_mu0.8_c2.0,B,1000,1000,1329000,24,1,500,0.10991080939769744,0.003109048817897327,0.10265964782238006,0.007251161575317383,24.0,0.02204408817635271,96,False
env,tune,tail_b2.0_mu0.8_c2.0,B,1000,1000,1329000,32,1,500,0.09899691081047059,0.0028842207315312516,0.08944255059957504,0.009554360210895538,32.0,0.030060120240480957,96,False
env,tune,tail_b2.0_mu0.8_c2.0,B,1000,1000,1329000,48,1,500,0.08270008617639542,0.002613721554188393,0.07095413529872895,0.011745950877666474,48.0,0.04609218436873748,96,False
env,tune,tail_b2.0_mu0.8_c2.0,B,1000,1000,1329000,64,1,500,0.07184236997365952,0.002386054573484328,0.05896062290668488,0.01288174706697464,64.0,0.062124248496993974,96,False
env,tune,tail_b2.0_mu0.8_c2.0,B,1000,1000,1329000,96,1,500,0.06199170613288879,0.0021894435946097877,0.0429813107252121,0.019010395407676697,96.0,0.09418837675350701,96,True
env,tune,tail_b2.0_mu0.8_c2.0,B,1000,1000,1329000,128,1,500,0.06412752103805543,0.002229801216343432,0.03489741778373718,0.029230103254318237,128.0,0.12625250501002006,96,False
env,tune,tail_b2.0_mu0.8_c2.0,B,1000,1000,1329000,192,1,500,0.07292019230127335,0.002532055463096925,0.02497361421585083,0.04794657808542251,192.0,0.19038076152304614,96,False
env,tune,tail_b2.0_mu0.8_c2.0,B,1000,1000,1329000,256,1,500,0.08352064967155456,0.00300144625565941,0.01960422444343567,0.0639164252281189,256.0,0.2545090180360722,96,False
env,tune,tail_b2.0_mu0.8_c2.0,B,1000,1000,1329000,400,1,500,0.08336408245563508,0.0028284953963482098,0.011293457865715027,0.07207062458992004,400.0,0.39879759519038066,96,False
env,tune,tail_b2.0_mu0.9_c1.0,B,50,50,1332000,2,1,500,0.43261656402004883,0.009755285673346601,0.4296044890824705,0.0030120749375782906,2.0,0.0,32,False
env,tune,tail_b2.0_mu0.9_c1.0,B,50,50,1332000,4,1,500,0.30671172846481204,0.008785183579891973,0.2935243197083473,0.01318740875646472,4.0,0.04166666666666666,32,False
env,tune,tail_b2.0_mu0.9_c1.0,B,50,50,1332000,8,1,500,0.2283925605788827,0.007941412711260237,0.18956752038002014,0.03882504019886255,8.0,0.125,32,False
env,tune,tail_b2.0_mu0.9_c1.0,B,50,50,1332000,12,1,500,0.2039857303649187,0.007345815153820267,0.14013957986235617,0.06384615050256252,12.0,0.20833333333333334,32,False
env,tune,tail_b2.0_mu0.9_c1.0,B,50,50,1332000,16,1,500,0.1891413008570671,0.007188680427863105,0.10322855061292649,0.08591275024414062,16.0,0.2916666666666667,32,False
env,tune,tail_b2.0_mu0.9_c1.0,B,50,50,1332000,24,1,500,0.16786170068383216,0.006780870154244342,0.05728042906522751,0.11058127161860466,24.0,0.45833333333333326,32,False
env,tune,tail_b2.0_mu0.9_c1.0,B,50,50,1332000,32,1,500,0.16116547733545303,0.0069154547747336745,0.033228238105773925,0.12793723922967912,32.0,0.625,32,True
env,tune,tail_b2.0_mu0.9_c1.0,B,50,50,1332000,48,1,500,0.2673378166295588,0.008367430235135604,0.0032025591135025023,0.2641352575160563,48.0,0.9583333333333335,32,False
env,tune,tail_b2.0_mu0.9_c1.0,B,100,100,1335000,2,1,500,0.4442321745287627,0.00989013326144492,0.4419733791630715,0.002258795365691185,2.0,0.0,48,False
env,tune,tail_b2.0_mu0.9_c1.0,B,100,100,1335000,4,1,500,0.3257393676955253,0.008770947629921413,0.3181344353146851,0.007604932380840182,4.0,0.02040816326530612,48,False
env,tune,tail_b2.0_mu0.9_c1.0,B,100,100,1335000,8,1,500,0.22377899265289306,0.0073025666911287965,0.20597560772299767,0.017803384929895402,8.0,0.06122448979591836,48,False
env,tune,tail_b2.0_mu0.9_c1.0,B,100,100,1335000,12,1,500,0.18182628346979618,0.006597308346684457,0.15550056380033492,0.02632571966946125,12.0,0.1020408163265306,48,False
env,tune,tail_b2.0_mu0.9_c1.0,B,100,100,1335000,16,1,500,0.1556137430071831,0.006032784750614986,0.12280827009677887,0.032805472910404206,16.0,0.1428571428571428,48,False
env,tune,tail_b2.0_mu0.9_c1.0,B,100,100,1335000,24,1,500,0.1428325858414173,0.005812944637051849,0.08852714955806733,0.05430543628334999,24.0,0.22448979591836735,48,False
env,tune,tail_b2.0_mu0.9_c1.0,B,100,100,1335000,32,1,500,0.13366151210665703,0.005725665881376916,0.06480042964220047,0.06886108246445656,32.0,0.3061224489795919,48,False
env,tune,tail_b2.0_mu0.9_c1.0,B,100,100,1335000,48,1,500,0.1303255891352892,0.005779349835969655,0.03644347941875458,0.09388210971653461,48.0,0.4693877551020407,48,True
env,tune,tail_b2.0_mu0.9_c1.0,B,100,100,1335000,64,1,500,0.14460390694439412,0.006157498080388856,0.021745377898216248,0.12285852904617786,64.0,0.6326530612244898,48,False
env,tune,tail_b2.0_mu0.9_c1.0,B,100,100,1335000,96,1,500,0.27570805785804986,0.008355874952744936,0.002282627463340759,0.2734254303947091,96.0,0.959183673469388,48,False
env,tune,tail_b2.0_mu0.9_c1.0,B,200,200,1338000,2,1,500,0.4648746209757519,0.009929668702893453,0.4637221197102335,0.0011525012655183673,2.0,0.0,64,False
env,tune,tail_b2.0_mu0.9_c1.0,B,200,200,1338000,4,1,500,0.34988089625537394,0.008870311517213016,0.3449748102277517,0.004906086027622223,4.0,0.0101010101010101,64,False
env,tune,tail_b2.0_mu0.9_c1.0,B,200,200,1338000,8,1,500,0.2560547239780426,0.0072026566702934345,0.24661205697059632,0.009442667007446288,8.0,0.030303030303030293,64,False
env,tune,tail_b2.0_mu0.9_c1.0,B,200,200,1338000,12,1,500,0.20810418140888215,0.006387977832018079,0.19303223076462744,0.015071950644254685,12.0,0.050505050505050504,64,False
env,tune,tail_b2.0_mu0.9_c1.0,B,200,200,1338000,16,1,500,0.17709915155172348,0.005930436571591372,0.15650370943546296,0.020595442116260528,16.0,0.07070707070707072,64,False
env,tune,tail_b2.0_mu0.9_c1.0,B,200,200,1338000,24,1,500,0.1364913101196289,0.0047944360818340396,0.11419966167211533,0.02229164844751358,24.0,0.11111111111111115,64,False
env,tune,tail_b2.0_mu0.9_c1.0,B,200,200,1338000,32,1,500,0.12112521189451218,0.004713204758324612,0.08986320239305497,0.031262009501457216,32.0,0.15151515151515152,64,False
env,tune,tail_b2.0_mu0.9_c1.0,B,200,200,1338000,48,1,500,0.1088753731250763,0.00452540060406624,0.06158462536334992,0.04729074776172638,48.0,0.23232323232323226,64,False
env,tune,tail_b2.0_mu0.9_c1.0,B,200,200,1338000,64,1,500,0.1057176097035408,0.004572425562902133,0.04505363178253174,0.06066397792100906,64.0,0.31313131313131315,64,True
env,tune,tail_b2.0_mu0.9_c1.0,B,200,200,1338000,96,1,500,0.10604786628484726,0.004375350118473957,0.028056488037109376,0.07799137824773789,96.0,0.4747474747474748,64,False
env,tune,tail_b2.0_mu0.9_c1.0,B,200,200,1338000,128,1,500,0.11407928311824798,0.004734923258726758,0.016096655130386352,0.09798262798786163,128.0,0.6363636363636365,64,False
env,tune,tail_b2.0_mu0.9_c1.0,B,200,200,1338000,192,1,500,0.25797931259870527,0.007770453068698208,0.0020807838439941407,0.25589852875471114,192.0,0.9595959595959597,64,False
env,tune,tail_b2.0_mu0.9_c1.0,B,500,500,1341000,2,1,500,0.5063828450329602,0.009746834944001186,0.5060904463715852,0.0002923986613750458,2.0,0.0,96,False
env,tune,tail_b2.0_mu0.9_c1.0,B,500,500,1341000,4,1,500,0.3863586527779698,0.008417188484599311,0.38466951314359904,0.0016891396343708038,4.0,0.004016064257028113,96,False
env,tune,tail_b2.0_mu0.9_c1.0,B,500,500,1341000,8,1,500,0.26392141439020633,0.007024023466647326,0.2608023578673601,0.003119056522846222,8.0,0.01204819277108434,96,False
env,tune,tail_b2.0_mu0.9_c1.0,B,500,500,1341000,12,1,500,0.21146511393785478,0.005740248418698381,0.2079885806441307,0.0034765332937240602,12.0,0.020080321285140566,96,False
env,tune,tail_b2.0_mu0.9_c1.0,B,500,500,1341000,16,1,500,0.1859032751917839,0.00510824852605476,0.18023766511678696,0.0056656100749969485,16.0,0.02811244979919679,96,False
env,tune,tail_b2.0_mu0.9_c1.0,B,500,500,1341000,24,1,500,0.1427065163254738,0.0042223387925096854,0.13626221609115602,0.00644430023431778,24.0,0.04417670682730924,96,False
env,tune,tail_b2.0_mu0.9_c1.0,B,500,500,1341000,32,1,500,0.12377686977386475,0.003958462155752458,0.11427829158306121,0.009498578190803528,32.0,0.060240963855421666,96,False
env,tune,tail_b2.0_mu0.9_c1.0,B,500,500,1341000,48,1,500,0.10100346428155899,0.0034844084661606214,0.0872293303012848,0.013774133980274201,48.0,0.09236947791164661,96,False
env,tune,tail_b2.0_mu0.9_c1.0,B,500,500,1341000,64,1,500,0.08917153763771057,0.003272012057286963,0.07013830471038818,0.019033232927322386,64.0,0.12449799196787148,96,False
env,tune,tail_b2.0_mu0.9_c1.0,B,500,500,1341000,96,1,500,0.07657984030246735,0.0029251421482669134,0.049659939765930174,0.02691990053653717,96.0,0.1887550200803213,96,True
env,tune,tail_b2.0_mu0.9_c1.0,B,500,500,1341000,128,1,500,0.07736114859580993,0.003188416579273923,0.0371119989156723,0.04024914968013763,128.0,0.25301204819277107,96,False
env,tune,tail_b2.0_mu0.9_c1.0,B,500,500,1341000,192,1,500,0.08158054304122925,0.00342250788505873,0.025057056903839112,0.05652348613739014,192.0,0.38152610441767076,96,False
env,tune,tail_b2.0_mu0.9_c1.0,B,500,500,1341000,256,1,500,0.08745915424823761,0.0033382202040442635,0.017422019958496095,0.07003713428974151,256.0,0.5100401606425703,96,False
env,tune,tail_b2.0_mu0.9_c1.0,B,500,500,1341000,400,1,500,0.12794268769025802,0.004528223131092053,0.005608596086502075,0.12233409160375595,400.0,0.7991967871485943,96,False
env,tune,tail_b2.0_mu0.9_c1.0,B,1000,1000,1344000,2,1,500,0.5149067455679178,0.009821335923793218,0.5146390551924706,0.00026769037544727327,2.0,0.0,192,False
env,tune,tail_b2.0_mu0.9_c1.0,B,1000,1000,1344000,4,1,500,0.3880984003096819,0.0084641367463368,0.38736227053403854,0.0007361297756433487,4.0,0.0020040080160320635,192,False
env,tune,tail_b2.0_mu0.9_c1.0,B,1000,1000,1344000,8,1,500,0.27395436203479767,0.006764886478717315,0.2718305478096008,0.0021238142251968385,8.0,0.006012024048096194,192,False
env,tune,tail_b2.0_mu0.9_c1.0,B,1000,1000,1344000,12,1,500,0.22275830015540124,0.005796407881469144,0.22035330286622049,0.0024049972891807556,12.0,0.010020040080160319,192,False
env,tune,tail_b2.0_mu0.9_c1.0,B,1000,1000,1344000,16,1,500,0.19195054417848587,0.005065314484651075,0.18989446592330933,0.002056078255176544,16.0,0.014028056112224454,192,False
env,tune,tail_b2.0_mu0.9_c1.0,B,1000,1000,1344000,24,1,500,0.15942588317394257,0.004391423889140657,0.15605484050512314,0.0033710426688194277,24.0,0.02204408817635271,192,False
env,tune,tail_b2.0_mu0.9_c1.0,B,1000,1000,1344000,32,1,500,0.13421982997655868,0.003840954609041249,0.13023679995536805,0.003983030021190643,32.0,0.030060120240480957,192,False
env,tune,tail_b2.0_mu0.9_c1.0,B,1000,1000,1344000,48,1,500,0.10682096791267395,0.0032248861470670974,0.10103936946392059,0.005781598448753357,48.0,0.04609218436873748,192,False
env,tune,tail_b2.0_mu0.9_c1.0,B,1000,1000,1344000,64,1,500,0.08879758834838868,0.0027058272460494756,0.08225543606281281,0.006542152285575867,64.0,0.062124248496993974,192,False
env,tune,tail_b2.0_mu0.9_c1.0,B,1000,1000,1344000,96,1,500,0.0735856078863144,0.0025334546229305935,0.06219572353363037,0.01138988435268402,96.0,0.09418837675350701,192,False
env,tune,tail_b2.0_mu0.9_c1.0,B,1000,1000,1344000,128,1,500,0.06690322232246398,0.0024447492038030174,0.051299267530441284,0.015603954792022706,128.0,0.12625250501002006,192,False
env,tune,tail_b2.0_mu0.9_c1.0,B,1000,1000,1344000,192,1,500,0.05673702228069306,0.0021876173607019377,0.034386310935020446,0.022350711345672607,192.0,0.19038076152304614,192,True
env,tune,tail_b2.0_mu0.9_c1.0,B,1000,1000,1344000,256,1,500,0.0666555324792862,0.002566046152795831,0.02677222216129303,0.039883310317993165,256.0,0.2545090180360722,192,False
env,tune,tail_b2.0_mu0.9_c1.0,B,1000,1000,1344000,400,1,500,0.06357329666614532,0.002566512486559894,0.01649232482910156,0.04708097183704376,400.0,0.39879759519038066,192,False
env,tune,tail_b2.0_mu0.9_c2.0,B,50,50,1347000,2,1,500,0.3014685099720955,0.0073840564321798466,0.28825581577420234,0.013212694197893143,2.0,0.0,24,False
env,tune,tail_b2.0_mu0.9_c2.0,B,50,50,1347000,4,1,500,0.22122838625311853,0.006864756760706846,0.19515518808364868,0.026073198169469833,4.0,0.04166666666666666,24,False
env,tune,tail_b2.0_mu0.9_c2.0,B,50,50,1347000,8,1,500,0.17133794155716897,0.006159316200839026,0.11953222513198852,0.051805716425180434,8.0,0.125,24,False
env,tune,tail_b2.0_mu0.9_c2.0,B,50,50,1347000,12,1,500,0.16306284764409065,0.005921350126256506,0.08788797867298126,0.0751748689711094,12.0,0.20833333333333334,24,False
env,tune,tail_b2.0_mu0.9_c2.0,B,50,50,1347000,16,1,500,0.15683717319369317,0.006067687017705769,0.0676428438425064,0.08919432935118675,16.0,0.2916666666666667,24,False
env,tune,tail_b2.0_mu0.9_c2.0,B,50,50,1347000,24,1,500,0.15099932563304902,0.005838751304935979,0.03753430283069611,0.1134650228023529,24.0,0.45833333333333326,24,True
env,tune,tail_b2.0_mu0.9_c2.0,B,50,50,1347000,32,1,500,0.16786503186821938,0.0060929823452167105,0.022137222409248352,0.145727809458971,32.0,0.625,24,False
env,tune,tail_b2.0_mu0.9_c2.0,B,50,50,1347000,48,1,500,0.26704586431384086,0.007644776914148012,0.0021233255863189696,0.2649225387275219,48.0,0.9583333333333335,24,False
env,tune,tail_b2.0_mu0.9_c2.0,B,100,100,1350000,2,1,500,0.31190523424744604,0.00728865801149129,0.3057054661214352,0.006199768126010895,2.0,0.0,32,False
env,tune,tail_b2.0_mu0.9_c2.0,B,100,100,1350000,4,1,500,0.234837036550045,0.006288267566040724,0.22106715154647827,0.013769885003566741,4.0,0.02040816326530612,32,False
env,tune,tail_b2.0_mu0.9_c2.0,B,100,100,1350000,8,1,500,0.17500959759950638,0.005462046321244272,0.14615107089281082,0.028858526706695555,8.0,0.06122448979591836,32,False
env,tune,tail_b2.0_mu0.9_c2.0,B,100,100,1350000,12,1,500,0.15436059951782227,0.005097341890817605,0.11024175375699997,0.0441188457608223,12.0,0.1020408163265306,32,False
env,tune,tail_b2.0_mu0.9_c2.0,B,100,100,1350000,16,1,500,0.1418933733701706,0.004780336647881038,0.0891081041097641,0.05278526926040649,16.0,0.1428571428571428,32,False
env,tune,tail_b2.0_mu0.9_c2.0,B,100,100,1350000,24,1,500,0.12617238384485244,0.004794063737083193,0.06115790402889252,0.06501447981595992,24.0,0.22448979591836735,32,False
env,tune,tail_b2.0_mu0.9_c2.0,B,100,100,1350000,32,1,500,0.1259768938422203,0.004889556445782732,0.043283934116363526,0.08269295972585679,32.0,0.3061224489795919,32,True
env,tune,tail_b2.0_mu0.9_c2.0,B,100,100,1350000,48,1,500,0.13510988861322404,0.00510539974330921,0.024492481350898744,0.11061740726232529,48.0,0.4693877551020407,32,False
env,tune,tail_b2.0_mu0.9_c2.0,B,100,100,1350000,64,1,500,0.15618552511930467,0.00565134653662272,0.014805073142051697,0.14138045197725296,64.0,0.6326530612244898,32,False
env,tune,tail_b2.0_mu0.9_c2.0,B,100,100,1350000,96,1,500,0.28207114338874817,0.007636909591276419,0.0017113615274429322,0.2803597818613052,96.0,0.959183673469388,32,False
env,tune,tail_b2.0_mu0.9_c2.0,B,200,200,1353000,2,1,500,0.3384305603504181,0.0070179868634104,0.33524317952990534,0.0031873808205127715,2.0,0.0,64,False
env,tune,tail_b2.0_mu0.9_c2.0,B,200,200,1353000,4,1,500,0.24546496444940566,0.006283008512132709,0.23790028655529022,0.007564677894115448,4.0,0.0101010101010101,64,False
env,tune,tail_b2.0_mu0.9_c2.0,B,200,200,1353000,8,1,500,0.1714627646803856,0.005018582922249093,0.16111711698770523,0.010345647692680359,8.0,0.030303030303030293,64,False
env,tune,tail_b2.0_mu0.9_c2.0,B,200,200,1353000,12,1,500,0.1429514548778534,0.004518525131703038,0.12568039101362227,0.01727106386423111,12.0,0.050505050505050504,64,False
env,tune,tail_b2.0_mu0.9_c2.0,B,200,200,1353000,16,1,500,0.12829590833187104,0.004260176798339955,0.10715756285190582,0.02113834547996521,16.0,0.07070707070707072,64,False
env,tune,tail_b2.0_mu0.9_c2.0,B,200,200,1353000,24,1,500,0.1108274564743042,0.003963297017772088,0.08056491708755494,0.030262539386749266,24.0,0.11111111111111115,64,False
env,tune,tail_b2.0_mu0.9_c2.0,B,200,200,1353000,32,1,500,0.10539775168895721,0.0038901170435810054,0.06435718750953674,0.04104056417942047,32.0,0.15151515151515152,64,False
env,tune,tail_b2.0_mu0.9_c2.0,B,200,200,1353000,48,1,500,0.10308789944648743,0.003951207563636499,0.04442800676822662,0.0586598926782608,48.0,0.23232323232323226,64,False
env,tune,tail_b2.0_mu0.9_c2.0,B,200,200,1353000,64,1,500,0.09986221563816071,0.003924318978940707,0.03387297022342682,0.06598924541473389,64.0,0.31313131313131315,64,True
env,tune,tail_b2.0_mu0.9_c2.0,B,200,200,1353000,96,1,500,0.11206431263685226,0.004268940909178123,0.020087258219718934,0.09197705441713333,96.0,0.4747474747474748,64,False
env,tune,tail_b2.0_mu0.9_c2.0,B,200,200,1353000,128,1,500,0.13387630534172057,0.005145175452630599,0.011017507195472717,0.12285879814624787,128.0,0.6363636363636365,64,False
env,tune,tail_b2.0_mu0.9_c2.0,B,200,200,1353000,192,1,500,0.24499435940384864,0.007123077142779915,0.0008584871292114257,0.24413587227463723,192.0,0.9595959595959597,64,False
env,tune,tail_b2.0_mu0.9_c2.0,B,500,500,1356000,2,1,500,0.34863415759801863,0.00718588101907501,0.3473953680098057,0.001238789588212967,2.0,0.0,128,False
env,tune,tail_b2.0_mu0.9_c2.0,B,500,500,1356000,4,1,500,0.2641951494216919,0.005992008517554696,0.26036382365226746,0.0038313257694244387,4.0,0.004016064257028113,128,False
env,tune,tail_b2.0_mu0.9_c2.0,B,500,500,1356000,8,1,500,0.18492666590213774,0.004738062742147493,0.1801422621011734,0.004784403800964355,8.0,0.01204819277108434,128,False
env,tune,tail_b2.0_mu0.9_c2.0,B,500,500,1356000,12,1,500,0.1521993373632431,0.00422141945339252,0.14473242712020873,0.007466910243034363,12.0,0.020080321285140566,128,False
env,tune,tail_b2.0_mu0.9_c2.0,B,500,500,1356000,16,1,500,0.1318007693886757,0.003706504345581464,0.12270160973072052,0.00909915965795517,16.0,0.02811244979919679,128,False
env,tune,tail_b2.0_mu0.9_c2.0,B,500,500,1356000,24,1,500,0.11001294720172881,0.003306913533232237,0.09863775932788849,0.011375187873840332,24.0,0.04417670682730924,128,False
env,tune,tail_b2.0_mu0.9_c2.0,B,500,500,1356000,32,1,500,0.09768734228610992,0.0030493175276570506,0.08225136828422547,0.015435974001884461,32.0,0.060240963855421666,128,False
env,tune,tail_b2.0_mu0.9_c2.0,B,500,500,1356000,48,1,500,0.08669473969936371,0.0028431933523968096,0.06389393866062164,0.022800801038742064,48.0,0.09236947791164661,128,False
env,tune,tail_b2.0_mu0.9_c2.0,B,500,500,1356000,64,1,500,0.08090099877119064,0.0028510424984987777,0.05275134968757629,0.02814964908361435,64.0,0.12449799196787148,128,False
env,tune,tail_b2.0_mu0.9_c2.0,B,500,500,1356000,96,1,500,0.0787454183101654,0.002995602798174774,0.03697519850730896,0.041770219802856445,96.0,0.1887550200803213,128,False
env,tune,tail_b2.0_mu0.9_c2.0,B,500,500,1356000,128,1,500,0.07657712763547897,0.002993506880557595,0.028547703623771667,0.0480294240117073,128.0,0.25301204819277107,128,True
env,tune,tail_b2.0_mu0.9_c2.0,B,500,500,1356000,192,1,500,0.08043483912944793,0.0030285072040510505,0.01808636236190796,0.062348476767539976,192.0,0.38152610441767076,128,False
env,tune,tail_b2.0_mu0.9_c2.0,B,500,500,1356000,256,1,500,0.09507985430955887,0.003505666097736086,0.011395462155342102,0.08368439215421676,256.0,0.5100401606425703,128,False
env,tune,tail_b2.0_mu0.9_c2.0,B,500,500,1356000,400,1,500,0.13388054537773134,0.0048716692528624735,0.0034187700748443605,0.13046177530288697,400.0,0.7991967871485943,128,False
env,tune,tail_b2.0_mu0.9_c2.0,B,1000,1000,1359000,2,1,500,0.3601295755803585,0.0070056146325418395,0.35974271479249,0.00038686078786849976,2.0,0.0,256,False
env,tune,tail_b2.0_mu0.9_c2.0,B,1000,1000,1359000,4,1,500,0.27686390724778176,0.005945526714128611,0.27563125440478325,0.0012326528429985046,4.0,0.0020040080160320635,256,False
env,tune,tail_b2.0_mu0.9_c2.0,B,1000,1000,1359000,8,1,500,0.20339815509319306,0.004872904382996658,0.20134080046415329,0.0020573546290397642,8.0,0.006012024048096194,256,False
env,tune,tail_b2.0_mu0.9_c2.0,B,1000,1000,1359000,12,1,500,0.1690853335261345,0.004176660181766849,0.16548806023597717,0.003597273290157318,12.0,0.010020040080160319,256,False
env,tune,tail_b2.0_mu0.9_c2.0,B,1000,1000,1359000,16,1,500,0.14274939072132112,0.0035384690695151925,0.1387943971157074,0.003954993605613709,16.0,0.014028056112224454,256,False
env,tune,tail_b2.0_mu0.9_c2.0,B,1000,1000,1359000,24,1,500,0.11812531638145447,0.003109548153899711,0.11332660949230194,0.004798706889152527,24.0,0.02204408817635271,256,False
env,tune,tail_b2.0_mu0.9_c2.0,B,1000,1000,1359000,32,1,500,0.0978204687833786,0.002721509726272246,0.09233042168617249,0.005490047097206116,32.0,0.030060120240480957,256,False
env,tune,tail_b2.0_mu0.9_c2.0,B,1000,1000,1359000,48,1,500,0.07924809408187866,0.0023798365515778773,0.07079230690002442,0.008455787181854248,48.0,0.04609218436873748,256,False
env,tune,tail_b2.0_mu0.9_c2.0,B,1000,1000,1359000,64,1,500,0.07094581580162049,0.0022626602921193267,0.05913239550590515,0.011813420295715332,64.0,0.062124248496993974,256,False
env,tune,tail_b2.0_mu0.9_c2.0,B,1000,1000,1359000,96,1,500,0.06305040109157563,0.002109636543494521,0.04542752003669739,0.017622881054878234,96.0,0.09418837675350701,256,False
env,tune,tail_b2.0_mu0.9_c2.0,B,1000,1000,1359000,128,1,500,0.06119517183303833,0.002184895653668549,0.03643936729431153,0.024755804538726806,128.0,0.12625250501002006,256,False
env,tune,tail_b2.0_mu0.9_c2.0,B,1000,1000,1359000,192,1,500,0.06216098535060883,0.0023960432638431275,0.025836631536483766,0.03632435381412506,192.0,0.19038076152304614,256,False
env,tune,tail_b2.0_mu0.9_c2.0,B,1000,1000,1359000,256,1,500,0.06095746123790741,0.0022583914712241155,0.0191626558303833,0.04179480540752411,256.0,0.2545090180360722,256,True
env,tune,tail_b2.0_mu0.9_c2.0,B,1000,1000,1359000,400,1,500,0.06930217850208283,0.002497900884062293,0.011363921642303466,0.05793825685977936,400.0,0.39879759519038066,256,False
env,tune,tail_b2.0_mu1.0_c1.0,B,50,50,1362000,2,1,500,0.420000990903005,0.010251600730689496,0.4104783194847405,0.009522671418264508,2.0,0.0,24,False
env,tune,tail_b2.0_mu1.0_c1.0,B,50,50,1362000,4,1,500,0.309778678111732,0.00899905095965879,0.29034194150567055,0.019436736606061458,4.0,0.04166666666666666,24,False
env,tune,tail_b2.0_mu1.0_c1.0,B,50,50,1362000,8,1,500,0.20736825253069402,0.007707225403937711,0.17524645912647246,0.032121793404221534,8.0,0.125,24,False
env,tune,tail_b2.0_mu1.0_c1.0,B,50,50,1362000,12,1,500,0.17174372924864292,0.007150839058228479,0.1210719586610794,0.05067177058756352,12.0,0.20833333333333334,24,False
env,tune,tail_b2.0_mu1.0_c1.0,B,50,50,1362000,16,1,500,0.1504827518761158,0.00672400213347969,0.0882627757191658,0.06221997615695,16.0,0.2916666666666667,24,False
env,tune,tail_b2.0_mu1.0_c1.0,B,50,50,1362000,24,1,500,0.1464065487384796,0.006833974660479538,0.0513155586719513,0.09509099006652832,24.0,0.45833333333333326,24,True
env,tune,tail_b2.0_mu1.0_c1.0,B,50,50,1362000,32,1,500,0.15048027563095093,0.00711717166455355,0.028299882054328918,0.12218039357662201,32.0,0.625,24,False
env,tune,tail_b2.0_mu1.0_c1.0,B,50,50,1362000,48,1,500,0.2932463050335646,0.009082518178037572,0.0025242750644683836,0.2907220299690962,48.0,0.9583333333333335,24,False
env,tune,tail_b2.0_mu1.0_c1.0,B,100,100,1365000,2,1,500,0.4410063310917467,0.010344238427968312,0.4364677374009043,0.00453859369084239,2.0,0.0,48,False
env,tune,tail_b2.0_mu1.0_c1.0,B,100,100,1365000,4,1,500,0.31398149010539056,0.008376955544760737,0.3054983234703541,0.008483166635036468,4.0,0.02040816326530612,48,False
env,tune,tail_b2.0_mu1.0_c1.0,B,100,100,1365000,8,1,500,0.22168045811355114,0.0069114556154937,0.2008580315709114,0.020822426542639733,8.0,0.06122448979591836,48,False
env,tune,tail_b2.0_mu1.0_c1.0,B,100,100,1365000,12,1,500,0.18294243064522744,0.006336257599013314,0.15656737512350083,0.026375055521726608,12.0,0.1020408163265306,48,False
env,tune,tail_b2.0_mu1.0_c1.0,B,100,100,1365000,16,1,500,0.1634886069893837,0.006063525302817828,0.1289109898209572,0.034577617168426514,16.0,0.1428571428571428,48,False
env,tune,tail_b2.0_mu1.0_c1.0,B,100,100,1365000,24,1,500,0.14243700474500656,0.005842844695581369,0.09307117521762848,0.049365829527378086,24.0,0.22448979591836735,48,False
env,tune,tail_b2.0_mu1.0_c1.0,B,100,100,1365000,32,1,500,0.12345392149686814,0.0052909730198650844,0.07156680631637573,0.0518871151804924,32.0,0.3061224489795919,48,False
env,tune,tail_b2.0_mu1.0_c1.0,B,100,100,1365000,48,1,500,0.1145023922920227,0.005232924668028647,0.04437928545475006,0.07012310683727264,48.0,0.4693877551020407,48,True
env,tune,tail_b2.0_mu1.0_c1.0,B,100,100,1365000,64,1,500,0.12899667078256608,0.005739689399095861,0.024466088175773622,0.10453058260679245,64.0,0.6326530612244898,48,False
env,tune,tail_b2.0_mu1.0_c1.0,B,100,100,1365000,96,1,500,0.29070701108127833,0.00911853757058279,0.0030779849290847776,0.28762902615219355,96.0,0.959183673469388,48,False
env,tune,tail_b2.0_mu1.0_c1.0,B,200,200,1368000,2,1,500,0.4597396226869896,0.01003101440736376,0.457349128857255,0.0023904938297346235,2.0,0.0,64,False
env,tune,tail_b2.0_mu1.0_c1.0,B,200,200,1368000,4,1,500,0.3332384629547596,0.008055804090107135,0.3298708203136921,0.0033676426410675048,4.0,0.0101010101010101,64,False
env,tune,tail_b2.0_mu1.0_c1.0,B,200,200,1368000,8,1,500,0.24313607603311538,0.006885198349370314,0.23573890191316604,0.007397174119949341,8.0,0.030303030303030293,64,False
env,tune,tail_b2.0_mu1.0_c1.0,B,200,200,1368000,12,1,500,0.19540286421775818,0.006038003076102484,0.18183099001646041,0.01357187420129776,12.0,0.050505050505050504,64,False
env,tune,tail_b2.0_mu1.0_c1.0,B,200,200,1368000,16,1,500,0.1650865108370781,0.005314278700811788,0.1511038786172867,0.013982632219791413,16.0,0.07070707070707072,64,False
env,tune,tail_b2.0_mu1.0_c1.0,B,200,200,1368000,24,1,500,0.13568455123901368,0.004945498062283859,0.11695943015813827,0.018725121080875397,24.0,0.11111111111111115,64,False
env,tune,tail_b2.0_mu1.0_c1.0,B,200,200,1368000,32,1,500,0.11772275137901306,0.004599262116198503,0.09238326251506805,0.025339488863945006,32.0,0.15151515151515152,64,False
env,tune,tail_b2.0_mu1.0_c1.0,B,200,200,1368000,48,1,500,0.09706479221582413,0.004473680393528311,0.062412217736244203,0.03465257447957992,48.0,0.23232323232323226,64,False
env,tune,tail_b2.0_mu1.0_c1.0,B,200,200,1368000,64,1,500,0.08750981503725051,0.004165025344139652,0.045752635717391965,0.04175717931985855,64.0,0.31313131313131315,64,True
env,tune,tail_b2.0_mu1.0_c1.0,B,200,200,1368000,96,1,500,0.08899294859170914,0.004298650837622818,0.02548445963859558,0.06350848895311356,96.0,0.4747474747474748,64,False
env,tune,tail_b2.0_mu1.0_c1.0,B,200,200,1368000,128,1,500,0.10436607241630554,0.004801027156400245,0.01212515938282013,0.09224091303348542,128.0,0.6363636363636365,64,False
env,tune,tail_b2.0_mu1.0_c1.0,B,200,200,1368000,192,1,500,0.2640626196563244,0.008394960376008936,0.0003801475763320923,0.2636824720799923,192.0,0.9595959595959597,64,False
env,tune,tail_b2.0_mu1.0_c1.0,B,500,500,1371000,2,1,500,0.5082518801409751,0.0098989588455726,0.5074581353962422,0.000793744744732976,2.0,0.0,192,False
env,tune,tail_b2.0_mu1.0_c1.0,B,500,500,1371000,4,1,500,0.36325379464030266,0.008651558366540843,0.3618909031152725,0.001362891525030136,4.0,0.004016064257028113,192,False
env,tune,tail_b2.0_mu1.0_c1.0,B,500,500,1371000,8,1,500,0.2601226994395256,0.006907413015334039,0.2571954144835472,0.0029272849559783937,8.0,0.01204819277108434,192,False
env,tune,tail_b2.0_mu1.0_c1.0,B,500,500,1371000,12,1,500,0.21523877340555192,0.005997946580912118,0.21087362283468247,0.004365150570869445,12.0,0.020080321285140566,192,False
env,tune,tail_b2.0_mu1.0_c1.0,B,500,500,1371000,16,1,500,0.17970873433351517,0.005375634435197218,0.17515412706136704,0.004554607272148133,16.0,0.02811244979919679,192,False
env,tune,tail_b2.0_mu1.0_c1.0,B,500,500,1371000,24,1,500,0.14826843386888505,0.004602426378296963,0.14183441919088363,0.006434014678001404,24.0,0.04417670682730924,192,False
env,tune,tail_b2.0_mu1.0_c1.0,B,500,500,1371000,32,1,500,0.1219723618030548,0.0039056466139143187,0.11515369558334351,0.006818666219711304,32.0,0.060240963855421666,192,False
env,tune,tail_b2.0_mu1.0_c1.0,B,500,500,1371000,48,1,500,0.10050971639156342,0.003566069336884055,0.09015020298957825,0.010359513401985168,48.0,0.09236947791164661,192,False
env,tune,tail_b2.0_mu1.0_c1.0,B,500,500,1371000,64,1,500,0.0850064367055893,0.0034522942251427194,0.07273716640472412,0.012269270300865174,64.0,0.12449799196787148,192,False
env,tune,tail_b2.0_mu1.0_c1.0,B,500,500,1371000,96,1,500,0.06834563446044922,0.0030083532221272325,0.052278671741485594,0.016066962718963622,96.0,0.1887550200803213,192,False
env,tune,tail_b2.0_mu1.0_c1.0,B,500,500,1371000,128,1,500,0.05556874692440033,0.0027141426062377008,0.03758976113796234,0.017978985786437987,128.0,0.25301204819277107,192,False
env,tune,tail_b2.0_mu1.0_c1.0,B,500,500,1371000,192,1,500,0.047822277307510375,0.0024789924458688464,0.022684082865715025,0.02513819444179535,192.0,0.38152610441767076,192,True
env,tune,tail_b2.0_mu1.0_c1.0,B,500,500,1371000,256,1,500,0.0541783264875412,0.0027767592336394253,0.013540807127952576,0.04063751935958862,256.0,0.5100401606425703,192,False
env,tune,tail_b2.0_mu1.0_c1.0,B,500,500,1371000,400,1,500,0.10329571914672851,0.004468036701048331,0.003971954703330994,0.09932376444339752,400.0,0.7991967871485943,192,False
env,tune,tail_b2.0_mu1.0_c1.0,B,1000,1000,1374000,2,1,500,0.5120979775227607,0.009946203691927816,0.5116316936910152,0.0004662838317453861,2.0,0.0,400,False
env,tune,tail_b2.0_mu1.0_c1.0,B,1000,1000,1374000,4,1,500,0.37675553354620933,0.008335088577073128,0.3760906209051609,0.0006649126410484314,4.0,0.0020040080160320635,400,False
env,tune,tail_b2.0_mu1.0_c1.0,B,1000,1000,1374000,8,1,500,0.2714796733856201,0.006528083318965602,0.2699109864830971,0.0015686869025230408,8.0,0.006012024048096194,400,False
env,tune,tail_b2.0_mu1.0_c1.0,B,1000,1000,1374000,12,1,500,0.21302126210927963,0.005620923546040137,0.21063822132349014,0.00238304078578949,12.0,0.010020040080160319,400,False
env,tune,tail_b2.0_mu1.0_c1.0,B,1000,1000,1374000,16,1,500,0.1797453392148018,0.004890005201190924,0.1782389799952507,0.0015063592195510864,16.0,0.014028056112224454,400,False
env,tune,tail_b2.0_mu1.0_c1.0,B,1000,1000,1374000,24,1,500,0.14640044718980788,0.004010957135215626,0.14349003225564957,0.0029104149341583254,24.0,0.02204408817635271,400,False
env,tune,tail_b2.0_mu1.0_c1.0,B,1000,1000,1374000,32,1,500,0.12632545912265777,0.0036741535403994234,0.12262401020526886,0.003701448917388916,32.0,0.030060120240480957,400,False
env,tune,tail_b2.0_mu1.0_c1.0,B,1000,1000,1374000,48,1,500,0.10260480833053588,0.0030958553789944324,0.09897646796703338,0.0036283403635025023,48.0,0.04609218436873748,400,False
env,tune,tail_b2.0_mu1.0_c1.0,B,1000,1000,1374000,64,1,500,0.0875563907623291,0.002813936958346863,0.0827079906463623,0.004848400115966797,64.0,0.062124248496993974,400,False
env,tune,tail_b2.0_mu1.0_c1.0,B,1000,1000,1374000,96,1,500,0.06763903403282165,0.0024273876002821222,0.06151470136642456,0.006124332666397094,96.0,0.09418837675350701,400,False
env,tune,tail_b2.0_mu1.0_c1.0,B,1000,1000,1374000,128,1,500,0.05803312361240387,0.0022206223420843632,0.05103459310531616,0.006998530507087707,128.0,0.12625250501002006,400,False
env,tune,tail_b2.0_mu1.0_c1.0,B,1000,1000,1374000,192,1,500,0.04760427916049957,0.0021211626957763083,0.03541083252429962,0.01219344663619995,192.0,0.19038076152304614,400,False
env,tune,tail_b2.0_mu1.0_c1.0,B,1000,1000,1374000,256,1,500,0.039595247626304626,0.0018476092099306111,0.02695546007156372,0.012639787554740906,256.0,0.2545090180360722,400,False
env,tune,tail_b2.0_mu1.0_c1.0,B,1000,1000,1374000,400,1,500,0.03430962526798248,0.0017598167995894393,0.015255833387374879,0.019053791880607605,400.0,0.39879759519038066,400,True
env,tune,tail_b2.0_mu1.0_c2.0,B,50,50,1377000,2,1,500,0.30135781270265577,0.007011072809860454,0.28893427515029907,0.01242353755235672,2.0,0.0,24,False
env,tune,tail_b2.0_mu1.0_c2.0,B,50,50,1377000,4,1,500,0.2249930003285408,0.006874841964536605,0.19723055338859558,0.027762446939945222,4.0,0.04166666666666666,24,False
env,tune,tail_b2.0_mu1.0_c2.0,B,50,50,1377000,8,1,500,0.18781925976276398,0.006425092337961544,0.13415087163448333,0.05366838812828064,8.0,0.125,24,False
env,tune,tail_b2.0_mu1.0_c2.0,B,50,50,1377000,12,1,500,0.16257199454307555,0.006082266806445926,0.09520700609683991,0.06736498844623566,12.0,0.20833333333333334,24,False
env,tune,tail_b2.0_mu1.0_c2.0,B,50,50,1377000,16,1,500,0.15016858851909637,0.0058653438815423,0.07075222027301788,0.07941636824607849,16.0,0.2916666666666667,24,False
env,tune,tail_b2.0_mu1.0_c2.0,B,50,50,1377000,24,1,500,0.14813320237398148,0.0061603013689114396,0.04074641954898834,0.10738678282499313,24.0,0.45833333333333326,24,True
env,tune,tail_b2.0_mu1.0_c2.0,B,50,50,1377000,32,1,500,0.16742921137809755,0.006374267059673006,0.02449700379371643,0.1429322075843811,32.0,0.625,24,False
env,tune,tail_b2.0_mu1.0_c2.0,B,50,50,1377000,48,1,500,0.29853638100624086,0.007680849578027944,0.0015815050601959229,0.2969548759460449,48.0,0.9583333333333335,24,False
env,tune,tail_b2.0_mu1.0_c2.0,B,100,100,1380000,2,1,500,0.32771163135766984,0.007314500929423687,0.3193614258766174,0.008350205481052399,2.0,0.0,32,False
env,tune,tail_b2.0_mu1.0_c2.0,B,100,100,1380000,4,1,500,0.23351503616571426,0.006403684108258313,0.22213973784446717,0.0113752983212471,4.0,0.02040816326530612,32,False
env,tune,tail_b2.0_mu1.0_c2.0,B,100,100,1380000,8,1,500,0.1747506356239319,0.005731950570836191,0.15105627095699312,0.02369436466693878,8.0,0.06122448979591836,32,False
env,tune,tail_b2.0_mu1.0_c2.0,B,100,100,1380000,12,1,500,0.14925961029529572,0.005451782442315547,0.11261236095428467,0.036647249341011046,12.0,0.1020408163265306,32,False
env,tune,tail_b2.0_mu1.0_c2.0,B,100,100,1380000,16,1,500,0.13456031781435013,0.005143157136248639,0.08859797489643097,0.04596234291791916,16.0,0.1428571428571428,32,False
env,tune,tail_b2.0_mu1.0_c2.0,B,100,100,1380000,24,1,500,0.11084193676710129,0.0049700645469474,0.06089950549602509,0.049942431271076206,24.0,0.22448979591836735,32,False
env,tune,tail_b2.0_mu1.0_c2.0,B,100,100,1380000,32,1,500,0.1058788177371025,0.004709843873804328,0.044214330315589905,0.06166448742151261,32.0,0.3061224489795919,32,True
env,tune,tail_b2.0_mu1.0_c2.0,B,100,100,1380000,48,1,500,0.12361825782060623,0.00518008604744182,0.02587793242931366,0.09774032539129257,48.0,0.4693877551020407,32,False
env,tune,tail_b2.0_mu1.0_c2.0,B,100,100,1380000,64,1,500,0.15391915452480315,0.00589649228549366,0.013645834326744079,0.14027332019805908,64.0,0.6326530612244898,32,False
env,tune,tail_b2.0_mu1.0_c2.0,B,100,100,1380000,96,1,500,0.2803540289402008,0.007872175926447365,0.0009266893863677979,0.27942733955383303,96.0,0.959183673469388,32,False
env,tune,tail_b2.0_mu1.0_c2.0,B,200,200,1383000,2,1,500,0.34531886798143385,0.007157702441380892,0.34123262304067614,0.004086244940757751,2.0,0.0,64,False
env,tune,tail_b2.0_mu1.0_c2.0,B,200,200,1383000,4,1,500,0.2549397751688957,0.0061797712066105894,0.24608544099330903,0.0088543341755867,4.0,0.0101010101010101,64,False
env,tune,tail_b2.0_mu1.0_c2.0,B,200,200,1383000,8,1,500,0.18443563932180404,0.005396322577847618,0.17083568608760832,0.01359995323419571,8.0,0.030303030303030293,64,False
env,tune,tail_b2.0_mu1.0_c2.0,B,200,200,1383000,12,1,500,0.1486415950655937,0.004651606878466425,0.13325623321533203,0.015385361850261688,12.0,0.050505050505050504,64,False
env,tune,tail_b2.0_mu1.0_c2.0,B,200,200,1383000,16,1,500,0.13095940732955932,0.004352202363305047,0.11023316967487336,0.020726237654685974,16.0,0.07070707070707072,64,False
env,tune,tail_b2.0_mu1.0_c2.0,B,200,200,1383000,24,1,500,0.11479787272214889,0.0039292634945457166,0.08820574545860291,0.02659212726354599,24.0,0.11111111111111115,64,False
env,tune,tail_b2.0_mu1.0_c2.0,B,200,200,1383000,32,1,500,0.09920538300275802,0.0038041910112154437,0.06882670068740845,0.03037868231534958,32.0,0.15151515151515152,64,False
env,tune,tail_b2.0_mu1.0_c2.0,B,200,200,1383000,48,1,500,0.08583439844846726,0.003699211072185913,0.04689689373970032,0.03893750470876694,48.0,0.23232323232323226,64,False
env,tune,tail_b2.0_mu1.0_c2.0,B,200,200,1383000,64,1,500,0.08292517137527466,0.0035868167525043714,0.03439240920543671,0.04853276216983795,64.0,0.31313131313131315,64,True
env,tune,tail_b2.0_mu1.0_c2.0,B,200,200,1383000,96,1,500,0.10174717998504638,0.004259757259389074,0.02087882125377655,0.08086835873126984,96.0,0.4747474747474748,64,False
env,tune,tail_b2.0_mu1.0_c2.0,B,200,200,1383000,128,1,500,0.12003961873054504,0.00474019534707699,0.01119708251953125,0.1088425362110138,128.0,0.6363636363636365,64,False
env,tune,tail_b2.0_mu1.0_c2.0,B,200,200,1383000,192,1,500,0.27252842038869857,0.007206412089741071,0.0010039654970169067,0.27152445489168164,192.0,0.9595959595959597,64,False
env,tune,tail_b2.0_mu1.0_c2.0,B,500,500,1386000,2,1,500,0.35596905946731566,0.007243615666561422,0.35457113379240035,0.0013979256749153137,2.0,0.0,128,False
env,tune,tail_b2.0_mu1.0_c2.0,B,500,500,1386000,4,1,500,0.25656066250801085,0.00638632210110964,0.2541936875581741,0.002366974949836731,4.0,0.004016064257028113,128,False
env,tune,tail_b2.0_mu1.0_c2.0,B,500,500,1386000,8,1,500,0.1889828038215637,0.005037430843495088,0.1839244155883789,0.005058388233184815,8.0,0.01204819277108434,128,False
env,tune,tail_b2.0_mu1.0_c2.0,B,500,500,1386000,12,1,500,0.15521724259853362,0.004206976891107946,0.14910205614566802,0.006115186452865601,12.0,0.020080321285140566,128,False
env,tune,tail_b2.0_mu1.0_c2.0,B,500,500,1386000,16,1,500,0.13509986448287964,0.0037626702531937195,0.12755625259876252,0.007543611884117126,16.0,0.02811244979919679,128,False
env,tune,tail_b2.0_mu1.0_c2.0,B,500,500,1386000,24,1,500,0.1091786298751831,0.0032525198395575296,0.10095997929573058,0.008218650579452515,24.0,0.04417670682730924,128,False
env,tune,tail_b2.0_mu1.0_c2.0,B,500,500,1386000,32,1,500,0.09371111178398132,0.0030356759791140856,0.0830150250196457,0.010696086764335632,32.0,0.060240963855421666,128,False
env,tune,tail_b2.0_mu1.0_c2.0,B,500,500,1386000,48,1,500,0.07519516170024872,0.002732884456970482,0.06178417563438415,0.013410986065864564,48.0,0.09236947791164661,128,False
env,tune,tail_b2.0_mu1.0_c2.0,B,500,500,1386000,64,1,500,0.06461813080310821,0.00255125996354901,0.04860186409950256,0.01601626670360565,64.0,0.12449799196787148,128,False
env,tune,tail_b2.0_mu1.0_c2.0,B,500,500,1386000,96,1,500,0.05570616888999939,0.002445180328095545,0.03434377372264862,0.021362395167350768,96.0,0.1887550200803213,128,False
env,tune,tail_b2.0_mu1.0_c2.0,B,500,500,1386000,128,1,500,0.05239142036437988,0.0023895111093498126,0.02558993887901306,0.02680148148536682,128.0,0.25301204819277107,128,True
env,tune,tail_b2.0_mu1.0_c2.0,B,500,500,1386000,192,1,500,0.052453394651412966,0.0025004079844825004,0.015190078258514404,0.03726331639289856,192.0,0.38152610441767076,128,False
env,tune,tail_b2.0_mu1.0_c2.0,B,500,500,1386000,256,1,500,0.06709021842479705,0.003139930293341339,0.00933755338191986,0.057752665042877196,256.0,0.5100401606425703,128,False
env,tune,tail_b2.0_mu1.0_c2.0,B,500,500,1386000,400,1,500,0.11226531714200974,0.004609042567501263,0.0026362749338150024,0.10962904220819474,400.0,0.7991967871485943,128,False
env,tune,tail_b2.0_mu1.0_c2.0,B,1000,1000,1389000,2,1,500,0.3615721220970154,0.006944552232855536,0.3607467593550682,0.0008253627419471741,2.0,0.0,256,False
env,tune,tail_b2.0_mu1.0_c2.0,B,1000,1000,1389000,4,1,500,0.26492695140838624,0.006020544336549675,0.2629690796136856,0.0019578717947006225,4.0,0.0020040080160320635,256,False
env,tune,tail_b2.0_mu1.0_c2.0,B,1000,1000,1389000,8,1,500,0.19152436143159865,0.004757842394498238,0.18978124380111694,0.00174311763048172,8.0,0.006012024048096194,256,False
env,tune,tail_b2.0_mu1.0_c2.0,B,1000,1000,1389000,12,1,500,0.15227303886413573,0.003991212143396022,0.15030114877223968,0.001971890091896057,12.0,0.010020040080160319,256,False
env,tune,tail_b2.0_mu1.0_c2.0,B,1000,1000,1389000,16,1,500,0.13409402143955232,0.003630205021189886,0.1318858768939972,0.0022081445455551145,16.0,0.014028056112224454,256,False
env,tune,tail_b2.0_mu1.0_c2.0,B,1000,1000,1389000,24,1,500,0.11092731940746307,0.0030846081400099984,0.10781815838813781,0.0031091610193252563,24.0,0.02204408817635271,256,False
env,tune,tail_b2.0_mu1.0_c2.0,B,1000,1000,1389000,32,1,500,0.09333621621131898,0.0027694214060937105,0.08977469408512115,0.003561522126197815,32.0,0.030060120240480957,256,False
env,tune,tail_b2.0_mu1.0_c2.0,B,1000,1000,1389000,48,1,500,0.07663930249214172,0.002422661172725475,0.07195800197124481,0.004681300520896912,48.0,0.04609218436873748,256,False
env,tune,tail_b2.0_mu1.0_c2.0,B,1000,1000,1389000,64,1,500,0.06323189353942871,0.0021528563891350717,0.05805964660644531,0.005172246932983398,64.0,0.062124248496993974,256,False
env,tune,tail_b2.0_mu1.0_c2.0,B,1000,1000,1389000,96,1,500,0.05114543390274048,0.0018475292170139824,0.044238177657127384,0.006907256245613098,96.0,0.09418837675350701,256,False
env,tune,tail_b2.0_mu1.0_c2.0,B,1000,1000,1389000,128,1,500,0.04242807495594025,0.0016159850534346529,0.03476953077316284,0.007658544182777405,128.0,0.12625250501002006,256,False
env,tune,tail_b2.0_mu1.0_c2.0,B,1000,1000,1389000,192,1,500,0.0378774938583374,0.0017840038211224105,0.025320040225982665,0.012557453632354736,192.0,0.19038076152304614,256,False
env,tune,tail_b2.0_mu1.0_c2.0,B,1000,1000,1389000,256,1,500,0.034828349828720094,0.0017291711051107181,0.01894124639034271,0.01588710343837738,256.0,0.2545090180360722,256,True
env,tune,tail_b2.0_mu1.0_c2.0,B,1000,1000,1389000,400,1,500,0.045338024854660035,0.0022073924738605986,0.011285503029823302,0.03405252182483673,400.0,0.39879759519038066,256,False
env,tune,tail_b4.0_mu0.8_c2.0,B,50,50,1392000,2,1,500,0.3136813177872682,0.00694402774941606,0.3079452142806258,0.005736103506642394,2.0,0.0,32,False
env,tune,tail_b4.0_mu0.8_c2.0,B,50,50,1392000,4,1,500,0.25702659236604813,0.006916133346293646,0.23419100067205728,0.022835591693990864,4.0,0.04166666666666666,32,False
env,tune,tail_b4.0_mu0.8_c2.0,B,50,50,1392000,8,1,500,0.20296789105050267,0.006315670134643841,0.16307481548190117,0.03989307556860149,8.0,0.125,32,False
env,tune,tail_b4.0_mu0.8_c2.0,B,50,50,1392000,12,1,500,0.19028160734102129,0.0063233712615734785,0.12046100118756295,0.06982060615345835,12.0,0.20833333333333334,32,False
env,tune,tail_b4.0_mu0.8_c2.0,B,50,50,1392000,16,1,500,0.17998602397181093,0.006470602536536474,0.09354102218151092,0.08644500179030001,16.0,0.2916666666666667,32,False
env,tune,tail_b4.0_mu0.8_c2.0,B,50,50,1392000,24,1,500,0.18158066876418888,0.006494273525384233,0.057109023481607436,0.12447164528258145,24.0,0.45833333333333326,32,False
env,tune,tail_b4.0_mu0.8_c2.0,B,50,50,1392000,32,1,500,0.1754274889882654,0.00646598885993719,0.03388243699073792,0.14154505199752748,32.0,0.625,32,True
env,tune,tail_b4.0_mu0.8_c2.0,B,50,50,1392000,48,1,500,0.21704869535844773,0.0068573112882831825,0.0028083552718162538,0.21424034008663148,48.0,0.9583333333333335,32,False
env,tune,tail_b4.0_mu0.8_c2.0,B,100,100,1395000,2,1,500,0.35706408726330846,0.006902993507024112,0.35484595824964343,0.0022181290136650206,2.0,0.0,32,False
env,tune,tail_b4.0_mu0.8_c2.0,B,100,100,1395000,4,1,500,0.2944772363044322,0.006687351336620626,0.2834121032562107,0.01106513304822147,4.0,0.02040816326530612,32,False
env,tune,tail_b4.0_mu0.8_c2.0,B,100,100,1395000,8,1,500,0.23876880546286702,0.006189012930327756,0.21085631814599037,0.02791248731687665,8.0,0.06122448979591836,32,False
env,tune,tail_b4.0_mu0.8_c2.0,B,100,100,1395000,12,1,500,0.21050140766054393,0.006274766383956875,0.17169949924945832,0.038801908411085606,12.0,0.1020408163265306,32,False
env,tune,tail_b4.0_mu0.8_c2.0,B,100,100,1395000,16,1,500,0.19567274855077266,0.0060566206888660115,0.14220870995521545,0.05346403859555721,16.0,0.1428571428571428,32,False
env,tune,tail_b4.0_mu0.8_c2.0,B,100,100,1395000,24,1,500,0.18325931688398123,0.006007016884231517,0.10796007162332535,0.07529924526065589,24.0,0.22448979591836735,32,False
env,tune,tail_b4.0_mu0.8_c2.0,B,100,100,1395000,32,1,500,0.18121632207371294,0.006173874090786974,0.08473556950688362,0.09648075256682932,32.0,0.3061224489795919,32,True
env,tune,tail_b4.0_mu0.8_c2.0,B,100,100,1395000,48,1,500,0.1940088717341423,0.0063673423739637166,0.04972247564792633,0.14428639608621596,48.0,0.4693877551020407,32,False
env,tune,tail_b4.0_mu0.8_c2.0,B,100,100,1395000,64,1,500,0.1845591161698103,0.0062222055918360825,0.029046271443367005,0.15551284472644328,64.0,0.6326530612244898,32,False
env,tune,tail_b4.0_mu0.8_c2.0,B,100,100,1395000,96,1,500,0.23411115323752166,0.006815083566243722,0.003310439765453339,0.23080071347206832,96.0,0.959183673469388,32,False
env,tune,tail_b4.0_mu0.8_c2.0,B,200,200,1398000,2,1,500,0.3923232921058079,0.006958761756727205,0.3904724586753873,0.0018508334304206072,2.0,0.0,128,False
env,tune,tail_b4.0_mu0.8_c2.0,B,200,200,1398000,4,1,500,0.3250817500129342,0.0063986085030331135,0.3192474177069962,0.005834332305938005,4.0,0.0101010101010101,128,False
env,tune,tail_b4.0_mu0.8_c2.0,B,200,200,1398000,8,1,500,0.25930173610150814,0.006039704733423702,0.2449203407987952,0.014381395302712917,8.0,0.030303030303030293,128,False
env,tune,tail_b4.0_mu0.8_c2.0,B,200,200,1398000,12,1,500,0.21950033577531577,0.0058442543684869685,0.2001416834294796,0.019358652345836162,12.0,0.050505050505050504,128,False
env,tune,tail_b4.0_mu0.8_c2.0,B,200,200,1398000,16,1,500,0.20086755788326263,0.005626686100074682,0.17732972675561906,0.023537831127643585,16.0,0.07070707070707072,128,False
env,tune,tail_b4.0_mu0.8_c2.0,B,200,200,1398000,24,1,500,0.1773367115110159,0.005487354556511423,0.140798989623785,0.036537721887230874,24.0,0.11111111111111115,128,False
env,tune,tail_b4.0_mu0.8_c2.0,B,200,200,1398000,32,1,500,0.17484642903506756,0.0056529301395777795,0.11899686980247498,0.055849559232592584,32.0,0.15151515151515152,128,False
env,tune,tail_b4.0_mu0.8_c2.0,B,200,200,1398000,48,1,500,0.1665995661765337,0.005802799608606764,0.08752225661277771,0.07907730956375598,48.0,0.23232323232323226,128,False
env,tune,tail_b4.0_mu0.8_c2.0,B,200,200,1398000,64,1,500,0.16515646037459372,0.005773831138953908,0.06783483880758286,0.09732162156701088,64.0,0.31313131313131315,128,False
env,tune,tail_b4.0_mu0.8_c2.0,B,200,200,1398000,96,1,500,0.17628125223517419,0.005964085283824253,0.042476762890815735,0.13380448934435846,96.0,0.4747474747474748,128,False
env,tune,tail_b4.0_mu0.8_c2.0,B,200,200,1398000,128,1,500,0.16383817281574012,0.005775161419473572,0.024334229469299317,0.13950394334644078,128.0,0.6363636363636365,128,True
env,tune,tail_b4.0_mu0.8_c2.0,B,200,200,1398000,192,1,500,0.24949431809037922,0.006630246600625669,0.002048696517944336,0.2474456215724349,192.0,0.9595959595959597,128,False
env,tune,tail_b4.0_mu0.8_c2.0,B,500,500,1401000,2,1,500,0.43774199568247424,0.0065574794235712984,0.4372772509022616,0.00046474478021264076,2.0,0.0,96,False
env,tune,tail_b4.0_mu0.8_c2.0,B,500,500,1401000,4,1,500,0.35803002715297044,0.006389372743154429,0.3562338515724987,0.0017961755804717541,4.0,0.004016064257028113,96,False
env,tune,tail_b4.0_mu0.8_c2.0,B,500,500,1401000,8,1,500,0.2867246327102184,0.005940744313280666,0.2821257920861244,0.004598840624094009,8.0,0.01204819277108434,96,False
env,tune,tail_b4.0_mu0.8_c2.0,B,500,500,1401000,12,1,500,0.25259361040592193,0.005732366801948062,0.24432747374475003,0.008266136661171913,12.0,0.020080321285140566,96,False
env,tune,tail_b4.0_mu0.8_c2.0,B,500,500,1401000,16,1,500,0.22608644515275955,0.005348571503211717,0.2174032938182354,0.008683151334524155,16.0,0.02811244979919679,96,False
env,tune,tail_b4.0_mu0.8_c2.0,B,500,500,1401000,24,1,500,0.1952687084376812,0.004809229261303787,0.184082013130188,0.01118669530749321,24.0,0.04417670682730924,96,False
env,tune,tail_b4.0_mu0.8_c2.0,B,500,500,1401000,32,1,500,0.17102611017227173,0.004456997987622444,0.1590539858341217,0.011972124338150024,32.0,0.060240963855421666,96,False
env,tune,tail_b4.0_mu0.8_c2.0,B,500,500,1401000,48,1,500,0.15021990376710892,0.004404427247371738,0.12991670310497283,0.02030320066213608,48.0,0.09236947791164661,96,False
env,tune,tail_b4.0_mu0.8_c2.0,B,500,500,1401000,64,1,500,0.14297218629717826,0.004481949086099267,0.11090111893415451,0.03207106736302376,64.0,0.12449799196787148,96,False
env,tune,tail_b4.0_mu0.8_c2.0,B,500,500,1401000,96,1,500,0.13307615560293198,0.004466412909449789,0.08558779513835907,0.04748836046457291,96.0,0.1887550200803213,96,True
env,tune,tail_b4.0_mu0.8_c2.0,B,500,500,1401000,128,1,500,0.1412884800285101,0.004827154228011059,0.0682153924703598,0.07307308755815028,128.0,0.25301204819277107,96,False
env,tune,tail_b4.0_mu0.8_c2.0,B,500,500,1401000,192,1,500,0.15052767017483712,0.005014774635535595,0.04218517345190048,0.10834249672293662,192.0,0.38152610441767076,96,False
env,tune,tail_b4.0_mu0.8_c2.0,B,500,500,1401000,256,1,500,0.1631056400835514,0.005316726345243718,0.02822007244825363,0.13488556763529777,256.0,0.5100401606425703,96,False
env,tune,tail_b4.0_mu0.8_c2.0,B,500,500,1401000,400,1,500,0.1572096014022827,0.005315382132292154,0.007678778886795044,0.14953082251548766,400.0,0.7991967871485943,96,False
env,tune,tail_b4.0_mu0.8_c2.0,B,1000,1000,1404000,2,1,500,0.46527167803514746,0.006355531766062427,0.4649204738734843,0.00035120416166319046,2.0,0.0,192,False
env,tune,tail_b4.0_mu0.8_c2.0,B,1000,1000,1404000,4,1,500,0.3813186717238277,0.006211733992439259,0.38053817680105567,0.0007804949227720499,4.0,0.0020040080160320635,192,False
env,tune,tail_b4.0_mu0.8_c2.0,B,1000,1000,1404000,8,1,500,0.3099358903467655,0.005436717539296717,0.3079481397718191,0.0019877505749464034,8.0,0.006012024048096194,192,False
env,tune,tail_b4.0_mu0.8_c2.0,B,1000,1000,1404000,12,1,500,0.2718501447439194,0.005021000752370156,0.2685072460472584,0.0033428986966609953,12.0,0.010020040080160319,192,False
env,tune,tail_b4.0_mu0.8_c2.0,B,1000,1000,1404000,16,1,500,0.2504343145191669,0.004807067560064214,0.24591484108567238,0.004519473433494568,16.0,0.014028056112224454,192,False
env,tune,tail_b4.0_mu0.8_c2.0,B,1000,1000,1404000,24,1,500,0.21263823813199997,0.0044207873666638215,0.20736071851849555,0.00527751961350441,24.0,0.02204408817635271,192,False
env,tune,tail_b4.0_mu0.8_c2.0,B,1000,1000,1404000,32,1,500,0.1918273193538189,0.004243204911194715,0.1856407020688057,0.006186617285013199,32.0,0.030060120240480957,192,False
env,tune,tail_b4.0_mu0.8_c2.0,B,1000,1000,1404000,48,1,500,0.16480487924814224,0.004047202270758932,0.1555611178278923,0.009243761420249939,48.0,0.04609218436873748,192,False
env,tune,tail_b4.0_mu0.8_c2.0,B,1000,1000,1404000,64,1,500,0.1481709983944893,0.0037673888770530465,0.13795353305339814,0.010217465341091156,64.0,0.062124248496993974,192,False
env,tune,tail_b4.0_mu0.8_c2.0,B,1000,1000,1404000,96,1,500,0.13264469194412232,0.0037079970603681365,0.11290472197532654,0.019739969968795776,96.0,0.09418837675350701,192,False
env,tune,tail_b4.0_mu0.8_c2.0,B,1000,1000,1404000,128,1,500,0.12439078921079635,0.0038327961705351484,0.09444604659080505,0.0299447426199913,128.0,0.12625250501002006,192,False
env,tune,tail_b4.0_mu0.8_c2.0,B,1000,1000,1404000,192,1,500,0.11594802898168564,0.003994238300035713,0.06885524982213974,0.0470927791595459,192.0,0.19038076152304614,192,True
env,tune,tail_b4.0_mu0.8_c2.0,B,1000,1000,1404000,256,1,500,0.12996212953329087,0.004496526975905433,0.05326296699047089,0.07669916254281997,256.0,0.2545090180360722,192,False
env,tune,tail_b4.0_mu0.8_c2.0,B,1000,1000,1404000,400,1,500,0.1441184106171131,0.004679965508435836,0.03492771649360657,0.10919069412350654,400.0,0.39879759519038066,192,False
env,tune,tail_b4.0_mu0.9_c2.0,B,50,50,1407000,2,1,500,0.31151439663022756,0.006974548271197985,0.3018240602314472,0.009690336398780346,2.0,0.0,32,False
env,tune,tail_b4.0_mu0.9_c2.0,B,50,50,1407000,4,1,500,0.2542751490920782,0.006899696642838789,0.22403145000338553,0.030243699088692667,4.0,0.04166666666666666,32,False
env,tune,tail_b4.0_mu0.9_c2.0,B,50,50,1407000,8,1,500,0.21018548288941383,0.006668766901754039,0.15453985035419465,0.055645632535219196,8.0,0.125,32,False
env,tune,tail_b4.0_mu0.9_c2.0,B,50,50,1407000,12,1,500,0.1951175188422203,0.006506437352272481,0.11802500787377357,0.07709251096844673,12.0,0.20833333333333334,32,False
env,tune,tail_b4.0_mu0.9_c2.0,B,50,50,1407000,16,1,500,0.1905497636795044,0.006696856687468828,0.09270019900798798,0.09784956467151641,16.0,0.2916666666666667,32,False
env,tune,tail_b4.0_mu0.9_c2.0,B,50,50,1407000,24,1,500,0.18755067643523216,0.006622998095888763,0.05383297508955002,0.13371770134568214,24.0,0.45833333333333326,32,False
env,tune,tail_b4.0_mu0.9_c2.0,B,50,50,1407000,32,1,500,0.18252878326177596,0.00649258220995752,0.03061575919389725,0.1519130240678787,32.0,0.625,32,True
env,tune,tail_b4.0_mu0.9_c2.0,B,50,50,1407000,48,1,500,0.26944099075347183,0.007252574543143472,0.003068146228790283,0.2663728445246816,48.0,0.9583333333333335,32,False
env,tune,tail_b4.0_mu0.9_c2.0,B,100,100,1410000,2,1,500,0.36815920314192774,0.00678795901264428,0.3621291498541832,0.006030053287744522,2.0,0.0,64,False
env,tune,tail_b4.0_mu0.9_c2.0,B,100,100,1410000,4,1,500,0.29334764781594275,0.006860360472610365,0.2756498758941889,0.017697771921753883,4.0,0.02040816326530612,64,False
env,tune,tail_b4.0_mu0.9_c2.0,B,100,100,1410000,8,1,500,0.23390499791502953,0.006634479024135255,0.20248287084698677,0.03142212706804275,8.0,0.06122448979591836,64,False
env,tune,tail_b4.0_mu0.9_c2.0,B,100,100,1410000,12,1,500,0.21197073589265347,0.006483807088929329,0.16235598117113115,0.04961475472152233,12.0,0.1020408163265306,64,False
env,tune,tail_b4.0_mu0.9_c2.0,B,100,100,1410000,16,1,500,0.19159738370776178,0.006212308476856622,0.1321221890449524,0.05947519466280937,16.0,0.1428571428571428,64,False
env,tune,tail_b4.0_mu0.9_c2.0,B,100,100,1410000,24,1,500,0.17916402372717857,0.006019220855354823,0.09853060287237167,0.0806334208548069,24.0,0.22448979591836735,64,False
env,tune,tail_b4.0_mu0.9_c2.0,B,100,100,1410000,32,1,500,0.18109506042301654,0.006258273894538269,0.07445051425695419,0.10664454616606235,32.0,0.3061224489795919,64,False
env,tune,tail_b4.0_mu0.9_c2.0,B,100,100,1410000,48,1,500,0.18300218623131514,0.0065091523975283555,0.044522045254707335,0.1384801409766078,48.0,0.4693877551020407,64,False
env,tune,tail_b4.0_mu0.9_c2.0,B,100,100,1410000,64,1,500,0.17337400817126036,0.006224854032384481,0.024029489576816557,0.1493445185944438,64.0,0.6326530612244898,64,True
env,tune,tail_b4.0_mu0.9_c2.0,B,100,100,1410000,96,1,500,0.28616356909275054,0.007412013964002499,0.002771547794342041,0.2833920212984085,96.0,0.959183673469388,64,False
env,tune,tail_b4.0_mu0.9_c2.0,B,200,200,1413000,2,1,500,0.4020163253545761,0.006940916944768095,0.39892430604994294,0.0030920193046331404,2.0,0.0,48,False
env,tune,tail_b4.0_mu0.9_c2.0,B,200,200,1413000,4,1,500,0.33423400577902795,0.006480283439459115,0.3266391791850328,0.007594826593995094,4.0,0.0101010101010101,48,False
env,tune,tail_b4.0_mu0.9_c2.0,B,200,200,1413000,8,1,500,0.2651810904294252,0.006217756090992971,0.25165355864167216,0.013527531787753105,8.0,0.030303030303030293,48,False
env,tune,tail_b4.0_mu0.9_c2.0,B,200,200,1413000,12,1,500,0.22718334981799126,0.006043405731200264,0.20914355596899986,0.018039793848991393,12.0,0.050505050505050504,48,False
env,tune,tail_b4.0_mu0.9_c2.0,B,200,200,1413000,16,1,500,0.20746835109591483,0.005929955648621057,0.18156029960513115,0.025908051490783693,16.0,0.07070707070707072,48,False
env,tune,tail_b4.0_mu0.9_c2.0,B,200,200,1413000,24,1,500,0.1847153870165348,0.0056091616869319285,0.14605297005176543,0.03866241696476937,24.0,0.11111111111111115,48,False
env,tune,tail_b4.0_mu0.9_c2.0,B,200,200,1413000,32,1,500,0.17500038108229637,0.0058564060150356175,0.11977607429027558,0.0552243067920208,32.0,0.15151515151515152,48,False
env,tune,tail_b4.0_mu0.9_c2.0,B,200,200,1413000,48,1,500,0.16080183884501456,0.005763047105514931,0.09083647990226745,0.06996535894274712,48.0,0.23232323232323226,48,True
env,tune,tail_b4.0_mu0.9_c2.0,B,200,200,1413000,64,1,500,0.17876749646663664,0.006058920889756071,0.07097845321893692,0.10778904324769974,64.0,0.31313131313131315,48,False
env,tune,tail_b4.0_mu0.9_c2.0,B,200,200,1413000,96,1,500,0.17021780076622964,0.0060120419457828445,0.04111229085922241,0.12910550990700723,96.0,0.4747474747474748,48,False
env,tune,tail_b4.0_mu0.9_c2.0,B,200,200,1413000,128,1,500,0.17024346208572388,0.005996507169493102,0.021336322665214538,0.14890713942050934,128.0,0.6363636363636365,48,False
env,tune,tail_b4.0_mu0.9_c2.0,B,200,200,1413000,192,1,500,0.29154811811447146,0.00724969867961415,0.0025548731088638308,0.2889932450056076,192.0,0.9595959595959597,48,False
env,tune,tail_b4.0_mu0.9_c2.0,B,500,500,1416000,2,1,500,0.4448773905262351,0.006398794814234763,0.44374901911616327,0.0011283714100718497,2.0,0.0,128,False
env,tune,tail_b4.0_mu0.9_c2.0,B,500,500,1416000,4,1,500,0.36735893130302427,0.0062698655609040345,0.3643900226652622,0.00296890863776207,4.0,0.004016064257028113,128,False
env,tune,tail_b4.0_mu0.9_c2.0,B,500,500,1416000,8,1,500,0.2953147614300251,0.005628674818452651,0.29127076038718225,0.004044001042842865,8.0,0.01204819277108434,128,False
env,tune,tail_b4.0_mu0.9_c2.0,B,500,500,1416000,12,1,500,0.25620831140875816,0.005380671365331535,0.24961829912662506,0.006590012282133103,12.0,0.020080321285140566,128,False
env,tune,tail_b4.0_mu0.9_c2.0,B,500,500,1416000,16,1,500,0.23055411607027054,0.005271683163868408,0.22199976176023484,0.008554354310035706,16.0,0.02811244979919679,128,False
env,tune,tail_b4.0_mu0.9_c2.0,B,500,500,1416000,24,1,500,0.20303882390260697,0.004908262279768153,0.18959719800949096,0.013441625893115997,24.0,0.04417670682730924,128,False
env,tune,tail_b4.0_mu0.9_c2.0,B,500,500,1416000,32,1,500,0.1777575183212757,0.0048916874126224644,0.16129795956611634,0.01645955875515938,32.0,0.060240963855421666,128,False
env,tune,tail_b4.0_mu0.9_c2.0,B,500,500,1416000,48,1,500,0.15907673805952072,0.004736810737820421,0.1353564696907997,0.023720268368721008,48.0,0.09236947791164661,128,False
env,tune,tail_b4.0_mu0.9_c2.0,B,500,500,1416000,64,1,500,0.14955073553323744,0.004691003216527195,0.11456448549032211,0.03498625004291534,64.0,0.12449799196787148,128,False
env,tune,tail_b4.0_mu0.9_c2.0,B,500,500,1416000,96,1,500,0.13782237872481345,0.004779085472418659,0.08615461230278015,0.05166776642203331,96.0,0.1887550200803213,128,False
env,tune,tail_b4.0_mu0.9_c2.0,B,500,500,1416000,128,1,500,0.13252823919057846,0.0047941607002573135,0.06961397671699524,0.06291426247358323,128.0,0.25301204819277107,128,True
env,tune,tail_b4.0_mu0.9_c2.0,B,500,500,1416000,192,1,500,0.1619373972415924,0.0053694148619211,0.04736410808563232,0.11457328915596009,192.0,0.38152610441767076,128,False
env,tune,tail_b4.0_mu0.9_c2.0,B,500,500,1416000,256,1,500,0.14855001926422118,0.0052919840371185595,0.03061851906776428,0.11793150019645691,256.0,0.5100401606425703,128,False
env,tune,tail_b4.0_mu0.9_c2.0,B,500,500,1416000,400,1,500,0.1921391375362873,0.005869860435919028,0.009709351658821107,0.1824297858774662,400.0,0.7991967871485943,128,False
env,tune,tail_b4.0_mu0.9_c2.0,B,1000,1000,1419000,2,1,500,0.4620539063066244,0.006335429201025481,0.4614284367710352,0.0006254695355892182,2.0,0.0,256,False
env,tune,tail_b4.0_mu0.9_c2.0,B,1000,1000,1419000,4,1,500,0.3783705771714449,0.006139150571386826,0.3768407289236784,0.0015298482477664947,4.0,0.0020040080160320635,256,False
env,tune,tail_b4.0_mu0.9_c2.0,B,1000,1000,1419000,8,1,500,0.3088202911168337,0.005800801681356558,0.3061238824725151,0.0026964086443185807,8.0,0.006012024048096194,256,False
env,tune,tail_b4.0_mu0.9_c2.0,B,1000,1000,1419000,12,1,500,0.2715204654335976,0.00543977585639481,0.26738447019457817,0.004135995239019394,12.0,0.010020040080160319,256,False
env,tune,tail_b4.0_mu0.9_c2.0,B,1000,1000,1419000,16,1,500,0.24642939054965973,0.005126381268232651,0.2421088907122612,0.004320499837398529,16.0,0.014028056112224454,256,False
env,tune,tail_b4.0_mu0.9_c2.0,B,1000,1000,1419000,24,1,500,0.2117381969690323,0.004765803672185394,0.20567425459623337,0.0060639423727989195,24.0,0.02204408817635271,256,False
env,tune,tail_b4.0_mu0.9_c2.0,B,1000,1000,1419000,32,1,500,0.19544048470258713,0.004660128150293543,0.18704100316762926,0.008399481534957886,32.0,0.030060120240480957,256,False
env,tune,tail_b4.0_mu0.9_c2.0,B,1000,1000,1419000,48,1,500,0.16553904128074645,0.004276121791725048,0.15664642494916917,0.008892616331577301,48.0,0.04609218436873748,256,False
env,tune,tail_b4.0_mu0.9_c2.0,B,1000,1000,1419000,64,1,500,0.14691500473022462,0.003968878542680764,0.134970377266407,0.011944627463817597,64.0,0.062124248496993974,256,False
env,tune,tail_b4.0_mu0.9_c2.0,B,1000,1000,1419000,96,1,500,0.12953439807891845,0.003840449662738877,0.10985813754796982,0.01967626053094864,96.0,0.09418837675350701,256,False
env,tune,tail_b4.0_mu0.9_c2.0,B,1000,1000,1419000,128,1,500,0.12311677861213684,0.003993096786560972,0.09224310493469239,0.03087367367744446,128.0,0.12625250501002006,256,False
env,tune,tail_b4.0_mu0.9_c2.0,B,1000,1000,1419000,192,1,500,0.12375968298316002,0.004368501516727848,0.07295641618967057,0.050803266793489454,192.0,0.19038076152304614,256,False
env,tune,tail_b4.0_mu0.9_c2.0,B,1000,1000,1419000,256,1,500,0.11722646462917329,0.004158158514337742,0.05547752368450165,0.06174894094467163,256.0,0.2545090180360722,256,True
env,tune,tail_b4.0_mu0.9_c2.0,B,1000,1000,1419000,400,1,500,0.13341672199964524,0.004859761113407731,0.03516262078285217,0.09825410121679307,400.0,0.39879759519038066,256,False
env,tune,tail_b4.0_mu1.0_c1.0,B,50,50,1422000,2,1,500,0.3888336536493152,0.008355170875600415,0.3811619304185733,0.007671723230741918,2.0,0.0,32,False
env,tune,tail_b4.0_mu1.0_c1.0,B,50,50,1422000,4,1,500,0.31504540806636216,0.008110303551040768,0.29040610989183185,0.02463929817453027,4.0,0.04166666666666666,32,False
env,tune,tail_b4.0_mu1.0_c1.0,B,50,50,1422000,8,1,500,0.2545064552947879,0.008051692497106265,0.20350814685225488,0.050998308442533016,8.0,0.125,32,False
env,tune,tail_b4.0_mu1.0_c1.0,B,50,50,1422000,12,1,500,0.23037069456279277,0.0078095369393094615,0.15044206497073173,0.07992862959206104,12.0,0.20833333333333334,32,False
env,tune,tail_b4.0_mu1.0_c1.0,B,50,50,1422000,16,1,500,0.20843329578638076,0.007895111573839996,0.11722460401058198,0.0912086917757988,16.0,0.2916666666666667,32,False
env,tune,tail_b4.0_mu1.0_c1.0,B,50,50,1422000,24,1,500,0.19590924663841724,0.007699990898905084,0.07304994451999665,0.1228593021184206,24.0,0.45833333333333326,32,False
env,tune,tail_b4.0_mu1.0_c1.0,B,50,50,1422000,32,1,500,0.1811665735989809,0.007349473541775608,0.04162164330482483,0.13954493029415607,32.0,0.625,32,True
env,tune,tail_b4.0_mu1.0_c1.0,B,50,50,1422000,48,1,500,0.2873182271439582,0.008350143429511873,0.00576410573720932,0.2815541214067489,48.0,0.9583333333333335,32,False
env,tune,tail_b4.0_mu1.0_c1.0,B,100,100,1425000,2,1,500,0.42687577931955456,0.008068819547185295,0.42296081786230205,0.003914961457252502,2.0,0.0,64,False
env,tune,tail_b4.0_mu1.0_c1.0,B,100,100,1425000,4,1,500,0.3408592506721616,0.007662374098776833,0.33212715612351895,0.008732094548642636,4.0,0.02040816326530612,64,False
env,tune,tail_b4.0_mu1.0_c1.0,B,100,100,1425000,8,1,500,0.2711833180487156,0.007249558773417685,0.24896257570385932,0.022220742344856263,8.0,0.06122448979591836,64,False
env,tune,tail_b4.0_mu1.0_c1.0,B,100,100,1425000,12,1,500,0.2310923632979393,0.006831349937161246,0.19748030495643615,0.033612058341503145,12.0,0.1020408163265306,64,False
env,tune,tail_b4.0_mu1.0_c1.0,B,100,100,1425000,16,1,500,0.21535625006258488,0.00671971234994334,0.16844904842972755,0.046907201632857325,16.0,0.1428571428571428,64,False
env,tune,tail_b4.0_mu1.0_c1.0,B,100,100,1425000,24,1,500,0.18874701748788356,0.006524718194373262,0.1236085330247879,0.06513848446309567,24.0,0.22448979591836735,64,False
env,tune,tail_b4.0_mu1.0_c1.0,B,100,100,1425000,32,1,500,0.1790177401304245,0.0063715911004270055,0.09480413866043091,0.08421360146999358,32.0,0.3061224489795919,64,False
env,tune,tail_b4.0_mu1.0_c1.0,B,100,100,1425000,48,1,500,0.177650245629251,0.006683707354010091,0.057889391779899595,0.11976085384935141,48.0,0.4693877551020407,64,False
env,tune,tail_b4.0_mu1.0_c1.0,B,100,100,1425000,64,1,500,0.16363678067922593,0.006334999329822058,0.03309386748075485,0.13054291319847106,64.0,0.6326530612244898,64,True
env,tune,tail_b4.0_mu1.0_c1.0,B,100,100,1425000,96,1,500,0.2794189743027091,0.008502177545335231,0.0026520371437072756,0.2767669371590018,96.0,0.959183673469388,64,False
env,tune,tail_b4.0_mu1.0_c1.0,B,200,200,1428000,2,1,500,0.4566372505296022,0.008513990306805089,0.45499779958836734,0.001639450941234827,2.0,0.0,96,False
env,tune,tail_b4.0_mu1.0_c1.0,B,200,200,1428000,4,1,500,0.3708427306972444,0.007869428535418476,0.3648545660302043,0.00598816466704011,4.0,0.0101010101010101,96,False
env,tune,tail_b4.0_mu1.0_c1.0,B,200,200,1428000,8,1,500,0.28305479714274406,0.007082290867657437,0.27362156960368156,0.0094332275390625,8.0,0.030303030303030293,96,False
env,tune,tail_b4.0_mu1.0_c1.0,B,200,200,1428000,12,1,500,0.24151696386933327,0.006698636477781908,0.22450767648220063,0.017009287387132643,12.0,0.050505050505050504,96,False
env,tune,tail_b4.0_mu1.0_c1.0,B,200,200,1428000,16,1,500,0.21041654565930368,0.006600431265082421,0.19241071900725365,0.018005826652050017,16.0,0.07070707070707072,96,False
env,tune,tail_b4.0_mu1.0_c1.0,B,200,200,1428000,24,1,500,0.18417558285593988,0.006111986003789634,0.15375659775733946,0.030418985098600387,24.0,0.11111111111111115,96,False
env,tune,tail_b4.0_mu1.0_c1.0,B,200,200,1428000,32,1,500,0.17034633666276933,0.005976337590552793,0.12804756039381027,0.042298776268959046,32.0,0.15151515151515152,96,False
env,tune,tail_b4.0_mu1.0_c1.0,B,200,200,1428000,48,1,500,0.1554700444340706,0.006188961790490209,0.09079514294862748,0.06467490148544311,48.0,0.23232323232323226,96,False
env,tune,tail_b4.0_mu1.0_c1.0,B,200,200,1428000,64,1,500,0.15494004109501838,0.006268760292963605,0.06622661930322647,0.08871342179179191,64.0,0.31313131313131315,96,False
env,tune,tail_b4.0_mu1.0_c1.0,B,200,200,1428000,96,1,500,0.1526119968891144,0.006256749426223544,0.04077876740694046,0.11183322948217392,96.0,0.4747474747474748,96,True
env,tune,tail_b4.0_mu1.0_c1.0,B,200,200,1428000,128,1,500,0.1601550435423851,0.006079404465289533,0.02544548547267914,0.13470955806970597,128.0,0.6363636363636365,96,False
env,tune,tail_b4.0_mu1.0_c1.0,B,200,200,1428000,192,1,500,0.29805735832825303,0.008015524302470572,0.0018004169464111328,0.2962569413818419,192.0,0.9595959595959597,96,False
env,tune,tail_b4.0_mu1.0_c1.0,B,500,500,1431000,2,1,500,0.5207106290590018,0.007893481882386167,0.5202098100166768,0.0005008190423250198,2.0,0.0,256,False
env,tune,tail_b4.0_mu1.0_c1.0,B,500,500,1431000,4,1,500,0.43382166404277084,0.007561275831491312,0.4320973414257169,0.0017243226170539855,4.0,0.004016064257028113,256,False
env,tune,tail_b4.0_mu1.0_c1.0,B,500,500,1431000,8,1,500,0.3463985538482666,0.006738509781837968,0.34199308812618257,0.004405465722084045,8.0,0.01204819277108434,256,False
env,tune,tail_b4.0_mu1.0_c1.0,B,500,500,1431000,12,1,500,0.2979954718351364,0.00633997342149437,0.2917365079820156,0.006258963853120804,12.0,0.020080321285140566,256,False
env,tune,tail_b4.0_mu1.0_c1.0,B,500,500,1431000,16,1,500,0.26532975101470946,0.006073631349677932,0.25901247692108154,0.0063172740936279295,16.0,0.02811244979919679,256,False
env,tune,tail_b4.0_mu1.0_c1.0,B,500,500,1431000,24,1,500,0.23192888668179512,0.005797261084255437,0.22186844104528428,0.010060445636510849,24.0,0.04417670682730924,256,False
env,tune,tail_b4.0_mu1.0_c1.0,B,500,500,1431000,32,1,500,0.20299881756305693,0.005405506952910811,0.18936106669902802,0.01363775086402893,32.0,0.060240963855421666,256,False
env,tune,tail_b4.0_mu1.0_c1.0,B,500,500,1431000,48,1,500,0.17034374833106994,0.005280718819743336,0.15144017285108566,0.018903575479984284,48.0,0.09236947791164661,256,False
env,tune,tail_b4.0_mu1.0_c1.0,B,500,500,1431000,64,1,500,0.15661831033229828,0.0052568802625510315,0.13202663636207582,0.024591673970222473,64.0,0.12449799196787148,256,False
env,tune,tail_b4.0_mu1.0_c1.0,B,500,500,1431000,96,1,500,0.137390096783638,0.005136499670956771,0.10295617139339447,0.03443392539024353,96.0,0.1887550200803213,256,False
env,tune,tail_b4.0_mu1.0_c1.0,B,500,500,1431000,128,1,500,0.12111955159902572,0.005017647907614275,0.0764251390695572,0.044694412529468534,128.0,0.25301204819277107,256,False
env,tune,tail_b4.0_mu1.0_c1.0,B,500,500,1431000,192,1,500,0.13195872437953948,0.005296001451165093,0.05121265661716461,0.08074606776237488,192.0,0.38152610441767076,256,False
env,tune,tail_b4.0_mu1.0_c1.0,B,500,500,1431000,256,1,500,0.11928161424398422,0.005160114880084411,0.0334577773809433,0.08582383686304093,256.0,0.5100401606425703,256,True
env,tune,tail_b4.0_mu1.0_c1.0,B,500,500,1431000,400,1,500,0.17620638138055802,0.0064638871872927765,0.010862773776054383,0.16534360760450365,400.0,0.7991967871485943,256,False
env,tune,tail_b4.0_mu1.0_c1.0,B,1000,1000,1434000,2,1,500,0.5575416493937373,0.008278205415783406,0.5568570957705379,0.0006845536231994629,2.0,0.0,256,False
env,tune,tail_b4.0_mu1.0_c1.0,B,1000,1000,1434000,4,1,500,0.4539304576814175,0.007514610574389138,0.4523421182334423,0.0015883394479751587,4.0,0.0020040080160320635,256,False
env,tune,tail_b4.0_mu1.0_c1.0,B,1000,1000,1434000,8,1,500,0.37564533001184464,0.006611045151729069,0.37355814719200137,0.002087182819843292,8.0,0.006012024048096194,256,False
env,tune,tail_b4.0_mu1.0_c1.0,B,1000,1000,1434000,12,1,500,0.3272503371834755,0.0061431269212695325,0.32497512438893317,0.0022752127945423126,12.0,0.010020040080160319,256,False
env,tune,tail_b4.0_mu1.0_c1.0,B,1000,1000,1434000,16,1,500,0.29589521273970604,0.005895779598559621,0.2922411417365074,0.0036540710031986237,16.0,0.014028056112224454,256,False
env,tune,tail_b4.0_mu1.0_c1.0,B,1000,1000,1434000,24,1,500,0.2557696896791458,0.005665134043706498,0.25178780591487887,0.003981883764266968,24.0,0.02204408817635271,256,False
env,tune,tail_b4.0_mu1.0_c1.0,B,1000,1000,1434000,32,1,500,0.22195598942041397,0.005418928024181481,0.2162897121310234,0.0056662772893905635,32.0,0.030060120240480957,256,False
env,tune,tail_b4.0_mu1.0_c1.0,B,1000,1000,1434000,48,1,500,0.1873191680908203,0.005041438527605414,0.18014553308486939,0.0071736350059509275,48.0,0.04609218436873748,256,False
env,tune,tail_b4.0_mu1.0_c1.0,B,1000,1000,1434000,64,1,500,0.16600127798318862,0.004676157174937368,0.15819611656665802,0.007805161416530609,64.0,0.062124248496993974,256,False
env,tune,tail_b4.0_mu1.0_c1.0,B,1000,1000,1434000,96,1,500,0.14024907678365708,0.004399837030182687,0.12957317769527435,0.01067589908838272,96.0,0.09418837675350701,256,False
env,tune,tail_b4.0_mu1.0_c1.0,B,1000,1000,1434000,128,1,500,0.12469898784160614,0.004130706497060225,0.11068946635723113,0.014009521484375,128.0,0.12625250501002006,256,False
env,tune,tail_b4.0_mu1.0_c1.0,B,1000,1000,1434000,192,1,500,0.10934460866451264,0.004241018958686132,0.0822483559846878,0.02709625267982483,192.0,0.19038076152304614,256,False
env,tune,tail_b4.0_mu1.0_c1.0,B,1000,1000,1434000,256,1,500,0.10451513922214509,0.004375531729196997,0.06665215718746186,0.037862982034683225,256.0,0.2545090180360722,256,True
env,tune,tail_b4.0_mu1.0_c1.0,B,1000,1000,1434000,400,1,500,0.11974520576000214,0.005074454556019073,0.042554412484169,0.07719079327583313,400.0,0.39879759519038066,256,False
env,tune,tail_b4.0_mu1.0_c2.0,B,50,50,1437000,2,1,500,0.3160230814218521,0.00724435559662949,0.3060768139064312,0.009946267515420914,2.0,0.0,24,False
env,tune,tail_b4.0_mu1.0_c2.0,B,50,50,1437000,4,1,500,0.2516434727907181,0.00698242222720816,0.2239184415638447,0.0277250312268734,4.0,0.04166666666666666,24,False
env,tune,tail_b4.0_mu1.0_c2.0,B,50,50,1437000,8,1,500,0.20860919284820556,0.006681451803076101,0.15555402809381486,0.05305516475439072,8.0,0.125,24,False
env,tune,tail_b4.0_mu1.0_c2.0,B,50,50,1437000,12,1,500,0.19492245316505433,0.0065506306861556765,0.11801462537050247,0.07690782779455185,12.0,0.20833333333333334,24,False
env,tune,tail_b4.0_mu1.0_c2.0,B,50,50,1437000,16,1,500,0.1963789545893669,0.006886513914702315,0.09437904852628708,0.10199990606307983,16.0,0.2916666666666667,24,False
env,tune,tail_b4.0_mu1.0_c2.0,B,50,50,1437000,24,1,500,0.17738661950826645,0.006497699637189611,0.05416683238744736,0.12321978712081909,24.0,0.45833333333333326,24,True
env,tune,tail_b4.0_mu1.0_c2.0,B,50,50,1437000,32,1,500,0.20057672572135926,0.006779777376750697,0.031934190571308134,0.16864253515005112,32.0,0.625,24,False
env,tune,tail_b4.0_mu1.0_c2.0,B,50,50,1437000,48,1,500,0.291955637216568,0.007502069045851979,0.004064058899879455,0.28789157831668855,48.0,0.9583333333333335,24,False
env,tune,tail_b4.0_mu1.0_c2.0,B,100,100,1440000,2,1,500,0.3670752069950104,0.006814419371261948,0.35928371012210847,0.007791496872901917,2.0,0.0,48,False
env,tune,tail_b4.0_mu1.0_c2.0,B,100,100,1440000,4,1,500,0.29560602486133575,0.0067008978255535005,0.27949139738082884,0.016114627480506898,4.0,0.02040816326530612,48,False
env,tune,tail_b4.0_mu1.0_c2.0,B,100,100,1440000,8,1,500,0.23353068953752518,0.006656373458724861,0.20312726503610612,0.030403424501419068,8.0,0.06122448979591836,48,False
env,tune,tail_b4.0_mu1.0_c2.0,B,100,100,1440000,12,1,500,0.21487307518720627,0.006409603194828723,0.16760349398851396,0.047269581198692324,12.0,0.1020408163265306,48,False
env,tune,tail_b4.0_mu1.0_c2.0,B,100,100,1440000,16,1,500,0.2005818667113781,0.006454282925644022,0.13985748535394668,0.06072438135743141,16.0,0.1428571428571428,48,False
env,tune,tail_b4.0_mu1.0_c2.0,B,100,100,1440000,24,1,500,0.18808352747559548,0.006521865390458263,0.10396274721622467,0.08412078025937081,24.0,0.22448979591836735,48,False
env,tune,tail_b4.0_mu1.0_c2.0,B,100,100,1440000,32,1,500,0.18312499165534973,0.006888890421696502,0.07606204175949097,0.10706294989585877,32.0,0.3061224489795919,48,False
env,tune,tail_b4.0_mu1.0_c2.0,B,100,100,1440000,48,1,500,0.17653179121017457,0.0068291771396375356,0.0456571324467659,0.13087465876340867,48.0,0.4693877551020407,48,True
env,tune,tail_b4.0_mu1.0_c2.0,B,100,100,1440000,64,1,500,0.19087400302290916,0.006861195648030412,0.026494386315345765,0.1643796167075634,64.0,0.6326530612244898,48,False
env,tune,tail_b4.0_mu1.0_c2.0,B,100,100,1440000,96,1,500,0.3153354082405567,0.007868087436405385,0.003012984037399292,0.3123224242031574,96.0,0.959183673469388,48,False
env,tune,tail_b4.0_mu1.0_c2.0,B,200,200,1443000,2,1,500,0.40159618824720383,0.006699753835508633,0.3977397165298462,0.0038564717173576353,2.0,0.0,48,False
env,tune,tail_b4.0_mu1.0_c2.0,B,200,200,1443000,4,1,500,0.3270686631500721,0.006414477088678696,0.3175175765156746,0.009551086634397507,4.0,0.0101010101010101,48,False
env,tune,tail_b4.0_mu1.0_c2.0,B,200,200,1443000,8,1,500,0.2549263492822647,0.006197804608258256,0.2404781768321991,0.014448172450065612,8.0,0.030303030303030293,48,False
env,tune,tail_b4.0_mu1.0_c2.0,B,200,200,1443000,12,1,500,0.21957807621359826,0.0061388843351744835,0.19811025524139406,0.021467820972204208,12.0,0.050505050505050504,48,False
env,tune,tail_b4.0_mu1.0_c2.0,B,200,200,1443000,16,1,500,0.19973553392291069,0.005924695187478693,0.17372361028194427,0.026011923640966415,16.0,0.07070707070707072,48,False
env,tune,tail_b4.0_mu1.0_c2.0,B,200,200,1443000,24,1,500,0.17915694972872734,0.005829349024582537,0.13578868496418,0.043368264764547346,24.0,0.11111111111111115,48,False
env,tune,tail_b4.0_mu1.0_c2.0,B,200,200,1443000,32,1,500,0.16215874570608138,0.005601533475267477,0.10873993813991546,0.053418807566165925,32.0,0.15151515151515152,48,False
env,tune,tail_b4.0_mu1.0_c2.0,B,200,200,1443000,48,1,500,0.15871191775798799,0.005726299953300781,0.08134658128023148,0.0773653364777565,48.0,0.23232323232323226,48,True
env,tune,tail_b4.0_mu1.0_c2.0,B,200,200,1443000,64,1,500,0.1647621152997017,0.006225517724432201,0.06406423604488373,0.10069787925481796,64.0,0.31313131313131315,48,False
env,tune,tail_b4.0_mu1.0_c2.0,B,200,200,1443000,96,1,500,0.1636722452044487,0.006425555844355641,0.03952298033237457,0.12414926487207413,96.0,0.4747474747474748,48,False
env,tune,tail_b4.0_mu1.0_c2.0,B,200,200,1443000,128,1,500,0.17599557372927666,0.006608292295054724,0.021304422974586488,0.15469115075469017,128.0,0.6363636363636365,48,False
env,tune,tail_b4.0_mu1.0_c2.0,B,200,200,1443000,192,1,500,0.32239856439828873,0.007460805995291136,0.0020230709314346313,0.3203754934668541,192.0,0.9595959595959597,48,False
env,tune,tail_b4.0_mu1.0_c2.0,B,500,500,1446000,2,1,500,0.4310624697506428,0.006636982807070432,0.4291943845450878,0.0018680852055549622,2.0,0.0,96,False
env,tune,tail_b4.0_mu1.0_c2.0,B,500,500,1446000,4,1,500,0.3542329806983471,0.006225621494353987,0.3501386139392853,0.004094366759061814,4.0,0.004016064257028113,96,False
env,tune,tail_b4.0_mu1.0_c2.0,B,500,500,1446000,8,1,500,0.28579446843266487,0.005789227999084431,0.279953316450119,0.005841151982545853,8.0,0.01204819277108434,96,False
env,tune,tail_b4.0_mu1.0_c2.0,B,500,500,1446000,12,1,500,0.25062432473897933,0.00535734609933227,0.24393900030851365,0.006685324430465698,12.0,0.020080321285140566,96,False
env,tune,tail_b4.0_mu1.0_c2.0,B,500,500,1446000,16,1,500,0.22928862136602401,0.005243310523352549,0.21739577561616896,0.011892845749855042,16.0,0.02811244979919679,96,False
env,tune,tail_b4.0_mu1.0_c2.0,B,500,500,1446000,24,1,500,0.19347880709171295,0.004892855785411844,0.18116864854097367,0.012310158550739289,24.0,0.04417670682730924,96,False
env,tune,tail_b4.0_mu1.0_c2.0,B,500,500,1446000,32,1,500,0.17697405552864073,0.004720823546731515,0.15917885386943817,0.017795201659202575,32.0,0.060240963855421666,96,False
env,tune,tail_b4.0_mu1.0_c2.0,B,500,500,1446000,48,1,500,0.15333033323287965,0.004466151236153296,0.13013339293003082,0.023196940302848815,48.0,0.09236947791164661,96,False
env,tune,tail_b4.0_mu1.0_c2.0,B,500,500,1446000,64,1,500,0.14521604454517364,0.004586396423851759,0.11234473741054535,0.0328713071346283,64.0,0.12449799196787148,96,False
env,tune,tail_b4.0_mu1.0_c2.0,B,500,500,1446000,96,1,500,0.13445688450336457,0.004754716619944575,0.08453493702411652,0.049921947479248045,96.0,0.1887550200803213,96,True
env,tune,tail_b4.0_mu1.0_c2.0,B,500,500,1446000,128,1,500,0.136741138279438,0.005012186593177197,0.06868097317218781,0.06806016510725021,128.0,0.25301204819277107,96,False
env,tune,tail_b4.0_mu1.0_c2.0,B,500,500,1446000,192,1,500,0.13628156369924546,0.005299726463630049,0.04535693848133087,0.09092462521791458,192.0,0.38152610441767076,96,False
env,tune,tail_b4.0_mu1.0_c2.0,B,500,500,1446000,256,1,500,0.1464195985198021,0.005614209440021572,0.02915458607673645,0.11726501244306564,256.0,0.5100401606425703,96,False
env,tune,tail_b4.0_mu1.0_c2.0,B,500,500,1446000,400,1,500,0.21133100938796998,0.006546257145268418,0.008112318873405456,0.2032186905145645,400.0,0.7991967871485943,96,False
env,tune,tail_b4.0_mu1.0_c2.0,B,1000,1000,1449000,2,1,500,0.4660211699604988,0.006836593010945136,0.46509019094705584,0.0009309790134429932,2.0,0.0,400,False
env,tune,tail_b4.0_mu1.0_c2.0,B,1000,1000,1449000,4,1,500,0.38274052223563193,0.006392457460720451,0.3809906056821346,0.0017499165534973144,4.0,0.0020040080160320635,400,False
env,tune,tail_b4.0_mu1.0_c2.0,B,1000,1000,1449000,8,1,500,0.30898770558834077,0.005673319833882507,0.3062165080308914,0.002771197557449341,8.0,0.006012024048096194,400,False
env,tune,tail_b4.0_mu1.0_c2.0,B,1000,1000,1449000,12,1,500,0.27266245180368426,0.005199951076257848,0.2685721197724342,0.00409033203125,12.0,0.010020040080160319,400,False
env,tune,tail_b4.0_mu1.0_c2.0,B,1000,1000,1449000,16,1,500,0.2530062254667282,0.0049455654404705176,0.24708550822734832,0.005920717239379883,16.0,0.014028056112224454,400,False
env,tune,tail_b4.0_mu1.0_c2.0,B,1000,1000,1449000,24,1,500,0.21521564120054246,0.004542109659495988,0.2097930924296379,0.005422548770904541,24.0,0.02204408817635271,400,False
env,tune,tail_b4.0_mu1.0_c2.0,B,1000,1000,1449000,32,1,500,0.1907818522453308,0.004368492406359201,0.18328859621286392,0.007493256032466889,32.0,0.030060120240480957,400,False
env,tune,tail_b4.0_mu1.0_c2.0,B,1000,1000,1449000,48,1,500,0.16053967827558518,0.004257203761820193,0.15226564997434616,0.008274028301239014,48.0,0.04609218436873748,400,False
env,tune,tail_b4.0_mu1.0_c2.0,B,1000,1000,1449000,64,1,500,0.14511117720603942,0.004029893214348174,0.13511603271961212,0.009995144486427307,64.0,0.062124248496993974,400,False
env,tune,tail_b4.0_mu1.0_c2.0,B,1000,1000,1449000,96,1,500,0.12537901908159255,0.003969695362973921,0.11053332364559174,0.014845695436000825,96.0,0.09418837675350701,400,False
env,tune,tail_b4.0_mu1.0_c2.0,B,1000,1000,1449000,128,1,500,0.11710019809007645,0.00395703421262197,0.0959562805891037,0.021143917500972748,128.0,0.12625250501002006,400,False
env,tune,tail_b4.0_mu1.0_c2.0,B,1000,1000,1449000,192,1,500,0.10597139477729797,0.0038857665213103505,0.07312162673473357,0.03284976804256439,192.0,0.19038076152304614,400,False
env,tune,tail_b4.0_mu1.0_c2.0,B,1000,1000,1449000,256,1,500,0.10520122843980789,0.004158351647547514,0.05600357484817505,0.04919765359163284,256.0,0.2545090180360722,400,False
env,tune,tail_b4.0_mu1.0_c2.0,B,1000,1000,1449000,400,1,500,0.10282376015186309,0.004231874864014632,0.03506147503852844,0.06776228511333465,400.0,0.39879759519038066,400,True
env,tune,tail_b8.0_mu0.9_c2.0,B,50,50,1452000,2,1,500,0.2440803445149213,0.005543786588378238,0.2374341943296604,0.006646150185260922,2.0,0.0,32,False
env,tune,tail_b8.0_mu0.9_c2.0,B,50,50,1452000,4,1,500,0.2005716239064932,0.005549924847969562,0.18081147270463407,0.019760151201859116,4.0,0.04166666666666666,32,False
env,tune,tail_b8.0_mu0.9_c2.0,B,50,50,1452000,8,1,500,0.1734270661440678,0.005373888056620129,0.12789390931278466,0.045533156831283124,8.0,0.125,32,False
env,tune,tail_b8.0_mu0.9_c2.0,B,50,50,1452000,12,1,500,0.1630480466298759,0.005269030376872601,0.0962633749768138,0.06678467165306211,12.0,0.20833333333333334,32,False
env,tune,tail_b8.0_mu0.9_c2.0,B,50,50,1452000,16,1,500,0.16421169422194362,0.00528761264384182,0.07659726484119891,0.0876144293807447,16.0,0.2916666666666667,32,False
env,tune,tail_b8.0_mu0.9_c2.0,B,50,50,1452000,24,1,500,0.16511499976739288,0.005305972058161659,0.04953507545590401,0.11557992431148886,24.0,0.45833333333333326,32,False
env,tune,tail_b8.0_mu0.9_c2.0,B,50,50,1452000,32,1,500,0.15385598495975136,0.00527800039951727,0.026496765911579134,0.12735921904817224,32.0,0.625,32,True
env,tune,tail_b8.0_mu0.9_c2.0,B,50,50,1452000,48,1,500,0.18322293960046954,0.005369321788258503,0.002323132038116455,0.18089980756235308,48.0,0.9583333333333335,32,False
env,tune,tail_b8.0_mu0.9_c2.0,B,100,100,1455000,2,1,500,0.28530185601767155,0.005369152916360156,0.28195212544267995,0.003349730574991554,2.0,0.0,24,False
env,tune,tail_b8.0_mu0.9_c2.0,B,100,100,1455000,4,1,500,0.23512948865629732,0.00541516931624524,0.22374035309627652,0.011389135560020804,4.0,0.02040816326530612,24,False
env,tune,tail_b8.0_mu0.9_c2.0,B,100,100,1455000,8,1,500,0.203771326797083,0.005518316303514459,0.17715890549123287,0.026612421305850148,8.0,0.06122448979591836,24,False
env,tune,tail_b8.0_mu0.9_c2.0,B,100,100,1455000,12,1,500,0.1928060919344425,0.005330865558463671,0.14574568893015385,0.047060403004288674,12.0,0.1020408163265306,24,False
env,tune,tail_b8.0_mu0.9_c2.0,B,100,100,1455000,16,1,500,0.18458776599913834,0.005270334443090834,0.12552047942578792,0.059067286573350426,16.0,0.1428571428571428,24,False
env,tune,tail_b8.0_mu0.9_c2.0,B,100,100,1455000,24,1,500,0.1691984246298671,0.005259576165607264,0.09795670703053475,0.07124171759933233,24.0,0.22448979591836735,24,True
env,tune,tail_b8.0_mu0.9_c2.0,B,100,100,1455000,32,1,500,0.17797247525304555,0.0053394406639346225,0.07948422637581826,0.0984882488772273,32.0,0.3061224489795919,24,False
env,tune,tail_b8.0_mu0.9_c2.0,B,100,100,1455000,48,1,500,0.181924919385463,0.005499701836349238,0.047608166813850404,0.1343167525716126,48.0,0.4693877551020407,24,False
env,tune,tail_b8.0_mu0.9_c2.0,B,100,100,1455000,64,1,500,0.1693420154545456,0.005492505094379905,0.029258292496204378,0.14008372295834123,64.0,0.6326530612244898,24,False
env,tune,tail_b8.0_mu0.9_c2.0,B,100,100,1455000,96,1,500,0.2005602910351008,0.0055261788244102125,0.0029347243905067442,0.19762556664459408,96.0,0.959183673469388,24,False
env,tune,tail_b8.0_mu0.9_c2.0,B,200,200,1458000,2,1,500,0.32757791177602485,0.005535134820367458,0.3252282145353965,0.002349697240628302,2.0,0.0,64,False
env,tune,tail_b8.0_mu0.9_c2.0,B,200,200,1458000,4,1,500,0.27914553778478873,0.0054493626856576514,0.27253882418200376,0.006606713602785021,4.0,0.0101010101010101,64,False
env,tune,tail_b8.0_mu0.9_c2.0,B,200,200,1458000,8,1,500,0.23521635721623899,0.005343671502271078,0.22234553661942483,0.012870820596814155,8.0,0.030303030303030293,64,False
env,tune,tail_b8.0_mu0.9_c2.0,B,200,200,1458000,12,1,500,0.2125626793950796,0.00520760794805943,0.19295587840676307,0.019606800988316537,12.0,0.050505050505050504,64,False
env,tune,tail_b8.0_mu0.9_c2.0,B,200,200,1458000,16,1,500,0.19941096369922162,0.005275713370044735,0.17196770915389062,0.027443254545331003,16.0,0.07070707070707072,64,False
env,tune,tail_b8.0_mu0.9_c2.0,B,200,200,1458000,24,1,500,0.1834684564732015,0.0050394314528772145,0.14331381678581237,0.04015463968738914,24.0,0.11111111111111115,64,False
env,tune,tail_b8.0_mu0.9_c2.0,B,200,200,1458000,32,1,500,0.17776781938970088,0.005155175767507461,0.12218831339478493,0.05557950599491596,32.0,0.15151515151515152,64,False
env,tune,tail_b8.0_mu0.9_c2.0,B,200,200,1458000,48,1,500,0.1727783339433372,0.005453528553489458,0.09373523849248887,0.07904309545084834,48.0,0.23232323232323226,64,False
env,tune,tail_b8.0_mu0.9_c2.0,B,200,200,1458000,64,1,500,0.170823425732553,0.005234232488008001,0.07409148019552231,0.0967319455370307,64.0,0.31313131313131315,64,True
env,tune,tail_b8.0_mu0.9_c2.0,B,200,200,1458000,96,1,500,0.19328671545907855,0.005699876217634274,0.04661952084302902,0.14666719461604952,96.0,0.4747474747474748,64,False
env,tune,tail_b8.0_mu0.9_c2.0,B,200,200,1458000,128,1,500,0.18434985883161426,0.005454672065086342,0.027564314782619476,0.15678554404899478,128.0,0.6363636363636365,64,False
env,tune,tail_b8.0_mu0.9_c2.0,B,200,200,1458000,192,1,500,0.21998242724314332,0.00582031039302895,0.002659399390220642,0.21732302785292268,192.0,0.9595959595959597,64,False
env,tune,tail_b8.0_mu0.9_c2.0,B,500,500,1461000,2,1,500,0.3668633163071936,0.004901580361651092,0.3661525640016189,0.0007107523055747151,2.0,0.0,128,False
env,tune,tail_b8.0_mu0.9_c2.0,B,500,500,1461000,4,1,500,0.3176714315675199,0.004912354821768651,0.3162829143125564,0.0013885172549635172,4.0,0.004016064257028113,128,False
env,tune,tail_b8.0_mu0.9_c2.0,B,500,500,1461000,8,1,500,0.2634590641632676,0.004814212635570218,0.2591508987247944,0.004308165438473225,8.0,0.01204819277108434,128,False
env,tune,tail_b8.0_mu0.9_c2.0,B,500,500,1461000,12,1,500,0.23907106056064367,0.004657384924493843,0.2319431650340557,0.007127895526587963,12.0,0.020080321285140566,128,False
env,tune,tail_b8.0_mu0.9_c2.0,B,500,500,1461000,16,1,500,0.21951157850027084,0.004607934958756947,0.2092441630959511,0.010267415404319764,16.0,0.02811244979919679,128,False
env,tune,tail_b8.0_mu0.9_c2.0,B,500,500,1461000,24,1,500,0.1931021736115217,0.004664581324042078,0.17793761667609215,0.015164556935429573,24.0,0.04417670682730924,128,False
env,tune,tail_b8.0_mu0.9_c2.0,B,500,500,1461000,32,1,500,0.17989665143936873,0.0047258896563896246,0.1573950445353985,0.022501606903970243,32.0,0.060240963855421666,128,False
env,tune,tail_b8.0_mu0.9_c2.0,B,500,500,1461000,48,1,500,0.16113295331597327,0.00456164465232927,0.13042997372150422,0.03070297959446907,48.0,0.09236947791164661,128,False
env,tune,tail_b8.0_mu0.9_c2.0,B,500,500,1461000,64,1,500,0.1615128284096718,0.004738511359303853,0.11338444110751152,0.048128387302160264,64.0,0.12449799196787148,128,False
env,tune,tail_b8.0_mu0.9_c2.0,B,500,500,1461000,96,1,500,0.15912272898107768,0.00488899559420336,0.08458242699503898,0.07454030198603868,96.0,0.1887550200803213,128,False
env,tune,tail_b8.0_mu0.9_c2.0,B,500,500,1461000,128,1,500,0.15907924998551606,0.004863927079400551,0.06893115627765656,0.09014809370785952,128.0,0.25301204819277107,128,True
env,tune,tail_b8.0_mu0.9_c2.0,B,500,500,1461000,192,1,500,0.1661534622386098,0.004921617119493815,0.05120133286714554,0.11495212937146425,192.0,0.38152610441767076,128,False
env,tune,tail_b8.0_mu0.9_c2.0,B,500,500,1461000,256,1,500,0.19145722377300262,0.005220402373067408,0.03405571264028549,0.15740151113271714,256.0,0.5100401606425703,128,False
env,tune,tail_b8.0_mu0.9_c2.0,B,500,500,1461000,400,1,500,0.1765894209071994,0.0051183353320525616,0.009922781169414521,0.16666663973778487,400.0,0.7991967871485943,128,False
env,tune,tail_b8.0_mu0.9_c2.0,B,1000,1000,1464000,2,1,500,0.40251307530258784,0.004923637785691468,0.40203168242028914,0.00048139288229867816,2.0,0.0,256,False
env,tune,tail_b8.0_mu0.9_c2.0,B,1000,1000,1464000,4,1,500,0.35429285020194945,0.005062307304123635,0.35306770090572537,0.0012251492962241173,4.0,0.0020040080160320635,256,False
env,tune,tail_b8.0_mu0.9_c2.0,B,1000,1000,1464000,8,1,500,0.29987438311427833,0.004846144019042682,0.29752681393176317,0.0023475691825151444,8.0,0.006012024048096194,256,False
env,tune,tail_b8.0_mu0.9_c2.0,B,1000,1000,1464000,12,1,500,0.27478158722817897,0.004779683895232345,0.2715541758686304,0.0032274113595485688,12.0,0.010020040080160319,256,False
env,tune,tail_b8.0_mu0.9_c2.0,B,1000,1000,1464000,16,1,500,0.24917637099325657,0.004609794974421272,0.24537091602385044,0.003805454969406128,16.0,0.014028056112224454,256,False
env,tune,tail_b8.0_mu0.9_c2.0,B,1000,1000,1464000,24,1,500,0.22332888488471508,0.004660739638444446,0.21740956695377828,0.005919317930936813,24.0,0.02204408817635271,256,False
env,tune,tail_b8.0_mu0.9_c2.0,B,1000,1000,1464000,32,1,500,0.20511399880051612,0.004462531136802915,0.19818492504954338,0.0069290737509727475,32.0,0.030060120240480957,256,False
env,tune,tail_b8.0_mu0.9_c2.0,B,1000,1000,1464000,48,1,500,0.1799800645262003,0.004356837583062407,0.168097587287426,0.0118824772387743,48.0,0.04609218436873748,256,False
env,tune,tail_b8.0_mu0.9_c2.0,B,1000,1000,1464000,64,1,500,0.16829144237935542,0.00419043384140941,0.15148163923621177,0.016809803143143655,64.0,0.062124248496993974,256,False
env,tune,tail_b8.0_mu0.9_c2.0,B,1000,1000,1464000,96,1,500,0.15346201595664025,0.00423284831670294,0.12602600574493408,0.02743601021170616,96.0,0.09418837675350701,256,False
env,tune,tail_b8.0_mu0.9_c2.0,B,1000,1000,1464000,128,1,500,0.15029754996299743,0.0042927019093116706,0.10803617566823959,0.04226137429475784,128.0,0.12625250501002006,256,False
env,tune,tail_b8.0_mu0.9_c2.0,B,1000,1000,1464000,192,1,500,0.15039796209335327,0.004648632805983978,0.07978378409147263,0.07061417800188065,192.0,0.19038076152304614,256,False
env,tune,tail_b8.0_mu0.9_c2.0,B,1000,1000,1464000,256,1,500,0.14814700084924698,0.004509382993293563,0.06394285070896148,0.0842041501402855,256.0,0.2545090180360722,256,True
env,tune,tail_b8.0_mu0.9_c2.0,B,1000,1000,1464000,400,1,500,0.15591839477419853,0.00502348969149064,0.04259239572286606,0.11332599905133248,400.0,0.39879759519038066,256,False
env,tune,tail_b8.0_mu1.0_c1.0,B,50,50,1467000,2,1,500,0.2717300086065661,0.005779800614153602,0.26467765767266976,0.0070523509338963775,2.0,0.0,32,False
env,tune,tail_b8.0_mu1.0_c1.0,B,50,50,1467000,4,1,500,0.23386215354996967,0.005978743700270033,0.20793198380991817,0.025930169740051495,4.0,0.04166666666666666,32,False
env,tune,tail_b8.0_mu1.0_c1.0,B,50,50,1467000,8,1,500,0.20063996641896664,0.006085718545543636,0.14575227205455304,0.05488769436441362,8.0,0.125,32,False
env,tune,tail_b8.0_mu1.0_c1.0,B,50,50,1467000,12,1,500,0.18880798319727182,0.005809203697396024,0.11146689911186695,0.07734108408540487,12.0,0.20833333333333334,32,False
env,tune,tail_b8.0_mu1.0_c1.0,B,50,50,1467000,16,1,500,0.18622408725135028,0.0060080859494886455,0.08582552292943,0.10039856432192028,16.0,0.2916666666666667,32,False
env,tune,tail_b8.0_mu1.0_c1.0,B,50,50,1467000,24,1,500,0.17860089704021812,0.00590945791317724,0.05088938561081886,0.12771151142939924,24.0,0.45833333333333326,32,False
env,tune,tail_b8.0_mu1.0_c1.0,B,50,50,1467000,32,1,500,0.173726330505684,0.0057837601046211344,0.031892262935638425,0.1418340675700456,32.0,0.625,32,True
env,tune,tail_b8.0_mu1.0_c1.0,B,50,50,1467000,48,1,500,0.20119505603983998,0.006285578078279504,0.0027757630348205567,0.19841929300501943,48.0,0.9583333333333335,32,False
env,tune,tail_b8.0_mu1.0_c1.0,B,100,100,1470000,2,1,500,0.31392749326262853,0.0057148042029528615,0.30952913900045675,0.004398354262171779,2.0,0.0,32,False
env,tune,tail_b8.0_mu1.0_c1.0,B,100,100,1470000,4,1,500,0.26258593044243755,0.005668114062187413,0.2510452382825315,0.01154069215990603,4.0,0.02040816326530612,32,False
env,tune,tail_b8.0_mu1.0_c1.0,B,100,100,1470000,8,1,500,0.21601820798404514,0.005698758472080447,0.19152235443890095,0.0244958535451442,8.0,0.06122448979591836,32,False
env,tune,tail_b8.0_mu1.0_c1.0,B,100,100,1470000,12,1,500,0.20435787301883102,0.005758745424264622,0.15942886842787266,0.04492900459095836,12.0,0.1020408163265306,32,False
env,tune,tail_b8.0_mu1.0_c1.0,B,100,100,1470000,16,1,500,0.18379819336906075,0.005735061316594323,0.13135201054811477,0.05244618282094598,16.0,0.1428571428571428,32,False
env,tune,tail_b8.0_mu1.0_c1.0,B,100,100,1470000,24,1,500,0.17312061404436827,0.005610460865234044,0.09916251182556152,0.07395810221880675,24.0,0.22448979591836735,32,False
env,tune,tail_b8.0_mu1.0_c1.0,B,100,100,1470000,32,1,500,0.17231608122214676,0.006072370362112762,0.07555496019124985,0.0967611210308969,32.0,0.3061224489795919,32,True
env,tune,tail_b8.0_mu1.0_c1.0,B,100,100,1470000,48,1,500,0.1916348398607224,0.006004183344240252,0.04946597158908844,0.14216886827163397,48.0,0.4693877551020407,32,False
env,tune,tail_b8.0_mu1.0_c1.0,B,100,100,1470000,64,1,500,0.18252337429858745,0.005951034872867952,0.02853379601240158,0.15398957828618587,64.0,0.6326530612244898,32,False
env,tune,tail_b8.0_mu1.0_c1.0,B,100,100,1470000,96,1,500,0.23035775492805988,0.005927670405705875,0.0036291338205337526,0.22672862110752612,96.0,0.959183673469388,32,False
env,tune,tail_b8.0_mu1.0_c1.0,B,200,200,1473000,2,1,500,0.352320223165676,0.005666648761210838,0.3499068505261093,0.00241337263956666,2.0,0.0,48,False
env,tune,tail_b8.0_mu1.0_c1.0,B,200,200,1473000,4,1,500,0.30504977297224106,0.005843766656667542,0.2976691778078675,0.007380595164373517,4.0,0.0101010101010101,48,False
env,tune,tail_b8.0_mu1.0_c1.0,B,200,200,1473000,8,1,500,0.25617496180161836,0.005666560188123693,0.24093107432126998,0.015243887480348349,8.0,0.030303030303030293,48,False
env,tune,tail_b8.0_mu1.0_c1.0,B,200,200,1473000,12,1,500,0.22837219864875077,0.005556824947116714,0.20482654774188996,0.023545650906860827,12.0,0.050505050505050504,48,False
env,tune,tail_b8.0_mu1.0_c1.0,B,200,200,1473000,16,1,500,0.20444303397834301,0.005594355322343568,0.17565781772136688,0.028785216256976127,16.0,0.07070707070707072,48,False
env,tune,tail_b8.0_mu1.0_c1.0,B,200,200,1473000,24,1,500,0.1816152675449848,0.005612226058811799,0.14300304347276688,0.03861222407221794,24.0,0.11111111111111115,48,False
env,tune,tail_b8.0_mu1.0_c1.0,B,200,200,1473000,32,1,500,0.17571734894812108,0.005776713605751015,0.11939201009273528,0.05632533885538578,32.0,0.15151515151515152,48,False
env,tune,tail_b8.0_mu1.0_c1.0,B,200,200,1473000,48,1,500,0.16914117266237735,0.005845812410865777,0.09095954787731171,0.07818162478506566,48.0,0.23232323232323226,48,True
env,tune,tail_b8.0_mu1.0_c1.0,B,200,200,1473000,64,1,500,0.17642998619750141,0.005930866251577676,0.0753083404302597,0.10112164576724171,64.0,0.31313131313131315,48,False
env,tune,tail_b8.0_mu1.0_c1.0,B,200,200,1473000,96,1,500,0.2029649813696742,0.006307072137523367,0.04790948325395584,0.15505549811571837,96.0,0.4747474747474748,48,False
env,tune,tail_b8.0_mu1.0_c1.0,B,200,200,1473000,128,1,500,0.18811357809603213,0.006360777748024483,0.028936946153640748,0.1591766319423914,128.0,0.6363636363636365,48,False
env,tune,tail_b8.0_mu1.0_c1.0,B,200,200,1473000,192,1,500,0.25834622949175534,0.0063745556109998935,0.0023595343828201293,0.25598669510893524,192.0,0.9595959595959597,48,False
env,tune,tail_b8.0_mu1.0_c1.0,B,500,500,1476000,2,1,500,0.404628880225122,0.005488502017786542,0.403708605482243,0.0009202747428789735,2.0,0.0,96,False
env,tune,tail_b8.0_mu1.0_c1.0,B,500,500,1476000,4,1,500,0.34592283304035665,0.005437807362329641,0.3435936111845076,0.0023292218558490277,4.0,0.004016064257028113,96,False
env,tune,tail_b8.0_mu1.0_c1.0,B,500,500,1476000,8,1,500,0.29307972022891043,0.005489367859213919,0.28717992746829984,0.005899792760610581,8.0,0.01204819277108434,96,False
env,tune,tail_b8.0_mu1.0_c1.0,B,500,500,1476000,12,1,500,0.26123218034207824,0.0054364725126614085,0.2534919590801001,0.0077402212619781495,12.0,0.020080321285140566,96,False
env,tune,tail_b8.0_mu1.0_c1.0,B,500,500,1476000,16,1,500,0.24334738545119763,0.005358391770552188,0.23292781427502632,0.010419571176171302,16.0,0.02811244979919679,96,False
env,tune,tail_b8.0_mu1.0_c1.0,B,500,500,1476000,24,1,500,0.21955324929952622,0.0051604035652500525,0.20370203280448915,0.01585121649503708,24.0,0.04417670682730924,96,False
env,tune,tail_b8.0_mu1.0_c1.0,B,500,500,1476000,32,1,500,0.20382655315101147,0.005190649381396465,0.1819440253674984,0.02188252778351307,32.0,0.060240963855421666,96,False
env,tune,tail_b8.0_mu1.0_c1.0,B,500,500,1476000,48,1,500,0.18262105755507946,0.0054029404389071955,0.14947124978899956,0.033149807766079904,48.0,0.09236947791164661,96,False
env,tune,tail_b8.0_mu1.0_c1.0,B,500,500,1476000,64,1,500,0.1699822897911072,0.00540286821492569,0.1259074584841728,0.044074831306934355,64.0,0.12449799196787148,96,False
env,tune,tail_b8.0_mu1.0_c1.0,B,500,500,1476000,96,1,500,0.15986049595475196,0.005343750499342615,0.09753747284412384,0.06232302311062813,96.0,0.1887550200803213,96,True
env,tune,tail_b8.0_mu1.0_c1.0,B,500,500,1476000,128,1,500,0.1642682641223073,0.005594322897931868,0.07968401217460633,0.08458425194770097,128.0,0.25301204819277107,96,False
env,tune,tail_b8.0_mu1.0_c1.0,B,500,500,1476000,192,1,500,0.17241453815996646,0.005906086654938938,0.055658122122287754,0.11675641603767872,192.0,0.38152610441767076,96,False
env,tune,tail_b8.0_mu1.0_c1.0,B,500,500,1476000,256,1,500,0.19567200838029383,0.006125804456495744,0.04130981642007828,0.15436219196021556,256.0,0.5100401606425703,96,False
env,tune,tail_b8.0_mu1.0_c1.0,B,500,500,1476000,400,1,500,0.18833089420944452,0.006077710492565309,0.014436039090156555,0.17389485511928796,400.0,0.7991967871485943,96,False
env,tune,tail_b8.0_mu1.0_c1.0,B,1000,1000,1479000,2,1,500,0.44426455760002137,0.005266552624337612,0.44388654463738203,0.0003780129626393318,2.0,0.0,192,False
env,tune,tail_b8.0_mu1.0_c1.0,B,1000,1000,1479000,4,1,500,0.38556714869104325,0.005533994426509572,0.38481222251057623,0.0007549261804670096,4.0,0.0020040080160320635,192,False
env,tune,tail_b8.0_mu1.0_c1.0,B,1000,1000,1479000,8,1,500,0.3247924316599965,0.005485712002578106,0.32281007402390244,0.0019823576360940933,8.0,0.006012024048096194,192,False
env,tune,tail_b8.0_mu1.0_c1.0,B,1000,1000,1479000,12,1,500,0.29195873932540417,0.0052853715701603,0.2900253528952599,0.00193338643014431,12.0,0.010020040080160319,192,False
env,tune,tail_b8.0_mu1.0_c1.0,B,1000,1000,1479000,16,1,500,0.26983388382196427,0.005303938130794573,0.2664360669404268,0.0033978168815374373,16.0,0.014028056112224454,192,False
env,tune,tail_b8.0_mu1.0_c1.0,B,1000,1000,1479000,24,1,500,0.2418607342839241,0.005187478587953877,0.23609642323851585,0.005764311045408249,24.0,0.02204408817635271,192,False
env,tune,tail_b8.0_mu1.0_c1.0,B,1000,1000,1479000,32,1,500,0.2203720659017563,0.005137882297969151,0.21284252601861953,0.0075295398831367495,32.0,0.030060120240480957,192,False
env,tune,tail_b8.0_mu1.0_c1.0,B,1000,1000,1479000,48,1,500,0.19335905319452285,0.005003770718480666,0.1822496102154255,0.011109442979097366,48.0,0.04609218436873748,192,False
env,tune,tail_b8.0_mu1.0_c1.0,B,1000,1000,1479000,64,1,500,0.1804560324549675,0.005014447444341211,0.1636166780591011,0.016839354395866393,64.0,0.062124248496993974,192,False
env,tune,tail_b8.0_mu1.0_c1.0,B,1000,1000,1479000,96,1,500,0.16159910660982132,0.0051109333847207256,0.13643271708488464,0.025166389524936675,96.0,0.09418837675350701,192,False
env,tune,tail_b8.0_mu1.0_c1.0,B,1000,1000,1479000,128,1,500,0.15431387448310852,0.005074130794889548,0.11696642035245895,0.03734745413064957,128.0,0.12625250501002006,192,False
env,tune,tail_b8.0_mu1.0_c1.0,B,1000,1000,1479000,192,1,500,0.14665126168727874,0.005088368475235296,0.09139676588773728,0.055254495799541475,192.0,0.19038076152304614,192,True
env,tune,tail_b8.0_mu1.0_c1.0,B,1000,1000,1479000,256,1,500,0.1542013860940933,0.0053465494048499825,0.0728654951453209,0.08133589094877243,256.0,0.2545090180360722,192,False
env,tune,tail_b8.0_mu1.0_c1.0,B,1000,1000,1479000,400,1,500,0.1736907194852829,0.005789880561529095,0.04998121434450149,0.1237095051407814,400.0,0.39879759519038066,192,False
env,tune,tail_b8.0_mu1.0_c2.0,B,50,50,1482000,2,1,500,0.2572215993255377,0.005743382707827747,0.245197174847126,0.012024424478411674,2.0,0.0,32,False
env,tune,tail_b8.0_mu1.0_c2.0,B,50,50,1482000,4,1,500,0.22737447991967202,0.0056934423126202525,0.19436604976654054,0.033008430153131485,4.0,0.04166666666666666,32,False
env,tune,tail_b8.0_mu1.0_c2.0,B,50,50,1482000,8,1,500,0.20224319896101953,0.005753922029163273,0.14063520750403405,0.06160799145698547,8.0,0.125,32,False
env,tune,tail_b8.0_mu1.0_c2.0,B,50,50,1482000,12,1,500,0.19371922813355924,0.005636734045279008,0.10921355909109115,0.08450566904246808,12.0,0.20833333333333334,32,False
env,tune,tail_b8.0_mu1.0_c2.0,B,50,50,1482000,16,1,500,0.18052404356002807,0.005672155557135716,0.08214835032820701,0.09837569323182106,16.0,0.2916666666666667,32,False
env,tune,tail_b8.0_mu1.0_c2.0,B,50,50,1482000,24,1,500,0.18811792358756066,0.0056248142788352384,0.05150149074196816,0.1366164328455925,24.0,0.45833333333333326,32,False
env,tune,tail_b8.0_mu1.0_c2.0,B,50,50,1482000,32,1,500,0.1781731455773115,0.005564636464438502,0.030351461350917815,0.1478216842263937,32.0,0.625,32,True
env,tune,tail_b8.0_mu1.0_c2.0,B,50,50,1482000,48,1,500,0.22183227194845676,0.005722179818079182,0.002451866328716278,0.21938040561974048,48.0,0.9583333333333335,32,False
env,tune,tail_b8.0_mu1.0_c2.0,B,100,100,1485000,2,1,500,0.2876232896745205,0.005459770278900844,0.28005912517011167,0.007564164504408837,2.0,0.0,64,False
env,tune,tail_b8.0_mu1.0_c2.0,B,100,100,1485000,4,1,500,0.24543769863247872,0.005663375729411443,0.22487204858660698,0.020565650045871735,4.0,0.02040816326530612,64,False
env,tune,tail_b8.0_mu1.0_c2.0,B,100,100,1485000,8,1,500,0.20843728835880757,0.005730404226007166,0.17098703530430795,0.03745025305449962,8.0,0.06122448979591836,64,False
env,tune,tail_b8.0_mu1.0_c2.0,B,100,100,1485000,12,1,500,0.1972689506113529,0.005724817245404743,0.13953590965270996,0.05773304095864296,12.0,0.1020408163265306,64,False
env,tune,tail_b8.0_mu1.0_c2.0,B,100,100,1485000,16,1,500,0.19338560985028744,0.005723160901955556,0.12024626436829566,0.07313934548199177,16.0,0.1428571428571428,64,False
env,tune,tail_b8.0_mu1.0_c2.0,B,100,100,1485000,24,1,500,0.1972487322986126,0.00600110823163153,0.09239846473932266,0.10485026755928993,24.0,0.22448979591836735,64,False
env,tune,tail_b8.0_mu1.0_c2.0,B,100,100,1485000,32,1,500,0.19171784672141076,0.0057628055102076975,0.07123119401931763,0.12048665270209312,32.0,0.3061224489795919,64,False
env,tune,tail_b8.0_mu1.0_c2.0,B,100,100,1485000,48,1,500,0.19374180683493614,0.006025011226747675,0.04624334591627121,0.14749846091866492,48.0,0.4693877551020407,64,False
env,tune,tail_b8.0_mu1.0_c2.0,B,100,100,1485000,64,1,500,0.18733685201406478,0.00575782283089928,0.02916651612520218,0.15817033588886262,64.0,0.6326530612244898,64,True
env,tune,tail_b8.0_mu1.0_c2.0,B,100,100,1485000,96,1,500,0.24696793134510517,0.005915141587297755,0.002472197651863098,0.24449573369324207,96.0,0.959183673469388,64,False
env,tune,tail_b8.0_mu1.0_c2.0,B,200,200,1488000,2,1,500,0.3252423818558455,0.00540406452389158,0.32262750346958635,0.002614878386259079,2.0,0.0,32,False
env,tune,tail_b8.0_mu1.0_c2.0,B,200,200,1488000,4,1,500,0.27313670997321604,0.005411728329483455,0.2656005591601133,0.0075361508131027224,4.0,0.0101010101010101,32,False
env,tune,tail_b8.0_mu1.0_c2.0,B,200,200,1488000,8,1,500,0.23335615703463555,0.005675951516503071,0.2140185206234455,0.019337636411190032,8.0,0.030303030303030293,32,False
env,tune,tail_b8.0_mu1.0_c2.0,B,200,200,1488000,12,1,500,0.21648347184062003,0.005407004822143061,0.18536931401491166,0.03111415782570839,12.0,0.050505050505050504,32,False
env,tune,tail_b8.0_mu1.0_c2.0,B,200,200,1488000,16,1,500,0.20267786148190498,0.005520398901225407,0.1636456716954708,0.03903218978643418,16.0,0.07070707070707072,32,False
env,tune,tail_b8.0_mu1.0_c2.0,B,200,200,1488000,24,1,500,0.1865188828855753,0.005480767769655964,0.13467529717087745,0.05184358571469784,24.0,0.11111111111111115,32,False
env,tune,tail_b8.0_mu1.0_c2.0,B,200,200,1488000,32,1,500,0.17891775420308112,0.005671106612031199,0.11261118495464326,0.06630656924843788,32.0,0.15151515151515152,32,True
env,tune,tail_b8.0_mu1.0_c2.0,B,200,200,1488000,48,1,500,0.18383706831932067,0.005977977287101011,0.08618018728494645,0.09765688103437424,48.0,0.23232323232323226,32,False
env,tune,tail_b8.0_mu1.0_c2.0,B,200,200,1488000,64,1,500,0.18370711143314838,0.006009846961920003,0.06564405024051666,0.11806306119263173,64.0,0.31313131313131315,32,False
env,tune,tail_b8.0_mu1.0_c2.0,B,200,200,1488000,96,1,500,0.19455617758631708,0.005994760344518362,0.03986599230766296,0.1546901852786541,96.0,0.4747474747474748,32,False
env,tune,tail_b8.0_mu1.0_c2.0,B,200,200,1488000,128,1,500,0.18916759338974953,0.005999961926488353,0.025515384554862977,0.16365220883488654,128.0,0.6363636363636365,32,False
env,tune,tail_b8.0_mu1.0_c2.0,B,200,200,1488000,192,1,500,0.27148884142935276,0.005957916643321775,0.003042799115180969,0.2684460423141718,192.0,0.9595959595959597,32,False
env,tune,tail_b8.0_mu1.0_c2.0,B,500,500,1491000,2,1,500,0.37409311428666114,0.005299129509529829,0.37186784149706364,0.0022252727895975114,2.0,0.0,64,False
env,tune,tail_b8.0_mu1.0_c2.0,B,500,500,1491000,4,1,500,0.3234248592555523,0.005219713108691721,0.31917642733454704,0.004248431921005249,4.0,0.004016064257028113,64,False
env,tune,tail_b8.0_mu1.0_c2.0,B,500,500,1491000,8,1,500,0.27486348943412303,0.004949930461256031,0.2684586852788925,0.006404804155230522,8.0,0.01204819277108434,64,False
env,tune,tail_b8.0_mu1.0_c2.0,B,500,500,1491000,12,1,500,0.2499831343591213,0.0048860651140981955,0.23898131090402602,0.01100182345509529,12.0,0.020080321285140566,64,False
env,tune,tail_b8.0_mu1.0_c2.0,B,500,500,1491000,16,1,500,0.23322655147314073,0.0048735082463423314,0.2181206319630146,0.015105919510126114,16.0,0.02811244979919679,64,False
env,tune,tail_b8.0_mu1.0_c2.0,B,500,500,1491000,24,1,500,0.20130846583843232,0.004777470235087835,0.18241579616069795,0.018892669677734376,24.0,0.04417670682730924,64,False
env,tune,tail_b8.0_mu1.0_c2.0,B,500,500,1491000,32,1,500,0.19072490587830543,0.004935891845394331,0.1642989986538887,0.026425907224416734,32.0,0.060240963855421666,64,False
env,tune,tail_b8.0_mu1.0_c2.0,B,500,500,1491000,48,1,500,0.1695497329235077,0.004875150510436621,0.1355476947426796,0.034002038180828094,48.0,0.09236947791164661,64,False
env,tune,tail_b8.0_mu1.0_c2.0,B,500,500,1491000,64,1,500,0.16776391625404358,0.005059964015661584,0.11948432177305221,0.04827959448099137,64.0,0.12449799196787148,64,True
env,tune,tail_b8.0_mu1.0_c2.0,B,500,500,1491000,96,1,500,0.17124944922327995,0.005301167738324498,0.09473972296714783,0.07650972625613213,96.0,0.1887550200803213,64,False
env,tune,tail_b8.0_mu1.0_c2.0,B,500,500,1491000,128,1,500,0.17042949463427068,0.005414411280907094,0.07696781492233276,0.0934616797119379,128.0,0.25301204819277107,64,False
env,tune,tail_b8.0_mu1.0_c2.0,B,500,500,1491000,192,1,500,0.17553840905427934,0.005559545727452055,0.05130762934684754,0.1242307797074318,192.0,0.38152610441767076,64,False
env,tune,tail_b8.0_mu1.0_c2.0,B,500,500,1491000,256,1,500,0.18587286485731602,0.005668898170866899,0.03339928948879242,0.1524735753685236,256.0,0.5100401606425703,64,False
env,tune,tail_b8.0_mu1.0_c2.0,B,500,500,1491000,400,1,500,0.20359299576282502,0.006151806014743125,0.011602877497673034,0.19199011826515197,400.0,0.7991967871485943,64,False
env,tune,tail_b8.0_mu1.0_c2.0,B,1000,1000,1494000,2,1,500,0.4167146898061037,0.004824618984254579,0.4151831161975861,0.0015315736085176467,2.0,0.0,192,False
env,tune,tail_b8.0_mu1.0_c2.0,B,1000,1000,1494000,4,1,500,0.36318536177277566,0.004974984660776645,0.36106032273173333,0.002125039041042328,4.0,0.0020040080160320635,192,False
env,tune,tail_b8.0_mu1.0_c2.0,B,1000,1000,1494000,8,1,500,0.3059754928648472,0.004872750832036669,0.3020192981362343,0.0039561947286129,8.0,0.006012024048096194,192,False
env,tune,tail_b8.0_mu1.0_c2.0,B,1000,1000,1494000,12,1,500,0.2742844371199608,0.004764479333012688,0.26935732692480086,0.004927110195159912,12.0,0.010020040080160319,192,False
env,tune,tail_b8.0_mu1.0_c2.0,B,1000,1000,1494000,16,1,500,0.25184638711810114,0.004681820619361597,0.24650789976119994,0.005338487356901169,16.0,0.014028056112224454,192,False
env,tune,tail_b8.0_mu1.0_c2.0,B,1000,1000,1494000,24,1,500,0.22315482616424562,0.004500081958313307,0.2158546841740608,0.007300141990184784,24.0,0.02204408817635271,192,False
env,tune,tail_b8.0_mu1.0_c2.0,B,1000,1000,1494000,32,1,500,0.20959432977437972,0.004519907462750151,0.1999743593931198,0.009619970381259918,32.0,0.030060120240480957,192,False
env,tune,tail_b8.0_mu1.0_c2.0,B,1000,1000,1494000,48,1,500,0.19287972378730775,0.004823133461974972,0.17505210185050965,0.017827621936798096,48.0,0.04609218436873748,192,False
env,tune,tail_b8.0_mu1.0_c2.0,B,1000,1000,1494000,64,1,500,0.17837124460935594,0.004678941504080183,0.1586910963654518,0.019680148243904114,64.0,0.062124248496993974,192,False
env,tune,tail_b8.0_mu1.0_c2.0,B,1000,1000,1494000,96,1,500,0.1662235067486763,0.004896647895126376,0.1306907085776329,0.0355327981710434,96.0,0.09418837675350701,192,False
env,tune,tail_b8.0_mu1.0_c2.0,B,1000,1000,1494000,128,1,500,0.1598514186143875,0.0049376471683610325,0.11187737435102463,0.04797404426336289,128.0,0.12625250501002006,192,False
env,tune,tail_b8.0_mu1.0_c2.0,B,1000,1000,1494000,192,1,500,0.15749324652552604,0.005086616862446424,0.08626494926214218,0.07122829726338387,192.0,0.19038076152304614,192,True
env,tune,tail_b8.0_mu1.0_c2.0,B,1000,1000,1494000,256,1,500,0.16303011605143547,0.00509126278751828,0.07082001876831055,0.09221009728312492,256.0,0.2545090180360722,192,False
env,tune,tail_b8.0_mu1.0_c2.0,B,1000,1000,1494000,400,1,500,0.19830313658714294,0.00582581268628523,0.04636738806962967,0.15193574851751326,400.0,0.39879759519038066,192,False
pooled,tune,all,all,50,50,-1,2,33,16500,0.26565432805039074,0.0013206897633791302,0.2560105836954502,0.009643744354940496,2.0,0.0,24,False
pooled,tune,all,all,50,50,-1,4,33,16500,0.1962348992801986,0.0011424948447975585,0.173329053232277,0.02290584604792164,4.0,0.04166666666666666,24,False
pooled,tune,all,all,50,50,-1,8,33,16500,0.15097732621873022,0.001012626095502583,0.10826643744856118,0.04271088877016904,8.0,0.125,24,False
pooled,tune,all,all,50,50,-1,12,33,16500,0.13500758949359595,0.0009597568833325491,0.0770761507471854,0.05793143874641057,12.0,0.20833333333333334,24,False
pooled,tune,all,all,50,50,-1,16,33,16500,0.12870728191826494,0.0009461364027403931,0.05820917084948583,0.07049811106877908,16.0,0.2916666666666667,24,False
pooled,tune,all,all,50,50,-1,24,33,16500,0.12685541802424596,0.0009469906041578944,0.03409355303283893,0.09276186499140704,24.0,0.45833333333333326,24,True
pooled,tune,all,all,50,50,-1,32,33,16500,0.13518758956540491,0.0009725540398364456,0.019338623027909885,0.11584896653749502,32.0,0.625,24,False
pooled,tune,all,all,50,50,-1,48,33,16500,0.21710399611280864,0.0012363762650789561,0.0017236350413524745,0.2153803610714562,48.0,0.9583333333333335,24,False
pooled,tune,all,all,100,100,-1,2,33,16500,0.285091876243922,0.001306516005594227,0.27995382788757595,0.005138048356346024,2.0,0.0,32,False
pooled,tune,all,all,100,100,-1,4,33,16500,0.20896269512958612,0.0010833453234734291,0.19609730560270447,0.012865389526881642,4.0,0.02040816326530612,32,False
pooled,tune,all,all,100,100,-1,8,33,16500,0.15422633517454518,0.0009343918213785281,0.13107462291600125,0.02315171225854393,8.0,0.06122448979591836,32,False
pooled,tune,all,all,100,100,-1,12,33,16500,0.13434208331250228,0.0008843687524368098,0.10094136441973123,0.03340071889277104,12.0,0.1020408163265306,32,False
pooled,tune,all,all,100,100,-1,16,33,16500,0.1229251542816108,0.0008564802561452558,0.08193624405021017,0.04098891023140062,16.0,0.1428571428571428,32,False
pooled,tune,all,all,100,100,-1,24,33,16500,0.11210625064429461,0.0008293914872466802,0.05839069459293828,0.05371555605135633,24.0,0.22448979591836735,32,False
pooled,tune,all,all,100,100,-1,32,33,16500,0.11010319226714924,0.0008338498367763597,0.043753343032165,0.06634984923498423,32.0,0.3061224489795919,32,True
pooled,tune,all,all,100,100,-1,48,33,16500,0.11528052490808521,0.000858414625183994,0.025988927737329946,0.08929159717075526,48.0,0.4693877551020407,32,False
pooled,tune,all,all,100,100,-1,64,33,16500,0.12297433239503791,0.0008908846528520156,0.014861034029360976,0.10811329836567694,64.0,0.6326530612244898,32,False
pooled,tune,all,all,100,100,-1,96,33,16500,0.2159579618966602,0.001195830185043599,0.0015013529062271119,0.21445660899043306,96.0,0.959183673469388,32,False
pooled,tune,all,all,200,200,-1,2,33,16500,0.301504595602899,0.0012927124626715065,0.298594042981478,0.0029105526214209957,2.0,0.0,48,False
pooled,tune,all,all,200,200,-1,4,33,16500,0.22370794636540284,0.0010621337194444802,0.21671738155634904,0.006990564809053798,4.0,0.0101010101010101,48,False
pooled,tune,all,all,200,200,-1,8,33,16500,0.1637518222354578,0.0008883804163488046,0.15126644966390096,0.012485372571556857,8.0,0.030303030303030293,48,False
pooled,tune,all,all,200,200,-1,12,33,16500,0.1379786794397867,0.0008252272114599533,0.12082605447462112,0.017152624965165602,12.0,0.050505050505050504,48,False
pooled,tune,all,all,200,200,-1,16,33,16500,0.12244138480993834,0.000787892295319705,0.10134817478738048,0.021093210022557866,16.0,0.07070707070707072,48,False
pooled,tune,all,all,200,200,-1,24,33,16500,0.10517358699610287,0.0007300875697207302,0.07770192729704309,0.027471659699059795,24.0,0.11111111111111115,48,False
pooled,tune,all,all,200,200,-1,32,33,16500,0.09753888211433182,0.0007159211472906429,0.06272615323012526,0.03481272888420658,32.0,0.15151515151515152,48,False
pooled,tune,all,all,200,200,-1,48,33,16500,0.09217965031392647,0.0007144612829102042,0.04453152508356355,0.04764812523036292,48.0,0.23232323232323226,48,True
pooled,tune,all,all,200,200,-1,64,33,16500,0.09319896982339296,0.0007246090330732188,0.03394531991355347,0.05925364990983948,64.0,0.31313131313131315,48,False
pooled,tune,all,all,200,200,-1,96,33,16500,0.09912276823073625,0.0007595488350444266,0.020236492030548326,0.07888627620018794,96.0,0.4747474747474748,48,False
pooled,tune,all,all,200,200,-1,128,33,16500,0.10637864741987804,0.0007938024067871766,0.011638700824795348,0.09473994659508268,128.0,0.6363636363636365,48,False
pooled,tune,all,all,200,200,-1,192,33,16500,0.2062290777632346,0.0011156994993545047,0.0010035356030319677,0.20522554216020264,192.0,0.9595959595959597,48,False
pooled,tune,all,all,500,500,-1,2,33,16500,0.32271912081847987,0.0012698207711065001,0.3214703819031146,0.0012487389153652518,2.0,0.0,128,False
pooled,tune,all,all,500,500,-1,4,33,16500,0.2395897993146244,0.0010328593171566988,0.23666063055221104,0.00292916876241339,4.0,0.004016064257028113,128,False
pooled,tune,all,all,500,500,-1,8,33,16500,0.17618898970024152,0.0008493871399536642,0.17102872036600655,0.005160269334234975,8.0,0.01204819277108434,128,False
pooled,tune,all,all,500,500,-1,12,33,16500,0.1471004075342507,0.0007602719155535573,0.1401381574950435,0.006962250039207212,12.0,0.020080321285140566,128,False
pooled,tune,all,all,500,500,-1,16,33,16500,0.12993097460473124,0.0007104114427739151,0.12145293936630089,0.008478035238430354,16.0,0.02811244979919679,128,False
pooled,tune,all,all,500,500,-1,24,33,16500,0.10924175213977243,0.0006499707567727669,0.09835066277149952,0.010891089368272912,24.0,0.04417670682730924,128,False
pooled,tune,all,all,500,500,-1,32,33,16500,0.09717084289838872,0.0006160289979547499,0.08360041172847603,0.01357043116991267,32.0,0.060240963855421666,128,False
pooled,tune,all,all,500,500,-1,48,33,16500,0.08385016795315525,0.0005792106340171946,0.06546834004376874,0.01838182790938652,48.0,0.09236947791164661,128,False
pooled,tune,all,all,500,500,-1,64,33,16500,0.07749752525804622,0.0005677277363981596,0.054158461305228146,0.02333906395281806,64.0,0.12449799196787148,128,False
pooled,tune,all,all,500,500,-1,96,33,16500,0.07278920646802042,0.0005609333228727313,0.040113895897612425,0.032675310570408,96.0,0.1887550200803213,128,False
pooled,tune,all,all,500,500,-1,128,33,16500,0.07181410918000973,0.0005694196110614571,0.03145958758845474,0.04035452159155498,128.0,0.25301204819277107,128,True
pooled,tune,all,all,500,500,-1,192,33,16500,0.0759637744993423,0.0005986059017595846,0.02087522052454226,0.05508855397480003,192.0,0.38152610441767076,128,False
pooled,tune,all,all,500,500,-1,256,33,16500,0.08279303875136557,0.0006298170544926969,0.013867396165024153,0.0689256425863414,256.0,0.5100401606425703,128,False
pooled,tune,all,all,500,500,-1,400,33,16500,0.10706866262424174,0.0007575325539615838,0.0043046463619578965,0.10276401626228383,400.0,0.7991967871485943,128,False
pooled,tune,all,all,1000,1000,-1,2,33,16500,0.3324230649297586,0.0012651381249245007,0.3317672198225826,0.0006558451071759918,2.0,0.0,192,False
pooled,tune,all,all,1000,1000,-1,4,33,16500,0.2489096326890797,0.0010180031045530658,0.24744674810933678,0.0014628845797428354,4.0,0.0020040080160320635,192,False
pooled,tune,all,all,1000,1000,-1,8,33,16500,0.1856143411966887,0.000832649667494528,0.18291301922387246,0.0027013219728162794,8.0,0.006012024048096194,192,False
pooled,tune,all,all,1000,1000,-1,12,33,16500,0.1554086611257358,0.0007422593137451147,0.1518486824685877,0.003559978657148101,12.0,0.010020040080160319,192,False
pooled,tune,all,all,1000,1000,-1,16,33,16500,0.13717029053334032,0.0006875333685391447,0.13295993009029014,0.004210360443050211,16.0,0.014028056112224454,192,False
pooled,tune,all,all,1000,1000,-1,24,33,16500,0.11508940102430906,0.0006215570669394002,0.10968075162127164,0.005408649403037446,24.0,0.02204408817635271,192,False
pooled,tune,all,all,1000,1000,-1,32,33,16500,0.10152362783478969,0.0005805577316474135,0.0950118038311149,0.006511824003674767,32.0,0.030060120240480957,192,False
pooled,tune,all,all,1000,1000,-1,48,33,16500,0.08530459270919814,0.0005283196294427567,0.07692016419226473,0.008384428516933412,48.0,0.04609218436873748,192,False
pooled,tune,all,all,1000,1000,-1,64,33,16500,0.0760629688036261,0.0004929278911431754,0.06611882722919638,0.009944141574429743,64.0,0.06212424849699398,192,False
pooled,tune,all,all,1000,1000,-1,96,33,16500,0.06649939757856456,0.00047416065859425563,0.05235333905978636,0.014146058518778194,96.0,0.09418837675350701,192,False
pooled,tune,all,all,1000,1000,-1,128,33,16500,0.06280367159391895,0.00046815180268992764,0.04387447706858316,0.018929194525335775,128.0,0.12625250501002006,192,False
pooled,tune,all,all,1000,1000,-1,192,33,16500,0.06046368594151554,0.00048383849055192476,0.032778338031335306,0.027685347910180236,192.0,0.19038076152304614,192,True
pooled,tune,all,all,1000,1000,-1,256,33,16500,0.061646368751471683,0.000494899598580197,0.025952083999460397,0.0356942847520113,256.0,0.2545090180360722,192,False
pooled,tune,all,all,1000,1000,-1,400,33,16500,0.06811158613905761,0.0005431719107807469,0.016621920294833906,0.051489665844223716,400.0,0.39879759519038066,192,False
