test,recommender,level,family,horizon,cell,env_id,cap,base_seed,policy,group,stratum_empty_common_support,n_cells,n_envs,n_episodes,n_cells_policy,common_support,params_tuned,regret,regret_lo,regret_hi,regret_se,q,regret_disc,regret_sel,k_final,search_frac,n_rec,n_singletons_final,herfindahl,n_eliminated_final,n_demoted,t_cap_hit_given_hit,mu_star,mu_star_cap,best_discovered,cap_hit_frac,d_regret_vs_cp0,d_regret_vs_cp0_lo,d_regret_vs_cp0_hi,d_regret_vs_cp0_se,d_regret_vs_cp0_win,d_regret_vs_cp0_n_cells,d_regret_vs_cp0_cluster_lo,d_regret_vs_cp0_cluster_hi,d_regret_vs_cp0_cluster_se,d_regret_vs_cp0_cluster_p,d_regret_vs_cp0_cluster_p_sign,d_regret_vs_cp0_cluster_boot_t_lo,d_regret_vs_cp0_cluster_boot_t_hi,d_regret_vs_cp0_cluster_pct_lo,d_regret_vs_cp0_cluster_pct_hi,d_regret_vs_cp0_cluster_min_env,d_regret_vs_cp0_cluster_max_env,d_regret_vs_cp0_cluster_degenerate,d_regret_vs_cp0_cluster_method,d_regret_vs_cp0_ref_tuned,d_regret_vs_cp0_n_excluded_untuned,d_regret_vs_p3_star,d_regret_vs_p3_star_lo,d_regret_vs_p3_star_hi,d_regret_vs_p3_star_se,d_regret_vs_p3_star_win,d_regret_vs_p3_star_n_cells,d_regret_vs_p3_star_cluster_lo,d_regret_vs_p3_star_cluster_hi,d_regret_vs_p3_star_cluster_se,d_regret_vs_p3_star_cluster_p,d_regret_vs_p3_star_cluster_p_sign,d_regret_vs_p3_star_cluster_boot_t_lo,d_regret_vs_p3_star_cluster_boot_t_hi,d_regret_vs_p3_star_cluster_pct_lo,d_regret_vs_p3_star_cluster_pct_hi,d_regret_vs_p3_star_cluster_min_env,d_regret_vs_p3_star_cluster_max_env,d_regret_vs_p3_star_cluster_degenerate,d_regret_vs_p3_star_cluster_method,d_regret_vs_p3_star_ref_tuned,d_regret_vs_p3_star_n_excluded_untuned
D,posterior_mean_shrunk,family_horizon,A,200,,,all,,always_search,baseline,False,4,4,8000,4,True,True,0.12952401967626065,0.12708179058972746,0.13194122505374253,0.001230866316594812,0.6324634884307161,0.05312722467817366,0.07639679499808699,64.0,0.31313131313131315,13.7025,17.532375000000002,0.03162238750000001,0.002125,,64.0,0.7619875081069767,0.7088602834288031,0.7088602834288031,1.0,-0.04618839930160903,-0.049221402371767906,-0.04319270862033591,0.0015443458919053759,0.5995625,4,-0.138800712285008,0.04642391368178996,0.029100982106010052,0.2106694912742684,0.125,-2.56795982669865,0.007225953081972027,-0.10176070159580561,-0.010107459239661692,,,False,env_mean_t,True,0,0.0,0.0,0.0,0.0,0.5,4,0.0,0.0,0.0,1.0,1.0,0.0,0.0,0.0,0.0,,,False,env_mean_t,True,0
D,posterior_mean_shrunk,family_horizon,A,200,,,all,,cp0,reference,False,4,4,8000,4,True,True,0.17571241897786968,0.1732024135068059,0.17827880941331387,0.0013039567890032549,0.5862750891291071,0.1503674700120464,0.025344948965823278,13.9845,0.06052777777777775,37.791124999999994,0.4235,0.12620083125,0.323875,,,0.7619875081069767,0.7088602834288031,0.6116200380949304,0.0,0.0,0.0,0.0,0.0,0.5,4,0.0,0.0,0.0,1.0,1.0,0.0,0.0,0.0,0.0,,,False,env_mean_t,True,0,0.04618839930160903,0.04319270862033591,0.049221402371767906,0.0015443458919053759,0.4004375,4,-0.04642391368178996,0.138800712285008,0.029100982106010052,0.2106694912742684,0.125,-0.0072259530819720474,2.56795982669865,0.010107459239661692,0.10176070159580561,,,False,env_mean_t,True,0
D,posterior_mean_shrunk,family_horizon,A,200,,,all,,p3_star,reference,False,4,4,8000,4,True,True,0.12952401967626065,0.12708179058972746,0.13194122505374253,0.001230866316594812,0.6324634884307161,0.05312722467817366,0.07639679499808699,64.0,0.31313131313131315,13.7025,17.532375000000002,0.03162238750000001,0.002125,,70.0,0.7619875081069767,0.7088602834288031,0.7088602834288031,1.0,-0.04618839930160903,-0.049221402371767906,-0.04319270862033591,0.0015443458919053759,0.5995625,4,-0.138800712285008,0.04642391368178996,0.029100982106010052,0.2106694912742684,0.125,-2.56795982669865,0.0072259530819720474,-0.10176070159580561,-0.010107459239661692,,,False,env_mean_t,True,0,0.0,0.0,0.0,0.0,0.5,4,0.0,0.0,0.0,1.0,1.0,0.0,0.0,0.0,0.0,,,False,env_mean_t,True,0
D,posterior_mean_shrunk,family_horizon,A,200,,,all,,phi_k16,learned,False,4,4,8000,4,True,True,0.12921232543792577,0.12680440568365156,0.1316187048330903,0.0012188979140821152,0.632775182669051,0.0632658978048712,0.06594642763305456,47.76575,0.23114015151515155,19.75725,3.493,0.056069625000000005,0.002875,49.228750000000005,100.2221661841163,0.7619875081069767,0.7088602834288031,0.6987216103021056,0.515125,-0.046500093539943915,-0.049525669933063905,-0.04359768628200982,0.001493048050138588,0.602375,4,-0.1387990525782918,0.04579886549840398,0.02900251887521466,0.2071972467255657,0.125,-1.2331891839810467,0.007463618248544079,-0.10218016530107707,-0.010696965649724006,,,False,env_mean_t,True,0,-0.0003116942383348942,-0.001504479836376049,0.0008954445786002905,0.0006221090707373279,0.500375,4,-0.003640404083286537,0.003017015606616748,0.0010459594681692188,0.7851507594338853,0.75,-0.016418187408744525,0.0024083501444206313,-0.002340782627463341,0.0014395819790661334,,,False,env_mean_t,True,0
D,posterior_mean_shrunk,family_horizon,A,200,,,all,,phi_k16_clock,learned,False,4,4,8000,4,True,True,0.13160549276694655,0.12917534448206425,0.13409170743543655,0.00124011767699615,0.6303820153400302,0.0660726024042815,0.06553289036266506,50.0,0.24242424242424232,16.215625,9.74625,0.0393624625,0.032125,0.0,,0.7619875081069767,0.7088602834288031,0.6959149057026952,0.0,-0.04410692621092312,-0.04708915216615424,-0.04119890118017793,0.0014849135989665398,0.60325,4,-0.12622469620526372,0.0380108437834175,0.02580334815327544,0.18591733922921544,0.125,-1.3716215033229286,0.0027857119791394047,-0.09287757337931543,-0.011108999468386173,,,False,env_mean_t,True,0,0.002081473090685904,0.00010400467708677757,0.004035639001813251,0.0010058292334092056,0.5052500000000001,4,-0.009139214005512741,0.013302160186884548,0.003525805628698061,0.5964734671641445,0.875,-0.004481285915934583,0.058386526900914636,-0.0025385895017534495,0.008743766156025231,,,False,env_mean_t,True,0
D,posterior_mean_shrunk,family_horizon,A,200,,,all,,phi_k16_cs,learned,False,4,4,8000,4,True,True,0.12924707757961007,0.12682849778793753,0.13164737506303936,0.001219608293056262,0.6327404305273666,0.0632823476139456,0.06596472996566445,47.72425,0.23093055555555558,19.776374999999998,3.456125,0.05615982500000001,0.003,49.385999999999996,100.35470554132542,0.7619875081069767,0.7088602834288031,0.6987051604930311,0.514875,-0.04646534139825963,-0.049487194383982566,-0.04357066759839654,0.00149350198187293,0.6025,4,-0.13881228024029488,0.045881597443775624,0.029017595265854058,0.20763068497889975,0.125,-1.182433580748224,0.0075653290716087215,-0.10218204202037305,-0.01062746136635542,,,False,env_mean_t,True,0,-0.00027694209665060036,-0.0014694145376779482,0.0009313758526332093,0.0006232939804164611,0.5005,4,-0.0036956233132980926,0.003141739119996892,0.0010742306039764353,0.8132305503431464,0.75,-0.014615143437905667,0.0025653822740397546,-0.002346412785351276,0.0015494685620069506,,,False,env_mean_t,True,0
D,posterior_mean_shrunk,family_horizon,A,200,,,all,,phi_k16_noT1000,learned,False,4,4,8000,4,True,True,0.12772028048243375,0.12528669398743658,0.1301055936841294,0.0012158229652674297,0.6342672276245429,0.05856406181491912,0.06915621866751462,52.833,0.25673232323232326,17.546125,7.966500000000001,0.04693016875000001,0.002125,61.236999999999995,95.40339942252166,0.7619875081069767,0.7088602834288031,0.7034234462920577,0.6305,-0.04799213849543594,-0.05102181714610197,-0.04504765468882397,0.0015126588296944562,0.6095,4,-0.13827712819191446,0.042292851201042585,0.028369682010528006,0.18928688466138227,0.125,-1.2955594703836184,0.005294819971660078,-0.10283782739471645,-0.01371493762731552,,,False,env_mean_t,True,0,-0.0018037391938269137,-0.002760150875838008,-0.0008157913107424976,0.000497606857457156,0.506625,4,-0.006307722315782848,0.002700243928129021,0.0014152581661717666,0.29224820367666204,0.5,-0.008492647199925285,0.0007273327934770777,-0.004466238208115101,0.0,,,False,env_mean_t,True,0
D,posterior_mean_shrunk,family_horizon,A,200,,,all,,phi_k16_noT200,learned,False,4,4,8000,4,True,True,0.12813755444344135,0.1256988627370447,0.13052549960557372,0.0012155332743964042,0.6338499536635354,0.060343252690508956,0.06779430175293237,50.97625,0.24735479797979798,18.610875,6.728375,0.051611925,0.002125,57.76625,91.32939559983396,0.7619875081069767,0.7088602834288031,0.7016442554164678,0.601125,-0.04757486453442834,-0.05061637674807571,-0.04467395240208134,0.0015021361713339378,0.6062500000000001,4,-0.13837748750143714,0.04322775843258046,0.028532334643400672,0.1940257262970218,0.125,-3.665481204385817,0.005161852275861731,-0.10238386122416707,-0.012880389705300331,,,False,env_mean_t,True,0,-0.0013864652328193189,-0.002403106936253607,-0.00035839750926243175,0.0005298045282705695,0.50525,4,-0.004491333858062123,0.001718403392423486,0.0009756232556344774,0.25039827683392896,0.5,-0.004257086314114437,0.00032844317432673717,-0.0031043396964669226,0.0,,,False,env_mean_t,True,0
D,posterior_mean_shrunk,family_horizon,A,200,,,all,,phi_sf_k16,learned,False,4,4,8000,4,True,True,0.1281273133037612,0.12573293547611683,0.13050345198716967,0.0012235911415239208,0.6338601948032156,0.054962238507345315,0.07316507479641586,58.98525,0.28780429292929294,14.69325,12.41075,0.0353394625,0.002125,67.61625,81.7629463781563,0.7619875081069767,0.7088602834288031,0.7070252695996314,0.74475,-0.047585105674108494,-0.0506358981016092,-0.04458459815068636,0.0015315753988950072,0.60875,4,-0.13837965522182782,0.04320944387361085,0.028529797783854588,0.19392531609208621,0.125,-2.1691047713940073,0.0054106281163864706,-0.10248336357902735,-0.012900871984660625,,,False,env_mean_t,True,0,-0.001396706372499466,-0.0020535360232315724,-0.0007606402105011513,0.00032474599071943117,0.5065,4,-0.0048199013571649345,0.002026488612166003,0.0010756489367886755,0.2849257096881158,0.5,-0.0060460103529902005,0.0005057326094954763,-0.0034028467610478404,0.0,,,False,env_mean_t,True,0
D,posterior_mean_shrunk,family_horizon,A,200,,,all,,phi_sf_k16_noT1000,learned,False,4,4,8000,4,True,True,0.12888908259849996,0.126464113779366,0.1312775953207165,0.0012196821640290327,0.6330984255084768,0.061578053319826714,0.06731102927867323,49.49875,0.23989267676767678,18.953875,4.9517500000000005,0.052741706250000006,0.0022500000000000003,46.25875,98.98641154936892,0.7619875081069767,0.7088602834288031,0.70040945478715,0.548625,-0.04682333637936972,-0.04985818703426048,-0.043944478395860645,0.001502362832597459,0.60475,4,-0.13863531336855212,0.04498864060981268,0.02884949758201736,0.20304270182417947,0.125,-1.0322336970096875,0.007210093129194746,-0.102376471134834,-0.011377333395183086,,,False,env_mean_t,True,0,-0.0006349370777606965,-0.0017659527376963522,0.0005110428610350933,0.0005807558711896247,0.5020625000000001,4,-0.004504391680037338,0.0032345175245159456,0.0012158742775494177,0.6376346301196704,1.0,-0.006249685116319337,0.002261263409073738,-0.003082169428467751,0.0011773581951856613,,,False,env_mean_t,True,0
D,posterior_mean_shrunk,family_horizon,A,200,,,all,,refine_after_init,baseline,False,4,4,8000,4,True,True,0.21026513745973352,0.20760128451511264,0.21292103799059986,0.0013847123662257671,0.5517223706472432,0.1950767947207205,0.015188342739013025,8.0,0.03030303030303029,57.03525,0.116875,0.2176834,0.2985,,,0.7619875081069767,0.7088602834288031,0.5669107133862562,0.0,0.03455271848186385,0.0324812165403273,0.03665738607523963,0.0010684630511454075,0.4045,4,-0.008588802032327612,0.07769423899605532,0.013556087479799757,0.08402566387042044,0.125,0.009582494455039864,1.0536282604294642,0.017807373069226744,0.06048950789507944,,,False,env_mean_t,True,0,0.08074111778347287,0.07753479968523606,0.08398518193280324,0.0016572406372553053,0.3275,4,-0.055012464902318786,0.21649470046926453,0.042656990774802575,0.15472643063265473,0.125,0.0023567841324844963,3.606722134918626,0.027914832308888436,0.16225020949088503,,,False,env_mean_t,True,0
D,posterior_mean_shrunk,family_horizon,A,1000,,,all,,always_search,baseline,False,4,4,8000,4,True,True,0.12257040173560381,0.1206868898589164,0.12443064964609221,0.0009454098619924042,0.695673247165978,0.10966014231555163,0.01291025942005217,64.0,0.062124248496993974,153.57525,4.52125,0.07844919624999999,4.728125,,64.0,0.8182436489015819,0.7085835065860301,0.7085835065860301,1.0,-0.03790545856859535,-0.03963402787339874,-0.036169620748842134,0.0008973863504417442,0.6464375,4,-0.08668044403347418,0.010869526896283482,0.015326255586433421,0.0898063274588172,0.125,-0.22273493170124403,-0.006869177671799516,-0.06458927528001368,-0.015287712156772614,,,False,env_mean_t,True,0,0.0,0.0,0.0,0.0,0.5,4,0.0,0.0,0.0,1.0,1.0,0.0,0.0,0.0,0.0,,,False,env_mean_t,True,0
D,posterior_mean_shrunk,family_horizon,A,1000,,,all,,cp0,reference,False,4,4,8000,4,True,True,0.16047586030419914,0.15843602195382117,0.16247722594998776,0.0010371201435645204,0.6577677885973825,0.15298907526116817,0.007486785043030977,30.36,0.02841683366733466,219.79424999999998,0.761625,0.13792714525,4.98725,,,0.8182436489015819,0.7085835065860301,0.6652545736404136,0.0,0.0,0.0,0.0,0.0,0.5,4,0.0,0.0,0.0,1.0,1.0,0.0,0.0,0.0,0.0,,,False,env_mean_t,True,0,0.03790545856859535,0.036169620748842134,0.03963402787339874,0.0008973863504417442,0.3535625,4,-0.010869526896283482,0.08668044403347418,0.015326255586433421,0.0898063274588172,0.125,0.006869177671799516,0.22273493170124403,0.015287712156772614,0.06458927528001368,,,False,env_mean_t,True,0
D,posterior_mean_shrunk,family_horizon,A,1000,,,all,,p3_star,reference,False,4,4,8000,4,True,True,0.12257040173560381,0.1206868898589164,0.12443064964609221,0.0009454098619924042,0.695673247165978,0.10966014231555163,0.01291025942005217,64.0,0.062124248496993974,153.569625,4.52125,0.0784405,4.73525,,272.0,0.8182436489015819,0.7085835065860301,0.7085835065860301,1.0,-0.03790545856859535,-0.03963402787339874,-0.036169620748842134,0.0008973863504417442,0.6464375,4,-0.08668044403347418,0.010869526896283482,0.015326255586433421,0.0898063274588172,0.125,-0.22273493170124403,-0.006869177671799516,-0.06458927528001368,-0.015287712156772614,,,False,env_mean_t,True,0,0.0,0.0,0.0,0.0,0.5,4,0.0,0.0,0.0,1.0,1.0,0.0,0.0,0.0,0.0,,,False,env_mean_t,True,0
D,posterior_mean_shrunk,family_horizon,A,1000,,,all,,phi_k16,learned,False,4,4,8000,4,True,True,0.12257040173560381,0.1206868898589164,0.12443064964609221,0.0009454098619924042,0.695673247165978,0.10966014231555163,0.01291025942005217,64.0,0.062124248496993974,153.57525,4.52125,0.07844919624999999,4.728125,773.8552500000001,72.27,0.8182436489015819,0.7085835065860301,0.7085835065860301,1.0,-0.03790545856859535,-0.03963402787339874,-0.036169620748842134,0.0008973863504417442,0.6464375,4,-0.08668044403347418,0.010869526896283482,0.015326255586433421,0.0898063274588172,0.125,-0.22273493170124403,-0.006869177671799516,-0.06458927528001368,-0.015287712156772614,,,False,env_mean_t,True,0,0.0,0.0,0.0,0.0,0.5,4,0.0,0.0,0.0,1.0,1.0,0.0,0.0,0.0,0.0,,,False,env_mean_t,True,0
D,posterior_mean_shrunk,family_horizon,A,1000,,,all,,phi_k16_clock,learned,False,4,4,8000,4,True,True,0.12257040173560381,0.1206868898589164,0.12443064964609221,0.0009454098619924042,0.695673247165978,0.10966014231555163,0.01291025942005217,64.0,0.062124248496993974,153.57525,4.52125,0.07844919624999999,4.728125,936.0,64.0,0.8182436489015819,0.7085835065860301,0.7085835065860301,1.0,-0.03790545856859535,-0.03963402787339874,-0.036169620748842134,0.0008973863504417442,0.6464375,4,-0.08668044403347418,0.010869526896283482,0.015326255586433421,0.0898063274588172,0.125,-0.22273493170124403,-0.006869177671799516,-0.06458927528001368,-0.015287712156772614,,,False,env_mean_t,True,0,0.0,0.0,0.0,0.0,0.5,4,0.0,0.0,0.0,1.0,1.0,0.0,0.0,0.0,0.0,,,False,env_mean_t,True,0
D,posterior_mean_shrunk,family_horizon,A,1000,,,all,,phi_k16_cs,learned,False,4,4,8000,4,True,True,0.12257040173560381,0.1206868898589164,0.12443064964609221,0.0009454098619924042,0.695673247165978,0.10966014231555163,0.01291025942005217,64.0,0.062124248496993974,153.57525,4.52125,0.07844919624999999,4.728125,774.63775,72.326,0.8182436489015819,0.7085835065860301,0.7085835065860301,1.0,-0.03790545856859535,-0.03963402787339874,-0.036169620748842134,0.0008973863504417442,0.6464375,4,-0.08668044403347418,0.010869526896283482,0.015326255586433421,0.0898063274588172,0.125,-0.22273493170124403,-0.006869177671799516,-0.06458927528001368,-0.015287712156772614,,,False,env_mean_t,True,0,0.0,0.0,0.0,0.0,0.5,4,0.0,0.0,0.0,1.0,1.0,0.0,0.0,0.0,0.0,,,False,env_mean_t,True,0
D,posterior_mean_shrunk,family_horizon,A,1000,,,all,,phi_k16_noT1000,learned,False,4,4,8000,4,True,True,0.12257040173560381,0.1206868898589164,0.12443064964609221,0.0009454098619924042,0.695673247165978,0.10966014231555163,0.01291025942005217,64.0,0.062124248496993974,153.57525,4.52125,0.07844919624999999,4.728125,921.97375,64.0,0.8182436489015819,0.7085835065860301,0.7085835065860301,1.0,-0.03790545856859535,-0.03963402787339874,-0.036169620748842134,0.0008973863504417442,0.6464375,4,-0.08668044403347418,0.010869526896283482,0.015326255586433421,0.0898063274588172,0.125,-0.22273493170124403,-0.006869177671799516,-0.06458927528001368,-0.015287712156772614,,,False,env_mean_t,True,0,0.0,0.0,0.0,0.0,0.5,4,0.0,0.0,0.0,1.0,1.0,0.0,0.0,0.0,0.0,,,False,env_mean_t,True,0
D,posterior_mean_shrunk,family_horizon,A,1000,,,all,,phi_k16_noT200,learned,False,4,4,8000,4,True,True,0.12257040173560381,0.1206868898589164,0.12443064964609221,0.0009454098619924042,0.695673247165978,0.10966014231555163,0.01291025942005217,64.0,0.062124248496993974,153.57525,4.52125,0.07844919624999999,4.728125,773.3530000000001,71.04599999999999,0.8182436489015819,0.7085835065860301,0.7085835065860301,1.0,-0.03790545856859535,-0.03963402787339874,-0.036169620748842134,0.0008973863504417442,0.6464375,4,-0.08668044403347418,0.010869526896283482,0.015326255586433421,0.0898063274588172,0.125,-0.22273493170124403,-0.006869177671799516,-0.06458927528001368,-0.015287712156772614,,,False,env_mean_t,True,0,0.0,0.0,0.0,0.0,0.5,4,0.0,0.0,0.0,1.0,1.0,0.0,0.0,0.0,0.0,,,False,env_mean_t,True,0
D,posterior_mean_shrunk,family_horizon,A,1000,,,all,,phi_sf_k16,learned,False,4,4,8000,4,True,True,0.12257040173560381,0.1206868898589164,0.12443064964609221,0.0009454098619924042,0.695673247165978,0.10966014231555163,0.01291025942005217,64.0,0.062124248496993974,153.57525,4.52125,0.07844919624999999,4.728125,879.9445000000001,72.712,0.8182436489015819,0.7085835065860301,0.7085835065860301,1.0,-0.03790545856859535,-0.03963402787339874,-0.036169620748842134,0.0008973863504417442,0.6464375,4,-0.08668044403347418,0.010869526896283482,0.015326255586433421,0.0898063274588172,0.125,-0.22273493170124403,-0.006869177671799516,-0.06458927528001368,-0.015287712156772614,,,False,env_mean_t,True,0,0.0,0.0,0.0,0.0,0.5,4,0.0,0.0,0.0,1.0,1.0,0.0,0.0,0.0,0.0,,,False,env_mean_t,True,0
D,posterior_mean_shrunk,family_horizon,A,1000,,,all,,phi_sf_k16_noT1000,learned,False,4,4,8000,4,True,True,0.1225892885401845,0.12070053976494818,0.12444924442097545,0.0009453604760053184,0.6956543603613973,0.10971907641552389,0.01287021212466061,63.72425,0.06184794589178355,154.05,4.443125,0.07879618124999999,4.729,703.70525,117.22626962642123,0.8182436489015819,0.7085835065860301,0.7085245724860579,0.9808749999999999,-0.037886571764014665,-0.03961554978159256,-0.03613464555819519,0.0008971882956440929,0.6464375,4,-0.08669567765706815,0.010922534129038819,0.015336977033050763,0.09004234530144176,0.125,-0.22085005418236617,-0.006802644730835434,-0.06458927528001368,-0.015249938547611235,,,False,env_mean_t,True,0,1.8886804580688476e-05,-3.292818419140528e-05,7.174986603786235e-05,2.6654526480223735e-05,0.5004375,4,-4.121943687573897e-05,7.899304603711593e-05,1.8886804580688476e-05,0.3910022189557705,1.0,-1.8886804580688483e-05,1.8886804580688476e-05,0.0,5.666041374206543e-05,,,False,env_mean_t,True,0
D,posterior_mean_shrunk,family_horizon,A,1000,,,all,,refine_after_init,baseline,False,4,4,8000,4,True,True,0.25567966569727285,0.25316044786013664,0.2582297715358436,0.0012738588142581296,0.562563983204309,0.2531376558006741,0.0025420098965987566,8.0,0.006012024048096194,427.63675,0.01825,0.34984193875,1.9764999999999997,,,0.8182436489015819,0.7085835065860301,0.5651059931009076,0.0,0.0952038053930737,0.09281304208561778,0.0976849359460175,0.0012382070888789219,0.19618750000000001,4,-0.0011510661953189616,0.19155867698146636,0.030276982655895224,0.0514867298952803,0.125,0.03966702950426671,0.4005681124268532,0.0525140436142683,0.1502587835062295,,,False,env_mean_t,True,0,0.13310926396166906,0.13041631528176367,0.13582200736273078,0.0013594422636728975,0.1358125,4,-0.011944034078182147,0.27816256200152023,0.04557918158714072,0.06147640629103617,0.125,0.04958165792577224,0.6207178175572763,0.06780175577104092,0.2148480587862432,,,False,env_mean_t,True,0
D,posterior_mean_shrunk,family_horizon,A,2000,,,all,,always_search,baseline,False,1,1,1000,1,True,True,0.028014076232910155,0.02678736741654575,0.02928054127842188,0.0006303876601933855,0.966773898601532,0.02498991745710373,0.003024158775806427,64.0,0.03103103103103104,423.229,14.025,0.124994342,9.086,,64.0,0.9947879748344421,0.9697980573773384,0.9697980573773384,1.0,-0.006236039280891418,-0.007288997841533273,-0.00523218457819894,0.0005210572493456048,0.604,1,,,,,,,,,,,,False,none,True,0,-2.856999635696411e-05,-0.00010955406996799865,3.7265167429723063e-05,3.781080093175587e-05,0.501,1,,,,,,,,,,,,False,none,True,0
D,posterior_mean_shrunk,family_horizon,A,2000,,,all,,cp0,reference,False,1,1,1000,1,True,True,0.034250115513801575,0.0328913145698607,0.03566177366301417,0.0006928160557928275,0.9605378593206406,0.03186315608024597,0.002386959433555603,43.72,0.020880880880880887,429.977,3.599,0.1360501805,11.479,,,0.9947879748344421,0.9697980573773384,0.9629248187541962,0.0,0.0,0.0,0.0,0.0,0.5,1,,,,,,,,,,,,False,none,True,0,0.006207469284534454,0.005199941748287529,0.007262051571160555,0.0005210237170770252,0.39749999999999996,1,,,,,,,,,,,,False,none,True,0
D,posterior_mean_shrunk,family_horizon,A,2000,,,all,,p3_star,reference,False,1,1,1000,1,True,True,0.02804264622926712,0.026814908580854536,0.02930582924745977,0.0006315818243206621,0.966745328605175,0.02498991745710373,0.003052728772163391,64.0,0.03103103103103104,421.744,13.411,0.124130813,9.535,,573.0,0.9947879748344421,0.9697980573773384,0.9697980573773384,1.0,-0.006207469284534454,-0.007262051571160555,-0.00519994174828753,0.0005210237170770252,0.6025,1,,,,,,,,,,,,False,none,True,0,0.0,0.0,0.0,0.0,0.5,1,,,,,,,,,,,,False,none,True,0
D,posterior_mean_shrunk,family_horizon,A,2000,,,all,,phi_k16_clock,learned,False,1,1,1000,1,True,True,0.028014076232910155,0.02678736741654575,0.02928054127842188,0.0006303876601933855,0.966773898601532,0.02498991745710373,0.003024158775806427,64.0,0.03103103103103104,423.229,14.025,0.124994342,9.086,1936.0,64.0,0.9947879748344421,0.9697980573773384,0.9697980573773384,1.0,-0.006236039280891418,-0.007288997841533273,-0.00523218457819894,0.0005210572493456048,0.604,1,,,,,,,,,,,,False,none,True,0,-2.856999635696411e-05,-0.00010955406996799865,3.7265167429723063e-05,3.781080093175587e-05,0.501,1,,,,,,,,,,,,False,none,True,0
D,posterior_mean_shrunk,family_horizon,A,2000,,,all,,phi_k16_cs,learned,False,1,1,1000,1,True,True,0.028014076232910155,0.02678736741654575,0.02928054127842188,0.0006303876601933855,0.966773898601532,0.02498991745710373,0.003024158775806427,64.0,0.03103103103103104,423.229,14.025,0.124994342,9.086,1647.798,64.032,0.9947879748344421,0.9697980573773384,0.9697980573773384,1.0,-0.006236039280891418,-0.007288997841533273,-0.00523218457819894,0.0005210572493456048,0.604,1,,,,,,,,,,,,False,none,True,0,-2.856999635696411e-05,-0.00010955406996799865,3.7265167429723063e-05,3.781080093175587e-05,0.501,1,,,,,,,,,,,,False,none,True,0
D,posterior_mean_shrunk,family_horizon,A,2000,,,all,,phi_sf_k16,learned,False,1,1,1000,1,True,True,0.028014076232910155,0.02678736741654575,0.02928054127842188,0.0006303876601933855,0.966773898601532,0.02498991745710373,0.003024158775806427,64.0,0.03103103103103104,423.229,14.025,0.124994342,9.086,1892.758,81.024,0.9947879748344421,0.9697980573773384,0.9697980573773384,1.0,-0.006236039280891418,-0.007288997841533273,-0.00523218457819894,0.0005210572493456048,0.604,1,,,,,,,,,,,,False,none,True,0,-2.856999635696411e-05,-0.00010955406996799865,3.7265167429723063e-05,3.781080093175587e-05,0.501,1,,,,,,,,,,,,False,none,True,0
D,posterior_mean_shrunk,family_horizon,A,2000,,,all,,phi_sf_k16_noT1000,learned,False,1,1,1000,1,True,True,0.028014076232910155,0.02678736741654575,0.02928054127842188,0.0006303876601933855,0.966773898601532,0.02498991745710373,0.003024158775806427,64.0,0.03103103103103104,423.229,14.025,0.124994342,9.086,1395.846,146.976,0.9947879748344421,0.9697980573773384,0.9697980573773384,1.0,-0.006236039280891418,-0.007288997841533273,-0.00523218457819894,0.0005210572493456048,0.604,1,,,,,,,,,,,,False,none,True,0,-2.856999635696411e-05,-0.00010955406996799865,3.7265167429723063e-05,3.781080093175587e-05,0.501,1,,,,,,,,,,,,False,none,True,0
D,posterior_mean_shrunk,family_horizon,A,2000,,,all,,refine_after_init,baseline,False,1,1,1000,1,True,True,0.08780870670080185,0.08466418478637934,0.09093791227787733,0.0016166777778403782,0.9069792681336403,0.08647814536094665,0.0013305613398551942,8.0,0.003003003003003004,1005.483,0.042,0.42820908750000003,3.224,,,0.9947879748344421,0.9697980573773384,0.9083098294734955,0.0,0.05355859118700027,0.05041044894605875,0.056699488591402766,0.0016256675287821115,0.124,1,,,,,,,,,,,,False,none,True,0,0.05976606047153473,0.05650912327691913,0.06300814580172301,0.0016618163150635941,0.10400000000000001,1,,,,,,,,,,,,False,none,True,0
D,posterior_mean_shrunk,family_horizon,B,200,,,all,,always_search,baseline,False,4,4,8000,4,True,True,0.08298468383672297,0.0811327132920269,0.08482930485624819,0.0009498687369097282,0.7542444421137625,0.031505205506458876,0.0514794783302641,64.0,0.31313131313131315,22.901125,29.418875,0.05982166875,0.0,,64.0,0.8372291259504855,0.8057239204440265,0.8057239204440265,1.0,-0.03338448417567997,-0.03581851206181454,-0.030988618217088516,0.0012365352177305593,0.5959375,4,-0.10062366584624535,0.03385469749488542,0.02112814332764404,0.2122137654729793,0.25,-0.7752093394977143,0.012990897231690626,-0.06869770524278283,-0.0014463161528110503,,,False,env_mean_t,True,0,-8.155345916748048e-06,-1.904701425701205e-05,-8.122153715817205e-07,4.839390410642206e-06,0.500375,4,-3.4109296397813446e-05,1.7798604564317348e-05,8.155345916748048e-06,0.3910022189557705,1.0,-8.155345916748048e-06,8.155345916748048e-06,-2.4466037750244143e-05,0.0,,,False,env_mean_t,True,0
D,posterior_mean_shrunk,family_horizon,B,200,,,all,,cp0,reference,False,4,4,8000,4,True,True,0.11636916801240296,0.11433550637448206,0.11848148346180096,0.001062071571440897,0.7208599579380826,0.09848160103615373,0.017887566976249217,13.98075,0.06050883838383836,44.0005,1.09875,0.15414988125,0.7661250000000001,,,0.8372291259504855,0.8057239204440265,0.7387475249143317,0.0,0.0,0.0,0.0,0.0,0.5,4,0.0,0.0,0.0,1.0,1.0,0.0,0.0,0.0,0.0,,,False,env_mean_t,True,0,0.03337632882976322,0.030981243236965383,0.03580774768975061,0.001236531652120134,0.40425,4,-0.033875210089766565,0.100627867749293,0.021132026267929274,0.21236190493654672,0.25,-0.013019419502525796,0.7826360029754936,0.0014300054609775541,0.06868954989686608,,,False,env_mean_t,True,0
D,posterior_mean_shrunk,family_horizon,B,200,,,all,,p3_star,reference,False,4,4,8000,4,True,True,0.08299283918263972,0.08113655649358406,0.0848355097870808,0.0009498727806311635,0.7542362867678458,0.031505205506458876,0.05148763367618085,64.0,0.31313131313131315,22.900000000000002,29.416874999999997,0.059813937500000004,0.0,,70.0,0.8372291259504855,0.8057239204440265,0.8057239204440265,1.0,-0.03337632882976322,-0.03580774768975061,-0.030981243236965383,0.001236531652120134,0.59575,4,-0.100627867749293,0.033875210089766565,0.021132026267929274,0.21236190493654672,0.25,-0.7826360029754936,0.013019419502525796,-0.06868954989686608,-0.0014300054609775541,,,False,env_mean_t,True,0,0.0,0.0,0.0,0.0,0.5,4,0.0,0.0,0.0,1.0,1.0,0.0,0.0,0.0,0.0,,,False,env_mean_t,True,0
D,posterior_mean_shrunk,family_horizon,B,200,,,all,,phi_k16,learned,False,4,4,8000,4,True,True,0.08252972982349457,0.08068159386748448,0.08439535191864707,0.0009404347086189249,0.754699396126991,0.037299531700089573,0.04523019812340499,40.67275,0.19531691919191918,32.021375,9.6165,0.10481444375000001,0.0105,28.793,99.79469062901154,0.8372291259504855,0.8057239204440265,0.7999295942503959,0.347375,-0.03383943818890839,-0.03622024038049858,-0.031489084527129306,0.0011987135242006622,0.60025,4,-0.09388396835469123,0.02620509197687445,0.018867413431639973,0.17078186257228503,0.125,-1.1096363945598464,0.008033695394497595,-0.06513198474422098,-0.005234215497970581,,,False,env_mean_t,True,0,-0.0004631093591451645,-0.0014538778326823375,0.0005212438632952398,0.0005089243750467527,0.5041875,4,-0.008483567481717481,0.0075573487634271515,0.002520217893152265,0.8659222416320703,0.75,-0.0071334726302852165,0.006384012285409654,-0.0049071510583162305,0.004050598978996277,,,False,env_mean_t,True,0
D,posterior_mean_shrunk,family_horizon,B,200,,,all,,phi_k16_clock,learned,False,4,4,8000,4,True,True,0.08378660321212374,0.08193690314656124,0.08564866188680753,0.000936767570905028,0.7534425227383618,0.03999055369384587,0.04379604951827787,50.0,0.24242424242424232,26.231625,18.353499999999997,0.0735871125,0.0085,0.0,,0.8372291259504855,0.8057239204440265,0.7972385722566396,0.0,-0.03258256480027921,-0.03495264811353991,-0.030274945140990894,0.0011787347820897667,0.5973124999999999,4,-0.09219018397057924,0.02702505437002082,0.01873012564935833,0.1803122994309134,0.125,-21.076949896768145,0.010540043243868084,-0.06307611485943199,-0.0039414214640855795,,,False,env_mean_t,True,0,0.0007937640294840094,-0.0006921241059899329,0.002321985504386248,0.0007666022233421752,0.5029374999999999,4,-0.00722650049941235,0.00881402855838037,0.0025201570614343393,0.7734237239982498,0.875,-0.004879263974212767,0.011172748557595688,-0.003048954817611957,0.005613435037434101,,,False,env_mean_t,True,0
D,posterior_mean_shrunk,family_horizon,B,200,,,all,,phi_k16_cs,learned,False,4,4,8000,4,True,True,0.08258145004781545,0.08072823364636861,0.0844586887396872,0.0009407232347503659,0.7546476759026701,0.03733366692252457,0.045247783125290875,40.64375,0.19517045454545456,32.029624999999996,9.58975,0.10483740000000001,0.0105,28.862750000000002,100.1032258064516,0.8372291259504855,0.8057239204440265,0.7998954590279609,0.346875,-0.0337877179645875,-0.036162538950156885,-0.031445118079136594,0.0011995799990351412,0.59975,4,-0.0938206033914036,0.026245167462228595,0.018863754378870598,0.17119222091396785,0.125,-1.1403884676702654,0.008170497728329451,-0.06504679440334439,-0.0051728695034980775,,,False,env_mean_t,True,0,-0.00041138913482427616,-0.0013922025696956552,0.0005702574790120707,0.0005085047132374587,0.50375,4,-0.008428613068257294,0.0076058347986087405,0.002519201634328376,0.8806620429100046,0.75,-0.007060240738519213,0.006503969686746464,-0.004841005079448223,0.00412236499786377,,,False,env_mean_t,True,0
D,posterior_mean_shrunk,family_horizon,B,200,,,all,,phi_k16_noT1000,learned,False,4,4,8000,4,True,True,0.08101947514238418,0.0791828056506347,0.0828610998694785,0.000933041052375712,0.7562096508081013,0.03398500587977469,0.04703446926260949,46.54575,0.22497853535353535,28.907,15.154875,0.08959509375000001,0.0,40.15425,101.6394672245467,0.8372291259504855,0.8057239204440265,0.8032441200707108,0.46499999999999997,-0.035349692870018774,-0.037753234448609875,-0.03299703366064932,0.001211560962969878,0.6060625,4,-0.09920823532227113,0.02850884958223359,0.020065866420504938,0.17633655472088866,0.125,-1.6506031361539737,0.0060095830195511304,-0.06929910625889898,-0.0054745468497276305,,,False,env_mean_t,True,0,-0.0019733640402555463,-0.0027477666319100534,-0.0011849293725390453,0.000402941888730401,0.5115624999999999,4,-0.006966196207874227,0.0030194681273631348,0.0015688661138851742,0.297452129133853,0.5,-0.06684535380582776,0.0008368739042086235,-0.004897714555263519,9.781330823898316e-05,,,False,env_mean_t,True,0
D,posterior_mean_shrunk,family_horizon,B,200,,,all,,phi_k16_noT200,learned,False,4,4,8000,4,True,True,0.08129524277793826,0.07945911214337684,0.08316575406352059,0.0009333186744002206,0.7559338831725473,0.034805960128083825,0.04648928264985443,44.48275,0.21455934343434344,30.201875,13.536999999999999,0.09661883125000001,0.000875,37.4655,93.34366523684332,0.8372291259504855,0.8057239204440265,0.8024231658224016,0.45787500000000003,-0.035073925234464697,-0.03742765644856263,-0.03272786076704506,0.001208391815588598,0.603125,4,-0.09831378972069235,0.02816593925176295,0.019871463151234524,0.1757415158434572,0.125,-0.8756352725381159,0.006397124412504035,-0.06872256805747748,-0.005401415660977363,,,False,env_mean_t,True,0,-0.0016975964047014711,-0.0024902052189645476,-0.0008898801901523262,0.00040714256873626917,0.5073125,4,-0.00756955272826842,0.0041743599188654775,0.0018451077442588548,0.42539808098340337,0.75,-0.01462267012625028,0.002071726252448958,-0.005320918321609497,0.0006522604264318943,,,False,env_mean_t,True,0
D,posterior_mean_shrunk,family_horizon,B,200,,,all,,phi_sf_k16,learned,False,4,4,8000,4,True,True,0.08187559737535777,0.08002389124594629,0.08372495206422173,0.0009440588857195778,0.7553535285751278,0.032088406490162015,0.049787190885195745,56.151250000000005,0.2734911616161616,25.025875000000003,22.188375,0.069906225,0.0,46.7145,84.15685639185821,0.8372291259504855,0.8057239204440265,0.8051407194603234,0.565375,-0.034493570637045196,-0.03693926754058339,-0.0321046346485673,0.0012283118866838773,0.6029375,4,-0.10012290201725409,0.031135760743163696,0.020622290239821716,0.19299251716181226,0.125,-2.088261754753996,0.009171948267495213,-0.06907335318997503,-0.0035767672806978224,,,False,env_mean_t,True,0,-0.001117241807281971,-0.0016846746837472892,-0.0005516197819929404,0.00029065328725044536,0.5069374999999999,4,-0.003520739508106381,0.0012862558935424389,0.0007552359003933434,0.23560483041575891,0.25,-0.018089196166787357,0.00023340045805202766,-0.0025073418244719505,-8.77217948436737e-05,,,False,env_mean_t,True,0
D,posterior_mean_shrunk,family_horizon,B,200,,,all,,phi_sf_k16_noT1000,learned,False,4,4,8000,4,True,True,0.08177179139005603,0.07992564383312128,0.08362375171855092,0.0009331542795465266,0.7554573345604295,0.03613789899088442,0.0456338923991716,42.54375,0.20476641414141417,30.926250000000003,11.221875,0.0997764625,0.00925,27.858,98.87733458411508,0.8372291259504855,0.8057239204440265,0.801091226959601,0.384125,-0.03459737662234693,-0.03695183645177167,-0.032237447067745964,0.0012039485970054848,0.6018125,4,-0.09648552737119509,0.027290774126501223,0.019446722681886998,0.17327682573613787,0.125,-0.9896968884514686,0.006938199563385053,-0.06726046585291624,-0.005386426955461501,,,False,env_mean_t,True,0,-0.0012210477925837038,-0.002143954912025947,-0.00031013186999189255,0.00046894934038908023,0.50525,4,-0.007817066669505535,0.005374971084338129,0.0020726253467248405,0.5971953592695362,0.75,-0.008900522381724793,0.0035243347444920605,-0.005156100042164326,0.002011978130787611,,,False,env_mean_t,True,0
D,posterior_mean_shrunk,family_horizon,B,200,,,all,,refine_after_init,baseline,False,4,4,8000,4,True,True,0.14573492699535562,0.14342045567464085,0.14802048057317735,0.0011789728624558376,0.6914941989551298,0.13534304781863465,0.010391879176720976,8.0,0.03030303030303029,65.43275,0.530625,0.2622045,0.48875,,,0.8372291259504855,0.8057239204440265,0.7018860781318508,0.0,0.029365758982952683,0.027475840447004886,0.031214554561302066,0.0009548332074317213,0.401625,4,-0.006153971716555864,0.06488548968246123,0.01116114061077365,0.07825308742237773,0.125,0.002881538890675807,1.121316408395645,0.012188705384731293,0.04744473585300148,,,False,env_mean_t,True,0,0.0627420878127159,0.06004075179807842,0.06545484903617763,0.0013731775495373706,0.3255625,4,-0.03999179976457096,0.16547597539000275,0.032281420555853924,0.14719253474232286,0.125,-0.010034629197657685,2.28778786442901,0.013618710845708848,0.11596049057133495,,,False,env_mean_t,True,0
D,posterior_mean_shrunk,family_horizon,B,1000,,,all,,always_search,baseline,False,4,4,8000,4,True,True,0.07198455391637981,0.07062873932300136,0.07336652859448804,0.0006956939890461187,0.7967471575085073,0.06310272449627519,0.008881829420104624,64.0,0.062124248496993974,192.19799999999998,11.102875,0.11718190999999999,9.937125,,64.0,0.8687317114248871,0.8056289869286121,0.8056289869286121,1.0,-0.02389064761251211,-0.025213891691237222,-0.022632508432434407,0.0006558538242114701,0.6154375000000001,4,-0.06417192106408066,0.01639062583905644,0.012657330112590091,0.15553875282452256,0.125,-0.8846565354731774,2.538995021314592,-0.045808654755353936,-0.0019726404696702956,,,False,env_mean_t,True,0,-1.425109803676605e-06,-8.716594487623296e-06,4.372819535092276e-06,3.3924900470759167e-06,0.4998125,4,-1.2286620916507582e-05,9.43640130915437e-06,3.412944028245811e-06,0.7043528674934996,1.0,-1.536042988127213e-05,7.039191406687482e-06,-8.222714066505432e-06,3.947384655475616e-06,,,False,env_mean_t,True,0
D,posterior_mean_shrunk,family_horizon,B,1000,,,all,,cp0,reference,False,4,4,8000,4,True,True,0.09587520152889192,0.09436833522631786,0.09740348900377285,0.0007808448556533706,0.7728565098959953,0.09021902563981712,0.005656175889074803,30.426250000000003,0.02848321643286572,242.07362500000002,2.6996249999999997,0.16286152799999998,7.088125,,,0.8687317114248871,0.8056289869286121,0.77851268578507,0.0,0.0,0.0,0.0,0.0,0.5,4,0.0,0.0,0.0,1.0,1.0,0.0,0.0,0.0,0.0,,,False,env_mean_t,True,0,0.023889222502708436,0.02263117683323799,0.025209950967837357,0.0006558711910898497,0.384125,4,-0.0163845791743818,0.06416302417979868,0.012654982304092613,0.1555022643011414,0.125,-2.474157137194581,0.8879657398855771,0.0019752720594406127,0.04580317294597626,,,False,env_mean_t,True,0
D,posterior_mean_shrunk,family_horizon,B,1000,,,all,,p3_star,reference,False,4,4,8000,4,True,True,0.07198597902618349,0.07062970423212392,0.07336727120855357,0.0006956721918344584,0.7967457323987037,0.06310272449627519,0.0088832545299083,64.0,0.062124248496993974,191.994125,11.05475,0.11684063850000001,9.948625,,272.0,0.8687317114248871,0.8056289869286121,0.8056289869286121,1.0,-0.023889222502708436,-0.025209950967837357,-0.02263117683323799,0.0006558711910898497,0.615875,4,-0.06416302417979868,0.0163845791743818,0.012654982304092613,0.1555022643011414,0.125,-0.8879657398855771,2.474157137194581,-0.04580317294597626,-0.0019752720594406127,,,False,env_mean_t,True,0,0.0,0.0,0.0,0.0,0.5,4,0.0,0.0,0.0,1.0,1.0,0.0,0.0,0.0,0.0,,,False,env_mean_t,True,0
D,posterior_mean_shrunk,family_horizon,B,1000,,,all,,phi_k16,learned,False,4,4,8000,4,True,True,0.07198449583910406,0.07062882086393074,0.07336707380745792,0.0006956933537131112,0.7967472155857831,0.06310272449627519,0.00888177134282887,64.0,0.062124248496993974,192.164875,11.0815,0.11712287375000001,9.937125,751.6477500000001,74.344,0.8687317114248871,0.8056289869286121,0.8056289869286121,1.0,-0.023890705689787864,-0.025212160880619193,-0.02263144875614671,0.0006558547977401474,0.6154375000000001,4,-0.0641718693641306,0.016390457984554865,0.012657295617985849,0.15553725778729433,0.125,-0.8848116645331913,2.5389811541588108,-0.045808654755353936,-0.001972756624221802,,,False,env_mean_t,True,0,-1.4831870794296264e-06,-9.126280457394383e-06,4.810105485830716e-06,3.5587370066706927e-06,0.49975,4,-1.2224875183712209e-05,9.258501024852957e-06,3.3752928011537925e-06,0.6900808641598468,1.0,-1.558944282238727e-05,6.8162174986720256e-06,-8.222714066505432e-06,3.7731528282165526e-06,,,False,env_mean_t,True,0
D,posterior_mean_shrunk,family_horizon,B,1000,,,all,,phi_k16_clock,learned,False,4,4,8000,4,True,True,0.07198455391637981,0.07062873932300136,0.07336652859448804,0.0006956939890461187,0.7967471575085073,0.06310272449627519,0.008881829420104624,64.0,0.062124248496993974,192.19799999999998,11.102875,0.11718190999999999,9.937125,936.0,64.0,0.8687317114248871,0.8056289869286121,0.8056289869286121,1.0,-0.02389064761251211,-0.025213891691237222,-0.022632508432434407,0.0006558538242114701,0.6154375000000001,4,-0.06417192106408066,0.01639062583905644,0.012657330112590091,0.15553875282452256,0.125,-0.8846565354731774,2.538995021314592,-0.045808654755353936,-0.0019726404696702956,,,False,env_mean_t,True,0,-1.425109803676605e-06,-8.716594487623296e-06,4.372819535092276e-06,3.3924900470759167e-06,0.4998125,4,-1.2286620916507582e-05,9.43640130915437e-06,3.412944028245811e-06,0.7043528674934996,1.0,-1.536042988127213e-05,7.039191406687482e-06,-8.222714066505432e-06,3.947384655475616e-06,,,False,env_mean_t,True,0
D,posterior_mean_shrunk,family_horizon,B,1000,,,all,,phi_k16_cs,learned,False,4,4,8000,4,True,True,0.07198449583910406,0.07062882086393074,0.07336707380745792,0.0006956933537131112,0.7967472155857831,0.06310272449627519,0.00888177134282887,64.0,0.062124248496993974,192.164875,11.0815,0.11712287375000001,9.937125,751.69425,74.394,0.8687317114248871,0.8056289869286121,0.8056289869286121,1.0,-0.023890705689787864,-0.025212160880619193,-0.02263144875614671,0.0006558547977401474,0.6154375000000001,4,-0.0641718693641306,0.016390457984554865,0.012657295617985849,0.15553725778729433,0.125,-0.8848116645331913,2.5389811541588108,-0.045808654755353936,-0.001972756624221802,,,False,env_mean_t,True,0,-1.4831870794296264e-06,-9.126280457394383e-06,4.810105485830716e-06,3.5587370066706927e-06,0.49975,4,-1.2224875183712209e-05,9.258501024852957e-06,3.3752928011537925e-06,0.6900808641598468,1.0,-1.558944282238727e-05,6.8162174986720256e-06,-8.222714066505432e-06,3.7731528282165526e-06,,,False,env_mean_t,True,0
D,posterior_mean_shrunk,family_horizon,B,1000,,,all,,phi_k16_noT1000,learned,False,4,4,8000,4,True,True,0.07198455391637981,0.07062873932300136,0.07336652859448804,0.0006956939890461187,0.7967471575085073,0.06310272449627519,0.008881829420104624,64.0,0.062124248496993974,192.19799999999998,11.102875,0.11718190999999999,9.937125,923.64,64.0,0.8687317114248871,0.8056289869286121,0.8056289869286121,1.0,-0.02389064761251211,-0.025213891691237222,-0.022632508432434407,0.0006558538242114701,0.6154375000000001,4,-0.06417192106408066,0.01639062583905644,0.012657330112590091,0.15553875282452256,0.125,-0.8846565354731774,2.538995021314592,-0.045808654755353936,-0.0019726404696702956,,,False,env_mean_t,True,0,-1.425109803676605e-06,-8.716594487623296e-06,4.372819535092276e-06,3.3924900470759167e-06,0.4998125,4,-1.2286620916507582e-05,9.43640130915437e-06,3.412944028245811e-06,0.7043528674934996,1.0,-1.536042988127213e-05,7.039191406687482e-06,-8.222714066505432e-06,3.947384655475616e-06,,,False,env_mean_t,True,0
D,posterior_mean_shrunk,family_horizon,B,1000,,,all,,phi_k16_noT200,learned,False,4,4,8000,4,True,True,0.07198406804166735,0.07062721410766244,0.07336710325835157,0.0006956938136132223,0.7967476433832198,0.06310272449627519,0.008881343545392155,64.0,0.062124248496993974,192.17512499999998,11.088125,0.117141551,9.937125,785.009,72.154,0.8687317114248871,0.8056289869286121,0.8056289869286121,1.0,-0.023891133487224582,-0.02521349328671931,-0.022632658795191673,0.0006558537626439591,0.615375,4,-0.06417148855901239,0.01638922158456322,0.012657041535912702,0.15552624572374896,0.125,-0.8859560961286611,2.53887901085814,-0.045808654755353936,-0.0019736122190952303,,,False,env_mean_t,True,0,-1.910984516143799e-06,-9.17840733904995e-06,3.779720037755396e-06,3.3503080142391318e-06,0.49975,4,-1.1831754434023844e-05,8.009785401736246e-06,3.11734086492172e-06,0.5832082282350849,1.0,-1.84410349748289e-05,5.267598721655076e-06,-8.222714066505432e-06,2.4897605180740358e-06,,,False,env_mean_t,True,0
D,posterior_mean_shrunk,family_horizon,B,1000,,,all,,phi_sf_k16,learned,False,4,4,8000,4,True,True,0.0719852447193116,0.07063057226769161,0.07336583646974759,0.0006956934052720954,0.7967464667055756,0.06310272449627519,0.008882520223036408,64.0,0.062124248496993974,192.09525,11.0365,0.11700511975000001,9.937125,878.7465000000001,76.07400000000001,0.8687317114248871,0.8056289869286121,0.8056289869286121,1.0,-0.023889956809580327,-0.0252134212256351,-0.02263195751220337,0.0006558514220394999,0.614625,4,-0.06417253605369955,0.016392622434538897,0.012657740423535008,0.15555653657805954,0.125,-0.8828156857451033,2.539159970392473,-0.045808654755353936,-0.0019712588638067245,,,False,env_mean_t,True,0,-7.343068718910214e-07,-9.767327742338234e-06,7.2992556965800735e-06,4.374956050109401e-06,0.499,4,-1.31440475724968e-05,1.1675433828714756e-05,3.8994344319344226e-06,0.8626508903416977,1.0,-1.3859593430448255e-05,9.91931161180562e-06,-8.222714066505432e-06,6.0197934508323675e-06,,,False,env_mean_t,True,0
D,posterior_mean_shrunk,family_horizon,B,1000,,,all,,phi_sf_k16_noT1000,learned,False,4,4,8000,4,True,True,0.07199131452850997,0.07063316132989712,0.07337621594342636,0.0006957193026889346,0.7967403968963772,0.0631073891930282,0.008883925335481763,63.937,0.06206112224448896,191.42287499999998,10.819625,0.11592874299999999,9.916,668.87875,124.1474174491826,0.8687317114248871,0.8056289869286121,0.805624322231859,0.9955,-0.023883887000381947,-0.025208942467725138,-0.022623448758895392,0.0006558639690087967,0.6148125,4,-0.06417794305939709,0.016410169058633187,0.012661346710584331,0.1557128716002539,0.125,-0.8669779193772102,2.540609750708305,-0.045808654755353936,-0.0019591192454099654,,,False,env_mean_t,True,0,5.335502326488496e-06,-7.989449862577658e-06,1.9624522701633387e-05,7.1458847638900075e-06,0.4998125,4,-2.443333301624407e-05,3.510433766922106e-05,9.354073089405587e-06,0.6083335855956757,1.0,-1.6547152361095622e-05,5.160655568294114e-05,-8.222714066505432e-06,2.4229221045970917e-05,,,False,env_mean_t,True,0
D,posterior_mean_shrunk,family_horizon,B,1000,,,all,,refine_after_init,baseline,False,4,4,8000,4,True,True,0.17074265258666127,0.16851545927347616,0.17298069729004056,0.0011230986295616113,0.6979890588382259,0.16886618090793493,0.0018764716787263752,8.0,0.006012024048096194,467.16812500000003,0.3595,0.39539039525,2.5692500000000003,,,0.8687317114248871,0.8056289869286121,0.6998655305169523,0.0,0.07486745105776936,0.0727692551445216,0.07696701053064317,0.0010719023655962954,0.212625,4,-0.016834462063763017,0.16656936417930174,0.02881491290812442,0.08049964416173058,0.125,-0.030241726666532964,0.38016232556665813,0.027867328062653542,0.12186757405288519,,,False,env_mean_t,True,0,0.09875667356047779,0.09649652735097333,0.10101413816446439,0.0011447668039219162,0.1685625,4,-0.03157423163873829,0.22908757875969388,0.040953057081538846,0.0948926012715723,0.125,-0.12247075798567081,0.7036576065960408,0.02984260012209415,0.16767074699886142,,,False,env_mean_t,True,0
D,posterior_mean_shrunk,family_horizon,B,2000,,,all,,always_search,baseline,False,2,2,2000,2,True,True,0.14519251480698586,0.14157722406089307,0.14881397541612387,0.0018284567214109089,0.6631689476668835,0.14212579901516437,0.0030667157918214797,64.0,0.03103103103103104,576.558,0.221,0.18493547849999997,20.8315,,64.0,0.8083614624738693,0.666235663458705,0.666235663458705,1.0,-0.026504311420023442,-0.028849469544366003,-0.0241785588208586,0.0012076496611985734,0.6475,2,,,,,,,,,,-0.028263489678502084,-0.0247451331615448,True,range,True,0,-7.491350173950195e-06,-2.1686792933905963e-05,0.0,6.750157426439271e-06,0.5005,2,,,,,,,,,,-1.3408184051513672e-05,-1.5745162963867188e-06,True,range,True,0
D,posterior_mean_shrunk,family_horizon,B,2000,,,all,,cp0,reference,False,2,2,2000,2,True,True,0.1716968262270093,0.16780915390700102,0.17559052370488643,0.0019510188454621203,0.63666463624686,0.16912810130417347,0.002568724922835827,40.527,0.01928278278278279,642.8465,0.023,0.22559617875,17.586,,,0.8083614624738693,0.666235663458705,0.6392333611696959,0.0,0.0,0.0,0.0,0.0,0.5,2,,,,,,,,,,0.0,0.0,True,range,True,0,0.02649682006984949,0.024176175775937735,0.02883975498843938,0.001206854730076267,0.35275,2,,,,,,,,,,0.024743558645248413,0.02825008149445057,True,range,True,0
D,posterior_mean_shrunk,family_horizon,B,2000,,,all,,p3_star,reference,False,2,2,2000,2,True,True,0.1452000061571598,0.14158683838322758,0.14881555158644916,0.0018282424622799974,0.6631614563167095,0.14212579901516437,0.00307420714199543,64.0,0.03103103103103104,568.318,0.1095,0.17949547375,22.133,,573.0,0.8083614624738693,0.666235663458705,0.666235663458705,1.0,-0.02649682006984949,-0.02883975498843938,-0.024176175775937735,0.001206854730076267,0.64725,2,,,,,,,,,,-0.02825008149445057,-0.024743558645248413,True,range,True,0,0.0,0.0,0.0,0.0,0.5,2,,,,,,,,,,0.0,0.0,True,range,True,0
D,posterior_mean_shrunk,family_horizon,B,2000,,,all,,phi_k16_clock,learned,False,2,2,2000,2,True,True,0.14519251480698586,0.14157722406089307,0.14881397541612387,0.0018284567214109089,0.6631689476668835,0.14212579901516437,0.0030667157918214797,64.0,0.03103103103103104,576.558,0.221,0.18493547849999997,20.8315,1936.0,64.0,0.8083614624738693,0.666235663458705,0.666235663458705,1.0,-0.026504311420023442,-0.028849469544366003,-0.0241785588208586,0.0012076496611985734,0.6475,2,,,,,,,,,,-0.028263489678502084,-0.0247451331615448,True,range,True,0,-7.491350173950195e-06,-2.1686792933905963e-05,0.0,6.750157426439271e-06,0.5005,2,,,,,,,,,,-1.3408184051513672e-05,-1.5745162963867188e-06,True,range,True,0
D,posterior_mean_shrunk,family_horizon,B,2000,,,all,,phi_k16_cs,learned,False,2,2,2000,2,True,True,0.14519251480698586,0.14157722406089307,0.14881397541612387,0.0018284567214109089,0.6631689476668835,0.14212579901516437,0.0030667157918214797,64.0,0.03103103103103104,576.558,0.221,0.18493547849999997,20.8315,1935.8519999999999,64.0,0.8083614624738693,0.666235663458705,0.666235663458705,1.0,-0.026504311420023442,-0.028849469544366003,-0.0241785588208586,0.0012076496611985734,0.6475,2,,,,,,,,,,-0.028263489678502084,-0.0247451331615448,True,range,True,0,-7.491350173950195e-06,-2.1686792933905963e-05,0.0,6.750157426439271e-06,0.5005,2,,,,,,,,,,-1.3408184051513672e-05,-1.5745162963867188e-06,True,range,True,0
D,posterior_mean_shrunk,family_horizon,B,2000,,,all,,phi_sf_k16,learned,False,2,2,2000,2,True,True,0.14519251480698586,0.14157722406089307,0.14881397541612387,0.0018284567214109089,0.6631689476668835,0.14212579901516437,0.0030667157918214797,64.0,0.03103103103103104,576.558,0.221,0.18493547849999997,20.8315,1928.944,70.68,0.8083614624738693,0.666235663458705,0.666235663458705,1.0,-0.026504311420023442,-0.028849469544366003,-0.0241785588208586,0.0012076496611985734,0.6475,2,,,,,,,,,,-0.028263489678502084,-0.0247451331615448,True,range,True,0,-7.491350173950195e-06,-2.1686792933905963e-05,0.0,6.750157426439271e-06,0.5005,2,,,,,,,,,,-1.3408184051513672e-05,-1.5745162963867188e-06,True,range,True,0
D,posterior_mean_shrunk,family_horizon,B,2000,,,all,,phi_sf_k16_noT1000,learned,False,2,2,2000,2,True,True,0.14519251480698586,0.14157722406089307,0.14881397541612387,0.0018284567214109089,0.6631689476668835,0.14212579901516437,0.0030667157918214797,64.0,0.03103103103103104,576.553,0.217,0.18493102699999997,20.834999999999997,1887.7779999999998,89.064,0.8083614624738693,0.666235663458705,0.666235663458705,1.0,-0.026504311420023442,-0.028849469544366003,-0.0241785588208586,0.0012076496611985734,0.6475,2,,,,,,,,,,-0.028263489678502084,-0.0247451331615448,True,range,True,0,-7.491350173950195e-06,-2.1686792933905963e-05,0.0,6.750157426439271e-06,0.5005,2,,,,,,,,,,-1.3408184051513672e-05,-1.5745162963867188e-06,True,range,True,0
D,posterior_mean_shrunk,family_horizon,B,2000,,,all,,refine_after_init,baseline,False,2,2,2000,2,True,True,0.3163549204692244,0.31067545190453527,0.3220451518893242,0.002921087575470157,0.4920065420046449,0.31546084327995777,0.0008940771892666817,8.0,0.003003003003003004,1165.5235,0.0,0.503242292,3.8325,,,0.8083614624738693,0.666235663458705,0.49290061919391154,0.0,0.14465809424221515,0.13889862094074487,0.15034913830459118,0.0028886137154926802,0.12525,2,,,,,,,,,,0.13038428097963334,0.158931907504797,True,range,True,0,0.17115491431206464,0.16520009003579617,0.17691299598664045,0.002983770929503886,0.0885,2,,,,,,,,,,0.1586343624740839,0.1836754661500454,True,range,True,0
D,posterior_mean_shrunk,family,A,all,,,all,,always_search,baseline,False,8,4,16000,9,False,True,0.12604721070593222,0.12449869156116619,0.127567107899813,0.000776020569392361,0.664068367798347,0.08139368349686266,0.04465352720906958,64.0,0.18762778081415357,83.638875,11.0268125,0.055035791875000004,2.365125,,64.0,0.7901155785042793,0.7087218950074166,0.7087218950074166,1.0,-0.03806794119574544,-0.03963917314281894,-0.03651761675719172,0.0007959496586690242,0.6208888888888889,9,-0.11246383184243161,0.029089648614114588,0.022239728007591168,0.1575589547279856,0.125,-0.480980108544254,-0.0011795477181460318,-0.08317498843790963,-0.011405276414752006,,,False,env_mean_t,True,0,-3.174444039662679e-06,-1.217267444088874e-05,4.140574158858118e-06,4.20120010352843e-06,0.5001111111111111,9,-9.957706308762796e-06,5.196040249268776e-06,2.3808330297470094e-06,0.3910022189557705,1.0,-2.3808330297470094e-06,2.38083302974701e-06,-7.791817188262939e-06,0.0,,,False,env_mean_t,True,0
D,posterior_mean_shrunk,family,A,all,,,all,,cp0,reference,False,8,4,16000,9,False,True,0.16809413964103442,0.16645610198611394,0.16972677069716155,0.0008330548450994944,0.6220214388632448,0.15167827263660727,0.016415867004427126,22.17225,0.0444723057225562,128.7926875,0.5925625,0.13206398825,2.6555625000000003,,,0.7901155785042793,0.7087218950074166,0.638437305867672,0.0,0.0,0.0,0.0,0.0,0.5,9,0.0,0.0,0.0,1.0,1.0,0.0,0.0,0.0,0.0,,,False,env_mean_t,True,0,0.03806476675170577,0.0365161239518784,0.039635695268710455,0.0007959493876724142,0.37927777777777777,9,-0.02909572879103032,0.11246515035328786,0.022240890429052872,0.15759092867743754,0.125,0.0011727249494723271,0.48027128709323874,0.011399562415480614,0.08317498843790963,,,False,env_mean_t,True,0
D,posterior_mean_shrunk,family,A,all,,,all,,p3_star,reference,False,8,4,16000,9,False,True,0.12604721070593222,0.12449869156116619,0.127567107899813,0.000776020569392361,0.664068367798347,0.08139368349686266,0.04465352720906958,64.0,0.18762778081415357,83.6360625,11.0268125,0.055031443750000006,2.3686875,,171.0,0.7901155785042793,0.7087218950074166,0.7087218950074166,1.0,-0.03806476675170577,-0.039635695268710455,-0.0365161239518784,0.0007959493876724142,0.6207222222222222,9,-0.11246515035328786,0.02909572879103032,0.022240890429052872,0.15759092867743754,0.125,-0.48027128709323874,-0.0011727249494723271,-0.08317498843790963,-0.011399562415480614,,,False,env_mean_t,True,0,0.0,0.0,0.0,0.0,0.5,9,0.0,0.0,0.0,1.0,1.0,0.0,0.0,0.0,0.0,,,False,env_mean_t,True,0
D,posterior_mean_shrunk,family,A,all,,,all,,phi_k16,learned,False,8,4,16000,8,False,True,0.12589136358676478,0.12434679723810405,0.1274020918586757,0.0007712833351152851,0.6642242149175145,0.08646302006021142,0.03942834352655336,55.882875,0.14663220000607274,86.66625,4.007125,0.067259410625,2.3655,411.54200000000003,84.24949979319271,0.7901155785042793,0.7087218950074166,0.7036525584440678,0.7575624999999999,-0.042202776054269635,-0.04394605185079854,-0.040525188863102815,0.0008709900605032461,0.62440625,8,-0.11219977951889423,0.027794227410354977,0.02199471624970104,0.15081996465022424,0.125,-1.4841554296632788,-0.0032786232812746507,-0.08295764615247025,-0.01299233890324831,,,False,env_mean_t,True,0,-0.0001558471191674471,-0.0007522399181880245,0.00044772228930014526,0.00031105453536866396,0.5001875,8,-0.0018202020416432684,0.001508507803308374,0.0005229797340846094,0.7851507594338853,0.75,-0.008209093704372263,0.0012041750722103157,-0.0011703913137316704,0.0007197909895330667,,,False,env_mean_t,True,0
D,posterior_mean_shrunk,family,A,all,,,all,,phi_k16_clock,learned,False,8,4,16000,9,False,True,0.1270879472512752,0.12551247197552584,0.12863400423666463,0.000779694116296709,0.6630276312530041,0.08786637235991657,0.039221574891358614,57.0,0.15227424546061816,84.89543750000001,7.13375,0.058905829374999996,2.3801249999999996,468.0,64.0,0.7901155785042793,0.7087218950074166,0.7022492061443627,0.5,-0.03714284204432947,-0.03866684524109587,-0.0356043154037454,0.0007732872846345397,0.6225277777777778,9,-0.1063217946812103,0.02528601003705795,0.02067714457581959,0.14491587296230143,0.125,-0.5826059543657309,-0.0038502063215199583,-0.07841884304163978,-0.011805892506241799,,,False,env_mean_t,True,0,0.0009219247073762948,4.403901114831885e-05,0.0017902060729738877,0.00044705495567881414,0.5024444444444445,9,-0.004258920841179818,0.006592557759285002,0.0017048957876286046,0.5428574573131788,0.875,-0.0018864780451714734,0.3700536627692904,-0.0010211497999727725,0.0043718830780126155,,,False,env_mean_t,True,0
D,posterior_mean_shrunk,family,A,all,,,all,,phi_k16_cs,learned,False,8,4,16000,9,False,True,0.12590873965760693,0.1243586896744091,0.127424745290773,0.0007715640277456088,0.6642068388466723,0.08647124496474862,0.03943749469285831,55.862125,0.1465274020262748,86.6758125,3.9886875,0.06730451062500001,2.3655625000000002,412.011875,84.33830237485374,0.7901155785042793,0.7087218950074166,0.7036443335395306,0.7574375,-0.03819102657203459,-0.03975068581057712,-0.03669694948217107,0.000776547499729093,0.6221944444444445,9,-0.11244014089654178,0.029049728103279854,0.022229733894474638,0.1573707471278979,0.125,-0.7455801868919643,-0.0019145074672186,-0.08293933172198012,-0.011613277265429496,,,False,env_mean_t,True,0,-0.00012625982032881837,-0.0006556764356496893,0.00041061043760540385,0.00027705140212650907,0.5003333333333333,9,-0.0013727361373361716,0.0013517449063317744,0.000428048234332278,0.981977846808275,0.75,-0.0012575008426555581,0.0012565729073771167,-0.0008610328300432725,0.0007747342810034753,,,False,env_mean_t,True,0
D,posterior_mean_shrunk,family,A,all,,,all,,phi_k16_noT1000,learned,False,8,4,16000,8,False,True,0.1251453411090188,0.12359833886730484,0.12665942230378277,0.0007700690374934222,0.6649702373952604,0.08411210206523538,0.04103323904378339,58.4165,0.15942828586465863,85.5606875,6.243875000000001,0.06268968250000001,2.365125,491.605375,79.70169971126083,0.7901155785042793,0.7087218950074166,0.7060034764390439,0.81525,-0.042948798532015636,-0.044703340594423935,-0.041249264182988556,0.0008794087498159991,0.62796875,8,-0.11186452877335243,0.02596693170932115,0.021654954594809137,0.1415991050957269,0.125,-1.2917893978563142,-0.004288822014479103,-0.08333248500013724,-0.014501324892044067,,,False,env_mean_t,True,0,-0.0009018695969134568,-0.001380075437919004,-0.0004078956553712488,0.000248803428728578,0.5033125,8,-0.003153861157891424,0.0013501219640645104,0.0007076290830858833,0.29224820367666204,0.5,-0.004246323599962643,0.00036366639673853906,-0.0022331191040575503,0.0,,,False,env_mean_t,True,0
D,posterior_mean_shrunk,family,A,all,,,all,,phi_k16_noT200,learned,False,8,4,16000,8,False,True,0.1253539780895226,0.12380457429098897,0.1268567195860669,0.0007699546980695262,0.6647616004147567,0.0850016975030303,0.040352280586492276,57.488125,0.154739523238396,86.0930625,5.624812500000001,0.065030560625,2.365125,415.559625,81.18769779991698,0.7901155785042793,0.7087218950074166,0.7051138810012489,0.8005625,-0.04274016155151184,-0.044487312572891825,-0.04106787169293966,0.0008748878984174108,0.62634375,8,-0.11196163108643871,0.02648130798341501,0.021751025121775285,0.14415140523306066,0.125,-0.8745882521487601,-0.0036587177319080608,-0.08335083110490815,-0.014084050931036473,,,False,env_mean_t,True,0,-0.0006932326164096594,-0.0012015534681268035,-0.00017919875463121587,0.00026490226413528474,0.502625,8,-0.0022456669290310616,0.000859201696211743,0.0004878116278172387,0.25039827683392896,0.5,-0.0021285431570572185,0.00016422158716336858,-0.0015521698482334613,0.0,,,False,env_mean_t,True,0
D,posterior_mean_shrunk,family,A,all,,,all,,phi_sf_k16,learned,False,8,4,16000,9,False,True,0.1253488575196825,0.1237956955563277,0.1268599241564516,0.0007731389087299107,0.6647667209845967,0.08231119041144848,0.04303766710823402,61.492625000000004,0.17496427071314347,84.13425000000001,8.466,0.056894329375,2.365125,473.780375,77.23747318907814,0.7901155785042793,0.7087218950074166,0.7078043880928309,0.872375,-0.03868869958352297,-0.0402478994982731,-0.0371559181302372,0.0007910604547487284,0.6249722222222222,9,-0.11222279881822031,0.027830003301964695,0.02200395367042958,0.15098239267733857,0.125,-0.5625324462172089,-0.0022534498615719156,-0.08330620049731807,-0.012522641512751582,,,False,env_mean_t,True,0,-0.0006239328318172031,-0.00091592864038527,-0.00034153997067202607,0.000144392682711931,0.5029999999999999,9,-0.0016533641881120269,0.000629990234113938,0.0003587420184332708,0.24902911769557615,0.5,-0.001551929318404787,0.00012607654046741597,-0.0012451906393874774,0.0,,,False,env_mean_t,True,0
D,posterior_mean_shrunk,family,A,all,,,all,,phi_sf_k16_noT1000,learned,False,8,4,16000,9,False,True,0.12573918556934222,0.12420668364502489,0.1272603943652939,0.0007715780924254438,0.6643763929349371,0.0856485648676753,0.040090620701666926,56.6115,0.15087031132973017,86.5019375,4.6974374999999995,0.06576894375,2.365625,374.98199999999997,108.10634058789509,0.7901155785042793,0.7087218950074166,0.704467013636604,0.76475,-0.03834174131715877,-0.03989877997794085,-0.03684552409298097,0.0007798714309587049,0.6231944444444445,9,-0.11234627121598253,0.028692205382788355,0.022158814803035245,0.15552225298559275,0.125,-0.7483433857576346,-0.0021358242343404235,-0.08297876207204535,-0.011898116633296013,,,False,env_mean_t,True,0,-0.00027697456545299956,-0.0007762650824342168,0.00023344079797122194,0.00025841958387921366,0.5012222222222222,9,-0.0015563026518438672,0.001271658380907219,0.00044430616599185324,0.7697369279120188,1.0,-0.0017974939762461523,0.0010038148464266766,-0.0011079769134521487,0.0005886790975928307,,,False,env_mean_t,True,0
D,posterior_mean_shrunk,family,A,all,,,all,,refine_after_init,baseline,False,8,4,16000,9,False,True,0.2329724015785032,0.2311363080982119,0.23480525363702326,0.00094076360152826,0.5571431769257761,0.22410722526069732,0.00886517631780589,8.0,0.01815752717556324,242.336,0.0675625,0.283762669375,1.1375,,,0.7901155785042793,0.7087218950074166,0.5660083532435819,0.0,0.06362052074297228,0.06217787375466691,0.06509688915426119,0.0007489838078648653,0.28075000000000006,9,0.00014250245156857688,0.13335878798157905,0.020929855958423553,0.04973949201874303,0.125,0.030085190970355058,3.621801772709988,0.03884028491079807,0.10537414570065448,,,False,env_mean_t,True,0,0.10168528749467806,0.09978558545828695,0.10361622509857019,0.0009703894485695157,0.21747222222222223,9,-0.028915678945742457,0.2457863909411476,0.04315894810712305,0.08674926078295192,0.125,0.031300172257511846,1.6208040096505207,0.05023984732627869,0.1885491341385641,,,False,env_mean_t,True,0
D,posterior_mean_shrunk,family,B,all,,,all,,always_search,baseline,False,8,4,16000,10,False,True,0.07748461887655139,0.07633086905261735,0.07864199297873711,0.0005886936265480932,0.7754957998111349,0.047303965001367035,0.03018065387518436,64.0,0.18762778081415357,107.5495625,20.260875,0.088501789375,4.968562500000001,,64.0,0.8529804186876864,0.8056764536863192,0.8056764536863192,1.0,-0.028210914999281522,-0.029421957801678215,-0.027032516653416678,0.0006097564116227435,0.61405,10,-0.0656066152330441,0.01801859746382801,0.013138511175825969,0.1678206035861322,0.125,-1.0344599638312189,0.041115075370683526,-0.045878539457975424,-0.001709478311240673,,,False,env_mean_t,True,0,-5.3304523229599e-06,-1.1195413608220407e-05,-6.486704637609363e-07,2.7223473573092237e-06,0.5001749999999999,10,-1.4765547185699883e-05,3.6016096369035463e-06,2.8856978344157858e-06,0.14853054549010175,0.25,-5.27486573743252e-05,1.3708847862803827e-06,-1.0512527492311267e-05,-1.4897982279459636e-06,,,False,env_mean_t,True,0
D,posterior_mean_shrunk,family,B,all,,,all,,cp0,reference,False,8,4,16000,10,False,True,0.10612218477064744,0.10486082703282591,0.10741382549458649,0.0006591120374153527,0.7468582339170389,0.09435031333798542,0.01177187143266201,22.203500000000002,0.04449602740835204,143.0370625,1.8991875,0.158505704625,3.927125,,,0.8529804186876864,0.8056764536863192,0.7586301053497009,0.0,0.0,0.0,0.0,0.0,0.5,10,0.0,0.0,0.0,1.0,1.0,0.0,0.0,0.0,0.0,,,False,env_mean_t,True,0,0.02820558454695856,0.027026596373616485,0.029415677256765773,0.0006096952853186163,0.3859,10,-0.018026311630508843,0.06560316546217614,0.013139181162905685,0.16790739493070952,0.125,-0.04112644793775476,1.0470701659193407,0.0017026387602090834,0.04587421507145822,,,False,env_mean_t,True,0
D,posterior_mean_shrunk,family,B,all,,,all,,p3_star,reference,False,8,4,16000,10,False,True,0.0774894091044116,0.07633519493465428,0.0786449902861932,0.0005886888180260727,0.7754910095832748,0.047303965001367035,0.03018544410304457,64.0,0.18762778081415357,107.4470625,20.2358125,0.08832728800000002,4.9743125,,171.0,0.8529804186876864,0.8056764536863192,0.8056764536863192,1.0,-0.02820558454695856,-0.029415677256765773,-0.027026596373616485,0.0006096952853186163,0.6141000000000001,10,-0.06560316546217614,0.018026311630508843,0.013139181162905685,0.16790739493070952,0.125,-1.0470701659193407,0.04112644793775476,-0.04587421507145822,-0.0017026387602090834,,,False,env_mean_t,True,0,0.0,0.0,0.0,0.0,0.5,10,0.0,0.0,0.0,1.0,1.0,0.0,0.0,0.0,0.0,,,False,env_mean_t,True,0
D,posterior_mean_shrunk,family,B,all,,,all,,phi_k16,learned,False,8,4,16000,8,False,True,0.07725711283129931,0.07611892092427297,0.07841021929343697,0.0005848945810092101,0.775723305856387,0.05020112809818238,0.027055984733116926,52.336375000000004,0.1287205838444566,112.09312499999999,10.349,0.11096865875,4.9738125,390.220375,82.82756354300385,0.8529804186876864,0.8056764536863192,0.8027792905895039,0.6736875,-0.02886507193934813,-0.030229403463454218,-0.027536975986731705,0.0006832019519915655,0.60784375,8,-0.07746308525833019,0.01973294137963393,0.015270646746905493,0.15511890389870378,0.125,-0.9653809755662608,0.03157667924866073,-0.054126657817600066,-0.003603486061096191,,,False,env_mean_t,True,0,-0.0002322962731122971,-0.0007281742323995032,0.0002601862885512672,0.00025446840871010416,0.5019687500000001,8,-0.004238780209072517,0.003774187662847923,0.001258932139501738,0.8653753786244753,0.75,-0.003568138042467788,0.0031869257720359783,-0.0024535755291581153,0.0020218169912695886,,,False,env_mean_t,True,0
D,posterior_mean_shrunk,family,B,all,,,all,,phi_k16_clock,learned,False,8,4,16000,10,False,True,0.07788557856425177,0.07673692457465223,0.07905636293216957,0.0005834217188908483,0.7750948401234345,0.05154663909506053,0.026338939469191247,57.0,0.15227424546061816,109.2148125,14.7281875,0.09538451125,4.9728125,468.0,64.0,0.8529804186876864,0.8056764536863192,0.8014337795926259,0.5,-0.02789014724912122,-0.029052653198014013,-0.026744021938066,0.0005911567441941978,0.6146,10,-0.06284262166634988,0.015373365928855208,0.012288657858161776,0.14895791894105642,0.125,-1.759321882182241,0.04405104473415524,-0.04451222477061675,-0.0029570309668779373,,,False,env_mean_t,True,0,0.0003154372978373431,-0.00027882945909709625,0.0009275338453755919,0.00030664686373174107,0.5012,10,-0.003030060121585639,0.0031376582157582595,0.0009690215868063264,0.959215671302115,0.875,-0.0022606601826537535,0.0028066252585930247,-0.0013565808282777045,0.0019713223169383126,,,False,env_mean_t,True,0
D,posterior_mean_shrunk,family,B,all,,,all,,phi_k16_cs,learned,False,8,4,16000,10,False,True,0.07728297294345975,0.07613638338661985,0.07844408957098495,0.0005850105654601009,0.7756974457442265,0.05021819570939988,0.027064777234059874,52.321875,0.12864735152122428,112.09725,10.335625,0.11098013687500001,4.9738125,390.2785,82.96374193548387,0.8529804186876864,0.8056764536863192,0.8027622229782865,0.6734375,-0.028372231745754834,-0.029548552981868852,-0.027212183013907636,0.0005978283520680064,0.615575,10,-0.06322971854262147,0.014751727945076759,0.012251808672816927,0.1422785071644363,0.125,-0.6472223204999359,0.04054657250334476,-0.04490517753368476,-0.0035728130638599392,,,False,env_mean_t,True,0,-0.00016664719879627238,-0.0005585799994332775,0.00022481411612716324,0.00020341134644856493,0.5015,10,-0.0038435615144146377,0.0029424247485372317,0.0010661587992365066,0.7010423875097819,0.625,-0.003540597353962566,0.002157610849291247,-0.0021530476113160455,0.0014557910040020943,,,False,env_mean_t,True,0
D,posterior_mean_shrunk,family,B,all,,,all,,phi_k16_noT1000,learned,False,8,4,16000,8,False,True,0.07650201452938199,0.07536736665206263,0.07766507321503013,0.0005819269137557734,0.7764784041583044,0.04854386518802494,0.027958149341357055,55.272875,0.14355139192526467,110.55250000000001,13.128874999999999,0.10338850187500001,4.968562500000001,481.89712499999996,82.81973361227335,0.8529804186876864,0.8056764536863192,0.8044365534996614,0.7324999999999999,-0.02962017024126544,-0.03099236967318575,-0.028286090169785894,0.0006888439964399247,0.61075,8,-0.07988205261532,0.020641712132789126,0.01579347380994503,0.15739898109550535,0.125,-1.2093659412999223,0.02730414895104718,-0.05551674682283192,-0.003723593659698963,,,False,env_mean_t,True,0,-0.0009873945750296115,-0.0013744686134700144,-0.0005935898245418514,0.0002014780848394822,0.5056875000000001,8,-0.003481990416817241,0.0015072012667580177,0.0007838610937899993,0.29687705871659126,0.5,-0.03530174964455739,0.00041601561517495486,-0.0024488572776317596,4.616574943065644e-05,,,False,env_mean_t,True,0
D,posterior_mean_shrunk,family,B,all,,,all,,phi_k16_noT200,learned,False,8,4,16000,8,False,True,0.0766396554098028,0.07550647334719543,0.07779598188899399,0.000582038149583834,0.7763407632778835,0.0489543423121795,0.027685313097623294,54.241375000000005,0.1383417959656687,111.1885,12.312562500000002,0.10688019112500001,4.969,411.23725,82.74883261842166,0.8529804186876864,0.8056764536863192,0.8040260763755069,0.7289375,-0.029482529360844636,-0.030841704171689344,-0.02815512542365468,0.0006874508960565377,0.6092500000000001,8,-0.07947739221870145,0.020512333497012186,0.015709569954048257,0.15720362154296644,0.125,-0.822273213163441,0.028022638325112034,-0.055277544781652976,-0.003687513940036296,,,False,env_mean_t,True,0,-0.0008497536946088075,-0.0012468783594343333,-0.00044526983000778845,0.00020357817653235695,0.50353125,8,-0.0037836923718010435,0.0020841849825834285,0.0009219130177691033,0.42464925145459975,0.75,-0.007345136590757886,0.0010326051461787757,-0.0026604591608047484,0.00032243381626904016,,,False,env_mean_t,True,0
D,posterior_mean_shrunk,family,B,all,,,all,,phi_sf_k16,learned,False,8,4,16000,10,False,True,0.07693042104733468,0.07579605906903453,0.07807214813292376,0.0005863523884672882,0.7760499976403517,0.0475955654932186,0.029334855554116076,60.075625,0.1678077050565778,108.5605625,16.6124375,0.09345567237500002,4.968562500000001,462.7305,80.11542819592911,0.8529804186876864,0.8056764536863192,0.8053848531944676,0.7826875,-0.0286542732626549,-0.02986767626105575,-0.02748259447165765,0.0006070908472126257,0.616525,10,-0.06523385153148036,0.01655205840297144,0.01284953493145594,0.1544972162255023,0.125,-50.56749222691487,0.03741933349390689,-0.04590778005625665,-0.0027740130722522733,,,False,env_mean_t,True,0,-0.0004486887156963348,-0.0006764493040827801,-0.00022221045231844984,0.00011628232181118552,0.502475,10,-0.0017610664578536256,0.0006561271610120047,0.0003797697411033213,0.24173098316987265,0.125,-0.013718690140547728,0.00011581502540782321,-0.0011157672703266143,-3.3564984798431394e-05,,,False,env_mean_t,True,0
D,posterior_mean_shrunk,family,B,all,,,all,,phi_sf_k16_noT1000,learned,False,8,4,16000,10,False,True,0.076881552959283,0.0757451558001776,0.07803672120644478,0.0005819798659683113,0.7760988657284034,0.04962264409195632,0.02725890886732668,53.240375,0.13341376819295156,111.17456250000001,11.02075,0.10785260275,4.962625000000001,348.368375,111.51237601664883,0.8529804186876864,0.8056764536863192,0.80335777459573,0.6898124999999999,-0.028693367733096237,-0.029889820758835412,-0.027525413623952773,0.0005992334030908097,0.61615,10,-0.06398851735887479,0.014941980103569143,0.012400915819286299,0.14239820839427358,0.125,-0.5820997397212854,0.037352395508681024,-0.04537376415486991,-0.0036727731004357334,,,False,env_mean_t,True,0,-0.00048778318613767633,-0.000855269068315465,-0.0001222923907133123,0.00018760637032968052,0.5021249999999999,10,-0.003770621062378382,0.0023009376387400386,0.0009539137692658031,0.4972002827106339,0.625,-0.005372527041453906,0.0013151008334606063,-0.002293089816967646,0.0007311457950960505,,,False,env_mean_t,True,0
D,posterior_mean_shrunk,family,B,all,,,all,,refine_after_init,baseline,False,8,4,16000,10,False,True,0.15823878979100847,0.15665682419785298,0.1598456064471975,0.0008141448799400633,0.6947416288966779,0.15210461436328476,0.006134175427723676,8.0,0.01815752717556324,266.3004375,0.4450625,0.328797447625,1.529,,,0.8529804186876864,0.8056764536863192,0.7008758043244016,0.0,0.07062490286473186,0.06902136225951835,0.07220220912480727,0.0008145382431506469,0.27075000000000005,10,-0.0183356573816722,0.14271983439745609,0.025303724922512174,0.09104350705291973,0.125,-0.05065017084702078,0.5416628163179907,0.020028016723692418,0.1043561602920915,,,False,env_mean_t,True,0,0.0988304874116904,0.0970090266619809,0.10063112685456872,0.0009313929231299261,0.21535,10,-0.03625241463737787,0.20821344548482906,0.03840848150624388,0.11110768806384508,0.125,-0.09123385817693724,1.3933854673050579,0.0217306554839015,0.1502303753635497,,,False,env_mean_t,True,0
D,posterior_mean_shrunk,horizon,all,200,,,all,,always_search,baseline,False,8,8,16000,8,True,True,0.10625435175649181,0.10476082931854762,0.1077591353241587,0.0007773806189194201,0.6933539652722394,0.04231621509231627,0.06393813666417555,64.0,0.31313131313131315,18.3018125,23.475625,0.045722028125,0.0010625,,64.0,0.7996083170287311,0.7572921019364148,0.7572921019364148,1.0,-0.0397864417386445,-0.04172384592075105,-0.03787650667318303,0.0009891945686432185,0.59775,8,-0.07956440866501566,-8.474812273347176e-06,0.016822109009318145,0.049962961289724335,0.015625,-0.13913798376789627,-0.009706948660206237,-0.07322519474243745,-0.012103370534954591,,,False,env_mean_t,True,0,-4.077672958374024e-06,-9.523507128506025e-06,-4.0610768579086026e-07,2.419695205321103e-06,0.5001875,8,-1.371983732580933e-05,5.564491409061283e-06,4.077672958374023e-06,0.3506166628202074,1.0,-4.077672958374024e-06,1.4934889141784347e-06,-1.2233018875122071e-05,0.0,,,False,env_mean_t,True,0
D,posterior_mean_shrunk,horizon,all,200,,,all,,cp0,reference,False,8,8,16000,8,True,True,0.14604079349513632,0.14440732331713663,0.14768327485071495,0.0008408774183034372,0.6535675235335948,0.12442453552410007,0.021616257971036248,13.982625,0.060518308080808055,40.8958125,0.7611249999999999,0.14017535625,0.5449999999999999,,,0.7996083170287311,0.7572921019364148,0.6751837815046311,0.0,0.0,0.0,0.0,0.0,0.5,8,0.0,0.0,0.0,1.0,1.0,0.0,0.0,0.0,0.0,,,False,env_mean_t,True,0,0.039782364065686124,0.03787438645858856,0.04172225565325789,0.0009891934543530855,0.40234375,8,1.4015060378694266e-06,0.07956332662533439,0.016823375863142843,0.049993873319901024,0.015625,0.009432516378770687,0.12607185171052654,0.012525354301949846,0.07318152153474584,,,False,env_mean_t,True,0
D,posterior_mean_shrunk,horizon,all,200,,,all,,p3_star,reference,False,8,8,16000,8,True,True,0.10625842942945019,0.10476326996576972,0.10776163392001763,0.0007773818541604343,0.693349887599281,0.04231621509231627,0.06394221433713393,64.0,0.31313131313131315,18.30125,23.474625,0.045718162500000006,0.0010625,,70.0,0.7996083170287311,0.7572921019364148,0.7572921019364148,1.0,-0.039782364065686124,-0.04172225565325789,-0.03787438645858856,0.0009891934543530855,0.59765625,8,-0.07956332662533439,-1.4015060378694266e-06,0.016823375863142843,0.049993873319901024,0.015625,-0.1378058998556252,-0.009638307651662122,-0.07290541124114638,-0.012507778282976527,,,False,env_mean_t,True,0,0.0,0.0,0.0,0.0,0.5,8,0.0,0.0,0.0,1.0,1.0,0.0,0.0,0.0,0.0,,,False,env_mean_t,True,0
D,posterior_mean_shrunk,horizon,all,200,,,all,,phi_k16,learned,False,8,8,16000,8,True,True,0.10587102763071017,0.10436146731080953,0.10737695296411402,0.0007697612561906604,0.693737289398021,0.05028271475248039,0.05558831287822977,44.21925,0.21322853535353536,25.8893125,6.55475,0.080442034375,0.006687500000000001,39.010875,100.0511759620744,0.7996083170287311,0.7572921019364148,0.7493256022762507,0.43125,-0.04016976586442615,-0.04204272421484347,-0.03833323886719882,0.0009573539827467439,0.6013124999999999,8,-0.07846292573680867,-0.0018766059920436312,0.016194183852503704,0.04217886404413197,0.0078125,-0.1404546852163699,-0.01188950188746609,-0.07254736774449702,-0.014267502071317387,,,False,env_mean_t,True,0,-0.00038740179874002936,-0.0011736085505617666,0.00039868643470981603,0.00040187800244924745,0.50228125,8,-0.003374970865548318,0.0026001672680682594,0.0012634434687861702,0.7680494055563504,0.78125,-0.0033033397726968208,0.002349261258241281,-0.002699312811717391,0.0019857053365558387,,,False,env_mean_t,True,0
D,posterior_mean_shrunk,horizon,all,200,,,all,,phi_k16_clock,learned,False,8,8,16000,8,True,True,0.10769604798953514,0.1061874798120698,0.1092401648813393,0.0007770819349813817,0.6919122690391959,0.05303157804906368,0.05466446994047146,50.0,0.24242424242424232,21.223625,14.049874999999998,0.0564747875,0.0203125,0.0,,0.7996083170287311,0.7572921019364148,0.7465767389796674,0.0,-0.038344745505601165,-0.04024453070596792,-0.036502595373167426,0.0009479430471953433,0.60028125,8,-0.07362384690205406,-0.003065644109148266,0.014919538008074348,0.03700234209991364,0.0078125,-0.11031277330000547,-0.010984912710302937,-0.06805676601815502,-0.01433373591471464,,,False,env_mean_t,True,0,0.0014376185600849566,0.0002104598383084529,0.002678318729613238,0.0006323312849317429,0.50409375,8,-0.003341053632601141,0.006216290752771054,0.0020209012867339234,0.49986418470193034,0.53125,-0.002143342585054627,0.011700721866026012,-0.0018547609234956326,0.005419412998016924,,,False,env_mean_t,True,0
D,posterior_mean_shrunk,horizon,all,200,,,all,,phi_k16_cs,learned,False,8,8,16000,8,True,True,0.10591426381371277,0.1044089268805692,0.10741748641303275,0.0007701306046526787,0.6936940532150184,0.05030800726823509,0.05560625654547766,44.184,0.21305050505050507,25.903,6.5229375,0.08049861250000001,0.006750000000000001,39.124375,100.25411364737589,0.7996083170287311,0.7572921019364148,0.749300309760496,0.430875,-0.040126529681423564,-0.042006052150100004,-0.03827865638959338,0.0009578022165279634,0.601125,8,-0.07843233352823271,-0.0018207258346144145,0.01619953099144898,0.042394873880613214,0.0078125,-0.14124762927504458,-0.011447283190279222,-0.07245550109707802,-0.01381495448644273,,,False,env_mean_t,True,0,-0.00034416561573743826,-0.0011248104901369514,0.0004439994945641956,0.00040220406182934863,0.5021249999999999,8,-0.003342545584160638,0.002654214352685762,0.0012680154009261833,0.7938976859191782,0.78125,-0.0032373920909651325,0.002451375966325748,-0.0026867367178201674,0.0019832510612905023,,,False,env_mean_t,True,0
D,posterior_mean_shrunk,horizon,all,200,,,all,,phi_k16_noT1000,learned,False,8,8,16000,8,True,True,0.10436987781240895,0.10285511057300027,0.10585793354548514,0.0007662883087144912,0.6952384392163222,0.04627453384734691,0.05809534396506205,49.689375,0.2408554292929293,23.2265625,11.5606875,0.06826263125000001,0.0010625,50.695625,98.52143332353418,0.7996083170287311,0.7572921019364148,0.7533337831813842,0.54775,-0.04167091568272736,-0.043566343822749334,-0.03979860429681139,0.0009690222781294943,0.6077812499999999,8,-0.08012449891673712,-0.003217332448717594,0.01626202691954456,0.037416679550935375,0.0078125,-0.13475609022300475,-0.013215901332083467,-0.07374764099862732,-0.01540387192473975,,,False,env_mean_t,True,0,-0.00188855161704123,-0.002522368743575498,-0.0012545079288429411,0.0003201463533612437,0.5090937499999999,8,-0.004202578478852685,0.0004254752447702254,0.0009786023552167975,0.09494387867713043,0.125,-0.008423282212281592,-0.0001537698294002373,-0.0038656906224787237,-0.0002905397973954678,,,False,env_mean_t,True,0
D,posterior_mean_shrunk,horizon,all,200,,,all,,phi_k16_noT200,learned,False,8,8,16000,8,True,True,0.10471639861068979,0.10319646693533287,0.10619471268728375,0.000766257934567243,0.6948919184180413,0.047574606409296394,0.0571417922013934,47.7295,0.23095707070707072,24.406375,10.1326875,0.074115378125,0.0015,47.615875,92.33653041833864,0.7996083170287311,0.7572921019364148,0.7520337106194348,0.5295,-0.041324394884446516,-0.04321039792339434,-0.039487623846071074,0.0009639273646405223,0.6046874999999999,8,-0.07979197092101332,-0.002856818847879708,0.016267944478136637,0.03865077079558664,0.0078125,-0.1326055283821764,-0.013123567410030169,-0.07324004881232395,-0.015205384029468406,,,False,env_mean_t,True,0,-0.001542030818760395,-0.0022034511299352743,-0.0008810204814835745,0.000334087529493832,0.50628125,8,-0.0038308872235333523,0.000746825586012562,0.0009679577646347868,0.1551711990546969,0.1875,-0.007169440827445125,7.847388194726014e-05,-0.0034597246069461105,6.233198568224925e-06,,,False,env_mean_t,True,0
D,posterior_mean_shrunk,horizon,all,200,,,all,,phi_sf_k16,learned,False,8,8,16000,8,True,True,0.10500145533955949,0.10349904346803669,0.10649758096260484,0.0007727260933412794,0.6946068616891716,0.04352532249875367,0.06147613284080581,57.568250000000006,0.28064772727272724,19.859562500000003,17.2995625,0.05262284375,0.0010625,57.165375,82.95990138500726,0.7996083170287311,0.7572921019364148,0.7560829945299775,0.6550625,-0.041039338155576845,-0.042970781189069385,-0.03913788901481894,0.0009816406284212805,0.60584375,8,-0.08001404990551803,-0.002064626405635657,0.016482412257967947,0.04160347551408613,0.0078125,-0.1431321605455805,-0.011729990795489923,-0.07333750645444306,-0.014167620224796701,,,False,env_mean_t,True,0,-0.0012569740898907185,-0.001695593948778651,-0.000828618240279866,0.00021791012589932274,0.5067187499999999,8,-0.0027010353324387996,0.0001870871526573625,0.000610693746194719,0.07856519284548763,0.0625,-0.004967579164182067,-0.00013816899341200016,-0.002519165225327015,-0.00027415104955434797,,,False,env_mean_t,True,0
D,posterior_mean_shrunk,horizon,all,200,,,all,,phi_sf_k16_noT1000,learned,False,8,8,16000,8,True,True,0.10533043699427799,0.10381399638135917,0.1068208179087378,0.0007678543954889074,0.6942778800344531,0.04885797615535557,0.05647246083892242,46.02125,0.22232954545454547,24.940062500000003,8.0868125,0.07625908437500001,0.00575,37.058375,98.931873066742,0.7996083170287311,0.7572921019364148,0.7507503408733756,0.466375,-0.04071035650085833,-0.0425913486549689,-0.03884005619838717,0.0009626248367097299,0.60328125,8,-0.07918363418632723,-0.002237078815389426,0.016270355706431473,0.04086535851538813,0.0078125,-0.1449513534333939,-0.01199499652775081,-0.07332552536877811,-0.014245289733773103,,,False,env_mean_t,True,0,-0.0009279924351722001,-0.0016537018648023149,-0.00018354331023147114,0.0003732260929291297,0.50365625,8,-0.003571280132538629,0.0017152952621942285,0.0011178468188279556,0.433843906951064,0.5,-0.0053705051702062755,0.0011374652353794501,-0.003091744925826788,0.0009672605749219657,,,False,env_mean_t,True,0
D,posterior_mean_shrunk,horizon,all,200,,,all,,refine_after_init,baseline,False,8,8,16000,8,True,True,0.17800003222754457,0.17621957547962666,0.17975719811511226,0.0009093136625480059,0.6216082848011865,0.16520992126967757,0.012790110957867001,8.0,0.03030303030303029,61.233999999999995,0.32375,0.23994395000000002,0.393625,,,0.7996083170287311,0.7572921019364148,0.6343983957590535,0.0,0.03195923873240827,0.030595283696311527,0.03333988106169272,0.0007164704714217646,0.4030625,8,0.01259912739696949,0.05131935006784705,0.008187394391475951,0.005872588499604637,0.0078125,0.017037963354655714,0.07798758522922891,0.018190098979044708,0.04809568381444696,,,False,env_mean_t,True,0,0.0717416027980944,0.06959817329188808,0.07384697273664642,0.0010761114152730456,0.32653125,8,0.012635761641709667,0.13084744395447911,0.024995870323402,0.023987267284893588,0.0078125,0.027266858202718645,0.21872061447766727,0.030688241409758853,0.12042711712136403,,,False,env_mean_t,True,0
D,posterior_mean_shrunk,horizon,all,1000,,,all,,always_search,baseline,False,8,8,16000,8,True,True,0.0972774778259918,0.0961018839811004,0.09843260729285248,0.000586896484387877,0.7462102023372426,0.08638143340591341,0.010896044420078396,64.0,0.062124248496993974,172.88662499999998,7.8120625,0.097815553125,7.332625000000001,,64.0,0.8434876801632345,0.7571062467573211,0.7571062467573211,1.0,-0.03089805309055373,-0.03197744980861898,-0.029841430509623023,0.0005557532052745992,0.6309375,8,-0.053539198535592955,-0.0082569076455145,0.009574944276998095,0.014512544816398567,0.0078125,-0.059485084183582164,-0.010918865598427974,-0.048944771106354895,-0.014216013673692943,,,False,env_mean_t,True,0,-7.125549018383025e-07,-4.358297243811648e-06,2.186409767546138e-06,1.6962450235379584e-06,0.49990625,8,-4.502283796525195e-06,3.0771739928485907e-06,1.6026769970468564e-06,0.6700281487064088,1.0,-5.182860121287684e-06,2.0027045732932566e-06,-4.111357033252716e-06,1.973692327737808e-06,,,False,env_mean_t,True,0
D,posterior_mean_shrunk,horizon,all,1000,,,all,,cp0,reference,False,8,8,16000,8,True,True,0.12817553091654552,0.12690360060951206,0.1294412275798095,0.0006491026268602725,0.7153121492466888,0.12160405045049265,0.00657148046605289,30.393125,0.02845002505010019,230.93393749999998,1.7306249999999999,0.150394336625,6.0376875000000005,,,0.8434876801632345,0.7571062467573211,0.7218836297127419,0.0,0.0,0.0,0.0,0.0,0.5,8,0.0,0.0,0.0,1.0,1.0,0.0,0.0,0.0,0.0,,,False,env_mean_t,True,0,0.030897340535651893,0.029840631544357166,0.03197630368813407,0.000555758329056068,0.36884375,8,0.008257591440745466,0.053537089630558324,0.009574353760288363,0.014510039598592558,0.0078125,0.00995978431520431,0.05984916675600019,0.014319599822163583,0.049277999919676164,,,False,env_mean_t,True,0
D,posterior_mean_shrunk,horizon,all,1000,,,all,,p3_star,reference,False,8,8,16000,8,True,True,0.09727819038089365,0.0961027140776423,0.09843430733562855,0.0005868900249715137,0.7462094897823408,0.08638143340591341,0.010896756974980236,64.0,0.062124248496993974,172.781875,7.788,0.09764056925,7.341937499999999,,272.0,0.8434876801632345,0.7571062467573211,0.7571062467573211,1.0,-0.030897340535651893,-0.03197630368813407,-0.029840631544357166,0.000555758329056068,0.63115625,8,-0.053537089630558324,-0.008257591440745466,0.009574353760288363,0.014510039598592558,0.0078125,-0.059775735734068663,-0.010143611278966992,-0.04920383178039919,-0.014344583895057439,,,False,env_mean_t,True,0,0.0,0.0,0.0,0.0,0.5,8,0.0,0.0,0.0,1.0,1.0,0.0,0.0,0.0,0.0,,,False,env_mean_t,True,0
D,posterior_mean_shrunk,horizon,all,1000,,,all,,phi_k16,learned,False,8,8,16000,8,True,True,0.09727744878735395,0.09610137804229453,0.09843273587612203,0.0005868962961105422,0.7462102313758805,0.08638143340591341,0.01089601538144052,64.0,0.062124248496993974,172.87006250000002,7.801375,0.097786035,7.332625000000001,762.7515000000001,73.30699999999999,0.8434876801632345,0.7571062467573211,0.7571062467573211,1.0,-0.030898082129191606,-0.03197723674820736,-0.029841654388292227,0.0005557534924941819,0.6309375,8,-0.05353919728995954,-0.008256966968423669,0.00957493146977459,0.014512397049323835,0.0078125,-0.06003342908557989,-0.010163087711659077,-0.0492053102159407,-0.014295269254758039,,,False,env_mean_t,True,0,-7.415935397148132e-07,-4.563140228697191e-06,2.405052742915358e-06,1.7793685033353463e-06,0.49987499999999996,8,-4.495197214673695e-06,3.0120101352440693e-06,1.587399635451805e-06,0.6545677998021775,1.0,-5.273594224411988e-06,1.924805532860721e-06,-4.111357033252716e-06,1.8865764141082763e-06,,,False,env_mean_t,True,0
D,posterior_mean_shrunk,horizon,all,1000,,,all,,phi_k16_clock,learned,False,8,8,16000,8,True,True,0.0972774778259918,0.0961018839811004,0.09843260729285248,0.000586896484387877,0.7462102023372426,0.08638143340591341,0.010896044420078396,64.0,0.062124248496993974,172.88662499999998,7.8120625,0.097815553125,7.332625000000001,936.0,64.0,0.8434876801632345,0.7571062467573211,0.7571062467573211,1.0,-0.03089805309055373,-0.03197744980861898,-0.029841430509623023,0.0005557532052745992,0.6309375,8,-0.053539198535592955,-0.0082569076455145,0.009574944276998095,0.014512544816398567,0.0078125,-0.0604048488594226,-0.010545360296108208,-0.048900454848888324,-0.014320970274507999,,,False,env_mean_t,True,0,-7.125549018383025e-07,-4.358297243811648e-06,2.186409767546138e-06,1.6962450235379584e-06,0.49990625,8,-4.502283796525195e-06,3.0771739928485907e-06,1.6026769970468564e-06,0.6700281487064088,1.0,-5.182860121287684e-06,2.0027045732932566e-06,-4.111357033252716e-06,1.973692327737808e-06,,,False,env_mean_t,True,0
D,posterior_mean_shrunk,horizon,all,1000,,,all,,phi_k16_cs,learned,False,8,8,16000,8,True,True,0.09727744878735395,0.09610137804229453,0.09843273587612203,0.0005868962961105422,0.7462102313758805,0.08638143340591341,0.01089601538144052,64.0,0.062124248496993974,172.87006250000002,7.801375,0.097786035,7.332625000000001,763.166,73.36,0.8434876801632345,0.7571062467573211,0.7571062467573211,1.0,-0.030898082129191606,-0.03197723674820736,-0.029841654388292227,0.0005557534924941819,0.6309375,8,-0.05353919728995954,-0.008256966968423669,0.00957493146977459,0.014512397049323835,0.0078125,-0.05976944592533031,-0.010080018508088828,-0.049498037515860044,-0.01425192221533507,,,False,env_mean_t,True,0,-7.415935397148132e-07,-4.563140228697191e-06,2.405052742915358e-06,1.7793685033353463e-06,0.49987499999999996,8,-4.495197214673695e-06,3.0120101352440693e-06,1.587399635451805e-06,0.6545677998021775,1.0,-5.273594224411988e-06,1.924805532860721e-06,-4.111357033252716e-06,1.8865764141082763e-06,,,False,env_mean_t,True,0
D,posterior_mean_shrunk,horizon,all,1000,,,all,,phi_k16_noT1000,learned,False,8,8,16000,8,True,True,0.0972774778259918,0.0961018839811004,0.09843260729285248,0.000586896484387877,0.7462102023372426,0.08638143340591341,0.010896044420078396,64.0,0.062124248496993974,172.88662499999998,7.8120625,0.097815553125,7.332625000000001,922.806875,64.0,0.8434876801632345,0.7571062467573211,0.7571062467573211,1.0,-0.03089805309055373,-0.03197744980861898,-0.029841430509623023,0.0005557532052745992,0.6309375,8,-0.053539198535592955,-0.0082569076455145,0.009574944276998095,0.014512544816398567,0.0078125,-0.05985697558620716,-0.010918865598427967,-0.04906120767956599,-0.014502081975340845,,,False,env_mean_t,True,0,-7.125549018383025e-07,-4.358297243811648e-06,2.186409767546138e-06,1.6962450235379584e-06,0.49990625,8,-4.502283796525195e-06,3.0771739928485907e-06,1.6026769970468564e-06,0.6700281487064088,1.0,-5.182860121287684e-06,2.0027045732932566e-06,-4.111357033252716e-06,1.973692327737808e-06,,,False,env_mean_t,True,0
D,posterior_mean_shrunk,horizon,all,1000,,,all,,phi_k16_noT200,learned,False,8,8,16000,8,True,True,0.09727723488863557,0.09610153399553382,0.09843247221360799,0.0005868964323993216,0.7462104452745988,0.08638143340591341,0.010895801482722163,64.0,0.062124248496993974,172.87518749999998,7.8046875,0.097795373625,7.332625000000001,779.181,71.6,0.8434876801632345,0.7571062467573211,0.7571062467573211,1.0,-0.030898296027909965,-0.03197769247854012,-0.029841897979713393,0.0005557531871103826,0.63090625,8,-0.05353918811978746,-0.00825740393603247,0.009574837133902711,0.014511308648718987,0.0078125,-0.06040610857643309,-0.010695805162310997,-0.0492294203271158,-0.014239239236793953,,,False,env_mean_t,True,0,-9.554922580718994e-07,-4.589203669524975e-06,1.889860018877698e-06,1.6751540071195659e-06,0.49987499999999996,8,-4.472994915548127e-06,2.562010399404329e-06,1.4875524748199966e-06,0.5411196598417853,1.0,-6.343963530832224e-06,1.3845846613953516e-06,-4.111357033252716e-06,1.2448802590370179e-06,,,False,env_mean_t,True,0
D,posterior_mean_shrunk,horizon,all,1000,,,all,,phi_sf_k16,learned,False,8,8,16000,8,True,True,0.0972778232274577,0.09610162836361269,0.09843353069300065,0.0005868963113897507,0.7462098569357767,0.08638143340591341,0.01089638982154429,64.0,0.062124248496993974,172.83525000000003,7.778875,0.097727158,7.332625000000001,879.3455,74.393,0.8434876801632345,0.7571062467573211,0.7571062467573211,1.0,-0.03089770768908784,-0.03197721401920717,-0.029840698986299687,0.00055575249656443,0.63053125,8,-0.05353921336470242,-0.008256202013473251,0.009575096618569959,0.014514302568947897,0.0078125,-0.060404924859584146,-0.011185139079263499,-0.0490070050037466,-0.014295459041744474,,,False,env_mean_t,True,0,-3.671534359455107e-07,-4.883663871169117e-06,3.6496278482900368e-06,2.1874780250547006e-06,0.4995,8,-4.648101634496969e-06,3.913794762605947e-06,1.8104137245771118e-06,0.8450594189979012,1.0,-4.529980750550451e-06,3.011757479671666e-06,-4.111357033252716e-06,3.0098967254161838e-06,,,False,env_mean_t,True,0
D,posterior_mean_shrunk,horizon,all,1000,,,all,,phi_sf_k16_noT1000,learned,False,8,8,16000,8,True,True,0.09729030153434724,0.0961124533907423,0.0984495388383948,0.0005868840979543959,0.7461973786288871,0.08641323280427604,0.010877068730071186,63.830625,0.06195453406813626,172.7364375,7.631375,0.097362462125,7.3225,686.2919999999999,120.6868435378019,0.8434876801632345,0.7571062467573211,0.7570744473589583,0.9881875,-0.0308852293821983,-0.031965890443461834,-0.02983133694760909,0.0005556762509961903,0.630625,8,-0.05353626405771549,-0.00823419470668111,0.009579126434256822,0.014567902854923206,0.0078125,-0.05927769787306088,-0.010812690196981674,-0.04889651546815876,-0.01422619469234487,,,False,env_mean_t,True,0,1.2111153453588486e-05,-1.4533071595224083e-05,3.963226353675963e-05,1.3797893416602982e-05,0.5001249999999999,8,-1.1740670234843038e-05,3.5962977142020013e-05,1.0086940312975817e-05,0.26892551198170767,0.5,-3.7672530111177666e-06,0.00011133981584487314,-2.740904688835144e-06,3.236841037869453e-05,,,False,env_mean_t,True,0
D,posterior_mean_shrunk,horizon,all,1000,,,all,,refine_after_init,baseline,False,8,8,16000,8,True,True,0.21321115914196706,0.21153807950904593,0.21489664474502207,0.0008491270238289289,0.6302765210212674,0.21100191835430454,0.0022092407876625657,8.0,0.006012024048096194,447.4024375,0.188875,0.372616167,2.272875,,,0.8434876801632345,0.7571062467573211,0.63248576180893,0.0,0.08503562822542154,0.0834416346042417,0.08666724137146957,0.0008188607140901541,0.20440625,8,0.03839037705200988,0.13168087939883322,0.019726284690682654,0.003519745522130452,0.0078125,0.044342687250763575,0.145364244117748,0.05112911751214415,0.12313707233010791,,,False,env_mean_t,True,0,0.11593296876107342,0.1142268228228204,0.11768830305081793,0.0008886189148928931,0.1521875,8,0.047126598811265324,0.18473933871088152,0.029098225607498068,0.0052954922575752655,0.0078125,0.05638486792219585,0.20177086638697314,0.06489726612541709,0.17023664197296598,,,False,env_mean_t,True,0
D,posterior_mean_shrunk,horizon,all,2000,,,all,,always_search,baseline,False,3,3,3000,3,True,True,0.10613303528229395,0.10367106453826029,0.10859143356792628,0.0012369498566327942,0.764370597978433,0.1030805051624775,0.0030525301198164622,64.0,0.03103103103103104,525.4483333333333,4.822333333333334,0.16495509966666666,16.91633333333333,,64.0,0.8705036332607269,0.7674231280982494,0.7674231280982494,1.0,-0.019748220706979434,-0.02136611376578609,-0.018163667588184277,0.000823621506509697,0.633,3,,,,,,,,,,-0.028263489678502084,-0.006236039280891418,True,range,True,0,-1.4517565568288168e-05,-4.2986990350376195e-05,8.950973854856168e-06,1.338288778099241e-05,0.5006666666666667,3,,,,,,,,,,-2.856999635696411e-05,-1.5745162963867188e-06,True,range,True,0
D,posterior_mean_shrunk,horizon,all,2000,,,all,,cp0,reference,False,3,3,3000,3,True,True,0.12588125598927338,0.12327266822879514,0.12851652198781569,0.0013210220045504208,0.7446223772714536,0.1233731195628643,0.0025081364264090858,41.59133333333333,0.019815482148815487,571.89,1.215,0.19574751266666665,15.550333333333333,,,0.8705036332607269,0.7674231280982494,0.7471305136978627,0.0,0.0,0.0,0.0,0.0,0.5,3,,,,,,,,,,0.0,0.0,True,range,True,0,0.01973370314141115,0.01815175279819717,0.021353271688955525,0.0008231011191954079,0.36766666666666664,3,,,,,,,,,,0.006207469284534454,0.02825008149445057,True,range,True,0
D,posterior_mean_shrunk,horizon,all,2000,,,all,,p3_star,reference,False,3,3,3000,3,True,True,0.10614755284786224,0.10368780822803576,0.10860233892065783,0.001236876783782745,0.7643560804128647,0.1030805051624775,0.0030670476853847505,64.0,0.03103103103103104,519.46,4.543333333333333,0.16104058683333333,17.933666666666667,,573.0,0.8705036332607269,0.7674231280982494,0.7674231280982494,1.0,-0.01973370314141115,-0.021353271688955525,-0.01815175279819717,0.0008231011191954079,0.6323333333333333,3,,,,,,,,,,-0.02825008149445057,-0.006207469284534454,True,range,True,0,0.0,0.0,0.0,0.0,0.5,3,,,,,,,,,,0.0,0.0,True,range,True,0
D,posterior_mean_shrunk,horizon,all,2000,,,all,,phi_k16_clock,learned,False,3,3,3000,3,True,True,0.10613303528229395,0.10367106453826029,0.10859143356792628,0.0012369498566327942,0.764370597978433,0.1030805051624775,0.0030525301198164622,64.0,0.03103103103103104,525.4483333333333,4.822333333333334,0.16495509966666666,16.91633333333333,1936.0,64.0,0.8705036332607269,0.7674231280982494,0.7674231280982494,1.0,-0.019748220706979434,-0.02136611376578609,-0.018163667588184277,0.000823621506509697,0.633,3,,,,,,,,,,-0.028263489678502084,-0.006236039280891418,True,range,True,0,-1.4517565568288168e-05,-4.2986990350376195e-05,8.950973854856168e-06,1.338288778099241e-05,0.5006666666666667,3,,,,,,,,,,-2.856999635696411e-05,-1.5745162963867188e-06,True,range,True,0
D,posterior_mean_shrunk,horizon,all,2000,,,all,,phi_k16_cs,learned,False,3,3,3000,3,True,True,0.10613303528229395,0.10367106453826029,0.10859143356792628,0.0012369498566327942,0.764370597978433,0.1030805051624775,0.0030525301198164622,64.0,0.03103103103103104,525.4483333333333,4.822333333333334,0.16495509966666666,16.91633333333333,1839.834,64.01066666666667,0.8705036332607269,0.7674231280982494,0.7674231280982494,1.0,-0.019748220706979434,-0.02136611376578609,-0.018163667588184277,0.000823621506509697,0.633,3,,,,,,,,,,-0.028263489678502084,-0.006236039280891418,True,range,True,0,-1.4517565568288168e-05,-4.2986990350376195e-05,8.950973854856168e-06,1.338288778099241e-05,0.5006666666666667,3,,,,,,,,,,-2.856999635696411e-05,-1.5745162963867188e-06,True,range,True,0
D,posterior_mean_shrunk,horizon,all,2000,,,all,,phi_sf_k16,learned,False,3,3,3000,3,True,True,0.10613303528229395,0.10367106453826029,0.10859143356792628,0.0012369498566327942,0.764370597978433,0.1030805051624775,0.0030525301198164622,64.0,0.03103103103103104,525.4483333333333,4.822333333333334,0.16495509966666666,16.91633333333333,1916.8820000000003,74.128,0.8705036332607269,0.7674231280982494,0.7674231280982494,1.0,-0.019748220706979434,-0.02136611376578609,-0.018163667588184277,0.000823621506509697,0.633,3,,,,,,,,,,-0.028263489678502084,-0.006236039280891418,True,range,True,0,-1.4517565568288168e-05,-4.2986990350376195e-05,8.950973854856168e-06,1.338288778099241e-05,0.5006666666666667,3,,,,,,,,,,-2.856999635696411e-05,-1.5745162963867188e-06,True,range,True,0
D,posterior_mean_shrunk,horizon,all,2000,,,all,,phi_sf_k16_noT1000,learned,False,3,3,3000,3,True,True,0.10613303528229395,0.10367106453826029,0.10859143356792628,0.0012369498566327942,0.764370597978433,0.1030805051624775,0.0030525301198164622,64.0,0.03103103103103104,525.445,4.8196666666666665,0.164952132,16.918666666666663,1723.8006666666668,108.368,0.8705036332607269,0.7674231280982494,0.7674231280982494,1.0,-0.019748220706979434,-0.02136611376578609,-0.018163667588184277,0.000823621506509697,0.633,3,,,,,,,,,,-0.028263489678502084,-0.006236039280891418,True,range,True,0,-1.4517565568288168e-05,-4.2986990350376195e-05,8.950973854856168e-06,1.338288778099241e-05,0.5006666666666667,3,,,,,,,,,,-2.856999635696411e-05,-1.5745162963867188e-06,True,range,True,0
D,posterior_mean_shrunk,horizon,all,2000,,,all,,refine_after_init,baseline,False,3,3,3000,3,True,True,0.24017284921308357,0.2362265904744466,0.2441041661426425,0.0020205790570369613,0.6303307840476434,0.23913327730695408,0.0010395719061295193,8.0,0.0030030030030030034,1112.1766666666667,0.014,0.47823122383333333,3.6296666666666666,,,0.8705036332607269,0.7674231280982494,0.6313703559537728,0.0,0.1142915932238102,0.11037788527707258,0.11818007895102103,0.0020005319210279564,0.12483333333333334,3,,,,,,,,,,0.05355859118700027,0.158931907504797,True,range,True,0,0.13402529636522134,0.12988867523769537,0.13799476257214943,0.0020648698991575305,0.09366666666666668,3,,,,,,,,,,0.05976606047153473,0.1836754661500454,True,range,True,0
D,posterior_mean_shrunk,pooled,all,all,,,all,,always_search,baseline,False,16,8,32000,19,False,True,0.10176591479124181,0.10080567600689391,0.10272732184075721,0.00048702364163826536,0.7197820838047411,0.06434882424911484,0.03741709054212697,64.0,0.18762778081415357,95.59421875000001,15.643843749999998,0.071768790625,3.66684375,,64.0,0.8215479985959828,0.757199174346868,0.757199174346868,1.0,-0.03288003267129074,-0.03384704338126252,-0.031933767505075886,0.0004951193726664898,0.6172894736842105,19,-0.062123931713268354,-0.0033571687854981984,0.012426237041294306,0.03367729769682753,0.0078125,-0.07708922397045145,-0.010812015530832275,-0.05518746757676709,-0.013616725368986188,,,False,env_mean_t,True,0,-4.309185241398058e-06,-9.379110201136524e-06,1.6730386130048785e-07,2.4521877735385093e-06,0.5001447368421053,19,-8.319075073842167e-06,3.562732696969893e-07,1.834403148342816e-06,0.06657704185219014,0.125,-1.1493078059359383e-05,-6.037013560046228e-07,-7.473407747844849e-06,-1.441462172402276e-06,,,False,env_mean_t,True,0
D,posterior_mean_shrunk,pooled,all,all,,,all,,cp0,reference,False,16,8,32000,19,False,True,0.13710816220584093,0.1360700460980297,0.13814316970383517,0.0005311329995419132,0.6844398363901418,0.12301429298729635,0.01409386921854457,22.187875,0.04448416656545412,135.914875,1.245875,0.1452848464375,3.29134375,,,0.8215479985959828,0.757199174346868,0.6985337056086864,0.0,0.0,0.0,0.0,0.0,0.5,19,0.0,0.0,0.0,1.0,1.0,0.0,0.0,0.0,0.0,,,False,env_mean_t,True,0,0.032875723486049335,0.031929093859492386,0.03384277463023624,0.0004950984225736316,0.3827631578947368,19,0.0033513849849734004,0.062121752711989005,0.0124269992764027,0.0337008892322527,0.0078125,0.010654669332923215,0.07736980651562715,0.013691156964000728,0.05554590803829576,,,False,env_mean_t,True,0
D,posterior_mean_shrunk,pooled,all,all,,,all,,p3_star,reference,False,16,8,32000,19,False,True,0.10176830990517191,0.1008084748962574,0.10273067341768183,0.00048702218855740514,0.7197796886908109,0.06434882424911484,0.03741948565605708,64.0,0.18762778081415357,95.5415625,15.6313125,0.07167936587500001,3.6715,,171.0,0.8215479985959828,0.757199174346868,0.757199174346868,1.0,-0.032875723486049335,-0.03384277463023624,-0.031929093859492386,0.0004950984225736316,0.6172368421052631,19,-0.062121752711989005,-0.0033513849849734004,0.0124269992764027,0.0337008892322527,0.0078125,-0.07726909816537551,-0.011072831732225438,-0.054823484387602456,-0.01372576793958535,,,False,env_mean_t,True,0,0.0,0.0,0.0,0.0,0.5,19,0.0,0.0,0.0,1.0,1.0,0.0,0.0,0.0,0.0,,,False,env_mean_t,True,0
D,posterior_mean_shrunk,pooled,all,all,,,all,,phi_k16,learned,False,16,8,32000,16,False,True,0.10157423820903205,0.1006057735898139,0.10251136140414019,0.00048398854684808827,0.7199737603869507,0.06833207407919689,0.03324216412983515,54.109625,0.13767639192526468,99.3796875,7.1780625,0.08911403468750001,3.6696562500000005,400.88118750000007,83.59322152387477,0.8215479985959828,0.757199174346868,0.7532159245167859,0.715625,-0.03553392399680888,-0.03661847128587396,-0.03449065184995561,0.0005534863577136598,0.616125,16,-0.06544316781190243,-0.005624680181715323,0.012648624319465146,0.026171796875348933,0.0078125,-0.08685260259034508,-0.012299672552989142,-0.061179606876250174,-0.014694694580879884,,,False,env_mean_t,True,0,-0.00019407169613987213,-0.0005873044409979045,0.00019903485336705246,0.00020094097081286584,0.501078125,16,-0.0016866744187793677,0.0012985310264996234,0.0006312219464188,0.7674434691592291,0.78125,-0.0016529558547624238,0.0011719052985747617,-0.0013594587867613872,0.0009608812127262354,,,False,env_mean_t,True,0
D,posterior_mean_shrunk,pooled,all,all,,,all,,phi_k16_clock,learned,False,16,8,32000,19,False,True,0.10248676290776347,0.10151635490819899,0.10343856375784526,0.00048690446112693863,0.7190612356882193,0.06970650572748854,0.032780257180274934,57.0,0.15227424546061816,97.055125,10.93096875,0.07714517031250001,3.6764687499999997,468.0,64.0,0.8215479985959828,0.757199174346868,0.7518414928684942,0.5,-0.03227300267843039,-0.03320608575273869,-0.03133758754870781,0.00048059998516225273,0.6183552631578947,19,-0.059502450485724945,-0.004750069705098572,0.01157739559334761,0.027498892055646193,0.0078125,-0.07222192945733964,-0.011931762224554082,-0.05289748260068397,-0.013888253805591876,,,False,env_mean_t,True,0,0.0006027208076189517,8.460713719865748e-05,0.0011251271650089142,0.00026625409473036234,0.5017894736842106,19,-0.0015931302530709495,0.0028137477592098522,0.0009318347321593227,0.5334204515238592,0.625,-0.0009493942903371925,0.005225568227487933,-0.0008294052443117833,0.0022751693226105998,,,False,env_mean_t,True,0
D,posterior_mean_shrunk,pooled,all,all,,,all,,phi_k16_cs,learned,False,16,8,32000,19,False,True,0.10159585630053333,0.10062548197602154,0.10253655255619379,0.0004841354176805735,0.7199521422954495,0.06834472033707424,0.03325113596345909,54.092,0.13758737677374952,99.38653124999999,7.16215625,0.08914232375,3.6696875,401.1451875,83.70388986437537,0.8215479985959828,0.757199174346868,0.7532032782589085,0.7154375,-0.03302323982136104,-0.03398027204292654,-0.032091955035943295,0.0004840531249312503,0.6187105263157896,19,-0.06182522905880488,-0.004108972636598436,0.01220410735095215,0.030580920462209175,0.0078125,-0.0771198304933426,-0.0125806182131552,-0.05443306518625468,-0.014445455699987206,,,False,env_mean_t,True,0,-0.00014751633531168888,-0.00047658574799063554,0.00018433343096651346,0.00016936391851856956,0.5009473684210527,19,-0.0015033865150073686,0.0010423225165664672,0.0005382903921963658,0.6813256795996594,0.640625,-0.0016862779485971881,0.0008071720207325065,-0.0011857444064484702,0.0007785751113766118,,,False,env_mean_t,True,0
D,posterior_mean_shrunk,pooled,all,all,,,all,,phi_k16_noT1000,learned,False,16,8,32000,16,False,True,0.10082367781920039,0.09986818693541863,0.10175870347793534,0.00048260886219053336,0.7207243207767824,0.06632798362663016,0.03449569419257023,56.8446875,0.15148983889496165,98.05659375,9.686375,0.0830390921875,3.66684375,486.75124999999997,81.26071666176709,0.8215479985959828,0.757199174346868,0.7552200149693526,0.773875,-0.036284484386640545,-0.037389959419851945,-0.035212547324044864,0.000558539569028969,0.619359375,16,-0.06622116364013446,-0.006347805133146613,0.012660226771052068,0.02412887165696932,0.0078125,-0.08953213660511405,-0.013884541200837305,-0.060741790037029376,-0.014766808168476584,,,False,env_mean_t,True,0,-0.0009446320859715343,-0.0012611501516204269,-0.0006280280459662891,0.0001600754234866194,0.5045,16,-0.0021011914460008383,0.00021192727405776985,0.0004891091509571801,0.09473639845963304,0.125,-0.004155853416308461,-6.748329633357467e-05,-0.0019328453112393618,-0.0001527612516656518,,,False,env_mean_t,True,0
D,posterior_mean_shrunk,pooled,all,all,,,all,,phi_k16_noT200,learned,False,16,8,32000,16,False,True,0.10099681674966268,0.10004174329587841,0.10194409895339049,0.0004825967894242327,0.7205511818463202,0.06697801990760491,0.03401879684205779,55.86475,0.14654065960203236,98.64078125,8.968687500000001,0.085955375875,3.6670625,413.3984375,81.96826520916932,0.8215479985959828,0.757199174346868,0.7545699786883779,0.76475,-0.036111345456178244,-0.03720409324869252,-0.035053695433089165,0.0005563311894200635,0.617796875,16,-0.06607227349994493,-0.006150417412411537,0.012670481588601385,0.024687120254376527,0.0078125,-0.08825540680332658,-0.013213018462191223,-0.060898642888409085,-0.014751487011089921,,,False,env_mean_t,True,0,-0.0007714931555092335,-0.0011022086812634056,-0.0004408076257703898,0.0001670458645883217,0.503078125,16,-0.0019153284510122718,0.00037234213999380475,0.00048372814189508704,0.15476659332924547,0.1875,-0.0035948867419360354,4.334833740795186e-05,-0.0017023634464247148,1.953626982867744e-06,,,False,env_mean_t,True,0
D,posterior_mean_shrunk,pooled,all,all,,,all,,phi_sf_k16,learned,False,16,8,32000,19,False,True,0.10113963928350858,0.1001890199508125,0.1020933024772603,0.00048516824289450633,0.7204083593124742,0.06495337795233354,0.03618626133117504,60.784125,0.17138598788486065,96.34740625,12.53921875,0.07517500087500001,3.66684375,468.25543749999997,78.67645069250364,0.8215479985959828,0.757199174346868,0.7565946206436492,0.8275312499999999,-0.03340742257253977,-0.03435936861925783,-0.03246407582513424,0.0004924466526653238,0.6205263157894738,19,-0.062279299611749765,-0.004257994710632505,0.012268609877876955,0.030125375251529248,0.0078125,-0.07740615627138761,-0.011614337954591991,-0.055534647976565696,-0.014816097966952888,,,False,env_mean_t,True,0,-0.0005316990864904303,-0.0007158685574351789,-0.00035217365107309204,9.178058305960334e-05,0.5027236842105264,19,-0.001104212083762305,4.0055458342450035e-05,0.0002419554695284017,0.06381805848776709,0.03125,-0.0016966767852203107,-6.422445255349423e-05,-0.0010264818195828836,-0.00011812273992432489,,,False,env_mean_t,True,0
D,posterior_mean_shrunk,pooled,all,all,,,all,,phi_sf_k16_noT1000,learned,False,16,8,32000,19,False,True,0.10131036926431261,0.10034602462801559,0.10224731410198729,0.00048322699559921636,0.7202376293316701,0.06763560447981581,0.033674764784496804,54.9259375,0.14214203976134088,98.83825,7.8590937499999995,0.08681077324999999,3.664125,361.6751875,109.80935830227196,0.8215479985959828,0.757199174346868,0.753912394116167,0.72728125,-0.03326364995712586,-0.03421833284281954,-0.03233482681741742,0.00048573051616017236,0.6194868421052632,19,-0.06202590271529944,-0.004324398828950474,0.012200987925984834,0.029806300745120282,0.0078125,-0.0779262826262663,-0.012031958046650693,-0.055152150043699805,-0.01435829076822847,,,False,env_mean_t,True,0,-0.0003879264710765136,-0.0006954078835956591,-7.358931480774514e-05,0.00015726937744645254,0.5016973684210527,19,-0.0016204916687265426,0.0007433278214390466,0.000499829833127472,0.4093387827234562,0.46875,-0.0026441902162335365,0.0004086384463234278,-0.001340906485915184,0.00039940158473817923,,,False,env_mean_t,True,0
D,posterior_mean_shrunk,pooled,all,all,,,all,,refine_after_init,baseline,False,16,8,32000,19,False,True,0.19560559568475583,0.19441693470289464,0.1968147356703412,0.0006220667246150213,0.6259424029112269,0.18810591981199104,0.007499675872764783,8.0,0.01815752717556324,254.31821875000003,0.2563125,0.3062800585,1.33325,,,0.8215479985959828,0.757199174346868,0.6334420787839917,0.0,0.06730703764916153,0.066200700902233,0.06836870821241878,0.0005564688114384373,0.2754868421052632,19,0.028468888966240315,0.10047384475822546,0.01522545405332019,0.0038667863806670366,0.0078125,0.03252507148867566,0.11968411858084585,0.03892723990261473,0.0947332070616417,,,False,env_mean_t,True,0,0.10018276113521088,0.09890310703164064,0.10149862924100538,0.0006720032234273983,0.21635526315789474,19,0.033176221590639016,0.16123964983078914,0.0270790228413432,0.008859649630044129,0.0078125,0.04526038200156752,0.18837724913151935,0.05386297510884389,0.14839501994538007,,,False,env_mean_t,True,0
