test,recommender,level,family,horizon,cell,env_id,cap,base_seed,policy,group,stratum_empty_common_support,n_cells,n_envs,n_episodes,n_cells_policy,common_support,params_tuned,regret,regret_lo,regret_hi,regret_se,q,regret_disc,regret_sel,k_final,search_frac,n_rec,n_singletons_final,herfindahl,n_eliminated_final,n_demoted,t_cap_hit_given_hit,mu_star,mu_star_cap,best_discovered,cap_hit_frac,d_regret_vs_cp0,d_regret_vs_cp0_lo,d_regret_vs_cp0_hi,d_regret_vs_cp0_se,d_regret_vs_cp0_win,d_regret_vs_cp0_n_cells,d_regret_vs_cp0_cluster_lo,d_regret_vs_cp0_cluster_hi,d_regret_vs_cp0_cluster_se,d_regret_vs_cp0_cluster_p,d_regret_vs_cp0_cluster_p_sign,d_regret_vs_cp0_cluster_boot_t_lo,d_regret_vs_cp0_cluster_boot_t_hi,d_regret_vs_cp0_cluster_pct_lo,d_regret_vs_cp0_cluster_pct_hi,d_regret_vs_cp0_cluster_min_env,d_regret_vs_cp0_cluster_max_env,d_regret_vs_cp0_cluster_degenerate,d_regret_vs_cp0_cluster_method,d_regret_vs_cp0_ref_tuned,d_regret_vs_cp0_n_excluded_untuned,d_regret_vs_p3_star,d_regret_vs_p3_star_lo,d_regret_vs_p3_star_hi,d_regret_vs_p3_star_se,d_regret_vs_p3_star_win,d_regret_vs_p3_star_n_cells,d_regret_vs_p3_star_cluster_lo,d_regret_vs_p3_star_cluster_hi,d_regret_vs_p3_star_cluster_se,d_regret_vs_p3_star_cluster_p,d_regret_vs_p3_star_cluster_p_sign,d_regret_vs_p3_star_cluster_boot_t_lo,d_regret_vs_p3_star_cluster_boot_t_hi,d_regret_vs_p3_star_cluster_pct_lo,d_regret_vs_p3_star_cluster_pct_hi,d_regret_vs_p3_star_cluster_min_env,d_regret_vs_p3_star_cluster_max_env,d_regret_vs_p3_star_cluster_degenerate,d_regret_vs_p3_star_cluster_method,d_regret_vs_p3_star_ref_tuned,d_regret_vs_p3_star_n_excluded_untuned
C,posterior_mean_shrunk,family_horizon,C,50,,,all,,always_search,baseline,False,3,3,6000,3,True,True,0.3599297020050387,0.3550140015780926,0.36465520535906154,0.002449481377918817,0.5371475909041862,0.0,0.3599297020050387,50.0,1.0,1.0,50.0,0.02000000000000001,0.0,,,0.8970772929092249,0.8970772929092249,0.8970772929092249,0.0,0.12235928265005351,0.11614830469091733,0.12863956106205782,0.003215712215440559,0.31183333333333335,3,,,,,,,,,,0.0859620774537325,0.1680586900189519,True,range,True,0,0.20577222653105853,0.1996510360389948,0.21167589277029036,0.0030583087497138926,0.21525000000000002,3,,,,,,,,,,0.16242812131345272,0.28621907559409737,True,range,True,0
C,posterior_mean_shrunk,family_horizon,C,50,,,all,,cp0,reference,False,3,3,6000,3,True,True,0.23757041935498516,0.2328939722230037,0.2422223618874947,0.0023268579451868857,0.6595068735542396,0.2025734473913908,0.03499697196359436,6.0,0.08333333333333331,13.5655,0.05416666666666666,0.22023,0.04499999999999999,,,0.8970772929092249,0.8970772929092249,0.6945038455178341,0.0,0.0,0.0,0.0,0.0,0.5,3,,,,,,,,,,0.0,0.0,True,range,True,0,0.08341294388100505,0.07827348780507844,0.08864861552913983,0.0026328961726444448,0.37225,3,,,,,,,,,,0.05561240220814943,0.11816038557514548,True,range,True,0
C,posterior_mean_shrunk,family_horizon,C,50,,,all,,fixed_K16,baseline,False,3,3,6000,3,True,True,0.15930978930244843,0.15520434603095054,0.16336851753294468,0.002057499242474747,0.7377675036067765,0.09070057009657224,0.06860921920587619,16.0,0.2916666666666667,8.323,6.268666666666667,0.11091453333333334,0.0,,,0.8970772929092249,0.8970772929092249,0.8063767228126526,0.0,-0.07826063005253672,-0.0831453025030593,-0.07342138330762585,0.002472396259699967,0.618,3,,,,,,,,,,-0.11096119196340441,-0.05406014036387205,True,range,True,0,0.005152313828468323,0.0017832679402393606,0.008399168444642176,0.0016750409941152806,0.492,3,,,,,,,,,,0.0015522618442773818,0.007199193611741066,True,range,True,0
C,posterior_mean_shrunk,family_horizon,C,50,,,all,,p3_star,reference,False,3,3,6000,3,True,True,0.1541574754739801,0.15016399150093399,0.15807612457623085,0.0020044747513192096,0.7429198174352448,0.06484707448383172,0.08931040099014838,21.0,0.39583333333333326,6.94,10.8835,0.08405320000000001,0.0,,,0.8970772929092249,0.8970772929092249,0.832230218425393,0.0,-0.08341294388100505,-0.08864861552913983,-0.07827348780507844,0.0026328961726444448,0.6277499999999999,3,,,,,,,,,,-0.11816038557514548,-0.05561240220814943,True,range,True,0,0.0,0.0,0.0,0.0,0.5,3,,,,,,,,,,0.0,0.0,True,range,True,0
C,posterior_mean_shrunk,family_horizon,C,50,,,all,,phi_k1,learned,False,3,3,6000,3,True,True,0.14297230760008095,0.13914476906259854,0.146759351529181,0.001948010542134347,0.7541049853091439,0.062326835994919144,0.08064547160516183,20.491333333333333,0.3852361111111111,7.668166666666667,11.021,0.09401,0.0,0.0,,0.8970772929092249,0.8970772929092249,0.8347504569143057,0.0,-0.09459811175490418,-0.09970762692391873,-0.08947644137466948,0.002626232605920559,0.6473333333333333,3,,,,,,,,,,-0.13001298127695918,-0.06299392924457789,True,range,True,0,-0.011185167873899142,-0.013921197542610269,-0.008573735482059421,0.0013460748968846792,0.5181666666666667,3,,,,,,,,,,-0.014321380883455276,-0.007381527036428451,True,range,True,0
C,posterior_mean_shrunk,family_horizon,C,50,,,all,,phi_k16,learned,False,3,3,6000,3,True,True,0.1549886239419381,0.15098061189055442,0.15901688653975724,0.002043994319808121,0.7420886689672868,0.07177832914392153,0.08321029479801656,19.44,0.3633333333333333,7.673666666666667,10.379666666666667,0.09769306666666666,0.0,0.0,,0.8970772929092249,0.8970772929092249,0.8252989637653032,0.0,-0.08258179541304707,-0.08766501095766822,-0.07747981728365023,0.0025840242010082143,0.6263333333333333,3,,,,,,,,,,-0.11532147233560681,-0.05306993558257818,True,range,True,0,0.0008311484679579735,-0.0019289967637935957,0.0035555425539011286,0.0013947120495252567,0.50175,3,,,,,,,,,,-0.002887934461236,0.0028389132395386695,True,range,True,0
C,posterior_mean_shrunk,family_horizon,C,50,,,all,,phi_k16_all71,learned,False,3,3,6000,3,True,True,0.15514940737187863,0.15115189123898742,0.15921554528176785,0.002046334491942864,0.7419278855373462,0.07144217954079311,0.08370722783108553,19.461333333333332,0.36377777777777776,7.669333333333334,10.414666666666667,0.09762293333333333,0.0,0.0,,0.8970772929092249,0.8970772929092249,0.8256351133684318,0.0,-0.08242101198310654,-0.08749202281857531,-0.07733181991303961,0.0025837970586836327,0.626,3,,,,,,,,,,-0.11502270906046033,-0.05286286275833845,True,range,True,0,0.0009919318978985152,-0.0017864786282492172,0.0037103114797597905,0.0013987517227659265,0.5018333333333332,3,,,,,,,,,,-0.0029114202708005904,0.003137676514685154,True,range,True,0
C,posterior_mean_shrunk,family_horizon,C,50,,,all,,phi_k16_clock,learned,False,3,3,6000,3,True,True,0.18227831264957786,0.17822377712776263,0.18634176633010308,0.00211123049398231,0.7147989802596469,0.024770055860280988,0.15750825678929686,34.0,0.6666666666666665,4.434,25.925,0.04415600000000001,0.0,0.0,,0.8970772929092249,0.8970772929092249,0.8723072370489439,0.0,-0.0552921067054073,-0.061042223948364456,-0.04965293265413493,0.002896833852347399,0.5813333333333334,3,,,,,,,,,,-0.1043305234760046,-0.016216939844191074,True,range,True,0,0.02812083717559775,0.023622537249078354,0.03277724594809115,0.0023528355427783827,0.44849999999999995,3,,,,,,,,,,0.013829862099140883,0.039395462363958356,True,range,True,0
C,posterior_mean_shrunk,family_horizon,C,50,,,all,,phi_k16_cs,learned,False,3,3,6000,3,True,True,0.15501743481059868,0.15100041702389716,0.1590598536655307,0.0020440895744933186,0.7420598580986262,0.07177755619088809,0.0832398786197106,19.442666666666664,0.3633888888888888,7.6723333333333334,10.382333333333333,0.09768026666666667,0.0,0.0,,0.8970772929092249,0.8970772929092249,0.8252997367183367,0.0,-0.08255298454438646,-0.08763620204602679,-0.0774591245688498,0.0025840778302368946,0.6262500000000001,3,,,,,,,,,,-0.11523503972962498,-0.05306993558257818,True,range,True,0,0.0008599593366185824,-0.0019148087905098993,0.0035843171637679914,0.0013949998171157638,0.5016666666666667,3,,,,,,,,,,-0.002887934461236,0.0029253458455204963,True,range,True,0
C,posterior_mean_shrunk,family_horizon,C,50,,,all,,phi_k16_famA_only,learned,False,3,3,6000,3,True,True,0.15416344337165355,0.15013708993792532,0.15818147572378316,0.0020393725129676894,0.7429138495375712,0.07908176668485005,0.0750816766868035,18.013333333333332,0.333611111111111,7.821333333333333,8.301166666666667,0.10042866666666668,0.0,0.0,,0.8970772929092249,0.8970772929092249,0.8179955262243747,0.0,-0.08340697598333162,-0.08844393355151017,-0.07836496491606036,0.0025725317611751727,0.6279166666666667,3,,,,,,,,,,-0.11615790222957731,-0.05386760924011469,True,range,True,0,5.967897673447968e-06,-0.0028087300917832166,0.0027110728430367664,0.0013987388628455893,0.50275,3,,,,,,,,,,-0.0037293726205825804,0.00200248334556818,True,range,True,0
C,posterior_mean_shrunk,family_horizon,C,50,,,all,,phi_k16_famB_only,learned,False,3,3,6000,3,True,True,0.15539573957274355,0.1514139672741294,0.1594602504124244,0.002045879739425573,0.7416815533364812,0.07020353796084722,0.08519220161189638,19.776,0.37033333333333324,7.631833333333333,10.829999999999998,0.0968816,0.0,0.0,,0.8970772929092249,0.8970772929092249,0.8268737549483776,0.0,-0.08217467978224158,-0.08726488187288245,-0.0770914018775026,0.002589525879835775,0.6255833333333334,3,,,,,,,,,,-0.11470467602834106,-0.05296769211441278,True,range,True,0,0.0012382640987634657,-0.0015508077313522032,0.00395826246337189,0.001400532902011856,0.5008333333333334,3,,,,,,,,,,-0.002385627344250679,0.003455709546804428,True,range,True,0
C,posterior_mean_shrunk,family_horizon,C,50,,,all,,phi_k16_guard,learned,False,3,3,6000,3,True,True,0.15735237535834312,0.1533600583051642,0.1614310210570693,0.002054383929871257,0.7397249175508817,0.08479342862963675,0.07255894672870636,17.0,0.3125,8.085166666666668,7.309833333333334,0.105834,0.0,0.0,,0.8970772929092249,0.8970772929092249,0.8122838642795881,0.0,-0.08021804399664204,-0.08516170643270016,-0.07528914470846454,0.0025230797616313063,0.6204166666666667,3,,,,,,,,,,-0.11139622615650296,-0.05458790322393179,True,range,True,0,0.0031948998843630157,4.0256820163146574e-05,0.006205939301677669,0.0015319270167860443,0.4955833333333333,3,,,,,,,,,,0.0010244989842176438,0.006764159418642521,True,range,True,0
C,posterior_mean_shrunk,family_horizon,C,50,,,all,,phi_k16_hgb,learned,False,3,3,6000,3,True,True,0.15612180125216643,0.15211661253124475,0.1601033406953017,0.0020331555109298688,0.7409554916570583,0.06626695139209428,0.08985484986007214,21.992,0.4164999999999999,7.119666666666667,13.229999999999999,0.08669386666666667,0.0,0.0,,0.8970772929092249,0.8970772929092249,0.8308103415171306,0.0,-0.08144861810281873,-0.08654858442023397,-0.07628967569520076,0.002611823072066931,0.6231666666666666,3,,,,,,,,,,-0.11687139301374555,-0.050010534904897215,True,range,True,0,0.001964325778186321,-0.0009681244728199081,0.0048026203488310175,0.0014626346881946159,0.49925,3,,,,,,,,,,-0.0009978825300931931,0.00560186730325222,True,range,True,0
C,posterior_mean_shrunk,family_horizon,C,50,,,all,,phi_k16_lucb,learned,False,3,3,6000,3,True,True,0.15569951048741737,0.15165872940172753,0.15977182611823082,0.002049417517541309,0.7413777824218074,0.06809118773539861,0.08760832275201878,20.042666666666666,0.3758888888888889,7.6001666666666665,11.163833333333335,0.0963104,0.0,0.0,,0.8970772929092249,0.8970772929092249,0.8289861051738262,0.0,-0.08187090886756777,-0.0869772193642954,-0.07677143495529891,0.0025878277079978197,0.6255833333333333,3,,,,,,,,,,-0.11444077962264419,-0.05267511739581823,True,range,True,0,0.001542035013437271,-0.0012671424027151563,0.00429762276568605,0.0014031652859741598,0.4995833333333333,3,,,,,,,,,,-0.0020307857245206833,0.003719605952501297,True,range,True,0
C,posterior_mean_shrunk,family_horizon,C,50,,,all,,phi_k16_noT1000,learned,False,3,3,6000,3,True,True,0.16509545611590146,0.16095619052648544,0.16921059309194486,0.0020986276440200778,0.7319818367933233,0.04208239949742953,0.12301305661847195,26.770666666666667,0.5160555555555556,6.2375,18.429333333333332,0.07208853333333333,0.0,0.0,,0.8970772929092249,0.8970772929092249,0.8549948934117952,0.0,-0.07247496323908369,-0.07772116223350167,-0.06724677691236138,0.002656200846156549,0.6088333333333334,3,,,,,,,,,,-0.10775247136875987,-0.04247653286904097,True,range,True,0,0.010937980641921361,0.007794549808992695,0.014014263971087832,0.001590759756013492,0.4844166666666667,3,,,,,,,,,,0.009270158380270004,0.013135869339108467,True,range,True,0
C,posterior_mean_shrunk,family_horizon,C,50,,,all,,phi_k16_noT200,learned,False,3,3,6000,3,True,True,0.15550292424609266,0.15151367379973332,0.1595423636958003,0.002046211149286811,0.7415743686631323,0.06916803359985352,0.08633489064623912,19.925333333333338,0.3734444444444443,7.604499999999999,11.017166666666668,0.0964504,0.0,0.0,,0.8970772929092249,0.8970772929092249,0.8279092593093713,0.0,-0.08206749510889252,-0.08717507996285954,-0.07698247004300356,0.002589669119221267,0.625,3,,,,,,,,,,-0.1145850618891418,-0.05260583644360304,True,range,True,0,0.0013454487721125284,-0.0014423205898007531,0.004066907024631897,0.001396936218693451,0.5000833333333333,3,,,,,,,,,,-0.002545543134212494,0.003575323686003685,True,range,True,0
C,posterior_mean_shrunk,family_horizon,C,50,,,all,,phi_k16_noambig,learned,False,3,3,6000,3,True,True,0.16214007906615735,0.15804907965163392,0.1662200711046656,0.0020871096524215198,0.7349372138430675,0.04685656700531642,0.11528351206084092,25.362666666666666,0.4867222222222221,6.522333333333333,16.881666666666668,0.077068,0.0,0.0,,0.8970772929092249,0.8970772929092249,0.8502207259039084,0.0,-0.07543034028882782,-0.08069999755049746,-0.07022616801162561,0.0026512855110622864,0.6141666666666667,3,,,,,,,,,,-0.10981968702748418,-0.04646027547866106,True,range,True,0,0.007982603592177232,0.004929643771417129,0.010969146604960163,0.0015402714227550675,0.4895833333333333,3,,,,,,,,,,0.006454985499382019,0.009152126729488372,True,range,True,0
C,posterior_mean_shrunk,family_horizon,C,50,,,all,,phi_k16_nopolicy,learned,False,3,3,6000,3,True,True,0.15416344337165355,0.15013708993792532,0.15818147572378316,0.0020393725129676894,0.7429138495375712,0.07908176668485005,0.0750816766868035,18.013333333333332,0.333611111111111,7.821333333333333,8.301166666666667,0.10042866666666668,0.0,0.0,,0.8970772929092249,0.8970772929092249,0.8179955262243747,0.0,-0.08340697598333162,-0.08844393355151017,-0.07836496491606036,0.0025725317611751727,0.6279166666666667,3,,,,,,,,,,-0.11615790222957731,-0.05386760924011469,True,range,True,0,5.967897673447968e-06,-0.0028087300917832166,0.0027110728430367664,0.0013987388628455893,0.50275,3,,,,,,,,,,-0.0037293726205825804,0.00200248334556818,True,range,True,0
C,posterior_mean_shrunk,family_horizon,C,50,,,all,,phi_k16_notrunc,learned,False,3,3,6000,3,True,True,0.15387021962056557,0.14986983127892017,0.15791828415046136,0.0020329756969995534,0.7432070732886592,0.07788197803000609,0.07598824159055949,18.2,0.3374999999999999,7.800166666666667,8.579833333333333,0.10008879999999999,0.0,0.0,,0.8970772929092249,0.8970772929092249,0.8191953148792187,0.0,-0.0837001997344196,-0.08874889615302284,-0.07865141571188967,0.0025757820723846443,0.6286666666666667,3,,,,,,,,,,-0.11701024153456092,-0.05386760924011469,True,range,True,0,-0.00028725585341453553,-0.0031205192967415007,0.0024424770264886314,0.001394189108503363,0.5039166666666667,3,,,,,,,,,,-0.003756704568862915,0.0017447929680347442,True,range,True,0
C,posterior_mean_shrunk,family_horizon,C,50,,,all,,phi_k16_perstep,learned,False,3,3,6000,3,True,True,0.15282760599752268,0.14895094831784567,0.15670697540044784,0.001965277312324954,0.7442496869117021,0.09118024631838002,0.061647359679142644,14.865833333333333,0.2680381944444445,9.461166666666665,6.660833333333334,0.1327188,0.0,0.0,,0.8970772929092249,0.8970772929092249,0.8058970465908448,0.0,-0.08474281335746248,-0.08947165810192624,-0.07999640510727962,0.002435495635804539,0.6296666666666667,3,,,,,,,,,,-0.12973203157261015,-0.05224381060153246,True,range,True,0,-0.0013298694764574369,-0.004575008812783683,0.002000257722102104,0.0016719761250641306,0.505,3,,,,,,,,,,-0.011571645997464656,0.004213445961475372,True,range,True,0
C,posterior_mean_shrunk,family_horizon,C,50,,,all,,phi_k16_quality,learned,False,3,3,6000,3,True,True,0.1545511622528235,0.15054236793269712,0.15859519510219494,0.0020387651630611914,0.7425261306564014,0.07419231596092384,0.08035884629189967,18.831999999999997,0.3506666666666666,7.742,9.530166666666666,0.099026,0.0,0.0,,0.8970772929092249,0.8970772929092249,0.8228849769483011,0.0,-0.08301925710216164,-0.08804237075770895,-0.07796837793042262,0.002577884168579708,0.6271666666666667,3,,,,,,,,,,-0.11606207165494561,-0.053419419847428797,True,range,True,0,0.00039368677884340283,-0.002385185424509472,0.0031185287856108812,0.0013929214801523821,0.50225,3,,,,,,,,,,-0.003110235944390297,0.0021929823607206344,True,range,True,0
C,posterior_mean_shrunk,family_horizon,C,50,,,all,,phi_k16_tau05,learned,False,3,3,6000,3,True,True,0.1549886239419381,0.15098061189055442,0.15901688653975724,0.002043994319808121,0.7420886689672868,0.07177832914392153,0.08321029479801656,19.44,0.3633333333333333,7.673666666666667,10.379666666666667,0.09769306666666666,0.0,0.0,,0.8970772929092249,0.8970772929092249,0.8252989637653032,0.0,-0.08258179541304707,-0.08766501095766822,-0.07747981728365023,0.0025840242010082143,0.6263333333333333,3,,,,,,,,,,-0.11532147233560681,-0.05306993558257818,True,range,True,0,0.0008311484679579735,-0.0019289967637935957,0.0035555425539011286,0.0013947120495252567,0.50175,3,,,,,,,,,,-0.002887934461236,0.0028389132395386695,True,range,True,0
C,posterior_mean_shrunk,family_horizon,C,50,,,all,,phi_k16_weighted,learned,False,3,3,6000,3,True,True,0.16329033225029707,0.15916806124150754,0.16751384704063335,0.0021123774569976627,0.7337869606589278,0.0499017504354318,0.11338858181486527,24.461333333333332,0.46794444444444433,6.733333333333334,15.978499999999999,0.080774,0.0,0.0,,0.8970772929092249,0.8970772929092249,0.847175542473793,0.0,-0.07428008710468809,-0.07947238897904753,-0.06916071781888604,0.0026219114183990166,0.6111666666666667,3,,,,,,,,,,-0.10256116446480155,-0.04765963353961706,True,range,True,0,0.00913285677631696,0.006179749094978131,0.012081831903196871,0.001495464687842065,0.4870833333333333,3,,,,,,,,,,0.0038465805500745775,0.015599221110343934,True,range,True,0
C,posterior_mean_shrunk,family_horizon,C,50,,,all,,phi_k4,learned,False,3,3,6000,3,True,True,0.14428958912442127,0.14046874325722455,0.1481101290633281,0.001952730613520585,0.7527877037848035,0.0669028908163309,0.07738669830809038,19.486,0.3642916666666666,7.796666666666667,10.4795,0.09904733333333333,0.0,0.0,,0.8970772929092249,0.8970772929092249,0.830174402092894,0.0,-0.09328083023056388,-0.09838790291299424,-0.08818207404886683,0.002609527730893716,0.6445833333333333,3,,,,,,,,,,-0.13020341494306922,-0.061643925167620184,True,range,True,0,-0.00986788634955883,-0.012707509154764315,-0.00706026932457462,0.001423702730118601,0.519,3,,,,,,,,,,-0.012043029367923737,-0.006031522959470749,True,range,True,0
C,posterior_mean_shrunk,family_horizon,C,50,,,all,,phi_reservoir_rule,learned,False,3,3,6000,3,True,True,0.18642239196101826,0.18237481185545526,0.19055443753798804,0.002117395880199962,0.7106549009482066,0.027378898089130715,0.15904349387188751,33.512,0.6565,4.792166666666666,26.152666666666665,0.0472424,0.0,0.0,,0.8970772929092249,0.8970772929092249,0.8696983948200941,0.0,-0.05114802739396692,-0.05640980956765513,-0.045887207007035614,0.002699384529945517,0.5684166666666667,3,,,,,,,,,,-0.09872627026215196,-0.01758691931515932,True,range,True,0,0.03226491648703814,0.02881651568847398,0.035737359911824265,0.0017892960995960375,0.44366666666666665,3,,,,,,,,,,0.019434115312993525,0.03933515125513077,True,range,True,0
C,posterior_mean_shrunk,family_horizon,C,50,,,all,,phi_sf_k16,learned,False,3,3,6000,3,True,True,0.1605851029927532,0.15648064886530239,0.16470551832268635,0.0020895797771003977,0.7364921899164716,0.05596137824654579,0.1046237247462074,23.016000000000002,0.4378333333333333,7.024000000000001,14.467166666666666,0.08584346666666669,0.0,0.0,,0.8970772929092249,0.8970772929092249,0.8411159146626791,0.0,-0.07698531636223198,-0.08216707526395718,-0.07189738949139912,0.0026145992981975613,0.6156666666666667,3,,,,,,,,,,-0.10694328957423568,-0.04932941638678312,True,range,True,0,0.006427627518773078,0.0035554095491534114,0.009215855108535228,0.0014478285120573383,0.492,3,,,,,,,,,,0.0017828007340431214,0.011217096000909805,True,range,True,0
C,posterior_mean_shrunk,family_horizon,C,50,,,all,,phi_sf_k16_noT1000,learned,False,3,3,6000,3,True,True,0.15531963295737902,0.1512956470871965,0.15938426293432711,0.0020490032167365326,0.7417576599518458,0.07240052348375321,0.08291910947362582,19.311999999999998,0.36066666666666664,7.683666666666667,10.198,0.09797280000000001,0.0,0.0,,0.8970772929092249,0.8970772929092249,0.8246767694254716,0.0,-0.08225078639760613,-0.08733165472125014,-0.0771632976209124,0.002581444789604753,0.62575,3,,,,,,,,,,-0.11416867241635918,-0.05316209276765585,True,range,True,0,0.0011621574833989142,-0.0016283727407577918,0.003869651649923374,0.0014018140194367813,0.50075,3,,,,,,,,,,-0.0029555501490831377,0.003991713158786297,True,range,True,0
C,posterior_mean_shrunk,family_horizon,C,50,,,all,,power_a0.25,baseline,False,3,3,6000,3,True,True,0.1541574754739801,0.15016399150093399,0.15807612457623085,0.0020044747513192096,0.7429198174352448,0.06484707448383172,0.08931040099014838,21.0,0.39583333333333326,6.94,10.8835,0.08405320000000001,0.0,,,0.8970772929092249,0.8970772929092249,0.832230218425393,0.0,-0.08341294388100505,-0.08864861552913983,-0.07827348780507844,0.0026328961726444448,0.6277499999999999,3,,,,,,,,,,-0.11816038557514548,-0.05561240220814943,True,range,True,0,0.0,0.0,0.0,0.0,0.5,3,,,,,,,,,,0.0,0.0,True,range,True,0
C,posterior_mean_shrunk,family_horizon,C,50,,,all,,power_a0.33,baseline,False,3,3,6000,3,True,True,0.15415146778523922,0.15027817748486996,0.1580289821450909,0.0019882553680998847,0.7429258251239856,0.05668765320380529,0.09746381458143394,23.0,0.4375,6.502,13.002333333333333,0.07590746666666667,0.0,,,0.8970772929092249,0.8970772929092249,0.8403896397054195,0.0,-0.08341895156974594,-0.08871057173237204,-0.0782191283069551,0.0026776778122076773,0.626,3,,,,,,,,,,-0.1211115614362061,-0.05084486749023199,True,range,True,0,-6.007688740889266e-06,-0.0023080680053681113,0.0023172206536401056,0.001204906158950592,0.4950833333333333,3,,,,,,,,,,-0.0029511758610606194,0.004767534717917442,True,range,True,0
C,posterior_mean_shrunk,family_horizon,C,50,,,all,,power_a0.5,baseline,False,3,3,6000,3,True,True,0.15500073582182328,0.15100208086272082,0.15894315261393785,0.002008828253268322,0.7420765570874015,0.06484707448383172,0.09015366133799156,21.0,0.39583333333333326,6.720499999999999,10.751333333333333,0.08198346666666667,0.0,,,0.8970772929092249,0.8970772929092249,0.832230218425393,0.0,-0.08256968353316187,-0.08784024283910792,-0.07741215353210767,0.0026432444870275254,0.6251666666666665,3,,,,,,,,,,-0.11671328764781355,-0.05353776805847883,True,range,True,0,0.0008432603478431701,-0.0006427103554112056,0.0023280510285985647,0.0007537765803266521,0.4982500000000001,3,,,,,,,,,,-0.0009919510334730148,0.0020746341496706007,True,range,True,0
C,posterior_mean_shrunk,family_horizon,C,50,,,all,,power_a0.67,baseline,False,3,3,6000,3,True,True,0.16017286581297716,0.15616281076023977,0.1640885066241026,0.0020273797448046938,0.7369044270962476,0.04900268649558226,0.11117017931739488,25.0,0.4791666666666668,5.602833333333333,14.312666666666665,0.06447000000000001,0.0,,,0.8970772929092249,0.8970772929092249,0.8480746064136425,0.0,-0.077397553542008,-0.08272081771865486,-0.07214951949814956,0.0027244606396175895,0.6151666666666668,3,,,,,,,,,,-0.11568513521924614,-0.04547191404551268,True,range,True,0,0.0060153903389970455,0.0028168536329758356,0.009168882441493527,0.0016112261307466473,0.48408333333333325,3,,,,,,,,,,0.002475250355899334,0.010140488162636756,True,range,True,0
C,posterior_mean_shrunk,family_horizon,C,50,,,all,,refine_after_init,baseline,False,3,3,6000,3,True,True,0.2101149205379188,0.20570513978600502,0.21459562728802362,0.0022596785108872793,0.6869623723713061,0.1674559331436952,0.042658987394223614,8.0,0.125,12.049999999999999,0.4196666666666667,0.18625333333333335,0.0013333333333333333,,,0.8970772929092249,0.8970772929092249,0.7296213597655297,0.0,-0.027455498817066354,-0.030485833467294773,-0.024398177582770585,0.0015549950083799493,0.5451666666666667,3,,,,,,,,,,-0.042020592592656614,-0.017947055757045745,True,range,True,0,0.0559574450639387,0.051274752834190924,0.06067501390352845,0.002438028160222271,0.41183333333333333,3,,,,,,,,,,0.037665346451103685,0.07613979298248887,True,range,True,0
C,posterior_mean_shrunk,family_horizon,C,50,,,all,,rule_reservoir,rule,False,3,3,6000,3,True,True,0.1948383081232508,0.19062091099719208,0.19911809948583445,0.002156088435617269,0.702238984785974,0.067028058146437,0.12781024997681378,25.491333333333333,0.48940277777777785,6.716666666666666,16.942000000000004,0.08501906666666668,0.0025,0.0,,0.8970772929092249,0.8970772929092249,0.8300492347627878,0.0,-0.04273211123173435,-0.04783630693952243,-0.037567957166659956,0.002598842103714433,0.5648333333333334,3,,,,,,,,,,-0.08723477591201663,-0.011924965567886829,True,range,True,0,0.04068083264927069,0.03630434178436796,0.04525154254709681,0.0022935707034293473,0.43333333333333335,3,,,,,,,,,,0.030925609663128854,0.047429451644420625,True,range,True,0
C,posterior_mean_shrunk,family_horizon,C,50,,,all,,uniform,baseline,False,3,3,6000,3,True,True,0.17815033506105346,0.17404187650730213,0.18221556308368841,0.0021078135510861225,0.7189269578481713,0.04720315665503343,0.13094717840602002,26.01033333333333,0.5002152777777779,4.908333333333334,14.923499999999999,0.059199333333333326,0.0,,,0.8970772929092249,0.8970772929092249,0.8498741362541914,0.0,-0.059420084293931724,-0.06486618136987089,-0.05414086685826381,0.002732959086446785,0.5899166666666666,3,,,,,,,,,,-0.09852105778083205,-0.02937592151015997,True,range,True,0,0.023992859587073326,0.020338199730031193,0.02762972998122374,0.0018707727533115893,0.46008333333333334,3,,,,,,,,,,0.01963932779431343,0.026236480697989464,True,range,True,0
C,posterior_mean_shrunk,family_horizon,C,100,,,all,,always_search,baseline,False,3,3,6000,3,True,True,0.14806209703783194,0.14426346595088643,0.15191538948565722,0.0019260904162272038,0.7783695015360911,0.01641012697418531,0.13165197006364662,64.0,0.6326530612244898,6.7895,48.579,0.02781556666666667,0.0,,64.0,0.9264315985739232,0.9100214715997378,0.9100214715997378,1.0,-0.06293900679051875,-0.0682710863960286,-0.057516592896233,0.002720142237781298,0.5995833333333334,3,,,,,,,,,,-0.0798705542832613,-0.036693495929241184,True,range,True,0,0.03334482581168413,0.029141087263512114,0.03767938532400876,0.0021660210083491575,0.43333333333333335,3,,,,,,,,,,0.010818303354084492,0.049438762724399565,True,range,True,0
C,posterior_mean_shrunk,family_horizon,C,100,,,all,,cp0,reference,False,3,3,6000,3,True,True,0.2110011038283507,0.20682536214590072,0.21509460657835008,0.0020988521535634454,0.7154304947455724,0.1838610271662474,0.02714007666210334,8.9995,0.07142346938775507,23.837666666666667,0.08900000000000001,0.1762368,0.2886666666666667,,,0.9264315985739232,0.9100214715997378,0.7425705714076757,0.0,0.0,0.0,0.0,0.0,0.5,3,,,,,,,,,,0.0,0.0,True,range,True,0,0.0962838326022029,0.0914852007602652,0.10104274700085322,0.0024037433987178906,0.34158333333333335,3,,,,,,,,,,0.07647090728580952,0.12930931700766088,True,range,True,0
C,posterior_mean_shrunk,family_horizon,C,100,,,all,,fixed_K16,baseline,False,3,3,6000,3,True,True,0.1562200690085689,0.1523920261611541,0.1600564055144787,0.0019247895112814559,0.7702115295653541,0.12032411406437556,0.03589595494419336,16.0,0.1428571428571428,18.808333333333334,1.5016666666666667,0.12469190000000001,0.021,,,0.9264315985739232,0.9100214715997378,0.8061074845095475,0.0,-0.054781034819781776,-0.0584081611285607,-0.051077942457050086,0.0018633277668653123,0.5943333333333333,3,,,,,,,,,,-0.06823859691619873,-0.03995976278185844,True,range,True,0,0.041502797782421115,0.03751590222430726,0.04555864282883704,0.002055785199426286,0.43175,3,,,,,,,,,,0.02692652875185013,0.06107072009146214,True,range,True,0
C,posterior_mean_shrunk,family_horizon,C,100,,,all,,p3_star,reference,False,3,3,6000,3,True,True,0.11471727122614779,0.11129894983023404,0.11818414026250441,0.0017481739276171578,0.8117143273477753,0.04901387022932371,0.0657034009968241,36.0,0.3469387755102041,11.739833333333332,18.585333333333335,0.06190763333333333,0.0,,,0.9264315985739232,0.9100214715997378,0.8774177283445993,0.0,-0.0962838326022029,-0.10104274700085322,-0.0914852007602652,0.0024037433987178906,0.6584166666666667,3,,,,,,,,,,-0.12930931700766088,-0.07647090728580952,True,range,True,0,0.0,0.0,0.0,0.0,0.5,3,,,,,,,,,,0.0,0.0,True,range,True,0
C,posterior_mean_shrunk,family_horizon,C,100,,,all,,phi_k1,learned,False,3,3,6000,3,True,True,0.10578530371189117,0.10255403394500415,0.10901975824187199,0.001668553443504363,0.820646294862032,0.0376761985818545,0.06810910513003667,41.184,0.39983673469387754,11.327166666666665,22.298166666666663,0.055666266666666665,0.0,0.008499999999999999,91.94117647058823,0.9264315985739232,0.9100214715997378,0.8887553999920687,0.0028333333333333335,-0.10521580011645953,-0.10993099790066481,-0.10045232207824786,0.0024452607030810945,0.6775833333333333,3,,,,,,,,,,-0.14207047428190708,-0.08435487344861031,True,range,True,0,-0.008931967514256636,-0.011322103584340463,-0.006535301572876052,0.0012338572777394724,0.5150833333333332,3,,,,,,,,,,-0.012761157274246216,-0.006150779105722904,True,range,True,0
C,posterior_mean_shrunk,family_horizon,C,100,,,all,,phi_k16,learned,False,3,3,6000,3,True,True,0.12059994659324487,0.11713276353354254,0.12407269005974134,0.001760234040713458,0.8058316519806782,0.06736439430713653,0.053235552286108344,27.78333333333333,0.2630952380952381,14.862500000000002,12.454333333333333,0.08972696666666669,0.0,0.0006666666666666666,96.0,0.9264315985739232,0.9100214715997378,0.8590672042667865,0.0003333333333333333,-0.09040115723510583,-0.094878255824248,-0.08589020920917391,0.0022848853860729175,0.6521666666666667,3,,,,,,,,,,-0.12035326100885868,-0.06637166851758956,True,range,True,0,0.005882675367097061,0.0033694914949592204,0.008374765927631717,0.0012962540601942794,0.49449999999999994,3,,,,,,,,,,-0.0014072686657309532,0.010099238768219948,True,range,True,0
C,posterior_mean_shrunk,family_horizon,C,100,,,all,,phi_k16_all71,learned,False,3,3,6000,3,True,True,0.11623866187036037,0.1127658760175109,0.11968126526723306,0.0017387171900736104,0.8101929367035628,0.05747379396359126,0.058764867906769123,31.232666666666663,0.29829251700680276,13.551666666666668,15.596666666666666,0.0787941,0.0,0.0006666666666666666,96.0,0.9264315985739232,0.9100214715997378,0.8689578046103318,0.0003333333333333333,-0.09476244195799033,-0.0993310752014319,-0.0900976344322165,0.0023376051701169275,0.6607500000000001,3,,,,,,,,,,-0.1275446351468563,-0.07186821386218072,True,range,True,0,0.0015213906442125638,-0.0005109358006545023,0.0034901714350174485,0.00102447062999145,0.5011666666666666,3,,,,,,,,,,-0.0018032033517956733,0.004602693423628807,True,range,True,0
C,posterior_mean_shrunk,family_horizon,C,100,,,all,,phi_k16_clock,learned,False,3,3,6000,3,True,True,0.11330457650621732,0.10986695329969129,0.11679343183835347,0.0017353546557952553,0.8131270220677057,0.05332085526982944,0.05998372123638789,34.0,0.32653061224489793,12.616,17.215166666666665,0.06810916666666667,0.0,0.0,,0.9264315985739232,0.9100214715997378,0.8731107433040938,0.0,-0.09769652732213337,-0.10233176865925392,-0.09302025927851598,0.002382383954686603,0.663,3,,,,,,,,,,-0.13271201783418654,-0.07661259678006173,True,range,True,0,-0.0014126947199304895,-0.002779787367035169,-9.031890804180884e-05,0.0006989881389595407,0.5029166666666666,3,,,,,,,,,,-0.003402700826525688,-0.00014168949425220488,True,range,True,0
C,posterior_mean_shrunk,family_horizon,C,100,,,all,,phi_k16_cs,learned,False,3,3,6000,3,True,True,0.12096030493080616,0.11742986825605234,0.12441386912638942,0.0017622508873007608,0.8054712936431169,0.06773265767097474,0.05322764725983142,27.692666666666668,0.2621700680272109,14.895000000000001,12.363999999999999,0.09001793333333334,0.0,0.0006666666666666666,96.0,0.9264315985739232,0.9100214715997378,0.8586989409029483,0.0003333333333333333,-0.09004079889754453,-0.09450481217354537,-0.0855494752836724,0.002280695930773901,0.6515833333333334,3,,,,,,,,,,-0.12007184980809689,-0.06551051512360573,True,range,True,0,0.00624303370465835,0.0037161502162537854,0.008775741394492798,0.001306616847594686,0.4948333333333334,3,,,,,,,,,,-0.0014687582477927207,0.010960392162203788,True,range,True,0
C,posterior_mean_shrunk,family_horizon,C,100,,,all,,phi_k16_famA_only,learned,False,3,3,6000,3,True,True,0.13378854760030903,0.13023052997887133,0.13737557282050453,0.0018006086085442152,0.7926430509736141,0.09029739442467688,0.04349115317563216,21.698666666666668,0.20100680272108842,16.755666666666666,6.0025,0.10542263333333335,0.0013333333333333333,0.0,,0.9264315985739232,0.9100214715997378,0.8361342041492463,0.0,-0.07721255622804164,-0.0813528145973881,-0.07301676739007235,0.002145114124720689,0.6291666666666668,3,,,,,,,,,,-0.09697835038602352,-0.05266730177402496,True,range,True,0,0.019071276374161242,0.015799145689137126,0.022391590719295588,0.001686321558596149,0.4721666666666667,3,,,,,,,,,,0.0010792569890618324,0.03233096662163734,True,range,True,0
C,posterior_mean_shrunk,family_horizon,C,100,,,all,,phi_k16_famB_only,learned,False,3,3,6000,3,True,True,0.12265236307183902,0.11915826617429653,0.12612941190600396,0.0017623832140182146,0.8037792355020841,0.07104355326294899,0.05160880980889002,26.840333333333334,0.25347278911564625,15.159333333333334,11.593666666666666,0.09244233333333333,0.0,0.001,96.0,0.9264315985739232,0.9100214715997378,0.8553880453109741,0.0005,-0.08834874075651168,-0.09282700698822736,-0.08387885602811972,0.0022549825808104965,0.6471666666666667,3,,,,,,,,,,-0.11742875592410565,-0.06304889404773713,True,range,True,0,0.007935091845691205,0.00522753027859532,0.010647956105337168,0.0013996914162837262,0.49066666666666664,3,,,,,,,,,,-0.0014972987845540047,0.013422013238072395,True,range,True,0
C,posterior_mean_shrunk,family_horizon,C,100,,,all,,phi_k16_guard,learned,False,3,3,6000,3,True,True,0.12951615213602782,0.12596697757641476,0.1330654449140032,0.0017927721305058257,0.7969154464378952,0.08446398351589839,0.04505216862012943,22.633333333333336,0.21054421768707487,16.178166666666666,6.552333333333333,0.10042450000000001,0.0,0.0,,0.9264315985739232,0.9100214715997378,0.8419676150580248,0.0,-0.0814849516923229,-0.08589681858817737,-0.07708046510815621,0.00220743748172938,0.642,3,,,,,,,,,,-0.10418446870148182,-0.058312100909650326,True,range,True,0,0.01479888090988,0.011571103235473857,0.01801008428252923,0.0016524610377525928,0.4814166666666666,3,,,,,,,,,,0.0011129880473017694,0.025124848306179046,True,range,True,0
C,posterior_mean_shrunk,family_horizon,C,100,,,all,,phi_k16_hgb,learned,False,3,3,6000,3,True,True,0.12484436066510778,0.12131697647273541,0.1283258610094587,0.0017830459377070394,0.8015872379088154,0.04243153476715087,0.08241282589795688,41.71866666666667,0.40529251700680285,11.951833333333333,27.552666666666667,0.061706333333333335,0.0,0.145,95.20496894409938,0.9264315985739232,0.9100214715997378,0.8840000638067722,0.035666666666666666,-0.08615674316324294,-0.09073092841232816,-0.0815229592534403,0.002344572168106892,0.6416666666666666,3,,,,,,,,,,-0.11399802127480507,-0.06241452778875828,True,range,True,0,0.010127089438959956,0.007506559888618844,0.012743667648464903,0.0013459513263125052,0.4828333333333334,3,,,,,,,,,,0.0010135930869728327,0.015311295732855796,True,range,True,0
C,posterior_mean_shrunk,family_horizon,C,100,,,all,,phi_k16_lucb,learned,False,3,3,6000,3,True,True,0.11924162360032399,0.11578989404564102,0.12272810209542512,0.0017470927695831192,0.8071899749735992,0.06407090961933136,0.05517071398099264,27.923333333333336,0.26452380952380955,14.976500000000001,12.6315,0.09138696666666668,0.0013333333333333333,0.001,96.0,0.9264315985739232,0.9100214715997378,0.8623606889545918,0.0005,-0.09175948022802671,-0.09625061017771562,-0.0871925054738919,0.002308521082816009,0.6535833333333333,3,,,,,,,,,,-0.12294128158688546,-0.06741203744709491,True,range,True,0,0.0045243523741761845,0.0021088826547687274,0.006914629462213874,0.0012403857222665299,0.496,3,,,,,,,,,,-0.0018538481369614601,0.0090588698387146,True,range,True,0
C,posterior_mean_shrunk,family_horizon,C,100,,,all,,phi_k16_noT1000,learned,False,3,3,6000,3,True,True,0.11797502684593202,0.11444461476057768,0.12147031569232544,0.0017613107180531734,0.8084565717279911,0.04573106066385905,0.07224396618207296,38.44533333333333,0.3718911564625851,11.924166666666666,22.689166666666665,0.06592276666666667,0.0,0.467,92.76512059369202,0.9264315985739232,0.9100214715997378,0.8807005379100641,0.09133333333333334,-0.0930260769824187,-0.09769559210787217,-0.08823811101416747,0.002389570737568088,0.6568333333333333,3,,,,,,,,,,-0.12547307869791985,-0.069959867015481,True,range,True,0,0.003257755619784196,0.0011340144887071802,0.005408356026358281,0.0010945033796427208,0.49666666666666676,3,,,,,,,,,,-0.0005740117207169533,0.006511040270328522,True,range,True,0
C,posterior_mean_shrunk,family_horizon,C,100,,,all,,phi_k16_noT200,learned,False,3,3,6000,3,True,True,0.11800147081911565,0.11454736612116297,0.12150854431092739,0.0017452832584531949,0.8084301277548075,0.059562555780013404,0.058438915039102236,30.92866666666667,0.2951904761904762,13.848833333333333,15.648000000000001,0.08146733333333334,0.0,0.005,96.0,0.9264315985739232,0.9100214715997378,0.8668690427939097,0.0021666666666666666,-0.09299963300923507,-0.09751966993014018,-0.08839986873790623,0.0023248011752688546,0.6571666666666667,3,,,,,,,,,,-0.1244805349111557,-0.06896915248036385,True,range,True,0,0.003284199592967828,0.0010066702268280402,0.005561552970902994,0.0011670943543222452,0.49800000000000005,3,,,,,,,,,,-0.0024779381230473517,0.007501754805445671,True,range,True,0
C,posterior_mean_shrunk,family_horizon,C,100,,,all,,phi_k16_noambig,learned,False,3,3,6000,3,True,True,0.11360933635135491,0.11020812733719747,0.11707257653276125,0.0017295958115616627,0.8128222622225681,0.046582145671049756,0.06702719068030516,37.765,0.36494897959183675,11.879666666666665,21.287833333333335,0.06448866666666667,0.0,0.19400000000000003,91.15701617110068,0.9264315985739232,0.9100214715997378,0.8798494529028732,0.0405,-0.0973917674769958,-0.10212704458584389,-0.0926041187097629,0.002412392368770725,0.6630833333333334,3,,,,,,,,,,-0.13229202765226364,-0.07396328677237034,True,range,True,0,-0.0011079348747928938,-0.0031204174281810985,0.0008747521622960144,0.0010203983767732329,0.5059166666666667,3,,,,,,,,,,-0.0029827106446027756,0.0025076205134391787,True,range,True,0
C,posterior_mean_shrunk,family_horizon,C,100,,,all,,phi_k16_nopolicy,learned,False,3,3,6000,3,True,True,0.11820102882385253,0.11468077112610141,0.12171952165663243,0.0017547836298212993,0.8082305697500706,0.060039958765109376,0.05816107005874316,29.788,0.28355102040816327,14.26,14.1835,0.08472413333333334,0.0,0.0,,0.9264315985739232,0.9100214715997378,0.8663916398088137,0.0,-0.09280007500449816,-0.0974159720664223,-0.08821175874521335,0.0023298924241941057,0.6551666666666666,3,,,,,,,,,,-0.12470835672318935,-0.06976385743916035,True,range,True,0,0.0034837575977047282,0.0013734815836263202,0.005572873146350805,0.0010820209566370037,0.49574999999999997,3,,,,,,,,,,-0.0008567373380064965,0.00670704984664917,True,range,True,0
C,posterior_mean_shrunk,family_horizon,C,100,,,all,,phi_k16_notrunc,learned,False,3,3,6000,3,True,True,0.11427801460276048,0.11080252587174376,0.11777831539511681,0.0017396479846060163,0.8121535839711626,0.056171992997328446,0.058106021605432025,32.397333333333336,0.3101768707482993,13.256166666666667,16.424500000000002,0.07413756666666667,0.0,0.0,,0.9264315985739232,0.9100214715997378,0.8702596055765947,0.0,-0.09672308922559024,-0.10129017525662978,-0.09201988068719705,0.0023616369987044306,0.6623333333333333,3,,,,,,,,,,-0.1316426836401224,-0.07340740856528283,True,range,True,0,-0.00043925662338733666,-0.0021834599656964807,0.0012616005584277436,0.0008877900293119597,0.5033333333333333,3,,,,,,,,,,-0.002333366632461548,0.003063498720526695,True,range,True,0
C,posterior_mean_shrunk,family_horizon,C,100,,,all,,phi_k16_perstep,learned,False,3,3,6000,3,True,True,0.12519736892481645,0.1217096743794779,0.12862094386170306,0.001765825465481382,0.8012342296491067,0.08085029553373656,0.044347073391079905,22.769833333333327,0.21193707482993196,16.91016666666667,7.703166666666667,0.1069072,0.0,0.0,,0.9264315985739232,0.9100214715997378,0.8455813030401865,0.0,-0.08580373490353425,-0.09019182895620664,-0.08143798410892486,0.0022120154983914283,0.6498333333333334,3,,,,,,,,,,-0.11013097830116748,-0.06064972264319658,True,range,True,0,0.01048009769866864,0.007336485050230597,0.01360433173297982,0.0016090681161554186,0.4928333333333333,3,,,,,,,,,,-0.0035592302531003953,0.019178338706493377,True,range,True,0
C,posterior_mean_shrunk,family_horizon,C,100,,,all,,phi_k16_quality,learned,False,3,3,6000,3,True,True,0.12626261961460114,0.1227707332621018,0.12978290300816298,0.0017756366086469097,0.8001689789593219,0.0789138033191363,0.047348816295464835,24.16,0.22612244897959188,16.1065,8.844333333333333,0.09997646666666667,0.0013333333333333333,0.001,96.0,0.9264315985739232,0.9100214715997378,0.8475177952547868,0.0005,-0.08473848421374956,-0.08912349886571368,-0.0804419659388562,0.002219952768582049,0.6422500000000001,3,,,,,,,,,,-0.11095385524630547,-0.059142977342009545,True,range,True,0,0.011545348388453322,0.00861251231302352,0.014511318714418544,0.0014954104807365113,0.48524999999999996,3,,,,,,,,,,-0.0010473465397953987,0.0183554617613554,True,range,True,0
C,posterior_mean_shrunk,family_horizon,C,100,,,all,,phi_k16_tau05,learned,False,3,3,6000,3,True,True,0.12059994659324487,0.11713276353354254,0.12407269005974134,0.001760234040713458,0.8058316519806782,0.06736439430713653,0.053235552286108344,27.78333333333333,0.2630952380952381,14.862500000000002,12.454333333333333,0.08972696666666669,0.0,0.0006666666666666666,96.0,0.9264315985739232,0.9100214715997378,0.8590672042667865,0.0003333333333333333,-0.09040115723510583,-0.094878255824248,-0.08589020920917391,0.0022848853860729175,0.6521666666666667,3,,,,,,,,,,-0.12035326100885868,-0.06637166851758956,True,range,True,0,0.005882675367097061,0.0033694914949592204,0.008374765927631717,0.0012962540601942794,0.49449999999999994,3,,,,,,,,,,-0.0014072686657309532,0.010099238768219948,True,range,True,0
C,posterior_mean_shrunk,family_horizon,C,100,,,all,,phi_k16_weighted,learned,False,3,3,6000,3,True,True,0.12011651910841466,0.11664609626556435,0.1235999663049976,0.0017580968078823563,0.8063150794655085,0.05110237819949786,0.06901414090891679,34.071333333333335,0.3272585034013606,13.030666666666667,18.840833333333332,0.0755009,0.0,0.007666666666666666,96.0,0.9264315985739232,0.9100214715997378,0.8753292203744252,0.0026666666666666666,-0.09088458471993605,-0.09547277639309565,-0.08619349229459962,0.002351814663807419,0.6502500000000001,3,,,,,,,,,,-0.1228557193428278,-0.06630826698243618,True,range,True,0,0.00539924788226684,0.0030231064368005417,0.007746559806158377,0.0012124355677532812,0.49074999999999996,3,,,,,,,,,,-0.00041849432140588763,0.010162640303373337,True,range,True,0
C,posterior_mean_shrunk,family_horizon,C,100,,,all,,phi_k4,learned,False,3,3,6000,3,True,True,0.10826299975812435,0.10488841167340676,0.11157750012353063,0.0016846478973039838,0.8181685988157987,0.046317786792914074,0.06194521296521027,36.446666666666665,0.35149659863945576,12.2525,19.557000000000002,0.06526803333333335,0.0,0.0,,0.9264315985739232,0.9100214715997378,0.8801138117810091,0.0,-0.10273810407022636,-0.10744815319776535,-0.09797603916376829,0.002399881443990906,0.6745833333333334,3,,,,,,,,,,-0.13890561316907407,-0.08007962349057197,True,range,True,0,-0.006454271468023459,-0.008559848344884812,-0.00437924299039878,0.0010750613541680477,0.51125,3,,,,,,,,,,-0.009596296161413193,-0.003608716204762459,True,range,True,0
C,posterior_mean_shrunk,family_horizon,C,100,,,all,,phi_reservoir_rule,learned,False,3,3,6000,3,True,True,0.12652966096997262,0.12303621377795934,0.13005957112958033,0.001806367232191143,0.7999019376039506,0.0317726966838042,0.09475696428616842,49.86033333333333,0.4883707482993196,8.386999999999999,30.775833333333335,0.0383452,0.0,0.083,83.58335478335478,0.9264315985739232,0.9100214715997378,0.8946589018901189,0.0415,-0.0844714428583781,-0.08943600067868829,-0.07949138342713316,0.00255350687007772,0.6336666666666666,3,,,,,,,,,,-0.11516900658607483,-0.05658575391769409,True,range,True,0,0.0118123897438248,0.0085142203689126,0.015129644119103128,0.001684618344644835,0.4716666666666667,3,,,,,,,,,,0.0014117054417729378,0.019885153368115426,True,range,True,0
C,posterior_mean_shrunk,family_horizon,C,100,,,all,,phi_sf_k16,learned,False,3,3,6000,3,True,True,0.11195770818491778,0.10861196067805091,0.11538691660389304,0.0017137161516913284,0.8144738903890053,0.04651092420021693,0.06544678398470084,37.73266666666667,0.3646190476190477,11.633333333333335,20.751833333333334,0.06153250000000001,0.0,0.017333333333333333,93.80392156862744,0.9264315985739232,0.9100214715997378,0.8799206743737061,0.008499999999999999,-0.09904339564343294,-0.10376968625932931,-0.09427200338492792,0.0024146253205119465,0.6675000000000001,3,,,,,,,,,,-0.133547386020422,-0.0767558946609497,True,range,True,0,-0.002759563041230043,-0.004673589233425446,-0.0008959717544106147,0.0009699204785473675,0.5074166666666666,3,,,,,,,,,,-0.004238069012761116,-0.0002849873751401901,True,range,True,0
C,posterior_mean_shrunk,family_horizon,C,100,,,all,,phi_sf_k16_noT1000,learned,False,3,3,6000,3,True,True,0.11890234656631947,0.11541013016055028,0.12239061811318,0.0017488134480379766,0.8075292520076035,0.06466647252440454,0.05423587404191494,28.43766666666666,0.26977210884353736,14.684666666666667,13.076166666666666,0.08819023333333335,0.0,0.001,96.0,0.9264315985739232,0.9100214715997378,0.8617651260495185,0.0005,-0.09209875726203125,-0.09664180545757214,-0.08754904534046849,0.002308752994147016,0.6544166666666666,3,,,,,,,,,,-0.12296856497228145,-0.06884410655498505,True,range,True,0,0.0041850753401716555,0.0018962726132789006,0.0064978227077517655,0.0011986765141256293,0.49625,3,,,,,,,,,,-0.0014123267456889153,0.007626800730824471,True,range,True,0
C,posterior_mean_shrunk,family_horizon,C,100,,,all,,power_a0.25,baseline,False,3,3,6000,3,True,True,0.11179974266141653,0.10850274438659349,0.11525745211790006,0.001724921318934973,0.8146318559125065,0.04378980233271917,0.06800994032869735,39.0,0.3775510204081633,11.136833333333334,20.920166666666667,0.056594066666666665,0.0,,,0.9264315985739232,0.9100214715997378,0.882641796241204,0.0,-0.09920136116693418,-0.10391565511624018,-0.09439815916121007,0.0024260736031691886,0.6673333333333332,3,,,,,,,,,,-0.1356452503502369,-0.07603703658282757,True,range,True,0,-0.00291752856473128,-0.0048849219822879285,-0.0009698369962279687,0.0010031336307320786,0.5026666666666667,3,,,,,,,,,,-0.006335933342576027,0.00043387070298194885,True,range,True,0
C,posterior_mean_shrunk,family_horizon,C,100,,,all,,power_a0.33,baseline,False,3,3,6000,3,True,True,0.11471727122614779,0.11129894983023404,0.11818414026250441,0.0017481739276171578,0.8117143273477753,0.04901387022932371,0.0657034009968241,36.0,0.3469387755102041,11.739833333333332,18.585333333333335,0.06190763333333333,0.0,,,0.9264315985739232,0.9100214715997378,0.8774177283445993,0.0,-0.0962838326022029,-0.10104274700085322,-0.0914852007602652,0.0024037433987178906,0.6584166666666667,3,,,,,,,,,,-0.12930931700766088,-0.07647090728580952,True,range,True,0,0.0,0.0,0.0,0.0,0.5,3,,,,,,,,,,0.0,0.0,True,range,True,0
C,posterior_mean_shrunk,family_horizon,C,100,,,all,,power_a0.5,baseline,False,3,3,6000,3,True,True,0.1163142439307024,0.11287207479278247,0.11978929291168848,0.00175370908945812,0.8101173546432207,0.04527276583512624,0.07104147809557616,38.0,0.3673469387755102,11.002,19.949833333333334,0.05684053333333333,0.0,,,0.9264315985739232,0.9100214715997378,0.8811588327387968,0.0,-0.0946868598976483,-0.09941174630075693,-0.08993788504352172,0.0024226396740875075,0.6546666666666666,3,,,,,,,,,,-0.1288005613833666,-0.07211379873752594,True,range,True,0,0.0015969727045545975,-1.29255233332512e-05,0.0031789906589741192,0.0008170864971125835,0.49241666666666667,3,,,,,,,,,,-7.494605891406535e-05,0.004357108548283577,True,range,True,0
C,posterior_mean_shrunk,family_horizon,C,100,,,all,,power_a0.67,baseline,False,3,3,6000,3,True,True,0.11985135295738776,0.11632924644897383,0.12336599758515755,0.001775305863792491,0.8065802456165354,0.04901387022932371,0.07083748272806406,36.0,0.3469387755102041,10.881166666666667,17.737,0.05782633333333334,0.0,,,0.9264315985739232,0.9100214715997378,0.8774177283445993,0.0,-0.09114975087096294,-0.09583347545315822,-0.08642978835850954,0.002385064822324087,0.65,3,,,,,,,,,,-0.12499477952718735,-0.06868763057887554,True,range,True,0,0.005134081731239954,0.0036040621829063943,0.006698528184400251,0.0007958648527031353,0.4896666666666667,3,,,,,,,,,,0.0033044310063123704,0.007783276706933975,True,range,True,0
C,posterior_mean_shrunk,family_horizon,C,100,,,all,,refine_after_init,baseline,False,3,3,6000,3,True,True,0.22225454075634477,0.2180126405010621,0.22640760925908884,0.002121405692223828,0.7041770578175783,0.19735449109226466,0.024900049664080142,8.0,0.06122448979591836,26.82766666666667,0.11533333333333333,0.20747023333333334,0.20916666666666664,,,0.9264315985739232,0.9100214715997378,0.7290771074816584,0.0,0.011253436927994092,0.009471749999405196,0.013118340959772467,0.000944273547924542,0.48025,3,,,,,,,,,,0.00844482782483101,0.014874105721712112,True,range,True,0,0.10753726953019699,0.10271243906269471,0.11239507434268793,0.002450941182996788,0.32575,3,,,,,,,,,,0.08491573511064053,0.13975069424510003,True,range,True,0
C,posterior_mean_shrunk,family_horizon,C,100,,,all,,rule_reservoir,rule,False,3,3,6000,3,True,True,0.1560189801901579,0.15212539390971264,0.159889132467409,0.001980457564083133,0.7704126183837651,0.033395276720325155,0.12262370346983274,56.1505,0.5525561224489796,9.065166666666666,40.748333333333335,0.04648456666666667,0.03983333333333334,1.5138333333333334,64.06393356571105,0.9264315985739232,0.9100214715997378,0.8930363218535979,0.7949999999999999,-0.054982123638192805,-0.06013005000228683,-0.04986240370199085,0.0026130236841404955,0.5866666666666667,3,,,,,,,,,,-0.07537059536576271,-0.034249278441071514,True,range,True,0,0.04130170896401008,0.037018554843962194,0.04568679939645032,0.0022062564231779434,0.41416666666666674,3,,,,,,,,,,0.027744776405394078,0.053938721641898155,True,range,True,0
C,posterior_mean_shrunk,family_horizon,C,100,,,all,,uniform,baseline,False,3,3,6000,3,True,True,0.14520195674647887,0.1414298384139935,0.14902869040767353,0.0019215469592469515,0.7812296418274443,0.028551005164782206,0.11665095158169665,50.98883333333333,0.4998860544217687,7.234999999999999,30.943833333333334,0.034755666666666664,0.0018333333333333333,,97.0835497835498,0.9264315985739232,0.9100214715997378,0.8978805934091408,0.004666666666666666,-0.06579914708187183,-0.07078900427247087,-0.06063799362940093,0.002576816957242552,0.6041666666666666,3,,,,,,,,,,-0.09034788204729557,-0.037329794496297836,True,range,True,0,0.030484685520331067,0.026953886387248834,0.034015014146765075,0.0017979128182366592,0.4411666666666667,3,,,,,,,,,,0.013351508811116219,0.039141112789511684,True,range,True,0
C,posterior_mean_shrunk,family_horizon,C,200,,,all,,always_search,baseline,False,3,3,6000,3,True,True,0.07378852460781733,0.07128424908344945,0.07635391267637412,0.0012832028531447838,0.8669115534921487,0.03128053005536397,0.042507994552453354,64.0,0.31313131313131315,20.62516666666667,33.585,0.04668421666666667,0.0,,64.0,0.9407000780999661,0.909419548044602,0.909419548044602,1.0,-0.09451840991526843,-0.09850383435065548,-0.09050914819041889,0.00202403317990795,0.693,3,,,,,,,,,,-0.14442801316082476,-0.052345998369157314,True,range,True,0,0.0,0.0,0.0,0.0,0.5,3,,,,,,,,,,0.0,0.0,True,range,True,0
C,posterior_mean_shrunk,family_horizon,C,200,,,all,,cp0,reference,False,3,3,6000,3,True,True,0.16830693452308576,0.16457181001702945,0.17186247973392407,0.0018586012374040232,0.7723931435768803,0.14869493054846925,0.019612003974616526,13.970500000000001,0.06045707070707068,41.55950000000001,0.13266666666666668,0.14302874166666665,1.3339999999999999,,,0.9407000780999661,0.909419548044602,0.7920051475514969,0.0,0.0,0.0,0.0,0.0,0.5,3,,,,,,,,,,0.0,0.0,True,range,True,0,0.09451840991526843,0.09050914819041889,0.09850383435065548,0.00202403317990795,0.307,3,,,,,,,,,,0.052345998369157314,0.14442801316082476,True,range,True,0
C,posterior_mean_shrunk,family_horizon,C,200,,,all,,fixed_K16,baseline,False,3,3,6000,3,True,True,0.1550118136505286,0.1514474036792914,0.15853985523184141,0.0018152355582636878,0.7856882644494374,0.13502009589473407,0.019991717755794527,16.0,0.07070707070707072,44.93066666666667,0.3875,0.15465367500000002,0.6244999999999999,,,0.9407000780999661,0.909419548044602,0.805679982205232,0.0,-0.013295120872557164,-0.015106618544086813,-0.011541623862770698,0.0008998497493462552,0.535,3,,,,,,,,,,-0.014533636763691902,-0.011266082286834718,True,range,True,0,0.08122328904271126,0.07728523599604765,0.08506293625881274,0.001966178661254702,0.3365,3,,,,,,,,,,0.038260354802012446,0.12989437639713286,True,range,True,0
C,posterior_mean_shrunk,family_horizon,C,200,,,all,,p3_star,reference,False,3,3,6000,3,True,True,0.07378852460781733,0.07128424908344945,0.07635391267637412,0.0012832028531447838,0.8669115534921487,0.03128053005536397,0.042507994552453354,64.0,0.31313131313131315,20.62516666666667,33.585,0.04668421666666667,0.0,,70.0,0.9407000780999661,0.909419548044602,0.909419548044602,1.0,-0.09451840991526843,-0.09850383435065548,-0.09050914819041889,0.00202403317990795,0.693,3,,,,,,,,,,-0.14442801316082476,-0.052345998369157314,True,range,True,0,0.0,0.0,0.0,0.0,0.5,3,,,,,,,,,,0.0,0.0,True,range,True,0
C,posterior_mean_shrunk,family_horizon,C,200,,,all,,phi_k1,learned,False,3,3,6000,3,True,True,0.07378852460781733,0.07128424908344945,0.07635391267637412,0.0012832028531447838,0.8669115534921487,0.03128053005536397,0.042507994552453354,64.0,0.31313131313131315,20.62516666666667,33.585,0.04668421666666667,0.0,104.15483333333333,72.54133333333334,0.9407000780999661,0.909419548044602,0.909419548044602,1.0,-0.09451840991526843,-0.09850383435065548,-0.09050914819041889,0.00202403317990795,0.693,3,,,,,,,,,,-0.14442801316082476,-0.052345998369157314,True,range,True,0,0.0,0.0,0.0,0.0,0.5,3,,,,,,,,,,0.0,0.0,True,range,True,0
C,posterior_mean_shrunk,family_horizon,C,200,,,all,,phi_k16,learned,False,3,3,6000,3,True,True,0.08547261035939058,0.08268828786288698,0.0882191991743942,0.001410850466052896,0.8552274677405755,0.053971063385407136,0.03150154697398345,42.27066666666666,0.20338720538720537,28.362166666666667,15.945333333333332,0.07681603333333334,0.006333333333333333,0.6243333333333333,136.01960784313727,0.9407000780999661,0.909419548044602,0.8867290147145589,0.08833333333333333,-0.08283432416369518,-0.08655735542997717,-0.07901185353597005,0.0019139860001423524,0.6704166666666667,3,,,,,,,,,,-0.12404406516253948,-0.05223772221058607,True,range,True,0,0.011684085751573245,0.009098795726337509,0.014257843959785532,0.0012848745523308868,0.4755,3,,,,,,,,,,0.00010827615857124329,0.020383947998285294,True,range,True,0
C,posterior_mean_shrunk,family_horizon,C,200,,,all,,phi_k16_all71,learned,False,3,3,6000,3,True,True,0.08238583554824193,0.0797052993439138,0.08512237230315804,0.001376724330775927,0.8583142425517242,0.048756816585858655,0.03362901896238327,45.98066666666667,0.22212457912457914,26.933833333333336,19.779166666666665,0.07083203333333334,0.008666666666666668,1.0376666666666667,133.53355978482236,0.9407000780999661,0.909419548044602,0.8919432615141073,0.15016666666666667,-0.0859210989748438,-0.08971829855193694,-0.08206912161161503,0.0019396025826980648,0.6755,3,,,,,,,,,,-0.13014601562917233,-0.0525300180837512,True,range,True,0,0.008597310940424601,0.006181056141455581,0.010972999844913525,0.0012036308570414368,0.48341666666666666,3,,,,,,,,,,-0.00018401971459388732,0.01428199753165245,True,range,True,0
C,posterior_mean_shrunk,family_horizon,C,200,,,all,,phi_k16_clock,learned,False,3,3,6000,3,True,True,0.0798630110869805,0.0772405340646704,0.08253981467957297,0.0013493898519533565,0.8608370670129856,0.04395448551575343,0.03590852557122707,50.0,0.24242424242424232,25.04783333333333,22.179666666666666,0.06245015833333334,0.004833333333333333,0.0,,0.9407000780999661,0.909419548044602,0.8967455925842126,0.0,-0.08844392343610524,-0.09229319545750816,-0.08450092660884062,0.0019617681130748334,0.6807500000000001,3,,,,,,,,,,-0.1358929364234209,-0.05167366816848516,True,range,True,0,0.006074486479163169,0.0038034888163868664,0.008347606957734871,0.0011594787999705681,0.48875,3,,,,,,,,,,0.0006723302006721496,0.00901605249941349,True,range,True,0
C,posterior_mean_shrunk,family_horizon,C,200,,,all,,phi_k16_cs,learned,False,3,3,6000,3,True,True,0.08561264459788799,0.08286117489139239,0.08837267256652315,0.001411696815717365,0.8550874335020779,0.05413767750064532,0.03147496709724267,42.06933333333333,0.2023703703703704,28.427999999999997,15.729166666666666,0.077136625,0.008833333333333334,0.605,135.79253317488613,0.9407000780999661,0.909419548044602,0.8865624005993208,0.08449999999999998,-0.08269428992519777,-0.08647422157227994,-0.07886744967351357,0.0019123372056001622,0.6705833333333334,3,,,,,,,,,,-0.12360276506841182,-0.05239552959054709,True,range,True,0,0.011824119990070664,0.009249036843539216,0.014408693310785259,0.0012886080843621606,0.47541666666666665,3,,,,,,,,,,-4.953122138977051e-05,0.02082524809241295,True,range,True,0
C,posterior_mean_shrunk,family_horizon,C,200,,,all,,phi_k16_famA_only,learned,False,3,3,6000,3,True,True,0.09512264795601368,0.09220910081639887,0.0980242783514162,0.001496239378290848,0.8455774301439524,0.06581853623191515,0.029304111724098525,35.346000000000004,0.16841414141414143,30.505333333333336,7.6419999999999995,0.08579070833333334,0.07433333333333333,0.0006666666666666666,112.0,0.9407000780999661,0.909419548044602,0.8748815418680508,0.0003333333333333333,-0.07318428656707207,-0.07677238785351316,-0.0695417097148796,0.0018453754835993203,0.6524166666666665,3,,,,,,,,,,-0.10701029078662395,-0.05022444998472929,True,range,True,0,0.021334123348196347,0.01842169952239298,0.024222442961763593,0.0014652618821250146,0.45408333333333334,3,,,,,,,,,,0.002121548384428024,0.037417722374200824,True,range,True,0
C,posterior_mean_shrunk,family_horizon,C,200,,,all,,phi_k16_famB_only,learned,False,3,3,6000,3,True,True,0.08822946672638259,0.08545111358786622,0.09102785447612405,0.0014366800688320408,0.8524706113735835,0.05655528742074967,0.03167417930563291,41.14833333333334,0.19771885521885524,28.7975,14.951500000000001,0.07921696666666667,0.012166666666666668,1.1916666666666667,141.74294308077197,0.9407000780999661,0.909419548044602,0.8841447906792164,0.10866666666666665,-0.08007746779670318,-0.08381187804043293,-0.07628935761749744,0.0018913800582102897,0.6660833333333332,3,,,,,,,,,,-0.1184234620332718,-0.05256659122556448,True,range,True,0,0.014440942118565241,0.011784878394003802,0.017073970861990043,0.001324980207946543,0.47241666666666665,3,,,,,,,,,,-0.00022059285640716554,0.026004551127552986,True,range,True,0
C,posterior_mean_shrunk,family_horizon,C,200,,,all,,phi_k16_guard,learned,False,3,3,6000,3,True,True,0.08784089509646098,0.08503544793153803,0.09065108659366766,0.0014349114460195135,0.8528591830035049,0.05680769922335943,0.03103319587310155,39.87716666666667,0.19129882154882158,28.952333333333332,12.570833333333333,0.07908139166666668,0.0275,0.0,,0.9407000780999661,0.909419548044602,0.8838923788766065,0.0,-0.08046603942662478,-0.0841196200810373,-0.07667648276935021,0.0019068659928323597,0.6645,3,,,,,,,,,,-0.11970442041754722,-0.05150170909613371,True,range,True,0,0.014052370488643648,0.011410157381760655,0.016723649772272135,0.0013324759339587557,0.4706666666666666,3,,,,,,,,,,0.0008442892730236054,0.02472359274327755,True,range,True,0
C,posterior_mean_shrunk,family_horizon,C,200,,,all,,phi_k16_hgb,learned,False,3,3,6000,3,True,True,0.08392575728396574,0.08122781254351139,0.08664219798520208,0.0013823919827653259,0.8567743208160002,0.038118962744871775,0.045806794539093976,59.25266666666666,0.2891548821548821,22.38716666666667,31.75033333333333,0.0533548,0.0018333333333333333,13.245666666666665,174.62558619035863,0.9407000780999661,0.909419548044602,0.9025811153550943,0.6353333333333332,-0.08438117723912002,-0.08825928733373682,-0.08048446392640471,0.0019528078438307865,0.6708333333333334,3,,,,,,,,,,-0.13096384952962398,-0.051823090724647046,True,range,True,0,0.010137232676148416,0.007847753714061887,0.012416960221404828,0.0011615751263983215,0.47608333333333336,3,,,,,,,,,,0.0005229076445102691,0.016424626752734185,True,range,True,0
C,posterior_mean_shrunk,family_horizon,C,200,,,all,,phi_k16_lucb,learned,False,3,3,6000,3,True,True,0.08242753358681996,0.0797836956878503,0.08509789686650038,0.0013681751041227225,0.858272544513146,0.0503619230389595,0.03206561054786047,42.98766666666666,0.2070084175084175,28.667666666666666,16.774666666666665,0.07907834166666668,0.022500000000000003,2.4133333333333336,129.51429440611346,0.9407000780999661,0.909419548044602,0.8903381550610066,0.17766666666666664,-0.08587940093626578,-0.08967744341741006,-0.08208259356518588,0.0019309729777321836,0.6748333333333333,3,,,,,,,,,,-0.13010028721392156,-0.0515826403722167,True,range,True,0,0.008639008979002634,0.006248030915836959,0.011022397929142846,0.0011981351171898335,0.48125,3,,,,,,,,,,0.0007633579969406128,0.014327725946903229,True,range,True,0
C,posterior_mean_shrunk,family_horizon,C,200,,,all,,phi_k16_noT1000,learned,False,3,3,6000,3,True,True,0.07764559101065,0.07507255021482706,0.08028039271011948,0.0013227236173642507,0.8630544870893161,0.03919610598683357,0.038449485023816427,54.33166666666667,0.2643013468013468,24.215,27.370666666666665,0.060819875,0.0,14.834333333333333,124.32613409234871,0.9407000780999661,0.909419548044602,0.9015039721131325,0.5096666666666666,-0.09066134351243575,-0.09462392100443442,-0.08668416508783897,0.0019852275056977775,0.6862499999999999,3,,,,,,,,,,-0.13913221645355225,-0.05248580052703619,True,range,True,0,0.003857066402832667,0.0020234878096137745,0.00566725710935619,0.0009205669679411432,0.49625,3,,,,,,,,,,-0.00013980215787887573,0.006415204659104347,True,range,True,0
C,posterior_mean_shrunk,family_horizon,C,200,,,all,,phi_k16_noT200,learned,False,3,3,6000,3,True,True,0.0788422292470932,0.07625876817231378,0.08151227459311486,0.0013438303389663152,0.8618578488528729,0.04254794295628866,0.03629428629080455,52.32266666666666,0.2541548821548822,24.623166666666666,25.5305,0.06223925,0.0015000000000000002,6.966,116.36330699256204,0.9407000780999661,0.909419548044602,0.8981521351436773,0.4255,-0.08946470527599255,-0.09339235872030258,-0.08549189114322266,0.001978460174786488,0.68275,3,,,,,,,,,,-0.1365937080681324,-0.052971436344087124,True,range,True,0,0.005053704639275868,0.003041656396332354,0.007127825593245991,0.0010246764312434645,0.49325,3,,,,,,,,,,-0.0006254379749298096,0.00795224680006504,True,range,True,0
C,posterior_mean_shrunk,family_horizon,C,200,,,all,,phi_k16_noambig,learned,False,3,3,6000,3,True,True,0.07567115118602911,0.0731175547465682,0.07823737806951006,0.0012960347113740237,0.865028926913937,0.03718333294987678,0.038487818236152334,56.10933333333333,0.2732794612794613,23.506333333333334,28.827166666666667,0.057701725,0.0,14.166000000000002,118.53577423721754,0.9407000780999661,0.909419548044602,0.9035167451500893,0.5438333333333333,-0.09263578333705663,-0.09655991236989697,-0.08865840397775174,0.0019913146609408573,0.6894166666666667,3,,,,,,,,,,-0.14238339349627493,-0.05283982714265585,True,range,True,0,0.0018826265782117843,0.0002576821255691661,0.0035007664537867324,0.0008212629148084327,0.4977500000000001,3,,,,,,,,,,-0.0004938287734985352,0.004097088843584061,True,range,True,0
C,posterior_mean_shrunk,family_horizon,C,200,,,all,,phi_k16_nopolicy,learned,False,3,3,6000,3,True,True,0.07900097680588564,0.07640836689000328,0.08167460554589827,0.0013348597765189781,0.8616991012940804,0.04349063789844513,0.03551033890744051,48.94833333333333,0.23711279461279455,26.084333333333333,22.6255,0.06716609166666666,0.0023333333333333335,0.22533333333333336,137.0330202485166,0.9407000780999661,0.909419548044602,0.897209440201521,0.09249999999999999,-0.08930595771720011,-0.09314649881174167,-0.08541688251619538,0.0019569195776554887,0.6807500000000001,3,,,,,,,,,,-0.13744277185201645,-0.0518707035407424,True,range,True,0,0.005212452198068301,0.0029784227437630764,0.007443787997908657,0.0011311741011293295,0.49099999999999994,3,,,,,,,,,,0.000475294828414917,0.008176820456981659,True,range,True,0
C,posterior_mean_shrunk,family_horizon,C,200,,,all,,phi_k16_notrunc,learned,False,3,3,6000,3,True,True,0.07566180926561356,0.07317933753753703,0.07832981891309222,0.0012965074460409307,0.8650382688343524,0.03773129903276761,0.037930510232845945,55.30433333333334,0.2692138047138047,23.603499999999997,28.154666666666667,0.05729545,0.0003333333333333333,2.053,92.606960628705,0.9407000780999661,0.909419548044602,0.9029687790671984,0.41050000000000003,-0.0926451252574722,-0.09656146892036001,-0.08866512008632223,0.001981208333114464,0.6914166666666667,3,,,,,,,,,,-0.14174806040525437,-0.052261867068707946,True,range,True,0,0.001873284657796224,0.00019817181046164517,0.003555020145116334,0.0008704080764523297,0.4968333333333333,3,,,,,,,,,,8.413130044937134e-05,0.002855769917368889,True,range,True,0
C,posterior_mean_shrunk,family_horizon,C,200,,,all,,phi_k16_perstep,learned,False,3,3,6000,3,True,True,0.08958608533938726,0.0868214201182127,0.09240088940908511,0.0014503068628818857,0.8511139927605788,0.05898556691408158,0.030600518425305683,38.318666666666665,0.1834276094276094,30.781000000000002,12.365333333333332,0.08695491666666666,0.012333333333333335,0.6358333333333334,125.66260430390867,0.9407000780999661,0.909419548044602,0.8817145111858844,0.04,-0.0787208491836985,-0.08242637974520524,-0.07494367711866895,0.001890318948203894,0.6660833333333332,3,,,,,,,,,,-0.11678658501803875,-0.0534136274382472,True,range,True,0,0.015797560731569925,0.013129831047262997,0.018496007153347212,0.0013605220600344085,0.47441666666666665,3,,,,,,,,,,-0.0010676290690898895,0.027641428142786025,True,range,True,0
C,posterior_mean_shrunk,family_horizon,C,200,,,all,,phi_k16_quality,learned,False,3,3,6000,3,True,True,0.09041577926278115,0.0876161657894651,0.09326058076694607,0.0014561861140243218,0.8502842988371849,0.05997743644316991,0.03043834281961123,37.484,0.17921212121212124,30.580833333333334,10.800333333333333,0.08706030000000002,0.059166666666666666,1.022,119.07742466193172,0.9407000780999661,0.909419548044602,0.8807226416567961,0.07933333333333333,-0.07789115526030461,-0.08161025888596972,-0.07416674696529905,0.0018799733344323133,0.6609166666666666,3,,,,,,,,,,-0.11600153455138207,-0.05147560777515173,True,range,True,0,0.01662725465496381,0.013923009721232423,0.019355305183368424,0.001373514934112888,0.46541666666666676,3,,,,,,,,,,0.0008703905940055847,0.02842647860944271,True,range,True,0
C,posterior_mean_shrunk,family_horizon,C,200,,,all,,phi_k16_tau05,learned,False,3,3,6000,3,True,True,0.08547261035939058,0.08268828786288698,0.0882191991743942,0.001410850466052896,0.8552274677405755,0.053971063385407136,0.03150154697398345,42.27066666666666,0.20338720538720537,28.362166666666667,15.945333333333332,0.07681603333333334,0.006333333333333333,0.6243333333333333,136.01960784313727,0.9407000780999661,0.909419548044602,0.8867290147145589,0.08833333333333333,-0.08283432416369518,-0.08655735542997717,-0.07901185353597005,0.0019139860001423524,0.6704166666666667,3,,,,,,,,,,-0.12404406516253948,-0.05223772221058607,True,range,True,0,0.011684085751573245,0.009098795726337509,0.014257843959785532,0.0012848745523308868,0.4755,3,,,,,,,,,,0.00010827615857124329,0.020383947998285294,True,range,True,0
C,posterior_mean_shrunk,family_horizon,C,200,,,all,,phi_k16_weighted,learned,False,3,3,6000,3,True,True,0.08555722648402055,0.08286320775126417,0.08826345369840662,0.0014031418994119472,0.8551428516159456,0.04999520685275396,0.035562019631266595,44.52,0.21474747474747477,27.804666666666666,17.887333333333334,0.07626626666666665,0.013999999999999999,1.5016666666666667,165.77218743612846,0.9407000780999661,0.909419548044602,0.8907048712472121,0.1565,-0.0827497080390652,-0.08645012226576607,-0.07896201855813464,0.001904673729180925,0.6690833333333334,3,,,,,,,,,,-0.12512541934847832,-0.051149839557707306,True,range,True,0,0.011768701876203219,0.009203636579574475,0.01429251376830507,0.0012826937427365005,0.4749999999999999,3,,,,,,,,,,0.0011961588114500045,0.019302593812346457,True,range,True,0
C,posterior_mean_shrunk,family_horizon,C,200,,,all,,phi_k4,learned,False,3,3,6000,3,True,True,0.07393254561225572,0.07143180516238014,0.07647704447930058,0.0012861669708380244,0.8667675324877102,0.03133186747630437,0.042600678135951364,63.867,0.312459595959596,20.678666666666665,33.50716666666667,0.04686154166666667,0.0,54.96999999999999,83.08743130785022,0.9407000780999661,0.909419548044602,0.9093682106236617,0.9594999999999999,-0.09437438891083001,-0.09835437011594574,-0.09039155015101036,0.002023671402687044,0.6918333333333333,3,,,,,,,,,,-0.1440719483345747,-0.052350997380912305,True,range,True,0,0.00014402100443840029,-0.00010087095034047403,0.00042487653829918276,0.00013401179121111658,0.5,3,,,,,,,,,,-4.999011754989624e-06,0.0003560648262500763,True,range,True,0
C,posterior_mean_shrunk,family_horizon,C,200,,,all,,phi_reservoir_rule,learned,False,3,3,6000,3,True,True,0.07486967322230338,0.07232945188879966,0.0774753819530209,0.0013014308225067397,0.8658304048776625,0.03226443190375964,0.042605241318543756,63.675666666666665,0.31149326599326604,20.59166666666667,33.22483333333333,0.046587474999999996,0.0,20.425666666666668,88.73000753654235,0.9407000780999661,0.909419548044602,0.9084356461962063,0.9768333333333334,-0.09343726130078235,-0.09739683205261827,-0.08942532017827035,0.0020253727944367847,0.691,3,,,,,,,,,,-0.1415164548754692,-0.0522897683903575,True,range,True,0,0.0010811486144860587,0.0003052517250296206,0.0018557465847000758,0.00039663816689007705,0.49774999999999997,3,,,,,,,,,,5.622997879981995e-05,0.002911558285355568,True,range,True,0
C,posterior_mean_shrunk,family_horizon,C,200,,,all,,phi_sf_k16,learned,False,3,3,6000,3,True,True,0.07406172602375348,0.07157684058571855,0.07662881504123409,0.0012847950962124129,0.8666383520762126,0.03249233648180962,0.04156938954194387,62.10833333333333,0.30357744107744106,21.292666666666666,32.528666666666666,0.04912240833333334,0.0,19.301666666666666,96.96420030947756,0.9407000780999661,0.909419548044602,0.9082077416181565,0.866,-0.09424520849933227,-0.09818863949428001,-0.09021917264908552,0.0020188536931346943,0.6934999999999999,3,,,,,,,,,,-0.1432494059354067,-0.05212990441173315,True,range,True,0,0.00027320141593615215,-0.00043906344430221585,0.0010018589043587168,0.0003636661877864012,0.49866666666666665,3,,,,,,,,,,-0.0005750969350337982,0.0011786072254180908,True,range,True,0
C,posterior_mean_shrunk,family_horizon,C,200,,,all,,phi_sf_k16_noT1000,learned,False,3,3,6000,3,True,True,0.08201974038283029,0.07935872217640282,0.0847040961496532,0.001370372940754739,0.8586803377171357,0.04867761224508286,0.03334212813774745,45.97466666666667,0.22209427609427612,27.001500000000004,19.455333333333332,0.07152270000000001,0.011500000000000002,2.6446666666666663,115.1474862146718,0.9407000780999661,0.909419548044602,0.8920224658548833,0.21266666666666667,-0.08628719414025544,-0.09007926896835368,-0.0824721984565258,0.0019385250520198769,0.6750833333333333,3,,,,,,,,,,-0.1306783395409584,-0.05221699699014425,True,range,True,0,0.00823121577501297,0.005935006342285002,0.010530425203614868,0.001166884620074561,0.4835833333333333,3,,,,,,,,,,0.00012900137901306153,0.01374967361986637,True,range,True,0
C,posterior_mean_shrunk,family_horizon,C,200,,,all,,power_a0.25,baseline,False,3,3,6000,3,True,True,0.07855383594334125,0.07603647354990244,0.0812267036177218,0.001334713426542954,0.8621462421566247,0.03605116491516431,0.042502671028176946,59.0,0.28787878787878796,21.645166666666668,30.029500000000002,0.050774225000000006,0.0,,,0.9407000780999661,0.909419548044602,0.9046489131848018,0.0,-0.0897530985797445,-0.09363638535141945,-0.08578560609991352,0.001996153978781779,0.6796666666666668,3,,,,,,,,,,-0.13778126868605614,-0.05038543934375048,True,range,True,0,0.004765311335523923,0.0030884651564216862,0.006450103983903925,0.0008552250170326905,0.4851666666666667,3,,,,,,,,,,0.0019605590254068374,0.006646744474768639,True,range,True,0
C,posterior_mean_shrunk,family_horizon,C,200,,,all,,power_a0.33,baseline,False,3,3,6000,3,True,True,0.07883173295855522,0.07629250322158138,0.08152602010716994,0.0013403531484543643,0.8618683451414109,0.03776614927252134,0.041065583686033885,57.0,0.2777777777777778,21.99266666666667,28.4015,0.0522776,0.0008333333333333334,,,0.9407000780999661,0.909419548044602,0.9029339288274447,0.0,-0.08947520156453054,-0.09333853274583816,-0.08558370967706044,0.0019893152481584146,0.6812499999999999,3,,,,,,,,,,-0.1377104327380657,-0.05085411138087511,True,range,True,0,0.00504320835073789,0.003219387679124945,0.0069403591721008216,0.0009528826695425472,0.48833333333333334,3,,,,,,,,,,0.0014918869882822037,0.006920157641172409,True,range,True,0
C,posterior_mean_shrunk,family_horizon,C,200,,,all,,power_a0.5,baseline,False,3,3,6000,3,True,True,0.07379454869031905,0.07129543914149206,0.07636393137897055,0.0012831592800328496,0.8669055294096469,0.03128053005536397,0.042514018634955096,64.0,0.31313131313131315,20.6245,33.5845,0.04668171666666667,0.0,,110.0,0.9407000780999661,0.909419548044602,0.909419548044602,1.0,-0.09451238583276671,-0.09849197749669353,-0.0905031764258941,0.002023963639292015,0.693,3,,,,,,,,,,-0.1444099409133196,-0.052345998369157314,True,range,True,0,6.02408250172933e-06,0.0,1.8072247864135232e-05,6.0240825017293305e-06,0.49991666666666673,3,,,,,,,,,,0.0,1.8072247505187988e-05,True,range,True,0
C,posterior_mean_shrunk,family_horizon,C,200,,,all,,power_a0.67,baseline,False,3,3,6000,3,True,True,0.07378852460781733,0.07128424908344945,0.07635391267637412,0.0012832028531447838,0.8669115534921487,0.03128053005536397,0.042507994552453354,64.0,0.31313131313131315,20.62516666666667,33.585,0.04668421666666667,0.0,,70.0,0.9407000780999661,0.909419548044602,0.909419548044602,1.0,-0.09451840991526843,-0.09850383435065548,-0.09050914819041889,0.00202403317990795,0.693,3,,,,,,,,,,-0.14442801316082476,-0.052345998369157314,True,range,True,0,0.0,0.0,0.0,0.0,0.5,3,,,,,,,,,,0.0,0.0,True,range,True,0
C,posterior_mean_shrunk,family_horizon,C,200,,,all,,refine_after_init,baseline,False,3,3,6000,3,True,True,0.23001611899832886,0.22584421001374722,0.2339697029441595,0.0020636517947345296,0.7106839591016372,0.2149051642790437,0.01511095471928517,8.0,0.03030303030303029,62.13116666666667,0.0275,0.24121046666666665,0.9848333333333333,,,0.9407000780999661,0.909419548044602,0.7257949138209224,0.0,0.06170918447524309,0.05829641552021106,0.06502433596178889,0.001727242199927069,0.37833333333333335,3,,,,,,,,,,0.0472787713855505,0.07238297636061906,True,range,True,0,0.1562275943905115,0.15174041961630186,0.16059230156242849,0.0022889745006048306,0.21883333333333332,3,,,,,,,,,,0.12472897472977638,0.2098938188403845,True,range,True,0
C,posterior_mean_shrunk,family_horizon,C,200,,,all,,rule_reservoir,rule,False,3,3,6000,3,True,True,0.0760365311751763,0.07349387795353929,0.07866377684598168,0.0013136201415287227,0.8646635469247897,0.034449879695971804,0.04158665147920449,62.03416666666667,0.303202861952862,21.730999999999998,31.644333333333332,0.05165120833333333,0.09216666666666667,7.755666666666667,64.6034201264488,0.9407000780999661,0.909419548044602,0.9062501984039942,0.9548333333333333,-0.09227040334790944,-0.09620871745670835,-0.08832255046193797,0.0020143785129325457,0.6856666666666666,3,,,,,,,,,,-0.1442448309659958,-0.046358040146529673,True,range,True,0,0.0022480065673589704,0.0015978595948884808,0.0029436611792334586,0.0003464530279815095,0.4925,3,,,,,,,,,,0.0001831821948289871,0.00598795822262764,True,range,True,0
C,posterior_mean_shrunk,family_horizon,C,200,,,all,,uniform,baseline,False,3,3,6000,3,True,True,0.07464508513112862,0.07217198812092344,0.07725114456067482,0.0012916418030809605,0.8660549929688374,0.03128053005536397,0.04336455507576465,64.0,0.31313131313131315,19.69066666666667,31.904333333333337,0.04383155,0.07633333333333332,,126.09633333333333,0.9407000780999661,0.909419548044602,0.909419548044602,1.0,-0.09366184939195714,-0.09762276917075118,-0.08968365679805478,0.00202523233427153,0.693,3,,,,,,,,,,-0.14388245333731176,-0.051897943399846554,True,range,True,0,0.0008565605233112972,0.00013304328779971338,0.0016129416641585217,0.00038294711294047855,0.49816666666666665,3,,,,,,,,,,0.0004480549693107605,0.0015760667771101,True,range,True,0
C,posterior_mean_shrunk,family_horizon,C,500,,,all,,always_search,baseline,False,3,3,6000,3,True,True,0.057724958350261056,0.05595483276993036,0.059542024477074545,0.0008913331537943513,0.8954530702829361,0.04357419515649478,0.014150763193766278,64.0,0.12449799196787148,78.1825,10.023666666666665,0.079825728,1.9558333333333333,,64.0,0.9531780286331971,0.9096038334767025,0.9096038334767025,1.0,-0.07072431600590547,-0.07375787467074892,-0.06773402302836377,0.0015323097029313621,0.70325,3,,,,,,,,,,-0.10902174820005894,-0.02867543441057205,True,range,True,0,0.0,0.0,0.0,0.0,0.5,3,,,,,,,,,,0.0,0.0,True,range,True,0
C,posterior_mean_shrunk,family_horizon,C,500,,,all,,cp0,reference,False,3,3,6000,3,True,True,0.12844927435616652,0.1254047932724158,0.13151400008549294,0.0015698436940556812,0.8247287542770306,0.11792139255007107,0.010527881806095441,21.616000000000003,0.039389558232931735,117.00816666666667,0.10216666666666667,0.15445803733333333,6.075333333333333,,,0.9531780286331971,0.9096038334767025,0.8352566360831261,0.0,0.0,0.0,0.0,0.0,0.5,3,,,,,,,,,,0.0,0.0,True,range,True,0,0.07072431600590547,0.06773402302836377,0.07375787467074892,0.0015323097029313621,0.29675,3,,,,,,,,,,0.02867543441057205,0.10902174820005894,True,range,True,0
C,posterior_mean_shrunk,family_horizon,C,500,,,all,,fixed_K16,baseline,False,3,3,6000,3,True,True,0.15771557526290417,0.15435913174102703,0.1610677753885587,0.0017132595937046225,0.795462453370293,0.1484510979304711,0.009264477332433066,16.0,0.028112449799196793,154.05933333333334,0.05366666666666666,0.22225366000000002,3.789,,,0.9531780286331971,0.9096038334767025,0.804726930702726,0.0,0.029266300906737642,0.02708821588506301,0.03154274458065629,0.0011388811363486214,0.42333333333333334,3,,,,,,,,,,0.019778204053640367,0.04237433362007141,True,range,True,0,0.0999906169126431,0.09658982638890545,0.10337913346787293,0.0017219484057392302,0.24841666666666665,3,,,,,,,,,,0.04845363846421242,0.15139608182013034,True,range,True,0
C,posterior_mean_shrunk,family_horizon,C,500,,,all,,p3_star,reference,False,3,3,6000,3,True,True,0.057724958350261056,0.05595483276993036,0.059542024477074545,0.0008913331537943513,0.8954530702829361,0.04357419515649478,0.014150763193766278,64.0,0.12449799196787148,78.1825,10.023666666666665,0.079825728,1.9558333333333333,,68.0,0.9531780286331971,0.9096038334767025,0.9096038334767025,1.0,-0.07072431600590547,-0.07375787467074892,-0.06773402302836377,0.0015323097029313621,0.70325,3,,,,,,,,,,-0.10902174820005894,-0.02867543441057205,True,range,True,0,0.0,0.0,0.0,0.0,0.5,3,,,,,,,,,,0.0,0.0,True,range,True,0
C,posterior_mean_shrunk,family_horizon,C,500,,,all,,phi_k1,learned,False,3,3,6000,3,True,True,0.057724958350261056,0.05595483276993036,0.059542024477074545,0.0008913331537943513,0.8954530702829361,0.04357419515649478,0.014150763193766278,64.0,0.12449799196787148,78.1825,10.023666666666665,0.079825728,1.9558333333333333,435.9961666666666,64.00233333333334,0.9531780286331971,0.9096038334767025,0.9096038334767025,1.0,-0.07072431600590547,-0.07375787467074892,-0.06773402302836377,0.0015323097029313621,0.70325,3,,,,,,,,,,-0.10902174820005894,-0.02867543441057205,True,range,True,0,0.0,0.0,0.0,0.0,0.5,3,,,,,,,,,,0.0,0.0,True,range,True,0
C,posterior_mean_shrunk,family_horizon,C,500,,,all,,phi_k16,learned,False,3,3,6000,3,True,True,0.057720650066932035,0.05594557284687956,0.05954226044317087,0.0008914273327538954,0.8954573785662651,0.04357929910222689,0.014141350964705151,63.83866666666666,0.12417402945113787,78.3515,9.933166666666667,0.080093968,1.9593333333333334,174.12133333333335,104.09011017651785,0.9531780286331971,0.9096038334767025,0.9095987295309703,0.9886666666666666,-0.07072862428923449,-0.07375714232524236,-0.06774886082857848,0.0015322880381644663,0.7033333333333335,3,,,,,,,,,,-0.10902695213258266,-0.028620375603437425,True,range,True,0,-4.308283329010009e-06,-4.88606624899764e-05,4.014631506000416e-05,2.2892569355076547e-05,0.5000833333333333,3,,,,,,,,,,-6.277972459793091e-05,5.50588071346283e-05,True,range,True,0
C,posterior_mean_shrunk,family_horizon,C,500,,,all,,phi_k16_all71,learned,False,3,3,6000,3,True,True,0.05770333894093832,0.05594113804399967,0.059528317581862215,0.0008903143487522534,0.8954746896922589,0.04357419515649478,0.014129143784443536,63.96266666666667,0.12442302543507362,78.20433333333334,10.009,0.07986254533333333,1.9580000000000002,173.66866666666667,101.39242548792771,0.9531780286331971,0.9096038334767025,0.9096038334767025,0.9973333333333333,-0.07074593541522821,-0.07376647875644267,-0.06775234853848815,0.0015318125927150565,0.70325,3,,,,,,,,,,-0.10902174820005894,-0.02867543441057205,True,range,True,0,-2.1619409322738648e-05,-6.485822571751972e-05,0.0,1.9327573431299392e-05,0.5001666666666666,3,,,,,,,,,,-6.485822796821594e-05,0.0,True,range,True,0
C,posterior_mean_shrunk,family_horizon,C,500,,,all,,phi_k16_clock,learned,False,3,3,6000,3,True,True,0.057724958350261056,0.05595483276993036,0.059542024477074545,0.0008913331537943513,0.8954530702829361,0.04357419515649478,0.014150763193766278,64.0,0.12449799196787148,78.1825,10.023666666666665,0.079825728,1.9558333333333333,402.0,64.0,0.9531780286331971,0.9096038334767025,0.9096038334767025,1.0,-0.07072431600590547,-0.07375787467074892,-0.06773402302836377,0.0015323097029313621,0.70325,3,,,,,,,,,,-0.10902174820005894,-0.02867543441057205,True,range,True,0,0.0,0.0,0.0,0.0,0.5,3,,,,,,,,,,0.0,0.0,True,range,True,0
C,posterior_mean_shrunk,family_horizon,C,500,,,all,,phi_k16_cs,learned,False,3,3,6000,3,True,True,0.057720650066932035,0.05594557284687956,0.05954226044317087,0.0008914273327538954,0.8954573785662651,0.04357929910222689,0.014141350964705151,63.834,0.12416465863453814,78.35066666666665,9.927666666666667,0.08009617066666667,1.9593333333333334,175.80166666666665,104.87834233806147,0.9531780286331971,0.9096038334767025,0.9095987295309703,0.9883333333333334,-0.07072862428923449,-0.07375714232524236,-0.06774886082857848,0.0015322880381644663,0.7033333333333335,3,,,,,,,,,,-0.10902695213258266,-0.028620375603437425,True,range,True,0,-4.308283329010009e-06,-4.88606624899764e-05,4.014631506000416e-05,2.2892569355076547e-05,0.5000833333333333,3,,,,,,,,,,-6.277972459793091e-05,5.50588071346283e-05,True,range,True,0
C,posterior_mean_shrunk,family_horizon,C,500,,,all,,phi_k16_famA_only,learned,False,3,3,6000,3,True,True,0.05840785995125771,0.05666892376417915,0.06022186496605476,0.0008943599697686694,0.8947701686819395,0.045106858770052584,0.013301001181205113,60.029333333333334,0.11652476572958499,82.07333333333334,7.198166666666666,0.08645054533333334,2.212666666666667,9.061333333333334,127.58402755385801,0.9531780286331971,0.9096038334767025,0.9080711698631445,0.7186666666666667,-0.07004141440490881,-0.07305738961634536,-0.067027734608079,0.0015243743238767947,0.7004166666666668,3,,,,,,,,,,-0.10794061018526555,-0.028649261236190795,True,range,True,0,0.0006829016009966532,0.0002167750326407259,0.001187313205506749,0.00024780284894181277,0.49591666666666673,3,,,,,,,,,,2.6173174381256103e-05,0.001081138014793396,True,range,True,0
C,posterior_mean_shrunk,family_horizon,C,500,,,all,,phi_k16_famB_only,learned,False,3,3,6000,3,True,True,0.057824166188637414,0.05605889620880286,0.05965941570078333,0.0008901766194953416,0.8953538624445597,0.04366280323266983,0.014161362955967585,63.586999999999996,0.12366867469879517,78.58300000000001,9.757,0.08053911333333334,1.9656666666666667,186.79133333333334,117.31386071300818,0.9531780286331971,0.9096038334767025,0.9095152254005273,0.9731666666666667,-0.07062510816752911,-0.0736331687308848,-0.06762996935285627,0.0015316613233762133,0.7019166666666666,3,,,,,,,,,,-0.10903692807257176,-0.028641152769327164,True,range,True,0,9.920783837636311e-05,-5.2701405085523674e-05,0.00026099052194391935,7.999816699477237e-05,0.49900000000000005,3,,,,,,,,,,-1.5179872512817382e-05,0.0002785217463970184,True,range,True,0
C,posterior_mean_shrunk,family_horizon,C,500,,,all,,phi_k16_guard,learned,False,3,3,6000,3,True,True,0.057720650066932035,0.05594557284687956,0.05954226044317087,0.0008914273327538954,0.8954573785662651,0.04357929910222689,0.014141350964705151,63.83866666666666,0.12417402945113787,78.3515,9.933166666666667,0.080093968,1.9593333333333334,151.253,104.09011017651785,0.9531780286331971,0.9096038334767025,0.9095987295309703,0.9886666666666666,-0.07072862428923449,-0.07375714232524236,-0.06774886082857848,0.0015322880381644663,0.7033333333333335,3,,,,,,,,,,-0.10902695213258266,-0.028620375603437425,True,range,True,0,-4.308283329010009e-06,-4.88606624899764e-05,4.014631506000416e-05,2.2892569355076547e-05,0.5000833333333333,3,,,,,,,,,,-6.277972459793091e-05,5.50588071346283e-05,True,range,True,0
C,posterior_mean_shrunk,family_horizon,C,500,,,all,,phi_k16_hgb,learned,False,3,3,6000,3,True,True,0.05819185520211856,0.0564600852628549,0.05998498098924756,0.0008877230345483955,0.8949861734310786,0.04409031329552332,0.01410154190659523,63.660666666666664,0.12381659973226238,78.12566666666667,9.884666666666666,0.07964254,1.9943333333333335,121.69133333333333,173.40963907276554,0.9531780286331971,0.9096038334767025,0.9090877153376739,0.9738333333333333,-0.07025741915404797,-0.07325059374173483,-0.0672765845277657,0.0015255550130124432,0.6998333333333333,3,,,,,,,,,,-0.10894006071984767,-0.028547856271266936,True,range,True,0,0.0004668968518575032,5.167269126407833e-05,0.0009032547926456874,0.00021974402474150668,0.4968333333333334,3,,,,,,,,,,8.168748021125793e-05,0.001191424936056137,True,range,True,0
C,posterior_mean_shrunk,family_horizon,C,500,,,all,,phi_k16_lucb,learned,False,3,3,6000,3,True,True,0.05776169540484746,0.05599482695882519,0.05958845348407825,0.0008916856698532688,0.8954163332283497,0.04364637684822082,0.014115318556626637,63.424,0.12334136546184737,78.86066666666666,9.665833333333333,0.08107767733333333,1.9705000000000001,184.93999999999997,119.55391467862978,0.9531780286331971,0.9096038334767025,0.9095316517849762,0.964,-0.07068757895131905,-0.0737082003771017,-0.06770717636682094,0.0015317508534639758,0.703,3,,,,,,,,,,-0.10905547462403774,-0.028630642145872118,True,range,True,0,3.673705458641052e-05,-4.558295237610345e-05,0.00012690268840742644,4.397603855515881e-05,0.49924999999999997,3,,,,,,,,,,-3.3726423978805543e-05,9.914532303810119e-05,True,range,True,0
C,posterior_mean_shrunk,family_horizon,C,500,,,all,,phi_k16_noT1000,learned,False,3,3,6000,3,True,True,0.057724958350261056,0.05595483276993036,0.059542024477074545,0.0008913331537943513,0.8954530702829361,0.04357419515649478,0.014150763193766278,64.0,0.12449799196787148,78.1825,10.023666666666665,0.079825728,1.9558333333333333,399.704,74.70133333333332,0.9531780286331971,0.9096038334767025,0.9096038334767025,1.0,-0.07072431600590547,-0.07375787467074892,-0.06773402302836377,0.0015323097029313621,0.70325,3,,,,,,,,,,-0.10902174820005894,-0.02867543441057205,True,range,True,0,0.0,0.0,0.0,0.0,0.5,3,,,,,,,,,,0.0,0.0,True,range,True,0
C,posterior_mean_shrunk,family_horizon,C,500,,,all,,phi_k16_noT200,learned,False,3,3,6000,3,True,True,0.057724958350261056,0.05595483276993036,0.059542024477074545,0.0008913331537943513,0.8954530702829361,0.04357419515649478,0.014150763193766278,64.0,0.12449799196787148,78.1825,10.023666666666665,0.07982553599999999,1.9558333333333333,277.6556666666667,87.89066666666668,0.9531780286331971,0.9096038334767025,0.9096038334767025,1.0,-0.07072431600590547,-0.07375787467074892,-0.06773402302836377,0.0015323097029313621,0.70325,3,,,,,,,,,,-0.10902174820005894,-0.02867543441057205,True,range,True,0,0.0,0.0,0.0,0.0,0.5,3,,,,,,,,,,0.0,0.0,True,range,True,0
C,posterior_mean_shrunk,family_horizon,C,500,,,all,,phi_k16_noambig,learned,False,3,3,6000,3,True,True,0.057724958350261056,0.05595483276993036,0.059542024477074545,0.0008913331537943513,0.8954530702829361,0.04357419515649478,0.014150763193766278,64.0,0.12449799196787148,78.1825,10.023666666666665,0.079825728,1.9558333333333333,364.5043333333333,81.432,0.9531780286331971,0.9096038334767025,0.9096038334767025,1.0,-0.07072431600590547,-0.07375787467074892,-0.06773402302836377,0.0015323097029313621,0.70325,3,,,,,,,,,,-0.10902174820005894,-0.02867543441057205,True,range,True,0,0.0,0.0,0.0,0.0,0.5,3,,,,,,,,,,0.0,0.0,True,range,True,0
C,posterior_mean_shrunk,family_horizon,C,500,,,all,,phi_k16_nopolicy,learned,False,3,3,6000,3,True,True,0.057724958350261056,0.05595483276993036,0.059542024477074545,0.0008913331537943513,0.8954530702829361,0.04357419515649478,0.014150763193766278,64.0,0.12449799196787148,78.1825,10.023666666666665,0.079825728,1.9558333333333333,317.147,81.19733333333333,0.9531780286331971,0.9096038334767025,0.9096038334767025,1.0,-0.07072431600590547,-0.07375787467074892,-0.06773402302836377,0.0015323097029313621,0.70325,3,,,,,,,,,,-0.10902174820005894,-0.02867543441057205,True,range,True,0,0.0,0.0,0.0,0.0,0.5,3,,,,,,,,,,0.0,0.0,True,range,True,0
C,posterior_mean_shrunk,family_horizon,C,500,,,all,,phi_k16_notrunc,learned,False,3,3,6000,3,True,True,0.057724958350261056,0.05595483276993036,0.059542024477074545,0.0008913331537943513,0.8954530702829361,0.04357419515649478,0.014150763193766278,64.0,0.12449799196787148,78.1825,10.023666666666665,0.079825728,1.9558333333333333,368.481,64.024,0.9531780286331971,0.9096038334767025,0.9096038334767025,1.0,-0.07072431600590547,-0.07375787467074892,-0.06773402302836377,0.0015323097029313621,0.70325,3,,,,,,,,,,-0.10902174820005894,-0.02867543441057205,True,range,True,0,0.0,0.0,0.0,0.0,0.5,3,,,,,,,,,,0.0,0.0,True,range,True,0
C,posterior_mean_shrunk,family_horizon,C,500,,,all,,phi_k16_perstep,learned,False,3,3,6000,3,True,True,0.0577238278289636,0.05594997691611449,0.05955279575039943,0.0008915565784177763,0.8954542008042335,0.043577402631441754,0.014146425197521845,63.860166666666665,0.12421720214190092,78.34683333333334,9.9525,0.080091232,1.958,177.18766666666667,90.67648515183201,0.9531780286331971,0.9096038334767025,0.9096006260017555,0.9766666666666667,-0.07072544652720293,-0.07375063380847376,-0.06774120717309415,0.0015323396282129317,0.7035833333333334,3,,,,,,,,,,-0.10901917509734631,-0.02870420494675636,True,range,True,0,-1.130521297454833e-06,-5.3427345595006634e-05,4.5246915313631076e-05,2.466899166632482e-05,0.5000833333333333,3,,,,,,,,,,-2.8770536184310914e-05,2.2805869579315187e-05,True,range,True,0
C,posterior_mean_shrunk,family_horizon,C,500,,,all,,phi_k16_quality,learned,False,3,3,6000,3,True,True,0.057784061183532076,0.05601007717972001,0.059603271167725326,0.0008908188897976781,0.895393967449665,0.04369399299224217,0.014090068191289903,63.395333333333326,0.12328380187416332,78.93150000000001,9.643666666666666,0.08115186933333333,1.9738333333333333,147.84366666666668,99.1704348033454,0.9531780286331971,0.9096038334767025,0.909484035640955,0.965,-0.07066521317263444,-0.07367210042042037,-0.06768129494351646,0.0015315965776836213,0.7029166666666665,3,,,,,,,,,,-0.10901782412827014,-0.02860890704393387,True,range,True,0,5.910283327102661e-05,-4.667310405087239e-05,0.0001705881502554499,5.497555925072561e-05,0.4995833333333333,3,,,,,,,,,,3.9240717887878414e-06,0.00010685706138610839,True,range,True,0
C,posterior_mean_shrunk,family_horizon,C,500,,,all,,phi_k16_tau05,learned,False,3,3,6000,3,True,True,0.057720650066932035,0.05594557284687956,0.05954226044317087,0.0008914273327538954,0.8954573785662651,0.04357929910222689,0.014141350964705151,63.83866666666666,0.12417402945113787,78.3515,9.933166666666667,0.080093968,1.9593333333333334,174.12133333333335,104.09011017651785,0.9531780286331971,0.9096038334767025,0.9095987295309703,0.9886666666666666,-0.07072862428923449,-0.07375714232524236,-0.06774886082857848,0.0015322880381644663,0.7033333333333335,3,,,,,,,,,,-0.10902695213258266,-0.028620375603437425,True,range,True,0,-4.308283329010009e-06,-4.88606624899764e-05,4.014631506000416e-05,2.2892569355076547e-05,0.5000833333333333,3,,,,,,,,,,-6.277972459793091e-05,5.50588071346283e-05,True,range,True,0
C,posterior_mean_shrunk,family_horizon,C,500,,,all,,phi_k16_weighted,learned,False,3,3,6000,3,True,True,0.058430918753147126,0.05669109644368291,0.06025381783644358,0.0008973198953564986,0.89474710988005,0.044890924324591956,0.01353999442855517,60.358000000000004,0.11718473895582328,81.7845,7.387166666666666,0.08632431200000001,2.1331666666666664,78.41199999999999,206.98631847417607,0.9531780286331971,0.9096038334767025,0.9082871043086053,0.7686666666666667,-0.07001835560301939,-0.07302651068506141,-0.06700801098098358,0.0015218372846230418,0.6995,3,,,,,,,,,,-0.10775568975508212,-0.02857933548092842,True,range,True,0,0.0007059604028860729,0.0001805975420817663,0.0012686592119280247,0.0002786505496843143,0.49574999999999997,3,,,,,,,,,,9.609892964363098e-05,0.0012660584449768067,True,range,True,0
C,posterior_mean_shrunk,family_horizon,C,500,,,all,,phi_k4,learned,False,3,3,6000,3,True,True,0.057724958350261056,0.05595483276993036,0.059542024477074545,0.0008913331537943513,0.8954530702829361,0.04357419515649478,0.014150763193766278,64.0,0.12449799196787148,78.1825,10.023666666666665,0.079825728,1.9558333333333333,433.23866666666663,66.68666666666667,0.9531780286331971,0.9096038334767025,0.9096038334767025,1.0,-0.07072431600590547,-0.07375787467074892,-0.06773402302836377,0.0015323097029313621,0.70325,3,,,,,,,,,,-0.10902174820005894,-0.02867543441057205,True,range,True,0,0.0,0.0,0.0,0.0,0.5,3,,,,,,,,,,0.0,0.0,True,range,True,0
C,posterior_mean_shrunk,family_horizon,C,500,,,all,,phi_reservoir_rule,learned,False,3,3,6000,3,True,True,0.057724958350261056,0.05595483276993036,0.059542024477074545,0.0008913331537943513,0.8954530702829361,0.04357419515649478,0.014150763193766278,64.0,0.12449799196787148,78.1815,10.023666666666665,0.079822648,1.9561666666666666,306.83,82.09866666666667,0.9531780286331971,0.9096038334767025,0.9096038334767025,1.0,-0.07072431600590547,-0.07375787467074892,-0.06773402302836377,0.0015323097029313621,0.70325,3,,,,,,,,,,-0.10902174820005894,-0.02867543441057205,True,range,True,0,0.0,0.0,0.0,0.0,0.5,3,,,,,,,,,,0.0,0.0,True,range,True,0
C,posterior_mean_shrunk,family_horizon,C,500,,,all,,phi_sf_k16,learned,False,3,3,6000,3,True,True,0.057724958350261056,0.05595483276993036,0.059542024477074545,0.0008913331537943513,0.8954530702829361,0.04357419515649478,0.014150763193766278,64.0,0.12449799196787148,78.1825,10.023666666666665,0.07982553599999999,1.9558333333333333,398.9576666666667,81.49866666666667,0.9531780286331971,0.9096038334767025,0.9096038334767025,1.0,-0.07072431600590547,-0.07375787467074892,-0.06773402302836377,0.0015323097029313621,0.70325,3,,,,,,,,,,-0.10902174820005894,-0.02867543441057205,True,range,True,0,0.0,0.0,0.0,0.0,0.5,3,,,,,,,,,,0.0,0.0,True,range,True,0
C,posterior_mean_shrunk,family_horizon,C,500,,,all,,phi_sf_k16_noT1000,learned,False,3,3,6000,3,True,True,0.05776591833432515,0.05600486043840647,0.05958037835856279,0.0008911551919482513,0.895412110298872,0.04359056517481804,0.014175353159507116,63.88999999999999,0.12427710843373492,78.26683333333334,9.925500000000001,0.07995940533333334,1.9636666666666667,199.918,120.77197803766957,0.9531780286331971,0.9096038334767025,0.909587463458379,0.9923333333333334,-0.07068335602184138,-0.07370596562201778,-0.06769545963034033,0.0015318907795261198,0.7029166666666665,3,,,,,,,,,,-0.10902131928503514,-0.02861719313263893,True,range,True,0,4.095998406410217e-05,3.3982375427399396e-06,9.168391814758552e-05,2.2442848380542002e-05,0.4995,3,,,,,,,,,,4.289150238037109e-07,6.420975923538208e-05,True,range,True,0
C,posterior_mean_shrunk,family_horizon,C,500,,,all,,power_a0.25,baseline,False,3,3,6000,3,True,True,0.057724958350261056,0.05595483276993036,0.059542024477074545,0.0008913331537943513,0.8954530702829361,0.04357419515649478,0.014150763193766278,64.0,0.12449799196787148,78.1825,10.023666666666665,0.079825728,1.9558333333333333,,67.0,0.9531780286331971,0.9096038334767025,0.9096038334767025,1.0,-0.07072431600590547,-0.07375787467074892,-0.06773402302836377,0.0015323097029313621,0.70325,3,,,,,,,,,,-0.10902174820005894,-0.02867543441057205,True,range,True,0,0.0,0.0,0.0,0.0,0.5,3,,,,,,,,,,0.0,0.0,True,range,True,0
C,posterior_mean_shrunk,family_horizon,C,500,,,all,,power_a0.33,baseline,False,3,3,6000,3,True,True,0.057724958350261056,0.05595483276993036,0.059542024477074545,0.0008913331537943513,0.8954530702829361,0.04357419515649478,0.014150763193766278,64.0,0.12449799196787148,78.1825,10.023666666666665,0.079825728,1.9558333333333333,,68.0,0.9531780286331971,0.9096038334767025,0.9096038334767025,1.0,-0.07072431600590547,-0.07375787467074892,-0.06773402302836377,0.0015323097029313621,0.70325,3,,,,,,,,,,-0.10902174820005894,-0.02867543441057205,True,range,True,0,0.0,0.0,0.0,0.0,0.5,3,,,,,,,,,,0.0,0.0,True,range,True,0
C,posterior_mean_shrunk,family_horizon,C,500,,,all,,power_a0.5,baseline,False,3,3,6000,3,True,True,0.057724958350261056,0.05595483276993036,0.059542024477074545,0.0008913331537943513,0.8954530702829361,0.04357419515649478,0.014150763193766278,64.0,0.12449799196787148,78.1825,10.023666666666665,0.079825728,1.9558333333333333,,69.0,0.9531780286331971,0.9096038334767025,0.9096038334767025,1.0,-0.07072431600590547,-0.07375787467074892,-0.06773402302836377,0.0015323097029313621,0.70325,3,,,,,,,,,,-0.10902174820005894,-0.02867543441057205,True,range,True,0,0.0,0.0,0.0,0.0,0.5,3,,,,,,,,,,0.0,0.0,True,range,True,0
C,posterior_mean_shrunk,family_horizon,C,500,,,all,,power_a0.67,baseline,False,3,3,6000,3,True,True,0.057724958350261056,0.05595483276993036,0.059542024477074545,0.0008913331537943513,0.8954530702829361,0.04357419515649478,0.014150763193766278,64.0,0.12449799196787148,78.1825,10.023666666666665,0.079825728,1.9558333333333333,,70.0,0.9531780286331971,0.9096038334767025,0.9096038334767025,1.0,-0.07072431600590547,-0.07375787467074892,-0.06773402302836377,0.0015323097029313621,0.70325,3,,,,,,,,,,-0.10902174820005894,-0.02867543441057205,True,range,True,0,0.0,0.0,0.0,0.0,0.5,3,,,,,,,,,,0.0,0.0,True,range,True,0
C,posterior_mean_shrunk,family_horizon,C,500,,,all,,refine_after_init,baseline,False,3,3,6000,3,True,True,0.2312416599417726,0.22727499380707739,0.23515230193734168,0.001970560910144388,0.7219363686914245,0.2240708431104819,0.007170816831290723,8.0,0.01204819277108434,206.61716666666666,0.0065,0.3282575146666667,2.212666666666667,,,0.9531780286331971,0.9096038334767025,0.7291071855227153,0.0,0.1027923855856061,0.09904387487719457,0.10655899612853925,0.0019021622650697767,0.27375,3,,,,,,,,,,0.08537998762726784,0.1227564387768507,True,range,True,0,0.17351670159151156,0.16942477580159904,0.17754350118339063,0.0020415378218709454,0.14966666666666667,3,,,,,,,,,,0.1289161647632718,0.23177818697690963,True,range,True,0
C,posterior_mean_shrunk,family_horizon,C,500,,,all,,rule_reservoir,rule,False,3,3,6000,3,True,True,0.058081869939963025,0.05630299597978592,0.05991260266552369,0.0008942151463055981,0.8950961586932341,0.04400954300165177,0.014072326938311258,63.61066666666667,0.12371619812583667,79.2025,9.957666666666666,0.08156901333333333,2.0363333333333333,20.370833333333334,64.50946173395658,0.9531780286331971,0.9096038334767025,0.9091684856315454,0.9899999999999999,-0.0703674044162035,-0.07336390268368026,-0.06739659276790917,0.0015291252111047178,0.70175,3,,,,,,,,,,-0.10902174820005894,-0.027617410600185393,True,range,True,0,0.00035691158970197037,0.00019125688430297793,0.0005484706395312362,9.076926714127869e-05,0.4977500000000001,3,,,,,,,,,,0.0,0.0010580238103866577,True,range,True,0
C,posterior_mean_shrunk,family_horizon,C,500,,,all,,uniform,baseline,False,3,3,6000,3,True,True,0.057786508341630294,0.05601836331188678,0.05960675173749526,0.0008911783915349236,0.8953915202915669,0.04357419515649478,0.014212313185135522,64.0,0.12449799196787148,77.87849999999999,9.654833333333332,0.07920503733333333,2.151666666666667,,126.14066666666666,0.9531780286331971,0.9096038334767025,0.9096038334767025,1.0,-0.07066276601453622,-0.0736879167923083,-0.06766780552764734,0.0015315219918436678,0.703,3,,,,,,,,,,-0.1090158767849207,-0.02866563382744789,True,range,True,0,6.154999136924744e-05,-5.668062227262755e-05,0.00017997117614261998,6.078354240260007e-05,0.49899999999999994,3,,,,,,,,,,5.871415138244629e-06,0.00016897797584533692,True,range,True,0
C,posterior_mean_shrunk,family_horizon,C,1000,,,all,,always_search,baseline,False,3,3,6000,3,True,True,0.054818745672702784,0.05333199858044584,0.056326469747970495,0.0007565715564214946,0.904705319861571,0.04865167885025342,0.006167066822449367,64.0,0.062124248496993974,221.70183333333333,1.941,0.13302744066666666,12.992333333333335,,64.0,0.9595240655342737,0.9108723866840204,0.9108723866840204,1.0,-0.04403211189309756,-0.04629384740255773,-0.04185639896119634,0.001143887557560996,0.6815000000000001,3,,,,,,,,,,-0.060683843076229094,-0.01931378573179245,True,range,True,0,0.0,0.0,0.0,0.0,0.5,3,,,,,,,,,,0.0,0.0,True,range,True,0
C,posterior_mean_shrunk,family_horizon,C,1000,,,all,,cp0,reference,False,3,3,6000,3,True,True,0.09885085756580035,0.09634225573390721,0.10138482060283421,0.0012820385156294216,0.8606732079684735,0.09298176061113676,0.005869096954663595,29.308333333333334,0.02736305945223781,296.60183333333333,0.06616666666666667,0.20153107533333334,13.0685,,,0.9595240655342737,0.9108723866840204,0.866542304923137,0.0,0.0,0.0,0.0,0.0,0.5,3,,,,,,,,,,0.0,0.0,True,range,True,0,0.04403211189309756,0.04185639896119634,0.04629384740255773,0.001143887557560996,0.31850000000000006,3,,,,,,,,,,0.01931378573179245,0.060683843076229094,True,range,True,0
C,posterior_mean_shrunk,family_horizon,C,1000,,,all,,fixed_K16,baseline,False,3,3,6000,3,True,True,0.1572755896449089,0.15400410337994497,0.16057542202373346,0.0016651012051070492,0.8022484758893649,0.15219593992829325,0.005079649716615677,16.0,0.014028056112224454,411.9345,0.013,0.316265608,6.0065,,,0.9595240655342737,0.9108723866840204,0.8073281256059804,0.0,0.05842473207910856,0.05567345420519511,0.06118945991620422,0.0014156210450265768,0.33166666666666667,3,,,,,,,,,,0.038319925963878634,0.08406311681866646,True,range,True,0,0.10245684397220611,0.09925330452000101,0.10569010985394318,0.0016338027045123963,0.20058333333333334,3,,,,,,,,,,0.05763371169567108,0.14474695989489555,True,range,True,0
C,posterior_mean_shrunk,family_horizon,C,1000,,,all,,p3_star,reference,False,3,3,6000,3,True,True,0.054818745672702784,0.05333199858044584,0.056326469747970495,0.0007565715564214946,0.904705319861571,0.04865167885025342,0.006167066822449367,64.0,0.062124248496993974,221.69183333333334,1.9368333333333332,0.13300846866666668,12.997,,272.0,0.9595240655342737,0.9108723866840204,0.9108723866840204,1.0,-0.04403211189309756,-0.04629384740255773,-0.04185639896119634,0.001143887557560996,0.6815000000000001,3,,,,,,,,,,-0.060683843076229094,-0.01931378573179245,True,range,True,0,0.0,0.0,0.0,0.0,0.5,3,,,,,,,,,,0.0,0.0,True,range,True,0
C,posterior_mean_shrunk,family_horizon,C,1000,,,all,,phi_k1,learned,False,3,3,6000,3,True,True,0.054818745672702784,0.05333199858044584,0.056326469747970495,0.0007565715564214946,0.904705319861571,0.04865167885025342,0.006167066822449367,64.0,0.062124248496993974,221.70183333333333,1.941,0.13302744066666666,12.992333333333335,936.0,64.0,0.9595240655342737,0.9108723866840204,0.9108723866840204,1.0,-0.04403211189309756,-0.04629384740255773,-0.04185639896119634,0.001143887557560996,0.6815000000000001,3,,,,,,,,,,-0.060683843076229094,-0.01931378573179245,True,range,True,0,0.0,0.0,0.0,0.0,0.5,3,,,,,,,,,,0.0,0.0,True,range,True,0
C,posterior_mean_shrunk,family_horizon,C,1000,,,all,,phi_k16,learned,False,3,3,6000,3,True,True,0.054818745672702784,0.05333199858044584,0.056326469747970495,0.0007565715564214946,0.904705319861571,0.04865167885025342,0.006167066822449367,64.0,0.062124248496993974,221.70183333333333,1.941,0.13302744066666666,12.992333333333335,866.7446666666666,78.72,0.9595240655342737,0.9108723866840204,0.9108723866840204,1.0,-0.04403211189309756,-0.04629384740255773,-0.04185639896119634,0.001143887557560996,0.6815000000000001,3,,,,,,,,,,-0.060683843076229094,-0.01931378573179245,True,range,True,0,0.0,0.0,0.0,0.0,0.5,3,,,,,,,,,,0.0,0.0,True,range,True,0
C,posterior_mean_shrunk,family_horizon,C,1000,,,all,,phi_k16_all71,learned,False,3,3,6000,3,True,True,0.054818745672702784,0.05333199858044584,0.056326469747970495,0.0007565715564214946,0.904705319861571,0.04865167885025342,0.006167066822449367,64.0,0.062124248496993974,221.70183333333333,1.941,0.13302744066666666,12.992333333333335,698.4293333333334,77.76266666666668,0.9595240655342737,0.9108723866840204,0.9108723866840204,1.0,-0.04403211189309756,-0.04629384740255773,-0.04185639896119634,0.001143887557560996,0.6815000000000001,3,,,,,,,,,,-0.060683843076229094,-0.01931378573179245,True,range,True,0,0.0,0.0,0.0,0.0,0.5,3,,,,,,,,,,0.0,0.0,True,range,True,0
C,posterior_mean_shrunk,family_horizon,C,1000,,,all,,phi_k16_clock,learned,False,3,3,6000,3,True,True,0.054818745672702784,0.05333199858044584,0.056326469747970495,0.0007565715564214946,0.904705319861571,0.04865167885025342,0.006167066822449367,64.0,0.062124248496993974,221.70183333333333,1.941,0.13302744066666666,12.992333333333335,936.0,64.0,0.9595240655342737,0.9108723866840204,0.9108723866840204,1.0,-0.04403211189309756,-0.04629384740255773,-0.04185639896119634,0.001143887557560996,0.6815000000000001,3,,,,,,,,,,-0.060683843076229094,-0.01931378573179245,True,range,True,0,0.0,0.0,0.0,0.0,0.5,3,,,,,,,,,,0.0,0.0,True,range,True,0
C,posterior_mean_shrunk,family_horizon,C,1000,,,all,,phi_k16_cs,learned,False,3,3,6000,3,True,True,0.054818745672702784,0.05333199858044584,0.056326469747970495,0.0007565715564214946,0.904705319861571,0.04865167885025342,0.006167066822449367,64.0,0.062124248496993974,221.70183333333333,1.941,0.13302744066666666,12.992333333333335,870.5203333333334,78.728,0.9595240655342737,0.9108723866840204,0.9108723866840204,1.0,-0.04403211189309756,-0.04629384740255773,-0.04185639896119634,0.001143887557560996,0.6815000000000001,3,,,,,,,,,,-0.060683843076229094,-0.01931378573179245,True,range,True,0,0.0,0.0,0.0,0.0,0.5,3,,,,,,,,,,0.0,0.0,True,range,True,0
C,posterior_mean_shrunk,family_horizon,C,1000,,,all,,phi_k16_famA_only,learned,False,3,3,6000,3,True,True,0.054818745672702784,0.05333199858044584,0.056326469747970495,0.0007565715564214946,0.904705319861571,0.04865167885025342,0.006167066822449367,64.0,0.062124248496993974,221.70183333333333,1.941,0.13302744066666666,12.992333333333335,704.576,86.61066666666666,0.9595240655342737,0.9108723866840204,0.9108723866840204,1.0,-0.04403211189309756,-0.04629384740255773,-0.04185639896119634,0.001143887557560996,0.6815000000000001,3,,,,,,,,,,-0.060683843076229094,-0.01931378573179245,True,range,True,0,0.0,0.0,0.0,0.0,0.5,3,,,,,,,,,,0.0,0.0,True,range,True,0
C,posterior_mean_shrunk,family_horizon,C,1000,,,all,,phi_k16_famB_only,learned,False,3,3,6000,3,True,True,0.054818745672702784,0.05333199858044584,0.056326469747970495,0.0007565715564214946,0.904705319861571,0.04865167885025342,0.006167066822449367,64.0,0.062124248496993974,221.70183333333333,1.941,0.13302744066666666,12.992333333333335,838.1843333333333,79.11200000000001,0.9595240655342737,0.9108723866840204,0.9108723866840204,1.0,-0.04403211189309756,-0.04629384740255773,-0.04185639896119634,0.001143887557560996,0.6815000000000001,3,,,,,,,,,,-0.060683843076229094,-0.01931378573179245,True,range,True,0,0.0,0.0,0.0,0.0,0.5,3,,,,,,,,,,0.0,0.0,True,range,True,0
C,posterior_mean_shrunk,family_horizon,C,1000,,,all,,phi_k16_guard,learned,False,3,3,6000,3,True,True,0.054818745672702784,0.05333199858044584,0.056326469747970495,0.0007565715564214946,0.904705319861571,0.04865167885025342,0.006167066822449367,64.0,0.062124248496993974,221.70183333333333,1.941,0.13302744066666666,12.992333333333335,779.1696666666667,78.72,0.9595240655342737,0.9108723866840204,0.9108723866840204,1.0,-0.04403211189309756,-0.04629384740255773,-0.04185639896119634,0.001143887557560996,0.6815000000000001,3,,,,,,,,,,-0.060683843076229094,-0.01931378573179245,True,range,True,0,0.0,0.0,0.0,0.0,0.5,3,,,,,,,,,,0.0,0.0,True,range,True,0
C,posterior_mean_shrunk,family_horizon,C,1000,,,all,,phi_k16_hgb,learned,False,3,3,6000,3,True,True,0.054818745672702784,0.05333199858044584,0.056326469747970495,0.0007565715564214946,0.904705319861571,0.04865167885025342,0.006167066822449367,64.0,0.062124248496993974,221.70183333333333,1.941,0.13302744066666666,12.992333333333335,706.5143333333334,64.0,0.9595240655342737,0.9108723866840204,0.9108723866840204,1.0,-0.04403211189309756,-0.04629384740255773,-0.04185639896119634,0.001143887557560996,0.6815000000000001,3,,,,,,,,,,-0.060683843076229094,-0.01931378573179245,True,range,True,0,0.0,0.0,0.0,0.0,0.5,3,,,,,,,,,,0.0,0.0,True,range,True,0
C,posterior_mean_shrunk,family_horizon,C,1000,,,all,,phi_k16_lucb,learned,False,3,3,6000,3,True,True,0.054818745672702784,0.05333199858044584,0.056326469747970495,0.0007565715564214946,0.904705319861571,0.04865167885025342,0.006167066822449367,64.0,0.062124248496993974,221.70183333333333,1.941,0.13302744066666666,12.992333333333335,894.1526666666667,84.592,0.9595240655342737,0.9108723866840204,0.9108723866840204,1.0,-0.04403211189309756,-0.04629384740255773,-0.04185639896119634,0.001143887557560996,0.6815000000000001,3,,,,,,,,,,-0.060683843076229094,-0.01931378573179245,True,range,True,0,0.0,0.0,0.0,0.0,0.5,3,,,,,,,,,,0.0,0.0,True,range,True,0
C,posterior_mean_shrunk,family_horizon,C,1000,,,all,,phi_k16_noT1000,learned,False,3,3,6000,3,True,True,0.054818745672702784,0.05333199858044584,0.056326469747970495,0.0007565715564214946,0.904705319861571,0.04865167885025342,0.006167066822449367,64.0,0.062124248496993974,221.70183333333333,1.941,0.13302744066666666,12.992333333333335,932.2066666666666,64.0,0.9595240655342737,0.9108723866840204,0.9108723866840204,1.0,-0.04403211189309756,-0.04629384740255773,-0.04185639896119634,0.001143887557560996,0.6815000000000001,3,,,,,,,,,,-0.060683843076229094,-0.01931378573179245,True,range,True,0,0.0,0.0,0.0,0.0,0.5,3,,,,,,,,,,0.0,0.0,True,range,True,0
C,posterior_mean_shrunk,family_horizon,C,1000,,,all,,phi_k16_noT200,learned,False,3,3,6000,3,True,True,0.054818745672702784,0.05333199858044584,0.056326469747970495,0.0007565715564214946,0.904705319861571,0.04865167885025342,0.006167066822449367,64.0,0.062124248496993974,221.70183333333333,1.941,0.13302744066666666,12.992333333333335,830.8623333333334,73.58133333333333,0.9595240655342737,0.9108723866840204,0.9108723866840204,1.0,-0.04403211189309756,-0.04629384740255773,-0.04185639896119634,0.001143887557560996,0.6815000000000001,3,,,,,,,,,,-0.060683843076229094,-0.01931378573179245,True,range,True,0,0.0,0.0,0.0,0.0,0.5,3,,,,,,,,,,0.0,0.0,True,range,True,0
C,posterior_mean_shrunk,family_horizon,C,1000,,,all,,phi_k16_noambig,learned,False,3,3,6000,3,True,True,0.054818745672702784,0.05333199858044584,0.056326469747970495,0.0007565715564214946,0.904705319861571,0.04865167885025342,0.006167066822449367,64.0,0.062124248496993974,221.70183333333333,1.941,0.13302744066666666,12.992333333333335,931.6323333333333,64.0,0.9595240655342737,0.9108723866840204,0.9108723866840204,1.0,-0.04403211189309756,-0.04629384740255773,-0.04185639896119634,0.001143887557560996,0.6815000000000001,3,,,,,,,,,,-0.060683843076229094,-0.01931378573179245,True,range,True,0,0.0,0.0,0.0,0.0,0.5,3,,,,,,,,,,0.0,0.0,True,range,True,0
C,posterior_mean_shrunk,family_horizon,C,1000,,,all,,phi_k16_nopolicy,learned,False,3,3,6000,3,True,True,0.054818745672702784,0.05333199858044584,0.056326469747970495,0.0007565715564214946,0.904705319861571,0.04865167885025342,0.006167066822449367,64.0,0.062124248496993974,221.70183333333333,1.941,0.13302744066666666,12.992333333333335,930.1640000000001,64.06133333333334,0.9595240655342737,0.9108723866840204,0.9108723866840204,1.0,-0.04403211189309756,-0.04629384740255773,-0.04185639896119634,0.001143887557560996,0.6815000000000001,3,,,,,,,,,,-0.060683843076229094,-0.01931378573179245,True,range,True,0,0.0,0.0,0.0,0.0,0.5,3,,,,,,,,,,0.0,0.0,True,range,True,0
C,posterior_mean_shrunk,family_horizon,C,1000,,,all,,phi_k16_notrunc,learned,False,3,3,6000,3,True,True,0.054818745672702784,0.05333199858044584,0.056326469747970495,0.0007565715564214946,0.904705319861571,0.04865167885025342,0.006167066822449367,64.0,0.062124248496993974,221.70183333333333,1.941,0.13302744066666666,12.992333333333335,931.265,64.0,0.9595240655342737,0.9108723866840204,0.9108723866840204,1.0,-0.04403211189309756,-0.04629384740255773,-0.04185639896119634,0.001143887557560996,0.6815000000000001,3,,,,,,,,,,-0.060683843076229094,-0.01931378573179245,True,range,True,0,0.0,0.0,0.0,0.0,0.5,3,,,,,,,,,,0.0,0.0,True,range,True,0
C,posterior_mean_shrunk,family_horizon,C,1000,,,all,,phi_k16_perstep,learned,False,3,3,6000,3,True,True,0.054818745672702784,0.05333199858044584,0.056326469747970495,0.0007565715564214946,0.904705319861571,0.04865167885025342,0.006167066822449367,64.0,0.062124248496993974,221.70183333333333,1.941,0.13302744066666666,12.992333333333335,874.6965,65.83033333333333,0.9595240655342737,0.9108723866840204,0.9108723866840204,1.0,-0.04403211189309756,-0.04629384740255773,-0.04185639896119634,0.001143887557560996,0.6815000000000001,3,,,,,,,,,,-0.060683843076229094,-0.01931378573179245,True,range,True,0,0.0,0.0,0.0,0.0,0.5,3,,,,,,,,,,0.0,0.0,True,range,True,0
C,posterior_mean_shrunk,family_horizon,C,1000,,,all,,phi_k16_quality,learned,False,3,3,6000,3,True,True,0.054818745672702784,0.05333199858044584,0.056326469747970495,0.0007565715564214946,0.904705319861571,0.04865167885025342,0.006167066822449367,64.0,0.062124248496993974,221.70183333333333,1.941,0.13302744066666666,12.992333333333335,782.7656666666667,77.22933333333334,0.9595240655342737,0.9108723866840204,0.9108723866840204,1.0,-0.04403211189309756,-0.04629384740255773,-0.04185639896119634,0.001143887557560996,0.6815000000000001,3,,,,,,,,,,-0.060683843076229094,-0.01931378573179245,True,range,True,0,0.0,0.0,0.0,0.0,0.5,3,,,,,,,,,,0.0,0.0,True,range,True,0
C,posterior_mean_shrunk,family_horizon,C,1000,,,all,,phi_k16_tau05,learned,False,3,3,6000,3,True,True,0.054818745672702784,0.05333199858044584,0.056326469747970495,0.0007565715564214946,0.904705319861571,0.04865167885025342,0.006167066822449367,64.0,0.062124248496993974,221.70183333333333,1.941,0.13302744066666666,12.992333333333335,866.7446666666666,78.72,0.9595240655342737,0.9108723866840204,0.9108723866840204,1.0,-0.04403211189309756,-0.04629384740255773,-0.04185639896119634,0.001143887557560996,0.6815000000000001,3,,,,,,,,,,-0.060683843076229094,-0.01931378573179245,True,range,True,0,0.0,0.0,0.0,0.0,0.5,3,,,,,,,,,,0.0,0.0,True,range,True,0
C,posterior_mean_shrunk,family_horizon,C,1000,,,all,,phi_k16_weighted,learned,False,3,3,6000,3,True,True,0.054818745672702784,0.05333199858044584,0.056326469747970495,0.0007565715564214946,0.904705319861571,0.04865167885025342,0.006167066822449367,64.0,0.062124248496993974,221.70183333333333,1.941,0.13302744066666666,12.992333333333335,808.306,98.176,0.9595240655342737,0.9108723866840204,0.9108723866840204,1.0,-0.04403211189309756,-0.04629384740255773,-0.04185639896119634,0.001143887557560996,0.6815000000000001,3,,,,,,,,,,-0.060683843076229094,-0.01931378573179245,True,range,True,0,0.0,0.0,0.0,0.0,0.5,3,,,,,,,,,,0.0,0.0,True,range,True,0
C,posterior_mean_shrunk,family_horizon,C,1000,,,all,,phi_k4,learned,False,3,3,6000,3,True,True,0.054818745672702784,0.05333199858044584,0.056326469747970495,0.0007565715564214946,0.904705319861571,0.04865167885025342,0.006167066822449367,64.0,0.062124248496993974,221.70183333333333,1.941,0.13302744066666666,12.992333333333335,930.9026666666667,68.29,0.9595240655342737,0.9108723866840204,0.9108723866840204,1.0,-0.04403211189309756,-0.04629384740255773,-0.04185639896119634,0.001143887557560996,0.6815000000000001,3,,,,,,,,,,-0.060683843076229094,-0.01931378573179245,True,range,True,0,0.0,0.0,0.0,0.0,0.5,3,,,,,,,,,,0.0,0.0,True,range,True,0
C,posterior_mean_shrunk,family_horizon,C,1000,,,all,,phi_reservoir_rule,learned,False,3,3,6000,3,True,True,0.054818745672702784,0.05333199858044584,0.056326469747970495,0.0007565715564214946,0.904705319861571,0.04865167885025342,0.006167066822449367,64.0,0.062124248496993974,221.70183333333333,1.941,0.13302744066666666,12.992333333333335,787.835,81.34400000000001,0.9595240655342737,0.9108723866840204,0.9108723866840204,1.0,-0.04403211189309756,-0.04629384740255773,-0.04185639896119634,0.001143887557560996,0.6815000000000001,3,,,,,,,,,,-0.060683843076229094,-0.01931378573179245,True,range,True,0,0.0,0.0,0.0,0.0,0.5,3,,,,,,,,,,0.0,0.0,True,range,True,0
C,posterior_mean_shrunk,family_horizon,C,1000,,,all,,phi_sf_k16,learned,False,3,3,6000,3,True,True,0.054818745672702784,0.05333199858044584,0.056326469747970495,0.0007565715564214946,0.904705319861571,0.04865167885025342,0.006167066822449367,64.0,0.062124248496993974,221.70183333333333,1.941,0.13302744066666666,12.992333333333335,917.8363333333333,80.128,0.9595240655342737,0.9108723866840204,0.9108723866840204,1.0,-0.04403211189309756,-0.04629384740255773,-0.04185639896119634,0.001143887557560996,0.6815000000000001,3,,,,,,,,,,-0.060683843076229094,-0.01931378573179245,True,range,True,0,0.0,0.0,0.0,0.0,0.5,3,,,,,,,,,,0.0,0.0,True,range,True,0
C,posterior_mean_shrunk,family_horizon,C,1000,,,all,,phi_sf_k16_noT1000,learned,False,3,3,6000,3,True,True,0.054818745672702784,0.05333199858044584,0.056326469747970495,0.0007565715564214946,0.904705319861571,0.04865167885025342,0.006167066822449367,64.0,0.062124248496993974,221.7011666666667,1.9406666666666668,0.13302658766666667,12.992333333333335,778.3766666666667,105.65066666666667,0.9595240655342737,0.9108723866840204,0.9108723866840204,1.0,-0.04403211189309756,-0.04629384740255773,-0.04185639896119634,0.001143887557560996,0.6815000000000001,3,,,,,,,,,,-0.060683843076229094,-0.01931378573179245,True,range,True,0,0.0,0.0,0.0,0.0,0.5,3,,,,,,,,,,0.0,0.0,True,range,True,0
C,posterior_mean_shrunk,family_horizon,C,1000,,,all,,power_a0.25,baseline,False,3,3,6000,3,True,True,0.054818745672702784,0.05333199858044584,0.056326469747970495,0.0007565715564214946,0.904705319861571,0.04865167885025342,0.006167066822449367,64.0,0.062124248496993974,221.69183333333334,1.9368333333333332,0.13300846866666668,12.997,,272.0,0.9595240655342737,0.9108723866840204,0.9108723866840204,1.0,-0.04403211189309756,-0.04629384740255773,-0.04185639896119634,0.001143887557560996,0.6815000000000001,3,,,,,,,,,,-0.060683843076229094,-0.01931378573179245,True,range,True,0,0.0,0.0,0.0,0.0,0.5,3,,,,,,,,,,0.0,0.0,True,range,True,0
C,posterior_mean_shrunk,family_horizon,C,1000,,,all,,power_a0.33,baseline,False,3,3,6000,3,True,True,0.05481316493948301,0.053327322378754614,0.056324033687512085,0.0007566144384781225,0.9047109005947908,0.04865167885025342,0.006161486089229584,64.0,0.062124248496993974,221.316,1.8216666666666665,0.132495669,13.130666666666665,,393.0,0.9595240655342737,0.9108723866840204,0.9108723866840204,1.0,-0.04403769262631734,-0.04630072003540893,-0.041865858761593704,0.0011439688056316358,0.6815833333333333,3,,,,,,,,,,-0.060680030107498166,-0.01931078499555588,True,range,True,0,-5.580733219782511e-06,-2.2221644002229368e-05,1.0859193544850616e-05,8.39383030564203e-06,0.50025,3,,,,,,,,,,-2.3555904626846313e-05,3.8129687309265135e-06,True,range,True,0
C,posterior_mean_shrunk,family_horizon,C,1000,,,all,,power_a0.5,baseline,False,3,3,6000,3,True,True,0.054818745672702784,0.05333199858044584,0.056326469747970495,0.0007565715564214946,0.904705319861571,0.04865167885025342,0.006167066822449367,64.0,0.062124248496993974,221.70183333333333,1.941,0.13302744066666666,12.992333333333335,,87.0,0.9595240655342737,0.9108723866840204,0.9108723866840204,1.0,-0.04403211189309756,-0.04629384740255773,-0.04185639896119634,0.001143887557560996,0.6815000000000001,3,,,,,,,,,,-0.060683843076229094,-0.01931378573179245,True,range,True,0,0.0,0.0,0.0,0.0,0.5,3,,,,,,,,,,0.0,0.0,True,range,True,0
C,posterior_mean_shrunk,family_horizon,C,1000,,,all,,power_a0.67,baseline,False,3,3,6000,3,True,True,0.054823997080326085,0.05335031651581327,0.05633870655049881,0.0007560836096313928,0.9047000684539478,0.04865167885025342,0.0061723182300726575,64.0,0.062124248496993974,215.94533333333334,1.2875,0.12630724866666668,14.716333333333333,,480.0,0.9595240655342737,0.9108723866840204,0.9108723866840204,1.0,-0.04402686048547427,-0.046297759438554444,-0.04186546662822366,0.0011431107006044535,0.6818333333333334,3,,,,,,,,,,-0.06066165301203728,-0.01934248796105385,True,range,True,0,5.251407623291016e-06,-9.255252801570652e-05,0.00010078875990681504,4.933951680102139e-05,0.4985833333333334,3,,,,,,,,,,-2.8702229261398315e-05,2.2266387939453124e-05,True,range,True,0
C,posterior_mean_shrunk,family_horizon,C,1000,,,all,,refine_after_init,baseline,False,3,3,6000,3,True,True,0.23009476130704085,0.22621095490952334,0.23392614684998989,0.001952356140103177,0.7294293042272328,0.22608775951961677,0.004007001787424088,8.0,0.006012024048096194,495.1846666666667,0.0013333333333333333,0.4157335586666666,2.822333333333333,,,0.9595240655342737,0.9108723866840204,0.733436306014657,0.0,0.1312439037412405,0.1273669842009743,0.1350347874686122,0.0019415201440665583,0.20033333333333334,3,,,,,,,,,,0.11280006250739097,0.16502587884664535,True,range,True,0,0.17527601563433806,0.171384026731054,0.17918390693763891,0.0019787087959929907,0.11558333333333333,3,,,,,,,,,,0.13211384823918343,0.22570972192287445,True,range,True,0
C,posterior_mean_shrunk,family_horizon,C,1000,,,all,,rule_reservoir,rule,False,3,3,6000,3,True,True,0.05485949710011482,0.05337610204393665,0.056374686366568005,0.0007568500631011781,0.9046645684341589,0.04870626018444698,0.006153236915667851,63.954,0.062078156312625234,221.99266666666668,1.941,0.133252711,13.018333333333333,93.863,64.30228453038674,0.9595240655342737,0.9108723866840204,0.9108178053498269,0.9984999999999999,-0.043991360465685525,-0.04625157935855289,-0.04181273034773767,0.0011436942013782366,0.6813333333333333,3,,,,,,,,,,-0.060683843076229094,-0.019191531449556352,True,range,True,0,4.0751427412033077e-05,-3.949991355511882e-06,9.622977668186649e-05,2.5424611468025555e-05,0.49974999999999997,3,,,,,,,,,,0.0,0.00012225428223609924,True,range,True,0
C,posterior_mean_shrunk,family_horizon,C,1000,,,all,,uniform,baseline,False,3,3,6000,3,True,True,0.05482120994726817,0.053328294710566604,0.056326032740374406,0.000756447601306436,0.9047028555870056,0.04865167885025342,0.006169531097014745,64.0,0.062124248496993974,221.52416666666667,1.8738333333333335,0.13282927833333333,13.091999999999999,,126.02866666666667,0.9595240655342737,0.9108723866840204,0.9108723866840204,1.0,-0.04402964761853218,-0.04628355672272543,-0.04185562990605831,0.0011440507055310706,0.681,3,,,,,,,,,,-0.060715832591056826,-0.01931327423453331,True,range,True,0,2.464274565378824e-06,-4.651333120667305e-05,4.921338279283789e-05,2.448382777286077e-05,0.4996666666666667,3,,,,,,,,,,-3.1989514827728274e-05,3.887084126472473e-05,True,range,True,0
C,posterior_mean_shrunk,family,C,all,,,all,,always_search,baseline,False,15,3,30000,15,True,True,0.13886480553473035,0.1374568248540163,0.14027173152193426,0.0007133938094940632,0.7965174072153867,0.027983306207259494,0.11088149932747088,61.2,0.42648132296413366,65.6598,28.825733333333336,0.06147059040000001,2.989633333333333,,64.0,0.935382212750117,0.9073989065428575,0.9073989065428575,0.8,-0.02997091239094735,-0.03192399000438551,-0.027959325170765322,0.0010098146548689858,0.5978333333333334,15,,,,,,,,,,-0.061608416253328316,-0.0009058997303247385,True,range,True,0,0.04782341046854854,0.046322192891190446,0.049235481677266456,0.0007495305041740851,0.4297166666666667,15,,,,,,,,,,0.04168937880843878,0.05940747578963638,True,range,True,0
C,posterior_mean_shrunk,family,C,all,,,all,,cp0,reference,False,15,3,30000,15,True,True,0.16883571792567767,0.16722162257879972,0.17044210308541854,0.0008338316088659794,0.7665464948244394,0.14920651165346305,0.019629206272214653,15.978866666666669,0.05639329822266572,98.51453333333332,0.08883333333333333,0.17909693086666667,4.1623,,,0.935382212750117,0.9073989065428575,0.7861757010966541,0.0,0.0,0.0,0.0,0.0,0.5,15,,,,,,,,,,0.0,0.0,True,range,True,0,0.07779432285949588,0.07600406142262121,0.07955225030581156,0.0009047272885508506,0.3272166666666666,15,,,,,,,,,,0.06031337551996112,0.10398179306089879,True,range,True,0
C,posterior_mean_shrunk,family,C,all,,,all,,fixed_K16,baseline,False,15,3,30000,15,True,True,0.15710656737387177,0.1554851104815801,0.1587436554580927,0.0008231893679142855,0.7782756453762452,0.12933836358288925,0.027768203790982562,16.0,0.10947427722846027,127.61116666666666,1.6449000000000003,0.18575587526666668,2.0882,,,0.935382212750117,0.9073989065428575,0.8060438491672276,0.0,-0.011729150551805893,-0.013137196850342054,-0.010278671930233638,0.0007401485361466586,0.5004666666666667,15,,,,,,,,,,-0.02461869005486369,-0.005219068214297293,True,range,True,0,0.06606517230768998,0.06447012659414517,0.06767016994999722,0.0008131984071656831,0.34185,15,,,,,,,,,,0.03569468546509742,0.09876272484660148,True,range,True,0
C,posterior_mean_shrunk,family,C,all,,,all,,p3_star,reference,False,15,3,30000,15,True,True,0.09104139506618182,0.08980714875583848,0.09231968265647689,0.0006352170017634775,0.8443408176839352,0.04747346975505352,0.0435679253111283,49.8,0.2485051324879432,67.83586666666666,15.002866666666666,0.08109584933333333,2.9905666666666666,,136.66666666666666,0.935382212750117,0.9073989065428575,0.8879087429950634,0.6,-0.07779432285949588,-0.07955225030581156,-0.07600406142262121,0.0009047272885508506,0.6727833333333333,15,,,,,,,,,,-0.10398179306089879,-0.06031337551996112,True,range,True,0,0.0,0.0,0.0,0.0,0.5,15,,,,,,,,,,0.0,0.0,True,range,True,0
C,posterior_mean_shrunk,family,C,all,,,all,,phi_k1,learned,False,15,3,30000,15,True,True,0.08701796798855065,0.08581556159382066,0.08822073062881827,0.0006194287865269021,0.8483642447615662,0.04470188772777716,0.0423160802607735,50.73506666666667,0.25696527988023343,67.90096666666666,15.773766666666665,0.0818427304,2.989633333333333,295.23189999999994,69.35721764705883,0.935382212750117,0.9073989065428575,0.8906803250223397,0.6005666666666667,-0.08181774993712702,-0.08355913394130766,-0.08004040211439133,0.0009083955017467158,0.6805333333333333,15,,,,,,,,,,-0.10939830069243908,-0.06391405048146843,True,range,True,0,-0.004023427077631155,-0.004744649846106767,-0.0033163764686711754,0.0003652024868400412,0.5066499999999999,15,,,,,,,,,,-0.0054165076315402984,-0.003053098639845848,True,range,True,0
C,posterior_mean_shrunk,family,C,all,,,all,,phi_k16,learned,False,15,3,30000,15,True,True,0.09472011532684167,0.09345151345555981,0.09601355141028763,0.0006521925759964684,0.8406620974232752,0.057068952957789104,0.03765116236905257,43.466533333333345,0.20322281095278172,70.19033333333333,10.130700000000001,0.09547149506666666,2.9916,208.2982,105.24891540589655,0.935382212750117,0.9073989065428575,0.8783132597923278,0.4154666666666667,-0.07411560259883603,-0.07580540957860649,-0.07238718641921878,0.0008767578932378405,0.6667500000000001,15,,,,,,,,,,-0.09869241994023323,-0.059994379612058404,True,range,True,0,0.0036787202606598534,0.002774066651012011,0.004572596428802172,0.0004594310818662695,0.49436666666666673,15,,,,,,,,,,0.0003189959079027176,0.005427791753411293,True,range,True,0
C,posterior_mean_shrunk,family,C,all,,,all,,phi_k16_all71,learned,False,15,3,30000,15,True,True,0.0932591978808244,0.09200039177512129,0.09452524142960707,0.0006471801097840738,0.8421230148692925,0.053979732819398246,0.03927946506142617,44.92746666666665,0.21414842956824545,69.61219999999999,11.5481,0.09202781053333332,2.9918,174.62726666666669,103.40659558182502,0.935382212750117,0.9073989065428575,0.8814024799307187,0.4295666666666667,-0.07557652004485328,-0.07727888672302168,-0.07382743843520681,0.0008844748026749403,0.6694000000000001,15,,,,,,,,,,-0.10135474123656749,-0.060083284830301995,True,range,True,0,0.0022178028146425883,0.0013861388042945085,0.00304310833812148,0.00042214439466953826,0.4973166666666667,15,,,,,,,,,,0.00023009068965911867,0.0037962659299373624,True,range,True,0
C,posterior_mean_shrunk,family,C,all,,,all,,phi_k16_clock,learned,False,15,3,30000,15,True,True,0.0975979208531479,0.09635750917717816,0.09887099297096331,0.0006528852353577859,0.8377842918969691,0.042854254130522414,0.0547436667226255,49.2,0.28444875236013445,68.39643333333333,15.4569,0.07751369873333333,2.9905999999999997,267.6,64.0,0.935382212750117,0.9073989065428575,0.8925279586195944,0.4,-0.0712377970725298,-0.07301262920722365,-0.06942646212875843,0.000928921645246179,0.6619666666666667,15,,,,,,,,,,-0.09672788046598434,-0.05755167582780123,True,range,True,0,0.006556525786966085,0.005502487928776343,0.007616710220269547,0.0005429110644423655,0.4880333333333333,15,,,,,,,,,,0.0027616996921598913,0.009653965073823928,True,range,True,0
C,posterior_mean_shrunk,family,C,all,,,all,,phi_k16_cs,learned,False,15,3,30000,15,True,True,0.09482595601578551,0.09354906020686031,0.0961208786132435,0.0006524955628176459,0.8405562567343313,0.057175773862997686,0.03765018215278785,43.40773333333333,0.20284364688360046,70.20956666666667,10.068833333333332,0.09559168726666666,2.9920999999999998,209.3855333333333,105.41966265388427,0.935382212750117,0.9073989065428575,0.8782064388871192,0.41463333333333335,-0.07400976190989215,-0.07569240006928642,-0.07229162485338748,0.0008761837963700962,0.66665,15,,,,,,,,,,-0.09854787768125534,-0.06002095248326659,True,range,True,0,0.0037845609496037166,0.0028659254281402963,0.0046846781144085975,0.0004610556123066493,0.4944,15,,,,,,,,,,0.00029242303669452664,0.0056273444324731825,True,range,True,0
C,posterior_mean_shrunk,family,C,all,,,all,,phi_k16_famA_only,learned,False,15,3,30000,15,True,True,0.09926024891038736,0.09794571364919345,0.1005607601813972,0.0006636940307241138,0.8361219638397298,0.06579124699234963,0.03346900191803773,39.81746666666667,0.17633621389458398,71.7715,6.216966666666665,0.10222399886666667,3.0561333333333334,142.7276,107.79772609451057,0.935382212750117,0.9073989065428575,0.8695909657577673,0.3438,-0.06957546901529034,-0.07122183637693524,-0.06787258389405906,0.0008545651705853302,0.6582833333333333,15,,,,,,,,,,-0.09056170218288899,-0.05889722172170877,True,range,True,0,0.008218853844205539,0.007166291382266839,0.009266241001690408,0.0005294733020870056,0.4849833333333333,15,,,,,,,,,,0.0010458923786878585,0.013420090878009796,True,range,True,0
C,posterior_mean_shrunk,family,C,all,,,all,,phi_k16_famB_only,learned,False,15,3,30000,15,True,True,0.09578409624646106,0.09450665495668849,0.0970766810203592,0.0006548429752331976,0.8395981165036558,0.058023372145493815,0.037760724100967244,43.07033333333333,0.20146358017272478,70.3747,9.814633333333335,0.0964214908,2.9940333333333338,205.2336666666667,111.05064113813405,0.935382212750117,0.9073989065428575,0.8773588406046231,0.4164666666666667,-0.07305162167921662,-0.07473383294728894,-0.07132950754525762,0.0008722929416328668,0.6644500000000001,15,,,,,,,,,,-0.09688493206202983,-0.059958955610543485,True,range,True,0,0.004742701180279255,0.003792426640420672,0.00568604356580181,0.0004767641231723998,0.49258333333333326,15,,,,,,,,,,0.0003544199094176292,0.007096860998868942,True,range,True,0
C,posterior_mean_shrunk,family,C,all,,,all,,phi_k16_guard,learned,False,15,3,30000,15,True,True,0.09744976366609336,0.09617707277958593,0.09877219537273049,0.0006591066472344593,0.8379324490840235,0.06365921786427498,0.033790545801818374,41.469833333333334,0.18012826343680566,70.6538,7.661433333333334,0.09969226006666666,2.995833333333333,186.08453333333335,91.40505508825895,0.935382212750117,0.9073989065428575,0.8717229948858419,0.3977333333333333,-0.07138595425958434,-0.07305908453961213,-0.06968580515434344,0.0008609584196733905,0.6623499999999999,15,,,,,,,,,,-0.09365393738746644,-0.05855807641074061,True,range,True,0,0.006408368599911532,0.005363851565528724,0.007455804628512699,0.0005235816669960973,0.48955000000000004,15,,,,,,,,,,0.001755299109220505,0.01032785567343235,True,range,True,0
C,posterior_mean_shrunk,family,C,all,,,all,,phi_k16_hgb,learned,False,15,3,30000,15,True,True,0.09558050401521226,0.09429109902431568,0.09688385975236695,0.0006506745560621154,0.8398017087349047,0.047911888209978735,0.04766861580523352,50.1248,0.2593776494781882,68.25723333333333,16.87173333333333,0.08288499613333333,2.9977,168.31926666666666,126.81004855180588,0.935382212750117,0.9073989065428575,0.8874703245401381,0.5289666666666667,-0.07325521391046544,-0.07495853006529311,-0.07150730933994055,0.0008892219909165515,0.6634,15,,,,,,,,,,-0.09840994019806384,-0.05972276123352349,True,range,True,0,0.004539108949030439,0.0036049505553395044,0.0054488331476932215,0.00046253343293601706,0.49100000000000005,15,,,,,,,,,,0.0005906142864376306,0.007454859697818757,True,range,True,0
C,posterior_mean_shrunk,family,C,all,,,all,,phi_k16_lucb,learned,False,15,3,30000,15,True,True,0.09398982175042232,0.09271615371728938,0.09528046235442161,0.0006478225768243566,0.8413923909996945,0.05496441521843275,0.03902540653198958,43.675533333333334,0.20657734597599145,70.36136666666667,10.435366666666665,0.09617616526666667,2.9973333333333327,216.30139999999997,109.69806272542299,0.935382212750117,0.9073989065428575,0.8804177975316841,0.4284333333333334,-0.07484589617525537,-0.07655830157610277,-0.07309324879509707,0.0008811246880720031,0.6677000000000001,15,,,,,,,,,,-0.10025554321706295,-0.05977859390452504,True,range,True,0,0.0029484266842405003,0.0020727121836262093,0.0038311904681775856,0.0004447422269484249,0.49521666666666664,15,,,,,,,,,,0.0005347816154360771,0.004584248593449592,True,range,True,0
C,posterior_mean_shrunk,family,C,all,,,all,,phi_k16_noT1000,learned,False,15,3,30000,15,True,True,0.09465195559908947,0.09337325635676583,0.09592794592181841,0.0006518566257313474,0.8407302571510277,0.04384708803097406,0.05080486756811539,49.50953333333333,0.2677740598568705,68.4522,16.090766666666664,0.08233686873333332,2.989633333333333,269.4424,88.94814700484352,0.935382212750117,0.9073989065428575,0.8915351247191428,0.5202,-0.07418376232658823,-0.07593585873022676,-0.07240957397346695,0.0009025083105298021,0.6673333333333334,15,,,,,,,,,,-0.10030135438144208,-0.05837455545440316,True,range,True,0,0.0036105605329076447,0.002758191067186999,0.004432726656571807,0.0004278269646418184,0.4954666666666666,15,,,,,,,,,,0.0019388200655579568,0.005212422853708267,True,range,True,0
C,posterior_mean_shrunk,family,C,all,,,all,,phi_k16_noT200,learned,False,15,3,30000,15,True,True,0.09297806566705306,0.09170076495657364,0.09425805640717347,0.0006451588644874377,0.8424041470830638,0.052700881268580746,0.040277184398472304,46.23533333333333,0.22188240865093362,69.19216666666668,12.832066666666664,0.090601992,2.989933333333333,223.0978,92.9505920977686,0.935382212750117,0.9073989065428575,0.882681331481536,0.4855333333333334,-0.07585765225862463,-0.07759196177435418,-0.07410871599180004,0.0008872844658808434,0.6699333333333333,15,,,,,,,,,,-0.10195828424990176,-0.06021898600235581,True,range,True,0,0.001936670600871245,0.00111100756097585,0.00276061723328894,0.0004177799334450738,0.4982666666666667,15,,,,,,,,,,9.438951760530473e-05,0.0036921134740114216,True,range,True,0
C,posterior_mean_shrunk,family,C,all,,,all,,phi_k16_noambig,learned,False,15,3,30000,15,True,True,0.09279285412530104,0.09154729524627328,0.09406397396698593,0.0006447979422029229,0.8425893586248159,0.04456958392659823,0.04822327019870281,49.4474,0.2623145807116771,68.35853333333333,15.792266666666666,0.08242231206666667,2.989633333333333,262.09933333333333,88.78119760207956,0.935382212750117,0.9073989065428575,0.8908126288235185,0.5168666666666667,-0.07604286380037666,-0.07775298590150972,-0.07427564621592561,0.0009048919858411943,0.6702833333333335,15,,,,,,,,,,-0.10287841415703296,-0.05931374446377158,True,range,True,0,0.0017514590591192246,0.000954291402255573,0.00252834688226964,0.0004043820806275674,0.49865,15,,,,,,,,,,0.000999631056189537,0.003151367217302323,True,range,True,0
C,posterior_mean_shrunk,family,C,all,,,all,,phi_k16_nopolicy,learned,False,15,3,30000,15,True,True,0.09278183060487111,0.09153431229914229,0.09406349868824085,0.0006445783666287377,0.842600382145246,0.05496764747103055,0.03781418313384056,44.949933333333334,0.20817943331938688,69.60999999999999,11.414966666666665,0.09303441206666666,2.9901,249.50726666666668,94.09722897172776,0.935382212750117,0.9073989065428575,0.8804145652790862,0.41850000000000004,-0.07605388732080658,-0.07777082509050767,-0.07432457284691432,0.0008839073339219199,0.6697166666666666,15,,,,,,,,,,-0.10241042726635934,-0.059989167352765806,True,range,True,0,0.0017404355386892957,0.0009205817980303741,0.0025515986998107107,0.0004198473343539042,0.49790000000000006,15,,,,,,,,,,0.0003242081671953201,0.0033257326543331147,True,range,True,0
C,posterior_mean_shrunk,family,C,all,,,all,,phi_k16_notrunc,learned,False,15,3,30000,15,True,True,0.0912707495023807,0.09003687012319764,0.0925327601407965,0.0006389733065978014,0.8441114632477363,0.052802228813370065,0.038468520689010625,46.78033333333334,0.22070258318539393,68.90883333333335,13.024733333333334,0.08887499706666666,2.9896999999999996,260.3598,73.54365354290167,0.935382212750117,0.9073989065428575,0.882579983936747,0.48210000000000003,-0.077564968423297,-0.07928061952504019,-0.07581977255331973,0.0008898004456575745,0.6734333333333333,15,,,,,,,,,,-0.10466381675004958,-0.06047610084339976,True,range,True,0,0.00022935443619887032,-0.0005159873410593716,0.0009549522173620057,0.00037360645743715815,0.5008166666666667,15,,,,,,,,,,-0.0006820236891508103,0.0015328123211860657,True,range,True,0
C,posterior_mean_shrunk,family,C,all,,,all,,phi_k16_perstep,learned,False,15,3,30000,15,True,True,0.09603072675267856,0.09476742736374338,0.09729321939249833,0.0006465637830225286,0.8393514859974384,0.06464903804957868,0.03138168870309989,40.762899999999995,0.16994886586817615,71.4402,7.724566666666666,0.10793991786666665,2.9925333333333333,210.504,94.05647426302465,0.935382212750117,0.9073989065428575,0.8707331747005383,0.4033333333333333,-0.07280499117299914,-0.07446309077553452,-0.0711326384327064,0.0008498117618301154,0.6661333333333334,15,,,,,,,,,,-0.0937746358782053,-0.06108150694966317,True,range,True,0,0.004989331686496734,0.003941830422710761,0.0060658330029195896,0.0005380049516576039,0.4944666666666667,15,,,,,,,,,,-0.0032454551711678507,0.010207157182693482,True,range,True,0
C,posterior_mean_shrunk,family,C,all,,,all,,phi_k16_quality,learned,False,15,3,30000,15,True,True,0.09676647359728813,0.09547880068421365,0.09807152550046642,0.0006571418589364915,0.8386157391528287,0.06108584551314513,0.035680628084143,41.57426666666666,0.1882818574459074,71.01253333333332,8.1519,0.10004841533333333,3.0053333333333336,186.3264666666667,98.24315783958312,0.935382212750117,0.9073989065428575,0.8742963672369719,0.40896666666666665,-0.07206924432838956,-0.07373780317604542,-0.07038180752346913,0.0008663081124089879,0.66295,15,,,,,,,,,,-0.09524666736125946,-0.05991579845175147,True,range,True,0,0.0057250785311063115,0.004741392889827693,0.006705154238400912,0.0004925869808313073,0.49049999999999994,15,,,,,,,,,,0.0003975770682096482,0.008735125699639319,True,range,True,0
C,posterior_mean_shrunk,family,C,all,,,all,,phi_k16_tau05,learned,False,15,3,30000,15,True,True,0.09472011532684167,0.09345151345555981,0.09601355141028763,0.0006521925759964684,0.8406620974232752,0.057068952957789104,0.03765116236905257,43.466533333333345,0.20322281095278172,70.19033333333333,10.130700000000001,0.09547149506666666,2.9916,208.2982,105.24891540589655,0.935382212750117,0.9073989065428575,0.8783132597923278,0.4154666666666667,-0.07411560259883603,-0.07580540957860649,-0.07238718641921878,0.0008767578932378405,0.6667500000000001,15,,,,,,,,,,-0.09869241994023323,-0.059994379612058404,True,range,True,0,0.0036787202606598534,0.002774066651012011,0.004572596428802172,0.0004594310818662695,0.49436666666666673,15,,,,,,,,,,0.0003189959079027176,0.005427791753411293,True,range,True,0
C,posterior_mean_shrunk,family,C,all,,,all,,phi_k16_weighted,learned,False,15,3,30000,15,True,True,0.09644274845371645,0.09516707776735227,0.09775178165485461,0.0006602858051235707,0.8389394642964005,0.048908387732505804,0.047534360721210644,45.48213333333333,0.23785188200921942,70.21100000000001,12.406966666666666,0.09037858386666667,3.0279000000000007,177.64546666666672,150.88035177309135,0.935382212750117,0.9073989065428575,0.8864738250176111,0.3855666666666667,-0.07239296947196125,-0.07414794388848046,-0.07064675035576026,0.0008867401237944387,0.6623,15,,,,,,,,,,-0.0978080269664526,-0.05701877861395478,True,range,True,0,0.0054013533875346175,0.004472213137799675,0.006318121809557245,0.0004660199139534932,0.4897166666666667,15,,,,,,,,,,0.0032945969060063363,0.006735697162151337,True,range,True,0
C,posterior_mean_shrunk,family,C,all,,,all,,phi_k4,learned,False,15,3,30000,15,True,True,0.08780576770355303,0.08660385181506475,0.08903377948949734,0.0006220063078389125,0.8475764450465638,0.04735568381845952,0.040450083885093524,49.55993333333334,0.24297402034611676,68.12243333333335,15.101666666666665,0.0848060154,2.989633333333333,283.8222666666667,72.6880326581723,0.935382212750117,0.9073989065428575,0.8880265289316572,0.5919,-0.08102995022212466,-0.08276391146083673,-0.0792421499080956,0.0009015711539220627,0.67915,15,,,,,,,,,,-0.1081356606721878,-0.0639545416034758,True,range,True,0,-0.003235627362628778,-0.003938636091262045,-0.0025543966648134153,0.00035780696131609325,0.5060499999999999,15,,,,,,,,,,-0.004153867611289024,-0.0019118483930826186,True,range,True,0
C,posterior_mean_shrunk,family,C,all,,,all,,phi_reservoir_rule,learned,False,15,3,30000,15,True,True,0.10007308603525161,0.09882414301236471,0.10137561262895664,0.000657477768075279,0.8353091267148653,0.036728380136688554,0.06334470589856304,55.0096,0.32859725095149017,66.73083333333334,20.423600000000004,0.06900503273333333,2.9897,223.03473333333335,83.93900724664094,0.935382212750117,0.9073989065428575,0.8986538326134285,0.6036666666666667,-0.06876263189042607,-0.07055550689032922,-0.06696397053077817,0.0009287768494644649,0.6555666666666667,15,,,,,,,,,,-0.0927043890684843,-0.056132965373247856,True,range,True,0,0.009031690969069799,0.00805897704512366,0.009987755972833839,0.0004978691127024217,0.48261666666666664,15,,,,,,,,,,0.004180410146713257,0.011637258768081665,True,range,True,0
C,posterior_mean_shrunk,family,C,all,,,all,,phi_sf_k16,learned,False,15,3,30000,15,True,True,0.09182964824487766,0.09058519501859942,0.09309891885146498,0.0006425181847613396,0.8435525645052393,0.045438102587064114,0.046391545657813546,50.17140000000001,0.2585304124989375,67.96686666666668,15.942466666666665,0.08187027033333334,2.989633333333333,267.22259999999994,86.957652249706,0.935382212750117,0.9073989065428575,0.8899441101630529,0.5749,-0.07700606968080002,-0.07873677029274403,-0.07523352230588595,0.0009032998822742457,0.6722833333333333,15,,,,,,,,,,-0.10423712527155878,-0.05877786407545209,True,range,True,0,0.0007882531786958376,9.15201690925945e-05,0.0014862003793192945,0.0003560452910049964,0.4996166666666667,15,,,,,,,,,,-0.0002553322106599807,0.0015355114445090292,True,range,True,0
C,posterior_mean_shrunk,family,C,all,,,all,,phi_sf_k16_noT1000,learned,False,15,3,30000,15,True,True,0.09376527678271135,0.09249374764660993,0.09504956398780147,0.0006481124208379374,0.8416169359674056,0.05559737045566241,0.03816790632704893,44.322866666666656,0.20778688170704177,69.86756666666666,10.919133333333333,0.09413434526666666,2.9935,196.18806666666666,112.07103927570242,0.935382212750117,0.9073989065428575,0.8797848422944546,0.4411,-0.07507044114296636,-0.07679650721450645,-0.07333316261259218,0.0008810730973491134,0.6679333333333333,15,,,,,,,,,,-0.10055473217666148,-0.05976004970595241,True,range,True,0,0.0027238817165295285,0.0018616025305528677,0.003580368250766999,0.00043653322112370134,0.4960166666666667,15,,,,,,,,,,0.0005533258140087127,0.004191258451342583,True,range,True,0
C,posterior_mean_shrunk,family,C,all,,,all,,power_a0.25,baseline,False,15,3,30000,15,True,True,0.09141095162034034,0.09016975390414397,0.09268819430222114,0.0006369178228696582,0.8439712611297767,0.04738278314769269,0.044028168472647664,49.4,0.24957707641702995,67.91926666666667,14.758733333333334,0.08085113766666667,2.9905666666666666,,169.5,0.935382212750117,0.9073989065428575,0.8879994296024242,0.4,-0.07742476630533734,-0.07919363287898401,-0.07567339475577077,0.0009046338012912602,0.6719,15,,,,,,,,,,-0.10391963083446025,-0.060491368325799696,True,range,True,0,0.0003695565541585287,-0.00015201055059151246,0.0008838293798423062,0.0002636427060143548,0.49756666666666666,15,,,,,,,,,,-0.0001779928058385849,0.0012245002418756485,True,range,True,0
C,posterior_mean_shrunk,family,C,all,,,all,,power_a0.33,baseline,False,15,3,30000,15,True,True,0.09204771905193726,0.09081808366502325,0.09331455705066521,0.0006378952344113094,0.8433344936981797,0.047138709342479705,0.04490900970945755,48.8,0.24976775875056945,67.94660000000002,14.3669,0.08048281939999999,3.0174666666666665,,230.5,0.935382212750117,0.9073989065428575,0.8882435034076371,0.4,-0.07678799887374042,-0.07854810940412184,-0.07500860965500276,0.0009069058077525047,0.6701,15,,,,,,,,,,-0.10300439076721668,-0.06060463314726949,True,range,True,0,0.0010063239857554434,0.0004074065927390317,0.0016146308999179836,0.0003072363709054512,0.49673333333333336,15,,,,,,,,,,-0.00029125762730836867,0.002332827290892601,True,range,True,0
C,posterior_mean_shrunk,family,C,all,,,all,,power_a0.5,baseline,False,15,3,30000,15,True,True,0.09153064649316173,0.09027908839285373,0.0927931701640288,0.0006363728331898066,0.8438515662569552,0.046725248876214015,0.044805397616947684,50.2,0.2525867651410044,67.64626666666666,15.250066666666665,0.07967177706666666,2.989633333333333,,88.66666666666667,0.935382212750117,0.9073989065428575,0.8886569638739029,0.6,-0.07730507143251598,-0.07907682090997695,-0.07551073840508858,0.0009079384338572934,0.6715166666666667,15,,,,,,,,,,-0.1040748176932335,-0.06003894514627754,True,range,True,0,0.0004892514269798994,5.305783046613533e-05,0.0009304633226959898,0.0002223372003406215,0.4981166666666667,15,,,,,,,,,,-9.302463233470915e-05,0.0012863485395908356,True,range,True,0
C,posterior_mean_shrunk,family,C,all,,,all,,power_a0.67,baseline,False,15,3,30000,15,True,True,0.09327233976175388,0.09201968135933082,0.09454014070332051,0.0006410842789457711,0.8421098729883633,0.04430459215740363,0.048967747604350256,50.6,0.2651717991546099,66.24740000000001,15.389166666666664,0.07502270533333334,3.3344333333333336,,206.66666666666666,0.935382212750117,0.9073989065428575,0.8910776205927132,0.6,-0.0755633781639238,-0.07732627041948338,-0.07376096336791912,0.0009135120228309119,0.66865,15,,,,,,,,,,-0.10202836105227471,-0.05916317969337106,True,range,True,0,0.002230944695572058,0.0015390812340033715,0.0029251997389534755,0.00035954887823978277,0.49446666666666667,15,,,,,,,,,,0.0011501958265900613,0.003589206251502037,True,range,True,0
C,posterior_mean_shrunk,family,C,all,,,all,,refine_after_init,baseline,False,15,3,30000,15,True,True,0.2247444003082812,0.22291350732247034,0.2265918732682864,0.000928654351454062,0.7106378124418357,0.20597483822902043,0.018769562079260744,8.0,0.046917547383625836,160.56213333333332,0.11406666666666666,0.2757850213333333,1.2460666666666667,,,0.935382212750117,0.9073989065428575,0.7294073745210966,0.0,0.055908682382603485,0.05445190165114279,0.05735094687590996,0.0007397499409686241,0.3755666666666666,15,,,,,,,,,,0.047812460190057755,0.06825813048779963,True,range,True,0,0.13370300524209935,0.13171213725581765,0.13563547525554895,0.0010054583717774737,0.24433333333333335,15,,,,,,,,,,0.11196883198991418,0.17223992354869844,True,range,True,0
C,posterior_mean_shrunk,family,C,all,,,all,,rule_reservoir,rule,False,15,3,30000,15,True,True,0.10796703730573258,0.10663133616869648,0.10932747331137459,0.0006831974861623881,0.8274151754443844,0.04551780354976654,0.06244923375596602,54.248133333333335,0.30619122332361626,67.7416,20.246666666666666,0.07959531320000002,3.037833333333334,24.70066666666667,64.36977498912579,0.935382212750117,0.9073989065428575,0.8898644092003506,0.7476666666666666,-0.060868680619945124,-0.06264606589451432,-0.059047368665148196,0.0009227319043966045,0.64405,15,,,,,,,,,,-0.08367152196466923,-0.04714565104320645,True,range,True,0,0.01692564223955075,0.015687407954339202,0.018176524960737576,0.0006405294418765321,0.4675000000000001,15,,,,,,,,,,0.013167724476754666,0.020310271096229553,True,range,True,0
C,posterior_mean_shrunk,family,C,all,,,all,,uniform,baseline,False,15,3,30000,15,True,True,0.10212101904551188,0.10082908400023977,0.10347113729144136,0.0006684301348461412,0.833261193704605,0.03985211317638556,0.062268905869126326,53.79983333333333,0.299970977159145,66.24733333333334,17.86006666666667,0.06996417313333333,3.064366666666667,,118.83730411255412,0.935382212750117,0.9073989065428575,0.8955300995737314,0.6009333333333333,-0.06671469888016582,-0.06853888186936577,-0.06487565395732721,0.0009352011256501065,0.6542166666666666,15,,,,,,,,,,-0.09086506367027761,-0.053623534788936375,True,range,True,0,0.011079623979330063,0.010052120947302682,0.012113215615815989,0.0005247179731883244,0.4796166666666667,15,,,,,,,,,,0.0066898407310247415,0.01343230181634426,True,range,True,0
C,posterior_mean_shrunk,pooled,all,all,,,all,,always_search,baseline,False,15,3,30000,15,True,True,0.13886480553473035,0.1374568248540163,0.14027173152193426,0.0007133938094940632,0.7965174072153867,0.027983306207259494,0.11088149932747088,61.2,0.42648132296413366,65.6598,28.825733333333336,0.06147059040000001,2.989633333333333,,64.0,0.935382212750117,0.9073989065428575,0.9073989065428575,0.8,-0.02997091239094735,-0.03192399000438551,-0.027959325170765322,0.0010098146548689858,0.5978333333333334,15,,,,,,,,,,-0.061608416253328316,-0.0009058997303247385,True,range,True,0,0.04782341046854854,0.046322192891190446,0.049235481677266456,0.0007495305041740851,0.4297166666666667,15,,,,,,,,,,0.04168937880843878,0.05940747578963638,True,range,True,0
C,posterior_mean_shrunk,pooled,all,all,,,all,,cp0,reference,False,15,3,30000,15,True,True,0.16883571792567767,0.16722162257879972,0.17044210308541854,0.0008338316088659794,0.7665464948244394,0.14920651165346305,0.019629206272214653,15.978866666666669,0.05639329822266572,98.51453333333332,0.08883333333333333,0.17909693086666667,4.1623,,,0.935382212750117,0.9073989065428575,0.7861757010966541,0.0,0.0,0.0,0.0,0.0,0.5,15,,,,,,,,,,0.0,0.0,True,range,True,0,0.07779432285949588,0.07600406142262121,0.07955225030581156,0.0009047272885508506,0.3272166666666666,15,,,,,,,,,,0.06031337551996112,0.10398179306089879,True,range,True,0
C,posterior_mean_shrunk,pooled,all,all,,,all,,fixed_K16,baseline,False,15,3,30000,15,True,True,0.15710656737387177,0.1554851104815801,0.1587436554580927,0.0008231893679142855,0.7782756453762452,0.12933836358288925,0.027768203790982562,16.0,0.10947427722846027,127.61116666666666,1.6449000000000003,0.18575587526666668,2.0882,,,0.935382212750117,0.9073989065428575,0.8060438491672276,0.0,-0.011729150551805893,-0.013137196850342054,-0.010278671930233638,0.0007401485361466586,0.5004666666666667,15,,,,,,,,,,-0.02461869005486369,-0.005219068214297293,True,range,True,0,0.06606517230768998,0.06447012659414517,0.06767016994999722,0.0008131984071656831,0.34185,15,,,,,,,,,,0.03569468546509742,0.09876272484660148,True,range,True,0
C,posterior_mean_shrunk,pooled,all,all,,,all,,p3_star,reference,False,15,3,30000,15,True,True,0.09104139506618182,0.08980714875583848,0.09231968265647689,0.0006352170017634775,0.8443408176839352,0.04747346975505352,0.0435679253111283,49.8,0.2485051324879432,67.83586666666666,15.002866666666666,0.08109584933333333,2.9905666666666666,,136.66666666666666,0.935382212750117,0.9073989065428575,0.8879087429950634,0.6,-0.07779432285949588,-0.07955225030581156,-0.07600406142262121,0.0009047272885508506,0.6727833333333333,15,,,,,,,,,,-0.10398179306089879,-0.06031337551996112,True,range,True,0,0.0,0.0,0.0,0.0,0.5,15,,,,,,,,,,0.0,0.0,True,range,True,0
C,posterior_mean_shrunk,pooled,all,all,,,all,,phi_k1,learned,False,15,3,30000,15,True,True,0.08701796798855065,0.08581556159382066,0.08822073062881827,0.0006194287865269021,0.8483642447615662,0.04470188772777716,0.0423160802607735,50.73506666666667,0.25696527988023343,67.90096666666666,15.773766666666665,0.0818427304,2.989633333333333,295.23189999999994,69.35721764705883,0.935382212750117,0.9073989065428575,0.8906803250223397,0.6005666666666667,-0.08181774993712702,-0.08355913394130766,-0.08004040211439133,0.0009083955017467158,0.6805333333333333,15,,,,,,,,,,-0.10939830069243908,-0.06391405048146843,True,range,True,0,-0.004023427077631155,-0.004744649846106767,-0.0033163764686711754,0.0003652024868400412,0.5066499999999999,15,,,,,,,,,,-0.0054165076315402984,-0.003053098639845848,True,range,True,0
C,posterior_mean_shrunk,pooled,all,all,,,all,,phi_k16,learned,False,15,3,30000,15,True,True,0.09472011532684167,0.09345151345555981,0.09601355141028763,0.0006521925759964684,0.8406620974232752,0.057068952957789104,0.03765116236905257,43.466533333333345,0.20322281095278172,70.19033333333333,10.130700000000001,0.09547149506666666,2.9916,208.2982,105.24891540589655,0.935382212750117,0.9073989065428575,0.8783132597923278,0.4154666666666667,-0.07411560259883603,-0.07580540957860649,-0.07238718641921878,0.0008767578932378405,0.6667500000000001,15,,,,,,,,,,-0.09869241994023323,-0.059994379612058404,True,range,True,0,0.0036787202606598534,0.002774066651012011,0.004572596428802172,0.0004594310818662695,0.49436666666666673,15,,,,,,,,,,0.0003189959079027176,0.005427791753411293,True,range,True,0
C,posterior_mean_shrunk,pooled,all,all,,,all,,phi_k16_all71,learned,False,15,3,30000,15,True,True,0.0932591978808244,0.09200039177512129,0.09452524142960707,0.0006471801097840738,0.8421230148692925,0.053979732819398246,0.03927946506142617,44.92746666666665,0.21414842956824545,69.61219999999999,11.5481,0.09202781053333332,2.9918,174.62726666666669,103.40659558182502,0.935382212750117,0.9073989065428575,0.8814024799307187,0.4295666666666667,-0.07557652004485328,-0.07727888672302168,-0.07382743843520681,0.0008844748026749403,0.6694000000000001,15,,,,,,,,,,-0.10135474123656749,-0.060083284830301995,True,range,True,0,0.0022178028146425883,0.0013861388042945085,0.00304310833812148,0.00042214439466953826,0.4973166666666667,15,,,,,,,,,,0.00023009068965911867,0.0037962659299373624,True,range,True,0
C,posterior_mean_shrunk,pooled,all,all,,,all,,phi_k16_clock,learned,False,15,3,30000,15,True,True,0.0975979208531479,0.09635750917717816,0.09887099297096331,0.0006528852353577859,0.8377842918969691,0.042854254130522414,0.0547436667226255,49.2,0.28444875236013445,68.39643333333333,15.4569,0.07751369873333333,2.9905999999999997,267.6,64.0,0.935382212750117,0.9073989065428575,0.8925279586195944,0.4,-0.0712377970725298,-0.07301262920722365,-0.06942646212875843,0.000928921645246179,0.6619666666666667,15,,,,,,,,,,-0.09672788046598434,-0.05755167582780123,True,range,True,0,0.006556525786966085,0.005502487928776343,0.007616710220269547,0.0005429110644423655,0.4880333333333333,15,,,,,,,,,,0.0027616996921598913,0.009653965073823928,True,range,True,0
C,posterior_mean_shrunk,pooled,all,all,,,all,,phi_k16_cs,learned,False,15,3,30000,15,True,True,0.09482595601578551,0.09354906020686031,0.0961208786132435,0.0006524955628176459,0.8405562567343313,0.057175773862997686,0.03765018215278785,43.40773333333333,0.20284364688360046,70.20956666666667,10.068833333333332,0.09559168726666666,2.9920999999999998,209.3855333333333,105.41966265388427,0.935382212750117,0.9073989065428575,0.8782064388871192,0.41463333333333335,-0.07400976190989215,-0.07569240006928642,-0.07229162485338748,0.0008761837963700962,0.66665,15,,,,,,,,,,-0.09854787768125534,-0.06002095248326659,True,range,True,0,0.0037845609496037166,0.0028659254281402963,0.0046846781144085975,0.0004610556123066493,0.4944,15,,,,,,,,,,0.00029242303669452664,0.0056273444324731825,True,range,True,0
C,posterior_mean_shrunk,pooled,all,all,,,all,,phi_k16_famA_only,learned,False,15,3,30000,15,True,True,0.09926024891038736,0.09794571364919345,0.1005607601813972,0.0006636940307241138,0.8361219638397298,0.06579124699234963,0.03346900191803773,39.81746666666667,0.17633621389458398,71.7715,6.216966666666665,0.10222399886666667,3.0561333333333334,142.7276,107.79772609451057,0.935382212750117,0.9073989065428575,0.8695909657577673,0.3438,-0.06957546901529034,-0.07122183637693524,-0.06787258389405906,0.0008545651705853302,0.6582833333333333,15,,,,,,,,,,-0.09056170218288899,-0.05889722172170877,True,range,True,0,0.008218853844205539,0.007166291382266839,0.009266241001690408,0.0005294733020870056,0.4849833333333333,15,,,,,,,,,,0.0010458923786878585,0.013420090878009796,True,range,True,0
C,posterior_mean_shrunk,pooled,all,all,,,all,,phi_k16_famB_only,learned,False,15,3,30000,15,True,True,0.09578409624646106,0.09450665495668849,0.0970766810203592,0.0006548429752331976,0.8395981165036558,0.058023372145493815,0.037760724100967244,43.07033333333333,0.20146358017272478,70.3747,9.814633333333335,0.0964214908,2.9940333333333338,205.2336666666667,111.05064113813405,0.935382212750117,0.9073989065428575,0.8773588406046231,0.4164666666666667,-0.07305162167921662,-0.07473383294728894,-0.07132950754525762,0.0008722929416328668,0.6644500000000001,15,,,,,,,,,,-0.09688493206202983,-0.059958955610543485,True,range,True,0,0.004742701180279255,0.003792426640420672,0.00568604356580181,0.0004767641231723998,0.49258333333333326,15,,,,,,,,,,0.0003544199094176292,0.007096860998868942,True,range,True,0
C,posterior_mean_shrunk,pooled,all,all,,,all,,phi_k16_guard,learned,False,15,3,30000,15,True,True,0.09744976366609336,0.09617707277958593,0.09877219537273049,0.0006591066472344593,0.8379324490840235,0.06365921786427498,0.033790545801818374,41.469833333333334,0.18012826343680566,70.6538,7.661433333333334,0.09969226006666666,2.995833333333333,186.08453333333335,91.40505508825895,0.935382212750117,0.9073989065428575,0.8717229948858419,0.3977333333333333,-0.07138595425958434,-0.07305908453961213,-0.06968580515434344,0.0008609584196733905,0.6623499999999999,15,,,,,,,,,,-0.09365393738746644,-0.05855807641074061,True,range,True,0,0.006408368599911532,0.005363851565528724,0.007455804628512699,0.0005235816669960973,0.48955000000000004,15,,,,,,,,,,0.001755299109220505,0.01032785567343235,True,range,True,0
C,posterior_mean_shrunk,pooled,all,all,,,all,,phi_k16_hgb,learned,False,15,3,30000,15,True,True,0.09558050401521226,0.09429109902431568,0.09688385975236695,0.0006506745560621154,0.8398017087349047,0.047911888209978735,0.04766861580523352,50.1248,0.2593776494781882,68.25723333333333,16.87173333333333,0.08288499613333333,2.9977,168.31926666666666,126.81004855180588,0.935382212750117,0.9073989065428575,0.8874703245401381,0.5289666666666667,-0.07325521391046544,-0.07495853006529311,-0.07150730933994055,0.0008892219909165515,0.6634,15,,,,,,,,,,-0.09840994019806384,-0.05972276123352349,True,range,True,0,0.004539108949030439,0.0036049505553395044,0.0054488331476932215,0.00046253343293601706,0.49100000000000005,15,,,,,,,,,,0.0005906142864376306,0.007454859697818757,True,range,True,0
C,posterior_mean_shrunk,pooled,all,all,,,all,,phi_k16_lucb,learned,False,15,3,30000,15,True,True,0.09398982175042232,0.09271615371728938,0.09528046235442161,0.0006478225768243566,0.8413923909996945,0.05496441521843275,0.03902540653198958,43.675533333333334,0.20657734597599145,70.36136666666667,10.435366666666665,0.09617616526666667,2.9973333333333327,216.30139999999997,109.69806272542299,0.935382212750117,0.9073989065428575,0.8804177975316841,0.4284333333333334,-0.07484589617525537,-0.07655830157610277,-0.07309324879509707,0.0008811246880720031,0.6677000000000001,15,,,,,,,,,,-0.10025554321706295,-0.05977859390452504,True,range,True,0,0.0029484266842405003,0.0020727121836262093,0.0038311904681775856,0.0004447422269484249,0.49521666666666664,15,,,,,,,,,,0.0005347816154360771,0.004584248593449592,True,range,True,0
C,posterior_mean_shrunk,pooled,all,all,,,all,,phi_k16_noT1000,learned,False,15,3,30000,15,True,True,0.09465195559908947,0.09337325635676583,0.09592794592181841,0.0006518566257313474,0.8407302571510277,0.04384708803097406,0.05080486756811539,49.50953333333333,0.2677740598568705,68.4522,16.090766666666664,0.08233686873333332,2.989633333333333,269.4424,88.94814700484352,0.935382212750117,0.9073989065428575,0.8915351247191428,0.5202,-0.07418376232658823,-0.07593585873022676,-0.07240957397346695,0.0009025083105298021,0.6673333333333334,15,,,,,,,,,,-0.10030135438144208,-0.05837455545440316,True,range,True,0,0.0036105605329076447,0.002758191067186999,0.004432726656571807,0.0004278269646418184,0.4954666666666666,15,,,,,,,,,,0.0019388200655579568,0.005212422853708267,True,range,True,0
C,posterior_mean_shrunk,pooled,all,all,,,all,,phi_k16_noT200,learned,False,15,3,30000,15,True,True,0.09297806566705306,0.09170076495657364,0.09425805640717347,0.0006451588644874377,0.8424041470830638,0.052700881268580746,0.040277184398472304,46.23533333333333,0.22188240865093362,69.19216666666668,12.832066666666664,0.090601992,2.989933333333333,223.0978,92.9505920977686,0.935382212750117,0.9073989065428575,0.882681331481536,0.4855333333333334,-0.07585765225862463,-0.07759196177435418,-0.07410871599180004,0.0008872844658808434,0.6699333333333333,15,,,,,,,,,,-0.10195828424990176,-0.06021898600235581,True,range,True,0,0.001936670600871245,0.00111100756097585,0.00276061723328894,0.0004177799334450738,0.4982666666666667,15,,,,,,,,,,9.438951760530473e-05,0.0036921134740114216,True,range,True,0
C,posterior_mean_shrunk,pooled,all,all,,,all,,phi_k16_noambig,learned,False,15,3,30000,15,True,True,0.09279285412530104,0.09154729524627328,0.09406397396698593,0.0006447979422029229,0.8425893586248159,0.04456958392659823,0.04822327019870281,49.4474,0.2623145807116771,68.35853333333333,15.792266666666666,0.08242231206666667,2.989633333333333,262.09933333333333,88.78119760207956,0.935382212750117,0.9073989065428575,0.8908126288235185,0.5168666666666667,-0.07604286380037666,-0.07775298590150972,-0.07427564621592561,0.0009048919858411943,0.6702833333333335,15,,,,,,,,,,-0.10287841415703296,-0.05931374446377158,True,range,True,0,0.0017514590591192246,0.000954291402255573,0.00252834688226964,0.0004043820806275674,0.49865,15,,,,,,,,,,0.000999631056189537,0.003151367217302323,True,range,True,0
C,posterior_mean_shrunk,pooled,all,all,,,all,,phi_k16_nopolicy,learned,False,15,3,30000,15,True,True,0.09278183060487111,0.09153431229914229,0.09406349868824085,0.0006445783666287377,0.842600382145246,0.05496764747103055,0.03781418313384056,44.949933333333334,0.20817943331938688,69.60999999999999,11.414966666666665,0.09303441206666666,2.9901,249.50726666666668,94.09722897172776,0.935382212750117,0.9073989065428575,0.8804145652790862,0.41850000000000004,-0.07605388732080658,-0.07777082509050767,-0.07432457284691432,0.0008839073339219199,0.6697166666666666,15,,,,,,,,,,-0.10241042726635934,-0.059989167352765806,True,range,True,0,0.0017404355386892957,0.0009205817980303741,0.0025515986998107107,0.0004198473343539042,0.49790000000000006,15,,,,,,,,,,0.0003242081671953201,0.0033257326543331147,True,range,True,0
C,posterior_mean_shrunk,pooled,all,all,,,all,,phi_k16_notrunc,learned,False,15,3,30000,15,True,True,0.0912707495023807,0.09003687012319764,0.0925327601407965,0.0006389733065978014,0.8441114632477363,0.052802228813370065,0.038468520689010625,46.78033333333334,0.22070258318539393,68.90883333333335,13.024733333333334,0.08887499706666666,2.9896999999999996,260.3598,73.54365354290167,0.935382212750117,0.9073989065428575,0.882579983936747,0.48210000000000003,-0.077564968423297,-0.07928061952504019,-0.07581977255331973,0.0008898004456575745,0.6734333333333333,15,,,,,,,,,,-0.10466381675004958,-0.06047610084339976,True,range,True,0,0.00022935443619887032,-0.0005159873410593716,0.0009549522173620057,0.00037360645743715815,0.5008166666666667,15,,,,,,,,,,-0.0006820236891508103,0.0015328123211860657,True,range,True,0
C,posterior_mean_shrunk,pooled,all,all,,,all,,phi_k16_perstep,learned,False,15,3,30000,15,True,True,0.09603072675267856,0.09476742736374338,0.09729321939249833,0.0006465637830225286,0.8393514859974384,0.06464903804957868,0.03138168870309989,40.762899999999995,0.16994886586817615,71.4402,7.724566666666666,0.10793991786666665,2.9925333333333333,210.504,94.05647426302465,0.935382212750117,0.9073989065428575,0.8707331747005383,0.4033333333333333,-0.07280499117299914,-0.07446309077553452,-0.0711326384327064,0.0008498117618301154,0.6661333333333334,15,,,,,,,,,,-0.0937746358782053,-0.06108150694966317,True,range,True,0,0.004989331686496734,0.003941830422710761,0.0060658330029195896,0.0005380049516576039,0.4944666666666667,15,,,,,,,,,,-0.0032454551711678507,0.010207157182693482,True,range,True,0
C,posterior_mean_shrunk,pooled,all,all,,,all,,phi_k16_quality,learned,False,15,3,30000,15,True,True,0.09676647359728813,0.09547880068421365,0.09807152550046642,0.0006571418589364915,0.8386157391528287,0.06108584551314513,0.035680628084143,41.57426666666666,0.1882818574459074,71.01253333333332,8.1519,0.10004841533333333,3.0053333333333336,186.3264666666667,98.24315783958312,0.935382212750117,0.9073989065428575,0.8742963672369719,0.40896666666666665,-0.07206924432838956,-0.07373780317604542,-0.07038180752346913,0.0008663081124089879,0.66295,15,,,,,,,,,,-0.09524666736125946,-0.05991579845175147,True,range,True,0,0.0057250785311063115,0.004741392889827693,0.006705154238400912,0.0004925869808313073,0.49049999999999994,15,,,,,,,,,,0.0003975770682096482,0.008735125699639319,True,range,True,0
C,posterior_mean_shrunk,pooled,all,all,,,all,,phi_k16_tau05,learned,False,15,3,30000,15,True,True,0.09472011532684167,0.09345151345555981,0.09601355141028763,0.0006521925759964684,0.8406620974232752,0.057068952957789104,0.03765116236905257,43.466533333333345,0.20322281095278172,70.19033333333333,10.130700000000001,0.09547149506666666,2.9916,208.2982,105.24891540589655,0.935382212750117,0.9073989065428575,0.8783132597923278,0.4154666666666667,-0.07411560259883603,-0.07580540957860649,-0.07238718641921878,0.0008767578932378405,0.6667500000000001,15,,,,,,,,,,-0.09869241994023323,-0.059994379612058404,True,range,True,0,0.0036787202606598534,0.002774066651012011,0.004572596428802172,0.0004594310818662695,0.49436666666666673,15,,,,,,,,,,0.0003189959079027176,0.005427791753411293,True,range,True,0
C,posterior_mean_shrunk,pooled,all,all,,,all,,phi_k16_weighted,learned,False,15,3,30000,15,True,True,0.09644274845371645,0.09516707776735227,0.09775178165485461,0.0006602858051235707,0.8389394642964005,0.048908387732505804,0.047534360721210644,45.48213333333333,0.23785188200921942,70.21100000000001,12.406966666666666,0.09037858386666667,3.0279000000000007,177.64546666666672,150.88035177309135,0.935382212750117,0.9073989065428575,0.8864738250176111,0.3855666666666667,-0.07239296947196125,-0.07414794388848046,-0.07064675035576026,0.0008867401237944387,0.6623,15,,,,,,,,,,-0.0978080269664526,-0.05701877861395478,True,range,True,0,0.0054013533875346175,0.004472213137799675,0.006318121809557245,0.0004660199139534932,0.4897166666666667,15,,,,,,,,,,0.0032945969060063363,0.006735697162151337,True,range,True,0
C,posterior_mean_shrunk,pooled,all,all,,,all,,phi_k4,learned,False,15,3,30000,15,True,True,0.08780576770355303,0.08660385181506475,0.08903377948949734,0.0006220063078389125,0.8475764450465638,0.04735568381845952,0.040450083885093524,49.55993333333334,0.24297402034611676,68.12243333333335,15.101666666666665,0.0848060154,2.989633333333333,283.8222666666667,72.6880326581723,0.935382212750117,0.9073989065428575,0.8880265289316572,0.5919,-0.08102995022212466,-0.08276391146083673,-0.0792421499080956,0.0009015711539220627,0.67915,15,,,,,,,,,,-0.1081356606721878,-0.0639545416034758,True,range,True,0,-0.003235627362628778,-0.003938636091262045,-0.0025543966648134153,0.00035780696131609325,0.5060499999999999,15,,,,,,,,,,-0.004153867611289024,-0.0019118483930826186,True,range,True,0
C,posterior_mean_shrunk,pooled,all,all,,,all,,phi_reservoir_rule,learned,False,15,3,30000,15,True,True,0.10007308603525161,0.09882414301236471,0.10137561262895664,0.000657477768075279,0.8353091267148653,0.036728380136688554,0.06334470589856304,55.0096,0.32859725095149017,66.73083333333334,20.423600000000004,0.06900503273333333,2.9897,223.03473333333335,83.93900724664094,0.935382212750117,0.9073989065428575,0.8986538326134285,0.6036666666666667,-0.06876263189042607,-0.07055550689032922,-0.06696397053077817,0.0009287768494644649,0.6555666666666667,15,,,,,,,,,,-0.0927043890684843,-0.056132965373247856,True,range,True,0,0.009031690969069799,0.00805897704512366,0.009987755972833839,0.0004978691127024217,0.48261666666666664,15,,,,,,,,,,0.004180410146713257,0.011637258768081665,True,range,True,0
C,posterior_mean_shrunk,pooled,all,all,,,all,,phi_sf_k16,learned,False,15,3,30000,15,True,True,0.09182964824487766,0.09058519501859942,0.09309891885146498,0.0006425181847613396,0.8435525645052393,0.045438102587064114,0.046391545657813546,50.17140000000001,0.2585304124989375,67.96686666666668,15.942466666666665,0.08187027033333334,2.989633333333333,267.22259999999994,86.957652249706,0.935382212750117,0.9073989065428575,0.8899441101630529,0.5749,-0.07700606968080002,-0.07873677029274403,-0.07523352230588595,0.0009032998822742457,0.6722833333333333,15,,,,,,,,,,-0.10423712527155878,-0.05877786407545209,True,range,True,0,0.0007882531786958376,9.15201690925945e-05,0.0014862003793192945,0.0003560452910049964,0.4996166666666667,15,,,,,,,,,,-0.0002553322106599807,0.0015355114445090292,True,range,True,0
C,posterior_mean_shrunk,pooled,all,all,,,all,,phi_sf_k16_noT1000,learned,False,15,3,30000,15,True,True,0.09376527678271135,0.09249374764660993,0.09504956398780147,0.0006481124208379374,0.8416169359674056,0.05559737045566241,0.03816790632704893,44.322866666666656,0.20778688170704177,69.86756666666666,10.919133333333333,0.09413434526666666,2.9935,196.18806666666666,112.07103927570242,0.935382212750117,0.9073989065428575,0.8797848422944546,0.4411,-0.07507044114296636,-0.07679650721450645,-0.07333316261259218,0.0008810730973491134,0.6679333333333333,15,,,,,,,,,,-0.10055473217666148,-0.05976004970595241,True,range,True,0,0.0027238817165295285,0.0018616025305528677,0.003580368250766999,0.00043653322112370134,0.4960166666666667,15,,,,,,,,,,0.0005533258140087127,0.004191258451342583,True,range,True,0
C,posterior_mean_shrunk,pooled,all,all,,,all,,power_a0.25,baseline,False,15,3,30000,15,True,True,0.09141095162034034,0.09016975390414397,0.09268819430222114,0.0006369178228696582,0.8439712611297767,0.04738278314769269,0.044028168472647664,49.4,0.24957707641702995,67.91926666666667,14.758733333333334,0.08085113766666667,2.9905666666666666,,169.5,0.935382212750117,0.9073989065428575,0.8879994296024242,0.4,-0.07742476630533734,-0.07919363287898401,-0.07567339475577077,0.0009046338012912602,0.6719,15,,,,,,,,,,-0.10391963083446025,-0.060491368325799696,True,range,True,0,0.0003695565541585287,-0.00015201055059151246,0.0008838293798423062,0.0002636427060143548,0.49756666666666666,15,,,,,,,,,,-0.0001779928058385849,0.0012245002418756485,True,range,True,0
C,posterior_mean_shrunk,pooled,all,all,,,all,,power_a0.33,baseline,False,15,3,30000,15,True,True,0.09204771905193726,0.09081808366502325,0.09331455705066521,0.0006378952344113094,0.8433344936981797,0.047138709342479705,0.04490900970945755,48.8,0.24976775875056945,67.94660000000002,14.3669,0.08048281939999999,3.0174666666666665,,230.5,0.935382212750117,0.9073989065428575,0.8882435034076371,0.4,-0.07678799887374042,-0.07854810940412184,-0.07500860965500276,0.0009069058077525047,0.6701,15,,,,,,,,,,-0.10300439076721668,-0.06060463314726949,True,range,True,0,0.0010063239857554434,0.0004074065927390317,0.0016146308999179836,0.0003072363709054512,0.49673333333333336,15,,,,,,,,,,-0.00029125762730836867,0.002332827290892601,True,range,True,0
C,posterior_mean_shrunk,pooled,all,all,,,all,,power_a0.5,baseline,False,15,3,30000,15,True,True,0.09153064649316173,0.09027908839285373,0.0927931701640288,0.0006363728331898066,0.8438515662569552,0.046725248876214015,0.044805397616947684,50.2,0.2525867651410044,67.64626666666666,15.250066666666665,0.07967177706666666,2.989633333333333,,88.66666666666667,0.935382212750117,0.9073989065428575,0.8886569638739029,0.6,-0.07730507143251598,-0.07907682090997695,-0.07551073840508858,0.0009079384338572934,0.6715166666666667,15,,,,,,,,,,-0.1040748176932335,-0.06003894514627754,True,range,True,0,0.0004892514269798994,5.305783046613533e-05,0.0009304633226959898,0.0002223372003406215,0.4981166666666667,15,,,,,,,,,,-9.302463233470915e-05,0.0012863485395908356,True,range,True,0
C,posterior_mean_shrunk,pooled,all,all,,,all,,power_a0.67,baseline,False,15,3,30000,15,True,True,0.09327233976175388,0.09201968135933082,0.09454014070332051,0.0006410842789457711,0.8421098729883633,0.04430459215740363,0.048967747604350256,50.6,0.2651717991546099,66.24740000000001,15.389166666666664,0.07502270533333334,3.3344333333333336,,206.66666666666666,0.935382212750117,0.9073989065428575,0.8910776205927132,0.6,-0.0755633781639238,-0.07732627041948338,-0.07376096336791912,0.0009135120228309119,0.66865,15,,,,,,,,,,-0.10202836105227471,-0.05916317969337106,True,range,True,0,0.002230944695572058,0.0015390812340033715,0.0029251997389534755,0.00035954887823978277,0.49446666666666667,15,,,,,,,,,,0.0011501958265900613,0.003589206251502037,True,range,True,0
C,posterior_mean_shrunk,pooled,all,all,,,all,,refine_after_init,baseline,False,15,3,30000,15,True,True,0.2247444003082812,0.22291350732247034,0.2265918732682864,0.000928654351454062,0.7106378124418357,0.20597483822902043,0.018769562079260744,8.0,0.046917547383625836,160.56213333333332,0.11406666666666666,0.2757850213333333,1.2460666666666667,,,0.935382212750117,0.9073989065428575,0.7294073745210966,0.0,0.055908682382603485,0.05445190165114279,0.05735094687590996,0.0007397499409686241,0.3755666666666666,15,,,,,,,,,,0.047812460190057755,0.06825813048779963,True,range,True,0,0.13370300524209935,0.13171213725581765,0.13563547525554895,0.0010054583717774737,0.24433333333333335,15,,,,,,,,,,0.11196883198991418,0.17223992354869844,True,range,True,0
C,posterior_mean_shrunk,pooled,all,all,,,all,,rule_reservoir,rule,False,15,3,30000,15,True,True,0.10796703730573258,0.10663133616869648,0.10932747331137459,0.0006831974861623881,0.8274151754443844,0.04551780354976654,0.06244923375596602,54.248133333333335,0.30619122332361626,67.7416,20.246666666666666,0.07959531320000002,3.037833333333334,24.70066666666667,64.36977498912579,0.935382212750117,0.9073989065428575,0.8898644092003506,0.7476666666666666,-0.060868680619945124,-0.06264606589451432,-0.059047368665148196,0.0009227319043966045,0.64405,15,,,,,,,,,,-0.08367152196466923,-0.04714565104320645,True,range,True,0,0.01692564223955075,0.015687407954339202,0.018176524960737576,0.0006405294418765321,0.4675000000000001,15,,,,,,,,,,0.013167724476754666,0.020310271096229553,True,range,True,0
C,posterior_mean_shrunk,pooled,all,all,,,all,,uniform,baseline,False,15,3,30000,15,True,True,0.10212101904551188,0.10082908400023977,0.10347113729144136,0.0006684301348461412,0.833261193704605,0.03985211317638556,0.062268905869126326,53.79983333333333,0.299970977159145,66.24733333333334,17.86006666666667,0.06996417313333333,3.064366666666667,,118.83730411255412,0.935382212750117,0.9073989065428575,0.8955300995737314,0.6009333333333333,-0.06671469888016582,-0.06853888186936577,-0.06487565395732721,0.0009352011256501065,0.6542166666666666,15,,,,,,,,,,-0.09086506367027761,-0.053623534788936375,True,range,True,0,0.011079623979330063,0.010052120947302682,0.012113215615815989,0.0005247179731883244,0.4796166666666667,15,,,,,,,,,,0.0066898407310247415,0.01343230181634426,True,range,True,0
