test,recommender,level,family,horizon,cell,env_id,cap,base_seed,policy,group,stratum_empty_common_support,n_cells,n_envs,n_episodes,n_cells_policy,common_support,params_tuned,regret,regret_lo,regret_hi,regret_se,q,regret_disc,regret_sel,k_final,search_frac,n_rec,n_singletons_final,herfindahl,n_eliminated_final,n_demoted,t_cap_hit_given_hit,mu_star,mu_star_cap,best_discovered,cap_hit_frac,d_regret_vs_cp0,d_regret_vs_cp0_lo,d_regret_vs_cp0_hi,d_regret_vs_cp0_se,d_regret_vs_cp0_win,d_regret_vs_cp0_n_cells,d_regret_vs_cp0_cluster_lo,d_regret_vs_cp0_cluster_hi,d_regret_vs_cp0_cluster_se,d_regret_vs_cp0_cluster_p,d_regret_vs_cp0_cluster_p_sign,d_regret_vs_cp0_cluster_boot_t_lo,d_regret_vs_cp0_cluster_boot_t_hi,d_regret_vs_cp0_cluster_pct_lo,d_regret_vs_cp0_cluster_pct_hi,d_regret_vs_cp0_cluster_min_env,d_regret_vs_cp0_cluster_max_env,d_regret_vs_cp0_cluster_degenerate,d_regret_vs_cp0_cluster_method,d_regret_vs_cp0_ref_tuned,d_regret_vs_cp0_n_excluded_untuned,d_regret_vs_p3_star,d_regret_vs_p3_star_lo,d_regret_vs_p3_star_hi,d_regret_vs_p3_star_se,d_regret_vs_p3_star_win,d_regret_vs_p3_star_n_cells,d_regret_vs_p3_star_cluster_lo,d_regret_vs_p3_star_cluster_hi,d_regret_vs_p3_star_cluster_se,d_regret_vs_p3_star_cluster_p,d_regret_vs_p3_star_cluster_p_sign,d_regret_vs_p3_star_cluster_boot_t_lo,d_regret_vs_p3_star_cluster_boot_t_hi,d_regret_vs_p3_star_cluster_pct_lo,d_regret_vs_p3_star_cluster_pct_hi,d_regret_vs_p3_star_cluster_min_env,d_regret_vs_p3_star_cluster_max_env,d_regret_vs_p3_star_cluster_degenerate,d_regret_vs_p3_star_cluster_method,d_regret_vs_p3_star_ref_tuned,d_regret_vs_p3_star_n_excluded_untuned
robust,posterior_mean_shrunk,family_horizon,A,50,,,all,,adaptive_K_star,baseline,False,6,6,3000,6,True,True,0.14486971362987727,0.14026813718179862,0.14949366406848033,0.0023863570915327124,0.5948517574065967,0.05746029165387154,0.08740942197600572,19.0,0.3541666666666667,6.571666666666665,5.978999999999999,0.08508693333333332,0.0,,,0.739721471036474,0.739721471036474,0.6822611793826024,0.0,-0.04377636493660005,-0.049348153542572014,-0.038188658322906126,0.0028573395317949054,0.5816666666666667,6,-0.0832105772437797,-0.0043421526294204135,0.01534057844823221,0.03567155397356119,0.03125,-0.17565209050045133,-0.016766872397640666,-0.07363265042371737,-0.019669124378541406,,,False,env_mean_t,True,0,-0.0011843252467612423,-0.004043799861149939,0.001729747732072913,0.0014624275741443248,0.5090000000000001,6,-0.004756541550098237,0.0023878910565757533,0.0013896528224913482,0.4329927478249562,0.46875,-0.005997826038613499,0.0016364159756378225,-0.003722928608457247,0.0010786766418876624,,,False,env_mean_t,True,0
robust,posterior_mean_shrunk,family_horizon,A,50,,,all,,always_search,baseline,False,6,6,3000,6,True,True,0.2690731163151892,0.2626289028674364,0.27538859931131204,0.0032059105818604433,0.4706483547212847,0.0,0.2690731163151892,50.0,1.0,1.0,50.0,0.020000000000000007,0.0,,,0.739721471036474,0.739721471036474,0.739721471036474,0.0,0.08042703774871189,0.0729451904577824,0.08793413999956101,0.00384766336144326,0.3483333333333334,6,0.019886270988153827,0.14096780450926996,0.02355138666323454,0.018941284380051916,0.03125,0.02418467276893091,0.14977165815276863,0.04078209548422213,0.12339681044345101,,,False,env_mean_t,True,0,0.12301907743855069,0.11561446747121712,0.13024202122663459,0.003742801061278309,0.28350000000000003,6,0.05267250779851511,0.19336564707858628,0.027366010552479527,0.006427172210485097,0.03125,0.07096776570872104,0.20008902247577692,0.07797525605931878,0.17578739304219682,,,False,env_mean_t,True,0
robust,posterior_mean_shrunk,family_horizon,A,50,,,all,,cp0,reference,False,6,6,3000,6,True,True,0.1886460785664773,0.18370433418701093,0.1936318746457497,0.0025565895430819294,0.5510753924699966,0.15367333170895775,0.034972746857519575,6.0,0.08333333333333331,13.179333333333332,0.16433333333333333,0.21497946666666667,0.049666666666666665,,,0.739721471036474,0.739721471036474,0.5860481393275162,0.0,0.0,0.0,0.0,0.0,0.5,6,0.0,0.0,0.0,1.0,1.0,0.0,0.0,0.0,0.0,,,False,env_mean_t,True,0,0.0425920396898388,0.036860052651415266,0.048192008282057934,0.0029181493035477304,0.42449999999999993,6,0.0010777218073815473,0.08410635757229606,0.016149774851334744,0.046125054014132326,0.03125,0.012413022263398622,0.16030637006309228,0.01694882936598151,0.07404736828532381,,,False,env_mean_t,True,0
robust,posterior_mean_shrunk,family_horizon,A,50,,,all,,fixed_K_star,baseline,False,6,6,3000,6,True,True,0.1472491133294243,0.14255874697118998,0.1519777737557888,0.002366362654617049,0.5924723577070496,0.042453670581181845,0.10479544274824244,24.0,0.4583333333333332,5.528333333333333,11.129333333333335,0.06766906666666667,0.0,,,0.739721471036474,0.739721471036474,0.697267800455292,0.0,-0.04139696523705303,-0.047383947303751485,-0.03540246573393233,0.003038681116229428,0.5743333333333334,6,-0.0838733065737731,0.0010793760996670246,0.016524018316734734,0.05414072130140546,0.03125,-0.1350746254931871,-0.00847633991342002,-0.07326029119953939,-0.014574316447008942,,,False,env_mean_t,True,0,0.0011950744527857752,-0.002239730702422093,0.004641541883086116,0.0017424482474555879,0.4963333333333333,6,-0.00231924637871662,0.004709395284288171,0.0013671305004893846,0.42203110314845294,0.34375,-0.0023584320145623103,0.004734004613031648,-0.0012780329919575403,0.0035781329094121857,,,False,env_mean_t,True,0
robust,posterior_mean_shrunk,family_horizon,A,50,,,all,,p3_star,reference,False,6,6,3000,6,True,True,0.1460540388766385,0.14142913489292067,0.15075837988406418,0.0023757017154663667,0.5936674321598353,0.05071812690794467,0.09533591196869383,21.0,0.3958333333333333,6.021000000000001,7.508666666666667,0.07582853333333334,0.0,,,0.739721471036474,0.739721471036474,0.6890033441285291,0.0,-0.0425920396898388,-0.04819200828205794,-0.036860052651415266,0.0029181493035477304,0.5755,6,-0.08410635757229606,-0.0010777218073815473,0.016149774851334744,0.046125054014132326,0.03125,-0.16030637006309228,-0.014248709825692586,-0.07378258669927405,-0.01694882936598151,,,False,env_mean_t,True,0,0.0,0.0,0.0,0.0,0.5,6,0.0,0.0,0.0,1.0,1.0,0.0,0.0,0.0,0.0,,,False,env_mean_t,True,0
robust,posterior_mean_shrunk,family_horizon,A,50,,,all,,phi_k16,learned,False,6,6,3000,6,True,True,0.14344738651281416,0.138899486977607,0.14810888279850284,0.002356996724871129,0.5962740845236597,0.032961986273527144,0.110485400239287,25.445333333333334,0.4884444444444444,6.069333333333333,16.240333333333336,0.07710213333333335,0.0,0.0,,0.739721471036474,0.739721471036474,0.7067594847629467,0.0,-0.04519869205366315,-0.05098532720003277,-0.03938442802367111,0.0029753403463369734,0.5788333333333334,6,-0.09094887308067946,0.0005514889733531647,0.017797597568291943,0.05191939965129168,0.03125,-0.19930425554497425,-0.013166308217103774,-0.0798787313894815,-0.017877943674160634,,,False,env_mean_t,True,0,-0.002606652363824348,-0.0065264368623199195,0.0012927130010211838,0.001994048535899039,0.49950000000000006,6,-0.00905385662898478,0.0038405519013360845,0.0025080719764615116,0.3462861561358449,0.34375,-0.01040634228300786,0.0037604193195404927,-0.007213205127045513,0.0018236755384132264,,,False,env_mean_t,True,0
robust,posterior_mean_shrunk,family_horizon,A,50,,,all,,phi_k16_quality,learned,False,6,6,3000,6,True,True,0.14337633731526633,0.13884452578301232,0.14803289097423356,0.002353172055441093,0.5963451337212076,0.03401271033287048,0.10936362698239586,24.949333333333332,0.478111111111111,6.110333333333333,15.460666666666667,0.0779584,0.0,0.0,,0.739721471036474,0.739721471036474,0.7057087607036033,0.0,-0.04526974125121099,-0.05105546268168837,-0.039489358589829264,0.0029734076902577043,0.5785,6,-0.09057153897023176,3.2056467809772615e-05,0.017623168844887946,0.05011050209680211,0.03125,-0.21525360359392345,-0.013825068450664932,-0.07957375504937954,-0.018409473907202486,,,False,env_mean_t,True,0,-0.0026777015613721838,-0.006581433933752123,0.001220483502644733,0.001990058229460012,0.4998333333333333,6,-0.008604401703640449,0.003248998580896081,0.002305587030961489,0.2979058718732373,0.34375,-0.01135547452430116,0.0028307314202228617,-0.006764598022493736,0.0012590352992216747,,,False,env_mean_t,True,0
robust,posterior_mean_shrunk,family_horizon,A,50,,,all,,phi_k4,learned,False,6,6,3000,6,True,True,0.13721640334834226,0.1326294563089808,0.14179905926187833,0.0022964290286073335,0.6025050676881315,0.035598212401072186,0.10161819094727009,24.270666666666667,0.46397222222222223,6.501666666666666,15.400333333333334,0.08408453333333334,0.0,0.0,,0.739721471036474,0.739721471036474,0.7041232586354017,0.0,-0.05142967521813504,-0.05745986414064343,-0.045563893693421655,0.003035953426300668,0.5943333333333334,6,-0.10289094288403272,3.15924477626503e-05,0.020019307283854322,0.05009585252305497,0.03125,-0.18921181591091796,-0.015202468444831176,-0.09053510482107717,-0.020500855370143352,,,False,env_mean_t,True,0,-0.008837635528296231,-0.012995553047706682,-0.004789177906301727,0.0021383470158282364,0.515,6,-0.020657443654645988,0.002982172598053527,0.004598106141765339,0.11263709315402956,0.09375,-0.024464542705019937,-0.0003716386087457887,-0.0177873841872749,-0.00118698207102716,,,False,env_mean_t,True,0
robust,posterior_mean_shrunk,family_horizon,A,50,,,all,,refine_after_init,baseline,False,6,6,3000,6,True,True,0.1720551909780479,0.16721054688096046,0.17693854455525676,0.0024683845969341125,0.5676662800584261,0.12686334946379066,0.04519184151425725,8.0,0.125,11.537333333333335,0.6393333333333334,0.17985120000000002,0.004666666666666667,,,0.739721471036474,0.739721471036474,0.6128581215726833,0.0,-0.01659088758842942,-0.02006520805589389,-0.013159796735756877,0.0017778498676932796,0.5355,6,-0.026984096335981773,-0.006197678840877064,0.00404313475006706,0.00932313165646213,0.03125,-0.030799529628363565,-0.0074558210984318266,-0.023896562455765283,-0.009846861420820157,,,False,env_mean_t,True,0,0.02600115210140939,0.020448345841236917,0.031414513461641036,0.0028079720120561657,0.46199999999999997,6,-0.007866244308632631,0.05986854851145142,0.01317499250190515,0.10544778821414096,0.0625,0.0034990826635534072,0.12394869641093702,0.006752967128559249,0.05259516768807467,,,False,env_mean_t,True,0
robust,posterior_mean_shrunk,family_horizon,A,100,,,all,,adaptive_K_star,baseline,False,6,6,3000,6,True,True,0.1354843316671128,0.13111500977538526,0.13984082867391406,0.0022138168748365174,0.6397430071684843,0.05931166542073091,0.0761726662463819,32.0,0.3061224489795919,10.751333333333335,9.041666666666666,0.060572933333333336,0.0,,,0.775227338835597,0.7545453366239866,0.7159156734148661,0.0,-0.04122064107656479,-0.04642212791756416,-0.035990195550645386,0.0026855243202136268,0.5905,6,-0.08063401142309398,-0.001807270730035608,0.015332470571501142,0.043378850353644555,0.03125,-0.11331837767735084,-0.013455249768899516,-0.07251176484922568,-0.01839391088982423,,,False,env_mean_t,True,0,-4.34797924632827e-05,-0.0027015381839494996,0.002565147902350872,0.001335394173595645,0.5008333333333334,6,-0.0035753059576520145,0.003488346372725449,0.0013739403726528213,0.9759787028487636,1.0,-0.006540935991709581,0.003094775488379097,-0.002479171380400658,0.002339969820762053,,,False,env_mean_t,True,0
robust,posterior_mean_shrunk,family_horizon,A,100,,,all,,always_search,baseline,False,6,6,3000,6,True,True,0.14259417540517946,0.13814666923135518,0.14710150441775718,0.002264823925943483,0.6326331634304175,0.020682002211610474,0.12191217319356899,64.0,0.6326530612244898,6.602333333333333,47.77033333333333,0.0284692,0.0,,64.0,0.775227338835597,0.7545453366239866,0.7545453366239866,1.0,-0.03411079733849814,-0.040068790004091664,-0.028184297880216036,0.0030064412504562286,0.5535,6,-0.0932674933625531,0.025045898685556837,0.023012959635813925,0.19837482413845592,0.15625,-0.12769744583768997,0.00289893198207479,-0.07932919017349677,-0.0006446892510478692,,,False,env_mean_t,True,0,0.0070663639456033725,0.002078142738961712,0.012091758801640632,0.0025581311674817064,0.4663333333333333,6,-0.016039990727817633,0.030172718619024378,0.008988764470788118,0.4673926725696486,0.5,-0.03413415882117,0.02496856029630145,-0.01026636356860399,0.021733895897865296,,,False,env_mean_t,True,0
robust,posterior_mean_shrunk,family_horizon,A,100,,,all,,cp0,reference,False,6,6,3000,6,True,True,0.1767049727436776,0.17204796870549519,0.1813966566696763,0.0023587381120933446,0.5985223660919194,0.14850766115635636,0.028197311587321267,8.999666666666666,0.07142517006802718,23.148666666666667,0.26633333333333337,0.17094153333333337,0.19566666666666666,,,0.775227338835597,0.7545453366239866,0.6267196776792406,0.0,0.0,0.0,0.0,0.0,0.5,6,0.0,0.0,0.0,1.0,1.0,0.0,0.0,0.0,0.0,,,False,env_mean_t,True,0,0.04117716128410151,0.035752526756065585,0.04654595266717176,0.002764211221615067,0.4116666666666667,6,0.002017751004381986,0.08033657156382104,0.015233675791545501,0.04262920603007159,0.03125,0.014031224218796788,0.10573388811674427,0.018551813238416825,0.07141082257032395,,,False,env_mean_t,True,0
robust,posterior_mean_shrunk,family_horizon,A,100,,,all,,fixed_K_star,baseline,False,6,6,3000,6,True,True,0.13514769447284442,0.13073792643845084,0.13954989076592028,0.002215889937174247,0.6400796443627527,0.0518359507570664,0.08331174371577799,36.0,0.3469387755102042,9.991999999999999,11.782666666666666,0.054253133333333335,0.0,,,0.775227338835597,0.7545453366239866,0.7233913880785305,0.0,-0.04155727827083319,-0.04698764058994129,-0.03609418005216867,0.0027838141430292125,0.5888333333333334,6,-0.08021131399935659,-0.0029032425423097946,0.015037076506438117,0.03966245099183396,0.03125,-0.1023936824212123,-0.013948707999353629,-0.07209030473728975,-0.01862593228152643,,,False,env_mean_t,True,0,-0.00038011698673168817,-0.0016053474040139306,0.0008665003394222973,0.0006314930822191384,0.5016666666666666,6,-0.0015440246284984418,0.0007837906550350656,0.0004527798437036117,0.43946172790199284,0.3125,-0.0016868474615164063,0.0007331087792278787,-0.0011524947732686997,0.000422628420032558,,,False,env_mean_t,True,0
robust,posterior_mean_shrunk,family_horizon,A,100,,,all,,p3_star,reference,False,6,6,3000,6,True,True,0.1355278114595761,0.13110907219039897,0.13992351194222769,0.0022097687614090326,0.6396995273760209,0.0518359507570664,0.08369186070250968,36.0,0.3469387755102042,9.721,11.587333333333333,0.05292933333333333,0.0,,,0.775227338835597,0.7545453366239866,0.7233913880785305,0.0,-0.04117716128410151,-0.04654595266717176,-0.035752526756065585,0.002764211221615067,0.5883333333333334,6,-0.08033657156382104,-0.002017751004381986,0.015233675791545501,0.04262920603007159,0.03125,-0.10573388811674427,-0.014031224218796788,-0.07197482067346574,-0.018689222149861354,,,False,env_mean_t,True,0,0.0,0.0,0.0,0.0,0.5,6,0.0,0.0,0.0,1.0,1.0,0.0,0.0,0.0,0.0,,,False,env_mean_t,True,0
robust,posterior_mean_shrunk,family_horizon,A,100,,,all,,phi_k16,learned,False,6,6,3000,6,True,True,0.12892796351450184,0.12472803344329197,0.13309662307923037,0.002160635689784049,0.6462993753210952,0.04343963282803694,0.08548833068646493,37.080000000000005,0.3579591836734694,11.810333333333332,17.107000000000003,0.073535,0.0,1.9346666666666668,88.30310118731171,0.775227338835597,0.7545453366239866,0.7317877060075602,0.21133333333333335,-0.04777700922917574,-0.05322711054080476,-0.04223487444008545,0.0028243732587774485,0.601,6,-0.09523456508282194,-0.0003194533755295492,0.018461795378671025,0.04896207472832196,0.03125,-0.13899356131879687,-0.01765489608836814,-0.08524789160614211,-0.021631050656526356,,,False,env_mean_t,True,0,-0.00659984794507424,-0.010683599753247107,-0.002503974821593148,0.002081189232499037,0.5163333333333333,6,-0.016600573337621945,0.0034008774474734663,0.003890452057937364,0.15056974012205843,0.125,-0.024657443928639854,-0.0002527808050562597,-0.014105203424890836,-0.0006908073065181574,,,False,env_mean_t,True,0
robust,posterior_mean_shrunk,family_horizon,A,100,,,all,,phi_k16_quality,learned,False,6,6,3000,6,True,True,0.12774942076392473,0.12350676187003652,0.13192950203083453,0.002152971246262311,0.6474779180716724,0.04398987541099389,0.0837595453529308,36.52133333333333,0.35225850340136056,12.145666666666665,16.992,0.07625546666666667,0.0,2.4933333333333327,88.53549353416452,0.775227338835597,0.7545453366239866,0.7312374634246032,0.25233333333333335,-0.048955551979752876,-0.054531208685754486,-0.043333141998543094,0.002835667782553285,0.6006666666666668,6,-0.09668891333748134,-0.0012221906220244091,0.0185690884048096,0.04617586580253602,0.03125,-0.1488620796385558,-0.01844805813346741,-0.08687898163621623,-0.022793935586737188,,,False,env_mean_t,True,0,-0.007778390695651372,-0.011922135765780693,-0.003629184264718791,0.0021256228407256265,0.5198333333333333,6,-0.01823274741551152,0.0026759660242087783,0.004066922350002644,0.11400561035251648,0.09375,-0.023949423202485495,-0.001045940522478814,-0.015834591018656887,-0.0016899230505029357,,,False,env_mean_t,True,0
robust,posterior_mean_shrunk,family_horizon,A,100,,,all,,phi_k4,learned,False,6,6,3000,6,True,True,0.12576027934936182,0.1216445981990546,0.12995182783342896,0.002132680224818832,0.6494670594862352,0.030982676749428114,0.09477760259993374,45.67066666666667,0.4456190476190476,9.791666666666666,28.19666666666667,0.05470200000000001,0.0,7.029333333333334,82.07931647776809,0.775227338835597,0.7545453366239866,0.744244662086169,0.336,-0.05094469339431574,-0.05659270410348351,-0.04525385251812017,0.002897673097818163,0.6075,6,-0.10135623707761902,-0.0005331497110124539,0.01961094682318276,0.04837987677791419,0.03125,-0.14449537723445105,-0.017988080301138777,-0.09118959929173191,-0.023340381705823043,,,False,env_mean_t,True,0,-0.009767532110214234,-0.014031773658765208,-0.005412994117553657,0.002219711858139935,0.5228333333333334,6,-0.02171794913613034,0.0021828849157018715,0.0046489152223227834,0.08963548641981214,0.03125,-0.06846981715139512,-0.002203479399218851,-0.01937886482849717,-0.003752534488836924,,,False,env_mean_t,True,0
robust,posterior_mean_shrunk,family_horizon,A,100,,,all,,refine_after_init,baseline,False,6,6,3000,6,True,True,0.1856352071609969,0.18084922802324097,0.19052070875962576,0.0024377357001802613,0.5895921316746001,0.15951830131063857,0.026116905850358307,8.0,0.06122448979591836,26.138,0.3423333333333334,0.20159460000000004,0.103,,,0.775227338835597,0.7545453366239866,0.6157090375249584,0.0,0.008930234417319298,0.006808186522782004,0.011144821130437776,0.001107844816059587,0.47533333333333333,6,0.0045838460790433065,0.01327662275559529,0.0016908188947814993,0.003240670642808548,0.03125,0.005103154019785276,0.013939125852658912,0.0060907063161333395,0.011925196617841721,,,False,env_mean_t,True,0,0.05010739570142081,0.04463615080846163,0.05565675406251103,0.0028492242670862915,0.3865,6,0.009365256000855138,0.09084953540198648,0.015849384421749203,0.02505366284881911,0.03125,0.02089627707498979,0.11181038861193662,0.025127373859286307,0.08128002656499546,,,False,env_mean_t,True,0
robust,posterior_mean_shrunk,family_horizon,A,200,,,all,,adaptive_K_star,baseline,False,6,6,3000,6,True,True,0.11728187123561899,0.11371121628520389,0.12081555508387586,0.001806117448226876,0.6822112991648416,0.054578113461534176,0.06270375777408481,54.0,0.2626262626262626,17.848,13.514666666666665,0.043633783333333336,0.01,,,0.7994931704004608,0.7520824099332093,0.7449150569389263,0.0,-0.045162681306401886,-0.049658367204635095,-0.04068000970291905,0.002295631300913929,0.623,6,-0.08909846411765754,-0.0012268984951462336,0.017091765841557,0.04584552522458334,0.03125,-0.14216105478433416,-0.018341113721890106,-0.07866111320679385,-0.02078296119471391,,,False,env_mean_t,True,0,-0.0019417619965970518,-0.00453460941632026,0.0006246194320434968,0.0013191721424634208,0.5031666666666667,6,-0.0055526419166314345,0.001669117923437331,0.0014046936261574243,0.22542850250331162,0.28125,-0.011474826600021169,0.0005832056674638477,-0.004733334726343553,0.00021202976504961648,,,False,env_mean_t,True,0
robust,posterior_mean_shrunk,family_horizon,A,200,,,all,,always_search,baseline,False,6,6,3000,6,True,True,0.11922363323221603,0.11559057882986963,0.12294077818126728,0.0018969076149503404,0.6802695371682446,0.047410760467251144,0.07181287276496488,64.0,0.31313131313131315,15.678000000000003,19.272000000000002,0.03661593333333333,0.001,,64.0,0.7994931704004608,0.7520824099332093,0.7520824099332093,1.0,-0.04322091930980484,-0.04789432123185785,-0.03855008783090549,0.0023980150319922087,0.6098333333333332,6,-0.0877023789285372,0.0012605403089275269,0.017304043388963554,0.05464127803431163,0.03125,-0.11848433561555693,-0.014565219677815381,-0.07823632657403747,-0.01790154038866361,,,False,env_mean_t,True,0,0.0,0.0,0.0,0.0,0.5,6,0.0,0.0,0.0,1.0,1.0,0.0,0.0,0.0,0.0,,,False,env_mean_t,True,0
robust,posterior_mean_shrunk,family_horizon,A,200,,,all,,cp0,reference,False,6,6,3000,6,True,True,0.16244455254202086,0.15848951910932857,0.16653284560889006,0.0020176000417730356,0.6370486178584396,0.13924209773043789,0.02320245481158296,13.981,0.060510101010100986,40.71333333333333,0.5396666666666666,0.1389119,0.6153333333333334,,,0.7994931704004608,0.7520824099332093,0.6602510726700227,0.0,0.0,0.0,0.0,0.0,0.5,6,0.0,0.0,0.0,1.0,1.0,0.0,0.0,0.0,0.0,,,False,env_mean_t,True,0,0.04322091930980484,0.03855008783090549,0.04789432123185785,0.0023980150319922087,0.3901666666666667,6,-0.0012605403089275269,0.0877023789285372,0.017304043388963554,0.05464127803431163,0.03125,0.014565219677815381,0.11651894531821796,0.01879826848581433,0.07823632657403747,,,False,env_mean_t,True,0
robust,posterior_mean_shrunk,family_horizon,A,200,,,all,,fixed_K_star,baseline,False,6,6,3000,6,True,True,0.11922363323221603,0.11559057882986963,0.12294077818126728,0.0018969076149503404,0.6802695371682446,0.047410760467251144,0.07181287276496488,64.0,0.31313131313131315,15.678000000000003,19.272000000000002,0.03661593333333333,0.001,,64.0,0.7994931704004608,0.7520824099332093,0.7520824099332093,1.0,-0.04322091930980484,-0.04789432123185785,-0.03855008783090549,0.0023980150319922087,0.6098333333333332,6,-0.0877023789285372,0.0012605403089275269,0.017304043388963554,0.05464127803431163,0.03125,-0.11661721483308349,-0.01586042204247573,-0.07735022755035502,-0.01790154038866361,,,False,env_mean_t,True,0,0.0,0.0,0.0,0.0,0.5,6,0.0,0.0,0.0,1.0,1.0,0.0,0.0,0.0,0.0,,,False,env_mean_t,True,0
robust,posterior_mean_shrunk,family_horizon,A,200,,,all,,p3_star,reference,False,6,6,3000,6,True,True,0.11922363323221603,0.11559057882986963,0.12294077818126728,0.0018969076149503404,0.6802695371682446,0.047410760467251144,0.07181287276496488,64.0,0.31313131313131315,15.678000000000003,19.272000000000002,0.03661593333333333,0.001,,70.0,0.7994931704004608,0.7520824099332093,0.7520824099332093,1.0,-0.04322091930980484,-0.04789432123185785,-0.03855008783090549,0.0023980150319922087,0.6098333333333332,6,-0.0877023789285372,0.0012605403089275269,0.017304043388963554,0.05464127803431163,0.03125,-0.11848433561555693,-0.014565219677815381,-0.07823632657403747,-0.018409811285634837,,,False,env_mean_t,True,0,0.0,0.0,0.0,0.0,0.5,6,0.0,0.0,0.0,1.0,1.0,0.0,0.0,0.0,0.0,,,False,env_mean_t,True,0
robust,posterior_mean_shrunk,family_horizon,A,200,,,all,,phi_k16,learned,False,6,6,3000,6,True,True,0.12041283347457647,0.11673421792996427,0.12407431215979159,0.0018846643775362066,0.6790803369258841,0.05752092965940634,0.06289190381517012,47.18800000000001,0.22822222222222224,22.84566666666667,5.457333333333334,0.06733366666666667,0.0016666666666666668,37.01733333333333,103.08216630118122,0.7994931704004608,0.7520824099332093,0.7419722407410543,0.48166666666666663,-0.042031719067444406,-0.0465211443506026,-0.03757973048341228,0.0023062330267959235,0.605,6,-0.08700276678521124,0.002939328650322433,0.017494501476018883,0.06142554342283148,0.03125,-0.1254479646726418,-0.014159687624814406,-0.07695996389786404,-0.017680454502503076,,,False,env_mean_t,True,0,0.0011892002423604332,-0.0007293577041612781,0.003094386206066701,0.0009785098290658251,0.49033333333333334,6,-0.005441448255389864,0.00781984874011073,0.002579434899067886,0.6641358212625615,0.625,-0.004726194332829933,0.012265449753213909,-0.003084602991739909,0.006225518186887105,,,False,env_mean_t,True,0
robust,posterior_mean_shrunk,family_horizon,A,200,,,all,,phi_k16_quality,learned,False,6,6,3000,6,True,True,0.12115556445966165,0.11745736352168024,0.12485109187352161,0.0018894291380346755,0.6783376059407988,0.05924885871509711,0.06190670574456453,45.34,0.2188888888888889,24.185666666666666,4.030666666666666,0.07379340000000001,0.05866666666666667,38.099999999999994,94.27083448072963,0.7994931704004608,0.7520824099332093,0.7402443116853634,0.482,-0.04128898808235923,-0.04585459744557738,-0.03678225751015513,0.0023108646225943907,0.6006666666666667,6,-0.0861263965290478,0.003548420364329334,0.01744251352946701,0.06417938632173809,0.03125,-0.12932894582640136,-0.012486733529764517,-0.07712419512619574,-0.017596800037970147,,,False,env_mean_t,True,0,0.0019319312274456025,2.1319261960192132e-05,0.003868343144586106,0.0009805386355228724,0.4843333333333333,6,-0.00465857879184713,0.008522441246738335,0.0025638203491239317,0.48507723684498777,0.625,-0.0023861844156404547,0.01702332007675359,-0.001781214525302251,0.006881579736868541,,,False,env_mean_t,True,0
robust,posterior_mean_shrunk,family_horizon,A,200,,,all,,phi_k4,learned,False,6,6,3000,6,True,True,0.11845146531114976,0.1147942258277908,0.1221550904524823,0.0018909243347923356,0.6810417050893108,0.04778982190787792,0.07066164340327183,62.48466666666667,0.3054781144781145,15.885666666666665,17.583333333333332,0.03755166666666667,0.001,76.90866666666666,74.01432303653803,0.7994931704004608,0.7520824099332093,0.7517033484925827,0.8043333333333335,-0.04399308723087112,-0.048653503914829345,-0.03937498423814153,0.0023905723520829263,0.6143333333333333,6,-0.08766101783225776,-0.0003251566294844854,0.016987566781968333,0.04885325637774122,0.03125,-0.12341369857423515,-0.016837912779236627,-0.0781162214477857,-0.02020913405219714,,,False,env_mean_t,True,0,-0.0007721679210662843,-0.0014652756480472815,-0.00010465545155966575,0.0003494789502240801,0.5025000000000001,6,-0.002743378204755421,0.0011990423626228523,0.0007668342848930109,0.3601721669276799,0.5,-0.13291626792630334,0.00037316801789770556,-0.002307593663533529,0.0,,,False,env_mean_t,True,0
robust,posterior_mean_shrunk,family_horizon,A,200,,,all,,refine_after_init,baseline,False,6,6,3000,6,True,True,0.19481356518343093,0.19047504182284078,0.19902975196018816,0.002179261940121547,0.6046796052170297,0.18191499076286952,0.012898574420561394,8.0,0.030303030303030293,61.211000000000006,0.18699999999999997,0.2380042,0.49466666666666664,,,0.7994931704004608,0.7520824099332093,0.6175781796375911,0.0,0.03236901264141004,0.029124783782754092,0.03561589007343476,0.0016699317930518366,0.4081666666666666,6,0.015196424306859684,0.049541600975960394,0.006680428569316292,0.004692904852894354,0.03125,0.020772356322840156,0.05542978428856695,0.02190892234444618,0.044868465743958946,,,False,env_mean_t,True,0,0.07558993195121487,0.07042296684812754,0.08070045791876813,0.0026052262607848837,0.32,6,0.014232401009831148,0.1369474628925986,0.023869121803778502,0.02490281297544372,0.03125,0.037312514033187985,0.17100977660934708,0.04047969176247716,0.12243556328862908,,,False,env_mean_t,True,0
robust,posterior_mean_shrunk,family_horizon,A,500,,,all,,adaptive_K_star,baseline,False,6,6,3000,6,True,True,0.10538639209419491,0.10228949682010958,0.10846374716299276,0.0015848445459125749,0.7276911682610709,0.0794196503063043,0.02596674178789059,64.0,0.12449799196787148,58.99733333333333,8.608333333333334,0.058007064,0.7920000000000001,,64.0,0.833077560355266,0.7536579100489615,0.7536579100489615,1.0,-0.046732288944224515,-0.05027208186220378,-0.04311501393870761,0.0017967674084591208,0.6663333333333333,6,-0.0815390587520448,-0.01192551913640423,0.013540424710580869,0.01821179209735941,0.03125,-0.10574316812481313,-0.020631377577341327,-0.07340106430401404,-0.02566500132034222,,,False,env_mean_t,True,0,0.0,0.0,0.0,0.0,0.5,6,0.0,0.0,0.0,1.0,1.0,0.0,0.0,0.0,0.0,,,False,env_mean_t,True,0
robust,posterior_mean_shrunk,family_horizon,A,500,,,all,,always_search,baseline,False,6,6,3000,6,True,True,0.10538639209419491,0.10228949682010958,0.10846374716299276,0.0015848445459125749,0.7276911682610709,0.0794196503063043,0.02596674178789059,64.0,0.12449799196787148,58.99733333333333,8.608333333333334,0.058007064,0.7920000000000001,,64.0,0.833077560355266,0.7536579100489615,0.7536579100489615,1.0,-0.046732288944224515,-0.05027208186220378,-0.04311501393870761,0.0017967674084591208,0.6663333333333333,6,-0.0815390587520448,-0.01192551913640423,0.013540424710580869,0.01821179209735941,0.03125,-0.10574316812481313,-0.0215725260797357,-0.07164221144715945,-0.025573666622241406,,,False,env_mean_t,True,0,0.0,0.0,0.0,0.0,0.5,6,0.0,0.0,0.0,1.0,1.0,0.0,0.0,0.0,0.0,,,False,env_mean_t,True,0
robust,posterior_mean_shrunk,family_horizon,A,500,,,all,,cp0,reference,False,6,6,3000,6,True,True,0.15211868103841938,0.1485696164270242,0.15555523480288685,0.0017888332407379355,0.6809588793168465,0.13933848518629868,0.012780195852120717,21.826333333333334,0.03981191432396252,105.63866666666667,0.879,0.13668761066666668,2.7740000000000005,,,0.833077560355266,0.7536579100489615,0.6937390751689673,0.0,0.0,0.0,0.0,0.0,0.5,6,0.0,0.0,0.0,1.0,1.0,0.0,0.0,0.0,0.0,,,False,env_mean_t,True,0,0.046732288944224515,0.04311501393870761,0.05027208186220378,0.0017967674084591208,0.3336666666666666,6,0.01192551913640423,0.0815390587520448,0.013540424710580869,0.01821179209735941,0.03125,0.020206820180224634,0.10574316812481313,0.025665001320342218,0.07349556139856576,,,False,env_mean_t,True,0
robust,posterior_mean_shrunk,family_horizon,A,500,,,all,,fixed_K_star,baseline,False,6,6,3000,6,True,True,0.10538639209419491,0.10228949682010958,0.10846374716299276,0.0015848445459125749,0.7276911682610709,0.0794196503063043,0.02596674178789059,64.0,0.12449799196787148,58.99733333333333,8.608333333333334,0.058007064,0.7920000000000001,,64.0,0.833077560355266,0.7536579100489615,0.7536579100489615,1.0,-0.046732288944224515,-0.05027208186220378,-0.04311501393870761,0.0017967674084591208,0.6663333333333333,6,-0.0815390587520448,-0.01192551913640423,0.013540424710580869,0.01821179209735941,0.03125,-0.10670205251888012,-0.0205233936669058,-0.07328132784863313,-0.025665001320342218,,,False,env_mean_t,True,0,0.0,0.0,0.0,0.0,0.5,6,0.0,0.0,0.0,1.0,1.0,0.0,0.0,0.0,0.0,,,False,env_mean_t,True,0
robust,posterior_mean_shrunk,family_horizon,A,500,,,all,,p3_star,reference,False,6,6,3000,6,True,True,0.10538639209419491,0.10228949682010958,0.10846374716299276,0.0015848445459125749,0.7276911682610709,0.0794196503063043,0.02596674178789059,64.0,0.12449799196787148,58.99733333333333,8.608333333333334,0.058007064,0.7920000000000001,,68.0,0.833077560355266,0.7536579100489615,0.7536579100489615,1.0,-0.046732288944224515,-0.05027208186220378,-0.04311501393870761,0.0017967674084591208,0.6663333333333333,6,-0.0815390587520448,-0.01192551913640423,0.013540424710580869,0.01821179209735941,0.03125,-0.10574316812481312,-0.0207725462514846,-0.07340106430401404,-0.025665001320342218,,,False,env_mean_t,True,0,0.0,0.0,0.0,0.0,0.5,6,0.0,0.0,0.0,1.0,1.0,0.0,0.0,0.0,0.0,,,False,env_mean_t,True,0
robust,posterior_mean_shrunk,family_horizon,A,500,,,all,,phi_k16,learned,False,6,6,3000,6,True,True,0.10621048217763503,0.10306487383010486,0.10923765101470054,0.0015869754006667131,0.726867078177631,0.08085210517048835,0.025358377007146674,59.590666666666664,0.11564390896921017,63.501,7.0296666666666665,0.06551436533333332,0.8266666666666668,236.90466666666669,92.44358371040722,0.833077560355266,0.7536579100489615,0.7522254551847776,0.7806666666666667,-0.04590819886078437,-0.0494523528808107,-0.04230385753326118,0.0017856746664421175,0.6618333333333334,6,-0.08160772410451,-0.010208673617058739,0.013887721740198429,0.02134189985479792,0.03125,-0.10298857019905673,-0.01970174546318468,-0.07141987863679726,-0.024038595279057818,,,False,env_mean_t,True,0,0.000824090083440145,0.00036543676687870183,0.0012977331515382198,0.00023812337202609894,0.49166666666666664,6,-0.0007376238033228824,0.0023858039702031723,0.000607533230458872,0.2329878234180439,0.5,-0.00016603988798169662,0.002594507179009815,0.0,0.0020511831442515055,,,False,env_mean_t,True,0
robust,posterior_mean_shrunk,family_horizon,A,500,,,all,,phi_k16_quality,learned,False,6,6,3000,6,True,True,0.10678645288695891,0.10366018216591327,0.1098279846444105,0.0015902620779003548,0.726291107468307,0.08146305963397026,0.025323393252988657,58.33533333333333,0.11312315930388218,64.96300000000001,6.44,0.06838901333333335,0.8730000000000001,230.264,87.74858362989323,0.833077560355266,0.7536579100489615,0.7516145007212955,0.7736666666666667,-0.045332228151460485,-0.04886986736285811,-0.041752692494386186,0.0017832643835427122,0.6565,6,-0.08169949162052995,-0.008964964682391018,0.01414748325258714,0.0238812408989179,0.03125,-0.10083538877933215,-0.01824045503528209,-0.07242189681281647,-0.02288324906180302,,,False,env_mean_t,True,0,0.0014000607927640279,0.0008567265538052503,0.0019382325874175875,0.0002738798333479845,0.48666666666666664,6,-0.0013193111950472011,0.0041194327805752565,0.0010578818966633222,0.24296701559465914,0.5,-0.0003117677045967296,0.004879912285957072,0.0,0.003547389964262644,,,False,env_mean_t,True,0
robust,posterior_mean_shrunk,family_horizon,A,500,,,all,,phi_k4,learned,False,6,6,3000,6,True,True,0.10538639209419491,0.10228949682010958,0.10846374716299276,0.0015848445459125749,0.7276911682610709,0.0794196503063043,0.02596674178789059,64.0,0.12449799196787148,58.99733333333333,8.608333333333334,0.058007064,0.7920000000000001,425.17800000000005,66.12133333333333,0.833077560355266,0.7536579100489615,0.7536579100489615,1.0,-0.046732288944224515,-0.05027208186220378,-0.04311501393870761,0.0017967674084591208,0.6663333333333333,6,-0.0815390587520448,-0.01192551913640423,0.013540424710580869,0.01821179209735941,0.03125,-0.10525911282376606,-0.0207725462514846,-0.07328132784863313,-0.025665001320342218,,,False,env_mean_t,True,0,0.0,0.0,0.0,0.0,0.5,6,0.0,0.0,0.0,1.0,1.0,0.0,0.0,0.0,0.0,,,False,env_mean_t,True,0
robust,posterior_mean_shrunk,family_horizon,A,500,,,all,,refine_after_init,baseline,False,6,6,3000,6,True,True,0.22451169107978544,0.2203353120945394,0.22861062465235593,0.002099523667549947,0.6085658692754805,0.21946128084386388,0.005050410235921542,8.0,0.01204819277108434,189.37133333333335,0.06933333333333333,0.303605144,1.4420000000000002,,,0.833077560355266,0.7536579100489615,0.6136162795114021,0.0,0.07239301004136602,0.06853649190161377,0.07632483329313497,0.0020007705439004943,0.2765,6,0.033229402715583896,0.11155661736714814,0.015235308513758197,0.005097003100415063,0.03125,0.045356671792076614,0.12662719058123922,0.04815995414058368,0.10266064393147824,,,False,env_mean_t,True,0,0.11912529898559054,0.11455280566588044,0.12371961449583371,0.0023478096895097117,0.18299999999999997,6,0.04564288747654706,0.19260771049463404,0.02858590630741536,0.00876213360597446,0.03125,0.06686761767875823,0.23330479881088995,0.07465840928380686,0.17416551299269,,,False,env_mean_t,True,0
robust,posterior_mean_shrunk,family_horizon,A,1000,,,all,,adaptive_K_star,baseline,False,6,6,3000,6,True,True,0.10926625424623489,0.10642482019029557,0.11205504739967485,0.0014376622488973948,0.7418942274351915,0.09832322536408901,0.01094302888214588,64.0,0.062124248496993974,173.11766666666665,8.047333333333333,0.095143822,5.987333333333333,,64.0,0.8511604816814264,0.7528372563173372,0.7528372563173372,1.0,-0.036898450555900734,-0.03957664989090214,-0.0341971908036309,0.0013791230009804719,0.6518333333333334,6,-0.06820502897631292,-0.005591872135488556,0.012178790803858083,0.029090409102535495,0.03125,-0.08412654616369009,-0.01392554137236111,-0.061484051130712036,-0.018565392466882866,,,False,env_mean_t,True,0,0.0,0.0,0.0,0.0,0.5,6,0.0,0.0,0.0,1.0,1.0,0.0,0.0,0.0,0.0,,,False,env_mean_t,True,0
robust,posterior_mean_shrunk,family_horizon,A,1000,,,all,,always_search,baseline,False,6,6,3000,6,True,True,0.10926625424623489,0.10642482019029557,0.11205504739967485,0.0014376622488973948,0.7418942274351915,0.09832322536408901,0.01094302888214588,64.0,0.062124248496993974,173.11766666666665,8.047333333333333,0.095143822,5.987333333333333,,64.0,0.8511604816814264,0.7528372563173372,0.7528372563173372,1.0,-0.036898450555900734,-0.03957664989090214,-0.0341971908036309,0.0013791230009804719,0.6518333333333334,6,-0.06820502897631292,-0.005591872135488556,0.012178790803858083,0.029090409102535495,0.03125,-0.08413656485824986,-0.013925541372361107,-0.06148405113071203,-0.018572828690210975,,,False,env_mean_t,True,0,0.0,0.0,0.0,0.0,0.5,6,0.0,0.0,0.0,1.0,1.0,0.0,0.0,0.0,0.0,,,False,env_mean_t,True,0
robust,posterior_mean_shrunk,family_horizon,A,1000,,,all,,cp0,reference,False,6,6,3000,6,True,True,0.14616470480213564,0.14303252942239245,0.14929169858805835,0.0015855166328838724,0.7049957768792908,0.1397037354161342,0.006460969386001428,30.365,0.028421843687374743,234.4053333333333,1.2593333333333334,0.1523722746666667,6.547666666666667,,,0.8511604816814264,0.7528372563173372,0.7114567462652922,0.0,0.0,0.0,0.0,0.0,0.5,6,0.0,0.0,0.0,1.0,1.0,0.0,0.0,0.0,0.0,,,False,env_mean_t,True,0,0.036898450555900734,0.0341971908036309,0.03957664989090214,0.0013791230009804719,0.3481666666666667,6,0.005591872135488556,0.06820502897631292,0.012178790803858083,0.029090409102535495,0.03125,0.014117713199001299,0.08413656485824986,0.01797201354553302,0.0608615077684323,,,False,env_mean_t,True,0
robust,posterior_mean_shrunk,family_horizon,A,1000,,,all,,fixed_K_star,baseline,False,6,6,3000,6,True,True,0.10926625424623489,0.10642482019029557,0.11205504739967485,0.0014376622488973948,0.7418942274351915,0.09832322536408901,0.01094302888214588,64.0,0.062124248496993974,173.11766666666665,8.047333333333333,0.095143822,5.987333333333333,,64.0,0.8511604816814264,0.7528372563173372,0.7528372563173372,1.0,-0.036898450555900734,-0.03957664989090214,-0.0341971908036309,0.0013791230009804719,0.6518333333333334,6,-0.06820502897631292,-0.005591872135488556,0.012178790803858083,0.029090409102535495,0.03125,-0.08412654616369009,-0.013925541372361107,-0.06148405113071203,-0.017972013545533023,,,False,env_mean_t,True,0,0.0,0.0,0.0,0.0,0.5,6,0.0,0.0,0.0,1.0,1.0,0.0,0.0,0.0,0.0,,,False,env_mean_t,True,0
robust,posterior_mean_shrunk,family_horizon,A,1000,,,all,,p3_star,reference,False,6,6,3000,6,True,True,0.10926625424623489,0.10642482019029557,0.11205504739967485,0.0014376622488973948,0.7418942274351915,0.09832322536408901,0.01094302888214588,64.0,0.062124248496993974,173.08899999999997,8.047333333333333,0.09509853800000001,5.995333333333334,,272.0,0.8511604816814264,0.7528372563173372,0.7528372563173372,1.0,-0.036898450555900734,-0.03957664989090214,-0.0341971908036309,0.0013791230009804719,0.6518333333333334,6,-0.06820502897631292,-0.005591872135488556,0.012178790803858083,0.029090409102535495,0.03125,-0.08431887619348108,-0.01392554137236111,-0.060295018564040334,-0.017957721551259357,,,False,env_mean_t,True,0,0.0,0.0,0.0,0.0,0.5,6,0.0,0.0,0.0,1.0,1.0,0.0,0.0,0.0,0.0,,,False,env_mean_t,True,0
robust,posterior_mean_shrunk,family_horizon,A,1000,,,all,,phi_k16,learned,False,6,6,3000,6,True,True,0.10926625424623489,0.10642482019029557,0.11205504739967485,0.0014376622488973948,0.7418942274351915,0.09832322536408901,0.01094302888214588,64.0,0.062124248496993974,173.11766666666665,8.047333333333333,0.095143822,5.987333333333333,788.7586666666666,72.80000000000001,0.8511604816814264,0.7528372563173372,0.7528372563173372,1.0,-0.036898450555900734,-0.03957664989090214,-0.0341971908036309,0.0013791230009804719,0.6518333333333334,6,-0.06820502897631292,-0.005591872135488556,0.012178790803858083,0.029090409102535495,0.03125,-0.08413656485824986,-0.014108104607669331,-0.061484051130712036,-0.01797201354553302,,,False,env_mean_t,True,0,0.0,0.0,0.0,0.0,0.5,6,0.0,0.0,0.0,1.0,1.0,0.0,0.0,0.0,0.0,,,False,env_mean_t,True,0
robust,posterior_mean_shrunk,family_horizon,A,1000,,,all,,phi_k16_quality,learned,False,6,6,3000,6,True,True,0.10926625424623489,0.10642482019029557,0.11205504739967485,0.0014376622488973948,0.7418942274351915,0.09832322536408901,0.01094302888214588,64.0,0.062124248496993974,173.11766666666665,8.047333333333333,0.095143822,5.987333333333333,777.9586666666668,72.08,0.8511604816814264,0.7528372563173372,0.7528372563173372,1.0,-0.036898450555900734,-0.03957664989090214,-0.0341971908036309,0.0013791230009804719,0.6518333333333334,6,-0.06820502897631292,-0.005591872135488556,0.012178790803858083,0.029090409102535495,0.03125,-0.08413656485824986,-0.013925541372361107,-0.061484051130712036,-0.017979449768861133,,,False,env_mean_t,True,0,0.0,0.0,0.0,0.0,0.5,6,0.0,0.0,0.0,1.0,1.0,0.0,0.0,0.0,0.0,,,False,env_mean_t,True,0
robust,posterior_mean_shrunk,family_horizon,A,1000,,,all,,phi_k4,learned,False,6,6,3000,6,True,True,0.10926625424623489,0.10642482019029557,0.11205504739967485,0.0014376622488973948,0.7418942274351915,0.09832322536408901,0.01094302888214588,64.0,0.062124248496993974,173.11766666666665,8.047333333333333,0.095143822,5.987333333333333,927.096,66.916,0.8511604816814264,0.7528372563173372,0.7528372563173372,1.0,-0.036898450555900734,-0.03957664989090214,-0.0341971908036309,0.0013791230009804719,0.6518333333333334,6,-0.06820502897631292,-0.005591872135488556,0.012178790803858083,0.029090409102535495,0.03125,-0.08413656485824986,-0.01345375748066198,-0.061484051130712036,-0.017979449768861136,,,False,env_mean_t,True,0,0.0,0.0,0.0,0.0,0.5,6,0.0,0.0,0.0,1.0,1.0,0.0,0.0,0.0,0.0,,,False,env_mean_t,True,0
robust,posterior_mean_shrunk,family_horizon,A,1000,,,all,,refine_after_init,baseline,False,6,6,3000,6,True,True,0.2427553998393317,0.2388017646037042,0.24683940128112833,0.0020597649440742168,0.6084050818420946,0.24045106970270472,0.002304330136626959,8.0,0.006012024048096194,449.6196666666667,0.04833333333333333,0.37304919200000003,2.3346666666666667,,,0.8511604816814264,0.7528372563173372,0.6107094119787216,0.0,0.09659069503719608,0.09263461912050844,0.10057889590971172,0.002002828590724216,0.18799999999999997,6,0.0448550780756349,0.14832631199875726,0.020126033820181684,0.004886705262248049,0.03125,0.0567570092454338,0.1689141683082132,0.06437878007246181,0.13652638488883773,,,False,env_mean_t,True,0,0.1334891455930968,0.12927476648862163,0.13777836575172842,0.002169081699285094,0.12749999999999997,6,0.05091714146549313,0.21606114972070045,0.03212191223904919,0.008860910330102757,0.03125,0.07248543766917989,0.2560511059360444,0.08309828967849414,0.19613761075461902,,,False,env_mean_t,True,0
robust,posterior_mean_shrunk,family_horizon,B,50,,,all,,adaptive_K_star,baseline,False,24,24,12000,24,True,True,0.1190230179024705,0.1169858801139829,0.12108568304684014,0.0010433531398800755,0.6552479824517699,0.04147424196948608,0.07754877593298444,19.0,0.3541666666666667,7.321833333333333,7.407666666666667,0.09398080000000002,0.0,,,0.7742710003542402,0.7742710003542402,0.7327967583847542,0.0,-0.03440228505855581,-0.037093616228473056,-0.0317613318945708,0.0013589219042556995,0.5707083333333333,24,-0.0462939292707842,-0.02251064084632742,0.005748483534604596,4.209583303738106e-06,,-0.0470320095810221,-0.023337868163866852,-0.04552603493412317,-0.023597924565081495,,,False,env_mean_t,True,0,-0.00197241626115283,-0.003224736237696864,-0.0007374387926044317,0.0006328176080385532,0.5085000000000001,24,-0.0033580277466302762,-0.0005868047756753837,0.0006698119004801199,0.007273084917463614,,-0.0032713853731932037,-0.00042518309752758625,-0.0032249580081916067,-0.0006432490320822906,,,False,env_mean_t,True,0
robust,posterior_mean_shrunk,family_horizon,B,50,,,all,,always_search,baseline,False,24,24,12000,24,True,True,0.24011054119271769,0.2372103274256612,0.24315257432560125,0.001535630112803649,0.5341604591615227,0.0,0.24011054119271769,50.0,1.0,1.0,50.0,0.020000000000000007,0.0,,,0.7742710003542402,0.7742710003542402,0.7742710003542402,0.0,0.08668523823169137,0.08312588971748483,0.0903540524149624,0.0018593474163256267,0.335875,24,0.06801856512852668,0.10535191133485607,0.009023568235336626,1.6214434660120629e-09,,0.0680042807258559,0.10562560941259203,0.06932729862608344,0.1040540623717306,,,False,env_mean_t,True,0,0.11911510702909435,0.1157164096153186,0.1225188083810887,0.001774480542856544,0.2860416666666667,24,0.09467827290169845,0.14355194115649025,0.011812894509133259,6.533267022306758e-10,,0.09395863735729802,0.14405071039750456,0.09570138091458504,0.1420011982839365,,,False,env_mean_t,True,0
robust,posterior_mean_shrunk,family_horizon,B,50,,,all,,cp0,reference,False,24,24,12000,24,True,True,0.15342530296102633,0.15117992750989892,0.15575312392126459,0.0011744462986685428,0.620845697393214,0.12055070706953604,0.03287459589149027,6.0,0.08333333333333331,13.737583333333333,0.22141666666666668,0.22320013333333336,0.03741666666666666,,,0.7742710003542402,0.7742710003542402,0.6537202932847043,0.0,0.0,0.0,0.0,0.0,0.5,24,0.0,0.0,0.0,1.0,,0.0,0.0,0.0,0.0,,,False,env_mean_t,True,0,0.032429868797402985,0.029715242751990445,0.03509972549921562,0.0013769997043609422,0.4369166666666667,24,0.020242031301735474,0.04461770629307049,0.005891664930088946,1.3468627000262466e-05,,0.02066452701485633,0.04565011724231003,0.02134375149890014,0.044101531066216317,,,False,env_mean_t,True,0
robust,posterior_mean_shrunk,family_horizon,B,50,,,all,,fixed_K_star,baseline,False,24,24,12000,24,True,True,0.12053315801064794,0.11847611285823707,0.12261374742956832,0.0010522386942013425,0.6537378423435923,0.029675707651923098,0.09085745035872483,24.0,0.45833333333333326,6.2475,13.048583333333335,0.07465433333333334,0.0,,,0.7742710003542402,0.7742710003542402,0.7445952927023173,0.0,-0.03289214495037838,-0.03567615136877673,-0.030073942244083204,0.0014223633411063084,0.5605833333333333,24,-0.0460241218451414,-0.019760168055615358,0.006348066895469895,2.9775080764709955e-05,,-0.04715197578700126,-0.020778644881775613,-0.044904486031743,-0.021009714522649308,,,False,env_mean_t,True,0,-0.00046227615297539165,-0.0019764578549863166,0.001043456279330711,0.000772777303336894,0.5000833333333333,24,-0.002804640277785005,0.0018800879718342215,0.0011323111727199358,0.6868594677530646,,-0.0027731677084911724,0.0018777504188008474,-0.0025593105390085834,0.0017457916867181969,,,False,env_mean_t,True,0
robust,posterior_mean_shrunk,family_horizon,B,50,,,all,,p3_star,reference,False,24,24,12000,24,True,True,0.12099543416362334,0.11896313951195528,0.12310656429811691,0.0010464778278544268,0.653275566190617,0.03645148605977496,0.08454394810384837,21.0,0.3958333333333333,6.699833333333333,9.199416666666666,0.0836424,0.0,,,0.7742710003542402,0.7742710003542402,0.7378195142944654,0.0,-0.032429868797402985,-0.03509972549921562,-0.029715242751990445,0.0013769997043609422,0.5630833333333334,24,-0.04461770629307049,-0.020242031301735474,0.005891664930088946,1.3468627000262466e-05,,-0.04520850399062286,-0.020855389629671133,-0.04376644772885386,-0.021611992400022196,,,False,env_mean_t,True,0,0.0,0.0,0.0,0.0,0.5,24,0.0,0.0,0.0,1.0,,0.0,0.0,0.0,0.0,,,False,env_mean_t,True,0
robust,posterior_mean_shrunk,family_horizon,B,50,,,all,,phi_k16,learned,False,24,24,12000,24,True,True,0.12041522946107823,0.11835186630099391,0.12253181671258062,0.001060142104483734,0.6538557708931622,0.025327281682441628,0.09508794777863659,23.612000000000005,0.45025,7.030666666666666,14.9365,0.08960060000000002,0.0,0.0,,0.7742710003542402,0.7742710003542402,0.7489437186717987,0.0,-0.03301007349994809,-0.03576823693062276,-0.03029416022060711,0.0013843513926334822,0.5695,24,-0.04410775879062295,-0.02191238820927323,0.005364679604193561,2.8137293945827023e-06,,-0.04529213365814779,-0.022665740268573716,-0.0432404696775969,-0.022422124576258164,,,False,env_mean_t,True,0,-0.0005802047025451127,-0.0022569731018620585,0.001050739664727492,0.0008422656323994322,0.5074583333333333,24,-0.002996495275063312,0.0018360858699730865,0.001168047607466917,0.6240938120911296,,-0.0027872529854330247,0.0021542926485556176,-0.0027530151469943413,0.0017686769721112796,,,False,env_mean_t,True,0
robust,posterior_mean_shrunk,family_horizon,B,50,,,all,,phi_k16_quality,learned,False,24,24,12000,24,True,True,0.11999301215812253,0.11793614423756177,0.12210165538126602,0.001056762827491041,0.6542779881961178,0.02671820843716462,0.09327480372095791,23.064000000000004,0.4388333333333332,7.07825,14.084083333333334,0.09058606666666667,0.0,0.0,,0.7742710003542402,0.7742710003542402,0.7475527919170757,0.0,-0.03343229080290378,-0.03619363215839257,-0.030702647392293635,0.0013816749317261427,0.5700833333333334,24,-0.04467479895483043,-0.02218978265097713,0.005434687739190079,2.8242935561667614e-06,,-0.045515614870279386,-0.0227063287068305,-0.044020214974330146,-0.023208102232652406,,,False,env_mean_t,True,0,-0.0010024220055007997,-0.002679884221561224,0.0006368510967073804,0.0008386269426357147,0.5080833333333333,24,-0.0032379837197858033,0.001233139708784204,0.0010806823241436001,0.36325667182989546,,-0.00311453236874498,0.001429749174500266,-0.003015288015868767,0.0011498328754096286,,,False,env_mean_t,True,0
robust,posterior_mean_shrunk,family_horizon,B,50,,,all,,phi_k4,learned,False,24,24,12000,24,True,True,0.11236269531437819,0.11038909989098708,0.11440179376513697,0.0010099368561915644,0.6619083050398621,0.02640937276929617,0.08595332254508199,22.116000000000003,0.4190833333333333,7.529916666666668,13.725999999999999,0.09854193333333335,0.0,0.0,,0.7742710003542402,0.7742710003542402,0.7478616275849442,0.0,-0.04106260764664815,-0.04380199292912342,-0.038375958385131526,0.0013890623242858518,0.5867916666666667,24,-0.05378788258724804,-0.028337332706048268,0.006151465025680167,8.253962588751923e-07,,-0.05448902786427309,-0.029127252399727084,-0.052853719626518435,-0.02928217892708587,,,False,env_mean_t,True,0,-0.008632738849245168,-0.0104201923955164,-0.006851986019463161,0.0008999022538342423,0.526375,24,-0.010687374832447775,-0.006578102866042561,0.0009932218714465747,1.0046252387120472e-08,,-0.010779118972940427,-0.00667677016562938,-0.01059227044786336,-0.006782982323583081,,,False,env_mean_t,True,0
robust,posterior_mean_shrunk,family_horizon,B,50,,,all,,refine_after_init,baseline,False,24,24,12000,24,True,True,0.13803237047651784,0.1358299694315065,0.14026002119062467,0.0011170810383579952,0.6362386298777225,0.09608120303042234,0.0419511674460955,8.0,0.125,12.313166666666667,0.9066666666666666,0.19211453333333336,0.0028333333333333335,,,0.7742710003542402,0.7742710003542402,0.6781897973238179,0.0,-0.015392932484508492,-0.017151318694186558,-0.013731082217085109,0.0008628672476655735,0.5339583333333334,24,-0.0195433035440274,-0.011242561424989583,0.002006311261281255,8.724687109372888e-08,,-0.019860333059237865,-0.011435763101507224,-0.019311741757654814,-0.011673658137675376,,,False,env_mean_t,True,0,0.01703693631289449,0.014432291457948545,0.019557216458512508,0.001295911361544109,0.4713333333333334,24,0.008485750403874065,0.025588122221914915,0.004133688371604526,0.0004158923940154438,,0.008802652171891258,0.026078732817342423,0.009231499417757732,0.02514215158419683,,,False,env_mean_t,True,0
robust,posterior_mean_shrunk,family_horizon,B,100,,,all,,adaptive_K_star,baseline,False,24,24,12000,24,True,True,0.10257199498157328,0.10075490673771127,0.1043989021796733,0.0009194196839509165,0.6926410602391697,0.03836914157494902,0.06420285340662425,32.0,0.3061224489795919,12.178916666666666,11.46575,0.06951596666666666,0.0,,,0.795213055220743,0.7820717474482954,0.756843913645794,0.0,-0.03060296159377322,-0.03288399032462621,-0.028328988631498457,0.0011597878135601533,0.5757083333333334,24,-0.042046692359146896,-0.019159230828399543,0.005531959811877964,1.2588493927242553e-05,,-0.04307969215710189,-0.0201368396573494,-0.041194901030254555,-0.02043681839065394,,,False,env_mean_t,True,0,-0.0008526501179051896,-0.0020140998534240377,0.0002992715385630617,0.0006001624478220528,0.508,24,-0.002370885893765182,0.0006655856579548032,0.0007339231819771486,0.25724359089123694,,-0.0022068496484519994,0.0009368831238930614,-0.0022174051211952856,0.000584352563965754,,,False,env_mean_t,True,0
robust,posterior_mean_shrunk,family_horizon,B,100,,,all,,always_search,baseline,False,24,24,12000,24,True,True,0.11174319830645496,0.10982982072164305,0.11369124624567728,0.0009715561066312267,0.6834698569142881,0.013141307772447666,0.09860189053400731,64.0,0.6326530612244898,7.2725833333333325,49.574083333333334,0.030723816666666667,0.0,,64.0,0.795213055220743,0.7820717474482954,0.7820717474482954,1.0,-0.021431758268891526,-0.024048273877391085,-0.018867470468649117,0.0013070169910816664,0.5404166666666667,24,-0.035054694111877976,-0.0078088224259050786,0.006585399040601429,0.003492462684570929,,-0.03688512376593997,-0.009191637739713472,-0.03433512745952855,-0.009287342254297507,,,False,env_mean_t,True,0,0.008318553206976503,0.0061508449878601825,0.010472950742890437,0.001087931003287399,0.4666666666666666,24,0.0031597280599859274,0.01347737835396708,0.0024938032862507156,0.002872208263168708,,0.0033880635846665922,0.0135735745848524,0.0035719298246316613,0.013105290945561135,,,False,env_mean_t,True,0
robust,posterior_mean_shrunk,family_horizon,B,100,,,all,,cp0,reference,False,24,24,12000,24,True,True,0.13317495657534648,0.1312940017921695,0.13515381321970685,0.0009933594317924467,0.6620380986453965,0.10758843719959259,0.0255865193757539,8.999833333333333,0.07142687074829929,24.242499999999996,0.3911666666666667,0.17996298333333335,0.14758333333333334,,,0.795213055220743,0.7820717474482954,0.6876246180211504,0.0,0.0,0.0,0.0,0.0,0.5,24,0.0,0.0,0.0,1.0,,0.0,0.0,0.0,0.0,,,False,env_mean_t,True,0,0.029750311475868027,0.027493282667031358,0.032118208211856354,0.00118904839114389,0.4303333333333333,24,0.017423300847006273,0.04207732210472978,0.005958941956742986,4.751290947599496e-05,,0.01842949561473994,0.04374957831775469,0.01884039710244785,0.04158289679516262,,,False,env_mean_t,True,0
robust,posterior_mean_shrunk,family_horizon,B,100,,,all,,fixed_K_star,baseline,False,24,24,12000,24,True,True,0.10237520540226251,0.1006242411385756,0.10417557260564839,0.0009196112636138416,0.6928378498184804,0.03335694299886624,0.06901826240339627,36.0,0.3469387755102041,11.316166666666666,14.826416666666667,0.06221808333333334,0.0,,,0.795213055220743,0.7820717474482954,0.7618561122218767,0.0,-0.030799751173083978,-0.03314055667348536,-0.028554178790060787,0.001191359832339365,0.573125,24,-0.04320592830617602,-0.018393574039991936,0.005997211462451208,3.3338008668011416e-05,,-0.044290716441309864,-0.019294512909207556,-0.042569266087600637,-0.01974809698185418,,,False,env_mean_t,True,0,-0.0010494396972159543,-0.0015750690880584747,-0.0005306628014485191,0.00026578225302856695,0.502875,24,-0.0014551093811263167,-0.000643770013305592,0.0001961028649048335,1.9589159825558968e-05,,-0.0014938701434851144,-0.0006583521016136752,-0.0014425994411110877,-0.0006734375939238818,,,False,env_mean_t,True,0
robust,posterior_mean_shrunk,family_horizon,B,100,,,all,,p3_star,reference,False,24,24,12000,24,True,True,0.10342464509947846,0.10161203234262453,0.10523467056724864,0.000922278576424062,0.6917884101212645,0.03335694299886624,0.07006770210061224,36.0,0.3469387755102041,10.998833333333332,14.589250000000002,0.06038288333333334,0.0,,,0.795213055220743,0.7820717474482954,0.7618561122218767,0.0,-0.029750311475868027,-0.032118208211856354,-0.027493282667031358,0.00118904839114389,0.5696666666666667,24,-0.04207732210472978,-0.017423300847006273,0.005958941956742986,4.751290947599496e-05,,-0.04342841908195923,-0.01843275992552511,-0.0414822937315097,-0.018788283651213475,,,False,env_mean_t,True,0,0.0,0.0,0.0,0.0,0.5,24,0.0,0.0,0.0,1.0,,0.0,0.0,0.0,0.0,,,False,env_mean_t,True,0
robust,posterior_mean_shrunk,family_horizon,B,100,,,all,,phi_k16,learned,False,24,24,12000,24,True,True,0.10120529751215751,0.09943528572136226,0.10296485820435919,0.000907579774611672,0.6940077577085856,0.029543362377832335,0.07166193513432517,32.70283333333333,0.3132942176870748,13.711166666666665,14.876583333333334,0.08762474999999999,0.0,1.015,90.96805242813224,0.795213055220743,0.7820717474482954,0.7656696928429106,0.11358333333333333,-0.031969659063188986,-0.03432550237569103,-0.029684691566459757,0.0011835210520706248,0.57775,24,-0.043805141194684476,-0.020134176931693497,0.005721334488551721,1.0987436073991395e-05,,-0.0464651012241302,-0.02169477801730043,-0.04325167676596126,-0.021641814527373453,,,False,env_mean_t,True,0,-0.002219347587320953,-0.0037644726560453513,-0.0006573884270134548,0.0007965922726876827,0.5070416666666667,24,-0.005271822180094465,0.0008331270054525589,0.0014755823184075258,0.14617774460242333,,-0.004946744219155205,0.0013717270193937788,-0.004925446332195617,0.0007367158266948531,,,False,env_mean_t,True,0
robust,posterior_mean_shrunk,family_horizon,B,100,,,all,,phi_k16_quality,learned,False,24,24,12000,24,True,True,0.10088382665238654,0.09911601742302688,0.1026610528312934,0.0009022987747661516,0.6943292285683564,0.03060473405693968,0.07027909259544686,31.959,0.30570408163265306,14.072416666666669,14.381416666666667,0.09047348333333334,0.0008333333333333334,1.3570000000000002,91.01401229541037,0.795213055220743,0.7820717474482954,0.7646083211638034,0.14675000000000002,-0.03229112992295995,-0.03463989409926095,-0.030047754300297432,0.0011746200691482853,0.5776666666666667,24,-0.04413998725797472,-0.02044227258794519,0.0057278001324803755,9.732515546649146e-06,,-0.04722678136478663,-0.02203917373309019,-0.04365792400642142,-0.02172683277719189,,,False,env_mean_t,True,0,-0.0025408184470919275,-0.004171592267751597,-0.0009463136099839176,0.0008273692810753273,0.5066666666666667,24,-0.005819961469473853,0.0007383245752899982,0.001585155032841645,0.12260635344164411,,-0.005433259889518257,0.0012882969772744987,-0.005471215347293764,0.0005384048948646516,,,False,env_mean_t,True,0
robust,posterior_mean_shrunk,family_horizon,B,100,,,all,,phi_k4,learned,False,24,24,12000,24,True,True,0.0982644324847497,0.09650090113864279,0.10005489638036427,0.0009021158199846528,0.6969486227359933,0.0202553655890127,0.078009066895737,41.76383333333333,0.40575340136054416,11.560916666666666,25.971833333333336,0.06739685000000001,0.0,4.131833333333334,86.62662677318313,0.795213055220743,0.7820717474482954,0.7749576896317304,0.21633333333333335,-0.034910524090596785,-0.03736514712533486,-0.03255564115685654,0.0012277491580763781,0.58375,24,-0.048265982322295474,-0.021555065858898097,0.006456098952495704,1.707818054905223e-05,,-0.050609447792446846,-0.02333246060063436,-0.04753421117518253,-0.023154303720131678,,,False,env_mean_t,True,0,-0.005160212614728758,-0.006907724700613471,-0.003412943985343494,0.0008827718623448242,0.5140416666666666,24,-0.007584742480946188,-0.002735682748511329,0.001172030525499235,0.0002062869894873078,,-0.007675103439506451,-0.0028311981814739635,-0.007414417456610438,-0.0028433769053818367,,,False,env_mean_t,True,0
robust,posterior_mean_shrunk,family_horizon,B,100,,,all,,refine_after_init,baseline,False,24,24,12000,24,True,True,0.14065118037862703,0.13867630640646286,0.14270564316927145,0.001026861774000947,0.654561874842116,0.11698167680452266,0.023669503574104356,8.0,0.06122448979591836,27.476583333333334,0.459,0.2139947666666667,0.06866666666666667,,,0.795213055220743,0.7820717474482954,0.6782313784162204,0.0,0.0074762238032805425,0.006420850007543777,0.008541855874076038,0.0005347398330018798,0.48412499999999997,24,0.005098025019521777,0.009854422587039308,0.0011496338358656718,1.2323035436844438e-06,,0.005261650419085667,0.010114281153983303,0.005298630696861074,0.009706551762798336,,,False,env_mean_t,True,0,0.03722653527914857,0.03489870841549418,0.03963821617047263,0.001229682705228197,0.4161250000000001,24,0.022902131722063526,0.051550938836233615,0.0069244922334843724,1.8441358176197264e-05,,0.02365725799111381,0.05330776070490555,0.024263179100754984,0.05092597532820266,,,False,env_mean_t,True,0
robust,posterior_mean_shrunk,family_horizon,B,200,,,all,,adaptive_K_star,baseline,False,24,24,12000,24,True,True,0.08746009138335165,0.08593882825807668,0.08897412254009396,0.0007851084080510421,0.7248928540040117,0.036324946413437524,0.051135144969914115,54.0,0.2626262626262626,20.34091666666667,17.554083333333335,0.052534470833333326,0.0004166666666666667,,,0.8123529453873634,0.781532811799397,0.7760279989739258,0.0,-0.030133427078990888,-0.03211531264957254,-0.028117724499603963,0.0010140169840639054,0.5872083333333333,24,-0.04238066844828481,-0.017886185709696967,0.005920381075925364,3.7344732199081714e-05,,-0.043897277826096565,-0.019311266376158313,-0.041595144471731814,-0.019129906967344384,,,False,env_mean_t,True,0,-0.0005418995236201833,-0.0017589574125054241,0.000660199676436453,0.0006153342284605296,0.5034166666666667,24,-0.0019655989035908413,0.0008817998563504745,0.0006882237895725329,0.4390937415958633,,-0.002201108376035904,0.0006921107651047389,-0.0018797287995461372,0.0007254269290094573,,,False,env_mean_t,True,0
robust,posterior_mean_shrunk,family_horizon,B,200,,,all,,always_search,baseline,False,24,24,12000,24,True,True,0.08800162079193008,0.08639823730045464,0.08959330788638908,0.0008055020480533717,0.7243513245954333,0.03082013358796636,0.05718148720396372,64.0,0.31313131313131315,18.267999999999997,24.978499999999997,0.04515318333333334,0.0,,64.0,0.8123529453873634,0.781532811799397,0.781532811799397,1.0,-0.029591897670412436,-0.03169401896252566,-0.027481471254577627,0.0010542213114178116,0.583125,24,-0.04190365381461668,-0.017280141526208197,0.005951567858399846,4.9982277573809305e-05,,-0.04323062502524879,-0.01835748587304028,-0.04138054474488986,-0.018634802154507874,,,False,env_mean_t,True,0,-3.7011504173278805e-07,-1.1103451621844822e-06,0.0,3.70115041732788e-07,0.5000416666666666,24,-1.135756339543884e-06,3.9552625607830785e-07,3.701150417327881e-07,0.32771580614285867,,-3.7011504173278805e-07,2.2524120489807091e-07,-1.1103451251983642e-06,0.0,,,False,env_mean_t,True,0
robust,posterior_mean_shrunk,family_horizon,B,200,,,all,,cp0,reference,False,24,24,12000,24,True,True,0.11759351846234252,0.11590341835205133,0.11922997131672067,0.0008501379566095497,0.694759426925021,0.09720285738073291,0.020390661081609626,13.992916666666668,0.06057028619528618,41.6415,0.7000833333333333,0.14404925833333335,0.4805,,,0.8123529453873634,0.781532811799397,0.7151500880066305,0.0,0.0,0.0,0.0,0.0,0.5,24,0.0,0.0,0.0,1.0,,0.0,0.0,0.0,0.0,,,False,env_mean_t,True,0,0.0295915275553707,0.027481462001984862,0.03169369082229423,0.001054221827682088,0.41687499999999994,24,0.01727962418003716,0.04190343093070424,0.005951639030704321,4.99973609763637e-05,,0.01799503648604215,0.04317239206619258,0.01855487040215327,0.04166526079274093,,,False,env_mean_t,True,0
robust,posterior_mean_shrunk,family_horizon,B,200,,,all,,fixed_K_star,baseline,False,24,24,12000,24,True,True,0.08800162079193008,0.08639823730045464,0.08959330788638908,0.0008055020480533717,0.7243513245954333,0.03082013358796636,0.05718148720396372,64.0,0.31313131313131315,18.267999999999997,24.978499999999997,0.04515318333333334,0.0,,64.0,0.8123529453873634,0.781532811799397,0.781532811799397,1.0,-0.029591897670412436,-0.03169401896252566,-0.027481471254577627,0.0010542213114178116,0.583125,24,-0.04190365381461668,-0.017280141526208197,0.005951567858399846,4.9982277573809305e-05,,-0.043213708059899894,-0.017987969405054108,-0.04149288872148415,-0.018582408353401116,,,False,env_mean_t,True,0,-3.7011504173278805e-07,-1.1103451621844822e-06,0.0,3.70115041732788e-07,0.5000416666666666,24,-1.135756339543884e-06,3.9552625607830785e-07,3.701150417327881e-07,0.32771580614285867,,-3.7011504173278805e-07,2.2524120489807091e-07,-1.1103451251983642e-06,0.0,,,False,env_mean_t,True,0
robust,posterior_mean_shrunk,family_horizon,B,200,,,all,,p3_star,reference,False,24,24,12000,24,True,True,0.0880019909069718,0.08639823730045464,0.08959439971173802,0.0008055022916967433,0.7243509544803916,0.03082013358796636,0.05718185731900546,64.0,0.31313131313131315,18.267833333333332,24.978250000000003,0.04515211250000001,0.0,,70.0,0.8123529453873634,0.781532811799397,0.781532811799397,1.0,-0.0295915275553707,-0.03169369082229423,-0.027481462001984862,0.001054221827682088,0.583125,24,-0.04190343093070424,-0.01727962418003716,0.005951639030704321,4.99973609763637e-05,,-0.04356616479560368,-0.018380440402509884,-0.04114148877410917,-0.01828295775660081,,,False,env_mean_t,True,0,0.0,0.0,0.0,0.0,0.5,24,0.0,0.0,0.0,1.0,,0.0,0.0,0.0,0.0,,,False,env_mean_t,True,0
robust,posterior_mean_shrunk,family_horizon,B,200,,,all,,phi_k16,learned,False,24,24,12000,24,True,True,0.0872486434703848,0.08567304896229568,0.08881492056049561,0.0007972609828091891,0.7251043019169785,0.03599041298155983,0.051258230488824975,43.4515,0.2093510101010101,25.735749999999996,7.769583333333333,0.07893422500000001,0.005833333333333334,24.0585,108.53998269555207,0.8123529453873634,0.781532811799397,0.7763625324058037,0.38066666666666665,-0.030344874991957718,-0.03237893640358985,-0.028295598511704156,0.001028905018695992,0.587625,24,-0.04166464162581297,-0.019025108358102463,0.005472034896853813,1.2182872504472032e-05,,-0.04327878241972337,-0.020138407002960518,-0.0412405579249297,-0.02031790585628866,,,False,env_mean_t,True,0,-0.0007533474365870158,-0.0016190060057321412,9.060602058828633e-05,0.0004319597657213932,0.5039166666666667,24,-0.002434258144603337,0.0009275632714293052,0.0008125611022095717,0.36348802657376356,,-0.0024895240174792953,0.0008707379016271001,-0.0022982445322598023,0.0008207465230176846,,,False,env_mean_t,True,0
robust,posterior_mean_shrunk,family_horizon,B,200,,,all,,phi_k16_quality,learned,False,24,24,12000,24,True,True,0.08740707631292753,0.0858464501099661,0.08894510249277421,0.0007937757393775085,0.7249458690744358,0.037107731323689226,0.050299344989238305,41.62433333333333,0.20012289562289562,27.0115,6.259416666666667,0.08437407499999999,0.02675,25.629499999999997,100.3091277968973,0.8123529453873634,0.781532811799397,0.7752452140636743,0.3878333333333333,-0.03018644214941499,-0.032227581893444796,-0.02819615442679909,0.0010195720135317025,0.5860416666666667,24,-0.04146777033608358,-0.018905113962746408,0.005453453548740394,1.2488690055936433e-05,,-0.043124612847939184,-0.020164400067021308,-0.04075298164632016,-0.02007104259675641,,,False,env_mean_t,True,0,-0.0005949145940442879,-0.0014666682432713666,0.00027631121471737664,0.0004396472241912049,0.5015,24,-0.0024667976475857825,0.0012769684594972066,0.0009048781413190493,0.5174159657466735,,-0.0023601195204145135,0.001349571222817248,-0.0023323594951381284,0.0011450962721059718,,,False,env_mean_t,True,0
robust,posterior_mean_shrunk,family_horizon,B,200,,,all,,phi_k4,learned,False,24,24,12000,24,True,True,0.08770261128999603,0.08610491465224186,0.08929853906932597,0.0008041690333834313,0.7246503340973675,0.03091640281304717,0.05678620847694887,61.44383333333334,0.30022138047138053,18.776500000000002,22.277583333333336,0.04799880833333333,0.0,65.69933333333333,75.04471164090185,0.8123529453873634,0.781532811799397,0.7814365425743164,0.7250833333333334,-0.02989090717234649,-0.03198765522938629,-0.027789243886885136,0.0010532054704929072,0.585625,24,-0.042109503780961385,-0.017672310563731593,0.0059065340475264886,4.013613426591462e-05,,-0.04383858535523629,-0.018829279151393836,-0.041463165777180504,-0.018780303715741808,,,False,env_mean_t,True,0,-0.00029937961697578427,-0.0005462809804460751,-5.57333381758933e-05,0.00012649376576892232,0.503875,24,-0.0005182378423685989,-8.052139158296962e-05,0.00010579722052141846,0.009497009244756605,,-0.0006193339795864819,-0.00012319528117900864,-0.0005164296120405196,-0.0001164053451269865,,,False,env_mean_t,True,0
robust,posterior_mean_shrunk,family_horizon,B,200,,,all,,refine_after_init,baseline,False,24,24,12000,24,True,True,0.14639331385151794,0.1445036290087349,0.14826438523790178,0.0009651870892964416,0.6659596315358455,0.13427354916619758,0.012119764685320356,8.0,0.030303030303030293,62.50666666666668,0.27625,0.24705324583333335,0.3388333333333333,,,0.8123529453873634,0.781532811799397,0.6780793962211659,0.0,0.028799795389175414,0.02721069974280302,0.030368180429165174,0.0007968811050786763,0.4190416666666667,24,0.020831970245207707,0.03676762053314312,0.0038516887008448256,1.3404251760510792e-07,,0.020968912828560237,0.03689367598533258,0.021302440143236897,0.03605831889348531,,,False,env_mean_t,True,0,0.05839132294454611,0.05612381042956258,0.060698289039464726,0.0011731135503083327,0.35112499999999996,24,0.03843806330630054,0.07834458258279167,0.009645510952488475,3.5673084068607743e-06,,0.03941263279797716,0.08006248098444027,0.04005356508839371,0.07724937000024948,,,False,env_mean_t,True,0
robust,posterior_mean_shrunk,family_horizon,B,500,,,all,,adaptive_K_star,baseline,False,24,24,12000,24,True,True,0.07100919359301527,0.06980954662285511,0.07223118819504937,0.0006211086562435605,0.7596792569992443,0.048182490566124524,0.022826703026890754,64.0,0.12449799196787148,60.678083333333326,11.197833333333334,0.06366269333333334,0.7808333333333334,,64.0,0.8306884505922595,0.7825059600261352,0.7825059600261352,1.0,-0.031543799612050255,-0.03298144998064269,-0.03008519611328211,0.0007308347963138009,0.612125,24,-0.04366536249490416,-0.01942223672919635,0.005859627432689759,1.811943365731391e-05,,-0.04413043914010986,-0.01975843897628657,-0.04267274989810152,-0.020467084849687917,,,False,env_mean_t,True,0,0.0,0.0,0.0,0.0,0.5,24,0.0,0.0,0.0,1.0,,0.0,0.0,0.0,0.0,,,False,env_mean_t,True,0
robust,posterior_mean_shrunk,family_horizon,B,500,,,all,,always_search,baseline,False,24,24,12000,24,True,True,0.07100919359301527,0.06980954662285511,0.07223118819504937,0.0006211086562435605,0.7596792569992443,0.048182490566124524,0.022826703026890754,64.0,0.12449799196787148,60.678083333333326,11.197833333333334,0.06366269333333334,0.7808333333333334,,64.0,0.8306884505922595,0.7825059600261352,0.7825059600261352,1.0,-0.031543799612050255,-0.03298144998064269,-0.03008519611328211,0.0007308347963138009,0.612125,24,-0.04366536249490416,-0.01942223672919635,0.005859627432689759,1.811943365731391e-05,,-0.04409626483289013,-0.01981863821983556,-0.042683548639404274,-0.02045745450059573,,,False,env_mean_t,True,0,0.0,0.0,0.0,0.0,0.5,24,0.0,0.0,0.0,1.0,,0.0,0.0,0.0,0.0,,,False,env_mean_t,True,0
robust,posterior_mean_shrunk,family_horizon,B,500,,,all,,cp0,reference,False,24,24,12000,24,True,True,0.10255299320506554,0.10116136440362121,0.10394461593969026,0.0007093163865414926,0.7281354573871942,0.09134938763640821,0.011203605568657321,21.918499999999995,0.039996987951807235,103.8335,1.0691666666666666,0.13650920866666666,2.05025,,,0.8306884505922595,0.7825059600261352,0.7393390629558514,0.0,0.0,0.0,0.0,0.0,0.5,24,0.0,0.0,0.0,1.0,,0.0,0.0,0.0,0.0,,,False,env_mean_t,True,0,0.031543799612050255,0.03008519611328211,0.03298144998064269,0.0007308347963138009,0.38787499999999997,24,0.01942223672919635,0.04366536249490416,0.005859627432689759,1.811943365731391e-05,,0.01986696090788949,0.04418003275678067,0.020430205936621253,0.04283762762130549,,,False,env_mean_t,True,0
robust,posterior_mean_shrunk,family_horizon,B,500,,,all,,fixed_K_star,baseline,False,24,24,12000,24,True,True,0.07100919359301527,0.06980954662285511,0.07223118819504937,0.0006211086562435605,0.7596792569992443,0.048182490566124524,0.022826703026890754,64.0,0.12449799196787148,60.678083333333326,11.197833333333334,0.06366269333333334,0.7808333333333334,,64.0,0.8306884505922595,0.7825059600261352,0.7825059600261352,1.0,-0.031543799612050255,-0.03298144998064269,-0.03008519611328211,0.0007308347963138009,0.612125,24,-0.04366536249490416,-0.01942223672919635,0.005859627432689759,1.811943365731391e-05,,-0.043819270376629,-0.01985491260729726,-0.04278852776035977,-0.02069153129300103,,,False,env_mean_t,True,0,0.0,0.0,0.0,0.0,0.5,24,0.0,0.0,0.0,1.0,,0.0,0.0,0.0,0.0,,,False,env_mean_t,True,0
robust,posterior_mean_shrunk,family_horizon,B,500,,,all,,p3_star,reference,False,24,24,12000,24,True,True,0.07100919359301527,0.06980954662285511,0.07223118819504937,0.0006211086562435605,0.7596792569992443,0.048182490566124524,0.022826703026890754,64.0,0.12449799196787148,60.678083333333326,11.197833333333334,0.06366269333333334,0.7808333333333334,,68.0,0.8306884505922595,0.7825059600261352,0.7825059600261352,1.0,-0.031543799612050255,-0.03298144998064269,-0.03008519611328211,0.0007308347963138009,0.612125,24,-0.04366536249490416,-0.01942223672919635,0.005859627432689759,1.811943365731391e-05,,-0.04397089889151242,-0.020081604754739375,-0.04249973796975489,-0.02065346784632032,,,False,env_mean_t,True,0,0.0,0.0,0.0,0.0,0.5,24,0.0,0.0,0.0,1.0,,0.0,0.0,0.0,0.0,,,False,env_mean_t,True,0
robust,posterior_mean_shrunk,family_horizon,B,500,,,all,,phi_k16,learned,False,24,24,12000,24,True,True,0.07079285665228964,0.06957779795241853,0.07202054688774902,0.0006201695892241956,0.7598955939399699,0.04858184226726492,0.022211014385024708,57.74766666666667,0.11194310575635875,64.41266666666667,7.251833333333334,0.07022840533333334,0.7119166666666666,198.4695,99.53435141716119,0.8306884505922595,0.7825059600261352,0.7821066083249946,0.7248333333333333,-0.031760136552775896,-0.03318623096189792,-0.03030050198826757,0.0007291904339955676,0.6137083333333333,24,-0.043740938211100575,-0.019779334894451214,0.005791582714308013,1.4161561411452693e-05,,-0.04439472169877661,-0.019960112238360445,-0.04316078006100531,-0.020679823383549234,,,False,env_mean_t,True,0,-0.00021633694072564443,-0.00040548901720095874,-3.247927072986103e-05,9.604701277864125e-05,0.5020416666666666,24,-0.000764825768529245,0.00033215188707795616,0.0002651423923616306,0.4229117460386078,,-0.0007247559980002917,0.00029672287304262455,-0.0007201176036149262,0.0003032908692955971,,,False,env_mean_t,True,0
robust,posterior_mean_shrunk,family_horizon,B,500,,,all,,phi_k16_quality,learned,False,24,24,12000,24,True,True,0.07080725489432611,0.06960513965629313,0.07203021284440184,0.0006200545193082199,0.7598811956979334,0.048747404315819344,0.02205985057850679,56.98283333333333,0.11040729585006694,65.39058333333334,6.86775,0.07174719666666667,0.7512500000000001,186.23616666666666,101.46485313587323,0.8306884505922595,0.7825059600261352,0.7819410462764402,0.7292500000000001,-0.031745738310739395,-0.03318202065293008,-0.030301261820780686,0.0007282637315348457,0.6124166666666667,24,-0.04371167028714397,-0.019779806334334824,0.005784394631637774,1.4012549942177964e-05,,-0.0440117358841707,-0.020010624780747846,-0.04301662022072512,-0.020906402845323708,,,False,env_mean_t,True,0,-0.00020193869868914284,-0.00039554437977950364,-1.37407491024533e-05,9.81038838832414e-05,0.5020416666666666,24,-0.0008010199827177613,0.00039714258533947563,0.00028959905255044227,0.4926012905027151,,-0.000765035710153478,0.0003909408937431729,-0.0007508521039038897,0.0003538658748070398,,,False,env_mean_t,True,0
robust,posterior_mean_shrunk,family_horizon,B,500,,,all,,phi_k4,learned,False,24,24,12000,24,True,True,0.07100857317820192,0.06980866973754019,0.07223136429311125,0.00062110885054058,0.7596798774140576,0.048182490566124524,0.022826082612077397,64.0,0.12449799196787148,60.67558333333333,11.194666666666665,0.06365457666666667,0.7808333333333334,411.863,66.46933333333332,0.8306884505922595,0.7825059600261352,0.7825059600261352,1.0,-0.03154442002686361,-0.032982634772205685,-0.03008547273739926,0.0007308348992252416,0.6122083333333334,24,-0.04366568239099019,-0.019423157662737035,0.005859482160351886,1.8108794960290565e-05,,-0.0440097017544,-0.019870082550561847,-0.04289907489010753,-0.02050137978810817,,,False,env_mean_t,True,0,-6.204148133595785e-07,-1.9667695691320355e-06,5.052685878581542e-07,6.194992805082651e-07,0.500125,24,-2.2784262050646483e-06,1.0375965783454915e-06,8.014914519223924e-07,0.44677060183198036,,-4.560972215796782e-06,4.4663571877964053e-07,-2.336472272872925e-06,4.7522783279418945e-07,,,False,env_mean_t,True,0
robust,posterior_mean_shrunk,family_horizon,B,500,,,all,,refine_after_init,baseline,False,24,24,12000,24,True,True,0.15917450307589023,0.157397257371728,0.16100475544614407,0.0009168471045622553,0.6715139475163693,0.15433690343797205,0.004837599637918174,8.0,0.01204819277108434,189.65916666666666,0.15683333333333335,0.3097081226666667,1.20475,,,0.8306884505922595,0.7825059600261352,0.6763515471542876,0.0,0.056621509870824725,0.05496299993634845,0.058288180031740924,0.0008486433083117467,0.31066666666666665,24,0.04119459593043639,0.07204842381121306,0.007457451567958267,1.0390338610196451e-07,,0.04046939257022113,0.07123927785701126,0.04258019608145114,0.07084733654519078,,,False,env_mean_t,True,0,0.08816530948287497,0.08620645142958286,0.09014299090576969,0.000998352282831447,0.24995833333333337,24,0.061059889231995866,0.11527072973375407,0.013102903116668183,7.293839847730528e-07,,0.06145659503040285,0.11525600195380187,0.06299295191123772,0.11292425356458795,,,False,env_mean_t,True,0
robust,posterior_mean_shrunk,family_horizon,B,1000,,,all,,adaptive_K_star,baseline,False,24,24,12000,24,True,True,0.0700538913955291,0.06899226140146009,0.07111313315775382,0.0005429042119943578,0.771099260782202,0.05938907760009169,0.010664813795437414,64.0,0.062124248496993974,161.00258333333335,7.166333333333334,0.0900950595,4.471166666666666,,64.0,0.8411531521777311,0.7817640745776395,0.7817640745776395,1.0,-0.023514370468755565,-0.024554133289001356,-0.02246848265608037,0.0005319605082182493,0.6121666666666666,24,-0.03262757049725842,-0.014401170440252712,0.004405368961302779,2.026537127374703e-05,,-0.03269559767775731,-0.014739969872637145,-0.03196832828965659,-0.015342583183633787,,,False,env_mean_t,True,0,-1.2749781211217242e-06,-6.018978626798343e-06,1.8753222155017585e-06,2.017410530063331e-06,0.5000833333333333,24,-5.313752094465653e-06,2.763795852222205e-06,1.9523646412060396e-06,0.5202036262495411,,-1.0051938569336477e-05,1.4408794744592305e-06,-5.499238769213358e-06,1.5861193339029946e-06,,,False,env_mean_t,True,0
robust,posterior_mean_shrunk,family_horizon,B,1000,,,all,,always_search,baseline,False,24,24,12000,24,True,True,0.0700538913955291,0.06899226140146009,0.07111313315775382,0.0005429042119943578,0.771099260782202,0.05938907760009169,0.010664813795437414,64.0,0.062124248496993974,161.00258333333335,7.166333333333334,0.0900950595,4.471166666666666,,64.0,0.8411531521777311,0.7817640745776395,0.7817640745776395,1.0,-0.023514370468755565,-0.024554133289001356,-0.02246848265608037,0.0005319605082182493,0.6121666666666666,24,-0.03262757049725842,-0.014401170440252712,0.004405368961302779,2.026537127374703e-05,,-0.033102165892496364,-0.014664426752613004,-0.03189418785904223,-0.015112089778700221,,,False,env_mean_t,True,0,-1.2749781211217242e-06,-6.018978626798343e-06,1.8753222155017585e-06,2.017410530063331e-06,0.5000833333333333,24,-5.313752094465653e-06,2.763795852222205e-06,1.9523646412060396e-06,0.5202036262495411,,-9.696601694233283e-06,1.4420533311634322e-06,-5.54215038816134e-06,1.568689942359924e-06,,,False,env_mean_t,True,0
robust,posterior_mean_shrunk,family_horizon,B,1000,,,all,,cp0,reference,False,24,24,12000,24,True,True,0.09356826186428469,0.09235841994547324,0.09474606948594252,0.0006068670217387322,0.7475848903134464,0.08647232900311551,0.0070959328611691795,30.6895,0.028746993987975946,216.55875,1.4328333333333336,0.14100930600000003,5.280083333333334,,,0.8411531521777311,0.7817640745776395,0.7546808231746157,0.0,0.0,0.0,0.0,0.0,0.5,24,0.0,0.0,0.0,1.0,,0.0,0.0,0.0,0.0,,,False,env_mean_t,True,0,0.023513095490634444,0.02246762417442104,0.02455344530969228,0.0005319719794193604,0.38775000000000004,24,0.01440076567132574,0.03262542530994315,0.004404948297588414,2.0254403988591572e-05,,0.014533684143992314,0.03332442542678554,0.014904672968511784,0.03214585690181702,,,False,env_mean_t,True,0
robust,posterior_mean_shrunk,family_horizon,B,1000,,,all,,fixed_K_star,baseline,False,24,24,12000,24,True,True,0.0700538913955291,0.06899226140146009,0.07111313315775382,0.0005429042119943578,0.771099260782202,0.05938907760009169,0.010664813795437414,64.0,0.062124248496993974,161.00258333333335,7.166333333333334,0.0900950595,4.471166666666666,,64.0,0.8411531521777311,0.7817640745776395,0.7817640745776395,1.0,-0.023514370468755565,-0.024554133289001356,-0.02246848265608037,0.0005319605082182493,0.6121666666666666,24,-0.03262757049725842,-0.014401170440252712,0.004405368961302779,2.026537127374703e-05,,-0.03270486683834482,-0.014612947200374062,-0.032112829897801086,-0.015370495408711339,,,False,env_mean_t,True,0,-1.2749781211217242e-06,-6.018978626798343e-06,1.8753222155017585e-06,2.017410530063331e-06,0.5000833333333333,24,-5.313752094465653e-06,2.763795852222205e-06,1.9523646412060396e-06,0.5202036262495411,,-9.785784401229836e-06,1.440967513712045e-06,-5.497640619675318e-06,1.5262140582005125e-06,,,False,env_mean_t,True,0
robust,posterior_mean_shrunk,family_horizon,B,1000,,,all,,p3_star,reference,False,24,24,12000,24,True,True,0.07005516637365024,0.06899341727742771,0.07111505947917371,0.0005428926765684601,0.7710979858040808,0.05938907760009169,0.010666088773558536,64.0,0.062124248496993974,160.95691666666667,7.154583333333332,0.09001889833333333,4.475083333333333,,272.0,0.8411531521777311,0.7817640745776395,0.7817640745776395,1.0,-0.023513095490634444,-0.02455344530969228,-0.02246762417442104,0.0005319719794193604,0.6122500000000001,24,-0.03262542530994315,-0.01440076567132574,0.004404948297588414,2.0254403988591572e-05,,-0.032914692348365596,-0.01453375575021939,-0.03209112304989248,-0.015225410724648588,,,False,env_mean_t,True,0,0.0,0.0,0.0,0.0,0.5,24,0.0,0.0,0.0,1.0,,0.0,0.0,0.0,0.0,,,False,env_mean_t,True,0
robust,posterior_mean_shrunk,family_horizon,B,1000,,,all,,phi_k16,learned,False,24,24,12000,24,True,True,0.07005515244603157,0.06899301187986566,0.07111316370974236,0.0005429056182871039,0.7710979997316997,0.059389143219838535,0.010666009226193032,63.98016666666666,0.062104375417501655,160.98766666666668,7.133833333333333,0.0900608605,4.46975,736.442,75.58618115071971,0.8411531521777311,0.7817640745776395,0.7817640089578927,0.9985833333333334,-0.023513109418253103,-0.024554296342286838,-0.022467840373241187,0.0005319615884585324,0.6122916666666667,24,-0.03262693702644539,-0.014399281810060819,0.004405672336634816,2.0297955289915124e-05,,-0.03294180301607596,-0.014639596293972032,-0.03198530437480658,-0.01520054343858113,,,False,env_mean_t,True,0,-1.3927618662516216e-08,-5.454790056565645e-06,4.583859307179711e-06,2.5594326002849644e-06,0.4999583333333333,24,-4.481771126053618e-06,4.453915888728585e-06,2.1597791170893908e-06,0.9949103801918763,,-5.877147530899913e-06,3.172727292340586e-06,-4.75350022315979e-06,3.5193016131718953e-06,,,False,env_mean_t,True,0
robust,posterior_mean_shrunk,family_horizon,B,1000,,,all,,phi_k16_quality,learned,False,24,24,12000,24,True,True,0.07005401783684889,0.06899243168494043,0.07111219183837723,0.0005429057199039667,0.7710991343408823,0.05938907760009169,0.0106649402367572,64.0,0.062124248496993974,160.97041666666667,7.150999999999999,0.09004153816666667,4.471166666666666,728.9821666666667,74.18133333333333,0.8411531521777311,0.7817640745776395,0.7817640745776395,1.0,-0.02351424402743578,-0.024555319984809403,-0.02246858785854518,0.0005319617301012463,0.6124999999999999,24,-0.032627545692447246,-0.014400942362424313,0.004405418092927124,2.0269765466507483e-05,,-0.03298872572426883,-0.014536612504596941,-0.03210542262252421,-0.015102462366161248,,,False,env_mean_t,True,0,-1.1485368013381958e-06,-6.487085583254759e-06,3.289697103111183e-06,2.4747718432326677e-06,0.5001666666666668,24,-5.128861578927558e-06,2.8317879762511666e-06,1.9241099916883136e-06,0.5563927652498128,,-0.00027662942883966134,1.4505400364366572e-06,-5.272924900054931e-06,1.583576202392578e-06,,,False,env_mean_t,True,0
robust,posterior_mean_shrunk,family_horizon,B,1000,,,all,,phi_k4,learned,False,24,24,12000,24,True,True,0.07005359501640002,0.06899133488659573,0.07111306055109405,0.0005429050454413105,0.7710995571613312,0.05938907760009169,0.010664517416308325,64.0,0.062124248496993974,160.99283333333332,7.157583333333332,0.09007933116666667,4.471166666666666,907.0078333333335,67.62766666666666,0.8411531521777311,0.7817640745776395,0.7817640745776395,1.0,-0.023514666847884655,-0.024555107658562746,-0.02246987542726894,0.0005319606954618323,0.6124999999999999,24,-0.03262777321338092,-0.014401560482388389,0.00440532368411137,2.02592899574792e-05,,-0.03314291958391024,-0.014511134397003083,-0.03202955912562708,-0.015059786394704133,,,False,env_mean_t,True,0,-1.571357250213623e-06,-6.6381105578254074e-06,2.460806605123858e-06,2.33198853442975e-06,0.5002083333333333,24,-5.532564377927248e-06,2.389849877500002e-06,1.914868418902441e-06,0.42029345253207023,,-5.1896323806467946e-05,1.0692752951109104e-06,-5.728806058565775e-06,1.0446210702260336e-06,,,False,env_mean_t,True,0
robust,posterior_mean_shrunk,family_horizon,B,1000,,,all,,refine_after_init,baseline,False,24,24,12000,24,True,True,0.1648809976313884,0.1631702042829905,0.16664967481483473,0.0008890513599283993,0.6762721545463428,0.16239124615428346,0.002489751477104922,8.0,0.006012024048096194,443.38175,0.11391666666666667,0.3722888793333334,2.123083333333333,,,0.8411531521777311,0.7817640745776395,0.6787619060234477,0.0,0.07131273576710373,0.06962558403303472,0.0730513000264788,0.0008548130885970212,0.24808333333333332,24,0.051388162760199946,0.09123730877400751,0.009631643683590372,1.576786830082858e-07,,0.05096335385351622,0.09056485689313366,0.05320898546817868,0.089713338703895,,,False,env_mean_t,True,0,0.09482583125773818,0.09299778378902678,0.09666342663037236,0.0009289548136801291,0.20433333333333334,24,0.06622074574727714,0.12343091676819921,0.013827849213126428,5.420166585436546e-07,,0.06565843128213086,0.12358162614191531,0.06806178348788526,0.12137919379699355,,,False,env_mean_t,True,0
robust,posterior_mean_shrunk,family,A,all,,,all,,adaptive_K_star,baseline,False,30,6,15000,30,True,True,0.12245771257460775,0.12078262669344744,0.12414660410334666,0.0008587514317198545,0.6772782918872371,0.06981858924130598,0.05263912333330178,46.6,0.22190752374747735,53.45719999999999,9.0382,0.06848890719999999,1.3578666666666666,,64.0,0.7997360044618448,0.7505688767919937,0.7299174152205389,0.4,-0.04275808536393841,-0.04475485386210494,-0.04078832403019381,0.001015415314363278,0.6226666666666667,30,-0.07890822027254343,-0.0066079504553333696,0.014063016554248905,0.028735552854650927,0.03125,-0.10120267064646904,-0.019885034278979394,-0.07073757789704639,-0.02230843608007417,,,False,env_mean_t,True,0,-0.0006339134071643154,-0.0015826466256112324,0.00029902662315483457,0.00047590701402447865,0.5025999999999999,30,-0.0019909982331183197,0.0007231714187896884,0.0005279290498129872,0.28362293165789276,0.28125,-0.0025613954850851493,0.0003426621635922655,-0.0016690968838830788,0.0001950074876969059,,,False,env_mean_t,True,0
robust,posterior_mean_shrunk,family,A,all,,,all,,always_search,baseline,False,30,6,15000,30,True,True,0.14910871425860292,0.14715339788856605,0.15099439651394883,0.0009712703753472759,0.6506272902032417,0.049167127669850985,0.09994158658875192,61.2,0.42648132296413366,51.07906666666666,26.739599999999996,0.04764720386666666,1.3560666666666665,,64.0,0.7997360044618448,0.7505688767919937,0.7505688767919937,0.8,-0.016107083679943266,-0.018425782180662886,-0.013811645347838445,0.0011785420111482246,0.5659666666666666,30,-0.05715030265202098,0.02493613529213445,0.015966509372738174,0.35936621569197996,0.46875,-0.08835298758966637,0.012900484253721232,-0.046862631979078286,0.008438103536516427,,,False,env_mean_t,True,0,0.026017088276830816,0.024218851714394987,0.02776955485576764,0.0009066993957061481,0.4499666666666666,30,0.01010070077262716,0.041933475781034464,0.006191745107489937,0.008474044506367738,0.03125,0.014593154500759082,0.0448653976441528,0.01588480312867711,0.03804493240800997,,,False,env_mean_t,True,0
robust,posterior_mean_shrunk,family,A,all,,,all,,cp0,reference,False,30,6,15000,30,True,True,0.16521579793854618,0.16336014145985245,0.16703961011643212,0.0009356130152604868,0.6345202065232985,0.14409306223963697,0.02112273569890919,16.2344,0.05670047248455975,83.41706666666666,0.6217333333333334,0.1627785570666667,2.036466666666666,,,0.7997360044618448,0.7505688767919937,0.6556429422222078,0.0,0.0,0.0,0.0,0.0,0.5,30,0.0,0.0,0.0,1.0,1.0,0.0,0.0,0.0,0.0,,,False,env_mean_t,True,0,0.042124171956774085,0.04010457449524741,0.044180449326134595,0.0010399478544829764,0.3816333333333333,30,0.005369255511648324,0.07887908840189982,0.01429828684525328,0.03202964235451368,0.03125,0.019447576550480187,0.09958021557959015,0.021076729849974316,0.07002090582579647,,,False,env_mean_t,True,0
robust,posterior_mean_shrunk,family,A,all,,,all,,fixed_K_star,baseline,False,30,6,15000,30,True,True,0.12325461747498287,0.12155537125188857,0.12497283957432956,0.0008645624073045619,0.6764813869868619,0.06388865149517854,0.059365965979804355,50.4,0.26100513248794316,52.66266666666665,11.767933333333335,0.06233780386666666,1.3560666666666665,,64.0,0.7997360044618448,0.7505688767919937,0.7358473529666661,0.6,-0.041961180463563265,-0.04408087307141007,-0.039908337662539754,0.0010557278735479835,0.6182333333333333,30,-0.07879279281257487,-0.005129568114551654,0.0143281228546822,0.03268621797405206,0.03125,-0.10036084554244182,-0.01891450639799437,-0.06996016348991543,-0.020486802317518354,,,False,env_mean_t,True,0,0.0001629914932108174,-0.0005800881894538177,0.0008892384336316653,0.0003706701718753036,0.4996,30,-0.0006810323408680129,0.0010070153272896476,0.00032833960871348915,0.640654881355455,0.65625,-0.0011011905996117244,0.0007990854450997865,-0.0004809629689746847,0.0006980604518360148,,,False,env_mean_t,True,0
robust,posterior_mean_shrunk,family,A,all,,,all,,p3_star,reference,False,30,6,15000,30,True,True,0.12309162598177205,0.12140212927324076,0.12478441537047426,0.0008649601169080384,0.6766443784800728,0.06554154276053112,0.05755008322124098,49.8,0.24850513248794318,52.70126666666666,11.00473333333333,0.0636958804,1.3576666666666666,,136.66666666666666,0.7997360044618448,0.7505688767919937,0.7341944617013136,0.6,-0.042124171956774085,-0.044180449326134595,-0.04010457449524741,0.0010399478544829764,0.6183666666666666,30,-0.07887908840189982,-0.005369255511648324,0.01429828684525328,0.03202964235451368,0.03125,-0.09958021557959013,-0.018846021840668907,-0.07029282979201826,-0.021076729849974316,,,False,env_mean_t,True,0,0.0,0.0,0.0,0.0,0.5,30,0.0,0.0,0.0,1.0,1.0,0.0,0.0,0.0,0.0,,,False,env_mean_t,True,0
robust,posterior_mean_shrunk,family,A,all,,,all,,phi_k16,learned,False,30,6,15000,30,True,True,0.1216529839851525,0.11994862884127845,0.12334779746830463,0.0008569971674446012,0.6780830204766922,0.06261957585910956,0.05903340812604292,46.6608,0.250478801561268,55.4688,10.776333333333335,0.07572579746666666,1.3631333333333333,212.92306666666667,88.58908186651423,0.7997360044618448,0.7505688767919937,0.7371164286027353,0.4947333333333334,-0.04356281395339368,-0.04563917324723055,-0.041530500224810876,0.0010438210482937888,0.6197,30,-0.08301734246683647,-0.004108285439950898,0.015348481797575732,0.036321037285076616,0.03125,-0.11357218388067941,-0.019340122694119638,-0.07384694887497462,-0.021542768199250953,,,False,env_mean_t,True,0,-0.0014386419966196022,-0.002629257707643167,-0.00026586509823876814,0.0006106312278576831,0.49956666666666666,30,-0.0053187021886949275,0.0024414181954557235,0.001509409324490487,0.384301692509504,0.40625,-0.006494425972843561,0.0021520005530873652,-0.0041964958874927735,0.0011786961597080032,,,False,env_mean_t,True,0
robust,posterior_mean_shrunk,family,A,all,,,all,,phi_k16_quality,learned,False,30,6,15000,30,True,True,0.12166680593440928,0.1199734233164539,0.12337314111025383,0.0008564683904431797,0.6780691985274355,0.06340754589140414,0.05825926004300514,45.8292,0.2449011822404473,56.10446666666666,10.194133333333331,0.07830802040000001,1.3838,209.7632,84.79660773927506,0.7997360044618448,0.7505688767919937,0.7363284585704407,0.5016,-0.043548992004136866,-0.04561398758320138,-0.041500134541808315,0.0010450698059536116,0.6176333333333334,30,-0.08303726559316306,-0.004060718415110673,0.015361609205198239,0.03646315259328265,0.03125,-0.11524648514213941,-0.019212824533464977,-0.07395413612752842,-0.021576318286173048,,,False,env_mean_t,True,0,-0.0014248200473627852,-0.0026365640308309442,-0.00024232326174759123,0.0006169301547670944,0.49813333333333326,30,-0.005177337212585419,0.0023276971178598487,0.0014597929204979954,0.373869802050579,0.46875,-0.005907339355105922,0.0015735020399937126,-0.004120535567278663,0.001014726837357739,,,False,env_mean_t,True,0
robust,posterior_mean_shrunk,family,A,all,,,all,,phi_k4,learned,False,30,6,15000,30,True,True,0.11921615886985673,0.11751483007023732,0.12088511675906677,0.0008479648823220715,0.680519845591988,0.058422717345754306,0.060793441524102425,52.08520000000001,0.28033832495685,52.85879999999999,15.567199999999996,0.06589781720000001,1.3560666666666665,287.24240000000003,70.8832327453587,0.7997360044618448,0.7505688767919937,0.7413132871160906,0.6280666666666667,-0.045999639068689424,-0.04811503561407638,-0.04393712106529468,0.001066934152250521,0.6268666666666666,30,-0.0868804149136088,-0.005118863223770059,0.01590331623688606,0.03408905654926677,0.03125,-0.11632475950683846,-0.020608337117711897,-0.07761282127945063,-0.023352097496209902,,,False,env_mean_t,True,0,-0.0038754671119153503,-0.005076239724658081,-0.0026664054603558426,0.0006203800199851149,0.5080666666666667,30,-0.00857654136475785,0.0008256071409271514,0.0018287977405235223,0.0876016881041312,0.0625,-0.01189831263605143,-0.0007805339421614564,-0.007521797356413045,-0.0011484904978424312,,,False,env_mean_t,True,0
robust,posterior_mean_shrunk,family,A,all,,,all,,refine_after_init,baseline,False,30,6,15000,30,True,True,0.20395421084831858,0.2019848474673927,0.20590408481036623,0.0010086682650191133,0.5957817936135261,0.18564179841677347,0.018312412431545088,8.0,0.046917547383625836,147.57546666666664,0.25726666666666664,0.2592208672,0.8757999999999999,,,0.7997360044618448,0.7505688767919937,0.6140942060450711,0.0,0.0387384129097724,0.03722810333070811,0.04027268838253804,0.000779516455634765,0.3767000000000001,30,0.018034305999123004,0.0594425198204218,0.008054249284588274,0.004842162649477741,0.03125,0.022805492933404958,0.06731126165605314,0.025968100289503734,0.05486924986119215,,,False,env_mean_t,True,0,0.08086258486654647,0.07864248094303548,0.08311793062535193,0.0011490363853395862,0.29579999999999995,30,0.023726732128990673,0.13799843760410227,0.022226817269722345,0.014933744646821793,0.03125,0.04379401069300801,0.1692912496071104,0.04689682273666064,0.12441676770404834,,,False,env_mean_t,True,0
robust,posterior_mean_shrunk,family,B,all,,,all,,adaptive_K_star,baseline,False,120,24,60000,120,True,True,0.09002363785118796,0.08932095352880424,0.09074451733967484,0.0003594904442896002,0.7207120828952795,0.044747979624817774,0.04527565822637019,46.6,0.2219075237474773,52.30446666666667,10.958333333333334,0.07395779806666665,1.0504833333333332,,64.0,0.8107357207464676,0.7804291188411414,0.7659877411216498,0.4,-0.030039368762425148,-0.030950871874235116,-0.029167893380404163,0.0004488700676198175,0.5915833333333332,120,-0.04063084027763335,-0.01944789724721694,0.005119973195111145,5.583498521565681e-06,,-0.040951827702540064,-0.019677017731797537,-0.04003936487340834,-0.020410788438418342,,,False,env_mean_t,True,0,-0.0006736481761598649,-0.0010905975564831749,-0.0002614889170757807,0.00021347537295714054,0.504,120,-0.0012401148431224153,-0.00010718150919731433,0.0002738329746350829,0.021828970447718685,,-0.0012232299309065445,-8.950168967105461e-05,-0.0011851835784720604,-0.0001401543188567545,,,False,env_mean_t,True,0
robust,posterior_mean_shrunk,family,B,all,,,all,,always_search,baseline,False,120,24,60000,120,True,True,0.11618368905592942,0.11536501226920033,0.11704962855139457,0.0004304154089881935,0.694552031690538,0.03030660190532605,0.08587708715060338,61.2,0.4264813229641337,49.64424999999999,28.58335,0.04992695056666667,1.0504,,64.0,0.8107357207464676,0.7804291188411414,0.7804291188411414,0.8,-0.0038793175576836815,-0.004923372155321885,-0.0028374069481450688,0.0005326894136296422,0.5367416666666666,120,-0.01448944155725034,0.006730806441882982,0.005128989904432452,0.4571164861593753,,-0.015415430499442153,0.006068177545307448,-0.013742627858448151,0.005763417754343239,,,False,env_mean_t,True,0,0.025486403028581604,0.024661280755078646,0.026305432157159598,0.00041628736573769674,0.45056666666666667,120,0.020009302472502346,0.030963503584660854,0.002647659297746115,1.5615001603420265e-09,,0.019973009308039143,0.03108020141863426,0.02037401686414892,0.0305852787460606,,,False,env_mean_t,True,0
robust,posterior_mean_shrunk,family,B,all,,,all,,cp0,reference,False,120,24,60000,120,True,True,0.1200630066136131,0.11930544548260515,0.12084874430564621,0.0003980069814837842,0.6906727141328545,0.10063274365787706,0.01943026295573606,16.320149999999998,0.05681489444334039,80.00276666666666,0.7629333333333332,0.16494617793333333,1.5991666666666666,,,0.8107357207464676,0.7804291188411414,0.7101029770885905,0.0,0.0,0.0,0.0,0.0,0.5,120,0.0,0.0,0.0,1.0,,0.0,0.0,0.0,0.0,,,False,env_mean_t,True,0,0.029365720586265284,0.028457313834389122,0.03027369407077458,0.0004577537159059987,0.41195,120,0.018497317928951366,0.0402341232435792,0.005253843169876865,1.0945179259931022e-05,,0.018886816768682035,0.04062943888724924,0.01961294795489007,0.0395825436985254,,,False,env_mean_t,True,0
robust,posterior_mean_shrunk,family,B,all,,,all,,fixed_K_star,baseline,False,120,24,60000,120,True,True,0.090394613838677,0.08969519483558543,0.09111333764310985,0.00036233937911411536,0.7203411069077905,0.040284870480994384,0.0501097433576826,50.4,0.2610051324879432,51.50246666666667,14.243533333333334,0.06715667056666667,1.0504,,64.0,0.8107357207464676,0.7804291188411414,0.770450850265473,0.6,-0.02966839277493612,-0.030593764617213613,-0.028754522529238786,0.0004635057617544414,0.5882250000000001,120,-0.04079992322136016,-0.01853686232851208,0.0053810405309988076,1.3171123583514131e-05,,-0.04151530144458698,-0.01891355364221191,-0.04020843017950013,-0.01944262467657721,,,False,env_mean_t,True,0,-0.00030267218867084005,-0.0006271195546419268,1.923205697632819e-05,0.00016344163160076123,0.5006166666666666,120,-0.0007698981499462825,0.00016455377260460227,0.00022585949406136682,0.19330557041188412,,-0.0007700126813087434,0.0001641983412624525,-0.0007353990273967308,0.00012749739492379968,,,False,env_mean_t,True,0
robust,posterior_mean_shrunk,family,B,all,,,all,,p3_star,reference,False,120,24,60000,120,True,True,0.09069728602734782,0.08998289961166543,0.09142141678339005,0.0003619423147288953,0.7200384347191197,0.04164002616256476,0.04905725986478307,49.8,0.2485051324879432,51.5203,13.423866666666667,0.0685717975,1.0511833333333334,,136.66666666666666,0.8107357207464676,0.7804291188411414,0.7690956945839028,0.6,-0.029365720586265284,-0.03027369407077458,-0.028457313834389122,0.0004577537159059987,0.5880500000000001,120,-0.0402341232435792,-0.018497317928951366,0.005253843169876865,1.0945179259931022e-05,,-0.0412095755027074,-0.018995101184044242,-0.03954479803352189,-0.019316155232190022,,,False,env_mean_t,True,0,0.0,0.0,0.0,0.0,0.5,120,0.0,0.0,0.0,1.0,,0.0,0.0,0.0,0.0,,,False,env_mean_t,True,0
robust,posterior_mean_shrunk,family,B,all,,,all,,phi_k16,learned,False,120,24,60000,120,True,True,0.08994343590838835,0.08923249080093229,0.09066612818142554,0.00036125250080570843,0.7207922848380792,0.03976640850578745,0.05017702740260089,44.29883333333334,0.22938854179238904,54.37558333333333,10.393666666666668,0.08328976816666668,1.0375,191.99699999999999,92.34400518675488,0.8107357207464676,0.7804291188411414,0.77096931224068,0.4435333333333333,-0.03011957070522476,-0.031024226127865404,-0.02922275951173257,0.00045565329877460075,0.592175,120,-0.04040694798619971,-0.0198321934242498,0.004972972438339392,3.542469884678391e-06,,-0.041047869170159984,-0.020412331467759642,-0.039752770327789275,-0.020818003128444545,,,False,env_mean_t,True,0,-0.0007538501189594778,-0.0012599142285668605,-0.00026605152777032506,0.00024817666795957753,0.5040833333333333,120,-0.0018095172352060197,0.00030181699728706434,0.0005103150521041011,0.1531783564424528,,-0.0017553780468482832,0.0004039137003883979,-0.0017108521357307714,0.00024289134381367956,,,False,env_mean_t,True,0
robust,posterior_mean_shrunk,family,B,all,,,all,,phi_k16_quality,learned,False,120,24,60000,120,True,True,0.08982903757092232,0.08912467914757144,0.09054206910273933,0.0003600102723287023,0.7209066831755453,0.040513431146740914,0.04931560642418142,43.52603333333333,0.22343837098718858,54.90463333333334,9.748733333333336,0.08544447196666667,1.05,188.44096666666664,91.07786556654901,0.8107357207464676,0.7804291188411414,0.7702222895997266,0.4527666666666666,-0.03023396904269078,-0.031133141854294687,-0.029343659098243127,0.000453503532931986,0.5917416666666668,120,-0.04054077601017039,-0.019927162075211172,0.004982364851277518,3.446092697199183e-06,,-0.0410747385660632,-0.020726575151128197,-0.03978602240307917,-0.020874059692494337,,,False,env_mean_t,True,0,-0.0008682484564254991,-0.0013780230442136106,-0.00037899341414861487,0.00025225029272128225,0.5036916666666666,120,-0.001965174199076156,0.00022867728622515734,0.0005302596897262529,0.1151571579328172,,-0.0019024938363631726,0.00030425024090001526,-0.0018505432588827287,0.00017612527785386165,,,False,env_mean_t,True,0
robust,posterior_mean_shrunk,family,B,all,,,all,,phi_k4,learned,False,120,24,60000,120,True,True,0.08787838145674517,0.08719795340914667,0.08859317928176703,0.00035558376413998417,0.7228573392897224,0.03703054186751445,0.05084783958923071,50.66473333333333,0.2623360711260247,51.90715,16.06553333333333,0.0735342999,1.0504,277.74039999999997,71.9553490829718,0.8107357207464676,0.7804291188411414,0.773705178878953,0.5882833333333333,-0.03218462515686794,-0.033095809426899145,-0.03126606212983309,0.0004631719218789352,0.596175,120,-0.043391125946162276,-0.0209781243675736,0.005417281590172978,4.67266616130411e-06,,-0.043595842675683324,-0.021413910458809783,-0.042894330208072595,-0.022217484619430617,,,False,env_mean_t,True,0,-0.002818904570602657,-0.003316797536157215,-0.0023180202185878566,0.00025338640232908983,0.508925,120,-0.00358052750389263,-0.002057281637312683,0.0003681725431284354,9.031355959810389e-08,,-0.0036071109642246846,-0.002054886589818614,-0.003528788662433411,-0.002104064011467854,,,False,env_mean_t,True,0
robust,posterior_mean_shrunk,family,B,all,,,all,,refine_after_init,baseline,False,120,24,60000,120,True,True,0.14982647308278826,0.14897430001224468,0.15067346444770616,0.0004411313727334574,0.6609092476636793,0.13281291571867965,0.017013557364108662,8.0,0.046917547383625836,147.06746666666666,0.3825333333333333,0.26703190956666667,0.7476333333333334,,,0.8107357207464676,0.7804291188411414,0.6779228050277877,0.0,0.02976346646917518,0.02906038004028346,0.030437221803083503,0.0003530669598194279,0.39917499999999995,120,0.021320742030890814,0.03820619090745956,0.004081257524571273,2.021227267538934e-07,,0.020925227440678887,0.038472871282598,0.021551195716193763,0.03773072410113838,,,False,env_mean_t,True,0,0.059129187055440464,0.05812077848605687,0.060125567938283664,0.00050704498975644,0.338575,120,0.03995177931780004,0.07830659479308087,0.009270460051509269,1.6519326334482148e-06,,0.04034007298180481,0.07854137264718143,0.041397689148638554,0.07676285389302114,,,False,env_mean_t,True,0
robust,posterior_mean_shrunk,horizon,all,50,,,all,,adaptive_K_star,baseline,False,30,30,15000,30,True,True,0.12419235704795187,0.12232046813859294,0.1260891757191469,0.0009615003392671322,0.6431687374427354,0.044671451906363166,0.07952090514158869,19.0,0.3541666666666666,7.171800000000001,7.121933333333334,0.09220202666666667,0.0,,,0.767361094490687,0.767361094490687,0.7226896425843239,0.0,-0.036277101034164656,-0.038698930942143,-0.03385930047666382,0.0012281871041468055,0.5729000000000001,30,-0.047398014281258186,-0.02515618778707113,0.005437488787565673,2.5696525016452824e-07,,-0.04858335118445344,-0.02621908642088942,-0.046913954995839835,-0.0261904030337564,,,False,env_mean_t,True,0,-0.0018147980582745124,-0.0029556547271810505,-0.0006820076475681467,0.0005846716825814581,0.5086,30,-0.0030328296900789383,-0.0005967664264700868,0.0005955476131933524,0.0048855667193266165,,-0.003009887986849035,-0.0005128565747602131,-0.0029501462094089956,-0.0006397260085380795,,,False,env_mean_t,True,0
robust,posterior_mean_shrunk,horizon,all,50,,,all,,always_search,baseline,False,30,30,15000,30,True,True,0.24590305621721198,0.2432523104548454,0.24871627477928995,0.0013857621751581235,0.5214580382734751,0.0,0.24590305621721198,50.0,1.0,1.0,50.0,0.02000000000000001,0.0,,,0.767361094490687,0.767361094490687,0.767361094490687,0.0,0.08543359813509548,0.0821951871724256,0.08873468582596009,0.0016747450955478733,0.33836666666666665,30,0.06819955809916622,0.10266763817102473,0.0084264571962482,4.823681654304038e-11,,0.06858909173174607,0.10303638499129189,0.06914813474544697,0.10155276764052261,,,False,env_mean_t,True,0,0.11989590111098565,0.11681916750812282,0.12299712889362127,0.0016048558681193688,0.2855333333333333,30,0.0980160787459119,0.1417757234760594,0.01069797831712342,4.677086930933361e-12,,0.09803629438068896,0.141531986915676,0.09977138411835228,0.1409277146081448,,,False,env_mean_t,True,0
robust,posterior_mean_shrunk,horizon,all,50,,,all,,cp0,reference,False,30,30,15000,30,True,True,0.1604694580821165,0.15841840844601393,0.16254248163818072,0.001069679126226098,0.6068916364085706,0.1271752319974204,0.03329422608469613,6.0,0.08333333333333334,13.625933333333332,0.21,0.221556,0.039866666666666675,,,0.767361094490687,0.767361094490687,0.6401858624932667,0.0,0.0,0.0,0.0,0.0,0.5,30,0.0,0.0,0.0,1.0,,0.0,0.0,0.0,0.0,,,False,env_mean_t,True,0,0.034462302975890154,0.03198662330270357,0.0368797862965342,0.0012466538626380308,0.43443333333333334,30,0.02296757059572943,0.045957035356050877,0.005620264904910318,1.1102038874272241e-06,,0.023835377079117565,0.04714321508683456,0.02408217742918928,0.04583348528842261,,,False,env_mean_t,True,0
robust,posterior_mean_shrunk,horizon,all,50,,,all,,fixed_K_star,baseline,False,30,30,15000,30,True,True,0.1258763490744032,0.12398288150317967,0.12779251902364194,0.0009657116034584856,0.6414847454162838,0.032231300237774846,0.09364504883662836,24.0,0.45833333333333337,6.103666666666667,12.664733333333333,0.07325728000000001,0.0,,,0.767361094490687,0.767361094490687,0.7351297942529121,0.0,-0.03459310900771331,-0.037093506053182256,-0.03208107482236907,0.001290014922581889,0.5633333333333332,30,-0.046758823913829725,-0.0224273941015969,0.005948336878899515,2.6446802686941857e-06,,-0.04794809268748278,-0.023486741876766814,-0.04616393978330902,-0.023468106646272358,,,False,env_mean_t,True,0,-0.0001308060318231583,-0.00151559932883174,0.0012425302498119584,0.0007096782951141543,0.49933333333333335,30,-0.002063621801121979,0.0018020097374756622,0.0009450360631793598,0.8908700633849653,,-0.002133621422858629,0.0018235949525428616,-0.00193667091980072,0.0017439956300736713,,,False,env_mean_t,True,0
robust,posterior_mean_shrunk,horizon,all,50,,,all,,p3_star,reference,False,30,30,15000,30,True,True,0.12600715510622637,0.12413994639335822,0.12794426959318417,0.0009626175179774062,0.6413539393844607,0.0393048142294089,0.08670234087681745,21.0,0.3958333333333334,6.564066666666666,8.861266666666666,0.08207962666666667,0.0,,,0.767361094490687,0.767361094490687,0.7280562802612782,0.0,-0.034462302975890154,-0.0368797862965342,-0.03198662330270357,0.0012466538626380308,0.5655666666666668,30,-0.045957035356050877,-0.02296757059572943,0.005620264904910318,1.1102038874272241e-06,,-0.04764199657537371,-0.02388995249458168,-0.04565130186507479,-0.023879165309738843,,,False,env_mean_t,True,0,0.0,0.0,0.0,0.0,0.5,30,0.0,0.0,0.0,1.0,,0.0,0.0,0.0,0.0,,,False,env_mean_t,True,0
robust,posterior_mean_shrunk,horizon,all,50,,,all,,phi_k16,learned,False,30,30,15000,30,True,True,0.1250216608714254,0.12312358488018314,0.1269369328673929,0.0009703165270825893,0.6423394336192616,0.02685422260065873,0.09816743827076668,23.978666666666676,0.4578888888888889,6.838399999999999,15.197266666666666,0.08710090666666669,0.0,0.0,,0.767361094490687,0.767361094490687,0.7405068718900282,0.0,-0.035447797210691114,-0.0378944415318377,-0.032951594713279825,0.001257227276654795,0.5713666666666666,30,-0.04665044839786106,-0.02424514602352117,0.0054774539525488984,4.4062227033070846e-07,,-0.04847248820394044,-0.025420703419058062,-0.04637229168716079,-0.025274577976647464,,,False,env_mean_t,True,0,-0.0009854942348009597,-0.002534316059865584,0.0005678584951480538,0.0007829894479968564,0.5058666666666666,30,-0.003135627801613485,0.001164639332011566,0.001051292002872808,0.35628831367736413,,-0.0030155467583602436,0.001339871256642106,-0.0029658974168224566,0.001095847168319935,,,False,env_mean_t,True,0
robust,posterior_mean_shrunk,horizon,all,50,,,all,,phi_k16_quality,learned,False,30,30,15000,30,True,True,0.12466967718955128,0.12275796563054125,0.12659710245517392,0.0009675821722123368,0.6426914173011357,0.0281771088163058,0.0964925683732455,23.441066666666664,0.4466888888888888,6.884666666666666,14.359399999999999,0.08806053333333334,0.0,0.0,,0.767361094490687,0.767361094490687,0.7391839856743813,0.0,-0.03579978089256523,-0.03824785289150895,-0.033337845189574486,0.001255158367121069,0.5717666666666666,30,-0.04704344831833831,-0.024556113466792158,0.005497508540922829,3.950237695510849e-07,,-0.048628791771839486,-0.0256383171810437,-0.04690792933807281,-0.025712176840493147,,,False,env_mean_t,True,0,-0.0013374779166750765,-0.002865429395749288,0.0002073579542502555,0.0007800783073326405,0.5064333333333333,30,-0.0033201713225991265,0.0006452154892489733,0.000969423366980227,0.17823637024267383,,-0.0032538690483744394,0.000722910509309591,-0.0031898707539175907,0.0005403639730732047,,,False,env_mean_t,True,0
robust,posterior_mean_shrunk,horizon,all,50,,,all,,phi_k4,learned,False,30,30,15000,30,True,True,0.11733343692117099,0.11553453189165643,0.11918306359400352,0.0009293685068762775,0.6500276575695162,0.028247140695651367,0.08908629622551961,22.546933333333335,0.4280611111111111,7.324266666666666,14.060866666666668,0.09565045333333334,0.0,0.0,,0.767361094490687,0.767361094490687,0.7391139537950356,0.0,-0.04313602116094553,-0.045638619806413774,-0.040692362124633896,0.0012663162236767464,0.5883,30,-0.05581345547547644,-0.03045858684641462,0.006198538322235183,1.192777940726521e-07,,-0.057557540147756124,-0.031717001295684534,-0.05555526832486916,-0.03154928664440101,,,False,env_mean_t,True,0,-0.00867371818505538,-0.010313350346017007,-0.007036306001541562,0.0008373700024098478,0.5240999999999999,30,-0.011054629747350412,-0.0062928066227603465,0.00116412920742352,3.2768724252790404e-08,,-0.011354664892789234,-0.006569653438807568,-0.011010364484601501,-0.006513688701991148,,,False,env_mean_t,True,0
robust,posterior_mean_shrunk,horizon,all,50,,,all,,refine_after_init,baseline,False,30,30,15000,30,True,True,0.14483693457682384,0.14281132214081785,0.146857664398849,0.00102095726176026,0.6225241599138632,0.102237632317096,0.04259930225972784,8.0,0.125,12.158000000000003,0.8532,0.18966186666666668,0.0031999999999999997,,,0.767361094490687,0.767361094490687,0.6651234621735913,0.0,-0.015632523505292678,-0.017173046567259004,-0.01413687587948516,0.0007764892361278527,0.5342666666666667,30,-0.019248347896557445,-0.012016699114027909,0.0017679307578851132,9.959246202800382e-10,,-0.019455260566664568,-0.012217766478661615,-0.019054299728345648,-0.012225049199465043,,,False,env_mean_t,True,0,0.018829779470597472,0.016465622922793653,0.02118286622802164,0.0011790655101758588,0.4694666666666666,30,0.010330249574822429,0.027329309366372515,0.004155782666494112,9.320048598408285e-05,,0.011132888419881104,0.02870716992840562,0.011168066449518132,0.027313009864871462,,,False,env_mean_t,True,0
robust,posterior_mean_shrunk,horizon,all,100,,,all,,adaptive_K_star,baseline,False,30,30,15000,30,True,True,0.10915446231868119,0.1074753303375716,0.11084990835748613,0.0008585174672443974,0.6820614496250326,0.04255764634410541,0.06659681597457577,32.0,0.3061224489795918,11.893399999999998,10.980933333333333,0.06772735999999999,0.0,,,0.791215911943714,0.7765664652834335,0.7486582655996085,0.0,-0.03272649749033153,-0.0348391292719801,-0.030630048774158543,0.00107207770677654,0.5786666666666668,30,-0.043576852903193866,-0.0218761420774692,0.005305201523261669,1.0035546845994018e-06,,-0.04521972129280079,-0.02297941803551979,-0.04335389775821318,-0.02283160019289082,,,False,env_mean_t,True,0,-0.0006908160528168082,-0.0017644587988252165,0.0003799733389011329,0.000549414125019928,0.5065666666666666,30,-0.0020011457308614067,0.0006195136252277904,0.0006406760644629749,0.2898047748313526,,-0.0019185564508790182,0.0007556821546226006,-0.0018863946223134796,0.0005874426011989515,,,False,env_mean_t,True,0
robust,posterior_mean_shrunk,horizon,all,100,,,all,,always_search,baseline,False,30,30,15000,30,True,True,0.11791339372619987,0.11617069350089879,0.11973427290872982,0.0008996036395845649,0.6733025182175141,0.014649446660280226,0.10326394706591961,64.0,0.6326530612244897,7.138533333333333,49.21333333333333,0.030272893333333335,0.0,,64.0,0.791215911943714,0.7765664652834335,0.7765664652834335,1.0,-0.023967566082812846,-0.026359184394435336,-0.021559646581081327,0.0012061738453815615,0.5430333333333334,30,-0.037938865142857,-0.009996267022768693,0.006831163978962924,0.0014905084374620548,,-0.04153138809708551,-0.011964450906017483,-0.03780261376962841,-0.01140635078242825,,,False,env_mean_t,True,0,0.008068115354701876,0.0060507617849119314,0.010076450299347924,0.0010095848048908848,0.46659999999999996,30,0.0027581272626572527,0.0133781034467465,0.0025962796463811907,0.004197143624244016,,0.0024093762094648313,0.013145927365113169,0.002904164072973654,0.012966173144765196,,,False,env_mean_t,True,0
robust,posterior_mean_shrunk,horizon,all,100,,,all,,cp0,reference,False,30,30,15000,30,True,True,0.1418809598090127,0.14009180638861532,0.14374206542658308,0.000924161303088111,0.649334952134701,0.11577228199094537,0.026108677818067375,8.999799999999999,0.07142653061224487,24.023733333333336,0.3662,0.17815869333333334,0.1572,,,0.791215911943714,0.7765664652834335,0.6754436299527686,0.0,0.0,0.0,0.0,0.0,0.5,30,0.0,0.0,0.0,1.0,,0.0,0.0,0.0,0.0,,,False,env_mean_t,True,0,0.03203568143751472,0.02988729403654967,0.03422747872571866,0.0011002225393330683,0.4266,30,0.020602046355158735,0.04346931651987071,0.005590391830246183,3.3443353572864726e-06,,0.021695941865137118,0.045395842523306563,0.021561824116312595,0.04330779844781229,,,False,env_mean_t,True,0
robust,posterior_mean_shrunk,horizon,all,100,,,all,,fixed_K_star,baseline,False,30,30,15000,30,True,True,0.10892970321637889,0.10726260199056317,0.11061766110050182,0.0008588626486771265,0.6822862087273348,0.037052744550506285,0.07187695866587261,36.0,0.34693877551020397,11.051333333333332,14.217666666666668,0.06062509333333334,0.0,,,0.791215911943714,0.7765664652834335,0.7541631673932075,0.0,-0.03295125659263383,-0.03512507416509228,-0.030792922087663707,0.0011037940602253002,0.5762666666666667,30,-0.044385472363787204,-0.021517040821480454,0.0055906757537652965,2.1313964868430483e-06,,-0.046104317648977766,-0.022732461144862257,-0.0440479731770015,-0.02253988039212768,,,False,env_mean_t,True,0,-0.0009155751551191011,-0.0014022308967863257,-0.00042317339539370866,0.0002473076472161495,0.5026333333333333,30,-0.0012923687488187632,-0.000538781561419439,0.00018423045800703005,2.7593188011972586e-05,,-0.0012924503634617107,-0.0005454789770852026,-0.001276132978238165,-0.0005686223390946785,,,False,env_mean_t,True,0
robust,posterior_mean_shrunk,horizon,all,100,,,all,,p3_star,reference,False,30,30,15000,30,True,True,0.10984527837149799,0.10815540704410523,0.11154324669701357,0.0008600614475580664,0.6813706335722161,0.037052744550506285,0.07279253382099173,36.0,0.34693877551020397,10.743266666666667,13.988866666666668,0.058892173333333325,0.0,,,0.791215911943714,0.7765664652834335,0.7541631673932075,0.0,-0.03203568143751472,-0.03422747872571866,-0.02988729403654967,0.0011002225393330683,0.5734000000000001,30,-0.04346931651987071,-0.020602046355158735,0.005590391830246183,3.3443353572864726e-06,,-0.04536224771566541,-0.021713625523017505,-0.04333040928700317,-0.021561756680843733,,,False,env_mean_t,True,0,0.0,0.0,0.0,0.0,0.5,30,0.0,0.0,0.0,1.0,,0.0,0.0,0.0,0.0,,,False,env_mean_t,True,0
robust,posterior_mean_shrunk,horizon,all,100,,,all,,phi_k16,learned,False,30,30,15000,30,True,True,0.1067498307126264,0.1051079899732334,0.10836983660546443,0.0008449275315792561,0.6844660812310874,0.03232261646787325,0.07442721424475313,33.57826666666667,0.32222721088435374,13.331,15.322666666666665,0.0848068,0.0,1.1989333333333332,90.39699144795641,0.791215911943714,0.7765664652834335,0.7588932954758405,0.13313333333333333,-0.03513112909638633,-0.03731466316705337,-0.03301885966337674,0.0011025178020514115,0.5824,30,-0.04703931683730984,-0.02322294135546283,0.005822420864439463,1.451922836639609e-06,,-0.05062424004376585,-0.025163835523939762,-0.04683840438869161,-0.024518834045028005,,,False,env_mean_t,True,0,-0.0030954476588716112,-0.0045761240502664195,-0.0016120929747800508,0.0007611648074881437,0.5089000000000001,30,-0.005994537187742918,-0.00019635813000030413,0.001417488515298568,0.03721594846272806,,-0.00593808574191578,-0.0001733227858720949,-0.005796595891133571,-0.00031036180348446054,,,False,env_mean_t,True,0
robust,posterior_mean_shrunk,horizon,all,100,,,all,,phi_k16_quality,learned,False,30,30,15000,30,True,True,0.10625694547469416,0.10462414138639967,0.10788842550013214,0.000840513520422944,0.6849589664690198,0.03328176232775052,0.07297518314694366,32.87146666666666,0.31501496598639456,13.687066666666665,14.903533333333336,0.08762988000000001,0.0006666666666666666,1.5842666666666665,90.48290113228624,0.791215911943714,0.7765664652834335,0.7579341496159633,0.16786666666666666,-0.03562401433431854,-0.03780375325998951,-0.033515803050637866,0.0010975742103847999,0.5822666666666667,30,-0.04759133557427532,-0.023656693094361757,0.005851333754129256,1.2508528179807056e-06,,-0.05115843778117729,-0.02522117696550858,-0.04787986397533213,-0.025090085851786036,,,False,env_mean_t,True,0,-0.003588332896803816,-0.00513305893667469,-0.0020523838139100315,0.0007866615866378158,0.5093000000000001,30,-0.006700823721403304,-0.0004758420722043282,0.001521829510232346,0.025336257068508273,,-0.006612685992810419,-0.00044735767214021827,-0.006552842792533337,-0.0006535896835196773,,,False,env_mean_t,True,0
robust,posterior_mean_shrunk,horizon,all,100,,,all,,phi_k4,learned,False,30,30,15000,30,True,True,0.10376360185767215,0.10215256228266904,0.1054011721846958,0.0008383157444304294,0.6874523100860418,0.022400827821095783,0.08136277403657635,42.54520000000001,0.41372653061224496,11.207066666666666,26.416800000000006,0.06485787999999999,0.0,4.711333333333333,85.65220313845134,0.791215911943714,0.7765664652834335,0.768815084122618,0.24026666666666668,-0.038117357951340566,-0.04040807111644729,-0.0358903329486687,0.0011404279425607775,0.5885000000000001,30,-0.05123335076114166,-0.025001365141539472,0.00641296827486039,1.8585591511852516e-06,,-0.054546938463624864,-0.0269976357846611,-0.0508615652004707,-0.026412849638004176,,,False,env_mean_t,True,0,-0.0060816765138258545,-0.007737507408055535,-0.004408089762097614,0.0008341630370216853,0.5158,30,-0.008774812219953574,-0.003388540807698135,0.0013167889075377374,7.313788377328996e-05,,-0.009543746050953098,-0.003852501452400165,-0.008799184130476787,-0.0036986684353960066,,,False,env_mean_t,True,0
robust,posterior_mean_shrunk,horizon,all,100,,,all,,refine_after_init,baseline,False,30,30,15000,30,True,True,0.149647985735101,0.1477909458638169,0.15157285416498778,0.0009552733010066449,0.6415679262086129,0.12548900170574587,0.024158984029355155,8.0,0.06122448979591837,27.208866666666662,0.4356666666666667,0.21151473333333334,0.07553333333333331,,,0.791215911943714,0.7765664652834335,0.665726910237968,0.0,0.007767025926088294,0.006831853216570684,0.008725500595064658,0.00048176621552168444,0.4823666666666667,30,0.005774826197826224,0.009759225654350364,0.0009740714134108996,8.562660150173177e-09,,0.005814004756371626,0.009795422673044068,0.005981130937437216,0.009709539110002417,,,False,env_mean_t,True,0,0.03980270736360302,0.03760092199557145,0.04204282327516315,0.0011368727600351907,0.41019999999999995,30,0.02686751848279025,0.0527378962444158,0.006324565522786162,7.145752468681735e-07,,0.027966268512908808,0.05395849229745399,0.027983382686286546,0.052280629435487405,,,False,env_mean_t,True,0
robust,posterior_mean_shrunk,horizon,all,200,,,all,,adaptive_K_star,baseline,False,30,30,15000,30,True,True,0.09342444735380512,0.0920273095392622,0.09482312890700996,0.0007245518238212813,0.7163565430361777,0.03997557982305686,0.05344886753074825,54.0,0.2626262626262627,19.842333333333336,16.7462,0.050754333333333325,0.002333333333333333,,,0.8097809903899827,0.7756427314261596,0.7698054105669261,0.0,-0.03313927792447309,-0.034932017167169156,-0.03126587131615755,0.0009321289647523397,0.5943666666666668,30,-0.04498728823867798,-0.0212912676102682,0.005792997553981346,3.4371341803751306e-06,,-0.04732620540691003,-0.02280580305382933,-0.044482835572520266,-0.02254895625288288,,,False,env_mean_t,True,0,-0.000821872018215557,-0.0019296410062452196,0.00028013603781194694,0.0005585121142784058,0.5033666666666666,30,-0.002081600382532279,0.0004378563461011651,0.0006159349240621781,0.1924731816897736,,-0.00228387487755433,0.00030078583362786934,-0.002035891498993151,0.00032447135361842805,,,False,env_mean_t,True,0
robust,posterior_mean_shrunk,horizon,all,200,,,all,,always_search,baseline,False,30,30,15000,30,True,True,0.09424602327998727,0.09277566810681795,0.09570959515947228,0.0007477859397005913,0.7155349671099955,0.03413825896382332,0.06010776431616396,64.0,0.31313131313131315,17.749999999999996,23.8372,0.04344573333333333,0.0002,,64.0,0.8097809903899827,0.7756427314261596,0.7756427314261596,1.0,-0.03231770199829091,-0.03424314270141622,-0.03038211903761597,0.0009702081687724637,0.5884666666666667,30,-0.04421245125265082,-0.020422952743931005,0.005815850215214183,5.405362860387207e-06,,-0.046667444678376815,-0.02198039495661244,-0.043751391128854206,-0.021552827175726808,,,False,env_mean_t,True,0,-2.9609203338623047e-07,-8.882761297475857e-07,0.0,2.960920333862304e-07,0.5000333333333333,30,-9.016682368670949e-07,3.09484170094634e-07,2.9609203338623047e-07,0.32558198801619365,,-2.9609203338623047e-07,1.7297002656878134e-07,-8.882761001586913e-07,0.0,,,False,env_mean_t,True,0
robust,posterior_mean_shrunk,horizon,all,200,,,all,,cp0,reference,False,30,30,15000,30,True,True,0.1265637252782782,0.12501276672429718,0.12810614240899063,0.0007908087670949209,0.6832172651117047,0.1056107054506739,0.02095301982760429,13.990533333333332,0.06055824915824913,41.455866666666665,0.6679999999999999,0.14302178666666668,0.5074666666666666,,,0.8097809903899827,0.7756427314261596,0.7041702849393089,0.0,0.0,0.0,0.0,0.0,0.5,30,0.0,0.0,0.0,1.0,,0.0,0.0,0.0,0.0,,,False,env_mean_t,True,0,0.03231740590625753,0.03038211163534773,0.03424284661068668,0.0009702085277927088,0.41153333333333325,30,0.020422552351692345,0.04421225946082271,0.00581590121203289,5.4068542544055045e-06,,0.0217323008342699,0.04626066250221196,0.021650712677903167,0.043941918237994725,,,False,env_mean_t,True,0
robust,posterior_mean_shrunk,horizon,all,200,,,all,,fixed_K_star,baseline,False,30,30,15000,30,True,True,0.09424602327998727,0.09277566810681795,0.09570959515947228,0.0007477859397005913,0.7155349671099955,0.03413825896382332,0.06010776431616396,64.0,0.31313131313131315,17.749999999999996,23.8372,0.04344573333333333,0.0002,,64.0,0.8097809903899827,0.7756427314261596,0.7756427314261596,1.0,-0.03231770199829091,-0.03424314270141622,-0.03038211903761597,0.0009702081687724637,0.5884666666666667,30,-0.04421245125265082,-0.020422952743931005,0.005815850215214183,5.405362860387207e-06,,-0.04636635723311998,-0.021635040334955245,-0.04407725140070233,-0.02157786372247463,,,False,env_mean_t,True,0,-2.9609203338623047e-07,-8.882761297475857e-07,0.0,2.960920333862304e-07,0.5000333333333333,30,-9.016682368670949e-07,3.09484170094634e-07,2.9609203338623047e-07,0.32558198801619365,,-2.9609203338623047e-07,1.7297002656878134e-07,-8.882761001586913e-07,0.0,,,False,env_mean_t,True,0
robust,posterior_mean_shrunk,horizon,all,200,,,all,,p3_star,reference,False,30,30,15000,30,True,True,0.09424631937202066,0.09277570822819446,0.09570960256193455,0.0007477861076675836,0.7155346710179622,0.03413825896382332,0.06010806040819734,64.0,0.31313131313131315,17.749866666666662,23.836999999999996,0.04344487666666666,0.0002,,70.0,0.8097809903899827,0.7756427314261596,0.7756427314261596,1.0,-0.03231740590625753,-0.03424284661068668,-0.03038211163534773,0.0009702085277927088,0.5884666666666667,30,-0.04421225946082271,-0.020422552351692345,0.00581590121203289,5.4068542544055045e-06,,-0.04647588148043878,-0.021695491411619104,-0.04395409861603907,-0.021698052432139722,,,False,env_mean_t,True,0,0.0,0.0,0.0,0.0,0.5,30,0.0,0.0,0.0,1.0,,0.0,0.0,0.0,0.0,,,False,env_mean_t,True,0
robust,posterior_mean_shrunk,horizon,all,200,,,all,,phi_k16,learned,False,30,30,15000,30,True,True,0.09388148147122315,0.09242993201672409,0.09531645395094529,0.0007408633075355243,0.7158995089187598,0.04029651631712914,0.05358496515409399,44.198800000000006,0.21312525252525255,25.157733333333333,7.307133333333334,0.07661411333333334,0.005,26.650266666666667,107.24050260165426,0.8097809903899827,0.7756427314261596,0.7694844740728537,0.40086666666666665,-0.03268224380705506,-0.0345556947810231,-0.030800092916973276,0.0009435473358310983,0.5911000000000001,30,-0.04394135649562489,-0.021423131118485237,0.00550506038863644,1.8948046689599622e-06,,-0.04667132747451067,-0.023087651666464436,-0.043625631847154955,-0.0228026524047119,,,False,env_mean_t,True,0,-0.00036483790079752605,-0.001139582997184334,0.00041319316695686816,0.00039713520684077987,0.5012,30,-0.0020378939027574064,0.0013082181011623544,0.0008180284343108135,0.6589119532515493,,-0.0019756438837725183,0.0014056630870122057,-0.0019205005638301372,0.001259111488511165,,,False,env_mean_t,True,0
robust,posterior_mean_shrunk,horizon,all,200,,,all,,phi_k16_quality,learned,False,30,30,15000,30,True,True,0.09415677394227437,0.09269768089909727,0.09558730596482443,0.0007389511826485813,0.7156242164477086,0.0415359568019708,0.052620817140303554,42.367466666666665,0.20387609427609427,26.446333333333328,5.813666666666666,0.08225794000000002,0.033133333333333334,28.123600000000003,98.93678840685916,0.8097809903899827,0.7756427314261596,0.768245033588012,0.4066666666666666,-0.032406951336003846,-0.03426754148521771,-0.030551303558119497,0.0009374972801324122,0.5889666666666666,30,-0.043616747669696906,-0.021197155002310786,0.005480947519420766,2.024622659120369e-06,,-0.046601569329367584,-0.022604463584346896,-0.04370020530034323,-0.022313990253171267,,,False,env_mean_t,True,0,-8.954542974630988e-05,-0.0008714396535219745,0.0007041329294122532,0.000402695464269344,0.49806666666666666,30,-0.0018974703785729096,0.00171837951908029,0.0008839716145231255,0.9200102661355944,,-0.0017496609838545648,0.001874921536429352,-0.0017290002281467119,0.0016657874628901483,,,False,env_mean_t,True,0
robust,posterior_mean_shrunk,horizon,all,200,,,all,,phi_k4,learned,False,30,30,15000,30,True,True,0.09385238209422678,0.09238132781970004,0.09530911016666019,0.0007462600133453569,0.715928608295756,0.03429108663201332,0.059561295462213455,61.652,0.30127272727272725,18.198333333333334,21.338733333333334,0.04590937999999999,0.0002,67.9412,74.83863392002907,0.8097809903899827,0.7756427314261596,0.7754899037579696,0.7409333333333333,-0.03271134318405141,-0.03460317488876172,-0.030782792013681805,0.000968766316089949,0.5913666666666667,30,-0.04449290612488649,-0.02092978024321633,0.005760508599195553,3.860164712434182e-06,,-0.04639746193194328,-0.02238440993779675,-0.04426364488323995,-0.022349729747663565,,,False,env_mean_t,True,0,-0.0003939372777938843,-0.0006366778223180819,-0.00015531694513507924,0.00012298720276584436,0.5036,30,-0.0007398902956816692,-4.798425990609935e-05,0.00016915118515837456,0.027038182939018274,,-0.0012077776514403207,-0.00014508559866920024,-0.0007624570057789482,-0.00012388316919406258,,,False,env_mean_t,True,0
robust,posterior_mean_shrunk,horizon,all,200,,,all,,refine_after_init,baseline,False,30,30,15000,30,True,True,0.15607736411790055,0.15434474353678523,0.15779434425135452,0.0008866692840326639,0.6537036262720824,0.14380183748553194,0.012275526632368562,8.0,0.03030303030303029,62.24753333333334,0.2584,0.24524343666666665,0.37,,,0.8097809903899827,0.7756427314261596,0.6659791529044511,0.0,0.02951363883962234,0.028081039280926538,0.030923357991171845,0.0007196939383806958,0.41686666666666666,30,0.022723581330862743,0.03630369634838193,0.003319948708390091,8.878590323201548e-10,,0.022778799604600664,0.0364849813220268,0.023046141505716374,0.03602521199556999,,,False,env_mean_t,True,0,0.06183104474587987,0.05977518030733336,0.06389549180516041,0.0010734305809050816,0.3449,30,0.04350281392294033,0.08015927556881941,0.008961453738675245,1.3967998340504891e-07,,0.045019942484974484,0.08208863293123847,0.04504943304651107,0.07920271895876305,,,False,env_mean_t,True,0
robust,posterior_mean_shrunk,horizon,all,500,,,all,,adaptive_K_star,baseline,False,30,30,15000,30,True,True,0.0778846332932512,0.0767524862291369,0.07904491199102874,0.0005893775577837941,0.7532816392516097,0.05442992251416047,0.023454710779090723,64.0,0.12449799196787144,60.34193333333333,10.679933333333334,0.06253156746666667,0.7830666666666666,,64.0,0.8311662725448608,0.7767363500307005,0.7767363500307005,1.0,-0.03458149747848511,-0.03592108054164176,-0.033204569365517876,0.0006862735638839503,0.6229666666666667,30,-0.04566733327566036,-0.023495661681309853,0.005420337926265964,5.647624146128773e-07,,-0.04644755307256959,-0.023955687248908668,-0.04517283335725467,-0.024217549093961715,,,False,env_mean_t,True,0,0.0,0.0,0.0,0.0,0.5,30,0.0,0.0,0.0,1.0,,0.0,0.0,0.0,0.0,,,False,env_mean_t,True,0
robust,posterior_mean_shrunk,horizon,all,500,,,all,,always_search,baseline,False,30,30,15000,30,True,True,0.0778846332932512,0.0767524862291369,0.07904491199102874,0.0005893775577837941,0.7532816392516097,0.05442992251416047,0.023454710779090723,64.0,0.12449799196787144,60.34193333333333,10.679933333333334,0.06253156746666667,0.7830666666666666,,64.0,0.8311662725448608,0.7767363500307005,0.7767363500307005,1.0,-0.03458149747848511,-0.03592108054164176,-0.033204569365517876,0.0006862735638839503,0.6229666666666667,30,-0.04566733327566036,-0.023495661681309853,0.005420337926265964,5.647624146128773e-07,,-0.04610868722489162,-0.023853815432002656,-0.045284471573742734,-0.02453555789583673,,,False,env_mean_t,True,0,0.0,0.0,0.0,0.0,0.5,30,0.0,0.0,0.0,1.0,,0.0,0.0,0.0,0.0,,,False,env_mean_t,True,0
robust,posterior_mean_shrunk,horizon,all,500,,,all,,cp0,reference,False,30,30,15000,30,True,True,0.11246613077173631,0.11114563622628339,0.11378810362735142,0.000670820397502326,0.7187001417731246,0.1009472071463863,0.011518923625349998,21.900066666666667,0.039959973226238295,104.19453333333331,1.0311333333333332,0.13654488906666667,2.1950000000000003,,,0.8311662725448608,0.7767363500307005,0.7302190653984746,0.0,0.0,0.0,0.0,0.0,0.5,30,0.0,0.0,0.0,1.0,,0.0,0.0,0.0,0.0,,,False,env_mean_t,True,0,0.03458149747848511,0.033204569365517876,0.03592108054164176,0.0006862735638839503,0.3770333333333333,30,0.023495661681309853,0.04566733327566036,0.005420337926265964,5.647624146128773e-07,,0.024120925915061257,0.04635008543279959,0.024345409180770324,0.04513973884069671,,,False,env_mean_t,True,0
robust,posterior_mean_shrunk,horizon,all,500,,,all,,fixed_K_star,baseline,False,30,30,15000,30,True,True,0.0778846332932512,0.0767524862291369,0.07904491199102874,0.0005893775577837941,0.7532816392516097,0.05442992251416047,0.023454710779090723,64.0,0.12449799196787144,60.34193333333333,10.679933333333334,0.06253156746666667,0.7830666666666666,,64.0,0.8311662725448608,0.7767363500307005,0.7767363500307005,1.0,-0.03458149747848511,-0.03592108054164176,-0.033204569365517876,0.0006862735638839503,0.6229666666666667,30,-0.04566733327566036,-0.023495661681309853,0.005420337926265964,5.647624146128773e-07,,-0.04623617766644095,-0.024109064636078162,-0.04508812299609184,-0.024453391868012646,,,False,env_mean_t,True,0,0.0,0.0,0.0,0.0,0.5,30,0.0,0.0,0.0,1.0,,0.0,0.0,0.0,0.0,,,False,env_mean_t,True,0
robust,posterior_mean_shrunk,horizon,all,500,,,all,,p3_star,reference,False,30,30,15000,30,True,True,0.0778846332932512,0.0767524862291369,0.07904491199102874,0.0005893775577837941,0.7532816392516097,0.05442992251416047,0.023454710779090723,64.0,0.12449799196787144,60.34193333333333,10.679933333333334,0.06253156746666667,0.7830666666666666,,68.0,0.8311662725448608,0.7767363500307005,0.7767363500307005,1.0,-0.03458149747848511,-0.03592108054164176,-0.033204569365517876,0.0006862735638839503,0.6229666666666667,30,-0.04566733327566036,-0.023495661681309853,0.005420337926265964,5.647624146128773e-07,,-0.04636165332359077,-0.023825393697241473,-0.04538261409396927,-0.02432776827767491,,,False,env_mean_t,True,0,0.0,0.0,0.0,0.0,0.5,30,0.0,0.0,0.0,1.0,,0.0,0.0,0.0,0.0,,,False,env_mean_t,True,0
robust,posterior_mean_shrunk,horizon,all,500,,,all,,phi_k16,learned,False,30,30,15000,30,True,True,0.0778763817573587,0.07673361452412791,0.0790405056309343,0.0005889738884771512,0.7532898907875022,0.05503589484790961,0.0228404869094491,58.11626666666666,0.11268326639892899,64.23033333333333,7.207399999999999,0.06928559733333331,0.7348666666666667,206.15653333333336,98.01490119428533,0.8311662725448608,0.7767363500307005,0.7761303776969513,0.736,-0.03458974901437759,-0.03591809198821769,-0.03321994703686717,0.0006839921940742737,0.6233333333333333,30,-0.045610693561776466,-0.02356880446697872,0.005388609826672846,5.079605758156551e-07,,-0.04621420703030904,-0.024207263604151222,-0.0451093693005542,-0.02456875532844414,,,False,env_mean_t,True,0,-8.251535892486539e-06,-0.00018446937495355086,0.0001623227398295057,9.039982277068633e-05,0.49996666666666667,30,-0.0005228382531220514,0.0005063351813370783,0.0002516033929045589,0.9740621093771744,,-0.0004737111068476322,0.0005778652071391576,-0.00048322059979041403,0.0004974145935972527,,,False,env_mean_t,True,0
robust,posterior_mean_shrunk,horizon,all,500,,,all,,phi_k16_quality,learned,False,30,30,15000,30,True,True,0.07800309449285268,0.07685754174191971,0.07916001834130536,0.0005892508867041513,0.7531631780520083,0.05529053537944952,0.02271255911340316,57.25333333333334,0.11095046854082996,65.30506666666666,6.7822000000000005,0.07107555999999998,0.7756,195.04173333333333,98.72159923467724,0.8311662725448608,0.7767363500307005,0.7758757371654114,0.7381333333333334,-0.03446303627888361,-0.035797944685133795,-0.03309869371541936,0.0006831082158579823,0.6212333333333333,30,-0.0455052896205878,-0.023420782937179425,0.005399028605017509,5.598204923102232e-07,,-0.046295241577082674,-0.02419053318149591,-0.04467993128893276,-0.02422257875611385,,,False,env_mean_t,True,0,0.00011846119960149126,-6.737594070727936e-05,0.00030315354731745467,9.570791307772706e-05,0.4989666666666667,30,-0.0005472984536449672,0.0007842208528479498,0.00032551828876889574,0.7185608487216062,,-0.000426432642096629,0.0009887583199798525,-0.0004501679656902949,0.0008016671553254124,,,False,env_mean_t,True,0
robust,posterior_mean_shrunk,horizon,all,500,,,all,,phi_k4,learned,False,30,30,15000,30,True,True,0.07788413696140051,0.07675273076204273,0.07904430675203912,0.0005893776888286927,0.7532821355834604,0.05442992251416047,0.023454214447240034,64.0,0.12449799196787144,60.33993333333333,10.6774,0.06252507413333333,0.7830666666666666,414.526,66.39973333333333,0.8311662725448608,0.7767363500307005,0.7767363500307005,1.0,-0.03458199381033579,-0.03592187149481712,-0.033205153972453445,0.0006862736340239223,0.6230333333333333,30,-0.04566760619847536,-0.02349638142219622,0.005420228692060141,5.644252048980221e-07,,-0.046184497856596174,-0.02423894633110439,-0.04499177209393432,-0.024354470004253087,,,False,env_mean_t,True,0,-4.963318506876628e-07,-1.5734156553056285e-06,4.042148702865234e-07,4.95599424406612e-07,0.5001,30,-1.8054515748881534e-06,8.127878735128279e-07,6.400844664246997e-07,0.4443713354092995,,-3.6433268389750104e-06,3.475588981316834e-07,-1.8691778182983399e-06,3.8018226623535157e-07,,,False,env_mean_t,True,0
robust,posterior_mean_shrunk,horizon,all,500,,,all,,refine_after_init,baseline,False,30,30,15000,30,True,True,0.17224194067666926,0.17058976898357894,0.17391904826664056,0.0008451683250313973,0.6589243318681918,0.16736177891915044,0.004880161757518848,8.0,0.012048192771084336,189.60159999999996,0.13933333333333334,0.3084875269333333,1.2522000000000004,,,0.8311662725448608,0.7767363500307005,0.6638044936257105,0.0,0.05977580990493297,0.05822438666902599,0.061326676611952284,0.0007880662460787616,0.3038333333333333,30,0.046107588629363,0.07344403118050294,0.006682976324026462,7.78177061036525e-10,,0.04600506100050861,0.07328475228728898,0.04720586346893572,0.07274210045425222,,,False,env_mean_t,True,0,0.09435730738341808,0.09251655866993436,0.09618599299389946,0.0009264885715066727,0.23656666666666665,30,0.06995145529271192,0.11876315947412423,0.011933061983815411,1.0138281314631844e-08,,0.07071134190610721,0.1186652531654514,0.07249341490754237,0.11761429281467882,,,False,env_mean_t,True,0
robust,posterior_mean_shrunk,horizon,all,1000,,,all,,adaptive_K_star,baseline,False,30,30,15000,30,True,True,0.07789636396567026,0.07688590301297761,0.07887655014337118,0.0005208758960183951,0.7652582541127999,0.06717590715289116,0.010720456812779108,64.0,0.06212424849699397,163.42560000000003,7.342533333333334,0.091104812,4.774399999999999,,64.0,0.8431546180784701,0.775978710925579,0.775978710925579,1.0,-0.026191186486184594,-0.02719902444596907,-0.02521427703260997,0.0005071367456098788,0.6201,30,-0.03496817444871247,-0.01741419852365672,0.004291443748769209,1.200775248891955e-06,,-0.03610664569588213,-0.0178274354273545,-0.03480267556317151,-0.01790252257095029,,,False,env_mean_t,True,0,-1.0199824968973795e-06,-4.815182901438674e-06,1.500257772401407e-06,1.613928424050665e-06,0.5000666666666667,30,-4.20650289236262e-06,2.1665378985678606e-06,1.5580257247506125e-06,0.5178435496842932,,-8.574323814617633e-06,1.1833606899064034e-06,-4.580028851826985e-06,1.2675841649373371e-06,,,False,env_mean_t,True,0
robust,posterior_mean_shrunk,horizon,all,1000,,,all,,always_search,baseline,False,30,30,15000,30,True,True,0.07789636396567026,0.07688590301297761,0.07887655014337118,0.0005208758960183951,0.7652582541127999,0.06717590715289116,0.010720456812779108,64.0,0.06212424849699397,163.42560000000003,7.342533333333334,0.091104812,4.774399999999999,,64.0,0.8431546180784701,0.775978710925579,0.775978710925579,1.0,-0.026191186486184594,-0.02719902444596907,-0.02521427703260997,0.0005071367456098788,0.6201,30,-0.03496817444871247,-0.01741419852365672,0.004291443748769209,1.200775248891955e-06,,-0.03579727567878154,-0.017930719550826958,-0.03467277955419073,-0.01817474779541294,,,False,env_mean_t,True,0,-1.0199824968973795e-06,-4.815182901438674e-06,1.500257772401407e-06,1.613928424050665e-06,0.5000666666666667,30,-4.20650289236262e-06,2.1665378985678606e-06,1.5580257247506125e-06,0.5178435496842932,,-8.583439205838369e-06,1.128098090256486e-06,-4.508169492085775e-06,1.1866214871406425e-06,,,False,env_mean_t,True,0
robust,posterior_mean_shrunk,horizon,all,1000,,,all,,cp0,reference,False,30,30,15000,30,True,True,0.10408755045185487,0.10294039197595944,0.10518545157838768,0.000579878066711823,0.7390670676266156,0.09711861028571923,0.0069689401661356285,30.6246,0.028681963927855703,220.12806666666665,1.3981333333333335,0.1432818997333333,5.533600000000002,,,0.8431546180784701,0.775978710925579,0.746036007792751,0.0,0.0,0.0,0.0,0.0,0.5,30,0.0,0.0,0.0,1.0,,0.0,0.0,0.0,0.0,,,False,env_mean_t,True,0,0.026190166503687697,0.02521505932672881,0.027198792812705503,0.0005071444465645274,0.3798333333333334,30,0.017413694029052663,0.03496663897832273,0.004291191704753114,1.2003785345268226e-06,,0.01795138233330445,0.035759207340449184,0.018208895614321034,0.03467333136644214,,,False,env_mean_t,True,0
robust,posterior_mean_shrunk,horizon,all,1000,,,all,,fixed_K_star,baseline,False,30,30,15000,30,True,True,0.07789636396567026,0.07688590301297761,0.07887655014337118,0.0005208758960183951,0.7652582541127999,0.06717590715289116,0.010720456812779108,64.0,0.06212424849699397,163.42560000000003,7.342533333333334,0.091104812,4.774399999999999,,64.0,0.8431546180784701,0.775978710925579,0.775978710925579,1.0,-0.026191186486184594,-0.02719902444596907,-0.02521427703260997,0.0005071367456098788,0.6201,30,-0.03496817444871247,-0.01741419852365672,0.004291443748769209,1.200775248891955e-06,,-0.03579233042343228,-0.018136277097951965,-0.034439187010439735,-0.018087572695215538,,,False,env_mean_t,True,0,-1.0199824968973795e-06,-4.815182901438674e-06,1.500257772401407e-06,1.613928424050665e-06,0.5000666666666667,30,-4.20650289236262e-06,2.1665378985678606e-06,1.5580257247506125e-06,0.5178435496842932,,-8.437785410418517e-06,1.128098090256486e-06,-4.519773026307421e-06,1.2688954671223956e-06,,,False,env_mean_t,True,0
robust,posterior_mean_shrunk,horizon,all,1000,,,all,,p3_star,reference,False,30,30,15000,30,True,True,0.07789738394816716,0.07688900076270026,0.0788781733136663,0.0005208682011507857,0.765257234130303,0.06717590715289116,0.010721476795276004,64.0,0.06212424849699397,163.38333333333335,7.333133333333333,0.09103482626666667,4.779133333333332,,272.0,0.8431546180784701,0.775978710925579,0.775978710925579,1.0,-0.026190166503687697,-0.027198792812705503,-0.02521505932672881,0.0005071444465645274,0.6201666666666666,30,-0.03496663897832273,-0.017413694029052663,0.004291191704753114,1.2003785345268226e-06,,-0.035498141614111266,-0.018149125474686598,-0.034578630945558346,-0.018338446572981774,,,False,env_mean_t,True,0,0.0,0.0,0.0,0.0,0.5,30,0.0,0.0,0.0,1.0,,0.0,0.0,0.0,0.0,,,False,env_mean_t,True,0
robust,posterior_mean_shrunk,horizon,all,1000,,,all,,phi_k16,learned,False,30,30,15000,30,True,True,0.07789737280607224,0.07688803905611469,0.0788787482570236,0.0005208768341090995,0.765257245272398,0.06717595964868864,0.0107214131573836,63.98413333333333,0.06210835003340011,163.41366666666673,7.316533333333334,0.0910774528,4.773266666666666,746.905333333333,75.02894492057577,0.8431546180784701,0.775978710925579,0.7759786584297816,0.9988666666666667,-0.026190177645782624,-0.027198446060889787,-0.025211309033632764,0.0005071374708048532,0.6202,30,-0.034967614122223795,-0.017412741169341456,0.004291663046350299,1.2025734190160927e-06,,-0.035607284505592245,-0.017964620323206892,-0.034681522289017844,-0.018259533288652697,,,False,env_mean_t,True,0,-1.1142094930012915e-08,-4.363832045252516e-06,3.6670874457437683e-06,2.0475460802279715e-06,0.4999666666666666,30,-3.5296733012971217e-06,3.507389111437096e-06,1.7203599702858267e-06,0.9948768004849049,,-4.567588478106659e-06,2.4554425959702316e-06,-3.8028001785278314e-06,2.775891621907552e-06,,,False,env_mean_t,True,0
robust,posterior_mean_shrunk,horizon,all,1000,,,all,,phi_k16_quality,learned,False,30,30,15000,30,True,True,0.0778964651187261,0.07688686953382178,0.07887611366032313,0.0005208769018943276,0.7652581529597441,0.06717590715289116,0.010720557965834935,64.0,0.06212424849699397,163.3998666666667,7.330266666666666,0.09106199493333333,4.774399999999999,738.7774666666667,73.76106666666668,0.8431546180784701,0.775978710925579,0.775978710925579,1.0,-0.026191085333128767,-0.02719919910436147,-0.025213058707407376,0.00050713756589353,0.6203666666666667,30,-0.034968143194371006,-0.01741402747188653,0.004291477925231805,1.2010123856612625e-06,,-0.03566247029690863,-0.018045466084394036,-0.03450904870712508,-0.01824109029917667,,,False,env_mean_t,True,0,-9.188294410705566e-07,-5.189668466603807e-06,2.6317576824889463e-06,1.9798174745861343e-06,0.5001333333333333,30,-4.058279989179899e-06,2.2206211070387856e-06,1.5350112688742468e-06,0.5540990421828526,,-0.00018188333394986522,1.1402356137610235e-06,-4.38544750213623e-06,1.2714544932047524e-06,,,False,env_mean_t,True,0
robust,posterior_mean_shrunk,horizon,all,1000,,,all,,phi_k4,learned,False,30,30,15000,30,True,True,0.077896126862367,0.07688615321317532,0.07887600044331823,0.0005208764519828025,0.7652584912161032,0.06717590715289116,0.010720219709475835,64.0,0.06212424849699397,163.41780000000006,7.335533333333333,0.09109222933333333,4.774399999999999,911.0254666666667,67.48533333333333,0.8431546180784701,0.775978710925579,0.775978710925579,1.0,-0.02619142358948787,-0.027199622239616777,-0.025213568621463008,0.0005071368713116081,0.6203666666666667,30,-0.03496834080756281,-0.017414506371412928,0.004291409158788957,1.2004321733956958e-06,,-0.035937495027791394,-0.018154364772927055,-0.03474687633509437,-0.01798836604718119,,,False,env_mean_t,True,0,-1.2570858001708984e-06,-5.310488446260326e-06,1.9686452840990864e-06,1.8655908275438003e-06,0.5001666666666666,30,-4.385748573229387e-06,1.8715769728875898e-06,1.5297366655589904e-06,0.4179152228811942,,-4.803828470135273e-05,8.29097432118353e-07,-4.58304484685262e-06,8.356968561808268e-07,,,False,env_mean_t,True,0
robust,posterior_mean_shrunk,horizon,all,1000,,,all,,refine_after_init,baseline,False,30,30,15000,30,True,True,0.18045587807297708,0.17887948798791817,0.18209745073225347,0.0008219301370380732,0.6626987400054933,0.17800321086396778,0.0024526672090093293,8.0,0.006012024048096195,444.62933333333336,0.1008,0.37244094186666665,2.1653999999999995,,,0.8431546180784701,0.775978710925579,0.6651514072145023,0.0,0.07636832762112221,0.07482502136533488,0.07795134189747235,0.000792530353407636,0.23606666666666662,30,0.05849707831147383,0.09423957693077059,0.00873801598680762,1.2772117060604296e-09,,0.05876276136323499,0.09418688939500393,0.05975097403993831,0.0931414043416952,,,False,env_mean_t,True,0,0.10255849412480988,0.10085162708875335,0.10427464637306305,0.0008605167784982522,0.18896666666666664,30,0.07627538812249238,0.1288416001271274,0.012850931485087556,8.415309688582336e-09,,0.07737026209707755,0.1302917434082973,0.07752451312254494,0.1274248264710667,,,False,env_mean_t,True,0
robust,posterior_mean_shrunk,pooled,all,all,,,all,,adaptive_K_star,baseline,False,150,30,75000,150,True,True,0.09651045279587193,0.09586471081823886,0.09717722661294587,0.00033497391504709416,0.712025324693671,0.04976210154811542,0.04674835124775651,46.6,0.22190752374747735,52.53501333333334,10.574306666666665,0.07286401989333333,1.1119599999999998,,64.0,0.8085357774895429,0.7744570704313118,0.7587736759414275,0.4,-0.032583112082727794,-0.033407356847817406,-0.03177571517649631,0.00041254418732173585,0.5978,150,-0.04267430758701317,-0.022491916578442423,0.004934015866190254,3.0842737515555604e-07,,-0.04365757583707518,-0.02353019223444387,-0.04235144902548256,-0.023512637293445302,,,False,env_mean_t,True,0,-0.000665701222360755,-0.0010505797433936171,-0.0002853509309833652,0.0001955131958456758,0.50372,150,-0.0011548307942160659,-0.00017657165050544371,0.00023915630879731514,0.009364776455580322,,-0.0011375888073116517,-0.0001735795099969649,-0.001119564809052196,-0.00020778054662553338,,,False,env_mean_t,True,0
robust,posterior_mean_shrunk,pooled,all,all,,,all,,always_search,baseline,False,150,30,75000,150,True,True,0.12276869409646411,0.12200559359992622,0.12354667748437108,0.00039534718568563613,0.6857670833930788,0.03407870705823104,0.08868998703823308,61.2,0.4264813229641337,49.93121333333334,28.214599999999997,0.04947100122666667,1.1115333333333335,,64.0,0.8085357774895429,0.7744570704313118,0.7744570704313118,0.8,-0.006324870782135596,-0.0072777422238605146,-0.0053730735679540275,0.0004869944334109281,0.5425866666666667,150,-0.016814853917325324,0.004165112353054131,0.005129000147020701,0.22741927432402378,,-0.01791263427474741,0.0030611169977590325,-0.01644871756787383,0.0030691274343742675,,,False,env_mean_t,True,0,0.025592540078231446,0.024848727005066698,0.02632543326554378,0.0003792005552811962,0.4504466666666667,150,0.020679163225887767,0.030505916930575118,0.002402359496032023,1.5412537160459435e-11,,0.02081803809969902,0.030652995893640757,0.021037116658495506,0.03025460301371121,,,False,env_mean_t,True,0
robust,posterior_mean_shrunk,pooled,all,all,,,all,,cp0,reference,False,150,30,75000,150,True,True,0.12909356487859971,0.12838594897033181,0.12982054155987377,0.0003693196247849363,0.6794422126109432,0.10932480737422902,0.019768757504370685,16.302999999999997,0.056792010051584255,80.68562666666668,0.7346933333333334,0.16451265376,1.686626666666667,,,0.8085357774895429,0.7744570704313118,0.6992109701153139,0.0,0.0,0.0,0.0,0.0,0.5,150,0.0,0.0,0.0,1.0,,0.0,0.0,0.0,0.0,,,False,env_mean_t,True,0,0.03191741086036705,0.03108768861731854,0.03274345359067714,0.00042114638646702137,0.40588666666666673,150,0.021597343460088535,0.04223747826064555,0.005045921097406477,6.54957453521298e-07,,0.022509165902088568,0.04359023394719533,0.022380284190798412,0.04178416205461096,,,False,env_mean_t,True,0
robust,posterior_mean_shrunk,pooled,all,all,,,all,,fixed_K_star,baseline,False,150,30,75000,150,True,True,0.09696661456593816,0.09630723179471291,0.09764289053135629,0.0003375266132697154,0.7115691629236048,0.045005626683831214,0.05196098788210695,50.4,0.2610051324879432,51.73450666666667,13.748413333333332,0.06619289722666667,1.1115333333333335,,64.0,0.8085357774895429,0.7744570704313118,0.7635301508057117,0.6,-0.03212695031266155,-0.032977251709743846,-0.03127843030834477,0.00042670658780286883,0.5942266666666667,150,-0.04261255637833217,-0.02164134424699095,0.005126860011053105,7.689631320554845e-07,,-0.04383940519516268,-0.02248366925811577,-0.04235434544913988,-0.022629544705132232,,,False,env_mean_t,True,0,-0.00020953945229450864,-0.0005060108873540227,8.360904884852957e-05,0.0001503072915547573,0.5004133333333334,150,-0.0006044351717668739,0.00018535626717785663,0.00019308135934338407,0.2867552301450472,,-0.0006095119768509277,0.00018189631173048102,-0.0005881661418497872,0.00015636652552468387,,,False,env_mean_t,True,0
robust,posterior_mean_shrunk,pooled,all,all,,,all,,p3_star,reference,False,150,30,75000,150,True,True,0.09717615401823265,0.09650728901991776,0.0978511616755859,0.00033729463861155803,0.7113596234713103,0.046420329482158025,0.05075582453607465,49.8,0.2485051324879432,51.75649333333333,12.94004,0.06759661407999999,1.1124800000000001,,136.66666666666666,0.8085357774895429,0.7744570704313118,0.762115448007385,0.6,-0.03191741086036705,-0.03274345359067714,-0.03108768861731854,0.00042114638646702137,0.5941133333333333,150,-0.04223747826064555,-0.021597343460088535,0.005045921097406477,6.54957453521298e-07,,-0.04332930872335487,-0.02260478265569907,-0.04205458055521651,-0.022467253136882068,,,False,env_mean_t,True,0,0.0,0.0,0.0,0.0,0.5,150,0.0,0.0,0.0,1.0,,0.0,0.0,0.0,0.0,,,False,env_mean_t,True,0
robust,posterior_mean_shrunk,pooled,all,all,,,all,,phi_k16,learned,False,150,30,75000,150,True,True,0.09628534552374116,0.09561990150529891,0.09695338703511515,0.0003360058365220535,0.7122504319658018,0.04433704197645188,0.051948303547289285,44.771226666666664,0.23360659374616488,54.594226666666664,10.470200000000002,0.08177697402666667,1.1026266666666666,196.1822133333333,91.5364947953053,0.8085357774895429,0.7744570704313118,0.764198735513091,0.45377333333333336,-0.03280821935485855,-0.03364952065118329,-0.031987146109072155,0.0004200705293070655,0.5976800000000001,150,-0.04299572851417437,-0.022620710195542727,0.0049811077198610295,3.230843336252526e-07,,-0.04497996429494057,-0.023716593849133976,-0.04291924461843171,-0.02358884625760553,,,False,env_mean_t,True,0,-0.0008908084944915027,-0.001359874910462243,-0.0004324592027041187,0.00023309543391042872,0.5031800000000001,150,-0.0019059983852815132,0.0001243813962985077,0.000496369634918552,0.08314105597563423,,-0.0018897095069993215,0.00013718186726275217,-0.001843380310224369,4.472029595728928e-05,,,False,env_mean_t,True,0
robust,posterior_mean_shrunk,pooled,all,all,,,all,,phi_k16_quality,learned,False,150,30,75000,150,True,True,0.09619659124361972,0.0955331117666016,0.0968691432303555,0.00033509738541166284,0.7123391862459232,0.045092254095673565,0.051104337147946155,43.986666666666665,0.22773093323784036,55.14459999999999,9.837813333333333,0.08401718165333333,1.11676,192.70541333333335,89.76927018586694,0.8085357774895429,0.7744570704313118,0.7634435233938694,0.4625333333333334,-0.03289697363498,-0.03373196223630961,-0.032091245096478815,0.00041870362641967197,0.59692,150,-0.04309562425598565,-0.022698323013974342,0.004986555255658632,3.139884594928495e-07,,-0.045129973674906385,-0.023735353303969045,-0.04289184051302495,-0.02362628673544216,,,False,env_mean_t,True,0,-0.0009795627746129563,-0.0014572833390565918,-0.0005205158408890235,0.0002365321270955396,0.50258,150,-0.0020094990580333295,5.0373508807416596e-05,0.000503579775201374,0.061503721374684114,,-0.0019858907852166917,4.558986578217681e-05,-0.001926310045549723,-1.6445299846401634e-05,,,False,env_mean_t,True,0
robust,posterior_mean_shrunk,pooled,all,all,,,all,,phi_k4,learned,False,150,30,75000,150,True,True,0.09414593693936749,0.09351682873629034,0.09480604310605364,0.00033118462855457784,0.7143898405501755,0.041308976963162415,0.05283695997620507,50.94882666666667,0.2659365218921897,52.097480000000004,15.965866666666667,0.07200700335999999,1.1115333333333335,279.6408,71.73886405326145,0.8085357774895429,0.7744570704313118,0.7672268005263806,0.59624,-0.034947627939232236,-0.03578715169491548,-0.03410051742782768,0.0004275885944555098,0.6023133333333334,150,-0.04584590833856235,-0.024049347539902118,0.005328634093121066,3.484762718498838e-07,,-0.047522172019428474,-0.025190400773933523,-0.04533946515426434,-0.025077584956280104,,,False,env_mean_t,True,0,-0.003030217078865195,-0.0034876731263321975,-0.0025607047236447518,0.00023766750483490183,0.5087533333333334,150,-0.003961844311487913,-0.0020985898462424772,0.00045551228743743685,2.7066582807793935e-07,,-0.0041738247012428845,-0.0022398158388252038,-0.003987289121003899,-0.002227329199154551,,,False,env_mean_t,True,0
robust,posterior_mean_shrunk,pooled,all,all,,,all,,refine_after_init,baseline,False,150,30,75000,150,True,True,0.16065202063589434,0.15988001094339416,0.1614427599234041,0.000406495356776037,0.6478837568536486,0.1433786922582984,0.017273328377595945,8.0,0.04691754738362584,147.16906666666668,0.35748,0.2654697010933334,0.7732666666666665,,,0.8085357774895429,0.7744570704313118,0.6651570852312446,0.0,0.03155845575729463,0.030923936665730557,0.0321875903852421,0.00032262339372485206,0.39468000000000003,150,0.024113790055530188,0.03900312145905907,0.0036400145726429877,1.5145971242426558e-09,,0.023992226554352177,0.03908832259300081,0.02457228771827958,0.038724994383670365,,,False,env_mean_t,True,0,0.06347586661766166,0.06256045562340963,0.06437568230627343,0.0004662101912669004,0.33002,150,0.04586194592702663,0.08108978730829669,0.008612197050042642,4.039373010698555e-08,,0.04665057877564768,0.0817946810481703,0.0476526731486912,0.08027019347005393,,,False,env_mean_t,True,0
