test,recommender,level,family,horizon,cell,env_id,cap,base_seed,hypothesis,pre_registered,label,policy,reference,status,delta,lo,hi,se,win,n_cells,n_episodes,n_envs,cluster_lo,cluster_hi,cluster_se,cluster_p,cluster_p_sign,cluster_boot_t_lo,cluster_boot_t_hi,cluster_pct_lo,cluster_pct_hi,cluster_min_env,cluster_max_env,cluster_degenerate,cluster_method,evaluated,ref_tuned,params_tuned,n_cells_excluded_untuned
A,posterior_mean_shrunk,family_horizon,A,50,,,all,,,False,exploratory,always_search,cp0,ok,0.05548804162225679,0.05125752313178964,0.05967400913941674,0.002133073252188456,0.375,4,8000,4,-0.013555725568504276,0.12453180881301786,0.021695186836657714,0.08338687380930537,0.125,-0.03492344313634706,0.482421607484308,0.01951294691799194,0.09146313632652164,,,False,env_mean_t,True,True,True,0
A,posterior_mean_shrunk,family_horizon,A,50,,,all,,,False,exploratory,fixed_K16,cp0,ok,-0.03782044339316417,-0.04118096972815692,-0.03447292341152206,0.0016836775456893541,0.5674999999999999,4,8000,4,-0.10189335154307574,0.026252464756747397,0.020133225199599907,0.15692631711779023,0.125,-0.5742565773895421,0.0035568342258765692,-0.07825399834946802,-0.01472132371904445,,,False,env_mean_t,True,True,True,0
A,posterior_mean_shrunk,family_horizon,A,50,,,all,,,False,exploratory,p3_star,cp0,ok,-0.0384086952115631,-0.0419656427053269,-0.03478383441979531,0.0018059348229849492,0.5634375,4,8000,4,-0.11306351931945949,0.036246128896333295,0.0234583138084528,0.20008759637751244,0.125,-8.331984034539031,0.005764071880343356,-0.08404917050177937,-0.011182328570634127,,,False,env_mean_t,True,True,True,0
A,posterior_mean_shrunk,family_horizon,A,50,,,all,,,False,exploratory,phi_k1,cp0,ok,-0.04972947857058352,-0.05344050772255286,-0.04594978628447279,0.0018850684319614169,0.5836250000000001,4,8000,4,-0.14427142922054084,0.044812472079373805,0.02970731996106031,0.1927279262623566,0.125,-1.8464243758659904,0.00937917055260084,-0.10900208879479215,-0.01862092250585556,,,False,env_mean_t,True,True,True,0
A,posterior_mean_shrunk,family_horizon,A,50,,,all,,,False,exploratory,phi_k16_all71,cp0,ok,-0.042942585258782855,-0.04657760451664217,-0.03925747346947901,0.0018608172476855234,0.57175,4,8000,4,-0.12930112568801813,0.04341595517045243,0.027135898659423452,0.21168776920358623,0.125,-1.1585788071715664,0.011961154092310973,-0.09733872961004271,-0.01361483179274728,,,False,env_mean_t,True,True,True,0
A,posterior_mean_shrunk,family_horizon,A,50,,,all,,,False,exploratory,phi_k16_clock,cp0,ok,-0.03601046361512089,-0.03978836447386129,-0.03222420304955449,0.0019388709019697676,0.5465625000000001,4,8000,4,-0.14667684880175874,0.07465592157151696,0.03477399917255546,0.3765592591601296,0.5,-1.1274964868501907,0.02776281760395359,-0.10186513905455831,0.008617490760982036,,,False,env_mean_t,True,True,True,0
A,posterior_mean_shrunk,family_horizon,A,50,,,all,,,False,exploratory,phi_k16_cs,cp0,ok,-0.042767882544585516,-0.04640988189494237,-0.039086646743817254,0.0018602361697656127,0.57125,4,8000,4,-0.1289408350086446,0.04340506991947355,0.027077582525426754,0.21235358718178682,0.125,-1.1873739948066486,0.012106136139067837,-0.09707042435866788,-0.01339721090867897,,,False,env_mean_t,True,True,True,0
A,posterior_mean_shrunk,family_horizon,A,50,,,all,,,False,exploratory,phi_k16_famA_only,cp0,ok,-0.044023710011677396,-0.04760131972143426,-0.04047780410037376,0.0018027067371753276,0.5740000000000001,4,8000,4,-0.1259404565827003,0.03789303655934551,0.025740181832767866,0.18573598801447638,0.125,-0.9182233312657013,0.006182049284312527,-0.09483395274444956,-0.015024802312254906,,,False,env_mean_t,True,True,True,0
A,posterior_mean_shrunk,family_horizon,A,50,,,all,,,False,exploratory,phi_k16_famB_only,cp0,ok,-0.0426384777687872,-0.04627558364300057,-0.03892121391836554,0.0018604925696045923,0.57125,4,8000,4,-0.1288398894577821,0.04356293392020771,0.027086525087910398,0.21351829457059637,0.125,-1.181539164123855,0.012355427393854417,-0.09698152874347762,-0.013097892196474276,,,False,env_mean_t,True,True,True,0
A,posterior_mean_shrunk,family_horizon,A,50,,,all,,,False,exploratory,phi_k16_guard,cp0,ok,-0.038548162197183045,-0.04191091852262616,-0.03514718429796631,0.001716042528918514,0.5686875,4,8000,4,-0.10553592996319294,0.028439605568826853,0.021049143124517885,0.1644498190201059,0.125,-0.3687641542386725,0.0035816597252970525,-0.08040567887196995,-0.014791665525612188,,,False,env_mean_t,True,True,True,0
A,posterior_mean_shrunk,family_horizon,A,50,,,all,,,False,exploratory,phi_k16_hgb,cp0,ok,-0.04071721236956546,-0.04438692395924591,-0.03701451483066194,0.0018819476891346984,0.5640000000000001,4,8000,4,-0.12436496972735375,0.042930544988222845,0.02628410641804412,0.21911887226439883,0.125,-9.188106996918027,0.010513152333326545,-0.09275809602959088,-0.012496535167098045,,,False,env_mean_t,True,True,True,0
A,posterior_mean_shrunk,family_horizon,A,50,,,all,,,False,exploratory,phi_k16_lucb,cp0,ok,-0.04261924586448913,-0.04624753508833237,-0.0389236697810702,0.0018605297410062948,0.5713125,4,8000,4,-0.12902917921789478,0.04379068748891651,0.027152047533352618,0.21451453936283177,0.125,-1.1833686419746636,0.012568282353530934,-0.09710711179238751,-0.012914613434670172,,,False,env_mean_t,True,True,True,0
A,posterior_mean_shrunk,family_horizon,A,50,,,all,,,False,exploratory,phi_k16_noT1000,cp0,ok,-0.024061188254987428,-0.027895984693168428,-0.02025850972495391,0.0019463151638159165,0.5416875,4,8000,4,-0.08272154160773845,0.03459916509776359,0.01843247229508923,0.2828572620606512,0.25,-0.49218194692210776,0.010332932038784225,-0.059330587950260444,-0.0008686954583026817,,,False,env_mean_t,True,True,True,0
A,posterior_mean_shrunk,family_horizon,A,50,,,all,,,False,exploratory,phi_k16_noT200,cp0,ok,-0.04269643132392412,-0.046338784840190786,-0.03899764763773419,0.0018599124469293711,0.571375,4,8000,4,-0.12900396968131228,0.04361110703346406,0.02711987260055093,0.2134739183355704,0.125,-1.1857270779233902,0.012346055449791206,-0.0971023421430309,-0.013150939462331736,,,False,env_mean_t,True,True,True,0
A,posterior_mean_shrunk,family_horizon,A,50,,,all,,,False,exploratory,phi_k16_noambig,cp0,ok,-0.0351931672581286,-0.03893468421010766,-0.031383398435900746,0.001921450748590477,0.5605,4,8000,4,-0.11291324939988202,0.042526914883624825,0.024421490478163735,0.2452143400603957,0.125,-0.5493277714907749,0.013333571184093479,-0.08371787310691253,-0.007989283056020213,,,False,env_mean_t,True,True,True,0
A,posterior_mean_shrunk,family_horizon,A,50,,,all,,,False,exploratory,phi_k16_nopolicy,cp0,ok,-0.042171105188304865,-0.04564887766027823,-0.03864107291446999,0.0017759240341414357,0.5729375000000001,4,8000,4,-0.12009606298300099,0.035753852606391266,0.024485867260453056,0.18349906900704,0.125,-0.8190798004831084,0.005990660905032842,-0.09069767960237551,-0.015024802312254906,,,False,env_mean_t,True,True,True,0
A,posterior_mean_shrunk,family_horizon,A,50,,,all,,,False,exploratory,phi_k16_notrunc,cp0,ok,-0.043730162402642235,-0.047385046101408076,-0.04006905687274411,0.0018517605173090645,0.5716875,4,8000,4,-0.130247658306475,0.04278733350119052,0.02718584623413463,0.20608103896533386,0.125,-0.9811930720771476,0.010722484431208976,-0.09806550209767192,-0.014916867237618136,,,False,env_mean_t,True,True,True,0
A,posterior_mean_shrunk,family_horizon,A,50,,,all,,,False,exploratory,phi_k16_onpolicy_only,cp0,ok,-0.04640294007659941,-0.05006342142005451,-0.04268763679719996,0.001886355567232398,0.5775625000000001,4,8000,4,-0.14188334455807622,0.0490774644048774,0.03000220438062189,0.21967969126584497,0.125,-0.5927916082662223,0.013721460762820346,-0.10619950866229375,-0.013110927274909045,,,False,env_mean_t,True,True,True,0
A,posterior_mean_shrunk,family_horizon,A,50,,,all,,,False,exploratory,phi_k16_onpolicy_union,cp0,ok,-0.04292240583630519,-0.046555911906762046,-0.03922252031043172,0.0018829114103886045,0.571875,4,8000,4,-0.1302212668220808,0.04437645514947042,0.027431369648196816,0.21561054651708692,0.125,-1.5972613412828747,0.012815257795579467,-0.09799326463388752,-0.013210722810192237,,,False,env_mean_t,True,True,True,0
A,posterior_mean_shrunk,family_horizon,A,50,,,all,,,False,exploratory,phi_k16_perstep,cp0,ok,-0.052704637669159636,-0.05629363607149571,-0.049126179539598525,0.0018310486453556002,0.5875625,4,8000,4,-0.1553474280411926,0.04993815270287332,0.032252795656479295,0.20074612998483432,0.125,-1.9327023366528018,0.009188771867136472,-0.11595376599925113,-0.015832162268459796,,,False,env_mean_t,True,True,True,0
A,posterior_mean_shrunk,family_horizon,A,50,,,all,,,False,exploratory,phi_k16_quality,cp0,ok,-0.042925788612248654,-0.04657555571757257,-0.039251727057853715,0.0018595187444112422,0.5706875,4,8000,4,-0.12857268732792135,0.04272111010342405,0.026912283978986873,0.2089723550164311,0.125,-1.265429175300662,0.01138140338315427,-0.09684763944505721,-0.014162249055887515,,,False,env_mean_t,True,True,True,0
A,posterior_mean_shrunk,family_horizon,A,50,,,all,,,False,exploratory,phi_k16_tau05,cp0,ok,-0.042767882544585516,-0.04640988189494237,-0.039086646743817254,0.0018602361697656127,0.57125,4,8000,4,-0.1289408350086446,0.04340506991947355,0.027077582525426754,0.21235358718178682,0.125,-1.1873739948066486,0.012106136139067837,-0.09707042435866788,-0.01339721090867897,,,False,env_mean_t,True,True,True,0
A,posterior_mean_shrunk,family_horizon,A,50,,,all,,,False,exploratory,phi_k16_weighted,cp0,ok,-0.03836854642523577,-0.042021007402217946,-0.03463688340852968,0.00187768410235184,0.563375,4,8000,4,-0.1204664890870088,0.043729396236537266,0.025797117935805736,0.2336498692453996,0.125,-1.3771967208749014,0.015003852077597295,-0.0903412474747729,-0.0089328150190413,,,False,env_mean_t,True,True,True,0
A,posterior_mean_shrunk,family_horizon,A,50,,,all,,,False,exploratory,phi_k4,cp0,ok,-0.04850109199348117,-0.05221440619789064,-0.04482819468539674,0.0018701388004390596,0.581,4,8000,4,-0.14215609865909098,0.04515391467212865,0.029428621155404126,0.1978921715337758,0.125,-0.7660706946655634,0.010244980799168982,-0.10716385748896753,-0.016480212680995466,,,False,env_mean_t,True,True,True,0
A,posterior_mean_shrunk,family_horizon,A,50,,,all,,,False,exploratory,phi_reservoir_rule,cp0,ok,-0.035928717959972344,-0.03962400090531446,-0.03217685375129804,0.0019062831423583165,0.5491875,4,8000,4,-0.14518113677812092,0.07332370085817622,0.03432969745216454,0.37218717812041907,0.5,-1.2259891624652357,0.026927803435726393,-0.10094203425636988,0.008046916730701924,,,False,env_mean_t,True,True,True,0
A,posterior_mean_shrunk,family_horizon,A,50,,,all,,,False,exploratory,phi_sf_k16,cp0,ok,-0.04184069764059131,-0.04547644220874645,-0.03818482941715047,0.0018640286982003144,0.5705625,4,8000,4,-0.12882784866890987,0.04514645338772724,0.02733342299723855,0.22333060520188072,0.125,-1.153276389638834,0.014419817006219707,-0.09682753725101247,-0.010858543304351771,,,False,env_mean_t,True,True,True,0
A,posterior_mean_shrunk,family_horizon,A,50,,,all,,,False,exploratory,phi_sf_k16_noT1000,cp0,ok,-0.03931606236546395,-0.04291911845793947,-0.03563956994912587,0.0018570734785529344,0.5651875,4,8000,4,-0.11580676705490987,0.037174642323981974,0.024035190966914664,0.20040486662974186,0.125,-2.8390200948694693,0.009798440963684901,-0.08766436016357511,-0.013221327300041594,,,False,env_mean_t,True,True,True,0
A,posterior_mean_shrunk,family_horizon,A,50,,,all,,,False,exploratory,power_a0.25,cp0,ok,-0.0384086952115631,-0.0419656427053269,-0.03478383441979531,0.0018059348229849492,0.5634375,4,8000,4,-0.11306351931945949,0.036246128896333295,0.0234583138084528,0.20008759637751244,0.125,-8.331984034539031,0.005764071880343356,-0.08404917050177937,-0.011182328570634127,,,False,env_mean_t,True,True,True,0
A,posterior_mean_shrunk,family_horizon,A,50,,,all,,,False,exploratory,power_a0.33,cp0,ok,-0.03798195121545541,-0.04163303591776639,-0.03435745297465474,0.0018299304539988704,0.5645625,4,8000,4,-0.11504893204513714,0.03908502961422632,0.02421627057830639,0.21478147884510812,0.125,-2.9832021519803407,0.007953906943561101,-0.0852448200662202,-0.010041587710380554,,,False,env_mean_t,True,True,True,0
A,posterior_mean_shrunk,family_horizon,A,50,,,all,,,False,exploratory,power_a0.5,cp0,ok,-0.03754561728360022,-0.04114596325089224,-0.033965887186059265,0.0018077291136425811,0.5628125,4,8000,4,-0.11312487822552064,0.03803364365832019,0.023748793755432332,0.21202709790052127,0.125,-0.6784295412545108,0.007871365738956831,-0.08380961253146416,-0.009209483850747347,,,False,env_mean_t,True,True,True,0
A,posterior_mean_shrunk,family_horizon,A,50,,,all,,,False,exploratory,power_a0.67,cp0,ok,-0.03458048772388611,-0.03821736114914529,-0.030858566037204584,0.0018658035936052273,0.5554375,4,8000,4,-0.12034642071417381,0.05118544526640159,0.026949687367197186,0.2895832416081081,0.25,-0.5741731392169368,0.017292643012856088,-0.08710419013221872,-0.0021564089283347128,,,False,env_mean_t,True,True,True,0
A,posterior_mean_shrunk,family_horizon,A,50,,,all,,,False,exploratory,refine_after_init,cp0,ok,-0.01513294739043158,-0.017281559386174195,-0.013058913240092807,0.0010637987006208904,0.52825,4,8000,4,-0.03378916371340519,0.003523268932542036,0.005862225009735225,0.08167813754935306,0.125,-0.06838875686058268,-0.0029769517265552502,-0.026795434457564625,-0.0077961215933028145,,,False,env_mean_t,True,True,True,0
A,posterior_mean_shrunk,family_horizon,A,50,,,all,,,False,exploratory,rule_reservoir,cp0,ok,-0.01894165085746681,-0.02234942422203403,-0.015555316096288152,0.0017235200708510961,0.520375,4,8000,4,-0.09980940259516931,0.06192610088023569,0.02541056281246301,0.5101044596596688,0.75,-0.14333573167304525,0.03165644612718122,-0.06505282203552087,0.01720965451747179,,,False,env_mean_t,True,True,True,0
A,posterior_mean_shrunk,family_horizon,A,50,,,all,,,False,exploratory,uniform,cp0,ok,-0.02794989631120006,-0.031623929948182194,-0.0243000219714304,0.001854666017170862,0.5396875,4,8000,4,-0.1110241871892945,0.055124394566894365,0.02610390966853675,0.36278215716133444,0.5,-0.4623234420498668,0.021260002081577994,-0.07786341509783415,0.005342673465609551,,,False,env_mean_t,True,True,True,0
A,posterior_mean_shrunk,family_horizon,A,50,,,all,,,False,exploratory,always_search,p3_star,ok,0.09389673683381988,0.08974057901650667,0.09802767829969525,0.0021061385908642217,0.3138125,4,8000,4,0.028933078291899533,0.15886039537574023,0.020413120068691618,0.01931445279636798,0.125,-0.06548621163444951,0.13801425997705052,0.058623534054699125,0.12436164349911269,,,False,env_mean_t,True,True,True,0
A,posterior_mean_shrunk,family_horizon,A,50,,,all,,,False,exploratory,cp0,p3_star,ok,0.0384086952115631,0.03478383441979531,0.0419656427053269,0.0018059348229849492,0.4365625,4,8000,4,-0.036246128896333295,0.11306351931945949,0.0234583138084528,0.20008759637751244,0.125,-0.005764071880343356,8.331984034539031,0.011182328570634127,0.08404917050177937,,,False,env_mean_t,True,True,True,0
A,posterior_mean_shrunk,family_horizon,A,50,,,all,,,False,exploratory,fixed_K16,p3_star,ok,0.0005882518183989304,-0.0018438188119034742,0.0030459960762527767,0.0012369989791847628,0.5008125,4,8000,4,-0.011594510065017936,0.012771013701815796,0.003828112311962731,0.8876276956392611,0.75,-0.008702118066189594,0.011011093461650879,-0.005841597738315614,0.007507716187477854,,,False,env_mean_t,True,True,True,0
A,posterior_mean_shrunk,family_horizon,A,50,,,all,,,False,exploratory,phi_k1,p3_star,ok,-0.011320783359020425,-0.01396990548382746,-0.008659367287327772,0.0013639112307028717,0.5193125000000001,4,8000,4,-0.03249661193911468,0.009855045221073826,0.006653946853694512,0.18743079016045083,0.25,-0.052367219386488556,0.00309669591831792,-0.024446922505332626,-0.0020768336365072173,,,False,env_mean_t,True,True,True,0
A,posterior_mean_shrunk,family_horizon,A,50,,,all,,,False,exploratory,phi_k16_all71,p3_star,ok,-0.004533890047219756,-0.007086499438992177,-0.0020187866277410656,0.001322292838417653,0.50275,4,8000,4,-0.018138743850862463,0.009070963756422948,0.004274967273149284,0.36670833098143363,0.375,-0.025702178329834,0.004485175487244378,-0.012068193559593054,0.0017280937704636018,,,False,env_mean_t,True,True,True,0
A,posterior_mean_shrunk,family_horizon,A,50,,,all,,,False,exploratory,phi_k16_clock,p3_star,ok,0.0023982315964421992,-0.0006331808464892655,0.005402849792153574,0.0015445022945734662,0.48043749999999996,4,8000,4,-0.03485548097866178,0.03965194417154618,0.011705998782525538,0.8507847644117145,1.0,-0.1424549584757149,0.026758142348135783,-0.017815968552778942,0.01979981933161616,,,False,env_mean_t,True,True,True,0
A,posterior_mean_shrunk,family_horizon,A,50,,,all,,,False,exploratory,phi_k16_cs,p3_star,ok,-0.004359187333022419,-0.006925576486992213,-0.001825965101306793,0.0013205628759112244,0.5020625,4,8000,4,-0.01781965073475769,0.009101276068712853,0.004229596389226527,0.3785261335440516,0.375,-0.02622913155678995,0.004879667974909829,-0.01173371168138692,0.0018986290312750496,,,False,env_mean_t,True,True,True,0
A,posterior_mean_shrunk,family_horizon,A,50,,,all,,,False,exploratory,phi_k16_famA_only,p3_star,ok,-0.005615014800114296,-0.007983775589673314,-0.003281962837854736,0.0012122979288940782,0.507625,4,8000,4,-0.013486707156977465,0.002256677556748873,0.0024734721662998884,0.10791570529002234,0.125,-0.2379238381424007,-0.00128158435500226,-0.00999234122260168,-0.0021040069790542477,,,False,env_mean_t,True,True,True,0
A,posterior_mean_shrunk,family_horizon,A,50,,,all,,,False,exploratory,phi_k16_famB_only,p3_star,ok,-0.004229782557224098,-0.006787581442551981,-0.0017075400577596163,0.0013229695193710568,0.5018125,4,8000,4,-0.017714312389558912,0.009254747275110716,0.0042371586316937715,0.39172266347812124,0.5,-0.028715258928998528,0.005242460498762425,-0.011545043162128423,0.002098174839411513,,,False,env_mean_t,True,True,True,0
A,posterior_mean_shrunk,family_horizon,A,50,,,all,,,False,exploratory,phi_k16_guard,p3_star,ok,-0.00013946698561994719,-0.002381789099308662,0.002083857573597925,0.0011392269900927416,0.5035,4,8000,4,-0.008999500119100865,0.008720566147860969,0.0027840322454996034,0.9631951913848673,0.875,-0.007753899047781729,0.009149399822244126,-0.005039413823094947,0.005065193757713133,,,False,env_mean_t,True,True,True,0
A,posterior_mean_shrunk,family_horizon,A,50,,,all,,,False,exploratory,phi_k16_hgb,p3_star,ok,-0.00230851715800236,-0.004995706437148328,0.00036344439213280565,0.0013791170614660664,0.4975,4,8000,4,-0.012701269469861432,0.008084235153856714,0.0032656489112178697,0.5305845053198572,0.625,-0.020145857593755156,0.005806701785754857,-0.008628068578720558,0.003016723701177398,,,False,env_mean_t,True,True,True,0
A,posterior_mean_shrunk,family_horizon,A,50,,,all,,,False,exploratory,phi_k16_lucb,p3_star,ok,-0.0042105506529260305,-0.006761089207429904,-0.0016830692096846192,0.0013204773837145916,0.5015000000000001,4,8000,4,-0.017881965339889165,0.009460864034037106,0.004295882279070962,0.3992975865803621,0.5,-0.031176451190774754,0.0053853539922498325,-0.011609533290436956,0.0022203606806142488,,,False,env_mean_t,True,True,True,0
A,posterior_mean_shrunk,family_horizon,A,50,,,all,,,False,exploratory,phi_k16_noT1000,p3_star,ok,0.01434750695657567,0.011235681711696088,0.017451605459791606,0.0016025009024215836,0.46943749999999995,4,8000,4,-0.0108644789527101,0.03955949286586144,0.007922203076113857,0.16781430137345874,0.25,-0.0423875376044654,0.03915453108473062,0.0017317503280937666,0.026963263585057573,,,False,env_mean_t,True,True,True,0
A,posterior_mean_shrunk,family_horizon,A,50,,,all,,,False,exploratory,phi_k16_noT200,p3_star,ok,-0.0042877361123610175,-0.006850652802040713,-0.0017734941764501859,0.0013229863724152045,0.502125,4,8000,4,-0.017866102318978373,0.009290630094256336,0.004266644242849802,0.3889631741469464,0.5,-0.02857869101697674,0.0051297624115133516,-0.011683538983634207,0.002062809995506541,,,False,env_mean_t,True,True,True,0
A,posterior_mean_shrunk,family_horizon,A,50,,,all,,,False,exploratory,phi_k16_noambig,p3_star,ok,0.0032155279534345025,0.0003139702821499674,0.006203783334058244,0.0015093259184340492,0.48906249999999996,4,8000,4,-0.009145807345104633,0.015576863251973638,0.0038842243082046757,0.4684660661239375,0.375,-0.008720152027821431,0.01708822852594423,-0.002766809402033687,0.009432193336222553,,,False,env_mean_t,True,True,True,0
A,posterior_mean_shrunk,family_horizon,A,50,,,all,,,False,exploratory,phi_k16_nopolicy,p3_star,ok,-0.003762409976741765,-0.005963713943310722,-0.001576974687122857,0.00111753369924363,0.50675,4,8000,4,-0.008770100521213478,0.001245280567729947,0.001573534967788023,0.09664939764863874,0.125,-0.01189178794099681,0.00619118060264278,-0.00636850719312497,-0.0011563127603585598,,,False,env_mean_t,True,True,True,0
A,posterior_mean_shrunk,family_horizon,A,50,,,all,,,False,exploratory,phi_k16_notrunc,p3_star,ok,-0.005321467191079137,-0.00784853552486311,-0.0028225041914083718,0.001315628802404026,0.5050625,4,8000,4,-0.018916392298202044,0.00827345791604377,0.004271847441558311,0.3012973278897054,0.375,-0.022193828305399413,0.0036649008357599617,-0.013173323945666199,0.0010242410052997,,,False,env_mean_t,True,True,True,0
A,posterior_mean_shrunk,family_horizon,A,50,,,all,,,False,exploratory,phi_k16_onpolicy_only,p3_star,ok,-0.007994244865036308,-0.010702151918758318,-0.005292722883496027,0.00139159645622726,0.5080625,4,8000,4,-0.02951840240189517,0.013529912671822554,0.0067634000614945275,0.3223667810025182,0.375,-0.1407285651920325,0.0045932501182198,-0.02084587717802424,0.0007145701696645119,,,False,env_mean_t,True,True,True,0
A,posterior_mean_shrunk,family_horizon,A,50,,,all,,,False,exploratory,phi_k16_onpolicy_union,p3_star,ok,-0.0045137106247420886,-0.007224368119204882,-0.001818667512270624,0.0013915606912516527,0.5033125,4,8000,4,-0.0191459528774182,0.010118531627934024,0.004597797055800343,0.39863377679623085,0.375,-0.027421685945942027,0.005079392275792408,-0.012639852974039969,0.002204809297982138,,,False,env_mean_t,True,True,True,0
A,posterior_mean_shrunk,family_horizon,A,50,,,all,,,False,exploratory,phi_k16_perstep,p3_star,ok,-0.014295942457596538,-0.017192565131699665,-0.011301016753714066,0.0014893970418977855,0.5225624999999999,4,8000,4,-0.042331624810199336,0.013739739895006263,0.008809475373097767,0.20309049349259728,0.125,-0.18648699188500123,0.0034903090882788205,-0.031904595497471745,-0.004484203422820428,,,False,env_mean_t,True,True,True,0
A,posterior_mean_shrunk,family_horizon,A,50,,,all,,,False,exploratory,phi_k16_quality,p3_star,ok,-0.004517093400685553,-0.007081398172886111,-0.0020012745552776333,0.0013204970724065548,0.50275,4,8000,4,-0.017592618470207877,0.008558431668836772,0.004108639648629255,0.3519022323341212,0.375,-0.02021699403867212,0.004281440764935629,-0.011777361988613847,0.001685201810552826,,,False,env_mean_t,True,True,True,0
A,posterior_mean_shrunk,family_horizon,A,50,,,all,,,False,exploratory,phi_k16_tau05,p3_star,ok,-0.004359187333022419,-0.006925576486992213,-0.001825965101306793,0.0013205628759112244,0.5020625,4,8000,4,-0.01781965073475769,0.009101276068712853,0.004229596389226527,0.3785261335440516,0.375,-0.02622913155678995,0.004879667974909829,-0.011733711681386922,0.0018986290312750496,,,False,env_mean_t,True,True,True,0
A,posterior_mean_shrunk,family_horizon,A,50,,,all,,,False,exploratory,phi_k16_weighted,p3_star,ok,4.0148786327336193e-05,-0.002640889689791947,0.0027220768432016464,0.0013804080401994176,0.4930625,4,8000,4,-0.01202161934904513,0.012101916921699804,0.0037900932107940745,0.9922131610541569,1.0,-0.028606385559344624,0.06063276508057967,-0.006414914348744787,0.006495211921399459,,,False,env_mean_t,True,True,True,0
A,posterior_mean_shrunk,family_horizon,A,50,,,all,,,False,exploratory,phi_k4,p3_star,ok,-0.010092396781918068,-0.012746281734143848,-0.007411491354787361,0.0013781890326213858,0.5168125,4,8000,4,-0.029885085886418673,0.009700292322582536,0.006219331673134429,0.20309995595834038,0.125,-0.18355389822742343,0.0013174600643078398,-0.021853197607037148,-0.002065658133869874,,,False,env_mean_t,True,True,True,0
A,posterior_mean_shrunk,family_horizon,A,50,,,all,,,False,exploratory,phi_reservoir_rule,p3_star,ok,0.002479977251590752,-0.00027056017206632526,0.005258320020948303,0.0014385999271299746,0.47806250000000006,4,8000,4,-0.03332435360693624,0.03828430811011774,0.011250568721012598,0.8396843763496746,1.0,-0.14924983839227546,0.02597198492308685,-0.01689286375459051,0.01922924530133605,,,False,env_mean_t,True,True,True,0
A,posterior_mean_shrunk,family_horizon,A,50,,,all,,,False,exploratory,phi_sf_k16,p3_star,ok,-0.003432002429028216,-0.006001375192136038,-0.0008786383230471993,0.0013288040070264563,0.49931250000000005,4,8000,4,-0.017773727250713637,0.010909722392657204,0.004506509598567096,0.5017149044770557,0.625,-0.155697889100694,0.007988168065585666,-0.01064460203895578,0.003591074100826518,,,False,env_mean_t,True,True,True,0
A,posterior_mean_shrunk,family_horizon,A,50,,,all,,,False,exploratory,phi_sf_k16_noT1000,p3_star,ok,-0.0009073671539008501,-0.003372901513648685,0.0015666208928450925,0.0012866188537378775,0.49568749999999995,4,8000,4,-0.008530512752830987,0.006715778445029287,0.0023953728885460495,0.7300556594937967,0.625,-0.005714396549386563,0.009995524672494382,-0.004360875038430094,0.0033969805760061724,,,False,env_mean_t,True,True,True,0
A,posterior_mean_shrunk,family_horizon,A,50,,,all,,,False,exploratory,power_a0.25,p3_star,ok,0.0,0.0,0.0,0.0,0.5,4,8000,4,0.0,0.0,0.0,1.0,1.0,0.0,0.0,0.0,0.0,,,False,env_mean_t,True,True,True,0
A,posterior_mean_shrunk,family_horizon,A,50,,,all,,,False,exploratory,power_a0.33,p3_star,ok,0.00042674399610768894,-0.0012395412470141308,0.0020510209748863415,0.0008573220183128976,0.495,4,8000,4,-0.002047866183551191,0.0029013541757665685,0.0007775811254224048,0.6213422795790865,0.625,-0.019242869392138477,0.0019042261972583394,-0.0010804942337454121,0.0013710515216444038,,,False,env_mean_t,True,True,True,0
A,posterior_mean_shrunk,family_horizon,A,50,,,all,,,False,exploratory,power_a0.5,p3_star,ok,0.0008630779279628768,3.583185844036058e-05,0.0016772594211943213,0.00041829534355247445,0.49687499999999996,4,8000,4,-0.0023846796582495076,0.004110835514175262,0.0010205223512554612,0.4598267834598465,0.625,-0.0013677867792453678,0.014680646955812632,-0.0005128378962399438,0.002908564940094948,,,False,env_mean_t,True,True,True,0
A,posterior_mean_shrunk,family_horizon,A,50,,,all,,,False,exploratory,power_a0.67,p3_star,ok,0.003828207487676992,0.0016574375771597268,0.006041492366057353,0.0011240737193976525,0.4824375,4,8000,4,-0.008153503717597231,0.015809918692951216,0.0037649374273436742,0.3841115982335178,0.5,-0.0077353464161422384,0.012325105842498497,-0.0030550196304393465,0.009809292833553626,,,False,env_mean_t,True,True,True,0
A,posterior_mean_shrunk,family_horizon,A,50,,,all,,,False,exploratory,refine_after_init,p3_star,ok,0.02327574782113152,0.019852936341703754,0.026655610011039242,0.001726273900250611,0.465,4,8000,4,-0.03291438831263717,0.07946588395490022,0.01765627154195127,0.2790273998818978,0.125,-0.011360499531525594,0.38981104405883993,0.0029721812047064306,0.058110033619152096,,,False,env_mean_t,True,True,True,0
A,posterior_mean_shrunk,family_horizon,A,50,,,all,,,False,exploratory,rule_reservoir,p3_star,ok,0.01946704435409629,0.016546331682002348,0.022425681548338617,0.0015026160496589356,0.45600000000000007,4,8000,4,-0.00683780363971162,0.0457718923479042,0.008265606225668243,0.09983472103567506,0.125,-0.00047356692851835414,0.043206525556328805,0.005774713530176086,0.034710612399503585,,,False,env_mean_t,True,True,True,0
A,posterior_mean_shrunk,family_horizon,A,50,,,all,,,False,exploratory,uniform,p3_star,ok,0.010458798900363036,0.008094292343957931,0.012775057766702956,0.001216301272146976,0.46968750000000004,4,8000,4,-0.0016532385592378327,0.022570836359963903,0.0038058890230109033,0.07085760258938284,0.125,-0.0005845202741089819,0.11012759071337203,0.004392595764482393,0.01652500203624368,,,False,env_mean_t,True,True,True,0
A,posterior_mean_shrunk,family_horizon,A,50,,,all,,,False,exploratory,always_search,phi_k16,ok,0.09825592416684231,0.0942107816110365,0.1021208712598309,0.002014458531114551,0.31375,4,8000,4,0.020942614134085352,0.17556923419959927,0.02429367304780486,0.02720785195357512,0.125,-0.03181543055445099,0.15654098922132587,0.057041134790059005,0.13497864719643257,,,False,env_mean_t,True,True,True,0
A,posterior_mean_shrunk,family_horizon,A,50,,,all,,,False,exploratory,cp0,phi_k16,ok,0.042767882544585516,0.039086646743817254,0.04640988189494237,0.0018602361697656127,0.42874999999999996,4,8000,4,-0.04340506991947355,0.1289408350086446,0.027077582525426754,0.21235358718178682,0.125,-0.012106136139067837,1.1873739948066486,0.01339721090867897,0.09707042435866788,,,False,env_mean_t,True,True,True,0
A,posterior_mean_shrunk,family_horizon,A,50,,,all,,,False,exploratory,fixed_K16,phi_k16,ok,0.004947439151421349,0.0021015852871641982,0.0077997852759835945,0.0014468448327566664,0.498625,4,8000,4,-0.01736102217766937,0.027255900480512067,0.007009846887927924,0.5311924507216119,1.0,-0.008703998640674655,1.044706928876434,-0.002649995744570333,0.01881642600919986,,,False,env_mean_t,True,True,True,0
A,posterior_mean_shrunk,family_horizon,A,50,,,all,,,False,exploratory,p3_star,phi_k16,ok,0.004359187333022419,0.0018259651013067927,0.006925576486992213,0.0013205628759112244,0.49793750000000003,4,8000,4,-0.009101276068712853,0.01781965073475769,0.004229596389226527,0.3785261335440516,0.375,-0.004879667974909829,0.02622913155678995,-0.0018986290312750496,0.01173371168138692,,,False,env_mean_t,True,True,True,0
A,posterior_mean_shrunk,family_horizon,A,50,,,all,,,False,exploratory,phi_k1,phi_k16,ok,-0.006961596025998006,-0.008918105646444019,-0.004982376208863571,0.0009968293016144718,0.5171250000000001,4,8000,4,-0.015663094085998322,0.0017399020340023077,0.0027342167707758375,0.08422906009729741,0.125,-0.045114895283348194,-0.001798787985974026,-0.012168324877420674,-0.003422572459850926,,,False,env_mean_t,True,True,True,0
A,posterior_mean_shrunk,family_horizon,A,50,,,all,,,False,exploratory,phi_k16_all71,phi_k16,ok,-0.00017470271419733763,-0.0003698598785376817,1.6041049667592153e-05,9.900528143335694e-05,0.500875,4,8000,4,-0.00043744732581447044,8.804189741979515e-05,8.256057963363178e-05,0.12464822306738779,0.25,-0.0006859995851622835,0.00024497991598917653,-0.00031122342124581336,-3.818200714886189e-05,,,False,env_mean_t,True,True,True,0
A,posterior_mean_shrunk,family_horizon,A,50,,,all,,,False,exploratory,phi_k16_clock,phi_k16,ok,0.006757418929464621,0.004371203049595351,0.009098402118252124,0.0012152148698128952,0.4766875,4,8000,4,-0.024000954685665075,0.03751579254459432,0.009665009450139853,0.5347816814712159,0.625,-0.04338775437526826,0.06367237533110912,-0.009211231055007374,0.022726068913936616,,,False,env_mean_t,True,True,True,0
A,posterior_mean_shrunk,family_horizon,A,50,,,all,,,False,exploratory,phi_k16_cs,phi_k16,ok,0.0,0.0,0.0,0.0,0.5,4,8000,4,0.0,0.0,0.0,1.0,1.0,0.0,0.0,0.0,0.0,,,False,env_mean_t,True,True,True,0
A,posterior_mean_shrunk,family_horizon,A,50,,,all,,,False,exploratory,phi_k16_famA_only,phi_k16,ok,-0.0012558274670918762,-0.0031150053298915734,0.0006355684228765312,0.0009630258852117655,0.5073125,4,8000,4,-0.007352884856680468,0.004841229922496717,0.0019158398303424178,0.5589297983097031,0.75,-0.0073691327447968375,0.0029441882810844733,-0.0046296177765434545,0.0017783595345681534,,,False,env_mean_t,True,True,True,0
A,posterior_mean_shrunk,family_horizon,A,50,,,all,,,False,exploratory,phi_k16_famB_only,phi_k16,ok,0.00012940477579832078,-5.154985124136146e-05,0.00033264547764701993,9.844087358704978e-05,0.49975,4,8000,4,-0.00017018004812660418,0.00042898959972324574,9.413664683911067e-05,0.26292339086611455,0.5,-3.09105760891152e-05,0.00044637046463283153,0.0,0.00029931871220469477,,,False,env_mean_t,True,True,True,0
A,posterior_mean_shrunk,family_horizon,A,50,,,all,,,False,exploratory,phi_k16_guard,phi_k16,ok,0.004219720347402472,0.0015098580708581722,0.006942187722461312,0.0013948164428516788,0.502625,4,8000,4,-0.015404480767741997,0.02384392146254694,0.006166388756524524,0.5429031163039011,1.0,-0.00882591161671634,0.2248409994575521,-0.003291165228572936,0.01666474548669794,,,False,env_mean_t,True,True,True,0
A,posterior_mean_shrunk,family_horizon,A,50,,,all,,,False,exploratory,phi_k16_hgb,phi_k16,ok,0.0020506701750200593,-2.3120556488720402e-05,0.0040835683823388525,0.0010495516037802273,0.498125,4,8000,4,-0.002035281113690234,0.006136621463730353,0.0012839026637861972,0.20850148453853126,0.375,-0.025743304513710985,0.00907241607989065,-0.00011534968223713804,0.004216690032277256,,,False,env_mean_t,True,True,True,0
A,posterior_mean_shrunk,family_horizon,A,50,,,all,,,False,exploratory,phi_k16_lucb,phi_k16,ok,0.00014863668009638788,-0.00011144722018343593,0.00042489318229854673,0.00013630552292709426,0.49974999999999997,4,8000,4,-0.0003775639173421775,0.0006748372775349533,0.00016534468988995427,0.4349296280414622,1.0,-0.00019462233105942115,0.002654319554691227,-3.6687433719635005e-05,0.0004825974740087986,,,False,env_mean_t,True,True,True,0
A,posterior_mean_shrunk,family_horizon,A,50,,,all,,,False,exploratory,phi_k16_noT1000,phi_k16,ok,0.01870669428959809,0.016045904465499916,0.02132820033621101,0.0013388717437693987,0.46937500000000004,4,8000,4,-0.01254631462459152,0.0499597032037877,0.009820435575708315,0.15289554721999166,0.125,-0.00027365091203308475,0.07493867246604828,0.004657999910414218,0.036452294232905844,,,False,env_mean_t,True,True,True,0
A,posterior_mean_shrunk,family_horizon,A,50,,,all,,,False,exploratory,phi_k16_noT200,phi_k16,ok,7.145122066140174e-05,-0.00011525209990850267,0.00027497745913933607,9.963925582571185e-05,0.5000625000000001,4,8000,4,-0.0002029468197484774,0.0003458492610712809,8.622236295214325e-05,0.46805583193476064,1.0,-0.00011216827531386261,0.000909171010466897,-3.1917784363031387e-05,0.0002462714463472366,,,False,env_mean_t,True,True,True,0
A,posterior_mean_shrunk,family_horizon,A,50,,,all,,,False,exploratory,phi_k16_noambig,phi_k16,ok,0.007574715286456922,0.0053408280266921794,0.009749943570932373,0.0011126114750293322,0.4878125,4,8000,4,-0.0027696733738247076,0.01791910394673855,0.003250451906480619,0.10211451110076761,0.125,-8.46912530554321e-05,0.01614655241109117,0.002153898135838972,0.013298602764145472,,,False,env_mean_t,True,True,True,0
A,posterior_mean_shrunk,family_horizon,A,50,,,all,,,False,exploratory,phi_k16_nopolicy,phi_k16,ok,0.0005967773562806544,-0.0015014871933090033,0.002726262959822634,0.0010871101609460662,0.506625,4,8000,4,-0.008235521085341804,0.009429075797903112,0.0027753173484682185,0.8435320836340893,1.0,-0.0051184344001109945,0.014955774115558922,-0.0032080764484999236,0.005914632676642214,,,False,env_mean_t,True,True,True,0
A,posterior_mean_shrunk,family_horizon,A,50,,,all,,,False,exploratory,phi_k16_notrunc,phi_k16,ok,-0.0009622798580567178,-0.0018941703921882434,-6.96016093570507e-05,0.00046562492674772325,0.5019375,4,8000,4,-0.002185216899204143,0.00026065718309070695,0.0003842757815322835,0.08738734473104241,0.25,-0.0020179248143450176,0.0007782577529434128,-0.0015524542098864912,-0.0003316925796680152,,,False,env_mean_t,True,True,True,0
A,posterior_mean_shrunk,family_horizon,A,50,,,all,,,False,exploratory,phi_k16_onpolicy_only,phi_k16,ok,-0.0036350575320138884,-0.005052917906323273,-0.0022278545075096194,0.0007188728319846286,0.5065,4,8000,4,-0.01350427603527799,0.006234160971250213,0.0031011421895409744,0.3257444011818633,0.5,-0.03240547581137182,0.0023899751376206422,-0.00912908430362586,0.0008783130645751953,,,False,env_mean_t,True,True,True,0
A,posterior_mean_shrunk,family_horizon,A,50,,,all,,,False,exploratory,phi_k16_onpolicy_union,phi_k16,ok,-0.00015452329171966993,-0.0015877001895205464,0.001246721801544481,0.000720669823471917,0.5029374999999999,4,8000,4,-0.0013595912823094452,0.0010505446988701055,0.0003786609026487083,0.7105938935400183,1.0,-0.004037105998554708,0.0007230513677011454,-0.0009061412926530464,0.00040917345236084657,,,False,env_mean_t,True,True,True,0
A,posterior_mean_shrunk,family_horizon,A,50,,,all,,,False,exploratory,phi_k16_perstep,phi_k16,ok,-0.00993675512457412,-0.01226438009980484,-0.007602186544681901,0.0011866689941286879,0.520625,4,8000,4,-0.02817535677008373,0.00830184652093549,0.005731000587575878,0.18135789591523835,0.25,-0.03128509124278419,0.0020915840547723503,-0.020170883816084825,-0.0012417240738650435,,,False,env_mean_t,True,True,True,0
A,posterior_mean_shrunk,family_horizon,A,50,,,all,,,False,exploratory,phi_k16_quality,phi_k16,ok,-0.00015790606766313432,-0.0005658811203829827,0.00023952328301675145,0.00020505503388203473,0.500375,4,8000,4,-0.001140130875857462,0.0008243187405311932,0.00030863829707466643,0.6441946782760161,1.0,-0.0027429020956773347,0.0004652482592130739,-0.0007650381472085429,0.00022278491361066698,,,False,env_mean_t,True,True,True,0
A,posterior_mean_shrunk,family_horizon,A,50,,,all,,,False,exploratory,phi_k16_tau05,phi_k16,ok,0.0,0.0,0.0,0.0,0.5,4,8000,4,0.0,0.0,0.0,1.0,1.0,0.0,0.0,0.0,0.0,,,False,env_mean_t,True,True,True,0
A,posterior_mean_shrunk,family_horizon,A,50,,,all,,,False,exploratory,phi_k16_weighted,phi_k16,ok,0.004399336119349754,0.003213139227591455,0.005589801189489663,0.0006044901734345803,0.49131250000000004,4,8000,4,-0.0011251762594534937,0.009923848498153002,0.001735932628189543,0.08510459116021185,0.25,-0.0001916031330682754,0.008555777813738553,0.0012960736528038978,0.007305351815120958,,,False,env_mean_t,True,True,True,0
A,posterior_mean_shrunk,family_horizon,A,50,,,all,,,False,exploratory,phi_k4,phi_k16,ok,-0.00573320944889565,-0.007615254475967959,-0.0039053276914273742,0.0009466319974059414,0.5129999999999999,4,8000,4,-0.01347325527105522,0.0020068363732639195,0.002432105707269604,0.09964328259726338,0.125,-0.3171140915771956,-0.0015745918228297117,-0.010119485925650224,-0.002371634528040886,,,False,env_mean_t,True,True,True,0
A,posterior_mean_shrunk,family_horizon,A,50,,,all,,,False,exploratory,phi_reservoir_rule,phi_k16,ok,0.006839164584613172,0.004842049448052422,0.008820117347931953,0.0010230666873323518,0.47687499999999994,4,8000,4,-0.022543388782919924,0.036221717952146265,0.009232694144360029,0.5125526794573723,0.5,-0.04174785177257283,0.06648375301233744,-0.008477165714430156,0.0221554948836565,,,False,env_mean_t,True,True,True,0
A,posterior_mean_shrunk,family_horizon,A,50,,,all,,,False,exploratory,phi_sf_k16,phi_k16,ok,0.0009271849039942027,0.00038158841325639523,0.0014785051949729676,0.00028115162274524756,0.4975,4,8000,4,-0.001691279421458879,0.003545649229447284,0.0008227835049740617,0.34178676276472986,0.5,-0.0006396622666929279,0.009526957241091115,0.0,0.002538667604327202,,,False,env_mean_t,True,True,True,0
A,posterior_mean_shrunk,family_horizon,A,50,,,all,,,False,exploratory,phi_sf_k16_noT1000,phi_k16,ok,0.0034518201791215687,0.002243230356907589,0.0047155530371128405,0.0006325053939750429,0.49475,4,8000,4,-0.006275022061863654,0.01317866242010679,0.0030564041959910133,0.340886234998874,0.5,-0.002352491597911526,0.15660097846532417,-0.00014058183878660203,0.009406064195092767,,,False,env_mean_t,True,True,True,0
A,posterior_mean_shrunk,family_horizon,A,50,,,all,,,False,exploratory,power_a0.25,phi_k16,ok,0.004359187333022419,0.0018259651013067927,0.006925576486992213,0.0013205628759112244,0.49793750000000003,4,8000,4,-0.009101276068712853,0.01781965073475769,0.004229596389226527,0.3785261335440516,0.375,-0.004879667974909829,0.02622913155678995,-0.0018986290312750496,0.01173371168138692,,,False,env_mean_t,True,True,True,0
A,posterior_mean_shrunk,family_horizon,A,50,,,all,,,False,exploratory,power_a0.33,phi_k16,ok,0.004785931329130107,0.002214144315303202,0.0073317482798302075,0.0013195081938007468,0.491375,4,8000,4,-0.006649299612930053,0.01622116227119027,0.003593220386177336,0.2750309664039406,0.375,-0.005792776565642631,0.023516705468233486,-0.0008297098292896408,0.010538062116946093,,,False,env_mean_t,True,True,True,0
A,posterior_mean_shrunk,family_horizon,A,50,,,all,,,False,exploratory,power_a0.5,phi_k16,ok,0.005222265260985296,0.002668507355701877,0.007800571181360282,0.0013250024440200614,0.493125,4,8000,4,-0.009468614283336736,0.01991314480530733,0.004616222281560969,0.3401947299848976,0.375,-0.01351756872568445,0.028737495741991942,-0.0022374203557992585,0.01268195087776985,,,False,env_mean_t,True,True,True,0
A,posterior_mean_shrunk,family_horizon,A,50,,,all,,,False,exploratory,power_a0.67,phi_k16,ok,0.00818739482069941,0.005709991596086184,0.010740117400928284,0.0013016685433504648,0.479,4,8000,4,-0.0038540452840404443,0.020228834925439265,0.003783705662134145,0.11914244814962892,0.25,-0.0006299618987569769,0.01832973206483689,0.0018968595526603165,0.014782082952558995,,,False,env_mean_t,True,True,True,0
A,posterior_mean_shrunk,family_horizon,A,50,,,all,,,False,exploratory,refine_after_init,phi_k16,ok,0.02763493515415394,0.024190391932643253,0.031167150870896873,0.001806677021632806,0.4574375,4,8000,4,-0.04007459145665414,0.09534446176496202,0.021275936847195896,0.28480393412681976,0.125,-0.015215748790387014,3.28049010299191,0.0056010893153761575,0.07027498990110326,,,False,env_mean_t,True,True,True,0
A,posterior_mean_shrunk,family_horizon,A,50,,,all,,,False,exploratory,rule_reservoir,phi_k16,ok,0.023826231687118705,0.02055406269937521,0.027190668691764584,0.001683237469185179,0.45081249999999995,4,8000,4,-0.011076897380247482,0.05872936075448489,0.010967389774783539,0.11818243838670864,0.25,-0.03592339358316727,0.05861693499791482,0.006482393921512994,0.041170069452724424,,,False,env_mean_t,True,True,True,0
A,posterior_mean_shrunk,family_horizon,A,50,,,all,,,False,exploratory,uniform,phi_k16,ok,0.014817986233385453,0.012170161787435064,0.017485506813682147,0.0013534302257471101,0.4660000000000001,4,8000,4,-0.0021468850279105552,0.03178285749468146,0.005330764334697433,0.06900728626255138,0.125,-0.008267300381441156,0.026637018595850884,0.005514359263564984,0.02266320548288059,,,False,env_mean_t,True,True,True,0
A,posterior_mean_shrunk,family_horizon,A,100,,,all,,,False,exploratory,always_search,cp0,ok,-0.03376652145473054,-0.037395873881177974,-0.03005578398006037,0.0018686770897273879,0.5449375000000001,4,8000,4,-0.14517231256092636,0.07763926965146528,0.03500633802406424,0.40590782168953204,0.5,-0.6827772934549482,0.028994740578901126,-0.09797395747195697,0.014394479889422655,,,False,env_mean_t,True,True,True,0
A,posterior_mean_shrunk,family_horizon,A,100,,,all,,,False,exploratory,fixed_K16,cp0,ok,-0.02453238113928819,-0.02689821198582649,-0.022105924782226793,0.0012284554183032066,0.558,4,8000,4,-0.06253767756604253,0.013472915287466143,0.011942164228711551,0.13222130547602706,0.125,-0.29953502095933027,-0.0011714769423332196,-0.04807972143782536,-0.010826474733650684,,,False,env_mean_t,True,True,True,0
A,posterior_mean_shrunk,family_horizon,A,100,,,all,,,False,exploratory,p3_star,cp0,ok,-0.03771646439284086,-0.04105462540464941,-0.03446657744061667,0.0016777436523870875,0.5763125,4,8000,4,-0.11330954929433334,0.03787662050865162,0.02375313757092707,0.21052288915049266,0.125,-0.7719814183281294,0.007049189083752613,-0.08360706943407423,-0.00874097990244627,,,False,env_mean_t,True,True,True,0
A,posterior_mean_shrunk,family_horizon,A,100,,,all,,,False,exploratory,phi_k1,cp0,ok,-0.04739077245717635,-0.05096958857611753,-0.043846352346008644,0.0018152934947410317,0.5913125,4,8000,4,-0.14019126232603651,0.045409717411683814,0.0291601117400745,0.202590826336593,0.125,-2.8872515842631197,0.007250365280064147,-0.10386604611057554,-0.012744999147951602,,,False,env_mean_t,True,True,True,0
A,posterior_mean_shrunk,family_horizon,A,100,,,all,,,False,exploratory,phi_k16_all71,cp0,ok,-0.04426623647328233,-0.047752163308905436,-0.04075789256021381,0.001764915786798975,0.5859375,4,8000,4,-0.1306713456780148,0.04213887273145016,0.027150531671587676,0.20151122891304152,0.125,-1.7667097933673317,0.006769517852679992,-0.0968804555995739,-0.011905310258269311,,,False,env_mean_t,True,True,True,0
A,posterior_mean_shrunk,family_horizon,A,100,,,all,,,False,exploratory,phi_k16_clock,cp0,ok,-0.038601710521150384,-0.04190464981948025,-0.03542211631429382,0.0016579108488004079,0.5801875000000001,4,8000,4,-0.11357157298777629,0.03636815194547552,0.02355730632191845,0.19981860255234415,0.125,-5.1104400425466014,0.005492806557012668,-0.08425590334594017,-0.010827418990433215,,,False,env_mean_t,True,True,True,0
A,posterior_mean_shrunk,family_horizon,A,100,,,all,,,False,exploratory,phi_k16_cs,cp0,ok,-0.0445685502574197,-0.04801497150911018,-0.041093703894875946,0.0017592425153962448,0.5865625,4,8000,4,-0.13123527516930078,0.04209817465446138,0.027232737522701094,0.2002387700657546,0.125,-2.0732280429285166,0.006564501664062007,-0.09733632884122198,-0.012167847968637943,,,False,env_mean_t,True,True,True,0
A,posterior_mean_shrunk,family_horizon,A,100,,,all,,,False,exploratory,phi_k16_famA_only,cp0,ok,-0.04135321109188954,-0.04460258475155569,-0.03809545804397203,0.0016487858744646709,0.5843125,4,8000,4,-0.12096749948946116,0.03826107730568208,0.025016694944826157,0.19689639292881164,0.125,-1.7950123104047297,0.006069164013214584,-0.09009890758333496,-0.012132586434483526,,,False,env_mean_t,True,True,True,0
A,posterior_mean_shrunk,family_horizon,A,100,,,all,,,False,exploratory,phi_k16_famB_only,cp0,ok,-0.04473459841212025,-0.048196399706648664,-0.04127470493549481,0.0017585911351514093,0.5863125,4,8000,4,-0.13295167650615153,0.04348247968191104,0.027719895210036212,0.20497294791753648,0.125,-1.7869969594878394,0.007563701137242876,-0.09857334521546726,-0.011936892434954643,,,False,env_mean_t,True,True,True,0
A,posterior_mean_shrunk,family_horizon,A,100,,,all,,,False,exploratory,phi_k16_guard,cp0,ok,-0.0384111107076169,-0.04147080551483669,-0.03539262611011509,0.0015660272196463033,0.5802499999999999,4,8000,4,-0.11355143328460796,0.03672921186937416,0.023610868925655754,0.2022484451471076,0.125,-0.7817157275324278,0.007346057087069986,-0.08483471141912742,-0.011301204882562161,,,False,env_mean_t,True,True,True,0
A,posterior_mean_shrunk,family_horizon,A,100,,,all,,,False,exploratory,phi_k16_hgb,cp0,ok,-0.0426927532448317,-0.04623947059735656,-0.03917692865943536,0.0017872843276464689,0.577625,4,8000,4,-0.1351910195539135,0.049805513064250115,0.02906514593993623,0.2381919403842591,0.125,-1.980297119581851,0.011615341116898222,-0.0988130975770182,-0.007672857150435447,,,False,env_mean_t,True,True,True,0
A,posterior_mean_shrunk,family_horizon,A,100,,,all,,,False,exploratory,phi_k16_lucb,cp0,ok,-0.04494326991069829,-0.04835730515769683,-0.041502051055431366,0.0017645195165850607,0.586875,4,8000,4,-0.13268435174353707,0.042797811922140494,0.027570325911599903,0.20156669748819328,0.125,-3.4473688003124017,0.006833396964809564,-0.09843935842619977,-0.012459469318389892,,,False,env_mean_t,True,True,True,0
A,posterior_mean_shrunk,family_horizon,A,100,,,all,,,False,exploratory,phi_k16_noT1000,cp0,ok,-0.04518136219115695,-0.04868019506102428,-0.04161829077638686,0.0017919603267754537,0.585125,4,8000,4,-0.13522869932991058,0.04486597494759669,0.028295005948490347,0.20859165563578766,0.125,-1.1239206925594893,0.008223869913911927,-0.10000222238426795,-0.011126285776495933,,,False,env_mean_t,True,True,True,0
A,posterior_mean_shrunk,family_horizon,A,100,,,all,,,False,exploratory,phi_k16_noT200,cp0,ok,-0.04619685782532906,-0.049708993535023185,-0.042743443639483306,0.001776740750209042,0.588125,4,8000,4,-0.13689199170011424,0.04449827604945611,0.028498559024925922,0.20345928466851926,0.125,-2.630368691071743,0.007242526668255783,-0.10140489636448913,-0.012341028563678264,,,False,env_mean_t,True,True,True,0
A,posterior_mean_shrunk,family_horizon,A,100,,,all,,,False,exploratory,phi_k16_noambig,cp0,ok,-0.0462295369351632,-0.04977062014513649,-0.042706954380264506,0.0018015931742551995,0.5876874999999999,4,8000,4,-0.13725509017991888,0.0447960163095925,0.028602384616396845,0.20445251598011582,0.125,-1.4160782638934832,0.007647302658944921,-0.10165592672018102,-0.011979865454137324,,,False,env_mean_t,True,True,True,0
A,posterior_mean_shrunk,family_horizon,A,100,,,all,,,False,exploratory,phi_k16_nopolicy,cp0,ok,-0.04082446578075178,-0.044101030926685776,-0.037594535225071016,0.001663030773042827,0.5845,4,8000,4,-0.1195580559056752,0.03790912434417163,0.024739958689705053,0.19747752948043204,0.125,-0.9447465627166527,0.006314672013505267,-0.08903173372329912,-0.01157147803157568,,,False,env_mean_t,True,True,True,0
A,posterior_mean_shrunk,family_horizon,A,100,,,all,,,False,exploratory,phi_k16_notrunc,cp0,ok,-0.044382107475248636,-0.047878372092964125,-0.04092994115490001,0.0017762140977687732,0.5865625,4,8000,4,-0.13013408252171618,0.04136986757121891,0.026945301450678506,0.19808948767722928,0.125,-1.2215005995178116,0.006492770028123908,-0.09664753988425946,-0.01215998664498329,,,False,env_mean_t,True,True,True,0
A,posterior_mean_shrunk,family_horizon,A,100,,,all,,,False,exploratory,phi_k16_onpolicy_only,cp0,ok,-0.045663741967582605,-0.04917776868387591,-0.042132136166037525,0.0017980297504459784,0.584375,4,8000,4,-0.14050404167376462,0.0491765577385994,0.029801068300420928,0.22297562472064744,0.125,-1.3625307373779383,0.010087501936123199,-0.10312447976175462,-0.009373757615685463,,,False,env_mean_t,True,True,True,0
A,posterior_mean_shrunk,family_horizon,A,100,,,all,,,False,exploratory,phi_k16_onpolicy_union,cp0,ok,-0.046725817026977895,-0.050210785266244784,-0.04321362806949765,0.0017822612429010422,0.5896875,4,8000,4,-0.1383043468336934,0.0448527127797376,0.028776142948482984,0.20288678668693627,0.125,-3.0276887138548423,0.007028154196566293,-0.10235749139537803,-0.012356271900236606,,,False,env_mean_t,True,True,True,0
A,posterior_mean_shrunk,family_horizon,A,100,,,all,,,False,exploratory,phi_k16_perstep,cp0,ok,-0.04643465949402889,-0.0497880338167306,-0.043026158883003526,0.001743224670812171,0.5893125,4,8000,4,-0.14142834771301607,0.04855902872495829,0.029849266603892855,0.21764519319979178,0.125,-9.769282957953026,0.008565523806998133,-0.10373365366872167,-0.01022140646725893,,,False,env_mean_t,True,True,True,0
A,posterior_mean_shrunk,family_horizon,A,100,,,all,,,False,exploratory,phi_k16_quality,cp0,ok,-0.045907672920206095,-0.04933532570139505,-0.042453591397497804,0.0017605941921460947,0.588875,4,8000,4,-0.13469144086669568,0.042876095026283485,0.027897962582773165,0.19840642538755185,0.125,-69.88875007510332,0.006051821213706579,-0.09986262198205804,-0.01292821406573057,,,False,env_mean_t,True,True,True,0
A,posterior_mean_shrunk,family_horizon,A,100,,,all,,,False,exploratory,phi_k16_tau05,cp0,ok,-0.044553814514016264,-0.04800849262974225,-0.04108209299156442,0.0017608562072552025,0.5864375,4,8000,4,-0.1315832476367823,0.042475618608749786,0.027346709032694136,0.2017552449972028,0.125,-1.726332686146656,0.006891626882795064,-0.09756795724801484,-0.011983957543969154,,,False,env_mean_t,True,True,True,0
A,posterior_mean_shrunk,family_horizon,A,100,,,all,,,False,exploratory,phi_k16_weighted,cp0,ok,-0.043350992946128826,-0.04680593484081328,-0.039871230081189424,0.0017665418846649925,0.58125,4,8000,4,-0.12844676635574687,0.04174478046348921,0.026739107355350004,0.20341047124501144,0.125,-1.4715666221886057,0.006882775898044334,-0.09510884368879488,-0.011278905674815178,,,False,env_mean_t,True,True,True,0
A,posterior_mean_shrunk,family_horizon,A,100,,,all,,,False,exploratory,phi_k4,cp0,ok,-0.047198173510783814,-0.050713608262594786,-0.04367642027500551,0.0018109733374373892,0.58825,4,8000,4,-0.14224365139386874,0.0478473043723011,0.029865540142903317,0.21215682003147288,0.125,-1.4214563090955992,0.009117275584446874,-0.10509803876135265,-0.011460370175540448,,,False,env_mean_t,True,True,True,0
A,posterior_mean_shrunk,family_horizon,A,100,,,all,,,False,exploratory,phi_reservoir_rule,cp0,ok,-0.03280353393161203,-0.036221837136717734,-0.029518875654707698,0.0017127629797879598,0.5571875,4,8000,4,-0.1203895212225321,0.054782453359308037,0.027521591533376077,0.3189856746992911,0.375,-0.42601004578432744,0.018755705272002307,-0.08490153531305258,0.003241734854876995,,,False,env_mean_t,True,True,True,0
A,posterior_mean_shrunk,family_horizon,A,100,,,all,,,False,exploratory,phi_sf_k16,cp0,ok,-0.04654266000766074,-0.0501257382275071,-0.04300468574801926,0.0018043769703450167,0.5891875,4,8000,4,-0.13725296433157166,0.04416764431625018,0.028503325939327768,0.2009984645546898,0.125,-1.7169044488928504,0.007125414625469763,-0.10181791308609536,-0.012608513951301574,,,False,env_mean_t,True,True,True,0
A,posterior_mean_shrunk,family_horizon,A,100,,,all,,,False,exploratory,phi_sf_k16_noT1000,cp0,ok,-0.04348408238630509,-0.046950881218072026,-0.04006048940937035,0.0017575653862998727,0.5838125000000001,4,8000,4,-0.12778002161449697,0.040811856841886804,0.026487780512820656,0.19919828747211224,0.125,-1.78440751641247,0.006435220017269795,-0.09490398670494324,-0.012111588522791861,,,False,env_mean_t,True,True,True,0
A,posterior_mean_shrunk,family_horizon,A,100,,,all,,,False,exploratory,power_a0.25,cp0,ok,-0.03796406224009115,-0.041331567571614866,-0.03461250705295243,0.0017242420587349845,0.5740000000000001,4,8000,4,-0.11434112542863428,0.038413000948451986,0.023999482115923492,0.2118255831095038,0.125,-0.6124771842037251,0.006891251475616547,-0.08389920007385081,-0.00774393343180418,,,False,env_mean_t,True,True,True,0
A,posterior_mean_shrunk,family_horizon,A,100,,,all,,,False,exploratory,power_a0.33,cp0,ok,-0.03771646439284086,-0.04105462540464941,-0.03446657744061667,0.0016777436523870875,0.5763125,4,8000,4,-0.11330954929433334,0.03787662050865162,0.02375313757092707,0.21052288915049266,0.125,-0.7719814183281294,0.007049189083752613,-0.08360706943407423,-0.00874097990244627,,,False,env_mean_t,True,True,True,0
A,posterior_mean_shrunk,family_horizon,A,100,,,all,,,False,exploratory,power_a0.5,cp0,ok,-0.03654449044296052,-0.03989504049386596,-0.033196280029369515,0.0017011877481802507,0.570875,4,8000,4,-0.11219200930882789,0.03910302842290684,0.02377024201171041,0.2217947789775075,0.125,-0.609892416073635,0.008054075478344386,-0.08217814801720669,-0.006848036713898182,,,False,env_mean_t,True,True,True,0
A,posterior_mean_shrunk,family_horizon,A,100,,,all,,,False,exploratory,power_a0.67,cp0,ok,-0.03549987947125919,-0.03884105609613471,-0.03224236114183441,0.0016750988611697677,0.5703125,4,8000,4,-0.11081165115750174,0.03981189221498336,0.023664742296265914,0.23055581097298106,0.125,-0.6157536517599335,0.009353929423162516,-0.08127419121511048,-0.006554534874856471,,,False,env_mean_t,True,True,True,0
A,posterior_mean_shrunk,family_horizon,A,100,,,all,,,False,exploratory,refine_after_init,cp0,ok,0.007331749749078881,0.006021695413073758,0.008667245288961567,0.0006761474753228038,0.481,4,8000,4,-0.0011146862836297552,0.015778185781787517,0.0026540702410863316,0.07000842343344707,0.125,0.0025125875184668226,0.04263918790303972,0.0036465218886733057,0.01219211974920472,,,False,env_mean_t,True,True,True,0
A,posterior_mean_shrunk,family_horizon,A,100,,,all,,,False,exploratory,rule_reservoir,cp0,ok,-0.019288080491416622,-0.022146715005510485,-0.01632994664250873,0.001514112131580139,0.5285,4,8000,4,-0.09060288840414293,0.05202672742130968,0.022408801617273086,0.45267904495315103,0.625,-0.2991111974914424,0.029468250258895816,-0.05748807493172353,0.014394400905817747,,,False,env_mean_t,True,True,True,0
A,posterior_mean_shrunk,family_horizon,A,100,,,all,,,False,exploratory,uniform,cp0,ok,-0.026350186554191166,-0.029911528380034726,-0.022824542448506693,0.0018093451814420313,0.5315,4,8000,4,-0.11610958159341257,0.06340920848503025,0.028204527721393736,0.4190910307080021,0.625,-0.2878201616747038,0.027631037400935973,-0.07963906235521426,0.011201905243098737,,,False,env_mean_t,True,True,True,0
A,posterior_mean_shrunk,family_horizon,A,100,,,all,,,False,exploratory,always_search,p3_star,ok,0.003949942938110325,0.0009470655815675859,0.00699602423410397,0.0015649367870665882,0.47837500000000005,4,8000,4,-0.03410880506572249,0.042008690941943136,0.011958959980140172,0.7629009218694831,0.875,-0.13147033767176627,0.04146088107960846,-0.015235573915648275,0.023135459791868925,,,False,env_mean_t,True,True,True,0
A,posterior_mean_shrunk,family_horizon,A,100,,,all,,,False,exploratory,cp0,p3_star,ok,0.03771646439284086,0.03446657744061667,0.04105462540464941,0.0016777436523870875,0.4236875,4,8000,4,-0.03787662050865162,0.11330954929433334,0.02375313757092707,0.21052288915049266,0.125,-0.007049189083752613,0.7719814183281294,0.00874097990244627,0.08360706943407423,,,False,env_mean_t,True,True,True,0
A,posterior_mean_shrunk,family_horizon,A,100,,,all,,,False,exploratory,fixed_K16,p3_star,ok,0.013184083253552671,0.010238121226393561,0.016208742768412776,0.0015160524418712262,0.4816875,4,8000,4,-0.024714425613879362,0.051082592120984704,0.011908609048489028,0.34904083226231203,0.375,-0.010054405410994088,0.12427390437346642,-0.0020854948312044146,0.0360977649645647,,,False,env_mean_t,True,True,True,0
A,posterior_mean_shrunk,family_horizon,A,100,,,all,,,False,exploratory,phi_k1,p3_star,ok,-0.009674308064335491,-0.01243149502261076,-0.006915335399389733,0.0014095435969976068,0.5236875,4,8000,4,-0.027110121662266524,0.007761505533595541,0.005478745570344091,0.17560906985710667,0.125,-0.22575702286313012,0.0016094117966654938,-0.020696226053813008,-0.003448180139064789,,,False,env_mean_t,True,True,True,0
A,posterior_mean_shrunk,family_horizon,A,100,,,all,,,False,exploratory,phi_k16_all71,p3_star,ok,-0.006549772080441472,-0.009096767590926902,-0.003922063701338631,0.001333108130662773,0.5160625,4,8000,4,-0.018139471037302728,0.005039926876419786,0.0036417578947425676,0.16993172161025547,0.125,-0.03022303468101311,0.0006254573377472384,-0.013424405396392104,-0.0016504262246889994,,,False,env_mean_t,True,True,True,0
A,posterior_mean_shrunk,family_horizon,A,100,,,all,,,False,exploratory,phi_k16_clock,p3_star,ok,-0.0008852461283095181,-0.0020938175487572146,0.00027915902901440846,0.0005998499984301857,0.5053125,4,8000,4,-0.004153318298828861,0.0023828260422098253,0.0010269056747614167,0.45205762687346873,0.625,-0.006964922325127769,0.0017239700909196516,-0.0028660027906298635,0.0008185909078456462,,,False,env_mean_t,True,True,True,0
A,posterior_mean_shrunk,family_horizon,A,100,,,all,,,False,exploratory,phi_k16_cs,p3_star,ok,-0.006852085864578839,-0.009488666255856513,-0.004214707590836042,0.0013608215634670854,0.5160625,4,8000,4,-0.01865521533586121,0.0049510436067035325,0.0037088228171158885,0.1618246846336026,0.125,-0.03473806581953705,0.00038291000777563883,-0.013879941912775393,-0.001912290484528057,,,False,env_mean_t,True,True,True,0
A,posterior_mean_shrunk,family_horizon,A,100,,,all,,,False,exploratory,phi_k16_famA_only,p3_star,ok,-0.003636746699048672,-0.005770481883860157,-0.001564476791099879,0.001089708597292791,0.509625,4,8000,4,-0.009850927453731331,0.002577434055633987,0.0019526427655245794,0.15943822093969878,0.25,-0.03219092377003334,0.008603832841919491,-0.006943043899722398,-0.0003304494983749464,,,False,env_mean_t,True,True,True,0
A,posterior_mean_shrunk,family_horizon,A,100,,,all,,,False,exploratory,phi_k16_famB_only,p3_star,ok,-0.007018134019279386,-0.009668170259101317,-0.0043395551374487695,0.0013769147233467463,0.516875,4,8000,4,-0.020419494049875583,0.006383226011316811,0.004211024710250845,0.19418266460970643,0.125,-0.045995029844904264,0.001065598227584454,-0.014996483738475945,-0.0014403858537552878,,,False,env_mean_t,True,True,True,0
A,posterior_mean_shrunk,family_horizon,A,100,,,all,,,False,exploratory,phi_k16_guard,p3_star,ok,-0.000694646314776037,-0.0026731854264653515,0.0013249872619780934,0.001015522246000914,0.5029375,4,8000,4,-0.006941824248076105,0.005552531618524031,0.0019630112605287606,0.7468471450758862,0.875,-0.008991239143709027,0.0033699116793239744,-0.004302823357284069,0.0021725704244454393,,,False,env_mean_t,True,True,True,0
A,posterior_mean_shrunk,family_horizon,A,100,,,all,,,False,exploratory,phi_k16_hgb,p3_star,ok,-0.00497628885199083,-0.007676217586413258,-0.0022215953335035024,0.0014037360307165847,0.509,4,8000,4,-0.022340394895267342,0.01238781719128568,0.005456213358399001,0.42899445053961927,0.625,-0.12061278933252405,0.00716250230113524,-0.01595586175908102,0.002493648413568735,,,False,env_mean_t,True,True,True,0
A,posterior_mean_shrunk,family_horizon,A,100,,,all,,,False,exploratory,phi_k16_lucb,p3_star,ok,-0.007226805517857428,-0.00986128742515575,-0.004556028889419395,0.0013652171603597031,0.5169375,4,8000,4,-0.02007971282462878,0.005626101788913925,0.004038687875246192,0.1714930121007095,0.125,-0.07930622839306702,0.00025387774216959966,-0.014851627343741711,-0.0019412235262570902,,,False,env_mean_t,True,True,True,0
A,posterior_mean_shrunk,family_horizon,A,100,,,all,,,False,exploratory,phi_k16_noT1000,p3_star,ok,-0.007464897798316088,-0.010221609518885087,-0.004710906690161213,0.001413953894878523,0.5180625,4,8000,4,-0.022687689490662643,0.007757893894030467,0.004783361675913485,0.21653168298159645,0.25,-0.034641540961288714,0.0030049925499105847,-0.016817311814927963,-0.0006069111786782739,,,False,env_mean_t,True,True,True,0
A,posterior_mean_shrunk,family_horizon,A,100,,,all,,,False,exploratory,phi_k16_noT200,p3_star,ok,-0.008480393432488199,-0.011195958720963971,-0.005782211750920398,0.0013888091017478133,0.51925,4,8000,4,-0.024122971219034256,0.007162184354057856,0.004915268408637473,0.18293255390792992,0.125,-0.046195327241517564,0.001469759650330688,-0.018125138190982396,-0.0023227838054299356,,,False,env_mean_t,True,True,True,0
A,posterior_mean_shrunk,family_horizon,A,100,,,all,,,False,exploratory,phi_k16_noambig,p3_star,ok,-0.008513072542322333,-0.011196970694982156,-0.00579398971185583,0.0014023574784471572,0.520375,4,8000,4,-0.024591742401907528,0.007565597317262862,0.0050522988660925165,0.19057808364639187,0.125,-0.04220729851503914,0.0022472713860412427,-0.01845554239716148,-0.0016304090544581413,,,False,env_mean_t,True,True,True,0
A,posterior_mean_shrunk,family_horizon,A,100,,,all,,,False,exploratory,phi_k16_nopolicy,p3_star,ok,-0.0031080013879109174,-0.005028185862101963,-0.001206049400570919,0.0009838913333462397,0.508,4,8000,4,-0.008987601799090642,0.002771599023268808,0.0018475096976241277,0.19110759800227511,0.375,-0.02627958046884117,0.1332971251619999,-0.006290112125687301,7.410934986546638e-05,,,False,env_mean_t,True,True,True,0
A,posterior_mean_shrunk,family_horizon,A,100,,,all,,,False,exploratory,phi_k16_notrunc,p3_star,ok,-0.006665643082407769,-0.009230572875367216,-0.004078345317066123,0.0013233404978090458,0.51675,4,8000,4,-0.017798701241204036,0.0044674150763885,0.003498270541222465,0.15281474568913697,0.125,-0.0245554401758983,0.00034895140041275256,-0.013142246983421502,-0.001789948437362909,,,False,env_mean_t,True,True,True,0
A,posterior_mean_shrunk,family_horizon,A,100,,,all,,,False,exploratory,phi_k16_onpolicy_only,p3_star,ok,-0.007947277574741746,-0.010659512946222093,-0.00518105015235051,0.0014110742979842512,0.5171250000000001,4,8000,4,-0.02771555139395831,0.011820996244474816,0.006211659812263279,0.29073076837342887,0.25,-0.15422190717310622,0.006256879528436376,-0.020425381624139843,0.0009316569232032634,,,False,env_mean_t,True,True,True,0
A,posterior_mean_shrunk,family_horizon,A,100,,,all,,,False,exploratory,phi_k16_onpolicy_union,p3_star,ok,-0.009009352634137031,-0.011733264588110614,-0.006262627410069399,0.001397301394849973,0.520625,4,8000,4,-0.02543949685781386,0.0074207915895398,0.0051627404353683575,0.17931506740473172,0.125,-0.05539274563114339,0.0018492962058673321,-0.019292560528439938,-0.0023787131607532503,,,False,env_mean_t,True,True,True,0
A,posterior_mean_shrunk,family_horizon,A,100,,,all,,,False,exploratory,phi_k16_perstep,p3_star,ok,-0.00871819510118803,-0.011505116229091072,-0.005879995460418289,0.0014592655167799987,0.5162500000000001,4,8000,4,-0.028340961573208687,0.010904571370832625,0.006165937957677916,0.25229095997559425,0.25,-0.07457149687974308,0.00428814330505852,-0.02103455553110689,-0.000841743879893329,,,False,env_mean_t,True,True,True,0
A,posterior_mean_shrunk,family_horizon,A,100,,,all,,,False,exploratory,phi_k16_quality,p3_star,ok,-0.008191208527365233,-0.010936775017762556,-0.005474446646258003,0.0013951193928830505,0.51925,4,8000,4,-0.02186674609886712,0.005484329044136652,0.004297177787036612,0.15269857570086579,0.125,-0.08114787057767311,7.058402213278893e-05,-0.016535021874064113,-0.0029302302225260065,,,False,env_mean_t,True,True,True,0
A,posterior_mean_shrunk,family_horizon,A,100,,,all,,,False,exploratory,phi_k16_tau05,p3_star,ok,-0.006837350121175404,-0.009480286345205967,-0.004213575655876412,0.0013601986119118508,0.515875,4,8000,4,-0.019037198848303957,0.005362498605953149,0.003833481402930053,0.1724951498440926,0.125,-0.03215639920488456,0.0007405688533909573,-0.014111570319568272,-0.0017284000598592683,,,False,env_mean_t,True,True,True,0
A,posterior_mean_shrunk,family_horizon,A,100,,,all,,,False,exploratory,phi_k16_weighted,p3_star,ok,-0.005634528553287964,-0.008317529942360125,-0.0028576138844073297,0.0013715899306536614,0.512875,4,8000,4,-0.016012018792863732,0.004742961686287805,0.003260853206649983,0.18244908520632452,0.25,-0.021375203801970746,0.001008550245856399,-0.0117166114069405,-0.0010405347757041453,,,False,env_mean_t,True,True,True,0
A,posterior_mean_shrunk,family_horizon,A,100,,,all,,,False,exploratory,phi_k4,p3_star,ok,-0.009481709117942955,-0.012222740287506893,-0.006724544131793664,0.001393394989192617,0.523,4,8000,4,-0.02949196202040323,0.01052854378451732,0.006287695371085423,0.22867747012746087,0.25,-0.07669762316206553,0.004135218184817324,-0.02204537267325213,-0.0010512802377343178,,,False,env_mean_t,True,True,True,0
A,posterior_mean_shrunk,family_horizon,A,100,,,all,,,False,exploratory,phi_reservoir_rule,p3_star,ok,0.004912930461228825,0.0030447577926679516,0.006814396761910757,0.0009614841978274859,0.48412499999999997,4,8000,4,-0.0090267414956642,0.018852602418121853,0.004380175066504488,0.3437005418323527,0.375,-0.013583584011686602,0.025568163056189443,-0.0021568538348656144,0.011982714757323265,,,False,env_mean_t,True,True,True,0
A,posterior_mean_shrunk,family_horizon,A,100,,,all,,,False,exploratory,phi_sf_k16,p3_star,ok,-0.008826195614819881,-0.011429923311243328,-0.006161391768182512,0.001370994388203024,0.5213125000000001,4,8000,4,-0.024572337549681657,0.0069199463200418955,0.00494781071678067,0.17244820886309,0.125,-0.03972629627811808,0.0013235506841284203,-0.018501278299314437,-0.0023902203030884265,,,False,env_mean_t,True,True,True,0
A,posterior_mean_shrunk,family_horizon,A,100,,,all,,,False,exploratory,phi_sf_k16_noT1000,p3_star,ok,-0.005767617993464228,-0.00831747484007792,-0.0031737839199195155,0.0013310124962617306,0.51225,4,8000,4,-0.015480417918687171,0.003945181931758715,0.003051991767809911,0.15518695148043865,0.125,-0.03900334018262144,-1.270193480233748e-05,-0.011197756771405692,-0.0013563450285000726,,,False,env_mean_t,True,True,True,0
A,posterior_mean_shrunk,family_horizon,A,100,,,all,,,False,exploratory,power_a0.25,p3_star,ok,-0.00024759784725029017,-0.0018897726616160068,0.0013509583399240904,0.000822886291706045,0.498375,4,8000,4,-0.0029772366317414437,0.002482040937240863,0.0008577171529836109,0.7916305044330486,0.75,-0.0032906919872163335,0.0016529102565529764,-0.0017515211462741718,0.0010736737232655287,,,False,env_mean_t,True,True,True,0
A,posterior_mean_shrunk,family_horizon,A,100,,,all,,,False,exploratory,power_a0.33,p3_star,ok,0.0,0.0,0.0,0.0,0.5,4,8000,4,0.0,0.0,0.0,1.0,1.0,0.0,0.0,0.0,0.0,,,False,env_mean_t,True,True,True,0
A,posterior_mean_shrunk,family_horizon,A,100,,,all,,,False,exploratory,power_a0.5,p3_star,ok,0.001171973949880339,-0.00011220255437365249,0.002430327554520772,0.0006446097357955263,0.49475,4,8000,4,-0.0008207363697917418,0.00316468426955242,0.0006261567764281368,0.1579882202230647,0.25,-0.00329692903697041,0.002695591191799763,-5.201440968085084e-05,0.002167136378586292,,,False,env_mean_t,True,True,True,0
A,posterior_mean_shrunk,family_horizon,A,100,,,all,,,False,exploratory,power_a0.67,p3_star,ok,0.002216584921581671,0.0012174724455690012,0.0032260507614410017,0.0005182503925391832,0.4930625,4,8000,4,0.0015190089270524642,0.002914160916110878,0.0002191948983934293,0.0020598114579648183,0.125,-0.0006052088646124566,0.003451451559124522,0.0018474208316765725,0.002585749011486769,,,False,env_mean_t,True,True,True,0
A,posterior_mean_shrunk,family_horizon,A,100,,,all,,,False,exploratory,refine_after_init,p3_star,ok,0.04504821414191974,0.041752197092864665,0.04840545447659679,0.0017007307456009533,0.4080625,4,8000,4,-0.038857054666598084,0.12895348295043757,0.026365022614588268,0.18605198937418804,0.125,-0.003743564629772232,1.3428023607428845,0.012387501791119575,0.0955415373140713,,,False,env_mean_t,True,True,True,0
A,posterior_mean_shrunk,family_horizon,A,100,,,all,,,False,exploratory,rule_reservoir,p3_star,ok,0.01842838390142424,0.01564829915914743,0.021216820632980672,0.0014249294013501481,0.45387500000000003,4,8000,4,-0.0026523391492090133,0.03950910695205749,0.006624062443923608,0.06887375363136428,0.25,-0.10059408082203095,0.03057465265841479,0.006030776393658016,0.02724365098029375,,,False,env_mean_t,True,True,True,0
A,posterior_mean_shrunk,family_horizon,A,100,,,all,,,False,exploratory,uniform,p3_star,ok,0.011366277838649694,0.00876132951816544,0.014044136285519924,0.0013546456748494025,0.46206250000000004,4,8000,4,-0.0061942824559481895,0.028926838133247576,0.005517943936852188,0.13151162159527274,0.125,-0.0035463302945654748,0.04678356122968198,0.0027896705317543816,0.02035568526672432,,,False,env_mean_t,True,True,True,0
A,posterior_mean_shrunk,family_horizon,A,100,,,all,,,False,exploratory,always_search,phi_k16,ok,0.010787293059285732,0.008627802949894204,0.012988144231348996,0.00109964656956968,0.458625,4,8000,4,-0.01918779447377734,0.04076238059234881,0.009418882412343125,0.3351758946778625,0.5,-0.03180524876442156,0.09217029185772535,-0.00480385131482035,0.026378437433391813,,,False,env_mean_t,True,True,True,0
A,posterior_mean_shrunk,family_horizon,A,100,,,all,,,False,exploratory,cp0,phi_k16,ok,0.044553814514016264,0.04108209299156442,0.04800849262974225,0.0017608562072552025,0.4135625,4,8000,4,-0.042475618608749786,0.1315832476367823,0.027346709032694136,0.2017552449972028,0.125,-0.006891626882795064,1.726332686146656,0.011983957543969154,0.09756795724801487,,,False,env_mean_t,True,True,True,0
A,posterior_mean_shrunk,family_horizon,A,100,,,all,,,False,exploratory,fixed_K16,phi_k16,ok,0.020021433374728077,0.0168033458168793,0.023228788474807516,0.0016273073638360053,0.46775,4,8000,4,-0.02905868102486432,0.06910154777432047,0.015422134324185249,0.2850012699228098,0.125,-0.008262778369132615,5.907347315240435,0.00115748281031847,0.049537521732389,,,False,env_mean_t,True,True,True,0
A,posterior_mean_shrunk,family_horizon,A,100,,,all,,,False,exploratory,p3_star,phi_k16,ok,0.006837350121175404,0.004213575655876412,0.009480286345205967,0.0013601986119118508,0.484125,4,8000,4,-0.005362498605953149,0.019037198848303957,0.003833481402930053,0.1724951498440926,0.125,-0.0007405688533909573,0.03215639920488456,0.0017284000598592683,0.014111570319568272,,,False,env_mean_t,True,True,True,0
A,posterior_mean_shrunk,family_horizon,A,100,,,all,,,False,exploratory,phi_k1,phi_k16,ok,-0.002836957943160087,-0.004643339978974837,-0.0010118673922988822,0.0009181677247516331,0.5056875000000001,4,8000,4,-0.009047299608323234,0.003373383722003059,0.0019514364326751802,0.24197619571538528,0.25,-0.011431597849609976,0.001537653343402791,-0.0065846557342447345,0.00011222163215279579,,,False,env_mean_t,True,True,True,0
A,posterior_mean_shrunk,family_horizon,A,100,,,all,,,False,exploratory,phi_k16_all71,phi_k16,ok,0.00028757804073393346,-0.0005367071255932385,0.001105690158601646,0.0004293033047905294,0.5003125,4,8000,4,-0.000341091753798261,0.000916247835266128,0.0001975429384270947,0.2414718561792262,0.125,-0.00012644257317259017,0.10082412353590603,5.969920754432678e-05,0.0006871649231761694,,,False,env_mean_t,True,True,True,0
A,posterior_mean_shrunk,family_horizon,A,100,,,all,,,False,exploratory,phi_k16_clock,phi_k16,ok,0.005952103992865887,0.0032548012466804732,0.008600845868932084,0.0013689817328652668,0.4919375,4,8000,4,-0.006239960188954912,0.018144168174686684,0.0038310353144305146,0.2180925309511165,0.25,-0.0018827339982950293,0.030447339374728506,0.0009914114921703002,0.013440461495891214,,,False,env_mean_t,True,True,True,0
A,posterior_mean_shrunk,family_horizon,A,100,,,all,,,False,exploratory,phi_k16_cs,phi_k16,ok,-1.4735743403434759e-05,-0.000178738132763101,0.0001700127557342057,8.77642281185462e-05,0.50025,4,8000,4,-0.00045510994251833094,0.0004256384557114614,0.00013837600288298905,0.9219148134269546,1.0,-0.0004562733790050235,0.0003782152185031659,-0.0002758356370031834,0.00023162840679287908,,,False,env_mean_t,True,True,True,0
A,posterior_mean_shrunk,family_horizon,A,100,,,all,,,False,exploratory,phi_k16_famA_only,phi_k16,ok,0.0032006034221267327,0.000948992258651061,0.005419146576014098,0.001147251834185801,0.496375,4,8000,4,-0.004368616151830287,0.010769822996083752,0.0023784280543524333,0.2710711118340908,0.375,-0.0009166078439350944,0.07314142735315238,-0.0001486288905143738,0.0074690496646799154,,,False,env_mean_t,True,True,True,0
A,posterior_mean_shrunk,family_horizon,A,100,,,all,,,False,exploratory,phi_k16_famB_only,phi_k16,ok,-0.0001807838981039822,-0.0009120840083596704,0.0005335076691494575,0.0003728436774768584,0.500125,4,8000,4,-0.0014874140853795485,0.0011258462891715843,0.0004105741501769292,0.689500246127849,1.0,-0.012272721505799444,0.0007707490950865981,-0.001005387967452407,0.00041597116412594906,,,False,env_mean_t,True,True,True,0
A,posterior_mean_shrunk,family_horizon,A,100,,,all,,,False,exploratory,phi_k16_guard,phi_k16,ok,0.006142703806399368,0.003475446258880766,0.008763797218716717,0.0013614356842360335,0.48868750000000005,4,8000,4,-0.0060939629225507655,0.0183793705353495,0.0038450504910747464,0.2084274158953468,0.125,-0.0006458437662171567,0.06926433076817767,0.0006827526614069939,0.013046741863479839,,,False,env_mean_t,True,True,True,0
A,posterior_mean_shrunk,family_horizon,A,100,,,all,,,False,exploratory,phi_k16_hgb,phi_k16,ok,0.0018610612691845744,0.00021508279496629262,0.003547493049700278,0.0008459908078379816,0.49168749999999994,4,8000,4,-0.0036981607234751078,0.007420283261844257,0.0017468392109019702,0.36483844671769133,0.375,-1.1929831260238402,0.004813659496097144,-0.0012487170100212099,0.0043111003935337065,,,False,env_mean_t,True,True,True,0
A,posterior_mean_shrunk,family_horizon,A,100,,,all,,,False,exploratory,phi_k16_lucb,phi_k16,ok,-0.000389455396682024,-0.001219574546280455,0.00044702357477035545,0.00042882934767778276,0.5001249999999999,4,8000,4,-0.0017194657265087474,0.0009405549331446994,0.0004179207446857948,0.4201356879448125,0.5,-0.0023092276032425194,0.005621703702262006,-0.0010861394768580794,0.00030722868349403144,,,False,env_mean_t,True,True,True,0
A,posterior_mean_shrunk,family_horizon,A,100,,,all,,,False,exploratory,phi_k16_noT1000,phi_k16,ok,-0.0006275476771406829,-0.0020526015100472248,0.0008424915800787856,0.0007397257018358892,0.5015,4,8000,4,-0.0038902015574292523,0.0026351062031478864,0.0010252031196478306,0.5837292510193837,0.75,-0.004402766238525495,0.0015962498971232885,-0.002434265136253089,0.0009354877611622214,,,False,env_mean_t,True,True,True,0
A,posterior_mean_shrunk,family_horizon,A,100,,,all,,,False,exploratory,phi_k16_noT200,phi_k16,ok,-0.0016430433113127946,-0.002706601506906736,-0.0005773311525445025,0.0005499478796749661,0.502875,4,8000,4,-0.0053417803939620695,0.00205569377133648,0.001162230789725623,0.2523519806951577,0.125,-0.04420708864777912,0.0008145213350459256,-0.00398877660324797,-0.00023002480110153554,,,False,env_mean_t,True,True,True,0
A,posterior_mean_shrunk,family_horizon,A,100,,,all,,,False,exploratory,phi_k16_noambig,phi_k16,ok,-0.0016757224211469291,-0.003190792781242635,-0.00016660791184790476,0.0007651230823119829,0.5028125,4,8000,4,-0.005718028519923386,0.0023665836776295274,0.0012701883114461829,0.27873282257292437,0.375,-0.012300674529018372,0.0007864401147634017,-0.00408796947216615,4.092089831829069e-06,,,False,env_mean_t,True,True,True,0
A,posterior_mean_shrunk,family_horizon,A,100,,,all,,,False,exploratory,phi_k16_nopolicy,phi_k16,ok,0.0037293487332644873,0.0015247611351469463,0.0058582600785939565,0.0011161402084567237,0.494375,4,8000,4,-0.004626934733693048,0.012085632200222024,0.0026257421698156797,0.2506096153779093,0.25,-0.0013432181286494667,0.034836672835703054,0.0004124795123934746,0.00879440472042188,,,False,env_mean_t,True,True,True,0
A,posterior_mean_shrunk,family_horizon,A,100,,,all,,,False,exploratory,phi_k16_notrunc,phi_k16,ok,0.00017170703876763583,-0.000880584296737652,0.0012407712087963312,0.0005433051057555748,0.5005625,4,8000,4,-0.0012582346010811124,0.0016016486786163842,0.000449321528999457,0.727816293129665,0.875,-0.0006744817538296067,0.005692727062100613,-0.00047812908142805103,0.0009693233361467719,,,False,env_mean_t,True,True,True,0
A,posterior_mean_shrunk,family_horizon,A,100,,,all,,,False,exploratory,phi_k16_onpolicy_only,phi_k16,ok,-0.0011099274535663426,-0.0027063410620030482,0.0004934972232149448,0.0008055730934118786,0.4979375,4,8000,4,-0.00918493381260392,0.006965078905471234,0.0025373582409327433,0.6913731429232066,0.875,-0.03205147606582962,0.0039040640640308887,-0.0055565225137397655,0.0026101999282836918,,,False,env_mean_t,True,True,True,0
A,posterior_mean_shrunk,family_horizon,A,100,,,all,,,False,exploratory,phi_k16_onpolicy_union,phi_k16,ok,-0.002172002512961626,-0.0032785542670126233,-0.0010833074346919603,0.0005595500076374628,0.504375,4,8000,4,-0.006760989598231975,0.002416984572308723,0.0014419684246208362,0.22908278683375838,0.25,-0.014209393342971628,0.0007053717473537988,-0.004982057652901858,-0.0003723143562674522,,,False,env_mean_t,True,True,True,0
A,posterior_mean_shrunk,family_horizon,A,100,,,all,,,False,exploratory,phi_k16_perstep,phi_k16,ok,-0.0018808449800126255,-0.00346346150190584,-0.00026387351976495663,0.0008040013101262623,0.4995625,4,8000,4,-0.010085502027254572,0.00632381206722932,0.0025780975577247072,0.5184680221498117,0.75,-0.022196040619163887,0.0029494131794866336,-0.006575992588885129,0.0017625510767102243,,,False,env_mean_t,True,True,True,0
A,posterior_mean_shrunk,family_horizon,A,100,,,all,,,False,exploratory,phi_k16_quality,phi_k16,ok,-0.001353858406189829,-0.0023198700703119354,-0.00042444131199772546,0.0004842461811933232,0.5025625,4,8000,4,-0.0036450749847660303,0.0009373581723863722,0.0007199545125937152,0.15662108639698963,0.25,-0.00716309651191345,0.001239372164173283,-0.002521812690421939,-0.0001859041219577193,,,False,env_mean_t,True,True,True,0
A,posterior_mean_shrunk,family_horizon,A,100,,,all,,,False,exploratory,phi_k16_tau05,phi_k16,ok,0.0,0.0,0.0,0.0,0.5,4,8000,4,0.0,0.0,0.0,1.0,1.0,0.0,0.0,0.0,0.0,,,False,env_mean_t,True,True,True,0
A,posterior_mean_shrunk,family_horizon,A,100,,,all,,,False,exploratory,phi_k16_weighted,phi_k16,ok,0.0012028215678874404,-0.0001004943651537359,0.0025009560777107254,0.0006628030561727832,0.49724999999999997,4,8000,4,-0.0008277971534170949,0.0032334402891919757,0.0006380684940176895,0.15590749914841862,0.125,-6.912988297215006e-05,0.008149970711313797,0.0004401652677915991,0.002459113559219986,,,False,env_mean_t,True,True,True,0
A,posterior_mean_shrunk,family_horizon,A,100,,,all,,,False,exploratory,phi_k4,phi_k16,ok,-0.0026443589967675507,-0.004363806405126525,-0.0009339286880276635,0.0008593139261285734,0.5035000000000001,4,8000,4,-0.01068523485698741,0.0053965168634523076,0.002526633629880845,0.37218109665897037,0.5,-0.0336071906252079,0.0022441027667597178,-0.007530081513337792,0.0005235873684287072,,,False,env_mean_t,True,True,True,0
A,posterior_mean_shrunk,family_horizon,A,100,,,all,,,False,exploratory,phi_reservoir_rule,phi_k16,ok,0.01175028058240423,0.008959031772883465,0.014510846362099981,0.001423193072477739,0.468875,4,8000,4,0.00012982012341591388,0.02337074104139255,0.003651423887245249,0.04865838672967616,0.125,0.003376206780052751,0.022922519182270513,0.005893390155571978,0.018104695800691843,,,False,env_mean_t,True,True,True,0
A,posterior_mean_shrunk,family_horizon,A,100,,,all,,,False,exploratory,phi_sf_k16,phi_k16,ok,-0.001988845493644476,-0.003556635085988091,-0.00039674411150372263,0.0008024367102228018,0.5040625,4,8000,4,-0.005670456873632259,0.001692765886343307,0.0011568494883559632,0.18407103282658221,0.125,-0.03356858998522524,0.00023482835589302108,-0.004249955838080495,-0.0006245564073324204,,,False,env_mean_t,True,True,True,0
A,posterior_mean_shrunk,family_horizon,A,100,,,all,,,False,exploratory,phi_sf_k16_noT1000,phi_k16,ok,0.0010697321277111768,0.00022658984167946996,0.0019475275256809253,0.0004385316300168037,0.49856249999999996,4,8000,4,-0.0017018364420921279,0.0038413006975144817,0.0008708924845650226,0.30690318265473887,0.5,-0.0004788627370301956,0.020661937090909327,-0.00012763097882270813,0.0026639705430716275,,,False,env_mean_t,True,True,True,0
A,posterior_mean_shrunk,family_horizon,A,100,,,all,,,False,exploratory,power_a0.25,phi_k16,ok,0.006589752273925114,0.004011830764829938,0.009206711247679777,0.0013444322152662957,0.484375,4,8000,4,-0.005904947415276423,0.01908445196312665,0.0039261305582617406,0.1918549387453652,0.125,-0.0017972854309969716,0.5563010422444054,0.0006905269367853181,0.013147626128047703,,,False,env_mean_t,True,True,True,0
A,posterior_mean_shrunk,family_horizon,A,100,,,all,,,False,exploratory,power_a0.33,phi_k16,ok,0.006837350121175404,0.004213575655876412,0.009480286345205967,0.0013601986119118508,0.484125,4,8000,4,-0.005362498605953149,0.019037198848303957,0.003833481402930053,0.1724951498440926,0.125,-0.0007405688533909573,0.03215639920488456,0.001728400059859268,0.014111570319568272,,,False,env_mean_t,True,True,True,0
A,posterior_mean_shrunk,family_horizon,A,100,,,all,,,False,exploratory,power_a0.5,phi_k16,ok,0.008009324071055743,0.00537176469078986,0.010624561951408394,0.0013537752281655008,0.48106249999999995,4,8000,4,-0.004859153455416121,0.020877801597527605,0.004043580407030518,0.14195383038680953,0.125,0.0003080288740435781,0.12483542836124498,0.002123161698807962,0.015065594151674305,,,False,env_mean_t,True,True,True,0
A,posterior_mean_shrunk,family_horizon,A,100,,,all,,,False,exploratory,power_a0.67,phi_k16,ok,0.009053935042757075,0.006370770603393795,0.011727453665662324,0.0013736554728854427,0.47843749999999996,4,8000,4,-0.003655199192222817,0.02176306927773697,0.003993510971066298,0.10820803404323609,0.125,0.0012740063482682678,0.03508790774461087,0.0035758208915358408,0.016501197832811156,,,False,env_mean_t,True,True,True,0
A,posterior_mean_shrunk,family_horizon,A,100,,,all,,,False,exploratory,refine_after_init,phi_k16,ok,0.051885564263095145,0.048402998049277814,0.05535246109357104,0.0017767375198808341,0.39768749999999997,4,8000,4,-0.04345601549276886,0.14722714401895914,0.029958582364004574,0.18171601828497574,0.125,-0.004303275628805545,1.4166043992320734,0.01563047943264246,0.10976007699721958,,,False,env_mean_t,True,True,True,0
A,posterior_mean_shrunk,family_horizon,A,100,,,all,,,False,exploratory,rule_reservoir,phi_k16,ok,0.025265734022599642,0.02203191637800046,0.028574856571503913,0.0016777437572420687,0.4385,4,8000,4,-0.004208713651467116,0.054740181696666404,0.009261569511834758,0.07206080788765451,0.125,-0.007705300503084267,0.05008454434761497,0.009860092347837053,0.03955875127017498,,,False,env_mean_t,True,True,True,0
A,posterior_mean_shrunk,family_horizon,A,100,,,all,,,False,exploratory,uniform,phi_k16,ok,0.018203627959825098,0.01582282544404734,0.020615800959058107,0.0012123172279492089,0.448,4,8000,4,0.002564010902705551,0.03384324501694465,0.0049143380773317745,0.03417871543186735,0.125,0.007428189371820899,0.03534301267497565,0.010698744799941777,0.02736330118402839,,,False,env_mean_t,True,True,True,0
A,posterior_mean_shrunk,family_horizon,A,200,,,all,,,False,exploratory,always_search,cp0,ok,-0.04618839930160903,-0.049221402371767906,-0.04319270862033591,0.0015443458919053759,0.5995625,4,8000,4,-0.138800712285008,0.04642391368178996,0.029100982106010052,0.2106694912742684,0.125,-2.56795982669865,0.007225953081972027,-0.10176070159580561,-0.010107459239661692,,,False,env_mean_t,True,True,True,0
A,posterior_mean_shrunk,family_horizon,A,200,,,all,,,False,exploratory,fixed_K16,cp0,ok,-0.009778357729082927,-0.011039836300187744,-0.008529846745659597,0.0006441130041053736,0.533625,4,8000,4,-0.01957372965465143,1.7014196485575298e-05,0.00307793784589722,0.05021277158862865,0.125,-0.18500086531510596,-0.004238736549710516,-0.01555602734722197,-0.005787637859582901,,,False,env_mean_t,True,True,True,0
A,posterior_mean_shrunk,family_horizon,A,200,,,all,,,False,exploratory,p3_star,cp0,ok,-0.04618839930160903,-0.049221402371767906,-0.04319270862033591,0.0015443458919053759,0.5995625,4,8000,4,-0.138800712285008,0.04642391368178996,0.029100982106010052,0.2106694912742684,0.125,-2.56795982669865,0.0072259530819720474,-0.10176070159580561,-0.010107459239661692,,,False,env_mean_t,True,True,True,0
A,posterior_mean_shrunk,family_horizon,A,200,,,all,,,False,exploratory,phi_k1,cp0,ok,-0.04619074453576468,-0.049225927289808166,-0.04318330191017594,0.0015441982908949148,0.5995625,4,8000,4,-0.13879990280541804,0.04641841373388867,0.029099990820237096,0.21064024618146862,0.125,-2.5823260726684034,0.007219534271159844,-0.10176070159580561,-0.010112149707973002,,,False,env_mean_t,True,True,True,0
A,posterior_mean_shrunk,family_horizon,A,200,,,all,,,False,exploratory,phi_k16_all71,cp0,ok,-0.0471043169812765,-0.05013495713355951,-0.044197682404774244,0.001504309078440142,0.605,4,8000,4,-0.13854676110151123,0.04433812713895824,0.028733381602830486,0.19966953105472446,0.125,-1.0791796586810525,0.006753042188645406,-0.10248909544479104,-0.01193929459899664,,,False,env_mean_t,True,True,True,0
A,posterior_mean_shrunk,family_horizon,A,200,,,all,,,False,exploratory,phi_k16_clock,cp0,ok,-0.04410692621092312,-0.04708915216615424,-0.04119890118017793,0.0014849135989665398,0.60325,4,8000,4,-0.12622469620526372,0.0380108437834175,0.02580334815327544,0.18591733922921544,0.125,-1.3716215033229286,0.0027857119791394047,-0.09287757337931543,-0.011108999468386173,,,False,env_mean_t,True,True,True,0
A,posterior_mean_shrunk,family_horizon,A,200,,,all,,,False,exploratory,phi_k16_cs,cp0,ok,-0.04646534139825963,-0.049487194383982566,-0.04357066759839654,0.00149350198187293,0.6025,4,8000,4,-0.13881228024029488,0.045881597443775624,0.029017595265854058,0.20763068497889975,0.125,-1.182433580748224,0.0075653290716087215,-0.10218204202037305,-0.01062746136635542,,,False,env_mean_t,True,True,True,0
A,posterior_mean_shrunk,family_horizon,A,200,,,all,,,False,exploratory,phi_k16_famA_only,cp0,ok,-0.046497692917240784,-0.04943739380105398,-0.04363476216676645,0.0014722709500826628,0.6040625,4,8000,4,-0.1382127746808632,0.04521738884638165,0.02881905080734622,0.20505140470241678,0.125,-0.9470920967592058,0.007545812361726682,-0.10199022150691599,-0.011014452517032623,,,False,env_mean_t,True,True,True,0
A,posterior_mean_shrunk,family_horizon,A,200,,,all,,,False,exploratory,phi_k16_famB_only,cp0,ok,-0.046573513159295546,-0.04959782614605501,-0.04371008845046163,0.0014863425553272743,0.6012500000000001,4,8000,4,-0.1388412611951928,0.04569423487660171,0.028992711639064653,0.2065428822234608,0.125,-9.002611429252063,0.006385061834494679,-0.1018988027824089,-0.010802773155272007,,,False,env_mean_t,True,True,True,0
A,posterior_mean_shrunk,family_horizon,A,200,,,all,,,False,exploratory,phi_k16_guard,cp0,ok,-0.04467885775747709,-0.047705969074741006,-0.04183509894355666,0.0014772277177782737,0.599,4,8000,4,-0.13570766939832096,0.04634995388336679,0.02860340848161737,0.21621505150853973,0.125,-0.7736112981970484,0.00951604362314537,-0.10002015243284404,-0.009757623746991156,,,False,env_mean_t,True,True,True,0
A,posterior_mean_shrunk,family_horizon,A,200,,,all,,,False,exploratory,phi_k16_hgb,cp0,ok,-0.04601078929170035,-0.049013492703670634,-0.04308472017219174,0.0015080831195433421,0.599875,4,8000,4,-0.13876996176914738,0.04674838318574669,0.029147128837159683,0.21254805338532143,0.125,-2.666753831513169,0.007403718476096867,-0.10161657300125808,-0.009791207052767276,,,False,env_mean_t,True,True,True,0
A,posterior_mean_shrunk,family_horizon,A,200,,,all,,,False,exploratory,phi_k16_lucb,cp0,ok,-0.0466546691597905,-0.049679586745332925,-0.043773230057558975,0.0014944056604267932,0.6020000000000001,4,8000,4,-0.13853033327060593,0.04522099495102492,0.02886950958395665,0.20450066558436714,0.125,-1.7303634886409305,0.006787095588571608,-0.10201321117859335,-0.011099596656858921,,,False,env_mean_t,True,True,True,0
A,posterior_mean_shrunk,family_horizon,A,200,,,all,,,False,exploratory,phi_k16_noT1000,cp0,ok,-0.04799213849543594,-0.05102181714610197,-0.04504765468882397,0.0015126588296944562,0.6095,4,8000,4,-0.13827712819191446,0.042292851201042585,0.028369682010528006,0.18928688466138227,0.125,-1.2955594703836184,0.005294819971660078,-0.10283782739471645,-0.01371493762731552,,,False,env_mean_t,True,True,True,0
A,posterior_mean_shrunk,family_horizon,A,200,,,all,,,False,exploratory,phi_k16_noT200,cp0,ok,-0.04757486453442834,-0.05061637674807571,-0.04467395240208134,0.0015021361713339378,0.6062500000000001,4,8000,4,-0.13837748750143714,0.04322775843258046,0.028532334643400672,0.1940257262970218,0.125,-3.665481204385817,0.005161852275861731,-0.10238386122416707,-0.012880389705300331,,,False,env_mean_t,True,True,True,0
A,posterior_mean_shrunk,family_horizon,A,200,,,all,,,False,exploratory,phi_k16_noambig,cp0,ok,-0.048020020140102135,-0.0510633202153258,-0.045047701877774675,0.001520947299803341,0.6101875,4,8000,4,-0.13826038211304487,0.0422203418328406,0.028355658922860606,0.18893683793900087,0.125,-1.6779769544358192,0.005006415556326631,-0.10276351820956917,-0.01377070091664791,,,False,env_mean_t,True,True,True,0
A,posterior_mean_shrunk,family_horizon,A,200,,,all,,,False,exploratory,phi_k16_nopolicy,cp0,ok,-0.0475698178166058,-0.05062969307764433,-0.04463849311578088,0.0015183833466043948,0.6091875,4,8000,4,-0.139093817583677,0.04395418195046541,0.028759008318574617,0.1966832110981004,0.125,-1.3370330056916173,0.006222551955674879,-0.10302027998026461,-0.012556103684008122,,,False,env_mean_t,True,True,True,0
A,posterior_mean_shrunk,family_horizon,A,200,,,all,,,False,exploratory,phi_k16_notrunc,cp0,ok,-0.047100380589952695,-0.05015069878427312,-0.04410458155907691,0.0015256323690036385,0.6056875,4,8000,4,-0.13852186891284168,0.04432110773293628,0.028726796795001685,0.1996207074359787,0.125,-2.2703694304437474,0.006044950381199607,-0.10223519236128778,-0.01193142181634903,,,False,env_mean_t,True,True,True,0
A,posterior_mean_shrunk,family_horizon,A,200,,,all,,,False,exploratory,phi_k16_onpolicy_only,cp0,ok,-0.046426496596774086,-0.04944831824977882,-0.043466944678220897,0.001516643825357861,0.6014375,4,8000,4,-0.13871999573199473,0.04586700253844654,0.029000803244343464,0.2077188065716063,0.125,-32.818827913981984,0.006384289361315985,-0.10168978502880782,-0.010583653829991817,,,False,env_mean_t,True,True,True,0
A,posterior_mean_shrunk,family_horizon,A,200,,,all,,,False,exploratory,phi_k16_onpolicy_union,cp0,ok,-0.04674257509200834,-0.049787358788307756,-0.04385819361777976,0.0014997491745432176,0.602875,4,8000,4,-0.13864893005107326,0.04516377986705657,0.028879153375337675,0.20397529210792137,0.125,-1.2281987545591682,0.007088596239790995,-0.10225582175981254,-0.011215810820460317,,,False,env_mean_t,True,True,True,0
A,posterior_mean_shrunk,family_horizon,A,200,,,all,,,False,exploratory,phi_k16_perstep,cp0,ok,-0.04589197930856608,-0.048886488113203085,-0.04298095647536684,0.00148466275025391,0.5961875,4,8000,4,-0.13893355010178093,0.04714959148464878,0.029235865076102333,0.21450039056425435,0.125,-1.0998753441904137,0.008433535406896162,-0.10190314122941345,-0.009510225869715214,,,False,env_mean_t,True,True,True,0
A,posterior_mean_shrunk,family_horizon,A,200,,,all,,,False,exploratory,phi_k16_quality,cp0,ok,-0.046419383516302336,-0.04941493623773567,-0.04357648026780225,0.0014823251622087634,0.6005,4,8000,4,-0.13859573393662347,0.04575696690401879,0.02896399234365207,0.2073367134744922,0.125,-19.549506335395,0.006356721175218141,-0.10162571350019425,-0.010626394629478453,,,False,env_mean_t,True,True,True,0
A,posterior_mean_shrunk,family_horizon,A,200,,,all,,,False,exploratory,phi_k16_tau05,cp0,ok,-0.046500093539943915,-0.049525669933063905,-0.04359768628200982,0.001493048050138588,0.602375,4,8000,4,-0.1387990525782918,0.04579886549840398,0.02900251887521466,0.2071972467255657,0.125,-1.2331891839810467,0.007463618248544079,-0.10218016530107707,-0.010696965649724006,,,False,env_mean_t,True,True,True,0
A,posterior_mean_shrunk,family_horizon,A,200,,,all,,,False,exploratory,phi_k16_weighted,cp0,ok,-0.04622261369018815,-0.049236479646060614,-0.043331943819066514,0.0014916754705489954,0.6018125,4,8000,4,-0.1386299651716928,0.0461847377913165,0.029036578347946942,0.20965170541904304,0.125,-3.0349560259223627,0.007006777740591927,-0.10165610673557968,-0.0102470623254776,,,False,env_mean_t,True,True,True,0
A,posterior_mean_shrunk,family_horizon,A,200,,,all,,,False,exploratory,phi_k4,cp0,ok,-0.04666643827944063,-0.0497406690963544,-0.043665433855494484,0.0015410919746650061,0.6025,4,8000,4,-0.13864651678456558,0.04531364022568432,0.02890231905952774,0.20480078313324282,0.125,-7.5633025469539445,0.0062007761644326045,-0.10186209736298771,-0.011063537195324897,,,False,env_mean_t,True,True,True,0
A,posterior_mean_shrunk,family_horizon,A,200,,,all,,,False,exploratory,phi_reservoir_rule,cp0,ok,-0.04430886313295923,-0.04729057805088814,-0.04134866161621176,0.0015148270594775718,0.597375,4,8000,4,-0.13047664086125776,0.04185891459533929,0.027075956500895892,0.20026228219248043,0.125,-5.574964721639391,0.004169171254942455,-0.09519396021869034,-0.009594673372805118,,,False,env_mean_t,True,True,True,0
A,posterior_mean_shrunk,family_horizon,A,200,,,all,,,False,exploratory,phi_sf_k16,cp0,ok,-0.047585105674108494,-0.0506358981016092,-0.04458459815068636,0.0015315753988950072,0.60875,4,8000,4,-0.13837965522182782,0.04320944387361085,0.028529797783854588,0.19392531609208621,0.125,-2.1691047713940073,0.0054106281163864706,-0.10248336357902735,-0.012900871984660625,,,False,env_mean_t,True,True,True,0
A,posterior_mean_shrunk,family_horizon,A,200,,,all,,,False,exploratory,phi_sf_k16_noT1000,cp0,ok,-0.04682333637936972,-0.04985818703426048,-0.043944478395860645,0.001502362832597459,0.60475,4,8000,4,-0.13863531336855212,0.04498864060981268,0.02884949758201736,0.20304270182417947,0.125,-1.0322336970096875,0.007210093129194746,-0.102376471134834,-0.011377333395183086,,,False,env_mean_t,True,True,True,0
A,posterior_mean_shrunk,family_horizon,A,200,,,all,,,False,exploratory,power_a0.25,cp0,ok,-0.044578801516909156,-0.047631898924009874,-0.041621964948717505,0.0015218569041201995,0.5973125,4,8000,4,-0.13415658099551592,0.044998977961697606,0.028147459810989997,0.21141318294717176,0.125,-2.5965344233457732,0.007794660417292036,-0.09883850848302245,-0.010613835908472539,,,False,env_mean_t,True,True,True,0
A,posterior_mean_shrunk,family_horizon,A,200,,,all,,,False,exploratory,power_a0.33,cp0,ok,-0.044263516473816704,-0.04732495852804277,-0.04133223743410781,0.0015135650394553692,0.59675,4,8000,4,-0.13276505075187275,0.04423801780423935,0.027809278079922343,0.20969356569504546,0.125,-3.051397306082546,0.006844926526523569,-0.09745568163786082,-0.009998501278460026,,,False,env_mean_t,True,True,True,0
A,posterior_mean_shrunk,family_horizon,A,200,,,all,,,False,exploratory,power_a0.5,cp0,ok,-0.04619284339412116,-0.04922291830880567,-0.04319501821009908,0.0015443496597227397,0.5995625,4,8000,4,-0.1387991787836782,0.04641349199543588,0.029099103804455673,0.2106140771083375,0.125,-2.5953234051961127,0.007213790152739555,-0.10176070159580561,-0.010116347424685954,,,False,env_mean_t,True,True,True,0
A,posterior_mean_shrunk,family_horizon,A,200,,,all,,,False,exploratory,power_a0.67,cp0,ok,-0.04618839930160903,-0.049221402371767906,-0.04319270862033591,0.0015443458919053759,0.5995625,4,8000,4,-0.138800712285008,0.04642391368178996,0.029100982106010052,0.2106694912742684,0.125,-2.56795982669865,0.007225953081972027,-0.10176070159580561,-0.010107459239661692,,,False,env_mean_t,True,True,True,0
A,posterior_mean_shrunk,family_horizon,A,200,,,all,,,False,exploratory,refine_after_init,cp0,ok,0.03455271848186385,0.0324812165403273,0.03665738607523963,0.0010684630511454075,0.4045,4,8000,4,-0.008588802032327612,0.07769423899605532,0.013556087479799757,0.08402566387042044,0.125,0.009582494455039864,1.0536282604294642,0.017807373069226744,0.06048950789507944,,,False,env_mean_t,True,True,True,0
A,posterior_mean_shrunk,family_horizon,A,200,,,all,,,False,exploratory,rule_reservoir,cp0,ok,-0.030469998985994607,-0.03300265876459889,-0.02787703269859776,0.0013264865086178386,0.5748749999999999,4,8000,4,-0.07790313369891247,0.01696313572692326,0.014904614300692596,0.13348907315831532,0.125,-0.7887108480838358,-0.004502815596048256,-0.05763687375932932,-0.010070728540420532,,,False,env_mean_t,True,True,True,0
A,posterior_mean_shrunk,family_horizon,A,200,,,all,,,False,exploratory,uniform,cp0,ok,-0.04559426939557307,-0.04862704126280733,-0.04260106353322044,0.001545715712429181,0.5973125,4,8000,4,-0.13786625314261167,0.04667771435146553,0.028994042599820948,0.21387558136320062,0.125,-1.9213947018024535,0.007603901553845077,-0.10087399972509595,-0.009386107124388218,,,False,env_mean_t,True,True,True,0
A,posterior_mean_shrunk,family_horizon,A,200,,,all,,,False,exploratory,always_search,p3_star,ok,0.0,0.0,0.0,0.0,0.5,4,8000,4,0.0,0.0,0.0,1.0,1.0,0.0,0.0,0.0,0.0,,,False,env_mean_t,True,True,True,0
A,posterior_mean_shrunk,family_horizon,A,200,,,all,,,False,exploratory,cp0,p3_star,ok,0.04618839930160903,0.04319270862033591,0.049221402371767906,0.0015443458919053759,0.4004375,4,8000,4,-0.04642391368178996,0.138800712285008,0.029100982106010052,0.2106694912742684,0.125,-0.0072259530819720474,2.56795982669865,0.010107459239661692,0.10176070159580561,,,False,env_mean_t,True,True,True,0
A,posterior_mean_shrunk,family_horizon,A,200,,,all,,,False,exploratory,fixed_K16,p3_star,ok,0.0364100415725261,0.033516789673012685,0.03938421057973755,0.0015153606982469172,0.424625,4,8000,4,-0.04642449201714825,0.11924457516220045,0.02602857225026766,0.2563170679665277,0.125,-0.011663771055782375,1.7486625912688278,0.004319821380078793,0.08627356464136393,,,False,env_mean_t,True,True,True,0
A,posterior_mean_shrunk,family_horizon,A,200,,,all,,,False,exploratory,phi_k1,p3_star,ok,-2.345234155654907e-06,-7.043686855467966e-05,6.509105951408851e-05,3.414952956717066e-05,0.5001249999999999,4,8000,4,-9.808815929344022e-06,5.118347618034209e-06,2.345234155654907e-06,0.3910022189557705,1.0,-2.345234155654907e-06,2.345234155654908e-06,-7.035702466964722e-06,0.0,,,False,env_mean_t,True,True,True,0
A,posterior_mean_shrunk,family_horizon,A,200,,,all,,,False,exploratory,phi_k16_all71,p3_star,ok,-0.0009159176796674729,-0.0020478515743889147,0.00022749688141630007,0.0005839409357927708,0.5038125,4,8000,4,-0.004839716281734344,0.0030078809223993983,0.0012329504493295994,0.5114443531011098,1.0,-0.009654032997265052,0.0017923484681630643,-0.0034200423583388333,0.0006722893193364144,,,False,env_mean_t,True,True,True,0
A,posterior_mean_shrunk,family_horizon,A,200,,,all,,,False,exploratory,phi_k16_clock,p3_star,ok,0.002081473090685904,0.00010400467708677757,0.004035639001813251,0.0010058292334092056,0.5052500000000001,4,8000,4,-0.009139214005512741,0.013302160186884548,0.003525805628698061,0.5964734671641445,0.875,-0.004481285915934583,0.058386526900914636,-0.0025385895017534495,0.008743766156025231,,,False,env_mean_t,True,True,True,0
A,posterior_mean_shrunk,family_horizon,A,200,,,all,,,False,exploratory,phi_k16_cs,p3_star,ok,-0.00027694209665060036,-0.0014694145376779482,0.0009313758526332093,0.0006232939804164611,0.5005,4,8000,4,-0.0036956233132980926,0.003141739119996892,0.0010742306039764353,0.8132305503431464,0.75,-0.014615143437905667,0.0025653822740397546,-0.002346412785351276,0.0015494685620069506,,,False,env_mean_t,True,True,True,0
A,posterior_mean_shrunk,family_horizon,A,200,,,all,,,False,exploratory,phi_k16_famA_only,p3_star,ok,-0.00030929361563175904,-0.0017592915592558708,0.0011869519372282864,0.000760971765259023,0.5025000000000001,4,8000,4,-0.004394217317339381,0.0037756300860758633,0.0012835797716132906,0.8251141829449462,1.0,-0.008266811066427982,0.002646318002392198,-0.0028342114351689813,0.001617924542166293,,,False,env_mean_t,True,True,True,0
A,posterior_mean_shrunk,family_horizon,A,200,,,all,,,False,exploratory,phi_k16_famB_only,p3_star,ok,-0.0003851138576865196,-0.0016273478950722614,0.0008722997838958686,0.0006386860911064518,0.49925,4,8000,4,-0.0018716740597703473,0.0011014463443973083,0.0004671124221689906,0.4701182479039835,0.75,-0.003792068766072248,0.0006049026009270903,-0.001312052272260189,0.000231624498963356,,,False,env_mean_t,True,True,True,0
A,posterior_mean_shrunk,family_horizon,A,200,,,all,,,False,exploratory,phi_k16_guard,p3_star,ok,0.0015095415441319345,-2.6986124976246873e-05,0.003095221222611144,0.0007965240557867556,0.4969375,4,8000,4,-0.0034689909379698033,0.006488074026233672,0.0015643728140317871,0.40575071252392114,0.5,-0.02293482065400262,0.004829218672159324,-0.0016307244086638095,0.00349010144546628,,,False,env_mean_t,True,True,True,0
A,posterior_mean_shrunk,family_horizon,A,200,,,all,,,False,exploratory,phi_k16_hgb,p3_star,ok,0.00017761000990867618,-0.0009615384857170283,0.0013212651097092014,0.0005828042601839105,0.498375,4,8000,4,-0.001943137153514052,0.0022983571733314044,0.0006663889850715543,0.807103702661569,0.75,-0.0015770520763597692,0.004284164140653525,-0.0009583463594317436,0.0014522085562348366,,,False,env_mean_t,True,True,True,0
A,posterior_mean_shrunk,family_horizon,A,200,,,all,,,False,exploratory,phi_k16_lucb,p3_star,ok,-0.00046626985818147657,-0.0016411229266623192,0.0007270640549918993,0.0006059837097291317,0.5001875,4,8000,4,-0.0032663948335632824,0.0023338551172003294,0.0008798655835081501,0.6328735205013258,1.0,-0.015113606169525895,0.0015157064093468263,-0.0022307803630828857,0.0007723730877041817,,,False,env_mean_t,True,True,True,0
A,posterior_mean_shrunk,family_horizon,A,200,,,all,,,False,exploratory,phi_k16_noT1000,p3_star,ok,-0.0018037391938269137,-0.002760150875838008,-0.0008157913107424976,0.000497606857457156,0.506625,4,8000,4,-0.006307722315782848,0.002700243928129021,0.0014152581661717666,0.29224820367666204,0.5,-0.008492647199925285,0.0007273327934770777,-0.004466238208115101,0.0,,,False,env_mean_t,True,True,True,0
A,posterior_mean_shrunk,family_horizon,A,200,,,all,,,False,exploratory,phi_k16_noT200,p3_star,ok,-0.0013864652328193189,-0.002403106936253607,-0.00035839750926243175,0.0005298045282705695,0.50525,4,8000,4,-0.004491333858062123,0.001718403392423486,0.0009756232556344774,0.25039827683392896,0.5,-0.004257086314114437,0.00032844317432673717,-0.0031043396964669226,0.0,,,False,env_mean_t,True,True,True,0
A,posterior_mean_shrunk,family_horizon,A,200,,,all,,,False,exploratory,phi_k16_noambig,p3_star,ok,-0.0018316208384931087,-0.0027680859260726712,-0.0008754656828386943,0.0004799102909782972,0.507875,4,8000,4,-0.006079068762560749,0.002415827085574531,0.00133464873139124,0.26355692039483103,0.5,-0.0063566663821844685,0.00044402594851050605,-0.004243310652673245,0.0,,,False,env_mean_t,True,True,True,0
A,posterior_mean_shrunk,family_horizon,A,200,,,all,,,False,exploratory,phi_k16_nopolicy,p3_star,ok,-0.0013814185149967672,-0.0024799265531328272,-0.0002537314367884851,0.0005726034626688769,0.50725,4,8000,4,-0.005034037727994489,0.002271200698000955,0.0011477394628570487,0.3150564966947995,0.25,-0.06288493108111116,0.00080834570017786,-0.0036241417750716206,-4.8824891448020936e-05,,,False,env_mean_t,True,True,True,0
A,posterior_mean_shrunk,family_horizon,A,200,,,all,,,False,exploratory,phi_k16_notrunc,p3_star,ok,-0.0009119812883436679,-0.0018124622212781106,2.9132868075975985e-05,0.000468108960569283,0.506,4,8000,4,-0.0037056171043422202,0.0018816545276548842,0.0008778265359451229,0.37522466011980316,0.5,-0.03097940270729636,0.0008180433993738102,-0.002658333107829094,0.0,,,False,env_mean_t,True,True,True,0
A,posterior_mean_shrunk,family_horizon,A,200,,,all,,,False,exploratory,phi_k16_onpolicy_only,p3_star,ok,-0.00023809729516506193,-0.0011101732787210494,0.0006144773544292544,0.000435903976299993,0.5030625,4,8000,4,-0.0014702946304962284,0.0009941000401661045,0.0003871855852792837,0.5820908158268964,1.0,-0.0022981148987322626,0.0006528787782650049,-0.0010221111103892325,0.0003078192248940468,,,False,env_mean_t,True,True,True,0
A,posterior_mean_shrunk,family_horizon,A,200,,,all,,,False,exploratory,phi_k16_onpolicy_union,p3_star,ok,-0.000554175790399313,-0.0016633000479487235,0.0005758432518632617,0.0005747935098339628,0.5011875,4,8000,4,-0.003981188957184123,0.0028728373763854966,0.001076848700037784,0.642327401637545,1.0,-0.005477357523505973,0.0020182288429841703,-0.0027202213034033776,0.0010576939322054385,,,False,env_mean_t,True,True,True,0
A,posterior_mean_shrunk,family_horizon,A,200,,,all,,,False,exploratory,phi_k16_perstep,p3_star,ok,0.00029641999304294586,-0.0009134472338189422,0.0015484174985886054,0.0006376924703290189,0.494875,4,8000,4,-0.0012852468170445393,0.001878086803130431,0.0004969971708435418,0.5929007333034123,1.0,-0.0008471939782288211,0.06785784977373681,-0.00040754867345094685,0.0013012020364403724,,,False,env_mean_t,True,True,True,0
A,posterior_mean_shrunk,family_horizon,A,200,,,all,,,False,exploratory,phi_k16_quality,p3_star,ok,-0.00023098421469330786,-0.0015070804824063083,0.0010474891039848444,0.0006534920015594469,0.49906249999999996,4,8000,4,-0.0013049434126065653,0.0008429749832199495,0.0003374634148988466,0.5428139913163093,1.0,-0.006096911853947115,0.00043651386911728826,-0.0008985325694084167,0.00015604227036237716,,,False,env_mean_t,True,True,True,0
A,posterior_mean_shrunk,family_horizon,A,200,,,all,,,False,exploratory,phi_k16_tau05,p3_star,ok,-0.0003116942383348942,-0.001504479836376049,0.0008954445786002905,0.0006221090707373279,0.500375,4,8000,4,-0.003640404083286537,0.003017015606616748,0.0010459594681692188,0.7851507594338853,0.75,-0.016418187408744525,0.0024083501444206313,-0.002340782627463341,0.0014395819790661334,,,False,env_mean_t,True,True,True,0
A,posterior_mean_shrunk,family_horizon,A,200,,,all,,,False,exploratory,phi_k16_weighted,p3_star,ok,-3.4214388579130185e-05,-0.0012419576902630066,0.0011969190754825831,0.0006236692009440851,0.49793750000000003,4,8000,4,-0.002014910859781276,0.0019464820826230159,0.0006223817407111198,0.9596159436761958,1.0,-0.0022576833490190297,0.0015883915762392802,-0.001205773465335369,0.0010319559909403324,,,False,env_mean_t,True,True,True,0
A,posterior_mean_shrunk,family_horizon,A,200,,,all,,,False,exploratory,phi_k4,p3_star,ok,-0.00047803897783160206,-0.0009112414258879652,-6.00644533278683e-05,0.00021759877968184515,0.503,4,8000,4,-0.002151083956747161,0.0011950060010839567,0.0005257103556273231,0.4302219454262144,1.0,-0.009240166222065143,0.0006092242825891628,-0.001539048112928867,0.00010493117943406106,,,False,env_mean_t,True,True,True,0
A,posterior_mean_shrunk,family_horizon,A,200,,,all,,,False,exploratory,phi_reservoir_rule,p3_star,ok,0.0018795361686497925,0.0003889811776389253,0.0034064996154484104,0.0007714635950225541,0.500625,4,8000,4,-0.005327400946093212,0.009086473283392797,0.002264590325617614,0.467432205864353,0.625,-0.0029162252435055375,0.016907497763831686,-0.0011984177995473147,0.006324240438640117,,,False,env_mean_t,True,True,True,0
A,posterior_mean_shrunk,family_horizon,A,200,,,all,,,False,exploratory,phi_sf_k16,p3_star,ok,-0.001396706372499466,-0.0020535360232315724,-0.0007606402105011513,0.00032474599071943117,0.5065,4,8000,4,-0.0048199013571649345,0.002026488612166003,0.0010756489367886755,0.2849257096881158,0.5,-0.0060460103529902005,0.0005057326094954763,-0.0034028467610478404,0.0,,,False,env_mean_t,True,True,True,0
A,posterior_mean_shrunk,family_horizon,A,200,,,all,,,False,exploratory,phi_sf_k16_noT1000,p3_star,ok,-0.0006349370777606965,-0.0017659527376963522,0.0005110428610350933,0.0005807558711896247,0.5020625000000001,4,8000,4,-0.004504391680037338,0.0032345175245159456,0.0012158742775494177,0.6376346301196704,1.0,-0.006249685116319337,0.002261263409073738,-0.003082169428467751,0.0011773581951856613,,,False,env_mean_t,True,True,True,0
A,posterior_mean_shrunk,family_horizon,A,200,,,all,,,False,exploratory,power_a0.25,p3_star,ok,0.0016095977846998723,0.00029502213174055215,0.002930047648578693,0.0006746254643756279,0.499375,4,8000,4,-0.002300808762515263,0.005520004331915008,0.001228742348526924,0.2814895919028497,0.5,-0.01382346010881402,0.0636689481473508,-0.0005063766688108444,0.0037255722382105888,,,False,env_mean_t,True,True,True,0
A,posterior_mean_shrunk,family_horizon,A,200,,,all,,,False,exploratory,power_a0.33,p3_star,ok,0.0019248828277923166,0.00037749116399936637,0.00343835484181909,0.0007843635348979751,0.4986875,4,8000,4,-0.002231623052305649,0.006081388707890282,0.0013060725873668504,0.23696909936218613,0.25,-0.0004061456869332131,0.024907158631935822,0.00010895796120166777,0.004305019957944751,,,False,env_mean_t,True,True,True,0
A,posterior_mean_shrunk,family_horizon,A,200,,,all,,,False,exploratory,power_a0.5,p3_star,ok,-4.444092512130737e-06,-1.3332277376321144e-05,0.0,4.444092512130737e-06,0.5000625,4,8000,4,-1.8587178307700192e-05,9.698993283438719e-06,4.444092512130737e-06,0.3910022189557705,1.0,-4.444092512130737e-06,4.444092512130736e-06,-1.3332277536392211e-05,0.0,,,False,env_mean_t,True,True,True,0
A,posterior_mean_shrunk,family_horizon,A,200,,,all,,,False,exploratory,power_a0.67,p3_star,ok,0.0,0.0,0.0,0.0,0.5,4,8000,4,0.0,0.0,0.0,1.0,1.0,0.0,0.0,0.0,0.0,,,False,env_mean_t,True,True,True,0
A,posterior_mean_shrunk,family_horizon,A,200,,,all,,,False,exploratory,refine_after_init,p3_star,ok,0.08074111778347287,0.07753479968523606,0.08398518193280324,0.0016572406372553053,0.3275,4,8000,4,-0.055012464902318786,0.21649470046926453,0.042656990774802575,0.15472643063265473,0.125,0.0023567841324844963,3.606722134918626,0.027914832308888436,0.16225020949088503,,,False,env_mean_t,True,True,True,0
A,posterior_mean_shrunk,family_horizon,A,200,,,all,,,False,exploratory,rule_reservoir,p3_star,ok,0.015718400315614417,0.01349889647244709,0.017990722547619954,0.001129456324236374,0.46987500000000004,4,8000,4,-0.030087203922700166,0.061524004553929,0.014393205680254555,0.35465522712368364,0.25,-0.012125533376889049,12.291289767121532,3.673069924116135e-05,0.04412382783647627,,,False,env_mean_t,True,True,True,0
A,posterior_mean_shrunk,family_horizon,A,200,,,all,,,False,exploratory,uniform,p3_star,ok,0.0005941299060359597,0.00011238831117452738,0.0010820930843692617,0.00024909028321915656,0.498125,4,8000,4,-0.0002605845037559906,0.00144884431582791,0.00026857151002764664,0.11386930889200676,0.25,-0.012350589670665898,0.0013192976422105188,0.00017063941992819307,0.0010176203921437262,,,False,env_mean_t,True,True,True,0
A,posterior_mean_shrunk,family_horizon,A,200,,,all,,,False,exploratory,always_search,phi_k16,ok,0.0003116942383348942,-0.0008954445786002906,0.0015044798363760487,0.0006221090707373279,0.499625,4,8000,4,-0.003017015606616748,0.003640404083286537,0.0010459594681692188,0.7851507594338853,0.75,-0.0024083501444206313,0.016418187408744525,-0.0014395819790661334,0.002340782627463341,,,False,env_mean_t,True,True,True,0
A,posterior_mean_shrunk,family_horizon,A,200,,,all,,,False,exploratory,cp0,phi_k16,ok,0.046500093539943915,0.043597686282009815,0.049525669933063905,0.001493048050138588,0.397625,4,8000,4,-0.04579886549840398,0.1387990525782918,0.02900251887521466,0.2071972467255657,0.125,-0.007463618248544079,1.2331891839810467,0.010696965649724006,0.10218016530107706,,,False,env_mean_t,True,True,True,0
A,posterior_mean_shrunk,family_horizon,A,200,,,all,,,False,exploratory,fixed_K16,phi_k16,ok,0.036721735810860995,0.0339301964326296,0.03968910619732924,0.0014545265073002296,0.4236875,4,8000,4,-0.0457970733121387,0.11924054493386069,0.02592936414543633,0.2516845925748368,0.125,-0.011713560798845599,1.061244114184079,0.004909327790141106,0.0866241379538551,,,False,env_mean_t,True,True,True,0
A,posterior_mean_shrunk,family_horizon,A,200,,,all,,,False,exploratory,p3_star,phi_k16,ok,0.0003116942383348942,-0.0008954445786002906,0.0015044798363760487,0.0006221090707373279,0.499625,4,8000,4,-0.003017015606616748,0.003640404083286537,0.0010459594681692188,0.7851507594338853,0.75,-0.0024083501444206313,0.016418187408744525,-0.0014395819790661334,0.002340782627463341,,,False,env_mean_t,True,True,True,0
A,posterior_mean_shrunk,family_horizon,A,200,,,all,,,False,exploratory,phi_k1,phi_k16,ok,0.0003093490041792393,-0.0009008423367049539,0.001515085415849171,0.000621695389051832,0.499625,4,8000,4,-0.003012680343713694,0.003631378352072173,0.001043860297777053,0.7862935215909894,0.75,-0.002407126283448666,0.016239010588208157,-0.0014395819790661334,0.002333746924996376,,,False,env_mean_t,True,True,True,0
A,posterior_mean_shrunk,family_horizon,A,200,,,all,,,False,exploratory,phi_k16_all71,phi_k16,ok,-0.0006042234413325788,-0.0011906903095564303,-2.5793151291964364e-05,0.00029501682782260533,0.503875,4,8000,4,-0.0018050012972961908,0.0005965544146310334,0.00037731284074455593,0.20760841002156302,0.5,-0.014438877343047017,0.0015160194625050394,-0.0012423289492726327,3.388206660747528e-05,,,False,env_mean_t,True,True,True,0
A,posterior_mean_shrunk,family_horizon,A,200,,,all,,,False,exploratory,phi_k16_clock,phi_k16,ok,0.0023931673290207983,0.00045454181818058723,0.004339929451634816,0.000983130267818307,0.5046875000000001,4,8000,4,-0.008294672959483882,0.013081007617525479,0.003358372542141566,0.527519027650949,0.875,-0.004382400157996007,0.04762491451385072,-0.0014860704159364107,0.009077606221660973,,,False,env_mean_t,True,True,True,0
A,posterior_mean_shrunk,family_horizon,A,200,,,all,,,False,exploratory,phi_k16_cs,phi_k16,ok,3.475214168429375e-05,-4.330257627316314e-05,0.00012763793038175205,4.321688370925618e-05,0.5001249999999999,4,8000,4,-8.394173996324319e-05,0.00015344602333183067,3.7296428678301186e-05,0.42018261808851987,1.0,-4.175163852107952e-05,0.0008372778891888705,-5.630157887935639e-06,0.00010988658294081689,,,False,env_mean_t,True,True,True,0
A,posterior_mean_shrunk,family_horizon,A,200,,,all,,,False,exploratory,phi_k16_famA_only,phi_k16,ok,2.400622703134991e-06,-0.0009759553409367067,0.0010250791130147258,0.0005050337716239057,0.5040625,4,8000,4,-0.0009045338812412108,0.0009093351266474807,0.0002849803003552937,0.9938077039421983,1.0,-0.0028273330917907152,0.0006577935262102329,-0.000563595212996006,0.00042272384557873004,,,False,env_mean_t,True,True,True,0
A,posterior_mean_shrunk,family_horizon,A,200,,,all,,,False,exploratory,phi_k16_famB_only,phi_k16,ok,-7.341961935162546e-05,-0.0005021147916068002,0.0003481848994852043,0.0002151340364123145,0.49974999999999997,4,8000,4,-0.001994623770938358,0.001847784532235107,0.0006036878449125826,0.9108901569666765,0.75,-0.0018701248375186308,0.0016256656978236481,-0.0011874416135251521,0.0010082144886255264,,,False,env_mean_t,True,True,True,0
A,posterior_mean_shrunk,family_horizon,A,200,,,all,,,False,exploratory,phi_k16_guard,phi_k16,ok,0.0018212357824668288,0.0008264543287623385,0.0028228522510516997,0.0005096994422850611,0.4964375,4,8000,4,-0.00021167205976685552,0.003854143624700513,0.0006387877900276012,0.0650512485559807,0.125,-0.004037963585620412,0.003018997789688756,0.0006403042450547218,0.002703129662200809,,,False,env_mean_t,True,True,True,0
A,posterior_mean_shrunk,family_horizon,A,200,,,all,,,False,exploratory,phi_k16_hgb,phi_k16,ok,0.0004893042482435703,-0.000362352647243824,0.0013536422593460882,0.0004366812766526964,0.4985625,4,8000,4,-0.0009238286743006596,0.0019024371707878002,0.0004440398319362225,0.3509606194955743,0.5,-0.00036458009303722764,0.15200956506070495,-2.8763040900230407e-06,0.0013629523515701293,,,False,env_mean_t,True,True,True,0
A,posterior_mean_shrunk,family_horizon,A,200,,,all,,,False,exploratory,phi_k16_lucb,phi_k16,ok,-0.0001545756198465824,-0.0006494040374718677,0.0003302988413906859,0.0002475183131832043,0.500625,4,8000,4,-0.0009674626508559362,0.0006583114111627714,0.00025542835700314724,0.5877815552683147,1.0,-0.0037489986256438184,0.0003495350290445752,-0.0006574154533445835,0.00014694871008396148,,,False,env_mean_t,True,True,True,0
A,posterior_mean_shrunk,family_horizon,A,200,,,all,,,False,exploratory,phi_k16_noT1000,phi_k16,ok,-0.0014920449554920196,-0.002395942891052982,-0.0006080395414755917,0.00045705005777819436,0.508125,4,8000,4,-0.004306283150494669,0.0013221932395106296,0.0008843002913608518,0.19013807642748742,0.5,-0.08025918540241671,0.012288316890735538,-0.0030179719775915146,3.388206660747528e-05,,,False,env_mean_t,True,True,True,0
A,posterior_mean_shrunk,family_horizon,A,200,,,all,,,False,exploratory,phi_k16_noT200,phi_k16,ok,-0.0010747709944844246,-0.00183972260219889,-0.0003290170770924307,0.0003860979691257748,0.5048125,4,8000,4,-0.003613227331183758,0.001463685342214909,0.0007976431000531951,0.27057041170514107,0.5,-0.05247639158029539,0.0002941606575988299,-0.0025115790143609047,3.388206660747528e-05,,,False,env_mean_t,True,True,True,0
A,posterior_mean_shrunk,family_horizon,A,200,,,all,,,False,exploratory,phi_k16_noambig,phi_k16,ok,-0.0015199266001582144,-0.0025159913406241686,-0.0005239368561888115,0.0005039221232044812,0.5093125000000001,4,8000,4,-0.004459225831589392,0.001419372631272963,0.000923597430866676,0.1983855678925602,0.5,-0.08530743662969341,0.0031085848069442555,-0.0030737352669239046,3.388206660747528e-05,,,False,env_mean_t,True,True,True,0
A,posterior_mean_shrunk,family_horizon,A,200,,,all,,,False,exploratory,phi_k16_nopolicy,phi_k16,ok,-0.0010697242766618729,-0.0019631589337222974,-0.00017091946583605054,0.00045675374850246174,0.509625,4,8000,4,-0.0025834884171998997,0.0004440398638761538,0.00047566054391075675,0.11004770419676721,0.25,-0.0033899116061774206,0.0026142243487104616,-0.0018591380342841148,-0.0002803105190396309,,,False,env_mean_t,True,True,True,0
A,posterior_mean_shrunk,family_horizon,A,200,,,all,,,False,exploratory,phi_k16_notrunc,phi_k16,ok,-0.0006002870500087738,-0.0016163132733709063,0.00044191000679347757,0.000522792111086084,0.5069375,4,8000,4,-0.002171923692210234,0.0009713495921926865,0.0004938454545461223,0.3110917090690869,0.5,-0.018593007912841193,0.0003015429602146346,-0.0015341337695717809,3.388206660747528e-05,,,False,env_mean_t,True,True,True,0
A,posterior_mean_shrunk,family_horizon,A,200,,,all,,,False,exploratory,phi_k16_onpolicy_only,phi_k16,ok,7.359694316983224e-05,-0.0009853524208665474,0.0011157954728332697,0.0005319553372208685,0.501625,4,8000,4,-0.002065224037651953,0.002212417923991617,0.0006720682065462575,0.9197137485611143,0.75,-0.0018300804133188646,0.00221897890028076,-0.0011317627541720867,0.0013186715170741081,,,False,env_mean_t,True,True,True,0
A,posterior_mean_shrunk,family_horizon,A,200,,,all,,,False,exploratory,phi_k16_onpolicy_union,phi_k16,ok,-0.0002424815520644188,-0.0008086190753601839,0.00031465683775877513,0.0002894530158868887,0.5016875,4,8000,4,-0.0007524494154986262,0.0002674863113697885,0.00016024398042082438,0.22743866854616993,0.5,-0.0026963405903606755,0.006448953130887296,-0.0005188451707363129,3.388206660747528e-05,,,False,env_mean_t,True,True,True,0
A,posterior_mean_shrunk,family_horizon,A,200,,,all,,,False,exploratory,phi_k16_perstep,phi_k16,ok,0.00060811423137784,-0.00015819166876553936,0.0013638448608162435,0.00039275491298194004,0.4941875,4,8000,4,-0.004280042411539283,0.005496270874294964,0.0015359745849604697,0.7186449534913479,0.75,-0.0032308730357622504,0.059349782058218066,-0.0018493273444473743,0.003644181355834007,,,False,env_mean_t,True,True,True,0
A,posterior_mean_shrunk,family_horizon,A,200,,,all,,,False,exploratory,phi_k16_quality,phi_k16,ok,8.071002364158629e-05,-0.00047347963231700866,0.0006495521292208648,0.00028436671756882563,0.49975,4,8000,4,-0.002279702727353316,0.0024411227746364886,0.0007416975887624527,0.9202170959598857,0.75,-0.0020173552031730437,0.0021502077964237394,-0.001262485533952713,0.0014137665778398514,,,False,env_mean_t,True,True,True,0
A,posterior_mean_shrunk,family_horizon,A,200,,,all,,,False,exploratory,phi_k16_tau05,phi_k16,ok,0.0,0.0,0.0,0.0,0.5,4,8000,4,0.0,0.0,0.0,1.0,1.0,0.0,0.0,0.0,0.0,,,False,env_mean_t,True,True,True,0
A,posterior_mean_shrunk,family_horizon,A,200,,,all,,,False,exploratory,phi_k16_weighted,phi_k16,ok,0.000277479849755764,-0.00032504959408470314,0.0008748237725740182,0.0003030291077680382,0.4991875,4,8000,4,-0.0010868568728395888,0.0016418165723511167,0.0004287069102564875,0.563583931729808,0.75,-0.0006840406959982278,0.002113414732955892,-0.000372038833796978,0.0010994220077991486,,,False,env_mean_t,True,True,True,0
A,posterior_mean_shrunk,family_horizon,A,200,,,all,,,False,exploratory,phi_k4,phi_k16,ok,-0.0001663447394967079,-0.0013544786475904393,0.0010086001997478883,0.0006112900487621122,0.5033125,4,8000,4,-0.0020679000924023598,0.001735210613408944,0.000597513727018289,0.7987952067718554,1.0,-0.006630871622355706,0.0013269627516158719,-0.0013346507996320725,0.0008017345145344735,,,False,env_mean_t,True,True,True,0
A,posterior_mean_shrunk,family_horizon,A,200,,,all,,,False,exploratory,phi_reservoir_rule,phi_k16,ok,0.002191230406984687,0.00026398682530270906,0.004104823098532506,0.000971645363248315,0.500625,4,8000,4,-0.005352219447764448,0.009734680261733821,0.0023703305982649262,0.423440015923281,0.5,-0.003386204336551923,0.03470466200418171,-0.0014373646266758442,0.006132056806236505,,,False,env_mean_t,True,True,True,0
A,posterior_mean_shrunk,family_horizon,A,200,,,all,,,False,exploratory,phi_sf_k16,phi_k16,ok,-0.0010850121341645716,-0.002225493329024175,5.4076319611338774e-05,0.0005848243903589005,0.5065,4,8000,4,-0.0033819867504617717,0.0012119624821326285,0.0007217638244150768,0.22979835382000044,0.5,-0.04803314795435444,0.0006904740835951858,-0.002243795368820429,3.388206660747528e-05,,,False,env_mean_t,True,True,True,0
A,posterior_mean_shrunk,family_horizon,A,200,,,all,,,False,exploratory,phi_sf_k16_noT1000,phi_k16,ok,-0.00032324283942580226,-0.0009192617450935357,0.0002568515846178343,0.0002984961270027798,0.5021875,4,8000,4,-0.0010931707863685853,0.00044668510751698094,0.00024192959537588989,0.2738235327939276,0.5,-0.005181302274602235,0.00016239266195732085,-0.0007413868010044098,3.388206660747528e-05,,,False,env_mean_t,True,True,True,0
A,posterior_mean_shrunk,family_horizon,A,200,,,all,,,False,exploratory,power_a0.25,phi_k16,ok,0.0019212920230347666,0.0003208233283658049,0.003506143391859949,0.0007970837532192213,0.4975625,4,8000,4,-0.0027408937459323978,0.006583477792001931,0.0014649691846258946,0.2810335892243284,0.25,-0.012180626111641866,0.004803316033446721,-0.0009213121903594582,0.003759454304818064,,,False,env_mean_t,True,True,True,0
A,posterior_mean_shrunk,family_horizon,A,200,,,all,,,False,exploratory,power_a0.33,phi_k16,ok,0.002236577066127211,0.0005219829850830139,0.003911007630813401,0.0008541691949853472,0.49725,4,8000,4,-0.0026109535601894283,0.00708410769244385,0.0015232089283858297,0.2383242478925381,0.25,-0.0019779999433672253,0.005765459753391585,-0.00046965530887246133,0.004740530970040709,,,False,env_mean_t,True,True,True,0
A,posterior_mean_shrunk,family_horizon,A,200,,,all,,,False,exploratory,power_a0.5,phi_k16,ok,0.0003072501458227634,-0.0009007719007058767,0.0014979894447606056,0.0006221295065838968,0.499625,4,8000,4,-0.003008803348937914,0.003623303640583441,0.0010419825431948833,0.7873209278896593,0.75,-0.00240603653696474,0.016079163266607358,-0.0014395819790661334,0.0023274503499269485,,,False,env_mean_t,True,True,True,0
A,posterior_mean_shrunk,family_horizon,A,200,,,all,,,False,exploratory,power_a0.67,phi_k16,ok,0.0003116942383348942,-0.0008954445786002906,0.0015044798363760487,0.0006221090707373279,0.499625,4,8000,4,-0.003017015606616748,0.003640404083286537,0.0010459594681692188,0.7851507594338853,0.75,-0.0024083501444206313,0.016418187408744525,-0.0014395819790661334,0.002340782627463341,,,False,env_mean_t,True,True,True,0
A,posterior_mean_shrunk,family_horizon,A,200,,,all,,,False,exploratory,refine_after_init,phi_k16,ok,0.08105281202180777,0.07783529802691191,0.08427978174295277,0.0016263566774480053,0.324125,4,8000,4,-0.054367225073258654,0.2164728491168742,0.04255218285073125,0.15290879270630212,0.125,0.0027357351093445503,3.5636162558340727,0.02850433871895075,0.16244984517537522,,,False,env_mean_t,True,True,True,0
A,posterior_mean_shrunk,family_horizon,A,200,,,all,,,False,exploratory,rule_reservoir,phi_k16,ok,0.01603009455394931,0.013503383174611373,0.018616410984668617,0.0012876162613345277,0.46975,4,8000,4,-0.0296058493677867,0.061666038475685324,0.014339894390666765,0.3450759347405352,0.25,-0.013708789704995668,0.8223412620119113,-0.00040321282646618793,0.04493654646258802,,,False,env_mean_t,True,True,True,0
A,posterior_mean_shrunk,family_horizon,A,200,,,all,,,False,exploratory,uniform,phi_k16,ok,0.0009058241443708538,-0.0003684409909737947,0.0021258339252199217,0.0006385690788404965,0.497875,4,8000,4,-0.002901977889556198,0.004713626178297905,0.0011965015804367499,0.504044904801186,0.75,-0.0015424607307931225,0.005961811557567,-0.0008491483852267266,0.0030658310549333692,,,False,env_mean_t,True,True,True,0
A,posterior_mean_shrunk,family_horizon,A,500,,,all,,,False,exploratory,always_search,cp0,ok,-0.04630610564816743,-0.048655297979712485,-0.044001187535468486,0.0011729060729079466,0.6423125,4,8000,4,-0.11517827954950105,0.022566068253166198,0.0216412681612216,0.12188610124129537,0.125,-0.6352660834003906,-0.00696222302457792,-0.08690575269423426,-0.0178958700299263,,,False,env_mean_t,True,True,True,0
A,posterior_mean_shrunk,family_horizon,A,500,,,all,,,False,exploratory,fixed_K16,cp0,ok,0.018624612350016834,0.017123919769073837,0.0200903626246145,0.0007489381870566414,0.43687499999999996,4,8000,4,-0.003246989356444536,0.0404962140564782,0.006872575248213517,0.07316507354692287,0.125,0.005283598450450528,0.09782961080674804,0.008602820225059987,0.030742117785848677,,,False,env_mean_t,True,True,True,0
A,posterior_mean_shrunk,family_horizon,A,500,,,all,,,False,exploratory,p3_star,cp0,ok,-0.04630610564816743,-0.048655297979712485,-0.044001187535468486,0.0011729060729079466,0.6423125,4,8000,4,-0.11517827954950105,0.022566068253166198,0.0216412681612216,0.12188610124129537,0.125,-0.6352660834003906,-0.00696222302457792,-0.08690575269423426,-0.0178958700299263,,,False,env_mean_t,True,True,True,0
A,posterior_mean_shrunk,family_horizon,A,500,,,all,,,False,exploratory,phi_k1,cp0,ok,-0.04630610564816743,-0.048655297979712485,-0.044001187535468486,0.0011729060729079466,0.6423125,4,8000,4,-0.11517827954950105,0.022566068253166198,0.0216412681612216,0.12188610124129537,0.125,-0.6352660834003906,-0.00696222302457792,-0.08690575269423426,-0.0178958700299263,,,False,env_mean_t,True,True,True,0
A,posterior_mean_shrunk,family_horizon,A,500,,,all,,,False,exploratory,phi_k16_all71,cp0,ok,-0.04560339197982102,-0.047943304054206236,-0.043319051485741514,0.0011687602666973864,0.635625,4,8000,4,-0.11555145125122797,0.024344667291585922,0.02197933682503128,0.1296416564410383,0.125,-0.39790252652577385,-0.0049532833070545235,-0.08690575269423426,-0.01649044269323349,,,False,env_mean_t,True,True,True,0
A,posterior_mean_shrunk,family_horizon,A,500,,,all,,,False,exploratory,phi_k16_clock,cp0,ok,-0.04630610564816743,-0.048655297979712485,-0.044001187535468486,0.0011729060729079466,0.6423125,4,8000,4,-0.11517827954950105,0.022566068253166198,0.0216412681612216,0.12188610124129537,0.125,-0.6352660834003906,-0.00696222302457792,-0.08690575269423426,-0.0178958700299263,,,False,env_mean_t,True,True,True,0
A,posterior_mean_shrunk,family_horizon,A,500,,,all,,,False,exploratory,phi_k16_cs,cp0,ok,-0.04531814422179013,-0.04764091594261117,-0.04303231402882375,0.001166598849441825,0.6325,4,8000,4,-0.11572148373647104,0.025085195292890772,0.022122396660013595,0.13295310709732575,0.125,-0.34669800162376385,-0.0040989337182587154,-0.08691349030844867,-0.015919947177171705,,,False,env_mean_t,True,True,True,0
A,posterior_mean_shrunk,family_horizon,A,500,,,all,,,False,exploratory,phi_k16_famA_only,cp0,ok,-0.04516700694803148,-0.04747942657559179,-0.042891908198362215,0.0011660454005528965,0.6333125,4,8000,4,-0.11573632686300193,0.02540231296693897,0.022174551632750755,0.13444922501862708,0.125,-0.3980327928247557,-0.004285709831770672,-0.08670630136318505,-0.015617672629654408,,,False,env_mean_t,True,True,True,0
A,posterior_mean_shrunk,family_horizon,A,500,,,all,,,False,exploratory,phi_k16_famB_only,cp0,ok,-0.044751763698644934,-0.0470580804918427,-0.04246890478534624,0.001164125192834661,0.626875,4,8000,4,-0.11608052863775555,0.026577001240465678,0.022413187245511695,0.1397762876955946,0.125,-0.2826490625072437,-0.002417387029518825,-0.08691511726938188,-0.01478718613088131,,,False,env_mean_t,True,True,True,0
A,posterior_mean_shrunk,family_horizon,A,500,,,all,,,False,exploratory,phi_k16_guard,cp0,ok,-0.04534291249979287,-0.0476700795465149,-0.04306359491311014,0.0011665351332031332,0.6327499999999999,4,8000,4,-0.11570659360393945,0.025020768604353705,0.022109935048181064,0.1326628768598213,0.125,-0.3503102823074884,-0.004171451379340697,-0.08691349030844868,-0.015969483733177185,,,False,env_mean_t,True,True,True,0
A,posterior_mean_shrunk,family_horizon,A,500,,,all,,,False,exploratory,phi_k16_hgb,cp0,ok,-0.04578554223198444,-0.04808820601901971,-0.043492697936017066,0.001170093815636938,0.6389375,4,8000,4,-0.11545365415477563,0.02388256969080676,0.021891370738014837,0.12759577286877966,0.125,-0.4309729916998012,-0.005437231209924377,-0.08691990730725228,-0.01685474319756031,,,False,env_mean_t,True,True,True,0
A,posterior_mean_shrunk,family_horizon,A,500,,,all,,,False,exploratory,phi_k16_lucb,cp0,ok,-0.0448333886610344,-0.04713957689818926,-0.04255672526778653,0.0011640434635347523,0.6283124999999999,4,8000,4,-0.11602603064645822,0.02635925332438941,0.022370414189620446,0.13876862852003738,0.125,-0.2903831850404491,-0.0026663057946366003,-0.08691349030844867,-0.014950436055660248,,,False,env_mean_t,True,True,True,0
A,posterior_mean_shrunk,family_horizon,A,500,,,all,,,False,exploratory,phi_k16_noT1000,cp0,ok,-0.04630610564816743,-0.048655297979712485,-0.044001187535468486,0.0011729060729079466,0.6423125,4,8000,4,-0.11517827954950105,0.022566068253166198,0.0216412681612216,0.12188610124129537,0.125,-0.6352660834003906,-0.00696222302457792,-0.08690575269423426,-0.0178958700299263,,,False,env_mean_t,True,True,True,0
A,posterior_mean_shrunk,family_horizon,A,500,,,all,,,False,exploratory,phi_k16_noT200,cp0,ok,-0.04614392447192222,-0.04848987084114924,-0.043836073210695756,0.0011717515262885056,0.639375,4,8000,4,-0.11525946860617733,0.022971619662332902,0.02171774085221954,0.12362901967884976,0.125,-0.5551948971839292,-0.006503294085383894,-0.08690575269423426,-0.017571507677435875,,,False,env_mean_t,True,True,True,0
A,posterior_mean_shrunk,family_horizon,A,500,,,all,,,False,exploratory,phi_k16_noambig,cp0,ok,-0.04629515851754695,-0.04864591396180913,-0.043993812758708374,0.0011729116710076457,0.642,4,8000,4,-0.11518366511884025,0.022593348083746342,0.021646400282361415,0.12200286546854623,0.125,-0.6290591266830284,-0.006931334637226255,-0.08690575269423426,-0.01787397576868534,,,False,env_mean_t,True,True,True,0
A,posterior_mean_shrunk,family_horizon,A,500,,,all,,,False,exploratory,phi_k16_nopolicy,cp0,ok,-0.04630283674318343,-0.048655297979712485,-0.044001187535468486,0.0011729070487977976,0.64225,4,8000,4,-0.11517988628587723,0.02257421279951037,0.021642800203208322,0.12192095467362163,0.125,-0.6333985591528839,-0.006953000842606,-0.08690575269423426,-0.017889332219958306,,,False,env_mean_t,True,True,True,0
A,posterior_mean_shrunk,family_horizon,A,500,,,all,,,False,exploratory,phi_k16_notrunc,cp0,ok,-0.04630610564816743,-0.048655297979712485,-0.044001187535468486,0.0011729060729079466,0.6423125,4,8000,4,-0.11517827954950105,0.022566068253166198,0.0216412681612216,0.12188610124129537,0.125,-0.6352660834003906,-0.00696222302457792,-0.08690575269423426,-0.0178958700299263,,,False,env_mean_t,True,True,True,0
A,posterior_mean_shrunk,family_horizon,A,500,,,all,,,False,exploratory,phi_k16_onpolicy_only,cp0,ok,-0.041662029054947196,-0.043953733209491475,-0.03937766654230472,0.001148673458491847,0.61,4,8000,4,-0.11782285250985738,0.034498794399962986,0.023931534470342186,0.18007500568938659,0.125,-0.22299374126438176,0.00402106784737305,-0.08600714120827616,-0.008607716843485833,,,False,env_mean_t,True,True,True,0
A,posterior_mean_shrunk,family_horizon,A,500,,,all,,,False,exploratory,phi_k16_onpolicy_union,cp0,ok,-0.045337000315077605,-0.04764585412340239,-0.04304365102434531,0.001166717718467009,0.632,4,8000,4,-0.11570719636249144,0.025033195732336228,0.02211198219765109,0.13272115284571046,0.125,-0.351981804199739,-0.004177801037690457,-0.08690575269423426,-0.015957659363746643,,,False,env_mean_t,True,True,True,0
A,posterior_mean_shrunk,family_horizon,A,500,,,all,,,False,exploratory,phi_k16_perstep,cp0,ok,-0.04542116224486381,-0.04774168007425032,-0.0431283094745595,0.0011669397417105162,0.6333125,4,8000,4,-0.11565957403947998,0.024817249549752354,0.02207057246433403,0.13174883239140525,0.125,-0.36273443276460804,-0.0044035338217958825,-0.08691236711107195,-0.016125983223319054,,,False,env_mean_t,True,True,True,0
A,posterior_mean_shrunk,family_horizon,A,500,,,all,,,False,exploratory,phi_k16_quality,cp0,ok,-0.0450029552327469,-0.04733894994133152,-0.04272706070914865,0.0011642848552931744,0.6293124999999999,4,8000,4,-0.11591326797503601,0.025907357509542206,0.022281699654934983,0.1366922001258884,0.125,-0.3093192269651497,-0.0031945516375627425,-0.08690575269423426,-0.015289569199085234,,,False,env_mean_t,True,True,True,0
A,posterior_mean_shrunk,family_horizon,A,500,,,all,,,False,exploratory,phi_k16_tau05,cp0,ok,-0.04534291249979287,-0.0476700795465149,-0.04306359491311014,0.0011665351332031332,0.6327499999999999,4,8000,4,-0.11570659360393945,0.025020768604353705,0.022109935048181064,0.1326628768598213,0.125,-0.3503102823074884,-0.004171451379340697,-0.08691349030844867,-0.015969483733177185,,,False,env_mean_t,True,True,True,0
A,posterior_mean_shrunk,family_horizon,A,500,,,all,,,False,exploratory,phi_k16_weighted,cp0,ok,-0.04438268992770463,-0.04669081823958549,-0.042100677854614334,0.0011620044050159855,0.62475,4,8000,4,-0.11628875988725274,0.02752338003184348,0.022594590155430087,0.14424507561162053,0.125,-0.26757099189311173,-0.0015673028539507083,-0.08683485118858517,-0.014049038589000702,,,False,env_mean_t,True,True,True,0
A,posterior_mean_shrunk,family_horizon,A,500,,,all,,,False,exploratory,phi_k4,cp0,ok,-0.04630610564816743,-0.048655297979712485,-0.044001187535468486,0.0011729060729079466,0.6423125,4,8000,4,-0.11517827954950105,0.022566068253166198,0.0216412681612216,0.12188610124129537,0.125,-0.6352660834003906,-0.00696222302457792,-0.08690575269423426,-0.0178958700299263,,,False,env_mean_t,True,True,True,0
A,posterior_mean_shrunk,family_horizon,A,500,,,all,,,False,exploratory,phi_reservoir_rule,cp0,ok,-0.04545661230292171,-0.047772475983947515,-0.043187773635145275,0.001156434482448267,0.6411875,4,8000,4,-0.11368890694473963,0.022775682338896208,0.02144020294341939,0.1241638939090246,0.125,-0.6090965314369181,-0.005964008292351122,-0.08609269269742072,-0.017889332219958306,,,False,env_mean_t,True,True,True,0
A,posterior_mean_shrunk,family_horizon,A,500,,,all,,,False,exploratory,phi_sf_k16,cp0,ok,-0.04630283674318343,-0.048655297979712485,-0.044001187535468486,0.0011729070487977976,0.64225,4,8000,4,-0.11517988628587723,0.02257421279951037,0.021642800203208322,0.12192095467362163,0.125,-0.6333985591528839,-0.006953000842606,-0.08690575269423426,-0.017889332219958306,,,False,env_mean_t,True,True,True,0
A,posterior_mean_shrunk,family_horizon,A,500,,,all,,,False,exploratory,phi_sf_k16_noT1000,cp0,ok,-0.04536608277726918,-0.047696673712925984,-0.0430744701938238,0.0011666519977041622,0.6325,4,8000,4,-0.11569272388848559,0.024960558333947225,0.022098296205172563,0.13239197771344638,0.125,-0.3537717499422287,-0.004239230377552819,-0.08691349030844868,-0.016015824288129806,,,False,env_mean_t,True,True,True,0
A,posterior_mean_shrunk,family_horizon,A,500,,,all,,,False,exploratory,power_a0.25,cp0,ok,-0.04630610564816743,-0.048655297979712485,-0.044001187535468486,0.0011729060729079466,0.6423125,4,8000,4,-0.11517827954950105,0.022566068253166198,0.0216412681612216,0.12188610124129537,0.125,-0.6352660834003906,-0.00696222302457792,-0.08690575269423426,-0.0178958700299263,,,False,env_mean_t,True,True,True,0
A,posterior_mean_shrunk,family_horizon,A,500,,,all,,,False,exploratory,power_a0.33,cp0,ok,-0.04630610564816743,-0.048655297979712485,-0.044001187535468486,0.0011729060729079466,0.6423125,4,8000,4,-0.11517827954950105,0.022566068253166198,0.0216412681612216,0.12188610124129537,0.125,-0.6352660834003906,-0.00696222302457792,-0.08690575269423426,-0.0178958700299263,,,False,env_mean_t,True,True,True,0
A,posterior_mean_shrunk,family_horizon,A,500,,,all,,,False,exploratory,power_a0.5,cp0,ok,-0.04630610564816743,-0.048655297979712485,-0.044001187535468486,0.0011729060729079466,0.6423125,4,8000,4,-0.11517827954950105,0.022566068253166198,0.0216412681612216,0.12188610124129537,0.125,-0.6352660834003906,-0.00696222302457792,-0.08690575269423426,-0.0178958700299263,,,False,env_mean_t,True,True,True,0
A,posterior_mean_shrunk,family_horizon,A,500,,,all,,,False,exploratory,power_a0.67,cp0,ok,-0.04630610564816743,-0.048655297979712485,-0.044001187535468486,0.0011729060729079466,0.6423125,4,8000,4,-0.11517827954950105,0.022566068253166198,0.0216412681612216,0.12188610124129537,0.125,-0.6352660834003906,-0.00696222302457792,-0.08690575269423426,-0.0178958700299263,,,False,env_mean_t,True,True,True,0
A,posterior_mean_shrunk,family_horizon,A,500,,,all,,,False,exploratory,refine_after_init,cp0,ok,0.06972382700489835,0.0672925358521752,0.07206021349411458,0.0012178355269325065,0.2858125,4,8000,4,-0.0017985225669226862,0.1412461765767194,0.02247401612183524,0.053194995065962966,0.125,0.028807118761427122,0.326225221530409,0.03814314587414265,0.11062064705369995,,,False,env_mean_t,True,True,True,0
A,posterior_mean_shrunk,family_horizon,A,500,,,all,,,False,exploratory,rule_reservoir,cp0,ok,-0.035638262857683,-0.03777657138416544,-0.033594973967410624,0.0010496295759900675,0.6230625,4,8000,4,-0.07673492389476465,0.005458398179398652,0.012913544203039735,0.07016649552900575,0.125,-0.25026473667331517,-0.012335707055198205,-0.059379235019907356,-0.0178958700299263,,,False,env_mean_t,True,True,True,0
A,posterior_mean_shrunk,family_horizon,A,500,,,all,,,False,exploratory,uniform,cp0,ok,-0.04620816983748227,-0.04854547262075357,-0.04391432231059298,0.0011730013322844737,0.6419375,4,8000,4,-0.11507767865967762,0.022661338984713078,0.021640430730238445,0.12239918273750319,0.125,-0.6312910126742013,-0.006887293734432684,-0.08678250663541259,-0.0177624853849411,,,False,env_mean_t,True,True,True,0
A,posterior_mean_shrunk,family_horizon,A,500,,,all,,,False,exploratory,always_search,p3_star,ok,0.0,0.0,0.0,0.0,0.5,4,8000,4,0.0,0.0,0.0,1.0,1.0,0.0,0.0,0.0,0.0,,,False,env_mean_t,True,True,True,0
A,posterior_mean_shrunk,family_horizon,A,500,,,all,,,False,exploratory,cp0,p3_star,ok,0.04630610564816743,0.044001187535468486,0.048655297979712485,0.0011729060729079466,0.35768749999999994,4,8000,4,-0.022566068253166198,0.11517827954950105,0.0216412681612216,0.12188610124129537,0.125,0.00696222302457792,0.6352660834003906,0.0178958700299263,0.08690575269423426,,,False,env_mean_t,True,True,True,0
A,posterior_mean_shrunk,family_horizon,A,500,,,all,,,False,exploratory,fixed_K16,p3_star,ok,0.06493071799818426,0.06239936085185036,0.06746976292924955,0.0012806193669570097,0.31018750000000006,4,8000,4,-0.02560765242208525,0.15546908841845375,0.028449300234838753,0.10670612838477077,0.125,0.013530728853025698,0.6415235979982257,0.026498690254986284,0.11764787048008293,,,False,env_mean_t,True,True,True,0
A,posterior_mean_shrunk,family_horizon,A,500,,,all,,,False,exploratory,phi_k1,p3_star,ok,0.0,0.0,0.0,0.0,0.5,4,8000,4,0.0,0.0,0.0,1.0,1.0,0.0,0.0,0.0,0.0,,,False,env_mean_t,True,True,True,0
A,posterior_mean_shrunk,family_horizon,A,500,,,all,,,False,exploratory,phi_k16_all71,p3_star,ok,0.000702713668346405,0.0004212121122691315,0.0009921154560288414,0.00014529627343091284,0.491375,4,8000,4,-0.0015336348491549728,0.0029390621858477826,0.0007027136683464051,0.3910022189557703,1.0,-0.0007027136683464052,0.000702713668346405,0.0,0.002108141005039215,,,False,env_mean_t,True,True,True,0
A,posterior_mean_shrunk,family_horizon,A,500,,,all,,,False,exploratory,phi_k16_clock,p3_star,ok,0.0,0.0,0.0,0.0,0.5,4,8000,4,0.0,0.0,0.0,1.0,1.0,0.0,0.0,0.0,0.0,,,False,env_mean_t,True,True,True,0
A,posterior_mean_shrunk,family_horizon,A,500,,,all,,,False,exploratory,phi_k16_cs,p3_star,ok,0.0009879614263772964,0.0006534067718803272,0.0013323404741186094,0.00017272538154921422,0.488125,4,8000,4,-0.0021890903143520447,0.004165013167106637,0.0009983049000558436,0.39530870581693067,1.0,-0.0010164062381794617,0.13144939302532066,-2.3212842643260958e-05,0.00298709712177515,,,False,env_mean_t,True,True,True,0
A,posterior_mean_shrunk,family_horizon,A,500,,,all,,,False,exploratory,phi_k16_famA_only,p3_star,ok,0.0011390987001359462,0.000725108605092828,0.0015629517998604569,0.00021682988906748102,0.487875,4,8000,4,-0.0017034073970634653,0.003981604797335358,0.0008931827357087204,0.29199132986673776,0.5,-0.00045767811135642407,0.005347026535500213,0.0,0.0028189421072602272,,,False,env_mean_t,True,True,True,0
A,posterior_mean_shrunk,family_horizon,A,500,,,all,,,False,exploratory,phi_k16_famB_only,p3_star,ok,0.0015543419495224952,0.0011836474273422936,0.0019470127319095806,0.00019611027240747507,0.4839375,4,8000,4,-0.003432083352724438,0.0065407672517694285,0.0015668529250495572,0.3943170978403778,1.0,-0.0015887473185840387,0.26632278332938597,-2.8093725442886355e-05,0.004691119574010372,,,False,env_mean_t,True,True,True,0
A,posterior_mean_shrunk,family_horizon,A,500,,,all,,,False,exploratory,phi_k16_guard,p3_star,ok,0.0009631931483745575,0.0006288243672997851,0.0013025328982621427,0.0001720651199502999,0.48824999999999996,4,8000,4,-0.0021350370356720658,0.004061423332421181,0.0009735373001903399,0.39541913854457206,1.0,-0.0009916398384353818,0.12507160677248375,-2.3212842643260958e-05,0.0029127922877669335,,,False,env_mean_t,True,True,True,0
A,posterior_mean_shrunk,family_horizon,A,500,,,all,,,False,exploratory,phi_k16_hgb,p3_star,ok,0.0005205634161829948,0.0002132056972186547,0.0008241258955024477,0.00015481891241651775,0.49424999999999997,4,8000,4,-0.001196688684552504,0.002237815516918494,0.0005396012802743611,0.40584976870742273,1.0,-0.0005729230227637174,0.021984253548027872,-4.246383905410766e-05,0.001604154087603092,,,False,env_mean_t,True,True,True,0
A,posterior_mean_shrunk,family_horizon,A,500,,,all,,,False,exploratory,phi_k16_lucb,p3_star,ok,0.0014727169871330261,0.0011033954900312893,0.0018552948468595783,0.0001925129493929875,0.484625,4,8000,4,-0.0032470155700395596,0.006192449544305612,0.0014830517483787782,0.3938937541341855,1.0,-0.0015011376978599088,0.2881943456471757,-2.3212842643260958e-05,0.004441363804042339,,,False,env_mean_t,True,True,True,0
A,posterior_mean_shrunk,family_horizon,A,500,,,all,,,False,exploratory,phi_k16_noT1000,p3_star,ok,0.0,0.0,0.0,0.0,0.5,4,8000,4,0.0,0.0,0.0,1.0,1.0,0.0,0.0,0.0,0.0,,,False,env_mean_t,True,True,True,0
A,posterior_mean_shrunk,family_horizon,A,500,,,all,,,False,exploratory,phi_k16_noT200,p3_star,ok,0.00016218117624521255,3.359030406500097e-05,0.0002924884327512699,6.523079159890655e-05,0.497,4,8000,4,-0.00035395170888293,0.0006783140613733551,0.00016218117624521255,0.3910022189557705,1.0,-0.00016218117624521255,0.00016218117624521255,0.0,0.00048654352873563766,,,False,env_mean_t,True,True,True,0
A,posterior_mean_shrunk,family_horizon,A,500,,,all,,,False,exploratory,phi_k16_noambig,p3_star,ok,1.0947130620479584e-05,0.0,2.516316635592375e-05,6.388324214860039e-06,0.4998125,4,8000,4,-2.3891524776123813e-05,4.578578601708298e-05,1.0947130620479584e-05,0.3910022189557705,1.0,-1.0947130620479584e-05,1.0947130620479584e-05,0.0,3.284139186143875e-05,,,False,env_mean_t,True,True,True,0
A,posterior_mean_shrunk,family_horizon,A,500,,,all,,,False,exploratory,phi_k16_nopolicy,p3_star,ok,3.268904983997345e-06,0.0,9.80671484285267e-06,3.268904983997346e-06,0.49993750000000003,4,8000,4,-7.134209604648504e-06,1.3672019572643193e-05,3.268904983997345e-06,0.3910022189557705,1.0,-3.2689049839973467e-06,3.268904983997345e-06,0.0,9.806714951992036e-06,,,False,env_mean_t,True,True,True,0
A,posterior_mean_shrunk,family_horizon,A,500,,,all,,,False,exploratory,phi_k16_notrunc,p3_star,ok,0.0,0.0,0.0,0.0,0.5,4,8000,4,0.0,0.0,0.0,1.0,1.0,0.0,0.0,0.0,0.0,,,False,env_mean_t,True,True,True,0
A,posterior_mean_shrunk,family_horizon,A,500,,,all,,,False,exploratory,phi_k16_onpolicy_only,p3_star,ok,0.004644076593220234,0.003982433823694009,0.00531879797053989,0.00033999993310601,0.4670625,4,8000,4,-0.006648989832219886,0.015937143018660352,0.0035485489281282213,0.2818557202967176,0.5,-0.0016016538803531937,0.019434635582732677,0.0,0.011236395321786403,,,False,env_mean_t,True,True,True,0
A,posterior_mean_shrunk,family_horizon,A,500,,,all,,,False,exploratory,phi_k16_onpolicy_union,p3_star,ok,0.0009691053330898285,0.0006408922039554454,0.0013036126299994066,0.00016825816360490126,0.4879375,4,8000,4,-0.0021150203536326327,0.00405323101981229,0.0009691053330898283,0.3910022189557704,1.0,-0.0009691053330898287,0.0009691053330898285,0.0,0.0029073159992694855,,,False,env_mean_t,True,True,True,0
A,posterior_mean_shrunk,family_horizon,A,500,,,all,,,False,exploratory,phi_k16_perstep,p3_star,ok,0.0008849434033036233,0.0005679138100731508,0.0012162155485697212,0.00016648383146141373,0.4888125,4,8000,4,-0.0019594773991850442,0.0037293642057922905,0.000893784381457174,0.3951126343739221,1.0,-0.0009092562951803772,0.12314578658512096,-1.9843250513076784e-05,0.0026746734604239466,,,False,env_mean_t,True,True,True,0
A,posterior_mean_shrunk,family_horizon,A,500,,,all,,,False,exploratory,phi_k16_quality,p3_star,ok,0.0013031504154205323,0.0009474500548094512,0.0016632537095574657,0.00018459017548431904,0.485375,4,8000,4,-0.0028440558093634693,0.005450356640204534,0.0013031504154205323,0.3910022189557705,1.0,-0.0013031504154205318,0.0013031504154205323,0.0,0.003909451246261597,,,False,env_mean_t,True,True,True,0
A,posterior_mean_shrunk,family_horizon,A,500,,,all,,,False,exploratory,phi_k16_tau05,p3_star,ok,0.0009631931483745575,0.0006288243672997851,0.0013025328982621427,0.0001720651199502999,0.48824999999999996,4,8000,4,-0.0021350370356720658,0.004061423332421181,0.0009735373001903399,0.39541913854457206,1.0,-0.0009916398384353818,0.12507160677248375,-2.3212842643260958e-05,0.0029127922877669335,,,False,env_mean_t,True,True,True,0
A,posterior_mean_shrunk,family_horizon,A,500,,,all,,,False,exploratory,phi_k16_weighted,p3_star,ok,0.0019234157204627992,0.0014730367181073234,0.0023787635305779985,0.00023604378067347155,0.4795625,4,8000,4,-0.003900784391173075,0.007747615832098673,0.0018301016114446777,0.3704514242073498,0.5,-0.0016667437971180379,0.0497403022409575,0.0,0.005557542644441128,,,False,env_mean_t,True,True,True,0
A,posterior_mean_shrunk,family_horizon,A,500,,,all,,,False,exploratory,phi_k4,p3_star,ok,0.0,0.0,0.0,0.0,0.5,4,8000,4,0.0,0.0,0.0,1.0,1.0,0.0,0.0,0.0,0.0,,,False,env_mean_t,True,True,True,0
A,posterior_mean_shrunk,family_horizon,A,500,,,all,,,False,exploratory,phi_reservoir_rule,p3_star,ok,0.0008494933452457189,0.0002677308937109048,0.0014360700188490226,0.0002981070112993989,0.49912500000000004,4,8000,4,-0.000889388400372855,0.002588375090864293,0.0005463978269583268,0.2178530354649554,0.25,-0.0004618223635175394,0.14120320578549236,6.53780996799469e-06,0.0017288822289556263,,,False,env_mean_t,True,True,True,0
A,posterior_mean_shrunk,family_horizon,A,500,,,all,,,False,exploratory,phi_sf_k16,p3_star,ok,3.268904983997345e-06,0.0,9.80671484285267e-06,3.268904983997346e-06,0.49993750000000003,4,8000,4,-7.134209604648504e-06,1.3672019572643193e-05,3.268904983997345e-06,0.3910022189557705,1.0,-3.2689049839973467e-06,3.268904983997345e-06,0.0,9.806714951992036e-06,,,False,env_mean_t,True,True,True,0
A,posterior_mean_shrunk,family_horizon,A,500,,,all,,,False,exploratory,phi_sf_k16_noT1000,p3_star,ok,0.0009400228708982468,0.0006169161858224471,0.0012793805202136355,0.00017103087297217482,0.4890625,4,8000,4,-0.0020844712699342152,0.003964517011730709,0.0009503676890984766,0.3955276994969861,1.0,-0.0009684714069949941,0.11924885473660612,-2.3212842643260958e-05,0.0028432814553380013,,,False,env_mean_t,True,True,True,0
A,posterior_mean_shrunk,family_horizon,A,500,,,all,,,False,exploratory,power_a0.25,p3_star,ok,0.0,0.0,0.0,0.0,0.5,4,8000,4,0.0,0.0,0.0,1.0,1.0,0.0,0.0,0.0,0.0,,,False,env_mean_t,True,True,True,0
A,posterior_mean_shrunk,family_horizon,A,500,,,all,,,False,exploratory,power_a0.33,p3_star,ok,0.0,0.0,0.0,0.0,0.5,4,8000,4,0.0,0.0,0.0,1.0,1.0,0.0,0.0,0.0,0.0,,,False,env_mean_t,True,True,True,0
A,posterior_mean_shrunk,family_horizon,A,500,,,all,,,False,exploratory,power_a0.5,p3_star,ok,0.0,0.0,0.0,0.0,0.5,4,8000,4,0.0,0.0,0.0,1.0,1.0,0.0,0.0,0.0,0.0,,,False,env_mean_t,True,True,True,0
A,posterior_mean_shrunk,family_horizon,A,500,,,all,,,False,exploratory,power_a0.67,p3_star,ok,0.0,0.0,0.0,0.0,0.5,4,8000,4,0.0,0.0,0.0,1.0,1.0,0.0,0.0,0.0,0.0,,,False,env_mean_t,True,True,True,0
A,posterior_mean_shrunk,family_horizon,A,500,,,all,,,False,exploratory,refine_after_init,p3_star,ok,0.11602993265306577,0.11310799119528384,0.11886506741866469,0.001469636311423122,0.20425000000000001,4,8000,4,-0.02416658554137821,0.2562264508475097,0.044053066335064464,0.0780654951332722,0.125,0.03588345780468065,0.8162042554846793,0.05603901590406894,0.1975263997479342,,,False,env_mean_t,True,True,True,0
A,posterior_mean_shrunk,family_horizon,A,500,,,all,,,False,exploratory,rule_reservoir,p3_star,ok,0.010667842790484428,0.009370538822258823,0.01195467754441779,0.0006550745850617946,0.47225000000000006,4,8000,4,-0.01731024925894717,0.038645934839916025,0.008791379135912056,0.31178306794563504,0.5,-0.005485054323468595,0.06472088611283329,0.0,0.027526517674326897,,,False,env_mean_t,True,True,True,0
A,posterior_mean_shrunk,family_horizon,A,500,,,all,,,False,exploratory,uniform,p3_star,ok,9.793581068515777e-05,-1.0922496383614068e-05,0.0002227792201665579,5.921826102158116e-05,0.49968750000000006,4,8000,4,-8.034027066907199e-06,0.00020390564843722275,3.329823273879809e-05,0.06045306540262404,0.25,-0.00032322134658208703,0.00016901418908397243,3.124348819255829e-05,0.00014104577898979185,,,False,env_mean_t,True,True,True,0
A,posterior_mean_shrunk,family_horizon,A,500,,,all,,,False,exploratory,always_search,phi_k16,ok,-0.0009631931483745575,-0.001302532898262143,-0.0006288243672997851,0.0001720651199502999,0.51175,4,8000,4,-0.004061423332421181,0.0021350370356720658,0.0009735373001903399,0.39541913854457206,1.0,-0.12507160677248375,0.0009916398384353818,-0.0029127922877669335,2.3212842643260958e-05,,,False,env_mean_t,True,True,True,0
A,posterior_mean_shrunk,family_horizon,A,500,,,all,,,False,exploratory,cp0,phi_k16,ok,0.04534291249979287,0.04306359491311014,0.0476700795465149,0.0011665351332031332,0.36724999999999997,4,8000,4,-0.025020768604353705,0.11570659360393945,0.022109935048181064,0.1326628768598213,0.125,0.004171451379340697,0.3503102823074884,0.015969483733177185,0.08691349030844867,,,False,env_mean_t,True,True,True,0
A,posterior_mean_shrunk,family_horizon,A,500,,,all,,,False,exploratory,fixed_K16,phi_k16,ok,0.0639675248498097,0.06143429854419082,0.06648316222708672,0.0012762878316042853,0.31918749999999996,4,8000,4,-0.028122750838904156,0.15605780053852358,0.028936945624446042,0.11403955299587616,0.125,0.0107094743235282,0.4442470805605309,0.02457230395823717,0.11765560809429734,,,False,env_mean_t,True,True,True,0
A,posterior_mean_shrunk,family_horizon,A,500,,,all,,,False,exploratory,p3_star,phi_k16,ok,-0.0009631931483745575,-0.001302532898262143,-0.0006288243672997851,0.0001720651199502999,0.51175,4,8000,4,-0.004061423332421181,0.0021350370356720658,0.0009735373001903399,0.39541913854457206,1.0,-0.12507160677248375,0.0009916398384353818,-0.0029127922877669335,2.3212842643260958e-05,,,False,env_mean_t,True,True,True,0
A,posterior_mean_shrunk,family_horizon,A,500,,,all,,,False,exploratory,phi_k1,phi_k16,ok,-0.0009631931483745575,-0.001302532898262143,-0.0006288243672997851,0.0001720651199502999,0.51175,4,8000,4,-0.004061423332421181,0.0021350370356720658,0.0009735373001903399,0.39541913854457206,1.0,-0.12507160677248375,0.0009916398384353818,-0.0029127922877669335,2.3212842643260958e-05,,,False,env_mean_t,True,True,True,0
A,posterior_mean_shrunk,family_horizon,A,500,,,all,,,False,exploratory,phi_k16_all71,phi_k16,ok,-0.00026047948002815247,-0.0004711595880507957,-5.5914253721312007e-05,0.00010588246790391853,0.5029375,4,8000,4,-0.0011225868204048552,0.0006016278603485504,0.00027089454390648326,0.40720740555168133,1.0,-0.010192572271191023,0.000289124461940396,-0.0008046512827277184,2.3212842643260958e-05,,,False,env_mean_t,True,True,True,0
A,posterior_mean_shrunk,family_horizon,A,500,,,all,,,False,exploratory,phi_k16_clock,phi_k16,ok,-0.0009631931483745575,-0.001302532898262143,-0.0006288243672997851,0.0001720651199502999,0.51175,4,8000,4,-0.004061423332421181,0.0021350370356720658,0.0009735373001903399,0.39541913854457206,1.0,-0.12507160677248375,0.0009916398384353818,-0.0029127922877669335,2.3212842643260958e-05,,,False,env_mean_t,True,True,True,0
A,posterior_mean_shrunk,family_horizon,A,500,,,all,,,False,exploratory,phi_k16_cs,phi_k16,ok,2.4768278002738953e-05,-3.805095639108913e-06,6.086893008614421e-05,1.6910354284846766e-05,0.49975,4,8000,4,-5.405543681531735e-05,0.00010359199282079527,2.476827800273895e-05,0.3910022189557704,1.0,-2.476827800273894e-05,2.4768278002738953e-05,0.0,7.430483400821686e-05,,,False,env_mean_t,True,True,True,0
A,posterior_mean_shrunk,family_horizon,A,500,,,all,,,False,exploratory,phi_k16_famA_only,phi_k16,ok,0.00017590555176138877,-0.0001392122878883128,0.0004902991605206351,0.00016090202211989122,0.4995,4,8000,4,-0.0005229799353890666,0.0008747910389118442,0.00021960637198815248,0.4816979134310275,1.0,-0.0002964654890620879,0.0020695644888000008,-9.385018050670624e-05,0.0006215668357908725,,,False,env_mean_t,True,True,True,0
A,posterior_mean_shrunk,family_horizon,A,500,,,all,,,False,exploratory,phi_k16_famB_only,phi_k16,ok,0.0005911488011479378,0.0003599580746140419,0.0008275410483292944,0.00011758096710317056,0.4946875,4,8000,4,-0.0012970604482392615,0.002479358050535137,0.0005933200652128111,0.39251818696625546,1.0,-0.0005971197841315079,0.21795123639166372,-4.880882799625397e-06,0.0017783272862434388,,,False,env_mean_t,True,True,True,0
A,posterior_mean_shrunk,family_horizon,A,500,,,all,,,False,exploratory,phi_k16_guard,phi_k16,ok,0.0,0.0,0.0,0.0,0.5,4,8000,4,0.0,0.0,0.0,1.0,1.0,0.0,0.0,0.0,0.0,,,False,env_mean_t,True,True,True,0
A,posterior_mean_shrunk,family_horizon,A,500,,,all,,,False,exploratory,phi_k16_hgb,phi_k16,ok,-0.0004426297321915627,-0.0007934043507702881,-0.00011012352588295498,0.00017338916721791966,0.5065625,4,8000,4,-0.0018241802532639037,0.0009389207888807782,0.0004341158934177772,0.3829720196082274,0.5,-0.029952823869710047,0.0004192159018440574,-0.0013086382001638412,0.0,,,False,env_mean_t,True,True,True,0
A,posterior_mean_shrunk,family_horizon,A,500,,,all,,,False,exploratory,phi_k16_lucb,phi_k16,ok,0.0005095238387584686,0.00028323176447884183,0.0007398769550491124,0.00011563755584992077,0.495875,4,8000,4,-0.0011120084193523916,0.0021310560968693286,0.0005095238387584686,0.3910022189557705,1.0,-0.0005095238387584688,0.0005095238387584686,0.0,0.001528571516275406,,,False,env_mean_t,True,True,True,0
A,posterior_mean_shrunk,family_horizon,A,500,,,all,,,False,exploratory,phi_k16_noT1000,phi_k16,ok,-0.0009631931483745575,-0.001302532898262143,-0.0006288243672997851,0.0001720651199502999,0.51175,4,8000,4,-0.004061423332421181,0.0021350370356720658,0.0009735373001903399,0.39541913854457206,1.0,-0.12507160677248375,0.0009916398384353818,-0.0029127922877669335,2.3212842643260958e-05,,,False,env_mean_t,True,True,True,0
A,posterior_mean_shrunk,family_horizon,A,500,,,all,,,False,exploratory,phi_k16_noT200,phi_k16,ok,-0.000801011972129345,-0.001115637452858209,-0.0004902029687627876,0.0001609918249813068,0.5090625,4,8000,4,-0.0033831266584091087,0.0017811027141504184,0.0008113615874658327,0.3963104361311839,1.0,-0.08722873188821384,0.0008294738070227345,-0.002426248759031296,2.3212842643260958e-05,,,False,env_mean_t,True,True,True,0
A,posterior_mean_shrunk,family_horizon,A,500,,,all,,,False,exploratory,phi_k16_noambig,phi_k16,ok,-0.000952246017754078,-0.0012919482581082774,-0.0006179101212183015,0.00017198958708487946,0.5115000000000001,4,8000,4,-0.004015638535651733,0.002111146500143577,0.0009625904804148961,0.39546977323396565,1.0,-0.12230327064042407,0.0009806935688854595,-0.002879950895905495,2.3212842643260958e-05,,,False,env_mean_t,True,True,True,0
A,posterior_mean_shrunk,family_horizon,A,500,,,all,,,False,exploratory,phi_k16_nopolicy,phi_k16,ok,-0.0009599242433905602,-0.0012988189450652498,-0.0006255554265180764,0.00017204326357278386,0.5116875000000001,4,8000,4,-0.004047751605908578,0.0021279031191274575,0.000970268487292748,0.3954341378899369,1.0,-0.1242417145773766,0.0009883711885321526,-0.0029029855728149416,2.3212842643260958e-05,,,False,env_mean_t,True,True,True,0
A,posterior_mean_shrunk,family_horizon,A,500,,,all,,,False,exploratory,phi_k16_notrunc,phi_k16,ok,-0.0009631931483745575,-0.001302532898262143,-0.0006288243672997851,0.0001720651199502999,0.51175,4,8000,4,-0.004061423332421181,0.0021350370356720658,0.0009735373001903399,0.39541913854457206,1.0,-0.12507160677248375,0.0009916398384353818,-0.0029127922877669335,2.3212842643260958e-05,,,False,env_mean_t,True,True,True,0
A,posterior_mean_shrunk,family_horizon,A,500,,,all,,,False,exploratory,phi_k16_onpolicy_only,phi_k16,ok,0.003680883444845676,0.0030364264457602985,0.004329835638054646,0.0003241179877843597,0.4768125,4,8000,4,-0.004644146119237525,0.012005913008928878,0.002615921453336522,0.2541035303308474,0.5,-0.0007827390688420642,0.011688795532878837,0.0,0.00832360303401947,,,False,env_mean_t,True,True,True,0
A,posterior_mean_shrunk,family_horizon,A,500,,,all,,,False,exploratory,phi_k16_onpolicy_union,phi_k16,ok,5.912184715270997e-06,-0.00015141231051529758,0.00016793036018043493,8.118977314293989e-05,0.49975,4,8000,4,-2.1207632210937602e-05,3.3032001641479594e-05,8.521688765394874e-06,0.5377135040219461,1.0,-1.3141598300187461e-05,5.907722027378145e-05,-5.4762884974479674e-06,2.3212842643260958e-05,,,False,env_mean_t,True,True,True,0
A,posterior_mean_shrunk,family_horizon,A,500,,,all,,,False,exploratory,phi_k16_perstep,phi_k16,ok,-7.824974507093429e-05,-0.00030235373318419077,0.00013924381819379046,0.00011400172925371798,0.50075,4,8000,4,-0.0003320637522215052,0.00017556426207963665,7.9754372203915e-05,0.39887696272096496,1.0,-0.005873757402983575,8.238759428222106e-05,-0.00023811882734298703,3.3695921301841733e-06,,,False,env_mean_t,True,True,True,0
A,posterior_mean_shrunk,family_horizon,A,500,,,all,,,False,exploratory,phi_k16_quality,phi_k16,ok,0.00033995726704597474,0.00015309957088902599,0.0005307881076078046,9.696611284547341e-05,0.4966875,4,8000,4,-0.0007093626205828598,0.0013892771546748094,0.0003297211600669222,0.3783635278121109,0.5,-0.0003118056304131897,0.014496756287150223,0.0,0.0009966589584946633,,,False,env_mean_t,True,True,True,0
A,posterior_mean_shrunk,family_horizon,A,500,,,all,,,False,exploratory,phi_k16_tau05,phi_k16,ok,0.0,0.0,0.0,0.0,0.5,4,8000,4,0.0,0.0,0.0,1.0,1.0,0.0,0.0,0.0,0.0,,,False,env_mean_t,True,True,True,0
A,posterior_mean_shrunk,family_horizon,A,500,,,all,,,False,exploratory,phi_k16_weighted,phi_k16,ok,0.0009602225720882415,0.0006157955693652185,0.0013166158762032863,0.00017961220672946227,0.49124999999999996,4,8000,4,-0.0017721546030948347,0.0036925997472713177,0.0008585776201931838,0.34488525994596003,0.5,-0.0006803457176060349,0.010585302605111592,0.0,0.002644750356674194,,,False,env_mean_t,True,True,True,0
A,posterior_mean_shrunk,family_horizon,A,500,,,all,,,False,exploratory,phi_k4,phi_k16,ok,-0.0009631931483745575,-0.001302532898262143,-0.0006288243672997851,0.0001720651199502999,0.51175,4,8000,4,-0.004061423332421181,0.0021350370356720658,0.0009735373001903399,0.39541913854457206,1.0,-0.12507160677248375,0.0009916398384353818,-0.0029127922877669335,2.3212842643260958e-05,,,False,env_mean_t,True,True,True,0
A,posterior_mean_shrunk,family_horizon,A,500,,,all,,,False,exploratory,phi_reservoir_rule,phi_k16,ok,-0.00011369980312883864,-0.0007837875037466801,0.0005535098162681604,0.0003441743584098617,0.510875,4,8000,4,-0.00436360143290596,0.004136201826648283,0.0013354197438370458,0.9375125563665642,1.0,-0.006980666249804212,0.0026012360883778357,-0.0026319655738770965,0.0017333509381860495,,,False,env_mean_t,True,True,True,0
A,posterior_mean_shrunk,family_horizon,A,500,,,all,,,False,exploratory,phi_sf_k16,phi_k16,ok,-0.0009599242433905602,-0.0012988189450652498,-0.0006255554265180764,0.00017204326357278386,0.5116875000000001,4,8000,4,-0.004047751605908578,0.0021279031191274575,0.000970268487292748,0.3954341378899369,1.0,-0.1242417145773766,0.0009883711885321526,-0.0029029855728149416,2.3212842643260958e-05,,,False,env_mean_t,True,True,True,0
A,posterior_mean_shrunk,family_horizon,A,500,,,all,,,False,exploratory,phi_sf_k16_noT1000,phi_k16,ok,-2.317027747631073e-05,-0.0002038326103502186,0.00015916286283754728,9.349409346691056e-05,0.5005625,4,8000,4,-9.690844142319413e-05,5.056788647057266e-05,2.317027747631073e-05,0.3910022189557705,1.0,-2.317027747631073e-05,2.3170277476310724e-05,-6.951083242893218e-05,0.0,,,False,env_mean_t,True,True,True,0
A,posterior_mean_shrunk,family_horizon,A,500,,,all,,,False,exploratory,power_a0.25,phi_k16,ok,-0.0009631931483745575,-0.001302532898262143,-0.0006288243672997851,0.0001720651199502999,0.51175,4,8000,4,-0.004061423332421181,0.0021350370356720658,0.0009735373001903399,0.39541913854457206,1.0,-0.12507160677248375,0.0009916398384353818,-0.0029127922877669335,2.3212842643260958e-05,,,False,env_mean_t,True,True,True,0
A,posterior_mean_shrunk,family_horizon,A,500,,,all,,,False,exploratory,power_a0.33,phi_k16,ok,-0.0009631931483745575,-0.001302532898262143,-0.0006288243672997851,0.0001720651199502999,0.51175,4,8000,4,-0.004061423332421181,0.0021350370356720658,0.0009735373001903399,0.39541913854457206,1.0,-0.12507160677248375,0.0009916398384353818,-0.0029127922877669335,2.3212842643260958e-05,,,False,env_mean_t,True,True,True,0
A,posterior_mean_shrunk,family_horizon,A,500,,,all,,,False,exploratory,power_a0.5,phi_k16,ok,-0.0009631931483745575,-0.001302532898262143,-0.0006288243672997851,0.0001720651199502999,0.51175,4,8000,4,-0.004061423332421181,0.0021350370356720658,0.0009735373001903399,0.39541913854457206,1.0,-0.12507160677248375,0.0009916398384353818,-0.0029127922877669335,2.3212842643260958e-05,,,False,env_mean_t,True,True,True,0
A,posterior_mean_shrunk,family_horizon,A,500,,,all,,,False,exploratory,power_a0.67,phi_k16,ok,-0.0009631931483745575,-0.001302532898262143,-0.0006288243672997851,0.0001720651199502999,0.51175,4,8000,4,-0.004061423332421181,0.0021350370356720658,0.0009735373001903399,0.39541913854457206,1.0,-0.12507160677248375,0.0009916398384353818,-0.0029127922877669335,2.3212842643260958e-05,,,False,env_mean_t,True,True,True,0
A,posterior_mean_shrunk,family_horizon,A,500,,,all,,,False,exploratory,refine_after_init,phi_k16,ok,0.1150667395046912,0.11213984570931643,0.11790788129437714,0.0014668988988470692,0.2105625,4,8000,4,-0.026713870301223935,0.2568473493106064,0.044550825435930086,0.08158006451231108,0.125,0.03303487746019759,0.6700145094995786,0.05411262960731983,0.19753413736214862,,,False,env_mean_t,True,True,True,0
A,posterior_mean_shrunk,family_horizon,A,500,,,all,,,False,exploratory,rule_reservoir,phi_k16,ok,0.009704649642109871,0.008359722570935446,0.011010005990578975,0.0006772954432870441,0.4840000000000001,4,8000,4,-0.019650937993394624,0.03906023727761437,0.009224220872718703,0.3700216985170722,0.375,-0.008234745811926007,0.1101061682144464,-0.001926386296749115,0.027534255288541316,,,False,env_mean_t,True,True,True,0
A,posterior_mean_shrunk,family_horizon,A,500,,,all,,,False,exploratory,uniform,phi_k16,ok,-0.0008652573376893998,-0.0012143190168899308,-0.0005154302507662578,0.00017917071029932368,0.5115000000000001,4,8000,4,-0.003911315640368318,0.0021808009649895185,0.0009571436594614812,0.4326316632749786,1.0,-0.15953250381960357,0.0010240015843606242,-0.0027700186148285864,0.00013699339330196383,,,False,env_mean_t,True,True,True,0
A,posterior_mean_shrunk,family_horizon,A,1000,,,all,,,False,exploratory,always_search,cp0,ok,-0.03790545856859535,-0.03963402787339874,-0.036169620748842134,0.0008973863504417442,0.6464375,4,8000,4,-0.08668044403347418,0.010869526896283482,0.015326255586433421,0.0898063274588172,0.125,-0.22273493170124403,-0.006869177671799516,-0.06458927528001368,-0.015287712156772614,,,False,env_mean_t,True,True,True,0
A,posterior_mean_shrunk,family_horizon,A,1000,,,all,,,False,exploratory,fixed_K16,cp0,ok,0.041566746839322155,0.03977337451651693,0.04340843625832349,0.0009233908556632606,0.3399375,4,8000,4,-0.004743170303628884,0.0878766639822732,0.014551672738692952,0.06476295872060749,0.125,0.013224853183201771,0.19472979096791984,0.02034453858435154,0.0672530821179971,,,False,env_mean_t,True,True,True,0
A,posterior_mean_shrunk,family_horizon,A,1000,,,all,,,False,exploratory,p3_star,cp0,ok,-0.03790545856859535,-0.03963402787339874,-0.036169620748842134,0.0008973863504417442,0.6464375,4,8000,4,-0.08668044403347418,0.010869526896283482,0.015326255586433421,0.0898063274588172,0.125,-0.22273493170124403,-0.006869177671799516,-0.06458927528001368,-0.015287712156772614,,,False,env_mean_t,True,True,True,0
A,posterior_mean_shrunk,family_horizon,A,1000,,,all,,,False,exploratory,phi_k1,cp0,ok,-0.03790545856859535,-0.03963402787339874,-0.036169620748842134,0.0008973863504417442,0.6464375,4,8000,4,-0.08668044403347418,0.010869526896283482,0.015326255586433421,0.0898063274588172,0.125,-0.22273493170124403,-0.006869177671799516,-0.06458927528001368,-0.015287712156772614,,,False,env_mean_t,True,True,True,0
A,posterior_mean_shrunk,family_horizon,A,1000,,,all,,,False,exploratory,phi_k16_all71,cp0,ok,-0.03790545856859535,-0.03963402787339874,-0.036169620748842134,0.0008973863504417442,0.6464375,4,8000,4,-0.08668044403347418,0.010869526896283482,0.015326255586433421,0.0898063274588172,0.125,-0.22273493170124403,-0.006869177671799516,-0.06458927528001368,-0.015287712156772614,,,False,env_mean_t,True,True,True,0
A,posterior_mean_shrunk,family_horizon,A,1000,,,all,,,False,exploratory,phi_k16_clock,cp0,ok,-0.03790545856859535,-0.03963402787339874,-0.036169620748842134,0.0008973863504417442,0.6464375,4,8000,4,-0.08668044403347418,0.010869526896283482,0.015326255586433421,0.0898063274588172,0.125,-0.22273493170124403,-0.006869177671799516,-0.06458927528001368,-0.015287712156772614,,,False,env_mean_t,True,True,True,0
A,posterior_mean_shrunk,family_horizon,A,1000,,,all,,,False,exploratory,phi_k16_cs,cp0,ok,-0.03790545856859535,-0.03963402787339874,-0.036169620748842134,0.0008973863504417442,0.6464375,4,8000,4,-0.08668044403347418,0.010869526896283482,0.015326255586433421,0.0898063274588172,0.125,-0.22273493170124403,-0.006869177671799516,-0.06458927528001368,-0.015287712156772614,,,False,env_mean_t,True,True,True,0
A,posterior_mean_shrunk,family_horizon,A,1000,,,all,,,False,exploratory,phi_k16_famA_only,cp0,ok,-0.037904048315249385,-0.03963087119627744,-0.03616292824735865,0.0008973351146161018,0.6464375,4,8000,4,-0.08668157977431795,0.010873483143819175,0.015327055598105419,0.08982392881371486,0.125,-0.22259277890113496,-0.006864212099099664,-0.06458927528001368,-0.015284891650080682,,,False,env_mean_t,True,True,True,0
A,posterior_mean_shrunk,family_horizon,A,1000,,,all,,,False,exploratory,phi_k16_famB_only,cp0,ok,-0.03790545856859535,-0.03963402787339874,-0.036169620748842134,0.0008973863504417442,0.6464375,4,8000,4,-0.08668044403347418,0.010869526896283482,0.015326255586433421,0.0898063274588172,0.125,-0.22273493170124403,-0.006869177671799516,-0.06458927528001368,-0.015287712156772614,,,False,env_mean_t,True,True,True,0
A,posterior_mean_shrunk,family_horizon,A,1000,,,all,,,False,exploratory,phi_k16_guard,cp0,ok,-0.03790545856859535,-0.03963402787339874,-0.036169620748842134,0.0008973863504417442,0.6464375,4,8000,4,-0.08668044403347418,0.010869526896283482,0.015326255586433421,0.0898063274588172,0.125,-0.22273493170124403,-0.006869177671799516,-0.06458927528001368,-0.015287712156772614,,,False,env_mean_t,True,True,True,0
A,posterior_mean_shrunk,family_horizon,A,1000,,,all,,,False,exploratory,phi_k16_hgb,cp0,ok,-0.03790545856859535,-0.03963402787339874,-0.036169620748842134,0.0008973863504417442,0.6464375,4,8000,4,-0.08668044403347418,0.010869526896283482,0.015326255586433421,0.0898063274588172,0.125,-0.22273493170124403,-0.006869177671799516,-0.06458927528001368,-0.015287712156772614,,,False,env_mean_t,True,True,True,0
A,posterior_mean_shrunk,family_horizon,A,1000,,,all,,,False,exploratory,phi_k16_lucb,cp0,ok,-0.03790545856859535,-0.03963402787339874,-0.036169620748842134,0.0008973863504417442,0.6464375,4,8000,4,-0.08668044403347418,0.010869526896283482,0.015326255586433421,0.0898063274588172,0.125,-0.22273493170124403,-0.006869177671799516,-0.06458927528001368,-0.015287712156772614,,,False,env_mean_t,True,True,True,0
A,posterior_mean_shrunk,family_horizon,A,1000,,,all,,,False,exploratory,phi_k16_noT1000,cp0,ok,-0.03790545856859535,-0.03963402787339874,-0.036169620748842134,0.0008973863504417442,0.6464375,4,8000,4,-0.08668044403347418,0.010869526896283482,0.015326255586433421,0.0898063274588172,0.125,-0.22273493170124403,-0.006869177671799516,-0.06458927528001368,-0.015287712156772614,,,False,env_mean_t,True,True,True,0
A,posterior_mean_shrunk,family_horizon,A,1000,,,all,,,False,exploratory,phi_k16_noT200,cp0,ok,-0.03790545856859535,-0.03963402787339874,-0.036169620748842134,0.0008973863504417442,0.6464375,4,8000,4,-0.08668044403347418,0.010869526896283482,0.015326255586433421,0.0898063274588172,0.125,-0.22273493170124403,-0.006869177671799516,-0.06458927528001368,-0.015287712156772614,,,False,env_mean_t,True,True,True,0
A,posterior_mean_shrunk,family_horizon,A,1000,,,all,,,False,exploratory,phi_k16_noambig,cp0,ok,-0.03790545856859535,-0.03963402787339874,-0.036169620748842134,0.0008973863504417442,0.6464375,4,8000,4,-0.08668044403347418,0.010869526896283482,0.015326255586433421,0.0898063274588172,0.125,-0.22273493170124403,-0.006869177671799516,-0.06458927528001368,-0.015287712156772614,,,False,env_mean_t,True,True,True,0
A,posterior_mean_shrunk,family_horizon,A,1000,,,all,,,False,exploratory,phi_k16_nopolicy,cp0,ok,-0.03790545856859535,-0.03963402787339874,-0.036169620748842134,0.0008973863504417442,0.6464375,4,8000,4,-0.08668044403347418,0.010869526896283482,0.015326255586433421,0.0898063274588172,0.125,-0.22273493170124403,-0.006869177671799516,-0.06458927528001368,-0.015287712156772614,,,False,env_mean_t,True,True,True,0
A,posterior_mean_shrunk,family_horizon,A,1000,,,all,,,False,exploratory,phi_k16_notrunc,cp0,ok,-0.03790545856859535,-0.03963402787339874,-0.036169620748842134,0.0008973863504417442,0.6464375,4,8000,4,-0.08668044403347418,0.010869526896283482,0.015326255586433421,0.0898063274588172,0.125,-0.22273493170124403,-0.006869177671799516,-0.06458927528001368,-0.015287712156772614,,,False,env_mean_t,True,True,True,0
A,posterior_mean_shrunk,family_horizon,A,1000,,,all,,,False,exploratory,phi_k16_onpolicy_only,cp0,ok,-0.0065038714343681955,-0.008676928840577603,-0.004261343542020769,0.0011237391398067039,0.5094375,4,8000,4,-0.10474369607206771,0.0917359532033313,0.030869279545925176,0.8466279011284183,0.875,-0.1976013662148633,0.14246872900326782,-0.05740079269744456,0.04439304982870817,,,False,env_mean_t,True,True,True,0
A,posterior_mean_shrunk,family_horizon,A,1000,,,all,,,False,exploratory,phi_k16_onpolicy_union,cp0,ok,-0.03790545856859535,-0.03963402787339874,-0.036169620748842134,0.0008973863504417442,0.6464375,4,8000,4,-0.08668044403347418,0.010869526896283482,0.015326255586433421,0.0898063274588172,0.125,-0.22273493170124403,-0.006869177671799516,-0.06458927528001368,-0.015287712156772614,,,False,env_mean_t,True,True,True,0
A,posterior_mean_shrunk,family_horizon,A,1000,,,all,,,False,exploratory,phi_k16_perstep,cp0,ok,-0.03790545856859535,-0.03963402787339874,-0.036169620748842134,0.0008973863504417442,0.6464375,4,8000,4,-0.08668044403347418,0.010869526896283482,0.015326255586433421,0.0898063274588172,0.125,-0.22273493170124403,-0.006869177671799523,-0.06458927528001368,-0.015287712156772614,,,False,env_mean_t,True,True,True,0
A,posterior_mean_shrunk,family_horizon,A,1000,,,all,,,False,exploratory,phi_k16_quality,cp0,ok,-0.03790545856859535,-0.03963402787339874,-0.036169620748842134,0.0008973863504417442,0.6464375,4,8000,4,-0.08668044403347418,0.010869526896283482,0.015326255586433421,0.0898063274588172,0.125,-0.22273493170124403,-0.006869177671799516,-0.06458927528001368,-0.015287712156772614,,,False,env_mean_t,True,True,True,0
A,posterior_mean_shrunk,family_horizon,A,1000,,,all,,,False,exploratory,phi_k16_tau05,cp0,ok,-0.03790545856859535,-0.03963402787339874,-0.036169620748842134,0.0008973863504417442,0.6464375,4,8000,4,-0.08668044403347418,0.010869526896283482,0.015326255586433421,0.0898063274588172,0.125,-0.22273493170124403,-0.006869177671799516,-0.06458927528001368,-0.015287712156772614,,,False,env_mean_t,True,True,True,0
A,posterior_mean_shrunk,family_horizon,A,1000,,,all,,,False,exploratory,phi_k16_weighted,cp0,ok,-0.03791780414339155,-0.039643340394832194,-0.03617551303468645,0.0008973572294441202,0.6467499999999999,4,8000,4,-0.086670513546456,0.010834905259672907,0.015319255920240346,0.08965239256987208,0.125,-0.22398926119083887,-0.006912630825709899,-0.06458927528001368,-0.015312403306365012,,,False,env_mean_t,True,True,True,0
A,posterior_mean_shrunk,family_horizon,A,1000,,,all,,,False,exploratory,phi_k4,cp0,ok,-0.03790545856859535,-0.03963402787339874,-0.036169620748842134,0.0008973863504417442,0.6464375,4,8000,4,-0.08668044403347418,0.010869526896283482,0.015326255586433421,0.0898063274588172,0.125,-0.22273493170124403,-0.006869177671799516,-0.06458927528001368,-0.015287712156772614,,,False,env_mean_t,True,True,True,0
A,posterior_mean_shrunk,family_horizon,A,1000,,,all,,,False,exploratory,phi_reservoir_rule,cp0,ok,-0.03790545856859535,-0.03963402787339874,-0.036169620748842134,0.0008973863504417442,0.6464375,4,8000,4,-0.08668044403347418,0.010869526896283482,0.015326255586433421,0.0898063274588172,0.125,-0.22273493170124403,-0.006869177671799523,-0.06458927528001368,-0.015287712156772614,,,False,env_mean_t,True,True,True,0
A,posterior_mean_shrunk,family_horizon,A,1000,,,all,,,False,exploratory,phi_sf_k16,cp0,ok,-0.03790545856859535,-0.03963402787339874,-0.036169620748842134,0.0008973863504417442,0.6464375,4,8000,4,-0.08668044403347418,0.010869526896283482,0.015326255586433421,0.0898063274588172,0.125,-0.22273493170124403,-0.006869177671799516,-0.06458927528001368,-0.015287712156772614,,,False,env_mean_t,True,True,True,0
A,posterior_mean_shrunk,family_horizon,A,1000,,,all,,,False,exploratory,phi_sf_k16_noT1000,cp0,ok,-0.037886571764014665,-0.03961554978159256,-0.03613464555819519,0.0008971882956440929,0.6464375,4,8000,4,-0.08669567765706815,0.010922534129038819,0.015336977033050763,0.09004234530144176,0.125,-0.22085005418236617,-0.006802644730835434,-0.06458927528001368,-0.015249938547611235,,,False,env_mean_t,True,True,True,0
A,posterior_mean_shrunk,family_horizon,A,1000,,,all,,,False,exploratory,power_a0.25,cp0,ok,-0.03790545856859535,-0.03963402787339874,-0.036169620748842134,0.0008973863504417442,0.6464375,4,8000,4,-0.08668044403347418,0.010869526896283482,0.015326255586433421,0.0898063274588172,0.125,-0.22273493170124403,-0.006869177671799516,-0.06458927528001368,-0.015287712156772614,,,False,env_mean_t,True,True,True,0
A,posterior_mean_shrunk,family_horizon,A,1000,,,all,,,False,exploratory,power_a0.33,cp0,ok,-0.03790519208367914,-0.039633324294118207,-0.03616987704881467,0.0008973910580573151,0.6464375,4,8000,4,-0.08667940354470674,0.010869019377348473,0.015326012376092392,0.08980458745832112,0.125,-0.22272937396101578,-0.006868914306161638,-0.06458847582526506,-0.015287712156772614,,,False,env_mean_t,True,True,True,0
A,posterior_mean_shrunk,family_horizon,A,1000,,,all,,,False,exploratory,power_a0.5,cp0,ok,-0.03790545856859535,-0.03963402787339874,-0.036169620748842134,0.0008973863504417442,0.6464375,4,8000,4,-0.08668044403347418,0.010869526896283482,0.015326255586433421,0.0898063274588172,0.125,-0.22273493170124403,-0.006869177671799516,-0.06458927528001368,-0.015287712156772614,,,False,env_mean_t,True,True,True,0
A,posterior_mean_shrunk,family_horizon,A,1000,,,all,,,False,exploratory,power_a0.67,cp0,ok,-0.03792196977045387,-0.039656865957658737,-0.0361820976366289,0.0008971481725384729,0.6466249999999999,4,8000,4,-0.08658239715900211,0.010738457618094374,0.015290258725735289,0.08925896524502068,0.125,-0.2288378292115358,-0.006973452821875562,-0.06452640424109995,-0.015354246512055397,,,False,env_mean_t,True,True,True,0
A,posterior_mean_shrunk,family_horizon,A,1000,,,all,,,False,exploratory,refine_after_init,cp0,ok,0.0952038053930737,0.09281304208561778,0.0976849359460175,0.0012382070888789219,0.19618750000000001,4,8000,4,-0.0011510661953189616,0.19155867698146636,0.030276982655895224,0.0514867298952803,0.125,0.03966702950426671,0.4005681124268532,0.0525140436142683,0.1502587835062295,,,False,env_mean_t,True,True,True,0
A,posterior_mean_shrunk,family_horizon,A,1000,,,all,,,False,exploratory,rule_reservoir,cp0,ok,-0.034439329302869734,-0.036120537191163746,-0.03277431962778792,0.0008618581568828588,0.63825,4,8000,4,-0.07502166664634066,0.006143008040601201,0.012751931517616952,0.07374139609031005,0.125,-0.16270198924208895,-0.006553734453205753,-0.056257962873205544,-0.015287712156772614,,,False,env_mean_t,True,True,True,0
A,posterior_mean_shrunk,family_horizon,A,1000,,,all,,,False,exploratory,uniform,cp0,ok,-0.03794938211049884,-0.039686188829364255,-0.03621159824542701,0.000897251633177124,0.6465624999999999,4,8000,4,-0.0866493879246367,0.010750623703639009,0.015302695204403883,0.08927668511325527,0.125,-0.22516672073366695,-0.0070209915668121015,-0.06459815261699259,-0.015375559240579605,,,False,env_mean_t,True,True,True,0
A,posterior_mean_shrunk,family_horizon,A,1000,,,all,,,False,exploratory,always_search,p3_star,ok,0.0,0.0,0.0,0.0,0.5,4,8000,4,0.0,0.0,0.0,1.0,1.0,0.0,0.0,0.0,0.0,,,False,env_mean_t,True,True,True,0
A,posterior_mean_shrunk,family_horizon,A,1000,,,all,,,False,exploratory,cp0,p3_star,ok,0.03790545856859535,0.036169620748842134,0.03963402787339874,0.0008973863504417442,0.3535625,4,8000,4,-0.010869526896283482,0.08668044403347418,0.015326255586433421,0.0898063274588172,0.125,0.006869177671799516,0.22273493170124403,0.015287712156772614,0.06458927528001368,,,False,env_mean_t,True,True,True,0
A,posterior_mean_shrunk,family_horizon,A,1000,,,all,,,False,exploratory,fixed_K16,p3_star,ok,0.0794722054079175,0.07718090970302001,0.08179296903545037,0.0011573131762196308,0.23412499999999997,4,8000,4,-0.015607669197322205,0.1745520800131572,0.029876348407632772,0.07633623114798284,0.125,0.02011284171386353,0.41615066745807006,0.03563225074112415,0.1318423573980108,,,False,env_mean_t,True,True,True,0
A,posterior_mean_shrunk,family_horizon,A,1000,,,all,,,False,exploratory,phi_k1,p3_star,ok,0.0,0.0,0.0,0.0,0.5,4,8000,4,0.0,0.0,0.0,1.0,1.0,0.0,0.0,0.0,0.0,,,False,env_mean_t,True,True,True,0
A,posterior_mean_shrunk,family_horizon,A,1000,,,all,,,False,exploratory,phi_k16_all71,p3_star,ok,0.0,0.0,0.0,0.0,0.5,4,8000,4,0.0,0.0,0.0,1.0,1.0,0.0,0.0,0.0,0.0,,,False,env_mean_t,True,True,True,0
A,posterior_mean_shrunk,family_horizon,A,1000,,,all,,,False,exploratory,phi_k16_clock,p3_star,ok,0.0,0.0,0.0,0.0,0.5,4,8000,4,0.0,0.0,0.0,1.0,1.0,0.0,0.0,0.0,0.0,,,False,env_mean_t,True,True,True,0
A,posterior_mean_shrunk,family_horizon,A,1000,,,all,,,False,exploratory,phi_k16_cs,p3_star,ok,0.0,0.0,0.0,0.0,0.5,4,8000,4,0.0,0.0,0.0,1.0,1.0,0.0,0.0,0.0,0.0,,,False,env_mean_t,True,True,True,0
A,posterior_mean_shrunk,family_horizon,A,1000,,,all,,,False,exploratory,phi_k16_famA_only,p3_star,ok,1.4102533459663392e-06,-3.1766306074132436e-05,3.440488007981911e-05,1.660761285602233e-05,0.5000625,4,8000,4,-3.0778022044182233e-06,5.898308896350901e-06,1.4102533459663392e-06,0.3910022189557705,1.0,-1.4102533459663396e-06,1.4102533459663392e-06,0.0,4.230760037899018e-06,,,False,env_mean_t,True,True,True,0
A,posterior_mean_shrunk,family_horizon,A,1000,,,all,,,False,exploratory,phi_k16_famB_only,p3_star,ok,0.0,0.0,0.0,0.0,0.5,4,8000,4,0.0,0.0,0.0,1.0,1.0,0.0,0.0,0.0,0.0,,,False,env_mean_t,True,True,True,0
A,posterior_mean_shrunk,family_horizon,A,1000,,,all,,,False,exploratory,phi_k16_guard,p3_star,ok,0.0,0.0,0.0,0.0,0.5,4,8000,4,0.0,0.0,0.0,1.0,1.0,0.0,0.0,0.0,0.0,,,False,env_mean_t,True,True,True,0
A,posterior_mean_shrunk,family_horizon,A,1000,,,all,,,False,exploratory,phi_k16_hgb,p3_star,ok,0.0,0.0,0.0,0.0,0.5,4,8000,4,0.0,0.0,0.0,1.0,1.0,0.0,0.0,0.0,0.0,,,False,env_mean_t,True,True,True,0
A,posterior_mean_shrunk,family_horizon,A,1000,,,all,,,False,exploratory,phi_k16_lucb,p3_star,ok,0.0,0.0,0.0,0.0,0.5,4,8000,4,0.0,0.0,0.0,1.0,1.0,0.0,0.0,0.0,0.0,,,False,env_mean_t,True,True,True,0
A,posterior_mean_shrunk,family_horizon,A,1000,,,all,,,False,exploratory,phi_k16_noT1000,p3_star,ok,0.0,0.0,0.0,0.0,0.5,4,8000,4,0.0,0.0,0.0,1.0,1.0,0.0,0.0,0.0,0.0,,,False,env_mean_t,True,True,True,0
A,posterior_mean_shrunk,family_horizon,A,1000,,,all,,,False,exploratory,phi_k16_noT200,p3_star,ok,0.0,0.0,0.0,0.0,0.5,4,8000,4,0.0,0.0,0.0,1.0,1.0,0.0,0.0,0.0,0.0,,,False,env_mean_t,True,True,True,0
A,posterior_mean_shrunk,family_horizon,A,1000,,,all,,,False,exploratory,phi_k16_noambig,p3_star,ok,0.0,0.0,0.0,0.0,0.5,4,8000,4,0.0,0.0,0.0,1.0,1.0,0.0,0.0,0.0,0.0,,,False,env_mean_t,True,True,True,0
A,posterior_mean_shrunk,family_horizon,A,1000,,,all,,,False,exploratory,phi_k16_nopolicy,p3_star,ok,0.0,0.0,0.0,0.0,0.5,4,8000,4,0.0,0.0,0.0,1.0,1.0,0.0,0.0,0.0,0.0,,,False,env_mean_t,True,True,True,0
A,posterior_mean_shrunk,family_horizon,A,1000,,,all,,,False,exploratory,phi_k16_notrunc,p3_star,ok,0.0,0.0,0.0,0.0,0.5,4,8000,4,0.0,0.0,0.0,1.0,1.0,0.0,0.0,0.0,0.0,,,False,env_mean_t,True,True,True,0
A,posterior_mean_shrunk,family_horizon,A,1000,,,all,,,False,exploratory,phi_k16_onpolicy_only,p3_star,ok,0.03140158713422716,0.029855264167417774,0.0329712520702742,0.0007913373217904148,0.38506250000000003,4,8000,4,-0.0224297984935055,0.08523297276195982,0.016915096269922367,0.16039815046867312,0.125,-0.04547894902200477,0.9018481232715225,0.003122412282973528,0.05968076198548079,,,False,env_mean_t,True,True,True,0
A,posterior_mean_shrunk,family_horizon,A,1000,,,all,,,False,exploratory,phi_k16_onpolicy_union,p3_star,ok,0.0,0.0,0.0,0.0,0.5,4,8000,4,0.0,0.0,0.0,1.0,1.0,0.0,0.0,0.0,0.0,,,False,env_mean_t,True,True,True,0
A,posterior_mean_shrunk,family_horizon,A,1000,,,all,,,False,exploratory,phi_k16_perstep,p3_star,ok,0.0,0.0,0.0,0.0,0.5,4,8000,4,0.0,0.0,0.0,1.0,1.0,0.0,0.0,0.0,0.0,,,False,env_mean_t,True,True,True,0
A,posterior_mean_shrunk,family_horizon,A,1000,,,all,,,False,exploratory,phi_k16_quality,p3_star,ok,0.0,0.0,0.0,0.0,0.5,4,8000,4,0.0,0.0,0.0,1.0,1.0,0.0,0.0,0.0,0.0,,,False,env_mean_t,True,True,True,0
A,posterior_mean_shrunk,family_horizon,A,1000,,,all,,,False,exploratory,phi_k16_tau05,p3_star,ok,0.0,0.0,0.0,0.0,0.5,4,8000,4,0.0,0.0,0.0,1.0,1.0,0.0,0.0,0.0,0.0,,,False,env_mean_t,True,True,True,0
A,posterior_mean_shrunk,family_horizon,A,1000,,,all,,,False,exploratory,phi_k16_weighted,p3_star,ok,-1.2345574796199798e-05,-4.007379566246527e-05,1.5811289358680346e-05,1.4155851824392218e-05,0.5005,4,8000,4,-5.163470369296951e-05,2.6943554100569914e-05,1.2345574796199798e-05,0.3910022189557705,1.0,-1.2345574796199798e-05,1.2345574796199798e-05,-3.703672438859939e-05,0.0,,,False,env_mean_t,True,True,True,0
A,posterior_mean_shrunk,family_horizon,A,1000,,,all,,,False,exploratory,phi_k4,p3_star,ok,0.0,0.0,0.0,0.0,0.5,4,8000,4,0.0,0.0,0.0,1.0,1.0,0.0,0.0,0.0,0.0,,,False,env_mean_t,True,True,True,0
A,posterior_mean_shrunk,family_horizon,A,1000,,,all,,,False,exploratory,phi_reservoir_rule,p3_star,ok,0.0,0.0,0.0,0.0,0.5,4,8000,4,0.0,0.0,0.0,1.0,1.0,0.0,0.0,0.0,0.0,,,False,env_mean_t,True,True,True,0
A,posterior_mean_shrunk,family_horizon,A,1000,,,all,,,False,exploratory,phi_sf_k16,p3_star,ok,0.0,0.0,0.0,0.0,0.5,4,8000,4,0.0,0.0,0.0,1.0,1.0,0.0,0.0,0.0,0.0,,,False,env_mean_t,True,True,True,0
A,posterior_mean_shrunk,family_horizon,A,1000,,,all,,,False,exploratory,phi_sf_k16_noT1000,p3_star,ok,1.8886804580688476e-05,-3.292818419140528e-05,7.174986603786235e-05,2.6654526480223735e-05,0.5004375,4,8000,4,-4.121943687573897e-05,7.899304603711593e-05,1.8886804580688476e-05,0.3910022189557705,1.0,-1.8886804580688483e-05,1.8886804580688476e-05,0.0,5.666041374206543e-05,,,False,env_mean_t,True,True,True,0
A,posterior_mean_shrunk,family_horizon,A,1000,,,all,,,False,exploratory,power_a0.25,p3_star,ok,0.0,0.0,0.0,0.0,0.5,4,8000,4,0.0,0.0,0.0,1.0,1.0,0.0,0.0,0.0,0.0,,,False,env_mean_t,True,True,True,0
A,posterior_mean_shrunk,family_horizon,A,1000,,,all,,,False,exploratory,power_a0.33,p3_star,ok,2.664849162101746e-07,-3.8530379242729396e-06,4.880376309301937e-06,2.1062235911569116e-06,0.5000625,4,8000,4,-5.815890207967341e-07,1.1145588532170833e-06,2.6648491621017464e-07,0.3910022189557706,1.0,-2.664849162101748e-07,2.664849162101746e-07,0.0,7.994547486305238e-07,,,False,env_mean_t,True,True,True,0
A,posterior_mean_shrunk,family_horizon,A,1000,,,all,,,False,exploratory,power_a0.5,p3_star,ok,0.0,0.0,0.0,0.0,0.5,4,8000,4,0.0,0.0,0.0,1.0,1.0,0.0,0.0,0.0,0.0,,,False,env_mean_t,True,True,True,0
A,posterior_mean_shrunk,family_horizon,A,1000,,,all,,,False,exploratory,power_a0.67,p3_star,ok,-1.6511201858520508e-05,-8.14516785794694e-05,4.906217588995787e-05,3.2961337619055175e-05,0.499875,4,8000,4,-0.000199348383285971,0.00016632597956892998,5.74517725951549e-05,0.7925203371475797,1.0,-0.000999801627335265,9.008973594849016e-05,-0.00012500775605440138,5.871817469596863e-05,,,False,env_mean_t,True,True,True,0
A,posterior_mean_shrunk,family_horizon,A,1000,,,all,,,False,exploratory,refine_after_init,p3_star,ok,0.13310926396166906,0.13041631528176367,0.13582200736273078,0.0013594422636728975,0.1358125,4,8000,4,-0.011944034078182147,0.27816256200152023,0.04557918158714072,0.06147640629103617,0.125,0.04958165792577224,0.6207178175572763,0.06780175577104092,0.2148480587862432,,,False,env_mean_t,True,True,True,0
A,posterior_mean_shrunk,family_horizon,A,1000,,,all,,,False,exploratory,rule_reservoir,p3_star,ok,0.0034661292657256126,0.0029061710192763717,0.004047117650043219,0.0002900646810932419,0.4863125,4,8000,4,-0.004900376192939091,0.011832634724390317,0.002628954161700726,0.2789763192703993,0.5,-0.0011395113014435552,0.014062084559064197,0.0,0.008331312406808138,,,False,env_mean_t,True,True,True,0
A,posterior_mean_shrunk,family_horizon,A,1000,,,all,,,False,exploratory,uniform,p3_star,ok,-4.392354190349579e-05,-9.104961372941033e-05,-4.904813840767026e-06,2.1979948632322778e-05,0.50025,4,8000,4,-0.0001494557012392802,6.160861743228862e-05,3.316070381472672e-05,0.2771784725487607,0.5,-0.00017483631722057237,1.3998133348237668e-05,-0.00010513861477375031,0.0,,,False,env_mean_t,True,True,True,0
A,posterior_mean_shrunk,family_horizon,A,1000,,,all,,,False,exploratory,always_search,phi_k16,ok,0.0,0.0,0.0,0.0,0.5,4,8000,4,0.0,0.0,0.0,1.0,1.0,0.0,0.0,0.0,0.0,,,False,env_mean_t,True,True,True,0
A,posterior_mean_shrunk,family_horizon,A,1000,,,all,,,False,exploratory,cp0,phi_k16,ok,0.03790545856859535,0.036169620748842134,0.03963402787339874,0.0008973863504417442,0.3535625,4,8000,4,-0.010869526896283482,0.08668044403347418,0.015326255586433421,0.0898063274588172,0.125,0.006869177671799523,0.22273493170124403,0.015287712156772614,0.06458927528001368,,,False,env_mean_t,True,True,True,0
A,posterior_mean_shrunk,family_horizon,A,1000,,,all,,,False,exploratory,fixed_K16,phi_k16,ok,0.0794722054079175,0.07718090970302001,0.08179296903545037,0.0011573131762196308,0.23412499999999997,4,8000,4,-0.015607669197322205,0.1745520800131572,0.029876348407632772,0.07633623114798284,0.125,0.02011284171386353,0.41615066745807006,0.03563225074112415,0.1318423573980108,,,False,env_mean_t,True,True,True,0
A,posterior_mean_shrunk,family_horizon,A,1000,,,all,,,False,exploratory,p3_star,phi_k16,ok,0.0,0.0,0.0,0.0,0.5,4,8000,4,0.0,0.0,0.0,1.0,1.0,0.0,0.0,0.0,0.0,,,False,env_mean_t,True,True,True,0
A,posterior_mean_shrunk,family_horizon,A,1000,,,all,,,False,exploratory,phi_k1,phi_k16,ok,0.0,0.0,0.0,0.0,0.5,4,8000,4,0.0,0.0,0.0,1.0,1.0,0.0,0.0,0.0,0.0,,,False,env_mean_t,True,True,True,0
A,posterior_mean_shrunk,family_horizon,A,1000,,,all,,,False,exploratory,phi_k16_all71,phi_k16,ok,0.0,0.0,0.0,0.0,0.5,4,8000,4,0.0,0.0,0.0,1.0,1.0,0.0,0.0,0.0,0.0,,,False,env_mean_t,True,True,True,0
A,posterior_mean_shrunk,family_horizon,A,1000,,,all,,,False,exploratory,phi_k16_clock,phi_k16,ok,0.0,0.0,0.0,0.0,0.5,4,8000,4,0.0,0.0,0.0,1.0,1.0,0.0,0.0,0.0,0.0,,,False,env_mean_t,True,True,True,0
A,posterior_mean_shrunk,family_horizon,A,1000,,,all,,,False,exploratory,phi_k16_cs,phi_k16,ok,0.0,0.0,0.0,0.0,0.5,4,8000,4,0.0,0.0,0.0,1.0,1.0,0.0,0.0,0.0,0.0,,,False,env_mean_t,True,True,True,0
A,posterior_mean_shrunk,family_horizon,A,1000,,,all,,,False,exploratory,phi_k16_famA_only,phi_k16,ok,1.4102533459663392e-06,-3.1766306074132436e-05,3.440488007981911e-05,1.660761285602233e-05,0.5000625,4,8000,4,-3.0778022044182233e-06,5.898308896350901e-06,1.4102533459663392e-06,0.3910022189557705,1.0,-1.4102533459663396e-06,1.4102533459663392e-06,0.0,4.230760037899018e-06,,,False,env_mean_t,True,True,True,0
A,posterior_mean_shrunk,family_horizon,A,1000,,,all,,,False,exploratory,phi_k16_famB_only,phi_k16,ok,0.0,0.0,0.0,0.0,0.5,4,8000,4,0.0,0.0,0.0,1.0,1.0,0.0,0.0,0.0,0.0,,,False,env_mean_t,True,True,True,0
A,posterior_mean_shrunk,family_horizon,A,1000,,,all,,,False,exploratory,phi_k16_guard,phi_k16,ok,0.0,0.0,0.0,0.0,0.5,4,8000,4,0.0,0.0,0.0,1.0,1.0,0.0,0.0,0.0,0.0,,,False,env_mean_t,True,True,True,0
A,posterior_mean_shrunk,family_horizon,A,1000,,,all,,,False,exploratory,phi_k16_hgb,phi_k16,ok,0.0,0.0,0.0,0.0,0.5,4,8000,4,0.0,0.0,0.0,1.0,1.0,0.0,0.0,0.0,0.0,,,False,env_mean_t,True,True,True,0
A,posterior_mean_shrunk,family_horizon,A,1000,,,all,,,False,exploratory,phi_k16_lucb,phi_k16,ok,0.0,0.0,0.0,0.0,0.5,4,8000,4,0.0,0.0,0.0,1.0,1.0,0.0,0.0,0.0,0.0,,,False,env_mean_t,True,True,True,0
A,posterior_mean_shrunk,family_horizon,A,1000,,,all,,,False,exploratory,phi_k16_noT1000,phi_k16,ok,0.0,0.0,0.0,0.0,0.5,4,8000,4,0.0,0.0,0.0,1.0,1.0,0.0,0.0,0.0,0.0,,,False,env_mean_t,True,True,True,0
A,posterior_mean_shrunk,family_horizon,A,1000,,,all,,,False,exploratory,phi_k16_noT200,phi_k16,ok,0.0,0.0,0.0,0.0,0.5,4,8000,4,0.0,0.0,0.0,1.0,1.0,0.0,0.0,0.0,0.0,,,False,env_mean_t,True,True,True,0
A,posterior_mean_shrunk,family_horizon,A,1000,,,all,,,False,exploratory,phi_k16_noambig,phi_k16,ok,0.0,0.0,0.0,0.0,0.5,4,8000,4,0.0,0.0,0.0,1.0,1.0,0.0,0.0,0.0,0.0,,,False,env_mean_t,True,True,True,0
A,posterior_mean_shrunk,family_horizon,A,1000,,,all,,,False,exploratory,phi_k16_nopolicy,phi_k16,ok,0.0,0.0,0.0,0.0,0.5,4,8000,4,0.0,0.0,0.0,1.0,1.0,0.0,0.0,0.0,0.0,,,False,env_mean_t,True,True,True,0
A,posterior_mean_shrunk,family_horizon,A,1000,,,all,,,False,exploratory,phi_k16_notrunc,phi_k16,ok,0.0,0.0,0.0,0.0,0.5,4,8000,4,0.0,0.0,0.0,1.0,1.0,0.0,0.0,0.0,0.0,,,False,env_mean_t,True,True,True,0
A,posterior_mean_shrunk,family_horizon,A,1000,,,all,,,False,exploratory,phi_k16_onpolicy_only,phi_k16,ok,0.03140158713422716,0.029855264167417774,0.0329712520702742,0.0007913373217904148,0.38506250000000003,4,8000,4,-0.0224297984935055,0.08523297276195982,0.016915096269922367,0.16039815046867312,0.125,-0.04547894902200477,0.9018481232715225,0.003122412282973528,0.05968076198548079,,,False,env_mean_t,True,True,True,0
A,posterior_mean_shrunk,family_horizon,A,1000,,,all,,,False,exploratory,phi_k16_onpolicy_union,phi_k16,ok,0.0,0.0,0.0,0.0,0.5,4,8000,4,0.0,0.0,0.0,1.0,1.0,0.0,0.0,0.0,0.0,,,False,env_mean_t,True,True,True,0
A,posterior_mean_shrunk,family_horizon,A,1000,,,all,,,False,exploratory,phi_k16_perstep,phi_k16,ok,0.0,0.0,0.0,0.0,0.5,4,8000,4,0.0,0.0,0.0,1.0,1.0,0.0,0.0,0.0,0.0,,,False,env_mean_t,True,True,True,0
A,posterior_mean_shrunk,family_horizon,A,1000,,,all,,,False,exploratory,phi_k16_quality,phi_k16,ok,0.0,0.0,0.0,0.0,0.5,4,8000,4,0.0,0.0,0.0,1.0,1.0,0.0,0.0,0.0,0.0,,,False,env_mean_t,True,True,True,0
A,posterior_mean_shrunk,family_horizon,A,1000,,,all,,,False,exploratory,phi_k16_tau05,phi_k16,ok,0.0,0.0,0.0,0.0,0.5,4,8000,4,0.0,0.0,0.0,1.0,1.0,0.0,0.0,0.0,0.0,,,False,env_mean_t,True,True,True,0
A,posterior_mean_shrunk,family_horizon,A,1000,,,all,,,False,exploratory,phi_k16_weighted,phi_k16,ok,-1.2345574796199798e-05,-4.007379566246527e-05,1.5811289358680346e-05,1.4155851824392218e-05,0.5005,4,8000,4,-5.163470369296951e-05,2.6943554100569914e-05,1.2345574796199798e-05,0.3910022189557705,1.0,-1.2345574796199798e-05,1.2345574796199798e-05,-3.703672438859939e-05,0.0,,,False,env_mean_t,True,True,True,0
A,posterior_mean_shrunk,family_horizon,A,1000,,,all,,,False,exploratory,phi_k4,phi_k16,ok,0.0,0.0,0.0,0.0,0.5,4,8000,4,0.0,0.0,0.0,1.0,1.0,0.0,0.0,0.0,0.0,,,False,env_mean_t,True,True,True,0
A,posterior_mean_shrunk,family_horizon,A,1000,,,all,,,False,exploratory,phi_reservoir_rule,phi_k16,ok,0.0,0.0,0.0,0.0,0.5,4,8000,4,0.0,0.0,0.0,1.0,1.0,0.0,0.0,0.0,0.0,,,False,env_mean_t,True,True,True,0
A,posterior_mean_shrunk,family_horizon,A,1000,,,all,,,False,exploratory,phi_sf_k16,phi_k16,ok,0.0,0.0,0.0,0.0,0.5,4,8000,4,0.0,0.0,0.0,1.0,1.0,0.0,0.0,0.0,0.0,,,False,env_mean_t,True,True,True,0
A,posterior_mean_shrunk,family_horizon,A,1000,,,all,,,False,exploratory,phi_sf_k16_noT1000,phi_k16,ok,1.8886804580688476e-05,-3.292818419140528e-05,7.174986603786235e-05,2.6654526480223735e-05,0.5004375,4,8000,4,-4.121943687573897e-05,7.899304603711593e-05,1.8886804580688476e-05,0.3910022189557705,1.0,-1.8886804580688483e-05,1.8886804580688476e-05,0.0,5.666041374206543e-05,,,False,env_mean_t,True,True,True,0
A,posterior_mean_shrunk,family_horizon,A,1000,,,all,,,False,exploratory,power_a0.25,phi_k16,ok,0.0,0.0,0.0,0.0,0.5,4,8000,4,0.0,0.0,0.0,1.0,1.0,0.0,0.0,0.0,0.0,,,False,env_mean_t,True,True,True,0
A,posterior_mean_shrunk,family_horizon,A,1000,,,all,,,False,exploratory,power_a0.33,phi_k16,ok,2.664849162101746e-07,-3.8530379242729396e-06,4.880376309301937e-06,2.1062235911569116e-06,0.5000625,4,8000,4,-5.815890207967341e-07,1.1145588532170833e-06,2.6648491621017464e-07,0.3910022189557706,1.0,-2.664849162101748e-07,2.664849162101746e-07,0.0,7.994547486305238e-07,,,False,env_mean_t,True,True,True,0
A,posterior_mean_shrunk,family_horizon,A,1000,,,all,,,False,exploratory,power_a0.5,phi_k16,ok,0.0,0.0,0.0,0.0,0.5,4,8000,4,0.0,0.0,0.0,1.0,1.0,0.0,0.0,0.0,0.0,,,False,env_mean_t,True,True,True,0
A,posterior_mean_shrunk,family_horizon,A,1000,,,all,,,False,exploratory,power_a0.67,phi_k16,ok,-1.6511201858520508e-05,-8.14516785794694e-05,4.906217588995787e-05,3.2961337619055175e-05,0.499875,4,8000,4,-0.000199348383285971,0.00016632597956892998,5.74517725951549e-05,0.7925203371475797,1.0,-0.000999801627335265,9.008973594849016e-05,-0.00012500775605440138,5.871817469596863e-05,,,False,env_mean_t,True,True,True,0
A,posterior_mean_shrunk,family_horizon,A,1000,,,all,,,False,exploratory,refine_after_init,phi_k16,ok,0.13310926396166906,0.13041631528176367,0.13582200736273078,0.0013594422636728975,0.1358125,4,8000,4,-0.011944034078182147,0.27816256200152023,0.04557918158714072,0.06147640629103617,0.125,0.04958165792577224,0.6207178175572763,0.06780175577104092,0.21484805878624325,,,False,env_mean_t,True,True,True,0
A,posterior_mean_shrunk,family_horizon,A,1000,,,all,,,False,exploratory,rule_reservoir,phi_k16,ok,0.0034661292657256126,0.0029061710192763717,0.004047117650043219,0.0002900646810932419,0.4863125,4,8000,4,-0.004900376192939091,0.011832634724390317,0.002628954161700726,0.2789763192703993,0.5,-0.0011395113014435552,0.014062084559064197,0.0,0.008331312406808138,,,False,env_mean_t,True,True,True,0
A,posterior_mean_shrunk,family_horizon,A,1000,,,all,,,False,exploratory,uniform,phi_k16,ok,-4.392354190349579e-05,-9.104961372941033e-05,-4.904813840767026e-06,2.1979948632322778e-05,0.50025,4,8000,4,-0.0001494557012392802,6.160861743228862e-05,3.316070381472672e-05,0.2771784725487607,0.5,-0.00017483631722057237,1.3998133348237668e-05,-0.00010513861477375031,0.0,,,False,env_mean_t,True,True,True,0
A,posterior_mean_shrunk,family_horizon,B,50,,,all,,,False,exploratory,always_search,cp0,ok,0.09888037627495941,0.09419382571359165,0.10363830354181118,0.0024016306105318257,0.32537499999999997,4,8000,4,0.006482786624774792,0.191277965925144,0.029033510949353657,0.042282895482767674,0.125,-0.055004563195628214,0.162251239047926,0.04249742767596035,0.1408525986908935,,,False,env_mean_t,True,True,True,0
A,posterior_mean_shrunk,family_horizon,B,50,,,all,,,False,exploratory,fixed_K16,cp0,ok,-0.036063209248066413,-0.03914289824897423,-0.033005499653518205,0.0015680834343674243,0.5708125,4,8000,4,-0.09234764746840822,0.020221228972275393,0.01768590349093861,0.13416367116713887,0.125,-0.5671888531882517,-0.0025201367611951894,-0.07036789244739339,-0.014730558075010777,,,False,env_mean_t,True,True,True,0
A,posterior_mean_shrunk,family_horizon,B,50,,,all,,,False,exploratory,p3_star,cp0,ok,-0.035937060522788666,-0.03922840321320109,-0.032741613145117296,0.0016534259227008134,0.56775,4,8000,4,-0.10540203501354026,0.033527913967962925,0.021827540145900104,0.1982333693953946,0.125,-0.7517646667048501,0.004522795971015937,-0.07763761579664424,-0.008524686820805073,,,False,env_mean_t,True,True,True,0
A,posterior_mean_shrunk,family_horizon,B,50,,,all,,,False,exploratory,phi_k1,cp0,ok,-0.04496102808439173,-0.04827606357866898,-0.04162626219913364,0.0016757453619192272,0.5883125,4,8000,4,-0.11859889015355558,0.028676833984772124,0.023138760250850238,0.1472635647422039,0.125,-0.9106566779932076,-0.002560281913016875,-0.08884741591149942,-0.01546309892833233,,,False,env_mean_t,True,True,True,0
A,posterior_mean_shrunk,family_horizon,B,50,,,all,,,False,exploratory,phi_k16_all71,cp0,ok,-0.03716736212768592,-0.04047794897342101,-0.03387142277206294,0.0016686253741051626,0.573375,4,8000,4,-0.09350490432025767,0.019170180064885828,0.017702590016691385,0.12662019159667873,0.125,-1.3324598590652235,-0.006126448399913966,-0.06973260799562558,-0.01337530681490898,,,False,env_mean_t,True,True,True,0
A,posterior_mean_shrunk,family_horizon,B,50,,,all,,,False,exploratory,phi_k16_clock,cp0,ok,-0.02573798830900341,-0.02928673665737733,-0.02217638593283482,0.001842036634064869,0.5411874999999999,4,8000,4,-0.10163359128047537,0.050157614662468555,0.023848195913145517,0.35951582971569607,0.5,-0.7831137576951702,0.03159466451159961,-0.06456149079324677,0.011040148198604584,,,False,env_mean_t,True,True,True,0
A,posterior_mean_shrunk,family_horizon,B,50,,,all,,,False,exploratory,phi_k16_cs,cp0,ok,-0.03728889966593124,-0.04061152784270235,-0.03398284844006412,0.0016684981431488337,0.5735625,4,8000,4,-0.09402575760721907,0.019447958275356586,0.01782806448205883,0.12758407519992596,0.125,-1.3485170656326415,-0.00598972048960536,-0.07012167550576852,-0.01337530681490898,,,False,env_mean_t,True,True,True,0
A,posterior_mean_shrunk,family_horizon,B,50,,,all,,,False,exploratory,phi_k16_famA_only,cp0,ok,-0.039325420360837596,-0.04254421131918207,-0.03616407569497824,0.0016192231445544794,0.5774374999999999,4,8000,4,-0.10020123060599945,0.021550389884324263,0.01912862132004924,0.13202147474274928,0.125,-1.735154415002758,-0.006014962851441402,-0.07434204940730706,-0.013439399562776089,,,False,env_mean_t,True,True,True,0
A,posterior_mean_shrunk,family_horizon,B,50,,,all,,,False,exploratory,phi_k16_famB_only,cp0,ok,-0.03719234884926118,-0.04051299364073202,-0.03388390627806075,0.0016667331178560289,0.57325,4,8000,4,-0.09364049974197963,0.01925580204345726,0.017737345889858216,0.12694682533285573,0.125,-1.330002323765323,-0.006073017637114993,-0.06983685878803952,-0.013372082993388176,,,False,env_mean_t,True,True,True,0
A,posterior_mean_shrunk,family_horizon,B,50,,,all,,,False,exploratory,phi_k16_guard,cp0,ok,-0.03726015568402363,-0.04044432627269998,-0.034146857069572434,0.0015910584303024948,0.573125,4,8000,4,-0.09496854881402887,0.020448237445981607,0.01813334384752822,0.13215521791343152,0.125,-1.5109506279122695,-0.004227867494759244,-0.07169008058262989,-0.014433391310274601,,,False,env_mean_t,True,True,True,0
A,posterior_mean_shrunk,family_horizon,B,50,,,all,,,False,exploratory,phi_k16_hgb,cp0,ok,-0.03447771049215226,-0.03777948542847298,-0.031178485052078035,0.0016637674602676398,0.5633125000000001,4,8000,4,-0.10056530299825654,0.031609882013952026,0.020766286738720868,0.19544310735625176,0.125,-1.5465206803396765,0.0030982726426219756,-0.07368668384710328,-0.007961954414844513,,,False,env_mean_t,True,True,True,0
A,posterior_mean_shrunk,family_horizon,B,50,,,all,,,False,exploratory,phi_k16_lucb,cp0,ok,-0.03719090072461404,-0.040495514712529254,-0.03389222042169422,0.0016658915457295133,0.573625,4,8000,4,-0.0935286655456573,0.01914686409642921,0.017702659971829713,0.12646101519904776,0.125,-1.3273932291539028,-0.006171153166367658,-0.06973550384258852,-0.013372082993388176,,,False,env_mean_t,True,True,True,0
A,posterior_mean_shrunk,family_horizon,B,50,,,all,,,False,exploratory,phi_k16_noT1000,cp0,ok,-0.02997610977545264,-0.033357789553701875,-0.026576678462879498,0.001718677355614248,0.557125,4,8000,4,-0.0909485034501709,0.03099628389926562,0.019158970121031692,0.2156374105923717,0.125,-0.7513946095831614,0.008038497834989194,-0.06812612417386844,-0.009378763387387152,,,False,env_mean_t,True,True,True,0
A,posterior_mean_shrunk,family_horizon,B,50,,,all,,,False,exploratory,phi_k16_noT200,cp0,ok,-0.03703912919410505,-0.04036681495490484,-0.03372764638043009,0.0016702840203260902,0.5731249999999999,4,8000,4,-0.0929911291628642,0.018912870774654096,0.017581443519051346,0.12575891348774065,0.125,-1.3101301830729573,-0.006238859739129705,-0.06935274492716417,-0.013372082993388176,,,False,env_mean_t,True,True,True,0
A,posterior_mean_shrunk,family_horizon,B,50,,,all,,,False,exploratory,phi_k16_noambig,cp0,ok,-0.033920536434801765,-0.03731153426342644,-0.030561247398145495,0.0017121524840086996,0.5660624999999999,4,8000,4,-0.09177303812611778,0.023931965256514247,0.018178626170460586,0.15888865818142528,0.125,-0.5878370508063968,0.0010619938655425099,-0.06950939865084366,-0.012678315743803978,,,False,env_mean_t,True,True,True,0
A,posterior_mean_shrunk,family_horizon,B,50,,,all,,,False,exploratory,phi_k16_nopolicy,cp0,ok,-0.038733577959530516,-0.041930723399855194,-0.03558924112003297,0.0016095157566576737,0.576125,4,8000,4,-0.09969626535843909,0.022229109439378066,0.0191559201792955,0.1363904428540992,0.125,-1.6977170100111425,-0.004829938028408358,-0.07429554819548502,-0.013439399562776089,,,False,env_mean_t,True,True,True,0
A,posterior_mean_shrunk,family_horizon,B,50,,,all,,,False,exploratory,phi_k16_notrunc,cp0,ok,-0.03835049370746128,-0.04163484642049298,-0.03508915843558498,0.0016524054474680383,0.5748125,4,8000,4,-0.09836185674666825,0.021660869331745686,0.018856991534962314,0.13485515963850925,0.125,-1.6464263769332586,-0.004979977416900358,-0.07335091314231976,-0.013439399562776089,,,False,env_mean_t,True,True,True,0
A,posterior_mean_shrunk,family_horizon,B,50,,,all,,,False,exploratory,phi_k16_onpolicy_only,cp0,ok,-0.03917273293714971,-0.042557332752039656,-0.03581797765218653,0.0017134109547991844,0.5782499999999999,4,8000,4,-0.10028681938305918,0.021941353508759767,0.019203493345494572,0.13406274416231584,0.125,-1.1846566286923785,-0.005575364850203532,-0.07436896137380972,-0.0131590308919549,,,False,env_mean_t,True,True,True,0
A,posterior_mean_shrunk,family_horizon,B,50,,,all,,,False,exploratory,phi_k16_onpolicy_union,cp0,ok,-0.037460798689338846,-0.04079943775432184,-0.03420162561233155,0.0016685962700897661,0.572875,4,8000,4,-0.09760798049404565,0.022686383115367956,0.018899669007721033,0.1417694306930143,0.125,-1.4307257016768378,-0.003232390068500249,-0.0731718441634439,-0.013372082993388176,,,False,env_mean_t,True,True,True,0
A,posterior_mean_shrunk,family_horizon,B,50,,,all,,,False,exploratory,phi_k16_perstep,cp0,ok,-0.04595698211569107,-0.049142299982486294,-0.04274667826248333,0.0016234161728526893,0.5923750000000001,4,8000,4,-0.11555753775589667,0.023643573524514537,0.021870142954069693,0.12640179887804945,0.125,-1.3263235521173058,-0.007615098985380354,-0.08610864331061022,-0.0164088519141078,,,False,env_mean_t,True,True,True,0
A,posterior_mean_shrunk,family_horizon,B,50,,,all,,,False,exploratory,phi_k16_quality,cp0,ok,-0.03743682193465065,-0.040752681397134435,-0.03415512938518077,0.0016647674752730244,0.574125,4,8000,4,-0.09478662097918811,0.019912977109886806,0.018020665093177388,0.12931876241543214,0.125,-1.5171679104084772,-0.005694057975659209,-0.07074505608482286,-0.013439399562776089,,,False,env_mean_t,True,True,True,0
A,posterior_mean_shrunk,family_horizon,B,50,,,all,,,False,exploratory,phi_k16_tau05,cp0,ok,-0.03725913013354876,-0.04057505467208102,-0.033948194119147956,0.001668726321283886,0.5734374999999999,4,8000,4,-0.09400263357179367,0.019484373304696163,0.01783015265459015,0.12781722977809454,0.125,-1.3469861700084633,-0.005927902592954976,-0.07012167550576852,-0.01337530681490898,,,False,env_mean_t,True,True,True,0
A,posterior_mean_shrunk,family_horizon,B,50,,,all,,,False,exploratory,phi_k16_weighted,cp0,ok,-0.03306207402719883,-0.036433267855318266,-0.029772449599113317,0.0016924675560142568,0.5641875,4,8000,4,-0.08173279042066293,0.015608642366265274,0.015293491774757601,0.11936878111894637,0.125,-0.6938945785397574,-0.005493288978240099,-0.061735193853732204,-0.013114462718367576,,,False,env_mean_t,True,True,True,0
A,posterior_mean_shrunk,family_horizon,B,50,,,all,,,False,exploratory,phi_k4,cp0,ok,-0.04509693634259747,-0.04840229700203054,-0.0417978013807442,0.00166607699498299,0.5895,4,8000,4,-0.1167986007776403,0.026604728092445365,0.022530361098630002,0.13910914463877555,0.125,-1.262763745697333,-0.004318932139582524,-0.08756197434896604,-0.01612180022150278,,,False,env_mean_t,True,True,True,0
A,posterior_mean_shrunk,family_horizon,B,50,,,all,,,False,exploratory,phi_reservoir_rule,cp0,ok,-0.02425207828811836,-0.027790647880465258,-0.02080812199856155,0.0017691181194536489,0.5350625,4,8000,4,-0.09423984521010911,0.045735688633872396,0.021991813909253533,0.3506479178433918,0.5,-0.7756411189911868,0.03408783985060918,-0.05894711608486251,0.010308059558272362,,,False,env_mean_t,True,True,True,0
A,posterior_mean_shrunk,family_horizon,B,50,,,all,,,False,exploratory,phi_sf_k16,cp0,ok,-0.03533350820862688,-0.03864838959998451,-0.03204062388394959,0.0016811698441039275,0.56975,4,8000,4,-0.08606907395113408,0.015402057533880326,0.015942316342705504,0.11342975637761558,0.125,-1.0754268870814965,-0.007818357977827668,-0.064209860408213,-0.013353218823671341,,,False,env_mean_t,True,True,True,0
A,posterior_mean_shrunk,family_horizon,B,50,,,all,,,False,exploratory,phi_sf_k16_noT1000,cp0,ok,-0.03549194643122609,-0.038750595250166955,-0.03221779243904166,0.0016500865797556923,0.5696249999999999,4,8000,4,-0.09267832404201332,0.021694431179561123,0.01796931420833169,0.14273044277249505,0.125,-1.2564475073809234,-0.0022880043668449326,-0.06993250666884705,-0.01337530681490898,,,False,env_mean_t,True,True,True,0
A,posterior_mean_shrunk,family_horizon,B,50,,,all,,,False,exploratory,power_a0.25,cp0,ok,-0.035937060522788666,-0.03922840321320109,-0.032741613145117296,0.0016534259227008134,0.56775,4,8000,4,-0.10540203501354026,0.033527913967962925,0.021827540145900104,0.1982333693953946,0.125,-0.7517646667048501,0.004522795971015944,-0.07763761579664424,-0.008524686820805073,,,False,env_mean_t,True,True,True,0
A,posterior_mean_shrunk,family_horizon,B,50,,,all,,,False,exploratory,power_a0.33,cp0,ok,-0.0360924717343587,-0.03937104508513585,-0.03289534757786896,0.0016624567268554169,0.561,4,8000,4,-0.1092355573573297,0.037050613888612305,0.022983289773509774,0.21435336709805242,0.125,-1.3480124480030398,0.005383964405681015,-0.07932900661462917,-0.006431826613843441,,,False,env_mean_t,True,True,True,0
A,posterior_mean_shrunk,family_horizon,B,50,,,all,,,False,exploratory,power_a0.5,cp0,ok,-0.03439899559266632,-0.03769939489429817,-0.03119843776094058,0.0016563478548991424,0.5620624999999999,4,8000,4,-0.10400958712466023,0.035211595939327586,0.021873296468952766,0.21385156087642268,0.125,-0.9457979296529107,0.005276389389946554,-0.0756002230946906,-0.006131700091063976,,,False,env_mean_t,True,True,True,0
A,posterior_mean_shrunk,family_horizon,B,50,,,all,,,False,exploratory,power_a0.67,cp0,ok,-0.0319948920320021,-0.035426969662466945,-0.028604080208742746,0.001713149752976162,0.55175,4,8000,4,-0.10792350051193203,0.04393371644792784,0.02385856702558288,0.27240580112373675,0.375,-1.7550645658983937,0.009274851616030456,-0.07533907296555117,0.0007282325476408005,,,False,env_mean_t,True,True,True,0
A,posterior_mean_shrunk,family_horizon,B,50,,,all,,,False,exploratory,refine_after_init,cp0,ok,-0.018138969940831886,-0.02018920491100289,-0.01605259767966345,0.0010543904695817859,0.541,4,8000,4,-0.03657899391199697,0.0003010540303331928,0.00579429225264531,0.052045785418948866,0.125,-0.16806338504711413,-0.006074305236911874,-0.029795864471234383,-0.011264621685026214,,,False,env_mean_t,True,True,True,0
A,posterior_mean_shrunk,family_horizon,B,50,,,all,,,False,exploratory,rule_reservoir,cp0,ok,-0.012211794078117236,-0.01545373296830803,-0.009071560658048839,0.001637104429938485,0.5103125,4,8000,4,-0.08150717281008757,0.0570835846538531,0.021774249141901174,0.6140702018887239,0.625,-0.5160702164771326,0.0643957148148283,-0.04777510903729126,0.023351520881056784,,,False,env_mean_t,True,True,True,0
A,posterior_mean_shrunk,family_horizon,B,50,,,all,,,False,exploratory,uniform,cp0,ok,-0.021711036152089944,-0.025148034578887746,-0.018334725702879952,0.0017393391265310841,0.5293749999999999,4,8000,4,-0.08922583113097665,0.04580375882679677,0.02121474755655553,0.38144175344280185,0.5,-0.5931195651063638,0.020992477547854178,-0.05819259748468175,0.009650711812078952,,,False,env_mean_t,True,True,True,0
A,posterior_mean_shrunk,family_horizon,B,50,,,all,,,False,exploratory,always_search,p3_star,ok,0.1348174367977481,0.1303656442090869,0.13941897670738398,0.002318321675674838,0.27956250000000005,4,8000,4,0.015447712845072445,0.25418716075042375,0.037508794336762304,0.03691093078255129,0.125,0.007697971813616256,0.23922307934835552,0.07302757127096993,0.19346870893880258,,,False,env_mean_t,True,True,True,0
A,posterior_mean_shrunk,family_horizon,B,50,,,all,,,False,exploratory,cp0,p3_star,ok,0.035937060522788666,0.032741613145117296,0.03922840321320109,0.0016534259227008134,0.43225,4,8000,4,-0.033527913967962925,0.10540203501354026,0.021827540145900104,0.1982333693953946,0.125,-0.004522795971015944,0.7517646667048501,0.008524686820805073,0.07763761579664424,,,False,env_mean_t,True,True,True,0
A,posterior_mean_shrunk,family_horizon,B,50,,,all,,,False,exploratory,fixed_K16,p3_star,ok,-0.00012614872527774422,-0.002256132489128504,0.002027051655750256,0.0010861667034389245,0.5045,4,8000,4,-0.013550972946174432,0.013298675495618945,0.00421839771455308,0.9780214750129613,1.0,-0.007884580699872815,0.20301542024248317,-0.006205871254205704,0.007269723349250853,,,False,env_mean_t,True,True,True,0
A,posterior_mean_shrunk,family_horizon,B,50,,,all,,,False,exploratory,phi_k1,p3_star,ok,-0.009023967561603058,-0.011144521250389516,-0.006882188856252469,0.0010820159795708365,0.5248124999999999,4,8000,4,-0.013356079282852089,-0.0046918558403540285,0.0013612521015850516,0.0069921966368397745,0.125,-0.07332872591275542,-0.005857473099679267,-0.011253033543005586,-0.006938412107527256,,,False,env_mean_t,True,True,True,0
A,posterior_mean_shrunk,family_horizon,B,50,,,all,,,False,exploratory,phi_k16_all71,p3_star,ok,-0.0012303016048972495,-0.0032550524440011935,0.0008292291990073851,0.0010452534259528295,0.5074375,4,8000,4,-0.015240779792727158,0.012780176582932658,0.004402424061191162,0.7980512605660294,0.875,-0.00984997452807323,0.06966137190239341,-0.006440645333961584,0.00741464241873473,,,False,env_mean_t,True,True,True,0
A,posterior_mean_shrunk,family_horizon,B,50,,,all,,,False,exploratory,phi_k16_clock,p3_star,ok,0.010199072213785257,0.007402891447418371,0.013067649416916538,0.0014406074845074467,0.47100000000000003,4,8000,4,-0.011605469340441769,0.03200361376801228,0.006851503360174745,0.23334083993355573,0.25,-0.18890410265160734,0.022315763960478435,-0.00235531462560175,0.019564835019409657,,,False,env_mean_t,True,True,True,0
A,posterior_mean_shrunk,family_horizon,B,50,,,all,,,False,exploratory,phi_k16_cs,p3_star,ok,-0.0013518391431425701,-0.003381405286199879,0.0006960920938581693,0.00104116470431265,0.507625,4,8000,4,-0.01494282907818031,0.012239150791895172,0.00427061091729123,0.7723367514227761,0.875,-0.009699871207860977,0.06743995727026278,-0.006424342070356943,0.007025574908591807,,,False,env_mean_t,True,True,True,0
A,posterior_mean_shrunk,family_horizon,B,50,,,all,,,False,exploratory,phi_k16_famA_only,p3_star,ok,-0.0033883598380489276,-0.00526243585627526,-0.0014711010531755166,0.0009717408135538533,0.5098124999999999,4,8000,4,-0.013675603111586805,0.00689888343548895,0.0032324954725735096,0.37154093629013635,0.375,-0.010230603960315828,0.010559333807328777,-0.00802352140529547,0.0027731546331197024,,,False,env_mean_t,True,True,True,0
A,posterior_mean_shrunk,family_horizon,B,50,,,all,,,False,exploratory,phi_k16_famB_only,p3_star,ok,-0.0012552883264725096,-0.0032884017127798866,0.0008112360461382175,0.00104683532097821,0.5076875000000001,4,8000,4,-0.015143192171373882,0.012632615518428864,0.004363908299676182,0.7923393707969589,0.875,-0.009793114709229184,0.07000185630385032,-0.006421118248836137,0.007312003537081181,,,False,env_mean_t,True,True,True,0
A,posterior_mean_shrunk,family_horizon,B,50,,,all,,,False,exploratory,phi_k16_guard,p3_star,ok,-0.00132309516123496,-0.003279991840099683,0.0006695733526157709,0.0009952296844201278,0.5066875,4,8000,4,-0.013134629791925891,0.01048843946945597,0.0037114639172640997,0.7450727698971825,0.75,-0.008826568223533168,0.02685585876962305,-0.005986750292358921,0.005947535214014351,,,False,env_mean_t,True,True,True,0
A,posterior_mean_shrunk,family_horizon,B,50,,,all,,,False,exploratory,phi_k16_hgb,p3_star,ok,0.001459350030636415,-0.0007186481761891616,0.0036753262349520804,0.0011187245958358188,0.4961875,4,8000,4,-0.0032175698609370742,0.0061362699222099045,0.001469598994901676,0.39389600650273415,0.5,-0.005005863680736569,0.008546842791311382,-0.0009225705382414162,0.0038412705995142463,,,False,env_mean_t,True,True,True,0
A,posterior_mean_shrunk,family_horizon,B,50,,,all,,,False,exploratory,phi_k16_lucb,p3_star,ok,-0.001253840201825369,-0.003290293886675499,0.000806234349693113,0.00104586282386461,0.5075625,4,8000,4,-0.015293594958550445,0.012785914554899705,0.004411623452504241,0.7947353451054431,0.875,-0.00991881861305426,0.06418410690041623,-0.00648579196317587,0.0074133584825322035,,,False,env_mean_t,True,True,True,0
A,posterior_mean_shrunk,family_horizon,B,50,,,all,,,False,exploratory,phi_k16_noT1000,p3_star,ok,0.005960950747336028,0.0035797425822238437,0.008406066444149473,0.0012392148368101138,0.49224999999999997,4,8000,4,-0.01195194688198733,0.023873848376659387,0.0056286566719391876,0.3673041612950015,0.5,-0.028098567902842694,2.0587397646780836,-0.003594341851770878,0.015516243346442932,,,False,env_mean_t,True,True,True,0
A,posterior_mean_shrunk,family_horizon,B,50,,,all,,,False,exploratory,phi_k16_noT200,p3_star,ok,-0.001102068671316374,-0.0031284417869755993,0.0009645119876950037,0.0010516889453952424,0.507625,4,8000,4,-0.015509366526357508,0.013305229183724761,0.004527114198634298,0.8233634859759846,0.875,-0.009974334399742615,0.07323784129633154,-0.006437421512440779,0.00779611739795655,,,False,env_mean_t,True,True,True,0
A,posterior_mean_shrunk,family_horizon,B,50,,,all,,,False,exploratory,phi_k16_noambig,p3_star,ok,0.002016524087986909,-0.00032998224996845163,0.004376910107384901,0.0012035393627648663,0.4996249999999999,4,8000,4,-0.010430090029046084,0.0144631382050199,0.003911020932660608,0.6417236120153422,0.75,-0.008579211859986651,0.17533342438868982,-0.004153628922998905,0.008186677098972722,,,False,env_mean_t,True,True,True,0
A,posterior_mean_shrunk,family_horizon,B,50,,,all,,,False,exploratory,phi_k16_nopolicy,p3_star,ok,-0.002796517436741851,-0.004646579738982836,-0.0009223634813679383,0.0009546888656236144,0.5077499999999999,4,8000,4,-0.012105536217381557,0.006512501343897855,0.002925114169305624,0.40958318382484876,0.375,-0.008410228080372345,0.03250265211294387,-0.006531116864411161,0.0028196558449417354,,,False,env_mean_t,True,True,True,0
A,posterior_mean_shrunk,family_horizon,B,50,,,all,,,False,exploratory,phi_k16_notrunc,p3_star,ok,-0.0024134331846726127,-0.004397410603996832,-0.00036931242357241163,0.0010292451634796693,0.5086875,4,8000,4,-0.012598861441143267,0.007771995071798041,0.0032005027828938175,0.5055916734461116,0.625,-0.008513445908708922,0.052947576211153466,-0.006394705062382855,0.0037642908981069924,,,False,env_mean_t,True,True,True,0
A,posterior_mean_shrunk,family_horizon,B,50,,,all,,,False,exploratory,phi_k16_onpolicy_only,p3_star,ok,-0.0032356724143610335,-0.005493193672737105,-0.0009632973058614886,0.0011707133360450781,0.5110625,4,8000,4,-0.013343361188245247,0.00687201635952318,0.003176075196336466,0.3833157585635887,0.5,-0.010276246192024146,0.011562505527948018,-0.007959100173960905,0.002886427002027631,,,False,env_mean_t,True,True,True,0
A,posterior_mean_shrunk,family_horizon,B,50,,,all,,,False,exploratory,phi_k16_onpolicy_union,p3_star,ok,-0.001523738166550174,-0.003645207709632814,0.0006616666039917618,0.001098086626561327,0.5090625,4,8000,4,-0.010954602936255716,0.00790712660315537,0.0029634010647871098,0.6426016213363697,0.625,-0.00791170908226237,0.11296625097975899,-0.005279798730509356,0.0044657716332003475,,,False,env_mean_t,True,True,True,0
A,posterior_mean_shrunk,family_horizon,B,50,,,all,,,False,exploratory,phi_k16_perstep,p3_star,ok,-0.010019921592902391,-0.012357740986044518,-0.007648131463793106,0.0012184068992425864,0.526875,4,8000,4,-0.01586962744606949,-0.0041702157397352935,0.0018381161194943115,0.012126456991146927,0.125,-0.03504086638127779,-0.006105450689711612,-0.013704572171438485,-0.007659913526847958,,,False,env_mean_t,True,True,True,0
A,posterior_mean_shrunk,family_horizon,B,50,,,all,,,False,exploratory,phi_k16_quality,p3_star,ok,-0.0014997614118619823,-0.0034911220689537,0.0005629062798107032,0.0010364074547607183,0.508,4,8000,4,-0.014346504229090893,0.011346981405366928,0.004036750846636406,0.7349336833283289,0.75,-0.009229609823456681,0.10688306063742126,-0.006304599555092863,0.006370147955603898,,,False,env_mean_t,True,True,True,0
A,posterior_mean_shrunk,family_horizon,B,50,,,all,,,False,exploratory,phi_k16_tau05,p3_star,ok,-0.0013220696107600818,-0.003343829131335951,0.0007246938199386927,0.001040763701129621,0.5075625,4,8000,4,-0.014871431246064345,0.012227292024544182,0.004257530319618816,0.7764854903732487,0.875,-0.009614957947751957,0.0749134168155512,-0.006364803005591967,0.007025574908591807,,,False,env_mean_t,True,True,True,0
A,posterior_mean_shrunk,family_horizon,B,50,,,all,,,False,exploratory,phi_k16_weighted,p3_star,ok,0.0028749864955898373,0.0006840519316028807,0.0050651155848754565,0.0011200888906912581,0.498625,4,8000,4,-0.01806113183872901,0.023811104829908683,0.006578624217338504,0.6916426638682647,1.0,-0.010128440606496885,0.13272857817383887,-0.004589775897562504,0.01590242194291204,,,False,env_mean_t,True,True,True,0
A,posterior_mean_shrunk,family_horizon,B,50,,,all,,,False,exploratory,phi_k4,p3_star,ok,-0.009159875819808804,-0.01136592989496421,-0.007006030665070286,0.001122226480183082,0.5249999999999999,4,8000,4,-0.012133036374688428,-0.00618671526492918,0.0009342374606425836,0.0022549896813054606,0.125,-0.013600070375203402,0.007358555480823004,-0.010722638238919899,-0.0075971134006977085,,,False,env_mean_t,True,True,True,0
A,posterior_mean_shrunk,family_horizon,B,50,,,all,,,False,exploratory,phi_reservoir_rule,p3_star,ok,0.011684982234670316,0.009254191041691229,0.014172361604869366,0.0012629552379923188,0.4649375,4,8000,4,-0.010987013995837272,0.034356978465177906,0.0071240781636648645,0.19949554553442275,0.25,-0.7190893068088492,0.025970841492388805,-0.0025729169154656115,0.01900435229763389,,,False,env_mean_t,True,True,True,0
A,posterior_mean_shrunk,family_horizon,B,50,,,all,,,False,exploratory,phi_sf_k16,p3_star,ok,0.0006035523141617886,-0.0014899237590725524,0.0027460747936856916,0.001075704896972361,0.503375,4,8000,4,-0.019231159612324494,0.02043826424064807,0.00623253623904208,0.9289611129064158,1.0,-0.011716291155538554,0.12616134210297425,-0.006454769220785238,0.012948434001766145,,,False,env_mean_t,True,True,True,0
A,posterior_mean_shrunk,family_horizon,B,50,,,all,,,False,exploratory,phi_sf_k16_noT1000,p3_star,ok,0.00044511409156257245,-0.0015479112480534234,0.0024893144094676246,0.0010224617396233941,0.5029375,4,8000,4,-0.011945602744639135,0.012835830927764278,0.003893456683190481,0.9162032417090835,1.0,-0.006880971490777762,0.03859930598463185,-0.004850619994103909,0.007705109127797186,,,False,env_mean_t,True,True,True,0
A,posterior_mean_shrunk,family_horizon,B,50,,,all,,,False,exploratory,power_a0.25,p3_star,ok,0.0,0.0,0.0,0.0,0.5,4,8000,4,0.0,0.0,0.0,1.0,1.0,0.0,0.0,0.0,0.0,,,False,env_mean_t,True,True,True,0
A,posterior_mean_shrunk,family_horizon,B,50,,,all,,,False,exploratory,power_a0.33,p3_star,ok,-0.0001554112115700264,-0.0015983976387360594,0.0013094512169118378,0.0007486840303245778,0.49668749999999995,4,8000,4,-0.00447077386604656,0.004159951442906507,0.0013559891481317009,0.9159938585889339,0.875,-0.008945595272339315,0.006890369878847202,-0.0024036826301016842,0.0020928602069616316,,,False,env_mean_t,True,True,True,0
A,posterior_mean_shrunk,family_horizon,B,50,,,all,,,False,exploratory,power_a0.5,p3_star,ok,0.0015380649301223455,0.000648384176020045,0.0024369777103856903,0.00045853596065537294,0.4955625,4,8000,4,-0.0006522331251179103,0.0037283629853626012,0.0006882435224763347,0.11150158689589088,0.25,-0.0031087603705298524,0.003000571496668231,0.00018381535867229105,0.0024726389534771446,,,False,env_mean_t,True,True,True,0
A,posterior_mean_shrunk,family_horizon,B,50,,,all,,,False,exploratory,power_a0.67,p3_star,ok,0.0039421684907865705,0.0018645351738086906,0.005995471386995632,0.0010473443671803512,0.482125,4,8000,4,-0.00596630516023464,0.01385064214180778,0.0031134770866583067,0.2948378721575208,0.5,-0.03834121071148773,0.030724199360079453,-0.001368582386872731,0.009252919368445873,,,False,env_mean_t,True,True,True,0
A,posterior_mean_shrunk,family_horizon,B,50,,,all,,,False,exploratory,refine_after_init,p3_star,ok,0.017798090581956784,0.014885789455729537,0.020827014573478665,0.0015229914576300047,0.47362499999999996,4,8000,4,-0.03343580579155557,0.06903198695546914,0.016098903629088872,0.3496187311157397,0.5,-0.010824099064405263,1.9535011362629238,-0.003199924163520336,0.047841751325409854,,,False,env_mean_t,True,True,True,0
A,posterior_mean_shrunk,family_horizon,B,50,,,all,,,False,exploratory,rule_reservoir,p3_star,ok,0.023725266444671433,0.020984058722388,0.026459118197089994,0.0014122229837820067,0.43843750000000004,4,8000,4,-0.005506992214034605,0.05295752510337747,0.009185467987369562,0.08157343535079963,0.25,-0.19630434251632348,0.04184801434689166,0.0055229744637035755,0.03402589458413422,,,False,env_mean_t,True,True,True,0
A,posterior_mean_shrunk,family_horizon,B,50,,,all,,,False,exploratory,uniform,p3_star,ok,0.014226024370698725,0.011958139110174671,0.016553455657412997,0.0011587743068646034,0.4591875000000001,4,8000,4,-0.0004506018303460195,0.02890265057174347,0.0046117435435368195,0.05393530206852846,0.125,-0.056415090710828494,0.02345737877137167,0.00505765616724966,0.01944501831196249,,,False,env_mean_t,True,True,True,0
A,posterior_mean_shrunk,family_horizon,B,50,,,all,,,False,exploratory,always_search,phi_k16,ok,0.13613950640850817,0.13167719941120595,0.14070377512834964,0.002306295860448904,0.266625,4,8000,4,0.027936962008829017,0.24434205080818733,0.03399980204537438,0.027932963055314432,0.125,-0.006255927249920967,0.22365365799439213,0.07916873501773806,0.1875536849296186,,,False,env_mean_t,True,True,True,0
A,posterior_mean_shrunk,family_horizon,B,50,,,all,,,False,exploratory,cp0,phi_k16,ok,0.03725913013354876,0.033948194119147956,0.04057505467208102,0.001668726321283886,0.42656249999999996,4,8000,4,-0.019484373304696163,0.09400263357179367,0.01783015265459015,0.12781722977809454,0.125,0.005927902592954976,1.3469861700084633,0.01337530681490898,0.07012167550576852,,,False,env_mean_t,True,True,True,0
A,posterior_mean_shrunk,family_horizon,B,50,,,all,,,False,exploratory,fixed_K16,phi_k16,ok,0.0011959208854823375,-0.0009937759661625021,0.0033534381491335794,0.0011004393298422461,0.49887500000000007,4,8000,4,-0.005296791865580165,0.00768863363654484,0.002040164115348269,0.598934813040475,0.875,-0.0030099882990900304,0.014143094270079351,-0.0014744843803346157,0.005189230858173688,,,False,env_mean_t,True,True,True,0
A,posterior_mean_shrunk,family_horizon,B,50,,,all,,,False,exploratory,p3_star,phi_k16,ok,0.0013220696107600818,-0.0007246938199386929,0.0033438291313359508,0.001040763701129621,0.4924375000000001,4,8000,4,-0.012227292024544182,0.014871431246064345,0.004257530319618816,0.7764854903732487,0.875,-0.0749134168155512,0.009614957947751957,-0.007025574908591807,0.006364803005591967,,,False,env_mean_t,True,True,True,0
A,posterior_mean_shrunk,family_horizon,B,50,,,all,,,False,exploratory,phi_k1,phi_k16,ok,-0.007701897950842976,-0.009590215727075701,-0.005784836242673919,0.0009662295961261865,0.5157499999999999,4,8000,4,-0.025007559116278284,0.009603763214592331,0.005437848593612815,0.25165074369093676,0.125,-0.3303109863928666,0.003464926688536753,-0.018644819494336842,-0.0016406601592898367,,,False,env_mean_t,True,True,True,0
A,posterior_mean_shrunk,family_horizon,B,50,,,all,,,False,exploratory,phi_k16_all71,phi_k16,ok,9.176800586283205e-05,-0.0001564956759011693,0.00037404202566904127,0.000134140027585599,0.5001249999999999,4,8000,4,-0.00037526006527531714,0.0005587960770009812,0.00014675128072475513,0.5760921112623012,1.0,-0.0002446446876250754,0.0008871552591395541,-0.00011376349255442619,0.00038906751014292236,,,False,env_mean_t,True,True,True,0
A,posterior_mean_shrunk,family_horizon,B,50,,,all,,,False,exploratory,phi_k16_clock,phi_k16,ok,0.011521141824545339,0.008890816794155399,0.014259200337255607,0.0013500962782228634,0.461625,4,8000,4,-0.012311757253212574,0.03535404090230325,0.007488861332299293,0.2215575876774525,0.5,-0.10140315701614187,0.16729968703791542,-0.0013731713644228876,0.024415455013513564,,,False,env_mean_t,True,True,True,0
A,posterior_mean_shrunk,family_horizon,B,50,,,all,,,False,exploratory,phi_k16_cs,phi_k16,ok,-2.9769532382488252e-05,-8.930859621614218e-05,0.0,2.976953238248824e-05,0.5000625,4,8000,4,-0.0001245094707231617,6.49704059581852e-05,2.9769532382488255e-05,0.3910022189557703,1.0,-2.9769532382488252e-05,2.976953238248826e-05,-8.930859714746476e-05,0.0,,,False,env_mean_t,True,True,True,0
A,posterior_mean_shrunk,family_horizon,B,50,,,all,,,False,exploratory,phi_k16_famA_only,phi_k16,ok,-0.002066290227288846,-0.0034003903652774165,-0.0007230724355395075,0.0006888192559713354,0.5026875,4,8000,4,-0.006266470938670659,0.0021338904840929674,0.0013197962537210433,0.21541155560912598,0.25,-0.08320489435389108,0.000870129708900871,-0.004252420275472104,-6.409274786710739e-05,,,False,env_mean_t,True,True,True,0
A,posterior_mean_shrunk,family_horizon,B,50,,,all,,,False,exploratory,phi_k16_famB_only,phi_k16,ok,6.67812842875719e-05,-0.00026196780052032385,0.00043107699287361337,0.00017548292003346928,0.5003124999999999,4,8000,4,-0.0002776937794943366,0.00041125634806948045,0.00010824222335188759,0.5809218170523156,0.75,-0.00018180637173247668,0.004226517940089637,-8.769668638706208e-05,0.0002848167177289724,,,False,env_mean_t,True,True,True,0
A,posterior_mean_shrunk,family_horizon,B,50,,,all,,,False,exploratory,phi_k16_guard,phi_k16,ok,-1.0255504748783381e-06,-0.0020780160337380946,0.002106570059731893,0.0010617441592827234,0.5036875000000001,4,8000,4,-0.004153268028439006,0.00415121692748925,0.001304732925444901,0.9994221902716816,1.0,-0.0027271988049398315,0.03053416972496679,-0.0015684050768613816,0.002623412920802366,,,False,env_mean_t,True,True,True,0
A,posterior_mean_shrunk,family_horizon,B,50,,,all,,,False,exploratory,phi_k16_hgb,phi_k16,ok,0.002781419641396497,0.0011384655634174123,0.004438288060191553,0.0008495127304881327,0.4871875,4,8000,4,-0.00731151886830967,0.012874358151102664,0.0031714403139965638,0.44503805316639544,0.375,-0.8771361520527023,0.008489732017938064,-0.003205776563845575,0.00680225364130456,,,False,env_mean_t,True,True,True,0
A,posterior_mean_shrunk,family_horizon,B,50,,,all,,,False,exploratory,phi_k16_lucb,phi_k16,ok,6.822940893471243e-05,-0.0003568685253725333,0.000498706116377434,0.00021574374794313138,0.5001875,4,8000,4,-0.00044183414617737316,0.000578292964046798,0.0001602740490123099,0.6990170155391179,0.75,-0.00032764033474641177,0.00637153197916886,-0.00018470725789666175,0.00038617166317999365,,,False,env_mean_t,True,True,True,0
A,posterior_mean_shrunk,family_horizon,B,50,,,all,,,False,exploratory,phi_k16_noT1000,phi_k16,ok,0.0072830203580961095,0.00534357687638476,0.009207605406663788,0.0010010621040623718,0.4828125,4,8000,4,-0.011718239692241905,0.026284280408434123,0.00597064592065257,0.30968646352513035,0.125,-0.004766018626662762,0.1588170909013256,0.0007397840842604637,0.019229673222260317,,,False,env_mean_t,True,True,True,0
A,posterior_mean_shrunk,family_horizon,B,50,,,all,,,False,exploratory,phi_k16_noT200,phi_k16,ok,0.00022000093944370746,-0.00012069518750195107,0.0006002045156350277,0.00018338544704131948,0.5000625000000001,4,8000,4,-0.0006420870882376602,0.001082088967125075,0.0002708884754002203,0.4761665327383416,0.75,-0.00036015044427723203,0.03637943132432517,-0.00011215158179402352,0.0007689305786043406,,,False,env_mean_t,True,True,True,0
A,posterior_mean_shrunk,family_horizon,B,50,,,all,,,False,exploratory,phi_k16_noambig,phi_k16,ok,0.0033385936987469903,0.001623832387326729,0.005082291016310592,0.0008845757629275525,0.4905,4,8000,4,-0.004989022980019827,0.011666210377513806,0.002616734386041567,0.29182533723573045,0.25,-0.0019573436237560918,0.04288720430328437,0.0003427870646119118,0.008560207095986698,,,False,env_mean_t,True,True,True,0
A,posterior_mean_shrunk,family_horizon,B,50,,,all,,,False,exploratory,phi_k16_nopolicy,phi_k16,ok,-0.0014744478259817698,-0.0029071467892208603,-5.002152029192076e-05,0.0007334299448446384,0.5014375,4,8000,4,-0.0058160177316991645,0.0028671220797356245,0.0013642240871461783,0.35892381874704693,0.25,-0.09371969043636139,0.0012670301006979458,-0.004205919063650072,-5.1110555476043374e-05,,,False,env_mean_t,True,True,True,0
A,posterior_mean_shrunk,family_horizon,B,50,,,all,,,False,exploratory,phi_k16_notrunc,phi_k16,ok,-0.001091363573912531,-0.0018974227816215715,-0.000311443442478776,0.00040715724775275956,0.5010625,4,8000,4,-0.004503592290285627,0.002320865142460565,0.0010722030755736204,0.3836787696864768,0.5,-0.07061280494709557,0.0010381500170398798,-0.0032292376365512607,3.419069107621908e-05,,,False,env_mean_t,True,True,True,0
A,posterior_mean_shrunk,family_horizon,B,50,,,all,,,False,exploratory,phi_k16_onpolicy_only,phi_k16,ok,-0.0019136028036009518,-0.0034858788920246295,-0.00036408920782378206,0.0008144948085237034,0.5019375,4,8000,4,-0.006365718369348513,0.0025385127621466094,0.0013989601516153987,0.2648047741675656,0.5,-0.02806847689784791,0.001272957322995301,-0.004247285868041217,0.00021627592295408248,,,False,env_mean_t,True,True,True,0
A,posterior_mean_shrunk,family_horizon,B,50,,,all,,,False,exploratory,phi_k16_onpolicy_union,phi_k16,ok,-0.00020166855579009267,-0.001248588952489626,0.000870584172989197,0.0005410858213344541,0.5000625000000001,4,8000,4,-0.004972153151294897,0.004568816039714712,0.0014989992407992967,0.9014979193185493,1.0,-0.18924269521436046,0.003988979992375163,-0.0030485567469149826,0.002440327258023899,,,False,env_mean_t,True,True,True,0
A,posterior_mean_shrunk,family_horizon,B,50,,,all,,,False,exploratory,phi_k16_perstep,phi_k16,ok,-0.008697851982142311,-0.010836681534419766,-0.006576477793532832,0.0010731739020875789,0.5205,4,8000,4,-0.02157463964593681,0.004178935681652188,0.004046191648988894,0.1207490393903141,0.125,-0.13527246978691498,-0.0016770644246799655,-0.015986967804841698,-0.003033545099198818,,,False,env_mean_t,True,True,True,0
A,posterior_mean_shrunk,family_horizon,B,50,,,all,,,False,exploratory,phi_k16_quality,phi_k16,ok,-0.00017769180110190064,-0.0005687133818355505,0.0002219555817646323,0.00020365466676372775,0.5000625,4,8000,4,-0.0009142422769599053,0.000558858674756104,0.00023144160347187472,0.49852522912768177,0.75,-0.0012295553059115494,0.0003187188774688651,-0.0006233805790543557,0.0001543979236157611,,,False,env_mean_t,True,True,True,0
A,posterior_mean_shrunk,family_horizon,B,50,,,all,,,False,exploratory,phi_k16_tau05,phi_k16,ok,0.0,0.0,0.0,0.0,0.5,4,8000,4,0.0,0.0,0.0,1.0,1.0,0.0,0.0,0.0,0.0,,,False,env_mean_t,True,True,True,0
A,posterior_mean_shrunk,family_horizon,B,50,,,all,,,False,exploratory,phi_k16_weighted,phi_k16,ok,0.0041970561063499195,0.003109276382292592,0.005335279926475777,0.0005667271954904568,0.4910625,4,8000,4,-0.004055875255225093,0.012449987467924932,0.002593266490583973,0.20399914475358816,0.25,-0.0016021762513379056,0.07987005548274383,0.00026084409654140474,0.008516903700307011,,,False,env_mean_t,True,True,True,0
A,posterior_mean_shrunk,family_horizon,B,50,,,all,,,False,exploratory,phi_k4,phi_k16,ok,-0.007837806209048722,-0.009667587296280544,-0.0059658122327164165,0.0009376838289165255,0.51725,4,8000,4,-0.023099333503794922,0.007423721085697478,0.004795533319574946,0.20068718295337457,0.125,-0.17322639334093987,0.0018346114979631324,-0.017440298843197526,-0.0026657304522232153,,,False,env_mean_t,True,True,True,0
A,posterior_mean_shrunk,family_horizon,B,50,,,all,,,False,exploratory,phi_reservoir_rule,phi_k16,ok,0.013007051845430396,0.010913651968439807,0.015129888223600573,0.0010636106947597285,0.4585625,4,8000,4,-0.007776088953122125,0.03379019264398292,0.006530555052585483,0.14044892828935704,0.25,-0.0857875932937187,0.03661406856807144,0.00233073731767945,0.023683366373181344,,,False,env_mean_t,True,True,True,0
A,posterior_mean_shrunk,family_horizon,B,50,,,all,,,False,exploratory,phi_sf_k16,phi_k16,ok,0.00192562192492187,0.0011924057932446888,0.0026753367579203766,0.000382240069713327,0.496,4,8000,4,-0.004396204663009259,0.008247448512852999,0.001986467635741478,0.40386260401238905,0.75,-0.0020926585506589332,0.3423250699767617,-0.00015703731402754784,0.005911815097555518,,,False,env_mean_t,True,True,True,0
A,posterior_mean_shrunk,family_horizon,B,50,,,all,,,False,exploratory,phi_sf_k16_noT1000,phi_k16,ok,0.0017671837023226545,0.0009560749558659155,0.002573975107225124,0.00041780706429183143,0.4959375,4,8000,4,-0.0035925595629146814,0.00712692696755999,0.001684158270428235,0.37111589128251626,0.5,-0.0015388154599850362,0.04728240186304204,0.0,0.00511238227004651,,,False,env_mean_t,True,True,True,0
A,posterior_mean_shrunk,family_horizon,B,50,,,all,,,False,exploratory,power_a0.25,phi_k16,ok,0.0013220696107600818,-0.0007246938199386929,0.0033438291313359508,0.001040763701129621,0.4924375000000001,4,8000,4,-0.012227292024544182,0.014871431246064345,0.004257530319618816,0.7764854903732487,0.875,-0.0749134168155512,0.009614957947751957,-0.007025574908591807,0.006364803005591967,,,False,env_mean_t,True,True,True,0
A,posterior_mean_shrunk,family_horizon,B,50,,,all,,,False,exploratory,power_a0.33,phi_k16,ok,0.0011666583991900552,-0.0009585536468136964,0.0033022671384969724,0.0010967004455728455,0.48793749999999997,4,8000,4,-0.015471193510114256,0.017804510308494365,0.00522800710939916,0.8377459011251497,1.0,-0.15264784107125579,0.011483419442176354,-0.009207331108860671,0.006943480201065541,,,False,env_mean_t,True,True,True,0
A,posterior_mean_shrunk,family_horizon,B,50,,,all,,,False,exploratory,power_a0.5,phi_k16,ok,0.0028601345408824277,0.0007875719005824068,0.004963005997706204,0.001058933446252963,0.4879375,4,8000,4,-0.01028633109334355,0.016006600175108403,0.004130930854166917,0.53848385690788,0.625,-0.514634287072625,0.011444081922361321,-0.005478547588922083,0.007556489588518162,,,False,env_mean_t,True,True,True,0
A,posterior_mean_shrunk,family_horizon,B,50,,,all,,,False,exploratory,power_a0.67,phi_k16,ok,0.005264238101546652,0.0028431523234758063,0.007639925644616596,0.0011873161371627385,0.4726875,4,8000,4,-0.014019873920476643,0.02454835012356995,0.006059524709028566,0.4489026206264626,0.375,-0.41331524616253335,0.016862836557809506,-0.00521739745978266,0.01410353936254978,,,False,env_mean_t,True,True,True,0
A,posterior_mean_shrunk,family_horizon,B,50,,,all,,,False,exploratory,refine_after_init,phi_k16,ok,0.019120160192716867,0.016078559874222263,0.0222042136933851,0.0015513857757498168,0.46468750000000003,4,8000,4,-0.019733717620003435,0.05797403800543717,0.012208808597402735,0.2153041677584285,0.125,-0.002817408763521951,0.6793646479202222,0.0016506958305835726,0.04064298004517331,,,False,env_mean_t,True,True,True,0
A,posterior_mean_shrunk,family_horizon,B,50,,,all,,,False,exploratory,rule_reservoir,phi_k16,ok,0.025047336055431513,0.0220964320236817,0.027983716322341933,0.0014841665543775511,0.4273125,4,8000,4,-0.00033291766290036856,0.050427589773763395,0.007975076806855753,0.05163545930401015,0.125,-0.04780261034865739,0.04090707514612338,0.01100207778206095,0.03672682769596577,,,False,env_mean_t,True,True,True,0
A,posterior_mean_shrunk,family_horizon,B,50,,,all,,,False,exploratory,uniform,phi_k16,ok,0.015548093981458806,0.013082396499521564,0.018109200318576765,0.0012625058254005631,0.4536875,4,8000,4,0.001621886143005775,0.029474301819911834,0.0043759443216156765,0.03800702287585137,0.125,-0.020882260130597092,0.1054020226923262,0.008070169335929677,0.023026018626987936,,,False,env_mean_t,True,True,True,0
A,posterior_mean_shrunk,family_horizon,B,100,,,all,,,False,exploratory,always_search,cp0,ok,-0.025471734563296194,-0.02854168848716654,-0.02236105815100018,0.0015892025821829122,0.541,4,8000,4,-0.09564315975034444,0.04469969062375205,0.02204952368577123,0.3316634851830602,0.5,-2.224253401133803,0.01996258721640164,-0.06274357485771179,0.007355480842292309,,,False,env_mean_t,True,True,True,0
A,posterior_mean_shrunk,family_horizon,B,100,,,all,,,False,exploratory,fixed_K16,cp0,ok,-0.024137315608852076,-0.026329181052278727,-0.02198367318487726,0.0011131174757948094,0.568875,4,8000,4,-0.05699863733918227,0.008724006121478122,0.01032580555271951,0.10144561562275435,0.125,-0.21928340950716446,-0.005323820138573687,-0.0433808323033154,-0.010305113129317759,,,False,env_mean_t,True,True,True,0
A,posterior_mean_shrunk,family_horizon,B,100,,,all,,,False,exploratory,p3_star,cp0,ok,-0.035331279574718794,-0.038070291632902806,-0.03261893050512299,0.0014142899502747604,0.5833125,4,8000,4,-0.10261145171654228,0.03194889256710469,0.021141023504503594,0.19327151325789144,0.125,-1.0103054882641735,0.0018459406248553245,-0.07415317450650036,-0.006709435142576694,,,False,env_mean_t,True,True,True,0
A,posterior_mean_shrunk,family_horizon,B,100,,,all,,,False,exploratory,phi_k1,cp0,ok,-0.0396246487297467,-0.04250943068764172,-0.03673003429430537,0.001496388854572245,0.5940625,4,8000,4,-0.1146390521223172,0.03538975466282381,0.023571302135727046,0.19134339373110348,0.125,-0.9570435639427647,0.0035011378529895276,-0.08429603407904507,-0.009540611393749714,,,False,env_mean_t,True,True,True,0
A,posterior_mean_shrunk,family_horizon,B,100,,,all,,,False,exploratory,phi_k16_all71,cp0,ok,-0.036952679931127934,-0.03972242607269436,-0.03415266224183142,0.001421751464072134,0.595375,4,8000,4,-0.10425254857430027,0.0303471887120444,0.021147212611705858,0.17889379980393558,0.125,-0.5995282795892641,0.0028109407392039668,-0.0776723169889301,-0.010811273373663426,,,False,env_mean_t,True,True,True,0
A,posterior_mean_shrunk,family_horizon,B,100,,,all,,,False,exploratory,phi_k16_clock,cp0,ok,-0.03597687131928978,-0.03869934108515736,-0.033278940769378096,0.001396573722778831,0.5886875,4,8000,4,-0.10368209960488182,0.03172835696630226,0.021274586211614425,0.18940192861298158,0.125,-2.0226444050208414,0.0018604093878173689,-0.0756481953188777,-0.008140924632549286,,,False,env_mean_t,True,True,True,0
A,posterior_mean_shrunk,family_horizon,B,100,,,all,,,False,exploratory,phi_k16_cs,cp0,ok,-0.036695085555256815,-0.03946908643119969,-0.03390257552382536,0.001418087147707611,0.594875,4,8000,4,-0.10156085964649442,0.028170688535980787,0.02038236245605877,0.16962297751942818,0.125,-0.4666428878158279,0.0017835154170171771,-0.0759155152682215,-0.011289843745529651,,,False,env_mean_t,True,True,True,0
A,posterior_mean_shrunk,family_horizon,B,100,,,all,,,False,exploratory,phi_k16_famA_only,cp0,ok,-0.034758433837851044,-0.037453654571436346,-0.032048226217739284,0.0013649212058432449,0.5905,4,8000,4,-0.0942632149111857,0.0247463472354836,0.018697811483744713,0.15999537316897847,0.125,-0.44970609542532614,8.665529260241944e-05,-0.07041797623410821,-0.010961280561983585,,,False,env_mean_t,True,True,True,0
A,posterior_mean_shrunk,family_horizon,B,100,,,all,,,False,exploratory,phi_k16_famB_only,cp0,ok,-0.03617646874062484,-0.038975893304450435,-0.03338646870106459,0.0014134547149857492,0.5934375,4,8000,4,-0.10083497814293489,0.028482040661685207,0.02031723498208272,0.17301680686254378,0.125,-0.474849506273718,0.0023908993869849876,-0.07544363721273839,-0.011172353081405163,,,False,env_mean_t,True,True,True,0
A,posterior_mean_shrunk,family_horizon,B,100,,,all,,,False,exploratory,phi_k16_guard,cp0,ok,-0.03406509506114526,-0.03666675475542434,-0.03141170413000509,0.001343560018063002,0.5905,4,8000,4,-0.09054791525158526,0.022417725129294734,0.017748239804286244,0.1507337781804204,0.125,-0.31814003129231483,-0.0003928178377649791,-0.06813860583119094,-0.011619697771966458,,,False,env_mean_t,True,True,True,0
A,posterior_mean_shrunk,family_horizon,B,100,,,all,,,False,exploratory,phi_k16_hgb,cp0,ok,-0.03499567498074612,-0.03783919493143912,-0.032166378185502255,0.001452864660140479,0.5861875000000001,4,8000,4,-0.10025908406785144,0.030267734106359197,0.020507308789075463,0.18645613863190957,0.125,-1.037476111551274,0.0021652731500760164,-0.07365243860706688,-0.008595654889941216,,,False,env_mean_t,True,True,True,0
A,posterior_mean_shrunk,family_horizon,B,100,,,all,,,False,exploratory,phi_k16_lucb,cp0,ok,-0.03633672048751032,-0.03909240160137415,-0.03356162053532898,0.001414117491554884,0.59275,4,8000,4,-0.10224301806161568,0.029569577086595043,0.020709319577421736,0.17759830798301474,0.125,-0.5254639188886364,0.002973173742822778,-0.07641465693153442,-0.011015784420073033,,,False,env_mean_t,True,True,True,0
A,posterior_mean_shrunk,family_horizon,B,100,,,all,,,False,exploratory,phi_k16_noT1000,cp0,ok,-0.03546936679579085,-0.03836028590449132,-0.03261590047040954,0.0014695855149749891,0.5892499999999999,4,8000,4,-0.0966746690398784,0.0257359354482967,0.01923215550957465,0.16234609729088736,0.125,-0.6057177198640395,-0.0002422265630724202,-0.07182552324235439,-0.010661140747368337,,,False,env_mean_t,True,True,True,0
A,posterior_mean_shrunk,family_horizon,B,100,,,all,,,False,exploratory,phi_k16_noT200,cp0,ok,-0.03745783532172209,-0.0402513871260453,-0.03469476468744688,0.0014298188557770545,0.5966874999999999,4,8000,4,-0.10389158343605283,0.028975912792608652,0.020875057028938097,0.1706375209141344,0.125,-0.5131499121013898,0.001652142520881944,-0.07745257039926946,-0.011203255631029606,,,False,env_mean_t,True,True,True,0
A,posterior_mean_shrunk,family_horizon,B,100,,,all,,,False,exploratory,phi_k16_noambig,cp0,ok,-0.03736815564561402,-0.04025006825104356,-0.034487058813101615,0.0014769472236615946,0.5946875,4,8000,4,-0.10237108010589324,0.0276347688146652,0.02042545835018711,0.1647536393085821,0.125,-0.6116784283452106,9.253752222188744e-05,-0.07598830233328044,-0.011004495583474636,,,False,env_mean_t,True,True,True,0
A,posterior_mean_shrunk,family_horizon,B,100,,,all,,,False,exploratory,phi_k16_nopolicy,cp0,ok,-0.03668121654348215,-0.03940757442614995,-0.033937770198099314,0.0013876067672504656,0.59575,4,8000,4,-0.10073144384047016,0.027369010753505854,0.02012609833845353,0.16589457515015818,0.125,-0.4655708964708828,0.001047948088083131,-0.07521144198253751,-0.011273519702255725,,,False,env_mean_t,True,True,True,0
A,posterior_mean_shrunk,family_horizon,B,100,,,all,,,False,exploratory,phi_k16_notrunc,cp0,ok,-0.03730921994562959,-0.040088788734283294,-0.03451124024577439,0.00143154503152412,0.5949375,4,8000,4,-0.10635317671072969,0.031734736819470505,0.021695246405404784,0.18397698076420096,0.125,-0.6761001743387112,0.003150271301556068,-0.07888966251164675,-0.010221143841743469,,,False,env_mean_t,True,True,True,0
A,posterior_mean_shrunk,family_horizon,B,100,,,all,,,False,exploratory,phi_k16_onpolicy_only,cp0,ok,-0.036973642947559705,-0.03985554615501315,-0.0340410335600609,0.0014840904491383762,0.588875,4,8000,4,-0.1046276576645572,0.030680371769437782,0.021258493695454916,0.18037420472322863,0.125,-1.162041483800497,0.0011196464067089462,-0.07671177602186799,-0.009150558732450008,,,False,env_mean_t,True,True,True,0
A,posterior_mean_shrunk,family_horizon,B,100,,,all,,,False,exploratory,phi_k16_onpolicy_union,cp0,ok,-0.03796052499528742,-0.040744921995792535,-0.035179307271027936,0.001427419643834429,0.5976250000000001,4,8000,4,-0.10596715149523983,0.030046101504664996,0.02136929266867545,0.17374401742004558,0.125,-0.5835224659814452,0.001865855063279069,-0.07881562191992998,-0.01102097450941801,,,False,env_mean_t,True,True,True,0
A,posterior_mean_shrunk,family_horizon,B,100,,,all,,,False,exploratory,phi_k16_perstep,cp0,ok,-0.03680687411356485,-0.039569715585093944,-0.03402220729622059,0.0014114731357878425,0.5904375,4,8000,4,-0.09972206255201968,0.02610831432488999,0.019769442247619035,0.15954383742703193,0.125,-0.3369972274516909,0.00037770335958605544,-0.07443732833303512,-0.011261024445295333,,,False,env_mean_t,True,True,True,0
A,posterior_mean_shrunk,family_horizon,B,100,,,all,,,False,exploratory,phi_k16_quality,cp0,ok,-0.03644618193939095,-0.03921286776312627,-0.03367890569497831,0.0014107912366287424,0.5930625,4,8000,4,-0.10090636396585521,0.028014000087073318,0.020254915823542163,0.16978622251589043,0.125,-0.5118607574087457,0.0014931878488271405,-0.07526549744047224,-0.011012797392904759,,,False,env_mean_t,True,True,True,0
A,posterior_mean_shrunk,family_horizon,B,100,,,all,,,False,exploratory,phi_k16_tau05,cp0,ok,-0.03662702384957811,-0.039387370878830555,-0.0338369035103824,0.0014162573896152326,0.5948125000000001,4,8000,4,-0.10133743792442002,0.028083390225263793,0.020333544659466962,0.16945745855567493,0.125,-0.471263637198073,0.0017202328506305403,-0.07573317180015146,-0.011257725380361079,,,False,env_mean_t,True,True,True,0
A,posterior_mean_shrunk,family_horizon,B,100,,,all,,,False,exploratory,phi_k16_weighted,cp0,ok,-0.036386775705963374,-0.03918477427214384,-0.03359221609716769,0.001427586501670094,0.5933125,4,8000,4,-0.10064581299938166,0.02787226158745492,0.02019171138464495,0.1693294849098397,0.125,-0.44854175214212955,0.0018795048165885647,-0.07532781375199557,-0.01134556647390127,,,False,env_mean_t,True,True,True,0
A,posterior_mean_shrunk,family_horizon,B,100,,,all,,,False,exploratory,phi_k4,cp0,ok,-0.0399172056898824,-0.04277224947581999,-0.03704637542250566,0.0014708738103867186,0.5955625,4,8000,4,-0.11283358549732243,0.032999174117557636,0.02291205343712459,0.17983719735561052,0.125,-0.6086686691067003,0.0026177128790624976,-0.08357033969275654,-0.010769686371088027,,,False,env_mean_t,True,True,True,0
A,posterior_mean_shrunk,family_horizon,B,100,,,all,,,False,exploratory,phi_reservoir_rule,cp0,ok,-0.030311516404792203,-0.03322031984680507,-0.027445767748577054,0.001482903356757025,0.5555,4,8000,4,-0.10544757969720961,0.044824546887625195,0.02360953055756873,0.2893633206939244,0.5,-0.9458193320978142,0.010664978256509021,-0.07302720930799843,0.002455132633447647,,,False,env_mean_t,True,True,True,0
A,posterior_mean_shrunk,family_horizon,B,100,,,all,,,False,exploratory,phi_sf_k16,cp0,ok,-0.03773703445628053,-0.0405640643381048,-0.03487929355469532,0.0014741902146295257,0.5944375,4,8000,4,-0.10846365372612317,0.03298958481356211,0.022223978815421843,0.18806631265116897,0.125,-1.1636204107565988,0.002749603668727195,-0.07981666908413172,-0.009425382941961288,,,False,env_mean_t,True,True,True,0
A,posterior_mean_shrunk,family_horizon,B,100,,,all,,,False,exploratory,phi_sf_k16_noT1000,cp0,ok,-0.03613975487131392,-0.03889228714979254,-0.03333473536767997,0.001414647655018603,0.593625,4,8000,4,-0.10164432448828127,0.02936481474565343,0.020583087139039027,0.1773851322388306,0.125,-0.473255698970395,0.0032825663661347065,-0.0761574040222913,-0.011235742889344692,,,False,env_mean_t,True,True,True,0
A,posterior_mean_shrunk,family_horizon,B,100,,,all,,,False,exploratory,power_a0.25,cp0,ok,-0.03488624194735894,-0.03770203230378684,-0.03206642852601362,0.001440275327700808,0.5824374999999999,4,8000,4,-0.10436895638989666,0.034596472495178776,0.021833114458892182,0.2083634981941116,0.125,-2.923916500414474,0.0029177602708397588,-0.07472947073169053,-0.005252415671944618,,,False,env_mean_t,True,True,True,0
A,posterior_mean_shrunk,family_horizon,B,100,,,all,,,False,exploratory,power_a0.33,cp0,ok,-0.035331279574718794,-0.038070291632902806,-0.03261893050512299,0.0014142899502747604,0.5833125,4,8000,4,-0.10261145171654228,0.03194889256710469,0.021141023504503594,0.19327151325789144,0.125,-1.0103054882641735,0.0018459406248553245,-0.07415317450650036,-0.006709435142576694,,,False,env_mean_t,True,True,True,0
A,posterior_mean_shrunk,family_horizon,B,100,,,all,,,False,exploratory,power_a0.5,cp0,ok,-0.03364076422952349,-0.036406007752520966,-0.030861384425952567,0.0014332707912063124,0.5748125,4,8000,4,-0.10152700207946133,0.03424547362041436,0.021331463703638497,0.21288202426024022,0.125,-1.2895872571468796,0.0037840180900631445,-0.072831266252324,-0.004856140188872814,,,False,env_mean_t,True,True,True,0
A,posterior_mean_shrunk,family_horizon,B,100,,,all,,,False,exploratory,power_a0.67,cp0,ok,-0.03181004276004387,-0.03456355432208511,-0.02905630316527095,0.0014220171689948902,0.5708749999999999,4,8000,4,-0.09677111516454008,0.03315102964445234,0.020412307443064645,0.21702965629917273,0.125,-0.8654535308894032,0.0038293135656994465,-0.06898396361991764,-0.0037699521929025646,,,False,env_mean_t,True,True,True,0
A,posterior_mean_shrunk,family_horizon,B,100,,,all,,,False,exploratory,refine_after_init,cp0,ok,0.005489929231291171,0.004188829656231974,0.006764613090490456,0.0006468122330553488,0.486875,4,8000,4,-0.0043802043857408945,0.015360062848323237,0.0031014297399597967,0.17484393742927648,0.125,-0.0004508496993278774,0.4664093395653931,0.001997070588171482,0.011576700759120285,,,False,env_mean_t,True,True,True,0
A,posterior_mean_shrunk,family_horizon,B,100,,,all,,,False,exploratory,rule_reservoir,cp0,ok,-0.019033150557603223,-0.0217982617468806,-0.016370968535193244,0.0013847666874368394,0.533875,4,8000,4,-0.07339295948152648,0.03532665836632003,0.017081139384401083,0.34639295382803603,0.5,-1.5292280528977755,0.02225993808871495,-0.046555556911975146,0.007355921484529972,,,False,env_mean_t,True,True,True,0
A,posterior_mean_shrunk,family_horizon,B,100,,,all,,,False,exploratory,uniform,cp0,ok,-0.019241026920906734,-0.02229060084791854,-0.016189060959732163,0.001540779486147416,0.5299375000000001,4,8000,4,-0.08392199681274548,0.04543994297093201,0.020324292599831494,0.41363353096866673,0.625,-9.497344830944568,0.014988503476133931,-0.055491726562380786,0.009203176259994507,,,False,env_mean_t,True,True,True,0
A,posterior_mean_shrunk,family_horizon,B,100,,,all,,,False,exploratory,always_search,p3_star,ok,0.009859545011422598,0.007351187491440214,0.012347757315728812,0.001284844375313913,0.4583125,4,8000,4,-0.00026961546715543495,0.019988705490000633,0.0031828221144724208,0.053389815821206395,0.125,-0.0029533115749325635,0.016755962554083643,0.0037781943745212624,0.014532958792522551,,,False,env_mean_t,True,True,True,0
A,posterior_mean_shrunk,family_horizon,B,100,,,all,,,False,exploratory,cp0,p3_star,ok,0.035331279574718794,0.03261893050512299,0.038070291632902806,0.0014142899502747604,0.4166875,4,8000,4,-0.03194889256710469,0.10261145171654228,0.021141023504503594,0.19327151325789144,0.125,-0.0018459406248553245,1.0103054882641735,0.006709435142576694,0.07415317450650036,,,False,env_mean_t,True,True,True,0
A,posterior_mean_shrunk,family_horizon,B,100,,,all,,,False,exploratory,fixed_K16,p3_star,ok,0.011193963965866714,0.008807588093623054,0.013535537540155929,0.0012165646797766409,0.48093749999999996,4,8000,4,-0.023261112889784573,0.045649040821518,0.010826601158500834,0.3772083165152924,0.5,-0.007439141527125985,1.8267797183971761,-0.003595677986741066,0.030860012194141744,,,False,env_mean_t,True,True,True,0
A,posterior_mean_shrunk,family_horizon,B,100,,,all,,,False,exploratory,phi_k1,p3_star,ok,-0.004293369155027904,-0.0064027177490061146,-0.0022213673779333484,0.0010688172388897816,0.51125,4,8000,4,-0.013444894114673854,0.004858155804618047,0.002875625880773537,0.23226581859366116,0.25,-0.030190755403493384,0.0023040243603672395,-0.009996725419536232,-5.220579437445843e-05,,,False,env_mean_t,True,True,True,0
A,posterior_mean_shrunk,family_horizon,B,100,,,all,,,False,exploratory,phi_k16_all71,p3_star,ok,-0.0016214003564091403,-0.0035141271633619907,0.00028842475894634833,0.0009740814952289237,0.510125,4,8000,4,-0.008548692732441243,0.005305892019622962,0.002176719325800078,0.5103879923942857,0.625,-0.006248084106359791,0.040234264254641536,-0.0043604070656001566,0.0027567796442890544,,,False,env_mean_t,True,True,True,0
A,posterior_mean_shrunk,family_horizon,B,100,,,all,,,False,exploratory,phi_k16_clock,p3_star,ok,-0.0006455917445709929,-0.0015726949788586351,0.0002731229466007786,0.0004737852581974634,0.5038750000000001,4,8000,4,-0.0035807114248857493,0.0022895279357437633,0.0009222841169202687,0.5343312017954175,0.5,-0.002345224148370679,0.012266123491960247,-0.0018905463181436062,0.001072733614477329,,,False,env_mean_t,True,True,True,0
A,posterior_mean_shrunk,family_horizon,B,100,,,all,,,False,exploratory,phi_k16_cs,p3_star,ok,-0.001363805980538018,-0.003314889915418461,0.0005901283341472662,0.0009943762028166766,0.5097499999999999,4,8000,4,-0.0081429027050915,0.005415290744015463,0.002130152742341128,0.5675619449338183,0.625,-0.006492096554359965,0.009576037595953182,-0.004580408602952957,0.002251331423060037,,,False,env_mean_t,True,True,True,0
A,posterior_mean_shrunk,family_horizon,B,100,,,all,,,False,exploratory,phi_k16_famA_only,p3_star,ok,0.000572845736867748,-0.0011348182233632538,0.0022865176004415845,0.0008797142781798508,0.506125,4,8000,4,-0.008511756701063956,0.009657448174799452,0.002854597239503726,0.853787289545522,0.875,-0.018107438247162384,0.03061778105869703,-0.004251845419406891,0.005397536893142387,,,False,env_mean_t,True,True,True,0
A,posterior_mean_shrunk,family_horizon,B,100,,,all,,,False,exploratory,phi_k16_famB_only,p3_star,ok,-0.0008451891659060494,-0.002830136586635489,0.0011282223844318639,0.0010108853284347995,0.507875,4,8000,4,-0.008456073349493866,0.006765695017681766,0.002391520061454524,0.7471566406269733,0.875,-0.006452237778533567,0.014159679034283678,-0.004462917938828468,0.0032178131473483513,,,False,env_mean_t,True,True,True,0
A,posterior_mean_shrunk,family_horizon,B,100,,,all,,,False,exploratory,phi_k16_guard,p3_star,ok,0.0012661845135735347,-0.0004405106781632639,0.002959757696953602,0.0008614896390130402,0.5085624999999999,4,8000,4,-0.010751156524522977,0.013283525551670046,0.0037761331646490085,0.759468144835898,0.75,-0.013759645590690373,0.030228271380809222,-0.004910262629389763,0.007442631656536833,,,False,env_mean_t,True,True,True,0
A,posterior_mean_shrunk,family_horizon,B,100,,,all,,,False,exploratory,phi_k16_hgb,p3_star,ok,0.0003356045939726754,-0.0016895822353944815,0.0023411631958879294,0.0010388726282444713,0.5001249999999999,4,8000,4,-0.004093593918407525,0.004764803106352876,0.0013917590706955692,0.82499020455554,0.875,-0.0037429469416036107,0.038472813892111414,-0.0018862197473645211,0.002557428935309872,,,False,env_mean_t,True,True,True,0
A,posterior_mean_shrunk,family_horizon,B,100,,,all,,,False,exploratory,phi_k16_lucb,p3_star,ok,-0.0010054409127915277,-0.0030131909157717013,0.0010059319630272502,0.0010136680042031952,0.508,4,8000,4,-0.008738026246169485,0.00672714442058643,0.002429761445005312,0.7068226542957213,0.75,-0.005740080829794304,0.01561252690615506,-0.004306349277496338,0.0035515089641558004,,,False,env_mean_t,True,True,True,0
A,posterior_mean_shrunk,family_horizon,B,100,,,all,,,False,exploratory,phi_k16_noT1000,p3_star,ok,-0.0001380872210720557,-0.0022146498838992545,0.0019594622339354825,0.001071755234014151,0.5061875,4,8000,4,-0.007257172972580603,0.006980998530436491,0.002236985346677796,0.9546609562252566,1.0,-0.01729288730358117,0.03987262531446239,-0.003951705604791642,0.003675531162647531,,,False,env_mean_t,True,True,True,0
A,posterior_mean_shrunk,family_horizon,B,100,,,all,,,False,exploratory,phi_k16_noT200,p3_star,ok,-0.0021265557470032943,-0.004146766487792775,-0.00011311552661936798,0.0010282375728110145,0.5113125000000001,4,8000,4,-0.00795072144565756,0.0036976099516509713,0.0018300907980708428,0.32928144888466815,0.375,-0.006081121726440415,0.006854162356621648,-0.004757351707667112,0.001413549140212126,,,False,env_mean_t,True,True,True,0
A,posterior_mean_shrunk,family_horizon,B,100,,,all,,,False,exploratory,phi_k16_noambig,p3_star,ok,-0.0020368760708952324,-0.004114867803582455,5.157760606380003e-05,0.0010728115742817722,0.5126875000000001,4,8000,4,-0.006467795643676512,0.0023940435018860477,0.0013922998686340048,0.23966589304921845,0.375,-0.007284162360280377,0.0071223789144885825,-0.004295060440897942,0.00022130829910747707,,,False,env_mean_t,True,True,True,0
A,posterior_mean_shrunk,family_horizon,B,100,,,all,,,False,exploratory,phi_k16_nopolicy,p3_star,ok,-0.001349936968763359,-0.0029057880818072587,0.00018737358150246997,0.0007852298513038842,0.514,4,8000,4,-0.0076815786612714305,0.004981704723744713,0.0019895517740537716,0.5460985983094965,0.625,-0.009263520698078622,0.009071823675776301,-0.004564084559679032,0.0018642106221523134,,,False,env_mean_t,True,True,True,0
A,posterior_mean_shrunk,family_horizon,B,100,,,all,,,False,exploratory,phi_k16_notrunc,p3_star,ok,-0.0019779403709108013,-0.0038402699602556817,-8.839736983645751e-05,0.0009628076745110392,0.5101249999999999,4,8000,4,-0.008523927912465154,0.004568047170643552,0.002056904316244479,0.40718282430417285,0.375,-0.0060288441765206195,0.019693844233228598,-0.004516439992934466,0.0020320579569088294,,,False,env_mean_t,True,True,True,0
A,posterior_mean_shrunk,family_horizon,B,100,,,all,,,False,exploratory,phi_k16_onpolicy_only,p3_star,ok,-0.0016423633728409187,-0.003781515677110292,0.0005141590387211181,0.0011037295386868969,0.5081249999999999,4,8000,4,-0.00443018624137751,0.0011454594956956726,0.0008759999701827061,0.1574963458005716,0.25,-0.003313660919315747,0.0984664753512602,-0.002641414102166891,7.263498671818521e-05,,,False,env_mean_t,True,True,True,0
A,posterior_mean_shrunk,family_horizon,B,100,,,all,,,False,exploratory,phi_k16_onpolicy_union,p3_star,ok,-0.0026292454205686226,-0.004648814015308744,-0.0005998087224725169,0.0010310714140729488,0.5139375,4,8000,4,-0.00829290189030205,0.0030344110491648045,0.0017796549969532087,0.23608158809015756,0.25,-0.006090640739398097,0.02071311539268357,-0.004817461643368006,0.0008332893803017214,,,False,env_mean_t,True,True,True,0
A,posterior_mean_shrunk,family_horizon,B,100,,,all,,,False,exploratory,phi_k16_perstep,p3_star,ok,-0.001475594538846053,-0.0036133188390067516,0.0006806860941651392,0.0010914703751866246,0.5043125,4,8000,4,-0.007669630169914998,0.004718441092222892,0.0019463126905818326,0.5034812654023456,0.625,-0.06417274186847673,0.003864272588600698,-0.00455158930271864,0.001600400225026533,,,False,env_mean_t,True,True,True,0
A,posterior_mean_shrunk,family_horizon,B,100,,,all,,,False,exploratory,phi_k16_quality,p3_star,ok,-0.0011149023646721615,-0.003121280547657079,0.0008882173933670855,0.001015651806296215,0.507875,4,8000,4,-0.007538293759197585,0.005308489029853262,0.002018381703364762,0.6191807187721583,0.75,-0.0071916911824045785,0.011790850020991762,-0.004303362250328064,0.0020735575209837407,,,False,env_mean_t,True,True,True,0
A,posterior_mean_shrunk,family_horizon,B,100,,,all,,,False,exploratory,phi_k16_tau05,p3_star,ok,-0.0012957442748593167,-0.00323725542093598,0.0006579450870049186,0.0009941867388948689,0.5095625,4,8000,4,-0.008058069565626243,0.00546658101590761,0.002124882760642235,0.5850808661116608,0.625,-0.006745716240144949,0.010075651019834696,-0.004548290237784386,0.0022410547068575397,,,False,env_mean_t,True,True,True,0
A,posterior_mean_shrunk,family_horizon,B,100,,,all,,,False,exploratory,phi_k16_weighted,p3_star,ok,-0.0010554961312445811,-0.0030232030316255983,0.0009070550502656257,0.0010078407811002028,0.5104375,4,8000,4,-0.008361248440515957,0.006250256178026794,0.002295640400009855,0.676945473916062,0.75,-0.007612616264910398,0.011610273833323607,-0.004636131331324577,0.002644282183086034,,,False,env_mean_t,True,True,True,0
A,posterior_mean_shrunk,family_horizon,B,100,,,all,,,False,exploratory,phi_k4,p3_star,ok,-0.004585926115163602,-0.006583855321878218,-0.0025460436940193177,0.001050194520844586,0.5124375,4,8000,4,-0.012231472665727133,0.0030596204353999295,0.0024024117980780664,0.1522931141611106,0.25,-0.012322888107496544,0.0006985076107174594,-0.008895888134837151,-0.0008016389821423216,,,False,env_mean_t,True,True,True,0
A,posterior_mean_shrunk,family_horizon,B,100,,,all,,,False,exploratory,phi_reservoir_rule,p3_star,ok,0.005019763169926591,0.003298463026294485,0.00670139937865315,0.0008903595142821759,0.47831250000000003,4,8000,4,-0.0031730122175262472,0.01321253855737943,0.0025743640588218727,0.1462874816944595,0.25,-0.04173594797348162,0.013110286887142296,0.0008749585638288409,0.009164567776024342,,,False,env_mean_t,True,True,True,0
A,posterior_mean_shrunk,family_horizon,B,100,,,all,,,False,exploratory,phi_sf_k16,p3_star,ok,-0.0024057548815617337,-0.0044208968174643815,-0.0004162998213359975,0.0010269464723169852,0.5100625,4,8000,4,-0.008398459577011864,0.0035869498138883966,0.001883049742426336,0.2912939876473846,0.25,-0.007448514566751295,0.0061067526041402925,-0.005663494577631354,0.001162177732330747,,,False,env_mean_t,True,True,True,0
A,posterior_mean_shrunk,family_horizon,B,100,,,all,,,False,exploratory,phi_sf_k16_noT1000,p3_star,ok,-0.0008084752965951336,-0.0027104391729153576,0.001096575404517352,0.0009758406213398777,0.5091874999999999,4,8000,4,-0.009290081769090741,0.0076731311759004744,0.0026651216262200193,0.7814408020410313,0.875,-0.0059733102861111755,0.015934982075475605,-0.0045263077467679975,0.004105111372773536,,,False,env_mean_t,True,True,True,0
A,posterior_mean_shrunk,family_horizon,B,100,,,all,,,False,exploratory,power_a0.25,p3_star,ok,0.0004450376273598522,-0.0008112777217320399,0.0017511179752546014,0.000652934635003735,0.49624999999999997,4,8000,4,-0.0019969087554815093,0.0028869840102012136,0.0007673173868753357,0.6026100110954846,0.625,-0.001744010481921765,0.002409528115584133,-0.0009614807479083538,0.0017647837304975837,,,False,env_mean_t,True,True,True,0
A,posterior_mean_shrunk,family_horizon,B,100,,,all,,,False,exploratory,power_a0.33,p3_star,ok,0.0,0.0,0.0,0.0,0.5,4,8000,4,0.0,0.0,0.0,1.0,1.0,0.0,0.0,0.0,0.0,,,False,env_mean_t,True,True,True,0
A,posterior_mean_shrunk,family_horizon,B,100,,,all,,,False,exploratory,power_a0.5,p3_star,ok,0.0016905153451953086,0.0006368816045323911,0.002759373839217005,0.0005389664743547548,0.4903125,4,8000,4,0.0009377015562887245,0.002443329134101893,0.00023655192160091214,0.005641530503192198,0.125,-0.001129673651744041,0.0022379609089914518,0.0012940139083657412,0.0020509680849500004,,,False,env_mean_t,True,True,True,0
A,posterior_mean_shrunk,family_horizon,B,100,,,all,,,False,exploratory,power_a0.67,p3_star,ok,0.0035212368146749213,0.0025652772033936343,0.00447850622003898,0.00048543430340886664,0.48525,4,8000,4,0.0008841488889385863,0.006158324740411256,0.0008286354812516608,0.023879474127401976,0.125,0.0017817749118742233,0.010379084445668348,0.0024550166077679024,0.005169210886582732,,,False,env_mean_t,True,True,True,0
A,posterior_mean_shrunk,family_horizon,B,100,,,all,,,False,exploratory,refine_after_init,p3_star,ok,0.040821208806009965,0.03800399258325342,0.043608436465729025,0.0014544943716008195,0.40612499999999996,4,8000,4,-0.03617069729803145,0.11781311491005138,0.024192680321491793,0.190123239493235,0.125,-0.0021381885023397315,1.3467576095027012,0.008706505730748177,0.08570652964245529,,,False,env_mean_t,True,True,True,0
A,posterior_mean_shrunk,family_horizon,B,100,,,all,,,False,exploratory,rule_reservoir,p3_star,ok,0.01629812901711557,0.013953500820571207,0.01860207900754176,0.001185042359109203,0.45006250000000003,4,8000,4,-0.0017029252679507806,0.03429918330218192,0.0056563575810155255,0.06345737938638864,0.125,0.003980815650238775,0.03724126922018181,0.007838867736863904,0.02699016268737614,,,False,env_mean_t,True,True,True,0
A,posterior_mean_shrunk,family_horizon,B,100,,,all,,,False,exploratory,uniform,p3_star,ok,0.01609025265381206,0.013898441137280315,0.018280817248160018,0.0011133935953316673,0.4436875,4,8000,4,0.011995360088757234,0.020185145218866885,0.0012867122245727178,0.0011023449236054993,0.125,0.012013006791557666,0.022102835528183054,0.014070941990474239,0.018114856613799933,,,False,env_mean_t,True,True,True,0
A,posterior_mean_shrunk,family_horizon,B,100,,,all,,,False,exploratory,always_search,phi_k16,ok,0.011155289286281914,0.009084120190527756,0.013204262375074905,0.0010730416970621678,0.45000000000000007,4,8000,4,-0.005638779519337358,0.027949358091901185,0.005277094157955359,0.12490259672784075,0.25,-0.012193817108649276,0.02191123272153517,0.0015371396676637232,0.018793619120493533,,,False,env_mean_t,True,True,True,0
A,posterior_mean_shrunk,family_horizon,B,100,,,all,,,False,exploratory,cp0,phi_k16,ok,0.03662702384957811,0.0338369035103824,0.03938737087883055,0.0014162573896152326,0.4051875,4,8000,4,-0.028083390225263793,0.10133743792442002,0.020333544659466962,0.16945745855567493,0.125,-0.0017202328506305403,0.471263637198073,0.011257725380361079,0.07573317180015146,,,False,env_mean_t,True,True,True,0
A,posterior_mean_shrunk,family_horizon,B,100,,,all,,,False,exploratory,fixed_K16,phi_k16,ok,0.012489708240726032,0.010127225370570158,0.014826384818934456,0.0012110647530219258,0.46618750000000003,4,8000,4,-0.019578241746695257,0.04455765822814732,0.010076509361424247,0.3032898650443026,0.125,-0.007182357052391775,0.2674205855115086,0.0009526122510433196,0.032352339496836066,,,False,env_mean_t,True,True,True,0
A,posterior_mean_shrunk,family_horizon,B,100,,,all,,,False,exploratory,p3_star,phi_k16,ok,0.0012957442748593167,-0.0006579450870049186,0.00323725542093598,0.0009941867388948689,0.49043749999999997,4,8000,4,-0.00546658101590761,0.008058069565626243,0.002124882760642235,0.5850808661116608,0.625,-0.010075651019834696,0.006745716240144949,-0.0022410547068575397,0.004548290237784386,,,False,env_mean_t,True,True,True,0
A,posterior_mean_shrunk,family_horizon,B,100,,,all,,,False,exploratory,phi_k1,phi_k16,ok,-0.002997624880168587,-0.00461603750463837,-0.0013479348670443869,0.0008463119225319517,0.50125,4,8000,4,-0.013517558683173963,0.00752230892283679,0.003305612347815417,0.43134867560636025,0.625,-0.04068206119935036,0.002960520724470506,-0.008943078929558396,0.0017171139866113663,,,False,env_mean_t,True,True,True,0
A,posterior_mean_shrunk,family_horizon,B,100,,,all,,,False,exploratory,phi_k16_all71,phi_k16,ok,-0.0003256560815498233,-0.0010001447028685105,0.0003497105740734694,0.0003359703899171978,0.5000625,4,8000,4,-0.0030612051903269725,0.0024098930272273256,0.0008595743168503454,0.7300172094698925,1.0,-0.02289397738379581,0.0012876423027205763,-0.001978304292075336,0.0007416342813521624,,,False,env_mean_t,True,True,True,0
A,posterior_mean_shrunk,family_horizon,B,100,,,all,,,False,exploratory,phi_k16_clock,phi_k16,ok,0.0006501525302883238,-0.0012718634068733079,0.0025523616161081007,0.000982750322731355,0.49375,4,8000,4,-0.004397401467315208,0.0056977065278918555,0.0015860610088607775,0.7093815976550724,0.875,-0.0033887098432149217,0.022659448512319106,-0.0018164956872351468,0.0032246963437646626,,,False,env_mean_t,True,True,True,0
A,posterior_mean_shrunk,family_horizon,B,100,,,all,,,False,exploratory,phi_k16_cs,phi_k16,ok,-6.806170567870141e-05,-0.00021715577825034415,6.70802515287505e-05,7.159473279508304e-05,0.5001249999999999,4,8000,4,-0.00023978829641621447,0.00010366488505881164,5.3960561864752036e-05,0.29635296111579423,0.5,-0.0011941491437347722,2.7560299348006995e-05,-0.00016628428548574447,6.851144134998321e-06,,,False,env_mean_t,True,True,True,0
A,posterior_mean_shrunk,family_horizon,B,100,,,all,,,False,exploratory,phi_k16_famA_only,phi_k16,ok,0.0018685900117270651,0.0002730380101183984,0.0034931560399797945,0.0008193193930387418,0.4955625,4,8000,4,-0.0034991596209115175,0.007236339644365648,0.0016866740606830317,0.34876320320257653,0.25,-0.0014270071055254476,0.10768858193361466,2.3083831183612344e-05,0.005207469252869487,,,False,env_mean_t,True,True,True,0
A,posterior_mean_shrunk,family_horizon,B,100,,,all,,,False,exploratory,phi_k16_famB_only,phi_k16,ok,0.00045055510895326736,-5.015039523641456e-05,0.0009652697525723397,0.0002575156444124946,0.4980625,4,8000,4,-0.0004647771566420435,0.0013658873745485782,0.0002876190759528655,0.21521431187349158,0.125,-0.00010166459369946221,0.004053518846451937,8.537229895591735e-05,0.0010037553063593804,,,False,env_mean_t,True,True,True,0
A,posterior_mean_shrunk,family_horizon,B,100,,,all,,,False,exploratory,phi_k16_guard,phi_k16,ok,0.0025619287884328513,0.0006750973397743118,0.004481003268401194,0.0009814369198940754,0.49693750000000003,4,8000,4,-0.005767296388841952,0.010891153965707655,0.0026172398143673543,0.3998334433780239,0.625,-0.0027113316651139036,0.04516790431063254,-0.00040035195066593585,0.007780626740306615,,,False,env_mean_t,True,True,True,0
A,posterior_mean_shrunk,family_horizon,B,100,,,all,,,False,exploratory,phi_k16_hgb,phi_k16,ok,0.0016313488688319924,0.00026196563776466114,0.00298456324962899,0.0006955542444252543,0.4901875,4,8000,4,-0.0010836985049427713,0.0043463962426067565,0.000853132186163538,0.15179892539160308,0.25,-0.0006762551143730173,0.018722086796665944,0.00015898985601961614,0.0032666485868394378,,,False,env_mean_t,True,True,True,0
A,posterior_mean_shrunk,family_horizon,B,100,,,all,,,False,exploratory,phi_k16_lucb,phi_k16,ok,0.0002903033620677889,-0.00034659976091688794,0.0009168153244218044,0.0003206460232753807,0.4988125,4,8000,4,-0.0015488411218319822,0.00212944784596756,0.000577902753880341,0.6499836669691326,0.625,-0.0010924482990724938,0.0017760307414327766,-0.0006814851313829422,0.0013104542572982612,,,False,env_mean_t,True,True,True,0
A,posterior_mean_shrunk,family_horizon,B,100,,,all,,,False,exploratory,phi_k16_noT1000,phi_k16,ok,0.0011576570537872612,-0.00010046743534530797,0.0023856044970557372,0.0006359283222676086,0.4963125,4,8000,4,-0.0030552060092493482,0.005370520116823871,0.0013237813489711157,0.44620981165856677,0.75,-0.0014919937182710557,0.0077010168422784004,-0.0007068395880050957,0.0035832261163741353,,,False,env_mean_t,True,True,True,0
A,posterior_mean_shrunk,family_horizon,B,100,,,all,,,False,exploratory,phi_k16_noT200,phi_k16,ok,-0.0008308114721439779,-0.00166138957848716,4.957611764666539e-06,0.0004234875353377578,0.5019374999999999,4,8000,4,-0.0026445616465423506,0.0009829387022543949,0.0005699232604135582,0.24097120895161447,0.375,-0.01702518682173753,0.0005909398888699626,-0.001749494839459658,5.44697493314743e-05,,,False,env_mean_t,True,True,True,0
A,posterior_mean_shrunk,family_horizon,B,100,,,all,,,False,exploratory,phi_k16_noambig,phi_k16,ok,-0.0007411317960359156,-0.0021273199924507933,0.0006381492507443907,0.0007039121351899501,0.502625,4,8000,4,-0.0031816839941657175,0.0016994204020938865,0.0007668793010200474,0.40511944292000945,0.5,-0.004391801592887241,0.0009465957815991253,-0.002221494651865214,0.0003882811851799488,,,False,env_mean_t,True,True,True,0
A,posterior_mean_shrunk,family_horizon,B,100,,,all,,,False,exploratory,phi_k16_nopolicy,phi_k16,ok,-5.4192693904042244e-05,-0.0015084773160566555,0.0013915254171479308,0.0007378921901039031,0.503375,4,8000,4,-0.001091970071688309,0.0009835846838802244,0.00032609423010885685,0.8785785255126709,0.625,-0.002214595011611537,0.0008525480829424945,-0.0006685135774314404,0.0005217298176139594,,,False,env_mean_t,True,True,True,0
A,posterior_mean_shrunk,family_horizon,B,100,,,all,,,False,exploratory,phi_k16_notrunc,phi_k16,ok,-0.0006821960960514843,-0.001610501834147726,0.00024223044256359546,0.0004725766354815991,0.5005625,4,8000,4,-0.00509000457633117,0.0037256123842282014,0.001385037816022709,0.6561269729195319,0.875,-0.0100585350230816,0.002177983330237199,-0.0034005238804966213,0.001122216602321714,,,False,env_mean_t,True,True,True,0
A,posterior_mean_shrunk,family_horizon,B,100,,,all,,,False,exploratory,phi_k16_onpolicy_only,phi_k16,ok,-0.00034661909798160194,-0.0018525857933127546,0.001138389579136856,0.0007560869629173382,0.49775,4,8000,4,-0.005158044151861974,0.0044648059558987695,0.0015118637024266917,0.8334033599613564,1.0,-0.005546712113761416,0.017598939618489365,-0.002800404843874276,0.0021071666479110717,,,False,env_mean_t,True,True,True,0
A,posterior_mean_shrunk,family_horizon,B,100,,,all,,,False,exploratory,phi_k16_onpolicy_union,phi_k16,ok,-0.0013335011457093061,-0.002149621159514936,-0.0005251973858321442,0.0004156016910423178,0.50425,4,8000,4,-0.0047334026895332545,0.0020664003981146427,0.0010683295860103618,0.30049849148708896,0.5,-0.014436580350719283,0.0007966790229875847,-0.003200825555250049,0.00023675087094306946,,,False,env_mean_t,True,True,True,0
A,posterior_mean_shrunk,family_horizon,B,100,,,all,,,False,exploratory,phi_k16_perstep,phi_k16,ok,-0.0001798502639867366,-0.0014909173987689426,0.0011376547526424472,0.0006752790740067562,0.4975625,4,8000,4,-0.0034987348171193837,0.0031390342891459105,0.0010428721287842047,0.8740566643777304,0.875,-0.005365316029672474,0.0030214272123975923,-0.001832095194142312,0.001455599419772625,,,False,env_mean_t,True,True,True,0
A,posterior_mean_shrunk,family_horizon,B,100,,,all,,,False,exploratory,phi_k16_quality,phi_k16,ok,0.000180841910187155,-0.0004645093988301596,0.0008219619062174385,0.0003295848009911177,0.4981875,4,8000,4,-0.00036282078310890316,0.0007245046034832131,0.0001708316939687037,0.3674752433084802,0.375,-0.003834082301602419,0.0007220534801308012,-9.474318753927947e-05,0.0004564270079135895,,,False,env_mean_t,True,True,True,0
A,posterior_mean_shrunk,family_horizon,B,100,,,all,,,False,exploratory,phi_k16_tau05,phi_k16,ok,0.0,0.0,0.0,0.0,0.5,4,8000,4,0.0,0.0,0.0,1.0,1.0,0.0,0.0,0.0,0.0,,,False,env_mean_t,True,True,True,0
A,posterior_mean_shrunk,family_horizon,B,100,,,all,,,False,exploratory,phi_k16_weighted,phi_k16,ok,0.00024024814361473548,-0.000724272031349926,0.0012112144459706536,0.000495974453592799,0.49987499999999996,4,8000,4,-0.0003705465723238983,0.0008510428595533692,0.0001919261653918723,0.29936626288575835,0.5,-0.004563473112105408,0.001812963094196965,-8.784109354019164e-05,0.0005683373807696626,,,False,env_mean_t,True,True,True,0
A,posterior_mean_shrunk,family_horizon,B,100,,,all,,,False,exploratory,phi_k4,phi_k16,ok,-0.003290181840304285,-0.004758424215469859,-0.0017677857067610611,0.000766610206317282,0.5041875,4,8000,4,-0.011622759257065296,0.005042395576456725,0.002618293167406066,0.2978352283859022,0.5,-1.950410334636171,0.0015401673024035313,-0.007842241644859313,0.0004880390092730522,,,False,env_mean_t,True,True,True,0
A,posterior_mean_shrunk,family_horizon,B,100,,,all,,,False,exploratory,phi_reservoir_rule,phi_k16,ok,0.0063155074447859075,0.004067567054516986,0.008526949601218803,0.0011598712997319429,0.46674999999999994,4,8000,4,-0.007300617298590927,0.01993163218816274,0.004278508869346969,0.23639966147121902,0.5,-0.09148577475828829,0.7225077840013736,-0.0010818431242369114,0.013712858013808726,,,False,env_mean_t,True,True,True,0
A,posterior_mean_shrunk,family_horizon,B,100,,,all,,,False,exploratory,phi_sf_k16,phi_k16,ok,-0.0011100106067024173,-0.0025780823401873923,0.00032540024913032503,0.0007408938829063974,0.4999375,4,8000,4,-0.007529923554531362,0.005309902341126527,0.0020172886930315778,0.6204690096099943,0.75,-0.009885316854692204,0.003185080660043774,-0.0046692727599292995,0.0018382284273393452,,,False,env_mean_t,True,True,True,0
A,posterior_mean_shrunk,family_horizon,B,100,,,all,,,False,exploratory,phi_sf_k16_noT1000,phi_k16,ok,0.0004872689782641828,-9.672704001957293e-05,0.0010734900800486002,0.00029805292320277555,0.4994375,4,8000,4,-0.0016825752275124277,0.002657113184040793,0.0006818164385598876,0.526409297258094,0.75,-0.0010188709640512527,0.022706548327984077,-0.00042423222213983536,0.0018640566659159957,,,False,env_mean_t,True,True,True,0
A,posterior_mean_shrunk,family_horizon,B,100,,,all,,,False,exploratory,power_a0.25,phi_k16,ok,0.0017407819022191684,-0.0002486035853507919,0.00376243682758286,0.001019063425864654,0.48787499999999995,4,8000,4,-0.006605166861086041,0.010086730665524377,0.0026224947611680717,0.554281072957571,0.625,-0.008884554947861016,0.017205777201910813,-0.002523745903978124,0.006005309708416461,,,False,env_mean_t,True,True,True,0
A,posterior_mean_shrunk,family_horizon,B,100,,,all,,,False,exploratory,power_a0.33,phi_k16,ok,0.0012957442748593167,-0.0006579450870049186,0.00323725542093598,0.0009941867388948689,0.49043749999999997,4,8000,4,-0.00546658101590761,0.008058069565626243,0.002124882760642235,0.5850808661116608,0.625,-0.010075651019834696,0.006745716240144949,-0.0022410547068575397,0.004548290237784386,,,False,env_mean_t,True,True,True,0
A,posterior_mean_shrunk,family_horizon,B,100,,,all,,,False,exploratory,power_a0.5,phi_k16,ok,0.002986259620054625,0.0010349867560535133,0.004982061940972924,0.0010100641643328316,0.48506249999999995,4,8000,4,-0.0038916152477687514,0.009864134487878002,0.0021611911743504592,0.26096176321548287,0.375,-0.006801615106312501,0.010380353309552818,-0.0004290659513790159,0.006401585191488266,,,False,env_mean_t,True,True,True,0
A,posterior_mean_shrunk,family_horizon,B,100,,,all,,,False,exploratory,power_a0.67,phi_k16,ok,0.004816981089534238,0.002820790221448988,0.006792389902693684,0.0010231030235733996,0.4788125,4,8000,4,-0.0024761110707187005,0.012110073249787176,0.0022916622813539587,0.12632937312502185,0.25,-0.031907127168704405,0.009803271672715698,0.0002139619009103625,0.007859765211120247,,,False,env_mean_t,True,True,True,0
A,posterior_mean_shrunk,family_horizon,B,100,,,all,,,False,exploratory,refine_after_init,phi_k16,ok,0.04211695308086928,0.039280858653364704,0.04494196462910622,0.0014541268697474184,0.39587500000000003,4,8000,4,-0.03241152653994929,0.11664543270168785,0.0234186133783566,0.16994536013771866,0.125,-0.002074531804646229,0.6273755053135205,0.013254795968532563,0.08728652693610638,,,False,env_mean_t,True,True,True,0
A,posterior_mean_shrunk,family_horizon,B,100,,,all,,,False,exploratory,rule_reservoir,phi_k16,ok,0.017593873291974885,0.015029919707740192,0.020206907941610553,0.0013231992836193176,0.4399375,4,8000,4,-0.0030527887089442478,0.03824053529289402,0.006487670182098651,0.07304748795710628,0.125,-0.0018118214207414537,0.03213936893333518,0.006124163833679632,0.028043809177353975,,,False,env_mean_t,True,True,True,0
A,posterior_mean_shrunk,family_horizon,B,100,,,all,,,False,exploratory,uniform,phi_k16,ok,0.017385996928671373,0.015298519213683904,0.019479177409084513,0.0010816752234650594,0.43800000000000006,4,8000,4,0.008203283918150143,0.0265687099391926,0.002885425904994998,0.009162864484230251,0.125,0.0011652535356715572,0.023722442547035233,0.011740139151690528,0.021533843774348495,,,False,env_mean_t,True,True,True,0
A,posterior_mean_shrunk,family_horizon,B,200,,,all,,,False,exploratory,always_search,cp0,ok,-0.03338448417567997,-0.03581851206181454,-0.030988618217088516,0.0012365352177305593,0.5959375,4,8000,4,-0.10062366584624535,0.03385469749488542,0.02112814332764404,0.2122137654729793,0.25,-0.7752093394977143,0.012990897231690626,-0.06869770524278283,-0.0014463161528110503,,,False,env_mean_t,True,True,True,0
A,posterior_mean_shrunk,family_horizon,B,200,,,all,,,False,exploratory,fixed_K16,cp0,ok,-0.00692362867249176,-0.00794269692414673,-0.005911817634478212,0.0005207138578592818,0.5314375,4,8000,4,-0.015491980469858144,0.0016447231248746252,0.0026923790617113135,0.08238096767223685,0.125,-2.8771271693479674,-0.0008744941021372266,-0.011340169060975314,-0.0028291249275207517,,,False,env_mean_t,True,True,True,0
A,posterior_mean_shrunk,family_horizon,B,200,,,all,,,False,exploratory,p3_star,cp0,ok,-0.03337632882976322,-0.03580774768975061,-0.030981243236965383,0.001236531652120134,0.59575,4,8000,4,-0.100627867749293,0.033875210089766565,0.021132026267929274,0.21236190493654672,0.25,-0.7826360029754936,0.013019419502525796,-0.06868954989686608,-0.0014300054609775541,,,False,env_mean_t,True,True,True,0
A,posterior_mean_shrunk,family_horizon,B,200,,,all,,,False,exploratory,phi_k1,cp0,ok,-0.033353495989082146,-0.03578692038760636,-0.03095597722895036,0.0012366243325763215,0.5976874999999999,4,8000,4,-0.1006396731603874,0.033932681182223104,0.021142910426985774,0.21277719185520433,0.25,-0.8041857717093925,0.013099325999942214,-0.068666717056185,-0.001384339779615402,,,False,env_mean_t,True,True,True,0
A,posterior_mean_shrunk,family_horizon,B,200,,,all,,,False,exploratory,phi_k16_all71,cp0,ok,-0.03458697071307688,-0.03697529666533228,-0.032228572558960875,0.0012075958879987656,0.6038125,4,8000,4,-0.09617064164657621,0.026996700220422457,0.019351047912812874,0.17184618561168788,0.125,-0.9160188984955399,0.00680706440113233,-0.0670953862555325,-0.00551021508872509,,,False,env_mean_t,True,True,True,0
A,posterior_mean_shrunk,family_horizon,B,200,,,all,,,False,exploratory,phi_k16_clock,cp0,ok,-0.03258256480027921,-0.03495264811353991,-0.030274945140990894,0.0011787347820897667,0.5973124999999999,4,8000,4,-0.09219018397057924,0.02702505437002082,0.01873012564935833,0.1803122994309134,0.125,-21.076949896768145,0.010540043243868084,-0.06307611485943199,-0.0039414214640855795,,,False,env_mean_t,True,True,True,0
A,posterior_mean_shrunk,family_horizon,B,200,,,all,,,False,exploratory,phi_k16_cs,cp0,ok,-0.0337877179645875,-0.036162538950156885,-0.031445118079136594,0.0011995799990351412,0.59975,4,8000,4,-0.0938206033914036,0.026245167462228595,0.018863754378870598,0.17119222091396785,0.125,-1.1403884676702654,0.008170497728329451,-0.06504679440334439,-0.0051728695034980775,,,False,env_mean_t,True,True,True,0
A,posterior_mean_shrunk,family_horizon,B,200,,,all,,,False,exploratory,phi_k16_famA_only,cp0,ok,-0.032073987661948196,-0.03438324703020044,-0.02977017035591416,0.001182357591527721,0.5955,4,8000,4,-0.08719048877656083,0.023042513452664427,0.01731890999169556,0.16111011370202,0.125,-0.84365386965092,0.010185751708512263,-0.06002187693119049,-0.00527367340028286,,,False,env_mean_t,True,True,True,0
A,posterior_mean_shrunk,family_horizon,B,200,,,all,,,False,exploratory,phi_k16_famB_only,cp0,ok,-0.03409696396448999,-0.036449198245827576,-0.03178334568219725,0.0011895731506535866,0.6013125,4,8000,4,-0.0939789568473628,0.02578502891838281,0.01881634036792789,0.16763940937877495,0.125,-0.6934154509132296,0.0072465951658651565,-0.06553734058141708,-0.005646546885371208,,,False,env_mean_t,True,True,True,0
A,posterior_mean_shrunk,family_horizon,B,200,,,all,,,False,exploratory,phi_k16_guard,cp0,ok,-0.03247769031790085,-0.03482556524540996,-0.03015275375219062,0.001193961867143925,0.5970625,4,8000,4,-0.0901341450757247,0.025178764439923014,0.018117023580915978,0.17093212213939157,0.125,-1.0197740950817558,0.0064054449799393065,-0.06283903997391463,-0.005230121687054634,,,False,env_mean_t,True,True,True,0
A,posterior_mean_shrunk,family_horizon,B,200,,,all,,,False,exploratory,phi_k16_hgb,cp0,ok,-0.03454930560672074,-0.036924539806204845,-0.03220852040249156,0.0012093380543883518,0.5995625,4,8000,4,-0.09761701976408624,0.028518408550644768,0.01981736944081549,0.1796207200051187,0.125,-2.291338946492357,0.007681044557250202,-0.06769824462756516,-0.004791290685534477,,,False,env_mean_t,True,True,True,0
A,posterior_mean_shrunk,family_horizon,B,200,,,all,,,False,exploratory,phi_k16_lucb,cp0,ok,-0.03440024409451871,-0.036765080635086635,-0.03209804362704745,0.001194627730118834,0.6015,4,8000,4,-0.0955383645612901,0.02673787637225268,0.019211045404054685,0.17127733109350102,0.125,-0.875807128680206,0.007074108396733787,-0.06659665241837501,-0.005469523087143898,,,False,env_mean_t,True,True,True,0
A,posterior_mean_shrunk,family_horizon,B,200,,,all,,,False,exploratory,phi_k16_noT1000,cp0,ok,-0.035349692870018774,-0.037753234448609875,-0.03299703366064932,0.001211560962969878,0.6060625,4,8000,4,-0.09920823532227113,0.02850884958223359,0.020065866420504938,0.17633655472088866,0.125,-1.6506031361539737,0.0060095830195511304,-0.06929910625889898,-0.0054745468497276305,,,False,env_mean_t,True,True,True,0
A,posterior_mean_shrunk,family_horizon,B,200,,,all,,,False,exploratory,phi_k16_noT200,cp0,ok,-0.035073925234464697,-0.03742765644856263,-0.03272786076704506,0.001208391815588598,0.603125,4,8000,4,-0.09831378972069235,0.02816593925176295,0.019871463151234524,0.1757415158434572,0.125,-0.8756352725381159,0.006397124412504035,-0.06872256805747748,-0.005401415660977363,,,False,env_mean_t,True,True,True,0
A,posterior_mean_shrunk,family_horizon,B,200,,,all,,,False,exploratory,phi_k16_noambig,cp0,ok,-0.03546707022571354,-0.037883221931406294,-0.03312449049408315,0.001213786058536731,0.6049375,4,8000,4,-0.09996860189978507,0.029034461448357994,0.020267908862117115,0.17844114941457645,0.125,-1.4755078147048446,0.006050451412658697,-0.06984389934316278,-0.005341037213802338,,,False,env_mean_t,True,True,True,0
A,posterior_mean_shrunk,family_horizon,B,200,,,all,,,False,exploratory,phi_k16_nopolicy,cp0,ok,-0.033814302735117964,-0.03621640854835277,-0.031452869331405967,0.0012097562792031692,0.6016250000000001,4,8000,4,-0.09530866244484454,0.027680056974608618,0.019322984211117587,0.17843399334767868,0.125,-3.721931194455058,0.008845850533406995,-0.0657437570616603,-0.004548272237181664,,,False,env_mean_t,True,True,True,0
A,posterior_mean_shrunk,family_horizon,B,200,,,all,,,False,exploratory,phi_k16_notrunc,cp0,ok,-0.03494071998083382,-0.037396315373189284,-0.03257622418459505,0.0012245207690213381,0.6045,4,8000,4,-0.09996541013478899,0.030083970173121345,0.020432297646623878,0.1857808050772868,0.125,-6.7485695551048615,0.007682806389487769,-0.06925067849829793,-0.004422162681818009,,,False,env_mean_t,True,True,True,0
A,posterior_mean_shrunk,family_horizon,B,200,,,all,,,False,exploratory,phi_k16_onpolicy_only,cp0,ok,-0.03450925641143112,-0.03691089162603021,-0.03215050200815313,0.0012165498322864845,0.5969375,4,8000,4,-0.09988472353399533,0.030866210711133095,0.020542520077722455,0.19156979273397004,0.125,-62.035906720133035,0.008996621020442998,-0.06880764036253094,-0.003708121910691261,,,False,env_mean_t,True,True,True,0
A,posterior_mean_shrunk,family_horizon,B,200,,,all,,,False,exploratory,phi_k16_onpolicy_union,cp0,ok,-0.03522938044005423,-0.037588765588589014,-0.032908165015396666,0.0012043144788525253,0.6031875,4,8000,4,-0.09897728175365839,0.028518520873549925,0.020031100354392678,0.17686112050734773,0.125,-1.028681150969034,0.006262184229648561,-0.06917676015570759,-0.005373082354664802,,,False,env_mean_t,True,True,True,0
A,posterior_mean_shrunk,family_horizon,B,200,,,all,,,False,exploratory,phi_k16_perstep,cp0,ok,-0.03392681396761327,-0.03629679703444708,-0.03163832956488477,0.0011923215315229401,0.5939375,4,8000,4,-0.09441485243600181,0.026561224500775284,0.01900677424406574,0.17225331669265626,0.125,-0.5497444588676323,0.008029172340393055,-0.06574158130586147,-0.005167845040559768,,,False,env_mean_t,True,True,True,0
A,posterior_mean_shrunk,family_horizon,B,200,,,all,,,False,exploratory,phi_k16_quality,cp0,ok,-0.0338167950437346,-0.036152408456837294,-0.031496988239814526,0.0011885679147605754,0.6000625,4,8000,4,-0.0941023597181778,0.0264687696307086,0.018943152182757373,0.17222096259575378,0.125,-0.8322658248192711,0.00822194654986478,-0.06531501337885856,-0.005102419018745422,,,False,env_mean_t,True,True,True,0
A,posterior_mean_shrunk,family_horizon,B,200,,,all,,,False,exploratory,phi_k16_tau05,cp0,ok,-0.03383943818890839,-0.03622024038049858,-0.031489084527129306,0.0011987135242006622,0.60025,4,8000,4,-0.09388396835469123,0.02620509197687445,0.018867413431639973,0.17078186257228503,0.125,-1.1096363945598464,0.008033695394497595,-0.06513198474422098,-0.005234215497970581,,,False,env_mean_t,True,True,True,0
A,posterior_mean_shrunk,family_horizon,B,200,,,all,,,False,exploratory,phi_k16_weighted,cp0,ok,-0.03356479468577891,-0.03590041047282284,-0.031249560869764537,0.0011868725268079237,0.5980624999999999,4,8000,4,-0.09384536247663325,0.02671577310507544,0.018941582043590983,0.1745122680574356,0.125,-1.5596555373684478,0.008915237580196904,-0.06481302418187261,-0.004774211198091506,,,False,env_mean_t,True,True,True,0
A,posterior_mean_shrunk,family_horizon,B,200,,,all,,,False,exploratory,phi_k4,cp0,ok,-0.03402456609540968,-0.036477832264790774,-0.03163200222979867,0.0012355341096485146,0.5981875000000001,4,8000,4,-0.10021378652373089,0.03216465433291154,0.020798220638767573,0.2003708507340993,0.125,-1.2619153627211503,0.010711739957386557,-0.06883617210015655,-0.0027264799922704693,,,False,env_mean_t,True,True,True,0
A,posterior_mean_shrunk,family_horizon,B,200,,,all,,,False,exploratory,phi_reservoir_rule,cp0,ok,-0.0331247412962839,-0.035502935445947514,-0.030768552968766016,0.0012068230764117798,0.59675,4,8000,4,-0.10048327697488028,0.034233794382312485,0.021165647183666002,0.2155427959138482,0.25,-0.8003702254391436,0.012693036330627065,-0.06863457431644202,-0.0012349473536014555,,,False,env_mean_t,True,True,True,0
A,posterior_mean_shrunk,family_horizon,B,200,,,all,,,False,exploratory,phi_sf_k16,cp0,ok,-0.034493570637045196,-0.03693926754058339,-0.0321046346485673,0.0012283118866838773,0.6029375,4,8000,4,-0.10012290201725409,0.031135760743163696,0.020622290239821716,0.19299251716181226,0.125,-2.088261754753996,0.009171948267495213,-0.06907335318997503,-0.0035767672806978224,,,False,env_mean_t,True,True,True,0
A,posterior_mean_shrunk,family_horizon,B,200,,,all,,,False,exploratory,phi_sf_k16_noT1000,cp0,ok,-0.03459737662234693,-0.03695183645177167,-0.032237447067745964,0.0012039485970054848,0.6018125,4,8000,4,-0.09648552737119509,0.027290774126501223,0.019446722681886998,0.17327682573613787,0.125,-0.9896968884514686,0.006938199563385053,-0.06726046585291624,-0.005386426955461501,,,False,env_mean_t,True,True,True,0
A,posterior_mean_shrunk,family_horizon,B,200,,,all,,,False,exploratory,power_a0.25,cp0,ok,-0.031120587440673263,-0.03352435571505339,-0.02874023717995442,0.0012157640146800966,0.586125,4,8000,4,-0.09347319425877965,0.031232019377433116,0.01959266577870755,0.2104084320708813,0.125,-1.2024225069598669,0.00820243765566522,-0.06458556436002255,-0.0021583851128816603,,,False,env_mean_t,True,True,True,0
A,posterior_mean_shrunk,family_horizon,B,200,,,all,,,False,exploratory,power_a0.33,cp0,ok,-0.030719157906481994,-0.03315072153545771,-0.028376521848076666,0.0012099387740710013,0.584625,4,8000,4,-0.09193351809368712,0.030495202280723135,0.019235001729824317,0.20853831248578059,0.125,-1.1790244924009181,0.009396941961873604,-0.06320768412202596,-0.0019963254034519196,,,False,env_mean_t,True,True,True,0
A,posterior_mean_shrunk,family_horizon,B,200,,,all,,,False,exploratory,power_a0.5,cp0,ok,-0.033374256681738185,-0.03581643557445204,-0.030985681377205764,0.001236519005289985,0.5959375,4,8000,4,-0.10062893662225256,0.03388042325877619,0.021133013251112425,0.21239956092561554,0.25,-0.7845451410389894,0.013026668117901832,-0.06868747774884104,-0.0014258611649274825,,,False,env_mean_t,True,True,True,0
A,posterior_mean_shrunk,family_horizon,B,200,,,all,,,False,exploratory,power_a0.67,cp0,ok,-0.03337632882976322,-0.03580774768975061,-0.030981243236965383,0.001236531652120134,0.59575,4,8000,4,-0.100627867749293,0.033875210089766565,0.021132026267929274,0.21236190493654672,0.25,-0.7826360029754936,0.013019419502525796,-0.06868954989686608,-0.0014300054609775543,,,False,env_mean_t,True,True,True,0
A,posterior_mean_shrunk,family_horizon,B,200,,,all,,,False,exploratory,refine_after_init,cp0,ok,0.029365758982952683,0.027475840447004886,0.031214554561302066,0.0009548332074317213,0.401625,4,8000,4,-0.006153971716555864,0.06488548968246123,0.01116114061077365,0.07825308742237773,0.125,0.002881538890675807,1.121316408395645,0.012188705384731293,0.04744473585300148,,,False,env_mean_t,True,True,True,0
A,posterior_mean_shrunk,family_horizon,B,200,,,all,,,False,exploratory,rule_reservoir,cp0,ok,-0.027515543393790726,-0.029618386185939014,-0.025445618947560436,0.0010904784202199814,0.583125,4,8000,4,-0.08177291090363907,0.02674182411605762,0.01704894986594642,0.20495063996786816,0.25,-0.5093800740994252,0.011932709279211813,-0.05563793420791626,-0.001440344735980034,,,False,env_mean_t,True,True,True,0
A,posterior_mean_shrunk,family_horizon,B,200,,,all,,,False,exploratory,uniform,cp0,ok,-0.03253545060017495,-0.034984230346890396,-0.030156375092337838,0.001238212454700995,0.5900000000000001,4,8000,4,-0.09913862586948236,0.03406772466913246,0.02092829505362853,0.21787566762306873,0.25,-0.9691071314999403,0.01506077596009811,-0.06705883060023188,-0.0006320441216230393,,,False,env_mean_t,True,True,True,0
A,posterior_mean_shrunk,family_horizon,B,200,,,all,,,False,exploratory,always_search,p3_star,ok,-8.155345916748048e-06,-1.904701425701205e-05,-8.122153715817205e-07,4.839390410642206e-06,0.500375,4,8000,4,-3.4109296397813446e-05,1.7798604564317348e-05,8.155345916748048e-06,0.3910022189557705,1.0,-8.155345916748048e-06,8.155345916748048e-06,-2.4466037750244143e-05,0.0,,,False,env_mean_t,True,True,True,0
A,posterior_mean_shrunk,family_horizon,B,200,,,all,,,False,exploratory,cp0,p3_star,ok,0.03337632882976322,0.030981243236965383,0.03580774768975061,0.001236531652120134,0.40425,4,8000,4,-0.033875210089766565,0.100627867749293,0.021132026267929274,0.21236190493654672,0.25,-0.013019419502525796,0.7826360029754936,0.0014300054609775541,0.06868954989686608,,,False,env_mean_t,True,True,True,0
A,posterior_mean_shrunk,family_horizon,B,200,,,all,,,False,exploratory,fixed_K16,p3_star,ok,0.026452700157271462,0.024131389550530003,0.02880383737574448,0.0012010349421565983,0.428875,4,8000,4,-0.03223697716040434,0.08514237747494727,0.018441686579357307,0.2469347694129591,0.375,-0.013901053165758973,0.5915987958423944,-0.0013991194665431978,0.057353218063712116,,,False,env_mean_t,True,True,True,0
A,posterior_mean_shrunk,family_horizon,B,200,,,all,,,False,exploratory,phi_k1,p3_star,ok,2.283284068107605e-05,-3.7759319457109084e-05,8.47635956233716e-05,3.105682790459357e-05,0.5008125,4,8000,4,-4.983144878354595e-05,9.549713014569805e-05,2.2832840681076047e-05,0.3910022189557704,1.0,-2.283284068107605e-05,2.283284068107605e-05,0.0,6.849852204322815e-05,,,False,env_mean_t,True,True,True,0
A,posterior_mean_shrunk,family_horizon,B,200,,,all,,,False,exploratory,phi_k16_all71,p3_star,ok,-0.0012106418833136559,-0.0021086075299535877,-0.0003115113186140662,0.000460515452382711,0.5079375,4,8000,4,-0.00811394758925715,0.005692663822629839,0.0021691821459743628,0.6157137466605362,0.75,-0.00878275812648852,0.003813666721848204,-0.005311561033129692,0.002218804322183132,,,False,env_mean_t,True,True,True,0
A,posterior_mean_shrunk,family_horizon,B,200,,,all,,,False,exploratory,phi_k16_clock,p3_star,ok,0.0007937640294840094,-0.0006921241059899329,0.002321985504386248,0.0007666022233421752,0.5029374999999999,4,8000,4,-0.00722650049941235,0.00881402855838037,0.0025201570614343393,0.7734237239982498,0.875,-0.004879263974212767,0.011172748557595688,-0.003048954817611957,0.005613435037434101,,,False,env_mean_t,True,True,True,0
A,posterior_mean_shrunk,family_horizon,B,200,,,all,,,False,exploratory,phi_k16_cs,p3_star,ok,-0.00041138913482427616,-0.0013922025696956552,0.0005702574790120707,0.0005085047132374587,0.50375,4,8000,4,-0.008428613068257294,0.0076058347986087405,0.002519201634328376,0.8806620429100046,0.75,-0.007060240738519213,0.006503969686746464,-0.004841005079448223,0.00412236499786377,,,False,env_mean_t,True,True,True,0
A,posterior_mean_shrunk,family_horizon,B,200,,,all,,,False,exploratory,phi_k16_famA_only,p3_star,ok,0.0013023411678150297,7.215581463242417e-05,0.002519971097990491,0.000634551457447085,0.49831249999999994,4,8000,4,-0.01165043271650422,0.014255115052134278,0.004070068319083403,0.7699735725649471,0.875,-0.008185988947282157,0.020090052145439345,-0.004969770207069814,0.009227635454386473,,,False,env_mean_t,True,True,True,0
A,posterior_mean_shrunk,family_horizon,B,200,,,all,,,False,exploratory,phi_k16_famB_only,p3_star,ok,-0.0007206351347267628,-0.00171852624262101,0.00029042361866231625,0.0005151420390288295,0.5049375,4,8000,4,-0.00926431029642421,0.007823040026970682,0.002684625078359585,0.8057682063760483,0.75,-0.008500064443977669,0.006307992230399557,-0.005660977832973003,0.0039416286312043665,,,False,env_mean_t,True,True,True,0
A,posterior_mean_shrunk,family_horizon,B,200,,,all,,,False,exploratory,phi_k16_guard,p3_star,ok,0.0008986385118623729,-0.0003162239132507239,0.0021121907189808552,0.0006274579009971931,0.5001875,4,8000,4,-0.009328076725043344,0.011125353748768088,0.003213476129959097,0.7979208126382944,0.75,-0.007240745783841432,0.010462435608950948,-0.004304941998008872,0.006341496843844652,,,False,env_mean_t,True,True,True,0
A,posterior_mean_shrunk,family_horizon,B,200,,,all,,,False,exploratory,phi_k16_hgb,p3_star,ok,-0.0011729767769575118,-0.0020113668488193066,-0.0003439097188675078,0.0004303032878590271,0.5025625,4,8000,4,-0.006331453491213439,0.003985499937298416,0.001620915553450653,0.5216025330829716,0.75,-0.007223899697059791,0.002339405341664997,-0.004223962292075157,0.0012503423243761065,,,False,env_mean_t,True,True,True,0
A,posterior_mean_shrunk,family_horizon,B,200,,,all,,,False,exploratory,phi_k16_lucb,p3_star,ok,-0.0010239152647554875,-0.0020070914079042264,-4.518955229286846e-05,0.0005029968952662852,0.5059375,4,8000,4,-0.008306742843968148,0.006258912314457172,0.002288436906891792,0.6848978515400732,0.75,-0.008152193463577513,0.004518267127506909,-0.00531278508156538,0.002738700192421675,,,False,env_mean_t,True,True,True,0
A,posterior_mean_shrunk,family_horizon,B,200,,,all,,,False,exploratory,phi_k16_noT1000,p3_star,ok,-0.0019733640402555463,-0.0027477666319100534,-0.0011849293725390453,0.000402941888730401,0.5115624999999999,4,8000,4,-0.006966196207874227,0.0030194681273631348,0.0015688661138851742,0.297452129133853,0.5,-0.06684535380582776,0.0008368739042086235,-0.004897714555263519,9.781330823898316e-05,,,False,env_mean_t,True,True,True,0
A,posterior_mean_shrunk,family_horizon,B,200,,,all,,,False,exploratory,phi_k16_noT200,p3_star,ok,-0.0016975964047014711,-0.0024902052189645476,-0.0008898801901523262,0.00040714256873626917,0.5073125,4,8000,4,-0.00756955272826842,0.0041743599188654775,0.0018451077442588548,0.42539808098340337,0.75,-0.01462267012625028,0.002071726252448958,-0.005320918321609497,0.0006522604264318943,,,False,env_mean_t,True,True,True,0
A,posterior_mean_shrunk,family_horizon,B,200,,,all,,,False,exploratory,phi_k16_noambig,p3_star,ok,-0.0020907413959503174,-0.0028413360494596415,-0.0013316706015757517,0.0003869595433748411,0.5113749999999999,4,8000,4,-0.006847079836060031,0.0026655970441593966,0.001494554183746298,0.2563016080744311,0.25,-0.020714598128989365,0.0008380761133580071,-0.0050101297646760945,-0.00027045103907585144,,,False,env_mean_t,True,True,True,0
A,posterior_mean_shrunk,family_horizon,B,200,,,all,,,False,exploratory,phi_k16_nopolicy,p3_star,ok,-0.00043797390535473815,-0.0013838789127476048,0.0004918979662761555,0.0004866235507856263,0.50525,4,8000,4,-0.006753597754580204,0.0058776499438707285,0.0019845185883387412,0.8394964448600987,0.75,-0.0055002198569855925,0.004843881513228539,-0.003881942421197891,0.003098325867205858,,,False,env_mean_t,True,True,True,0
A,posterior_mean_shrunk,family_horizon,B,200,,,all,,,False,exploratory,phi_k16_notrunc,p3_star,ok,-0.0015643911510705949,-0.002257821403873095,-0.0008575024328820292,0.0003573866422555668,0.5100625000000001,4,8000,4,-0.005204716210093872,0.002075933907952682,0.001143876348511951,0.26487519693528416,0.25,-0.024328099308549556,0.0005986078571437142,-0.0037657710611820223,-0.00013662508130073549,,,False,env_mean_t,True,True,True,0
A,posterior_mean_shrunk,family_horizon,B,200,,,all,,,False,exploratory,phi_k16_onpolicy_only,p3_star,ok,-0.0011329275816679002,-0.001825075638430462,-0.00045716409518945514,0.0003500377205868888,0.5041249999999999,4,8000,4,-0.00421391716128528,0.0019480619979494796,0.0009681198939639978,0.3264133844101492,0.5,-0.1810071909956985,0.0006774403064628961,-0.0030077274888753894,1.22612863779068e-05,,,False,env_mean_t,True,True,True,0
A,posterior_mean_shrunk,family_horizon,B,200,,,all,,,False,exploratory,phi_k16_onpolicy_union,p3_star,ok,-0.0018530516102910045,-0.002693334230934852,-0.001020281621083541,0.00042971603492288285,0.5090625,4,8000,4,-0.007271597876609994,0.0035654946560279848,0.0017026355660181164,0.35606099951763387,0.5,-0.030183721725509368,0.0014194077047875787,-0.005156897887587547,0.00023697367310523986,,,False,env_mean_t,True,True,True,0
A,posterior_mean_shrunk,family_horizon,B,200,,,all,,,False,exploratory,phi_k16_perstep,p3_star,ok,-0.0005504851378500461,-0.0015417980716620147,0.00044993566516495756,0.0005175263490897292,0.503,4,8000,4,-0.00893894672107065,0.00783797644537056,0.0026358532960300152,0.8479456760897678,1.0,-0.10182143081881033,0.006511020482846201,-0.005636180907487869,0.003955303955823183,,,False,env_mean_t,True,True,True,0
A,posterior_mean_shrunk,family_horizon,B,200,,,all,,,False,exploratory,phi_k16_quality,p3_star,ok,-0.00044046621397137646,-0.0014913713705027472,0.0005976258751616107,0.0005367278461210234,0.5033749999999999,4,8000,4,-0.008469587067102522,0.00758865463915977,0.0025229399282560303,0.8725234212760532,0.75,-0.007766569373907528,0.006470400513724695,-0.005066941112279892,0.004039995286613703,,,False,env_mean_t,True,True,True,0
A,posterior_mean_shrunk,family_horizon,B,200,,,all,,,False,exploratory,phi_k16_tau05,p3_star,ok,-0.0004631093591451645,-0.0014538778326823375,0.0005212438632952398,0.0005089243750467527,0.5041875,4,8000,4,-0.008483567481717481,0.0075573487634271515,0.002520217893152265,0.8659222416320703,0.75,-0.0071334726302852165,0.006384012285409654,-0.0049071510583162305,0.004050598978996277,,,False,env_mean_t,True,True,True,0
A,posterior_mean_shrunk,family_horizon,B,200,,,all,,,False,exploratory,phi_k16_weighted,p3_star,ok,-0.00018846585601568224,-0.0012271196079382204,0.000826606793270912,0.0005279239795422931,0.501375,4,8000,4,-0.007849111238445422,0.007472179526414058,0.002407156208640828,0.9425239409869192,1.0,-0.006425613328094494,0.0067202759150170694,-0.00435204154998064,0.004229488685727119,,,False,env_mean_t,True,True,True,0
A,posterior_mean_shrunk,family_horizon,B,200,,,all,,,False,exploratory,phi_k4,p3_star,ok,-0.0006482372656464577,-0.0010099718867422778,-0.0003050879466172774,0.00018153869590139423,0.502625,4,8000,4,-0.002154727494838934,0.0008582529635460188,0.0004733749086956477,0.26438133059466445,0.5,-0.0022677190290785088,0.00016014495215685084,-0.0015048451870679855,0.0,,,False,env_mean_t,True,True,True,0
A,posterior_mean_shrunk,family_horizon,B,200,,,all,,,False,exploratory,phi_reservoir_rule,p3_star,ok,0.0002515875334793236,-0.0008092413092072091,0.0013409412711325784,0.0005446845322926443,0.5010625,4,8000,4,-0.00017175346070358695,0.0006749285276622342,0.00013302376649059305,0.15495589024097006,0.25,-3.701432246427786e-05,0.0007612915113735524,5.497558042407036e-05,0.0005047289126378019,,,False,env_mean_t,True,True,True,0
A,posterior_mean_shrunk,family_horizon,B,200,,,all,,,False,exploratory,phi_sf_k16,p3_star,ok,-0.001117241807281971,-0.0016846746837472892,-0.0005516197819929404,0.00029065328725044536,0.5069374999999999,4,8000,4,-0.003520739508106381,0.0012862558935424389,0.0007552359003933434,0.23560483041575891,0.25,-0.018089196166787357,0.00023340045805202766,-0.0025073418244719505,-8.77217948436737e-05,,,False,env_mean_t,True,True,True,0
A,posterior_mean_shrunk,family_horizon,B,200,,,all,,,False,exploratory,phi_sf_k16_noT1000,p3_star,ok,-0.0012210477925837038,-0.002143954912025947,-0.00031013186999189255,0.00046894934038908023,0.50525,4,8000,4,-0.007817066669505535,0.005374971084338129,0.0020726253467248405,0.5971953592695362,0.75,-0.008900522381724793,0.0035243347444920605,-0.005156100042164326,0.002011978130787611,,,False,env_mean_t,True,True,True,0
A,posterior_mean_shrunk,family_horizon,B,200,,,all,,,False,exploratory,power_a0.25,p3_star,ok,0.0022557413890899624,0.0012666869111853886,0.0032558056719381055,0.0005057716210204934,0.49025,4,8000,4,-0.003331357085736133,0.007842839863916058,0.0017555986618061788,0.2890522105949774,0.375,-0.046272648096788126,0.013603798025616367,-0.0007283796519041061,0.0052398624300840305,,,False,env_mean_t,True,True,True,0
A,posterior_mean_shrunk,family_horizon,B,200,,,all,,,False,exploratory,power_a0.33,p3_star,ok,0.0026571709232812283,0.0015602309817950302,0.0037738645329227437,0.0005668331247002553,0.49,4,8000,4,-0.0036075177956492216,0.008921859642211679,0.001968513564087287,0.2698858305565526,0.375,-0.005492917946426831,0.016430682427293723,-0.0005663199424743653,0.005880661789036822,,,False,env_mean_t,True,True,True,0
A,posterior_mean_shrunk,family_horizon,B,200,,,all,,,False,exploratory,power_a0.5,p3_star,ok,2.0721480250358584e-06,-3.6759362410521127e-05,4.184031349723226e-05,1.993756415220249e-05,0.500375,4,8000,4,-4.522351801240441e-06,8.666647851312159e-06,2.0721480250358584e-06,0.3910022189557705,1.0,-2.0721480250358584e-06,2.0721480250358584e-06,0.0,6.216444075107575e-06,,,False,env_mean_t,True,True,True,0
A,posterior_mean_shrunk,family_horizon,B,200,,,all,,,False,exploratory,power_a0.67,p3_star,ok,0.0,0.0,0.0,0.0,0.5,4,8000,4,0.0,0.0,0.0,1.0,1.0,0.0,0.0,0.0,0.0,,,False,env_mean_t,True,True,True,0
A,posterior_mean_shrunk,family_horizon,B,200,,,all,,,False,exploratory,refine_after_init,p3_star,ok,0.0627420878127159,0.06004075179807842,0.06545484903617763,0.0013731775495373706,0.3255625,4,8000,4,-0.03999179976457096,0.16547597539000275,0.032281420555853924,0.14719253474232286,0.125,-0.010034629197657685,2.28778786442901,0.013618710845708848,0.11596049057133495,,,False,env_mean_t,True,True,True,0
A,posterior_mean_shrunk,family_horizon,B,200,,,all,,,False,exploratory,rule_reservoir,p3_star,ok,0.005860785435972503,0.004215383663904504,0.00755429188591279,0.0008474783995355721,0.489375,4,8000,4,-0.007212029019580608,0.018933599891525613,0.0041077879095238025,0.24892137165170658,0.375,-0.0014889588148655321,1.6367608963127065,-1.0339275002479554e-05,0.01306636628136039,,,False,env_mean_t,True,True,True,0
A,posterior_mean_shrunk,family_horizon,B,200,,,all,,,False,exploratory,uniform,p3_star,ok,0.0008408782295882701,0.00045104789494416765,0.0012383059597595998,0.00020115855083188661,0.4916875,4,8000,4,-0.00042624386638175115,0.0021080003255582913,0.0003981597722061363,0.12513960543837963,0.25,-0.0005351088813206299,0.0027288020825686874,0.00020930636674165726,0.0014724500924348832,,,False,env_mean_t,True,True,True,0
A,posterior_mean_shrunk,family_horizon,B,200,,,all,,,False,exploratory,always_search,phi_k16,ok,0.00045495401322841644,-0.0005280865501845253,0.0014444514054048339,0.0005089008110507017,0.4958125,4,8000,4,-0.007563477802212236,0.008473385828669069,0.002519581179461825,0.8682164495704738,0.75,-0.006402999868004584,0.007155675710276001,-0.004058754324913025,0.0049071510583162305,,,False,env_mean_t,True,True,True,0
A,posterior_mean_shrunk,family_horizon,B,200,,,all,,,False,exploratory,cp0,phi_k16,ok,0.03383943818890839,0.031489084527129306,0.03622024038049858,0.0011987135242006622,0.39975000000000005,4,8000,4,-0.02620509197687445,0.09388396835469123,0.018867413431639973,0.17078186257228503,0.125,-0.008033695394497595,1.1096363945598464,0.005234215497970581,0.06513198474422098,,,False,env_mean_t,True,True,True,0
A,posterior_mean_shrunk,family_horizon,B,200,,,all,,,False,exploratory,fixed_K16,phi_k16,ok,0.02691580951641663,0.024666615304886362,0.02919536523913848,0.0011550538167984892,0.4253125,4,8000,4,-0.02456253660696739,0.07839415563980065,0.016175715529879096,0.19470779431610033,0.125,-0.008910486956613048,0.8212085606404655,0.0024050905704498292,0.05379181568324566,,,False,env_mean_t,True,True,True,0
A,posterior_mean_shrunk,family_horizon,B,200,,,all,,,False,exploratory,p3_star,phi_k16,ok,0.0004631093591451645,-0.0005212438632952399,0.0014538778326823375,0.0005089243750467527,0.4958125,4,8000,4,-0.0075573487634271515,0.008483567481717481,0.002520217893152265,0.8659222416320703,0.75,-0.006384012285409654,0.0071334726302852165,-0.004050598978996277,0.0049071510583162305,,,False,env_mean_t,True,True,True,0
A,posterior_mean_shrunk,family_horizon,B,200,,,all,,,False,exploratory,phi_k1,phi_k16,ok,0.0004859421998262407,-0.0004987978674762416,0.0014764620413188815,0.0005091068504123264,0.4976875,4,8000,4,-0.007540632738978922,0.008512517138631402,0.0025221399416791137,0.8595223634415401,0.75,-0.006331195067798013,0.007073197957834398,-0.004027766138315201,0.0049071510583162305,,,False,env_mean_t,True,True,True,0
A,posterior_mean_shrunk,family_horizon,B,200,,,all,,,False,exploratory,phi_k16_all71,phi_k16,ok,-0.0007475325241684914,-0.0012941135527626102,-0.00019416136428844784,0.00028363515798502195,0.504,4,8000,4,-0.0025849594809081366,0.0010898944325711541,0.000577363066169892,0.28605554933903393,0.25,-0.13403864419469458,0.00028491919022725844,-0.0018317946568131445,-6.392940878868103e-06,,,False,env_mean_t,True,True,True,0
A,posterior_mean_shrunk,family_horizon,B,200,,,all,,,False,exploratory,phi_k16_clock,phi_k16,ok,0.001256873388629174,-0.0001972958237047346,0.002731715314030225,0.0007360679450544356,0.4975625,4,8000,4,-0.00042840599825309344,0.0029421527755114415,0.0005295546963618067,0.09819685989807408,0.125,-0.004014780667692463,0.01097170675070829,0.0003495878667454235,0.002164158910512924,,,False,env_mean_t,True,True,True,0
A,posterior_mean_shrunk,family_horizon,B,200,,,all,,,False,exploratory,phi_k16_cs,phi_k16,ok,5.172022432088852e-05,-9.262245512218214e-05,0.00019605676984610902,7.196861332075443e-05,0.49975,4,8000,4,-1.5515354991387438e-05,0.00011895580363316448,2.112701138135371e-05,0.09183785613278769,0.25,-0.0006543917767896085,0.0001248516009945657,1.7248675227165222e-05,8.619177341461182e-05,,,False,env_mean_t,True,True,True,0
A,posterior_mean_shrunk,family_horizon,B,200,,,all,,,False,exploratory,phi_k16_famA_only,phi_k16,ok,0.001765450526960194,0.0009156569891729307,0.0026423533956403842,0.0004397900385711866,0.4944375,4,8000,4,-0.003658602724992353,0.0071895037789127415,0.0017043659913278586,0.37644642619052154,0.375,-0.001666581510572443,0.061725480874748884,-6.261914875358343e-05,0.005177036475390195,,,False,env_mean_t,True,True,True,0
A,posterior_mean_shrunk,family_horizon,B,200,,,all,,,False,exploratory,phi_k16_famB_only,phi_k16,ok,-0.00025752577558159833,-0.0007075348924445279,0.00018710802087298358,0.0002296135845421382,0.5004375000000001,4,8000,4,-0.001089294125214818,0.0005742425740516215,0.00026136131448699167,0.3971150136312451,0.5,-0.002010960413781249,0.00025869579889838194,-0.0007538267746567727,9.021979570388794e-05,,,False,env_mean_t,True,True,True,0
A,posterior_mean_shrunk,family_horizon,B,200,,,all,,,False,exploratory,phi_k16_guard,phi_k16,ok,0.0013617478710075373,0.000625864050277869,0.002129714454406439,0.00038075813759321783,0.496375,4,8000,4,-0.0011705066765993798,0.0038940024186144544,0.0007956943510414302,0.1855316664356623,0.25,-0.00428950268305214,0.5283274418514329,4.09381091594696e-06,0.002719401931099128,,,False,env_mean_t,True,True,True,0
A,posterior_mean_shrunk,family_horizon,B,200,,,all,,,False,exploratory,phi_k16_hgb,phi_k16,ok,-0.0007098674178123474,-0.0014514595914079105,2.3732609020044034e-05,0.0003819586350172787,0.4998125,4,8000,4,-0.003982885872387987,0.002563151036763292,0.0010284599143563107,0.5396580608641081,0.75,-0.11411545955127213,0.0015916115364166127,-0.002793989472091198,0.000676921583712101,,,False,env_mean_t,True,True,True,0
A,posterior_mean_shrunk,family_horizon,B,200,,,all,,,False,exploratory,phi_k16_lucb,phi_k16,ok,-0.000560805905610323,-0.0010246884177377068,-0.00011375118367595871,0.0002324799606735059,0.5009375,4,8000,4,-0.0019177295165012686,0.0007961177052806226,0.00042637753499189955,0.27991032915512115,0.5,-0.01460611588609944,0.00017874890272421152,-0.0013294563330709934,3.5115092992782594e-05,,,False,env_mean_t,True,True,True,0
A,posterior_mean_shrunk,family_horizon,B,200,,,all,,,False,exploratory,phi_k16_noT1000,phi_k16,ok,-0.001510254681110382,-0.00223802869386418,-0.0008079848794295688,0.00037007868867291706,0.5075625,4,8000,4,-0.005822981298568099,0.0028024719363473343,0.001355160842870292,0.3463311560239214,0.5,-0.6535210647099154,0.0010829206794706423,-0.004170267015695572,6.2910020351409915e-06,,,False,env_mean_t,True,True,True,0
A,posterior_mean_shrunk,family_horizon,B,200,,,all,,,False,exploratory,phi_k16_noT200,phi_k16,ok,-0.0012344870455563068,-0.0019125406043031033,-0.000579499988725729,0.00033863391793687763,0.5040625,4,8000,4,-0.004845359583235726,0.0023763854921231126,0.001134621668772356,0.3561844265295364,0.5,-0.028153634236721112,0.0009523377166221095,-0.003452660892158747,0.00010864467918872833,,,False,env_mean_t,True,True,True,0
A,posterior_mean_shrunk,family_horizon,B,200,,,all,,,False,exploratory,phi_k16_noambig,phi_k16,ok,-0.001627632036805153,-0.002403818627408327,-0.0008769965438204963,0.00039545253543767084,0.5075624999999999,4,8000,4,-0.006585317980273701,0.003330053906663395,0.0015578223378780876,0.37288443614496364,0.5,-0.2390749542871295,0.0014351581680149277,-0.004722663536667824,2.1497875452041627e-05,,,False,env_mean_t,True,True,True,0
A,posterior_mean_shrunk,family_horizon,B,200,,,all,,,False,exploratory,phi_k16_nopolicy,phi_k16,ok,2.5135453790426266e-05,-0.0006793126633510836,0.000712420397758251,0.00035576401155870777,0.5006875,4,8000,4,-0.0016892435856838087,0.0017395144932646615,0.0005386984963824558,0.9657168727088953,0.75,-0.0015513375702140815,0.009369242038101541,-0.0009522731117904185,0.0010252086371183395,,,False,env_mean_t,True,True,True,0
A,posterior_mean_shrunk,family_horizon,B,200,,,all,,,False,exploratory,phi_k16_notrunc,phi_k16,ok,-0.0011012817919254301,-0.0019759496213737292,-0.0002588463379652242,0.0004461227083294604,0.5050625,4,8000,4,-0.006466167104595206,0.0042636035207443464,0.0016857740235122394,0.5601780933175107,1.0,-0.6668796923037891,0.0027141633767707235,-0.004519129037857055,0.0012096925377845765,,,False,env_mean_t,True,True,True,0
A,posterior_mean_shrunk,family_horizon,B,200,,,all,,,False,exploratory,phi_k16_onpolicy_only,phi_k16,ok,-0.0006698182225227356,-0.0014930225966963916,0.00014541191267198868,0.00042152053478211973,0.499125,4,8000,4,-0.00631353333176117,0.004973896886715699,0.0017733889492081503,0.7307888258016725,1.0,-0.011660296893227493,0.00330060423147026,-0.00416868944466114,0.0018994235694408416,,,False,env_mean_t,True,True,True,0
A,posterior_mean_shrunk,family_horizon,B,200,,,all,,,False,exploratory,phi_k16_onpolicy_union,phi_k16,ok,-0.0013899422511458397,-0.0019874190743394138,-0.0008167434347342351,0.00029675346574113064,0.5051874999999999,4,8000,4,-0.00552774247377005,0.00274785797147837,0.001300194826776609,0.3634333288746487,0.5,-0.13349928592493165,0.001142082100499783,-0.003961526468396186,2.763102948665619e-05,,,False,env_mean_t,True,True,True,0
A,posterior_mean_shrunk,family_horizon,B,200,,,all,,,False,exploratory,phi_k16_perstep,phi_k16,ok,-8.737577870488165e-05,-0.0007591618003061739,0.0005700588186300591,0.00034221234562170784,0.49806249999999996,4,8000,4,-0.0015252591875742085,0.0013505076301644453,0.000451817020913144,0.8590081896301263,1.0,-0.000998649436430658,0.001908409481460975,-0.0007437406182289124,0.0007227352969348431,,,False,env_mean_t,True,True,True,0
A,posterior_mean_shrunk,family_horizon,B,200,,,all,,,False,exploratory,phi_k16_quality,phi_k16,ok,2.264314517378807e-05,-0.000502658234654518,0.0005559055360208731,0.0002677597285289397,0.499125,4,8000,4,-0.00048093872919187256,0.0005262250195394487,0.0001582373514140932,0.8952850571740456,1.0,-0.0002614402334148682,0.0032744539330356428,-0.00019303689152002333,0.00031422967836260797,,,False,env_mean_t,True,True,True,0
A,posterior_mean_shrunk,family_horizon,B,200,,,all,,,False,exploratory,phi_k16_tau05,phi_k16,ok,0.0,0.0,0.0,0.0,0.5,4,8000,4,0.0,0.0,0.0,1.0,1.0,0.0,0.0,0.0,0.0,,,False,env_mean_t,True,True,True,0
A,posterior_mean_shrunk,family_horizon,B,200,,,all,,,False,exploratory,phi_k16_weighted,phi_k16,ok,0.0002746435031294823,-0.0003646774002845631,0.0009127945319960416,0.0003250006618892742,0.498125,4,8000,4,-0.00023714035374707335,0.0007864273600060379,0.00016081460856915583,0.18620475187602709,0.25,-9.774836893035175e-05,0.04743650353016184,4.496564716100693e-05,0.0005997508615255356,,,False,env_mean_t,True,True,True,0
A,posterior_mean_shrunk,family_horizon,B,200,,,all,,,False,exploratory,phi_k4,phi_k16,ok,-0.0001851279065012933,-0.001150350529951538,0.0007744876361357455,0.0004965425548469592,0.49868749999999995,4,8000,4,-0.0069237744276924055,0.0065535186146898185,0.002117442330449744,0.9358387033487364,1.0,-0.007923964008144189,0.005264953058718749,-0.00419722118228674,0.003402305871248245,,,False,env_mean_t,True,True,True,0
A,posterior_mean_shrunk,family_horizon,B,200,,,all,,,False,exploratory,phi_reservoir_rule,phi_k16,ok,0.0007146968926244882,-0.0007089344915584657,0.002190983572654658,0.000739809004064131,0.496,4,8000,4,-0.007403335906795801,0.008832729692044778,0.0025508781675097534,0.7975508266603992,0.625,-0.006781280267404548,0.007520262452652154,-0.003995623398572207,0.005178521667694441,,,False,env_mean_t,True,True,True,0
A,posterior_mean_shrunk,family_horizon,B,200,,,all,,,False,exploratory,phi_sf_k16,phi_k16,ok,-0.0006541324481368065,-0.0016042878144162383,0.00028946155325684184,0.00048562831602107226,0.502625,4,8000,4,-0.00675424876113105,0.005445983864857437,0.001916801016521921,0.7554097259442636,1.0,-0.09107283921750667,0.0041861541866686945,-0.004434402272105217,0.002443670131266117,,,False,env_mean_t,True,True,True,0
A,posterior_mean_shrunk,family_horizon,B,200,,,all,,,False,exploratory,phi_sf_k16_noT1000,phi_k16,ok,-0.0007579384334385395,-0.0012797245012961865,-0.00023084760680944824,0.00027035453172462114,0.501375,4,8000,4,-0.002863206706396643,0.001347329839519564,0.0006615251510961232,0.3350121667989567,0.5,-0.07432566586581267,0.0004912728561028191,-0.002045498114079237,1.3754531741142274e-05,,,False,env_mean_t,True,True,True,0
A,posterior_mean_shrunk,family_horizon,B,200,,,all,,,False,exploratory,power_a0.25,phi_k16,ok,0.0027188507482351267,0.0015493478989810684,0.003899276627998915,0.0006059777585781894,0.48431250000000003,4,8000,4,-0.0016178514401954166,0.00705555293666567,0.0013626945350909657,0.13997558217572548,0.25,-0.751861516713415,0.010249044414703219,0.00041452007740736007,0.005023181419062894,,,False,env_mean_t,True,True,True,0
A,posterior_mean_shrunk,family_horizon,B,200,,,all,,,False,exploratory,power_a0.33,phi_k16,ok,0.003120280282426393,0.0019021263960894432,0.0043547635388677,0.0006325755284394964,0.4851875,4,8000,4,-8.8931202298258e-05,0.006329491767151044,0.001008410253268533,0.05353517570501906,0.125,-0.00681090209249131,0.04372124351514641,0.0013893165960907937,0.004851243968761992,,,False,env_mean_t,True,True,True,0
A,posterior_mean_shrunk,family_horizon,B,200,,,all,,,False,exploratory,power_a0.5,phi_k16,ok,0.0004651815071702004,-0.0005196664105824308,0.0014590308568585898,0.0005090221099444973,0.4961875,4,8000,4,-0.007555804767295877,0.008486167781636278,0.0025203838509856727,0.8653400044436671,0.75,-0.00637919816867372,0.007127888419198131,-0.004048526830971241,0.0049071510583162305,,,False,env_mean_t,True,True,True,0
A,posterior_mean_shrunk,family_horizon,B,200,,,all,,,False,exploratory,power_a0.67,phi_k16,ok,0.0004631093591451645,-0.0005212438632952399,0.0014538778326823375,0.0005089243750467527,0.4958125,4,8000,4,-0.0075573487634271515,0.008483567481717481,0.002520217893152265,0.8659222416320703,0.75,-0.006384012285409654,0.0071334726302852165,-0.004050598978996277,0.0049071510583162305,,,False,env_mean_t,True,True,True,0
A,posterior_mean_shrunk,family_horizon,B,200,,,all,,,False,exploratory,refine_after_init,phi_k16,ok,0.06320519717186107,0.060581852530594914,0.06581545735243707,0.0013509263238640247,0.32,4,8000,4,-0.03234961991901959,0.15876001426274172,0.030025586584833886,0.12595911357844894,0.125,-0.005089878690490254,2.094637181723346,0.017422920882701875,0.11257672059722243,,,False,env_mean_t,True,True,True,0
A,posterior_mean_shrunk,family_horizon,B,200,,,all,,,False,exploratory,rule_reservoir,phi_k16,ok,0.006323894795117667,0.004424969727551797,0.008215053220192203,0.0009778075984172513,0.48406250000000006,4,8000,4,-0.0005920723503650771,0.013239861940600412,0.002173160670142462,0.061996695192821895,0.125,0.00023123017206538952,0.01246947776849592,0.0024097911491990087,0.010256685298023512,,,False,env_mean_t,True,True,True,0
A,posterior_mean_shrunk,family_horizon,B,200,,,all,,,False,exploratory,uniform,phi_k16,ok,0.001303987588733435,0.0002805367155247042,0.002328143277588879,0.0005230184963770577,0.4889375,4,8000,4,-0.0059665538404586,0.00857452901792547,0.0022845763075785446,0.6081031166896297,0.75,-0.004177962443201278,0.007919424669850702,-0.0024198796823620794,0.005231809739023447,,,False,env_mean_t,True,True,True,0
A,posterior_mean_shrunk,family_horizon,B,500,,,all,,,False,exploratory,always_search,cp0,ok,-0.03269871895667165,-0.03450264844650519,-0.030898419742516125,0.0009144298807803267,0.6156874999999999,4,8000,4,-0.09053506187707358,0.025137623963730267,0.01817354870194611,0.169807778383305,0.125,-9.771064162131704,0.053518707223667326,-0.06317686845175921,-0.002220569461584091,,,False,env_mean_t,True,True,True,0
A,posterior_mean_shrunk,family_horizon,B,500,,,all,,,False,exploratory,fixed_K16,cp0,ok,0.013516658702865243,0.01238204118781141,0.014677784534433158,0.0005882806151771016,0.44506249999999997,4,8000,4,-0.007498464136939699,0.034531781542670184,0.006603449304050863,0.133158960552676,0.125,-0.011244537111528955,0.17765661381607442,0.002659056067466736,0.02437426133826375,,,False,env_mean_t,True,True,True,0
A,posterior_mean_shrunk,family_horizon,B,500,,,all,,,False,exploratory,p3_star,cp0,ok,-0.03269871895667165,-0.03450264844650519,-0.030898419742516125,0.0009144298807803267,0.6156874999999999,4,8000,4,-0.09053506187707358,0.025137623963730267,0.01817354870194611,0.169807778383305,0.125,-9.771064162131704,0.053518707223667326,-0.06317686845175921,-0.002220569461584091,,,False,env_mean_t,True,True,True,0
A,posterior_mean_shrunk,family_horizon,B,500,,,all,,,False,exploratory,phi_k1,cp0,ok,-0.03269871895667165,-0.03450264844650519,-0.030898419742516125,0.0009144298807803267,0.6156874999999999,4,8000,4,-0.09053506187707358,0.025137623963730267,0.01817354870194611,0.169807778383305,0.125,-9.771064162131704,0.053518707223667326,-0.06317686845175921,-0.002220569461584091,,,False,env_mean_t,True,True,True,0
A,posterior_mean_shrunk,family_horizon,B,500,,,all,,,False,exploratory,phi_k16_all71,cp0,ok,-0.03286833025421947,-0.03468627991969697,-0.031058035789465067,0.0009137709385481285,0.61825,4,8000,4,-0.0904051545953583,0.024668494086919353,0.01807943287074864,0.16665378342463175,0.125,-2.7440975674099723,0.05242528315257528,-0.06317686845175921,-0.0025597920566797256,,,False,env_mean_t,True,True,True,0
A,posterior_mean_shrunk,family_horizon,B,500,,,all,,,False,exploratory,phi_k16_clock,cp0,ok,-0.03269871895667165,-0.03450264844650519,-0.030898419742516125,0.0009144298807803267,0.6156874999999999,4,8000,4,-0.09053506187707358,0.025137623963730267,0.01817354870194611,0.169807778383305,0.125,-9.771064162131704,0.053518707223667326,-0.06317686845175921,-0.002220569461584091,,,False,env_mean_t,True,True,True,0
A,posterior_mean_shrunk,family_horizon,B,500,,,all,,,False,exploratory,phi_k16_cs,cp0,ok,-0.03297028551157564,-0.034772014479676726,-0.03118897051390377,0.0009115690328351296,0.6194375000000001,4,8000,4,-0.09032848546856304,0.024387914445411753,0.018023304858830615,0.16478240207093187,0.125,-1.8750568138442982,0.05177250246104046,-0.06317686845175921,-0.0027637025713920594,,,False,env_mean_t,True,True,True,0
A,posterior_mean_shrunk,family_horizon,B,500,,,all,,,False,exploratory,phi_k16_famA_only,cp0,ok,-0.032844803101383144,-0.03463788976514479,-0.031073623443080577,0.0009109874358491173,0.6226875000000001,4,8000,4,-0.09005378786296872,0.024364181660202426,0.017976417910524817,0.16514573464549995,0.125,-2.6347271971899295,0.052891263462224836,-0.0630010684709996,-0.0026885377317667006,,,False,env_mean_t,True,True,True,0
A,posterior_mean_shrunk,family_horizon,B,500,,,all,,,False,exploratory,phi_k16_famB_only,cp0,ok,-0.03308713659550995,-0.0348730828758562,-0.031317252568260304,0.0009085613571251857,0.6223750000000001,4,8000,4,-0.09024843498734544,0.02407416179632555,0.017961433723778005,0.16269413901982213,0.125,-1.0573889871967381,0.05103804940417375,-0.06317686845175921,-0.002997404739260673,,,False,env_mean_t,True,True,True,0
A,posterior_mean_shrunk,family_horizon,B,500,,,all,,,False,exploratory,phi_k16_guard,cp0,ok,-0.032961403085850174,-0.03476172938462696,-0.031181120917608496,0.0009115701130129111,0.6196250000000001,4,8000,4,-0.09033512526644202,0.024412319094741668,0.018028182309104853,0.16494472178816072,0.125,-1.9280318988077951,0.05182924376793545,-0.06317686845175921,-0.002745937719941139,,,False,env_mean_t,True,True,True,0
A,posterior_mean_shrunk,family_horizon,B,500,,,all,,,False,exploratory,phi_k16_hgb,cp0,ok,-0.03294541845377535,-0.034746612055459994,-0.0311659949926252,0.0009125828601571279,0.6223125,4,8000,4,-0.09033142156872412,0.024440584661173416,0.01803204126953304,0.16515499885114093,0.125,-3.289742217892124,0.05193801588096141,-0.06317069358937442,-0.0027201433181762696,,,False,env_mean_t,True,True,True,0
A,posterior_mean_shrunk,family_horizon,B,500,,,all,,,False,exploratory,phi_k16_lucb,cp0,ok,-0.033039545743726195,-0.034841494653665,-0.031255205685738474,0.0009088486712135581,0.6219375,4,8000,4,-0.09028800715986457,0.024208915672412186,0.017988822410323374,0.16357907229587346,0.125,-0.9845405664209974,0.05134717734590419,-0.06317686845175922,-0.0029022230356931687,,,False,env_mean_t,True,True,True,0
A,posterior_mean_shrunk,family_horizon,B,500,,,all,,,False,exploratory,phi_k16_noT1000,cp0,ok,-0.032696328028105195,-0.034502035510377026,-0.030897353628097337,0.0009144293262996629,0.6154999999999999,4,8000,4,-0.09053694072444793,0.025144284668237545,0.018174890366669166,0.16985274393835909,0.125,-9.378197424217388,0.053534227189233605,-0.06317686845175921,-0.0022157876044511795,,,False,env_mean_t,True,True,True,0
A,posterior_mean_shrunk,family_horizon,B,500,,,all,,,False,exploratory,phi_k16_noT200,cp0,ok,-0.032727568752132355,-0.03453102528874297,-0.03092883590652491,0.0009142001037002266,0.6160625,4,8000,4,-0.09051268475687746,0.025057547252612743,0.01815745199182353,0.16926731837488943,0.125,-7.928335710800666,0.053331953956661224,-0.06317686845175922,-0.0022782690525054933,,,False,env_mean_t,True,True,True,0
A,posterior_mean_shrunk,family_horizon,B,500,,,all,,,False,exploratory,phi_k16_noambig,cp0,ok,-0.03269606415834278,-0.0345007973301108,-0.030895277296872338,0.0009144222176631222,0.6151875,4,8000,4,-0.09053714812147358,0.02514501980478802,0.018175038449855133,0.16985770712249165,0.125,-9.336776467440963,0.05353594014116134,-0.06317686845175921,-0.0022152598649263383,,,False,env_mean_t,True,True,True,0
A,posterior_mean_shrunk,family_horizon,B,500,,,all,,,False,exploratory,phi_k16_nopolicy,cp0,ok,-0.03269406852778047,-0.034499311086256056,-0.030893054760963424,0.0009144335076347664,0.615,4,8000,4,-0.09053871692267416,0.02515057986711322,0.018176158478732597,0.16989524759700347,0.125,-9.035036172178925,0.053548895886876745,-0.06317686845175921,-0.002211268603801727,,,False,env_mean_t,True,True,True,0
A,posterior_mean_shrunk,family_horizon,B,500,,,all,,,False,exploratory,phi_k16_notrunc,cp0,ok,-0.03269871895667165,-0.03450264844650519,-0.030898419742516125,0.0009144298807803267,0.6156874999999999,4,8000,4,-0.09053506187707358,0.025137623963730267,0.01817354870194611,0.169807778383305,0.125,-9.771064162131704,0.053518707223667326,-0.06317686845175921,-0.002220569461584091,,,False,env_mean_t,True,True,True,0
A,posterior_mean_shrunk,family_horizon,B,500,,,all,,,False,exploratory,phi_k16_onpolicy_only,cp0,ok,-0.031475724986754355,-0.0332750916828445,-0.029704986585966254,0.0009061007755864004,0.597375,4,8000,4,-0.09110123781539871,0.028149787841889998,0.018735748260591274,0.1915525656544227,0.375,-3.4396512394728105,0.06199819860804194,-0.06299038140289485,3.893142938613889e-05,,,False,env_mean_t,True,True,True,0
A,posterior_mean_shrunk,family_horizon,B,500,,,all,,,False,exploratory,phi_k16_onpolicy_union,cp0,ok,-0.032949371612630785,-0.03474028284836095,-0.031172378131304867,0.0009114552754310102,0.6205625000000001,4,8000,4,-0.09034438770229744,0.024445644477035865,0.018034873359646524,0.16516615119860897,0.125,-1.9493838036845816,0.05190652002970818,-0.06317686845175922,-0.00272187477350235,,,False,env_mean_t,True,True,True,0
A,posterior_mean_shrunk,family_horizon,B,500,,,all,,,False,exploratory,phi_k16_perstep,cp0,ok,-0.03267339420970529,-0.03445923281906289,-0.030867053738620597,0.0009117583377044699,0.6191249999999999,4,8000,4,-0.09055460584371008,0.0252078174242995,0.01818764751440003,0.17028252427098356,0.125,-109.9447961049583,0.05368261329121782,-0.06317686845175921,-0.002169919967651367,,,False,env_mean_t,True,True,True,0
A,posterior_mean_shrunk,family_horizon,B,500,,,all,,,False,exploratory,phi_k16_quality,cp0,ok,-0.03303684603329748,-0.03483161315962206,-0.03125752896594349,0.0009092399446873116,0.6209374999999999,4,8000,4,-0.09028013786755715,0.024206445800962192,0.017987198005264243,0.16357650260935835,0.125,-1.445313794599027,0.05134981557311354,-0.06317686845175921,-0.0028968236148357394,,,False,env_mean_t,True,True,True,0
A,posterior_mean_shrunk,family_horizon,B,500,,,all,,,False,exploratory,phi_k16_tau05,cp0,ok,-0.032961403085850174,-0.03476172938462696,-0.031181120917608496,0.0009115701130129111,0.6196250000000001,4,8000,4,-0.09033512526644202,0.024412319094741668,0.018028182309104853,0.16494472178816072,0.125,-1.9280318988077951,0.05182924376793545,-0.06317686845175921,-0.002745937719941139,,,False,env_mean_t,True,True,True,0
A,posterior_mean_shrunk,family_horizon,B,500,,,all,,,False,exploratory,phi_k16_weighted,cp0,ok,-0.032889727204106746,-0.03468368220856064,-0.03111491190356901,0.000905430586661979,0.6175625,4,8000,4,-0.0900502508963744,0.02427079648816091,0.017961190294826335,0.16448029551826623,0.125,-0.7874546768984617,0.05263416513105907,-0.06300347044877708,-0.0027759839594364167,,,False,env_mean_t,True,True,True,0
A,posterior_mean_shrunk,family_horizon,B,500,,,all,,,False,exploratory,phi_k4,cp0,ok,-0.032699197403155265,-0.034502819000772435,-0.030899407228935163,0.0009144308329567284,0.61575,4,8000,4,-0.09053468598503253,0.025136291178722,0.018173280248548095,0.1697987816536155,0.125,-9.853687560111071,0.053515601780520776,-0.06317686845175921,-0.002221526354551315,,,False,env_mean_t,True,True,True,0
A,posterior_mean_shrunk,family_horizon,B,500,,,all,,,False,exploratory,phi_reservoir_rule,cp0,ok,-0.03174818441877141,-0.03351954545287299,-0.029998692434310213,0.0008961306667439817,0.6128125,4,8000,4,-0.08860578892743096,0.025109420089888132,0.017866005913206074,0.17363736844911506,0.125,-8.047089656404975,0.038523770473296366,-0.06129367527086288,-0.0022026935666799546,,,False,env_mean_t,True,True,True,0
A,posterior_mean_shrunk,family_horizon,B,500,,,all,,,False,exploratory,phi_sf_k16,cp0,ok,-0.0326900308644399,-0.03450084328505909,-0.03089261643447117,0.0009144267023210921,0.614625,4,8000,4,-0.09054189246337682,0.025161830734497015,0.018178425038275565,0.16997122424428854,0.125,-8.48080752625326,0.05357511293032055,-0.06317686845175921,-0.0022031932771205904,,,False,env_mean_t,True,True,True,0
A,posterior_mean_shrunk,family_horizon,B,500,,,all,,,False,exploratory,phi_sf_k16_noT1000,cp0,ok,-0.032984861961565914,-0.03478470887348521,-0.03120969934971072,0.0009118907052700713,0.6216250000000001,4,8000,4,-0.09030383470052994,0.02433411077739811,0.018010978737897095,0.1644442209946083,0.125,-1.860775693353693,0.051689639652126335,-0.06317051505856217,-0.002799208864569664,,,False,env_mean_t,True,True,True,0
A,posterior_mean_shrunk,family_horizon,B,500,,,all,,,False,exploratory,power_a0.25,cp0,ok,-0.03269871895667165,-0.03450264844650519,-0.030898419742516125,0.0009144298807803267,0.6156874999999999,4,8000,4,-0.09053506187707358,0.025137623963730267,0.01817354870194611,0.169807778383305,0.125,-9.771064162131704,0.053518707223667326,-0.06317686845175922,-0.002220569461584091,,,False,env_mean_t,True,True,True,0
A,posterior_mean_shrunk,family_horizon,B,500,,,all,,,False,exploratory,power_a0.33,cp0,ok,-0.03269871895667165,-0.03450264844650519,-0.030898419742516125,0.0009144298807803267,0.6156874999999999,4,8000,4,-0.09053506187707358,0.025137623963730267,0.01817354870194611,0.169807778383305,0.125,-9.771064162131704,0.053518707223667326,-0.06317686845175921,-0.002220569461584091,,,False,env_mean_t,True,True,True,0
A,posterior_mean_shrunk,family_horizon,B,500,,,all,,,False,exploratory,power_a0.5,cp0,ok,-0.03269871895667165,-0.03450264844650519,-0.030898419742516125,0.0009144298807803267,0.6156874999999999,4,8000,4,-0.09053506187707358,0.025137623963730267,0.01817354870194611,0.169807778383305,0.125,-9.771064162131704,0.053518707223667326,-0.06317686845175921,-0.002220569461584091,,,False,env_mean_t,True,True,True,0
A,posterior_mean_shrunk,family_horizon,B,500,,,all,,,False,exploratory,power_a0.67,cp0,ok,-0.032699466980062424,-0.03450426615527249,-0.030898425308259904,0.0009144293259759515,0.61575,4,8000,4,-0.09053447420371685,0.025135540243592006,0.01817312899439432,0.1697937127058822,0.125,-9.900862639650976,0.0535138520786563,-0.06317686845175921,-0.0022220655083656313,,,False,env_mean_t,True,True,True,0
A,posterior_mean_shrunk,family_horizon,B,500,,,all,,,False,exploratory,refine_after_init,cp0,ok,0.05455567069398239,0.052583837026031685,0.05652000765549019,0.0010243919541532644,0.2954375,4,8000,4,-0.012010773923097552,0.12112211531106234,0.020916753412795037,0.07980682982291974,0.125,-0.005882526185353426,0.28451385298890586,0.021394347697496412,0.08771699369046837,,,False,env_mean_t,True,True,True,0
A,posterior_mean_shrunk,family_horizon,B,500,,,all,,,False,exploratory,rule_reservoir,cp0,ok,-0.02993968710396439,-0.031622386290109716,-0.028271016319922637,0.0008560296559151324,0.609,4,8000,4,-0.08448699916236722,0.02460762495443845,0.017140057309950458,0.17900846860112318,0.125,-8.38152125440651,0.024802188116281192,-0.05765880474634469,-0.002220569461584091,,,False,env_mean_t,True,True,True,0
A,posterior_mean_shrunk,family_horizon,B,500,,,all,,,False,exploratory,uniform,cp0,ok,-0.032770229457877574,-0.03458436818982591,-0.03098230535761104,0.0009151089316391547,0.6175,4,8000,4,-0.09046825091326931,0.02492779199751416,0.018130084821729016,0.16841015057773973,0.125,-5.241578692736685,0.053066094187191055,-0.06317136910371482,-0.002369089812040329,,,False,env_mean_t,True,True,True,0
A,posterior_mean_shrunk,family_horizon,B,500,,,all,,,False,exploratory,always_search,p3_star,ok,0.0,0.0,0.0,0.0,0.5,4,8000,4,0.0,0.0,0.0,1.0,1.0,0.0,0.0,0.0,0.0,,,False,env_mean_t,True,True,True,0
A,posterior_mean_shrunk,family_horizon,B,500,,,all,,,False,exploratory,cp0,p3_star,ok,0.03269871895667165,0.030898419742516125,0.03450264844650519,0.0009144298807803267,0.3843125,4,8000,4,-0.025137623963730267,0.09053506187707358,0.01817354870194611,0.169807778383305,0.125,-0.053518707223667326,9.771064162131704,0.002220569461584091,0.06317686845175922,,,False,env_mean_t,True,True,True,0
A,posterior_mean_shrunk,family_horizon,B,500,,,all,,,False,exploratory,fixed_K16,p3_star,ok,0.0462153776595369,0.0442488414584659,0.04821652651153272,0.0010007422069445875,0.34400000000000003,4,8000,4,-0.0325866830815667,0.1250174384006405,0.024761473778920077,0.15881535223081844,0.125,-0.0636061826174243,2.1686400281249747,0.004879625529050828,0.08755112979002297,,,False,env_mean_t,True,True,True,0
A,posterior_mean_shrunk,family_horizon,B,500,,,all,,,False,exploratory,phi_k1,p3_star,ok,0.0,0.0,0.0,0.0,0.5,4,8000,4,0.0,0.0,0.0,1.0,1.0,0.0,0.0,0.0,0.0,,,False,env_mean_t,True,True,True,0
A,posterior_mean_shrunk,family_horizon,B,500,,,all,,,False,exploratory,phi_k16_all71,p3_star,ok,-0.00016961129754781724,-0.00037799638157594013,3.4884061835782615e-05,0.0001055690350663886,0.500875,4,8000,4,-0.000656565505767755,0.0003173429106721204,0.00015301254491284396,0.3485319482027676,0.5,-0.0020430529455781705,0.0001239165581498047,-0.00047041310369968413,0.0,,,False,env_mean_t,True,True,True,0
A,posterior_mean_shrunk,family_horizon,B,500,,,all,,,False,exploratory,phi_k16_clock,p3_star,ok,0.0,0.0,0.0,0.0,0.5,4,8000,4,0.0,0.0,0.0,1.0,1.0,0.0,0.0,0.0,0.0,,,False,env_mean_t,True,True,True,0
A,posterior_mean_shrunk,family_horizon,B,500,,,all,,,False,exploratory,phi_k16_cs,p3_star,ok,-0.0002715665549039841,-0.0005518352186300034,1.83545835170658e-06,0.00014119877562828584,0.502875,4,8000,4,-0.0010619770517259484,0.0005188439419179802,0.0002483656976426193,0.3541500146048719,0.5,-0.003806518729520183,0.00020771466942605556,-0.0007612165957689285,0.0,,,False,env_mean_t,True,True,True,0
A,posterior_mean_shrunk,family_horizon,B,500,,,all,,,False,exploratory,phi_k16_famA_only,p3_star,ok,-0.00014608414471149446,-0.00048311150344488847,0.00018848525915018388,0.00017272760137892077,0.505,4,8000,4,-0.0008905119672332786,0.0005983436778102898,0.00023391685235532047,0.5765623432331116,0.75,-0.0008879115516597408,0.00037775102332946445,-0.0005761987790465355,0.00022178209573030472,,,False,env_mean_t,True,True,True,0
A,posterior_mean_shrunk,family_horizon,B,500,,,all,,,False,exploratory,phi_k16_famB_only,p3_star,ok,-0.0003884176388382912,-0.0007315412592561188,-5.9841110441994036e-05,0.00016818387719157922,0.5053125,4,8000,4,-0.0017845013513679614,0.0010076660736913791,0.00043868256636782837,0.44114265682376586,1.0,-0.006350457859885759,0.0005267950241117216,-0.0012752780914306642,0.00011002517491579057,,,False,env_mean_t,True,True,True,0
A,posterior_mean_shrunk,family_horizon,B,500,,,all,,,False,exploratory,phi_k16_guard,p3_star,ok,-0.000262684129178524,-0.0005408598494511806,9.587559600276997e-06,0.0001403262348386358,0.502625,4,8000,4,-0.0010267788204168802,0.000501410562059832,0.00024009664828272373,0.3539010922583995,0.5,-0.0036557380758872647,0.00020051963482363634,-0.0007359739691019057,0.0,,,False,env_mean_t,True,True,True,0
A,posterior_mean_shrunk,family_horizon,B,500,,,all,,,False,exploratory,phi_k16_hgb,p3_star,ok,-0.00024669949710369113,-0.0005579004749392879,6.626457712002317e-05,0.00015792675678785408,0.503875,4,8000,4,-0.0007917981530476629,0.0002983991588402807,0.0001712829074410346,0.24541194572784902,0.5,-0.014104249237698234,9.537127468436712e-05,-0.0005391648039221764,6.174862384796142e-06,,,False,env_mean_t,True,True,True,0
A,posterior_mean_shrunk,family_horizon,B,500,,,all,,,False,exploratory,phi_k16_lucb,p3_star,ok,-0.00034082678705453875,-0.0006515118339848413,-3.766545005419176e-05,0.00015552100025008795,0.5028125,4,8000,4,-0.0017887795835850033,0.0011071260094759258,0.0004549810609927582,0.5081833774999797,1.0,-0.003624979111128264,0.0006563262287692315,-0.001264876663684845,0.0002423963025212288,,,False,env_mean_t,True,True,True,0
A,posterior_mean_shrunk,family_horizon,B,500,,,all,,,False,exploratory,phi_k16_noT1000,p3_star,ok,2.390928566455841e-06,-2.2970764746332846e-06,7.829329001651784e-06,2.5709612400849058e-06,0.5001249999999999,4,8000,4,-5.218073216058822e-06,9.999930348970504e-06,2.390928566455841e-06,0.3910022189557705,1.0,-2.390928566455841e-06,2.390928566455841e-06,0.0,7.172785699367523e-06,,,False,env_mean_t,True,True,True,0
A,posterior_mean_shrunk,family_horizon,B,500,,,all,,,False,exploratory,phi_k16_noT200,p3_star,ok,-2.8849795460700985e-05,-0.0001079018677728527,4.9790956063588936e-05,4.0441702795192066e-05,0.49987499999999996,4,8000,4,-9.18345186262112e-05,3.413492770480924e-05,1.9791291705672717e-05,0.24098600815743815,0.5,-8.152508299391566e-05,8.921158029180377e-06,-6.291195005178451e-05,0.0,,,False,env_mean_t,True,True,True,0
A,posterior_mean_shrunk,family_horizon,B,500,,,all,,,False,exploratory,phi_k16_noambig,p3_star,ok,2.6547983288764956e-06,-7.979075007824571e-06,1.3599886369775042e-05,5.566414575994469e-06,0.49975,4,8000,4,-5.79395480412987e-06,1.110355146188286e-05,2.654798328876496e-06,0.3910022189557703,1.0,-2.6547983288764973e-06,2.6547983288764956e-06,0.0,7.964394986629488e-06,,,False,env_mean_t,True,True,True,0
A,posterior_mean_shrunk,family_horizon,B,500,,,all,,,False,exploratory,phi_k16_nopolicy,p3_star,ok,4.6504288911819455e-06,-2.9639018350735564e-06,1.306481958636141e-05,4.077515153468507e-06,0.499875,4,8000,4,-1.0149311351544648e-05,1.9450169133908537e-05,4.6504288911819455e-06,0.3910022189557705,1.0,-4.650428891181944e-06,4.6504288911819455e-06,0.0,1.3951286673545836e-05,,,False,env_mean_t,True,True,True,0
A,posterior_mean_shrunk,family_horizon,B,500,,,all,,,False,exploratory,phi_k16_notrunc,p3_star,ok,0.0,0.0,0.0,0.0,0.5,4,8000,4,0.0,0.0,0.0,1.0,1.0,0.0,0.0,0.0,0.0,,,False,env_mean_t,True,True,True,0
A,posterior_mean_shrunk,family_horizon,B,500,,,all,,,False,exploratory,phi_k16_onpolicy_only,p3_star,ok,0.0012229939699172974,0.000784531683257228,0.0016710989690182031,0.00022401600562311483,0.48162499999999997,4,8000,4,-0.0007869767618747022,0.003232964701709297,0.000631580406700001,0.14823307431789842,0.25,-0.0012519381057769603,0.007612141991625285,0.0001864870488643646,0.00225950089097023,,,False,env_mean_t,True,True,True,0
A,posterior_mean_shrunk,family_horizon,B,500,,,all,,,False,exploratory,phi_k16_onpolicy_union,p3_star,ok,-0.0002506526559591293,-0.000499074135586852,-7.078510145675045e-06,0.00012656243614115716,0.50475,4,8000,4,-0.0009949855525400834,0.0004936802406218249,0.0002338870243765507,0.36241071862559243,0.5,-0.004593871644773695,0.0002045263244097624,-0.0007135334238409995,0.0,,,False,env_mean_t,True,True,True,0
A,posterior_mean_shrunk,family_horizon,B,500,,,all,,,False,exploratory,phi_k16_perstep,p3_star,ok,2.5324746966361998e-05,-0.00026212468228550275,0.000316921282791327,0.00014786940986615386,0.498625,4,8000,4,-0.00014191167645939682,0.0001925611703921208,5.254964495334983e-05,0.6628349039233842,1.0,-0.00010178122379026755,0.0002559070755718269,-5.474062263965607e-05,0.00013071486353874207,,,False,env_mean_t,True,True,True,0
A,posterior_mean_shrunk,family_horizon,B,500,,,all,,,False,exploratory,phi_k16_quality,p3_star,ok,-0.00033812707662582393,-0.0006350793263209197,-4.9937913220787964e-05,0.00014921446303121536,0.50325,4,8000,4,-0.001380833709926042,0.0007045795566743942,0.00032764311893308226,0.37798164044161947,0.5,-0.013986307893795935,0.0003092936431304732,-0.0009906005188822745,0.0,,,False,env_mean_t,True,True,True,0
A,posterior_mean_shrunk,family_horizon,B,500,,,all,,,False,exploratory,phi_k16_tau05,p3_star,ok,-0.000262684129178524,-0.0005408598494511806,9.587559600276997e-06,0.0001403262348386358,0.502625,4,8000,4,-0.0010267788204168802,0.000501410562059832,0.00024009664828272373,0.3539010922583995,0.5,-0.0036557380758872647,0.00020051963482363634,-0.0007359739691019057,0.0,,,False,env_mean_t,True,True,True,0
A,posterior_mean_shrunk,family_horizon,B,500,,,all,,,False,exploratory,phi_k16_weighted,p3_star,ok,-0.00019100824743509298,-0.0005816172375631367,0.0002059074649878307,0.0002008675267516624,0.5013125,4,8000,4,-0.002005912545159399,0.001623896050289213,0.0005702859132960332,0.7597265128881628,1.0,-0.003951691294212465,0.0009593948202076359,-0.0012949185073375703,0.0005484957620501518,,,False,env_mean_t,True,True,True,0
A,posterior_mean_shrunk,family_horizon,B,500,,,all,,,False,exploratory,phi_k4,p3_star,ok,-4.784464836120605e-07,-1.7347061771033621e-06,8.664280244374822e-07,6.483624973052918e-07,0.5001875,4,8000,4,-2.0010767276592446e-06,1.0441837604351234e-06,4.784464836120605e-07,0.3910022189557705,1.0,-4.784464836120605e-07,4.784464836120603e-07,-1.4353394508361814e-06,0.0,,,False,env_mean_t,True,True,True,0
A,posterior_mean_shrunk,family_horizon,B,500,,,all,,,False,exploratory,phi_reservoir_rule,p3_star,ok,0.0009505345379002392,0.00044020422983521724,0.0014618660449286834,0.0002591513139644501,0.49706249999999996,4,8000,4,-0.002036684920524793,0.003937753996325271,0.0009386551010979989,0.38580212958094634,0.5,-0.0009178656384371939,0.09983615089897327,0.0,0.002824789771344513,,,False,env_mean_t,True,True,True,0
A,posterior_mean_shrunk,family_horizon,B,500,,,all,,,False,exploratory,phi_sf_k16,p3_star,ok,8.688092231750488e-06,-1.020761101244716e-05,2.8018881675961892e-05,9.827992421837166e-06,0.499,4,8000,4,-1.8961294791147937e-05,3.6337479254648914e-05,8.688092231750488e-06,0.3910022189557705,1.0,-8.688092231750488e-06,8.688092231750488e-06,0.0,2.6064276695251465e-05,,,False,env_mean_t,True,True,True,0
A,posterior_mean_shrunk,family_horizon,B,500,,,all,,,False,exploratory,phi_sf_k16_noT1000,p3_star,ok,-0.00028614300489425665,-0.000544241161503578,-3.671143143719751e-05,0.00012953671471403546,0.5043125,4,8000,4,-0.001105063559182259,0.0005327775493937456,0.00025732423291113387,0.3472341295861263,0.5,-0.023722114286245048,0.00020644282942475917,-0.0007906405627727509,6.353393197059632e-06,,,False,env_mean_t,True,True,True,0
A,posterior_mean_shrunk,family_horizon,B,500,,,all,,,False,exploratory,power_a0.25,p3_star,ok,0.0,0.0,0.0,0.0,0.5,4,8000,4,0.0,0.0,0.0,1.0,1.0,0.0,0.0,0.0,0.0,,,False,env_mean_t,True,True,True,0
A,posterior_mean_shrunk,family_horizon,B,500,,,all,,,False,exploratory,power_a0.33,p3_star,ok,0.0,0.0,0.0,0.0,0.5,4,8000,4,0.0,0.0,0.0,1.0,1.0,0.0,0.0,0.0,0.0,,,False,env_mean_t,True,True,True,0
A,posterior_mean_shrunk,family_horizon,B,500,,,all,,,False,exploratory,power_a0.5,p3_star,ok,0.0,0.0,0.0,0.0,0.5,4,8000,4,0.0,0.0,0.0,1.0,1.0,0.0,0.0,0.0,0.0,,,False,env_mean_t,True,True,True,0
A,posterior_mean_shrunk,family_horizon,B,500,,,all,,,False,exploratory,power_a0.67,p3_star,ok,-7.480233907699585e-07,-2.3682341634412296e-06,1.2416393246894586e-07,7.905162602517694e-07,0.5,4,8000,4,-3.128567666991604e-06,1.6325208854516868e-06,7.480233907699584e-07,0.3910022189557704,1.0,-7.480233907699585e-07,7.48023390769958e-07,-2.244070172309875e-06,0.0,,,False,env_mean_t,True,True,True,0
A,posterior_mean_shrunk,family_horizon,B,500,,,all,,,False,exploratory,refine_after_init,p3_star,ok,0.08725438965065405,0.08489831556798891,0.0896207410027273,0.001222094860096556,0.2310625,4,8000,4,-0.03663745321687448,0.21114623251818257,0.03892975119857799,0.11082487230098284,0.125,-0.05114359553151057,0.9263601243932571,0.023614917159080505,0.1508938621422276,,,False,env_mean_t,True,True,True,0
A,posterior_mean_shrunk,family_horizon,B,500,,,all,,,False,exploratory,rule_reservoir,p3_star,ok,0.0027590318527072667,0.0019664724757603837,0.003564554855256574,0.00040780759918858486,0.4915,4,8000,4,-0.004413209567423925,0.009931273272838458,0.002253688116661501,0.3082363806325115,0.5,-0.0013625926380283616,0.01592581651352011,0.0,0.007067405546084047,,,False,env_mean_t,True,True,True,0
A,posterior_mean_shrunk,family_horizon,B,500,,,all,,,False,exploratory,uniform,p3_star,ok,-7.151050120592117e-05,-0.00016940341695317329,2.697204155310828e-05,5.0871420746673445e-05,0.5020625,4,8000,4,-0.00026143415131750725,0.00011841314890566492,5.967850888678382e-05,0.31684587480505944,0.5,-0.0016832421070285186,3.809714156312812e-05,-0.0001844060271978378,5.499348044395447e-06,,,False,env_mean_t,True,True,True,0
A,posterior_mean_shrunk,family_horizon,B,500,,,all,,,False,exploratory,always_search,phi_k16,ok,0.000262684129178524,-9.587559600277005e-06,0.0005408598494511805,0.0001403262348386358,0.497375,4,8000,4,-0.000501410562059832,0.0010267788204168802,0.00024009664828272373,0.3539010922583995,0.5,-0.00020051963482363634,0.0036557380758872647,0.0,0.0007359739691019057,,,False,env_mean_t,True,True,True,0
A,posterior_mean_shrunk,family_horizon,B,500,,,all,,,False,exploratory,cp0,phi_k16,ok,0.032961403085850174,0.031181120917608496,0.03476172938462696,0.0009115701130129111,0.38037499999999996,4,8000,4,-0.024412319094741668,0.09033512526644202,0.018028182309104853,0.16494472178816072,0.125,-0.05182924376793545,1.9280318988077951,0.002745937719941139,0.06317686845175921,,,False,env_mean_t,True,True,True,0
A,posterior_mean_shrunk,family_horizon,B,500,,,all,,,False,exploratory,fixed_K16,phi_k16,ok,0.04647806178871542,0.04450536057556746,0.04848139296518639,0.0009979326453397885,0.33968750000000003,4,8000,4,-0.031870527498425304,0.12482665107585614,0.024618982308377432,0.15547727348184034,0.125,-0.06201763563081445,1.4568623434948993,0.005404993787407875,0.08755112979002297,,,False,env_mean_t,True,True,True,0
A,posterior_mean_shrunk,family_horizon,B,500,,,all,,,False,exploratory,p3_star,phi_k16,ok,0.000262684129178524,-9.587559600277005e-06,0.0005408598494511805,0.0001403262348386358,0.497375,4,8000,4,-0.000501410562059832,0.0010267788204168802,0.00024009664828272373,0.3539010922583995,0.5,-0.00020051963482363634,0.0036557380758872647,0.0,0.0007359739691019057,,,False,env_mean_t,True,True,True,0
A,posterior_mean_shrunk,family_horizon,B,500,,,all,,,False,exploratory,phi_k1,phi_k16,ok,0.000262684129178524,-9.587559600277005e-06,0.0005408598494511805,0.0001403262348386358,0.497375,4,8000,4,-0.000501410562059832,0.0010267788204168802,0.00024009664828272373,0.3539010922583995,0.5,-0.00020051963482363634,0.0036557380758872647,0.0,0.0007359739691019057,,,False,env_mean_t,True,True,True,0
A,posterior_mean_shrunk,family_horizon,B,500,,,all,,,False,exploratory,phi_k16_all71,phi_k16,ok,9.307283163070678e-05,-0.00012784490374144749,0.0003107235664174368,0.00011216133066045705,0.499375,4,8000,4,-0.0001841455613300201,0.00037029122459143364,8.710858451891884e-05,0.3636481128031791,0.5,-7.666439729642605e-05,0.001786824379504793,0.0,0.0002655608654022217,,,False,env_mean_t,True,True,True,0
A,posterior_mean_shrunk,family_horizon,B,500,,,all,,,False,exploratory,phi_k16_clock,phi_k16,ok,0.000262684129178524,-9.587559600277005e-06,0.0005408598494511805,0.0001403262348386358,0.497375,4,8000,4,-0.000501410562059832,0.0010267788204168802,0.00024009664828272373,0.3539010922583995,0.5,-0.00020051963482363634,0.0036557380758872647,0.0,0.0007359739691019057,,,False,env_mean_t,True,True,True,0
A,posterior_mean_shrunk,family_horizon,B,500,,,all,,,False,exploratory,phi_k16_cs,phi_k16,ok,-8.882425725460053e-06,-4.017395038431458e-05,2.3408506586974907e-05,1.629784818073756e-05,0.5005,4,8000,4,-3.5201023608284467e-05,1.7436172157364364e-05,8.269926766440188e-06,0.3614966098000663,0.5,-0.0001574992329228328,7.197239689992557e-06,-2.5242626667022704e-05,0.0,,,False,env_mean_t,True,True,True,0
A,posterior_mean_shrunk,family_horizon,B,500,,,all,,,False,exploratory,phi_k16_famA_only,phi_k16,ok,0.00011659998446702957,-0.00010576502515959873,0.0003435947741309064,0.0001157108299445284,0.5025625,4,8000,4,-0.0002072617628452554,0.0004404617317793145,0.00010176503112545474,0.33500057405853945,0.5,-0.00030499734301268563,0.0007112967797123568,-4.911680519580841e-05,0.00028231677412986753,,,False,env_mean_t,True,True,True,0
A,posterior_mean_shrunk,family_horizon,B,500,,,all,,,False,exploratory,phi_k16_famB_only,phi_k16,ok,-0.00012573350965976716,-0.0003611678945162566,9.921909972945286e-05,0.00011633886773765804,0.5002500000000001,4,8000,4,-0.0007757014567132997,0.0005242344373937655,0.0002042353223601645,0.5816926432793941,1.0,-0.0012136767619769758,0.00034412602172530205,-0.0005393041223287582,0.00016210359334945678,,,False,env_mean_t,True,True,True,0
A,posterior_mean_shrunk,family_horizon,B,500,,,all,,,False,exploratory,phi_k16_guard,phi_k16,ok,0.0,0.0,0.0,0.0,0.5,4,8000,4,0.0,0.0,0.0,1.0,1.0,0.0,0.0,0.0,0.0,,,False,env_mean_t,True,True,True,0
A,posterior_mean_shrunk,family_horizon,B,500,,,all,,,False,exploratory,phi_k16_hgb,phi_k16,ok,1.598463207483292e-05,-0.00022850025645766435,0.0002609322082435028,0.000124938182443112,0.501125,4,8000,4,-0.0002920683458633621,0.00032403761001302794,9.679754138404317e-05,0.879338282006628,0.75,-0.0002508226105221335,0.00033573401571637804,-0.00015503013134002687,0.00019680916517972948,,,False,env_mean_t,True,True,True,0
A,posterior_mean_shrunk,family_horizon,B,500,,,all,,,False,exploratory,phi_k16_lucb,phi_k16,ok,-7.81426578760147e-05,-0.0002957612603495363,0.00013895704694206755,0.00011257977020875511,0.4990625,4,8000,4,-0.000805622114999165,0.0006493367992471355,0.00022859127455358502,0.7550134095498807,1.0,-0.0009458953933729981,0.0005063116039229781,-0.0005289026945829391,0.000294474720954895,,,False,env_mean_t,True,True,True,0
A,posterior_mean_shrunk,family_horizon,B,500,,,all,,,False,exploratory,phi_k16_noT1000,phi_k16,ok,0.00026507505774497984,-6.362582229257885e-06,0.000543232030895524,0.00014031572210017053,0.4974375,4,8000,4,-0.0004970134704348368,0.0010271635859247965,0.00023946626433713804,0.3491016338862783,0.5,-0.00019457871229530682,0.003239545190613583,0.0,0.0007359739691019057,,,False,env_mean_t,True,True,True,0
A,posterior_mean_shrunk,family_horizon,B,500,,,all,,,False,exploratory,phi_k16_noT200,phi_k16,ok,0.00023383433371782303,-3.638296896042444e-05,0.000507412604338242,0.00013725418611688518,0.4976875,4,8000,4,-0.00047067784727102815,0.0009383465147066743,0.00022137441245094174,0.3683773883509694,0.5,-0.000199560069861131,0.005472707888394634,0.0,0.0006730620190501213,,,False,env_mean_t,True,True,True,0
A,posterior_mean_shrunk,family_horizon,B,500,,,all,,,False,exploratory,phi_k16_noambig,phi_k16,ok,0.00026533892750740047,-6.9520111082964486e-06,0.0005434206565041676,0.00014033058328941932,0.4971875,4,8000,4,-0.000496532527277288,0.0010272103822920888,0.00023939805473537104,0.3485766957444394,0.5,-0.00019392641954901584,0.0031997573283498604,0.0,0.0007359739691019057,,,False,env_mean_t,True,True,True,0
A,posterior_mean_shrunk,family_horizon,B,500,,,all,,,False,exploratory,phi_k16_nopolicy,phi_k16,ok,0.00026733455806970594,-5.639121718559076e-06,0.0005457337781990645,0.00014033759483542385,0.4971875,4,8000,4,-0.0004929232124707946,0.0010275923286102065,0.00023889099692845416,0.3446373184370267,0.5,-0.00018901474558050618,0.0029300384866526308,0.0,0.0007359739691019057,,,False,env_mean_t,True,True,True,0
A,posterior_mean_shrunk,family_horizon,B,500,,,all,,,False,exploratory,phi_k16_notrunc,phi_k16,ok,0.000262684129178524,-9.587559600277005e-06,0.0005408598494511805,0.0001403262348386358,0.497375,4,8000,4,-0.000501410562059832,0.0010267788204168802,0.00024009664828272373,0.3539010922583995,0.5,-0.00020051963482363634,0.0036557380758872647,0.0,0.0007359739691019057,,,False,env_mean_t,True,True,True,0
A,posterior_mean_shrunk,family_horizon,B,500,,,all,,,False,exploratory,phi_k16_onpolicy_only,phi_k16,ok,0.0014856780990958214,0.0010591403451144289,0.0019055331800700514,0.00021742566362787654,0.478875,4,8000,4,-0.001191519365580221,0.004162875563771864,0.0008412388483133816,0.1755611955793069,0.25,-0.0005852896916834877,0.012365681980412107,0.0001864870488643646,0.0028674481511116027,,,False,env_mean_t,True,True,True,0
A,posterior_mean_shrunk,family_horizon,B,500,,,all,,,False,exploratory,phi_k16_onpolicy_union,phi_k16,ok,1.2031473219394684e-05,-0.0001575013058754848,0.00017661241345194866,8.547524546624576e-05,0.5005,4,8000,4,-1.1348365509510798e-05,3.541131194830016e-05,7.346499040718685e-06,0.2000059718593321,0.5,-1.4103783036413844e-05,2.4105661060563027e-05,0.0,2.4062946438789368e-05,,,False,env_mean_t,True,True,True,0
A,posterior_mean_shrunk,family_horizon,B,500,,,all,,,False,exploratory,phi_k16_perstep,phi_k16,ok,0.000288008876144886,4.639569415303413e-05,0.0005298942373428871,0.00012482535221480684,0.4961875,4,8000,4,-0.0006323332355628259,0.0012083509878525979,0.00028919328825114787,0.3926991948898495,1.0,-0.0002912660140858565,0.09501416700148925,-2.6622042059898376e-06,0.0008666888326406478,,,False,env_mean_t,True,True,True,0
A,posterior_mean_shrunk,family_horizon,B,500,,,all,,,False,exploratory,phi_k16_quality,phi_k16,ok,-7.544294744729996e-05,-0.0002897706965995894,0.00013518647651835635,0.00010795725568647898,0.4994375,4,8000,4,-0.00035698705151759186,0.0002061011566229919,8.846782539672507e-05,0.45645801670477376,1.0,-0.001048423903194224,0.00011132450070959654,-0.00025462654978036884,2.8297707438468934e-05,,,False,env_mean_t,True,True,True,0
A,posterior_mean_shrunk,family_horizon,B,500,,,all,,,False,exploratory,phi_k16_tau05,phi_k16,ok,0.0,0.0,0.0,0.0,0.5,4,8000,4,0.0,0.0,0.0,1.0,1.0,0.0,0.0,0.0,0.0,,,False,env_mean_t,True,True,True,0
A,posterior_mean_shrunk,family_horizon,B,500,,,all,,,False,exploratory,phi_k16_weighted,phi_k16,ok,7.16758817434311e-05,-0.00026000328089139654,0.0004061859744979301,0.00017042116830054058,0.4960625,4,8000,4,-0.0010467249200393344,0.0011900766835261966,0.0003514280193591711,0.8514397027872829,1.0,-0.0012747880796478174,0.000805719488093617,-0.0005589445382356644,0.0006005741804838181,,,False,env_mean_t,True,True,True,0
A,posterior_mean_shrunk,family_horizon,B,500,,,all,,,False,exploratory,phi_k4,phi_k16,ok,0.00026220568269491194,-1.0478976935246447e-05,0.0005401433228144014,0.00014033016271898903,0.4975625,4,8000,4,-0.000502298921407478,0.0010267102867973017,0.00024022545261269886,0.35487076898342185,0.5,-0.00020171507733364322,0.0037532983135085255,0.0,0.0007359739691019057,,,False,env_mean_t,True,True,True,0
A,posterior_mean_shrunk,family_horizon,B,500,,,all,,,False,exploratory,phi_reservoir_rule,phi_k16,ok,0.0012132186670787632,0.0006313129950285657,0.0018042214018350927,0.000294534802963971,0.4941875,4,8000,4,-0.0015842101591790657,0.004010647493336592,0.0008790183895996462,0.26139270053956604,0.25,-0.0003597277527422646,0.03912924848876809,5.259484052658081e-05,0.0028510871916078034,,,False,env_mean_t,True,True,True,0
A,posterior_mean_shrunk,family_horizon,B,500,,,all,,,False,exploratory,phi_sf_k16,phi_k16,ok,0.0002713722214102745,2.088030669256286e-07,0.0005502625610006361,0.00014029878083729596,0.4963125,4,8000,4,-0.00048577308496367797,0.001028517527784227,0.00023791298697385397,0.3368338584370441,0.5,-0.00017919312812840103,0.0025121160943361543,0.0,0.0007359739691019057,,,False,env_mean_t,True,True,True,0
A,posterior_mean_shrunk,family_horizon,B,500,,,all,,,False,exploratory,phi_sf_k16_noT1000,phi_k16,ok,-2.3458875715732576e-05,-0.00022693704314065142,0.00018200508831114326,0.0001052654991483448,0.5011875,4,8000,4,-8.443630244606672e-05,3.751855101460156e-05,1.9160551626305645e-05,0.3082029434650867,0.5,-0.0001841138966137983,2.6974350560526726e-05,-5.4666593670845036e-05,6.353393197059632e-06,,,False,env_mean_t,True,True,True,0
A,posterior_mean_shrunk,family_horizon,B,500,,,all,,,False,exploratory,power_a0.25,phi_k16,ok,0.000262684129178524,-9.587559600277005e-06,0.0005408598494511805,0.0001403262348386358,0.497375,4,8000,4,-0.000501410562059832,0.0010267788204168802,0.00024009664828272373,0.3539010922583995,0.5,-0.00020051963482363634,0.0036557380758872647,0.0,0.0007359739691019057,,,False,env_mean_t,True,True,True,0
A,posterior_mean_shrunk,family_horizon,B,500,,,all,,,False,exploratory,power_a0.33,phi_k16,ok,0.000262684129178524,-9.587559600277005e-06,0.0005408598494511805,0.0001403262348386358,0.497375,4,8000,4,-0.000501410562059832,0.0010267788204168802,0.00024009664828272373,0.3539010922583995,0.5,-0.00020051963482363634,0.0036557380758872647,0.0,0.0007359739691019057,,,False,env_mean_t,True,True,True,0
A,posterior_mean_shrunk,family_horizon,B,500,,,all,,,False,exploratory,power_a0.5,phi_k16,ok,0.000262684129178524,-9.587559600277005e-06,0.0005408598494511805,0.0001403262348386358,0.497375,4,8000,4,-0.000501410562059832,0.0010267788204168802,0.00024009664828272373,0.3539010922583995,0.5,-0.00020051963482363634,0.0036557380758872647,0.0,0.0007359739691019057,,,False,env_mean_t,True,True,True,0
A,posterior_mean_shrunk,family_horizon,B,500,,,all,,,False,exploratory,power_a0.67,phi_k16,ok,0.00026193610578775404,-9.95836859374318e-06,0.0005398820049776986,0.00014032411251946607,0.4974375,4,8000,4,-0.0005028006990145281,0.0010266729105900363,0.00024029841557188743,0.3554184806966938,0.5,-0.00020238961329090984,0.0038107610598100933,0.0,0.0007359739691019057,,,False,env_mean_t,True,True,True,0
A,posterior_mean_shrunk,family_horizon,B,500,,,all,,,False,exploratory,refine_after_init,phi_k16,ok,0.08751707377983257,0.08513473327038809,0.08986936734290793,0.0012199055564821335,0.230625,4,8000,4,-0.03595594092430063,0.21099008848396578,0.038798145470399656,0.10935955199602697,0.125,-0.04984371082815196,0.8550300322897704,0.024140285417437554,0.1508938621422276,,,False,env_mean_t,True,True,True,0
A,posterior_mean_shrunk,family_horizon,B,500,,,all,,,False,exploratory,rule_reservoir,phi_k16,ok,0.003021715981885791,0.0021986639881561134,0.003882223648845695,0.00043127542260131804,0.488875,4,8000,4,-0.0038435128307615033,0.009886944794533085,0.00215721748431362,0.2558065198641664,0.125,-0.0013643304230196327,0.028739577221610066,0.0004553084224462509,0.007312730202451347,,,False,env_mean_t,True,True,True,0
A,posterior_mean_shrunk,family_horizon,B,500,,,all,,,False,exploratory,uniform,phi_k16,ok,0.00019117362797260284,-9.232245267867235e-05,0.0004836654609960078,0.00014642913677824618,0.4993125,4,8000,4,-0.0003862991765613185,0.0007686464325065242,0.00018145563165517133,0.3694445889112248,0.25,-0.00017267080653901584,0.01762721083366992,4.5679733157157894e-06,0.0005543176159262657,,,False,env_mean_t,True,True,True,0
A,posterior_mean_shrunk,family_horizon,B,1000,,,all,,,False,exploratory,always_search,cp0,ok,-0.02389064761251211,-0.025213891691237222,-0.022632508432434407,0.0006558538242114701,0.6154375000000001,4,8000,4,-0.06417192106408066,0.01639062583905644,0.012657330112590091,0.15553875282452256,0.125,-0.8846565354731774,2.538995021314592,-0.045808654755353936,-0.0019726404696702956,,,False,env_mean_t,True,True,True,0
A,posterior_mean_shrunk,family_horizon,B,1000,,,all,,,False,exploratory,fixed_K16,cp0,ok,0.029727888062596318,0.028357038178364748,0.03110220922681037,0.0007113655474902118,0.3584375,4,8000,4,-0.013387796027505325,0.07284357215269796,0.013547969063458551,0.11579080966219657,0.125,-0.0524609752704236,0.2434069620929673,0.006804354846477508,0.05265142127871513,,,False,env_mean_t,True,True,True,0
A,posterior_mean_shrunk,family_horizon,B,1000,,,all,,,False,exploratory,p3_star,cp0,ok,-0.023889222502708436,-0.025209950967837357,-0.02263117683323799,0.0006558711910898497,0.615875,4,8000,4,-0.06416302417979868,0.0163845791743818,0.012654982304092613,0.1555022643011414,0.125,-0.8879657398855771,2.474157137194581,-0.04580317294597626,-0.0019752720594406127,,,False,env_mean_t,True,True,True,0
A,posterior_mean_shrunk,family_horizon,B,1000,,,all,,,False,exploratory,phi_k1,cp0,ok,-0.02389064761251211,-0.025213891691237222,-0.022632508432434407,0.0006558538242114701,0.6154375000000001,4,8000,4,-0.06417192106408066,0.01639062583905644,0.012657330112590091,0.15553875282452256,0.125,-0.8846565354731774,2.538995021314592,-0.045808654755353936,-0.0019726404696702956,,,False,env_mean_t,True,True,True,0
A,posterior_mean_shrunk,family_horizon,B,1000,,,all,,,False,exploratory,phi_k16_all71,cp0,ok,-0.023888821862637997,-0.02521037261976744,-0.02262904012313811,0.000655854631168522,0.6150625000000001,4,8000,4,-0.06417354661259096,0.016395902887314972,0.012658414592280664,0.155585758049161,0.125,-0.8798085645484325,2.539430993786274,-0.045808654755353936,-0.0019689889699220655,,,False,env_mean_t,True,True,True,0
A,posterior_mean_shrunk,family_horizon,B,1000,,,all,,,False,exploratory,phi_k16_clock,cp0,ok,-0.02389064761251211,-0.025213891691237222,-0.022632508432434407,0.0006558538242114701,0.6154375000000001,4,8000,4,-0.06417192106408066,0.01639062583905644,0.012657330112590091,0.15553875282452256,0.125,-0.8846565354731774,2.538995021314592,-0.045808654755353936,-0.0019726404696702956,,,False,env_mean_t,True,True,True,0
A,posterior_mean_shrunk,family_horizon,B,1000,,,all,,,False,exploratory,phi_k16_cs,cp0,ok,-0.023890705689787864,-0.025212160880619193,-0.02263144875614671,0.0006558547977401474,0.6154375000000001,4,8000,4,-0.0641718693641306,0.016390457984554865,0.012657295617985849,0.15553725778729433,0.125,-0.8848116645331913,2.5389811541588108,-0.045808654755353936,-0.001972756624221802,,,False,env_mean_t,True,True,True,0
A,posterior_mean_shrunk,family_horizon,B,1000,,,all,,,False,exploratory,phi_k16_famA_only,cp0,ok,-0.023882152877748013,-0.025205291659221984,-0.022627054416079772,0.0006558514000951062,0.6131875,4,8000,4,-0.0641794889217688,0.016415183166272777,0.012662377359554028,0.15575756111183367,0.125,-0.8625613837579347,2.541024092404576,-0.045808654755353936,-0.0019556510001420974,,,False,env_mean_t,True,True,True,0
A,posterior_mean_shrunk,family_horizon,B,1000,,,all,,,False,exploratory,phi_k16_famB_only,cp0,ok,-0.023890827380120754,-0.025212274650402832,-0.022631922103028047,0.0006558546039734366,0.6153125,4,8000,4,-0.06417176103809986,0.01639010627785836,0.01265722334139685,0.1555341252502801,0.125,-0.8851368932078011,2.5389520982983456,-0.045808654755353936,-0.0019730000048875807,,,False,env_mean_t,True,True,True,0
A,posterior_mean_shrunk,family_horizon,B,1000,,,all,,,False,exploratory,phi_k16_guard,cp0,ok,-0.023890705689787864,-0.025212160880619193,-0.02263144875614671,0.0006558547977401474,0.6154375000000001,4,8000,4,-0.0641718693641306,0.016390457984554865,0.012657295617985849,0.15553725778729433,0.125,-0.8848116645331913,2.5389811541588108,-0.045808654755353936,-0.001972756624221802,,,False,env_mean_t,True,True,True,0
A,posterior_mean_shrunk,family_horizon,B,1000,,,all,,,False,exploratory,phi_k16_hgb,cp0,ok,-0.023896791845560074,-0.02522254819123191,-0.02263516891107429,0.0006558264847678233,0.6153125,4,8000,4,-0.0641669934474089,0.016373409756288745,0.01265385107519004,0.15538453385339604,0.125,-0.8733013569846394,2.5375626348937868,-0.045808654755353936,-0.00198492893576622,,,False,env_mean_t,True,True,True,0
A,posterior_mean_shrunk,family_horizon,B,1000,,,all,,,False,exploratory,phi_k16_lucb,cp0,ok,-0.023890559814870357,-0.025212607965659117,-0.022632386907207546,0.0006558530993030781,0.6145,4,8000,4,-0.06417199922191708,0.016390879592176368,0.012657382259731708,0.15554101295336192,0.125,-0.8844221285888965,2.5390159849619387,-0.045808654755353936,-0.001972464874386787,,,False,env_mean_t,True,True,True,0
A,posterior_mean_shrunk,family_horizon,B,1000,,,all,,,False,exploratory,phi_k16_noT1000,cp0,ok,-0.02389064761251211,-0.025213891691237222,-0.022632508432434407,0.0006558538242114701,0.6154375000000001,4,8000,4,-0.06417192106408066,0.01639062583905644,0.012657330112590091,0.15553875282452256,0.125,-0.8846565354731774,2.538995021314592,-0.045808654755353936,-0.0019726404696702956,,,False,env_mean_t,True,True,True,0
A,posterior_mean_shrunk,family_horizon,B,1000,,,all,,,False,exploratory,phi_k16_noT200,cp0,ok,-0.023891133487224582,-0.02521349328671931,-0.022632658795191673,0.0006558537626439591,0.615375,4,8000,4,-0.06417148855901239,0.01638922158456322,0.012657041535912702,0.15552624572374896,0.125,-0.8859560961286611,2.53887901085814,-0.045808654755353936,-0.0019736122190952303,,,False,env_mean_t,True,True,True,0
A,posterior_mean_shrunk,family_horizon,B,1000,,,all,,,False,exploratory,phi_k16_noambig,cp0,ok,-0.02389064761251211,-0.025213891691237222,-0.022632508432434407,0.0006558538242114701,0.6154375000000001,4,8000,4,-0.06417192106408066,0.01639062583905644,0.012657330112590091,0.15553875282452256,0.125,-0.8846565354731774,2.538995021314592,-0.045808654755353936,-0.0019726404696702956,,,False,env_mean_t,True,True,True,0
A,posterior_mean_shrunk,family_horizon,B,1000,,,all,,,False,exploratory,phi_k16_nopolicy,cp0,ok,-0.02389119812101126,-0.025213891691237222,-0.022632522194908234,0.0006558534755223487,0.6155625,4,8000,4,-0.0641714310276512,0.016389034785628684,0.012657003148729968,0.15552458202501832,0.125,-0.8861292710899792,2.5388635788752127,-0.045808654755353936,-0.0019737414866685867,,,False,env_mean_t,True,True,True,0
A,posterior_mean_shrunk,family_horizon,B,1000,,,all,,,False,exploratory,phi_k16_notrunc,cp0,ok,-0.02389064761251211,-0.025213891691237222,-0.022632508432434407,0.0006558538242114701,0.6154375000000001,4,8000,4,-0.06417192106408066,0.01639062583905644,0.012657330112590091,0.15553875282452256,0.125,-0.8846565354731774,2.538995021314592,-0.045808654755353936,-0.0019726404696702956,,,False,env_mean_t,True,True,True,0
A,posterior_mean_shrunk,family_horizon,B,1000,,,all,,,False,exploratory,phi_k16_onpolicy_only,cp0,ok,0.0035623044534586357,0.0014863720280118289,0.0056707576499320555,0.0010595802357890082,0.49024999999999996,4,8000,4,-0.06742502378516636,0.07454963269208363,0.02230589974786602,0.8832623095814037,0.875,-0.149282541908908,0.1394401556286188,-0.03373768267128617,0.04086229157820344,,,False,env_mean_t,True,True,True,0
A,posterior_mean_shrunk,family_horizon,B,1000,,,all,,,False,exploratory,phi_k16_onpolicy_union,cp0,ok,-0.0238882958739996,-0.025211590694379993,-0.022629730803600978,0.0006558531260300578,0.6143750000000001,4,8000,4,-0.06417401502493211,0.016397423276932915,0.012658727056619148,0.15559930229918956,0.125,-0.8784221537539518,2.5395566083158703,-0.045808654755353936,-0.0019679369926452637,,,False,env_mean_t,True,True,True,0
A,posterior_mean_shrunk,family_horizon,B,1000,,,all,,,False,exploratory,phi_k16_perstep,cp0,ok,-0.0238917588442564,-0.025215997463237726,-0.022633061022497715,0.0006558537589198863,0.6160625,4,8000,4,-0.06417093194924478,0.016387414260731974,0.012656670133951428,0.15551014944318278,0.125,-0.8876345990428129,2.5387297041683587,-0.045808654755353936,-0.0019748629331588744,,,False,env_mean_t,True,True,True,0
A,posterior_mean_shrunk,family_horizon,B,1000,,,all,,,False,exploratory,phi_k16_quality,cp0,ok,-0.023888821862637997,-0.02521037261976744,-0.02262904012313811,0.000655854631168522,0.6150625000000001,4,8000,4,-0.06417354661259096,0.016395902887314972,0.012658414592280664,0.155585758049161,0.125,-0.8798085645484325,2.539430993786274,-0.045808654755353936,-0.0019689889699220655,,,False,env_mean_t,True,True,True,0
A,posterior_mean_shrunk,family_horizon,B,1000,,,all,,,False,exploratory,phi_k16_tau05,cp0,ok,-0.023890705689787864,-0.025212160880619193,-0.02263144875614671,0.0006558547977401474,0.6154375000000001,4,8000,4,-0.0641718693641306,0.016390457984554865,0.012657295617985849,0.15553725778729433,0.125,-0.8848116645331913,2.5389811541588108,-0.045808654755353936,-0.001972756624221802,,,False,env_mean_t,True,True,True,0
A,posterior_mean_shrunk,family_horizon,B,1000,,,all,,,False,exploratory,phi_k16_weighted,cp0,ok,-0.023887785024940968,-0.025210070419416298,-0.022627815252781146,0.00065586944871795,0.6144375,4,8000,4,-0.06417446999800053,0.016398899948118585,0.012659030540805334,0.15561245768851897,0.125,-0.8770800035715237,2.539678612933467,-0.045808654755353936,-0.0019669152945280075,,,False,env_mean_t,True,True,True,0
A,posterior_mean_shrunk,family_horizon,B,1000,,,all,,,False,exploratory,phi_k4,cp0,ok,-0.023891961231827737,-0.02521301654705894,-0.02263372230954701,0.0006558541514873946,0.6154999999999999,4,8000,4,-0.06417075182434345,0.01638682936068798,0.012656549939473356,0.15550494043105736,0.125,-0.8881792430233104,2.538681385053409,-0.045808654755353936,-0.0019752677083015443,,,False,env_mean_t,True,True,True,0
A,posterior_mean_shrunk,family_horizon,B,1000,,,all,,,False,exploratory,phi_reservoir_rule,cp0,ok,-0.02388859013468027,-0.02521100464000483,-0.022631856203224745,0.0006558513593519268,0.6148750000000001,4,8000,4,-0.06417375296936331,0.016396572700002766,0.012658552248878149,0.15559172493606618,0.125,-0.8791972094966448,2.539486333413089,-0.045808654755353936,-0.0019685255140066147,,,False,env_mean_t,True,True,True,0
A,posterior_mean_shrunk,family_horizon,B,1000,,,all,,,False,exploratory,phi_sf_k16,cp0,ok,-0.023889956809580327,-0.0252134212256351,-0.02263195751220337,0.0006558514220394999,0.614625,4,8000,4,-0.06417253605369955,0.016392622434538897,0.012657740423535008,0.15555653657805954,0.125,-0.8828156857451033,2.539159970392473,-0.045808654755353936,-0.0019712588638067245,,,False,env_mean_t,True,True,True,0
A,posterior_mean_shrunk,family_horizon,B,1000,,,all,,,False,exploratory,phi_sf_k16_noT1000,cp0,ok,-0.023883887000381947,-0.025208942467725138,-0.022623448758895392,0.0006558639690087967,0.6148125,4,8000,4,-0.06417794305939709,0.016410169058633187,0.012661346710584331,0.1557128716002539,0.125,-0.8669779193772102,2.540609750708305,-0.045808654755353936,-0.0019591192454099654,,,False,env_mean_t,True,True,True,0
A,posterior_mean_shrunk,family_horizon,B,1000,,,all,,,False,exploratory,power_a0.25,cp0,ok,-0.023889222502708436,-0.025209950967837357,-0.02263117683323799,0.0006558711910898497,0.615875,4,8000,4,-0.06416302417979868,0.0163845791743818,0.012654982304092613,0.1555022643011414,0.125,-0.8879657398855771,2.474157137194581,-0.04580317294597626,-0.0019752720594406127,,,False,env_mean_t,True,True,True,0
A,posterior_mean_shrunk,family_horizon,B,1000,,,all,,,False,exploratory,power_a0.33,cp0,ok,-0.023884062863886356,-0.02520792355280719,-0.022625679850170857,0.0006558681335597571,0.6144375,4,8000,4,-0.06415823946124152,0.016390113733468818,0.012655100112919211,0.15556759289137376,0.125,-0.8807407625059749,2.418002371017032,-0.045798115357756616,-0.001970010370016098,,,False,env_mean_t,True,True,True,0
A,posterior_mean_shrunk,family_horizon,B,1000,,,all,,,False,exploratory,power_a0.5,cp0,ok,-0.02389064761251211,-0.025213891691237222,-0.022632508432434407,0.0006558538242114701,0.6154375000000001,4,8000,4,-0.06417192106408066,0.01639062583905644,0.012657330112590091,0.15553875282452256,0.125,-0.8846565354731774,2.538995021314592,-0.045808654755353936,-0.0019726404696702956,,,False,env_mean_t,True,True,True,0
A,posterior_mean_shrunk,family_horizon,B,1000,,,all,,,False,exploratory,power_a0.67,cp0,ok,-0.023867314547300338,-0.025189296527969418,-0.02261506338181789,0.0006558319988441252,0.6140625,4,8000,4,-0.06423345801461745,0.016498828920016778,0.012683998281541648,0.15643394494514817,0.125,-0.8347381790058496,2.8492686527462254,-0.045831010490655896,-0.0019036186039447782,,,False,env_mean_t,True,True,True,0
A,posterior_mean_shrunk,family_horizon,B,1000,,,all,,,False,exploratory,refine_after_init,cp0,ok,0.07486745105776936,0.0727692551445216,0.07696701053064317,0.0010719023655962954,0.212625,4,8000,4,-0.016834462063763017,0.16656936417930174,0.02881491290812442,0.08049964416173058,0.125,-0.030241726666532964,0.38016232556665813,0.027867328062653542,0.12186757405288519,,,False,env_mean_t,True,True,True,0
A,posterior_mean_shrunk,family_horizon,B,1000,,,all,,,False,exploratory,rule_reservoir,cp0,ok,-0.02271122260019183,-0.023994830388983247,-0.021481538235821062,0.0006376136058873808,0.612125,4,8000,4,-0.06090645481005826,0.015484009609674602,0.012001846550074444,0.15480103608683538,0.125,-0.7943351144575975,0.2246155033399574,-0.043449804730713366,-0.0019726404696702956,,,False,env_mean_t,True,True,True,0
A,posterior_mean_shrunk,family_horizon,B,1000,,,all,,,False,exploratory,uniform,cp0,ok,-0.023901973247528074,-0.025222983022104017,-0.022648473121080315,0.0006557293964750062,0.6144375,4,8000,4,-0.06420221482230187,0.016398268327245717,0.012663290346129223,0.1555378342383812,0.125,-0.910613931344709,2.8347711809058866,-0.04583066217601299,-0.0019732843190431596,,,False,env_mean_t,True,True,True,0
A,posterior_mean_shrunk,family_horizon,B,1000,,,all,,,False,exploratory,always_search,p3_star,ok,-1.425109803676605e-06,-8.716594487623296e-06,4.372819535092276e-06,3.3924900470759167e-06,0.4998125,4,8000,4,-1.2286620916507582e-05,9.43640130915437e-06,3.412944028245811e-06,0.7043528674934996,1.0,-1.536042988127213e-05,7.039191406687482e-06,-8.222714066505432e-06,3.947384655475616e-06,,,False,env_mean_t,True,True,True,0
A,posterior_mean_shrunk,family_horizon,B,1000,,,all,,,False,exploratory,cp0,p3_star,ok,0.023889222502708436,0.02263117683323799,0.025209950967837357,0.0006558711910898497,0.384125,4,8000,4,-0.0163845791743818,0.06416302417979868,0.012654982304092613,0.1555022643011414,0.125,-2.474157137194581,0.8879657398855771,0.0019752720594406127,0.04580317294597626,,,False,env_mean_t,True,True,True,0
A,posterior_mean_shrunk,family_horizon,B,1000,,,all,,,False,exploratory,fixed_K16,p3_star,ok,0.05361711056530476,0.051907250552903864,0.055369293739204295,0.0008890556448875615,0.277375,4,8000,4,-0.02929079607583722,0.13652501720644672,0.02605162780075591,0.1317345220262777,0.125,-0.2897463037543761,0.7215832523790594,0.00877962690591812,0.09845459422469141,,,False,env_mean_t,True,True,True,0
A,posterior_mean_shrunk,family_horizon,B,1000,,,all,,,False,exploratory,phi_k1,p3_star,ok,-1.425109803676605e-06,-8.716594487623296e-06,4.372819535092276e-06,3.3924900470759167e-06,0.4998125,4,8000,4,-1.2286620916507582e-05,9.43640130915437e-06,3.412944028245811e-06,0.7043528674934996,1.0,-1.536042988127213e-05,7.039191406687482e-06,-8.222714066505432e-06,3.947384655475616e-06,,,False,env_mean_t,True,True,True,0
A,posterior_mean_shrunk,family_horizon,B,1000,,,all,,,False,exploratory,phi_k16_all71,p3_star,ok,4.006400704383852e-07,-7.309700968960439e-06,6.846264648174837e-06,3.6278616489858466e-06,0.499625,4,8000,4,-1.4902364635579398e-05,1.570364477645617e-05,4.808566504519094e-06,0.9388468032771323,1.0,-1.3411824690568786e-05,1.5529211314970354e-05,-8.222714066505432e-06,9.424634277820587e-06,,,False,env_mean_t,True,True,True,0
A,posterior_mean_shrunk,family_horizon,B,1000,,,all,,,False,exploratory,phi_k16_clock,p3_star,ok,-1.425109803676605e-06,-8.716594487623296e-06,4.372819535092276e-06,3.3924900470759167e-06,0.4998125,4,8000,4,-1.2286620916507582e-05,9.43640130915437e-06,3.412944028245811e-06,0.7043528674934996,1.0,-1.536042988127213e-05,7.039191406687482e-06,-8.222714066505432e-06,3.947384655475616e-06,,,False,env_mean_t,True,True,True,0
A,posterior_mean_shrunk,family_horizon,B,1000,,,all,,,False,exploratory,phi_k16_cs,p3_star,ok,-1.4831870794296264e-06,-9.126280457394383e-06,4.810105485830716e-06,3.5587370066706927e-06,0.49975,4,8000,4,-1.2224875183712209e-05,9.258501024852957e-06,3.3752928011537925e-06,0.6900808641598468,1.0,-1.558944282238727e-05,6.8162174986720256e-06,-8.222714066505432e-06,3.7731528282165526e-06,,,False,env_mean_t,True,True,True,0
A,posterior_mean_shrunk,family_horizon,B,1000,,,all,,,False,exploratory,phi_k16_famA_only,p3_star,ok,7.069624960422517e-06,-6.3376065668308e-06,2.1040730916865866e-05,6.894508084511034e-06,0.49824999999999997,4,8000,4,-2.803631152948426e-05,4.21755614503293e-05,1.1031116670097962e-05,0.5671969226793807,1.0,-1.8074525512193145e-05,6.861557241780262e-05,-8.222714066505432e-06,2.943158894777298e-05,,,False,env_mean_t,True,True,True,0
A,posterior_mean_shrunk,family_horizon,B,1000,,,all,,,False,exploratory,phi_k16_famB_only,p3_star,ok,-1.6048774123191833e-06,-9.337904100448211e-06,4.815278634850983e-06,3.6236828466738418e-06,0.49975,4,8000,4,-1.2101618178047917e-05,8.89186335340955e-06,3.2983245462150766e-06,0.6598923671722345,1.0,-1.6159428045411804e-05,6.358833682144643e-06,-8.222714066505432e-06,3.4080818295478817e-06,,,False,env_mean_t,True,True,True,0
A,posterior_mean_shrunk,family_horizon,B,1000,,,all,,,False,exploratory,phi_k16_guard,p3_star,ok,-1.4831870794296264e-06,-9.126280457394383e-06,4.810105485830716e-06,3.5587370066706927e-06,0.49975,4,8000,4,-1.2224875183712209e-05,9.258501024852957e-06,3.3752928011537925e-06,0.6900808641598468,1.0,-1.558944282238727e-05,6.8162174986720256e-06,-8.222714066505432e-06,3.7731528282165526e-06,,,False,env_mean_t,True,True,True,0
A,posterior_mean_shrunk,family_horizon,B,1000,,,all,,,False,exploratory,phi_k16_hgb,p3_star,ok,-7.569342851638794e-06,-1.8566423392485376e-05,1.2149856985388373e-06,5.070921089811736e-06,0.4999375,4,8000,4,-2.359619839030798e-05,8.45751268703039e-06,5.036017579325797e-06,0.22985509510489047,0.5,-0.0001662800578009898,7.4915432178379025e-06,-1.5634790062904357e-05,4.9610435962677e-07,,,False,env_mean_t,True,True,True,0
A,posterior_mean_shrunk,family_horizon,B,1000,,,all,,,False,exploratory,phi_k16_lucb,p3_star,ok,-1.3373121619224547e-06,-9.753352418329085e-06,5.776235786925097e-06,3.9600299512006885e-06,0.49924999999999997,4,8000,4,-1.2383368610342235e-05,9.708744286497325e-06,3.4709325433332173e-06,0.7257178890095444,1.0,-1.5057138159778817e-05,7.381986120099273e-06,-8.222714066505432e-06,4.210777580738068e-06,,,False,env_mean_t,True,True,True,0
A,posterior_mean_shrunk,family_horizon,B,1000,,,all,,,False,exploratory,phi_k16_noT1000,p3_star,ok,-1.425109803676605e-06,-8.716594487623296e-06,4.372819535092276e-06,3.3924900470759167e-06,0.4998125,4,8000,4,-1.2286620916507582e-05,9.43640130915437e-06,3.412944028245811e-06,0.7043528674934996,1.0,-1.536042988127213e-05,7.039191406687482e-06,-8.222714066505432e-06,3.947384655475616e-06,,,False,env_mean_t,True,True,True,0
A,posterior_mean_shrunk,family_horizon,B,1000,,,all,,,False,exploratory,phi_k16_noT200,p3_star,ok,-1.910984516143799e-06,-9.17840733904995e-06,3.779720037755396e-06,3.3503080142391318e-06,0.49975,4,8000,4,-1.1831754434023844e-05,8.009785401736246e-06,3.11734086492172e-06,0.5832082282350849,1.0,-1.84410349748289e-05,5.267598721655076e-06,-8.222714066505432e-06,2.4897605180740358e-06,,,False,env_mean_t,True,True,True,0
A,posterior_mean_shrunk,family_horizon,B,1000,,,all,,,False,exploratory,phi_k16_noambig,p3_star,ok,-1.425109803676605e-06,-8.716594487623296e-06,4.372819535092276e-06,3.3924900470759167e-06,0.4998125,4,8000,4,-1.2286620916507582e-05,9.43640130915437e-06,3.412944028245811e-06,0.7043528674934996,1.0,-1.536042988127213e-05,7.039191406687482e-06,-8.222714066505432e-06,3.947384655475616e-06,,,False,env_mean_t,True,True,True,0
A,posterior_mean_shrunk,family_horizon,B,1000,,,all,,,False,exploratory,phi_k16_nopolicy,p3_star,ok,-1.975618302822113e-06,-9.355086939422105e-06,3.912188844878981e-06,3.4369714933015256e-06,0.49987499999999996,4,8000,4,-1.1782824478990153e-05,7.831587873345927e-06,3.0816564477098853e-06,0.5670778040149523,1.0,-1.9176010599211725e-05,5.0481220767813295e-06,-8.222714066505432e-06,2.295859158039093e-06,,,False,env_mean_t,True,True,True,0
A,posterior_mean_shrunk,family_horizon,B,1000,,,all,,,False,exploratory,phi_k16_notrunc,p3_star,ok,-1.425109803676605e-06,-8.716594487623296e-06,4.372819535092276e-06,3.3924900470759167e-06,0.4998125,4,8000,4,-1.2286620916507582e-05,9.43640130915437e-06,3.412944028245811e-06,0.7043528674934996,1.0,-1.536042988127213e-05,7.039191406687482e-06,-8.222714066505432e-06,3.947384655475616e-06,,,False,env_mean_t,True,True,True,0
A,posterior_mean_shrunk,family_horizon,B,1000,,,all,,,False,exploratory,phi_k16_onpolicy_only,p3_star,ok,0.027451526956167073,0.025752993022615557,0.02917516965244431,0.0008640421531052135,0.38606250000000003,4,8000,4,-0.006527324020092845,0.06143037793242699,0.010676959708588321,0.08241431940537661,0.125,-0.0006281217281645171,0.054850623633586795,0.009436616810504346,0.045340591395273806,,,False,env_mean_t,True,True,True,0
A,posterior_mean_shrunk,family_horizon,B,1000,,,all,,,False,exploratory,phi_k16_onpolicy_union,p3_star,ok,9.266287088394165e-07,-7.285743822649236e-06,7.856456682020504e-06,3.886537450655154e-06,0.4991875,4,8000,4,-1.581223195035836e-05,1.766548936803719e-05,5.259746450837776e-06,0.8713788248705224,1.0,-1.352369784750065e-05,1.8484051769241483e-05,-8.222714066505432e-06,1.1002600193023681e-05,,,False,env_mean_t,True,True,True,0
A,posterior_mean_shrunk,family_horizon,B,1000,,,all,,,False,exploratory,phi_k16_perstep,p3_star,ok,-2.536341547966003e-06,-9.86833414913235e-06,3.3216377744338377e-06,3.3960482587086177e-06,0.5,4,8000,4,-1.1497172648184977e-05,6.42448955225297e-06,2.815705353878747e-06,0.4340939708409274,1.0,-4.589488126847865e-05,3.305214931476926e-06,-8.222714066505432e-06,6.136894226074218e-07,,,False,env_mean_t,True,True,True,0
A,posterior_mean_shrunk,family_horizon,B,1000,,,all,,,False,exploratory,phi_k16_quality,p3_star,ok,4.006400704383852e-07,-7.309700968960439e-06,6.846264648174837e-06,3.6278616489858466e-06,0.499625,4,8000,4,-1.4902364635579398e-05,1.570364477645617e-05,4.808566504519094e-06,0.9388468032771323,1.0,-1.3411824690568786e-05,1.5529211314970354e-05,-8.222714066505432e-06,9.424634277820587e-06,,,False,env_mean_t,True,True,True,0
A,posterior_mean_shrunk,family_horizon,B,1000,,,all,,,False,exploratory,phi_k16_tau05,p3_star,ok,-1.4831870794296264e-06,-9.126280457394383e-06,4.810105485830716e-06,3.5587370066706927e-06,0.49975,4,8000,4,-1.2224875183712209e-05,9.258501024852957e-06,3.3752928011537925e-06,0.6900808641598468,1.0,-1.558944282238727e-05,6.8162174986720256e-06,-8.222714066505432e-06,3.7731528282165526e-06,,,False,env_mean_t,True,True,True,0
A,posterior_mean_shrunk,family_horizon,B,1000,,,all,,,False,exploratory,phi_k16_weighted,p3_star,ok,1.4374777674674988e-06,-1.0758125438314891e-05,1.4573603482403982e-05,6.426589959923953e-06,0.4993125,4,8000,4,-1.673495122056347e-05,1.9609906755498467e-05,5.710207571408165e-06,0.8175033841610495,1.0,-1.3728677472234056e-05,2.156284030791056e-05,-8.222714066505432e-06,1.2535147368907927e-05,,,False,env_mean_t,True,True,True,0
A,posterior_mean_shrunk,family_horizon,B,1000,,,all,,,False,exploratory,phi_k4,p3_star,ok,-2.7387291193008424e-06,-1.0486455382618942e-05,3.3989039195603247e-06,3.524521953916268e-06,0.49993750000000003,4,8000,4,-1.1463821438992234e-05,5.986363200390549e-06,2.7416306459610697e-06,0.39144006298198064,1.0,-0.003462282260188163,2.746708318377826e-06,-8.222714066505432e-06,6.526708602905273e-09,,,False,env_mean_t,True,True,True,0
A,posterior_mean_shrunk,family_horizon,B,1000,,,all,,,False,exploratory,phi_reservoir_rule,p3_star,ok,6.323680281639099e-07,-8.787323976378045e-06,9.052749533111635e-06,4.495323248100409e-06,0.49906249999999996,4,8000,4,-1.5297486615884885e-05,1.6562222672212705e-05,5.005537600933281e-06,0.9074592582091657,1.0,-1.3445885439901072e-05,1.680383380906848e-05,-8.222714066505432e-06,1.0119818150997162e-05,,,False,env_mean_t,True,True,True,0
A,posterior_mean_shrunk,family_horizon,B,1000,,,all,,,False,exploratory,phi_sf_k16,p3_star,ok,-7.343068718910214e-07,-9.767327742338234e-06,7.2992556965800735e-06,4.374956050109401e-06,0.499,4,8000,4,-1.31440475724968e-05,1.1675433828714756e-05,3.8994344319344226e-06,0.8626508903416977,1.0,-1.3859593430448255e-05,9.91931161180562e-06,-8.222714066505432e-06,6.0197934508323675e-06,,,False,env_mean_t,True,True,True,0
A,posterior_mean_shrunk,family_horizon,B,1000,,,all,,,False,exploratory,phi_sf_k16_noT1000,p3_star,ok,5.335502326488496e-06,-7.989449862577658e-06,1.9624522701633387e-05,7.1458847638900075e-06,0.4998125,4,8000,4,-2.443333301624407e-05,3.510433766922106e-05,9.354073089405587e-06,0.6083335855956757,1.0,-1.6547152361095622e-05,5.160655568294114e-05,-8.222714066505432e-06,2.4229221045970917e-05,,,False,env_mean_t,True,True,True,0
A,posterior_mean_shrunk,family_horizon,B,1000,,,all,,,False,exploratory,power_a0.25,p3_star,ok,0.0,0.0,0.0,0.0,0.5,4,8000,4,0.0,0.0,0.0,1.0,1.0,0.0,0.0,0.0,0.0,,,False,env_mean_t,True,True,True,0
A,posterior_mean_shrunk,family_horizon,B,1000,,,all,,,False,exploratory,power_a0.33,p3_star,ok,5.159638822078705e-06,-1.557400071305892e-06,1.2346650839845097e-05,3.517146150281791e-06,0.4989375,4,8000,4,-4.324318401325261e-06,1.464359604548267e-05,2.980083971144485e-06,0.18181461048338735,0.5,-0.00014253216530469044,8.259985397198824e-06,0.0,1.0319277644157411e-05,,,False,env_mean_t,True,True,True,0
A,posterior_mean_shrunk,family_horizon,B,1000,,,all,,,False,exploratory,power_a0.5,p3_star,ok,-1.425109803676605e-06,-8.716594487623296e-06,4.372819535092276e-06,3.3924900470759167e-06,0.4998125,4,8000,4,-1.2286620916507582e-05,9.43640130915437e-06,3.412944028245811e-06,0.7043528674934996,1.0,-1.536042988127213e-05,7.039191406687482e-06,-8.222714066505432e-06,3.947384655475616e-06,,,False,env_mean_t,True,True,True,0
A,posterior_mean_shrunk,family_horizon,B,1000,,,all,,,False,exploratory,power_a0.67,p3_star,ok,2.190795540809631e-05,-3.5602778058319015e-05,7.954517520261106e-05,2.9273845560988946e-05,0.4971875,4,8000,4,-9.175443082213386e-05,0.00013557034163832647,3.571541365569008e-05,0.5829842393506727,0.75,-5.815873393939673e-05,0.0001324529762504605,-3.482414782047272e-05,8.668367564678191e-05,,,False,env_mean_t,True,True,True,0
A,posterior_mean_shrunk,family_horizon,B,1000,,,all,,,False,exploratory,refine_after_init,p3_star,ok,0.09875667356047779,0.09649652735097333,0.10101413816446439,0.0011447668039219162,0.1685625,4,8000,4,-0.03157423163873829,0.22908757875969388,0.040953057081538846,0.0948926012715723,0.125,-0.12247075798567081,0.7036576065960408,0.02984260012209415,0.16767074699886142,,,False,env_mean_t,True,True,True,0
A,posterior_mean_shrunk,family_horizon,B,1000,,,all,,,False,exploratory,rule_reservoir,p3_star,ok,0.0011779999025166034,0.0008685741814588255,0.0015107911929931105,0.00016616507840025075,0.49487499999999995,4,8000,4,-0.002343052471129458,0.004699052276162664,0.0011063980459937934,0.3650984236905534,0.25,-0.0009849191376724207,0.9883906926309378,2.6315897703170778e-06,0.003371711928397417,,,False,env_mean_t,True,True,True,0
A,posterior_mean_shrunk,family_horizon,B,1000,,,all,,,False,exploratory,uniform,p3_star,ok,-1.2750744819641113e-05,-4.698243470215857e-05,1.8130258415283147e-05,1.6503287802245924e-05,0.49875,4,8000,4,-6.168094988694333e-05,3.61794602476611e-05,1.5375029261629663e-05,0.46774942131215397,0.75,-7.910566512220835e-05,1.9111078810699307e-05,-4.12338450551033e-05,9.541638195514678e-06,,,False,env_mean_t,True,True,True,0
A,posterior_mean_shrunk,family_horizon,B,1000,,,all,,,False,exploratory,always_search,phi_k16,ok,5.807727575302124e-08,-3.2482673248068746e-06,3.5666568749093116e-06,1.738680303844397e-06,0.5000625,4,8000,4,-1.267505358881243e-07,2.4290508739416674e-07,5.807727575302124e-08,0.3910022189557705,1.0,-5.8077275753021226e-08,5.807727575302124e-08,0.0,1.742318272590637e-07,,,False,env_mean_t,True,True,True,0
A,posterior_mean_shrunk,family_horizon,B,1000,,,all,,,False,exploratory,cp0,phi_k16,ok,0.023890705689787864,0.02263144875614671,0.025212160880619193,0.0006558547977401474,0.3845625,4,8000,4,-0.016390457984554865,0.0641718693641306,0.012657295617985849,0.15553725778729433,0.125,-2.5389811541588108,0.8848116645331913,0.001972756624221802,0.045808654755353936,,,False,env_mean_t,True,True,True,0
A,posterior_mean_shrunk,family_horizon,B,1000,,,all,,,False,exploratory,fixed_K16,phi_k16,ok,0.05361859375238419,0.051909716607769954,0.05536992827837821,0.0008892263650592691,0.27749999999999997,4,8000,4,-0.02929749195681064,0.13653467946157902,0.026054197857645567,0.13175298387573575,0.125,-0.28949164033605956,0.7211942020620297,0.00877711147069931,0.09846007603406907,,,False,env_mean_t,True,True,True,0
A,posterior_mean_shrunk,family_horizon,B,1000,,,all,,,False,exploratory,p3_star,phi_k16,ok,1.4831870794296264e-06,-4.810105485830717e-06,9.126280457394381e-06,3.5587370066706927e-06,0.50025,4,8000,4,-9.258501024852957e-06,1.2224875183712209e-05,3.3752928011537925e-06,0.6900808641598468,1.0,-6.8162174986720256e-06,1.558944282238727e-05,-3.7731528282165526e-06,8.222714066505432e-06,,,False,env_mean_t,True,True,True,0
A,posterior_mean_shrunk,family_horizon,B,1000,,,all,,,False,exploratory,phi_k1,phi_k16,ok,5.807727575302124e-08,-3.2482673248068746e-06,3.5666568749093116e-06,1.738680303844397e-06,0.5000625,4,8000,4,-1.267505358881243e-07,2.4290508739416674e-07,5.807727575302124e-08,0.3910022189557705,1.0,-5.8077275753021226e-08,5.807727575302124e-08,0.0,1.742318272590637e-07,,,False,env_mean_t,True,True,True,0
A,posterior_mean_shrunk,family_horizon,B,1000,,,all,,,False,exploratory,phi_k16_all71,phi_k16,ok,1.8838271498680114e-06,-7.05401622269619e-07,4.926674046146217e-06,1.4214780253789552e-06,0.499875,4,8000,4,-4.111351603022579e-06,7.879005902758602e-06,1.8838271498680114e-06,0.3910022189557705,1.0,-1.8838271498680122e-06,1.8838271498680114e-06,0.0,5.651481449604034e-06,,,False,env_mean_t,True,True,True,0
A,posterior_mean_shrunk,family_horizon,B,1000,,,all,,,False,exploratory,phi_k16_clock,phi_k16,ok,5.807727575302124e-08,-3.2482673248068746e-06,3.5666568749093116e-06,1.738680303844397e-06,0.5000625,4,8000,4,-1.267505358881243e-07,2.4290508739416674e-07,5.807727575302124e-08,0.3910022189557705,1.0,-5.8077275753021226e-08,5.807727575302124e-08,0.0,1.742318272590637e-07,,,False,env_mean_t,True,True,True,0
A,posterior_mean_shrunk,family_horizon,B,1000,,,all,,,False,exploratory,phi_k16_cs,phi_k16,ok,0.0,0.0,0.0,0.0,0.5,4,8000,4,0.0,0.0,0.0,1.0,1.0,0.0,0.0,0.0,0.0,,,False,env_mean_t,True,True,True,0
A,posterior_mean_shrunk,family_horizon,B,1000,,,all,,,False,exploratory,phi_k16_famA_only,phi_k16,ok,8.552812039852143e-06,-2.9536682518482835e-06,2.138526269845897e-05,6.165287498002444e-06,0.4984375,4,8000,4,-1.866605303616132e-05,3.577167711586561e-05,8.552812039852143e-06,0.3910022189557705,1.0,-8.55281203985214e-06,8.552812039852143e-06,0.0,2.5658436119556427e-05,,,False,env_mean_t,True,True,True,0
A,posterior_mean_shrunk,family_horizon,B,1000,,,all,,,False,exploratory,phi_k16_famB_only,phi_k16,ok,-1.2169033288955687e-07,-1.6192271914405865e-06,1.2541562455226085e-06,6.828727275209217e-07,0.5,4,8000,4,-5.089632831826716e-07,2.655826174035579e-07,1.2169033288955687e-07,0.3910022189557705,1.0,-1.2169033288955687e-07,1.2169033288955687e-07,-3.650709986686706e-07,0.0,,,False,env_mean_t,True,True,True,0
A,posterior_mean_shrunk,family_horizon,B,1000,,,all,,,False,exploratory,phi_k16_guard,phi_k16,ok,0.0,0.0,0.0,0.0,0.5,4,8000,4,0.0,0.0,0.0,1.0,1.0,0.0,0.0,0.0,0.0,,,False,env_mean_t,True,True,True,0
A,posterior_mean_shrunk,family_horizon,B,1000,,,all,,,False,exploratory,phi_k16_hgb,phi_k16,ok,-6.0861557722091675e-06,-1.5220505150637108e-05,9.85543474030236e-07,4.1505322053884385e-06,0.5001875,4,8000,4,-2.1471939405962533e-05,9.2996278615442e-06,4.8345776040930744e-06,0.2971207149263024,0.5,-3.039389752357866e-05,2.6214481389017825e-06,-1.5229471027851105e-05,0.0,,,False,env_mean_t,True,True,True,0
A,posterior_mean_shrunk,family_horizon,B,1000,,,all,,,False,exploratory,phi_k16_lucb,phi_k16,ok,1.4587491750717164e-07,-5.426757979876129e-06,5.50185860674901e-06,2.773533272756175e-06,0.4995,4,8000,4,-3.183641747470924e-07,6.101140097614356e-07,1.4587491750717164e-07,0.3910022189557705,1.0,-1.4587491750717164e-07,1.4587491750717164e-07,0.0,4.376247525215149e-07,,,False,env_mean_t,True,True,True,0
A,posterior_mean_shrunk,family_horizon,B,1000,,,all,,,False,exploratory,phi_k16_noT1000,phi_k16,ok,5.807727575302124e-08,-3.2482673248068746e-06,3.5666568749093116e-06,1.738680303844397e-06,0.5000625,4,8000,4,-1.267505358881243e-07,2.4290508739416674e-07,5.807727575302124e-08,0.3910022189557705,1.0,-5.8077275753021226e-08,5.807727575302124e-08,0.0,1.742318272590637e-07,,,False,env_mean_t,True,True,True,0
A,posterior_mean_shrunk,family_horizon,B,1000,,,all,,,False,exploratory,phi_k16_noT200,phi_k16,ok,-4.2779743671417236e-07,-2.712326556775224e-06,2.170540579982116e-06,1.238687210480132e-06,0.5,4,8000,4,-1.7892398085950308e-06,9.33644935166686e-07,4.277974367141723e-07,0.3910022189557704,1.0,-4.2779743671417236e-07,4.2779743671417225e-07,-1.283392310142517e-06,0.0,,,False,env_mean_t,True,True,True,0
A,posterior_mean_shrunk,family_horizon,B,1000,,,all,,,False,exploratory,phi_k16_noambig,phi_k16,ok,5.807727575302124e-08,-3.2482673248068746e-06,3.5666568749093116e-06,1.738680303844397e-06,0.5000625,4,8000,4,-1.267505358881243e-07,2.4290508739416674e-07,5.807727575302124e-08,0.3910022189557705,1.0,-5.8077275753021226e-08,5.807727575302124e-08,0.0,1.742318272590637e-07,,,False,env_mean_t,True,True,True,0
A,posterior_mean_shrunk,family_horizon,B,1000,,,all,,,False,exploratory,phi_k16_nopolicy,phi_k16,ok,-4.924312233924866e-07,-3.6678675485291013e-06,2.884654509216488e-06,1.6491447383900816e-06,0.5001249999999999,4,8000,4,-2.0595671508842416e-06,1.0747047040992686e-06,4.924312233924866e-07,0.3910022189557705,1.0,-4.924312233924866e-07,4.924312233924864e-07,-1.4772936701774597e-06,0.0,,,False,env_mean_t,True,True,True,0
A,posterior_mean_shrunk,family_horizon,B,1000,,,all,,,False,exploratory,phi_k16_notrunc,phi_k16,ok,5.807727575302124e-08,-3.2482673248068746e-06,3.5666568749093116e-06,1.738680303844397e-06,0.5000625,4,8000,4,-1.267505358881243e-07,2.4290508739416674e-07,5.807727575302124e-08,0.3910022189557705,1.0,-5.8077275753021226e-08,5.807727575302124e-08,0.0,1.742318272590637e-07,,,False,env_mean_t,True,True,True,0
A,posterior_mean_shrunk,family_horizon,B,1000,,,all,,,False,exploratory,phi_k16_onpolicy_only,phi_k16,ok,0.027453010143246505,0.025756534433458,0.029175788659631507,0.0008640510771860702,0.38656250000000003,4,8000,4,-0.006523824106855355,0.061429844393348365,0.010676326005466698,0.08239344014323141,0.125,-0.0006107083537037795,0.0548289095315386,0.00943535909289494,0.04534333229996264,,,False,env_mean_t,True,True,True,0
A,posterior_mean_shrunk,family_horizon,B,1000,,,all,,,False,exploratory,phi_k16_onpolicy_union,phi_k16,ok,2.409815788269043e-06,-2.1735537018230377e-06,6.984407730215023e-06,2.3541816595919358e-06,0.4994375,4,8000,4,-5.259293563522119e-06,1.0078925140060206e-05,2.409815788269043e-06,0.3910022189557705,1.0,-2.409815788269042e-06,2.409815788269043e-06,0.0,7.2294473648071284e-06,,,False,env_mean_t,True,True,True,0
A,posterior_mean_shrunk,family_horizon,B,1000,,,all,,,False,exploratory,phi_k16_perstep,phi_k16,ok,-1.053154468536377e-06,-4.60624388551878e-06,2.504728331587099e-06,1.8358707966476005e-06,0.50025,4,8000,4,-4.404762015822996e-06,2.298453078750243e-06,1.053154468536377e-06,0.3910022189557705,1.0,-1.053154468536377e-06,1.0531544685363774e-06,-3.159463405609131e-06,0.0,,,False,env_mean_t,True,True,True,0
A,posterior_mean_shrunk,family_horizon,B,1000,,,all,,,False,exploratory,phi_k16_quality,phi_k16,ok,1.8838271498680114e-06,-7.05401622269619e-07,4.926674046146217e-06,1.4214780253789552e-06,0.499875,4,8000,4,-4.111351603022579e-06,7.879005902758602e-06,1.8838271498680114e-06,0.3910022189557705,1.0,-1.8838271498680122e-06,1.8838271498680114e-06,0.0,5.651481449604034e-06,,,False,env_mean_t,True,True,True,0
A,posterior_mean_shrunk,family_horizon,B,1000,,,all,,,False,exploratory,phi_k16_tau05,phi_k16,ok,0.0,0.0,0.0,0.0,0.5,4,8000,4,0.0,0.0,0.0,1.0,1.0,0.0,0.0,0.0,0.0,,,False,env_mean_t,True,True,True,0
A,posterior_mean_shrunk,family_horizon,B,1000,,,all,,,False,exploratory,phi_k16_weighted,phi_k16,ok,2.920664846897125e-06,-7.447496398071962e-06,1.517197688372106e-05,5.7617519539540235e-06,0.499625,4,8000,4,-6.374194204082636e-06,1.2215523897876887e-05,2.9206648468971248e-06,0.3910022189557704,1.0,-2.9206648468971235e-06,2.920664846897125e-06,0.0,8.761994540691375e-06,,,False,env_mean_t,True,True,True,0
A,posterior_mean_shrunk,family_horizon,B,1000,,,all,,,False,exploratory,phi_k4,phi_k16,ok,-1.2555420398712158e-06,-4.2895658907582395e-06,1.6325976162079302e-06,1.4922273248376215e-06,0.5001875,4,8000,4,-5.251237165787736e-06,2.740153086045305e-06,1.255542039871216e-06,0.3910022189557706,1.0,-1.2555420398712158e-06,1.2555420398712174e-06,-3.7666261196136475e-06,0.0,,,False,env_mean_t,True,True,True,0
A,posterior_mean_shrunk,family_horizon,B,1000,,,all,,,False,exploratory,phi_reservoir_rule,phi_k16,ok,2.1155551075935363e-06,-4.479940434976013e-06,8.602539082858128e-06,3.3197404493653726e-06,0.4993125,4,8000,4,-4.61708542819159e-06,8.848195643378663e-06,2.1155551075935363e-06,0.3910022189557705,1.0,-2.115555107593537e-06,2.1155551075935363e-06,0.0,6.346665322780609e-06,,,False,env_mean_t,True,True,True,0
A,posterior_mean_shrunk,family_horizon,B,1000,,,all,,,False,exploratory,phi_sf_k16,phi_k16,ok,7.488802075386048e-07,-5.060134856194054e-06,6.432986720028561e-06,2.921576742715302e-06,0.49924999999999997,4,8000,4,-1.6343908420427241e-06,3.132151257119934e-06,7.488802075386048e-07,0.3910022189557705,1.0,-7.488802075386046e-07,7.488802075386048e-07,0.0,2.246640622615814e-06,,,False,env_mean_t,True,True,True,0
A,posterior_mean_shrunk,family_horizon,B,1000,,,all,,,False,exploratory,phi_sf_k16_noT1000,phi_k16,ok,6.818689405918121e-06,-5.183872804082055e-06,2.0450768852242613e-05,6.526287977033171e-06,0.5000625,4,8000,4,-1.4881423500823164e-05,2.8518802312659404e-05,6.818689405918121e-06,0.3910022189557705,1.0,-6.8186894059181245e-06,6.818689405918121e-06,0.0,2.0456068217754364e-05,,,False,env_mean_t,True,True,True,0
A,posterior_mean_shrunk,family_horizon,B,1000,,,all,,,False,exploratory,power_a0.25,phi_k16,ok,1.4831870794296264e-06,-4.810105485830717e-06,9.126280457394381e-06,3.5587370066706927e-06,0.50025,4,8000,4,-9.258501024852957e-06,1.2224875183712209e-05,3.3752928011537925e-06,0.6900808641598468,1.0,-6.8162174986720256e-06,1.558944282238727e-05,-3.7731528282165526e-06,8.222714066505432e-06,,,False,env_mean_t,True,True,True,0
A,posterior_mean_shrunk,family_horizon,B,1000,,,all,,,False,exploratory,power_a0.33,phi_k16,ok,6.6428259015083316e-06,-1.3174550758776588e-06,1.5625166233235175e-05,4.386307462787662e-06,0.4991875,4,8000,4,-9.215603238800416e-06,2.250125504181708e-05,4.98309401606542e-06,0.2747005871819631,0.5,-2.0249157277155894e-06,2.5766623323839897e-05,0.0,1.580909639596939e-05,,,False,env_mean_t,True,True,True,0
A,posterior_mean_shrunk,family_horizon,B,1000,,,all,,,False,exploratory,power_a0.5,phi_k16,ok,5.807727575302124e-08,-3.2482673248068746e-06,3.5666568749093116e-06,1.738680303844397e-06,0.5000625,4,8000,4,-1.267505358881243e-07,2.4290508739416674e-07,5.807727575302124e-08,0.3910022189557705,1.0,-5.8077275753021226e-08,5.807727575302124e-08,0.0,1.742318272590637e-07,,,False,env_mean_t,True,True,True,0
A,posterior_mean_shrunk,family_horizon,B,1000,,,all,,,False,exploratory,power_a0.67,phi_k16,ok,2.3391142487525935e-05,-3.4233948593254127e-05,8.030030958252609e-05,2.9166718818447895e-05,0.49743750000000003,4,8000,4,-8.054765683399765e-05,0.0001273299418090495,3.2660032362198075e-05,0.5255843365969478,0.75,-4.694630642870898e-05,0.00013914880225899908,-2.6601433753967285e-05,8.291052281856537e-05,,,False,env_mean_t,True,True,True,0
A,posterior_mean_shrunk,family_horizon,B,1000,,,all,,,False,exploratory,refine_after_init,phi_k16,ok,0.09875815674755722,0.0965009921696037,0.1010136469383724,0.001144880520082682,0.16881250000000003,4,8000,4,-0.03158174001660466,0.2290980535117191,0.04095588244419488,0.09490368230957032,0.125,-0.12244249705711152,0.7035524384486163,0.029840084686875344,0.16767622880823913,,,False,env_mean_t,True,True,True,0
A,posterior_mean_shrunk,family_horizon,B,1000,,,all,,,False,exploratory,rule_reservoir,phi_k16,ok,0.0011794830895960331,0.0008695310403489031,0.0015126331945936045,0.0001661390798201556,0.4951249999999999,4,8000,4,-0.002340463368389211,0.004699429547581277,0.0011060505411014151,0.36445023894949,0.25,-0.0009776373002397631,22.460483631717633,1.1615455150604248e-07,0.0033704542107880113,,,False,env_mean_t,True,True,True,0
A,posterior_mean_shrunk,family_horizon,B,1000,,,all,,,False,exploratory,uniform,phi_k16,ok,-1.1267557740211487e-05,-4.506016014715897e-05,1.9131901189695077e-05,1.6214172505599267e-05,0.499,4,8000,4,-5.2875211325908566e-05,3.0340095845485595e-05,1.3074110163812443e-05,0.45216618930449337,0.5,-6.376295871184702e-05,2.3430862554978405e-05,-3.301113098859787e-05,8.547767996788024e-06,,,False,env_mean_t,True,True,True,0
A,posterior_mean_shrunk,family,A,all,,,all,,,False,exploratory,always_search,cp0,ok,-0.02173568867016911,-0.02311285281961318,-0.020318619817844594,0.0007101540879708392,0.56165,20,40000,4,-0.09634520982013242,0.05287383247979419,0.02344407854614598,0.42224450066666064,0.5,-0.30496078340827265,0.024007452167336206,-0.062971529198837,0.012513314957916738,,,False,env_mean_t,True,True,True,0
A,posterior_mean_shrunk,family,A,all,,,all,,,False,exploratory,fixed_K16,cp0,ok,-0.0023879646144392614,-0.0033608524728333576,-0.0013938066840637484,0.0004968828205937049,0.48718749999999994,20,40000,4,-0.012858162031948193,0.008082232803069671,0.0032899839975699258,0.5204430983141701,0.75,-0.02940193006150378,0.00370337220734017,-0.008308539166881384,0.00232622568703955,,,False,env_mean_t,True,True,True,0
A,posterior_mean_shrunk,family,A,all,,,all,,,False,exploratory,p3_star,cp0,ok,-0.04130502462455515,-0.04260295824089553,-0.040020594424568116,0.0006524489098669212,0.6056125,20,40000,4,-0.11309019690192021,0.030480147652809902,0.02255660124043022,0.16447748532562553,0.125,-0.8004782068624066,0.00021296386136758494,-0.0841823939011814,-0.0126428699798882,,,False,env_mean_t,True,True,True,0
A,posterior_mean_shrunk,family,A,all,,,all,,,False,exploratory,phi_k1,cp0,ok,-0.04550451195605747,-0.04682624197215773,-0.044163237340399064,0.0006757020865633864,0.61265,20,40000,4,-0.12448022168019943,0.03347119776808449,0.024816038401974376,0.16406811105164398,0.125,-1.287596304303887,0.0005402435551171703,-0.09312357373754823,-0.014932330709695815,,,False,env_mean_t,True,True,True,0
A,posterior_mean_shrunk,family,A,all,,,all,,,False,exploratory,phi_k16_all71,cp0,ok,-0.04356439785235161,-0.04486220661085099,-0.04226656660379376,0.0006636811641209444,0.6089500000000001,20,40000,4,-0.11958365167718121,0.03245485597247799,0.023887049939732657,0.1656966087550698,0.125,-4.636736593570534,5.014362540158024e-05,-0.08910545396465204,-0.013972738222777845,,,False,env_mean_t,True,True,True,0
A,posterior_mean_shrunk,family,A,all,,,all,,,False,exploratory,phi_k16_clock,cp0,ok,-0.04058613291279143,-0.04189653370020096,-0.03929245874845946,0.0006601172038750211,0.60375,20,40000,4,-0.11738875717069307,0.036216491345110194,0.024133203482612994,0.19120697142871818,0.125,-1.060463560467437,0.003095356645716682,-0.08597289623560246,-0.009300501976907252,,,False,env_mean_t,True,True,True,0
A,posterior_mean_shrunk,family,A,all,,,all,,,False,exploratory,phi_k16_cs,cp0,ok,-0.043405075398130065,-0.044720088897738604,-0.042118176789954304,0.0006618826525183586,0.60785,20,40000,4,-0.11969884088454544,0.03288869008828532,0.023973308005149192,0.1678968094458553,0.125,-3.170697758114633,0.0003975933845203061,-0.08909643578860305,-0.013622309364378454,,,False,env_mean_t,True,True,True,0
A,posterior_mean_shrunk,family,A,all,,,all,,,False,exploratory,phi_k16_famA_only,cp0,ok,-0.04298913385681772,-0.044267899086698884,-0.04173425947898068,0.0006418940839304412,0.608425,20,40000,4,-0.11703440981003115,0.03105614209639572,0.023266779342130162,0.1618002477832676,0.125,-2.9975353481903197,-0.0006842461988859627,-0.08717559798376497,-0.01381488110870123,,,False,env_mean_t,True,True,True,0
A,posterior_mean_shrunk,family,A,all,,,all,,,False,exploratory,phi_k16_famB_only,cp0,ok,-0.043320762321488654,-0.04462519071414135,-0.042018721074564384,0.0006610228226170508,0.606425,20,40000,4,-0.12007338930960104,0.03343186466662371,0.024117493156344094,0.17032049250804113,0.125,-1.5939131455278415,0.0010464199299386051,-0.08938833625759326,-0.013344719244539737,,,False,env_mean_t,True,True,True,0
A,posterior_mean_shrunk,family,A,all,,,all,,,False,exploratory,phi_k16_guard,cp0,ok,-0.04097730034613305,-0.0421985813358333,-0.039766555045789576,0.0006243573150963794,0.605425,20,40000,4,-0.11093027168630018,0.028975670994034065,0.021980880313369804,0.15916173007195977,0.125,-21.255496704168873,-0.0012508729403423874,-0.08263768121965877,-0.013427804377675056,,,False,env_mean_t,True,True,True,0
A,posterior_mean_shrunk,family,A,all,,,all,,,False,exploratory,phi_k16_hgb,cp0,ok,-0.04262235114133546,-0.04392514824750833,-0.04132402198156342,0.0006688751413318531,0.6053750000000001,20,40000,4,-0.11959827073374273,0.034353568451071806,0.024187656980922744,0.17625309087580815,0.125,-1.612821739882809,0.0017582803661523871,-0.08874002904147238,-0.01242061094492674,,,False,env_mean_t,True,True,True,0
A,posterior_mean_shrunk,family,A,all,,,all,,,False,exploratory,phi_k16_lucb,cp0,ok,-0.043391206432921534,-0.044694142127409575,-0.04208679443050642,0.0006623789781220809,0.6069875,20,40000,4,-0.11998355198855365,0.03320113912271058,0.024067128934263066,0.16918393022259676,0.125,-1.893526443407626,0.0008140445358873066,-0.08935071403687217,-0.01351681213825941,,,False,env_mean_t,True,True,True,0
A,posterior_mean_shrunk,family,A,all,,,all,,,False,exploratory,phi_k16_noT1000,cp0,ok,-0.04028925063166862,-0.04162659954774426,-0.03895970852248865,0.0006773008838769684,0.6050125000000001,20,40000,4,-0.11057687670398235,0.02999837544064511,0.022086036755943866,0.16562566723000205,0.125,-1.3012896844443418,0.0009256934550772311,-0.08286783566524135,-0.013495076766610145,,,False,env_mean_t,True,True,True,0
A,posterior_mean_shrunk,family,A,all,,,all,,,False,exploratory,phi_k16_noT200,cp0,ok,-0.04410350734483982,-0.04541771117888856,-0.04279751530266367,0.0006648548407658492,0.6103125,20,40000,4,-0.12070564382675582,0.03249862913707617,0.024070205475183057,0.16429501741573316,0.125,-4.033377081024789,-2.611625046648053e-05,-0.09007514543892212,-0.014405007058382036,,,False,env_mean_t,True,True,True,0
A,posterior_mean_shrunk,family,A,all,,,all,,,False,exploratory,phi_k16_noambig,cp0,ok,-0.04272866828390724,-0.04404546880570706,-0.04140731423336547,0.000676225278542765,0.6093625,20,40000,4,-0.1173697833099174,0.03191244674210292,0.023454006090247632,0.16602091758128504,0.125,-2.5719264376496462,0.000510737047234977,-0.08768648244117248,-0.0140002366527915,,,False,env_mean_t,True,True,True,0
A,posterior_mean_shrunk,family,A,all,,,all,,,False,exploratory,phi_k16_nopolicy,cp0,ok,-0.04295473681948824,-0.04422165510710328,-0.04170087478356436,0.0006451690854792373,0.6110625,20,40000,4,-0.11567273830837148,0.02976326466939498,0.02284971827117774,0.1567136214457658,0.125,-8.829769696312285,-0.0014782672042731454,-0.0863744203764498,-0.014465885680913925,,,False,env_mean_t,True,True,True,0
A,posterior_mean_shrunk,family,A,all,,,all,,,False,exploratory,phi_k16_notrunc,cp0,ok,-0.04388484293692126,-0.04520815465133637,-0.042570350818568845,0.0006661086571349277,0.6105375000000001,20,40000,4,-0.1196252858196853,0.031855599945842764,0.023799440938568152,0.16239936277590503,0.125,-4.843321858431197,-0.00039779532778912163,-0.08928610942908889,-0.014454527570307255,,,False,env_mean_t,True,True,True,0
A,posterior_mean_shrunk,family,A,all,,,all,,,False,exploratory,phi_k16_onpolicy_only,cp0,ok,-0.0373318158260543,-0.038650228729238734,-0.03601835123263299,0.0006833358521573633,0.5765625,20,40000,4,-0.1259845616059419,0.05132092995383332,0.02785679231498752,0.2726616332350473,0.375,-0.6361685748990342,0.012683199061349446,-0.08873445988155762,0.0005195312902331348,,,False,env_mean_t,True,True,True,0
A,posterior_mean_shrunk,family,A,all,,,all,,,False,exploratory,phi_k16_onpolicy_union,cp0,ok,-0.04392665136779288,-0.045239160655182784,-0.042610706981504334,0.0006674605786233626,0.6085750000000001,20,40000,4,-0.12132298286796371,0.03346968013237796,0.0243197603590899,0.1686281540109131,0.125,-3.0064336786768395,0.000582514919809568,-0.09032421445132095,-0.013778526885807515,,,False,env_mean_t,True,True,True,0
A,posterior_mean_shrunk,family,A,all,,,all,,,False,exploratory,phi_k16_perstep,cp0,ok,-0.04567157945704274,-0.04693549136922229,-0.04436705706990324,0.0006561355195177546,0.6105624999999999,20,40000,4,-0.12721732798140234,0.035874169067316816,0.025623605460042463,0.17270050590544733,0.125,-0.8261213760857906,0.0018450239182593517,-0.09459627368210675,-0.013395497997105122,,,False,env_mean_t,True,True,True,0
A,posterior_mean_shrunk,family,A,all,,,all,,,False,exploratory,phi_k16_quality,cp0,ok,-0.043632251770019864,-0.04494825782370753,-0.042331820670515295,0.000660776853195593,0.6071625,20,40000,4,-0.12030132568483863,0.0330368221447989,0.02409123880190145,0.16780169474808138,0.125,-1.195372283316223,0.0009486504995100467,-0.08975934558422632,-0.01375466772913933,,,False,env_mean_t,True,True,True,0
A,posterior_mean_shrunk,family,A,all,,,all,,,False,exploratory,phi_k16_tau05,cp0,ok,-0.043414032333386775,-0.044724577647866685,-0.04212385405495297,0.0006620088261922936,0.60785,20,40000,4,-0.11976434995051108,0.03293628528373751,0.023991078023959885,0.1680593366603697,0.125,-3.4093736453529484,0.0003999027983153866,-0.0891316981996908,-0.013609339447319508,,,False,env_mean_t,True,True,True,0
A,posterior_mean_shrunk,family,A,all,,,all,,,False,exploratory,phi_k16_weighted,cp0,ok,-0.042048529426529785,-0.043340096702449954,-0.04075990186072886,0.0006641375689554183,0.6035875,20,40000,4,-0.11741899309382775,0.03332193424076818,0.023683184706734233,0.17390929124392676,0.125,-3.5589979996796828,0.001071619793076399,-0.08708743595343878,-0.012480768148601055,,,False,env_mean_t,True,True,True,0
A,posterior_mean_shrunk,family,A,all,,,all,,,False,exploratory,phi_k4,cp0,ok,-0.04531545360009368,-0.046657830397598445,-0.04400256827590056,0.0006732909907021523,0.6121,20,40000,4,-0.12449091012268944,0.03386000292250209,0.024878803576715004,0.166080339375456,0.125,-6.633677438559509,5.291741640496561e-06,-0.09269220412830217,-0.014437540447711944,,,False,env_mean_t,True,True,True,0
A,posterior_mean_shrunk,family,A,all,,,all,,,False,exploratory,phi_reservoir_rule,cp0,ok,-0.03928063717921214,-0.040607798873097636,-0.03797948797946446,0.0006634701632493097,0.5982749999999999,20,40000,4,-0.11909857557404585,0.040537301215621574,0.02508068659707304,0.21528742832668604,0.125,-0.6503529226549226,0.006443038769291323,-0.08634389955310945,-0.006296613232791423,,,False,env_mean_t,True,True,True,0
A,posterior_mean_shrunk,family,A,all,,,all,,,False,exploratory,phi_sf_k16,cp0,ok,-0.04403535172682786,-0.04535063743707724,-0.04273132895643357,0.0006710325073617502,0.6114375,20,40000,4,-0.12073803355769475,0.03266733010403902,0.024101799205070645,0.1651537031020202,0.125,-8.548872873351275,-8.906878687419545e-05,-0.08997635267102486,-0.014220512679219246,,,False,env_mean_t,True,True,True,0
A,posterior_mean_shrunk,family,A,all,,,all,,,False,exploratory,phi_sf_k16_noT1000,cp0,ok,-0.042575227134484514,-0.043884545495966445,-0.04127223028801382,0.0006621442680933587,0.6065375000000001,20,40000,4,-0.11633209784838924,0.031181643579420208,0.023176155585547097,0.16352105108672646,0.125,-3.2963001731704256,-0.00023553692958825506,-0.0867503875602535,-0.013800768949091435,,,False,env_mean_t,True,True,True,0
A,posterior_mean_shrunk,family,A,all,,,all,,,False,exploratory,power_a0.25,cp0,ok,-0.04103262463706523,-0.042336315068532714,-0.0397436272440973,0.0006551784677909417,0.6047,20,40000,4,-0.11236045882120477,0.030295209547074292,0.022412894780256414,0.16454513934623163,0.125,-0.7445259926072056,0.00029200418022495844,-0.08365638140658009,-0.01254473601952195,,,False,env_mean_t,True,True,True,0
A,posterior_mean_shrunk,family,A,all,,,all,,,False,exploratory,power_a0.33,cp0,ok,-0.04083464596279191,-0.04210003533342388,-0.039539818162447775,0.0006522382302565461,0.605275,20,40000,4,-0.11226883071388803,0.030599538788304223,0.022446312647128208,0.16645116868236398,0.125,-0.7804687299862183,0.0005673111968301295,-0.08356035993153091,-0.012392930215597151,,,False,env_mean_t,True,True,True,0
A,posterior_mean_shrunk,family,A,all,,,all,,,False,exploratory,power_a0.5,cp0,ok,-0.04089890306748894,-0.04220825446507661,-0.03961135437479243,0.0006550710218649218,0.6043999999999999,20,40000,4,-0.11293036827939057,0.0311325621444127,0.022633992313494885,0.16850070775938922,0.125,-0.6333629413637156,0.0008584940724601017,-0.08384869802374488,-0.011871490035206081,,,False,env_mean_t,True,True,True,0
A,posterior_mean_shrunk,family,A,all,,,all,,,False,exploratory,power_a0.67,cp0,ok,-0.04009936838307513,-0.04142744928489264,-0.03879941105013131,0.0006588707605532638,0.6028500000000001,20,40000,4,-0.1140740667334003,0.033875329967250054,0.023244602187791036,0.18297180945882585,0.125,-0.6149514944475891,0.0029672261580196216,-0.0843142479756938,-0.010413703916966915,,,False,env_mean_t,True,True,True,0
A,posterior_mean_shrunk,family,A,all,,,all,,,False,exploratory,refine_after_init,cp0,ok,0.038335830647696634,0.037381482603814215,0.039255013303190936,0.00047944703737117997,0.37915,20,40000,4,-0.0018222510822111376,0.07849391237760442,0.012618620356055866,0.05595407853827945,0.125,0.015169075109547344,0.1792687344518397,0.020780187416076658,0.06147285389047576,,,False,env_mean_t,True,True,True,0
A,posterior_mean_shrunk,family,A,all,,,all,,,False,exploratory,rule_reservoir,cp0,ok,-0.02775546449908615,-0.02891286373298499,-0.02656599712849129,0.0005955550409004518,0.5770125,20,40000,4,-0.08378831293097952,0.028277383932807203,0.017606848020927775,0.21302433045512886,0.25,-0.1962886794912877,0.0054893328414512416,-0.05916299372393733,-0.002330051060765982,,,False,env_mean_t,True,True,True,0
A,posterior_mean_shrunk,family,A,all,,,all,,,False,exploratory,uniform,cp0,ok,-0.03681038084178908,-0.03813198917036061,-0.035507528763846496,0.0006718257423852272,0.5914,20,40000,4,-0.1131288770934346,0.03950811540985642,0.023981078997291013,0.22235417555184436,0.125,-0.442859294357521,0.007537780836623244,-0.0819514272861099,-0.005195914608240127,,,False,env_mean_t,True,True,True,0
A,posterior_mean_shrunk,family,A,all,,,all,,,False,exploratory,always_search,p3_star,ok,0.019569335954386043,0.01854817126877606,0.020604556381003933,0.0005247798361767275,0.45843750000000005,20,40000,4,0.00499857353154831,0.034140098377223774,0.004578478637218919,0.023513710162835048,0.125,-0.04256118061219721,0.030807343455544783,0.01054974769044784,0.026826429080253,,,False,env_mean_t,True,True,True,0
A,posterior_mean_shrunk,family,A,all,,,all,,,False,exploratory,cp0,p3_star,ok,0.04130502462455515,0.040020594424568116,0.04260295824089553,0.0006524489098669212,0.3943875,20,40000,4,-0.030480147652809902,0.11309019690192021,0.02255660124043022,0.16447748532562553,0.125,-0.00021296386136758494,0.8004782068624066,0.0126428699798882,0.0841823939011814,,,False,env_mean_t,True,True,True,0
A,posterior_mean_shrunk,family,A,all,,,all,,,False,exploratory,fixed_K16,p3_star,ok,0.0389170600101159,0.037719439647135006,0.04012155328036897,0.0006034653023223848,0.3902875,20,40000,4,-0.024369385140762513,0.1022035051609943,0.019886099899252364,0.14527723699823336,0.125,0.002337952697620639,0.3127836597724457,0.011948156129568815,0.07587385473430006,,,False,env_mean_t,True,True,True,0
A,posterior_mean_shrunk,family,A,all,,,all,,,False,exploratory,phi_k1,p3_star,ok,-0.004199487331502314,-0.004968702839757952,-0.00344271199072864,0.0003923382819682032,0.508625,20,40000,4,-0.011836856995855651,0.0034378823328510234,0.0023998424267750477,0.17844319758371763,0.125,-0.031168082112964346,0.0006031892811918273,-0.008941179836366792,-0.001367821428332536,,,False,env_mean_t,True,True,True,0
A,posterior_mean_shrunk,family,A,all,,,all,,,False,exploratory,phi_k16_all71,p3_star,ok,-0.002259373227796459,-0.0030307691377674923,-0.0014906552707179802,0.00039434673383393216,0.5028,20,40000,4,-0.007287455442794234,0.0027687089872013163,0.0015799425136096784,0.24806580012707596,0.5,-0.0864065310853241,0.0010654573714419958,-0.00492306006347062,0.00010517208506644238,,,False,env_mean_t,True,True,True,0
A,posterior_mean_shrunk,family,A,all,,,all,,,False,exploratory,phi_k16_clock,p3_star,ok,0.0007188917117637172,-4.6140882841427556e-05,0.001470354371540452,0.0003876596344908738,0.49820000000000003,20,40000,4,-0.004572061815450365,0.0060098452389778,0.001662542905572261,0.6946446917332924,1.0,-0.03962025053917263,0.005253173250489747,-0.0019045845794535127,0.003342368002980947,,,False,env_mean_t,True,True,True,0
A,posterior_mean_shrunk,family,A,all,,,all,,,False,exploratory,phi_k16_cs,p3_star,ok,-0.0021000507735749125,-0.002896802361970003,-0.0013186387694270251,0.0004007019381179305,0.50135,20,40000,4,-0.0072232506739998105,0.0030231491268499855,0.0016098307430730324,0.2831124395763096,0.5,-0.40206800523718794,0.0007890145442584632,-0.004923274384798423,0.0002030272763717221,,,False,env_mean_t,True,True,True,0
A,posterior_mean_shrunk,family,A,all,,,all,,,False,exploratory,phi_k16_famA_only,p3_star,ok,-0.001684109232262563,-0.0023976867004148516,-0.0009909755150545152,0.0003624086167040689,0.5015375,20,40000,4,-0.0046503832355222555,0.00128216477099713,0.0009320735430272269,0.16852204185745925,0.25,-0.014108938259663598,0.0012897575326780712,-0.0031849254168802876,-0.00018329304764483817,,,False,env_mean_t,True,True,True,0
A,posterior_mean_shrunk,family,A,all,,,all,,,False,exploratory,phi_k16_famB_only,p3_star,ok,-0.002015737696933502,-0.002817836377676031,-0.0012281832231360568,0.00040459963749220064,0.500375,20,40000,4,-0.007391476777580511,0.003360001383713508,0.0016891845344638974,0.3185120512637671,0.5,-0.05711352801018705,0.0010694941943261821,-0.005205942356411834,0.00016368948691815603,,,False,env_mean_t,True,True,True,0
A,posterior_mean_shrunk,family,A,all,,,all,,,False,exploratory,phi_k16_guard,p3_star,ok,0.0003277242784221016,-0.00034319029229664007,0.0010067361834808248,0.0003460162160378615,0.498325,20,40000,4,-0.002620135921282131,0.003275584478126334,0.0009262874898501823,0.7468902632284264,0.75,-0.007014264870750853,0.0022915760781831063,-0.0015135228187988107,0.0015447126815226514,,,False,env_mean_t,True,True,True,0
A,posterior_mean_shrunk,family,A,all,,,all,,,False,exploratory,phi_k16_hgb,p3_star,ok,-0.0013173265167803036,-0.0021066436142064045,-0.0005083514387069956,0.000411634226686222,0.4998250000000001,20,40000,4,-0.006801238105091352,0.004166585071530745,0.001723174898255564,0.5002141462588579,0.875,-0.052821714765630155,0.0019047341229317402,-0.004626876985194395,0.0008215014546294697,,,False,env_mean_t,True,True,True,0
A,posterior_mean_shrunk,family,A,all,,,all,,,False,exploratory,phi_k16_lucb,p3_star,ok,-0.002086181808366382,-0.002874330517893213,-0.0013082509564583233,0.0004005873641533598,0.5006499999999999,20,40000,4,-0.007389784573250802,0.003217420956518038,0.0016665175956241673,0.2993512719961421,0.5,-0.05273578255295611,0.0008878970256578004,-0.005168320135690738,0.00015571546354622117,,,False,env_mean_t,True,True,True,0
A,posterior_mean_shrunk,family,A,all,,,all,,,False,exploratory,phi_k16_noT1000,p3_star,ok,0.0010157739928865338,0.00014243706821162074,0.0018808543658087728,0.0004388570311020445,0.4988250000000001,20,40000,4,-0.003983635556102668,0.006015183541875736,0.0015709328828859897,0.5639478274018577,0.5,-0.06542559060595057,0.004793341996508391,-0.0021233012842596507,0.0034120092411234508,,,False,env_mean_t,True,True,True,0
A,posterior_mean_shrunk,family,A,all,,,all,,,False,exploratory,phi_k16_noT200,p3_star,ok,-0.0027984827202846645,-0.003581585175707005,-0.0020272966881748292,0.0003981975166694303,0.504725,20,40000,4,-0.008430193599954944,0.0028332281593856147,0.0017696169359778797,0.2119270340100079,0.25,-0.037820807130504966,0.0006118904733141122,-0.0058927515377406965,-0.00021585785238712564,,,False,env_mean_t,True,True,True,0
A,posterior_mean_shrunk,family,A,all,,,all,,,False,exploratory,phi_k16_noambig,p3_star,ok,-0.001423643659352092,-0.0022500123532608997,-0.0005853882882342989,0.00042308514147800576,0.503425,20,40000,4,-0.006355873122635655,0.0035085858039314703,0.001549823308910114,0.4260550731128109,0.5,-0.020603246919870703,0.012550303030858564,-0.004067205898952671,0.0012199185802484864,,,False,env_mean_t,True,True,True,0
A,posterior_mean_shrunk,family,A,all,,,all,,,False,exploratory,phi_k16_nopolicy,p3_star,ok,-0.0016497121949330905,-0.0022908753486262866,-0.0010268261890132636,0.00031904915834267145,0.5043875,20,40000,4,-0.004288942555554609,0.0009895181656884283,0.0008293086850325468,0.140784750652533,0.125,-0.026904693186941907,0.006740573177787338,-0.0030732187294779576,-0.0002262056603882229,,,False,env_mean_t,True,True,True,0
A,posterior_mean_shrunk,family,A,all,,,all,,,False,exploratory,phi_k16_notrunc,p3_star,ok,-0.0025798183123661145,-0.0033401731169215056,-0.0018364872497932084,0.0003847718917915808,0.5055625,20,40000,4,-0.007437630651228213,0.0022779940264959827,0.0015264396859726546,0.1895916472700231,0.125,-0.03603431687615458,0.0009687802932790766,-0.00510371552790748,-0.00024418064927886004,,,False,env_mean_t,True,True,True,0
A,posterior_mean_shrunk,family,A,all,,,all,,,False,exploratory,phi_k16_onpolicy_only,p3_star,ok,0.003973208798500856,0.0031073865855250917,0.0048309002444875656,0.0004408853982313625,0.47607499999999997,20,40000,4,-0.014105413880549665,0.022051831477551374,0.005680731407482098,0.5346429140722945,0.5,-0.051366736229954586,0.023331647721005166,-0.005215983673119627,0.013162401270121336,,,False,env_mean_t,True,True,True,0
A,posterior_mean_shrunk,family,A,all,,,all,,,False,exploratory,phi_k16_onpolicy_union,p3_star,ok,-0.0026216267432377207,-0.0034228876922497873,-0.0018130522374849535,0.00041219367943011437,0.5026124999999999,20,40000,4,-0.00878475232885208,0.0035414988423766404,0.0019366000222476442,0.26878134543159254,0.375,-0.4588803183503014,0.0007219510369366232,-0.006152923312835628,5.262409395072589e-06,,,False,env_mean_t,True,True,True,0
A,posterior_mean_shrunk,family,A,all,,,all,,,False,exploratory,phi_k16_perstep,p3_star,ok,-0.0043665548324876,-0.00523368127945787,-0.003496330921257709,0.0004373615415067708,0.5045,20,40000,4,-0.014155069993819231,0.005421960328844032,0.0030757832881830845,0.2507795933762966,0.125,-0.05715980989068722,0.0016572791486975753,-0.010413879780925344,-0.0007526280172169208,,,False,env_mean_t,True,True,True,0
A,posterior_mean_shrunk,family,A,all,,,all,,,False,exploratory,phi_k16_quality,p3_star,ok,-0.002327227145464713,-0.003128748738439952,-0.0015258007958334474,0.0004074896792617039,0.5012874999999999,20,40000,4,-0.007617230554171238,0.002962776263241813,0.0016622443558352304,0.2559935699105276,0.25,-0.017573016403898065,0.0009834475011908563,-0.005576951683044899,-0.00027937225847708767,,,False,env_mean_t,True,True,True,0
A,posterior_mean_shrunk,family,A,all,,,all,,,False,exploratory,phi_k16_tau05,p3_star,ok,-0.002109007708831632,-0.002901269081230566,-0.0013307901077405412,0.00040053227957202264,0.5013124999999999,20,40000,4,-0.007295513334502145,0.0030774979168388806,0.0016297229012346677,0.2862510163695733,0.5,-0.1879093224259698,0.0008265363625313219,-0.004969600066156999,0.00022515381691337095,,,False,env_mean_t,True,True,True,0
A,posterior_mean_shrunk,family,A,all,,,all,,,False,exploratory,phi_k16_weighted,p3_star,ok,-0.0007435048019746319,-0.0015456410249964844,6.207121070957514e-05,0.00041142025336920134,0.49678750000000005,20,40000,4,-0.004953956988697306,0.003466947384748043,0.001323023794535733,0.613385543950877,0.75,-0.027568426085238424,0.002045635628156282,-0.002998021008027717,0.001234665621886961,,,False,env_mean_t,True,True,True,0
A,posterior_mean_shrunk,family,A,all,,,all,,,False,exploratory,phi_k4,p3_star,ok,-0.004010428975538526,-0.004778218370847753,-0.003229907377476593,0.0003943756500832166,0.5085624999999999,20,40000,4,-0.011891914179458906,0.0038710562283818563,0.0024765493107723508,0.20380694455283885,0.125,-0.038610176857588066,0.0006628866944317453,-0.008724147806681867,-0.000801591677273973,,,False,env_mean_t,True,True,True,0
A,posterior_mean_shrunk,family,A,all,,,all,,,False,exploratory,phi_reservoir_rule,p3_star,ok,0.0020243874453430176,0.0012724299132105443,0.0027674184011675603,0.0003835646220204004,0.4923875,20,40000,4,-0.006587704921583312,0.010636479812269346,0.002706123384588756,0.5087180733023124,0.375,-0.01997614816405349,0.010520255873795379,-0.0022974818564107406,0.006346256747096777,,,False,env_mean_t,True,True,True,0
A,posterior_mean_shrunk,family,A,all,,,all,,,False,exploratory,phi_sf_k16,p3_star,ok,-0.002730327102272713,-0.003485882471459263,-0.001968296878461615,0.00038734048824267726,0.5054125,20,40000,4,-0.008613878892066967,0.00315322468752154,0.0018487513143665586,0.2362149348663482,0.375,-0.06672817357635318,0.0014708381667980453,-0.005788799620592908,8.675302253395781e-05,,,False,env_mean_t,True,True,True,0
A,posterior_mean_shrunk,family,A,all,,,all,,,False,exploratory,phi_sf_k16_noT1000,p3_star,ok,-0.0012702025099293678,-0.0020274484517085506,-0.0005094711440460746,0.0003895752428074137,0.49989999999999996,20,40000,4,-0.004418055479276312,0.0018776504594175767,0.0009891299545637803,0.2892734395895448,0.5,-0.01123010894341255,0.004150443412233613,-0.002929334046388976,0.0003889290265302407,,,False,env_mean_t,True,True,True,0
A,posterior_mean_shrunk,family,A,all,,,all,,,False,exploratory,power_a0.25,p3_star,ok,0.0002723999874899164,-0.00014665874361071473,0.0006921770149256188,0.00021281554137437967,0.49955,20,40000,4,-0.00020994860257344514,0.000754748577553278,0.00015156535061173993,0.1701488711300359,0.25,-8.470894196340302e-05,0.003515959432694074,4.558796137571334e-05,0.0005751676766434686,,,False,env_mean_t,True,True,True,0
A,posterior_mean_shrunk,family,A,all,,,all,,,False,exploratory,power_a0.33,p3_star,ok,0.0004703786617632432,2.3007221776083655e-05,0.0009211672746965859,0.0002323989358099183,0.49874999999999997,20,40000,4,5.638901599563234e-05,0.0008843683075308539,0.00013008535134757115,0.03635158012686181,0.125,-0.00032596529063024453,0.0030244307523708764,0.00024993976429104806,0.0006908175592354384,,,False,env_mean_t,True,True,True,0
A,posterior_mean_shrunk,family,A,all,,,all,,,False,exploratory,power_a0.5,p3_star,ok,0.000406121557066217,9.720612015371447e-05,0.0007112670082619842,0.00015368961654950114,0.4983375,20,40000,4,-0.0005952046546087087,0.0014074477687411428,0.0003146404104328352,0.2872645468357887,0.25,-0.0003852006208026939,0.002008949948604424,-0.00011297046118415896,0.0010124738082289695,,,False,env_mean_t,True,True,True,0
A,posterior_mean_shrunk,family,A,all,,,all,,,False,exploratory,power_a0.67,p3_star,ok,0.0012056562414800283,0.0007236519682052745,0.0016957939368239749,0.00024764584759572506,0.49507500000000004,20,40000,4,-0.0011552574808549618,0.0035665699638150186,0.0007418550058221706,0.20259093258203711,0.25,-0.0008072699761346453,0.0029487977615241553,-0.00013185407451237561,0.002428227536007762,,,False,env_mean_t,True,True,True,0
A,posterior_mean_shrunk,family,A,all,,,all,,,False,exploratory,refine_after_init,p3_star,ok,0.0796408552722518,0.07822396123578074,0.08104161884548375,0.0007106860722879731,0.30812500000000004,20,40000,4,-0.03208232752562602,0.19136403807012964,0.035106070010478295,0.1080667363733954,0.125,0.015082011847146262,0.7593875138234211,0.033423057395964864,0.14565524779165717,,,False,env_mean_t,True,True,True,0
A,posterior_mean_shrunk,family,A,all,,,all,,,False,exploratory,rule_reservoir,p3_star,ok,0.013549560125468995,0.012598043204252464,0.014524665945209563,0.0004930399826015681,0.46766250000000004,20,40000,4,-0.0062478160193877984,0.03334693627032579,0.006220804452219,0.11755796694129905,0.125,0.001566044189322477,0.054669891342706146,0.004878004561399575,0.025019400177244088,,,False,env_mean_t,True,True,True,0
A,posterior_mean_shrunk,family,A,all,,,all,,,False,exploratory,uniform,p3_star,ok,0.004494643782766069,0.003770799019516744,0.005203811356902861,0.00036772215482829126,0.4859625,20,40000,4,-0.0014758723869864859,0.010465159952518626,0.0018760775821543038,0.09624032427220489,0.125,-0.0006301820474593081,0.028619426519229527,0.0015423321938840672,0.007481274109228979,,,False,env_mean_t,True,True,True,0
A,posterior_mean_shrunk,family,A,all,,,all,,,False,exploratory,always_search,phi_k16,ok,0.021678343663217674,0.020721677003591597,0.02262971559305015,0.00047681828207163916,0.45675,20,40000,4,0.004547718732299914,0.03880896859413543,0.005382848063289036,0.02751383606661676,0.125,-0.02526632574980498,0.031599154463604874,0.011962273134641873,0.029357421392155813,,,False,env_mean_t,True,True,True,0
A,posterior_mean_shrunk,family,A,all,,,all,,,False,exploratory,cp0,phi_k16,ok,0.043414032333386775,0.04212385405495297,0.044724577647866685,0.0006620088261922936,0.39215000000000005,20,40000,4,-0.03293628528373751,0.11976434995051108,0.023991078023959885,0.1680593366603697,0.125,-0.0003999027983153866,3.4093736453529484,0.013609339447319508,0.0891316981996908,,,False,env_mean_t,True,True,True,0
A,posterior_mean_shrunk,family,A,all,,,all,,,False,exploratory,fixed_K16,phi_k16,ok,0.041026067718947526,0.039771846418456956,0.04227417639218402,0.0006269105519565386,0.38867499999999994,20,40000,4,-0.026604257776240897,0.10865639321413595,0.02125104998092319,0.14908687102980325,0.125,0.0022840351842914955,0.5136555871572172,0.012914625597000124,0.08082315903280943,,,False,env_mean_t,True,True,True,0
A,posterior_mean_shrunk,family,A,all,,,all,,,False,exploratory,p3_star,phi_k16,ok,0.002109007708831632,0.001330790107740541,0.002901269081230566,0.00040053227957202264,0.49868749999999995,20,40000,4,-0.0030774979168388806,0.007295513334502145,0.0016297229012346677,0.2862510163695733,0.5,-0.0008265363625313219,0.1879093224259698,-0.00022515381691337095,0.004969600066156999,,,False,env_mean_t,True,True,True,0
A,posterior_mean_shrunk,family,A,all,,,all,,,False,exploratory,phi_k1,phi_k16,ok,-0.0020904796226706825,-0.0026841046217941766,-0.0014877536890708144,0.00030018742076273655,0.5068374999999999,20,40000,4,-0.004964961576767736,0.0007840023314263714,0.0009032303072402664,0.10360855767463098,0.125,-0.009595338577262847,-0.0004016998482359957,-0.003740431502350839,-0.0008201031913631595,,,False,env_mean_t,True,True,True,0
A,posterior_mean_shrunk,family,A,all,,,all,,,False,exploratory,phi_k16_all71,phi_k16,ok,-0.00015036551896482707,-0.000362697716607272,5.83012215406597e-05,0.00010813868853721234,0.5016,20,40000,4,-0.0005756713287805937,0.00027494029085093957,0.00013364115809578493,0.3424203027506687,0.5,-0.0010538599576838579,0.00027595085150859504,-0.0003633987754583359,6.266773752868175e-05,,,False,env_mean_t,True,True,True,0
A,posterior_mean_shrunk,family,A,all,,,all,,,False,exploratory,phi_k16_clock,phi_k16,ok,0.0028278994205953494,0.0020270636607892813,0.003648980108255273,0.0004169896734326723,0.49701249999999997,20,40000,4,-0.0009752954079409533,0.006631094249131652,0.0011950538873890778,0.09883108351008761,0.25,-0.006624279838382656,0.005824569069803787,0.0005037958675071422,0.004779263901268131,,,False,env_mean_t,True,True,True,0
A,posterior_mean_shrunk,family,A,all,,,all,,,False,exploratory,phi_k16_cs,phi_k16,ok,8.956935256719587e-06,-2.746841627413232e-05,4.9221003519051e-05,1.9855698282178467e-05,0.5000249999999999,20,40000,4,-6.093645437742578e-05,7.885032489086496e-05,2.196215833024543e-05,0.710754475472805,0.75,-4.5463520867347254e-05,6.239512085185027e-05,-2.8611499071121216e-05,4.632568135857582e-05,,,False,env_mean_t,True,True,True,0
A,posterior_mean_shrunk,family,A,all,,,all,,,False,exploratory,phi_k16_famA_only,phi_k16,ok,0.0004248984765690694,-0.0001956881612952088,0.001048484340037703,0.00031779427374566095,0.5014625,20,40000,4,-0.0019923743504037276,0.0028421713035418662,0.000759564371269825,0.6149371587282997,1.0,-0.0011641954214989749,0.027803485773882423,-0.00047586312483690555,0.001956100215925835,,,False,env_mean_t,True,True,True,0
A,posterior_mean_shrunk,family,A,all,,,all,,,False,exploratory,phi_k16_famB_only,phi_k16,ok,9.327001189813017e-05,-8.357254418683618e-05,0.0002699945076054178,9.139167377283797e-05,0.4988625000000001,20,40000,4,-0.000664290957283725,0.0008508309810799854,0.00023804359807237042,0.7213666173548247,0.875,-0.0003386516453982345,0.009642957121787019,-0.00024833013340830806,0.0005127874463796615,,,False,env_mean_t,True,True,True,0
A,posterior_mean_shrunk,family,A,all,,,all,,,False,exploratory,phi_k16_guard,phi_k16,ok,0.0024367319872537338,0.0016517764667833038,0.003216634835887362,0.0004029299469151605,0.49754999999999994,20,40000,4,-0.004010950995461046,0.008884414969968514,0.0020260146956792044,0.3153500218930499,0.25,-0.0017095036889184425,0.03880430835242644,8.934982610007867e-05,0.00649401698003203,,,False,env_mean_t,True,True,True,0
A,posterior_mean_shrunk,family,A,all,,,all,,,False,exploratory,phi_k16_hgb,phi_k16,ok,0.0007916811920513283,0.00022543233004000758,0.001349966991074325,0.00028551801040435686,0.49898750000000003,20,40000,4,-0.0001897231443857394,0.0017730855284883958,0.0003083804854170439,0.08269264409800821,0.125,0.00017183348116893557,0.002841993705663686,0.0003916691582184284,0.0013870267802194578,,,False,env_mean_t,True,True,True,0
A,posterior_mean_shrunk,family,A,all,,,all,,,False,exploratory,phi_k16_lucb,phi_k16,ok,2.2825900465250022e-05,-0.00018063577897464706,0.00023001840469987655,0.0001052826984255597,0.499275,20,40000,4,-0.0004884903739285673,0.0005341421748590673,0.00016066768307917598,0.8960299260877761,1.0,-0.00041208279484654625,0.003467085810988532,-0.00023029725980013615,0.0002765024387277663,,,False,env_mean_t,True,True,True,0
A,posterior_mean_shrunk,family,A,all,,,all,,,False,exploratory,phi_k16_noT1000,phi_k16,ok,0.003124781701718166,0.002484168271562339,0.0037534962834314452,0.00032114002061650745,0.49815000000000004,20,40000,4,-0.003427493143749483,0.009677056547185816,0.0020588799360382387,0.22637572199448122,0.25,-0.0014528167849460483,0.011110978899497298,2.4983782628260153e-05,0.006725076273665763,,,False,env_mean_t,True,True,True,0
A,posterior_mean_shrunk,family,A,all,,,all,,,False,exploratory,phi_k16_noT200,phi_k16,ok,-0.0006894750114530325,-0.0009691089678858589,-0.0004212886459572476,0.00013962244248463097,0.5033624999999999,20,40000,4,-0.0012889255194597764,-9.002450344628853e-05,0.00018836154659121715,0.035235730474100925,0.125,-0.0010720497602502294,0.0003681594175662093,-0.0009434472392313183,-0.0003293101840652525,,,False,env_mean_t,True,True,True,0
A,posterior_mean_shrunk,family,A,all,,,all,,,False,exploratory,phi_k16_noambig,phi_k16,ok,0.00068536404947954,0.00010812520895342464,0.0012514190873207552,0.0002902988494482247,0.5022875,20,40000,4,-0.0016849032856072791,0.0030556313845663593,0.000744794132473357,0.42532953501682186,0.375,-0.003509447643012065,0.002147173556684086,-0.000647847922037181,0.0017616253044310728,,,False,env_mean_t,True,True,True,0
A,posterior_mean_shrunk,family,A,all,,,all,,,False,exploratory,phi_k16_nopolicy,phi_k16,ok,0.0004592955138985418,-0.00018104602082189548,0.0010985647160782718,0.00032654557649907463,0.5044625,20,40000,4,-0.0031990537616858683,0.004117644789482952,0.0011495399842286662,0.7162351720300691,1.0,-0.0019136004367057977,0.015278817086064041,-0.0009280318042438013,0.0027572778232410203,,,False,env_mean_t,True,True,True,0
A,posterior_mean_shrunk,family,A,all,,,all,,,False,exploratory,phi_k16_notrunc,phi_k16,ok,-0.0004708106035344826,-0.0008275592733889424,-0.00012151187524267476,0.0001805441782241958,0.5042375,20,40000,4,-0.0011989521072697871,0.00025733090020082193,0.00022879930527858265,0.13178064155968477,0.25,-0.0016256318388998907,0.0006580691887510002,-0.0008451881229877471,-9.643308408121812e-05,,,False,env_mean_t,True,True,True,0
A,posterior_mean_shrunk,family,A,all,,,all,,,False,exploratory,phi_k16_onpolicy_only,phi_k16,ok,0.006082216507332486,0.0055024888610205385,0.006657318180068614,0.0002952944202016936,0.4735875,20,40000,4,-0.009273067327156463,0.021437500341821437,0.004824993844827827,0.29659116249706274,0.5,-0.01676639102268194,0.06415811957409122,-0.0019644377228876693,0.014128870737552642,,,False,env_mean_t,True,True,True,0
A,posterior_mean_shrunk,family,A,all,,,all,,,False,exploratory,phi_k16_onpolicy_union,phi_k16,ok,-0.0005126190344060887,-0.0008926140903486156,-0.00014221701885389854,0.0001921287103146374,0.50175,20,40000,4,-0.0015753634599528785,0.0005501253911407008,0.00033393946781831046,0.22233348379962142,0.125,-0.010812124066413614,0.00017174805442853557,-0.0011833232466786285,-0.0001346424490213394,,,False,env_mean_t,True,True,True,0
A,posterior_mean_shrunk,family,A,all,,,all,,,False,exploratory,phi_k16_perstep,phi_k16,ok,-0.0022575471236559678,-0.0028437935413944612,-0.0016534503594203898,0.00029811770992381025,0.503025,20,40000,4,-0.007953498422634406,0.0034384041753224718,0.0017898027971506212,0.2963481508002591,0.375,-0.00701067887537264,0.0019960688957339863,-0.005464575482415967,0.0007220139174765793,,,False,env_mean_t,True,True,True,0
A,posterior_mean_shrunk,family,A,all,,,all,,,False,exploratory,phi_k16_quality,phi_k16,ok,-0.0002182194366330805,-0.0004519732265816856,1.6082741519767233e-05,0.00012112948245937628,0.499875,20,40000,4,-0.0013109324496181083,0.0008744935763519475,0.0003433563077469158,0.5702355194972651,0.625,-0.0010727663071237717,0.0012200611637722967,-0.0007343551265075804,0.00036260062446817756,,,False,env_mean_t,True,True,True,0
A,posterior_mean_shrunk,family,A,all,,,all,,,False,exploratory,phi_k16_tau05,phi_k16,ok,0.0,0.0,0.0,0.0,0.5,20,40000,4,0.0,0.0,0.0,1.0,1.0,0.0,0.0,0.0,0.0,,,False,env_mean_t,True,True,True,0
A,posterior_mean_shrunk,family,A,all,,,all,,,False,exploratory,phi_k16_weighted,phi_k16,ok,0.0013655029068570003,0.0009801212412946826,0.00174501410391656,0.00019276968995697897,0.49589999999999995,20,40000,4,0.0003115764983718911,0.0024194293153421095,0.0003311686380176504,0.025861606021852376,0.125,0.0006535608375281594,0.006999641482162009,0.0009368286168508347,0.0020311088050017135,,,False,env_mean_t,True,True,True,0
A,posterior_mean_shrunk,family,A,all,,,all,,,False,exploratory,phi_k4,phi_k16,ok,-0.001901421266706893,-0.0024599989175794687,-0.0013387681947142486,0.00028550407992674026,0.5063125,20,40000,4,-0.0047397350082689065,0.0009368924748551202,0.0008918653982785687,0.12278317060319331,0.125,-0.01110950747309444,-0.00012225812777306804,-0.003655275493627414,-0.000828201000392437,,,False,env_mean_t,True,True,True,0
A,posterior_mean_shrunk,family,A,all,,,all,,,False,exploratory,phi_reservoir_rule,phi_k16,ok,0.00413339515417465,0.0033449348309795824,0.004934334694526114,0.00040667897261533495,0.49145000000000005,20,40000,4,-0.002500351647142072,0.010767141955491373,0.002084480354092051,0.1416522944019679,0.25,-0.001134583644736926,0.015047370082986723,0.0009540640938212163,0.007620220831199549,,,False,env_mean_t,True,True,True,0
A,posterior_mean_shrunk,family,A,all,,,all,,,False,exploratory,phi_sf_k16,phi_k16,ok,-0.000621319393441081,-0.0010327620237103473,-0.00021246147700821895,0.0002092433378614395,0.50395,20,40000,4,-0.0015305173446554785,0.00028787855777331645,0.0002856915290934797,0.11792414049784809,0.125,-0.002682048820227615,0.0019287436424102913,-0.001104237992502749,-0.0001384007943794131,,,False,env_mean_t,True,True,True,0
A,posterior_mean_shrunk,family,A,all,,,all,,,False,exploratory,phi_sf_k16_noT1000,phi_k16,ok,0.0008388051989022642,0.0005155774522660296,0.0011669332358724203,0.0001662437500856454,0.49929999999999997,20,40000,4,-0.0017550830672077122,0.0034326934650122406,0.0008150611250858913,0.379130966961161,0.5,-0.0006357297835154869,0.11316775031736746,-0.00019142950177192692,0.002381310639437288,,,False,env_mean_t,True,True,True,0
A,posterior_mean_shrunk,family,A,all,,,all,,,False,exploratory,power_a0.25,phi_k16,ok,0.0023814076963215485,0.0015797309353729361,0.003186354989547908,0.0004106742361449189,0.498325,20,40000,4,-0.0032661881915927666,0.008029003584235864,0.0017746083817778177,0.27214415843593337,0.375,-0.0007175652423263585,0.06487534171311168,-0.00013380149044387503,0.005544767742800469,,,False,env_mean_t,True,True,True,0
A,posterior_mean_shrunk,family,A,all,,,all,,,False,exploratory,power_a0.33,phi_k16,ok,0.002579386370594875,0.001769790268194811,0.0034079225637447053,0.00041715503078339965,0.4969125,20,40000,4,-0.0028597472638018395,0.00801852000499159,0.0017091046046452708,0.22838632907802242,0.25,-0.00046142320468994715,0.03463657786146787,0.0002033563271877938,0.0056916026843835425,,,False,env_mean_t,True,True,True,0
A,posterior_mean_shrunk,family,A,all,,,all,,,False,exploratory,power_a0.5,phi_k16,ok,0.002515129265897849,0.0017227102698234376,0.003306054460354062,0.0004002494409000229,0.49711250000000007,20,40000,4,-0.0030219857270242408,0.00805224425881994,0.0017398926680173695,0.24406414935742826,0.375,-0.002074429583256397,0.040776833756134154,-0.00021395975402847397,0.0052830001759459275,,,False,env_mean_t,True,True,True,0
A,posterior_mean_shrunk,family,A,all,,,all,,,False,exploratory,power_a0.67,phi_k16,ok,0.0033146639503116603,0.0025362599059553757,0.004114396459390832,0.000399949142072392,0.49373750000000005,20,40000,4,-0.000814530319702844,0.0074438582203261655,0.001297490632649149,0.0836013881593355,0.125,-0.00810924548820809,0.02884835559648611,0.0010954414460313273,0.005533886454591993,,,False,env_mean_t,True,True,True,0
A,posterior_mean_shrunk,family,A,all,,,all,,,False,exploratory,refine_after_init,phi_k16,ok,0.08174986298108343,0.08033411401323974,0.08318088361877017,0.0007229326321318422,0.305125,20,40000,4,-0.03440819547548134,0.19790792143764818,0.036499612974997084,0.11098772045804046,0.125,0.01497404834746087,1.090609813263981,0.03438952686339617,0.15060455209016657,,,False,env_mean_t,True,True,True,0
A,posterior_mean_shrunk,family,A,all,,,all,,,False,exploratory,rule_reservoir,phi_k16,ok,0.01565856783430063,0.014571345601289068,0.016767530865049594,0.0005603190079160937,0.46587500000000004,20,40000,4,-0.009271522619948236,0.04058865828854949,0.007833624847922266,0.1394757027853473,0.125,0.001085897415043521,0.08485875369827087,0.0046528507444862045,0.02996870447575347,,,False,env_mean_t,True,True,True,0
A,posterior_mean_shrunk,family,A,all,,,all,,,False,exploratory,uniform,phi_k16,ok,0.006603651491597702,0.005852840212296542,0.007368884233371773,0.0003868768365860418,0.48472499999999996,20,40000,4,7.55126985702145e-05,0.013131790284625189,0.0020512958167397954,0.04861172077278162,0.125,0.0007540029572870467,0.012765582098242962,0.0032888464251256662,0.009965507804602387,,,False,env_mean_t,True,True,True,0
A,posterior_mean_shrunk,family,B,all,,,all,,,False,exploratory,always_search,cp0,ok,-0.0033130418066401003,-0.004613033077985164,-0.00198660779700731,0.0006659951959870281,0.5386874999999999,20,40000,4,-0.05796175560556316,0.05133567199228295,0.01717192013835132,0.8593336697925282,0.875,-0.2257670498072853,0.4007129008376981,-0.032855543237458915,0.02622945962417871,,,False,env_mean_t,True,True,True,0
A,posterior_mean_shrunk,family,B,all,,,all,,,False,exploratory,fixed_K16,cp0,ok,-0.004775921352789739,-0.005638042050122749,-0.00392231011122931,0.0004391434443629206,0.494925,20,40000,4,-0.015054857401872908,0.0055030146962934305,0.003229885145907222,0.23576765206739095,0.25,-0.017973230266077892,0.002718503759341344,-0.01094056934406981,0.0002930823292816052,,,False,env_mean_t,True,True,True,0
A,posterior_mean_shrunk,family,B,all,,,all,,,False,exploratory,p3_star,cp0,ok,-0.032246522077330156,-0.033327116009486416,-0.031164895671900013,0.0005487947848938693,0.5956749999999998,20,40000,4,-0.0906232497836287,0.026130205628968402,0.0183433503997782,0.17700258170469574,0.125,-3.6564294974105422,0.010159555443616207,-0.06213004113184288,-0.004171993789076805,,,False,env_mean_t,True,True,True,0
A,posterior_mean_shrunk,family,B,all,,,all,,,False,exploratory,phi_k1,cp0,ok,-0.034905707874480864,-0.035993171794725644,-0.0337966759079427,0.000560102423047728,0.6022375,20,40000,4,-0.09546416084614169,0.025652745097179963,0.019028900148642783,0.16395720219107232,0.125,-5.567648876180228,0.00691107757019159,-0.06636816105442121,-0.006116252006590366,,,False,env_mean_t,True,True,True,0
A,posterior_mean_shrunk,family,B,all,,,all,,,False,exploratory,phi_k16_all71,cp0,ok,-0.033092832977749634,-0.03415504914752091,-0.03198230578578659,0.0005487840492860813,0.6011749999999999,20,40000,4,-0.08764214163335668,0.02145647567785742,0.017140684688078063,0.14906979128179182,0.125,-1.2860489126498644,0.006651119539162267,-0.061098992723878476,-0.0068451152607798575,,,False,env_mean_t,True,True,True,0
A,posterior_mean_shrunk,family,B,all,,,all,,,False,exploratory,phi_k16_clock,cp0,ok,-0.030177358199551235,-0.03127879936320824,-0.029068224429647672,0.0005656592280339214,0.5916625,20,40000,4,-0.08891439092061407,0.0285596745215116,0.018456566768634473,0.20055352302978643,0.125,-5.625559071570816,0.0198361984277647,-0.05930763483324554,-0.0010470815658569334,,,False,env_mean_t,True,True,True,0
A,posterior_mean_shrunk,family,B,all,,,all,,,False,exploratory,phi_k16_cs,cp0,ok,-0.03292653887742781,-0.03399814895819872,-0.03182753457906074,0.000547538236239717,0.6006124999999999,20,40000,4,-0.08677622686473623,0.020923149109880593,0.01692084730476162,0.14685912294928652,0.125,-1.1628293388858186,0.007026155544607331,-0.060435114410799004,-0.0069148958519101135,,,False,env_mean_t,True,True,True,0
A,posterior_mean_shrunk,family,B,all,,,all,,,False,exploratory,phi_k16_famA_only,cp0,ok,-0.0325769595679536,-0.033628773820237254,-0.031514198281365674,0.0005345241671448118,0.5998625,20,40000,4,-0.08530146721757766,0.02014754808167045,0.016567288994660284,0.14395902669778585,0.125,-1.1797170824697598,0.008416584611077776,-0.059116032649297254,-0.006863708451390266,,,False,env_mean_t,True,True,True,0
A,posterior_mean_shrunk,family,B,all,,,all,,,False,exploratory,phi_k16_famB_only,cp0,ok,-0.032888749106001335,-0.03395904369142954,-0.0317838279424177,0.0005457679653275277,0.6011375000000001,20,40000,4,-0.08652861620531224,0.020751117993309552,0.016854916612498518,0.14609016537591316,0.125,-0.9202668757559626,0.006541350329024094,-0.06041583307599648,-0.007032277540862561,,,False,env_mean_t,True,True,True,0
A,posterior_mean_shrunk,family,B,all,,,all,,,False,exploratory,phi_k16_guard,cp0,ok,-0.032131009967741556,-0.033148563440481664,-0.03108270866374369,0.0005300290926968081,0.5991500000000001,20,40000,4,-0.08393276060104066,0.019670740665557546,0.01627733688618545,0.14289305128408425,0.125,-0.9659046255205612,0.0056607394162192515,-0.058758843019139015,-0.007200381022691727,,,False,env_mean_t,True,True,True,0
A,posterior_mean_shrunk,family,B,all,,,all,,,False,exploratory,phi_k16_hgb,cp0,ok,-0.0321729802757909,-0.033257402679446386,-0.03108060493163066,0.0005515198008085595,0.5973375000000001,20,40000,4,-0.08849229697040192,0.0241463364188201,0.0176968631335919,0.1666522774989314,0.125,-1.4731380414387574,0.007928200330541715,-0.06127430594014005,-0.005210794448852539,,,False,env_mean_t,True,True,True,0
A,posterior_mean_shrunk,family,B,all,,,all,,,False,exploratory,phi_k16_lucb,cp0,ok,-0.03297159417304792,-0.03404452098664478,-0.031878922975738536,0.0005461943804418177,0.6008625000000001,20,40000,4,-0.08707392184753646,0.021130733501440603,0.01700023267781903,0.14778711201399494,0.125,-1.0084887010884864,0.006410617024488606,-0.060800934969540685,-0.006946415682137014,,,False,env_mean_t,True,True,True,0
A,posterior_mean_shrunk,family,B,all,,,all,,,False,exploratory,phi_k16_noT1000,cp0,ok,-0.031476429016375915,-0.03257630167354364,-0.03036402235931746,0.0005602763117265499,0.5966750000000001,20,40000,4,-0.08514339038822555,0.02219053235547372,0.016863430274612394,0.15879538726362505,0.125,-2.959357750793346,0.0026500508554609045,-0.06008187609920278,-0.006488628868758679,,,False,env_mean_t,True,True,True,0
A,posterior_mean_shrunk,family,B,all,,,all,,,False,exploratory,phi_k16_noT200,cp0,ok,-0.03323791839792974,-0.03432182006261428,-0.03213790384856111,0.000549921719391171,0.6008749999999999,20,40000,4,-0.08798454585257631,0.021508709056716813,0.017202686927899644,0.14885430379437511,0.125,-1.240722302814332,0.006999440341736364,-0.06127701802691445,-0.006845727111399175,,,False,env_mean_t,True,True,True,0
A,posterior_mean_shrunk,family,B,all,,,all,,,False,exploratory,phi_k16_noambig,cp0,ok,-0.03266849481539684,-0.03376684196016868,-0.03156860404109466,0.0005604436834068429,0.5992625,20,40000,4,-0.08741308377749282,0.022076094146699143,0.01720204638526199,0.1537671136224241,0.125,-2.198055224303373,0.005143497527375279,-0.06116504886643961,-0.006642349775135517,,,False,env_mean_t,True,True,True,0
A,posterior_mean_shrunk,family,B,all,,,all,,,False,exploratory,phi_k16_nopolicy,cp0,ok,-0.03316287277738447,-0.034219891195389214,-0.032092897145194,0.0005383618183994877,0.6008124999999999,20,40000,4,-0.08806133580141465,0.021735590246645703,0.017250397259769668,0.15027691364269757,0.125,-1.6691849952071656,0.007231548206912193,-0.06122412832500414,-0.0066892403185367585,,,False,env_mean_t,True,True,True,0
A,posterior_mean_shrunk,family,B,all,,,all,,,False,exploratory,phi_k16_notrunc,cp0,ok,-0.03343796004062169,-0.034512257099413544,-0.03233721975964727,0.0005493830102747913,0.601075,20,40000,4,-0.08976993463336769,0.02289401455212431,0.01770084054496691,0.15529847618781123,0.125,-2.251695708437127,0.006756432885111012,-0.06247222970752046,-0.00645518320351839,,,False,env_mean_t,True,True,True,0
A,posterior_mean_shrunk,family,B,all,,,all,,,False,exploratory,phi_k16_onpolicy_only,cp0,ok,-0.02771381056588725,-0.028868155746058617,-0.026557775535911786,0.0005852187265383376,0.5703374999999999,20,40000,4,-0.08870590494908688,0.033278283817312376,0.01916516055021463,0.243940108579178,0.5,-0.6154679487831873,0.029574129192893393,-0.058404323426273184,0.0029767022944986814,,,False,env_mean_t,True,True,True,0
A,posterior_mean_shrunk,family,B,all,,,all,,,False,exploratory,phi_k16_onpolicy_union,cp0,ok,-0.03349767432226217,-0.03458023161947494,-0.032401410541497165,0.0005489265072182299,0.601725,20,40000,4,-0.089246405676348,0.02225105703182366,0.017517571706246262,0.15179219815122882,0.125,-1.2523181287495284,0.005669558064120492,-0.0624476613628678,-0.00689119032472372,,,False,env_mean_t,True,True,True,0
A,posterior_mean_shrunk,family,B,all,,,all,,,False,exploratory,phi_k16_perstep,cp0,ok,-0.034651164650166176,-0.03570101851320942,-0.03357586554920999,0.000540770359295944,0.6023875000000001,20,40000,4,-0.09097235955896683,0.02167003025863448,0.01769745331297263,0.14513881407723875,0.125,-1.0153004991717367,0.007510656614825445,-0.0633812736474909,-0.007396500860154628,,,False,env_mean_t,True,True,True,0
A,posterior_mean_shrunk,family,B,all,,,all,,,False,exploratory,phi_k16_quality,cp0,ok,-0.03292509336274233,-0.03398984225321328,-0.03183121712427237,0.000545209644900523,0.60065,20,40000,4,-0.08685433803514891,0.02100415130966423,0.016945845899385536,0.14728444621081652,0.125,-1.0594433465550916,0.0070278767809708945,-0.06050513229249046,-0.006884085711836815,,,False,env_mean_t,True,True,True,0
A,posterior_mean_shrunk,family,B,all,,,all,,,False,exploratory,phi_k16_tau05,cp0,ok,-0.03291554018953466,-0.03399188662951928,-0.03182043974957196,0.000547300730083347,0.6007125,20,40000,4,-0.08674152967602483,0.02091044929695552,0.016913400674545463,0.14682947058767584,0.125,-1.168087811372369,0.007005891751406673,-0.06041400094358251,-0.006917188407480718,,,False,env_mean_t,True,True,True,0
A,posterior_mean_shrunk,family,B,all,,,all,,,False,exploratory,phi_k16_weighted,cp0,ok,-0.03195823132959776,-0.03303598043959937,-0.03086856789144804,0.0005499485548240889,0.5975125,20,40000,4,-0.08402445532905774,0.0201079926698622,0.016360440681439364,0.1457908211994025,0.125,-0.9995778035130407,0.006771674433592383,-0.05855677998317406,-0.006795427928864955,,,False,env_mean_t,True,True,True,0
A,posterior_mean_shrunk,family,B,all,,,all,,,False,exploratory,phi_k4,cp0,ok,-0.03512597335257451,-0.03621667021288886,-0.034034763572417435,0.0005561350653099741,0.6029,20,40000,4,-0.09470046870824989,0.024448522003100874,0.018719717362321517,0.15725158920827098,0.125,-5.868323309465854,0.006266324330759257,-0.06601588527197018,-0.006762952129542828,,,False,env_mean_t,True,True,True,0
A,posterior_mean_shrunk,family,B,all,,,all,,,False,exploratory,phi_reservoir_rule,cp0,ok,-0.028665022108529233,-0.029773501536656113,-0.027544162741032777,0.0005663353918399678,0.583,20,40000,4,-0.08933768293554778,0.03200763871848933,0.019064786961616852,0.22973144247788482,0.5,-4.571583067548496,0.02347126005200528,-0.058801449368544846,0.001471405151486397,,,False,env_mean_t,True,True,True,0
A,posterior_mean_shrunk,family,B,all,,,all,,,False,exploratory,phi_sf_k16,cp0,ok,-0.032828820195194564,-0.033926898613426605,-0.031716207064491755,0.0005576606927626095,0.5992750000000001,20,40000,4,-0.08798466526214023,0.022327024871751103,0.017331272793313836,0.15451340116000195,0.125,-7.92891233422396,0.008650993575326164,-0.06072386624244974,-0.0061059642374515525,,,False,env_mean_t,True,True,True,0
A,posterior_mean_shrunk,family,B,all,,,all,,,False,exploratory,phi_sf_k16_noT1000,cp0,ok,-0.03261956537736697,-0.0336785562170553,-0.031520147350966,0.0005453515613610314,0.6003000000000001,20,40000,4,-0.08667407238139224,0.021434941626658315,0.01698520629060745,0.15056823323826632,0.125,-1.1050461349832446,0.004556300460540036,-0.06088844826398417,-0.0069511609539389604,,,False,env_mean_t,True,True,True,0
A,posterior_mean_shrunk,family,B,all,,,all,,,False,exploratory,power_a0.25,cp0,ok,-0.031706366274040186,-0.032777492692985105,-0.030616283472409123,0.0005496413909814038,0.593575,20,40000,4,-0.08953436685524152,0.02612163430716114,0.018170927341395034,0.17934701369222075,0.125,-3.646275357156036,0.009423276014182122,-0.061501540174055846,-0.004026265825331212,,,False,env_mean_t,True,True,True,0
A,posterior_mean_shrunk,family,B,all,,,all,,,False,exploratory,power_a0.33,cp0,ok,-0.0317451382072235,-0.03282271723779559,-0.030673153609204747,0.0005475134805499689,0.5918124999999999,20,40000,4,-0.08973058233655382,0.026240305922106813,0.01822039983300238,0.17982029269922895,0.125,-3593.8098527427974,0.010325775926545315,-0.061369902695063504,-0.003865633398294449,,,False,env_mean_t,True,True,True,0
A,posterior_mean_shrunk,family,B,all,,,all,,,False,exploratory,power_a0.5,cp0,ok,-0.03160067661462235,-0.032675790441408024,-0.030526330675929785,0.0005511101114439555,0.5927875,20,40000,4,-0.09022996376196363,0.02702861053271892,0.018422710557598743,0.18479643313397445,0.125,-3.8348963045386615,0.011571949276347186,-0.061484494077134876,-0.0033213822752237317,,,False,env_mean_t,True,True,True,0
A,posterior_mean_shrunk,family,B,all,,,all,,,False,exploratory,power_a0.67,cp0,ok,-0.03074960902983439,-0.03186589608859776,-0.02963228358385095,0.0005568598399829598,0.5896375,20,40000,4,-0.09033922947895598,0.028840011419287197,0.018724470024894673,0.19908624969576938,0.125,-10.516241343857358,0.015293516137467367,-0.060626669237855826,-0.0017194818437099458,,,False,env_mean_t,True,True,True,0
A,posterior_mean_shrunk,family,B,all,,,all,,,False,exploratory,refine_after_init,cp0,ok,0.029227968005032738,0.02838389023279888,0.030052332510531413,0.00043082086013999704,0.38751250000000004,20,40000,4,-0.008000831058757336,0.06645676706882284,0.011698170367236164,0.08782213406899697,0.125,-0.00929227015529031,0.1627315200616085,0.010344568149745464,0.04811136786032003,,,False,env_mean_t,True,True,True,0
A,posterior_mean_shrunk,family,B,all,,,all,,,False,exploratory,rule_reservoir,cp0,ok,-0.022282279546733483,-0.023327661103539867,-0.02126653951301705,0.0005263523823578027,0.5696875,20,40000,4,-0.0759073604430184,0.031342801349551454,0.01685027043732145,0.2778222041510225,0.5,-1.011920561984379,0.03237000416681743,-0.04957933663313744,0.005014777539670468,,,False,env_mean_t,True,True,True,0
A,posterior_mean_shrunk,family,B,all,,,all,,,False,exploratory,uniform,cp0,ok,-0.026031943275715452,-0.027156348164717202,-0.024890932685520967,0.0005727085647398162,0.57625,20,40000,4,-0.08406650363946681,0.032002617088035895,0.018235833317092748,0.2487215498433431,0.5,-1.96080359568099,0.023666643817353433,-0.05483978051530429,0.0027758939638733867,,,False,env_mean_t,True,True,True,0
A,posterior_mean_shrunk,family,B,all,,,all,,,False,exploratory,always_search,p3_star,ok,0.028933480270690048,0.027904913267986445,0.029988060218889244,0.0005301122669536276,0.44761249999999997,20,40000,4,0.0038879643755365505,0.05397899616584355,0.007869894255111635,0.034842561929390316,0.125,0.0006986429238179451,0.04744120424680829,0.01535978521889192,0.04103920217992272,,,False,env_mean_t,True,True,True,0
A,posterior_mean_shrunk,family,B,all,,,all,,,False,exploratory,cp0,p3_star,ok,0.032246522077330156,0.031164895671900013,0.033327116009486416,0.0005487947848938693,0.40432500000000005,20,40000,4,-0.026130205628968402,0.0906232497836287,0.0183433503997782,0.17700258170469574,0.125,-0.010159555443616207,3.6564294974105422,0.004171993789076805,0.06213004113184288,,,False,env_mean_t,True,True,True,0
A,posterior_mean_shrunk,family,B,all,,,all,,,False,exploratory,fixed_K16,p3_star,ok,0.02747060072454042,0.0265251928345765,0.028418708849567337,0.0004855585470151786,0.4071375,20,40000,4,-0.02503194558196299,0.07997314703104383,0.016497543483871262,0.19447560442609635,0.125,-0.03045646171065866,2.0941503003684216,0.0004917167454957964,0.05444948470358504,,,False,env_mean_t,True,True,True,0
A,posterior_mean_shrunk,family,B,all,,,all,,,False,exploratory,phi_k1,p3_star,ok,-0.0026591857971507123,-0.003250583787125265,-0.002053296487906593,0.0003042436461616136,0.5073375,20,40000,4,-0.005183671607862594,-0.00013469998643883064,0.0007932532299195633,0.04398523446313203,0.125,-0.02135692605761623,-0.0010799255029567516,-0.004238119922578334,-0.0017879345822846518,,,False,env_mean_t,True,True,True,0
A,posterior_mean_shrunk,family,B,all,,,all,,,False,exploratory,phi_k16_all71,p3_star,ok,-0.0008463109004194849,-0.0014245254704883335,-0.0002504757767474076,0.0003009732179607873,0.5052,20,40000,4,-0.004891440826445976,0.0031988190256070064,0.0012710756248457355,0.5531451424451089,0.625,-0.0036643670432267073,0.0032111756544113386,-0.0028599210788379423,0.0013852764209732415,,,False,env_mean_t,True,True,True,0
A,posterior_mean_shrunk,family,B,all,,,all,,,False,exploratory,phi_k16_clock,p3_star,ok,0.002069163877778919,0.001410431360723692,0.0027370383994485786,0.0003398536669289296,0.49552500000000005,20,40000,4,-0.0016211189096263022,0.005759446665184142,0.0011595742499342,0.17235162843182159,0.25,-0.025932133424128728,0.004395700810566495,-0.00024683286655345,0.003329412276670337,,,False,env_mean_t,True,True,True,0
A,posterior_mean_shrunk,family,B,all,,,all,,,False,exploratory,phi_k16_cs,p3_star,ok,-0.0006800168000976556,-0.0012719008756214123,-7.605316479612176e-05,0.00030668125319081895,0.5047500000000001,20,40000,4,-0.005440971793483842,0.00408093819328853,0.0014960048141210533,0.680304068430229,0.625,-0.003963050169143215,0.004409059458326222,-0.002987449332221877,0.0020787163654342293,,,False,env_mean_t,True,True,True,0
A,posterior_mean_shrunk,family,B,all,,,all,,,False,exploratory,phi_k16_famA_only,p3_star,ok,-0.00033043749062344426,-0.000916465717927508,0.00024401290231935478,0.00029330634705903403,0.5035000000000001,20,40000,4,-0.0063395220355681025,0.005678647054321213,0.0018881966790666594,0.8722229429561325,0.875,-0.004486854597867077,0.010343946433388,-0.003030969437491149,0.003380078903585672,,,False,env_mean_t,True,True,True,0
A,posterior_mean_shrunk,family,B,all,,,all,,,False,exploratory,phi_k16_famB_only,p3_star,ok,-0.0006422270286711865,-0.0012421417304926763,-2.6136854216929544e-05,0.00031057518281354225,0.5051125000000001,20,40000,4,-0.005668560141037357,0.004384106083694984,0.0015793929041382786,0.7115504875233182,0.625,-0.004172324412342675,0.0042248126231539075,-0.003158839482616168,0.0021961730485782023,,,False,env_mean_t,True,True,True,0
A,posterior_mean_shrunk,family,B,all,,,all,,,False,exploratory,phi_k16_guard,p3_star,ok,0.0001155121095885988,-0.00045070721612944437,0.000700643397851195,0.00029298833131677306,0.5035624999999999,20,40000,4,-0.006634559035794488,0.006865583254971685,0.0021210322179438415,0.9599922930657533,1.0,-0.004626804389737629,0.01027334552269993,-0.0030283872336149217,0.0037983375677838925,,,False,env_mean_t,True,True,True,0
A,posterior_mean_shrunk,family,B,all,,,all,,,False,exploratory,phi_k16_hgb,p3_star,ok,7.35418015392497e-05,-0.0005445065003362969,0.0007041125715579698,0.0003188058063044718,0.5005375,20,40000,4,-0.002368638778013804,0.0025157223810923037,0.0007673909770287041,0.9296956417810217,1.0,-0.0034037302091764715,0.0016514558168535438,-0.0012916640138952065,0.0011858842628542335,,,False,env_mean_t,True,True,True,0
A,posterior_mean_shrunk,family,B,all,,,all,,,False,exploratory,phi_k16_lucb,p3_star,ok,-0.0007250720957177692,-0.0013230794714769445,-0.00010950120047766634,0.00030974571565016814,0.5047124999999999,20,40000,4,-0.005274441150699074,0.0038242969592635363,0.0014295195012177086,0.6469395372722724,0.625,-0.003945558946447365,0.003595964122004399,-0.0030243710320326496,0.0017748757949098946,,,False,env_mean_t,True,True,True,0
A,posterior_mean_shrunk,family,B,all,,,all,,,False,exploratory,phi_k16_noT1000,p3_star,ok,0.0007700930609542409,0.00012932054006824969,0.0014374596677413363,0.0003374429123825886,0.5019875,20,40000,4,-0.004967702460356593,0.006507888582265075,0.001802951242817378,0.6980861153220033,0.75,-0.028995584515473197,0.018530216449576795,-0.002316635079681873,0.0038568212015903554,,,False,env_mean_t,True,True,True,0
A,posterior_mean_shrunk,family,B,all,,,all,,,False,exploratory,phi_k16_noT200,p3_star,ok,-0.000991396320599597,-0.0015812984818437312,-0.0003927120136881968,0.0003053348307136135,0.5051749999999999,20,40000,4,-0.0048741715291272854,0.0028913788879280917,0.001220059927509617,0.4759520715319409,0.5,-0.003813196736781944,0.002479722387686764,-0.0029733561606961304,0.001223743605427444,,,False,env_mean_t,True,True,True,0
A,posterior_mean_shrunk,family,B,all,,,all,,,False,exploratory,phi_k16_noambig,p3_star,ok,-0.00042197273806668823,-0.0010594273352223025,0.0002351774412845485,0.00033161494862603595,0.50465,20,40000,4,-0.004351765796897361,0.003507820320763985,0.0012348340496133967,0.755095268820068,0.875,-0.008801129942095814,0.005899832020884218,-0.0024703559860587117,0.0016264105099253357,,,False,env_mean_t,True,True,True,0
A,posterior_mean_shrunk,family,B,all,,,all,,,False,exploratory,phi_k16_nopolicy,p3_star,ok,-0.0009163507000543176,-0.0014429517968032712,-0.0003962286354326495,0.00026569513872907097,0.5053500000000001,20,40000,4,-0.004575599907830416,0.0027428985077217814,0.0011498227642366729,0.4837241959994851,0.5,-0.0034436724537396856,0.0029009407546160826,-0.0027062911950983108,0.0011821411184966568,,,False,env_mean_t,True,True,True,0
A,posterior_mean_shrunk,family,B,all,,,all,,,False,exploratory,phi_k16_notrunc,p3_star,ok,-0.0011914379632915373,-0.0017600428586354157,-0.0006294300049466984,0.00029079758910245966,0.5057375000000001,20,40000,4,-0.0034763072274717824,0.001093431300888708,0.0007179600360850563,0.19560221116059573,0.25,-0.004190754283531686,0.0007207970746147701,-0.0023829578344593755,-9.968651214148846e-05,,,False,env_mean_t,True,True,True,0
A,posterior_mean_shrunk,family,B,all,,,all,,,False,exploratory,phi_k16_onpolicy_only,p3_star,ok,0.004532711511442903,0.0037964043254271472,0.005260203634563254,0.00037459669132097143,0.4781999999999999,20,40000,4,-0.0022176076628124403,0.011283030685698248,0.002121110154489651,0.12220462056867158,0.25,-0.014121313830490631,0.009702423192782231,0.0003728018908645025,0.007895020157471299,,,False,env_mean_t,True,True,True,0
A,posterior_mean_shrunk,family,B,all,,,all,,,False,exploratory,phi_k16_onpolicy_union,p3_star,ok,-0.0012511522449320182,-0.001856666691344344,-0.0006229449603738149,0.0003142986812849465,0.5072000000000001,20,40000,4,-0.004315821445485724,0.0018135169556216877,0.0009629916443415053,0.2846977654369596,0.375,-0.007038726986133615,0.0011107202403631549,-0.0028684930121293294,0.000216892045782879,,,False,env_mean_t,True,True,True,0
A,posterior_mean_shrunk,family,B,all,,,all,,,False,exploratory,phi_k16_perstep,p3_star,ok,-0.002404642572836019,-0.0030914742145340315,-0.0017187383152381841,0.0003444144810864984,0.5065625,20,40000,4,-0.005127059916494997,0.00031777477082295825,0.0008554480052464799,0.06723848558625983,0.125,-0.00467632972392592,-0.00021429882637351988,-0.00384902408644557,-0.0009752072958508504,,,False,env_mean_t,True,True,True,0
A,posterior_mean_shrunk,family,B,all,,,all,,,False,exploratory,phi_k16_quality,p3_star,ok,-0.0006785712854121813,-0.0012863662454765288,-6.454828544747216e-05,0.0003108725720983378,0.5044249999999999,20,40000,4,-0.00539293982116595,0.0040357972503415876,0.0014813662458111744,0.678044033207145,0.625,-0.004015175725952791,0.003944626906313609,-0.003017587882943917,0.0020478145273402333,,,False,env_mean_t,True,True,True,0
A,posterior_mean_shrunk,family,B,all,,,all,,,False,exploratory,phi_k16_tau05,p3_star,ok,-0.0006690181122045032,-0.0012615224143951308,-6.40097074500547e-05,0.0003066140564092416,0.5047374999999998,20,40000,4,-0.005450090374156405,0.004112054149747399,0.0015023261363480193,0.6862607566745387,0.625,-0.003953256671789358,0.004495299135623685,-0.002980725701048505,0.0020977136621251704,,,False,env_mean_t,True,True,True,0
A,posterior_mean_shrunk,family,B,all,,,all,,,False,exploratory,phi_k16_weighted,p3_star,ok,0.0002882907477323898,-0.00033700048044238396,0.0009199237218649608,0.0003218344267250634,0.5022125,20,40000,4,-0.006219820696875085,0.0067964021923398645,0.0020450027495522165,0.8968247619410927,0.875,-0.0038459693807173212,0.009500743229376664,-0.002663076121441554,0.003991638094373047,,,False,env_mean_t,True,True,True,0
A,posterior_mean_shrunk,family,B,all,,,all,,,False,exploratory,phi_k4,p3_star,ok,-0.0028794512752443554,-0.003481279353036228,-0.002277469209710006,0.0003095331933847877,0.5080375,20,40000,4,-0.004613881953244426,-0.0011450205972442847,0.0005449991960965545,0.013224356394283775,0.125,-0.014973062831070375,-0.0016795063125897803,-0.003795113575085998,-0.0020556931033730505,,,False,env_mean_t,True,True,True,0
A,posterior_mean_shrunk,family,B,all,,,all,,,False,exploratory,phi_reservoir_rule,p3_star,ok,0.0035814999688009268,0.002947960275838568,0.004225347829311089,0.0003317623757465267,0.48808749999999995,20,40000,4,-0.0009739251245137527,0.008136925062115606,0.0014314224518891209,0.08754780253007452,0.25,-0.1861641673739508,0.006207383543490359,0.0010827345958619844,0.005643398940563202,,,False,env_mean_t,True,True,True,0
A,posterior_mean_shrunk,family,B,all,,,all,,,False,exploratory,phi_sf_k16,p3_star,ok,-0.0005822981178644113,-0.0011773447656429424,2.0566106795740517e-05,0.0003030745878782708,0.503675,20,40000,4,-0.003941934974215801,0.002777338738486979,0.0010556774676051875,0.6196576374793091,0.75,-0.002744091150382617,0.005599388643391749,-0.0019817302187788302,0.0014647009642794729,,,False,env_mean_t,True,True,True,0
A,posterior_mean_shrunk,family,B,all,,,all,,,False,exploratory,phi_sf_k16_noT1000,p3_star,ok,-0.00037304330003680664,-0.0009611209018748915,0.00021554326816499244,0.00029896068204565056,0.5043,20,40000,4,-0.005106300430114091,0.004360213830040477,0.0014873014894921613,0.8181516530427684,0.875,-0.00896622768343065,0.005349439327143166,-0.0027791671648621564,0.002033080564788543,,,False,env_mean_t,True,True,True,0
A,posterior_mean_shrunk,family,B,all,,,all,,,False,exploratory,power_a0.25,p3_star,ok,0.0005401558032899629,0.00021567759969912012,0.000872839714211295,0.00016518215039369822,0.49729999999999996,20,40000,4,-0.00020937802139404634,0.0012896896279739722,0.00023552127916175167,0.10562141073282783,0.125,-0.0005536037145899242,0.03206864232447613,0.00014572796374559403,0.0009345836428343319,,,False,env_mean_t,True,True,True,0
A,posterior_mean_shrunk,family,B,all,,,all,,,False,exploratory,power_a0.33,p3_star,ok,0.0005013838701066561,0.00012754659745553454,0.0008647060733630949,0.00018781266611573897,0.49712499999999993,20,40000,4,-3.502922666774903e-05,0.0010377969668810614,0.0001685536990471188,0.05884970462406129,0.125,-0.0034389970173349027,0.0009026776442111963,0.00016512159109115598,0.0007568229675409385,,,False,env_mean_t,True,True,True,0
A,posterior_mean_shrunk,family,B,all,,,all,,,False,exploratory,power_a0.5,p3_star,ok,0.0006458454627078028,0.00036734267506631117,0.0009256304770588028,0.00014158377070068207,0.4972125,20,40000,4,0.00023175917233364828,0.001059931753081957,0.00013011571937181186,0.015703437942834814,0.125,-0.004490611556555907,0.0009934983937764717,0.00044107941156253225,0.000850611513853073,,,False,env_mean_t,True,True,True,0
A,posterior_mean_shrunk,family,B,all,,,all,,,False,exploratory,power_a0.67,p3_star,ok,0.0014969130474957635,0.0010366186820593628,0.0019505881277902405,0.00023094884882504592,0.4929125,20,40000,4,-0.0004309332834842247,0.003424759378475752,0.0006057749749867737,0.08997890804956943,0.25,-0.004355696347955915,0.0032081376046287887,0.0005348553031333722,0.0024525119453668595,,,False,env_mean_t,True,True,True,0
A,posterior_mean_shrunk,family,B,all,,,all,,,False,exploratory,refine_after_init,p3_star,ok,0.0614744900823629,0.0603033568734827,0.062650630522985,0.0006041417158919555,0.3209875000000001,20,40000,4,-0.033792316582119335,0.15674129674684512,0.029935086887817708,0.13230672212985398,0.125,-0.017149149467868045,1.0501845285792626,0.01451656193882227,0.10886856653662398,,,False,env_mean_t,True,True,True,0
A,posterior_mean_shrunk,family,B,all,,,all,,,False,exploratory,rule_reservoir,p3_star,ok,0.009964242530596676,0.009161045804722505,0.010770632731624303,0.00041525108826927123,0.47284999999999994,20,40000,4,0.0014151259733226479,0.018513359087870704,0.0026863348937200353,0.03405957828896649,0.125,0.003656593387390843,0.019267918737136416,0.00566814475482679,0.015037811508215964,,,False,env_mean_t,True,True,True,0
A,posterior_mean_shrunk,family,B,all,,,all,,,False,exploratory,uniform,p3_star,ok,0.006214578801614698,0.005586755545129449,0.006852701285506555,0.00032408197820335343,0.47907500000000003,20,40000,4,0.002411273699133336,0.010017883904096058,0.0011950885380742678,0.01381786056142499,0.125,-0.0018482018516551126,0.0087373184164374,0.0038675410746713173,0.007828307577222585,,,False,env_mean_t,True,True,True,0
A,posterior_mean_shrunk,family,B,all,,,all,,,False,exploratory,always_search,phi_k16,ok,0.029602498382894554,0.02858689279329269,0.03063636861728355,0.0005195803533714128,0.44197500000000006,20,40000,4,0.006542517213047428,0.052662479552741684,0.0072459922203750695,0.026498703308530817,0.125,-0.011766240525963135,0.04387319916221895,0.016196304977725957,0.03967242061761208,,,False,env_mean_t,True,True,True,0
A,posterior_mean_shrunk,family,B,all,,,all,,,False,exploratory,cp0,phi_k16,ok,0.03291554018953466,0.03182043974957196,0.03399188662951928,0.000547300730083347,0.3992875,20,40000,4,-0.02091044929695552,0.08674152967602483,0.016913400674545463,0.14682947058767584,0.125,-0.007005891751406673,1.168087811372369,0.006917188407480718,0.06041400094358251,,,False,env_mean_t,True,True,True,0
A,posterior_mean_shrunk,family,B,all,,,all,,,False,exploratory,fixed_K16,phi_k16,ok,0.02813961883674492,0.027212595295386565,0.02907612710248941,0.0004815968009581399,0.40151250000000005,20,40000,4,-0.019972747361804745,0.0762519850352946,0.015118044919931668,0.1596197785028509,0.125,-0.029301799093091288,0.5240502749568627,0.0032369113638997084,0.05304232630959014,,,False,env_mean_t,True,True,True,0
A,posterior_mean_shrunk,family,B,all,,,all,,,False,exploratory,p3_star,phi_k16,ok,0.0006690181122045032,6.400970745005464e-05,0.0012615224143951306,0.0003066140564092416,0.49526250000000005,20,40000,4,-0.004112054149747399,0.005450090374156405,0.0015023261363480193,0.6862607566745387,0.625,-0.004495299135623685,0.003953256671789358,-0.0020977136621251704,0.002980725701048505,,,False,env_mean_t,True,True,True,0
A,posterior_mean_shrunk,family,B,all,,,all,,,False,exploratory,phi_k1,phi_k16,ok,-0.0019901676849462093,-0.0025305558777313306,-0.0014443155111632678,0.0002777572870676734,0.5024249999999999,20,40000,4,-0.0090538432796534,0.005073507909760981,0.0022195741631145854,0.43598304472097515,0.625,-0.015888391021979354,0.002695107395956688,-0.006335833584703504,0.0010292228144593535,,,False,env_mean_t,True,True,True,0
A,posterior_mean_shrunk,family,B,all,,,all,,,False,exploratory,phi_k16_all71,phi_k16,ok,-0.00017729278821498155,-0.00036487315698423116,1.1829343970930467e-05,9.463630116234859e-05,0.5006875000000001,20,40000,4,-0.0010063642226822885,0.0006517786462523252,0.00026051387986996907,0.544973943835795,1.0,-0.012264299975054764,0.0003288359441942962,-0.0006911512264981866,0.00011464517600834371,,,False,env_mean_t,True,True,True,0
A,posterior_mean_shrunk,family,B,all,,,all,,,False,exploratory,phi_k16_clock,phi_k16,ok,0.0027381819899834226,0.0020144477017693687,0.003457756747486797,0.0003660627625000749,0.49007500000000004,20,40000,4,-0.0031786387372134965,0.008655002717180341,0.0018592052024172165,0.23722262709441844,0.375,-0.007823816404964282,0.026283502307678123,-0.0003937428616569377,0.005870106841623783,,,False,env_mean_t,True,True,True,0
A,posterior_mean_shrunk,family,B,all,,,all,,,False,exploratory,phi_k16_cs,phi_k16,ok,-1.099868789315224e-05,-5.5170747168062916e-05,3.0370333383871174e-05,2.1407598633107823e-05,0.5000875,20,40000,4,-3.637729939754767e-05,1.4379923611243192e-05,7.97456078434385e-06,0.26166106720014404,0.375,-5.437497317533216e-05,4.69674290285251e-05,-2.428993135690689e-05,2.292555570602416e-06,,,False,env_mean_t,True,True,True,0
A,posterior_mean_shrunk,family,B,all,,,all,,,False,exploratory,phi_k16_famA_only,phi_k16,ok,0.000338580621581059,-0.00011290733612895556,0.0007962439940286002,0.00023260253826380375,0.4987375,20,40000,4,-0.0011581638310391663,0.0018353250742012843,0.00047031255488434514,0.5236012193463278,0.625,-0.0007181850043079946,0.008461869837598045,-0.00032010333280777555,0.0012823652414605024,,,False,env_mean_t,True,True,True,0
A,posterior_mean_shrunk,family,B,all,,,all,,,False,exploratory,phi_k16_famB_only,phi_k16,ok,2.679108353331685e-05,-0.00012971173700321968,0.00018605438245600676,8.083715952668978e-05,0.4998125,20,40000,4,-0.00035162807958465,0.0004052102466512837,0.00011890826327209051,0.8362147020298094,0.75,-0.0017072327038171534,0.00029714205257533734,-0.00021105882488191128,0.00019729451639577747,,,False,env_mean_t,True,True,True,0
A,posterior_mean_shrunk,family,B,all,,,all,,,False,exploratory,phi_k16_guard,phi_k16,ok,0.0007845302217931021,0.0002133428165757323,0.0013837963200182912,0.0002990314931137256,0.49939999999999996,20,40000,4,-0.001277149874074143,0.002846210317660347,0.0006478287135416259,0.31258742674551077,0.5,-0.0017149090951352817,0.015350307228995391,-0.00028319261521101,0.001852253058797214,,,False,env_mean_t,True,True,True,0
A,posterior_mean_shrunk,family,B,all,,,all,,,False,exploratory,phi_k16_hgb,phi_k16,ok,0.000742559913743753,0.0002853198843409644,0.0011986304040783578,0.00023383641815708932,0.4956999999999999,20,40000,4,-0.0019244152783930177,0.003409535105880524,0.0008380267681842368,0.4408364407155791,0.5,-0.013223296826679722,0.0024012677756862968,-0.0009148662695661186,0.0017063939586281778,,,False,env_mean_t,True,True,True,0
A,posterior_mean_shrunk,family,B,all,,,all,,,False,exploratory,phi_k16_lucb,phi_k16,ok,-5.6053983513265824e-05,-0.0002421157039407262,0.00012737796185302127,9.297054722452512e-05,0.4997,20,40000,4,-0.0005801071961210072,0.00046799922909447546,0.00016466993071891694,0.7559960109547632,0.75,-0.0007862757213784871,0.0004181126692268175,-0.00032283786721527575,0.00019832124765962363,,,False,env_mean_t,True,True,True,0
A,posterior_mean_shrunk,family,B,all,,,all,,,False,exploratory,phi_k16_noT1000,phi_k16,ok,0.0014391111731587444,0.0009531298243553011,0.001926891323238635,0.00025005438831897635,0.4968375,20,40000,4,-0.0021426995263462397,0.005020921872663729,0.0011254897509372665,0.29096459751359505,0.25,-0.0006716502681404831,0.03340164538945796,4.616591446101669e-05,0.00360403019526857,,,False,env_mean_t,True,True,True,0
A,posterior_mean_shrunk,family,B,all,,,all,,,False,exploratory,phi_k16_noT200,phi_k16,ok,-0.0003223782083950937,-0.000549582073823558,-9.066349296972477e-05,0.00011772596843566627,0.50075,20,40000,4,-0.0012659765698329693,0.0006212201530427818,0.00029650095270146464,0.35646460807728575,0.5,-0.010687255165512027,0.00020889307267558027,-0.0008739700566977263,7.146129608154298e-05,,,False,env_mean_t,True,True,True,0
A,posterior_mean_shrunk,family,B,all,,,all,,,False,exploratory,phi_k16_noambig,phi_k16,ok,0.00024704537413781507,-0.00022626185753452425,0.0007270288087033094,0.00024116757475466438,0.49958749999999996,20,40000,4,-0.0016672837287655166,0.002161374477041147,0.0006015275417923111,0.708867381472154,0.75,-0.001571977255507119,0.0018874939509605578,-0.0007510479228571059,0.0012173454129253513,,,False,env_mean_t,True,True,True,0
A,posterior_mean_shrunk,family,B,all,,,all,,,False,exploratory,phi_k16_nopolicy,phi_k16,ok,-0.0002473325878498145,-0.0006856142085632655,0.00017947567837495624,0.00022169075400963823,0.5005624999999999,20,40000,4,-0.001372578980484293,0.0008779138047846642,0.0003535790661310672,0.5345924460196584,0.75,-0.0016275283026750884,0.0005126973750907435,-0.0009155725436285139,0.00027443450595019385,,,False,env_mean_t,True,True,True,0
A,posterior_mean_shrunk,family,B,all,,,all,,,False,exploratory,phi_k16_notrunc,phi_k16,ok,-0.0005224198510870337,-0.0008266422114684246,-0.0002214860539041297,0.00015592634759797457,0.500825,20,40000,4,-0.003220219517930596,0.002175379815756528,0.0008477125481628697,0.5813221906964593,0.875,-0.014992050895447287,0.001319790304312628,-0.0022262946009635924,0.000597767866589129,,,False,env_mean_t,True,True,True,0
A,posterior_mean_shrunk,family,B,all,,,all,,,False,exploratory,phi_k16_onpolicy_only,phi_k16,ok,0.005201729623647408,0.004618779458105564,0.005792123938554141,0.000297093051621142,0.47284999999999994,20,40000,4,-0.004257456082667414,0.014660915329962228,0.0029723001738034215,0.17841305271702965,0.25,-0.003739586367756278,0.023861370559586863,0.0005095685453154147,0.009897668051533401,,,False,env_mean_t,True,True,True,0
A,posterior_mean_shrunk,family,B,all,,,all,,,False,exploratory,phi_k16_onpolicy_union,phi_k16,ok,-0.0005821341327275151,-0.0008780436001637781,-0.00028222756546995257,0.00014978288431387462,0.5018874999999999,20,40000,4,-0.0028659870353257406,0.0017017187698707107,0.0007176406712051739,0.47664496939580236,1.0,-0.09294978951904007,0.0009282426670315527,-0.002033660419285297,0.00026125993834575636,,,False,env_mean_t,True,True,True,0
A,posterior_mean_shrunk,family,B,all,,,all,,,False,exploratory,phi_k16_perstep,phi_k16,ok,-0.0017356244606315159,-0.0022615006779167857,-0.001224694613124484,0.00026384829583579625,0.5025125,20,40000,4,-0.004248551157121855,0.0007773022358588235,0.0007896210824730059,0.11538236822956818,0.125,-0.010723031425806006,0.0005956913152932535,-0.00299193646858912,-0.00047931245267391205,,,False,env_mean_t,True,True,True,0
A,posterior_mean_shrunk,family,B,all,,,all,,,False,exploratory,phi_k16_quality,phi_k16,ok,-9.553173207677904e-06,-0.00020231790729155816,0.00018143734405640094,9.663403669846843e-05,0.49933750000000005,20,40000,4,-0.000159004391418793,0.0001398980450034372,4.696111226228273e-05,0.8518178657431164,1.0,-0.00010531508953102587,0.0001880661841026559,-7.86317982012406e-05,7.433490976691246e-05,,,False,env_mean_t,True,True,True,0
A,posterior_mean_shrunk,family,B,all,,,all,,,False,exploratory,phi_k16_tau05,phi_k16,ok,0.0,0.0,0.0,0.0,0.5,20,40000,4,0.0,0.0,0.0,1.0,1.0,0.0,0.0,0.0,0.0,,,False,env_mean_t,True,True,True,0
A,posterior_mean_shrunk,family,B,all,,,all,,,False,exploratory,phi_k16_weighted,phi_k16,ok,0.000957308859936893,0.0006332663757245883,0.001286915349497235,0.00016755564751378812,0.49695,20,40000,4,-0.0008083926009760157,0.0027230103208498017,0.0005548252166835854,0.18291259689211678,0.125,-0.0002459375852434027,0.013032986657906035,0.00012176047861576082,0.001893924432247877,,,False,env_mean_t,True,True,True,0
A,posterior_mean_shrunk,family,B,all,,,all,,,False,exploratory,phi_k4,phi_k16,ok,-0.0022104331630398524,-0.00271364361499991,-0.0016890224370763463,0.0002633014592839511,0.5035750000000001,20,40000,4,-0.008217599324626514,0.00379673299854681,0.001887593877581899,0.3261371865120228,0.375,-0.015664459321306782,0.001605104900302507,-0.005892827237211168,0.00019317855377448727,,,False,env_mean_t,True,True,True,0
A,posterior_mean_shrunk,family,B,all,,,all,,,False,exploratory,phi_reservoir_rule,phi_k16,ok,0.004250518081005431,0.003567378085920154,0.004933134889812436,0.0003527406001739622,0.4829624999999999,20,40000,4,-0.0034662982782001544,0.011967334440211013,0.002424806459858762,0.17789874294683408,0.125,-0.013091675477281888,2.145858418805517,0.0001124426030437462,0.008388593558967114,,,False,env_mean_t,True,True,True,0
A,posterior_mean_shrunk,family,B,all,,,all,,,False,exploratory,phi_sf_k16,phi_k16,ok,8.671999434009192e-05,-0.00029150386257285275,0.00046881372694656414,0.0001949931651580768,0.49882499999999996,20,40000,4,-0.0015233482403529263,0.00169678822903311,0.0005059215710944994,0.8748111730815081,0.875,-0.0009198584307610565,0.00251722341885563,-0.0006377841813489796,0.0009989954822696746,,,False,env_mean_t,True,True,True,0
A,posterior_mean_shrunk,family,B,all,,,all,,,False,exploratory,phi_sf_k16_noT1000,phi_k16,ok,0.00029597481216769666,6.522406583769681e-05,0.0005252222459694165,0.0001179174759858142,0.49960000000000004,20,40000,4,-0.001419764658080357,0.00201171428241575,0.0005391259759511007,0.621232727350838,0.875,-0.0009117109403433308,0.009358126987823132,-0.00045592028796672817,0.0013778172709280625,,,False,env_mean_t,True,True,True,0
A,posterior_mean_shrunk,family,B,all,,,all,,,False,exploratory,power_a0.25,phi_k16,ok,0.0012091739154944663,0.0005794210862589114,0.0018402729088319344,0.0003167707378031342,0.49245,20,40000,4,-0.003131573220358577,0.005549921051347509,0.0013639655533688809,0.4406369259726313,0.5,-0.010609261777545346,0.004510404846871178,-0.0014692127043381335,0.003356057742756093,,,False,env_mean_t,True,True,True,0
A,posterior_mean_shrunk,family,B,all,,,all,,,False,exploratory,power_a0.33,phi_k16,ok,0.0011704019823111594,0.0005423133140864425,0.0018168513465320756,0.00032317311956112603,0.49202499999999993,20,40000,4,-0.003144330821866835,0.005485134786489153,0.0013557912342509564,0.45148697896979995,0.5,-0.004614483894260114,0.0039840494458076685,-0.0013375752253457903,0.003142531822901219,,,False,env_mean_t,True,True,True,0
A,posterior_mean_shrunk,family,B,all,,,all,,,False,exploratory,power_a0.5,phi_k16,ok,0.001314863574912306,0.000709975766949924,0.0019139860041843802,0.0003111506158289321,0.4933249999999999,20,40000,4,-0.0036839609650296677,0.00631368811485428,0.0015707490591883968,0.46397871672263574,0.5,-0.004675131821331096,0.004718131661069765,-0.0014521666074171664,0.0036881807284778927,,,False,env_mean_t,True,True,True,0
A,posterior_mean_shrunk,family,B,all,,,all,,,False,exploratory,power_a0.67,phi_k16,ok,0.0021659311597002667,0.0014990506529284175,0.0028064252668150397,0.00033081747112084737,0.48843749999999997,20,40000,4,-0.003789621040571029,0.008121483359971563,0.001871375548546882,0.33089146964562677,0.375,-0.00917054381524969,0.00933766762676309,-0.0008658442443702372,0.005197706563770771,,,False,env_mean_t,True,True,True,0
A,posterior_mean_shrunk,family,B,all,,,all,,,False,exploratory,refine_after_init,phi_k16,ok,0.06214350819456741,0.06096210385081576,0.06330522536605714,0.0006048208224930696,0.31599999999999995,20,40000,4,-0.028661757930421236,0.15294877431955606,0.028533165186236678,0.11757613218557166,0.125,-0.014314390068484256,0.7065526339944141,0.017261756557226178,0.10729390649599954,,,False,env_mean_t,True,True,True,0
A,posterior_mean_shrunk,family,B,all,,,all,,,False,exploratory,rule_reservoir,phi_k16,ok,0.010633260642801179,0.009740235536032175,0.011521784520593456,0.00045269482386303266,0.46706249999999994,20,40000,4,0.00395226405718572,0.01731425722841664,0.002099327355350262,0.014855775761463613,0.125,-0.1020703095839827,0.014777365914479512,0.0070277181351615595,0.013722281900048256,,,False,env_mean_t,True,True,True,0
A,posterior_mean_shrunk,family,B,all,,,all,,,False,exploratory,uniform,phi_k16,ok,0.006883596913819201,0.006197031988248228,0.007567234244659175,0.00034981109114884997,0.47578750000000003,20,40000,4,0.0013604440472927788,0.012406749780345623,0.0017355054372344065,0.028634260522634687,0.125,0.00039383847948963255,0.01785964335948137,0.004074111456284299,0.009693082371354102,,,False,env_mean_t,True,True,True,0
A,posterior_mean_shrunk,horizon,all,50,,,all,,,False,exploratory,always_search,cp0,ok,0.0771842089486081,0.07404411982861347,0.08033549461397342,0.0016060690433979874,0.3501875,8,16000,8,0.033025998452349416,0.12134241944486679,0.018674514763398122,0.00438674425324473,0.0078125,0.03069988822806003,0.12314043881683628,0.0424399794803229,0.1103968696877124,,,False,env_mean_t,True,True,True,0
A,posterior_mean_shrunk,horizon,all,50,,,all,,,False,exploratory,fixed_K16,cp0,ok,-0.036941826320615295,-0.03918206903617829,-0.03467685237410478,0.0011503972938724325,0.5691562499999999,8,16000,8,-0.06628575407981979,-0.0075978985614108055,0.01240955206284413,0.020605585497320368,0.0078125,-0.20077590334364814,-0.01696989483991403,-0.059172434514277165,-0.0169437989412545,,,False,env_mean_t,True,True,True,0
A,posterior_mean_shrunk,horizon,all,50,,,all,,,False,exploratory,p3_star,cp0,ok,-0.03717287786717588,-0.03959675625083037,-0.034800786424602846,0.0012242566996680797,0.56559375,8,16000,8,-0.07226445988149299,-0.0020812958528587736,0.01484023602933101,0.04070112125455597,0.0078125,-0.1947873553458767,-0.010250642821491275,-0.06813193141017654,-0.012952343014225334,,,False,env_mean_t,True,True,True,0
A,posterior_mean_shrunk,horizon,all,50,,,all,,,False,exploratory,phi_k1,cp0,ok,-0.047345253327487624,-0.04983658264682163,-0.044865950651001185,0.0012611111678963195,0.58596875,8,16000,8,-0.0886181825112056,-0.00607232414376966,0.017454328803367804,0.030089081985073585,0.0078125,-0.2511416376775781,-0.016107717885954855,-0.08175886709267796,-0.019432270670658912,,,False,env_mean_t,True,True,True,0
A,posterior_mean_shrunk,horizon,all,50,,,all,,,False,exploratory,phi_k16_all71,cp0,ok,-0.040054973693234394,-0.042506439855787906,-0.037605472598806956,0.0012496951096559034,0.5725625,8,16000,8,-0.07561370153707545,-0.00449624584939335,0.015037792080449607,0.03229706898997125,0.0078125,-0.1818936321720669,-0.013679474716543846,-0.070411263035518,-0.01615907085897616,,,False,env_mean_t,True,True,True,0
A,posterior_mean_shrunk,horizon,all,50,,,all,,,False,exploratory,phi_k16_clock,cp0,ok,-0.030874225962062157,-0.03350705580523936,-0.02828950684488518,0.0013371910237267982,0.543875,8,16000,8,-0.07725714491190376,0.015508692987779446,0.01961534434851482,0.15949119027504172,0.1796875,-0.14551078535565898,0.0038674015583329002,-0.0692439899322981,0.0012373978808827815,,,False,env_mean_t,True,True,True,0
A,posterior_mean_shrunk,horizon,all,50,,,all,,,False,exploratory,phi_k16_cs,cp0,ok,-0.04002839110525838,-0.04248270943935495,-0.03757798199658282,0.0012494363390140517,0.57240625,8,16000,8,-0.07559960111026237,-0.004457181100254386,0.015043070788538025,0.03242388250205078,0.0078125,-0.34365055149195634,-0.013178060120466014,-0.07060601691807382,-0.015810752941964948,,,False,env_mean_t,True,True,True,0
A,posterior_mean_shrunk,horizon,all,50,,,all,,,False,exploratory,phi_k16_famA_only,cp0,ok,-0.04167456518625749,-0.04402321392844897,-0.03931164824753069,0.0012115728591502672,0.5757187500000001,8,16000,8,-0.07684097841008869,-0.006508151962426288,0.014871882160619604,0.02643905503789774,0.0078125,-0.17502405580718733,-0.015204534743817309,-0.07136424646068042,-0.017558062966018775,,,False,env_mean_t,True,True,True,0
A,posterior_mean_shrunk,horizon,all,50,,,all,,,False,exploratory,phi_k16_famB_only,cp0,ok,-0.03991541330902419,-0.042374742127140055,-0.0374701952408941,0.0012489427416531131,0.57225,8,16000,8,-0.07543940288937007,-0.0043914237286783175,0.015023101262882388,0.03261179092626015,0.0078125,-0.3450436806984286,-0.012970790717279766,-0.07064514527729944,-0.01572585506353062,,,False,env_mean_t,True,True,True,0
A,posterior_mean_shrunk,horizon,all,50,,,all,,,False,exploratory,phi_k16_guard,cp0,ok,-0.03790415894060334,-0.040175795493996705,-0.03558786487265024,0.0011700714603918095,0.57090625,8,16000,8,-0.06832090152835824,-0.007487416352848435,0.012863245637130944,0.021507391749971173,0.0078125,-0.17744453067415766,-0.014565217411288741,-0.06447282328482322,-0.017048497686683924,,,False,env_mean_t,True,True,True,0
A,posterior_mean_shrunk,horizon,all,50,,,all,,,False,exploratory,phi_k16_hgb,cp0,ok,-0.03759746143085886,-0.039997467884677465,-0.03518171363248257,0.0012559706671022282,0.5636562500000001,8,16000,8,-0.074370135153523,-0.0008247877081947186,0.015551170000009298,0.04625071383408387,0.0078125,-0.23315242908438827,-0.010113884707464375,-0.06837760502117068,-0.012459855787712613,,,False,env_mean_t,True,True,True,0
A,posterior_mean_shrunk,horizon,all,50,,,all,,,False,exploratory,phi_k16_lucb,cp0,ok,-0.039905073294551584,-0.04234147496172227,-0.03744562491774559,0.0012486758545857707,0.5724687500000001,8,16000,8,-0.07546770039986053,-0.004342446189242642,0.015039441078790577,0.03278136888390966,0.0078125,-0.2961446539817335,-0.01361377630144189,-0.0698242485967951,-0.01576631342728333,,,False,env_mean_t,True,True,True,0
A,posterior_mean_shrunk,horizon,all,50,,,all,,,False,exploratory,phi_k16_noT1000,cp0,ok,-0.027018649015220032,-0.029535290432249894,-0.024490688532023346,0.0012982675542430539,0.54940625,8,16000,8,-0.056239837455758945,0.0022025394253188772,0.012357645584010165,0.06502426065308334,0.015625,-0.15190221382053073,-0.006253782332961137,-0.05011704187155693,-0.0069820970956025125,,,False,env_mean_t,True,True,True,0
A,posterior_mean_shrunk,horizon,all,50,,,all,,,False,exploratory,phi_k16_noT200,cp0,ok,-0.03986778025901458,-0.04232614441716578,-0.037419721399783154,0.0012499122988033488,0.5722499999999999,8,16000,8,-0.07533594183725442,-0.004399618680774729,0.01499949159125341,0.032564204619627814,0.0078125,-0.18039878915515023,-0.015203250895229569,-0.06891199954764286,-0.015964389613294046,,,False,env_mean_t,True,True,True,0
A,posterior_mean_shrunk,horizon,all,50,,,all,,,False,exploratory,phi_k16_noambig,cp0,ok,-0.03455685184646518,-0.03703701762278797,-0.03207011112408509,0.0012868021514354942,0.56328125,8,16000,8,-0.06788658048415666,-0.0012271232087737102,0.014095147935339386,0.043998467489082316,0.0078125,-0.2230511460665095,-0.00831302231696492,-0.06344985412541333,-0.012282222872243804,,,False,env_mean_t,True,True,True,0
A,posterior_mean_shrunk,horizon,all,50,,,all,,,False,exploratory,phi_k16_nopolicy,cp0,ok,-0.040452341573917694,-0.042771651613293216,-0.03812211978947744,0.0011983788159395294,0.57453125,8,16000,8,-0.07451693982074409,-0.006387743327091293,0.014405924418596687,0.026219813120041766,0.0078125,-0.2160143231837078,-0.01473989478432599,-0.06931744501911703,-0.01689574377090321,,,False,env_mean_t,True,True,True,0
A,posterior_mean_shrunk,horizon,all,50,,,all,,,False,exploratory,phi_k16_notrunc,cp0,ok,-0.041040328055051756,-0.043476007334538734,-0.038609587060636844,0.001240913048554046,0.57325,8,16000,8,-0.07733579464418627,-0.004744861465917245,0.015349359021707696,0.03182627475044338,0.0078125,-0.2017305367463597,-0.013756629511052727,-0.07172306386259697,-0.0163955004272284,,,False,env_mean_t,True,True,True,0
A,posterior_mean_shrunk,horizon,all,50,,,all,,,False,exploratory,phi_k16_onpolicy_only,cp0,ok,-0.04278783650687455,-0.04529669088369701,-0.04030187560274499,0.0012741776196879414,0.57790625,8,16000,8,-0.08191329521796678,-0.0036623777957823303,0.01654616317359418,0.03615656519816019,0.0078125,-0.19337693696303548,-0.014994933973023126,-0.07517463959704128,-0.016458357399096714,,,False,env_mean_t,True,True,True,0
A,posterior_mean_shrunk,horizon,all,50,,,all,,,False,exploratory,phi_k16_onpolicy_union,cp0,ok,-0.04019160226282202,-0.04266117574588861,-0.03775130571011687,0.0012579317242928055,0.5723750000000001,8,16000,8,-0.07673659037653333,-0.003646614149110723,0.015454881717082538,0.03539544649139482,0.0078125,-0.22483099957711938,-0.013503110178644685,-0.07127647220667496,-0.015575476391561097,,,False,env_mean_t,True,True,True,0
A,posterior_mean_shrunk,horizon,all,50,,,all,,,False,exploratory,phi_k16_perstep,cp0,ok,-0.049330809892425345,-0.05173129396571312,-0.04696216579177417,0.0012235419089612594,0.58996875,8,16000,8,-0.09209252815333774,-0.006569091631512945,0.018083937958476317,0.029428661508801218,0.0078125,-0.2309093083752704,-0.017826504247970762,-0.08455258950318056,-0.0199302159320323,,,False,env_mean_t,True,True,True,0
A,posterior_mean_shrunk,horizon,all,50,,,all,,,False,exploratory,phi_k16_quality,cp0,ok,-0.04018130527344965,-0.042632670898456126,-0.03772630585590377,0.0012479243474209166,0.57240625,8,16000,8,-0.07571878687866712,-0.004643823668232183,0.015028807042505728,0.03183225256520119,0.0078125,-0.1869763050885642,-0.013248049500297503,-0.07072846906028683,-0.01625108689739136,,,False,env_mean_t,True,True,True,0
A,posterior_mean_shrunk,horizon,all,50,,,all,,,False,exploratory,phi_k16_tau05,cp0,ok,-0.04001350633906713,-0.04247302321891766,-0.037567808365565725,0.0012495125192099807,0.5723437499999999,8,16000,8,-0.07558688848662132,-0.004440124191512948,0.015043989387993615,0.03247810669219532,0.0078125,-0.3434769128510111,-0.013793217735232795,-0.06983221518713253,-0.01578897742517074,,,False,env_mean_t,True,True,True,0
A,posterior_mean_shrunk,horizon,all,50,,,all,,,False,exploratory,phi_k16_weighted,cp0,ok,-0.0357153102262173,-0.03819026001146995,-0.03324264358889195,0.001263936708896623,0.56378125,8,16000,8,-0.06862782364951356,-0.0028027968029210454,0.013918707549889485,0.037224753424920584,0.0078125,-0.18592917767020867,-0.011897546944875673,-0.06384936993126662,-0.013909938070212458,,,False,env_mean_t,True,True,True,0
A,posterior_mean_shrunk,horizon,all,50,,,all,,,False,exploratory,phi_k4,cp0,ok,-0.04679901416803932,-0.049233004506095315,-0.04431561038363725,0.0012523210137699514,0.58525,8,16000,8,-0.08739691851494308,-0.006201109821135559,0.017168860684549554,0.02951687329838835,0.0078125,-0.2253906389779961,-0.016013541712051483,-0.0807832891919388,-0.01921683767078976,,,False,env_mean_t,True,True,True,0
A,posterior_mean_shrunk,horizon,all,50,,,all,,,False,exploratory,phi_reservoir_rule,cp0,ok,-0.030090398124045355,-0.03266879499642528,-0.027573133431724274,0.0013003551764247637,0.542125,8,16000,8,-0.07502126336806156,0.014840467119970849,0.019001270588234594,0.15730177870902395,0.171875,-0.11636404428389088,0.0039973842692693565,-0.06787066437774071,0.0002575417169700814,,,False,env_mean_t,True,True,True,0
A,posterior_mean_shrunk,horizon,all,50,,,all,,,False,exploratory,phi_sf_k16,cp0,ok,-0.038587102924609096,-0.04106185726413969,-0.03612094406635151,0.001255083167805901,0.57015625,8,16000,8,-0.07334554058216626,-0.003828665267051931,0.014699349223938762,0.03415553579944693,0.0078125,-0.16686206561059025,-0.013591267287536991,-0.06771415789880483,-0.015185838405818417,,,False,env_mean_t,True,True,True,0
A,posterior_mean_shrunk,horizon,all,50,,,all,,,False,exploratory,phi_sf_k16_noT1000,cp0,ok,-0.03740400439834502,-0.039816320181125776,-0.03497299808950629,0.0012421259623559254,0.5674062499999999,8,16000,8,-0.07029737572666808,-0.0045106330700219535,0.013910612354654853,0.031136076284212846,0.0078125,-0.22753722849725092,-0.011953741242620747,-0.06509652361166174,-0.015416310166147298,,,False,env_mean_t,True,True,True,0
A,posterior_mean_shrunk,horizon,all,50,,,all,,,False,exploratory,power_a0.25,cp0,ok,-0.03717287786717588,-0.03959675625083037,-0.034800786424602846,0.0012242566996680797,0.56559375,8,16000,8,-0.07226445988149299,-0.0020812958528587736,0.01484023602933101,0.04070112125455597,0.0078125,-0.19471267939675974,-0.010303886338492722,-0.067631127693566,-0.012952343014225334,,,False,env_mean_t,True,True,True,0
A,posterior_mean_shrunk,horizon,all,50,,,all,,,False,exploratory,power_a0.33,cp0,ok,-0.03703721147490705,-0.039463728963164614,-0.0346343468001578,0.0012361642119010057,0.56278125,8,16000,8,-0.0735921215567863,-0.0004823013930278161,0.01545907771911595,0.047758378005800885,0.0078125,-0.1913443907698464,-0.008915562045804341,-0.06967175466541903,-0.01178194780838714,,,False,env_mean_t,True,True,True,0
A,posterior_mean_shrunk,horizon,all,50,,,all,,,False,exploratory,power_a0.5,cp0,ok,-0.035972306438133275,-0.038387140035047194,-0.03356816097157207,0.0012259050498244126,0.5624374999999999,8,16000,8,-0.07134181865989075,-0.0006027942163758029,0.014957772761542545,0.04712403264428025,0.0078125,-0.16735123597374868,-0.009133796086344435,-0.06683507783233734,-0.011384473187141338,,,False,env_mean_t,True,True,True,0
A,posterior_mean_shrunk,horizon,all,50,,,all,,,False,exploratory,power_a0.67,cp0,ok,-0.0332876898779441,-0.035805493893712986,-0.03078206215186583,0.001266501591593203,0.55359375,8,16000,8,-0.07270318295159442,0.006127803195706216,0.016668818755073027,0.0859985206211173,0.0546875,-0.16392075384537824,-0.0036585247484163426,-0.06581200540641641,-0.005845287675245219,,,False,env_mean_t,True,True,True,0
A,posterior_mean_shrunk,horizon,all,50,,,all,,,False,exploratory,refine_after_init,cp0,ok,-0.016635958665631733,-0.01812534650962334,-0.015145293252135162,0.0007489003501447294,0.534625,8,16000,8,-0.02575776626769138,-0.007514151063572085,0.003857613993392524,0.0035123226039245913,0.0078125,-0.048950094657035856,-0.00989862988496448,-0.024313043797504007,-0.010386385792389416,,,False,env_mean_t,True,True,True,0
A,posterior_mean_shrunk,horizon,all,50,,,all,,,False,exploratory,rule_reservoir,cp0,ok,-0.015576722467792023,-0.017826070261071435,-0.013259845197899267,0.0011885529383614745,0.51534375,8,16000,8,-0.052329541935558194,0.02117609699997415,0.015542773632220801,0.3496318919705206,0.359375,-0.06650799965047423,0.016684941040218386,-0.0454116960363511,0.011211661039269528,,,False,env_mean_t,True,True,True,0
A,posterior_mean_shrunk,horizon,all,50,,,all,,,False,exploratory,uniform,cp0,ok,-0.024830466231645004,-0.027363332285131037,-0.022363008653337603,0.0012713267314434105,0.53453125,8,16000,8,-0.061755725473245704,0.012094793009955696,0.015615698442037149,0.15583825674162252,0.1875,-0.11640071686594167,0.003608100903576217,-0.055748478719175175,0.0011455073388943035,,,False,env_mean_t,True,True,True,0
A,posterior_mean_shrunk,horizon,all,50,,,all,,,False,exploratory,always_search,p3_star,ok,0.11435708681578399,0.11128352688392625,0.11747625963762402,0.001566080709592526,0.2966875,8,16000,8,0.06416372579662258,0.1645504478349454,0.02122678095065283,0.001022215316555908,0.0078125,0.068246187765805,0.1697825010410181,0.07696659894486146,0.1537241570586193,,,False,env_mean_t,True,True,True,0
A,posterior_mean_shrunk,horizon,all,50,,,all,,,False,exploratory,cp0,p3_star,ok,0.03717287786717588,0.034800786424602846,0.03959675625083037,0.0012242566996680797,0.43440625,8,16000,8,0.0020812958528587736,0.07226445988149299,0.01484023602933101,0.04070112125455597,0.0078125,0.009897401033496105,0.19050467506563862,0.0129943254207255,0.0685766818236371,,,False,env_mean_t,True,True,True,0
A,posterior_mean_shrunk,horizon,all,50,,,all,,,False,exploratory,fixed_K16,p3_star,ok,0.00023105154656059314,-0.0013774837883829595,0.0018764957896564736,0.0008230924283097746,0.50265625,8,16000,8,-0.006012476205280198,0.006474579298401385,0.002640388952974335,0.9327195033268577,0.9453125,-0.005007269595143525,0.009106479206153454,-0.004338585609289656,0.005171652284950141,,,False,env_mean_t,True,True,True,0
A,posterior_mean_shrunk,horizon,all,50,,,all,,,False,exploratory,phi_k1,p3_star,ok,-0.010172375460311741,-0.011857850972228334,-0.00845567275355279,0.0008704901529144456,0.5220625,8,16000,8,-0.01767721031199916,-0.0026675406086243206,0.0031737959409966505,0.014959207055288682,0.015625,-0.023918617211160488,-0.005127468560332161,-0.0166853926670512,-0.005259006524607685,,,False,env_mean_t,True,True,True,0
A,posterior_mean_shrunk,horizon,all,50,,,all,,,False,exploratory,phi_k16_all71,p3_star,ok,-0.002882095826058503,-0.0044962061952901426,-0.001197814093029593,0.0008427652512705926,0.50509375,8,16000,8,-0.009759480176683558,0.003995288524566551,0.002908447016896036,0.35472453381973273,0.34375,-0.008885869355772746,0.0052716590815067845,-0.0079977406610873,0.002545007150742456,,,False,env_mean_t,True,True,True,0
A,posterior_mean_shrunk,horizon,all,50,,,all,,,False,exploratory,phi_k16_clock,p3_star,ok,0.0062986519051137285,0.004243137190860581,0.008376451375806936,0.0010560347132506553,0.47571874999999997,8,16000,8,-0.008952023252329213,0.02154932706255667,0.0064495131296950295,0.3612979399654792,0.3359375,-0.021209880082529085,0.01787063354814316,-0.006396890853275182,0.016934702433226992,,,False,env_mean_t,True,True,True,0
A,posterior_mean_shrunk,horizon,all,50,,,all,,,False,exploratory,phi_k16_cs,p3_star,ok,-0.0028555132380824948,-0.0044614490620006105,-0.001183167216186121,0.0008408195779626822,0.50484375,8,16000,8,-0.009570644103612393,0.0038596176274474036,0.002839829990327919,0.34813091745598007,0.328125,-0.008737050938037528,0.005130260090382682,-0.007861097129477272,0.002564694999822583,,,False,env_mean_t,True,True,True,0
A,posterior_mean_shrunk,horizon,all,50,,,all,,,False,exploratory,phi_k16_famA_only,p3_star,ok,-0.004501687319081612,-0.0059946279892756135,-0.002976539939936629,0.0007768440121940787,0.50871875,8,16000,8,-0.009066797729967406,6.342309180418226e-05,0.0019305859727230606,0.052476763147290086,0.0546875,-0.008633188966288011,0.00020919676755112512,-0.00792981699466268,-0.0008030970383897512,,,False,env_mean_t,True,True,True,0
A,posterior_mean_shrunk,horizon,all,50,,,all,,,False,exploratory,phi_k16_famB_only,p3_star,ok,-0.002742535441848304,-0.004370764642226277,-0.0010759711906757738,0.000843521270987347,0.50475,8,16000,8,-0.009531914671076435,0.004046843787379828,0.002871229636021403,0.3713019872567171,0.390625,-0.00869312606026772,0.0053969130013274,-0.007757375380955636,0.002745585978462986,,,False,env_mean_t,True,True,True,0
A,posterior_mean_shrunk,horizon,all,50,,,all,,,False,exploratory,phi_k16_guard,p3_star,ok,-0.0007312810734274536,-0.0022114036102721,0.0007342619511746289,0.0007563597457074832,0.5050937499999999,8,16000,8,-0.005837285276099513,0.004374723129244606,0.0021593300496824024,0.7447965763167648,0.7109375,-0.004864494959150991,0.007628547248843823,-0.004349100231309421,0.003414960095908777,,,False,env_mean_t,True,True,True,0
A,posterior_mean_shrunk,horizon,all,50,,,all,,,False,exploratory,phi_k16_hgb,p3_star,ok,-0.00042458356368297245,-0.002162088104705617,0.0013346162821562754,0.0008879060466280786,0.49684375000000003,8,16000,8,-0.0046907935465488266,0.0038416264191828814,0.0018041809306456123,0.8206865607070118,0.8828125,-0.006231129919468235,0.002796589928423203,-0.004072158314083935,0.002543205393240714,,,False,env_mean_t,True,True,True,0
A,posterior_mean_shrunk,horizon,all,50,,,all,,,False,exploratory,phi_k16_lucb,p3_star,ok,-0.0027321954273757,-0.00434921870207745,-0.0010723224921093798,0.0008422424780376179,0.5045312500000001,8,16000,8,-0.009600725224713549,0.00413633436996215,0.0029047024247980564,0.3782212732316825,0.390625,-0.008780811165180293,0.00513669767540019,-0.007909661058417896,0.0026403734190179416,,,False,env_mean_t,True,True,True,0
A,posterior_mean_shrunk,horizon,all,50,,,all,,,False,exploratory,phi_k16_noT1000,p3_star,ok,0.01015422885195585,0.00818486680800561,0.012138957504066638,0.0010128749372494497,0.48084374999999996,8,16000,8,-0.0011242461708150884,0.02143270387472679,0.004769669014082844,0.07078331931858609,0.0859375,-0.0009407919725777057,0.022322896508014962,0.0016310712127014994,0.01876682177293114,,,False,env_mean_t,True,True,True,0
A,posterior_mean_shrunk,horizon,all,50,,,all,,,False,exploratory,phi_k16_noT200,p3_star,ok,-0.002694902391838695,-0.004316752073054885,-0.0010163747307160526,0.0008450358837740116,0.504875,8,16000,8,-0.00965151759251752,0.00426171280884013,0.002941953756920546,0.39011963041709685,0.390625,-0.00858636987697432,0.005818111038300411,-0.007964391317586705,0.0027970808375678614,,,False,env_mean_t,True,True,True,0
A,posterior_mean_shrunk,horizon,all,50,,,all,,,False,exploratory,phi_k16_noambig,p3_star,ok,0.0026160260207107053,0.0007499058392568261,0.00452775313751772,0.0009652165204995778,0.49434374999999997,8,16000,8,-0.0034413118688404925,0.008673363910261904,0.002561649228401106,0.34113724410291313,0.3203125,-0.003280149614582453,0.010331452620281116,-0.00201665302310721,0.007381544938748988,,,False,env_mean_t,True,True,True,0
A,posterior_mean_shrunk,horizon,all,50,,,all,,,False,exploratory,phi_k16_nopolicy,p3_star,ok,-0.003279463706741808,-0.00469175751259172,-0.0018141814791306388,0.0007349000610781808,0.50725,8,16000,8,-0.006940727576593166,0.0003818001631095496,0.0015483491160953678,0.07192949220023626,0.0625,-0.006056474390240636,0.003458593891419331,-0.005740194583620906,-0.0001286863499616638,,,False,env_mean_t,True,True,True,0
A,posterior_mean_shrunk,horizon,all,50,,,all,,,False,exploratory,phi_k16_notrunc,p3_star,ok,-0.0038674501878758747,-0.0054539464680601665,-0.002222931673168206,0.0008351982926618897,0.506875,8,16000,8,-0.009853000572794913,0.002118100197043163,0.0025312902804271076,0.17038979142024915,0.171875,-0.009770487941610683,0.0020743476975101437,-0.008594666827519176,0.0007326485036646773,,,False,env_mean_t,True,True,True,0
A,posterior_mean_shrunk,horizon,all,50,,,all,,,False,exploratory,phi_k16_onpolicy_only,p3_star,ok,-0.0056149586396986705,-0.007388493973303411,-0.0037977090819822485,0.0009092731179598987,0.5095625,8,16000,8,-0.014065805391410995,0.0028358881120136535,0.003573864535145459,0.16014930517735637,0.1328125,-0.018486506531971883,0.00033695272424776046,-0.012804213517863898,0.00013146078910926585,,,False,env_mean_t,True,True,True,0
A,posterior_mean_shrunk,horizon,all,50,,,all,,,False,exploratory,phi_k16_onpolicy_union,p3_star,ok,-0.0030187243956461313,-0.0047372738699777974,-0.0012472570650970739,0.0008863175780821472,0.5061875,8,16000,8,-0.009153559573184266,0.003116110781892004,0.002594422844731369,0.28273163890371067,0.3046875,-0.009387720329144466,0.0025920152521424424,-0.007990452182853913,0.001585209268121251,,,False,env_mean_t,True,True,True,0
A,posterior_mean_shrunk,horizon,all,50,,,all,,,False,exploratory,phi_k16_perstep,p3_star,ok,-0.012157932025249465,-0.014012804917729226,-0.010247509964028723,0.0009621355050791712,0.5247187499999999,8,16000,8,-0.02219214871326127,-0.0021237153372376614,0.004243471951728851,0.024161018248651207,0.0078125,-0.055569320972661894,-0.005769178637982978,-0.020949221823990227,-0.006382104168646038,,,False,env_mean_t,True,True,True,0
A,posterior_mean_shrunk,horizon,all,50,,,all,,,False,exploratory,phi_k16_quality,p3_star,ok,-0.003008427406273768,-0.004623951344728994,-0.0013368057057959962,0.0008393230800052315,0.505375,8,16000,8,-0.009455815353619336,0.0034389605410718002,0.002726601464483281,0.30635083479628916,0.296875,-0.008613643809288559,0.005030444865790233,-0.007815939606778555,0.0021413542536031396,,,False,env_mean_t,True,True,True,0
A,posterior_mean_shrunk,horizon,all,50,,,all,,,False,exploratory,phi_k16_tau05,p3_star,ok,-0.0028406284718912505,-0.004442868621663365,-0.0011682454529363907,0.0008406954547908463,0.5048125,8,16000,8,-0.00954847882631307,0.003867221882530569,0.0028367510609364206,0.35000015722097233,0.328125,-0.008754262535312288,0.005101784286618929,-0.007889535110159976,0.002496197836556347,,,False,env_mean_t,True,True,True,0
A,posterior_mean_shrunk,horizon,all,50,,,all,,,False,exploratory,phi_k16_weighted,p3_star,ok,0.0014575676409585864,-0.0002548718428442952,0.003198874558620446,0.0008888370886300214,0.49584375,8,16000,8,-0.006949030555310393,0.009864165837227566,0.003555151813488503,0.6940719685684457,0.7578125,-0.004606470505004967,0.01655271978589842,-0.004172141028393526,0.008462115030562553,,,False,env_mean_t,True,True,True,0
A,posterior_mean_shrunk,horizon,all,50,,,all,,,False,exploratory,phi_k4,p3_star,ok,-0.009626136300863435,-0.011358493904117493,-0.007866623699010233,0.000888650280265243,0.5209062499999999,8,16000,8,-0.016522847983041173,-0.0027294246186856976,0.0029166205487117843,0.013112744329808485,0.0078125,-0.020552551142819463,-0.0050126187419585145,-0.01560708951370907,-0.005203676264824935,,,False,env_mean_t,True,True,True,0
A,posterior_mean_shrunk,horizon,all,50,,,all,,,False,exploratory,phi_reservoir_rule,p3_star,ok,0.007082479743130534,0.0052266527432948354,0.00897350258815095,0.0009571606034922513,0.4715,8,16000,8,-0.008063110878367783,0.02222807036462885,0.006405072861490116,0.3053792680590378,0.3046875,-0.021534401933515926,0.01860010937883631,-0.005547411396313691,0.017856139686149707,,,False,env_mean_t,True,True,True,0
A,posterior_mean_shrunk,horizon,all,50,,,all,,,False,exploratory,phi_sf_k16,p3_star,ok,-0.0014142250574332136,-0.0030499251657602135,0.0002771475876215841,0.0008548188571943012,0.50134375,8,16000,8,-0.010023959435285706,0.007195509320419278,0.003641058139386447,0.709255058372014,0.7109375,-0.007965070359005465,0.010738692698025699,-0.0075293453466147185,0.00577482523594881,,,False,env_mean_t,True,True,True,0
A,posterior_mean_shrunk,horizon,all,50,,,all,,,False,exploratory,phi_sf_k16_noT1000,p3_star,ok,-0.0002311265311691388,-0.0018099978457030374,0.0013934247303041046,0.0008217079900712094,0.4993125,8,16000,8,-0.0052712819147683505,0.004809028852430073,0.002131482572846075,0.9166937095982889,0.890625,-0.004153036429333725,0.00886037266392055,-0.003711280220493154,0.004129393002229335,,,False,env_mean_t,True,True,True,0
A,posterior_mean_shrunk,horizon,all,50,,,all,,,False,exploratory,power_a0.25,p3_star,ok,0.0,0.0,0.0,0.0,0.5,8,16000,8,0.0,0.0,0.0,1.0,1.0,0.0,0.0,0.0,0.0,,,False,env_mean_t,True,True,True,0
A,posterior_mean_shrunk,horizon,all,50,,,all,,,False,exploratory,power_a0.33,p3_star,ok,0.0001356663922688313,-0.0009856502544153042,0.0012304613679589233,0.0005691064971398486,0.49584375,8,16000,8,-0.0015950001050240538,0.0018663328895617164,0.0007318991573934539,0.8582015757599138,0.84375,-0.0020103968952261348,0.0016414203877296184,-0.001243122129200856,0.0014246102930538644,,,False,env_mean_t,True,True,True,0
A,posterior_mean_shrunk,horizon,all,50,,,all,,,False,exploratory,power_a0.5,p3_star,ok,0.001200571429042611,0.0005888842762828974,0.0017935275585728048,0.00031033297506542404,0.49621875,8,16000,8,-0.00018014566423283545,0.0025812885223180575,0.0005839054946448304,0.0788168663469657,0.1015625,-0.00010584040308159745,0.0028283231926246955,0.0001541546277556337,0.0022914528737834187,,,False,env_mean_t,True,True,True,0
A,posterior_mean_shrunk,horizon,all,50,,,all,,,False,exploratory,power_a0.67,p3_star,ok,0.0038851879892317807,0.00238385661286884,0.005417839145229663,0.0007681913742852237,0.48228125,8,16000,8,-0.0014628064064726738,0.009233182384936235,0.002261667743660375,0.129523178402125,0.140625,-0.0024937482329472826,0.008832452032231656,-0.00026579889927234,0.007914662796206538,,,False,env_mean_t,True,True,True,0
A,posterior_mean_shrunk,horizon,all,50,,,all,,,False,exploratory,refine_after_init,p3_star,ok,0.02053691920154415,0.01822685197075771,0.02281805026486836,0.0011510348125383114,0.46931249999999997,8,16000,8,-0.0057318428806975505,0.04680568128378585,0.011109063972657542,0.10697670880813172,0.0703125,0.0001741975546864817,0.11320785366117392,0.0024886559555819115,0.04354413722802565,,,False,env_mean_t,True,True,True,0
A,posterior_mean_shrunk,horizon,all,50,,,all,,,False,exploratory,rule_reservoir,p3_star,ok,0.02159615539938386,0.019584908650176657,0.023614221685414806,0.0010310466464489834,0.44721875000000005,8,16000,8,0.00793698964537771,0.035255321153390015,0.005776463531068622,0.007275672314405936,0.0234375,0.003493126096427542,0.03328766020092144,0.010725864097621525,0.03157733226465643,,,False,env_mean_t,True,True,True,0
A,posterior_mean_shrunk,horizon,all,50,,,all,,,False,exploratory,uniform,p3_star,ok,0.012342411635530879,0.010726809767947997,0.013996349056469626,0.0008399623025582598,0.4644375,8,16000,8,0.005584297583195002,0.019100525687866757,0.002858007587371942,0.003486430764249587,0.0078125,0.004275812425484559,0.018434900580856034,0.006964526091207518,0.01734211614043961,,,False,env_mean_t,True,True,True,0
A,posterior_mean_shrunk,horizon,all,50,,,all,,,False,exploratory,always_search,phi_k16,ok,0.11719771528767524,0.11416029850952328,0.1202299929689616,0.0015310979532270252,0.2901875,8,16000,8,0.06842479570819278,0.16597063486715768,0.020626076023126962,0.0007491637897949492,0.0078125,0.06235417568252978,0.16684473260889818,0.07947232194383833,0.1558737810107074,,,False,env_mean_t,True,True,True,0
A,posterior_mean_shrunk,horizon,all,50,,,all,,,False,exploratory,cp0,phi_k16,ok,0.04001350633906713,0.037567808365565725,0.04247302321891766,0.0012495125192099807,0.42765624999999996,8,16000,8,0.004440124191512948,0.07558688848662132,0.015043989387993615,0.03247810669219532,0.0078125,0.012927398516605706,0.182442531449547,0.016127400600047623,0.07009083074831701,,,False,env_mean_t,True,True,True,0
A,posterior_mean_shrunk,horizon,all,50,,,all,,,False,exploratory,fixed_K16,phi_k16,ok,0.003071680018451843,0.0013011740299589294,0.004828215731322414,0.0009088903521242699,0.49875,8,16000,8,-0.0050936778220743995,0.011237037858978085,0.0034531312258284375,0.4032488209576948,0.546875,-0.0021336953187318397,0.04946381441110505,-0.0017238502895306736,0.010066655580521,,,False,env_mean_t,True,True,True,0
A,posterior_mean_shrunk,horizon,all,50,,,all,,,False,exploratory,p3_star,phi_k16,ok,0.0028406284718912505,0.0011682454529363903,0.004442868621663365,0.0008406954547908463,0.4951875,8,16000,8,-0.003867221882530569,0.00954847882631307,0.0028367510609364206,0.35000015722097233,0.328125,-0.005392043638234202,0.00865703163346903,-0.0024962236089509106,0.007879422501569934,,,False,env_mean_t,True,True,True,0
A,posterior_mean_shrunk,horizon,all,50,,,all,,,False,exploratory,phi_k1,phi_k16,ok,-0.007331746988420491,-0.008691169686244393,-0.0059723707195075805,0.0006941304432502886,0.5164375,8,16000,8,-0.014002347975700616,-0.0006611460011403669,0.002820998297208059,0.03547727834738277,0.0078125,-0.03924471808074548,-0.0026873979252494597,-0.012839567660310422,-0.0029102365487389775,,,False,env_mean_t,True,True,True,0
A,posterior_mean_shrunk,horizon,all,50,,,all,,,False,exploratory,phi_k16_all71,phi_k16,ok,-4.146735416725279e-05,-0.0002021811606709889,0.00012771054830409406,8.336005151204543e-05,0.5005,8,16000,8,-0.00026089913861534076,0.0001779644302808352,9.279773913351402e-05,0.6684761155771146,0.75,-0.0002021201938577731,0.0002327898935250906,-0.00018841566937044264,0.0001498162131756544,,,False,env_mean_t,True,True,True,0
A,posterior_mean_shrunk,horizon,all,50,,,all,,,False,exploratory,phi_k16_clock,phi_k16,ok,0.009139280377004979,0.007338705412985291,0.010907432037856778,0.000908227276110666,0.46915624999999994,8,16000,8,-0.004412555518814566,0.022691116272824524,0.005731073715703957,0.15481137607409592,0.15625,-0.006997136529918919,0.02299061465722395,-0.0013725660881533696,0.019744130920735188,,,False,env_mean_t,True,True,True,0
A,posterior_mean_shrunk,horizon,all,50,,,all,,,False,exploratory,phi_k16_cs,phi_k16,ok,-1.4884766191244126e-05,-4.465429810807109e-05,0.0,1.488476619124412e-05,0.5000312499999999,8,16000,8,-5.008164530634834e-05,2.0312112923860087e-05,1.4884766191244124e-05,0.3506166628202074,1.0,-1.4884766191244126e-05,5.451695985355678e-06,-4.465429857373238e-05,0.0,,,False,env_mean_t,True,True,True,0
A,posterior_mean_shrunk,horizon,all,50,,,all,,,False,exploratory,phi_k16_famA_only,phi_k16,ok,-0.001661058847190361,-0.0027858171873958782,-0.0004927494070216199,0.0005920073527805226,0.505,8,16000,8,-0.0042332205905855885,0.0009111028962048666,0.0010877676407415042,0.17059022534228474,0.21875,-0.004844574460034546,0.0007053359210809345,-0.0037145074496801483,0.00017066184789291583,,,False,env_mean_t,True,True,True,0
A,posterior_mean_shrunk,horizon,all,50,,,all,,,False,exploratory,phi_k16_famB_only,phi_k16,ok,9.809303004294635e-05,-9.209229490636516e-05,0.00030643028857184617,0.00010060425042717441,0.50003125,8,16000,8,-6.140347675152852e-05,0.0002575895368374212,6.745109997372303e-05,0.1891903826519572,0.25,-3.408738127669644e-05,0.00047489835110161183,-1.4147641137242318e-05,0.00023213049490004777,,,False,env_mean_t,True,True,True,0
A,posterior_mean_shrunk,horizon,all,50,,,all,,,False,exploratory,phi_k16_guard,phi_k16,ok,0.0021093473984637972,0.0003966505099015194,0.003822402839887218,0.0008764721286242347,0.50315625,8,16000,8,-0.005043044418051257,0.009261739214978852,0.0030247477212065658,0.5080680459430373,0.8046875,-0.0024955156076725883,0.03171969465434479,-0.0019448533857903383,0.008420597964406626,,,False,env_mean_t,True,True,True,0
A,posterior_mean_shrunk,horizon,all,50,,,all,,,False,exploratory,phi_k16_hgb,phi_k16,ok,0.002416044908208278,0.001094499121063564,0.0037134623269594155,0.0006751352546451434,0.49265624999999996,8,16000,8,-0.0013433314037131576,0.0061754212201297135,0.0015898408846095368,0.17239251046545784,0.1640625,-0.0036235338690438746,0.005284073352346683,-0.0006481570829458122,0.005051515350229324,,,False,env_mean_t,True,True,True,0
A,posterior_mean_shrunk,horizon,all,50,,,all,,,False,exploratory,phi_k16_lucb,phi_k16,ok,0.00010843304451555014,-0.00014066996557176022,0.00035998774080354674,0.00012759757085949758,0.49996874999999996,8,16000,8,-0.00014617622287955542,0.00036304231191065567,0.00010767430268196043,0.3474473631249623,0.4375,-7.509698146082369e-05,0.001539201059414453,-7.272362336516381e-05,0.0003156170770525932,,,False,env_mean_t,True,True,True,0
A,posterior_mean_shrunk,horizon,all,50,,,all,,,False,exploratory,phi_k16_noT1000,phi_k16,ok,0.012994857323847099,0.011357075206251465,0.014616681268194043,0.0008358682435727974,0.47609375,8,16000,8,-0.0005817998253191334,0.02657151447301333,0.005741570627985039,0.058048775248938575,0.0078125,0.00259462994831596,0.03621213945783114,0.0037994426244549687,0.024320570407108517,,,False,env_mean_t,True,True,True,0
A,posterior_mean_shrunk,horizon,all,50,,,all,,,False,exploratory,phi_k16_noT200,phi_k16,ok,0.00014572608005255459,-5.1073139768220595e-05,0.00036017909076235805,0.00010435301084305887,0.5000625000000001,8,16000,8,-0.00017245059502661591,0.0004639027551317251,0.00013455697025218714,0.31469422299366956,0.4375,-6.39061342174786e-05,0.001694865812566318,-4.2434839531779294e-05,0.00042551053036004303,,,False,env_mean_t,True,True,True,0
A,posterior_mean_shrunk,horizon,all,50,,,all,,,False,exploratory,phi_k16_noambig,phi_k16,ok,0.005456654492601956,0.0040515323389172415,0.006849641279029583,0.0007107001081197694,0.48915625,8,16000,8,0.0005122801755172903,0.010401028809686621,0.002090976743452661,0.03493265344943003,0.015625,0.0012341895892082275,0.011558723001079477,0.0018842014083638786,0.009461983101540682,,,False,env_mean_t,True,True,True,0
A,posterior_mean_shrunk,horizon,all,50,,,all,,,False,exploratory,phi_k16_nopolicy,phi_k16,ok,-0.0004388352348505577,-0.001708876559132477,0.0008362151867913775,0.0006556919982024699,0.5040312499999999,8,16000,8,-0.003948158652701503,0.003070488183000388,0.001484093472985023,0.7760438480912425,0.78125,-0.003074117166157086,0.0037982108376268496,-0.002876227070504683,0.002465171652122081,,,False,env_mean_t,True,True,True,0
A,posterior_mean_shrunk,horizon,all,50,,,all,,,False,exploratory,phi_k16_notrunc,phi_k16,ok,-0.0010268217159846243,-0.0016450032587272288,-0.00042743132339637737,0.00030926671208134597,0.5015000000000001,8,16000,8,-0.0022748981530046576,0.00022125472103540905,0.0005278117384524595,0.09278978928129636,0.0625,-0.0037492575946841598,-0.00015730843359252147,-0.002103234261501711,-0.00020409975852817296,,,False,env_mean_t,True,True,True,0
A,posterior_mean_shrunk,horizon,all,50,,,all,,,False,exploratory,phi_k16_onpolicy_only,phi_k16,ok,-0.0027743301678074205,-0.0038335454175239645,-0.0017248672098276075,0.0005431804354166451,0.5042187499999999,8,16000,8,-0.00657690457835077,0.0010282442427359292,0.0016081093678972373,0.1281406148836814,0.125,-0.009844558792547458,8.829056982646855e-05,-0.006036936535159838,-0.00010651750350370995,,,False,env_mean_t,True,True,True,0
A,posterior_mean_shrunk,horizon,all,50,,,all,,,False,exploratory,phi_k16_onpolicy_union,phi_k16,ok,-0.0001780959237548813,-0.0010635916690532098,0.0006902175088725924,0.00045059373622816394,0.5015000000000001,8,16000,8,-0.0018705859818058763,0.0015143941342961138,0.0007157543347155274,0.8106405696982528,0.75,-0.0026993572760685754,0.0011943690860429638,-0.001525102243317269,0.001134552491868817,,,False,env_mean_t,True,True,True,0
A,posterior_mean_shrunk,horizon,all,50,,,all,,,False,exploratory,phi_k16_perstep,phi_k16,ok,-0.009317303553358216,-0.010882553309056676,-0.007740056644070137,0.0007999821131982064,0.5205625,8,16000,8,-0.01701636553783882,-0.0016182415688776111,0.003255934628639034,0.024280663054453738,0.015625,-0.02177586203931973,-0.002881130645474849,-0.015612083591722057,-0.0036663812636958054,,,False,env_mean_t,True,True,True,0
A,posterior_mean_shrunk,horizon,all,50,,,all,,,False,exploratory,phi_k16_quality,phi_k16,ok,-0.00016779893438251747,-0.00044828038057858065,0.0001170025818282736,0.0001445015486206008,0.5002187499999999,8,16000,8,-0.0005901646756356653,0.0002545668068706304,0.0001786185441381002,0.37878838860521424,0.46875,-0.00121577113786063,0.00015316391650342003,-0.0005184622107135511,0.00012677348151191834,,,False,env_mean_t,True,True,True,0
A,posterior_mean_shrunk,horizon,all,50,,,all,,,False,exploratory,phi_k16_tau05,phi_k16,ok,0.0,0.0,0.0,0.0,0.5,8,16000,8,0.0,0.0,0.0,1.0,1.0,0.0,0.0,0.0,0.0,,,False,env_mean_t,True,True,True,0
A,posterior_mean_shrunk,horizon,all,50,,,all,,,False,exploratory,phi_k16_weighted,phi_k16,ok,0.004298196112849836,0.0034837148245060235,0.005115254485394871,0.0004143030545046245,0.4911875,8,16000,8,0.0008811043720044318,0.007715287853695241,0.0014450886810213886,0.020679870395732783,0.03125,0.0011878331903493549,0.008427375637339949,0.001780676666930958,0.0070075333508430055,,,False,env_mean_t,True,True,True,0
A,posterior_mean_shrunk,horizon,all,50,,,all,,,False,exploratory,phi_k4,phi_k16,ok,-0.006785507828972186,-0.008098933132714592,-0.005484575143873372,0.0006662137610265039,0.515125,8,16000,8,-0.012745898880748908,-0.0008251167771954632,0.0025206503941426935,0.030997336600073123,0.0078125,-0.032612719188770053,-0.002740290788472286,-0.011744215248894761,-0.0029279028530436336,,,False,env_mean_t,True,True,True,0
A,posterior_mean_shrunk,horizon,all,50,,,all,,,False,exploratory,phi_reservoir_rule,phi_k16,ok,0.009923108215021785,0.00847743448393885,0.011336273641063599,0.0007378911093000891,0.46771874999999996,8,16000,8,-0.0027588286459612112,0.022605045076004783,0.005363193265247359,0.10673202544154896,0.1015625,-0.005178635972115559,0.022141206319752853,1.5381041809455184e-05,0.019578170537410188,,,False,env_mean_t,True,True,True,0
A,posterior_mean_shrunk,horizon,all,50,,,all,,,False,exploratory,phi_sf_k16,phi_k16,ok,0.0014264034144580364,0.0009575935418297377,0.0018978037334377972,0.00023725182078686725,0.49675,8,16000,8,-0.0009690569338602379,0.003821863762776311,0.0010130405905736269,0.20194590663139564,0.1875,-0.0001647174670496496,0.036653347302375294,-1.5545918606221676e-05,0.00341950000077486,,,False,env_mean_t,True,True,True,0
A,posterior_mean_shrunk,horizon,all,50,,,all,,,False,exploratory,phi_sf_k16_noT1000,phi_k16,ok,0.002609501940722112,0.0018675455643460737,0.0033513456219679935,0.0003790203874396742,0.49534375,8,16000,8,-0.0012838270438551664,0.00650283092529939,0.0016464894927618104,0.15701040586973333,0.1875,-0.00010328427048132997,0.023248680110887147,9.096709825098516e-05,0.005884924050129485,,,False,env_mean_t,True,True,True,0
A,posterior_mean_shrunk,horizon,all,50,,,all,,,False,exploratory,power_a0.25,phi_k16,ok,0.0028406284718912505,0.0011682454529363903,0.004442868621663365,0.0008406954547908463,0.4951875,8,16000,8,-0.003867221882530569,0.00954847882631307,0.0028367510609364206,0.35000015722097233,0.328125,-0.005090255563305088,0.008703476671426649,-0.0024275915552485457,0.007889535110159974,,,False,env_mean_t,True,True,True,0
A,posterior_mean_shrunk,horizon,all,50,,,all,,,False,exploratory,power_a0.33,phi_k16,ok,0.002976294864160081,0.0012779311604390392,0.004639851368847303,0.0008578831127879524,0.48965625,8,16000,8,-0.0041535035688369274,0.01010609329715709,0.0030151929754566533,0.3564769914529129,0.3671875,-0.00916190039906781,0.008313077098493441,-0.002966852794372244,0.007981588525348342,,,False,env_mean_t,True,True,True,0
A,posterior_mean_shrunk,horizon,all,50,,,all,,,False,exploratory,power_a0.5,phi_k16,ok,0.004041199900933862,0.002364213882719923,0.005689051722765725,0.00084808188287634,0.49053125000000003,8,16000,8,-0.002821221030553693,0.010903620832421416,0.0029021189843862535,0.20640252524682023,0.1796875,-0.006079892835367186,0.010177241745444786,-0.0014877272024496051,0.009196059618813158,,,False,env_mean_t,True,True,True,0
A,posterior_mean_shrunk,horizon,all,50,,,all,,,False,exploratory,power_a0.67,phi_k16,ok,0.006725816461123031,0.004989566770382226,0.008489372900658054,0.000880917221751733,0.47584375,8,16000,8,-0.0012022321935702598,0.014653865115816322,0.0033527731305948707,0.08485926891964853,0.09375,-0.004061189343217784,0.013239053682673226,7.270246565894913e-05,0.012399183827361411,,,False,env_mean_t,True,True,True,0
A,posterior_mean_shrunk,horizon,all,50,,,all,,,False,exploratory,refine_after_init,phi_k16,ok,0.023377547673435403,0.02105274662580996,0.025736828453591442,0.0011906804447137408,0.4610625,8,16000,8,-0.00374144962526057,0.05049654497213138,0.011468628590960667,0.08090477564127832,0.0078125,0.003908811381537428,0.12193758547371739,0.005525548872010678,0.046338393025485855,,,False,env_mean_t,True,True,True,0
A,posterior_mean_shrunk,horizon,all,50,,,all,,,False,exploratory,rule_reservoir,phi_k16,ok,0.02443678387127511,0.022243668504233937,0.02666634513370809,0.0011220560078269107,0.43906249999999997,8,16000,8,0.009583388271404963,0.039290179471145256,0.006281503536921382,0.005973264092248277,0.015625,0.003234244943565324,0.03750256795755963,0.012759339861924674,0.03546739857233114,,,False,env_mean_t,True,True,True,0
A,posterior_mean_shrunk,horizon,all,50,,,all,,,False,exploratory,uniform,phi_k16,ok,0.015183040107422129,0.013397969611833106,0.016989628128067126,0.000925431566234942,0.45984375,8,16000,8,0.007626691539841111,0.022739388675003146,0.003195581100249288,0.0020804632681144753,0.0078125,0.006051524848170389,0.02215604289708067,0.009285421731801942,0.02092942713216034,,,False,env_mean_t,True,True,True,0
A,posterior_mean_shrunk,horizon,all,100,,,all,,,False,exploratory,always_search,cp0,ok,-0.029619128009013368,-0.03201819806126877,-0.02722350128897233,0.001226531584681868,0.54296875,8,16000,8,-0.07505648256390043,0.015818226545873698,0.019215465004336726,0.16711584363026397,0.1875,-0.11435195149408679,0.005597091767559299,-0.06690915390371809,0.001947897071873735,,,False,env_mean_t,True,True,True,0
A,posterior_mean_shrunk,horizon,all,100,,,all,,,False,exploratory,fixed_K16,cp0,ok,-0.024334848374070135,-0.025935331714572383,-0.022715719125699252,0.0008288747235979504,0.5634375,8,16000,8,-0.041616615363127676,-0.007053081385012597,0.007308462212301483,0.012596581966909784,0.0078125,-0.0854376355409337,-0.011321851345495333,-0.03869721480895532,-0.012233712907128946,,,False,env_mean_t,True,True,True,0
A,posterior_mean_shrunk,horizon,all,100,,,all,,,False,exploratory,p3_star,cp0,ok,-0.03652387198377983,-0.03866672233270947,-0.034385683963773776,0.0010971599503460455,0.5798125000000001,8,16000,8,-0.07134725984136026,-0.0017004841261994072,0.014726816674625486,0.04220437934462232,0.0078125,-0.15672750281077183,-0.010175612236935524,-0.0659498735966277,-0.012223923941608518,,,False,env_mean_t,True,True,True,0
A,posterior_mean_shrunk,horizon,all,100,,,all,,,False,exploratory,phi_k1,cp0,ok,-0.04350771059346152,-0.045818661124212665,-0.041217013070127,0.0011762727230682033,0.5926875,8,16000,8,-0.08469714740170325,-0.0023182737852197877,0.017419019863514042,0.041129637021048056,0.0078125,-0.1968214577219065,-0.011675924322025036,-0.0788355102360365,-0.01550066279026797,,,False,env_mean_t,True,True,True,0
A,posterior_mean_shrunk,horizon,all,100,,,all,,,False,exploratory,phi_k16_all71,cp0,ok,-0.04060945820220513,-0.042835698535782285,-0.038393338363675866,0.001133170878561956,0.59065625,8,16000,8,-0.07842133458593545,-0.002797581818474816,0.01599064898292431,0.03868799786576006,0.0078125,-0.1968646040505738,-0.012091259808087944,-0.07278275261666858,-0.014836331970785977,,,False,env_mean_t,True,True,True,0
A,posterior_mean_shrunk,horizon,all,100,,,all,,,False,exploratory,phi_k16_clock,cp0,ok,-0.03728929092022008,-0.039391812050598676,-0.03519974338123575,0.0010838688280560534,0.5844375,8,16000,8,-0.0720541444832852,-0.002524437357154956,0.014702062511474252,0.03887178066284841,0.0078125,-0.1805049155908633,-0.01015259737754471,-0.06827946048025041,-0.01332786277186824,,,False,env_mean_t,True,True,True,0
A,posterior_mean_shrunk,horizon,all,100,,,all,,,False,exploratory,phi_k16_cs,cp0,ok,-0.040631817906338255,-0.04285076966625638,-0.03841123838792555,0.0011298125271998905,0.59071875,8,16000,8,-0.07803147230046281,-0.0032321635122136982,0.015816320233090975,0.03706294409427524,0.0078125,-0.19156489070339044,-0.012149587248063028,-0.07234960479731088,-0.015117938565352233,,,False,env_mean_t,True,True,True,0
A,posterior_mean_shrunk,horizon,all,100,,,all,,,False,exploratory,phi_k16_famA_only,cp0,ok,-0.03805582246487029,-0.04018764742650092,-0.036002272318000905,0.0010702224953245477,0.58740625,8,16000,8,-0.07236950996194205,-0.003742134967798523,0.014511264305082915,0.03428423474967256,0.0078125,-0.1813430605705111,-0.012412762682506875,-0.06719555807701545,-0.014612288498406996,,,False,env_mean_t,True,True,True,0
A,posterior_mean_shrunk,horizon,all,100,,,all,,,False,exploratory,phi_k16_famB_only,cp0,ok,-0.04045553357637255,-0.04266725435445551,-0.03826113919203635,0.0011281064900917565,0.5898749999999999,8,16000,8,-0.07826929377510608,-0.0026417733776390104,0.01599144564861103,0.039243071010777224,0.0078125,-0.20366047908661142,-0.012255126705439847,-0.0724834743112442,-0.014871486024407205,,,False,env_mean_t,True,True,True,0
A,posterior_mean_shrunk,horizon,all,100,,,all,,,False,exploratory,phi_k16_guard,cp0,ok,-0.036238102884381077,-0.03824288886680734,-0.03424836257618154,0.0010316969970406264,0.585375,8,16000,8,-0.06862854408733171,-0.003847661681430449,0.013697923118708098,0.03315672759031083,0.0078125,-0.18604202311197182,-0.011545280878523224,-0.06359519536538281,-0.014122119952080538,,,False,env_mean_t,True,True,True,0
A,posterior_mean_shrunk,horizon,all,100,,,all,,,False,exploratory,phi_k16_hgb,cp0,ok,-0.038844214112788905,-0.04110381177451927,-0.036579673581582026,0.001151651096093756,0.5819062500000001,8,16000,8,-0.07793271576835481,0.00024428754277699277,0.0165305340284979,0.05109904090428638,0.0078125,-0.1798002897764369,-0.009549733519872428,-0.07133869159902678,-0.012524481687141816,,,False,env_mean_t,True,True,True,0
A,posterior_mean_shrunk,horizon,all,100,,,all,,,False,exploratory,phi_k16_lucb,cp0,ok,-0.0406399951991043,-0.04282660192693584,-0.03842354427324608,0.0011306256458628397,0.5898125000000001,8,16000,8,-0.07857957212146338,-0.002700418276745227,0.016044653562528342,0.03906531968321343,0.0078125,-0.21004665909707512,-0.012251309127831178,-0.07279026284979845,-0.015183702403770441,,,False,env_mean_t,True,True,True,0
A,posterior_mean_shrunk,horizon,all,100,,,all,,,False,exploratory,phi_k16_noT1000,cp0,ok,-0.0403253644934739,-0.04259709722682601,-0.03803528705611825,0.001158749692401415,0.5871875,8,16000,8,-0.07802510628029816,-0.0026256227066496496,0.01594322724273429,0.03927251968013736,0.0078125,-0.1728341526428198,-0.01154423411350414,-0.07286642154716537,-0.01501336381103829,,,False,env_mean_t,True,True,True,0
A,posterior_mean_shrunk,horizon,all,100,,,all,,,False,exploratory,phi_k16_noT200,cp0,ok,-0.041827346573525576,-0.044063532378640954,-0.03959744513704209,0.0011403058420648598,0.59240625,8,16000,8,-0.08069232891316919,-0.0029623642338819575,0.016436007671605586,0.038390571754136495,0.0078125,-0.193491876259277,-0.013678242438545669,-0.07398667507543069,-0.015596519186889056,,,False,env_mean_t,True,True,True,0
A,posterior_mean_shrunk,horizon,all,100,,,all,,,False,exploratory,phi_k16_noambig,cp0,ok,-0.04179884629038861,-0.04411854874197161,-0.03953792858956149,0.0011648080385845362,0.5911875,8,16000,8,-0.08047405708671684,-0.0031236354940603686,0.016355753253514616,0.037793180722501346,0.0078125,-0.1798147543056611,-0.013371693236223236,-0.07404690719762584,-0.015683855477516773,,,False,env_mean_t,True,True,True,0
A,posterior_mean_shrunk,horizon,all,100,,,all,,,False,exploratory,phi_k16_nopolicy,cp0,ok,-0.03875284116211697,-0.04091898233164102,-0.03668111898005009,0.0010829501249603683,0.590125,8,16000,8,-0.07371159601141622,-0.0037940863128177182,0.014784063398551135,0.034346321683507396,0.0078125,-0.1771936029405476,-0.013625951242128058,-0.0666267243137743,-0.01485769323773057,,,False,env_mean_t,True,True,True,0
A,posterior_mean_shrunk,horizon,all,100,,,all,,,False,exploratory,phi_k16_notrunc,cp0,ok,-0.040845663710439115,-0.04307296045008115,-0.03862806343677221,0.001140642110654557,0.5907500000000001,8,16000,8,-0.07884403624722157,-0.0028472911736566603,0.016069518237913354,0.0385619460956817,0.0078125,-0.1884554042412384,-0.011816095800669973,-0.0729220909185824,-0.01504963042086456,,,False,env_mean_t,True,True,True,0
A,posterior_mean_shrunk,horizon,all,100,,,all,,,False,exploratory,phi_k16_onpolicy_only,cp0,ok,-0.04131869245757115,-0.043601661401044114,-0.03903923692269018,0.001165701017061469,0.5866250000000001,8,16000,8,-0.08157608223161937,-0.0010613026835229328,0.01702485701351126,0.04562347135175122,0.0078125,-0.17451957129768586,-0.012073807412424729,-0.07447375319417915,-0.014177760250982828,,,False,env_mean_t,True,True,True,0
A,posterior_mean_shrunk,horizon,all,100,,,all,,,False,exploratory,phi_k16_onpolicy_union,cp0,ok,-0.04234317101113265,-0.04456488041032571,-0.040095084314816634,0.0011417072717592254,0.59365625,8,16000,8,-0.08177214410760839,-0.00291419791465692,0.016674519459028987,0.038698258873927485,0.0078125,-0.1930702628241261,-0.01401335530620286,-0.07479328001362155,-0.01586537191871321,,,False,env_mean_t,True,True,True,0
A,posterior_mean_shrunk,horizon,all,100,,,all,,,False,exploratory,phi_k16_perstep,cp0,ok,-0.041620766803796866,-0.04375264088448603,-0.03941687878832454,0.0011215044210767704,0.5898749999999999,8,16000,8,-0.08104579649483232,-0.0021957371127614214,0.01667285179219455,0.041213584617429695,0.0078125,-0.175065575714086,-0.01304386137873953,-0.0747535161927517,-0.01505667392497344,,,False,env_mean_t,True,True,True,0
A,posterior_mean_shrunk,horizon,all,100,,,all,,,False,exploratory,phi_k16_quality,cp0,ok,-0.041176927429798525,-0.04340310657862574,-0.038977432012325154,0.0011280540570787173,0.59096875,8,16000,8,-0.07915018094170695,-0.0032036739178901014,0.016058895398002482,0.03732662419778098,0.0078125,-0.1966857838832,-0.013118954847416119,-0.07280774415776832,-0.015428198529073452,,,False,env_mean_t,True,True,True,0
A,posterior_mean_shrunk,horizon,all,100,,,all,,,False,exploratory,phi_k16_tau05,cp0,ok,-0.04059041918179719,-0.042810406477656215,-0.03836895789427217,0.0011298672019610235,0.590625,8,16000,8,-0.0780600609785699,-0.0031207773850244758,0.015845917917628388,0.03746572953937139,0.0078125,-0.18905838139731723,-0.012817475796976629,-0.07223731975333066,-0.015304688701668057,,,False,env_mean_t,True,True,True,0
A,posterior_mean_shrunk,horizon,all,100,,,all,,,False,exploratory,phi_k16_weighted,cp0,ok,-0.0398688843260461,-0.042109915424953216,-0.03769149879954057,0.0011356356645097934,0.58728125,8,16000,8,-0.07667717006848948,-0.0030605985836027194,0.015566230329258333,0.037483625306903176,0.0078125,-0.18609577157869034,-0.012092035354053978,-0.07075054032873596,-0.014645658743509558,,,False,env_mean_t,True,True,True,0
A,posterior_mean_shrunk,horizon,all,100,,,all,,,False,exploratory,phi_k4,cp0,ok,-0.043557689600333106,-0.04579515300574712,-0.04130493989650859,0.0011665219881115251,0.59190625,8,16000,8,-0.08488909273017432,-0.0022262864704918894,0.017479057445173734,0.04147539306768855,0.0078125,-0.19650529133258882,-0.012249473541716537,-0.07822777595171354,-0.015452415722876324,,,False,env_mean_t,True,True,True,0
A,posterior_mean_shrunk,horizon,all,100,,,all,,,False,exploratory,phi_reservoir_rule,cp0,ok,-0.031557525168202115,-0.03373392929424881,-0.02937509529529052,0.0011327576296822485,0.5563437499999999,8,16000,8,-0.07126455299980222,0.008149502663397992,0.016792108854019366,0.10226998612200018,0.109375,-0.12913540210116178,-0.0004893039580675003,-0.06477458136325004,-0.0034274777975806642,,,False,env_mean_t,True,True,True,0
A,posterior_mean_shrunk,horizon,all,100,,,all,,,False,exploratory,phi_sf_k16,cp0,ok,-0.04213984723197063,-0.04446870029787533,-0.03984240625286475,0.001165012128694473,0.5918125,8,16000,8,-0.08189791436508957,-0.0023817800988516907,0.016813693383351862,0.04061723708730536,0.0078125,-0.19038315722861643,-0.01302814353501255,-0.07471700579094685,-0.015079489121009829,,,False,env_mean_t,True,True,True,0
A,posterior_mean_shrunk,horizon,all,100,,,all,,,False,exploratory,phi_sf_k16_noT1000,cp0,ok,-0.039811918628809506,-0.04200851641362533,-0.03761282214836683,0.0011280806791813534,0.58871875,8,16000,8,-0.07667692072437601,-0.0029469165332429922,0.015590215684684222,0.037901288209803916,0.0078125,-0.20864991456842302,-0.012125980868593636,-0.07078307471253499,-0.014655558817816203,,,False,env_mean_t,True,True,True,0
A,posterior_mean_shrunk,horizon,all,100,,,all,,,False,exploratory,power_a0.25,cp0,ok,-0.036425152093725044,-0.038627711991284744,-0.03424621645026491,0.0011233213806269254,0.57821875,8,16000,8,-0.07196603880886882,-0.0008842653785812726,0.015030247064075332,0.045858870167921624,0.0078125,-0.14004693366817209,-0.009030989460449137,-0.0663563048530421,-0.011419333224825096,,,False,env_mean_t,True,True,True,0
A,posterior_mean_shrunk,horizon,all,100,,,all,,,False,exploratory,power_a0.33,cp0,ok,-0.03652387198377983,-0.03866672233270947,-0.034385683963773776,0.0010971599503460455,0.5798125000000001,8,16000,8,-0.07134725984136026,-0.0017004841261994072,0.014726816674625486,0.04220437934462232,0.0078125,-0.15775891218791538,-0.01028704909710472,-0.06571101496642223,-0.012200259421179364,,,False,env_mean_t,True,True,True,0
A,posterior_mean_shrunk,horizon,all,100,,,all,,,False,exploratory,power_a0.5,cp0,ok,-0.03509262733624201,-0.03726403273612959,-0.03293868614600797,0.0011122392857973234,0.57284375,8,16000,8,-0.07007664213129186,-0.00010861254119214764,0.014794745833924787,0.04946303007448961,0.0078125,-0.14050196439540774,-0.009276982982073398,-0.06322900269791717,-0.010690687399496529,,,False,env_mean_t,True,True,True,0
A,posterior_mean_shrunk,horizon,all,100,,,all,,,False,exploratory,power_a0.67,cp0,ok,-0.03365496111565153,-0.03583417950239891,-0.03152253740809101,0.0010986456461944969,0.57059375,8,16000,8,-0.06790328570243233,0.000593363471129274,0.014483622319153462,0.05310769756097578,0.0078125,-0.14465213928112516,-0.008436707929988602,-0.0614118227531435,-0.009620750319012605,,,False,env_mean_t,True,True,True,0
A,posterior_mean_shrunk,horizon,all,100,,,all,,,False,exploratory,refine_after_init,cp0,ok,0.006410839490185026,0.005479321569873718,0.007331085084297228,0.0004678518657693502,0.4839375,8,16000,8,0.00186744492394267,0.010954234056427382,0.0019214023383131494,0.012478654447332647,0.0078125,0.0028485039661141592,0.01680185440634003,0.0032055011086529707,0.010162511417255882,,,False,env_mean_t,True,True,True,0
A,posterior_mean_shrunk,horizon,all,100,,,all,,,False,exploratory,rule_reservoir,cp0,ok,-0.01916061552450992,-0.02115187107992824,-0.017170413793064655,0.0010259281560656365,0.5311874999999999,8,16000,8,-0.0500031461149337,0.011681915065913859,0.013043311456206456,0.1852859426995665,0.21875,-0.06263401818715239,0.006799867741220458,-0.044445321857037194,0.0030931879818147895,,,False,env_mean_t,True,True,True,0
A,posterior_mean_shrunk,horizon,all,100,,,all,,,False,exploratory,uniform,cp0,ok,-0.022795606737548952,-0.02517227630596608,-0.020459584589116276,0.001188247807755204,0.5307187499999999,8,16000,8,-0.06098152645091963,0.015390312975821722,0.01614883197093537,0.20093920143114227,0.2734375,-0.10793752622425329,0.00633353172552097,-0.053525344279279664,0.003992612857662607,,,False,env_mean_t,True,True,True,0
A,posterior_mean_shrunk,horizon,all,100,,,all,,,False,exploratory,always_search,p3_star,ok,0.006904743974766461,0.0049537886096004515,0.008870399351872038,0.0010124045901083833,0.46834375,8,16000,8,-0.0068963375480908555,0.020705825497623776,0.00583647973396241,0.27541375673826746,0.265625,-0.014897380381187111,0.017537251366847195,-0.004284736322973906,0.016695703761289028,,,False,env_mean_t,True,True,True,0
A,posterior_mean_shrunk,horizon,all,100,,,all,,,False,exploratory,cp0,p3_star,ok,0.03652387198377983,0.034385683963773776,0.03866672233270947,0.0010971599503460455,0.4201875,8,16000,8,0.0017004841261994072,0.07134725984136026,0.014726816674625486,0.04220437934462232,0.0078125,0.009652346621743975,0.15759620717041303,0.012075345965260931,0.06664388551563025,,,False,env_mean_t,True,True,True,0
A,posterior_mean_shrunk,horizon,all,100,,,all,,,False,exploratory,fixed_K16,p3_star,ok,0.012189023609709693,0.010287322740714444,0.014108570905113993,0.0009719110847428057,0.48131250000000003,8,16000,8,-0.005450492259055202,0.029828539478474587,0.007459754274651932,0.14628180844905705,0.1484375,-0.0015934769657777858,0.05535819467709283,-0.00017847776235430492,0.027155903401696546,,,False,env_mean_t,True,True,True,0
A,posterior_mean_shrunk,horizon,all,100,,,all,,,False,exploratory,phi_k1,p3_star,ok,-0.0069838386096816975,-0.008699504049582174,-0.0052900559669069504,0.0008844749066515297,0.5174687499999999,8,16000,8,-0.014170976209184633,0.0002032989898212382,0.0030394417187685364,0.05517476104391028,0.015625,-0.030233192560221667,-0.002237527751324701,-0.012964010579045861,-0.0023940593217805146,,,False,env_mean_t,True,True,True,0
A,posterior_mean_shrunk,horizon,all,100,,,all,,,False,exploratory,phi_k16_all71,p3_star,ok,-0.004085586218425305,-0.00568367898267752,-0.002449482008796622,0.0008255319568900118,0.51309375,8,16000,8,-0.00922542787433089,0.001054255437480279,0.0021736399144360653,0.1022250711827699,0.078125,-0.010058628511948435,-0.00019789874994782753,-0.008548095185513374,-0.00041686586574360423,,,False,env_mean_t,True,True,True,0
A,posterior_mean_shrunk,horizon,all,100,,,all,,,False,exploratory,phi_k16_clock,p3_star,ok,-0.0007654189364402554,-0.0015264891922925014,-5.787489044451085e-06,0.00038219513716880637,0.5045937500000001,8,16000,8,-0.002280064056311193,0.0007492261834306824,0.0006405436799739705,0.2710164046523993,0.265625,-0.0021881267547708026,0.0008883195421335797,-0.0019329581226978914,0.0004395762835047208,,,False,env_mean_t,True,True,True,0
A,posterior_mean_shrunk,horizon,all,100,,,all,,,False,exploratory,phi_k16_cs,p3_star,ok,-0.004107945922558429,-0.0057624022039817644,-0.002428842454219194,0.0008427068529929484,0.5129062499999999,8,16000,8,-0.009393115776920345,0.0011772239318034857,0.0022350992343928996,0.10867510007073407,0.078125,-0.01128545857844962,-0.0003308568606706238,-0.008467655727596864,-0.00042493954405654227,,,False,env_mean_t,True,True,True,0
A,posterior_mean_shrunk,horizon,all,100,,,all,,,False,exploratory,phi_k16_famA_only,p3_star,ok,-0.001531950481090462,-0.0029135283732102833,-0.00015699187800919515,0.000700243178875617,0.5078750000000001,8,16000,8,-0.005759319337703312,0.0026954183755223886,0.001787755011717123,0.41985878450965136,0.3984375,-0.0052674415325723815,0.0038511091365532614,-0.004617095679306658,0.0017682847837168078,,,False,env_mean_t,True,True,True,0
A,posterior_mean_shrunk,horizon,all,100,,,all,,,False,exploratory,phi_k16_famB_only,p3_star,ok,-0.0039316615925927174,-0.005637170636941846,-0.002231437326418018,0.0008540760069533887,0.512375,8,16000,8,-0.009907358153248301,0.002044034968062866,0.0025271230964625446,0.163711872308162,0.1171875,-0.01206708968050353,0.0004156638467737641,-0.009027871774509548,0.0002567297160567246,,,False,env_mean_t,True,True,True,0
A,posterior_mean_shrunk,horizon,all,100,,,all,,,False,exploratory,phi_k16_guard,p3_star,ok,0.00028576909939874873,-0.0010117237691702025,0.001603893389119548,0.0006658546820158207,0.50575,8,16000,8,-0.0044544542940414865,0.005025992492838984,0.0020046412829637836,0.8906590915218285,0.8984375,-0.003897740684561655,0.005688326513810587,-0.003191300995182246,0.00399801514237915,,,False,env_mean_t,True,True,True,0
A,posterior_mean_shrunk,horizon,all,100,,,all,,,False,exploratory,phi_k16_hgb,p3_star,ok,-0.0023203421290090773,-0.004023020862678095,-0.0006120196205301914,0.0008731739777454905,0.5045625,8,16000,8,-0.008925281675424952,0.004284597417406797,0.0027932300626481617,0.43355759990752396,0.6640625,-0.014728988459157249,0.00200996219223007,-0.008188524185592542,0.0015806832593778337,,,False,env_mean_t,True,True,True,0
A,posterior_mean_shrunk,horizon,all,100,,,all,,,False,exploratory,phi_k16_lucb,p3_star,ok,-0.004116123215324478,-0.0058019303418404885,-0.002425820034295612,0.0008501971415039426,0.51246875,8,16000,8,-0.009976688997662193,0.0017444425670132373,0.0024784342706415637,0.1407159094123833,0.1015625,-0.011466130435532247,0.000218059631139092,-0.009168218910565337,4.692098693340077e-05,,,False,env_mean_t,True,True,True,0
A,posterior_mean_shrunk,horizon,all,100,,,all,,,False,exploratory,phi_k16_noT1000,p3_star,ok,-0.0038014925096940717,-0.005513646609142597,-0.0020245294283085975,0.000887119622497281,0.512125,8,16000,8,-0.010444572791366858,0.002841587771978715,0.0028093597861047408,0.2180774182807542,0.203125,-0.013200161995927794,0.0010392392712762193,-0.009547552394423833,0.0007164668799414347,,,False,env_mean_t,True,True,True,0
A,posterior_mean_shrunk,horizon,all,100,,,all,,,False,exploratory,phi_k16_noT200,p3_star,ok,-0.005303474589745747,-0.007013379733871261,-0.0036015429118378965,0.000864011462197964,0.51528125,8,16000,8,-0.011708349427522836,0.0011014002480313418,0.0027086226631833103,0.09108813497872754,0.03125,-0.016294474920075592,-0.0009609215980993452,-0.01098631874442799,-0.0012153714695596137,,,False,env_mean_t,True,True,True,0
A,posterior_mean_shrunk,horizon,all,100,,,all,,,False,exploratory,phi_k16_noambig,p3_star,ok,-0.005274974306608783,-0.007003712238656589,-0.003510785944808959,0.00088282659272215,0.5165312500000001,8,16000,8,-0.011700092997353258,0.0011501443841356917,0.0027171837920619258,0.09335078637686725,0.0390625,-0.01753805137605777,-0.0010932960298335077,-0.010860614604025612,-0.0013235080299884437,,,False,env_mean_t,True,True,True,0
A,posterior_mean_shrunk,horizon,all,100,,,all,,,False,exploratory,phi_k16_nopolicy,p3_star,ok,-0.0022289691783371384,-0.003451995204159175,-0.000999787844898494,0.000629410056166201,0.511,8,16000,8,-0.005302995015528464,0.0008450566588541876,0.0013000060517524919,0.13013890444562767,0.1484375,-0.005377126142089099,0.0011204092717691013,-0.004581456260813866,0.00020472914475249125,,,False,env_mean_t,True,True,True,0
A,posterior_mean_shrunk,horizon,all,100,,,all,,,False,exploratory,phi_k16_notrunc,p3_star,ok,-0.004321791726659285,-0.005909584378241561,-0.002713071425432645,0.0008182647327177875,0.5134375,8,16000,8,-0.009233056477543833,0.0005894730242252625,0.0020769747022497866,0.07599409477634933,0.0546875,-0.010095833660397888,-0.000624748860076282,-0.008340055262018722,-0.0007949795859007291,,,False,env_mean_t,True,True,True,0
A,posterior_mean_shrunk,horizon,all,100,,,all,,,False,exploratory,phi_k16_onpolicy_only,p3_star,ok,-0.004794820473791333,-0.006545028652908513,-0.003030429900536547,0.000895732879965023,0.512625,8,16000,8,-0.012216992833456695,0.0026273518858740278,0.0031388379589974476,0.17045775403183172,0.078125,-0.020713139233429,-0.00010429114778144535,-0.011279128580530233,-0.0005092258115953887,,,False,env_mean_t,True,True,True,0
A,posterior_mean_shrunk,horizon,all,100,,,all,,,False,exploratory,phi_k16_onpolicy_union,p3_star,ok,-0.005819299027352827,-0.0075168844876770885,-0.004082053815363907,0.0008682683123562771,0.5172812500000001,8,16000,8,-0.01244193772875323,0.0008033396740475766,0.0028007150383150595,0.07633374282787568,0.0234375,-0.0174486696286011,-0.0013451139128643902,-0.011748267067031701,-0.0017339788094395772,,,False,env_mean_t,True,True,True,0
A,posterior_mean_shrunk,horizon,all,100,,,all,,,False,exploratory,phi_k16_perstep,p3_star,ok,-0.005096894820017042,-0.006847490821610336,-0.0032875081980819234,0.0009111480983316088,0.51028125,8,16000,8,-0.012879357427961959,0.002685567787927873,0.0032912047665512763,0.1653968900240332,0.0859375,-0.021834250183560704,-2.9313907628960266e-05,-0.011977128931871993,-0.000449258854966322,,,False,env_mean_t,True,True,True,0
A,posterior_mean_shrunk,horizon,all,100,,,all,,,False,exploratory,phi_k16_quality,p3_star,ok,-0.004653055446018697,-0.00635731819747889,-0.002944647869298935,0.0008628306195353662,0.5135624999999999,8,16000,8,-0.010736290051400163,0.001430179159362768,0.0025726009539502387,0.11343105444054982,0.078125,-0.01370309628526496,-0.0005404382205292093,-0.00992086478940473,-0.0006265757679982928,,,False,env_mean_t,True,True,True,0
A,posterior_mean_shrunk,horizon,all,100,,,all,,,False,exploratory,phi_k16_tau05,p3_star,ok,-0.0040665471980173605,-0.005716041720938847,-0.0023855342587921777,0.0008423994800035997,0.51271875,8,16000,8,-0.009465634294258844,0.0013325398982241233,0.002283274855446788,0.11811951262640871,0.1015625,-0.011398089662912916,-0.00017551619369136733,-0.008649556956253945,-0.00037752044528169845,,,False,env_mean_t,True,True,True,0
A,posterior_mean_shrunk,horizon,all,100,,,all,,,False,exploratory,phi_k16_weighted,p3_star,ok,-0.003345012342266273,-0.005024240147577075,-0.0016633190538414056,0.0008510290796910501,0.5116562499999999,8,16000,8,-0.008165978369914596,0.001475953685382051,0.0020387873567654464,0.14486818832033962,0.125,-0.00904148052549507,0.0006801431064739428,-0.007262563441647217,0.00013440898492917606,,,False,env_mean_t,True,True,True,0
A,posterior_mean_shrunk,horizon,all,100,,,all,,,False,exploratory,phi_k4,p3_star,ok,-0.007033817616553278,-0.00873285265688537,-0.005283329539543047,0.000872418782397405,0.51771875,8,16000,8,-0.014719611188068325,0.0006519759549617676,0.003250323414528961,0.0672062171200052,0.03125,-0.023472181777967813,-0.001779307959199095,-0.013753110270449542,-0.002159006144748128,,,False,env_mean_t,True,True,True,0
A,posterior_mean_shrunk,horizon,all,100,,,all,,,False,exploratory,phi_reservoir_rule,p3_star,ok,0.004966346815577709,0.0036774284405964868,0.00625301809877783,0.0006552083499438855,0.48121875000000003,8,16000,8,-0.0005952100127474338,0.010527903643902851,0.0023519833329032893,0.07262127237169401,0.0859375,-0.0011211613643578163,0.010371727559649371,0.000704821649938822,0.009205775708949659,,,False,env_mean_t,True,True,True,0
A,posterior_mean_shrunk,horizon,all,100,,,all,,,False,exploratory,phi_sf_k16,p3_star,ok,-0.005615975248190807,-0.007271603200541676,-0.003929203332882025,0.0008564818546660057,0.5156875000000001,8,16000,8,-0.012082234449428941,0.0008502839530473271,0.002734582120978644,0.07909878180756152,0.0234375,-0.016850974703752495,-0.0013575456163242997,-0.011205277936300263,-0.0014440860458416866,,,False,env_mean_t,True,True,True,0
A,posterior_mean_shrunk,horizon,all,100,,,all,,,False,exploratory,phi_sf_k16_noT1000,p3_star,ok,-0.00328804664502968,-0.004894735223933821,-0.0016446408679257737,0.0008252059111915464,0.51071875,8,16000,8,-0.00824607582185475,0.0016699825317953894,0.0020967513859698416,0.160830216109958,0.15625,-0.008368530207824845,0.0010341551983728495,-0.007158807003695982,0.0004786070824869955,,,False,env_mean_t,True,True,True,0
A,posterior_mean_shrunk,horizon,all,100,,,all,,,False,exploratory,power_a0.25,p3_star,ok,9.871989005478098e-05,-0.0009198088292123429,0.0011374578455274774,0.0005252298274720284,0.4973125,8,16000,8,-0.001198477347885496,0.0013959171279950577,0.0005485849335540306,0.8622875150573139,0.84375,-0.0014436408999115218,0.0012538395167752743,-0.0009207406859088221,0.0010635738904573372,,,False,env_mean_t,True,True,True,0
A,posterior_mean_shrunk,horizon,all,100,,,all,,,False,exploratory,power_a0.33,p3_star,ok,0.0,0.0,0.0,0.0,0.5,8,16000,8,0.0,0.0,0.0,1.0,1.0,0.0,0.0,0.0,0.0,,,False,env_mean_t,True,True,True,0
A,posterior_mean_shrunk,horizon,all,100,,,all,,,False,exploratory,power_a0.5,p3_star,ok,0.0014312446475378236,0.0006109882797318281,0.00226179004594087,0.00042012098613398644,0.49253125,8,16000,8,0.0006627989475865965,0.002199690347489051,0.0003249758178000631,0.003140978334620922,0.015625,0.0003038831606502134,0.001992768259406082,0.0007735693308641204,0.0019428910193644696,,,False,env_mean_t,True,True,True,0
A,posterior_mean_shrunk,horizon,all,100,,,all,,,False,exploratory,power_a0.67,p3_star,ok,0.002868910868128296,0.002174993482401533,0.00356637346703792,0.00035504574785971915,0.48915625000000007,8,16000,8,0.0017642947163893183,0.003973527019867274,0.0004671423592965862,0.00047149388899984647,0.0078125,0.0021452042339411793,0.005118053768999299,0.0021918877100106328,0.0038459671757882456,,,False,env_mean_t,True,True,True,0
A,posterior_mean_shrunk,horizon,all,100,,,all,,,False,exploratory,refine_after_init,p3_star,ok,0.042934711473964854,0.04076250648504356,0.0451183619123185,0.0011189324092690806,0.40709375000000003,8,16000,8,0.003721170061025937,0.08214825288690378,0.016583413363254276,0.03599637552897955,0.0078125,0.013353523271713071,0.1614639195271988,0.015900851000996776,0.07681051315400027,,,False,env_mean_t,True,True,True,0
A,posterior_mean_shrunk,horizon,all,100,,,all,,,False,exploratory,rule_reservoir,p3_star,ok,0.017363256459269907,0.015549844961060443,0.019164885387726826,0.0009266538177382097,0.45196875000000003,8,16000,8,0.007781280254699947,0.026945232663839868,0.004052219374014984,0.003633514659021192,0.015625,0.006311723584891495,0.026318446648346466,0.009825789043739496,0.02446015871363488,,,False,env_mean_t,True,True,True,0
A,posterior_mean_shrunk,horizon,all,100,,,all,,,False,exploratory,uniform,p3_star,ok,0.013728265246230876,0.012059280768517056,0.015504409071218106,0.0008767425794544499,0.452875,8,16000,8,0.0071768120289173835,0.020279718463544368,0.0027706106849325037,0.001646969093413376,0.0078125,0.005485478946196297,0.019301740623313607,0.00845232943129595,0.018499286180300258,,,False,env_mean_t,True,True,True,0
A,posterior_mean_shrunk,horizon,all,100,,,all,,,False,exploratory,always_search,phi_k16,ok,0.010971291172783823,0.009459911768499297,0.012480907698409281,0.000768218891592823,0.4543125,8,16000,8,-0.0008477236506412578,0.022790305996208904,0.004998263388131931,0.06420118024647058,0.078125,-0.0017309039801225619,0.023000419160025584,0.0018379563949827641,0.020119491408881727,,,False,env_mean_t,True,True,True,0
A,posterior_mean_shrunk,horizon,all,100,,,all,,,False,exploratory,cp0,phi_k16,ok,0.04059041918179719,0.03836895789427217,0.042810406477656215,0.0011298672019610235,0.409375,8,16000,8,0.0031207773850244758,0.0780600609785699,0.015845917917628388,0.03746572953937139,0.0078125,0.012512123409782562,0.1890588894618243,0.015225024106607457,0.07264754609735971,,,False,env_mean_t,True,True,True,0
A,posterior_mean_shrunk,horizon,all,100,,,all,,,False,exploratory,fixed_K16,phi_k16,ok,0.016255570807727056,0.014237738698102477,0.01822381005921443,0.0010142493643585568,0.46696875,8,16000,8,-0.0041884998798354806,0.03669964149528959,0.008645800986686,0.1021404466521239,0.0078125,0.001150909167732311,0.101886292766215,0.002658274917572271,0.03378629098339006,,,False,env_mean_t,True,True,True,0
A,posterior_mean_shrunk,horizon,all,100,,,all,,,False,exploratory,p3_star,phi_k16,ok,0.0040665471980173605,0.0023855342587921773,0.005716041720938847,0.0008423994800035997,0.48728125,8,16000,8,-0.0013325398982241233,0.009465634294258844,0.002283274855446788,0.11811951262640871,0.1015625,0.00012806215079171502,0.011538817670412947,0.0002992503672139717,0.00860564250632451,,,False,env_mean_t,True,True,True,0
A,posterior_mean_shrunk,horizon,all,100,,,all,,,False,exploratory,phi_k1,phi_k16,ok,-0.002917291411664337,-0.004146264101996166,-0.001687193083625971,0.0006243548352089777,0.50346875,8,16000,8,-0.007119714965740726,0.0012851321424120522,0.0017772056390124918,0.14469699457384297,0.15625,-0.009881745677546482,0.0003337369351606302,-0.006400374887627549,6.24574651010334e-05,,,False,env_mean_t,True,True,True,0
A,posterior_mean_shrunk,horizon,all,100,,,all,,,False,exploratory,phi_k16_all71,phi_k16,ok,-1.9039020407944938e-05,-0.0005446278024919593,0.0005082549361759447,0.0002725699132356615,0.5001875,8,16000,8,-0.0010226027971086324,0.0009845247562927427,0.0004244072926278661,0.9654716036787906,1.0,-0.002175299879364824,0.0006388748115732328,-0.0009151336448267102,0.0005654793738620352,,,False,env_mean_t,True,True,True,0
A,posterior_mean_shrunk,horizon,all,100,,,all,,,False,exploratory,phi_k16_clock,phi_k16,ok,0.0033011282615771054,0.0016370161820304934,0.0049702585728482514,0.0008426015045303697,0.49284375,8,16000,8,-0.0018187301683534256,0.008420986691507636,0.002165189004757036,0.17117553273203182,0.125,-0.00025806601186362894,0.012640203703925993,2.318645013147082e-05,0.007788597802537697,,,False,env_mean_t,True,True,True,0
A,posterior_mean_shrunk,horizon,all,100,,,all,,,False,exploratory,phi_k16_cs,phi_k16,ok,-4.139872454106808e-05,-0.00015122606957902453,7.111408710898102e-05,5.663118730267704e-05,0.5001875,8,16000,8,-0.00020571253706760446,0.00012291508798546827,6.948833939085943e-05,0.5700853221919515,0.625,-0.00021206611042754722,0.00010478650905569301,-0.0001639190800487995,8.178335055708885e-05,,,False,env_mean_t,True,True,True,0
A,posterior_mean_shrunk,horizon,all,100,,,all,,,False,exploratory,phi_k16_famA_only,phi_k16,ok,0.002534596716926899,0.0011495588714069528,0.003906571615118535,0.0007048884732445369,0.49596875,8,16000,8,-0.0007120749472119352,0.005781268381065734,0.0013730180014655238,0.10739492685618877,0.078125,7.20230860676717e-05,0.027730021479944945,0.00022586715936340627,0.005334855676756706,,,False,env_mean_t,True,True,True,0
A,posterior_mean_shrunk,horizon,all,100,,,all,,,False,exploratory,phi_k16_famB_only,phi_k16,ok,0.00013488560542464258,-0.0003110105941956929,0.0005790975144805084,0.0002265649547876116,0.49909375,8,16000,8,-0.0004821156578940389,0.000751886868743324,0.00026092993967353437,0.621123927067085,0.546875,-0.0004957607859047276,0.0006229651962823485,-0.0003844666427175975,0.0005818160618655384,,,False,env_mean_t,True,True,True,0
A,posterior_mean_shrunk,horizon,all,100,,,all,,,False,exploratory,phi_k16_guard,phi_k16,ok,0.004352316297416109,0.002673230388029424,0.005988005556079656,0.0008391551629529558,0.49281250000000004,8,16000,8,-0.000984541909668104,0.009689174504500322,0.002256958247590232,0.09514627982044206,0.0703125,0.0002092329628487124,0.014534702167017178,0.0006844211156130769,0.008923532892309594,,,False,env_mean_t,True,True,True,0
A,posterior_mean_shrunk,horizon,all,100,,,all,,,False,exploratory,phi_k16_hgb,phi_k16,ok,0.0017462050690082833,0.0006642770425687062,0.0028150051984994202,0.0005476075588147837,0.49093749999999997,8,16000,8,-0.00038422907055713027,0.003876639208573697,0.0009009609616117138,0.09378899383309122,0.1015625,-0.0010593833682301904,0.003460825381098363,2.327520190738141e-06,0.0032524525436369,,,False,env_mean_t,True,True,True,0
A,posterior_mean_shrunk,horizon,all,100,,,all,,,False,exploratory,phi_k16_lucb,phi_k16,ok,-4.957601730711756e-05,-0.0005696799159522924,0.00047883355844078305,0.0002677258306888171,0.49946874999999996,8,16000,8,-0.0008872491969569587,0.0007880971623427237,0.00035425213079227875,0.8926445968355878,0.9296875,-0.0008307216827583646,0.0008513776554904646,-0.0006668491448566779,0.0006268311352469028,,,False,env_mean_t,True,True,True,0
A,posterior_mean_shrunk,horizon,all,100,,,all,,,False,exploratory,phi_k16_noT1000,phi_k16,ok,0.00026505468832328913,-0.0006936945173720232,0.0012387296788347153,0.0004877496655608013,0.49890625,8,16000,8,-0.0017337965785222446,0.002263905955168823,0.0008453145422572446,0.762994130957468,0.7265625,-0.0013961725839624806,0.0025450645995581224,-0.001193636406911537,0.0018809255487285555,,,False,env_mean_t,True,True,True,0
A,posterior_mean_shrunk,horizon,all,100,,,all,,,False,exploratory,phi_k16_noT200,phi_k16,ok,-0.0012369273917283864,-0.0019214286829267735,-0.0005491518668847564,0.0003470534407499224,0.5024062499999999,8,16000,8,-0.0026995905216260965,0.00022573573816932375,0.0006185604875330518,0.08565885495283447,0.0390625,-0.005006430846066555,-0.00021777889724675938,-0.0025069246289902355,-0.00029799123426200845,,,False,env_mean_t,True,True,True,0
A,posterior_mean_shrunk,horizon,all,100,,,all,,,False,exploratory,phi_k16_noambig,phi_k16,ok,-0.0012084271085914223,-0.0022341228332152237,-0.00017559852244630836,0.0005198330561714654,0.50271875,8,16000,8,-0.0028853795080939822,0.00046852529091113743,0.0007091834562607499,0.1321639017659733,0.125,-0.005177863746762458,1.960760922042914e-05,-0.0026048891876358535,-6.323479488492013e-05,,,False,env_mean_t,True,True,True,0
A,posterior_mean_shrunk,horizon,all,100,,,all,,,False,exploratory,phi_k16_nopolicy,phi_k16,ok,0.0018375780196802226,0.0005160686226929557,0.003111706622969734,0.0006690018402721611,0.498875,8,16000,8,-0.0015160567655118072,0.005191212804872253,0.0014182527236338118,0.23617738103588828,0.21875,-0.00021562481581661932,0.016130994758936146,-5.953354481607676e-05,0.004714790646617621,,,False,env_mean_t,True,True,True,0
A,posterior_mean_shrunk,horizon,all,100,,,all,,,False,exploratory,phi_k16_notrunc,phi_k16,ok,-0.00025524452864192414,-0.0009534731802432358,0.0004384626245609973,0.000360037884931289,0.5005625,8,16000,8,-0.0018941421428597376,0.0013836530855758896,0.0006930900810620845,0.7235562223993716,0.8515625,-0.002955891800605301,0.0008107683760389647,-0.0016550121297070287,0.0007796962411317502,,,False,env_mean_t,True,True,True,0
A,posterior_mean_shrunk,horizon,all,100,,,all,,,False,exploratory,phi_k16_onpolicy_only,phi_k16,ok,-0.0007282732757739722,-0.001819750013348198,0.00034553269724710804,0.000552407346150182,0.49784375,8,16000,8,-0.003979283107506911,0.0025227365559589666,0.0013748526132822563,0.6126917541317248,0.6484375,-0.004841479358951631,0.0020549969849541763,-0.003372721575514879,0.001581679054303095,,,False,env_mean_t,True,True,True,0
A,posterior_mean_shrunk,horizon,all,100,,,all,,,False,exploratory,phi_k16_onpolicy_union,phi_k16,ok,-0.001752751829335466,-0.0024375787867086268,-0.0010591641316977985,0.00034850429575699596,0.5043124999999999,8,16000,8,-0.0037525571520962914,0.0002470534934253593,0.0008457180126668239,0.0769321217541255,0.0625,-0.005863551037821071,-0.00022267552097573117,-0.0034111035659443586,-0.000373672480497047,,,False,env_mean_t,True,True,True,0
A,posterior_mean_shrunk,horizon,all,100,,,all,,,False,exploratory,phi_k16_perstep,phi_k16,ok,-0.001030347621999681,-0.002040974235660542,-2.717986817515387e-05,0.0005249809364339263,0.4985625,8,16000,8,-0.0041679617404492,0.0021072664964498374,0.0013268975467607834,0.4628748176338839,0.5625,-0.0064841560687121155,0.001234086022874031,-0.003671748144552112,0.0010918098303896837,,,False,env_mean_t,True,True,True,0
A,posterior_mean_shrunk,horizon,all,100,,,all,,,False,exploratory,phi_k16_quality,phi_k16,ok,-0.000586508248001337,-0.0011628666647965247,-2.3717784324617525e-05,0.000292882444440031,0.500375,8,16000,8,-0.00164780924227404,0.000474792746271366,0.00044882437180360587,0.23258338924110689,0.3359375,-0.0035399427540570095,0.0002055386527423592,-0.0014810213269665837,0.0001299117650662083,,,False,env_mean_t,True,True,True,0
A,posterior_mean_shrunk,horizon,all,100,,,all,,,False,exploratory,phi_k16_tau05,phi_k16,ok,0.0,0.0,0.0,0.0,0.5,8,16000,8,0.0,0.0,0.0,1.0,1.0,0.0,0.0,0.0,0.0,,,False,env_mean_t,True,True,True,0
A,posterior_mean_shrunk,horizon,all,100,,,all,,,False,exploratory,phi_k16_weighted,phi_k16,ok,0.000721534855751088,-0.00010127323244546459,0.001537408191484246,0.0004139138043991337,0.4985625,8,16000,8,-0.00012520794588275483,0.0015682776573849306,0.0003580876754788785,0.08374986996277185,0.03125,0.00018084555882532727,0.0023256797556294624,0.0002082051153702196,0.001456944569777261,,,False,env_mean_t,True,True,True,0
A,posterior_mean_shrunk,horizon,all,100,,,all,,,False,exploratory,phi_k4,phi_k16,ok,-0.002967270418535918,-0.004087014404785805,-0.0018444309456299383,0.0005757846021014128,0.50384375,8,16000,8,-0.006960543702017021,0.0010260028649451856,0.001688755953843948,0.12232355684188412,0.140625,-0.013186807424044947,8.177669644443813e-05,-0.006251959074003389,-7.652519037947063e-05,,,False,env_mean_t,True,True,True,0
A,posterior_mean_shrunk,horizon,all,100,,,all,,,False,exploratory,phi_reservoir_rule,phi_k16,ok,0.00903289401359507,0.007216794211490196,0.010788218529705771,0.0009179841983240361,0.4678125,8,16000,8,0.0024142392514410324,0.015651548775749105,0.0027990302297271064,0.014508889975707848,0.03125,0.0016079382472044285,0.015075350369890399,0.004057575594171795,0.014164203983295012,,,False,env_mean_t,True,True,True,0
A,posterior_mean_shrunk,horizon,all,100,,,all,,,False,exploratory,phi_sf_k16,phi_k16,ok,-0.0015494280501734464,-0.002644903400005205,-0.0004553008478978886,0.0005460834230319831,0.502,8,16000,8,-0.004125011338026793,0.0010261552376799,0.0010892146124774212,0.1978721034766187,0.2421875,-0.005064468771758848,0.0006669588472313758,-0.003603227362403413,0.00036332542114541754,,,False,env_mean_t,True,True,True,0
A,posterior_mean_shrunk,horizon,all,100,,,all,,,False,exploratory,phi_sf_k16_noT1000,phi_k16,ok,0.0007785005529876798,0.0002712961933426073,0.0013081075118719808,0.00026511579335967257,0.499,8,16000,8,-0.00045984512510711603,0.0020168462310824757,0.0005236965988404544,0.1807250292892881,0.21875,-0.00014597901571023419,0.003547855332396317,-7.213412877172132e-05,0.001771830208780011,,,False,env_mean_t,True,True,True,0
A,posterior_mean_shrunk,horizon,all,100,,,all,,,False,exploratory,power_a0.25,phi_k16,ok,0.004165267088072142,0.002482014337510919,0.0058278607659303806,0.0008435028523041349,0.48612500000000003,8,16000,8,-0.0014387354795556452,0.009769269655699929,0.0023699336433063286,0.12223946079659267,0.1171875,-0.0003380834436789862,0.011940868481147324,0.00011948207627283738,0.008790749127817249,,,False,env_mean_t,True,True,True,0
A,posterior_mean_shrunk,horizon,all,100,,,all,,,False,exploratory,power_a0.33,phi_k16,ok,0.0040665471980173605,0.0023855342587921773,0.005716041720938847,0.0008423994800035997,0.48728125,8,16000,8,-0.0013325398982241233,0.009465634294258844,0.002283274855446788,0.11811951262640871,0.1015625,0.00012105352382255768,0.011412472562691971,0.00034921567878336637,0.008667695353738963,,,False,env_mean_t,True,True,True,0
A,posterior_mean_shrunk,horizon,all,100,,,all,,,False,exploratory,power_a0.5,phi_k16,ok,0.005497791845555184,0.0038341780433256653,0.007162288357994839,0.0008445319686761323,0.4830625,8,16000,8,1.4757084200456294e-08,0.010995568934026168,0.0023250108700220524,0.04999953318580505,0.03125,0.0013817596678345834,0.013935539681086514,0.001697339675105469,0.010145560696579924,,,False,env_mean_t,True,True,True,0
A,posterior_mean_shrunk,horizon,all,100,,,all,,,False,exploratory,power_a0.67,phi_k16,ok,0.006935458066145657,0.0052206255988494375,0.008597273638406478,0.000856397856582027,0.47862499999999997,8,16000,8,0.0015516084363332528,0.01231930769595806,0.0022768309282905747,0.018685551729583937,0.015625,0.0028337114733030704,0.013311727620554492,0.003125985102378763,0.01148522006804487,,,False,env_mean_t,True,True,True,0
A,posterior_mean_shrunk,horizon,all,100,,,all,,,False,exploratory,refine_after_init,phi_k16,ok,0.04700125867198221,0.04476342055713758,0.049257849031710065,0.0011479635412191586,0.39678125,8,16000,8,0.0051498084089033475,0.08885270893506107,0.017698985466671164,0.03267550147865981,0.0078125,0.016493050301129998,0.22763248455246995,0.01833028586558067,0.08193596736958715,,,False,env_mean_t,True,True,True,0
A,posterior_mean_shrunk,horizon,all,100,,,all,,,False,exploratory,rule_reservoir,phi_k16,ok,0.021429803657287264,0.019316942610748813,0.023520023146556924,0.0010683726479014017,0.43921875,8,16000,8,0.0085861661359863,0.03427344117858823,0.005431576502122752,0.005564619268429965,0.0078125,0.008316840232857144,0.03455871084320299,0.01182000829585305,0.031453539186040866,,,False,env_mean_t,True,True,True,0
A,posterior_mean_shrunk,horizon,all,100,,,all,,,False,exploratory,uniform,phi_k16,ok,0.017794812444248236,0.01621620759542566,0.01941837130871136,0.0008123629654041105,0.44300000000000006,8,16000,8,0.011546159371708543,0.02404346551678793,0.002642556451973573,0.00026893355398185595,0.0078125,0.012035946811306396,0.02441511414398581,0.013188340392333341,0.022836637680418787,,,False,env_mean_t,True,True,True,0
A,posterior_mean_shrunk,horizon,all,200,,,all,,,False,exploratory,always_search,cp0,ok,-0.0397864417386445,-0.04172384592075105,-0.03787650667318303,0.0009891945686432185,0.59775,8,16000,8,-0.07956440866501566,-8.474812273347176e-06,0.016822109009318145,0.049962961289724335,0.015625,-0.13913798376789627,-0.009706948660206237,-0.07322519474243745,-0.012103370534954591,,,False,env_mean_t,True,True,True,0
A,posterior_mean_shrunk,horizon,all,200,,,all,,,False,exploratory,fixed_K16,cp0,ok,-0.008350993200787343,-0.009152678041573381,-0.007557956294476753,0.00041413297496829,0.53253125,8,16000,8,-0.013005441421676235,-0.0036965449798984492,0.0019683669478369387,0.0038279811690086984,0.0078125,-0.016612389564172957,-0.00462286802202304,-0.012281607860507207,-0.00502229728512466,,,False,env_mean_t,True,True,True,0
A,posterior_mean_shrunk,horizon,all,200,,,all,,,False,exploratory,p3_star,cp0,ok,-0.039782364065686124,-0.04172225565325789,-0.03787438645858856,0.0009891934543530855,0.59765625,8,16000,8,-0.07956332662533439,-1.4015060378694266e-06,0.016823375863142843,0.049993873319901024,0.015625,-0.1378058998556252,-0.009638307651662122,-0.07290541124114638,-0.012507778282976527,,,False,env_mean_t,True,True,True,0
A,posterior_mean_shrunk,horizon,all,200,,,all,,,False,exploratory,phi_k1,cp0,ok,-0.03977212026242341,-0.04170558616206108,-0.037862724665501446,0.0009891648120412756,0.598625,8,16000,8,-0.07956076346024131,1.6522935394489013e-05,0.01682662400633704,0.050072273843789414,0.015625,-0.14022617943833854,-0.010446708505731154,-0.07243537753440615,-0.01178322906015856,,,False,env_mean_t,True,True,True,0
A,posterior_mean_shrunk,horizon,all,200,,,all,,,False,exploratory,phi_k16_all71,cp0,ok,-0.04084564384717669,-0.04271151585271582,-0.03897378282636055,0.000964524964968372,0.60440625,8,16000,8,-0.07917544961975528,-0.002515838074598105,0.016209681409957655,0.03982042485183928,0.0078125,-0.14461981239799396,-0.01321514546818621,-0.07275958567054477,-0.014504902776498425,,,False,env_mean_t,True,True,True,0
A,posterior_mean_shrunk,horizon,all,200,,,all,,,False,exploratory,phi_k16_clock,cp0,ok,-0.038344745505601165,-0.04024453070596792,-0.036502595373167426,0.0009479430471953433,0.60028125,8,16000,8,-0.07362384690205406,-0.003065644109148266,0.014919538008074348,0.03700234209991364,0.0078125,-0.11031277330000547,-0.010984912710302937,-0.06805676601815502,-0.01433373591471464,,,False,env_mean_t,True,True,True,0
A,posterior_mean_shrunk,horizon,all,200,,,all,,,False,exploratory,phi_k16_cs,cp0,ok,-0.040126529681423564,-0.042006052150100004,-0.03827865638959338,0.0009578022165279634,0.601125,8,16000,8,-0.07843233352823271,-0.0018207258346144145,0.01619953099144898,0.042394873880613214,0.0078125,-0.14124762927504458,-0.011447283190279222,-0.07245550109707802,-0.01381495448644273,,,False,env_mean_t,True,True,True,0
A,posterior_mean_shrunk,horizon,all,200,,,all,,,False,exploratory,phi_k16_famA_only,cp0,ok,-0.03928584028959449,-0.04116845647804439,-0.03742520697778673,0.0009441333624944809,0.5997812499999999,8,16000,8,-0.07664962201485137,-0.0019220585643376017,0.015801149675297912,0.041824668147838154,0.0078125,-0.13596513206140948,-0.012769239545178085,-0.07072496116534271,-0.014034886979819212,,,False,env_mean_t,True,True,True,0
A,posterior_mean_shrunk,horizon,all,200,,,all,,,False,exploratory,phi_k16_famB_only,cp0,ok,-0.040335238561892764,-0.04222942857231828,-0.03851035736443009,0.0009518795187066365,0.60128125,8,16000,8,-0.07857728892409327,-0.0020931881996922516,0.01617256963191556,0.04135055516834157,0.0078125,-0.1429686306424685,-0.0125153685074017,-0.07207719624052333,-0.014067611579550431,,,False,env_mean_t,True,True,True,0
A,posterior_mean_shrunk,horizon,all,200,,,all,,,False,exploratory,phi_k16_guard,cp0,ok,-0.03857827403768897,-0.040479786122159564,-0.03676460944407154,0.0009497034629775514,0.59803125,8,16000,8,-0.07603872237412014,-0.0011178257012578047,0.015842030001679226,0.0450762659736999,0.0078125,-0.14357523319924645,-0.011248578949640983,-0.0701905830385105,-0.013026904857717455,,,False,env_mean_t,True,True,True,0
A,posterior_mean_shrunk,horizon,all,200,,,all,,,False,exploratory,phi_k16_hgb,cp0,ok,-0.04028004744921054,-0.04216929694812279,-0.03840826011582976,0.0009665419319982169,0.59971875,8,16000,8,-0.0791991467058876,-0.0013609481925334968,0.01645889372506502,0.044281477448014354,0.0078125,-0.1280586648857469,-0.010612775489942192,-0.07363812467180833,-0.013954607388091973,,,False,env_mean_t,True,True,True,0
A,posterior_mean_shrunk,horizon,all,200,,,all,,,False,exploratory,phi_k16_lucb,cp0,ok,-0.04052745662715461,-0.04238787897629663,-0.03866719938960159,0.0009566064618593841,0.60175,8,16000,8,-0.07887846716636612,-0.002176446087943089,0.016218648909389607,0.04106316099050227,0.0078125,-0.14283793720314575,-0.01239703585615455,-0.07191285190829075,-0.014287655419131625,,,False,env_mean_t,True,True,True,0
A,posterior_mean_shrunk,horizon,all,200,,,all,,,False,exploratory,phi_k16_noT1000,cp0,ok,-0.04167091568272736,-0.043566343822749334,-0.03979860429681139,0.0009690222781294943,0.6077812499999999,8,16000,8,-0.08012449891673712,-0.003217332448717594,0.01626202691954456,0.037416679550935375,0.0078125,-0.13475609022300475,-0.013215901332083467,-0.07374764099862732,-0.01540387192473975,,,False,env_mean_t,True,True,True,0
A,posterior_mean_shrunk,horizon,all,200,,,all,,,False,exploratory,phi_k16_noT200,cp0,ok,-0.041324394884446516,-0.04321039792339434,-0.039487623846071074,0.0009639273646405223,0.6046874999999999,8,16000,8,-0.07979197092101332,-0.002856818847879708,0.016267944478136637,0.03865077079558664,0.0078125,-0.1326055283821764,-0.013123567410030169,-0.07324004881232395,-0.015205384029468406,,,False,env_mean_t,True,True,True,0
A,posterior_mean_shrunk,horizon,all,200,,,all,,,False,exploratory,phi_k16_noambig,cp0,ok,-0.041743545182907835,-0.043642801139503716,-0.03985954359959578,0.0009729539152340677,0.6075625,8,16000,8,-0.08030568599399782,-0.00318140437181786,0.01630793593743909,0.037567638764547155,0.0078125,-0.14721654086688482,-0.01319665527328354,-0.07431217168555304,-0.015394791423201623,,,False,env_mean_t,True,True,True,0
A,posterior_mean_shrunk,horizon,all,200,,,all,,,False,exploratory,phi_k16_nopolicy,cp0,ok,-0.04069206027586188,-0.04258075461330008,-0.03882119409754523,0.0009706954005141183,0.60540625,8,16000,8,-0.07911256283295626,-0.0022715577187674904,0.01624803709562514,0.040727432942143794,0.0078125,-0.14289506175123817,-0.012629539030928335,-0.07301527793647256,-0.014260749823488378,,,False,env_mean_t,True,True,True,0
A,posterior_mean_shrunk,horizon,all,200,,,all,,,False,exploratory,phi_k16_notrunc,cp0,ok,-0.041020550285393254,-0.042954040316544706,-0.03913039178951294,0.0009781366518943383,0.60509375,8,16000,8,-0.07998846128805713,-0.0020526392827293766,0.01647953622078245,0.04164646749500237,0.0078125,-0.14545821903066739,-0.011619220573562825,-0.07387670099324897,-0.014317480572108257,,,False,env_mean_t,True,True,True,0
A,posterior_mean_shrunk,horizon,all,200,,,all,,,False,exploratory,phi_k16_onpolicy_only,cp0,ok,-0.04046787650410261,-0.04237335339494166,-0.03859247801410674,0.0009721370771954437,0.5991875,8,16000,8,-0.07973231530482527,-0.0012034377033799462,0.016604937877243955,0.04494986175528053,0.0078125,-0.1440075980373702,-0.011310527323831206,-0.07290132200604306,-0.013495216267881915,,,False,env_mean_t,True,True,True,0
A,posterior_mean_shrunk,horizon,all,200,,,all,,,False,exploratory,phi_k16_onpolicy_union,cp0,ok,-0.04098597776603129,-0.04287144158297451,-0.03913544704701053,0.0009617199372110484,0.60303125,8,16000,8,-0.07979972658037347,-0.002172228951689101,0.016414341005002248,0.041174886915691336,0.0078125,-0.13310142854884027,-0.012133232731363915,-0.07380427238589327,-0.014410342926338129,,,False,env_mean_t,True,True,True,0
A,posterior_mean_shrunk,horizon,all,200,,,all,,,False,exploratory,phi_k16_perstep,cp0,ok,-0.03990939663808968,-0.04177176810917445,-0.03808138228559983,0.0009520837826216652,0.5950625,8,16000,8,-0.07845226633180419,-0.0013665269443751613,0.016299786178608496,0.044206897706800675,0.0078125,-0.14062811017332674,-0.01130844669650882,-0.07188317839671397,-0.013639631571946666,,,False,env_mean_t,True,True,True,0
A,posterior_mean_shrunk,horizon,all,200,,,all,,,False,exploratory,phi_k16_quality,cp0,ok,-0.04011808928001846,-0.04199484669516096,-0.03828869306889828,0.0009499975755910562,0.6002812500000001,8,16000,8,-0.07841728725842403,-0.0018188913016128835,0.01619673736857248,0.04240070395812781,0.0078125,-0.1415456568523144,-0.012649177501558802,-0.07182334326200362,-0.013814492250332856,,,False,env_mean_t,True,True,True,0
A,posterior_mean_shrunk,horizon,all,200,,,all,,,False,exploratory,phi_k16_tau05,cp0,ok,-0.04016976586442615,-0.04204272421484347,-0.03833323886719882,0.0009573539827467439,0.6013124999999999,8,16000,8,-0.07846292573680867,-0.0018766059920436312,0.016194183852503704,0.04217886404413197,0.0078125,-0.1419873534359149,-0.0123099283519566,-0.07220246849475005,-0.013927753252210103,,,False,env_mean_t,True,True,True,0
A,posterior_mean_shrunk,horizon,all,200,,,all,,,False,exploratory,phi_k16_weighted,cp0,ok,-0.039893704187983534,-0.041761105398472866,-0.038058759813429786,0.0009531214644956056,0.5999375,8,16000,8,-0.07826140175965196,-0.0015260066163151065,0.01622570585826665,0.04354995390247354,0.0078125,-0.1406377038763631,-0.011398396660017792,-0.07299287311891094,-0.013583526310278102,,,False,env_mean_t,True,True,True,0
A,posterior_mean_shrunk,horizon,all,200,,,all,,,False,exploratory,phi_k4,cp0,ok,-0.04034550218742515,-0.04227844917422772,-0.0384297555016019,0.0009876118937216477,0.6003437500000001,8,16000,8,-0.07972929366756056,-0.0009617107072897452,0.01665541214575928,0.045932358780432926,0.0078125,-0.14195516007875297,-0.010681757507700663,-0.07314874734123075,-0.013138453273084088,,,False,env_mean_t,True,True,True,0
A,posterior_mean_shrunk,horizon,all,200,,,all,,,False,exploratory,phi_reservoir_rule,cp0,ok,-0.038716802214621565,-0.04057380363296943,-0.03683578927684721,0.0009683907989398521,0.5970625,8,16000,8,-0.07666577700140983,-0.0007678274278332883,0.016048627921001098,0.04660476043441392,0.015625,-0.12261894872099187,-0.009858038565750585,-0.06951539484076198,-0.012172893761540763,,,False,env_mean_t,True,True,True,0
A,posterior_mean_shrunk,horizon,all,200,,,all,,,False,exploratory,phi_sf_k16,cp0,ok,-0.041039338155576845,-0.042970781189069385,-0.03913788901481894,0.0009816406284212805,0.60584375,8,16000,8,-0.08001404990551803,-0.002064626405635657,0.016482412257967947,0.04160347551408613,0.0078125,-0.1431321605455805,-0.011729990795489923,-0.07333750645444306,-0.014167620224796701,,,False,env_mean_t,True,True,True,0
A,posterior_mean_shrunk,horizon,all,200,,,all,,,False,exploratory,phi_sf_k16_noT1000,cp0,ok,-0.04071035650085833,-0.0425913486549689,-0.03884005619838717,0.0009626248367097299,0.60328125,8,16000,8,-0.07918363418632723,-0.002237078815389426,0.016270355706431473,0.04086535851538813,0.0078125,-0.1449513534333939,-0.01199499652775081,-0.07332552536877811,-0.014245289733773103,,,False,env_mean_t,True,True,True,0
A,posterior_mean_shrunk,horizon,all,200,,,all,,,False,exploratory,power_a0.25,cp0,ok,-0.037849694478791204,-0.03974498164225224,-0.035994167631042726,0.0009739264058450957,0.5917187500000001,8,16000,8,-0.07586806397542303,0.00016867501784062489,0.01607797495565018,0.05077770778706286,0.0078125,-0.1406212100958501,-0.010340500715445212,-0.06916278220363892,-0.01193997592991218,,,False,env_mean_t,True,True,True,0
A,posterior_mean_shrunk,horizon,all,200,,,all,,,False,exploratory,power_a0.33,cp0,ok,-0.03749133719014935,-0.039395103969582124,-0.035612761326228794,0.0009688693108028001,0.5906875,8,16000,8,-0.07499531156313854,1.263718283984333e-05,0.015860437169976135,0.050058636174731434,0.0078125,-0.132245902857146,-0.00866428789033637,-0.0702940977179969,-0.011542018331217697,,,False,env_mean_t,True,True,True,0
A,posterior_mean_shrunk,horizon,all,200,,,all,,,False,exploratory,power_a0.5,cp0,ok,-0.039783550037929674,-0.041721794945624426,-0.03787813233248016,0.000989190972705609,0.59775,8,16000,8,-0.07956391372706062,-3.186348798721317e-06,0.016823122600698757,0.04998607178464807,0.015625,-0.12718619398998232,-0.009837443198783987,-0.07334445518383291,-0.012336893968982623,,,False,env_mean_t,True,True,True,0
A,posterior_mean_shrunk,horizon,all,200,,,all,,,False,exploratory,power_a0.67,cp0,ok,-0.039782364065686124,-0.04172225565325789,-0.03787438645858856,0.0009891934543530855,0.59765625,8,16000,8,-0.07956332662533439,-1.4015060378694266e-06,0.016823375863142843,0.049993873319901024,0.015625,-0.13785261550482952,-0.009154181142751565,-0.07393039837134129,-0.012449025058459306,,,False,env_mean_t,True,True,True,0
A,posterior_mean_shrunk,horizon,all,200,,,all,,,False,exploratory,refine_after_init,cp0,ok,0.03195923873240827,0.030595283696311527,0.03333988106169272,0.0007164704714217646,0.4030625,8,16000,8,0.01259912739696949,0.05131935006784705,0.008187394391475951,0.005872588499604637,0.0078125,0.017037963354655714,0.07798758522922891,0.018190098979044708,0.04809568381444696,,,False,env_mean_t,True,True,True,0
A,posterior_mean_shrunk,horizon,all,200,,,all,,,False,exploratory,rule_reservoir,cp0,ok,-0.028992771189892665,-0.030666445210590608,-0.027321651634701995,0.0008585903625289842,0.579,8,16000,8,-0.0538157519384104,-0.004169790441374926,0.010497642799610662,0.028021726940151374,0.015625,-0.0744004648966429,-0.00937026836833824,-0.04887087776511907,-0.01131026092544198,,,False,env_mean_t,True,True,True,0
A,posterior_mean_shrunk,horizon,all,200,,,all,,,False,exploratory,uniform,cp0,ok,-0.03906485999787401,-0.04099141365582,-0.03715903325235104,0.0009902533951755877,0.59365625,8,16000,8,-0.07863870055845465,0.0005089805627066235,0.016735783934349886,0.05228865432558823,0.015625,-0.12254934182541678,-0.008848942916171484,-0.07250349077908323,-0.012219505991553888,,,False,env_mean_t,True,True,True,0
A,posterior_mean_shrunk,horizon,all,200,,,all,,,False,exploratory,always_search,p3_star,ok,-4.077672958374024e-06,-9.523507128506025e-06,-4.0610768579086026e-07,2.419695205321103e-06,0.5001875,8,16000,8,-1.371983732580933e-05,5.564491409061283e-06,4.077672958374023e-06,0.3506166628202074,1.0,-4.077672958374024e-06,1.4934889141784347e-06,-1.2233018875122071e-05,0.0,,,False,env_mean_t,True,True,True,0
A,posterior_mean_shrunk,horizon,all,200,,,all,,,False,exploratory,cp0,p3_star,ok,0.039782364065686124,0.03787438645858856,0.04172225565325789,0.0009891934543530855,0.40234375,8,16000,8,1.4015060378694266e-06,0.07956332662533439,0.016823375863142843,0.049993873319901024,0.015625,0.009432516378770687,0.12607185171052654,0.012525354301949846,0.07318152153474584,,,False,env_mean_t,True,True,True,0
A,posterior_mean_shrunk,horizon,all,200,,,all,,,False,exploratory,fixed_K16,p3_star,ok,0.03143137086489878,0.02954914506963178,0.03334486223157,0.0009667992265812597,0.42674999999999996,8,16000,8,-0.003768536438345148,0.06663127816814271,0.014886046812525781,0.07263110709532992,0.0234375,0.005270818151766263,0.1270928418409571,0.006742704488927847,0.06055010809851228,,,False,env_mean_t,True,True,True,0
A,posterior_mean_shrunk,horizon,all,200,,,all,,,False,exploratory,phi_k1,p3_star,ok,1.0243803262710572e-05,-3.499397028008388e-05,5.634225904032064e-05,2.3079844719769048e-05,0.50046875,8,16000,8,-1.7284990079726303e-05,3.777259660514745e-05,1.1641931407873277e-05,0.40810081823442335,1.0,-6.4789764123389094e-06,0.00012358786505502068,-3.517851233482361e-06,3.4249261021614076e-05,,,False,env_mean_t,True,True,True,0
A,posterior_mean_shrunk,horizon,all,200,,,all,,,False,exploratory,phi_k16_all71,p3_star,ok,-0.0010632797814905644,-0.001792710035442724,-0.00034206594600618724,0.0003718405230666064,0.5058750000000001,8,16000,8,-0.003797609430080134,0.001671049867099005,0.0011563484755549454,0.3884137063234172,0.375,-0.005780598277230886,0.001065665152180751,-0.003269014950841665,0.0008987958598881885,,,False,env_mean_t,True,True,True,0
A,posterior_mean_shrunk,horizon,all,200,,,all,,,False,exploratory,phi_k16_clock,p3_star,ok,0.0014376185600849566,0.0002104598383084529,0.002678318729613238,0.0006323312849317429,0.50409375,8,16000,8,-0.003341053632601141,0.006216290752771054,0.0020209012867339234,0.49986418470193034,0.53125,-0.002143342585054627,0.011700721866026012,-0.0018547609234956326,0.005419412998016924,,,False,env_mean_t,True,True,True,0
A,posterior_mean_shrunk,horizon,all,200,,,all,,,False,exploratory,phi_k16_cs,p3_star,ok,-0.00034416561573743826,-0.0011248104901369514,0.0004439994945641956,0.00040220406182934863,0.5021249999999999,8,16000,8,-0.003342545584160638,0.002654214352685762,0.0012680154009261833,0.7938976859191782,0.78125,-0.0032373920909651325,0.002451375966325748,-0.0026867367178201674,0.0019832510612905023,,,False,env_mean_t,True,True,True,0
A,posterior_mean_shrunk,horizon,all,200,,,all,,,False,exploratory,phi_k16_famA_only,p3_star,ok,0.0004965237760916354,-0.0004852513504488342,0.00146676488183175,0.0004954123483699344,0.5004062499999999,8,16000,8,-0.0042300968485125285,0.0052231444006957985,0.001998888669698945,0.8109548561751095,0.8203125,-0.0029303205600317707,0.006424226011586433,-0.0028164161748602044,0.004461637650150806,,,False,env_mean_t,True,True,True,0
A,posterior_mean_shrunk,horizon,all,200,,,all,,,False,exploratory,phi_k16_famB_only,p3_star,ok,-0.0005528744962066412,-0.0013480075719201068,0.0002540026935548664,0.0004102716305533503,0.50209375,8,16000,8,-0.0035394042030172136,0.0024336552106039317,0.001263003923265559,0.6747595392544554,0.59375,-0.003626960755710615,0.0017651308542045083,-0.0030230458453297613,0.0017334104869514704,,,False,env_mean_t,True,True,True,0
A,posterior_mean_shrunk,horizon,all,200,,,all,,,False,exploratory,phi_k16_guard,p3_star,ok,0.0012040900279971537,0.0002207071480370361,0.002208029465782601,0.000506989642145376,0.4985625,8,16000,8,-0.0027175864977417004,0.005125766553736008,0.0016584776727622825,0.4913815496214256,0.5,-0.0034016028643633926,0.004753792078073048,-0.0018347806903329913,0.004210828255299565,,,False,env_mean_t,True,True,True,0
A,posterior_mean_shrunk,horizon,all,200,,,all,,,False,exploratory,phi_k16_hgb,p3_star,ok,-0.0004976833835244178,-0.0012122250871470896,0.00022431622583098871,0.0003622229027928811,0.50046875,8,16000,8,-0.002508743023524519,0.0015133762564756832,0.0008504774653501394,0.5767947543017269,0.6875,-0.003242569396465729,0.0009901297486778076,-0.0021744011004455385,0.0008651497215032579,,,False,env_mean_t,True,True,True,0
A,posterior_mean_shrunk,horizon,all,200,,,all,,,False,exploratory,phi_k16_lucb,p3_star,ok,-0.0007450925614684821,-0.0015081585929578975,5.207277345107259e-05,0.00039377091471584175,0.5030625,8,16000,8,-0.003440349697885593,0.001950164574948629,0.0011398247034815855,0.5341876110751189,0.65625,-0.00433473548051656,0.0013366269881178888,-0.002915395355829967,0.001151196008687838,,,False,env_mean_t,True,True,True,0
A,posterior_mean_shrunk,horizon,all,200,,,all,,,False,exploratory,phi_k16_noT1000,p3_star,ok,-0.00188855161704123,-0.002522368743575498,-0.0012545079288429411,0.0003201463533612437,0.5090937499999999,8,16000,8,-0.004202578478852685,0.0004254752447702254,0.0009786023552167975,0.09494387867713043,0.125,-0.008423282212281592,-0.0001537698294002373,-0.0038656906224787237,-0.0002905397973954678,,,False,env_mean_t,True,True,True,0
A,posterior_mean_shrunk,horizon,all,200,,,all,,,False,exploratory,phi_k16_noT200,p3_star,ok,-0.001542030818760395,-0.0022034511299352743,-0.0008810204814835745,0.000334087529493832,0.50628125,8,16000,8,-0.0038308872235333523,0.000746825586012562,0.0009679577646347868,0.1551711990546969,0.1875,-0.007169440827445125,7.847388194726014e-05,-0.0034597246069461105,6.233198568224925e-06,,,False,env_mean_t,True,True,True,0
A,posterior_mean_shrunk,horizon,all,200,,,all,,,False,exploratory,phi_k16_noambig,p3_star,ok,-0.001961181117221713,-0.002571414275371353,-0.0013525253814805184,0.0003082416161048583,0.509625,8,16000,8,-0.004157547583315482,0.00023518534887205598,0.0009288437537652427,0.07263575021262973,0.0625,-0.00880409122863038,-0.00027426659784992257,-0.0038146416334900973,-0.00041128641399555113,,,False,env_mean_t,True,True,True,0
A,posterior_mean_shrunk,horizon,all,200,,,all,,,False,exploratory,phi_k16_nopolicy,p3_star,ok,-0.0009096962101757527,-0.0016323866641869244,-0.00017159026665467553,0.00037572503431352526,0.50625,8,16000,8,-0.0034542704573504333,0.0016348780369989278,0.0010761008838764486,0.425856356503866,0.28125,-0.0039034418325841593,0.0014025965447773288,-0.0027642567586153746,0.000983167450875044,,,False,env_mean_t,True,True,True,0
A,posterior_mean_shrunk,horizon,all,200,,,all,,,False,exploratory,phi_k16_notrunc,p3_star,ok,-0.0012381862197071315,-0.0018123790146091778,-0.0006523394206055858,0.00029447037670535,0.50803125,8,16000,8,-0.002843186753326381,0.0003668143139121181,0.0006787549998855587,0.1108836879631578,0.0625,-0.006922076275393719,-4.259230347401625e-05,-0.0025875229798257354,-0.00014943948592990815,,,False,env_mean_t,True,True,True,0
A,posterior_mean_shrunk,horizon,all,200,,,all,,,False,exploratory,phi_k16_onpolicy_only,p3_star,ok,-0.0006855124384164811,-0.0012422679124654223,-0.0001440490568654696,0.0002795257959418995,0.50359375,8,16000,8,-0.0018948551936434784,0.0005238303168105164,0.0005114312578044473,0.22199026458343846,0.25,-0.00530045943243242,0.0001060762243280997,-0.001739391472190619,4.3561175465583806e-05,,,False,env_mean_t,True,True,True,0
A,posterior_mean_shrunk,horizon,all,200,,,all,,,False,exploratory,phi_k16_onpolicy_union,p3_star,ok,-0.0012036137003451587,-0.0019042464888116228,-0.0004927493018840328,0.0003588326384322816,0.505125,8,16000,8,-0.0034839092578742544,0.001076681857183937,0.0009643373808727178,0.2521134347323228,0.375,-0.008322452509253397,0.0004023180479358363,-0.003098861984908581,0.0002947691585868597,,,False,env_mean_t,True,True,True,0
A,posterior_mean_shrunk,horizon,all,200,,,all,,,False,exploratory,phi_k16_perstep,p3_star,ok,-0.00012703257240355014,-0.0009276158708189541,0.0006714605367278636,0.00041063524225170656,0.49893750000000003,8,16000,8,-0.003087390666899459,0.002833325522092359,0.0012519359439462086,0.9220235607486953,0.84375,-0.0032909223967338063,0.0020307596023826377,-0.002671043771831318,0.0019774934650864454,,,False,env_mean_t,True,True,True,0
A,posterior_mean_shrunk,horizon,all,200,,,all,,,False,exploratory,phi_k16_quality,p3_star,ok,-0.0003357252143323422,-0.001172280015634896,0.0004962315376019432,0.0004228263759818813,0.5012187499999999,8,16000,8,-0.003123523347300925,0.002452072918636241,0.001178960306734042,0.7840655496796061,0.625,-0.0030634848357713475,0.001912942092070877,-0.0026594897508621217,0.001890263795852661,,,False,env_mean_t,True,True,True,0
A,posterior_mean_shrunk,horizon,all,200,,,all,,,False,exploratory,phi_k16_tau05,p3_star,ok,-0.00038740179874002936,-0.0011736085505617666,0.00039868643470981603,0.00040187800244924745,0.50228125,8,16000,8,-0.003374970865548318,0.0026001672680682594,0.0012634434687861702,0.7680494055563504,0.78125,-0.0032430885285677784,0.0023948249615396203,-0.0027426166478544474,0.0018694523703306912,,,False,env_mean_t,True,True,True,0
A,posterior_mean_shrunk,horizon,all,200,,,all,,,False,exploratory,phi_k16_weighted,p3_star,ok,-0.00011134012229740621,-0.0009128213202870938,0.0006877058495092566,0.00040855446405038985,0.49965625,8,16000,8,-0.002833753532222628,0.0026110732876278154,0.0011513090961878763,0.9256693296115708,0.875,-0.002439229478543185,0.0023817226814575186,-0.002193127969279885,0.002017437422601506,,,False,env_mean_t,True,True,True,0
A,posterior_mean_shrunk,horizon,all,200,,,all,,,False,exploratory,phi_k4,p3_star,ok,-0.0005631381217390299,-0.00084805295447552,-0.0002890713510765867,0.00014169114918424427,0.5028125,8,16000,8,-0.001341221489126112,0.00021494524564805216,0.0003290515890053035,0.13074364265400557,0.25,-0.0027616913515018993,3.0823743639206555e-05,-0.0012475727109704166,-2.084551192820072e-05,,,False,env_mean_t,True,True,True,0
A,posterior_mean_shrunk,horizon,all,200,,,all,,,False,exploratory,phi_reservoir_rule,p3_star,ok,0.0010655618510645583,0.0001483028668019415,0.0019887527438214644,0.000472185693918182,0.50084375,8,16000,8,-0.0015219235670606065,0.003653047269189723,0.0010942480254028792,0.3626044062942868,0.484375,-0.0006032466992782956,0.00900737556800207,-0.00046809719493649024,0.0033448579870630052,,,False,env_mean_t,True,True,True,0
A,posterior_mean_shrunk,horizon,all,200,,,all,,,False,exploratory,phi_sf_k16,p3_star,ok,-0.0012569740898907185,-0.001695593948778651,-0.000828618240279866,0.00021791012589932274,0.5067187499999999,8,16000,8,-0.0027010353324387996,0.0001870871526573625,0.000610693746194719,0.07856519284548763,0.0625,-0.004967579164182067,-0.00013816899341200016,-0.002519165225327015,-0.00027415104955434797,,,False,env_mean_t,True,True,True,0
A,posterior_mean_shrunk,horizon,all,200,,,all,,,False,exploratory,phi_sf_k16_noT1000,p3_star,ok,-0.0009279924351722001,-0.0016537018648023149,-0.00018354331023147114,0.0003732260929291297,0.50365625,8,16000,8,-0.003571280132538629,0.0017152952621942285,0.0011178468188279556,0.433843906951064,0.5,-0.0053705051702062755,0.0011374652353794501,-0.003091744925826788,0.0009672605749219657,,,False,env_mean_t,True,True,True,0
A,posterior_mean_shrunk,horizon,all,200,,,all,,,False,exploratory,power_a0.25,p3_star,ok,0.0019326695868949171,0.0011065091038176434,0.002764875891202223,0.00042158167945658206,0.4948125,8,16000,8,-0.00043064988000702446,0.0042959890537968585,0.0009994482063313173,0.09440159821220413,0.1171875,-0.0006135908564916255,0.004428856927448385,0.00010525052774755797,0.0037540619163944937,,,False,env_mean_t,True,True,True,0
A,posterior_mean_shrunk,horizon,all,200,,,all,,,False,exploratory,power_a0.33,p3_star,ok,0.0022910268755367727,0.0013426184579429902,0.0032503274886039424,0.0004838713532890489,0.49434374999999997,8,16000,8,-0.00031548484834435656,0.004897538599417902,0.001102294253357764,0.07626319172872027,0.078125,5.33055826920344e-06,0.005657082490512735,0.00039717531087808314,0.004357484457010287,,,False,env_mean_t,True,True,True,0
A,posterior_mean_shrunk,horizon,all,200,,,all,,,False,exploratory,power_a0.5,p3_star,ok,-1.1859722435474395e-06,-2.098683335702844e-05,1.923070358884612e-05,1.0213427712814712e-05,0.5002187499999999,8,16000,8,-7.292342128076702e-06,4.920397640981823e-06,2.582384867454557e-06,0.6599726006316627,1.0,-8.497620108309696e-06,3.164786671322541e-06,-6.6661387681961055e-06,3.1082220375537875e-06,,,False,env_mean_t,True,True,True,0
A,posterior_mean_shrunk,horizon,all,200,,,all,,,False,exploratory,power_a0.67,p3_star,ok,0.0,0.0,0.0,0.0,0.5,8,16000,8,0.0,0.0,0.0,1.0,1.0,0.0,0.0,0.0,0.0,,,False,env_mean_t,True,True,True,0
A,posterior_mean_shrunk,horizon,all,200,,,all,,,False,exploratory,refine_after_init,p3_star,ok,0.0717416027980944,0.06959817329188808,0.07384697273664642,0.0010761114152730456,0.32653125,8,16000,8,0.012635761641709667,0.13084744395447911,0.024995870323402,0.023987267284893588,0.0078125,0.027266858202718645,0.21872061447766727,0.030688241409758853,0.12042711712136403,,,False,env_mean_t,True,True,True,0
A,posterior_mean_shrunk,horizon,all,200,,,all,,,False,exploratory,rule_reservoir,p3_star,ok,0.010789592875793463,0.009432351812716889,0.012223414687639432,0.0007060260664516777,0.479625,8,16000,8,-0.006176261380021298,0.027755447131608223,0.0071748626634387065,0.17634004527813568,0.046875,0.00017127324275938507,0.10220866617686099,0.0012499709706025898,0.025493998523495973,,,False,env_mean_t,True,True,True,0
A,posterior_mean_shrunk,horizon,all,200,,,all,,,False,exploratory,uniform,p3_star,ok,0.000717504067812115,0.00040449382732319353,0.0010290836407421012,0.00016008648581859145,0.49490625,8,16000,8,0.0001803543016131138,0.0012546538340111161,0.00022716072789881234,0.015960000644991736,0.03125,0.00019425305138879125,0.001292825565412747,0.0003208102103322746,0.0011415368530899286,,,False,env_mean_t,True,True,True,0
A,posterior_mean_shrunk,horizon,all,200,,,all,,,False,exploratory,always_search,phi_k16,ok,0.0003833241257816553,-0.00040422695401503005,0.0011692169437083064,0.0004018705423957209,0.49771875,8,16000,8,-0.002603521069001129,0.00337016932056444,0.0012631373431829093,0.7703529037998988,0.78125,-0.0023885045786441327,0.0033097451263343985,-0.001931016482412815,0.0027287821966689076,,,False,env_mean_t,True,True,True,0
A,posterior_mean_shrunk,horizon,all,200,,,all,,,False,exploratory,cp0,phi_k16,ok,0.04016976586442615,0.03833323886719882,0.04204272421484347,0.0009573539827467439,0.39868750000000003,8,16000,8,0.0018766059920436312,0.07846292573680867,0.016194183852503704,0.04217886404413197,0.0078125,0.011889601320934858,0.12642944797582673,0.014535813989948293,0.07206672202012851,,,False,env_mean_t,True,True,True,0
A,posterior_mean_shrunk,horizon,all,200,,,all,,,False,exploratory,fixed_K16,phi_k16,ok,0.03181877266363881,0.030011243967601332,0.03366839657846867,0.0009286814147138622,0.4245,8,16000,8,-0.001919530211973379,0.065557075539251,0.014267934050361893,0.060962799010378536,0.0078125,0.006801336822055748,0.11423539838488028,0.008993866733275353,0.06046392678133374,,,False,env_mean_t,True,True,True,0
A,posterior_mean_shrunk,horizon,all,200,,,all,,,False,exploratory,p3_star,phi_k16,ok,0.00038740179874002936,-0.0003986864347098161,0.0011736085505617663,0.00040187800244924745,0.49771875,8,16000,8,-0.0026001672680682594,0.003374970865548318,0.0012634434687861702,0.7680494055563504,0.78125,-0.002348716507933705,0.0033470965773431845,-0.001924503330141306,0.0026965484973043206,,,False,env_mean_t,True,True,True,0
A,posterior_mean_shrunk,horizon,all,200,,,all,,,False,exploratory,phi_k1,phi_k16,ok,0.00039764560200274,-0.0003895952245329681,0.001178588917540501,0.0004017757278336596,0.49865625,8,16000,8,-0.0025912629163269696,0.0033865541203324497,0.0012640099230634275,0.7622419631262711,0.71875,-0.0023737157760800928,0.0032996753025567914,-0.0019953484702855346,0.002711324017494917,,,False,env_mean_t,True,True,True,0
A,posterior_mean_shrunk,horizon,all,200,,,all,,,False,exploratory,phi_k16_all71,phi_k16,ok,-0.0006758779827505351,-0.0010685691390335706,-0.000270307336586484,0.00020462394260185017,0.5039374999999999,8,16000,8,-0.0014335620464449562,8.180608094388595e-05,0.00032042471998840986,0.07286164674717356,0.09375,-0.0020123725167794167,-8.272414337105044e-05,-0.001329039216041565,-0.0001560633070766926,,,False,env_mean_t,True,True,True,0
A,posterior_mean_shrunk,horizon,all,200,,,all,,,False,exploratory,phi_k16_clock,phi_k16,ok,0.0018250203588249861,0.0006141477188393208,0.003046262038560599,0.0006140727040092964,0.501125,8,16000,8,-0.0019309839481471524,0.005581024665797124,0.0015884148631403643,0.2883139216162714,0.3046875,-0.000605898558616263,0.010324018729759769,-0.0004086126724840138,0.005116558629088104,,,False,env_mean_t,True,True,True,0
A,posterior_mean_shrunk,horizon,all,200,,,all,,,False,exploratory,phi_k16_cs,phi_k16,ok,4.323618300259113e-05,-3.912439193811678e-05,0.00012669128357174485,4.197374280681806e-05,0.4999375,8,16000,8,-4.2925145479886276e-06,9.076488055317089e-05,2.009989431452586e-05,0.06850579196444512,0.125,5.123559069432647e-06,0.00011024176124422154,8.646894246339797e-06,8.130411989986897e-05,,,False,env_mean_t,True,True,True,0
A,posterior_mean_shrunk,horizon,all,200,,,all,,,False,exploratory,phi_k16_famA_only,phi_k16,ok,0.0008839255748316645,0.00022847657967304258,0.001551724646196817,0.0003348411520807714,0.49924999999999997,8,16000,8,-0.0011651083314073057,0.0029329594810706345,0.0008665367890305464,0.3416501477817655,0.4296875,-0.00038702091114809997,0.01189234545430265,-0.00018177894937107324,0.0026844397656153886,,,False,env_mean_t,True,True,True,0
A,posterior_mean_shrunk,horizon,all,200,,,all,,,False,exploratory,phi_k16_famB_only,phi_k16,ok,-0.0001654726974666119,-0.00047201536248451235,0.0001390823070863687,0.0001573253411162238,0.50009375,8,16000,8,-0.000890230661769869,0.0005592852668366453,0.00030650026693038797,0.6060215480072098,0.59375,-0.0009582497098084031,0.0005149857913773925,-0.0007429995611310004,0.0003753443565219641,,,False,env_mean_t,True,True,True,0
A,posterior_mean_shrunk,horizon,all,200,,,all,,,False,exploratory,phi_k16_guard,phi_k16,ok,0.001591491826737183,0.0009656619755844532,0.002225633043016728,0.0003181077965128952,0.49640625000000005,8,16000,8,0.00045585610934517737,0.002727127544129189,0.0004802605389110149,0.012874005106870619,0.015625,0.0003776193732691849,0.002625312177024593,0.000681187781970948,0.002438428633048897,,,False,env_mean_t,True,True,True,0
A,posterior_mean_shrunk,horizon,all,200,,,all,,,False,exploratory,phi_k16_hgb,phi_k16,ok,-0.00011028158478438855,-0.0006737408124763532,0.00046011682485413963,0.0002900788411118999,0.4991875,8,16000,8,-0.001448468785605045,0.001227905616036268,0.0005659195958593713,0.851028876312155,0.90625,-0.002464160914882521,0.0007947758004279656,-0.001285311578819528,0.0007927883798722176,,,False,env_mean_t,True,True,True,0
A,posterior_mean_shrunk,horizon,all,200,,,all,,,False,exploratory,phi_k16_lucb,phi_k16,ok,-0.0003576907627284527,-0.0006980436819958412,-2.5309166949227854e-05,0.00016978828542909966,0.50078125,8,16000,8,-0.0009312334498041259,0.0002158519243472205,0.00024255130035536992,0.18379270154057817,0.25,-0.0014579775575203732,5.0050423247923956e-05,-0.0008394655082374811,2.0061701536178592e-05,,,False,env_mean_t,True,True,True,0
A,posterior_mean_shrunk,horizon,all,200,,,all,,,False,exploratory,phi_k16_noT1000,phi_k16,ok,-0.001501149818301201,-0.002083314587633822,-0.000933961976443243,0.0002940463361125746,0.5078437499999999,8,16000,8,-0.003272421999431134,0.00027012236282873215,0.0007490713080257146,0.08511388303664036,0.125,-0.011286222388905654,-6.922052409898951e-05,-0.0029607305824756623,-0.00023500633612275122,,,False,env_mean_t,True,True,True,0
A,posterior_mean_shrunk,horizon,all,200,,,all,,,False,exploratory,phi_k16_noT200,phi_k16,ok,-0.0011546290200203657,-0.0016597208057703482,-0.0006605143300021157,0.00025678034004783534,0.5044375,8,16000,8,-0.0026744612049372654,0.00036520316489653385,0.0006427372906681295,0.11548715356300679,0.125,-0.006222692252523608,-1.1804183152700062e-05,-0.0024396963492035865,-0.0001124671306461102,,,False,env_mean_t,True,True,True,0
A,posterior_mean_shrunk,horizon,all,200,,,all,,,False,exploratory,phi_k16_noambig,phi_k16,ok,-0.0015737793184816837,-0.002207611318283398,-0.0009419454534793204,0.0003202812100479025,0.5084375,8,16000,8,-0.0035567359693895917,0.0004091773324262243,0.0008385927064615916,0.1026638086169538,0.125,-0.024117377780514367,-0.0001245410289077043,-0.003193925380706787,-0.00010902273571118823,,,False,env_mean_t,True,True,True,0
A,posterior_mean_shrunk,horizon,all,200,,,all,,,False,exploratory,phi_k16_nopolicy,phi_k16,ok,-0.0005222944114357234,-0.0010778883276543636,4.4843435671281885e-05,0.00028947885013045184,0.50515625,8,16000,8,-0.001448668967588069,0.0004040801447166224,0.0003917639580700191,0.22422116333619577,0.25,-0.0014239601178094718,0.00045034728979018797,-0.001228642364963889,0.00019601900270208695,,,False,env_mean_t,True,True,True,0
A,posterior_mean_shrunk,horizon,all,200,,,all,,,False,exploratory,phi_k16_notrunc,phi_k16,ok,-0.0008507844209671019,-0.0015307177022350514,-0.00018342434173064298,0.0003436339121438166,0.506,8,16000,8,-0.002786586181832376,0.0010850173398981723,0.0008186508954060418,0.3332468455190965,0.375,-0.005382328754676385,0.0004598301805822044,-0.0025152534805238246,0.000368644580245018,,,False,env_mean_t,True,True,True,0
A,posterior_mean_shrunk,horizon,all,200,,,all,,,False,exploratory,phi_k16_onpolicy_only,phi_k16,ok,-0.00029811063967645165,-0.0009790192983928135,0.00035619416639747197,0.0003393582333024985,0.500375,8,16000,8,-0.0024004127479029533,0.0018041914685500502,0.0008890639207520668,0.7472171226492133,0.875,-0.0035415607159397277,0.0011866684602297008,-0.002092853867728261,0.0010965972091071302,,,False,env_mean_t,True,True,True,0
A,posterior_mean_shrunk,horizon,all,200,,,all,,,False,exploratory,phi_k16_onpolicy_union,phi_k16,ok,-0.0008162119016051293,-0.0012209318856093885,-0.00041818698892370776,0.00020727136068170865,0.5034375,8,16000,8,-0.0023391063943275295,0.0007066825911172708,0.000644032341162278,0.24556222416558723,0.125,-0.008184246688365898,0.00010968043967679575,-0.0021419595070183276,-4.262272268533707e-05,,,False,env_mean_t,True,True,True,0
A,posterior_mean_shrunk,horizon,all,200,,,all,,,False,exploratory,phi_k16_perstep,phi_k16,ok,0.0002603692263364792,-0.00024658514203110824,0.0007572872339551393,0.00026046387041553506,0.49612500000000004,8,16000,8,-0.0015194969961816796,0.002040235448854638,0.0007527057295971067,0.7395728462567823,0.78125,-0.000992411654280205,0.00290322676825775,-0.0009757237322628497,0.0017843337788712229,,,False,env_mean_t,True,True,True,0
A,posterior_mean_shrunk,horizon,all,200,,,all,,,False,exploratory,phi_k16_quality,phi_k16,ok,5.1676584407687185e-05,-0.00032755301799625153,0.00043303461598611645,0.00019529445862770896,0.4994375,8,16000,8,-0.0007788681403892354,0.0008822213092046099,0.00035123750601706686,0.8871795185139029,0.8125,-0.00063739291105961,0.0008221837807878916,-0.0006199211943894625,0.0006966102406382556,,,False,env_mean_t,True,True,True,0
A,posterior_mean_shrunk,horizon,all,200,,,all,,,False,exploratory,phi_k16_tau05,phi_k16,ok,0.0,0.0,0.0,0.0,0.5,8,16000,8,0.0,0.0,0.0,1.0,1.0,0.0,0.0,0.0,0.0,,,False,env_mean_t,True,True,True,0
A,posterior_mean_shrunk,horizon,all,200,,,all,,,False,exploratory,phi_k16_weighted,phi_k16,ok,0.00027606167644262313,-0.0001625927714087538,0.0007030699814094985,0.00022217789628086303,0.49865625,8,16000,8,-0.00022513543384589238,0.0007772587867311386,0.00021195634357167522,0.23397606010055313,0.25,-9.511384472778145e-05,0.0011315295391597536,-7.119457880035031e-05,0.0006870327554643154,,,False,env_mean_t,True,True,True,0
A,posterior_mean_shrunk,horizon,all,200,,,all,,,False,exploratory,phi_k4,phi_k16,ok,-0.0001757363229990006,-0.0009604450942461536,0.00058670343146332,0.00039377342231590836,0.501,8,16000,8,-0.002584034725257304,0.002232562079259303,0.0010184698057782758,0.8678886205909092,0.8125,-0.0031426540732938384,0.0017890295341033437,-0.002130370579659939,0.0015442410446703434,,,False,env_mean_t,True,True,True,0
A,posterior_mean_shrunk,horizon,all,200,,,all,,,False,exploratory,phi_reservoir_rule,phi_k16,ok,0.0014529636498045876,0.0002330097939875489,0.0026612953864969314,0.0006106169164083794,0.4983125,8,16000,8,-0.002415327846824029,0.0053212551464332045,0.0016359011348306097,0.4039322670465851,0.3984375,-0.002237060174279681,0.00597810245994271,-0.0015303200245398328,0.004480630403893883,,,False,env_mean_t,True,True,True,0
A,posterior_mean_shrunk,horizon,all,200,,,all,,,False,exploratory,phi_sf_k16,phi_k16,ok,-0.000869572291150689,-0.0016153523435150417,-0.00013955230628539563,0.00038008368449596796,0.5045625,8,16000,8,-0.0031197878015683913,0.0013806432192670134,0.0009516165238100653,0.39121758206229806,0.5,-0.003943319874144904,0.0009501854627798906,-0.0025962837245315316,0.0008513620235025884,,,False,env_mean_t,True,True,True,0
A,posterior_mean_shrunk,horizon,all,200,,,all,,,False,exploratory,phi_sf_k16_noT1000,phi_k16,ok,-0.0005405906364321709,-0.0009431420997543681,-0.000146796209173772,0.00020136503585509752,0.5017812500000001,8,16000,8,-0.0013357004683447798,0.00025451919548043797,0.0003362520837621588,0.15193742070053268,0.125,-0.003237143164220315,-1.2454195663910489e-05,-0.0012309377775527534,-6.076193251647055e-05,,,False,env_mean_t,True,True,True,0
A,posterior_mean_shrunk,horizon,all,200,,,all,,,False,exploratory,power_a0.25,phi_k16,ok,0.0023200713856349467,0.0013260534153232593,0.0033276846203648346,0.00050063748200107,0.4909375,8,16000,8,0.00010120343425945415,0.004538939337010439,0.0009383596357353133,0.04267790612571728,0.0546875,-0.0010159469029947217,0.004194738091979057,0.0005005013824411436,0.003933748370047396,,,False,env_mean_t,True,True,True,0
A,posterior_mean_shrunk,horizon,all,200,,,all,,,False,exploratory,power_a0.33,phi_k16,ok,0.002678428674276802,0.0016153324635098444,0.00375385771699257,0.0005314500947507735,0.49121875,8,16000,8,0.000640218610280551,0.0047166387382730525,0.0008619593842968225,0.017144212667635328,0.03125,0.00039436586274407,0.004593539901726746,0.001035198834957555,0.004199742048134794,,,False,env_mean_t,True,True,True,0
A,posterior_mean_shrunk,horizon,all,200,,,all,,,False,exploratory,power_a0.5,phi_k16,ok,0.0003862158264964819,-0.00039732616176024743,0.0011681887682243538,0.0004019168543911386,0.49790625,8,16000,8,-0.002599922930992817,0.003372354583985781,0.001262838590730798,0.7686278128084746,0.78125,-0.0023539486611084334,0.0032924555600824133,-0.001916032813489437,0.002730567542044445,,,False,env_mean_t,True,True,True,0
A,posterior_mean_shrunk,horizon,all,200,,,all,,,False,exploratory,power_a0.67,phi_k16,ok,0.00038740179874002936,-0.0003986864347098161,0.0011736085505617663,0.00040187800244924745,0.49771875,8,16000,8,-0.0026001672680682594,0.003374970865548318,0.0012634434687861702,0.7680494055563504,0.78125,-0.0023715906456142437,0.003313882170076363,-0.001910066736908629,0.0027201752911321787,,,False,env_mean_t,True,True,True,0
A,posterior_mean_shrunk,horizon,all,200,,,all,,,False,exploratory,refine_after_init,phi_k16,ok,0.07212900459683441,0.07002896685444285,0.07418422778719105,0.0010571232159484157,0.32206250000000003,8,16000,8,0.014567657441608796,0.12969035175206003,0.024342703546431508,0.021013467060006376,0.0078125,0.02920857135614198,0.21943786458141823,0.032658154325305444,0.11944214116547663,,,False,env_mean_t,True,True,True,0
A,posterior_mean_shrunk,horizon,all,200,,,all,,,False,exploratory,rule_reservoir,phi_k16,ok,0.01117699467453349,0.009603260214316834,0.012797991464503866,0.0008084032619886594,0.47690625,8,16000,8,-0.005280648784270592,0.027634638133337573,0.006959940230553925,0.15233016285423384,0.0234375,0.0008546379147782047,0.07608843299060325,0.0022548250538966387,0.02568531629843237,,,False,env_mean_t,True,True,True,0
A,posterior_mean_shrunk,horizon,all,200,,,all,,,False,exploratory,uniform,phi_k16,ok,0.0011049058665521445,0.00028882731237445136,0.0019056729683526894,0.00041271019372064174,0.49340625,8,16000,8,-0.0017236195192546662,0.003933431252358955,0.001196183868917672,0.38637931026360933,0.40625,-0.0013420778139212148,0.0044748398326600915,-0.000995205572340636,0.0032883031664416185,,,False,env_mean_t,True,True,True,0
A,posterior_mean_shrunk,horizon,all,500,,,all,,,False,exploratory,always_search,cp0,ok,-0.039502412302419534,-0.040978928618278586,-0.0380212642292463,0.000743621318738285,0.629,8,16000,8,-0.07102794027827325,-0.007976884326565813,0.01333215116719643,0.021017076360565174,0.0078125,-0.09001071465688872,-0.013541245004477315,-0.06551321013353299,-0.017114800526760517,,,False,env_mean_t,True,True,True,0
A,posterior_mean_shrunk,horizon,all,500,,,all,,,False,exploratory,fixed_K16,cp0,ok,0.01607063552644104,0.015122460777274683,0.01699890912423143,0.0004761781416195093,0.44096875,8,16000,8,0.00539125356169343,0.02675001749118865,0.0045163124574883725,0.009239784112499056,0.0078125,0.0067027359502404675,0.029434119529834383,0.008319982409477233,0.024527818876318636,,,False,env_mean_t,True,True,True,0
A,posterior_mean_shrunk,horizon,all,500,,,all,,,False,exploratory,p3_star,cp0,ok,-0.039502412302419534,-0.040978928618278586,-0.0380212642292463,0.000743621318738285,0.629,8,16000,8,-0.07102794027827325,-0.007976884326565813,0.01333215116719643,0.021017076360565174,0.0078125,-0.09122879021755745,-0.013807921967906745,-0.06491244238009676,-0.016639011104591202,,,False,env_mean_t,True,True,True,0
A,posterior_mean_shrunk,horizon,all,500,,,all,,,False,exploratory,phi_k1,cp0,ok,-0.039502412302419534,-0.040978928618278586,-0.0380212642292463,0.000743621318738285,0.629,8,16000,8,-0.07102794027827325,-0.007976884326565813,0.01333215116719643,0.021017076360565174,0.0078125,-0.09004954941127269,-0.013235159411556147,-0.0660166545882821,-0.01685753737948835,,,False,env_mean_t,True,True,True,0
A,posterior_mean_shrunk,horizon,all,500,,,all,,,False,exploratory,phi_k16_all71,cp0,ok,-0.039235861117020245,-0.0407153385982383,-0.0377693810178374,0.0007417846535797424,0.6269375,8,16000,8,-0.07090368487732851,-0.007568037356711986,0.013392328078753813,0.02203284771991364,0.0078125,-0.09123897242346553,-0.012734787452638799,-0.06602305805310607,-0.01639825134491548,,,False,env_mean_t,True,True,True,0
A,posterior_mean_shrunk,horizon,all,500,,,all,,,False,exploratory,phi_k16_clock,cp0,ok,-0.039502412302419534,-0.040978928618278586,-0.0380212642292463,0.000743621318738285,0.629,8,16000,8,-0.07102794027827325,-0.007976884326565813,0.01333215116719643,0.021017076360565174,0.0078125,-0.08456031178053991,-0.0137456184377375,-0.0660166545882821,-0.01714247677195818,,,False,env_mean_t,True,True,True,0
A,posterior_mean_shrunk,horizon,all,500,,,all,,,False,exploratory,phi_k16_cs,cp0,ok,-0.03914421486668289,-0.04062308530774317,-0.03766280174459098,0.0007402551886246668,0.62596875,8,16000,8,-0.07086239761961559,-0.007426032113750189,0.013413624905338636,0.022395992569582388,0.0078125,-0.09135117455161679,-0.013388893115317331,-0.06525551924156024,-0.016299951147811957,,,False,env_mean_t,True,True,True,0
A,posterior_mean_shrunk,horizon,all,500,,,all,,,False,exploratory,phi_k16_famA_only,cp0,ok,-0.03900590502470731,-0.04048183989798417,-0.03753844605525956,0.000739858091870582,0.6279999999999999,8,16000,8,-0.07073384941506798,-0.007277960634346645,0.013417753103474723,0.02275644569994426,0.0078125,-0.09161568872528333,-0.013356910040089782,-0.06503521690621274,-0.016111658569425345,,,False,env_mean_t,True,True,True,0
A,posterior_mean_shrunk,horizon,all,500,,,all,,,False,exploratory,phi_k16_famB_only,cp0,ok,-0.03891945014707744,-0.040385810193402,-0.03744312202179571,0.0007383547934857429,0.624625,8,16000,8,-0.07078818390769408,-0.007050716386460806,0.013477292952210153,0.023390276776219337,0.0078125,-0.08630303418485669,-0.013287986804394039,-0.0651256371201016,-0.016184169066604227,,,False,env_mean_t,True,True,True,0
A,posterior_mean_shrunk,horizon,all,500,,,all,,,False,exploratory,phi_k16_guard,cp0,ok,-0.039152157792821524,-0.040628614191518864,-0.03767412445595255,0.0007402304181698465,0.6261875,8,16000,8,-0.07086587001372376,-0.0074384455719192916,0.01341173431657915,0.022364005491103824,0.0078125,-0.0858448343384913,-0.013097792124810312,-0.06539416097518987,-0.016299546639434993,,,False,env_mean_t,True,True,True,0
A,posterior_mean_shrunk,horizon,all,500,,,all,,,False,exploratory,phi_k16_hgb,cp0,ok,-0.039365480342879886,-0.040844610691056,-0.03790912176846178,0.0007419445757676871,0.630625,8,16000,8,-0.07093624574043059,-0.007794714945329184,0.013351282080561,0.021454305599260988,0.0078125,-0.0845536482818556,-0.014433111203562343,-0.06455251307180151,-0.016605975446116656,,,False,env_mean_t,True,True,True,0
A,posterior_mean_shrunk,horizon,all,500,,,all,,,False,exploratory,phi_k16_lucb,cp0,ok,-0.038936467202380295,-0.04040767823571514,-0.037459870324892106,0.0007384109784132128,0.6251249999999999,8,16000,8,-0.07079719744003479,-0.0070757369647257914,0.013473908260982046,0.023323978157893954,0.0078125,-0.09082380894559844,-0.013071001768711298,-0.0650654792567482,-0.01620541504677385,,,False,env_mean_t,True,True,True,0
A,posterior_mean_shrunk,horizon,all,500,,,all,,,False,exploratory,phi_k16_noT1000,cp0,ok,-0.03950121683813631,-0.04097678554026061,-0.038019887109840056,0.000743621148277333,0.62890625,8,16000,8,-0.07102787762976412,-0.0079745560465085,0.013332630235180838,0.02102292638030579,0.0078125,-0.09126314143215726,-0.012852380379922854,-0.06625670977681875,-0.016884388586157005,,,False,env_mean_t,True,True,True,0
A,posterior_mean_shrunk,horizon,all,500,,,all,,,False,exploratory,phi_k16_noT200,cp0,ok,-0.039435746612027284,-0.040906344267568784,-0.03795462936614058,0.0007430954630740501,0.6277187500000001,8,16000,8,-0.0709968013534894,-0.007874691870565165,0.013347175442442051,0.021267062593327897,0.0078125,-0.09078242444914562,-0.013294271124937227,-0.06577466328238368,-0.01675886694499059,,,False,env_mean_t,True,True,True,0
A,posterior_mean_shrunk,horizon,all,500,,,all,,,False,exploratory,phi_k16_noambig,cp0,ok,-0.03949561133794486,-0.04096971530670999,-0.038012361746950774,0.0007436211703787572,0.62859375,8,16000,8,-0.07102567516618635,-0.007965547509703366,0.01333406937994618,0.021045018915554495,0.0078125,-0.09074872553577884,-0.014243965368167636,-0.06472426265390821,-0.01713564262250439,,,False,env_mean_t,True,True,True,0
A,posterior_mean_shrunk,horizon,all,500,,,all,,,False,exploratory,phi_k16_nopolicy,cp0,ok,-0.03949845263548195,-0.04097379386985267,-0.038015476767759536,0.0007436228185385352,0.628625,8,16000,8,-0.07102716241577056,-0.007969742855193328,0.013333496752835567,0.02103485838077776,0.0078125,-0.09121730750211036,-0.013595238615904157,-0.06551403742562978,-0.016800530401524155,,,False,env_mean_t,True,True,True,0
A,posterior_mean_shrunk,horizon,all,500,,,all,,,False,exploratory,phi_k16_notrunc,cp0,ok,-0.039502412302419534,-0.040978928618278586,-0.0380212642292463,0.000743621318738285,0.629,8,16000,8,-0.07102794027827325,-0.007976884326565813,0.01333215116719643,0.021017076360565174,0.0078125,-0.09008810542597355,-0.013541611463094471,-0.06522414296616334,-0.016611334859393537,,,False,env_mean_t,True,True,True,0
A,posterior_mean_shrunk,horizon,all,500,,,all,,,False,exploratory,phi_k16_onpolicy_only,cp0,ok,-0.03656887702085078,-0.038020254194361766,-0.035114800573462904,0.0007315171443243653,0.6036874999999999,8,16000,8,-0.07014749418943167,-0.0029902598522698887,0.014200402937575692,0.03672838293183889,0.0234375,-0.0831719852599663,-0.008449547887840733,-0.06394240933066467,-0.012499959256127508,,,False,env_mean_t,True,True,True,0
A,posterior_mean_shrunk,horizon,all,500,,,all,,,False,exploratory,phi_k16_onpolicy_union,cp0,ok,-0.03914318596385419,-0.04061207233025925,-0.03766403976987931,0.0007402670048191871,0.62628125,8,16000,8,-0.07086364303258377,-0.007422728895124603,0.01341458671387771,0.022405114744349624,0.0078125,-0.09137697947704289,-0.013654002531384136,-0.06468214522302151,-0.016033786221407356,,,False,env_mean_t,True,True,True,0
A,posterior_mean_shrunk,horizon,all,500,,,all,,,False,exploratory,phi_k16_perstep,cp0,ok,-0.03904727822728454,-0.04052084355062106,-0.037565283402364,0.0007404477745184032,0.62621875,8,16000,8,-0.0708660372376907,-0.0072285192168784,0.013456158621807835,0.02292651974013189,0.0078125,-0.09107034859064109,-0.012530373079353584,-0.0654940635333303,-0.01568790902912153,,,False,env_mean_t,True,True,True,0
A,posterior_mean_shrunk,horizon,all,500,,,all,,,False,exploratory,phi_k16_quality,cp0,ok,-0.039019900633022186,-0.04048253781875246,-0.03754387309600134,0.0007386265127383449,0.6251249999999999,8,16000,8,-0.0708178121691761,-0.007221989096868282,0.013447342221384728,0.02293088202622291,0.0078125,-0.09178391635039368,-0.012750085509801098,-0.06535962370055494,-0.015603801427420695,,,False,env_mean_t,True,True,True,0
A,posterior_mean_shrunk,horizon,all,500,,,all,,,False,exploratory,phi_k16_tau05,cp0,ok,-0.039152157792821524,-0.040628614191518864,-0.03767412445595255,0.0007402304181698465,0.6261875,8,16000,8,-0.07086587001372376,-0.0074384455719192916,0.01341173431657915,0.022364005491103824,0.0078125,-0.09001065628503979,-0.013722317028638367,-0.06478231334686278,-0.016060600327327847,,,False,env_mean_t,True,True,True,0
A,posterior_mean_shrunk,horizon,all,500,,,all,,,False,exploratory,phi_k16_weighted,cp0,ok,-0.03863620856590569,-0.04009912935907778,-0.03717283501755446,0.0007365559694516789,0.62115625,8,16000,8,-0.07064549392698725,-0.006626923204824123,0.013536732248060332,0.024541305408295237,0.0078125,-0.09103077748041256,-0.012462892460373586,-0.06507959410361945,-0.0152532697191462,,,False,env_mean_t,True,True,True,0
A,posterior_mean_shrunk,horizon,all,500,,,all,,,False,exploratory,phi_k4,cp0,ok,-0.03950265152566135,-0.0409792114602169,-0.038021335182565966,0.0007436216114608084,0.6290312499999999,8,16000,8,-0.07102795284035668,-0.007977350210966017,0.013332055312153823,0.021015905946659315,0.0078125,-0.08289264996987851,-0.013475470545684865,-0.06551472586032467,-0.017519080362422404,,,False,env_mean_t,True,True,True,0
A,posterior_mean_shrunk,horizon,all,500,,,all,,,False,exploratory,phi_reservoir_rule,cp0,ok,-0.03860239836084657,-0.04005592074536253,-0.03713712920070975,0.0007315037395793688,0.627,8,16000,8,-0.06975927871543636,-0.007445518006256792,0.013176250025179628,0.022033830652699895,0.0078125,-0.09206493410274007,-0.013851135151487767,-0.06419220121336403,-0.01637308527342975,,,False,env_mean_t,True,True,True,0
A,posterior_mean_shrunk,horizon,all,500,,,all,,,False,exploratory,phi_sf_k16,cp0,ok,-0.03949643380381167,-0.04097515578760067,-0.03801387722487561,0.0007436207264186136,0.6284375,8,16000,8,-0.07102705729807446,-0.007965810309548883,0.013334306062802205,0.02104474699523579,0.0078125,-0.08956004085970612,-0.012633982694885696,-0.06625773668963227,-0.017284862153034198,,,False,env_mean_t,True,True,True,0
A,posterior_mean_shrunk,horizon,all,500,,,all,,,False,exploratory,phi_sf_k16_noT1000,cp0,ok,-0.03917547236941755,-0.040661340066435514,-0.03770526882944978,0.0007403751653899969,0.6270625000000001,8,16000,8,-0.07086772304597086,-0.0074832216928642364,0.013402658225807237,0.022245975092003222,0.0078125,-0.09118633381848743,-0.013139637520544794,-0.06526224610138451,-0.016471376629080624,,,False,env_mean_t,True,True,True,0
A,posterior_mean_shrunk,horizon,all,500,,,all,,,False,exploratory,power_a0.25,cp0,ok,-0.039502412302419534,-0.040978928618278586,-0.0380212642292463,0.000743621318738285,0.629,8,16000,8,-0.07102794027827325,-0.007976884326565813,0.01333215116719643,0.021017076360565174,0.0078125,-0.09004954941127269,-0.014261679672893508,-0.06467215192313305,-0.017015449717175227,,,False,env_mean_t,True,True,True,0
A,posterior_mean_shrunk,horizon,all,500,,,all,,,False,exploratory,power_a0.33,cp0,ok,-0.039502412302419534,-0.040978928618278586,-0.0380212642292463,0.000743621318738285,0.629,8,16000,8,-0.07102794027827325,-0.007976884326565813,0.01333215116719643,0.021017076360565174,0.0078125,-0.09192718082189427,-0.013526953118408732,-0.06469846790470181,-0.01639966556336731,,,False,env_mean_t,True,True,True,0
A,posterior_mean_shrunk,horizon,all,500,,,all,,,False,exploratory,power_a0.5,cp0,ok,-0.039502412302419534,-0.040978928618278586,-0.0380212642292463,0.000743621318738285,0.629,8,16000,8,-0.07102794027827325,-0.007976884326565813,0.01333215116719643,0.021017076360565174,0.0078125,-0.08567531921715864,-0.01347430656591887,-0.06517581672159721,-0.01736100304685533,,,False,env_mean_t,True,True,True,0
A,posterior_mean_shrunk,horizon,all,500,,,all,,,False,exploratory,power_a0.67,cp0,ok,-0.03950278631411493,-0.040979313456773525,-0.038022032948720155,0.0007436211481778162,0.6290312499999999,8,16000,8,-0.07102795992211666,-0.007977612706113198,0.013332001304971279,0.02101524651965038,0.0078125,-0.08568169306396316,-0.013457323561086726,-0.06569582108641042,-0.017115548550151287,,,False,env_mean_t,True,True,True,0
A,posterior_mean_shrunk,horizon,all,500,,,all,,,False,exploratory,refine_after_init,cp0,ok,0.062139748849440374,0.06057191982399672,0.06365751554258167,0.0007956918760413669,0.290625,8,16000,8,0.027856702125224612,0.09642279557365613,0.014498306317007065,0.0036284910342548483,0.0078125,0.03323305557637153,0.11202989523300931,0.03692152433027514,0.08965249695447855,,,False,env_mean_t,True,True,True,0
A,posterior_mean_shrunk,horizon,all,500,,,all,,,False,exploratory,rule_reservoir,cp0,ok,-0.03278897498082369,-0.034143199812751844,-0.03146096574891999,0.0006772202408742796,0.61603125,8,16000,8,-0.05641714188805888,-0.009160808073588503,0.009992355821995619,0.01346095252336971,0.0078125,-0.0654399750791737,-0.011779102215565208,-0.05194840360200033,-0.015465901253744961,,,False,env_mean_t,True,True,True,0
A,posterior_mean_shrunk,horizon,all,500,,,all,,,False,exploratory,uniform,cp0,ok,-0.039489199647679926,-0.04096654373861384,-0.038004962660124875,0.000743867676792537,0.6297187500000001,8,16000,8,-0.07096950706544994,-0.008008892229909914,0.013313027385456797,0.020919980522146976,0.0078125,-0.09135688731712618,-0.01432922692905779,-0.06460541486708678,-0.016595693825744093,,,False,env_mean_t,True,True,True,0
A,posterior_mean_shrunk,horizon,all,500,,,all,,,False,exploratory,always_search,p3_star,ok,0.0,0.0,0.0,0.0,0.5,8,16000,8,0.0,0.0,0.0,1.0,1.0,0.0,0.0,0.0,0.0,,,False,env_mean_t,True,True,True,0
A,posterior_mean_shrunk,horizon,all,500,,,all,,,False,exploratory,cp0,p3_star,ok,0.039502412302419534,0.0380212642292463,0.040978928618278586,0.000743621318738285,0.371,8,16000,8,0.007976884326565813,0.07102794027827325,0.01333215116719643,0.021017076360565174,0.0078125,0.014183942141826028,0.08777816506733649,0.01704454525699839,0.06458221806652141,,,False,env_mean_t,True,True,True,0
A,posterior_mean_shrunk,horizon,all,500,,,all,,,False,exploratory,fixed_K16,p3_star,ok,0.05557304782886058,0.053947512274316975,0.05719383647010545,0.0008126301323150797,0.32709375,8,16000,8,0.013450240876901519,0.09769585478081963,0.017813742256760506,0.016851419292921103,0.0078125,0.021228883059953296,0.11908562310276645,0.02488644419029588,0.08924231958320596,,,False,env_mean_t,True,True,True,0
A,posterior_mean_shrunk,horizon,all,500,,,all,,,False,exploratory,phi_k1,p3_star,ok,0.0,0.0,0.0,0.0,0.5,8,16000,8,0.0,0.0,0.0,1.0,1.0,0.0,0.0,0.0,0.0,,,False,env_mean_t,True,True,True,0
A,posterior_mean_shrunk,horizon,all,500,,,all,,,False,exploratory,phi_k16_all71,p3_star,ok,0.00026655118539929386,9.220821457347486e-05,0.00044571145857617004,8.979953819168417e-05,0.496125,8,16000,8,-0.0006118980718019097,0.0011450004426004975,0.0003714963409554352,0.49630121123112114,1.0,-0.0003022634225167464,0.0161019866242375,-0.00023520655184984207,0.0010476670376956463,,,False,env_mean_t,True,True,True,0
A,posterior_mean_shrunk,horizon,all,500,,,all,,,False,exploratory,phi_k16_clock,p3_star,ok,0.0,0.0,0.0,0.0,0.5,8,16000,8,0.0,0.0,0.0,1.0,1.0,0.0,0.0,0.0,0.0,,,False,env_mean_t,True,True,True,0
A,posterior_mean_shrunk,horizon,all,500,,,all,,,False,exploratory,phi_k16_cs,p3_star,ok,0.00035819743573665616,0.000140748058885265,0.000577756438462984,0.00011154724522623658,0.49549999999999994,8,16000,8,-0.0009006973154834102,0.0016170921869567226,0.000532386805375987,0.522648435346355,1.0,-0.00046169655640957016,0.022284224390169603,-0.0003806082978844643,0.0014846347160637377,,,False,env_mean_t,True,True,True,0
A,posterior_mean_shrunk,horizon,all,500,,,all,,,False,exploratory,phi_k16_famA_only,p3_star,ok,0.0004965072777122259,0.0002268028506250631,0.0007672920298773532,0.00013860918536584386,0.4964375,8,16000,8,-0.0006659312009137959,0.0016589457563382479,0.0004915954312161928,0.34612944661859646,0.4375,-0.000251171820276113,0.0036604020090452907,-0.00019217727477662168,0.0015092475221492342,,,False,env_mean_t,True,True,True,0
A,posterior_mean_shrunk,horizon,all,500,,,all,,,False,exploratory,phi_k16_famB_only,p3_star,ok,0.000582962155342102,0.00032832732907763786,0.0008374605958692882,0.00012917532222809266,0.49462500000000004,8,16000,8,-0.0013984068098311664,0.0025643311205153707,0.0008379212738931528,0.5090332052343364,0.75,-0.0007218398054421452,0.02638311124359734,-0.0006239838041365147,0.0023592150285840032,,,False,env_mean_t,True,True,True,0
A,posterior_mean_shrunk,horizon,all,500,,,all,,,False,exploratory,phi_k16_guard,p3_star,ok,0.00035025450959801676,0.0001328155204305404,0.0005690080866429525,0.00011101560440710471,0.4954375,8,16000,8,-0.0008764316823779178,0.0015769407015739513,0.0005187658001687383,0.521238597537711,1.0,-0.00044797230132362706,0.02202817602784126,-0.00037185579165816305,0.0014477164074778556,,,False,env_mean_t,True,True,True,0
A,posterior_mean_shrunk,horizon,all,500,,,all,,,False,exploratory,phi_k16_hgb,p3_star,ok,0.00013693195953965183,-8.323650799155757e-05,0.0003561787478929545,0.00011057775109777216,0.49906249999999996,8,16000,8,-0.0005712912802717568,0.0008451551993510604,0.00029950772911779003,0.6613850421302482,0.9375,-0.00033133615518034687,0.0018646409093879658,-0.0002888209955766796,0.0007685880959033965,,,False,env_mean_t,True,True,True,0
A,posterior_mean_shrunk,horizon,all,500,,,all,,,False,exploratory,phi_k16_lucb,p3_star,ok,0.0005659451000392437,0.0003239713807829503,0.0008083477216132449,0.0001237416837637734,0.49371875,8,16000,8,-0.0013155739369418579,0.0024474641370203455,0.000795694722201099,0.4999316706241128,0.75,-0.0006875063250941807,0.010916943404247509,-0.0005921356682665639,0.0022572124786674978,,,False,env_mean_t,True,True,True,0
A,posterior_mean_shrunk,horizon,all,500,,,all,,,False,exploratory,phi_k16_noT1000,p3_star,ok,1.1954642832279204e-06,-1.1485382373166423e-06,3.914664500825892e-06,1.2854806200424529e-06,0.5000625,8,16000,8,-1.6313595528058049e-06,4.022288119261645e-06,1.1954642832279204e-06,0.3506166628202074,1.0,-4.3785087046537065e-07,1.1954642832279204e-06,0.0,3.5863928496837613e-06,,,False,env_mean_t,True,True,True,0
A,posterior_mean_shrunk,horizon,all,500,,,all,,,False,exploratory,phi_k16_noT200,p3_star,ok,6.666569039225579e-05,-6.761798795196217e-06,0.00014168479808631673,3.837508142530327e-05,0.4984375,8,16000,8,-0.00013150548553969002,0.00026483686632420157,8.380662415961434e-05,0.4524652253122667,1.0,-5.400604352738769e-05,0.0015686531310253097,-3.539554774761199e-05,0.0002393321916460991,,,False,env_mean_t,True,True,True,0
A,posterior_mean_shrunk,horizon,all,500,,,all,,,False,exploratory,phi_k16_noambig,p3_star,ok,6.800964474678039e-06,-7.876878655110873e-07,1.5695948721372585e-05,4.2366159109013774e-06,0.49978125,8,16000,8,-6.073978841475338e-06,1.9675907790831415e-05,5.444815728114504e-06,0.2517873887583538,0.5,-9.111265448889443e-07,2.9252805102939954e-05,0.0,1.7748095095157623e-05,,,False,env_mean_t,True,True,True,0
A,posterior_mean_shrunk,horizon,all,500,,,all,,,False,exploratory,phi_k16_nopolicy,p3_star,ok,3.959666937589645e-06,-7.693703366840045e-07,9.415374529453395e-06,2.613037964762854e-06,0.49990625,8,16000,8,-2.2930602761934136e-06,1.0212394151372703e-05,2.644279407001469e-06,0.17794438187400785,0.5,-8.827251424037509e-07,7.72148730584024e-06,0.0,9.300857782363891e-06,,,False,env_mean_t,True,True,True,0
A,posterior_mean_shrunk,horizon,all,500,,,all,,,False,exploratory,phi_k16_notrunc,p3_star,ok,0.0,0.0,0.0,0.0,0.5,8,16000,8,0.0,0.0,0.0,1.0,1.0,0.0,0.0,0.0,0.0,,,False,env_mean_t,True,True,True,0
A,posterior_mean_shrunk,horizon,all,500,,,all,,,False,exploratory,phi_k16_onpolicy_only,p3_star,ok,0.002933535281568766,0.0025345849890470616,0.0033372553291883375,0.00020358236986992923,0.47434374999999995,8,16000,8,-0.0012976218852129,0.007164692448350432,0.0017893570887347562,0.1451307109621461,0.0625,0.00025526578069914613,0.01638987717199878,0.0004969619885087013,0.006632378626614809,,,False,env_mean_t,True,True,True,0
A,posterior_mean_shrunk,horizon,all,500,,,all,,,False,exploratory,phi_k16_onpolicy_union,p3_star,ok,0.00035922633856534956,0.0001531905278739033,0.0005667083671028195,0.00010527209965332482,0.49634375000000003,8,16000,8,-0.0008605802283788272,0.0015790329055095265,0.0005158564055674084,0.5086534348545574,1.0,-0.0004299400443311487,0.029811151464475563,-0.00035676671192049977,0.0014472539089620113,,,False,env_mean_t,True,True,True,0
A,posterior_mean_shrunk,horizon,all,500,,,all,,,False,exploratory,phi_k16_perstep,p3_star,ok,0.0004551340751349926,0.00024033984743851991,0.0006742827760376712,0.00011133533638544077,0.49371875,8,16000,8,-0.0005974952491496349,0.0015077633994196203,0.00044515712108407436,0.3406140538362206,0.5,-0.00016730997652784327,0.023936170655060835,-2.155408263206482e-05,0.0013591225408017635,,,False,env_mean_t,True,True,True,0
A,posterior_mean_shrunk,horizon,all,500,,,all,,,False,exploratory,phi_k16_quality,p3_star,ok,0.0004825116693973542,0.0002527224262621531,0.0007107938558419846,0.00011867865105298598,0.4943125,8,16000,8,-0.0011610478669213417,0.0021260712057160503,0.0006950616087150476,0.5099320309572251,1.0,-0.0005861269076718488,0.08579455648509218,-0.0004953002594411373,0.0019507621712982655,,,False,env_mean_t,True,True,True,0
A,posterior_mean_shrunk,horizon,all,500,,,all,,,False,exploratory,phi_k16_tau05,p3_star,ok,0.00035025450959801676,0.0001328155204305404,0.0005690080866429525,0.00011101560440710471,0.4954375,8,16000,8,-0.0008764316823779178,0.0015769407015739513,0.0005187658001687383,0.521238597537711,1.0,-0.00044797230132362706,0.022028176027841254,-0.0003766667209565639,0.0014477164074778556,,,False,env_mean_t,True,True,True,0
A,posterior_mean_shrunk,horizon,all,500,,,all,,,False,exploratory,phi_k16_weighted,p3_star,ok,0.0008662037365138531,0.0005717473247159433,0.001174918255179591,0.00015497131161763114,0.4904375,8,16000,8,-0.0014349820085112555,0.003167389481538962,0.0009731718447339176,0.4029737949753816,0.5625,-0.0006356350102944989,0.008585532880243394,-0.0005205925405025482,0.0029056380353868006,,,False,env_mean_t,True,True,True,0
A,posterior_mean_shrunk,horizon,all,500,,,all,,,False,exploratory,phi_k4,p3_star,ok,-2.3922324180603025e-07,-8.673530885516811e-07,4.332140122187411e-07,3.241812486526459e-07,0.50009375,8,16000,8,-8.04896320925214e-07,3.2644983731315354e-07,2.392232418060302e-07,0.3506166628202074,1.0,-2.3922324180603025e-07,8.761792897525493e-08,-7.176697254180907e-07,0.0,,,False,env_mean_t,True,True,True,0
A,posterior_mean_shrunk,horizon,all,500,,,all,,,False,exploratory,phi_reservoir_rule,p3_star,ok,0.000900013941572979,0.0005100807628991788,0.0012832594071603865,0.0001975013884225633,0.49809375,8,16000,8,-0.0002897027240152443,0.0020897306071612025,0.0005031313811430479,0.11677827550591206,0.0625,4.977092630543511e-05,0.0037371373235535374,0.00013714445196092128,0.0018864920875988895,,,False,env_mean_t,True,True,True,0
A,posterior_mean_shrunk,horizon,all,500,,,all,,,False,exploratory,phi_sf_k16,p3_star,ok,5.978498607873916e-06,-3.957313742830585e-06,1.6220779286868492e-05,5.1786864849614965e-06,0.49946875,8,16000,8,-4.467029569974798e-06,1.642402678572263e-05,4.41741565105438e-06,0.21800441193504347,0.5,-6.291814038554417e-07,1.7719101283760612e-05,0.0,1.4666590839624405e-05,,,False,env_mean_t,True,True,True,0
A,posterior_mean_shrunk,horizon,all,500,,,all,,,False,exploratory,phi_sf_k16_noT1000,p3_star,ok,0.0003269399330019951,0.00011972617613196237,0.0005371199465287191,0.00010727455426210076,0.49668750000000006,8,16000,8,-0.0008820919898902462,0.0015359718558942365,0.0005112998067569725,0.5428948229901821,0.9375,-0.0004659991242246157,0.014855443740872824,-0.0003991890884935856,0.0014087543040513994,,,False,env_mean_t,True,True,True,0
A,posterior_mean_shrunk,horizon,all,500,,,all,,,False,exploratory,power_a0.25,p3_star,ok,0.0,0.0,0.0,0.0,0.5,8,16000,8,0.0,0.0,0.0,1.0,1.0,0.0,0.0,0.0,0.0,,,False,env_mean_t,True,True,True,0
A,posterior_mean_shrunk,horizon,all,500,,,all,,,False,exploratory,power_a0.33,p3_star,ok,0.0,0.0,0.0,0.0,0.5,8,16000,8,0.0,0.0,0.0,1.0,1.0,0.0,0.0,0.0,0.0,,,False,env_mean_t,True,True,True,0
A,posterior_mean_shrunk,horizon,all,500,,,all,,,False,exploratory,power_a0.5,p3_star,ok,0.0,0.0,0.0,0.0,0.5,8,16000,8,0.0,0.0,0.0,1.0,1.0,0.0,0.0,0.0,0.0,,,False,env_mean_t,True,True,True,0
A,posterior_mean_shrunk,horizon,all,500,,,all,,,False,exploratory,power_a0.67,p3_star,ok,-3.7401169538497923e-07,-1.1841170817206148e-06,6.208196623447293e-08,3.952581301258847e-07,0.5,8,16000,8,-1.258408820671634e-06,5.103854299016755e-07,3.740116953849792e-07,0.3506166628202074,1.0,-3.7401169538497923e-07,1.369855617487488e-07,-1.1220350861549376e-06,0.0,,,False,env_mean_t,True,True,True,0
A,posterior_mean_shrunk,horizon,all,500,,,all,,,False,exploratory,refine_after_init,p3_star,ok,0.10164216115185992,0.09972269809222781,0.10351892776088789,0.000955686498665721,0.21765625,8,16000,8,0.03601855683083578,0.16726576547288408,0.027752233479302613,0.008043809105796614,0.0078125,0.047640764288065095,0.199859044722034,0.053389128543878915,0.15458842946984808,,,False,env_mean_t,True,True,True,0
A,posterior_mean_shrunk,horizon,all,500,,,all,,,False,exploratory,rule_reservoir,p3_star,ok,0.006713437321595847,0.005968315008431091,0.007470697437383932,0.0003858204731315589,0.481875,8,16000,8,-0.0038307912053564706,0.017257665848548164,0.004459156045553472,0.17590453720541838,0.125,0.00010785433523484954,0.04237426308209878,0.0007461684495210648,0.015888943213038145,,,False,env_mean_t,True,True,True,0
A,posterior_mean_shrunk,horizon,all,500,,,all,,,False,exploratory,uniform,p3_star,ok,1.3212654739618304e-05,-5.9798789833465096e-05,9.232076159264578e-05,3.903429225439215e-05,0.500875,8,16000,8,-9.322717877892906e-05,0.00011965248825816568,4.501342378048043e-05,0.7776310203924095,0.8125,-0.00012107506443648192,9.732686120506617e-05,-7.469554245471953e-05,8.614463359117507e-05,,,False,env_mean_t,True,True,True,0
A,posterior_mean_shrunk,horizon,all,500,,,all,,,False,exploratory,always_search,phi_k16,ok,-0.00035025450959801676,-0.0005690080866429525,-0.00013281552043054043,0.00011101560440710471,0.5045625,8,16000,8,-0.0015769407015739513,0.0008764316823779178,0.0005187658001687383,0.521238597537711,1.0,-0.022028176027841254,0.0004438985814838082,-0.0014438476003706456,0.0003718557916581631,,,False,env_mean_t,True,True,True,0
A,posterior_mean_shrunk,horizon,all,500,,,all,,,False,exploratory,cp0,phi_k16,ok,0.039152157792821524,0.03767412445595255,0.040628614191518864,0.0007402304181698465,0.3738125,8,16000,8,0.0074384455719192916,0.07086587001372376,0.01341173431657915,0.022364005491103824,0.0078125,0.013489605478550545,0.0912228277238836,0.016640552921127538,0.06468310648679035,,,False,env_mean_t,True,True,True,0
A,posterior_mean_shrunk,horizon,all,500,,,all,,,False,exploratory,fixed_K16,phi_k16,ok,0.05522279331926257,0.053595686328480954,0.056838184859225295,0.0008100586697480678,0.3294375,8,16000,8,0.012907702435262541,0.09753788420326259,0.017895059164472774,0.01766778731898872,0.0078125,0.018893764194389893,0.11794249676746434,0.024182396749034524,0.09049343113275245,,,False,env_mean_t,True,True,True,0
A,posterior_mean_shrunk,horizon,all,500,,,all,,,False,exploratory,p3_star,phi_k16,ok,-0.00035025450959801676,-0.0005690080866429525,-0.00013281552043054043,0.00011101560440710471,0.5045625,8,16000,8,-0.0015769407015739513,0.0008764316823779178,0.0005187658001687383,0.521238597537711,1.0,-0.021802842772032278,0.00044797230132362706,-0.0014477164074778556,0.00037185579165816305,,,False,env_mean_t,True,True,True,0
A,posterior_mean_shrunk,horizon,all,500,,,all,,,False,exploratory,phi_k1,phi_k16,ok,-0.00035025450959801676,-0.0005690080866429525,-0.00013281552043054043,0.00011101560440710471,0.5045625,8,16000,8,-0.0015769407015739513,0.0008764316823779178,0.0005187658001687383,0.521238597537711,1.0,-0.021802842772032278,0.0004438985814838082,-0.0014438476003706456,0.0003718557916581631,,,False,env_mean_t,True,True,True,0
A,posterior_mean_shrunk,horizon,all,500,,,all,,,False,exploratory,phi_k16_all71,phi_k16,ok,-8.370332419872285e-05,-0.00023507440480443609,6.501223468831073e-05,7.712208034173599e-05,0.50115625,8,16000,8,-0.0004329588046098198,0.0002655521562123741,0.00014770020233694314,0.5886120698608284,1.0,-0.0034269616347147045,0.0001509766654157352,-0.0003977730982005596,0.00013664923980832099,,,False,env_mean_t,True,True,True,0
A,posterior_mean_shrunk,horizon,all,500,,,all,,,False,exploratory,phi_k16_clock,phi_k16,ok,-0.00035025450959801676,-0.0005690080866429525,-0.00013281552043054043,0.00011101560440710471,0.5045625,8,16000,8,-0.0015769407015739513,0.0008764316823779178,0.0005187658001687383,0.521238597537711,1.0,-0.022028176027841254,0.0004438985814838082,-0.0014438711534254251,0.00037185579165816305,,,False,env_mean_t,True,True,True,0
A,posterior_mean_shrunk,horizon,all,500,,,all,,,False,exploratory,phi_k16_cs,phi_k16,ok,7.94292613863945e-06,-1.4609191407544125e-05,3.184959122979335e-05,1.174286951048812e-05,0.5001249999999999,8,16000,8,-2.435428227487368e-05,4.024013455215258e-05,1.3658494956125946e-05,0.579115141902966,1.0,-1.3803999206491844e-05,0.0004850124228155356,-1.2621313333511352e-05,3.691830858588219e-05,,,False,env_mean_t,True,True,True,0
A,posterior_mean_shrunk,horizon,all,500,,,all,,,False,exploratory,phi_k16_famA_only,phi_k16,ok,0.00014625276811420915,-4.95928267923773e-05,0.0003473634683587079,9.909396662855101e-05,0.50103125,8,16000,8,-0.00012000780439366148,0.0004125133406220798,0.00011260164160480065,0.23514054279434513,0.3125,-4.5626450739960194e-05,0.0006776932513188649,-3.128339350223541e-05,0.0003750293161720037,,,False,env_mean_t,True,True,True,0
A,posterior_mean_shrunk,horizon,all,500,,,all,,,False,exploratory,phi_k16_famB_only,phi_k16,ok,0.00023270764574408534,6.82566317607325e-05,0.0003930526372641907,8.27043166518489e-05,0.49746875,8,16000,8,-0.0005251804925983831,0.0009905957840865539,0.0003205110231919357,0.49136388110331114,0.75,-0.0002526475833746648,0.0026728522292875905,-0.00024263479560613635,0.0009145539477467537,,,False,env_mean_t,True,True,True,0
A,posterior_mean_shrunk,horizon,all,500,,,all,,,False,exploratory,phi_k16_guard,phi_k16,ok,0.0,0.0,0.0,0.0,0.5,8,16000,8,0.0,0.0,0.0,1.0,1.0,0.0,0.0,0.0,0.0,,,False,env_mean_t,True,True,True,0
A,posterior_mean_shrunk,horizon,all,500,,,all,,,False,exploratory,phi_k16_hgb,phi_k16,ok,-0.00021332255005836488,-0.00042519134299681124,-4.4916774697869716e-06,0.00010685662443282593,0.50384375,8,16000,8,-0.0007415557336483184,0.0003149106335315886,0.00022338990359002772,0.3714172362807732,0.625,-0.00195228131129807,0.00011745062892727813,-0.000679128311574459,6.884315609931946e-05,,,False,env_mean_t,True,True,True,0
A,posterior_mean_shrunk,horizon,all,500,,,all,,,False,exploratory,phi_k16_lucb,phi_k16,ok,0.00021569059044122696,6.087746260163841e-05,0.00037262978996750463,8.069425162798098e-05,0.49746875,8,16000,8,-0.00044961804807652685,0.0008809992289589808,0.00028135913689864657,0.46837794155452483,0.75,-0.0002493280579629108,0.001185492259230056,-0.00017630089819431304,0.0008133648782968521,,,False,env_mean_t,True,True,True,0
A,posterior_mean_shrunk,horizon,all,500,,,all,,,False,exploratory,phi_k16_noT1000,phi_k16,ok,-0.00034905904531478885,-0.0005680021181092343,-0.000131484719713626,0.0001110122823970431,0.50459375,8,16000,8,-0.0015760751585755612,0.0008779570679459834,0.000518905323936464,0.5227268059824156,1.0,-0.01988721576245368,0.00044897497162473514,-0.0014465209431946276,0.00037572459876537324,,,False,env_mean_t,True,True,True,0
A,posterior_mean_shrunk,horizon,all,500,,,all,,,False,exploratory,phi_k16_noT200,phi_k16,ok,-0.000283588819205761,-0.0004896169342487153,-8.033480511926434e-05,0.00010577934500343189,0.503375,8,16000,8,-0.0013138000426809085,0.0007466224042693866,0.00043567650242156184,0.5358747387891218,1.0,-0.022992682506994617,0.00039225712599322136,-0.0012053867653012277,0.00034039981663227083,,,False,env_mean_t,True,True,True,0
A,posterior_mean_shrunk,horizon,all,500,,,all,,,False,exploratory,phi_k16_noambig,phi_k16,ok,-0.00034345354512333874,-0.0005620052896574635,-0.00012568075846957082,0.00011098771404076217,0.5043437500000001,8,16000,8,-0.0015579151379634796,0.0008710080477168022,0.0005135960151056107,0.5251037410926414,1.0,-0.01918461746523638,0.0004473703539913766,-0.001429968312382698,0.00037185579165816305,,,False,env_mean_t,True,True,True,0
A,posterior_mean_shrunk,horizon,all,500,,,all,,,False,exploratory,phi_k16_nopolicy,phi_k16,ok,-0.00034629484266042714,-0.0005650143095209613,-0.00012879099779183897,0.0001110107259062902,0.5044375000000001,8,16000,8,-0.0015698677987197015,0.0008772781133988472,0.0005174492121676793,0.5247964815303647,1.0,-0.017416779410317506,0.000445342470344328,-0.0014366190284490585,0.00037572459876537324,,,False,env_mean_t,True,True,True,0
A,posterior_mean_shrunk,horizon,all,500,,,all,,,False,exploratory,phi_k16_notrunc,phi_k16,ok,-0.00035025450959801676,-0.0005690080866429525,-0.00013281552043054043,0.00011101560440710471,0.5045625,8,16000,8,-0.0015769407015739513,0.0008764316823779178,0.0005187658001687383,0.521238597537711,1.0,-0.021836642760403542,0.00044797230132362706,-0.0014477164074778556,0.00037185579165816305,,,False,env_mean_t,True,True,True,0
A,posterior_mean_shrunk,horizon,all,500,,,all,,,False,exploratory,phi_k16_onpolicy_only,phi_k16,ok,0.002583280771970749,0.002205978588108337,0.0029735365164924588,0.0001951450673277478,0.47784375,8,16000,8,-0.0005804748079741265,0.005747036351915624,0.0013379527752934977,0.09481461376982318,0.0625,0.00042975705027897696,0.008793242830531654,0.0005464180745184422,0.005320386242121458,,,False,env_mean_t,True,True,True,0
A,posterior_mean_shrunk,horizon,all,500,,,all,,,False,exploratory,phi_k16_onpolicy_union,phi_k16,ok,8.97182896733284e-06,-0.00010874933177262847,0.0001207681647457548,5.894445871012179e-05,0.5001249999999999,8,16000,8,-3.6437956541287052e-06,2.1587453588794385e-05,5.335149807824141e-06,0.13652078016228802,0.25,-1.5065245654638005e-06,2.5993545037528893e-05,-4.624985158443449e-07,1.89850889146328e-05,,,False,env_mean_t,True,True,True,0
A,posterior_mean_shrunk,horizon,all,500,,,all,,,False,exploratory,phi_k16_perstep,phi_k16,ok,0.00010487956553697586,-5.8748986862156014e-05,0.00027019375433354746,8.452479344604843e-05,0.49846875,8,16000,8,-0.00026202015098873,0.0004717792820626817,0.00015516195280436897,0.5207797164451262,0.75,-0.00013614737009847144,0.02547757762274581,-0.0001184978149831295,0.0004333444163203239,,,False,env_mean_t,True,True,True,0
A,posterior_mean_shrunk,horizon,all,500,,,all,,,False,exploratory,phi_k16_quality,phi_k16,ok,0.00013225715979933738,-5.938675349170793e-06,0.0002760455629186253,7.255548927496265e-05,0.49806249999999996,8,16000,8,-0.00028499133433809796,0.0005495056539367727,0.00017645445945857212,0.4779680163805501,0.625,-0.00013830354880186657,0.003990099919270586,-0.0001187281832098961,0.0005030457638204098,,,False,env_mean_t,True,True,True,0
A,posterior_mean_shrunk,horizon,all,500,,,all,,,False,exploratory,phi_k16_tau05,phi_k16,ok,0.0,0.0,0.0,0.0,0.5,8,16000,8,0.0,0.0,0.0,1.0,1.0,0.0,0.0,0.0,0.0,,,False,env_mean_t,True,True,True,0
A,posterior_mean_shrunk,horizon,all,500,,,all,,,False,exploratory,phi_k16_weighted,phi_k16,ok,0.0005159492269158363,0.00027550251052161923,0.0007664009200425425,0.00012379814155627324,0.49365625,8,16000,8,-0.0005744054289216574,0.00160630388275333,0.0004611111702432398,0.30009297816314945,0.375,-0.00019710003764610896,0.0028236679989864667,-0.00017589495331048964,0.0014617904350161552,,,False,env_mean_t,True,True,True,0
A,posterior_mean_shrunk,horizon,all,500,,,all,,,False,exploratory,phi_k4,phi_k16,ok,-0.0003504937328398228,-0.0005691935016329808,-0.00013295003511757387,0.00011101684564993846,0.50465625,8,16000,8,-0.0015771146761685575,0.0008761272104889119,0.0005187382065046896,0.5209412730410246,1.0,-0.02240992346318795,0.00044369755926627105,-0.0014440868236124517,0.00037185579165816305,,,False,env_mean_t,True,True,True,0
A,posterior_mean_shrunk,horizon,all,500,,,all,,,False,exploratory,phi_reservoir_rule,phi_k16,ok,0.0005497594319749622,0.00010310173008747374,0.0009912425002426056,0.00022649875228346466,0.50253125,8,16000,8,-0.001297980712231856,0.0023974995761817802,0.000781409622675654,0.5044359742012632,0.484375,-0.001414588313995364,0.00196596306616842,-0.0009466623586195056,0.001901568869978654,,,False,env_mean_t,True,True,True,0
A,posterior_mean_shrunk,horizon,all,500,,,all,,,False,exploratory,phi_sf_k16,phi_k16,ok,-0.00034427601099014285,-0.0005622414711922374,-0.0001270341735221337,0.00011099845995013398,0.504,8,16000,8,-0.0015684305691376875,0.0008798785471574019,0.0005176951717901769,0.527334340563846,1.0,-0.015081998929621008,0.00045111302808359063,-0.0014384690038859844,0.00037185579165816305,,,False,env_mean_t,True,True,True,0
A,posterior_mean_shrunk,horizon,all,500,,,all,,,False,exploratory,phi_sf_k16_noT1000,phi_k16,ok,-2.3314576596021655e-05,-0.0001621697832689506,0.00011405633444958591,7.039526053675345e-05,0.500875,8,16000,8,-5.6225762785251966e-05,9.596609593208656e-06,1.3918146262376237e-05,0.13781946147914342,0.25,-8.653448951329883e-05,2.8509885174082437e-06,-4.980584979057312e-05,5.583576858043672e-07,,,False,env_mean_t,True,True,True,0
A,posterior_mean_shrunk,horizon,all,500,,,all,,,False,exploratory,power_a0.25,phi_k16,ok,-0.00035025450959801676,-0.0005690080866429525,-0.00013281552043054043,0.00011101560440710471,0.5045625,8,16000,8,-0.0015769407015739513,0.0008764316823779178,0.0005187658001687383,0.521238597537711,1.0,-0.02202817602784126,0.0004438985814838082,-0.0014438476003706456,0.00037185579165816305,,,False,env_mean_t,True,True,True,0
A,posterior_mean_shrunk,horizon,all,500,,,all,,,False,exploratory,power_a0.33,phi_k16,ok,-0.00035025450959801676,-0.0005690080866429525,-0.00013281552043054043,0.00011101560440710471,0.5045625,8,16000,8,-0.0015769407015739513,0.0008764316823779178,0.0005187658001687383,0.521238597537711,1.0,-0.021814109434822565,0.00044797230132362706,-0.0014477164074778556,0.0003718557916581631,,,False,env_mean_t,True,True,True,0
A,posterior_mean_shrunk,horizon,all,500,,,all,,,False,exploratory,power_a0.5,phi_k16,ok,-0.00035025450959801676,-0.0005690080866429525,-0.00013281552043054043,0.00011101560440710471,0.5045625,8,16000,8,-0.0015769407015739513,0.0008764316823779178,0.0005187658001687383,0.521238597537711,1.0,-0.022028176027841254,0.00044523075049263296,-0.0014447897225618362,0.00037572459876537324,,,False,env_mean_t,True,True,True,0
A,posterior_mean_shrunk,horizon,all,500,,,all,,,False,exploratory,power_a0.67,phi_k16,ok,-0.00035062852129340175,-0.0005694828634659644,-0.00013296464363747875,0.00011101493374529265,0.50459375,8,16000,8,-0.0015772128141603114,0.000875955771573508,0.000518722707018122,0.5207738185007782,1.0,-0.02276779061058106,0.00044765908832560507,-0.0014480904191732406,0.0003757245987653732,,,False,env_mean_t,True,True,True,0
A,posterior_mean_shrunk,horizon,all,500,,,all,,,False,exploratory,refine_after_init,phi_k16,ok,0.1012919066422619,0.09937241587904282,0.10314953460474499,0.0009539342149979116,0.22059374999999998,8,16000,8,0.03546443786320143,0.16711937542132238,0.027838447793436878,0.008302927598118043,0.0078125,0.04684244492567416,0.19977095435528322,0.053354043995786936,0.15525775709511946,,,False,env_mean_t,True,True,True,0
A,posterior_mean_shrunk,horizon,all,500,,,all,,,False,exploratory,rule_reservoir,phi_k16,ok,0.006363182811997831,0.005583274642661707,0.007146456825012137,0.00040147465911229656,0.4864375,8,16000,8,-0.004427647895161362,0.017154013519157026,0.0045634441496955015,0.20585827313738425,0.1328125,-0.00045474387756108594,0.04019510731669779,1.782168447972254e-06,0.015669513803184952,,,False,env_mean_t,True,True,True,0
A,posterior_mean_shrunk,horizon,all,500,,,all,,,False,exploratory,uniform,phi_k16,ok,-0.0003370418548583985,-0.0005633512182157573,-0.00011063132561730527,0.00011569748865769138,0.5054062500000001,8,16000,8,-0.0015032276563391159,0.000829143946622319,0.0004931801746916822,0.5163259615061053,1.0,-0.009690388352586045,0.00039159476880751043,-0.0013633842227049173,0.0002994558780454097,,,False,env_mean_t,True,True,True,0
A,posterior_mean_shrunk,horizon,all,1000,,,all,,,False,exploratory,always_search,cp0,ok,-0.03089805309055373,-0.03197744980861898,-0.029841430509623023,0.0005557532052745992,0.6309375,8,16000,8,-0.053539198535592955,-0.0082569076455145,0.009574944276998095,0.014512544816398567,0.0078125,-0.059485084183582164,-0.010918865598427974,-0.048944771106354895,-0.014216013673692943,,,False,env_mean_t,True,True,True,0
A,posterior_mean_shrunk,horizon,all,1000,,,all,,,False,exploratory,fixed_K16,cp0,ok,0.03564731745095924,0.03449885056761559,0.03680274381331401,0.0005828146391603804,0.3491875,8,16000,8,0.013250378934081004,0.05804425596783748,0.009471669125355504,0.007041879789944989,0.0078125,0.014921109192306072,0.06377110101441877,0.01865397252701223,0.05346369026043685,,,False,env_mean_t,True,True,True,0
A,posterior_mean_shrunk,horizon,all,1000,,,all,,,False,exploratory,p3_star,cp0,ok,-0.030897340535651893,-0.03197630368813407,-0.029840631544357166,0.000555758329056068,0.63115625,8,16000,8,-0.053537089630558324,-0.008257591440745466,0.009574353760288363,0.014510039598592558,0.0078125,-0.059775735734068663,-0.010143611278966992,-0.04920383178039919,-0.014344583895057439,,,False,env_mean_t,True,True,True,0
A,posterior_mean_shrunk,horizon,all,1000,,,all,,,False,exploratory,phi_k1,cp0,ok,-0.03089805309055373,-0.03197744980861898,-0.029841430509623023,0.0005557532052745992,0.6309375,8,16000,8,-0.053539198535592955,-0.0082569076455145,0.009574944276998095,0.014512544816398567,0.0078125,-0.0612507032500388,-0.011558941041021707,-0.04889105607650708,-0.014109521158970892,,,False,env_mean_t,True,True,True,0
A,posterior_mean_shrunk,horizon,all,1000,,,all,,,False,exploratory,phi_k16_all71,cp0,ok,-0.030897140215616674,-0.031976860876602585,-0.029839858591367376,0.0005557534433506353,0.63075,8,16000,8,-0.053539237779542684,-0.008255042651690664,0.009575346928237985,0.014517190969648366,0.0078125,-0.060403007546627356,-0.011359297608822694,-0.048950460886582725,-0.014373992918897432,,,False,env_mean_t,True,True,True,0
A,posterior_mean_shrunk,horizon,all,1000,,,all,,,False,exploratory,phi_k16_clock,cp0,ok,-0.03089805309055373,-0.03197744980861898,-0.029841430509623023,0.0005557532052745992,0.6309375,8,16000,8,-0.053539198535592955,-0.0082569076455145,0.009574944276998095,0.014512544816398567,0.0078125,-0.0604048488594226,-0.010545360296108208,-0.048900454848888324,-0.014320970274507999,,,False,env_mean_t,True,True,True,0
A,posterior_mean_shrunk,horizon,all,1000,,,all,,,False,exploratory,phi_k16_cs,cp0,ok,-0.030898082129191606,-0.03197723674820736,-0.029841654388292227,0.0005557534924941819,0.6309375,8,16000,8,-0.05353919728995954,-0.008256966968423669,0.00957493146977459,0.014512397049323835,0.0078125,-0.05976944592533031,-0.010080018508088828,-0.049498037515860044,-0.01425192221533507,,,False,env_mean_t,True,True,True,0
A,posterior_mean_shrunk,horizon,all,1000,,,all,,,False,exploratory,phi_k16_famA_only,cp0,ok,-0.030893100596498697,-0.03197414049755025,-0.02983677527954569,0.000555731807378749,0.6298125,8,16000,8,-0.053539151769970005,-0.00824704942302739,0.009577018910390174,0.014537020295074818,0.0078125,-0.06088604470673854,-0.011220718524542265,-0.0492053102159407,-0.014155687847547246,,,False,env_mean_t,True,True,True,0
A,posterior_mean_shrunk,horizon,all,1000,,,all,,,False,exploratory,phi_k16_famB_only,cp0,ok,-0.03089814297435805,-0.031977290843133235,-0.02984164916233567,0.000555753435327283,0.6308750000000001,8,16000,8,-0.05353919468050599,-0.008257091268210108,0.009574904634804954,0.014512087435882342,0.0078125,-0.06100964578331486,-0.011398372927887066,-0.04906129756337031,-0.014239216320682316,,,False,env_mean_t,True,True,True,0
A,posterior_mean_shrunk,horizon,all,1000,,,all,,,False,exploratory,phi_k16_guard,cp0,ok,-0.030898082129191606,-0.03197723674820736,-0.029841654388292227,0.0005557534924941819,0.6309375,8,16000,8,-0.05353919728995954,-0.008256966968423669,0.00957493146977459,0.014512397049323835,0.0078125,-0.06089407394929633,-0.010674230034345925,-0.049273878829088055,-0.014057257875800134,,,False,env_mean_t,True,True,True,0
A,posterior_mean_shrunk,horizon,all,1000,,,all,,,False,exploratory,phi_k16_hgb,cp0,ok,-0.03090112520707771,-0.03198076423686871,-0.029843998065189226,0.000555745139448397,0.6308750000000001,8,16000,8,-0.05353918109135216,-0.008263069322803261,0.00957363770122281,0.01449724607629113,0.0078125,-0.057896637681795995,-0.010802219842556873,-0.04922255979990586,-0.014642389614321296,,,False,env_mean_t,True,True,True,0
A,posterior_mean_shrunk,horizon,all,1000,,,all,,,False,exploratory,phi_k16_lucb,cp0,ok,-0.030898009191732852,-0.0319778673867404,-0.02984103403869085,0.0005557529914054909,0.63046875,8,16000,8,-0.05353920041898315,-0.008256817964482552,0.009574963638302979,0.014512768204762706,0.0078125,-0.061071421517263316,-0.010854173765843595,-0.049273878829088055,-0.014092918566428123,,,False,env_mean_t,True,True,True,0
A,posterior_mean_shrunk,horizon,all,1000,,,all,,,False,exploratory,phi_k16_noT1000,cp0,ok,-0.03089805309055373,-0.03197744980861898,-0.029841430509623023,0.0005557532052745992,0.6309375,8,16000,8,-0.053539198535592955,-0.0082569076455145,0.009574944276998095,0.014512544816398567,0.0078125,-0.05985697558620716,-0.010918865598427967,-0.04906120767956599,-0.014502081975340845,,,False,env_mean_t,True,True,True,0
A,posterior_mean_shrunk,horizon,all,1000,,,all,,,False,exploratory,phi_k16_noT200,cp0,ok,-0.030898296027909965,-0.03197769247854012,-0.029841897979713393,0.0005557531871103826,0.63090625,8,16000,8,-0.05353918811978746,-0.00825740393603247,0.009574837133902711,0.014511308648718987,0.0078125,-0.06040610857643309,-0.010695805162310997,-0.0492294203271158,-0.014239239236793953,,,False,env_mean_t,True,True,True,0
A,posterior_mean_shrunk,horizon,all,1000,,,all,,,False,exploratory,phi_k16_noambig,cp0,ok,-0.03089805309055373,-0.03197744980861898,-0.029841430509623023,0.0005557532052745992,0.6309375,8,16000,8,-0.053539198535592955,-0.0082569076455145,0.009574944276998095,0.014512544816398567,0.0078125,-0.06043568720608389,-0.01062105184433872,-0.04904353990260278,-0.014296322640031577,,,False,env_mean_t,True,True,True,0
A,posterior_mean_shrunk,horizon,all,1000,,,all,,,False,exploratory,phi_k16_nopolicy,cp0,ok,-0.030898328344803303,-0.03197771842351358,-0.02984158291874337,0.0005557531024011241,0.631,8,16000,8,-0.053539186735103196,-0.00825746995450341,0.009574822881499785,0.014511144215684118,0.0078125,-0.06124416400868073,-0.011325247702223543,-0.04895416987873613,-0.014124507752014329,,,False,env_mean_t,True,True,True,0
A,posterior_mean_shrunk,horizon,all,1000,,,all,,,False,exploratory,phi_k16_notrunc,cp0,ok,-0.03089805309055373,-0.03197744980861898,-0.029841430509623023,0.0005557532052745992,0.6309375,8,16000,8,-0.053539198535592955,-0.0082569076455145,0.009574944276998095,0.014512544816398567,0.0078125,-0.055968409652575754,-0.010648379200172125,-0.04922002155473455,-0.014762243871111424,,,False,env_mean_t,True,True,True,0
A,posterior_mean_shrunk,horizon,all,1000,,,all,,,False,exploratory,phi_k16_onpolicy_only,cp0,ok,-0.0014707834904547808,-0.0029630353325046594,4.836551961488987e-05,0.0007722531855564276,0.49984375,8,16000,8,-0.04340090634139111,0.040459339360481544,0.017732256117517477,0.9362181385163799,0.9375,-0.049782977318597446,0.04112019578056113,-0.03436778282886371,0.030183167995652183,,,False,env_mean_t,True,True,True,0
A,posterior_mean_shrunk,horizon,all,1000,,,all,,,False,exploratory,phi_k16_onpolicy_union,cp0,ok,-0.03089687722129747,-0.03197614915188751,-0.029840960995352363,0.0005557529992907262,0.6304062500000001,8,16000,8,-0.05353924911626676,-0.008254505326328182,0.009575462942883058,0.014518529812149412,0.0078125,-0.06165038149359954,-0.01139461281665333,-0.04896101753088877,-0.014079981638235041,,,False,env_mean_t,True,True,True,0
A,posterior_mean_shrunk,horizon,all,1000,,,all,,,False,exploratory,phi_k16_perstep,cp0,ok,-0.030898608706425877,-0.031978414522018286,-0.029842182954598683,0.0005557531860116722,0.63125,8,16000,8,-0.05353917473114797,-0.008258042681703787,0.009574699240046981,0.014509717783248995,0.0078125,-0.05642597754872392,-0.010829685079926002,-0.04906176329543814,-0.014344805051200098,,,False,env_mean_t,True,True,True,0
A,posterior_mean_shrunk,horizon,all,1000,,,all,,,False,exploratory,phi_k16_quality,cp0,ok,-0.030897140215616674,-0.031976860876602585,-0.029839858591367376,0.0005557534433506353,0.63075,8,16000,8,-0.053539237779542684,-0.008255042651690664,0.009575346928237985,0.014517190969648366,0.0078125,-0.05913048731322692,-0.010422488211897382,-0.04911545238401739,-0.014235198899463284,,,False,env_mean_t,True,True,True,0
A,posterior_mean_shrunk,horizon,all,1000,,,all,,,False,exploratory,phi_k16_tau05,cp0,ok,-0.030898082129191606,-0.03197723674820736,-0.029841654388292227,0.0005557534924941819,0.6309375,8,16000,8,-0.05353919728995954,-0.008256966968423669,0.00957493146977459,0.014512397049323835,0.0078125,-0.060051221092884036,-0.00990585375910068,-0.04959546060621505,-0.014343900502193719,,,False,env_mean_t,True,True,True,0
A,posterior_mean_shrunk,horizon,all,1000,,,all,,,False,exploratory,phi_k16_weighted,cp0,ok,-0.030902794584166258,-0.03197986700652109,-0.02984755471770768,0.0005557460595895428,0.63059375,8,16000,8,-0.053541283964862775,-0.00826430520346974,0.009573821026933767,0.014494985536424141,0.0078125,-0.06005209570322791,-0.010431805354263388,-0.04911456971182487,-0.01422692795470357,,,False,env_mean_t,True,True,True,0
A,posterior_mean_shrunk,horizon,all,1000,,,all,,,False,exploratory,phi_k4,cp0,ok,-0.03089870990021154,-0.031978566648103876,-0.02984171142343257,0.0005557533018305882,0.63096875,8,16000,8,-0.05353917040227828,-0.008258249398144808,0.009574654614498001,0.01450920296522076,0.0078125,-0.058414373872706385,-0.010982229625239114,-0.048944771106354895,-0.014345783815253525,,,False,env_mean_t,True,True,True,0
A,posterior_mean_shrunk,horizon,all,1000,,,all,,,False,exploratory,phi_reservoir_rule,cp0,ok,-0.03089702435163781,-0.03197562078203191,-0.029840413712736335,0.0005557524780698066,0.63065625,8,16000,8,-0.05353924277232015,-0.008254805930955473,0.009575398038580886,0.014517780788893604,0.0078125,-0.05984060652631438,-0.010140563909788985,-0.04920493300212547,-0.01442123494632543,,,False,env_mean_t,True,True,True,0
A,posterior_mean_shrunk,horizon,all,1000,,,all,,,False,exploratory,phi_sf_k16,cp0,ok,-0.03089770768908784,-0.03197721401920717,-0.029840698986299687,0.00055575249656443,0.63053125,8,16000,8,-0.05353921336470242,-0.008256202013473251,0.009575096618569959,0.014514302568947897,0.0078125,-0.060404924859584146,-0.011185139079263499,-0.0490070050037466,-0.014295459041744474,,,False,env_mean_t,True,True,True,0
A,posterior_mean_shrunk,horizon,all,1000,,,all,,,False,exploratory,phi_sf_k16_noT1000,cp0,ok,-0.0308852293821983,-0.031965890443461834,-0.02983133694760909,0.0005556762509961903,0.630625,8,16000,8,-0.05353626405771549,-0.00823419470668111,0.009579126434256822,0.014567902854923206,0.0078125,-0.05927769787306088,-0.010812690196981674,-0.04889651546815876,-0.01422619469234487,,,False,env_mean_t,True,True,True,0
A,posterior_mean_shrunk,horizon,all,1000,,,all,,,False,exploratory,power_a0.25,cp0,ok,-0.030897340535651893,-0.03197630368813407,-0.029840631544357166,0.000555758329056068,0.63115625,8,16000,8,-0.053537089630558324,-0.008257591440745466,0.009574353760288363,0.014510039598592558,0.0078125,-0.05984916675600019,-0.010718787806237428,-0.049273878829088055,-0.01447672085398808,,,False,env_mean_t,True,True,True,0
A,posterior_mean_shrunk,horizon,all,1000,,,all,,,False,exploratory,power_a0.33,cp0,ok,-0.030894627473782747,-0.03197355748052359,-0.029838067478340235,0.0005557593273397188,0.6304375,8,16000,8,-0.0535348632447914,-0.008254391702774096,0.009574559575695142,0.014517132487034942,0.0078125,-0.06105986070110894,-0.010763251517146924,-0.049273479101713744,-0.01428546092659235,,,False,env_mean_t,True,True,True,0
A,posterior_mean_shrunk,horizon,all,1000,,,all,,,False,exploratory,power_a0.5,cp0,ok,-0.03089805309055373,-0.03197744980861898,-0.029841430509623023,0.0005557532052745992,0.6309375,8,16000,8,-0.053539198535592955,-0.0082569076455145,0.009574944276998095,0.014512544816398567,0.0078125,-0.06043667090486531,-0.01085634616669666,-0.04899877062521409,-0.01440118902634131,,,False,env_mean_t,True,True,True,0
A,posterior_mean_shrunk,horizon,all,1000,,,all,,,False,exploratory,power_a0.67,cp0,ok,-0.030894642158877102,-0.03197007232665783,-0.02983224917879852,0.000555650621838265,0.63034375,8,16000,8,-0.05352943922578828,-0.008259845091965923,0.009572259546803108,0.014501515976706559,0.0078125,-0.06205018600026492,-0.011320164328397032,-0.048930089590605345,-0.013846424014971126,,,False,env_mean_t,True,True,True,0
A,posterior_mean_shrunk,horizon,all,1000,,,all,,,False,exploratory,refine_after_init,cp0,ok,0.08503562822542154,0.0834416346042417,0.08666724137146957,0.0008188607140901541,0.20440625,8,16000,8,0.03839037705200988,0.13168087939883322,0.019726284690682654,0.003519745522130452,0.0078125,0.044342687250763575,0.145364244117748,0.05112911751214415,0.12313707233010791,,,False,env_mean_t,True,True,True,0
A,posterior_mean_shrunk,horizon,all,1000,,,all,,,False,exploratory,rule_reservoir,cp0,ok,-0.028575275951530785,-0.02962642186867015,-0.027538254033061094,0.0005360388495711451,0.6251875,8,16000,8,-0.048447190809022614,-0.008703361094038957,0.008403836188394978,0.01143834745823663,0.0078125,-0.05199867369014048,-0.009948730197299936,-0.044349883533082904,-0.013388936580158772,,,False,env_mean_t,True,True,True,0
A,posterior_mean_shrunk,horizon,all,1000,,,all,,,False,exploratory,uniform,cp0,ok,-0.03092567767901346,-0.03200346349258325,-0.029864957237805356,0.0005556621128528766,0.6305,8,16000,8,-0.05355575350551908,-0.008295601852507838,0.009570262933428962,0.014423064017330475,0.0078125,-0.05948945598901262,-0.010865121873113868,-0.04921487352577969,-0.014350659668911248,,,False,env_mean_t,True,True,True,0
A,posterior_mean_shrunk,horizon,all,1000,,,all,,,False,exploratory,always_search,p3_star,ok,-7.125549018383025e-07,-4.358297243811648e-06,2.186409767546138e-06,1.6962450235379584e-06,0.49990625,8,16000,8,-4.502283796525195e-06,3.0771739928485907e-06,1.6026769970468564e-06,0.6700281487064088,1.0,-5.182860121287684e-06,2.0027045732932566e-06,-4.111357033252716e-06,1.973692327737808e-06,,,False,env_mean_t,True,True,True,0
A,posterior_mean_shrunk,horizon,all,1000,,,all,,,False,exploratory,cp0,p3_star,ok,0.030897340535651893,0.029840631544357166,0.03197630368813407,0.000555758329056068,0.36884375,8,16000,8,0.008257591440745466,0.053537089630558324,0.009574353760288363,0.014510039598592558,0.0078125,0.00995978431520431,0.05984916675600019,0.014319599822163583,0.049277999919676164,,,False,env_mean_t,True,True,True,0
A,posterior_mean_shrunk,horizon,all,1000,,,all,,,False,exploratory,fixed_K16,p3_star,ok,0.06654465798661113,0.06510533423279412,0.06798383027198725,0.0007296906412237325,0.25575,8,16000,8,0.021643058075813938,0.11144625789740834,0.018988894273816226,0.00993400794354949,0.0078125,0.02614524174612043,0.11923065626879674,0.033729851693846284,0.1018482683962211,,,False,env_mean_t,True,True,True,0
A,posterior_mean_shrunk,horizon,all,1000,,,all,,,False,exploratory,phi_k1,p3_star,ok,-7.125549018383025e-07,-4.358297243811648e-06,2.186409767546138e-06,1.6962450235379584e-06,0.49990625,8,16000,8,-4.502283796525195e-06,3.0771739928485907e-06,1.6026769970468564e-06,0.6700281487064088,1.0,-5.182860121287684e-06,2.0027045732932566e-06,-4.111357033252716e-06,1.973692327737808e-06,,,False,env_mean_t,True,True,True,0
A,posterior_mean_shrunk,horizon,all,1000,,,all,,,False,exploratory,phi_k16_all71,p3_star,ok,2.003200352191926e-07,-3.6548504844802193e-06,3.4231323240874187e-06,1.8139308244929233e-06,0.4998125,8,16000,8,-5.0662209202974114e-06,5.4668609907357975e-06,2.2272210698884284e-06,0.9308529590099034,1.0,-4.1700908890176365e-06,4.987161064624035e-06,-4.111357033252716e-06,4.7123171389102935e-06,,,False,env_mean_t,True,True,True,0
A,posterior_mean_shrunk,horizon,all,1000,,,all,,,False,exploratory,phi_k16_clock,p3_star,ok,-7.125549018383025e-07,-4.358297243811648e-06,2.186409767546138e-06,1.6962450235379584e-06,0.49990625,8,16000,8,-4.502283796525195e-06,3.0771739928485907e-06,1.6026769970468564e-06,0.6700281487064088,1.0,-5.182860121287684e-06,2.0027045732932566e-06,-4.111357033252716e-06,1.973692327737808e-06,,,False,env_mean_t,True,True,True,0
A,posterior_mean_shrunk,horizon,all,1000,,,all,,,False,exploratory,phi_k16_cs,p3_star,ok,-7.415935397148132e-07,-4.563140228697191e-06,2.405052742915358e-06,1.7793685033353463e-06,0.49987499999999996,8,16000,8,-4.495197214673695e-06,3.0120101352440693e-06,1.587399635451805e-06,0.6545677998021775,1.0,-5.273594224411988e-06,1.924805532860721e-06,-4.111357033252716e-06,1.8865764141082763e-06,,,False,env_mean_t,True,True,True,0
A,posterior_mean_shrunk,horizon,all,1000,,,all,,,False,exploratory,phi_k16_famA_only,p3_star,ok,4.239939153194428e-06,-1.3324882570486794e-05,2.2062499817820927e-05,8.990926627757928e-06,0.49915624999999997,8,16000,8,-8.193020598755111e-06,1.6672898905143967e-05,5.257900803298807e-06,0.4465425029904743,0.75,-4.150449196129213e-06,3.0597888854037816e-05,-3.406230360269546e-06,1.542092114686966e-05,,,False,env_mean_t,True,True,True,0
A,posterior_mean_shrunk,horizon,all,1000,,,all,,,False,exploratory,phi_k16_famB_only,p3_star,ok,-8.024387061595916e-07,-4.6689520502241055e-06,2.4076393174254916e-06,1.8118414233369209e-06,0.49987499999999996,8,16000,8,-4.483353891396007e-06,2.878476479076824e-06,1.5566596607291806e-06,0.6220882557044052,1.0,-5.494919202438953e-06,1.7651128404891974e-06,-4.111357033252716e-06,1.7040409147739409e-06,,,False,env_mean_t,True,True,True,0
A,posterior_mean_shrunk,horizon,all,1000,,,all,,,False,exploratory,phi_k16_guard,p3_star,ok,-7.415935397148132e-07,-4.563140228697191e-06,2.405052742915358e-06,1.7793685033353463e-06,0.49987499999999996,8,16000,8,-4.495197214673695e-06,3.0120101352440693e-06,1.587399635451805e-06,0.6545677998021775,1.0,-5.273594224411988e-06,1.924805532860721e-06,-4.111357033252716e-06,1.8865764141082763e-06,,,False,env_mean_t,True,True,True,0
A,posterior_mean_shrunk,horizon,all,1000,,,all,,,False,exploratory,phi_k16_hgb,p3_star,ok,-3.784671425819397e-06,-9.283211696242688e-06,6.074928492694186e-07,2.535460544905868e-06,0.49996874999999996,8,16000,8,-1.0252188768143125e-05,2.6828459165043294e-06,2.7351141890586973e-06,0.20895434094879553,0.5,-8.998213233137384e-05,6.707788076222214e-07,-9.063821285963058e-06,2.48052179813385e-07,,,False,env_mean_t,True,True,True,0
A,posterior_mean_shrunk,horizon,all,1000,,,all,,,False,exploratory,phi_k16_lucb,p3_star,ok,-6.686560809612274e-07,-4.876676209164543e-06,2.8881178934625485e-06,1.9800149756003442e-06,0.499625,8,16000,8,-4.514680487264473e-06,3.177368325342018e-06,1.6264843785276275e-06,0.6932895008587605,1.0,-5.0605891905275764e-06,2.1225290858899775e-06,-4.111357033252716e-06,2.105388790369034e-06,,,False,env_mean_t,True,True,True,0
A,posterior_mean_shrunk,horizon,all,1000,,,all,,,False,exploratory,phi_k16_noT1000,p3_star,ok,-7.125549018383025e-07,-4.358297243811648e-06,2.186409767546138e-06,1.6962450235379584e-06,0.49990625,8,16000,8,-4.502283796525195e-06,3.0771739928485907e-06,1.6026769970468564e-06,0.6700281487064088,1.0,-5.182860121287684e-06,2.0027045732932566e-06,-4.111357033252716e-06,1.973692327737808e-06,,,False,env_mean_t,True,True,True,0
A,posterior_mean_shrunk,horizon,all,1000,,,all,,,False,exploratory,phi_k16_noT200,p3_star,ok,-9.554922580718994e-07,-4.589203669524975e-06,1.889860018877698e-06,1.6751540071195659e-06,0.49987499999999996,8,16000,8,-4.472994915548127e-06,2.562010399404329e-06,1.4875524748199966e-06,0.5411196598417853,1.0,-6.343963530832224e-06,1.3845846613953516e-06,-4.111357033252716e-06,1.2448802590370179e-06,,,False,env_mean_t,True,True,True,0
A,posterior_mean_shrunk,horizon,all,1000,,,all,,,False,exploratory,phi_k16_noambig,p3_star,ok,-7.125549018383025e-07,-4.358297243811648e-06,2.186409767546138e-06,1.6962450235379584e-06,0.49990625,8,16000,8,-4.502283796525195e-06,3.0771739928485907e-06,1.6026769970468564e-06,0.6700281487064088,1.0,-5.182860121287684e-06,2.0027045732932566e-06,-4.111357033252716e-06,1.973692327737808e-06,,,False,env_mean_t,True,True,True,0
A,posterior_mean_shrunk,horizon,all,1000,,,all,,,False,exploratory,phi_k16_nopolicy,p3_star,ok,-9.878091514110566e-07,-4.6775434697110525e-06,1.9560944224394903e-06,1.7184857466507628e-06,0.4999375,8,16000,8,-4.47463373090815e-06,2.4990154280860367e-06,1.4745787104012013e-06,0.5244012377821098,1.0,-6.610257590089598e-06,1.3081046539545308e-06,-4.111357033252716e-06,1.1479295790195464e-06,,,False,env_mean_t,True,True,True,0
A,posterior_mean_shrunk,horizon,all,1000,,,all,,,False,exploratory,phi_k16_notrunc,p3_star,ok,-7.125549018383025e-07,-4.358297243811648e-06,2.186409767546138e-06,1.6962450235379584e-06,0.49990625,8,16000,8,-4.502283796525195e-06,3.0771739928485907e-06,1.6026769970468564e-06,0.6700281487064088,1.0,-5.182860121287684e-06,2.0027045732932566e-06,-4.111357033252716e-06,1.973692327737808e-06,,,False,env_mean_t,True,True,True,0
A,posterior_mean_shrunk,horizon,all,1000,,,all,,,False,exploratory,phi_k16_onpolicy_only,p3_star,ok,0.029426557045197116,0.02827755171310855,0.030576353920332623,0.0005858292411618593,0.38556250000000003,8,16000,8,0.00746012555412803,0.0513929885362662,0.009289607630587712,0.015758578253779316,0.0078125,0.009126453553453175,0.05466630047636084,0.01305050064238604,0.04651306899320916,,,False,env_mean_t,True,True,True,0
A,posterior_mean_shrunk,horizon,all,1000,,,all,,,False,exploratory,phi_k16_onpolicy_union,p3_star,ok,4.6331435441970827e-07,-3.642871911324618e-06,3.928228341010252e-06,1.943268725327577e-06,0.49959374999999995,8,16000,8,-5.308919729543202e-06,6.235548438382618e-06,2.441078780307188e-06,0.8548530927864035,1.0,-4.118083819485793e-06,6.029800733381191e-06,-4.111357033252716e-06,5.5013000965118405e-06,,,False,env_mean_t,True,True,True,0
A,posterior_mean_shrunk,horizon,all,1000,,,all,,,False,exploratory,phi_k16_perstep,p3_star,ok,-1.2681707739830016e-06,-4.934167074566175e-06,1.6608188872169188e-06,1.6980241293543089e-06,0.5,8,16000,8,-4.552062908805208e-06,2.015721360839205e-06,1.3887585448767237e-06,0.39151972314521827,1.0,-1.987589644313216e-05,7.00039561435699e-07,-4.111357033252716e-06,3.068447113037109e-07,,,False,env_mean_t,True,True,True,0
A,posterior_mean_shrunk,horizon,all,1000,,,all,,,False,exploratory,phi_k16_quality,p3_star,ok,2.003200352191926e-07,-3.6548504844802193e-06,3.4231323240874187e-06,1.8139308244929233e-06,0.4998125,8,16000,8,-5.0662209202974114e-06,5.4668609907357975e-06,2.2272210698884284e-06,0.9308529590099034,1.0,-4.1700908890176365e-06,4.987161064624035e-06,-4.111357033252716e-06,4.7123171389102935e-06,,,False,env_mean_t,True,True,True,0
A,posterior_mean_shrunk,horizon,all,1000,,,all,,,False,exploratory,phi_k16_tau05,p3_star,ok,-7.415935397148132e-07,-4.563140228697191e-06,2.405052742915358e-06,1.7793685033353463e-06,0.49987499999999996,8,16000,8,-4.495197214673695e-06,3.0120101352440693e-06,1.587399635451805e-06,0.6545677998021775,1.0,-5.273594224411988e-06,1.924805532860721e-06,-4.111357033252716e-06,1.8865764141082763e-06,,,False,env_mean_t,True,True,True,0
A,posterior_mean_shrunk,horizon,all,1000,,,all,,,False,exploratory,phi_k16_weighted,p3_star,ok,-5.45404851436615e-06,-2.0663997827696783e-05,1.0018141944101443e-05,7.773178233308815e-06,0.49990624999999994,8,16000,8,-2.1566808703762793e-05,1.0658711675030495e-05,6.8140890369974314e-06,0.44978157425553555,0.75,-3.0057017615674612e-05,5.808082038278473e-06,-1.9888814538717268e-05,4.897121340036392e-06,,,False,env_mean_t,True,True,True,0
A,posterior_mean_shrunk,horizon,all,1000,,,all,,,False,exploratory,phi_k4,p3_star,ok,-1.3693645596504212e-06,-5.243227691309471e-06,1.6994519597801623e-06,1.762260976958134e-06,0.49996874999999996,8,16000,8,-4.610337866260262e-06,1.87160874695942e-06,1.3706081650929353e-06,0.3510263756737744,1.0,-0.0017281385103064275,5.039858749208078e-07,-4.111357033252716e-06,3.2633543014526363e-09,,,False,env_mean_t,True,True,True,0
A,posterior_mean_shrunk,horizon,all,1000,,,all,,,False,exploratory,phi_reservoir_rule,p3_star,ok,3.1618401408195496e-07,-4.393661988189023e-06,4.526374766555818e-06,2.2476616240502043e-06,0.49953125,8,16000,8,-5.170201600590667e-06,5.802569628754577e-06,2.3201934138064664e-06,0.895440389204661,1.0,-4.141667844751125e-06,5.43684752216479e-06,-4.111357033252716e-06,5.059909075498581e-06,,,False,env_mean_t,True,True,True,0
A,posterior_mean_shrunk,horizon,all,1000,,,all,,,False,exploratory,phi_sf_k16,p3_star,ok,-3.671534359455107e-07,-4.883663871169117e-06,3.6496278482900368e-06,2.1874780250547006e-06,0.4995,8,16000,8,-4.648101634496969e-06,3.913794762605947e-06,1.8104137245771118e-06,0.8450594189979012,1.0,-4.529980750550451e-06,3.011757479671666e-06,-4.111357033252716e-06,3.0098967254161838e-06,,,False,env_mean_t,True,True,True,0
A,posterior_mean_shrunk,horizon,all,1000,,,all,,,False,exploratory,phi_sf_k16_noT1000,p3_star,ok,1.2111153453588486e-05,-1.4533071595224083e-05,3.963226353675963e-05,1.3797893416602982e-05,0.5001249999999999,8,16000,8,-1.1740670234843038e-05,3.5962977142020013e-05,1.0086940312975817e-05,0.26892551198170767,0.5,-3.7672530111177666e-06,0.00011133981584487314,-2.740904688835144e-06,3.236841037869453e-05,,,False,env_mean_t,True,True,True,0
A,posterior_mean_shrunk,horizon,all,1000,,,all,,,False,exploratory,power_a0.25,p3_star,ok,0.0,0.0,0.0,0.0,0.5,8,16000,8,0.0,0.0,0.0,1.0,1.0,0.0,0.0,0.0,0.0,,,False,env_mean_t,True,True,True,0
A,posterior_mean_shrunk,horizon,all,1000,,,all,,,False,exploratory,power_a0.33,p3_star,ok,2.71306186914444e-06,-1.2252088303910105e-06,6.85782412759294e-06,2.0497862607103663e-06,0.49949999999999994,8,16000,8,-1.224852598410765e-06,6.650976336699644e-06,1.6653447011307063e-06,0.14730894413503126,0.25,-5.712047425357875e-07,3.495720271695194e-05,1.332424581050873e-07,6.424035876989364e-06,,,False,env_mean_t,True,True,True,0
A,posterior_mean_shrunk,horizon,all,1000,,,all,,,False,exploratory,power_a0.5,p3_star,ok,-7.125549018383025e-07,-4.358297243811648e-06,2.186409767546138e-06,1.6962450235379584e-06,0.49990625,8,16000,8,-4.502283796525195e-06,3.0771739928485907e-06,1.6026769970468564e-06,0.6700281487064088,1.0,-5.182860121287684e-06,2.0027045732932566e-06,-4.111357033252716e-06,1.973692327737808e-06,,,False,env_mean_t,True,True,True,0
A,posterior_mean_shrunk,horizon,all,1000,,,all,,,False,exploratory,power_a0.67,p3_star,ok,2.6983767747879017e-06,-4.0288303330271434e-05,4.527350650391781e-05,2.204204965268642e-05,0.49853125,8,16000,8,-7.331428860612665e-05,7.871104215570246e-05,3.214576917652489e-05,0.9354527931929836,0.96875,-0.00010883490371623933,6.0575146587501884e-05,-6.131754070520401e-05,5.55214690044522e-05,,,False,env_mean_t,True,True,True,0
A,posterior_mean_shrunk,horizon,all,1000,,,all,,,False,exploratory,refine_after_init,p3_star,ok,0.11593296876107342,0.1142268228228204,0.11768830305081793,0.0008886189148928931,0.1521875,8,16000,8,0.047126598811265324,0.18473933871088152,0.029098225607498068,0.0052954922575752655,0.0078125,0.05638486792219585,0.20177086638697314,0.06489726612541709,0.17023664197296598,,,False,env_mean_t,True,True,True,0
A,posterior_mean_shrunk,horizon,all,1000,,,all,,,False,exploratory,rule_reservoir,p3_star,ok,0.002322064584121108,0.00199664835270994,0.002657094085722633,0.00016714391441022134,0.49059375,8,16000,8,-0.0009632388807627131,0.005607368049004928,0.0013893553966009093,0.13858034500413063,0.0625,6.488619355553586e-05,0.010297165780356114,0.00034451256506145,0.005125778084620833,,,False,env_mean_t,True,True,True,0
A,posterior_mean_shrunk,horizon,all,1000,,,all,,,False,exploratory,uniform,p3_star,ok,-2.8337143361568452e-05,-5.6991167602404845e-05,-3.2313714115161953e-06,1.3742967748664289e-05,0.49949999999999994,8,16000,8,-7.070260114713161e-05,1.4028314423994706e-05,1.7916359335749123e-05,0.1577467116934623,0.1875,-0.00011914628364989453,1.079667985111751e-06,-6.472665816545487e-05,-6.262660026550296e-07,,,False,env_mean_t,True,True,True,0
A,posterior_mean_shrunk,horizon,all,1000,,,all,,,False,exploratory,always_search,phi_k16,ok,2.903863787651062e-08,-1.6241336624034373e-06,1.7833284374546558e-06,8.693401519221985e-07,0.5000312499999999,8,16000,8,-3.962682947950716e-08,9.770410523252841e-08,2.9038637876510617e-08,0.3506166628202074,1.0,-1.0635694474307228e-08,2.903863787651062e-08,0.0,8.711591362953185e-08,,,False,env_mean_t,True,True,True,0
A,posterior_mean_shrunk,horizon,all,1000,,,all,,,False,exploratory,cp0,phi_k16,ok,0.030898082129191606,0.029841654388292227,0.03197723674820736,0.0005557534924941819,0.36906249999999996,8,16000,8,0.008256966968423669,0.05353919728995954,0.00957493146977459,0.014512397049323835,0.0078125,0.011361262631262161,0.05934234778284234,0.014396411344688397,0.04900737944385036,,,False,env_mean_t,True,True,True,0
A,posterior_mean_shrunk,horizon,all,1000,,,all,,,False,exploratory,fixed_K16,phi_k16,ok,0.06654539958015085,0.06510764513077447,0.06798669758281903,0.0007297426457608344,0.2558125,8,16000,8,0.021642183528874613,0.11144861563142708,0.018989577739900933,0.009935172874153773,0.0078125,0.025634727765397623,0.12513455086388825,0.03284071581996978,0.10269118029531092,,,False,env_mean_t,True,True,True,0
A,posterior_mean_shrunk,horizon,all,1000,,,all,,,False,exploratory,p3_star,phi_k16,ok,7.415935397148132e-07,-2.4050527429153584e-06,4.5631402286971905e-06,1.7793685033353463e-06,0.5001249999999999,8,16000,8,-3.0120101352440693e-06,4.495197214673695e-06,1.587399635451805e-06,0.6545677998021775,1.0,-1.924805532860721e-06,5.273594224411988e-06,-1.8865764141082763e-06,4.111357033252716e-06,,,False,env_mean_t,True,True,True,0
A,posterior_mean_shrunk,horizon,all,1000,,,all,,,False,exploratory,phi_k1,phi_k16,ok,2.903863787651062e-08,-1.6241336624034373e-06,1.7833284374546558e-06,8.693401519221985e-07,0.5000312499999999,8,16000,8,-3.962682947950716e-08,9.770410523252841e-08,2.9038637876510617e-08,0.3506166628202074,1.0,-1.0635694474307228e-08,2.903863787651062e-08,0.0,8.711591362953185e-08,,,False,env_mean_t,True,True,True,0
A,posterior_mean_shrunk,horizon,all,1000,,,all,,,False,exploratory,phi_k16_all71,phi_k16,ok,9.419135749340057e-07,-3.527008111348095e-07,2.4633370230731086e-06,7.107390126894776e-07,0.49993750000000003,8,16000,8,-1.2853581072594006e-06,3.169185257127412e-06,9.419135749340055e-07,0.3506166628202074,1.0,-3.449853621510281e-07,9.419135749340057e-07,0.0,2.825740724802017e-06,,,False,env_mean_t,True,True,True,0
A,posterior_mean_shrunk,horizon,all,1000,,,all,,,False,exploratory,phi_k16_clock,phi_k16,ok,2.903863787651062e-08,-1.6241336624034373e-06,1.7833284374546558e-06,8.693401519221985e-07,0.5000312499999999,8,16000,8,-3.962682947950716e-08,9.770410523252841e-08,2.9038637876510617e-08,0.3506166628202074,1.0,-1.0635694474307228e-08,2.903863787651062e-08,0.0,8.711591362953185e-08,,,False,env_mean_t,True,True,True,0
A,posterior_mean_shrunk,horizon,all,1000,,,all,,,False,exploratory,phi_k16_cs,phi_k16,ok,0.0,0.0,0.0,0.0,0.5,8,16000,8,0.0,0.0,0.0,1.0,1.0,0.0,0.0,0.0,0.0,,,False,env_mean_t,True,True,True,0
A,posterior_mean_shrunk,horizon,all,1000,,,all,,,False,exploratory,phi_k16_famA_only,phi_k16,ok,4.981532692909241e-06,-1.2584145456002998e-05,2.2730379077984237e-05,8.857533159810121e-06,0.49924999999999997,8,16000,8,-5.029323219456045e-06,1.4992388605274527e-05,4.233592675716697e-06,0.2777859902646804,0.5,-9.631514317590788e-07,3.065714800860152e-05,0.0,1.3534344732761383e-05,,,False,env_mean_t,True,True,True,0
A,posterior_mean_shrunk,horizon,all,1000,,,all,,,False,exploratory,phi_k16_famB_only,phi_k16,ok,-6.084516644477844e-08,-8.096135957202932e-07,6.270781227613043e-07,3.4143636376046084e-07,0.5,8,16000,8,-2.04721122612301e-07,8.303078972274412e-08,6.084516644477842e-08,0.3506166628202074,1.0,-6.084516644477844e-08,2.2285156876056453e-08,-1.825354993343353e-07,0.0,,,False,env_mean_t,True,True,True,0
A,posterior_mean_shrunk,horizon,all,1000,,,all,,,False,exploratory,phi_k16_guard,phi_k16,ok,0.0,0.0,0.0,0.0,0.5,8,16000,8,0.0,0.0,0.0,1.0,1.0,0.0,0.0,0.0,0.0,,,False,env_mean_t,True,True,True,0
A,posterior_mean_shrunk,horizon,all,1000,,,all,,,False,exploratory,phi_k16_hgb,phi_k16,ok,-3.0430778861045838e-06,-7.610252575318554e-06,4.92771737015118e-07,2.0752661026942192e-06,0.50009375,8,16000,8,-8.993025767231622e-06,2.906869995022454e-06,2.5162339754907025e-06,0.2657733906475952,0.5,-1.569443456522105e-05,5.048421751882217e-07,-8.119568228721618e-06,0.0,,,False,env_mean_t,True,True,True,0
A,posterior_mean_shrunk,horizon,all,1000,,,all,,,False,exploratory,phi_k16_lucb,phi_k16,ok,7.293745875358582e-08,-2.7133789899380645e-06,2.750929303374505e-06,1.3867666363780874e-06,0.49975,8,16000,8,-9.953222506469158e-08,2.454071425718632e-07,7.29374587535858e-08,0.3506166628202074,1.0,-2.6714081092041194e-08,7.293745875358582e-08,0.0,2.1881237626075745e-07,,,False,env_mean_t,True,True,True,0
A,posterior_mean_shrunk,horizon,all,1000,,,all,,,False,exploratory,phi_k16_noT1000,phi_k16,ok,2.903863787651062e-08,-1.6241336624034373e-06,1.7833284374546558e-06,8.693401519221985e-07,0.5000312499999999,8,16000,8,-3.962682947950716e-08,9.770410523252841e-08,2.9038637876510617e-08,0.3506166628202074,1.0,-1.0635694474307228e-08,2.903863787651062e-08,0.0,8.711591362953185e-08,,,False,env_mean_t,True,True,True,0
A,posterior_mean_shrunk,horizon,all,1000,,,all,,,False,exploratory,phi_k16_noT200,phi_k16,ok,-2.1389871835708618e-07,-1.356163278387612e-06,1.085270289991058e-06,6.19343605240066e-07,0.5,8,16000,8,-7.196888151688668e-07,2.9189137845469435e-07,2.1389871835708615e-07,0.3506166628202074,1.0,-2.1389871835708618e-07,7.834256643050319e-08,-6.416961550712585e-07,0.0,,,False,env_mean_t,True,True,True,0
A,posterior_mean_shrunk,horizon,all,1000,,,all,,,False,exploratory,phi_k16_noambig,phi_k16,ok,2.903863787651062e-08,-1.6241336624034373e-06,1.7833284374546558e-06,8.693401519221985e-07,0.5000312499999999,8,16000,8,-3.962682947950716e-08,9.770410523252841e-08,2.9038637876510617e-08,0.3506166628202074,1.0,-1.0635694474307228e-08,2.903863787651062e-08,0.0,8.711591362953185e-08,,,False,env_mean_t,True,True,True,0
A,posterior_mean_shrunk,horizon,all,1000,,,all,,,False,exploratory,phi_k16_nopolicy,phi_k16,ok,-2.462156116962433e-07,-1.8339337742645507e-06,1.442327254608244e-06,8.245723691950408e-07,0.5000625,8,16000,8,-8.284230182339319e-07,3.3599179484144536e-07,2.4621561169624325e-07,0.3506166628202074,1.0,-2.462156116962433e-07,9.017895508536075e-08,-7.386468350887298e-07,0.0,,,False,env_mean_t,True,True,True,0
A,posterior_mean_shrunk,horizon,all,1000,,,all,,,False,exploratory,phi_k16_notrunc,phi_k16,ok,2.903863787651062e-08,-1.6241336624034373e-06,1.7833284374546558e-06,8.693401519221985e-07,0.5000312499999999,8,16000,8,-3.962682947950716e-08,9.770410523252841e-08,2.9038637876510617e-08,0.3506166628202074,1.0,-1.0635694474307228e-08,2.903863787651062e-08,0.0,8.711591362953185e-08,,,False,env_mean_t,True,True,True,0
A,posterior_mean_shrunk,horizon,all,1000,,,all,,,False,exploratory,phi_k16_onpolicy_only,phi_k16,ok,0.029427298638736832,0.0282779292887426,0.030576292001569527,0.0005858325317112465,0.3858125,8,16000,8,0.007461289446708413,0.05139330783076525,0.009289429040251264,0.015755488473608355,0.0078125,0.008338324185519122,0.05443679024064575,0.01275297836430255,0.04667278716992587,,,False,env_mean_t,True,True,True,0
A,posterior_mean_shrunk,horizon,all,1000,,,all,,,False,exploratory,phi_k16_onpolicy_union,phi_k16,ok,1.2049078941345215e-06,-1.0867768509115188e-06,3.4922038651075115e-06,1.1770908297959679e-06,0.49971875,8,16000,8,-1.644246533271559e-06,4.054062321540602e-06,1.2049078941345215e-06,0.3506166628202074,1.0,-4.413096883604783e-07,1.2049078941345215e-06,0.0,3.6147236824035642e-06,,,False,env_mean_t,True,True,True,0
A,posterior_mean_shrunk,horizon,all,1000,,,all,,,False,exploratory,phi_k16_perstep,phi_k16,ok,-5.265772342681885e-07,-2.30312194275939e-06,1.2523641657935496e-06,9.179353983238003e-07,0.5001249999999999,8,16000,8,-1.7717345327554016e-06,7.185800642190247e-07,5.265772342681885e-07,0.3506166628202074,1.0,-5.265772342681885e-07,1.9286423160131847e-07,-1.5797317028045656e-06,0.0,,,False,env_mean_t,True,True,True,0
A,posterior_mean_shrunk,horizon,all,1000,,,all,,,False,exploratory,phi_k16_quality,phi_k16,ok,9.419135749340057e-07,-3.527008111348095e-07,2.4633370230731086e-06,7.107390126894776e-07,0.49993750000000003,8,16000,8,-1.2853581072594006e-06,3.169185257127412e-06,9.419135749340055e-07,0.3506166628202074,1.0,-3.449853621510281e-07,9.419135749340057e-07,0.0,2.825740724802017e-06,,,False,env_mean_t,True,True,True,0
A,posterior_mean_shrunk,horizon,all,1000,,,all,,,False,exploratory,phi_k16_tau05,phi_k16,ok,0.0,0.0,0.0,0.0,0.5,8,16000,8,0.0,0.0,0.0,1.0,1.0,0.0,0.0,0.0,0.0,,,False,env_mean_t,True,True,True,0
A,posterior_mean_shrunk,horizon,all,1000,,,all,,,False,exploratory,phi_k16_weighted,phi_k16,ok,-4.712454974651336e-06,-1.965448194027885e-05,1.0611254600689785e-05,7.641759065376268e-06,0.5000625,8,16000,8,-2.0184290204515958e-05,1.0759380255213286e-05,6.5430417621078565e-06,0.49472781720157577,1.0,-3.2545463029823346e-05,5.284476469503398e-06,-1.8518362194299697e-05,4.380997270345687e-06,,,False,env_mean_t,True,True,True,0
A,posterior_mean_shrunk,horizon,all,1000,,,all,,,False,exploratory,phi_k4,phi_k16,ok,-6.277710199356079e-07,-2.1447829453791197e-06,8.162988081039651e-07,7.461136624188107e-07,0.50009375,8,16000,8,-2.112213598122483e-06,8.566715582512673e-07,6.277710199356078e-07,0.3506166628202074,1.0,-6.277710199356079e-07,2.2992747787458095e-07,-1.8833130598068237e-06,0.0,,,False,env_mean_t,True,True,True,0
A,posterior_mean_shrunk,horizon,all,1000,,,all,,,False,exploratory,phi_reservoir_rule,phi_k16,ok,1.0577775537967682e-06,-2.2399702174880066e-06,4.301269541429064e-06,1.6598702246826863e-06,0.49965625,8,16000,8,-1.4434689027015602e-06,3.5590240102950967e-06,1.057777553796768e-06,0.3506166628202074,1.0,-3.8742171488225394e-07,1.0577775537967682e-06,0.0,3.1733326613903047e-06,,,False,env_mean_t,True,True,True,0
A,posterior_mean_shrunk,horizon,all,1000,,,all,,,False,exploratory,phi_sf_k16,phi_k16,ok,3.744401037693024e-07,-2.530067428097027e-06,3.2164933600142806e-06,1.460788371357651e-06,0.499625,8,16000,8,-5.109700463725086e-07,1.2598502539111134e-06,3.744401037693024e-07,0.3506166628202074,1.0,-1.371424706473436e-07,3.744401037693024e-07,0.0,1.123320311307907e-06,,,False,env_mean_t,True,True,True,0
A,posterior_mean_shrunk,horizon,all,1000,,,all,,,False,exploratory,phi_sf_k16_noT1000,phi_k16,ok,1.2852746993303298e-05,-1.3714874505410535e-05,4.022681797550831e-05,1.3720934886553066e-05,0.50025,8,16000,8,-9.778902881502639e-06,3.548439686810923e-05,9.570928598724095e-06,0.22121523448097544,0.5,-1.2045142273446222e-06,3.936286460372482e-05,0.0,3.173955157399178e-05,,,False,env_mean_t,True,True,True,0
A,posterior_mean_shrunk,horizon,all,1000,,,all,,,False,exploratory,power_a0.25,phi_k16,ok,7.415935397148132e-07,-2.4050527429153584e-06,4.5631402286971905e-06,1.7793685033353463e-06,0.5001249999999999,8,16000,8,-3.0120101352440693e-06,4.495197214673695e-06,1.587399635451805e-06,0.6545677998021775,1.0,-1.924805532860721e-06,5.273594224411988e-06,-1.8865764141082763e-06,4.111357033252716e-06,,,False,env_mean_t,True,True,True,0
A,posterior_mean_shrunk,horizon,all,1000,,,all,,,False,exploratory,power_a0.33,phi_k16,ok,3.4546554088592533e-06,-1.1019838932924126e-06,8.51466353424257e-06,2.4328928754700983e-06,0.499625,8,16000,8,-2.706203209700951e-06,9.615514027419457e-06,2.605428162385766e-06,0.2264864720204943,0.25,-2.837712225672725e-07,6.84016922909213e-05,1.332424581050873e-07,8.724354207515718e-06,,,False,env_mean_t,True,True,True,0
A,posterior_mean_shrunk,horizon,all,1000,,,all,,,False,exploratory,power_a0.5,phi_k16,ok,2.903863787651062e-08,-1.6241336624034373e-06,1.7833284374546558e-06,8.693401519221985e-07,0.5000312499999999,8,16000,8,-3.962682947950716e-08,9.770410523252841e-08,2.9038637876510617e-08,0.3506166628202074,1.0,-1.0635694474307228e-08,2.903863787651062e-08,0.0,8.711591362953185e-08,,,False,env_mean_t,True,True,True,0
A,posterior_mean_shrunk,horizon,all,1000,,,all,,,False,exploratory,power_a0.67,phi_k16,ok,3.439970314502714e-06,-3.936007624361082e-05,4.609491523268616e-05,2.2006517581569698e-05,0.49865625,8,16000,8,-7.106378858142369e-05,7.794372921042912e-05,3.150765236622331e-05,0.9161245099690704,0.9375,-0.00010378108830454167,5.751572893789207e-05,-5.9038953855633726e-05,5.479107052087784e-05,,,False,env_mean_t,True,True,True,0
A,posterior_mean_shrunk,horizon,all,1000,,,all,,,False,exploratory,refine_after_init,phi_k16,ok,0.11593371035461314,0.11422646099235863,0.11768893697299063,0.00088865553977974,0.15231250000000002,8,16000,8,0.04712547335095542,0.18474194735827087,0.02909901518489006,0.005296050269830371,0.0078125,0.05525234979522346,0.20049656955919656,0.06539238408207894,0.17125234439899212,,,False,env_mean_t,True,True,True,0
A,posterior_mean_shrunk,horizon,all,1000,,,all,,,False,exploratory,rule_reservoir,phi_k16,ok,0.002322806177660823,0.0019983579938283925,0.002656827468657496,0.00016713745320933617,0.49071875,8,16000,8,-0.0009621508516092642,0.00560776320693091,0.001389208888920672,0.13843770165278693,0.0625,6.642991204587959e-05,0.010300056792679278,0.0001398990862071514,0.005099910313263536,,,False,env_mean_t,True,True,True,0
A,posterior_mean_shrunk,horizon,all,1000,,,all,,,False,exploratory,uniform,phi_k16,ok,-2.7595549821853637e-05,-5.590260140895252e-05,-2.4206040551533216e-06,1.3656660755112129e-05,0.499625,8,16000,8,-6.925255477299366e-05,1.4061455129286397e-05,1.761675451103081e-05,0.16122892247326734,0.125,-0.00011252328788743253,2.0902730541974663e-07,-6.370494142174721e-05,-1.2279711663722995e-06,,,False,env_mean_t,True,True,True,0
A,posterior_mean_shrunk,pooled,all,all,,,all,,,False,exploratory,always_search,cp0,ok,-0.012524365238404606,-0.013466906473768176,-0.011560364339056833,0.0004867926739741197,0.55016875,40,80000,8,-0.04538204440714015,0.020333313930330933,0.013895518134267202,0.39736598001413115,0.4140625,-0.05884046014537253,0.015573456065242637,-0.039089421512748045,0.011587290536506409,,,False,env_mean_t,True,True,True,0
A,posterior_mean_shrunk,pooled,all,all,,,all,,,False,exploratory,fixed_K16,cp0,ok,-0.003581942983614499,-0.004235539400906418,-0.002938757517258637,0.00033156428567024734,0.4910562499999999,40,80000,8,-0.008740155368337083,0.0015762694011080824,0.0021814088987914546,0.14458669385332432,0.171875,-0.011347142532793043,0.0007208746572880832,-0.007710204155771607,0.00024203531406237697,,,False,env_mean_t,True,True,True,0
A,posterior_mean_shrunk,pooled,all,all,,,all,,,False,exploratory,p3_star,cp0,ok,-0.036775773350942655,-0.03761603043048126,-0.03595089703263511,0.0004262819770742256,0.60064375,40,80000,8,-0.06885647917679238,-0.004695067525092925,0.013566935974813137,0.030168846626431836,0.0078125,-0.1084086535376024,-0.012270634906726589,-0.0628764445815299,-0.014122432387193245,,,False,env_mean_t,True,True,True,0
A,posterior_mean_shrunk,pooled,all,all,,,all,,,False,exploratory,phi_k1,cp0,ok,-0.04020510991526917,-0.041064015168167316,-0.039341137188721405,0.00043883027302422126,0.6074437500000001,40,80000,8,-0.07476176217832614,-0.0056484576522122035,0.014614014146129136,0.028457400466101086,0.0078125,-0.12845310751913908,-0.013524457020512803,-0.06908644442291623,-0.016086814854187684,,,False,env_mean_t,True,True,True,0
A,posterior_mean_shrunk,pooled,all,all,,,all,,,False,exploratory,phi_k16_all71,cp0,ok,-0.03832861541505063,-0.03916231891547795,-0.03749055529144243,0.00043059163378999837,0.6050625000000001,40,80000,8,-0.07084916618217102,-0.005808064647930246,0.013752946475625,0.02702708046744892,0.0078125,-0.11995824351773217,-0.014355132310487333,-0.06497257372141978,-0.015822344227925927,,,False,env_mean_t,True,True,True,0
A,posterior_mean_shrunk,pooled,all,all,,,all,,,False,exploratory,phi_k16_clock,cp0,ok,-0.03538174555617133,-0.03624041155759187,-0.03454539310361725,0.00043466224965819954,0.59770625,40,80000,8,-0.06896167216740584,-0.0018018189449368407,0.014200956701097623,0.041505071897658626,0.0078125,-0.10603331711234909,-0.009789497100749188,-0.06252315270548373,-0.011389153188665334,,,False,env_mean_t,True,True,True,0
A,posterior_mean_shrunk,pooled,all,all,,,all,,,False,exploratory,phi_k16_cs,cp0,ok,-0.03816580713777894,-0.0389938029798941,-0.03733564825874055,0.000429501678066931,0.60423125,40,80000,8,-0.07062485762339016,-0.005706756652167709,0.013726937996067317,0.027284173866220854,0.0078125,-0.11858247716269688,-0.014205993384590873,-0.06492109402345818,-0.01587918649555686,,,False,env_mean_t,True,True,True,0
A,posterior_mean_shrunk,pooled,all,all,,,all,,,False,exploratory,phi_k16_famA_only,cp0,ok,-0.03778304671238566,-0.03859582829798455,-0.03696036725646991,0.00041765539031800937,0.60414375,40,80000,8,-0.06939216238094226,-0.006173931043829052,0.013367500416721629,0.025534568394865058,0.0078125,-0.11246476404046973,-0.01392946687772438,-0.06405074804011998,-0.016046307896518557,,,False,env_mean_t,True,True,True,0
A,posterior_mean_shrunk,pooled,all,all,,,all,,,False,exploratory,phi_k16_famB_only,cp0,ok,-0.038104755713745,-0.038935410035919625,-0.03726245039346395,0.0004286064173569857,0.6037812499999999,40,80000,8,-0.07064758299762874,-0.0055619284298612445,0.013762367218370222,0.027743421507086342,0.0078125,-0.12055687680698328,-0.01353192344034972,-0.06534166141566784,-0.015280570932827323,,,False,env_mean_t,True,True,True,0
A,posterior_mean_shrunk,pooled,all,all,,,all,,,False,exploratory,phi_k16_guard,cp0,ok,-0.03655415515693731,-0.03734670969446597,-0.03575335803885537,0.00040949752624996444,0.6022875000000001,40,80000,8,-0.06675331793714656,-0.006354992376728038,0.01277123109934589,0.024260204601105208,0.0078125,-0.10984044179068915,-0.01345778127566239,-0.06180655741542963,-0.015680457796489793,,,False,env_mean_t,True,True,True,0
A,posterior_mean_shrunk,pooled,all,all,,,all,,,False,exploratory,phi_k16_hgb,cp0,ok,-0.037397665708563184,-0.03824168719511363,-0.036561190398279,0.00043346512125418455,0.60135625,40,80000,8,-0.07053411835631171,-0.004261213060814666,0.01401341148617087,0.03205981065976164,0.0078125,-0.11747901898232607,-0.012255787476291774,-0.06519651041545209,-0.014661613803826551,,,False,env_mean_t,True,True,True,0
A,posterior_mean_shrunk,pooled,all,all,,,all,,,False,exploratory,phi_k16_lucb,cp0,ok,-0.03818140030298473,-0.03901074217159476,-0.03734975511593803,0.0004292651313245326,0.603925,40,80000,8,-0.07076929531568182,-0.005593505290287626,0.013781426368585311,0.027674288102483357,0.0078125,-0.12004256524802906,-0.013692467887317001,-0.06530768412144836,-0.01581448010175991,,,False,env_mean_t,True,True,True,0
A,posterior_mean_shrunk,pooled,all,all,,,all,,,False,exploratory,phi_k16_noT1000,cp0,ok,-0.03588283982402227,-0.036737201806972736,-0.03503631454188508,0.00043950143139198894,0.60084375,40,80000,8,-0.06655361296819334,-0.005212066679851184,0.01297067520284104,0.027835718346633058,0.0078125,-0.1218278874891826,-0.013300835523543698,-0.06087030376860188,-0.014325972205749712,,,False,env_mean_t,True,True,True,0
A,posterior_mean_shrunk,pooled,all,all,,,all,,,False,exploratory,phi_k16_noT200,cp0,ok,-0.03867071287138478,-0.03950662085597287,-0.03784025446504529,0.00043140637939995867,0.60559375,40,80000,8,-0.07141732687739502,-0.0059240988653745455,0.013848548657974935,0.026815549672706284,0.0078125,-0.12122377360071916,-0.014333432978785927,-0.06584481086060559,-0.015902607625048044,,,False,env_mean_t,True,True,True,0
A,posterior_mean_shrunk,pooled,all,all,,,all,,,False,exploratory,phi_k16_noambig,cp0,ok,-0.03769858154965204,-0.03854565076064318,-0.036853717103876985,0.00043914056679236253,0.6043125,40,80000,8,-0.06985229181652555,-0.005544871282778523,0.01359780956539507,0.027598510680266048,0.0078125,-0.12225294785224192,-0.01367888489442608,-0.06405794431350664,-0.015436663331163437,,,False,env_mean_t,True,True,True,0
A,posterior_mean_shrunk,pooled,all,all,,,all,,,False,exploratory,phi_k16_nopolicy,cp0,ok,-0.03805880479843636,-0.03887811209948268,-0.03725437005414278,0.00042014182021328186,0.6059375,40,80000,8,-0.06970161872140063,-0.006415990875472094,0.013381751414268051,0.024898554704916465,0.0078125,-0.11469495366008431,-0.01358443076586631,-0.0647031178124036,-0.015855654357386083,,,False,env_mean_t,True,True,True,0
A,posterior_mean_shrunk,pooled,all,all,,,all,,,False,exploratory,phi_k16_notrunc,cp0,ok,-0.03866140148877149,-0.039504402385719006,-0.03781842490145209,0.0004317182052823022,0.60580625,40,80000,8,-0.07146173243698077,-0.005861070540562188,0.013871265562008578,0.027018566934842007,0.0078125,-0.1209552894483223,-0.013632133928784679,-0.066485633606165,-0.015776477108080146,,,False,env_mean_t,True,True,True,0
A,posterior_mean_shrunk,pooled,all,all,,,all,,,False,exploratory,phi_k16_onpolicy_only,cp0,ok,-0.03252281319597078,-0.03339672810709999,-0.0316469353166508,0.00044984131778183284,0.57345,40,80000,8,-0.06978328602968234,0.004737659637740789,0.015757460327412837,0.07790800527279196,0.109375,-0.10201453304195957,-0.003305771164715983,-0.06302415287510413,-0.0070819156137410105,,,False,env_mean_t,True,True,True,0
A,posterior_mean_shrunk,pooled,all,all,,,all,,,False,exploratory,phi_k16_onpolicy_union,cp0,ok,-0.03871216284502753,-0.03955300003326556,-0.03786481909621216,0.00043209487799065604,0.60515,40,80000,8,-0.07184903822978711,-0.005575287460267933,0.014013590261725077,0.027996035827991175,0.0078125,-0.12367217431150862,-0.014370313949666626,-0.06569135666130278,-0.015509106040715055,,,False,env_mean_t,True,True,True,0
A,posterior_mean_shrunk,pooled,all,all,,,all,,,False,exploratory,phi_k16_perstep,cp0,ok,-0.04016137205360446,-0.04098850527909235,-0.03932848346674291,0.00042513127427475214,0.606475,40,80000,8,-0.07460260351305072,-0.005720140594158221,0.014565202668562257,0.02820346979669931,0.0078125,-0.12270063310542022,-0.014655228161302006,-0.06855732830882874,-0.016442406110895057,,,False,env_mean_t,True,True,True,0
A,posterior_mean_shrunk,pooled,all,all,,,all,,,False,exploratory,phi_k16_quality,cp0,ok,-0.0382786725663811,-0.03912049817314255,-0.037432354948541614,0.0004283338670393764,0.60390625,40,80000,8,-0.07087258510475797,-0.005684760028004235,0.013783971181223391,0.02741470514102328,0.0078125,-0.10800945259875855,-0.014076135171608741,-0.06543822196508735,-0.015995650912194685,,,False,env_mean_t,True,True,True,0
A,posterior_mean_shrunk,pooled,all,all,,,all,,,False,exploratory,phi_k16_tau05,cp0,ok,-0.03816478626146073,-0.03899441308712994,-0.03733489807775186,0.0004294746136578573,0.60428125,40,80000,8,-0.07063620299284618,-0.005693369530075265,0.013732167683518037,0.0273287080836264,0.0078125,-0.11864694601208689,-0.014109941243953237,-0.06487557580380175,-0.015913662520232175,,,False,env_mean_t,True,True,True,0
A,posterior_mean_shrunk,pooled,all,all,,,all,,,False,exploratory,phi_k16_weighted,cp0,ok,-0.03700338037806378,-0.03784744199350826,-0.03616040058834187,0.0004311386445944962,0.6005499999999999,40,80000,8,-0.06883232973956922,-0.005174431016558331,0.013460468123028776,0.02854342022392393,0.0078125,-0.11659068360311459,-0.012874724759416856,-0.06367924954863521,-0.014926276585733143,,,False,env_mean_t,True,True,True,0
A,posterior_mean_shrunk,pooled,all,all,,,all,,,False,exploratory,phi_k4,cp0,ok,-0.040220713476334095,-0.04107613922697056,-0.03936908564340229,0.0004366368539839528,0.6074999999999999,40,80000,8,-0.07460408327101076,-0.005837343681657413,0.01454073296064541,0.02785123931724637,0.0078125,-0.12680419355341993,-0.014005014137635021,-0.06862402752132765,-0.01636057567223673,,,False,env_mean_t,True,True,True,0
A,posterior_mean_shrunk,pooled,all,all,,,all,,,False,exploratory,phi_reservoir_rule,cp0,ok,-0.03397282964387068,-0.03484212495105567,-0.0331054727195442,0.0004361560596772087,0.5906375,40,80000,8,-0.0687822148138094,0.0008365555260680391,0.014720894935629421,0.054362990306288064,0.03125,-0.10207815264918316,-0.00668704959028775,-0.06243890715573961,-0.009750198313466171,,,False,env_mean_t,True,True,True,0
A,posterior_mean_shrunk,pooled,all,all,,,all,,,False,exploratory,phi_sf_k16,cp0,ok,-0.03843208596101122,-0.039304087113050626,-0.037575087060977244,0.00043625396106759616,0.60535625,40,80000,8,-0.07131046158225435,-0.005553710339768085,0.0139042706675687,0.027932527067285697,0.0078125,-0.10618551494241303,-0.013330621023914108,-0.06590949498170456,-0.015729971724818825,,,False,env_mean_t,True,True,True,0
A,posterior_mean_shrunk,pooled,all,all,,,all,,,False,exploratory,phi_sf_k16_noT1000,cp0,ok,-0.037597396255925744,-0.03842199957398407,-0.03676937973941676,0.00042890656244915523,0.60341875,40,80000,8,-0.0693627455652226,-0.005832046946628901,0.013433571650083544,0.026571410958322186,0.0078125,-0.11704793423893474,-0.013462958404321032,-0.06392482865605366,-0.01551321130039668,,,False,env_mean_t,True,True,True,0
A,posterior_mean_shrunk,pooled,all,all,,,all,,,False,exploratory,power_a0.25,cp0,ok,-0.036369495455552715,-0.03721534563701426,-0.03554615074727622,0.0004275992526118522,0.5991375,40,80000,8,-0.06822649023476773,-0.004512500676337676,0.013472328534969784,0.030658092325974953,0.0078125,-0.10757075296862303,-0.011670666239857769,-0.0626210697030962,-0.013958370082451075,,,False,env_mean_t,True,True,True,0
A,posterior_mean_shrunk,pooled,all,all,,,all,,,False,exploratory,power_a0.33,cp0,ok,-0.036289892085007706,-0.03713796544259822,-0.03546032531809033,0.00042578918504118104,0.5985437499999999,40,80000,8,-0.06819523293943629,-0.004384551230579112,0.013492774098437632,0.03110466359559879,0.0078125,-0.10949352394234188,-0.011496196195420468,-0.06268436840480243,-0.013429799036687473,,,False,env_mean_t,True,True,True,0
A,posterior_mean_shrunk,pooled,all,all,,,all,,,False,exploratory,power_a0.5,cp0,ok,-0.03624978984105564,-0.03710542467211781,-0.03542768370709382,0.00042803048916605286,0.59859375,40,80000,8,-0.06846371269944099,-0.004035866982670305,0.013623273480632879,0.032426077609992665,0.0078125,-0.09863892552441988,-0.010733502099016547,-0.06325271080929605,-0.013770154204247096,,,False,env_mean_t,True,True,True,0
A,posterior_mean_shrunk,pooled,all,all,,,all,,,False,exploratory,power_a0.67,cp0,ok,-0.03542448870645476,-0.0362797723712265,-0.03458698154151989,0.00043133616834723117,0.59624375,40,80000,8,-0.0683626879872755,-0.0024862894256340168,0.013929570103425078,0.03848857884829492,0.0078125,-0.10945790358324398,-0.010429350115758136,-0.06245547105386783,-0.011591681198254818,,,False,env_mean_t,True,True,True,0
A,posterior_mean_shrunk,pooled,all,all,,,all,,,False,exploratory,refine_after_init,cp0,ok,0.033781899326364696,0.03314333661896399,0.03440492283647472,0.0003222871682117396,0.38333125,40,80000,8,0.014512368248354588,0.053051430404374794,0.008149087985133521,0.004319431921995045,0.0078125,0.01766843347738414,0.061666948115294856,0.019401928632502178,0.049400788931986864,,,False,env_mean_t,True,True,True,0
A,posterior_mean_shrunk,pooled,all,all,,,all,,,False,exploratory,rule_reservoir,cp0,ok,-0.025018872022909817,-0.025796032109210502,-0.024243413819367562,0.00039740805136398324,0.57335,40,80000,8,-0.0518071681874996,0.0017694241416799684,0.011328775024846123,0.06294239028267502,0.0859375,-0.0649669209585776,-0.0017467068803244494,-0.0463074709268448,-0.005539564421216346,,,False,env_mean_t,True,True,True,0
A,posterior_mean_shrunk,pooled,all,all,,,all,,,False,exploratory,uniform,cp0,ok,-0.03142116205875227,-0.032280273316901004,-0.030555060427868742,0.00044140257369486464,0.5838249999999999,40,80000,8,-0.06474834975250507,0.00190602563500053,0.014094073369713595,0.06102592603670031,0.0546875,-0.09038529086004393,-0.005881222118673028,-0.05843431739238604,-0.008245501057196358,,,False,env_mean_t,True,True,True,0
A,posterior_mean_shrunk,pooled,all,all,,,all,,,False,exploratory,always_search,p3_star,ok,0.024251408112538043,0.023524938645016605,0.02500217094628596,0.00037296544479093076,0.45302499999999996,40,80000,8,0.01344233871819162,0.03506047750688447,0.004571157293623103,0.0011169135386903503,0.0078125,0.013907982808987545,0.03562491039533299,0.016091955948246105,0.03270963161072119,,,False,env_mean_t,True,True,True,0
A,posterior_mean_shrunk,pooled,all,all,,,all,,,False,exploratory,cp0,p3_star,ok,0.036775773350942655,0.03595089703263511,0.03761603043048126,0.0004262819770742256,0.39935625,40,80000,8,0.004695067525092925,0.06885647917679238,0.013566935974813137,0.030168846626431836,0.0078125,0.0118059880885397,0.10931991274156144,0.014177673149687325,0.06370793657654357,,,False,env_mean_t,True,True,True,0
A,posterior_mean_shrunk,pooled,all,all,,,all,,,False,exploratory,fixed_K16,p3_star,ok,0.03319383036732816,0.032419962568110354,0.03395641406687787,0.0003872781538140703,0.39871249999999997,40,80000,8,0.004452016464159551,0.06193564427049676,0.012154918010254038,0.029300703610095822,0.0078125,0.009284126545505544,0.0783354903343633,0.012300513601251735,0.05695055763158872,,,False,env_mean_t,True,True,True,0
A,posterior_mean_shrunk,pooled,all,all,,,all,,,False,exploratory,phi_k1,p3_star,ok,-0.0034293365643265133,-0.003917099101463464,-0.0029401616378061136,0.00024824057068067784,0.50798125,40,80000,8,-0.0062803480986586765,-0.0005783250299943492,0.001205693264970853,0.024891294539855984,0.0078125,-0.01726481023775185,-0.0014853451193510452,-0.005974846932159379,-0.0017278336634633888,,,False,env_mean_t,True,True,True,0
A,posterior_mean_shrunk,pooled,all,all,,,all,,,False,exploratory,phi_k16_all71,p3_star,ok,-0.001552842064107972,-0.00203562489907867,-0.0010601318472186,0.0002480394244949589,0.504,40,80000,8,-0.003860530446497682,0.0007548463182817382,0.0009759218111863978,0.15560119071220097,0.15625,-0.004524536898734079,0.0004510027255709352,-0.0034142407640109012,0.00017594153451063908,,,False,env_mean_t,True,True,True,0
A,posterior_mean_shrunk,pooled,all,all,,,all,,,False,exploratory,phi_k16_clock,p3_star,ok,0.0013940277947713186,0.0008857247096193535,0.001893832397592163,0.00025776952260626044,0.49686249999999993,40,80000,8,-0.0009053099762219192,0.0036933655657645564,0.0009723903362001088,0.19480109423117056,0.21875,-0.0019320056934827865,0.003227720751500242,-0.0004795715916769952,0.0029738397539035197,,,False,env_mean_t,True,True,True,0
A,posterior_mean_shrunk,pooled,all,all,,,all,,,False,exploratory,phi_k16_cs,p3_star,ok,-0.0013900337868362842,-0.001884389007071938,-0.0008877596257196998,0.00025229716321738385,0.50305,40,80000,8,-0.0038778712386876952,0.0010978036650151274,0.001052106883440628,0.22798478237993475,0.21875,-0.004123687648414782,0.0008433411165340574,-0.0033714066173299215,0.0004844739874290813,,,False,env_mean_t,True,True,True,0
A,posterior_mean_shrunk,pooled,all,all,,,all,,,False,exploratory,phi_k16_famA_only,p3_star,ok,-0.0010072733614430035,-0.0014586433700935686,-0.0005492006545449615,0.00023311403791195806,0.5025187499999999,40,80000,8,-0.0033902666990239536,0.0013757199761379464,0.0010077682896027953,0.3508383810508583,0.34375,-0.0027496935026156116,0.0023992023044185837,-0.002617794164541463,0.0010187547426834496,,,False,env_mean_t,True,True,True,0
A,posterior_mean_shrunk,pooled,all,all,,,all,,,False,exploratory,phi_k16_famB_only,p3_star,ok,-0.0013289823628023442,-0.0018300618220808927,-0.0008235446044164974,0.0002550283370718269,0.50274375,40,80000,8,-0.003933655328991234,0.0012756906033865453,0.0011015166424155599,0.2668116567484572,0.2890625,-0.004607675717402376,0.0008984471275792392,-0.003460617493808241,0.0006742726680517259,,,False,env_mean_t,True,True,True,0
A,posterior_mean_shrunk,pooled,all,all,,,all,,,False,exploratory,phi_k16_guard,p3_star,ok,0.00022161819400535015,-0.00021333121910103607,0.000668183929874857,0.00022669880020025865,0.50094375,40,80000,8,-0.0023135976946340874,0.002756834082644788,0.0010721432324529976,0.8421236605298419,0.84375,-0.002211312716605837,0.0027802008373600967,-0.0016838125581615162,0.0021913902052780026,,,False,env_mean_t,True,True,True,0
A,posterior_mean_shrunk,pooled,all,all,,,all,,,False,exploratory,phi_k16_hgb,p3_star,ok,-0.0006218923576205269,-0.001134465704308667,-0.00011053609235034425,0.00026032665956112155,0.50018125,40,80000,8,-0.0027781984658634905,0.0015344137506224363,0.0009119022215857339,0.5171782694965441,0.671875,-0.006135345380054612,0.0008663116654887664,-0.0025327677891153148,0.0007479869843935007,,,False,env_mean_t,True,True,True,0
A,posterior_mean_shrunk,pooled,all,all,,,all,,,False,exploratory,phi_k16_lucb,p3_star,ok,-0.0014056269520420755,-0.0019074437190644742,-0.0009093986573462589,0.0002531860208833474,0.50268125,40,80000,8,-0.003884758197365239,0.001073504293281088,0.001048425027212357,0.22189057370576978,0.234375,-0.0047940151696797845,0.0006720481448415166,-0.003441961128108814,0.00043308939307533335,,,False,env_mean_t,True,True,True,0
A,posterior_mean_shrunk,pooled,all,all,,,all,,,False,exploratory,phi_k16_noT1000,p3_star,ok,0.0008929335269203875,0.00034567178539354884,0.00145504725723697,0.00027679559826022536,0.5004062499999999,40,80000,8,-0.0017269385465539541,0.0035128056003947295,0.0011079443474833796,0.4467890596623572,0.421875,-0.002209089152208156,0.003377112200602505,-0.0011678473928057023,0.002801642616719764,,,False,env_mean_t,True,True,True,0
A,posterior_mean_shrunk,pooled,all,all,,,all,,,False,exploratory,phi_k16_noT200,p3_star,ok,-0.0018949395204421308,-0.0023851747625957477,-0.0013957645927237651,0.00025089371311803145,0.50495,40,80000,8,-0.004382459658546956,0.0005925806176626947,0.001051972691402983,0.11466270158611748,0.109375,-0.005151266646922706,8.244647206083065e-05,-0.0039209532010834654,-0.00012474781458004144,,,False,env_mean_t,True,True,True,0
A,posterior_mean_shrunk,pooled,all,all,,,all,,,False,exploratory,phi_k16_noambig,p3_star,ok,-0.0009228081987093902,-0.0014499567899808597,-0.0003853586622182095,0.0002687794221530513,0.5040374999999999,40,80000,8,-0.0031375964881858367,0.0012919800907670567,0.0009366343460211873,0.3573285067805797,0.3515625,-0.0035355110471076163,0.0013556309058721046,-0.002671459308351041,0.0007638188102778059,,,False,env_mean_t,True,True,True,0
A,posterior_mean_shrunk,pooled,all,all,,,all,,,False,exploratory,phi_k16_nopolicy,p3_star,ok,-0.001283031447493704,-0.0016961630187454092,-0.0008750528916655754,0.00020759712918500786,0.50486875,40,80000,8,-0.002869073893399572,0.0003030109984121642,0.0006707376213525375,0.09734620812626396,0.1015625,-0.0026895039741896007,0.0005927940153028187,-0.0024721465029942918,-2.699945967397071e-05,,,False,env_mean_t,True,True,True,0
A,posterior_mean_shrunk,pooled,all,all,,,all,,,False,exploratory,phi_k16_notrunc,p3_star,ok,-0.0018856281378288261,-0.0023605652170161306,-0.0014150365847470426,0.0002411496664629017,0.5056499999999999,40,80000,8,-0.003833523995837247,6.226772017959496e-05,0.0008237654911541825,0.055886951768525636,0.0234375,-0.0052835101733770765,-0.00040609474693639,-0.0035528033616498583,-0.0005272903267071525,,,False,env_mean_t,True,True,True,0
A,posterior_mean_shrunk,pooled,all,all,,,all,,,False,exploratory,phi_k16_onpolicy_only,p3_star,ok,0.004252960154971879,0.0036844953289551087,0.004826173315705518,0.0002892674435199398,0.4771375,40,80000,8,-0.002389246533124562,0.010895166843068321,0.002808990343232049,0.173781950055843,0.1796875,-0.003914272494446943,0.010171217547868617,-0.0011558215581807924,0.009275291195866883,,,False,env_mean_t,True,True,True,0
A,posterior_mean_shrunk,pooled,all,all,,,all,,,False,exploratory,phi_k16_onpolicy_union,p3_star,ok,-0.0019363894940848698,-0.0024499971375894344,-0.0014157200961852827,0.00025917527390725,0.50490625,40,80000,8,-0.004381756739816486,0.0005089777516467477,0.0010341462260164361,0.10330505059958786,0.0859375,-0.007098292964589794,-0.00020997439105669,-0.004037783796447912,-0.0003145983567331145,,,False,env_mean_t,True,True,True,0
A,posterior_mean_shrunk,pooled,all,all,,,all,,,False,exploratory,phi_k16_perstep,p3_star,ok,-0.0033855987026618095,-0.003925806932268898,-0.0028269166738232343,0.0002783462110265114,0.50553125,40,80000,8,-0.006988465190071165,0.00021726778474754575,0.0015236528530833198,0.061692383915612214,0.0078125,-0.013166768000670919,-0.0010376653967573753,-0.00657149025396502,-0.001231473307739652,,,False,env_mean_t,True,True,True,0
A,posterior_mean_shrunk,pooled,all,all,,,all,,,False,exploratory,phi_k16_quality,p3_star,ok,-0.0015028992154384468,-0.002006694766318162,-0.000993759160027139,0.00025626626523395665,0.50285625,40,80000,8,-0.00404901402190725,0.0010432155910303567,0.0010767523866651411,0.20545743917665316,0.21875,-0.004562591220275176,0.0005569658457660518,-0.003517404682254373,0.00040161373619885117,,,False,env_mean_t,True,True,True,0
A,posterior_mean_shrunk,pooled,all,all,,,all,,,False,exploratory,phi_k16_tau05,p3_star,ok,-0.0013890129105180679,-0.0018826477195170808,-0.000885987664885022,0.00025220938055854034,0.503025,40,80000,8,-0.0038991232249098798,0.001121097403873744,0.0010615260808143324,0.23202441795913845,0.2265625,-0.004165458802517594,0.0008498102219722608,-0.0033587257193627013,0.0005277379689039478,,,False,env_mean_t,True,True,True,0
A,posterior_mean_shrunk,pooled,all,all,,,all,,,False,exploratory,phi_k16_weighted,p3_star,ok,-0.00022760702712112108,-0.0007321716050324765,0.00028624766699010697,0.0002611723679430062,0.4995000000000001,40,80000,8,-0.0029332746538023513,0.0024780605995601097,0.0011442273015929375,0.8479814486541335,0.8671875,-0.0026353688259303718,0.002806371721785869,-0.0021943802793147906,0.0019432489506910485,,,False,env_mean_t,True,True,True,0
A,posterior_mean_shrunk,pooled,all,all,,,all,,,False,exploratory,phi_k4,p3_star,ok,-0.003444940125391441,-0.003940456991213814,-0.002954390438292602,0.0002506705762477639,0.5083,40,80000,8,-0.0062662929810419175,-0.0006235872697409627,0.0011931506046891154,0.023407515670502872,0.0078125,-0.009347152287448299,-0.0015517786905375444,-0.005946046008352278,-0.0016938906640475216,,,False,env_mean_t,True,True,True,0
A,posterior_mean_shrunk,pooled,all,all,,,all,,,False,exploratory,phi_reservoir_rule,p3_star,ok,0.002802943707071972,0.0023046964534432844,0.003301504684876093,0.0002535685771278808,0.4902375,40,80000,8,-0.0006195543343511258,0.0062254417484950714,0.0014473750064593741,0.09400854035280261,0.0859375,-0.002141150854280579,0.0056192238558249955,-2.8524173120530268e-05,0.005291575765496962,,,False,env_mean_t,True,True,True,0
A,posterior_mean_shrunk,pooled,all,all,,,all,,,False,exploratory,phi_sf_k16,p3_star,ok,-0.0016563126100685624,-0.0021399042552735633,-0.0011758868640876767,0.00024590997318615367,0.5045437500000001,40,80000,8,-0.004176609031904572,0.0008639838117674476,0.0010658337873928033,0.16412997865259848,0.171875,-0.005037283059198545,0.0003354380922951654,-0.003734953277790919,0.00013980484011539377,,,False,env_mean_t,True,True,True,0
A,posterior_mean_shrunk,pooled,all,all,,,all,,,False,exploratory,phi_sf_k16_noT1000,p3_star,ok,-0.0008216229049830872,-0.001302103889379058,-0.0003366497258451774,0.0002455332763688335,0.5021,40,80000,8,-0.0028174733038927114,0.0011742274939265374,0.0008440454746944436,0.36276664015728,0.359375,-0.002902644661929167,0.001349905934868973,-0.002337021152393972,0.0007600905446168326,,,False,env_mean_t,True,True,True,0
A,posterior_mean_shrunk,pooled,all,all,,,all,,,False,exploratory,power_a0.25,p3_star,ok,0.00040627789538993963,0.00013985507187271653,0.0006727667921859392,0.0001346992923692963,0.49842499999999995,40,80000,8,7.718250144538274e-05,0.0007353732893344966,0.00013917449832584692,0.022365553569196304,0.015625,0.00011499825381005365,0.0008146485256594633,0.0001679236075651716,0.0006781798498064745,,,False,env_mean_t,True,True,True,0
A,posterior_mean_shrunk,pooled,all,all,,,all,,,False,exploratory,power_a0.33,p3_star,ok,0.0004858812659349496,0.00019767560153724164,0.000782641798428898,0.0001494011905232724,0.4979374999999999,40,80000,8,0.00025241188441390324,0.000719350647455996,9.873424133402338e-05,0.0017114944318967719,0.0078125,0.00020919453000985014,0.0006844330957341109,0.0002983032404688856,0.0006579212798201933,,,False,env_mean_t,True,True,True,0
A,posterior_mean_shrunk,pooled,all,all,,,all,,,False,exploratory,power_a0.5,p3_star,ok,0.0005259835098870098,0.00031776058476307156,0.0007298933615311397,0.00010448260903250361,0.49777499999999997,40,80000,8,0.00013819757368256234,0.0009137694460914573,0.00016399473867496678,0.014913461105504322,0.015625,0.00013309367279923764,0.000910502215462835,0.00022832960640080274,0.0008258390104555291,,,False,env_mean_t,True,True,True,0
A,posterior_mean_shrunk,pooled,all,all,,,all,,,False,exploratory,power_a0.67,p3_star,ok,0.001351284644487896,0.0010258185124579456,0.0016816901652964588,0.00016931172183654253,0.49399375,40,80000,8,0.0002948596684701234,0.0024077096205056686,0.0004467623028505171,0.01926036947565829,0.03125,2.3548609799008352e-05,0.002316106419566889,0.0004990810524293921,0.0021527990475762636,,,False,env_mean_t,True,True,True,0
A,posterior_mean_shrunk,pooled,all,all,,,all,,,False,exploratory,refine_after_init,p3_star,ok,0.07055767267730735,0.06964091511836158,0.07147618185027568,0.00046638554496922994,0.31455625,40,80000,8,0.019408318027189897,0.12170702732742478,0.021631070820517812,0.013828696016715358,0.0078125,0.030594827473013918,0.15995421844339797,0.03416116811703178,0.11264805986457799,,,False,env_mean_t,True,True,True,0
A,posterior_mean_shrunk,pooled,all,all,,,all,,,False,exploratory,rule_reservoir,p3_star,ok,0.011756901328032837,0.011129446649866282,0.012387202585567251,0.00032230493742439346,0.4702562500000001,40,80000,8,0.00416871350332058,0.019345089152745094,0.0032090459275298986,0.00803116001710582,0.0078125,0.00636060188729714,0.025309679277872008,0.006682893857476011,0.018055499168626917,,,False,env_mean_t,True,True,True,0
A,posterior_mean_shrunk,pooled,all,all,,,all,,,False,exploratory,uniform,p3_star,ok,0.0053546112921903834,0.004880296149932874,0.005836851737888083,0.00024507586159583356,0.48251875,40,80000,8,0.002801348933660252,0.007907873650720517,0.0010797750876530526,0.0016394404077390912,0.0078125,0.0022754219796504954,0.007784474209967844,0.003337864723533858,0.007325809809699421,,,False,env_mean_t,True,True,True,0
A,posterior_mean_shrunk,pooled,all,all,,,all,,,False,exploratory,always_search,phi_k16,ok,0.025640421023056116,0.024942139010509762,0.02633920169803499,0.00035260438799287206,0.4493625,40,80000,8,0.015144455367403845,0.03613638667870838,0.0044387456690348605,0.0006796819674552229,0.0078125,0.011847684932832352,0.03495189976408786,0.01719896301649777,0.033311262033693494,,,False,env_mean_t,True,True,True,0
A,posterior_mean_shrunk,pooled,all,all,,,all,,,False,exploratory,cp0,phi_k16,ok,0.03816478626146073,0.03733489807775186,0.03899441308712994,0.0004294746136578573,0.39571875,40,80000,8,0.005693369530075265,0.07063620299284618,0.013732167683518037,0.0273287080836264,0.0078125,0.013286342018507247,0.11920097714136942,0.015874455898045925,0.06529183852787107,,,False,env_mean_t,True,True,True,0
A,posterior_mean_shrunk,pooled,all,all,,,all,,,False,exploratory,fixed_K16,phi_k16,ok,0.03458284327784622,0.03378995302883595,0.035355958149461915,0.0003952696291291447,0.39509375,40,80000,8,0.005460518275412142,0.0637051682802803,0.01231583621914459,0.026221211321616564,0.0078125,0.012335025309533301,0.08282448120675698,0.014273854638516794,0.05867906811858045,,,False,env_mean_t,True,True,True,0
A,posterior_mean_shrunk,pooled,all,all,,,all,,,False,exploratory,p3_star,phi_k16,ok,0.0013890129105180679,0.0008859876648850219,0.0018826477195170808,0.00025220938055854034,0.49697499999999994,40,80000,8,-0.001121097403873744,0.0038991232249098798,0.0010615260808143324,0.23202441795913845,0.2265625,-0.0008321349144507525,0.004181979595438787,-0.00051056217159592,0.003370936092571772,,,False,env_mean_t,True,True,True,0
A,posterior_mean_shrunk,pooled,all,all,,,all,,,False,exploratory,phi_k1,phi_k16,ok,-0.002040323653808446,-0.002448113396337987,-0.0016310623979439857,0.00020448814030609342,0.50463125,40,80000,8,-0.004663735048653006,0.0005830877410361143,0.001109441127095546,0.10849517413088841,0.0859375,-0.006872116707398714,-4.010511309654767e-05,-0.0042511770124434405,-0.0002590651012404124,,,False,env_mean_t,True,True,True,0
A,posterior_mean_shrunk,pooled,all,all,,,all,,,False,exploratory,phi_k16_all71,phi_k16,ok,-0.0001638291535899043,-0.00030213039392947396,-2.095750843437828e-05,7.185054880834064e-05,0.50114375,40,80000,8,-0.0004845480626073992,0.00015688975542759053,0.00013563208141905092,0.26630881465983364,0.3125,-0.0008265883017553538,7.237360842857549e-05,-0.0004363404202996752,5.291934087872504e-05,,,False,env_mean_t,True,True,True,0
A,posterior_mean_shrunk,pooled,all,all,,,all,,,False,exploratory,phi_k16_clock,phi_k16,ok,0.0027830407052893856,0.0022348838993922013,0.0033243957561850833,0.0002774357285204417,0.49354375000000006,40,80000,8,0.00036345131397906225,0.00520263009659971,0.0010232447669774663,0.02977338064485473,0.0546875,0.00010288922522550675,0.0053737586091573515,0.0008789010618751959,0.004608561322455161,,,False,env_mean_t,True,True,True,0
A,posterior_mean_shrunk,pooled,all,all,,,all,,,False,exploratory,phi_k16_cs,phi_k16,ok,-1.0208763182163239e-06,-2.9841656160840548e-05,2.7610234153101475e-05,1.4599092724456757e-05,0.50005625,40,80000,8,-2.8106652950704093e-05,2.606490031427144e-05,1.145457956554539e-05,0.931479802496277,0.921875,-2.3540291241722072e-05,3.11741515885305e-05,-2.098672984167933e-05,2.166882090270519e-05,,,False,env_mean_t,True,True,True,0
A,posterior_mean_shrunk,pooled,all,all,,,all,,,False,exploratory,phi_k16_famA_only,phi_k16,ok,0.00038173954907506414,2.945788979644912e-06,0.0007720652825948093,0.00019691187193278644,0.5001,40,80000,8,-0.000596924611675756,0.0013604037098258843,0.00041387724078851136,0.3870323142327302,0.4765625,-0.00032801327757773916,0.003788778840288572,-0.00027697227605167425,0.00121303753514876,,,False,env_mean_t,True,True,True,0
A,posterior_mean_shrunk,pooled,all,all,,,all,,,False,exploratory,phi_k16_famB_only,phi_k16,ok,6.0030547715723524e-05,-6.037465854177525e-05,0.00017982171456978335,6.1006320154850213e-05,0.49933750000000005,40,80000,8,-0.00023274496322648247,0.0003528060586579295,0.0001238148135988184,0.6425925915442993,0.6953125,-0.00018338609283616167,0.0004195010371175569,-0.00014405230580363421,0.00030080964313820006,,,False,env_mean_t,True,True,True,0
A,posterior_mean_shrunk,pooled,all,all,,,all,,,False,exploratory,phi_k16_guard,phi_k16,ok,0.0016106311045234179,0.0011249265296082458,0.0021094712270377154,0.00025088462288215183,0.498475,40,80000,8,-0.0008319351718923736,0.00405319738093921,0.0010329616956142214,0.16290375508391922,0.0859375,6.293493758522555e-05,0.008363390015303156,0.00017572564843685543,0.003701999910171435,,,False,env_mean_t,True,True,True,0
A,posterior_mean_shrunk,pooled,all,all,,,all,,,False,exploratory,phi_k16_hgb,phi_k16,ok,0.0007671205528975407,0.0004010020125591041,0.0011239729266492304,0.00018452642407105246,0.49734375000000003,40,80000,8,-0.00021057337355587767,0.001744814479350959,0.0004134669285383734,0.1059340847579962,0.1015625,-0.0008425744305338223,0.0014715118461838656,-8.100695548686404e-05,0.0014223576832620894,,,False,env_mean_t,True,True,True,0
A,posterior_mean_shrunk,pooled,all,all,,,all,,,False,exploratory,phi_k16_lucb,phi_k16,ok,-1.661404152400791e-05,-0.0001526469552820231,0.0001230884687728917,7.022814471242103e-05,0.49948750000000003,40,80000,8,-0.000270900995841242,0.0002376729127932262,0.00010753799642626067,0.881579865385315,0.890625,-0.00028472804628030233,0.00024859642109914873,-0.00021152576145832416,0.00018439722285955168,,,False,env_mean_t,True,True,True,0
A,posterior_mean_shrunk,pooled,all,all,,,all,,,False,exploratory,phi_k16_noT1000,phi_k16,ok,0.002281946437438455,0.0018777104074902697,0.0026776628730164017,0.00020350559572106876,0.49749374999999996,40,80000,8,-0.0003946551159557162,0.004958547990832627,0.0011319352542338357,0.08362616076952357,0.078125,0.0001460804301436809,0.007641471268960295,0.00037831370696876556,0.0044757086130021865,,,False,env_mean_t,True,True,True,0
A,posterior_mean_shrunk,pooled,all,all,,,all,,,False,exploratory,phi_k16_noT200,phi_k16,ok,-0.0005059266099240632,-0.0006885404628482661,-0.00033176747515426544,9.131515494359298e-05,0.5020562500000001,40,80000,8,-0.0009239651089700367,-8.788811087808969e-05,0.00017678855266936702,0.024276357416208753,0.03125,-0.0009627631948229526,-9.283683670746292e-05,-0.0008315750678535551,-0.00018017701227217916,,,False,env_mean_t,True,True,True,0
A,posterior_mean_shrunk,pooled,all,all,,,all,,,False,exploratory,phi_k16_noambig,phi_k16,ok,0.00046620471180867755,8.852459194088168e-05,0.0008399118796960181,0.0001887029551331998,0.5009375,40,80000,8,-0.0005998866125743133,0.0015322960361916684,0.0004508502032256854,0.33550610097444555,0.3203125,-0.000900757856691758,0.0014473684657988258,-0.000389414252141523,0.0012651839868813113,,,False,env_mean_t,True,True,True,0
A,posterior_mean_shrunk,pooled,all,all,,,all,,,False,exploratory,phi_k16_nopolicy,phi_k16,ok,0.00010598146302436368,-0.000281016341743907,0.0004962888987878953,0.00019734411819489006,0.5025125000000001,40,80000,8,-0.0012478330568466917,0.001459795982895419,0.0005725283917557477,0.8583909910138207,0.9453125,-0.0007843163653273177,0.0029637672793158413,-0.00072335486952521,0.0012933066919307748,,,False,env_mean_t,True,True,True,0
A,posterior_mean_shrunk,pooled,all,all,,,all,,,False,exploratory,phi_k16_notrunc,phi_k16,ok,-0.0004966152273107582,-0.0007342046730109075,-0.0002626807521153296,0.00011927827355169777,0.50253125,40,80000,8,-0.0014580089233483578,0.0004647784687268415,0.0004065735583105924,0.26144662925001644,0.2578125,-0.0022429678962427764,0.0001955147799330598,-0.001336270313010391,0.00013765409432467995,,,False,env_mean_t,True,True,True,0
A,posterior_mean_shrunk,pooled,all,all,,,all,,,False,exploratory,phi_k16_onpolicy_only,phi_k16,ok,0.005641973065489947,0.005229564299088452,0.0060595855835344995,0.00020944156459727433,0.47321875,40,80000,8,-0.0005736621434744441,0.011857608274454336,0.002628593191826401,0.0689808606027254,0.09375,-0.00012166980719316173,0.013032512698433236,0.0010623648621120461,0.010488706217520804,,,False,env_mean_t,True,True,True,0
A,posterior_mean_shrunk,pooled,all,all,,,all,,,False,exploratory,phi_k16_onpolicy_union,phi_k16,ok,-0.0005473765835668019,-0.000784090166548026,-0.0003086114160120702,0.00012180758777735215,0.50181875,40,80000,8,-0.0014143513616133973,0.00031959819447979353,0.0003666437817605106,0.17908991008790556,0.21875,-0.00411449875052558,7.756657743508949e-05,-0.0013027728885654868,2.487983416067437e-05,,,False,env_mean_t,True,True,True,0
A,posterior_mean_shrunk,pooled,all,all,,,all,,,False,exploratory,phi_k16_perstep,phi_k16,ok,-0.001996585792143742,-0.002395497185225395,-0.001606243300050778,0.00019905407066025488,0.5027687500000001,40,80000,8,-0.004150572532716883,0.00015740094842939907,0.0009109213606018968,0.06450417189105488,0.0546875,-0.004449214548637731,-0.0001718826202611074,-0.0037172935086252426,-0.00039771410180721524,,,False,env_mean_t,True,True,True,0
A,posterior_mean_shrunk,pooled,all,all,,,all,,,False,exploratory,phi_k16_quality,phi_k16,ok,-0.0001138863049203792,-0.0002655555646554575,3.3774007525177996e-05,7.747659093157959e-05,0.49960625,40,80000,8,-0.0005045186248005324,0.000276746014959774,0.00016519847481773382,0.5127742551335092,0.546875,-0.0006168983815866502,0.0002183078583675632,-0.00041983639409190807,0.00018348532834788783,,,False,env_mean_t,True,True,True,0
A,posterior_mean_shrunk,pooled,all,all,,,all,,,False,exploratory,phi_k16_tau05,phi_k16,ok,0.0,0.0,0.0,0.0,0.5,40,80000,8,0.0,0.0,0.0,1.0,1.0,0.0,0.0,0.0,0.0,,,False,env_mean_t,True,True,True,0
A,posterior_mean_shrunk,pooled,all,all,,,all,,,False,exploratory,phi_k16_weighted,phi_k16,ok,0.0011614058833969466,0.0009067674292657557,0.0014172990223391935,0.00012770576374999157,0.496425,40,80000,8,0.0004309862158930881,0.0018918255509008052,0.0003088946021812371,0.007076018087707179,0.0078125,0.0005172290152829903,0.002094455957464707,0.000612992415966819,0.0017478078953387557,,,False,env_mean_t,True,True,True,0
A,posterior_mean_shrunk,pooled,all,all,,,all,,,False,exploratory,phi_k4,phi_k16,ok,-0.0020559272148733725,-0.0024372564942351004,-0.0016713813549873182,0.00019419078126669187,0.50494375,40,80000,8,-0.004345294521768237,0.00023344009202149168,0.0009681738252294302,0.07135067835427553,0.03125,-0.008243356064562798,-0.00044185590987928314,-0.004013027476185306,-0.0005164072453684639,,,False,env_mean_t,True,True,True,0
A,posterior_mean_shrunk,pooled,all,all,,,all,,,False,exploratory,phi_reservoir_rule,phi_k16,ok,0.00419195661759004,0.0036584426325379127,0.004717885054376011,0.0002691717471144359,0.48720625,40,80000,8,0.0006914287827686403,0.007692484452411439,0.0014803738194190828,0.02534477708502141,0.015625,0.0008352346624796426,0.008383283566097468,0.0015554220481164521,0.006905795852831215,,,False,env_mean_t,True,True,True,0
A,posterior_mean_shrunk,pooled,all,all,,,all,,,False,exploratory,phi_sf_k16,phi_k16,ok,-0.00026729969955049455,-0.0005477459460195177,1.761051212639579e-05,0.00014300796210155707,0.5013875,40,80000,8,-0.000977640275991165,0.0004430408768901759,0.00030040315114005666,0.40311410391988545,0.4140625,-0.0008407863354240065,0.0006830661362151296,-0.0007716193692118395,0.00033026844792766473,,,False,env_mean_t,True,True,True,0
A,posterior_mean_shrunk,pooled,all,all,,,all,,,False,exploratory,phi_sf_k16_noT1000,phi_k16,ok,0.0005673900055349805,0.0003685892712717023,0.0007729465755301134,0.00010190867920030608,0.49945000000000006,40,80000,8,-0.0005294557491810388,0.0016642357602509998,0.0004638562570679872,0.26082953917941654,0.3671875,-0.00021462073501188924,0.004066279840584129,-0.00017134770874399692,0.0014889205492983454,,,False,env_mean_t,True,True,True,0
A,posterior_mean_shrunk,pooled,all,all,,,all,,,False,exploratory,power_a0.25,phi_k16,ok,0.0017952908059080072,0.0012783214590459124,0.0023154821731017705,0.0002593246173050076,0.4953875,40,80000,8,-0.0007100615347824459,0.004300643146598461,0.0010595139329231172,0.13400593144974204,0.1484375,-0.0003871455083204792,0.00474239102206085,-5.061290550574756e-05,0.003838775844400516,,,False,env_mean_t,True,True,True,0
A,posterior_mean_shrunk,pooled,all,all,,,all,,,False,exploratory,power_a0.33,phi_k16,ok,0.0018748941764530173,0.001346662688588367,0.0024038464079248452,0.00026384616015529244,0.49446875000000007,40,80000,8,-0.0005946744915779072,0.004344462844483941,0.001044381011641681,0.11569079268205451,0.109375,-0.00021610233631118086,0.004713665893973001,5.969765915375318e-05,0.0038580394134682134,,,False,env_mean_t,True,True,True,0
A,posterior_mean_shrunk,pooled,all,all,,,all,,,False,exploratory,power_a0.5,phi_k16,ok,0.0019149964204050775,0.001417310745494831,0.002421015092810137,0.0002534828991625987,0.4952187500000001,40,80000,8,-0.0007062615313075898,0.0045362543721177455,0.001108530435627148,0.12771265128810486,0.1171875,-0.0006351358629038963,0.004733900120876377,-6.133331414312128e-05,0.003994623662033224,,,False,env_mean_t,True,True,True,0
A,posterior_mean_shrunk,pooled,all,all,,,all,,,False,exploratory,power_a0.67,phi_k16,ok,0.002740297555005964,0.0022222537617597026,0.003246934464388573,0.0002595185520551638,0.4910875,40,80000,8,0.00019537213284032693,0.0052852229771716015,0.001076249395840123,0.038318095041839834,0.0625,-0.00047855953612172463,0.005194501775524626,0.0007410073834151263,0.0046707763214770244,,,False,env_mean_t,True,True,True,0
A,posterior_mean_shrunk,pooled,all,all,,,all,,,False,exploratory,refine_after_init,phi_k16,ok,0.07194668558782541,0.07102966149387611,0.0728693037850462,0.00047128542782539615,0.31056249999999996,40,80000,8,0.020483427810578506,0.12340994336507231,0.021763820506611922,0.013016607680433816,0.0078125,0.03159693876595018,0.16935048411383186,0.03567474732410701,0.11476241914912984,,,False,env_mean_t,True,True,True,0
A,posterior_mean_shrunk,pooled,all,all,,,all,,,False,exploratory,rule_reservoir,phi_k16,ok,0.013145914238550905,0.012435441785298734,0.013851821494952895,0.0003601700966850446,0.46646874999999993,40,80000,8,0.003988954158448644,0.02230287431865316,0.0038724799823626247,0.011525354495556552,0.0078125,0.006932758772949822,0.028237136110194905,0.007194473470990488,0.020977575457646162,,,False,env_mean_t,True,True,True,0
A,posterior_mean_shrunk,pooled,all,all,,,all,,,False,exploratory,uniform,phi_k16,ok,0.006743624202708451,0.006232738156843425,0.0072535255004811455,0.00026078798197845114,0.48025624999999994,40,80000,8,0.003799788046602737,0.009687460358814166,0.0012449488133781847,0.0009905105856895377,0.0078125,0.003783394176496382,0.009887487389931868,0.004494457903950388,0.009004480017454769,,,False,env_mean_t,True,True,True,0
