arm_id,pulls,successes,mu_hat,log_e,cs_low,cs_high,rejected,alpha,m0,total_cost_usd,total_wallclock_s
balanced,60,34,0.5666666666666667,-1.4340598480378695,0.38461538461538464,0.7692307692307693,False,0.05,0.5,2.9574804,4569.9
