base_run_id,policy,replicate,budget,complete,contiguous,timestep,task_id,selected_arm,reward,cumulative_successes,cumulative_success_rate,cumulative_runtime,cumulative_cost,oracle_pulls,oracle_successes,oracle_success_rate,oracle_pull_share,empirical_leader_min_pulls,empirical_leader_is_oracle,most_pulled_arm,most_pulled_is_oracle,e_leader_m0_0_5,e_leader_m0_0_5_is_oracle,e_leader_vs_runner_up,e_leader_vs_runner_up_is_oracle,policy_score_leader,policy_score_leader_is_oracle,oracle_log_e_upper_vs_0_5,oracle_log_e_upper_vs_runner_up,oracle_evalue_vs_runner_up,oracle_beats_runner_up_eprocess,oracle_cs_lo,oracle_cs_hi,oracle_cs_best_certified,alpha,log_e_threshold
gitlab_strong_allocation_spruce_budget160_rep0_trial0_2026-07-02T00-55-23Z,spruce,0,160,True,True,1,task_e1,baseline,1.0,1,1.0,15.8,0.01557735,0,0.0,,0.0,,False,baseline,False,,False,,False,,False,0.0,0.0,1.0,False,0.015384615384615385,0.9846153846153847,False,0.05,2.995732273553991
gitlab_strong_allocation_spruce_budget160_rep0_trial0_2026-07-02T00-55-23Z,spruce,0,160,True,True,2,task_e2,planner,1.0,2,1.0,55.3,0.0422226,0,0.0,,0.0,,False,,False,,False,,False,,False,0.0,0.0,1.0,False,0.015384615384615385,0.9846153846153847,False,0.05,2.995732273553991
gitlab_strong_allocation_spruce_budget160_rep0_trial0_2026-07-02T00-55-23Z,spruce,0,160,True,True,3,task_e3,cautious,1.0,3,1.0,76.69999999999999,0.0586623,0,0.0,,0.0,,False,,False,,False,,False,,False,0.0,0.0,1.0,False,0.015384615384615385,0.9846153846153847,False,0.05,2.995732273553991
gitlab_strong_allocation_spruce_budget160_rep0_trial0_2026-07-02T00-55-23Z,spruce,0,160,True,True,4,task_e4,explorer,1.0,4,1.0,105.49999999999999,0.07918995000000001,0,0.0,,0.0,,False,,False,,False,,False,,False,0.0,0.0,1.0,False,0.015384615384615385,0.9846153846153847,False,0.05,2.995732273553991
gitlab_strong_allocation_spruce_budget160_rep0_trial0_2026-07-02T00-55-23Z,spruce,0,160,True,True,5,task_e5,balanced,1.0,5,1.0,201.0,0.1458834,0,0.0,,0.0,,False,,False,,False,,False,,False,0.0,0.0,1.0,False,0.015384615384615385,0.9846153846153847,False,0.05,2.995732273553991
gitlab_strong_allocation_spruce_budget160_rep0_trial0_2026-07-02T00-55-23Z,spruce,0,160,True,True,6,task_e6,overthinker,0.0,5,0.8333333333333334,262.9,0.1746219,0,0.0,,0.0,,False,,False,,False,,False,,False,0.0,0.0,1.0,False,0.015384615384615385,0.9846153846153847,False,0.05,2.995732273553991
gitlab_strong_allocation_spruce_budget160_rep0_trial0_2026-07-02T00-55-23Z,spruce,0,160,True,True,7,task_e7,rapid,1.0,6,0.8571428571428571,298.4,0.21762375,0,0.0,,0.0,,False,,False,,False,,False,,False,0.0,0.0,1.0,False,0.015384615384615385,0.9846153846153847,False,0.05,2.995732273553991
gitlab_strong_allocation_spruce_budget160_rep0_trial0_2026-07-02T00-55-23Z,spruce,0,160,True,True,8,task_e8,verifier,1.0,7,0.875,333.4,0.23557140000000001,0,0.0,,0.0,,False,,False,,False,,False,,False,0.0,0.0,1.0,False,0.015384615384615385,0.9846153846153847,False,0.05,2.995732273553991
gitlab_strong_allocation_spruce_budget160_rep0_trial0_2026-07-02T00-55-23Z,spruce,0,160,True,True,9,task_e9,exploratory,1.0,8,0.8888888888888888,354.9,0.2533188,0,0.0,,0.0,,False,,False,,False,,False,,False,0.0,0.0,1.0,False,0.015384615384615385,0.9846153846153847,False,0.05,2.995732273553991
gitlab_strong_allocation_spruce_budget160_rep0_trial0_2026-07-02T00-55-23Z,spruce,0,160,True,True,10,task_e10,algorithmic,0.0,8,0.8,534.9,0.316419,0,0.0,,0.0,,False,,False,,False,,False,,False,0.0,0.0,1.0,False,0.015384615384615385,0.9846153846153847,False,0.05,2.995732273553991
gitlab_strong_allocation_spruce_budget160_rep0_trial0_2026-07-02T00-55-23Z,spruce,0,160,True,True,11,task_e11,junior_reactive,1.0,9,0.8181818181818182,623.3,0.39548249999999996,0,0.0,,0.0,,False,,False,,False,,False,,False,0.0,0.0,1.0,False,0.015384615384615385,0.9846153846153847,False,0.05,2.995732273553991
gitlab_strong_allocation_spruce_budget160_rep0_trial0_2026-07-02T00-55-23Z,spruce,0,160,True,True,12,task_e12,domain_expert,1.0,10,0.8333333333333334,642.5999999999999,0.41329184999999996,0,0.0,,0.0,,False,,False,,False,,False,,False,0.0,0.0,1.0,False,0.015384615384615385,0.9846153846153847,False,0.05,2.995732273553991
gitlab_strong_allocation_spruce_budget160_rep0_trial0_2026-07-02T00-55-23Z,spruce,0,160,True,True,13,task_e13,gitlab_domain_expert,1.0,11,0.8461538461538461,698.0999999999999,0.44758829999999994,0,0.0,,0.0,,False,,False,,False,,False,,False,0.0,0.0,1.0,False,0.015384615384615385,0.9846153846153847,False,0.05,2.995732273553991
gitlab_strong_allocation_spruce_budget160_rep0_trial0_2026-07-02T00-55-23Z,spruce,0,160,True,True,14,task_e14,gitlab_rapid_executor,1.0,12,0.8571428571428571,717.8,0.4670203499999999,0,0.0,,0.0,,False,,False,,False,,False,,False,0.0,0.0,1.0,False,0.015384615384615385,0.9846153846153847,False,0.05,2.995732273553991
gitlab_strong_allocation_spruce_budget160_rep0_trial0_2026-07-02T00-55-23Z,spruce,0,160,True,True,15,task_e15,gitlab_auditor,1.0,13,0.8666666666666667,750.0,0.48960599999999993,0,0.0,,0.0,,False,,False,,False,,False,,False,0.0,0.0,1.0,False,0.015384615384615385,0.9846153846153847,False,0.05,2.995732273553991
gitlab_strong_allocation_spruce_budget160_rep0_trial0_2026-07-02T00-55-23Z,spruce,0,160,True,True,16,task_e16,gitlab_planner,1.0,14,0.875,777.2,0.5110300499999999,0,0.0,,0.0,,False,,False,,False,,False,,False,0.0,0.0,1.0,False,0.015384615384615385,0.9846153846153847,False,0.05,2.995732273553991
gitlab_strong_allocation_spruce_budget160_rep0_trial0_2026-07-02T00-55-23Z,spruce,0,160,True,True,17,task_e17,gitlab_super_operator,0.0,14,0.8235294117647058,868.7,0.5974682999999998,0,0.0,,0.0,,False,,False,,False,,False,,False,0.0,0.0,1.0,False,0.015384615384615385,0.9846153846153847,False,0.05,2.995732273553991
gitlab_strong_allocation_spruce_budget160_rep0_trial0_2026-07-02T00-55-23Z,spruce,0,160,True,True,18,task_e18,gitlab_oracle_operator,1.0,15,0.8333333333333334,883.3000000000001,0.6160670999999999,1,1.0,1.0,0.05555555555555555,,False,,False,,False,,False,,False,0.0,0.0,1.0,False,0.015384615384615385,0.9846153846153847,False,0.05,2.995732273553991
gitlab_strong_allocation_spruce_budget160_rep0_trial0_2026-07-02T00-55-23Z,spruce,0,160,True,True,19,task_e19,baseline,0.0,15,0.7894736842105263,1063.3000000000002,0.7193546999999999,1,1.0,1.0,0.05263157894736842,,False,baseline,False,,False,,False,,False,0.0,0.0,1.0,False,0.015384615384615385,0.9846153846153847,False,0.05,2.995732273553991
gitlab_strong_allocation_spruce_budget160_rep0_trial0_2026-07-02T00-55-23Z,spruce,0,160,True,True,20,task_e20,planner,1.0,16,0.8,1094.1000000000001,0.7444586999999999,1,1.0,1.0,0.05,,False,,False,planner,False,planner,False,,False,0.0,0.0,1.0,False,0.015384615384615385,0.9846153846153847,False,0.05,2.995732273553991
gitlab_strong_allocation_spruce_budget160_rep0_trial0_2026-07-02T00-55-23Z,spruce,0,160,True,True,21,task_m1,cautious,0.0,16,0.7619047619047619,1260.9,0.8061607499999999,1,1.0,1.0,0.047619047619047616,,False,,False,planner,False,planner,False,,False,0.0,0.0,1.0,False,0.015384615384615385,0.9846153846153847,False,0.05,2.995732273553991
gitlab_strong_allocation_spruce_budget160_rep0_trial0_2026-07-02T00-55-23Z,spruce,0,160,True,True,22,task_m2,explorer,1.0,17,0.7727272727272727,1323.6000000000001,0.8594111999999998,1,1.0,1.0,0.045454545454545456,,False,,False,,False,,False,,False,0.0,0.0,1.0,False,0.015384615384615385,0.9846153846153847,False,0.05,2.995732273553991
gitlab_strong_allocation_spruce_budget160_rep0_trial0_2026-07-02T00-55-23Z,spruce,0,160,True,True,23,task_m3,balanced,1.0,18,0.782608695652174,1346.5000000000002,0.8763128999999998,1,1.0,1.0,0.043478260869565216,,False,,False,,False,,False,,False,0.0,0.0,1.0,False,0.015384615384615385,0.9846153846153847,False,0.05,2.995732273553991
gitlab_strong_allocation_spruce_budget160_rep0_trial0_2026-07-02T00-55-23Z,spruce,0,160,True,True,24,task_m4,overthinker,1.0,19,0.7916666666666666,1433.2000000000003,0.9114094499999998,1,1.0,1.0,0.041666666666666664,,False,,False,,False,,False,,False,0.0,0.0,1.0,False,0.015384615384615385,0.9846153846153847,False,0.05,2.995732273553991
gitlab_strong_allocation_spruce_budget160_rep0_trial0_2026-07-02T00-55-23Z,spruce,0,160,True,True,25,task_m5,rapid,1.0,20,0.8,1604.3000000000002,1.0158073499999998,1,1.0,1.0,0.04,,False,,False,,False,,False,,False,0.0,0.0,1.0,False,0.015384615384615385,0.9846153846153847,False,0.05,2.995732273553991
gitlab_strong_allocation_spruce_budget160_rep0_trial0_2026-07-02T00-55-23Z,spruce,0,160,True,True,26,task_m6,verifier,1.0,21,0.8076923076923077,1625.4,1.0361851499999997,1,1.0,1.0,0.038461538461538464,,False,,False,,False,,False,,False,0.0,0.0,1.0,False,0.015384615384615385,0.9846153846153847,False,0.05,2.995732273553991
gitlab_strong_allocation_spruce_budget160_rep0_trial0_2026-07-02T00-55-23Z,spruce,0,160,True,True,27,task_m7,exploratory,1.0,22,0.8148148148148148,1662.1000000000001,1.0559584499999997,1,1.0,1.0,0.037037037037037035,,False,,False,,False,,False,,False,0.0,0.0,1.0,False,0.015384615384615385,0.9846153846153847,False,0.05,2.995732273553991
gitlab_strong_allocation_spruce_budget160_rep0_trial0_2026-07-02T00-55-23Z,spruce,0,160,True,True,28,task_m8,algorithmic,0.0,22,0.7857142857142857,1842.1000000000001,1.1056442999999996,1,1.0,1.0,0.03571428571428571,,False,,False,,False,,False,,False,0.0,0.0,1.0,False,0.015384615384615385,0.9846153846153847,False,0.05,2.995732273553991
gitlab_strong_allocation_spruce_budget160_rep0_trial0_2026-07-02T00-55-23Z,spruce,0,160,True,True,29,task_m9,junior_reactive,0.0,22,0.7586206896551724,2022.1000000000001,1.2034597499999995,1,1.0,1.0,0.034482758620689655,,False,,False,,False,,False,,False,0.0,0.0,1.0,False,0.015384615384615385,0.9846153846153847,False,0.05,2.995732273553991
gitlab_strong_allocation_spruce_budget160_rep0_trial0_2026-07-02T00-55-23Z,spruce,0,160,True,True,30,task_m10,domain_expert,0.0,22,0.7333333333333333,2202.1000000000004,1.2441118499999995,1,1.0,1.0,0.03333333333333333,,False,,False,,False,,False,,False,0.0,0.0,1.0,False,0.015384615384615385,0.9846153846153847,False,0.05,2.995732273553991
gitlab_strong_allocation_spruce_budget160_rep0_trial0_2026-07-02T00-55-23Z,spruce,0,160,True,True,31,task_m11,gitlab_domain_expert,0.0,22,0.7096774193548387,2382.1000000000004,1.3110632999999994,1,1.0,1.0,0.03225806451612903,,False,,False,,False,,False,,False,0.0,0.0,1.0,False,0.015384615384615385,0.9846153846153847,False,0.05,2.995732273553991
gitlab_strong_allocation_spruce_budget160_rep0_trial0_2026-07-02T00-55-23Z,spruce,0,160,True,True,32,task_m12,gitlab_rapid_executor,0.0,22,0.6875,2562.1000000000004,1.3634348999999995,1,1.0,1.0,0.03125,,False,,False,,False,,False,,False,0.0,0.0,1.0,False,0.015384615384615385,0.9846153846153847,False,0.05,2.995732273553991
gitlab_strong_allocation_spruce_budget160_rep0_trial0_2026-07-02T00-55-23Z,spruce,0,160,True,True,33,task_m13,gitlab_auditor,1.0,23,0.696969696969697,2741.5000000000005,1.4309882999999994,1,1.0,1.0,0.030303030303030304,,False,,False,,False,,False,,False,0.0,0.0,1.0,False,0.015384615384615385,0.9846153846153847,False,0.05,2.995732273553991
gitlab_strong_allocation_spruce_budget160_rep0_trial0_2026-07-02T00-55-23Z,spruce,0,160,True,True,34,task_m14,gitlab_planner,0.0,23,0.6764705882352942,2921.5000000000005,1.4820991499999994,1,1.0,1.0,0.029411764705882353,,False,,False,,False,,False,,False,0.0,0.0,1.0,False,0.015384615384615385,0.9846153846153847,False,0.05,2.995732273553991
gitlab_strong_allocation_spruce_budget160_rep0_trial0_2026-07-02T00-55-23Z,spruce,0,160,True,True,35,task_m15,gitlab_super_operator,1.0,24,0.6857142857142857,2966.3000000000006,1.5110056499999993,1,1.0,1.0,0.02857142857142857,,False,,False,,False,,False,,False,0.0,0.0,1.0,False,0.015384615384615385,0.9846153846153847,False,0.05,2.995732273553991
gitlab_strong_allocation_spruce_budget160_rep0_trial0_2026-07-02T00-55-23Z,spruce,0,160,True,True,36,task_m16,gitlab_oracle_operator,1.0,25,0.6944444444444444,2979.600000000001,1.5296914499999994,2,2.0,1.0,0.05555555555555555,,False,,False,,False,,False,,False,0.4054651081081644,0.09166718852582387,1.096,False,0.015384615384615385,0.9846153846153847,False,0.05,2.995732273553991
gitlab_strong_allocation_spruce_budget160_rep0_trial0_2026-07-02T00-55-23Z,spruce,0,160,True,True,37,task_m17,baseline,0.0,25,0.6756756756756757,2996.8000000000006,1.5519158999999993,2,2.0,1.0,0.05405405405405406,baseline,False,baseline,False,,False,,False,,False,0.4054651081081644,0.09166718852582387,1.096,False,0.015384615384615385,0.9846153846153847,False,0.05,2.995732273553991
gitlab_strong_allocation_spruce_budget160_rep0_trial0_2026-07-02T00-55-23Z,spruce,0,160,True,True,38,task_m18,balanced,0.0,25,0.6578947368421053,3176.8000000000006,1.6021739999999993,2,2.0,1.0,0.05263157894736842,balanced,False,,False,,False,,False,,False,0.4054651081081644,0.09166718852582387,1.096,False,0.015384615384615385,0.9846153846153847,False,0.05,2.995732273553991
gitlab_strong_allocation_spruce_budget160_rep0_trial0_2026-07-02T00-55-23Z,spruce,0,160,True,True,39,task_m19,exploratory,0.0,25,0.6410256410256411,3197.2000000000007,1.6231061999999994,2,2.0,1.0,0.05128205128205128,,False,,False,,False,,False,,False,0.4054651081081644,0.09166718852582387,1.096,False,0.015384615384615385,0.9846153846153847,False,0.05,2.995732273553991
gitlab_strong_allocation_spruce_budget160_rep0_trial0_2026-07-02T00-55-23Z,spruce,0,160,True,True,40,task_m20,gitlab_domain_expert,1.0,26,0.65,3224.000000000001,1.6412629499999993,2,2.0,1.0,0.05,,False,,False,,False,,False,,False,0.4054651081081644,0.09166718852582387,1.096,False,0.015384615384615385,0.9846153846153847,False,0.05,2.995732273553991
gitlab_strong_allocation_spruce_budget160_rep0_trial0_2026-07-02T00-55-23Z,spruce,0,160,True,True,41,task_h1,gitlab_super_operator,0.0,26,0.6341463414634146,3404.000000000001,1.6802491499999994,2,2.0,1.0,0.04878048780487805,,False,,False,,False,,False,,False,0.4054651081081644,0.09166718852582387,1.096,False,0.015384615384615385,0.9846153846153847,False,0.05,2.995732273553991
gitlab_strong_allocation_spruce_budget160_rep0_trial0_2026-07-02T00-55-23Z,spruce,0,160,True,True,42,task_h2,explorer,0.0,26,0.6190476190476191,3466.800000000001,1.6902251999999993,2,2.0,1.0,0.047619047619047616,,False,,False,,False,,False,,False,0.4054651081081644,0.09166718852582387,1.096,False,0.015384615384615385,0.9846153846153847,False,0.05,2.995732273553991
gitlab_strong_allocation_spruce_budget160_rep0_trial0_2026-07-02T00-55-23Z,spruce,0,160,True,True,43,task_h3,junior_reactive,0.0,26,0.6046511627906976,3646.800000000001,1.7365064999999993,2,2.0,1.0,0.046511627906976744,,False,,False,,False,,False,,False,0.4054651081081644,0.09166718852582387,1.096,False,0.015384615384615385,0.9846153846153847,False,0.05,2.995732273553991
gitlab_strong_allocation_spruce_budget160_rep0_trial0_2026-07-02T00-55-23Z,spruce,0,160,True,True,44,task_h4,gitlab_oracle_operator,1.0,27,0.6136363636363636,3723.800000000001,1.7669896499999993,3,3.0,1.0,0.06818181818181818,gitlab_oracle_operator,True,,False,gitlab_oracle_operator,True,gitlab_oracle_operator,True,,False,0.8109302162163288,0.28582320296678143,1.3308571428571432,False,0.06153846153846154,0.9846153846153847,False,0.05,2.995732273553991
gitlab_strong_allocation_spruce_budget160_rep0_trial0_2026-07-02T00-55-23Z,spruce,0,160,True,True,45,task_h5,verifier,0.0,27,0.6,3818.800000000001,1.8037616999999992,3,3.0,1.0,0.06666666666666667,gitlab_oracle_operator,True,,False,gitlab_oracle_operator,True,gitlab_oracle_operator,True,,False,0.8109302162163288,0.28582320296678143,1.3308571428571432,False,0.06153846153846154,0.9846153846153847,False,0.05,2.995732273553991
gitlab_strong_allocation_spruce_budget160_rep0_trial0_2026-07-02T00-55-23Z,spruce,0,160,True,True,46,task_h6,planner,0.0,27,0.5869565217391305,3998.800000000001,1.8539284499999993,3,3.0,1.0,0.06521739130434782,gitlab_oracle_operator,True,,False,gitlab_oracle_operator,True,gitlab_oracle_operator,True,,False,0.8109302162163288,0.28582320296678143,1.3308571428571432,False,0.06153846153846154,0.9846153846153847,False,0.05,2.995732273553991
gitlab_strong_allocation_spruce_budget160_rep0_trial0_2026-07-02T00-55-23Z,spruce,0,160,True,True,47,task_h7,gitlab_auditor,1.0,28,0.5957446808510638,4025.400000000001,1.8782152499999993,3,3.0,1.0,0.06382978723404255,,False,,False,,False,,False,,False,0.8109302162163288,0.28582320296678143,1.3308571428571432,False,0.06153846153846154,0.9846153846153847,False,0.05,2.995732273553991
gitlab_strong_allocation_spruce_budget160_rep0_trial0_2026-07-02T00-55-23Z,spruce,0,160,True,True,48,task_h8,gitlab_rapid_executor,1.0,29,0.6041666666666666,4123.700000000001,1.9173644999999992,3,3.0,1.0,0.0625,,False,,False,,False,,False,,False,0.8109302162163288,0.28582320296678143,1.3308571428571432,False,0.06153846153846154,0.9846153846153847,False,0.05,2.995732273553991
gitlab_strong_allocation_spruce_budget160_rep0_trial0_2026-07-02T00-55-23Z,spruce,0,160,True,True,49,task_h9,cautious,0.0,29,0.5918367346938775,4303.700000000001,1.9806719999999993,3,3.0,1.0,0.061224489795918366,,False,,False,,False,,False,,False,0.8109302162163288,0.28582320296678143,1.3308571428571432,False,0.06153846153846154,0.9846153846153847,False,0.05,2.995732273553991
gitlab_strong_allocation_spruce_budget160_rep0_trial0_2026-07-02T00-55-23Z,spruce,0,160,True,True,50,task_h10,gitlab_planner,0.0,29,0.58,4483.700000000001,2.022185549999999,3,3.0,1.0,0.06,,False,,False,,False,,False,,False,0.8109302162163288,0.28582320296678143,1.3308571428571432,False,0.06153846153846154,0.9846153846153847,False,0.05,2.995732273553991
gitlab_strong_allocation_spruce_budget160_rep0_trial0_2026-07-02T00-55-23Z,spruce,0,160,True,True,51,task_h11,algorithmic,0.0,29,0.5686274509803921,4545.200000000001,2.0338183499999993,3,3.0,1.0,0.058823529411764705,,False,,False,,False,,False,,False,0.8109302162163288,0.28582320296678143,1.3308571428571432,False,0.06153846153846154,0.9846153846153847,False,0.05,2.995732273553991
gitlab_strong_allocation_spruce_budget160_rep0_trial0_2026-07-02T00-55-23Z,spruce,0,160,True,True,52,task_h12,overthinker,0.0,29,0.5576923076923077,4618.800000000001,2.052306899999999,3,3.0,1.0,0.057692307692307696,,False,,False,,False,,False,,False,0.8109302162163288,0.28582320296678143,1.3308571428571432,False,0.06153846153846154,0.9846153846153847,False,0.05,2.995732273553991
gitlab_strong_allocation_spruce_budget160_rep0_trial0_2026-07-02T00-55-23Z,spruce,0,160,True,True,53,task_h13,rapid,0.0,29,0.5471698113207547,4798.800000000001,2.1061481999999994,3,3.0,1.0,0.05660377358490566,,False,,False,,False,,False,,False,0.8109302162163288,0.28582320296678143,1.3308571428571432,False,0.06153846153846154,0.9846153846153847,False,0.05,2.995732273553991
gitlab_strong_allocation_spruce_budget160_rep0_trial0_2026-07-02T00-55-23Z,spruce,0,160,True,True,54,task_h14,domain_expert,0.0,29,0.5370370370370371,4895.000000000001,2.122198799999999,3,3.0,1.0,0.05555555555555555,,False,,False,,False,,False,,False,0.8109302162163288,0.28582320296678143,1.3308571428571432,False,0.06153846153846154,0.9846153846153847,False,0.05,2.995732273553991
gitlab_strong_allocation_spruce_budget160_rep0_trial0_2026-07-02T00-55-23Z,spruce,0,160,True,True,55,task_h15,gitlab_auditor,0.0,29,0.5272727272727272,5075.000000000001,2.168440949999999,3,3.0,1.0,0.05454545454545454,gitlab_oracle_operator,True,gitlab_auditor,False,gitlab_oracle_operator,True,gitlab_oracle_operator,True,,False,0.8109302162163288,0.28582320296678143,1.3308571428571432,False,0.06153846153846154,0.9846153846153847,False,0.05,2.995732273553991
gitlab_strong_allocation_spruce_budget160_rep0_trial0_2026-07-02T00-55-23Z,spruce,0,160,True,True,56,task_h16,gitlab_oracle_operator,0.0,29,0.5178571428571429,5134.600000000001,2.178707099999999,4,3.0,0.75,0.07142857142857142,,False,,False,,False,,False,gitlab_oracle_operator,True,0.11778303565638348,-0.40732397759316386,0.6654285714285716,False,0.015384615384615385,0.9846153846153847,False,0.05,2.995732273553991
gitlab_strong_allocation_spruce_budget160_rep0_trial0_2026-07-02T00-55-23Z,spruce,0,160,True,True,57,task_h17,overthinker,0.0,29,0.5087719298245614,5180.800000000001,2.188832399999999,4,3.0,0.75,0.07017543859649122,,False,,False,,False,,False,,False,0.11778303565638348,-0.40732397759316386,0.6654285714285716,False,0.015384615384615385,0.9846153846153847,False,0.05,2.995732273553991
gitlab_strong_allocation_spruce_budget160_rep0_trial0_2026-07-02T00-55-23Z,spruce,0,160,True,True,58,task_h18,algorithmic,0.0,29,0.5,5233.700000000001,2.199634949999999,4,3.0,0.75,0.06896551724137931,,False,,False,,False,,False,,False,0.11778303565638348,-0.40732397759316386,0.6654285714285716,False,0.015384615384615385,0.9846153846153847,False,0.05,2.995732273553991
gitlab_strong_allocation_spruce_budget160_rep0_trial0_2026-07-02T00-55-23Z,spruce,0,160,True,True,59,task_h19,gitlab_super_operator,1.0,30,0.5084745762711864,5317.000000000001,2.237189549999999,4,3.0,0.75,0.06779661016949153,,False,,False,,False,,False,gitlab_super_operator,False,0.11778303565638348,-0.40732397759316386,0.6654285714285716,False,0.015384615384615385,0.9846153846153847,False,0.05,2.995732273553991
gitlab_strong_allocation_spruce_budget160_rep0_trial0_2026-07-02T00-55-23Z,spruce,0,160,True,True,60,task_h20,planner,0.0,30,0.5,5497.000000000001,2.271740849999999,4,3.0,0.75,0.06666666666666667,,False,,False,,False,,False,,False,0.11778303565638348,-0.40732397759316386,0.6654285714285716,False,0.015384615384615385,0.9846153846153847,False,0.05,2.995732273553991
gitlab_strong_allocation_spruce_budget160_rep0_trial0_2026-07-02T00-55-23Z,spruce,0,160,True,True,61,task_h21,explorer,1.0,31,0.5081967213114754,5572.100000000001,2.322373799999999,4,3.0,0.75,0.06557377049180328,,False,,False,,False,,False,,False,0.11778303565638348,-0.40732397759316386,0.6654285714285716,False,0.015384615384615385,0.9846153846153847,False,0.05,2.995732273553991
gitlab_strong_allocation_spruce_budget160_rep0_trial0_2026-07-02T00-55-23Z,spruce,0,160,True,True,62,task_h22,balanced,1.0,32,0.5161290322580645,5742.800000000001,2.394260399999999,4,3.0,0.75,0.06451612903225806,,False,,False,,False,,False,,False,0.11778303565638348,-0.40732397759316386,0.6654285714285716,False,0.015384615384615385,0.9846153846153847,False,0.05,2.995732273553991
gitlab_strong_allocation_spruce_budget160_rep0_trial0_2026-07-02T00-55-23Z,spruce,0,160,True,True,63,task_h23,rapid,1.0,33,0.5238095238095238,5816.600000000001,2.432291549999999,4,3.0,0.75,0.06349206349206349,,False,,False,,False,,False,,False,0.11778303565638348,-0.40732397759316386,0.6654285714285716,False,0.015384615384615385,0.9846153846153847,False,0.05,2.995732273553991
gitlab_strong_allocation_spruce_budget160_rep0_trial0_2026-07-02T00-55-23Z,spruce,0,160,True,True,64,task_h24,verifier,1.0,34,0.53125,5901.800000000001,2.473533749999999,4,3.0,0.75,0.0625,,False,,False,,False,,False,,False,0.11778303565638348,-0.40732397759316386,0.6654285714285716,False,0.015384615384615385,0.9846153846153847,False,0.05,2.995732273553991
gitlab_strong_allocation_spruce_budget160_rep0_trial0_2026-07-02T00-55-23Z,spruce,0,160,True,True,65,task_h25,exploratory,0.0,34,0.5230769230769231,6081.800000000001,2.5223293499999992,4,3.0,0.75,0.06153846153846154,,False,,False,,False,,False,exploratory,False,0.11778303565638348,-0.40732397759316386,0.6654285714285716,False,0.015384615384615385,0.9846153846153847,False,0.05,2.995732273553991
gitlab_strong_allocation_spruce_budget160_rep0_trial0_2026-07-02T00-55-23Z,spruce,0,160,True,True,66,task_h26,gitlab_auditor,0.0,34,0.5151515151515151,6240.500000000001,2.543104499999999,4,3.0,0.75,0.06060606060606061,,False,gitlab_auditor,False,gitlab_oracle_operator,True,,False,,False,0.11778303565638348,-0.40732397759316386,0.6654285714285716,False,0.015384615384615385,0.9846153846153847,False,0.05,2.995732273553991
gitlab_strong_allocation_spruce_budget160_rep0_trial0_2026-07-02T00-55-23Z,spruce,0,160,True,True,67,task_h27,gitlab_oracle_operator,1.0,35,0.5223880597014925,6267.400000000001,2.5640410499999993,5,4.0,0.8,0.07462686567164178,gitlab_oracle_operator,True,,False,gitlab_oracle_operator,True,,False,gitlab_oracle_operator,True,0.5232481437645479,-0.40732397759316386,0.6654285714285716,False,0.13846153846153847,0.9846153846153847,False,0.05,2.995732273553991
gitlab_strong_allocation_spruce_budget160_rep0_trial0_2026-07-02T00-55-23Z,spruce,0,160,True,True,68,task_h28,explorer,1.0,36,0.5294117647058824,6309.400000000001,2.5983527999999994,5,4.0,0.8,0.07352941176470588,,False,,False,gitlab_oracle_operator,True,,False,,False,0.5232481437645479,-0.40732397759316386,0.6654285714285716,False,0.13846153846153847,0.9846153846153847,False,0.05,2.995732273553991
gitlab_strong_allocation_spruce_budget160_rep0_trial0_2026-07-02T00-55-23Z,spruce,0,160,True,True,69,task_h29,balanced,0.0,36,0.5217391304347826,6372.1,2.6087225999999992,5,4.0,0.8,0.07246376811594203,,False,,False,gitlab_oracle_operator,True,,False,,False,0.5232481437645479,-0.40732397759316386,0.6654285714285716,False,0.13846153846153847,0.9846153846153847,False,0.05,2.995732273553991
gitlab_strong_allocation_spruce_budget160_rep0_trial0_2026-07-02T00-55-23Z,spruce,0,160,True,True,70,task_h30,rapid,0.0,36,0.5142857142857142,6519.1,2.630270699999999,5,4.0,0.8,0.07142857142857142,,False,,False,gitlab_oracle_operator,True,,False,,False,0.5232481437645479,-0.40732397759316386,0.6654285714285716,False,0.13846153846153847,0.9846153846153847,False,0.05,2.995732273553991
gitlab_strong_allocation_spruce_budget160_rep0_trial0_2026-07-02T00-55-23Z,spruce,0,160,True,True,71,task_h31,verifier,0.0,36,0.5070422535211268,6613.700000000001,2.6585804999999993,5,4.0,0.8,0.07042253521126761,,False,,False,gitlab_oracle_operator,True,,False,verifier,False,0.5232481437645479,-0.40732397759316386,0.6654285714285716,False,0.13846153846153847,0.9846153846153847,False,0.05,2.995732273553991
gitlab_strong_allocation_spruce_budget160_rep0_trial0_2026-07-02T00-55-23Z,spruce,0,160,True,True,72,task_h32,overthinker,0.0,36,0.5,6793.700000000001,2.7203168999999994,5,4.0,0.8,0.06944444444444445,,False,,False,gitlab_oracle_operator,True,,False,,False,0.5232481437645479,-0.40732397759316386,0.6654285714285716,False,0.13846153846153847,0.9846153846153847,False,0.05,2.995732273553991
gitlab_strong_allocation_spruce_budget160_rep0_trial0_2026-07-02T00-55-23Z,spruce,0,160,True,True,73,task_h33,algorithmic,0.0,36,0.4931506849315068,6973.700000000001,2.747830349999999,5,4.0,0.8,0.0684931506849315,,False,,False,gitlab_oracle_operator,True,,False,,False,0.5232481437645479,-0.40732397759316386,0.6654285714285716,False,0.13846153846153847,0.9846153846153847,False,0.05,2.995732273553991
gitlab_strong_allocation_spruce_budget160_rep0_trial0_2026-07-02T00-55-23Z,spruce,0,160,True,True,74,task_h34,gitlab_super_operator,0.0,36,0.4864864864864865,7153.700000000001,2.803252949999999,5,4.0,0.8,0.06756756756756757,,False,,False,gitlab_oracle_operator,True,,False,gitlab_super_operator,False,0.5232481437645479,-0.40732397759316386,0.6654285714285716,False,0.13846153846153847,0.9846153846153847,False,0.05,2.995732273553991
gitlab_strong_allocation_spruce_budget160_rep0_trial0_2026-07-02T00-55-23Z,spruce,0,160,True,True,75,task_h35,gitlab_oracle_operator,0.0,36,0.48,7175.000000000001,2.8203694499999994,6,4.0,0.6666666666666666,0.08,explorer,False,gitlab_oracle_operator,True,explorer,False,,False,gitlab_oracle_operator,True,-0.16989903679539742,-0.6702158638369108,0.5115981303307959,False,0.09230769230769231,0.9846153846153847,False,0.05,2.995732273553991
gitlab_strong_allocation_spruce_budget160_rep0_trial0_2026-07-02T00-55-23Z,spruce,0,160,True,True,76,task_h36,explorer,0.0,36,0.47368421052631576,7223.500000000001,2.8299854999999994,6,4.0,0.6666666666666666,0.07894736842105263,,False,,False,,False,,False,explorer,False,-0.16989903679539742,-0.6702158638369108,0.5115981303307959,False,0.09230769230769231,0.9846153846153847,False,0.05,2.995732273553991
gitlab_strong_allocation_spruce_budget160_rep0_trial0_2026-07-02T00-55-23Z,spruce,0,160,True,True,77,task_h37,baseline,0.0,36,0.4675324675324675,7277.500000000001,2.8444519499999994,6,4.0,0.6666666666666666,0.07792207792207792,,False,,False,,False,,False,,False,-0.16989903679539742,-0.6702158638369108,0.5115981303307959,False,0.09230769230769231,0.9846153846153847,False,0.05,2.995732273553991
gitlab_strong_allocation_spruce_budget160_rep0_trial0_2026-07-02T00-55-23Z,spruce,0,160,True,True,78,task_h38,cautious,0.0,36,0.46153846153846156,7345.900000000001,2.8554517499999994,6,4.0,0.6666666666666666,0.07692307692307693,,False,,False,,False,,False,,False,-0.16989903679539742,-0.6702158638369108,0.5115981303307959,False,0.09230769230769231,0.9846153846153847,False,0.05,2.995732273553991
gitlab_strong_allocation_spruce_budget160_rep0_trial0_2026-07-02T00-55-23Z,spruce,0,160,True,True,79,task_h39,junior_reactive,1.0,37,0.46835443037974683,7459.000000000001,2.8763278499999996,6,4.0,0.6666666666666666,0.0759493670886076,,False,,False,,False,,False,,False,-0.16989903679539742,-0.6702158638369108,0.5115981303307959,False,0.09230769230769231,0.9846153846153847,False,0.05,2.995732273553991
gitlab_strong_allocation_spruce_budget160_rep0_trial0_2026-07-02T00-55-23Z,spruce,0,160,True,True,80,task_h40,domain_expert,0.0,37,0.4625,7639.000000000001,2.9206489499999995,6,4.0,0.6666666666666666,0.075,,False,,False,,False,,False,,False,-0.16989903679539742,-0.6702158638369108,0.5115981303307959,False,0.09230769230769231,0.9846153846153847,False,0.05,2.995732273553991
gitlab_strong_allocation_spruce_budget160_rep0_trial0_2026-07-02T00-55-23Z,spruce,0,160,True,True,81,task_h41,gitlab_domain_expert,0.0,37,0.4567901234567901,7701.000000000001,2.9319952499999995,6,4.0,0.6666666666666666,0.07407407407407407,,False,,False,,False,,False,,False,-0.16989903679539742,-0.6702158638369108,0.5115981303307959,False,0.09230769230769231,0.9846153846153847,False,0.05,2.995732273553991
gitlab_strong_allocation_spruce_budget160_rep0_trial0_2026-07-02T00-55-23Z,spruce,0,160,True,True,82,task_h42,gitlab_rapid_executor,0.0,37,0.45121951219512196,7881.000000000001,2.9737613999999994,6,4.0,0.6666666666666666,0.07317073170731707,,False,,False,,False,,False,,False,-0.16989903679539742,-0.6702158638369108,0.5115981303307959,False,0.09230769230769231,0.9846153846153847,False,0.05,2.995732273553991
gitlab_strong_allocation_spruce_budget160_rep0_trial0_2026-07-02T00-55-23Z,spruce,0,160,True,True,83,task_h43,gitlab_planner,0.0,37,0.4457831325301205,7945.700000000001,2.9859281999999996,6,4.0,0.6666666666666666,0.07228915662650602,,False,,False,,False,,False,gitlab_planner,False,-0.16989903679539742,-0.6702158638369108,0.5115981303307959,False,0.09230769230769231,0.9846153846153847,False,0.05,2.995732273553991
gitlab_strong_allocation_spruce_budget160_rep0_trial0_2026-07-02T00-55-23Z,spruce,0,160,True,True,84,task_h44,overthinker,0.0,37,0.44047619047619047,8021.200000000001,3.0040622999999997,6,4.0,0.6666666666666666,0.07142857142857142,,False,,False,,False,,False,,False,-0.16989903679539742,-0.6702158638369108,0.5115981303307959,False,0.09230769230769231,0.9846153846153847,False,0.05,2.995732273553991
gitlab_strong_allocation_spruce_budget160_rep0_trial0_2026-07-02T00-55-23Z,spruce,0,160,True,True,85,task_h45,algorithmic,0.0,37,0.43529411764705883,8161.000000000001,3.0486682499999995,6,4.0,0.6666666666666666,0.07058823529411765,,False,,False,,False,,False,,False,-0.16989903679539742,-0.6702158638369108,0.5115981303307959,False,0.09230769230769231,0.9846153846153847,False,0.05,2.995732273553991
gitlab_strong_allocation_spruce_budget160_rep0_trial0_2026-07-02T00-55-23Z,spruce,0,160,True,True,86,task_h46,gitlab_super_operator,0.0,37,0.43023255813953487,8218.900000000001,3.0609485999999997,6,4.0,0.6666666666666666,0.06976744186046512,,False,,False,,False,,False,gitlab_super_operator,False,-0.16989903679539742,-0.6702158638369108,0.5115981303307959,False,0.09230769230769231,0.9846153846153847,False,0.05,2.995732273553991
gitlab_strong_allocation_spruce_budget160_rep0_trial0_2026-07-02T00-55-23Z,spruce,0,160,True,True,87,task_h47,baseline,0.0,37,0.42528735632183906,8357.600000000002,3.09284205,6,4.0,0.6666666666666666,0.06896551724137931,,False,,False,,False,,False,,False,-0.16989903679539742,-0.6702158638369108,0.5115981303307959,False,0.09230769230769231,0.9846153846153847,False,0.05,2.995732273553991
gitlab_strong_allocation_spruce_budget160_rep0_trial0_2026-07-02T00-55-23Z,spruce,0,160,True,True,88,task_h48,cautious,0.0,37,0.42045454545454547,8403.400000000001,3.10394085,6,4.0,0.6666666666666666,0.06818181818181818,,False,,False,,False,,False,,False,-0.16989903679539742,-0.6702158638369108,0.5115981303307959,False,0.09230769230769231,0.9846153846153847,False,0.05,2.995732273553991
gitlab_strong_allocation_spruce_budget160_rep0_trial0_2026-07-02T00-55-23Z,spruce,0,160,True,True,89,task_h49,junior_reactive,1.0,38,0.42696629213483145,8544.900000000001,3.185844,6,4.0,0.6666666666666666,0.06741573033707865,,False,,False,,False,,False,,False,-0.16989903679539742,-0.6702158638369108,0.5115981303307959,False,0.09230769230769231,0.9846153846153847,False,0.05,2.995732273553991
gitlab_strong_allocation_spruce_budget160_rep0_trial0_2026-07-02T00-55-23Z,spruce,0,160,True,True,90,task_h50,domain_expert,0.0,38,0.4222222222222222,8597.900000000001,3.1958957999999997,6,4.0,0.6666666666666666,0.06666666666666667,,False,,False,,False,,False,,False,-0.16989903679539742,-0.6702158638369108,0.5115981303307959,False,0.09230769230769231,0.9846153846153847,False,0.05,2.995732273553991
gitlab_strong_allocation_spruce_budget160_rep0_trial0_2026-07-02T00-55-23Z,spruce,0,160,True,True,91,task_h51,gitlab_planner,0.0,38,0.4175824175824176,8667.600000000002,3.2063661,6,4.0,0.6666666666666666,0.06593406593406594,,False,,False,,False,,False,gitlab_planner,False,-0.16989903679539742,-0.6702158638369108,0.5115981303307959,False,0.09230769230769231,0.9846153846153847,False,0.05,2.995732273553991
gitlab_strong_allocation_spruce_budget160_rep0_trial0_2026-07-02T00-55-23Z,spruce,0,160,True,True,92,task_h52,planner,0.0,38,0.41304347826086957,8722.600000000002,3.21789315,6,4.0,0.6666666666666666,0.06521739130434782,,False,,False,,False,,False,,False,-0.16989903679539742,-0.6702158638369108,0.5115981303307959,False,0.09230769230769231,0.9846153846153847,False,0.05,2.995732273553991
gitlab_strong_allocation_spruce_budget160_rep0_trial0_2026-07-02T00-55-23Z,spruce,0,160,True,True,93,task_h53,exploratory,0.0,38,0.40860215053763443,8902.600000000002,3.2685091500000003,6,4.0,0.6666666666666666,0.06451612903225806,,False,,False,,False,,False,exploratory,False,-0.16989903679539742,-0.6702158638369108,0.5115981303307959,False,0.09230769230769231,0.9846153846153847,False,0.05,2.995732273553991
gitlab_strong_allocation_spruce_budget160_rep0_trial0_2026-07-02T00-55-23Z,spruce,0,160,True,True,94,task_h54,overthinker,0.0,38,0.40425531914893614,9082.600000000002,3.2951148000000003,6,4.0,0.6666666666666666,0.06382978723404255,,False,overthinker,False,,False,,False,,False,-0.16989903679539742,-0.6702158638369108,0.5115981303307959,False,0.09230769230769231,0.9846153846153847,False,0.05,2.995732273553991
gitlab_strong_allocation_spruce_budget160_rep0_trial0_2026-07-02T00-55-23Z,spruce,0,160,True,True,95,task_h55,algorithmic,0.0,38,0.4,9262.600000000002,3.3282612000000005,6,4.0,0.6666666666666666,0.06315789473684211,,False,,False,,False,,False,,False,-0.16989903679539742,-0.6702158638369108,0.5115981303307959,False,0.09230769230769231,0.9846153846153847,False,0.05,2.995732273553991
gitlab_strong_allocation_spruce_budget160_rep0_trial0_2026-07-02T00-55-23Z,spruce,0,160,True,True,96,task_h56,gitlab_super_operator,0.0,38,0.3958333333333333,9442.600000000002,3.3653494500000005,6,4.0,0.6666666666666666,0.0625,,False,,False,,False,,False,gitlab_super_operator,False,-0.16989903679539742,-0.6702158638369108,0.5115981303307959,False,0.09230769230769231,0.9846153846153847,False,0.05,2.995732273553991
gitlab_strong_allocation_spruce_budget160_rep0_trial0_2026-07-02T00-55-23Z,spruce,0,160,True,True,97,task_h57,gitlab_oracle_operator,0.0,38,0.3917525773195876,9529.900000000001,3.3838723500000003,7,4.0,0.5714285714285714,0.07216494845360824,explorer,False,,False,,False,,False,gitlab_oracle_operator,True,-0.6452124318684699,-0.6702158638369108,0.5115981303307959,False,0.07692307692307693,0.9846153846153847,False,0.05,2.995732273553991
gitlab_strong_allocation_spruce_budget160_rep0_trial0_2026-07-02T00-55-23Z,spruce,0,160,True,True,98,task_h58,gitlab_auditor,0.0,38,0.3877551020408163,9564.000000000002,3.3941904000000003,7,4.0,0.5714285714285714,0.07142857142857142,explorer,False,,False,,False,,False,gitlab_auditor,False,-0.6452124318684699,-0.6702158638369108,0.5115981303307959,False,0.07692307692307693,0.9846153846153847,False,0.05,2.995732273553991
gitlab_strong_allocation_spruce_budget160_rep0_trial0_2026-07-02T00-55-23Z,spruce,0,160,True,True,99,task_h59,explorer,0.0,38,0.3838383838383838,9663.500000000002,3.4292505,7,4.0,0.5714285714285714,0.0707070707070707,,False,,False,,False,,False,explorer,False,-0.6452124318684699,-0.6702158638369108,0.5115981303307959,False,0.07692307692307693,0.9846153846153847,False,0.05,2.995732273553991
gitlab_strong_allocation_spruce_budget160_rep0_trial0_2026-07-02T00-55-23Z,spruce,0,160,True,True,100,task_h60,balanced,0.0,38,0.38,9843.500000000002,3.4859358,7,4.0,0.5714285714285714,0.07,,False,,False,,False,,False,,False,-0.6452124318684699,-0.6702158638369108,0.5115981303307959,False,0.07692307692307693,0.9846153846153847,False,0.05,2.995732273553991
gitlab_strong_allocation_spruce_budget160_rep0_trial0_2026-07-02T00-55-23Z,spruce,0,160,True,True,101,task_h61,rapid,0.0,38,0.37623762376237624,10023.500000000002,3.5278527,7,4.0,0.5714285714285714,0.06930693069306931,,False,,False,,False,,False,,False,-0.6452124318684699,-0.6702158638369108,0.5115981303307959,False,0.07692307692307693,0.9846153846153847,False,0.05,2.995732273553991
gitlab_strong_allocation_spruce_budget160_rep0_trial0_2026-07-02T00-55-23Z,spruce,0,160,True,True,102,task_h62,verifier,0.0,38,0.37254901960784315,10107.200000000003,3.539058,7,4.0,0.5714285714285714,0.06862745098039216,junior_reactive,False,,False,,False,,False,verifier,False,-0.6452124318684699,-0.6702158638369108,0.5115981303307959,False,0.07692307692307693,0.9846153846153847,False,0.05,2.995732273553991
gitlab_strong_allocation_spruce_budget160_rep0_trial0_2026-07-02T00-55-23Z,spruce,0,160,True,True,103,task_h63,baseline,0.0,38,0.36893203883495146,10287.200000000003,3.58812585,7,4.0,0.5714285714285714,0.06796116504854369,junior_reactive,False,,False,,False,,False,,False,-0.6452124318684699,-0.6702158638369108,0.5115981303307959,False,0.07692307692307693,0.9846153846153847,False,0.05,2.995732273553991
gitlab_strong_allocation_spruce_budget160_rep0_trial0_2026-07-02T00-55-23Z,spruce,0,160,True,True,104,task_h64,cautious,0.0,38,0.36538461538461536,10467.200000000003,3.6182673,7,4.0,0.5714285714285714,0.0673076923076923,junior_reactive,False,,False,,False,,False,,False,-0.6452124318684699,-0.6702158638369108,0.5115981303307959,False,0.07692307692307693,0.9846153846153847,False,0.05,2.995732273553991
gitlab_strong_allocation_spruce_budget160_rep0_trial0_2026-07-02T00-55-23Z,spruce,0,160,True,True,105,task_h65,junior_reactive,0.0,38,0.3619047619047619,10523.300000000003,3.6293526,7,4.0,0.5714285714285714,0.06666666666666667,,False,,False,,False,,False,,False,-0.6452124318684699,-0.6702158638369108,0.5115981303307959,False,0.07692307692307693,0.9846153846153847,False,0.05,2.995732273553991
gitlab_strong_allocation_spruce_budget160_rep0_trial0_2026-07-02T00-55-23Z,spruce,0,160,True,True,106,task_h66,domain_expert,0.0,38,0.3584905660377358,10703.300000000003,3.65542905,7,4.0,0.5714285714285714,0.0660377358490566,,False,,False,,False,,False,,False,-0.6452124318684699,-0.6702158638369108,0.5115981303307959,False,0.07692307692307693,0.9846153846153847,False,0.05,2.995732273553991
gitlab_strong_allocation_spruce_budget160_rep0_trial0_2026-07-02T00-55-23Z,spruce,0,160,True,True,107,task_h67,gitlab_planner,0.0,38,0.35514018691588783,10883.300000000003,3.6808812,7,4.0,0.5714285714285714,0.06542056074766354,,False,,False,,False,,False,gitlab_planner,False,-0.6452124318684699,-0.6702158638369108,0.5115981303307959,False,0.07692307692307693,0.9846153846153847,False,0.05,2.995732273553991
gitlab_strong_allocation_spruce_budget160_rep0_trial0_2026-07-02T00-55-23Z,spruce,0,160,True,True,108,task_h68,planner,0.0,38,0.35185185185185186,10935.200000000003,3.691617,7,4.0,0.5714285714285714,0.06481481481481481,,False,,False,,False,,False,,False,-0.6452124318684699,-0.6702158638369108,0.5115981303307959,False,0.07692307692307693,0.9846153846153847,False,0.05,2.995732273553991
gitlab_strong_allocation_spruce_budget160_rep0_trial0_2026-07-02T00-55-23Z,spruce,0,160,True,True,109,task_h69,exploratory,0.0,38,0.3486238532110092,11115.200000000003,3.72386865,7,4.0,0.5714285714285714,0.06422018348623854,,False,,False,,False,,False,exploratory,False,-0.6452124318684699,-0.6702158638369108,0.5115981303307959,False,0.07692307692307693,0.9846153846153847,False,0.05,2.995732273553991
gitlab_strong_allocation_spruce_budget160_rep0_trial0_2026-07-02T00-55-23Z,spruce,0,160,True,True,110,task_h70,overthinker,0.0,38,0.34545454545454546,11158.700000000003,3.7334952,7,4.0,0.5714285714285714,0.06363636363636363,,False,overthinker,False,,False,,False,,False,-0.6452124318684699,-0.6702158638369108,0.5115981303307959,False,0.07692307692307693,0.9846153846153847,False,0.05,2.995732273553991
gitlab_strong_allocation_spruce_budget160_rep0_trial0_2026-07-02T00-55-23Z,spruce,0,160,True,True,111,task_h71,algorithmic,0.0,38,0.34234234234234234,11213.300000000003,3.7429882500000002,7,4.0,0.5714285714285714,0.06306306306306306,,False,,False,,False,,False,,False,-0.6452124318684699,-0.6702158638369108,0.5115981303307959,False,0.07692307692307693,0.9846153846153847,False,0.05,2.995732273553991
gitlab_strong_allocation_spruce_budget160_rep0_trial0_2026-07-02T00-55-23Z,spruce,0,160,True,True,112,task_h72,gitlab_super_operator,0.0,38,0.3392857142857143,11317.100000000002,3.7615938000000004,7,4.0,0.5714285714285714,0.0625,,False,,False,,False,,False,gitlab_super_operator,False,-0.6452124318684699,-0.6702158638369108,0.5115981303307959,False,0.07692307692307693,0.9846153846153847,False,0.05,2.995732273553991
gitlab_strong_allocation_spruce_budget160_rep0_trial0_2026-07-02T00-55-23Z,spruce,0,160,True,True,113,task_h73,gitlab_domain_expert,0.0,38,0.336283185840708,11366.000000000002,3.7736653500000004,7,4.0,0.5714285714285714,0.061946902654867256,,False,,False,,False,,False,,False,-0.6452124318684699,-0.6702158638369108,0.5115981303307959,False,0.07692307692307693,0.9846153846153847,False,0.05,2.995732273553991
gitlab_strong_allocation_spruce_budget160_rep0_trial0_2026-07-02T00-55-23Z,spruce,0,160,True,True,114,task_h74,gitlab_rapid_executor,0.0,38,0.3333333333333333,11546.000000000002,3.81905265,7,4.0,0.5714285714285714,0.06140350877192982,,False,,False,,False,,False,gitlab_rapid_executor,False,-0.6452124318684699,-0.6702158638369108,0.5115981303307959,False,0.07692307692307693,0.9846153846153847,False,0.05,2.995732273553991
gitlab_strong_allocation_spruce_budget160_rep0_trial0_2026-07-02T00-55-23Z,spruce,0,160,True,True,115,task_h75,baseline,0.0,38,0.33043478260869563,11726.000000000002,3.8584518,7,4.0,0.5714285714285714,0.06086956521739131,,False,,False,,False,,False,,False,-0.6452124318684699,-0.6702158638369108,0.5115981303307959,False,0.07692307692307693,0.9846153846153847,False,0.05,2.995732273553991
gitlab_strong_allocation_spruce_budget160_rep0_trial0_2026-07-02T00-55-23Z,spruce,0,160,True,True,116,task_h76,cautious,0.0,38,0.3275862068965517,11906.000000000002,3.9077661,7,4.0,0.5714285714285714,0.0603448275862069,,False,,False,,False,,False,,False,-0.6452124318684699,-0.6702158638369108,0.5115981303307959,False,0.07692307692307693,0.9846153846153847,False,0.05,2.995732273553991
gitlab_strong_allocation_spruce_budget160_rep0_trial0_2026-07-02T00-55-23Z,spruce,0,160,True,True,117,task_h77,domain_expert,0.0,38,0.3247863247863248,11955.500000000002,3.91872615,7,4.0,0.5714285714285714,0.05982905982905983,,False,,False,,False,,False,,False,-0.6452124318684699,-0.6702158638369108,0.5115981303307959,False,0.07692307692307693,0.9846153846153847,False,0.05,2.995732273553991
gitlab_strong_allocation_spruce_budget160_rep0_trial0_2026-07-02T00-55-23Z,spruce,0,160,True,True,118,task_h78,gitlab_planner,0.0,38,0.3220338983050847,12039.300000000001,3.9348624,7,4.0,0.5714285714285714,0.059322033898305086,,False,,False,,False,,False,gitlab_planner,False,-0.6452124318684699,-0.6702158638369108,0.5115981303307959,False,0.07692307692307693,0.9846153846153847,False,0.05,2.995732273553991
gitlab_strong_allocation_spruce_budget160_rep0_trial0_2026-07-02T00-55-23Z,spruce,0,160,True,True,119,task_h79,planner,0.0,38,0.31932773109243695,12219.300000000001,3.9776178,7,4.0,0.5714285714285714,0.058823529411764705,,False,,False,,False,,False,,False,-0.6452124318684699,-0.6702158638369108,0.5115981303307959,False,0.07692307692307693,0.9846153846153847,False,0.05,2.995732273553991
gitlab_strong_allocation_spruce_budget160_rep0_trial0_2026-07-02T00-55-23Z,spruce,0,160,True,True,120,task_h80,exploratory,0.0,38,0.31666666666666665,12399.300000000001,4.0308738,7,4.0,0.5714285714285714,0.058333333333333334,,False,,False,,False,,False,exploratory,False,-0.6452124318684699,-0.6702158638369108,0.5115981303307959,False,0.07692307692307693,0.9846153846153847,False,0.05,2.995732273553991
gitlab_strong_allocation_spruce_budget160_rep0_trial0_2026-07-02T00-55-23Z,spruce,0,160,True,True,121,task_h81,overthinker,1.0,39,0.32231404958677684,12566.2,4.09373565,7,4.0,0.5714285714285714,0.05785123966942149,,False,overthinker,False,,False,,False,,False,-0.6452124318684699,-0.6702158638369108,0.5115981303307959,False,0.07692307692307693,0.9846153846153847,False,0.05,2.995732273553991
gitlab_strong_allocation_spruce_budget160_rep0_trial0_2026-07-02T00-55-23Z,spruce,0,160,True,True,122,task_h82,algorithmic,0.0,39,0.319672131147541,12746.2,4.1264565,7,4.0,0.5714285714285714,0.05737704918032787,,False,,False,,False,,False,,False,-0.6452124318684699,-0.6702158638369108,0.5115981303307959,False,0.07692307692307693,0.9846153846153847,False,0.05,2.995732273553991
gitlab_strong_allocation_spruce_budget160_rep0_trial0_2026-07-02T00-55-23Z,spruce,0,160,True,True,123,task_h83,gitlab_super_operator,0.0,39,0.3170731707317073,12926.2,4.1876757,7,4.0,0.5714285714285714,0.056910569105691054,,False,,False,,False,,False,gitlab_super_operator,False,-0.6452124318684699,-0.6702158638369108,0.5115981303307959,False,0.07692307692307693,0.9846153846153847,False,0.05,2.995732273553991
gitlab_strong_allocation_spruce_budget160_rep0_trial0_2026-07-02T00-55-23Z,spruce,0,160,True,True,124,task_h84,gitlab_auditor,0.0,39,0.31451612903225806,13106.2,4.2388983,7,4.0,0.5714285714285714,0.056451612903225805,,False,,False,,False,,False,gitlab_auditor,False,-0.6452124318684699,-0.6702158638369108,0.5115981303307959,False,0.07692307692307693,0.9846153846153847,False,0.05,2.995732273553991
gitlab_strong_allocation_spruce_budget160_rep0_trial0_2026-07-02T00-55-23Z,spruce,0,160,True,True,125,task_h85,gitlab_domain_expert,0.0,39,0.312,13257.6,4.2610332,7,4.0,0.5714285714285714,0.056,,False,,False,,False,,False,,False,-0.6452124318684699,-0.6702158638369108,0.5115981303307959,False,0.07692307692307693,0.9846153846153847,False,0.05,2.995732273553991
gitlab_strong_allocation_spruce_budget160_rep0_trial0_2026-07-02T00-55-23Z,spruce,0,160,True,True,126,task_h86,gitlab_rapid_executor,0.0,39,0.30952380952380953,13348.5,4.28978205,7,4.0,0.5714285714285714,0.05555555555555555,,False,,False,,False,,False,gitlab_rapid_executor,False,-0.6452124318684699,-0.6702158638369108,0.5115981303307959,False,0.07692307692307693,0.9846153846153847,False,0.05,2.995732273553991
gitlab_strong_allocation_spruce_budget160_rep0_trial0_2026-07-02T00-55-23Z,spruce,0,160,True,True,127,task_h87,balanced,0.0,39,0.30708661417322836,13417.5,4.2997671,7,4.0,0.5714285714285714,0.05511811023622047,,False,,False,,False,,False,,False,-0.6452124318684699,-0.6702158638369108,0.5115981303307959,False,0.07692307692307693,0.9846153846153847,False,0.05,2.995732273553991
gitlab_strong_allocation_spruce_budget160_rep0_trial0_2026-07-02T00-55-23Z,spruce,0,160,True,True,128,task_h88,rapid,0.0,39,0.3046875,13597.5,4.345429050000001,7,4.0,0.5714285714285714,0.0546875,,False,,False,,False,,False,,False,-0.6452124318684699,-0.6702158638369108,0.5115981303307959,False,0.07692307692307693,0.9846153846153847,False,0.05,2.995732273553991
gitlab_strong_allocation_spruce_budget160_rep0_trial0_2026-07-02T00-55-23Z,spruce,0,160,True,True,129,task_h89,verifier,0.0,39,0.3023255813953488,13777.5,4.407164850000001,7,4.0,0.5714285714285714,0.05426356589147287,,False,,False,,False,,False,verifier,False,-0.6452124318684699,-0.6702158638369108,0.5115981303307959,False,0.07692307692307693,0.9846153846153847,False,0.05,2.995732273553991
gitlab_strong_allocation_spruce_budget160_rep0_trial0_2026-07-02T00-55-23Z,spruce,0,160,True,True,130,task_h90,junior_reactive,0.0,39,0.3,13859.6,4.470545850000001,7,4.0,0.5714285714285714,0.05384615384615385,,False,,False,,False,,False,junior_reactive,False,-0.6452124318684699,-0.6702158638369108,0.5115981303307959,False,0.07692307692307693,0.9846153846153847,False,0.05,2.995732273553991
gitlab_strong_allocation_spruce_budget160_rep0_trial0_2026-07-02T00-55-23Z,spruce,0,160,True,True,131,task_h91,gitlab_oracle_operator,0.0,39,0.29770992366412213,14039.6,4.519811850000001,8,4.0,0.5,0.061068702290076333,explorer,False,,False,,False,,False,gitlab_oracle_operator,True,-0.810816381827363,-0.6702158638369108,0.5115981303307959,False,0.07692307692307693,0.9692307692307693,False,0.05,2.995732273553991
gitlab_strong_allocation_spruce_budget160_rep0_trial0_2026-07-02T00-55-23Z,spruce,0,160,True,True,132,task_h92,overthinker,0.0,39,0.29545454545454547,14219.6,4.555680000000001,8,4.0,0.5,0.06060606060606061,explorer,False,overthinker,False,,False,,False,,False,-0.810816381827363,-0.6702158638369108,0.5115981303307959,False,0.07692307692307693,0.9692307692307693,False,0.05,2.995732273553991
gitlab_strong_allocation_spruce_budget160_rep0_trial0_2026-07-02T00-55-23Z,spruce,0,160,True,True,133,task_h93,algorithmic,1.0,40,0.3007518796992481,14370.5,4.60743285,8,4.0,0.5,0.06015037593984962,explorer,False,,False,,False,,False,,False,-0.810816381827363,-0.6702158638369108,0.5115981303307959,False,0.07692307692307693,0.9692307692307693,False,0.05,2.995732273553991
gitlab_strong_allocation_spruce_budget160_rep0_trial0_2026-07-02T00-55-23Z,spruce,0,160,True,True,134,task_h94,gitlab_super_operator,0.0,40,0.29850746268656714,14550.5,4.6969101,8,4.0,0.5,0.05970149253731343,explorer,False,,False,,False,,False,gitlab_super_operator,False,-0.810816381827363,-0.6702158638369108,0.5115981303307959,False,0.07692307692307693,0.9692307692307693,False,0.05,2.995732273553991
gitlab_strong_allocation_spruce_budget160_rep0_trial0_2026-07-02T00-55-23Z,spruce,0,160,True,True,135,task_h95,baseline,0.0,40,0.2962962962962963,14730.5,4.7554221000000005,8,4.0,0.5,0.05925925925925926,explorer,False,,False,,False,,False,,False,-0.810816381827363,-0.6702158638369108,0.5115981303307959,False,0.07692307692307693,0.9692307692307693,False,0.05,2.995732273553991
gitlab_strong_allocation_spruce_budget160_rep0_trial0_2026-07-02T00-55-23Z,spruce,0,160,True,True,136,task_h96,cautious,0.0,40,0.29411764705882354,14889.6,4.778870550000001,8,4.0,0.5,0.058823529411764705,explorer,False,,False,,False,,False,,False,-0.810816381827363,-0.6702158638369108,0.5115981303307959,False,0.07692307692307693,0.9692307692307693,False,0.05,2.995732273553991
gitlab_strong_allocation_spruce_budget160_rep0_trial0_2026-07-02T00-55-23Z,spruce,0,160,True,True,137,task_h97,domain_expert,0.0,40,0.291970802919708,14947.300000000001,4.7900728500000005,8,4.0,0.5,0.058394160583941604,explorer,False,,False,,False,,False,,False,-0.810816381827363,-0.6702158638369108,0.5115981303307959,False,0.07692307692307693,0.9692307692307693,False,0.05,2.995732273553991
gitlab_strong_allocation_spruce_budget160_rep0_trial0_2026-07-02T00-55-23Z,spruce,0,160,True,True,138,task_h98,gitlab_planner,0.0,40,0.2898550724637681,15127.300000000001,4.83631845,8,4.0,0.5,0.057971014492753624,explorer,False,,False,,False,,False,gitlab_planner,False,-0.810816381827363,-0.6702158638369108,0.5115981303307959,False,0.07692307692307693,0.9692307692307693,False,0.05,2.995732273553991
gitlab_strong_allocation_spruce_budget160_rep0_trial0_2026-07-02T00-55-23Z,spruce,0,160,True,True,139,task_h99,planner,0.0,40,0.28776978417266186,15245.500000000002,4.8630642,8,4.0,0.5,0.05755395683453238,explorer,False,,False,,False,,False,,False,-0.810816381827363,-0.6702158638369108,0.5115981303307959,False,0.07692307692307693,0.9692307692307693,False,0.05,2.995732273553991
gitlab_strong_allocation_spruce_budget160_rep0_trial0_2026-07-02T00-55-23Z,spruce,0,160,True,True,140,task_h100,exploratory,0.0,40,0.2857142857142857,15425.500000000002,4.8961869,8,4.0,0.5,0.05714285714285714,explorer,False,,False,,False,,False,exploratory,False,-0.810816381827363,-0.6702158638369108,0.5115981303307959,False,0.07692307692307693,0.9692307692307693,False,0.05,2.995732273553991
gitlab_strong_allocation_spruce_budget160_rep0_trial0_2026-07-02T00-55-23Z,spruce,0,160,True,True,141,task_e1,explorer,1.0,41,0.2907801418439716,15440.700000000003,4.91236875,8,4.0,0.5,0.05673758865248227,explorer,False,,False,,False,,False,explorer,False,-0.810816381827363,-0.6702158638369108,0.5115981303307959,False,0.07692307692307693,0.9692307692307693,False,0.05,2.995732273553991
gitlab_strong_allocation_spruce_budget160_rep0_trial0_2026-07-02T00-55-23Z,spruce,0,160,True,True,142,task_e2,gitlab_auditor,1.0,42,0.29577464788732394,15471.100000000002,4.9378788,8,4.0,0.5,0.056338028169014086,explorer,False,,False,,False,,False,gitlab_auditor,False,-0.810816381827363,-0.6702158638369108,0.5115981303307959,False,0.07692307692307693,0.9692307692307693,False,0.05,2.995732273553991
gitlab_strong_allocation_spruce_budget160_rep0_trial0_2026-07-02T00-55-23Z,spruce,0,160,True,True,143,task_e3,gitlab_domain_expert,1.0,43,0.3006993006993007,15486.900000000001,4.95380745,8,4.0,0.5,0.055944055944055944,explorer,False,,False,,False,,False,,False,-0.810816381827363,-0.6702158638369108,0.5115981303307959,False,0.07692307692307693,0.9692307692307693,False,0.05,2.995732273553991
gitlab_strong_allocation_spruce_budget160_rep0_trial0_2026-07-02T00-55-23Z,spruce,0,160,True,True,144,task_e4,gitlab_rapid_executor,1.0,44,0.3055555555555556,15517.7,4.97756775,8,4.0,0.5,0.05555555555555555,explorer,False,,False,,False,,False,gitlab_rapid_executor,False,-0.810816381827363,-0.6702158638369108,0.5115981303307959,False,0.07692307692307693,0.9692307692307693,False,0.05,2.995732273553991
gitlab_strong_allocation_spruce_budget160_rep0_trial0_2026-07-02T00-55-23Z,spruce,0,160,True,True,145,task_e5,explorer,1.0,45,0.3103448275862069,15542.6,4.9966116000000005,8,4.0,0.5,0.05517241379310345,explorer,False,,False,,False,,False,explorer,False,-0.810816381827363,-0.6702158638369108,0.5115981303307959,False,0.07692307692307693,0.9692307692307693,False,0.05,2.995732273553991
gitlab_strong_allocation_spruce_budget160_rep0_trial0_2026-07-02T00-55-23Z,spruce,0,160,True,True,146,task_e6,balanced,1.0,46,0.3150684931506849,15647.9,5.03806065,8,4.0,0.5,0.0547945205479452,explorer,False,,False,,False,,False,,False,-0.810816381827363,-0.6702158638369108,0.5115981303307959,False,0.07692307692307693,0.9692307692307693,False,0.05,2.995732273553991
gitlab_strong_allocation_spruce_budget160_rep0_trial0_2026-07-02T00-55-23Z,spruce,0,160,True,True,147,task_e7,rapid,1.0,47,0.3197278911564626,15682.3,5.05881675,8,4.0,0.5,0.05442176870748299,explorer,False,,False,,False,,False,,False,-0.810816381827363,-0.6702158638369108,0.5115981303307959,False,0.07692307692307693,0.9692307692307693,False,0.05,2.995732273553991
gitlab_strong_allocation_spruce_budget160_rep0_trial0_2026-07-02T00-55-23Z,spruce,0,160,True,True,148,task_e8,verifier,1.0,48,0.32432432432432434,15701.4,5.07766005,8,4.0,0.5,0.05405405405405406,explorer,False,,False,,False,,False,verifier,False,-0.810816381827363,-0.6702158638369108,0.5115981303307959,False,0.07692307692307693,0.9692307692307693,False,0.05,2.995732273553991
gitlab_strong_allocation_spruce_budget160_rep0_trial0_2026-07-02T00-55-23Z,spruce,0,160,True,True,149,task_e9,junior_reactive,1.0,49,0.3288590604026846,15724.6,5.0986278,8,4.0,0.5,0.053691275167785234,explorer,False,,False,,False,,False,junior_reactive,False,-0.810816381827363,-0.6702158638369108,0.5115981303307959,False,0.07692307692307693,0.9692307692307693,False,0.05,2.995732273553991
gitlab_strong_allocation_spruce_budget160_rep0_trial0_2026-07-02T00-55-23Z,spruce,0,160,True,True,150,task_e10,overthinker,0.0,49,0.32666666666666666,15904.6,5.187126,8,4.0,0.5,0.05333333333333334,explorer,False,overthinker,False,,False,,False,,False,-0.810816381827363,-0.6702158638369108,0.5115981303307959,False,0.07692307692307693,0.9692307692307693,False,0.05,2.995732273553991
gitlab_strong_allocation_spruce_budget160_rep0_trial0_2026-07-02T00-55-23Z,spruce,0,160,True,True,151,task_e11,algorithmic,1.0,50,0.33112582781456956,16051.0,5.25509835,8,4.0,0.5,0.052980132450331126,explorer,False,,False,,False,,False,,False,-0.810816381827363,-0.6702158638369108,0.5115981303307959,False,0.07692307692307693,0.9692307692307693,False,0.05,2.995732273553991
gitlab_strong_allocation_spruce_budget160_rep0_trial0_2026-07-02T00-55-23Z,spruce,0,160,True,True,152,task_e12,gitlab_super_operator,0.0,50,0.32894736842105265,16078.8,5.2866735,8,4.0,0.5,0.05263157894736842,explorer,False,,False,,False,,False,gitlab_super_operator,False,-0.810816381827363,-0.6702158638369108,0.5115981303307959,False,0.07692307692307693,0.9692307692307693,False,0.05,2.995732273553991
gitlab_strong_allocation_spruce_budget160_rep0_trial0_2026-07-02T00-55-23Z,spruce,0,160,True,True,153,task_e13,baseline,1.0,51,0.3333333333333333,16121.099999999999,5.3286687,8,4.0,0.5,0.05228758169934641,explorer,False,,False,,False,,False,,False,-0.810816381827363,-0.6702158638369108,0.5115981303307959,False,0.07692307692307693,0.9692307692307693,False,0.05,2.995732273553991
gitlab_strong_allocation_spruce_budget160_rep0_trial0_2026-07-02T00-55-23Z,spruce,0,160,True,True,154,task_e14,cautious,1.0,52,0.33766233766233766,16143.899999999998,5.3494065,8,4.0,0.5,0.05194805194805195,explorer,False,,False,,False,,False,,False,-0.810816381827363,-0.6702158638369108,0.5115981303307959,False,0.07692307692307693,0.9692307692307693,False,0.05,2.995732273553991
gitlab_strong_allocation_spruce_budget160_rep0_trial0_2026-07-02T00-55-23Z,spruce,0,160,True,True,155,task_e15,domain_expert,1.0,53,0.3419354838709677,16227.299999999997,5.3882696999999995,8,4.0,0.5,0.05161290322580645,explorer,False,,False,,False,,False,,False,-0.810816381827363,-0.6702158638369108,0.5115981303307959,False,0.07692307692307693,0.9692307692307693,False,0.05,2.995732273553991
gitlab_strong_allocation_spruce_budget160_rep0_trial0_2026-07-02T00-55-23Z,spruce,0,160,True,True,156,task_e16,gitlab_planner,0.0,53,0.33974358974358976,16270.099999999997,5.402559299999999,8,4.0,0.5,0.05128205128205128,explorer,False,,False,,False,,False,gitlab_planner,False,-0.810816381827363,-0.6702158638369108,0.5115981303307959,False,0.07692307692307693,0.9692307692307693,False,0.05,2.995732273553991
gitlab_strong_allocation_spruce_budget160_rep0_trial0_2026-07-02T00-55-23Z,spruce,0,160,True,True,157,task_e17,explorer,1.0,54,0.34394904458598724,16379.599999999997,5.474515049999999,8,4.0,0.5,0.050955414012738856,explorer,False,,False,,False,,False,explorer,False,-0.810816381827363,-0.6702158638369108,0.5115981303307959,False,0.07692307692307693,0.9692307692307693,False,0.05,2.995732273553991
gitlab_strong_allocation_spruce_budget160_rep0_trial0_2026-07-02T00-55-23Z,spruce,0,160,True,True,158,task_e18,explorer,1.0,55,0.34810126582278483,16473.1,5.540335349999999,8,4.0,0.5,0.05063291139240506,explorer,False,,False,explorer,False,,False,explorer,False,-0.810816381827363,-0.6702158638369108,0.5115981303307959,False,0.07692307692307693,0.9692307692307693,False,0.05,2.995732273553991
gitlab_strong_allocation_spruce_budget160_rep0_trial0_2026-07-02T00-55-23Z,spruce,0,160,True,True,159,task_e19,explorer,0.0,55,0.34591194968553457,16653.1,5.610881549999999,8,4.0,0.5,0.050314465408805034,explorer,False,explorer,False,,False,,False,explorer,False,-0.810816381827363,-0.6702158638369108,0.5115981303307959,False,0.07692307692307693,0.9692307692307693,False,0.05,2.995732273553991
gitlab_strong_allocation_spruce_budget160_rep0_trial0_2026-07-02T00-55-23Z,spruce,0,160,True,True,160,task_e20,planner,1.0,56,0.35,16679.699999999997,5.635264799999999,8,4.0,0.5,0.05,explorer,False,explorer,False,,False,,False,,False,-0.810816381827363,-0.6702158638369108,0.5115981303307959,False,0.07692307692307693,0.9692307692307693,False,0.05,2.995732273553991
gitlab_strong_allocation_uniform_budget160_rep0_trial0_2026-07-01T19-50-27Z,uniform,0,160,True,True,1,task_e1,baseline,1.0,1,1.0,19.5,0.01927755,0,0.0,,0.0,,False,baseline,False,,False,,False,,False,0.0,0.0,1.0,False,0.015384615384615385,0.9846153846153847,False,0.05,2.995732273553991
gitlab_strong_allocation_uniform_budget160_rep0_trial0_2026-07-01T19-50-27Z,uniform,0,160,True,True,2,task_e2,planner,1.0,2,1.0,75.4,0.041909100000000005,0,0.0,,0.0,,False,,False,,False,,False,,False,0.0,0.0,1.0,False,0.015384615384615385,0.9846153846153847,False,0.05,2.995732273553991
gitlab_strong_allocation_uniform_budget160_rep0_trial0_2026-07-01T19-50-27Z,uniform,0,160,True,True,3,task_e3,cautious,1.0,3,1.0,93.30000000000001,0.059329950000000006,0,0.0,,0.0,,False,,False,,False,,False,,False,0.0,0.0,1.0,False,0.015384615384615385,0.9846153846153847,False,0.05,2.995732273553991
gitlab_strong_allocation_uniform_budget160_rep0_trial0_2026-07-01T19-50-27Z,uniform,0,160,True,True,4,task_e4,explorer,1.0,4,1.0,111.80000000000001,0.080805,0,0.0,,0.0,,False,,False,,False,,False,,False,0.0,0.0,1.0,False,0.015384615384615385,0.9846153846153847,False,0.05,2.995732273553991
gitlab_strong_allocation_uniform_budget160_rep0_trial0_2026-07-01T19-50-27Z,uniform,0,160,True,True,5,task_e5,balanced,1.0,5,1.0,172.5,0.1160148,0,0.0,,0.0,,False,,False,,False,,False,,False,0.0,0.0,1.0,False,0.015384615384615385,0.9846153846153847,False,0.05,2.995732273553991
gitlab_strong_allocation_uniform_budget160_rep0_trial0_2026-07-01T19-50-27Z,uniform,0,160,True,True,6,task_e6,overthinker,0.0,5,0.8333333333333334,254.2,0.13502925,0,0.0,,0.0,,False,,False,,False,,False,,False,0.0,0.0,1.0,False,0.015384615384615385,0.9846153846153847,False,0.05,2.995732273553991
gitlab_strong_allocation_uniform_budget160_rep0_trial0_2026-07-01T19-50-27Z,uniform,0,160,True,True,7,task_e7,rapid,0.0,5,0.7142857142857143,318.9,0.14449979999999998,0,0.0,,0.0,,False,,False,,False,,False,,False,0.0,0.0,1.0,False,0.015384615384615385,0.9846153846153847,False,0.05,2.995732273553991
gitlab_strong_allocation_uniform_budget160_rep0_trial0_2026-07-01T19-50-27Z,uniform,0,160,True,True,8,task_e8,verifier,1.0,6,0.75,342.79999999999995,0.16803419999999997,0,0.0,,0.0,,False,,False,,False,,False,,False,0.0,0.0,1.0,False,0.015384615384615385,0.9846153846153847,False,0.05,2.995732273553991
gitlab_strong_allocation_uniform_budget160_rep0_trial0_2026-07-01T19-50-27Z,uniform,0,160,True,True,9,task_e9,exploratory,1.0,7,0.7777777777777778,362.99999999999994,0.18792614999999996,0,0.0,,0.0,,False,,False,,False,,False,,False,0.0,0.0,1.0,False,0.015384615384615385,0.9846153846153847,False,0.05,2.995732273553991
gitlab_strong_allocation_uniform_budget160_rep0_trial0_2026-07-01T19-50-27Z,uniform,0,160,True,True,10,task_e10,algorithmic,0.0,7,0.7,434.99999999999994,0.20661119999999997,0,0.0,,0.0,,False,,False,,False,,False,,False,0.0,0.0,1.0,False,0.015384615384615385,0.9846153846153847,False,0.05,2.995732273553991
gitlab_strong_allocation_uniform_budget160_rep0_trial0_2026-07-01T19-50-27Z,uniform,0,160,True,True,11,task_e11,junior_reactive,0.0,7,0.6363636363636364,506.9,0.23894804999999997,0,0.0,,0.0,,False,,False,,False,,False,,False,0.0,0.0,1.0,False,0.015384615384615385,0.9846153846153847,False,0.05,2.995732273553991
gitlab_strong_allocation_uniform_budget160_rep0_trial0_2026-07-01T19-50-27Z,uniform,0,160,True,True,12,task_e12,domain_expert,0.0,7,0.5833333333333334,686.9,0.283062,0,0.0,,0.0,,False,,False,,False,,False,,False,0.0,0.0,1.0,False,0.015384615384615385,0.9846153846153847,False,0.05,2.995732273553991
gitlab_strong_allocation_uniform_budget160_rep0_trial0_2026-07-01T19-50-27Z,uniform,0,160,True,True,13,task_e13,gitlab_domain_expert,1.0,8,0.6153846153846154,735.5,0.3067371,0,0.0,,0.0,,False,,False,,False,,False,,False,0.0,0.0,1.0,False,0.015384615384615385,0.9846153846153847,False,0.05,2.995732273553991
gitlab_strong_allocation_uniform_budget160_rep0_trial0_2026-07-01T19-50-27Z,uniform,0,160,True,True,14,task_e14,gitlab_rapid_executor,1.0,9,0.6428571428571429,752.8,0.32556645,0,0.0,,0.0,,False,,False,,False,,False,,False,0.0,0.0,1.0,False,0.015384615384615385,0.9846153846153847,False,0.05,2.995732273553991
gitlab_strong_allocation_uniform_budget160_rep0_trial0_2026-07-01T19-50-27Z,uniform,0,160,True,True,15,task_e15,gitlab_auditor,1.0,10,0.6666666666666666,782.0,0.34757985,0,0.0,,0.0,,False,,False,,False,,False,,False,0.0,0.0,1.0,False,0.015384615384615385,0.9846153846153847,False,0.05,2.995732273553991
gitlab_strong_allocation_uniform_budget160_rep0_trial0_2026-07-01T19-50-27Z,uniform,0,160,True,True,16,task_e16,gitlab_planner,0.0,10,0.625,834.0,0.36102555000000003,0,0.0,,0.0,,False,,False,,False,,False,,False,0.0,0.0,1.0,False,0.015384615384615385,0.9846153846153847,False,0.05,2.995732273553991
gitlab_strong_allocation_uniform_budget160_rep0_trial0_2026-07-01T19-50-27Z,uniform,0,160,True,True,17,task_e17,gitlab_super_operator,1.0,11,0.6470588235294118,946.5,0.4118313,0,0.0,,0.0,,False,,False,,False,,False,,False,0.0,0.0,1.0,False,0.015384615384615385,0.9846153846153847,False,0.05,2.995732273553991
gitlab_strong_allocation_uniform_budget160_rep0_trial0_2026-07-01T19-50-27Z,uniform,0,160,True,True,18,task_e18,gitlab_oracle_operator,1.0,12,0.6666666666666666,969.1,0.43442535,1,1.0,1.0,0.05555555555555555,,False,,False,,False,,False,,False,0.0,0.0,1.0,False,0.015384615384615385,0.9846153846153847,False,0.05,2.995732273553991
gitlab_strong_allocation_uniform_budget160_rep0_trial0_2026-07-01T19-50-27Z,uniform,0,160,True,True,19,task_e19,baseline,0.0,12,0.631578947368421,1027.6,0.45815235,1,1.0,1.0,0.05263157894736842,,False,baseline,False,,False,,False,,False,0.0,0.0,1.0,False,0.015384615384615385,0.9846153846153847,False,0.05,2.995732273553991
gitlab_strong_allocation_uniform_budget160_rep0_trial0_2026-07-01T19-50-27Z,uniform,0,160,True,True,20,task_e20,planner,1.0,13,0.65,1097.8,0.4808613,1,1.0,1.0,0.05,,False,,False,planner,False,planner,False,,False,0.0,0.0,1.0,False,0.015384615384615385,0.9846153846153847,False,0.05,2.995732273553991
gitlab_strong_allocation_uniform_budget160_rep0_trial0_2026-07-01T19-50-27Z,uniform,0,160,True,True,21,task_m1,cautious,0.0,13,0.6190476190476191,1185.6,0.53317425,1,1.0,1.0,0.047619047619047616,,False,,False,planner,False,planner,False,,False,0.0,0.0,1.0,False,0.015384615384615385,0.9846153846153847,False,0.05,2.995732273553991
gitlab_strong_allocation_uniform_budget160_rep0_trial0_2026-07-01T19-50-27Z,uniform,0,160,True,True,22,task_m2,explorer,1.0,14,0.6363636363636364,1300.6,0.5785277999999999,1,1.0,1.0,0.045454545454545456,,False,,False,,False,,False,,False,0.0,0.0,1.0,False,0.015384615384615385,0.9846153846153847,False,0.05,2.995732273553991
gitlab_strong_allocation_uniform_budget160_rep0_trial0_2026-07-01T19-50-27Z,uniform,0,160,True,True,23,task_m3,balanced,1.0,15,0.6521739130434783,1341.3,0.5953132499999999,1,1.0,1.0,0.043478260869565216,,False,,False,,False,,False,,False,0.0,0.0,1.0,False,0.015384615384615385,0.9846153846153847,False,0.05,2.995732273553991
gitlab_strong_allocation_uniform_budget160_rep0_trial0_2026-07-01T19-50-27Z,uniform,0,160,True,True,24,task_m4,overthinker,0.0,15,0.625,1411.7,0.6147073499999999,1,1.0,1.0,0.041666666666666664,,False,,False,,False,,False,,False,0.0,0.0,1.0,False,0.015384615384615385,0.9846153846153847,False,0.05,2.995732273553991
gitlab_strong_allocation_uniform_budget160_rep0_trial0_2026-07-01T19-50-27Z,uniform,0,160,True,True,25,task_m5,rapid,0.0,15,0.6,1484.7,0.6416933999999999,1,1.0,1.0,0.04,,False,,False,,False,,False,,False,0.0,0.0,1.0,False,0.015384615384615385,0.9846153846153847,False,0.05,2.995732273553991
gitlab_strong_allocation_uniform_budget160_rep0_trial0_2026-07-01T19-50-27Z,uniform,0,160,True,True,26,task_m6,verifier,1.0,16,0.6153846153846154,1517.6000000000001,0.6616019999999998,1,1.0,1.0,0.038461538461538464,,False,,False,,False,,False,,False,0.0,0.0,1.0,False,0.015384615384615385,0.9846153846153847,False,0.05,2.995732273553991
gitlab_strong_allocation_uniform_budget160_rep0_trial0_2026-07-01T19-50-27Z,uniform,0,160,True,True,27,task_m7,exploratory,1.0,17,0.6296296296296297,1578.1000000000001,0.6885706499999998,1,1.0,1.0,0.037037037037037035,,False,,False,,False,,False,,False,0.0,0.0,1.0,False,0.015384615384615385,0.9846153846153847,False,0.05,2.995732273553991
gitlab_strong_allocation_uniform_budget160_rep0_trial0_2026-07-01T19-50-27Z,uniform,0,160,True,True,28,task_m8,algorithmic,0.0,17,0.6071428571428571,1758.1000000000001,0.7209308999999998,1,1.0,1.0,0.03571428571428571,,False,,False,,False,,False,,False,0.0,0.0,1.0,False,0.015384615384615385,0.9846153846153847,False,0.05,2.995732273553991
gitlab_strong_allocation_uniform_budget160_rep0_trial0_2026-07-01T19-50-27Z,uniform,0,160,True,True,29,task_m9,junior_reactive,0.0,17,0.5862068965517241,1938.1000000000001,0.7756562999999999,1,1.0,1.0,0.034482758620689655,,False,,False,,False,,False,,False,0.0,0.0,1.0,False,0.015384615384615385,0.9846153846153847,False,0.05,2.995732273553991
gitlab_strong_allocation_uniform_budget160_rep0_trial0_2026-07-01T19-50-27Z,uniform,0,160,True,True,30,task_m10,domain_expert,0.0,17,0.5666666666666667,2118.1000000000004,0.8176505999999999,1,1.0,1.0,0.03333333333333333,,False,,False,,False,,False,,False,0.0,0.0,1.0,False,0.015384615384615385,0.9846153846153847,False,0.05,2.995732273553991
gitlab_strong_allocation_uniform_budget160_rep0_trial0_2026-07-01T19-50-27Z,uniform,0,160,True,True,31,task_m11,gitlab_domain_expert,0.0,17,0.5483870967741935,2169.2000000000003,0.8279723999999999,1,1.0,1.0,0.03225806451612903,,False,,False,,False,,False,,False,0.0,0.0,1.0,False,0.015384615384615385,0.9846153846153847,False,0.05,2.995732273553991
gitlab_strong_allocation_uniform_budget160_rep0_trial0_2026-07-01T19-50-27Z,uniform,0,160,True,True,32,task_m12,gitlab_rapid_executor,0.0,17,0.53125,2256.7000000000003,0.854277,1,1.0,1.0,0.03125,,False,,False,,False,,False,,False,0.0,0.0,1.0,False,0.015384615384615385,0.9846153846153847,False,0.05,2.995732273553991
gitlab_strong_allocation_uniform_budget160_rep0_trial0_2026-07-01T19-50-27Z,uniform,0,160,True,True,33,task_m13,gitlab_auditor,1.0,18,0.5454545454545454,2358.6000000000004,0.8983255499999999,1,1.0,1.0,0.030303030303030304,,False,,False,,False,,False,,False,0.0,0.0,1.0,False,0.015384615384615385,0.9846153846153847,False,0.05,2.995732273553991
gitlab_strong_allocation_uniform_budget160_rep0_trial0_2026-07-01T19-50-27Z,uniform,0,160,True,True,34,task_m14,gitlab_planner,0.0,18,0.5294117647058824,2400.9000000000005,0.91383765,1,1.0,1.0,0.029411764705882353,,False,,False,,False,,False,,False,0.0,0.0,1.0,False,0.015384615384615385,0.9846153846153847,False,0.05,2.995732273553991
gitlab_strong_allocation_uniform_budget160_rep0_trial0_2026-07-01T19-50-27Z,uniform,0,160,True,True,35,task_m15,gitlab_super_operator,0.0,18,0.5142857142857142,2419.4000000000005,0.93317955,1,1.0,1.0,0.02857142857142857,,False,,False,,False,,False,,False,0.0,0.0,1.0,False,0.015384615384615385,0.9846153846153847,False,0.05,2.995732273553991
gitlab_strong_allocation_uniform_budget160_rep0_trial0_2026-07-01T19-50-27Z,uniform,0,160,True,True,36,task_m16,gitlab_oracle_operator,1.0,19,0.5277777777777778,2434.4000000000005,0.95173785,2,2.0,1.0,0.05555555555555555,,False,,False,,False,,False,,False,0.4054651081081644,0.09166718852582387,1.096,False,0.015384615384615385,0.9846153846153847,False,0.05,2.995732273553991
gitlab_strong_allocation_uniform_budget160_rep0_trial0_2026-07-01T19-50-27Z,uniform,0,160,True,True,37,task_m17,baseline,1.0,20,0.5405405405405406,2461.6000000000004,0.97377315,2,2.0,1.0,0.05405405405405406,baseline,False,baseline,False,,False,,False,,False,0.4054651081081644,0.09166718852582387,1.096,False,0.015384615384615385,0.9846153846153847,False,0.05,2.995732273553991
gitlab_strong_allocation_uniform_budget160_rep0_trial0_2026-07-01T19-50-27Z,uniform,0,160,True,True,38,task_m18,planner,0.0,20,0.5263157894736842,2545.7000000000003,0.99183435,2,2.0,1.0,0.05263157894736842,,False,,False,,False,,False,,False,0.4054651081081644,0.09166718852582387,1.096,False,0.015384615384615385,0.9846153846153847,False,0.05,2.995732273553991
gitlab_strong_allocation_uniform_budget160_rep0_trial0_2026-07-01T19-50-27Z,uniform,0,160,True,True,39,task_m19,cautious,0.0,20,0.5128205128205128,2622.0000000000005,1.03648605,2,2.0,1.0,0.05128205128205128,,False,,False,,False,,False,,False,0.4054651081081644,0.09166718852582387,1.096,False,0.015384615384615385,0.9846153846153847,False,0.05,2.995732273553991
gitlab_strong_allocation_uniform_budget160_rep0_trial0_2026-07-01T19-50-27Z,uniform,0,160,True,True,40,task_m20,explorer,1.0,21,0.525,2641.3000000000006,1.0558205999999999,2,2.0,1.0,0.05,explorer,False,,False,explorer,False,explorer,False,,False,0.4054651081081644,0.09166718852582387,1.096,False,0.015384615384615385,0.9846153846153847,False,0.05,2.995732273553991
gitlab_strong_allocation_uniform_budget160_rep0_trial0_2026-07-01T19-50-27Z,uniform,0,160,True,True,41,task_h1,balanced,0.0,21,0.5121951219512195,2752.9000000000005,1.0800348,2,2.0,1.0,0.04878048780487805,explorer,False,,False,explorer,False,explorer,False,,False,0.4054651081081644,0.09166718852582387,1.096,False,0.015384615384615385,0.9846153846153847,False,0.05,2.995732273553991
gitlab_strong_allocation_uniform_budget160_rep0_trial0_2026-07-01T19-50-27Z,uniform,0,160,True,True,42,task_h2,overthinker,0.0,21,0.5,2932.9000000000005,1.1128217999999999,2,2.0,1.0,0.047619047619047616,explorer,False,,False,explorer,False,explorer,False,,False,0.4054651081081644,0.09166718852582387,1.096,False,0.015384615384615385,0.9846153846153847,False,0.05,2.995732273553991
gitlab_strong_allocation_uniform_budget160_rep0_trial0_2026-07-01T19-50-27Z,uniform,0,160,True,True,43,task_h3,rapid,0.0,21,0.4883720930232558,2995.2000000000007,1.13226765,2,2.0,1.0,0.046511627906976744,explorer,False,,False,explorer,False,explorer,False,,False,0.4054651081081644,0.09166718852582387,1.096,False,0.015384615384615385,0.9846153846153847,False,0.05,2.995732273553991
gitlab_strong_allocation_uniform_budget160_rep0_trial0_2026-07-01T19-50-27Z,uniform,0,160,True,True,44,task_h4,verifier,1.0,22,0.5,3065.9000000000005,1.1681571,2,2.0,1.0,0.045454545454545456,,False,,False,,False,,False,,False,0.4054651081081644,0.09166718852582387,1.096,False,0.015384615384615385,0.9846153846153847,False,0.05,2.995732273553991
gitlab_strong_allocation_uniform_budget160_rep0_trial0_2026-07-01T19-50-27Z,uniform,0,160,True,True,45,task_h5,exploratory,0.0,22,0.4888888888888889,3165.2000000000007,1.191384,2,2.0,1.0,0.044444444444444446,,False,,False,,False,,False,,False,0.4054651081081644,0.09166718852582387,1.096,False,0.015384615384615385,0.9846153846153847,False,0.05,2.995732273553991
gitlab_strong_allocation_uniform_budget160_rep0_trial0_2026-07-01T19-50-27Z,uniform,0,160,True,True,46,task_h6,algorithmic,0.0,22,0.4782608695652174,3270.9000000000005,1.2228087,2,2.0,1.0,0.043478260869565216,,False,,False,,False,,False,,False,0.4054651081081644,0.09166718852582387,1.096,False,0.015384615384615385,0.9846153846153847,False,0.05,2.995732273553991
gitlab_strong_allocation_uniform_budget160_rep0_trial0_2026-07-01T19-50-27Z,uniform,0,160,True,True,47,task_h7,junior_reactive,1.0,23,0.48936170212765956,3303.5000000000005,1.247139,2,2.0,1.0,0.0425531914893617,,False,,False,,False,,False,,False,0.4054651081081644,0.09166718852582387,1.096,False,0.015384615384615385,0.9846153846153847,False,0.05,2.995732273553991
gitlab_strong_allocation_uniform_budget160_rep0_trial0_2026-07-01T19-50-27Z,uniform,0,160,True,True,48,task_h8,domain_expert,0.0,23,0.4791666666666667,3350.6000000000004,1.2763488,2,2.0,1.0,0.041666666666666664,,False,,False,,False,,False,,False,0.4054651081081644,0.09166718852582387,1.096,False,0.015384615384615385,0.9846153846153847,False,0.05,2.995732273553991
gitlab_strong_allocation_uniform_budget160_rep0_trial0_2026-07-01T19-50-27Z,uniform,0,160,True,True,49,task_h9,gitlab_domain_expert,0.0,23,0.46938775510204084,3403.9000000000005,1.2864613500000002,2,2.0,1.0,0.04081632653061224,,False,,False,,False,,False,,False,0.4054651081081644,0.09166718852582387,1.096,False,0.015384615384615385,0.9846153846153847,False,0.05,2.995732273553991
gitlab_strong_allocation_uniform_budget160_rep0_trial0_2026-07-01T19-50-27Z,uniform,0,160,True,True,50,task_h10,gitlab_rapid_executor,0.0,23,0.46,3490.3000000000006,1.3254631500000003,2,2.0,1.0,0.04,,False,,False,,False,,False,,False,0.4054651081081644,0.09166718852582387,1.096,False,0.015384615384615385,0.9846153846153847,False,0.05,2.995732273553991
gitlab_strong_allocation_uniform_budget160_rep0_trial0_2026-07-01T19-50-27Z,uniform,0,160,True,True,51,task_h11,gitlab_auditor,0.0,23,0.45098039215686275,3670.3000000000006,1.3673458500000002,2,2.0,1.0,0.0392156862745098,,False,,False,,False,,False,,False,0.4054651081081644,0.09166718852582387,1.096,False,0.015384615384615385,0.9846153846153847,False,0.05,2.995732273553991
gitlab_strong_allocation_uniform_budget160_rep0_trial0_2026-07-01T19-50-27Z,uniform,0,160,True,True,52,task_h12,gitlab_planner,0.0,23,0.4423076923076923,3850.3000000000006,1.3971969000000002,2,2.0,1.0,0.038461538461538464,,False,,False,,False,,False,,False,0.4054651081081644,0.09166718852582387,1.096,False,0.015384615384615385,0.9846153846153847,False,0.05,2.995732273553991
gitlab_strong_allocation_uniform_budget160_rep0_trial0_2026-07-01T19-50-27Z,uniform,0,160,True,True,53,task_h13,gitlab_super_operator,0.0,23,0.4339622641509434,3963.7000000000007,1.41501285,2,2.0,1.0,0.03773584905660377,,False,,False,,False,,False,,False,0.4054651081081644,0.09166718852582387,1.096,False,0.015384615384615385,0.9846153846153847,False,0.05,2.995732273553991
gitlab_strong_allocation_uniform_budget160_rep0_trial0_2026-07-01T19-50-27Z,uniform,0,160,True,True,54,task_h14,gitlab_oracle_operator,1.0,24,0.4444444444444444,4028.9000000000005,1.4624355,3,3.0,1.0,0.05555555555555555,,False,,False,,False,,False,,False,0.8109302162163288,0.28582320296678143,1.3308571428571432,False,0.06153846153846154,0.9846153846153847,False,0.05,2.995732273553991
gitlab_strong_allocation_uniform_budget160_rep0_trial0_2026-07-01T19-50-27Z,uniform,0,160,True,True,55,task_h15,baseline,1.0,25,0.45454545454545453,4135.700000000001,1.5218113500000001,3,3.0,1.0,0.05454545454545454,,False,baseline,False,,False,,False,,False,0.8109302162163288,0.28582320296678143,1.3308571428571432,False,0.06153846153846154,0.9846153846153847,False,0.05,2.995732273553991
gitlab_strong_allocation_uniform_budget160_rep0_trial0_2026-07-01T19-50-27Z,uniform,0,160,True,True,56,task_h16,planner,0.0,25,0.44642857142857145,4179.000000000001,1.5382332,3,3.0,1.0,0.05357142857142857,,False,,False,,False,,False,,False,0.8109302162163288,0.28582320296678143,1.3308571428571432,False,0.06153846153846154,0.9846153846153847,False,0.05,2.995732273553991
gitlab_strong_allocation_uniform_budget160_rep0_trial0_2026-07-01T19-50-27Z,uniform,0,160,True,True,57,task_h17,cautious,0.0,25,0.43859649122807015,4253.200000000001,1.5480562500000001,3,3.0,1.0,0.05263157894736842,,False,,False,,False,,False,,False,0.8109302162163288,0.28582320296678143,1.3308571428571432,False,0.06153846153846154,0.9846153846153847,False,0.05,2.995732273553991
gitlab_strong_allocation_uniform_budget160_rep0_trial0_2026-07-01T19-50-27Z,uniform,0,160,True,True,58,task_h18,explorer,0.0,25,0.43103448275862066,4350.200000000001,1.5656791500000002,3,3.0,1.0,0.05172413793103448,,False,,False,,False,,False,,False,0.8109302162163288,0.28582320296678143,1.3308571428571432,False,0.06153846153846154,0.9846153846153847,False,0.05,2.995732273553991
gitlab_strong_allocation_uniform_budget160_rep0_trial0_2026-07-01T19-50-27Z,uniform,0,160,True,True,59,task_h19,balanced,0.0,25,0.423728813559322,4530.200000000001,1.5985593000000002,3,3.0,1.0,0.05084745762711865,,False,,False,,False,,False,,False,0.8109302162163288,0.28582320296678143,1.3308571428571432,False,0.06153846153846154,0.9846153846153847,False,0.05,2.995732273553991
gitlab_strong_allocation_uniform_budget160_rep0_trial0_2026-07-01T19-50-27Z,uniform,0,160,True,True,60,task_h20,overthinker,0.0,25,0.4166666666666667,4574.900000000001,1.6085676000000002,3,3.0,1.0,0.05,,False,,False,,False,,False,,False,0.8109302162163288,0.28582320296678143,1.3308571428571432,False,0.06153846153846154,0.9846153846153847,False,0.05,2.995732273553991
gitlab_strong_allocation_uniform_budget160_rep0_trial0_2026-07-01T19-50-27Z,uniform,0,160,True,True,61,task_h21,rapid,0.0,25,0.4098360655737705,4683.6,1.6339162500000002,3,3.0,1.0,0.04918032786885246,,False,,False,,False,,False,,False,0.8109302162163288,0.28582320296678143,1.3308571428571432,False,0.06153846153846154,0.9846153846153847,False,0.05,2.995732273553991
gitlab_strong_allocation_uniform_budget160_rep0_trial0_2026-07-01T19-50-27Z,uniform,0,160,True,True,62,task_h22,verifier,0.0,25,0.4032258064516129,4863.6,1.6905451500000002,3,3.0,1.0,0.04838709677419355,gitlab_oracle_operator,True,,False,gitlab_oracle_operator,True,gitlab_oracle_operator,True,,False,0.8109302162163288,0.28582320296678143,1.3308571428571432,False,0.06153846153846154,0.9846153846153847,False,0.05,2.995732273553991
gitlab_strong_allocation_uniform_budget160_rep0_trial0_2026-07-01T19-50-27Z,uniform,0,160,True,True,63,task_h23,exploratory,0.0,25,0.3968253968253968,4933.8,1.7078790000000001,3,3.0,1.0,0.047619047619047616,gitlab_oracle_operator,True,,False,gitlab_oracle_operator,True,gitlab_oracle_operator,True,,False,0.8109302162163288,0.28582320296678143,1.3308571428571432,False,0.06153846153846154,0.9846153846153847,False,0.05,2.995732273553991
gitlab_strong_allocation_uniform_budget160_rep0_trial0_2026-07-01T19-50-27Z,uniform,0,160,True,True,64,task_h24,algorithmic,0.0,25,0.390625,5003.7,1.7175970500000002,3,3.0,1.0,0.046875,gitlab_oracle_operator,True,,False,gitlab_oracle_operator,True,gitlab_oracle_operator,True,,False,0.8109302162163288,0.28582320296678143,1.3308571428571432,False,0.06153846153846154,0.9846153846153847,False,0.05,2.995732273553991
gitlab_strong_allocation_uniform_budget160_rep0_trial0_2026-07-01T19-50-27Z,uniform,0,160,True,True,65,task_h25,junior_reactive,0.0,25,0.38461538461538464,5096.3,1.7599674000000003,3,3.0,1.0,0.046153846153846156,gitlab_oracle_operator,True,,False,gitlab_oracle_operator,True,gitlab_oracle_operator,True,,False,0.8109302162163288,0.28582320296678143,1.3308571428571432,False,0.06153846153846154,0.9846153846153847,False,0.05,2.995732273553991
gitlab_strong_allocation_uniform_budget160_rep0_trial0_2026-07-01T19-50-27Z,uniform,0,160,True,True,66,task_h26,domain_expert,0.0,25,0.3787878787878788,5276.3,1.7907196500000002,3,3.0,1.0,0.045454545454545456,gitlab_oracle_operator,True,,False,gitlab_oracle_operator,True,gitlab_oracle_operator,True,,False,0.8109302162163288,0.28582320296678143,1.3308571428571432,False,0.06153846153846154,0.9846153846153847,False,0.05,2.995732273553991
gitlab_strong_allocation_uniform_budget160_rep0_trial0_2026-07-01T19-50-27Z,uniform,0,160,True,True,67,task_h27,gitlab_domain_expert,0.0,25,0.373134328358209,5313.1,1.8055605000000001,3,3.0,1.0,0.04477611940298507,gitlab_oracle_operator,True,,False,gitlab_oracle_operator,True,gitlab_oracle_operator,True,,False,0.8109302162163288,0.28582320296678143,1.3308571428571432,False,0.06153846153846154,0.9846153846153847,False,0.05,2.995732273553991
gitlab_strong_allocation_uniform_budget160_rep0_trial0_2026-07-01T19-50-27Z,uniform,0,160,True,True,68,task_h28,gitlab_rapid_executor,0.0,25,0.36764705882352944,5493.1,1.8596188500000002,3,3.0,1.0,0.04411764705882353,gitlab_oracle_operator,True,,False,gitlab_oracle_operator,True,gitlab_oracle_operator,True,,False,0.8109302162163288,0.28582320296678143,1.3308571428571432,False,0.06153846153846154,0.9846153846153847,False,0.05,2.995732273553991
gitlab_strong_allocation_uniform_budget160_rep0_trial0_2026-07-01T19-50-27Z,uniform,0,160,True,True,69,task_h29,gitlab_auditor,0.0,25,0.36231884057971014,5569.1,1.8700689000000001,3,3.0,1.0,0.043478260869565216,gitlab_oracle_operator,True,,False,gitlab_oracle_operator,True,gitlab_oracle_operator,True,,False,0.8109302162163288,0.28582320296678143,1.3308571428571432,False,0.06153846153846154,0.9846153846153847,False,0.05,2.995732273553991
gitlab_strong_allocation_uniform_budget160_rep0_trial0_2026-07-01T19-50-27Z,uniform,0,160,True,True,70,task_h30,gitlab_planner,0.0,25,0.35714285714285715,5650.6,1.8811024500000002,3,3.0,1.0,0.04285714285714286,gitlab_oracle_operator,True,,False,gitlab_oracle_operator,True,gitlab_oracle_operator,True,,False,0.8109302162163288,0.28582320296678143,1.3308571428571432,False,0.06153846153846154,0.9846153846153847,False,0.05,2.995732273553991
gitlab_strong_allocation_uniform_budget160_rep0_trial0_2026-07-01T19-50-27Z,uniform,0,160,True,True,71,task_h31,gitlab_super_operator,0.0,25,0.352112676056338,5830.6,1.9795197000000002,3,3.0,1.0,0.04225352112676056,gitlab_oracle_operator,True,,False,gitlab_oracle_operator,True,gitlab_oracle_operator,True,,False,0.8109302162163288,0.28582320296678143,1.3308571428571432,False,0.06153846153846154,0.9846153846153847,False,0.05,2.995732273553991
gitlab_strong_allocation_uniform_budget160_rep0_trial0_2026-07-01T19-50-27Z,uniform,0,160,True,True,72,task_h32,gitlab_oracle_operator,0.0,25,0.3472222222222222,5917.400000000001,2.01854865,4,3.0,0.75,0.05555555555555555,,False,,False,,False,,False,,False,0.11778303565638348,-0.40732397759316386,0.6654285714285716,False,0.015384615384615385,0.9846153846153847,False,0.05,2.995732273553991
gitlab_strong_allocation_uniform_budget160_rep0_trial0_2026-07-01T19-50-27Z,uniform,0,160,True,True,73,task_h33,baseline,0.0,25,0.3424657534246575,6097.400000000001,2.12552265,4,3.0,0.75,0.0547945205479452,,False,baseline,False,,False,,False,,False,0.11778303565638348,-0.40732397759316386,0.6654285714285716,False,0.015384615384615385,0.9846153846153847,False,0.05,2.995732273553991
gitlab_strong_allocation_uniform_budget160_rep0_trial0_2026-07-01T19-50-27Z,uniform,0,160,True,True,74,task_h34,planner,0.0,25,0.33783783783783783,6277.400000000001,2.1497826,4,3.0,0.75,0.05405405405405406,,False,,False,,False,,False,,False,0.11778303565638348,-0.40732397759316386,0.6654285714285716,False,0.015384615384615385,0.9846153846153847,False,0.05,2.995732273553991
gitlab_strong_allocation_uniform_budget160_rep0_trial0_2026-07-01T19-50-27Z,uniform,0,160,True,True,75,task_h35,cautious,1.0,26,0.3466666666666667,6301.1,2.1729369,4,3.0,0.75,0.05333333333333334,,False,,False,,False,,False,,False,0.11778303565638348,-0.40732397759316386,0.6654285714285716,False,0.015384615384615385,0.9846153846153847,False,0.05,2.995732273553991
gitlab_strong_allocation_uniform_budget160_rep0_trial0_2026-07-01T19-50-27Z,uniform,0,160,True,True,76,task_h36,explorer,0.0,26,0.34210526315789475,6481.1,2.2588062,4,3.0,0.75,0.05263157894736842,,False,,False,,False,,False,,False,0.11778303565638348,-0.40732397759316386,0.6654285714285716,False,0.015384615384615385,0.9846153846153847,False,0.05,2.995732273553991
gitlab_strong_allocation_uniform_budget160_rep0_trial0_2026-07-01T19-50-27Z,uniform,0,160,True,True,77,task_h37,balanced,0.0,26,0.33766233766233766,6605.8,2.28090705,4,3.0,0.75,0.05194805194805195,,False,,False,,False,,False,,False,0.11778303565638348,-0.40732397759316386,0.6654285714285716,False,0.015384615384615385,0.9846153846153847,False,0.05,2.995732273553991
gitlab_strong_allocation_uniform_budget160_rep0_trial0_2026-07-01T19-50-27Z,uniform,0,160,True,True,78,task_h38,overthinker,0.0,26,0.3333333333333333,6666.7,2.29160685,4,3.0,0.75,0.05128205128205128,,False,,False,,False,,False,,False,0.11778303565638348,-0.40732397759316386,0.6654285714285716,False,0.015384615384615385,0.9846153846153847,False,0.05,2.995732273553991
gitlab_strong_allocation_uniform_budget160_rep0_trial0_2026-07-01T19-50-27Z,uniform,0,160,True,True,79,task_h39,rapid,1.0,27,0.34177215189873417,6691.599999999999,2.31971925,4,3.0,0.75,0.05063291139240506,,False,,False,,False,,False,,False,0.11778303565638348,-0.40732397759316386,0.6654285714285716,False,0.015384615384615385,0.9846153846153847,False,0.05,2.995732273553991
gitlab_strong_allocation_uniform_budget160_rep0_trial0_2026-07-01T19-50-27Z,uniform,0,160,True,True,80,task_h40,verifier,0.0,27,0.3375,6749.999999999999,2.3336997,4,3.0,0.75,0.05,gitlab_oracle_operator,True,,False,gitlab_oracle_operator,True,,False,,False,0.11778303565638348,-0.40732397759316386,0.6654285714285716,False,0.015384615384615385,0.9846153846153847,False,0.05,2.995732273553991
gitlab_strong_allocation_uniform_budget160_rep0_trial0_2026-07-01T19-50-27Z,uniform,0,160,True,True,81,task_h41,exploratory,0.0,27,0.3333333333333333,6929.999999999999,2.3722355999999998,4,3.0,0.75,0.04938271604938271,gitlab_oracle_operator,True,,False,gitlab_oracle_operator,True,,False,,False,0.11778303565638348,-0.40732397759316386,0.6654285714285716,False,0.015384615384615385,0.9846153846153847,False,0.05,2.995732273553991
gitlab_strong_allocation_uniform_budget160_rep0_trial0_2026-07-01T19-50-27Z,uniform,0,160,True,True,82,task_h42,algorithmic,0.0,27,0.32926829268292684,6990.699999999999,2.3826473999999997,4,3.0,0.75,0.04878048780487805,gitlab_oracle_operator,True,,False,gitlab_oracle_operator,True,,False,,False,0.11778303565638348,-0.40732397759316386,0.6654285714285716,False,0.015384615384615385,0.9846153846153847,False,0.05,2.995732273553991
gitlab_strong_allocation_uniform_budget160_rep0_trial0_2026-07-01T19-50-27Z,uniform,0,160,True,True,83,task_h43,junior_reactive,0.0,27,0.3253012048192771,7057.299999999999,2.4080554499999995,4,3.0,0.75,0.04819277108433735,gitlab_oracle_operator,True,,False,gitlab_oracle_operator,True,,False,,False,0.11778303565638348,-0.40732397759316386,0.6654285714285716,False,0.015384615384615385,0.9846153846153847,False,0.05,2.995732273553991
gitlab_strong_allocation_uniform_budget160_rep0_trial0_2026-07-01T19-50-27Z,uniform,0,160,True,True,84,task_h44,domain_expert,0.0,27,0.32142857142857145,7237.299999999999,2.4290284499999997,4,3.0,0.75,0.047619047619047616,gitlab_oracle_operator,True,,False,gitlab_oracle_operator,True,,False,,False,0.11778303565638348,-0.40732397759316386,0.6654285714285716,False,0.015384615384615385,0.9846153846153847,False,0.05,2.995732273553991
gitlab_strong_allocation_uniform_budget160_rep0_trial0_2026-07-01T19-50-27Z,uniform,0,160,True,True,85,task_h45,gitlab_domain_expert,0.0,27,0.3176470588235294,7417.299999999999,2.4585211499999997,4,3.0,0.75,0.047058823529411764,gitlab_oracle_operator,True,,False,gitlab_oracle_operator,True,,False,,False,0.11778303565638348,-0.40732397759316386,0.6654285714285716,False,0.015384615384615385,0.9846153846153847,False,0.05,2.995732273553991
gitlab_strong_allocation_uniform_budget160_rep0_trial0_2026-07-01T19-50-27Z,uniform,0,160,True,True,86,task_h46,gitlab_rapid_executor,0.0,27,0.313953488372093,7462.999999999999,2.4693319499999995,4,3.0,0.75,0.046511627906976744,gitlab_oracle_operator,True,,False,gitlab_oracle_operator,True,,False,,False,0.11778303565638348,-0.40732397759316386,0.6654285714285716,False,0.015384615384615385,0.9846153846153847,False,0.05,2.995732273553991
gitlab_strong_allocation_uniform_budget160_rep0_trial0_2026-07-01T19-50-27Z,uniform,0,160,True,True,87,task_h47,gitlab_auditor,0.0,27,0.3103448275862069,7525.899999999999,2.4818167499999997,4,3.0,0.75,0.04597701149425287,gitlab_oracle_operator,True,,False,gitlab_oracle_operator,True,,False,,False,0.11778303565638348,-0.40732397759316386,0.6654285714285716,False,0.015384615384615385,0.9846153846153847,False,0.05,2.995732273553991
gitlab_strong_allocation_uniform_budget160_rep0_trial0_2026-07-01T19-50-27Z,uniform,0,160,True,True,88,task_h48,gitlab_planner,0.0,27,0.3068181818181818,7705.899999999999,2.5096259999999995,4,3.0,0.75,0.045454545454545456,gitlab_oracle_operator,True,,False,gitlab_oracle_operator,True,,False,,False,0.11778303565638348,-0.40732397759316386,0.6654285714285716,False,0.015384615384615385,0.9846153846153847,False,0.05,2.995732273553991
gitlab_strong_allocation_uniform_budget160_rep0_trial0_2026-07-01T19-50-27Z,uniform,0,160,True,True,89,task_h49,gitlab_super_operator,0.0,27,0.30337078651685395,7777.999999999999,2.5279408499999994,4,3.0,0.75,0.0449438202247191,gitlab_oracle_operator,True,,False,gitlab_oracle_operator,True,,False,,False,0.11778303565638348,-0.40732397759316386,0.6654285714285716,False,0.015384615384615385,0.9846153846153847,False,0.05,2.995732273553991
gitlab_strong_allocation_uniform_budget160_rep0_trial0_2026-07-01T19-50-27Z,uniform,0,160,True,True,90,task_h50,gitlab_oracle_operator,0.0,27,0.3,7869.999999999999,2.5487122499999995,5,3.0,0.6,0.05555555555555555,,False,,False,,False,,False,,False,-0.5753641449035618,-0.40732397759316386,0.6654285714285716,False,0.015384615384615385,0.9846153846153847,False,0.05,2.995732273553991
gitlab_strong_allocation_uniform_budget160_rep0_trial0_2026-07-01T19-50-27Z,uniform,0,160,True,True,91,task_h51,baseline,0.0,27,0.2967032967032967,8049.999999999999,2.6172661499999994,5,3.0,0.6,0.054945054945054944,,False,baseline,False,,False,,False,,False,-0.5753641449035618,-0.40732397759316386,0.6654285714285716,False,0.015384615384615385,0.9846153846153847,False,0.05,2.995732273553991
gitlab_strong_allocation_uniform_budget160_rep0_trial0_2026-07-01T19-50-27Z,uniform,0,160,True,True,92,task_h52,planner,0.0,27,0.29347826086956524,8115.799999999999,2.6281256999999996,5,3.0,0.6,0.05434782608695652,,False,,False,,False,,False,,False,-0.5753641449035618,-0.40732397759316386,0.6654285714285716,False,0.015384615384615385,0.9846153846153847,False,0.05,2.995732273553991
gitlab_strong_allocation_uniform_budget160_rep0_trial0_2026-07-01T19-50-27Z,uniform,0,160,True,True,93,task_h53,cautious,0.0,27,0.2903225806451613,8295.8,2.6816698499999996,5,3.0,0.6,0.053763440860215055,,False,,False,,False,,False,,False,-0.5753641449035618,-0.40732397759316386,0.6654285714285716,False,0.015384615384615385,0.9846153846153847,False,0.05,2.995732273553991
gitlab_strong_allocation_uniform_budget160_rep0_trial0_2026-07-01T19-50-27Z,uniform,0,160,True,True,94,task_h54,explorer,0.0,27,0.2872340425531915,8406.699999999999,2.7134319,5,3.0,0.6,0.05319148936170213,,False,,False,,False,,False,,False,-0.5753641449035618,-0.40732397759316386,0.6654285714285716,False,0.015384615384615385,0.9846153846153847,False,0.05,2.995732273553991
gitlab_strong_allocation_uniform_budget160_rep0_trial0_2026-07-01T19-50-27Z,uniform,0,160,True,True,95,task_h55,balanced,0.0,27,0.28421052631578947,8465.699999999999,2.7323579999999996,5,3.0,0.6,0.05263157894736842,,False,,False,,False,,False,,False,-0.5753641449035618,-0.40732397759316386,0.6654285714285716,False,0.015384615384615385,0.9846153846153847,False,0.05,2.995732273553991
gitlab_strong_allocation_uniform_budget160_rep0_trial0_2026-07-01T19-50-27Z,uniform,0,160,True,True,96,task_h56,overthinker,0.0,27,0.28125,8533.699999999999,2.7439157999999995,5,3.0,0.6,0.052083333333333336,,False,,False,,False,,False,,False,-0.5753641449035618,-0.40732397759316386,0.6654285714285716,False,0.015384615384615385,0.9846153846153847,False,0.05,2.995732273553991
gitlab_strong_allocation_uniform_budget160_rep0_trial0_2026-07-01T19-50-27Z,uniform,0,160,True,True,97,task_h57,rapid,0.0,27,0.27835051546391754,8594.199999999999,2.7548698499999995,5,3.0,0.6,0.05154639175257732,,False,,False,,False,,False,,False,-0.5753641449035618,-0.40732397759316386,0.6654285714285716,False,0.015384615384615385,0.9846153846153847,False,0.05,2.995732273553991
gitlab_strong_allocation_uniform_budget160_rep0_trial0_2026-07-01T19-50-27Z,uniform,0,160,True,True,98,task_h58,verifier,0.0,27,0.2755102040816326,8640.499999999998,2.7700699499999994,5,3.0,0.6,0.05102040816326531,gitlab_oracle_operator,True,,False,,False,,False,,False,-0.5753641449035618,-0.40732397759316386,0.6654285714285716,False,0.015384615384615385,0.9846153846153847,False,0.05,2.995732273553991
gitlab_strong_allocation_uniform_budget160_rep0_trial0_2026-07-01T19-50-27Z,uniform,0,160,True,True,99,task_h59,exploratory,0.0,27,0.2727272727272727,8703.499999999998,2.7813614999999996,5,3.0,0.6,0.050505050505050504,gitlab_oracle_operator,True,,False,,False,,False,,False,-0.5753641449035618,-0.40732397759316386,0.6654285714285716,False,0.015384615384615385,0.9846153846153847,False,0.05,2.995732273553991
gitlab_strong_allocation_uniform_budget160_rep0_trial0_2026-07-01T19-50-27Z,uniform,0,160,True,True,100,task_h60,algorithmic,0.0,27,0.27,8883.499999999998,2.8252802999999997,5,3.0,0.6,0.05,gitlab_oracle_operator,True,,False,,False,,False,,False,-0.5753641449035618,-0.40732397759316386,0.6654285714285716,False,0.015384615384615385,0.9846153846153847,False,0.05,2.995732273553991
gitlab_strong_allocation_uniform_budget160_rep0_trial0_2026-07-01T19-50-27Z,uniform,0,160,True,True,101,task_h61,junior_reactive,0.0,27,0.26732673267326734,9063.499999999998,2.8508169,5,3.0,0.6,0.04950495049504951,gitlab_oracle_operator,True,,False,,False,,False,,False,-0.5753641449035618,-0.40732397759316386,0.6654285714285716,False,0.015384615384615385,0.9846153846153847,False,0.05,2.995732273553991
gitlab_strong_allocation_uniform_budget160_rep0_trial0_2026-07-01T19-50-27Z,uniform,0,160,True,True,102,task_h62,domain_expert,0.0,27,0.2647058823529412,9140.499999999998,2.86171395,5,3.0,0.6,0.049019607843137254,gitlab_oracle_operator,True,,False,,False,,False,,False,-0.5753641449035618,-0.40732397759316386,0.6654285714285716,False,0.015384615384615385,0.9846153846153847,False,0.05,2.995732273553991
gitlab_strong_allocation_uniform_budget160_rep0_trial0_2026-07-01T19-50-27Z,uniform,0,160,True,True,103,task_h63,gitlab_domain_expert,0.0,27,0.2621359223300971,9211.199999999999,2.87285775,5,3.0,0.6,0.04854368932038835,gitlab_oracle_operator,True,,False,,False,,False,,False,-0.5753641449035618,-0.40732397759316386,0.6654285714285716,False,0.015384615384615385,0.9846153846153847,False,0.05,2.995732273553991
gitlab_strong_allocation_uniform_budget160_rep0_trial0_2026-07-01T19-50-27Z,uniform,0,160,True,True,104,task_h64,gitlab_rapid_executor,0.0,27,0.25961538461538464,9330.099999999999,2.9023129500000002,5,3.0,0.6,0.04807692307692308,gitlab_oracle_operator,True,,False,,False,,False,,False,-0.5753641449035618,-0.40732397759316386,0.6654285714285716,False,0.015384615384615385,0.9846153846153847,False,0.05,2.995732273553991
gitlab_strong_allocation_uniform_budget160_rep0_trial0_2026-07-01T19-50-27Z,uniform,0,160,True,True,105,task_h65,gitlab_auditor,0.0,27,0.2571428571428571,9467.699999999999,2.9266086000000002,5,3.0,0.6,0.047619047619047616,gitlab_oracle_operator,True,,False,,False,,False,,False,-0.5753641449035618,-0.40732397759316386,0.6654285714285716,False,0.015384615384615385,0.9846153846153847,False,0.05,2.995732273553991
gitlab_strong_allocation_uniform_budget160_rep0_trial0_2026-07-01T19-50-27Z,uniform,0,160,True,True,106,task_h66,gitlab_planner,0.0,27,0.25471698113207547,9515.699999999999,2.9381791500000003,5,3.0,0.6,0.04716981132075472,gitlab_oracle_operator,True,,False,,False,,False,,False,-0.5753641449035618,-0.40732397759316386,0.6654285714285716,False,0.015384615384615385,0.9846153846153847,False,0.05,2.995732273553991
gitlab_strong_allocation_uniform_budget160_rep0_trial0_2026-07-01T19-50-27Z,uniform,0,160,True,True,107,task_h67,gitlab_super_operator,1.0,28,0.2616822429906542,9591.8,2.9807394000000005,5,3.0,0.6,0.04672897196261682,gitlab_oracle_operator,True,,False,,False,,False,,False,-0.5753641449035618,-0.40732397759316386,0.6654285714285716,False,0.015384615384615385,0.9846153846153847,False,0.05,2.995732273553991
gitlab_strong_allocation_uniform_budget160_rep0_trial0_2026-07-01T19-50-27Z,uniform,0,160,True,True,108,task_h68,gitlab_oracle_operator,0.0,28,0.25925925925925924,9771.8,3.0549255000000004,6,3.0,0.5,0.05555555555555555,,False,,False,,False,,False,,False,-0.8120495928505586,-0.40732397759316386,0.6654285714285716,False,0.015384615384615385,0.9846153846153847,False,0.05,2.995732273553991
gitlab_strong_allocation_uniform_budget160_rep0_trial0_2026-07-01T19-50-27Z,uniform,0,160,True,True,109,task_h69,baseline,0.0,28,0.25688073394495414,9951.8,3.1130676000000004,6,3.0,0.5,0.05504587155963303,,False,baseline,False,,False,,False,,False,-0.8120495928505586,-0.40732397759316386,0.6654285714285716,False,0.015384615384615385,0.9846153846153847,False,0.05,2.995732273553991
gitlab_strong_allocation_uniform_budget160_rep0_trial0_2026-07-01T19-50-27Z,uniform,0,160,True,True,110,task_h70,planner,0.0,28,0.2545454545454545,10131.8,3.1773325500000005,6,3.0,0.5,0.05454545454545454,,False,,False,,False,,False,,False,-0.8120495928505586,-0.40732397759316386,0.6654285714285716,False,0.015384615384615385,0.9846153846153847,False,0.05,2.995732273553991
gitlab_strong_allocation_uniform_budget160_rep0_trial0_2026-07-01T19-50-27Z,uniform,0,160,True,True,111,task_h71,cautious,0.0,28,0.25225225225225223,10201.8,3.1891948500000007,6,3.0,0.5,0.05405405405405406,,False,,False,,False,,False,,False,-0.8120495928505586,-0.40732397759316386,0.6654285714285716,False,0.015384615384615385,0.9846153846153847,False,0.05,2.995732273553991
gitlab_strong_allocation_uniform_budget160_rep0_trial0_2026-07-01T19-50-27Z,uniform,0,160,True,True,112,task_h72,explorer,0.0,28,0.25,10251.099999999999,3.1992084000000007,6,3.0,0.5,0.05357142857142857,,False,,False,,False,,False,,False,-0.8120495928505586,-0.40732397759316386,0.6654285714285716,False,0.015384615384615385,0.9846153846153847,False,0.05,2.995732273553991
gitlab_strong_allocation_uniform_budget160_rep0_trial0_2026-07-01T19-50-27Z,uniform,0,160,True,True,113,task_h73,balanced,0.0,28,0.24778761061946902,10316.699999999999,3.2174940000000007,6,3.0,0.5,0.05309734513274336,,False,,False,,False,,False,,False,-0.8120495928505586,-0.40732397759316386,0.6654285714285716,False,0.015384615384615385,0.9846153846153847,False,0.05,2.995732273553991
gitlab_strong_allocation_uniform_budget160_rep0_trial0_2026-07-01T19-50-27Z,uniform,0,160,True,True,114,task_h74,overthinker,0.0,28,0.24561403508771928,10465.3,3.257503050000001,6,3.0,0.5,0.05263157894736842,,False,,False,,False,,False,,False,-0.8120495928505586,-0.40732397759316386,0.6654285714285716,False,0.015384615384615385,0.9846153846153847,False,0.05,2.995732273553991
gitlab_strong_allocation_uniform_budget160_rep0_trial0_2026-07-01T19-50-27Z,uniform,0,160,True,True,115,task_h75,rapid,0.0,28,0.24347826086956523,10528.8,3.268244100000001,6,3.0,0.5,0.05217391304347826,,False,,False,,False,,False,,False,-0.8120495928505586,-0.40732397759316386,0.6654285714285716,False,0.015384615384615385,0.9846153846153847,False,0.05,2.995732273553991
gitlab_strong_allocation_uniform_budget160_rep0_trial0_2026-07-01T19-50-27Z,uniform,0,160,True,True,116,task_h76,verifier,0.0,28,0.2413793103448276,10580.599999999999,3.278993400000001,6,3.0,0.5,0.05172413793103448,gitlab_oracle_operator,True,,False,,False,,False,,False,-0.8120495928505586,-0.40732397759316386,0.6654285714285716,False,0.015384615384615385,0.9846153846153847,False,0.05,2.995732273553991
gitlab_strong_allocation_uniform_budget160_rep0_trial0_2026-07-01T19-50-27Z,uniform,0,160,True,True,117,task_h77,exploratory,0.0,28,0.23931623931623933,10664.399999999998,3.298511100000001,6,3.0,0.5,0.05128205128205128,gitlab_oracle_operator,True,,False,,False,,False,,False,-0.8120495928505586,-0.40732397759316386,0.6654285714285716,False,0.015384615384615385,0.9846153846153847,False,0.05,2.995732273553991
gitlab_strong_allocation_uniform_budget160_rep0_trial0_2026-07-01T19-50-27Z,uniform,0,160,True,True,118,task_h78,algorithmic,0.0,28,0.23728813559322035,10788.299999999997,3.3182880000000012,6,3.0,0.5,0.05084745762711865,gitlab_oracle_operator,True,,False,,False,,False,,False,-0.8120495928505586,-0.40732397759316386,0.6654285714285716,False,0.015384615384615385,0.9846153846153847,False,0.05,2.995732273553991
gitlab_strong_allocation_uniform_budget160_rep0_trial0_2026-07-01T19-50-27Z,uniform,0,160,True,True,119,task_h79,junior_reactive,0.0,28,0.23529411764705882,10840.899999999998,3.3352063500000013,6,3.0,0.5,0.05042016806722689,gitlab_oracle_operator,True,,False,,False,,False,,False,-0.8120495928505586,-0.40732397759316386,0.6654285714285716,False,0.015384615384615385,0.9846153846153847,False,0.05,2.995732273553991
gitlab_strong_allocation_uniform_budget160_rep0_trial0_2026-07-01T19-50-27Z,uniform,0,160,True,True,120,task_h80,domain_expert,0.0,28,0.23333333333333334,10909.699999999997,3.356306550000001,6,3.0,0.5,0.05,gitlab_oracle_operator,True,,False,,False,,False,,False,-0.8120495928505586,-0.40732397759316386,0.6654285714285716,False,0.015384615384615385,0.9846153846153847,False,0.05,2.995732273553991
gitlab_strong_allocation_uniform_budget160_rep0_trial0_2026-07-01T19-50-27Z,uniform,0,160,True,True,121,task_h81,gitlab_domain_expert,0.0,28,0.23140495867768596,10953.299999999997,3.3666771000000013,6,3.0,0.5,0.049586776859504134,gitlab_oracle_operator,True,,False,,False,,False,,False,-0.8120495928505586,-0.40732397759316386,0.6654285714285716,False,0.015384615384615385,0.9846153846153847,False,0.05,2.995732273553991
gitlab_strong_allocation_uniform_budget160_rep0_trial0_2026-07-01T19-50-27Z,uniform,0,160,True,True,122,task_h82,gitlab_rapid_executor,0.0,28,0.22950819672131148,11014.199999999997,3.387040800000001,6,3.0,0.5,0.04918032786885246,gitlab_oracle_operator,True,,False,,False,,False,,False,-0.8120495928505586,-0.40732397759316386,0.6654285714285716,False,0.015384615384615385,0.9846153846153847,False,0.05,2.995732273553991
gitlab_strong_allocation_uniform_budget160_rep0_trial0_2026-07-01T19-50-27Z,uniform,0,160,True,True,123,task_h83,gitlab_auditor,0.0,28,0.22764227642276422,11194.199999999997,3.408645300000001,6,3.0,0.5,0.04878048780487805,gitlab_oracle_operator,True,,False,,False,,False,,False,-0.8120495928505586,-0.40732397759316386,0.6654285714285716,False,0.015384615384615385,0.9846153846153847,False,0.05,2.995732273553991
gitlab_strong_allocation_uniform_budget160_rep0_trial0_2026-07-01T19-50-27Z,uniform,0,160,True,True,124,task_h84,gitlab_planner,0.0,28,0.22580645161290322,11374.199999999997,3.4488585000000014,6,3.0,0.5,0.04838709677419355,gitlab_oracle_operator,True,,False,,False,,False,,False,-0.8120495928505586,-0.40732397759316386,0.6654285714285716,False,0.015384615384615385,0.9846153846153847,False,0.05,2.995732273553991
gitlab_strong_allocation_uniform_budget160_rep0_trial0_2026-07-01T19-50-27Z,uniform,0,160,True,True,125,task_h85,gitlab_super_operator,0.0,28,0.224,11554.199999999997,3.4931335500000014,6,3.0,0.5,0.048,gitlab_oracle_operator,True,,False,,False,,False,,False,-0.8120495928505586,-0.40732397759316386,0.6654285714285716,False,0.015384615384615385,0.9846153846153847,False,0.05,2.995732273553991
gitlab_strong_allocation_uniform_budget160_rep0_trial0_2026-07-01T19-50-27Z,uniform,0,160,True,True,126,task_h86,gitlab_oracle_operator,0.0,28,0.2222222222222222,11649.399999999998,3.5235547500000015,7,3.0,0.42857142857142855,0.05555555555555555,,False,,False,,False,,False,,False,-0.8120495928505586,-0.40732397759316386,0.6654285714285716,False,0.015384615384615385,0.9538461538461539,False,0.05,2.995732273553991
gitlab_strong_allocation_uniform_budget160_rep0_trial0_2026-07-01T19-50-27Z,uniform,0,160,True,True,127,task_h87,baseline,0.0,28,0.2204724409448819,11723.599999999999,3.5887257000000017,7,3.0,0.42857142857142855,0.05511811023622047,,False,baseline,False,,False,,False,,False,-0.8120495928505586,-0.40732397759316386,0.6654285714285716,False,0.015384615384615385,0.9538461538461539,False,0.05,2.995732273553991
gitlab_strong_allocation_uniform_budget160_rep0_trial0_2026-07-01T19-50-27Z,uniform,0,160,True,True,128,task_h88,planner,0.0,28,0.21875,11795.899999999998,3.609590250000002,7,3.0,0.42857142857142855,0.0546875,,False,,False,,False,,False,,False,-0.8120495928505586,-0.40732397759316386,0.6654285714285716,False,0.015384615384615385,0.9538461538461539,False,0.05,2.995732273553991
gitlab_strong_allocation_uniform_budget160_rep0_trial0_2026-07-01T19-50-27Z,uniform,0,160,True,True,129,task_h89,cautious,0.0,28,0.21705426356589147,11975.899999999998,3.637596900000002,7,3.0,0.42857142857142855,0.05426356589147287,,False,,False,,False,,False,,False,-0.8120495928505586,-0.40732397759316386,0.6654285714285716,False,0.015384615384615385,0.9538461538461539,False,0.05,2.995732273553991
gitlab_strong_allocation_uniform_budget160_rep0_trial0_2026-07-01T19-50-27Z,uniform,0,160,True,True,130,task_h90,explorer,0.0,28,0.2153846153846154,12030.099999999999,3.700944300000002,7,3.0,0.42857142857142855,0.05384615384615385,,False,,False,,False,,False,,False,-0.8120495928505586,-0.40732397759316386,0.6654285714285716,False,0.015384615384615385,0.9538461538461539,False,0.05,2.995732273553991
gitlab_strong_allocation_uniform_budget160_rep0_trial0_2026-07-01T19-50-27Z,uniform,0,160,True,True,131,task_h91,balanced,0.0,28,0.21374045801526717,12117.699999999999,3.718593450000002,7,3.0,0.42857142857142855,0.05343511450381679,,False,,False,,False,,False,,False,-0.8120495928505586,-0.40732397759316386,0.6654285714285716,False,0.015384615384615385,0.9538461538461539,False,0.05,2.995732273553991
gitlab_strong_allocation_uniform_budget160_rep0_trial0_2026-07-01T19-50-27Z,uniform,0,160,True,True,132,task_h92,overthinker,0.0,28,0.21212121212121213,12165.099999999999,3.738373050000002,7,3.0,0.42857142857142855,0.05303030303030303,,False,,False,,False,,False,,False,-0.8120495928505586,-0.40732397759316386,0.6654285714285716,False,0.015384615384615385,0.9538461538461539,False,0.05,2.995732273553991
gitlab_strong_allocation_uniform_budget160_rep0_trial0_2026-07-01T19-50-27Z,uniform,0,160,True,True,133,task_h93,rapid,0.0,28,0.21052631578947367,12287.499999999998,3.774854250000002,7,3.0,0.42857142857142855,0.05263157894736842,,False,,False,,False,,False,,False,-0.8120495928505586,-0.40732397759316386,0.6654285714285716,False,0.015384615384615385,0.9538461538461539,False,0.05,2.995732273553991
gitlab_strong_allocation_uniform_budget160_rep0_trial0_2026-07-01T19-50-27Z,uniform,0,160,True,True,134,task_h94,verifier,0.0,28,0.208955223880597,12466.499999999998,3.833450550000002,7,3.0,0.42857142857142855,0.05223880597014925,gitlab_oracle_operator,True,,False,,False,,False,,False,-0.8120495928505586,-0.40732397759316386,0.6654285714285716,False,0.015384615384615385,0.9538461538461539,False,0.05,2.995732273553991
gitlab_strong_allocation_uniform_budget160_rep0_trial0_2026-07-01T19-50-27Z,uniform,0,160,True,True,135,task_h95,exploratory,0.0,28,0.2074074074074074,12525.699999999999,3.843374700000002,7,3.0,0.42857142857142855,0.05185185185185185,gitlab_oracle_operator,True,,False,,False,,False,,False,-0.8120495928505586,-0.40732397759316386,0.6654285714285716,False,0.015384615384615385,0.9538461538461539,False,0.05,2.995732273553991
gitlab_strong_allocation_uniform_budget160_rep0_trial0_2026-07-01T19-50-27Z,uniform,0,160,True,True,136,task_h96,algorithmic,0.0,28,0.20588235294117646,12582.499999999998,3.8541315000000016,7,3.0,0.42857142857142855,0.051470588235294115,gitlab_oracle_operator,True,,False,,False,,False,,False,-0.8120495928505586,-0.40732397759316386,0.6654285714285716,False,0.015384615384615385,0.9538461538461539,False,0.05,2.995732273553991
gitlab_strong_allocation_uniform_budget160_rep0_trial0_2026-07-01T19-50-27Z,uniform,0,160,True,True,137,task_h97,junior_reactive,0.0,28,0.20437956204379562,12762.499999999998,3.8930250000000015,7,3.0,0.42857142857142855,0.051094890510948905,gitlab_oracle_operator,True,,False,,False,,False,,False,-0.8120495928505586,-0.40732397759316386,0.6654285714285716,False,0.015384615384615385,0.9538461538461539,False,0.05,2.995732273553991
gitlab_strong_allocation_uniform_budget160_rep0_trial0_2026-07-01T19-50-27Z,uniform,0,160,True,True,138,task_h98,domain_expert,0.0,28,0.2028985507246377,12942.499999999998,3.9210991500000016,7,3.0,0.42857142857142855,0.050724637681159424,gitlab_oracle_operator,True,,False,,False,,False,,False,-0.8120495928505586,-0.40732397759316386,0.6654285714285716,False,0.015384615384615385,0.9538461538461539,False,0.05,2.995732273553991
gitlab_strong_allocation_uniform_budget160_rep0_trial0_2026-07-01T19-50-27Z,uniform,0,160,True,True,139,task_h99,gitlab_domain_expert,0.0,28,0.2014388489208633,13122.499999999998,3.9540090000000014,7,3.0,0.42857142857142855,0.050359712230215826,gitlab_oracle_operator,True,,False,,False,,False,,False,-0.8120495928505586,-0.40732397759316386,0.6654285714285716,False,0.015384615384615385,0.9538461538461539,False,0.05,2.995732273553991
gitlab_strong_allocation_uniform_budget160_rep0_trial0_2026-07-01T19-50-27Z,uniform,0,160,True,True,140,task_h100,gitlab_rapid_executor,0.0,28,0.2,13302.499999999998,4.025946450000001,7,3.0,0.42857142857142855,0.05,gitlab_oracle_operator,True,,False,,False,,False,,False,-0.8120495928505586,-0.40732397759316386,0.6654285714285716,False,0.015384615384615385,0.9538461538461539,False,0.05,2.995732273553991
gitlab_strong_allocation_uniform_budget160_rep0_trial0_2026-07-01T19-50-27Z,uniform,0,160,True,True,141,task_e1,gitlab_auditor,1.0,29,0.20567375886524822,13320.699999999999,4.0429648500000015,7,3.0,0.42857142857142855,0.04964539007092199,gitlab_oracle_operator,True,,False,,False,,False,,False,-0.8120495928505586,-0.40732397759316386,0.6654285714285716,False,0.015384615384615385,0.9538461538461539,False,0.05,2.995732273553991
gitlab_strong_allocation_uniform_budget160_rep0_trial0_2026-07-01T19-50-27Z,uniform,0,160,True,True,142,task_e2,gitlab_planner,1.0,30,0.2112676056338028,13351.9,4.060858050000001,7,3.0,0.42857142857142855,0.04929577464788732,gitlab_oracle_operator,True,,False,,False,,False,,False,-0.8120495928505586,-0.40732397759316386,0.6654285714285716,False,0.015384615384615385,0.9538461538461539,False,0.05,2.995732273553991
gitlab_strong_allocation_uniform_budget160_rep0_trial0_2026-07-01T19-50-27Z,uniform,0,160,True,True,143,task_e3,gitlab_super_operator,1.0,31,0.21678321678321677,13371.199999999999,4.073967900000001,7,3.0,0.42857142857142855,0.04895104895104895,gitlab_oracle_operator,True,,False,,False,,False,,False,-0.8120495928505586,-0.40732397759316386,0.6654285714285716,False,0.015384615384615385,0.9538461538461539,False,0.05,2.995732273553991
gitlab_strong_allocation_uniform_budget160_rep0_trial0_2026-07-01T19-50-27Z,uniform,0,160,True,True,144,task_e4,gitlab_oracle_operator,1.0,32,0.2222222222222222,13389.199999999999,4.095661200000001,8,4.0,0.5,0.05555555555555555,gitlab_oracle_operator,True,,False,,False,,False,,False,-0.8120495928505586,-0.40732397759316386,0.6654285714285716,False,0.06153846153846154,0.9538461538461539,False,0.05,2.995732273553991
gitlab_strong_allocation_uniform_budget160_rep0_trial0_2026-07-01T19-50-27Z,uniform,0,160,True,True,145,task_e5,baseline,0.0,32,0.2206896551724138,13569.199999999999,4.184753850000002,8,4.0,0.5,0.05517241379310345,gitlab_oracle_operator,True,baseline,False,,False,,False,,False,-0.8120495928505586,-0.40732397759316386,0.6654285714285716,False,0.06153846153846154,0.9538461538461539,False,0.05,2.995732273553991
gitlab_strong_allocation_uniform_budget160_rep0_trial0_2026-07-01T19-50-27Z,uniform,0,160,True,True,146,task_e6,planner,0.0,32,0.2191780821917808,13749.199999999999,4.214496750000001,8,4.0,0.5,0.0547945205479452,gitlab_oracle_operator,True,,False,,False,,False,,False,-0.8120495928505586,-0.40732397759316386,0.6654285714285716,False,0.06153846153846154,0.9538461538461539,False,0.05,2.995732273553991
gitlab_strong_allocation_uniform_budget160_rep0_trial0_2026-07-01T19-50-27Z,uniform,0,160,True,True,147,task_e7,cautious,1.0,33,0.22448979591836735,13780.599999999999,4.241832150000001,8,4.0,0.5,0.05442176870748299,gitlab_oracle_operator,True,,False,,False,,False,,False,-0.8120495928505586,-0.40732397759316386,0.6654285714285716,False,0.06153846153846154,0.9538461538461539,False,0.05,2.995732273553991
gitlab_strong_allocation_uniform_budget160_rep0_trial0_2026-07-01T19-50-27Z,uniform,0,160,True,True,148,task_e8,explorer,1.0,34,0.22972972972972974,13806.999999999998,4.258323300000002,8,4.0,0.5,0.05405405405405406,gitlab_oracle_operator,True,,False,,False,,False,,False,-0.8120495928505586,-0.40732397759316386,0.6654285714285716,False,0.06153846153846154,0.9538461538461539,False,0.05,2.995732273553991
gitlab_strong_allocation_uniform_budget160_rep0_trial0_2026-07-01T19-50-27Z,uniform,0,160,True,True,149,task_e9,balanced,1.0,35,0.2348993288590604,13827.899999999998,4.276676850000001,8,4.0,0.5,0.053691275167785234,gitlab_oracle_operator,True,,False,,False,,False,,False,-0.8120495928505586,-0.40732397759316386,0.6654285714285716,False,0.06153846153846154,0.9538461538461539,False,0.05,2.995732273553991
gitlab_strong_allocation_uniform_budget160_rep0_trial0_2026-07-01T19-50-27Z,uniform,0,160,True,True,150,task_e10,overthinker,0.0,35,0.23333333333333334,13869.799999999997,4.294396350000001,8,4.0,0.5,0.05333333333333334,gitlab_oracle_operator,True,,False,,False,,False,,False,-0.8120495928505586,-0.40732397759316386,0.6654285714285716,False,0.06153846153846154,0.9538461538461539,False,0.05,2.995732273553991
gitlab_strong_allocation_uniform_budget160_rep0_trial0_2026-07-01T19-50-27Z,uniform,0,160,True,True,151,task_e11,rapid,1.0,36,0.23841059602649006,13924.099999999997,4.320716850000001,8,4.0,0.5,0.052980132450331126,gitlab_oracle_operator,True,,False,,False,,False,,False,-0.8120495928505586,-0.40732397759316386,0.6654285714285716,False,0.06153846153846154,0.9538461538461539,False,0.05,2.995732273553991
gitlab_strong_allocation_uniform_budget160_rep0_trial0_2026-07-01T19-50-27Z,uniform,0,160,True,True,152,task_e12,verifier,1.0,37,0.24342105263157895,13962.299999999997,4.351384050000001,8,4.0,0.5,0.05263157894736842,gitlab_oracle_operator,True,,False,,False,,False,,False,-0.8120495928505586,-0.40732397759316386,0.6654285714285716,False,0.06153846153846154,0.9538461538461539,False,0.05,2.995732273553991
gitlab_strong_allocation_uniform_budget160_rep0_trial0_2026-07-01T19-50-27Z,uniform,0,160,True,True,153,task_e13,exploratory,1.0,38,0.24836601307189543,13989.399999999998,4.382977650000001,8,4.0,0.5,0.05228758169934641,gitlab_oracle_operator,True,,False,,False,,False,,False,-0.8120495928505586,-0.40732397759316386,0.6654285714285716,False,0.06153846153846154,0.9538461538461539,False,0.05,2.995732273553991
gitlab_strong_allocation_uniform_budget160_rep0_trial0_2026-07-01T19-50-27Z,uniform,0,160,True,True,154,task_e14,algorithmic,1.0,39,0.2532467532467532,14013.999999999998,4.401661800000001,8,4.0,0.5,0.05194805194805195,gitlab_oracle_operator,True,,False,,False,,False,,False,-0.8120495928505586,-0.40732397759316386,0.6654285714285716,False,0.06153846153846154,0.9538461538461539,False,0.05,2.995732273553991
gitlab_strong_allocation_uniform_budget160_rep0_trial0_2026-07-01T19-50-27Z,uniform,0,160,True,True,155,task_e15,junior_reactive,1.0,40,0.25806451612903225,14039.799999999997,4.429687500000001,8,4.0,0.5,0.05161290322580645,gitlab_oracle_operator,True,,False,,False,,False,,False,-0.8120495928505586,-0.40732397759316386,0.6654285714285716,False,0.06153846153846154,0.9538461538461539,False,0.05,2.995732273553991
gitlab_strong_allocation_uniform_budget160_rep0_trial0_2026-07-01T19-50-27Z,uniform,0,160,True,True,156,task_e16,domain_expert,0.0,40,0.2564102564102564,14086.599999999997,4.450506900000001,8,4.0,0.5,0.05128205128205128,gitlab_oracle_operator,True,,False,,False,,False,,False,-0.8120495928505586,-0.40732397759316386,0.6654285714285716,False,0.06153846153846154,0.9538461538461539,False,0.05,2.995732273553991
gitlab_strong_allocation_uniform_budget160_rep0_trial0_2026-07-01T19-50-27Z,uniform,0,160,True,True,157,task_e17,gitlab_domain_expert,1.0,41,0.2611464968152866,14185.199999999997,4.4905704,8,4.0,0.5,0.050955414012738856,gitlab_oracle_operator,True,,False,,False,,False,,False,-0.8120495928505586,-0.40732397759316386,0.6654285714285716,False,0.06153846153846154,0.9538461538461539,False,0.05,2.995732273553991
gitlab_strong_allocation_uniform_budget160_rep0_trial0_2026-07-01T19-50-27Z,uniform,0,160,True,True,158,task_e18,gitlab_rapid_executor,1.0,42,0.26582278481012656,14243.599999999997,4.5363498,8,4.0,0.5,0.05063291139240506,gitlab_oracle_operator,True,,False,,False,,False,,False,-0.8120495928505586,-0.40732397759316386,0.6654285714285716,False,0.06153846153846154,0.9538461538461539,False,0.05,2.995732273553991
gitlab_strong_allocation_uniform_budget160_rep0_trial0_2026-07-01T19-50-27Z,uniform,0,160,True,True,159,task_e19,gitlab_auditor,0.0,42,0.2641509433962264,14423.599999999997,4.59913455,8,4.0,0.5,0.050314465408805034,gitlab_oracle_operator,True,,False,,False,,False,,False,-0.8120495928505586,-0.40732397759316386,0.6654285714285716,False,0.06153846153846154,0.9538461538461539,False,0.05,2.995732273553991
gitlab_strong_allocation_uniform_budget160_rep0_trial0_2026-07-01T19-50-27Z,uniform,0,160,True,True,160,task_e20,gitlab_planner,1.0,43,0.26875,14455.499999999996,4.623357899999999,8,4.0,0.5,0.05,gitlab_oracle_operator,True,,False,,False,,False,,False,-0.8120495928505586,-0.40732397759316386,0.6654285714285716,False,0.06153846153846154,0.9538461538461539,False,0.05,2.995732273553991
gitlab_strong_allocation_spruce_budget160_rep1_trial0_2026-07-02T12-22-26Z,spruce,1,160,True,True,1,task_e1,baseline,1.0,1,1.0,16.6,0.015563100000000002,0,0.0,,0.0,,False,baseline,False,,False,,False,,False,0.0,0.0,1.0,False,0.015384615384615385,0.9846153846153847,False,0.05,2.995732273553991
gitlab_strong_allocation_spruce_budget160_rep1_trial0_2026-07-02T12-22-26Z,spruce,1,160,True,True,2,task_e2,planner,1.0,2,1.0,50.1,0.0353727,0,0.0,,0.0,,False,,False,,False,,False,,False,0.0,0.0,1.0,False,0.015384615384615385,0.9846153846153847,False,0.05,2.995732273553991
gitlab_strong_allocation_spruce_budget160_rep1_trial0_2026-07-02T12-22-26Z,spruce,1,160,True,True,3,task_e3,cautious,1.0,3,1.0,92.2,0.05173515,0,0.0,,0.0,,False,,False,,False,,False,,False,0.0,0.0,1.0,False,0.015384615384615385,0.9846153846153847,False,0.05,2.995732273553991
gitlab_strong_allocation_spruce_budget160_rep1_trial0_2026-07-02T12-22-26Z,spruce,1,160,True,True,4,task_e4,explorer,1.0,4,1.0,114.6,0.07449644999999999,0,0.0,,0.0,,False,,False,,False,,False,,False,0.0,0.0,1.0,False,0.015384615384615385,0.9846153846153847,False,0.05,2.995732273553991
gitlab_strong_allocation_spruce_budget160_rep1_trial0_2026-07-02T12-22-26Z,spruce,1,160,True,True,5,task_e5,balanced,0.0,4,0.8,294.6,0.14273745,0,0.0,,0.0,,False,,False,,False,,False,,False,0.0,0.0,1.0,False,0.015384615384615385,0.9846153846153847,False,0.05,2.995732273553991
gitlab_strong_allocation_spruce_budget160_rep1_trial0_2026-07-02T12-22-26Z,spruce,1,160,True,True,6,task_e6,overthinker,1.0,5,0.8333333333333334,437.5,0.1953354,0,0.0,,0.0,,False,,False,,False,,False,,False,0.0,0.0,1.0,False,0.015384615384615385,0.9846153846153847,False,0.05,2.995732273553991
gitlab_strong_allocation_spruce_budget160_rep1_trial0_2026-07-02T12-22-26Z,spruce,1,160,True,True,7,task_e7,rapid,0.0,5,0.7142857142857143,565.6,0.25623209999999996,0,0.0,,0.0,,False,,False,,False,,False,,False,0.0,0.0,1.0,False,0.015384615384615385,0.9846153846153847,False,0.05,2.995732273553991
gitlab_strong_allocation_spruce_budget160_rep1_trial0_2026-07-02T12-22-26Z,spruce,1,160,True,True,8,task_e8,verifier,1.0,6,0.75,635.8000000000001,0.27793124999999996,0,0.0,,0.0,,False,,False,,False,,False,,False,0.0,0.0,1.0,False,0.015384615384615385,0.9846153846153847,False,0.05,2.995732273553991
gitlab_strong_allocation_spruce_budget160_rep1_trial0_2026-07-02T12-22-26Z,spruce,1,160,True,True,9,task_e9,exploratory,1.0,7,0.7777777777777778,657.8000000000001,0.29645879999999997,0,0.0,,0.0,,False,,False,,False,,False,,False,0.0,0.0,1.0,False,0.015384615384615385,0.9846153846153847,False,0.05,2.995732273553991
gitlab_strong_allocation_spruce_budget160_rep1_trial0_2026-07-02T12-22-26Z,spruce,1,160,True,True,10,task_e10,algorithmic,0.0,7,0.7,837.8000000000001,0.35174579999999994,0,0.0,,0.0,,False,,False,,False,,False,,False,0.0,0.0,1.0,False,0.015384615384615385,0.9846153846153847,False,0.05,2.995732273553991
gitlab_strong_allocation_spruce_budget160_rep1_trial0_2026-07-02T12-22-26Z,spruce,1,160,True,True,11,task_e11,junior_reactive,1.0,8,0.7272727272727273,966.8000000000001,0.41218589999999994,0,0.0,,0.0,,False,,False,,False,,False,,False,0.0,0.0,1.0,False,0.015384615384615385,0.9846153846153847,False,0.05,2.995732273553991
gitlab_strong_allocation_spruce_budget160_rep1_trial0_2026-07-02T12-22-26Z,spruce,1,160,True,True,12,task_e12,domain_expert,0.0,8,0.6666666666666666,1115.8000000000002,0.4541549999999999,0,0.0,,0.0,,False,,False,,False,,False,,False,0.0,0.0,1.0,False,0.015384615384615385,0.9846153846153847,False,0.05,2.995732273553991
gitlab_strong_allocation_spruce_budget160_rep1_trial0_2026-07-02T12-22-26Z,spruce,1,160,True,True,13,task_e13,gitlab_domain_expert,1.0,9,0.6923076923076923,1197.8000000000002,0.47716544999999994,0,0.0,,0.0,,False,,False,,False,,False,,False,0.0,0.0,1.0,False,0.015384615384615385,0.9846153846153847,False,0.05,2.995732273553991
gitlab_strong_allocation_spruce_budget160_rep1_trial0_2026-07-02T12-22-26Z,spruce,1,160,True,True,14,task_e14,gitlab_rapid_executor,1.0,10,0.7142857142857143,1217.8000000000002,0.49639649999999996,0,0.0,,0.0,,False,,False,,False,,False,,False,0.0,0.0,1.0,False,0.015384615384615385,0.9846153846153847,False,0.05,2.995732273553991
gitlab_strong_allocation_spruce_budget160_rep1_trial0_2026-07-02T12-22-26Z,spruce,1,160,True,True,15,task_e15,gitlab_auditor,0.0,10,0.6666666666666666,1262.2000000000003,0.5152026,0,0.0,,0.0,,False,,False,,False,,False,,False,0.0,0.0,1.0,False,0.015384615384615385,0.9846153846153847,False,0.05,2.995732273553991
gitlab_strong_allocation_spruce_budget160_rep1_trial0_2026-07-02T12-22-26Z,spruce,1,160,True,True,16,task_e16,gitlab_planner,0.0,10,0.625,1307.6000000000004,0.5297644499999999,0,0.0,,0.0,,False,,False,,False,,False,,False,0.0,0.0,1.0,False,0.015384615384615385,0.9846153846153847,False,0.05,2.995732273553991
gitlab_strong_allocation_spruce_budget160_rep1_trial0_2026-07-02T12-22-26Z,spruce,1,160,True,True,17,task_e17,gitlab_super_operator,1.0,11,0.6470588235294118,1371.5000000000005,0.56234895,0,0.0,,0.0,,False,,False,,False,,False,,False,0.0,0.0,1.0,False,0.015384615384615385,0.9846153846153847,False,0.05,2.995732273553991
gitlab_strong_allocation_spruce_budget160_rep1_trial0_2026-07-02T12-22-26Z,spruce,1,160,True,True,18,task_e18,gitlab_oracle_operator,1.0,12,0.6666666666666666,1389.2000000000005,0.58045275,1,1.0,1.0,0.05555555555555555,,False,,False,,False,,False,,False,0.0,0.0,1.0,False,0.015384615384615385,0.9846153846153847,False,0.05,2.995732273553991
gitlab_strong_allocation_spruce_budget160_rep1_trial0_2026-07-02T12-22-26Z,spruce,1,160,True,True,19,task_e19,baseline,0.0,12,0.631578947368421,1569.2000000000005,0.6512747999999999,1,1.0,1.0,0.05263157894736842,,False,baseline,False,,False,,False,,False,0.0,0.0,1.0,False,0.015384615384615385,0.9846153846153847,False,0.05,2.995732273553991
gitlab_strong_allocation_spruce_budget160_rep1_trial0_2026-07-02T12-22-26Z,spruce,1,160,True,True,20,task_e20,planner,1.0,13,0.65,1682.2000000000005,0.6796331999999999,1,1.0,1.0,0.05,,False,,False,planner,False,planner,False,,False,0.0,0.0,1.0,False,0.015384615384615385,0.9846153846153847,False,0.05,2.995732273553991
gitlab_strong_allocation_spruce_budget160_rep1_trial0_2026-07-02T12-22-26Z,spruce,1,160,True,True,21,task_m1,cautious,0.0,13,0.6190476190476191,1862.2000000000005,0.74854755,1,1.0,1.0,0.047619047619047616,,False,,False,planner,False,planner,False,,False,0.0,0.0,1.0,False,0.015384615384615385,0.9846153846153847,False,0.05,2.995732273553991
gitlab_strong_allocation_spruce_budget160_rep1_trial0_2026-07-02T12-22-26Z,spruce,1,160,True,True,22,task_m2,explorer,1.0,14,0.6363636363636364,1918.3000000000004,0.78898635,1,1.0,1.0,0.045454545454545456,,False,,False,,False,,False,,False,0.0,0.0,1.0,False,0.015384615384615385,0.9846153846153847,False,0.05,2.995732273553991
gitlab_strong_allocation_spruce_budget160_rep1_trial0_2026-07-02T12-22-26Z,spruce,1,160,True,True,23,task_m3,balanced,1.0,15,0.6521739130434783,1937.5000000000005,0.8066007,1,1.0,1.0,0.043478260869565216,,False,,False,,False,,False,,False,0.0,0.0,1.0,False,0.015384615384615385,0.9846153846153847,False,0.05,2.995732273553991
gitlab_strong_allocation_spruce_budget160_rep1_trial0_2026-07-02T12-22-26Z,spruce,1,160,True,True,24,task_m4,overthinker,0.0,15,0.625,2083.2000000000003,0.8390654999999999,1,1.0,1.0,0.041666666666666664,,False,,False,,False,,False,,False,0.0,0.0,1.0,False,0.015384615384615385,0.9846153846153847,False,0.05,2.995732273553991
gitlab_strong_allocation_spruce_budget160_rep1_trial0_2026-07-02T12-22-26Z,spruce,1,160,True,True,25,task_m5,rapid,0.0,15,0.6,2263.2000000000003,0.8928313499999999,1,1.0,1.0,0.04,,False,,False,,False,,False,,False,0.0,0.0,1.0,False,0.015384615384615385,0.9846153846153847,False,0.05,2.995732273553991
gitlab_strong_allocation_spruce_budget160_rep1_trial0_2026-07-02T12-22-26Z,spruce,1,160,True,True,26,task_m6,verifier,1.0,16,0.6153846153846154,2287.5000000000005,0.9133171499999999,1,1.0,1.0,0.038461538461538464,,False,,False,,False,,False,,False,0.0,0.0,1.0,False,0.015384615384615385,0.9846153846153847,False,0.05,2.995732273553991
gitlab_strong_allocation_spruce_budget160_rep1_trial0_2026-07-02T12-22-26Z,spruce,1,160,True,True,27,task_m7,exploratory,1.0,17,0.6296296296296297,2329.4000000000005,0.9487441499999999,1,1.0,1.0,0.037037037037037035,,False,,False,,False,,False,,False,0.0,0.0,1.0,False,0.015384615384615385,0.9846153846153847,False,0.05,2.995732273553991
gitlab_strong_allocation_spruce_budget160_rep1_trial0_2026-07-02T12-22-26Z,spruce,1,160,True,True,28,task_m8,algorithmic,0.0,17,0.6071428571428571,2509.4000000000005,0.9844093499999998,1,1.0,1.0,0.03571428571428571,,False,,False,,False,,False,,False,0.0,0.0,1.0,False,0.015384615384615385,0.9846153846153847,False,0.05,2.995732273553991
gitlab_strong_allocation_spruce_budget160_rep1_trial0_2026-07-02T12-22-26Z,spruce,1,160,True,True,29,task_m9,junior_reactive,0.0,17,0.5862068965517241,2689.4000000000005,1.0372825499999998,1,1.0,1.0,0.034482758620689655,,False,,False,,False,,False,,False,0.0,0.0,1.0,False,0.015384615384615385,0.9846153846153847,False,0.05,2.995732273553991
gitlab_strong_allocation_spruce_budget160_rep1_trial0_2026-07-02T12-22-26Z,spruce,1,160,True,True,30,task_m10,domain_expert,0.0,17,0.5666666666666667,2869.4000000000005,1.0731068999999998,1,1.0,1.0,0.03333333333333333,,False,,False,,False,,False,,False,0.0,0.0,1.0,False,0.015384615384615385,0.9846153846153847,False,0.05,2.995732273553991
gitlab_strong_allocation_spruce_budget160_rep1_trial0_2026-07-02T12-22-26Z,spruce,1,160,True,True,31,task_m11,gitlab_domain_expert,0.0,17,0.5483870967741935,3049.4000000000005,1.1376928499999996,1,1.0,1.0,0.03225806451612903,,False,,False,,False,,False,,False,0.0,0.0,1.0,False,0.015384615384615385,0.9846153846153847,False,0.05,2.995732273553991
gitlab_strong_allocation_spruce_budget160_rep1_trial0_2026-07-02T12-22-26Z,spruce,1,160,True,True,32,task_m12,gitlab_rapid_executor,0.0,17,0.53125,3208.6000000000004,1.1755156499999997,1,1.0,1.0,0.03125,,False,,False,,False,,False,,False,0.0,0.0,1.0,False,0.015384615384615385,0.9846153846153847,False,0.05,2.995732273553991
gitlab_strong_allocation_spruce_budget160_rep1_trial0_2026-07-02T12-22-26Z,spruce,1,160,True,True,33,task_m13,gitlab_auditor,0.0,17,0.5151515151515151,3388.6000000000004,1.2500861999999997,1,1.0,1.0,0.030303030303030304,,False,,False,,False,,False,,False,0.0,0.0,1.0,False,0.015384615384615385,0.9846153846153847,False,0.05,2.995732273553991
gitlab_strong_allocation_spruce_budget160_rep1_trial0_2026-07-02T12-22-26Z,spruce,1,160,True,True,34,task_m14,gitlab_planner,0.0,17,0.5,3568.6000000000004,1.2910841999999998,1,1.0,1.0,0.029411764705882353,,False,,False,,False,,False,,False,0.0,0.0,1.0,False,0.015384615384615385,0.9846153846153847,False,0.05,2.995732273553991
gitlab_strong_allocation_spruce_budget160_rep1_trial0_2026-07-02T12-22-26Z,spruce,1,160,True,True,35,task_m15,gitlab_super_operator,1.0,18,0.5142857142857142,3592.8,1.3146227999999998,1,1.0,1.0,0.02857142857142857,,False,,False,,False,,False,,False,0.0,0.0,1.0,False,0.015384615384615385,0.9846153846153847,False,0.05,2.995732273553991
gitlab_strong_allocation_spruce_budget160_rep1_trial0_2026-07-02T12-22-26Z,spruce,1,160,True,True,36,task_m16,gitlab_oracle_operator,1.0,19,0.5277777777777778,3621.4,1.3488080999999998,2,2.0,1.0,0.05555555555555555,,False,,False,,False,,False,,False,0.4054651081081644,0.09166718852582387,1.096,False,0.015384615384615385,0.9846153846153847,False,0.05,2.995732273553991
gitlab_strong_allocation_spruce_budget160_rep1_trial0_2026-07-02T12-22-26Z,spruce,1,160,True,True,37,task_m17,baseline,1.0,20,0.5405405405405406,3643.4,1.37100615,2,2.0,1.0,0.05405405405405406,baseline,False,baseline,False,,False,,False,,False,0.4054651081081644,0.09166718852582387,1.096,False,0.015384615384615385,0.9846153846153847,False,0.05,2.995732273553991
gitlab_strong_allocation_spruce_budget160_rep1_trial0_2026-07-02T12-22-26Z,spruce,1,160,True,True,38,task_m18,balanced,0.0,20,0.5263157894736842,3726.3,1.3836103499999999,2,2.0,1.0,0.05263157894736842,baseline,False,,False,,False,,False,,False,0.4054651081081644,0.09166718852582387,1.096,False,0.015384615384615385,0.9846153846153847,False,0.05,2.995732273553991
gitlab_strong_allocation_spruce_budget160_rep1_trial0_2026-07-02T12-22-26Z,spruce,1,160,True,True,39,task_m19,exploratory,0.0,20,0.5128205128205128,3774.2000000000003,1.4109378,2,2.0,1.0,0.05128205128205128,,False,,False,,False,,False,,False,0.4054651081081644,0.09166718852582387,1.096,False,0.015384615384615385,0.9846153846153847,False,0.05,2.995732273553991
gitlab_strong_allocation_spruce_budget160_rep1_trial0_2026-07-02T12-22-26Z,spruce,1,160,True,True,40,task_m20,gitlab_domain_expert,1.0,21,0.525,3794.8,1.4319176999999998,2,2.0,1.0,0.05,,False,,False,,False,,False,,False,0.4054651081081644,0.09166718852582387,1.096,False,0.015384615384615385,0.9846153846153847,False,0.05,2.995732273553991
gitlab_strong_allocation_spruce_budget160_rep1_trial0_2026-07-02T12-22-26Z,spruce,1,160,True,True,41,task_h1,gitlab_super_operator,0.0,21,0.5121951219512195,3974.8,1.4842306499999998,2,2.0,1.0,0.04878048780487805,,False,,False,,False,,False,,False,0.4054651081081644,0.09166718852582387,1.096,False,0.015384615384615385,0.9846153846153847,False,0.05,2.995732273553991
gitlab_strong_allocation_spruce_budget160_rep1_trial0_2026-07-02T12-22-26Z,spruce,1,160,True,True,42,task_h2,explorer,0.0,21,0.5,4154.8,1.5545354999999998,2,2.0,1.0,0.047619047619047616,,False,,False,,False,,False,,False,0.4054651081081644,0.09166718852582387,1.096,False,0.015384615384615385,0.9846153846153847,False,0.05,2.995732273553991
gitlab_strong_allocation_spruce_budget160_rep1_trial0_2026-07-02T12-22-26Z,spruce,1,160,True,True,43,task_h3,junior_reactive,0.0,21,0.4883720930232558,4334.8,1.6006984499999999,2,2.0,1.0,0.046511627906976744,,False,,False,,False,,False,,False,0.4054651081081644,0.09166718852582387,1.096,False,0.015384615384615385,0.9846153846153847,False,0.05,2.995732273553991
gitlab_strong_allocation_spruce_budget160_rep1_trial0_2026-07-02T12-22-26Z,spruce,1,160,True,True,44,task_h4,gitlab_oracle_operator,0.0,21,0.4772727272727273,4514.8,1.68880905,3,2.0,0.6666666666666666,0.06818181818181818,,False,,False,,False,,False,,False,-0.2876820724517809,-0.6014799920341214,0.548,False,0.015384615384615385,0.9846153846153847,False,0.05,2.995732273553991
gitlab_strong_allocation_spruce_budget160_rep1_trial0_2026-07-02T12-22-26Z,spruce,1,160,True,True,45,task_h5,verifier,0.0,21,0.4666666666666667,4694.8,1.74451155,3,2.0,0.6666666666666666,0.06666666666666667,,False,,False,planner,False,planner,False,,False,-0.2876820724517809,-0.6014799920341214,0.548,False,0.015384615384615385,0.9846153846153847,False,0.05,2.995732273553991
gitlab_strong_allocation_spruce_budget160_rep1_trial0_2026-07-02T12-22-26Z,spruce,1,160,True,True,46,task_h6,planner,0.0,21,0.45652173913043476,4874.8,1.7719217999999999,3,2.0,0.6666666666666666,0.06521739130434782,,False,,False,,False,,False,,False,-0.2876820724517809,-0.6014799920341214,0.548,False,0.015384615384615385,0.9846153846153847,False,0.05,2.995732273553991
gitlab_strong_allocation_spruce_budget160_rep1_trial0_2026-07-02T12-22-26Z,spruce,1,160,True,True,47,task_h7,gitlab_auditor,1.0,22,0.46808510638297873,4906.5,1.79729985,3,2.0,0.6666666666666666,0.06382978723404255,,False,,False,,False,,False,,False,-0.2876820724517809,-0.6014799920341214,0.548,False,0.015384615384615385,0.9846153846153847,False,0.05,2.995732273553991
gitlab_strong_allocation_spruce_budget160_rep1_trial0_2026-07-02T12-22-26Z,spruce,1,160,True,True,48,task_h8,gitlab_rapid_executor,0.0,22,0.4583333333333333,5086.5,1.8918738,3,2.0,0.6666666666666666,0.0625,,False,,False,,False,,False,,False,-0.2876820724517809,-0.6014799920341214,0.548,False,0.015384615384615385,0.9846153846153847,False,0.05,2.995732273553991
gitlab_strong_allocation_spruce_budget160_rep1_trial0_2026-07-02T12-22-26Z,spruce,1,160,True,True,49,task_h9,cautious,0.0,22,0.4489795918367347,5266.5,1.95297555,3,2.0,0.6666666666666666,0.061224489795918366,,False,,False,,False,,False,,False,-0.2876820724517809,-0.6014799920341214,0.548,False,0.015384615384615385,0.9846153846153847,False,0.05,2.995732273553991
gitlab_strong_allocation_spruce_budget160_rep1_trial0_2026-07-02T12-22-26Z,spruce,1,160,True,True,50,task_h10,gitlab_planner,0.0,22,0.44,5446.5,1.9944518999999998,3,2.0,0.6666666666666666,0.06,,False,,False,,False,,False,,False,-0.2876820724517809,-0.6014799920341214,0.548,False,0.015384615384615385,0.9846153846153847,False,0.05,2.995732273553991
gitlab_strong_allocation_spruce_budget160_rep1_trial0_2026-07-02T12-22-26Z,spruce,1,160,True,True,51,task_h11,algorithmic,0.0,22,0.43137254901960786,5518.6,2.00425395,3,2.0,0.6666666666666666,0.058823529411764705,,False,,False,,False,,False,,False,-0.2876820724517809,-0.6014799920341214,0.548,False,0.015384615384615385,0.9846153846153847,False,0.05,2.995732273553991
gitlab_strong_allocation_spruce_budget160_rep1_trial0_2026-07-02T12-22-26Z,spruce,1,160,True,True,52,task_h12,overthinker,0.0,22,0.4230769230769231,5698.6,2.0335856999999997,3,2.0,0.6666666666666666,0.057692307692307696,,False,,False,,False,,False,,False,-0.2876820724517809,-0.6014799920341214,0.548,False,0.015384615384615385,0.9846153846153847,False,0.05,2.995732273553991
gitlab_strong_allocation_spruce_budget160_rep1_trial0_2026-07-02T12-22-26Z,spruce,1,160,True,True,53,task_h13,rapid,0.0,22,0.41509433962264153,5852.0,2.0718474,3,2.0,0.6666666666666666,0.05660377358490566,,False,,False,,False,,False,,False,-0.2876820724517809,-0.6014799920341214,0.548,False,0.015384615384615385,0.9846153846153847,False,0.05,2.995732273553991
gitlab_strong_allocation_spruce_budget160_rep1_trial0_2026-07-02T12-22-26Z,spruce,1,160,True,True,54,task_h14,domain_expert,0.0,22,0.4074074074074074,6032.0,2.1013862999999997,3,2.0,0.6666666666666666,0.05555555555555555,,False,,False,,False,,False,,False,-0.2876820724517809,-0.6014799920341214,0.548,False,0.015384615384615385,0.9846153846153847,False,0.05,2.995732273553991
gitlab_strong_allocation_spruce_budget160_rep1_trial0_2026-07-02T12-22-26Z,spruce,1,160,True,True,55,task_h15,balanced,0.0,22,0.4,6212.0,2.1572511,3,2.0,0.6666666666666666,0.05454545454545454,,False,balanced,False,,False,,False,,False,-0.2876820724517809,-0.6014799920341214,0.548,False,0.015384615384615385,0.9846153846153847,False,0.05,2.995732273553991
gitlab_strong_allocation_spruce_budget160_rep1_trial0_2026-07-02T12-22-26Z,spruce,1,160,True,True,56,task_h16,rapid,0.0,22,0.39285714285714285,6392.0,2.1900396,3,2.0,0.6666666666666666,0.05357142857142857,,False,,False,,False,,False,,False,-0.2876820724517809,-0.6014799920341214,0.548,False,0.015384615384615385,0.9846153846153847,False,0.05,2.995732273553991
gitlab_strong_allocation_spruce_budget160_rep1_trial0_2026-07-02T12-22-26Z,spruce,1,160,True,True,57,task_h17,algorithmic,0.0,22,0.38596491228070173,6572.0,2.2284159,3,2.0,0.6666666666666666,0.05263157894736842,,False,,False,,False,,False,,False,-0.2876820724517809,-0.6014799920341214,0.548,False,0.015384615384615385,0.9846153846153847,False,0.05,2.995732273553991
gitlab_strong_allocation_spruce_budget160_rep1_trial0_2026-07-02T12-22-26Z,spruce,1,160,True,True,58,task_h18,domain_expert,0.0,22,0.3793103448275862,6752.0,2.2506261,3,2.0,0.6666666666666666,0.05172413793103448,,False,,False,,False,,False,,False,-0.2876820724517809,-0.6014799920341214,0.548,False,0.015384615384615385,0.9846153846153847,False,0.05,2.995732273553991
gitlab_strong_allocation_spruce_budget160_rep1_trial0_2026-07-02T12-22-26Z,spruce,1,160,True,True,59,task_h19,gitlab_auditor,0.0,22,0.3728813559322034,6932.0,2.2831493999999997,3,2.0,0.6666666666666666,0.05084745762711865,,False,,False,,False,,False,,False,-0.2876820724517809,-0.6014799920341214,0.548,False,0.015384615384615385,0.9846153846153847,False,0.05,2.995732273553991
gitlab_strong_allocation_spruce_budget160_rep1_trial0_2026-07-02T12-22-26Z,spruce,1,160,True,True,60,task_h20,gitlab_planner,0.0,22,0.36666666666666664,7035.7,2.3162573999999996,3,2.0,0.6666666666666666,0.05,,False,,False,,False,,False,gitlab_planner,False,-0.2876820724517809,-0.6014799920341214,0.548,False,0.015384615384615385,0.9846153846153847,False,0.05,2.995732273553991
gitlab_strong_allocation_spruce_budget160_rep1_trial0_2026-07-02T12-22-26Z,spruce,1,160,True,True,61,task_h21,planner,0.0,22,0.36065573770491804,7205.5,2.3549882999999996,3,2.0,0.6666666666666666,0.04918032786885246,,False,,False,,False,,False,,False,-0.2876820724517809,-0.6014799920341214,0.548,False,0.015384615384615385,0.9846153846153847,False,0.05,2.995732273553991
gitlab_strong_allocation_spruce_budget160_rep1_trial0_2026-07-02T12-22-26Z,spruce,1,160,True,True,62,task_h22,explorer,0.0,22,0.3548387096774194,7385.5,2.4076573499999996,3,2.0,0.6666666666666666,0.04838709677419355,,False,,False,,False,,False,,False,-0.2876820724517809,-0.6014799920341214,0.548,False,0.015384615384615385,0.9846153846153847,False,0.05,2.995732273553991
gitlab_strong_allocation_spruce_budget160_rep1_trial0_2026-07-02T12-22-26Z,spruce,1,160,True,True,63,task_h23,verifier,0.0,22,0.3492063492063492,7565.5,2.4289781999999995,3,2.0,0.6666666666666666,0.047619047619047616,,False,,False,,False,,False,,False,-0.2876820724517809,-0.6014799920341214,0.548,False,0.015384615384615385,0.9846153846153847,False,0.05,2.995732273553991
gitlab_strong_allocation_spruce_budget160_rep1_trial0_2026-07-02T12-22-26Z,spruce,1,160,True,True,64,task_h24,exploratory,1.0,23,0.359375,7698.6,2.4791542499999997,3,2.0,0.6666666666666666,0.046875,exploratory,False,,False,exploratory,False,,False,,False,-0.2876820724517809,-0.6014799920341214,0.548,False,0.015384615384615385,0.9846153846153847,False,0.05,2.995732273553991
gitlab_strong_allocation_spruce_budget160_rep1_trial0_2026-07-02T12-22-26Z,spruce,1,160,True,True,65,task_h25,gitlab_super_operator,0.0,23,0.35384615384615387,7878.6,2.5312184999999996,3,2.0,0.6666666666666666,0.046153846153846156,exploratory,False,,False,exploratory,False,,False,,False,-0.2876820724517809,-0.6014799920341214,0.548,False,0.015384615384615385,0.9846153846153847,False,0.05,2.995732273553991
gitlab_strong_allocation_spruce_budget160_rep1_trial0_2026-07-02T12-22-26Z,spruce,1,160,True,True,66,task_h26,gitlab_oracle_operator,0.0,23,0.3484848484848485,8058.6,2.5579532999999994,4,2.0,0.5,0.06060606060606061,exploratory,False,,False,exploratory,False,,False,gitlab_oracle_operator,True,-0.7062973999468238,-0.6014799920341214,0.548,False,0.015384615384615385,0.9846153846153847,False,0.05,2.995732273553991
gitlab_strong_allocation_spruce_budget160_rep1_trial0_2026-07-02T12-22-26Z,spruce,1,160,True,True,67,task_h27,exploratory,1.0,24,0.3582089552238806,8091.700000000001,2.5759244999999993,4,2.0,0.5,0.05970149253731343,exploratory,False,exploratory,False,exploratory,False,,False,exploratory,False,-0.7062973999468238,-0.6014799920341214,0.548,False,0.015384615384615385,0.9846153846153847,False,0.05,2.995732273553991
gitlab_strong_allocation_spruce_budget160_rep1_trial0_2026-07-02T12-22-26Z,spruce,1,160,True,True,68,task_h28,balanced,0.0,24,0.35294117647058826,8148.300000000001,2.6026267499999993,4,2.0,0.5,0.058823529411764705,exploratory,False,,False,exploratory,False,,False,,False,-0.7062973999468238,-0.6014799920341214,0.548,False,0.015384615384615385,0.9846153846153847,False,0.05,2.995732273553991
gitlab_strong_allocation_spruce_budget160_rep1_trial0_2026-07-02T12-22-26Z,spruce,1,160,True,True,69,task_h29,rapid,0.0,24,0.34782608695652173,8242.1,2.629054349999999,4,2.0,0.5,0.057971014492753624,exploratory,False,,False,exploratory,False,,False,,False,-0.7062973999468238,-0.6014799920341214,0.548,False,0.015384615384615385,0.9846153846153847,False,0.05,2.995732273553991
gitlab_strong_allocation_spruce_budget160_rep1_trial0_2026-07-02T12-22-26Z,spruce,1,160,True,True,70,task_h30,algorithmic,0.0,24,0.34285714285714286,8318.4,2.6466169499999994,4,2.0,0.5,0.05714285714285714,exploratory,False,,False,exploratory,False,,False,,False,-0.7062973999468238,-0.6014799920341214,0.548,False,0.015384615384615385,0.9846153846153847,False,0.05,2.995732273553991
gitlab_strong_allocation_spruce_budget160_rep1_trial0_2026-07-02T12-22-26Z,spruce,1,160,True,True,71,task_h31,domain_expert,0.0,24,0.3380281690140845,8498.4,2.6900870999999995,4,2.0,0.5,0.056338028169014086,exploratory,False,,False,exploratory,False,,False,,False,-0.7062973999468238,-0.6014799920341214,0.548,False,0.015384615384615385,0.9846153846153847,False,0.05,2.995732273553991
gitlab_strong_allocation_spruce_budget160_rep1_trial0_2026-07-02T12-22-26Z,spruce,1,160,True,True,72,task_h32,gitlab_auditor,0.0,24,0.3333333333333333,8678.4,2.7269383499999993,4,2.0,0.5,0.05555555555555555,exploratory,False,,False,exploratory,False,,False,,False,-0.7062973999468238,-0.6014799920341214,0.548,False,0.015384615384615385,0.9846153846153847,False,0.05,2.995732273553991
gitlab_strong_allocation_spruce_budget160_rep1_trial0_2026-07-02T12-22-26Z,spruce,1,160,True,True,73,task_h33,gitlab_planner,0.0,24,0.3287671232876712,8858.4,2.7661175999999994,4,2.0,0.5,0.0547945205479452,exploratory,False,,False,exploratory,False,,False,gitlab_planner,False,-0.7062973999468238,-0.6014799920341214,0.548,False,0.015384615384615385,0.9846153846153847,False,0.05,2.995732273553991
gitlab_strong_allocation_spruce_budget160_rep1_trial0_2026-07-02T12-22-26Z,spruce,1,160,True,True,74,task_h34,exploratory,0.0,24,0.32432432432432434,9038.4,2.8023445499999995,4,2.0,0.5,0.05405405405405406,,False,exploratory,False,,False,,False,exploratory,False,-0.7062973999468238,-0.6014799920341214,0.548,False,0.015384615384615385,0.9846153846153847,False,0.05,2.995732273553991
gitlab_strong_allocation_spruce_budget160_rep1_trial0_2026-07-02T12-22-26Z,spruce,1,160,True,True,75,task_h35,baseline,0.0,24,0.32,9059.9,2.8225505999999996,4,2.0,0.5,0.05333333333333334,,False,exploratory,False,,False,,False,,False,-0.7062973999468238,-0.6014799920341214,0.548,False,0.015384615384615385,0.9846153846153847,False,0.05,2.995732273553991
gitlab_strong_allocation_spruce_budget160_rep1_trial0_2026-07-02T12-22-26Z,spruce,1,160,True,True,76,task_h36,cautious,0.0,24,0.3157894736842105,9239.9,2.8847350499999997,4,2.0,0.5,0.05263157894736842,,False,exploratory,False,,False,,False,,False,-0.7062973999468238,-0.6014799920341214,0.548,False,0.015384615384615385,0.9846153846153847,False,0.05,2.995732273553991
gitlab_strong_allocation_spruce_budget160_rep1_trial0_2026-07-02T12-22-26Z,spruce,1,160,True,True,77,task_h37,overthinker,0.0,24,0.3116883116883117,9304.0,2.89493235,4,2.0,0.5,0.05194805194805195,,False,exploratory,False,,False,,False,,False,-0.7062973999468238,-0.6014799920341214,0.548,False,0.015384615384615385,0.9846153846153847,False,0.05,2.995732273553991
gitlab_strong_allocation_spruce_budget160_rep1_trial0_2026-07-02T12-22-26Z,spruce,1,160,True,True,78,task_h38,junior_reactive,0.0,24,0.3076923076923077,9484.0,2.9509955999999997,4,2.0,0.5,0.05128205128205128,,False,exploratory,False,,False,,False,,False,-0.7062973999468238,-0.6014799920341214,0.548,False,0.015384615384615385,0.9846153846153847,False,0.05,2.995732273553991
gitlab_strong_allocation_spruce_budget160_rep1_trial0_2026-07-02T12-22-26Z,spruce,1,160,True,True,79,task_h39,gitlab_domain_expert,0.0,24,0.3037974683544304,9664.0,3.0052387499999997,4,2.0,0.5,0.05063291139240506,exploratory,False,exploratory,False,,False,,False,,False,-0.7062973999468238,-0.6014799920341214,0.548,False,0.015384615384615385,0.9846153846153847,False,0.05,2.995732273553991
gitlab_strong_allocation_spruce_budget160_rep1_trial0_2026-07-02T12-22-26Z,spruce,1,160,True,True,80,task_h40,gitlab_rapid_executor,0.0,24,0.3,9778.2,3.0310837499999996,4,2.0,0.5,0.05,exploratory,False,exploratory,False,,False,,False,gitlab_rapid_executor,False,-0.7062973999468238,-0.6014799920341214,0.548,False,0.015384615384615385,0.9846153846153847,False,0.05,2.995732273553991
gitlab_strong_allocation_spruce_budget160_rep1_trial0_2026-07-02T12-22-26Z,spruce,1,160,True,True,81,task_h41,balanced,0.0,24,0.2962962962962963,9862.300000000001,3.0416515499999996,4,2.0,0.5,0.04938271604938271,exploratory,False,,False,,False,,False,,False,-0.7062973999468238,-0.6014799920341214,0.548,False,0.015384615384615385,0.9846153846153847,False,0.05,2.995732273553991
gitlab_strong_allocation_spruce_budget160_rep1_trial0_2026-07-02T12-22-26Z,spruce,1,160,True,True,82,task_h42,rapid,0.0,24,0.2926829268292683,9978.300000000001,3.06943545,4,2.0,0.5,0.04878048780487805,exploratory,False,,False,,False,,False,,False,-0.7062973999468238,-0.6014799920341214,0.548,False,0.015384615384615385,0.9846153846153847,False,0.05,2.995732273553991
gitlab_strong_allocation_spruce_budget160_rep1_trial0_2026-07-02T12-22-26Z,spruce,1,160,True,True,83,task_h43,algorithmic,0.0,24,0.2891566265060241,10080.500000000002,3.1224775499999997,4,2.0,0.5,0.04819277108433735,exploratory,False,,False,,False,,False,,False,-0.7062973999468238,-0.6014799920341214,0.548,False,0.015384615384615385,0.9846153846153847,False,0.05,2.995732273553991
gitlab_strong_allocation_spruce_budget160_rep1_trial0_2026-07-02T12-22-26Z,spruce,1,160,True,True,84,task_h44,domain_expert,0.0,24,0.2857142857142857,10152.400000000001,3.1388633999999995,4,2.0,0.5,0.047619047619047616,exploratory,False,,False,,False,,False,,False,-0.7062973999468238,-0.6014799920341214,0.548,False,0.015384615384615385,0.9846153846153847,False,0.05,2.995732273553991
gitlab_strong_allocation_spruce_budget160_rep1_trial0_2026-07-02T12-22-26Z,spruce,1,160,True,True,85,task_h45,gitlab_auditor,0.0,24,0.2823529411764706,10220.900000000001,3.1702571999999996,4,2.0,0.5,0.047058823529411764,exploratory,False,,False,,False,,False,,False,-0.7062973999468238,-0.6014799920341214,0.548,False,0.015384615384615385,0.9846153846153847,False,0.05,2.995732273553991
gitlab_strong_allocation_spruce_budget160_rep1_trial0_2026-07-02T12-22-26Z,spruce,1,160,True,True,86,task_h46,gitlab_planner,0.0,24,0.27906976744186046,10400.900000000001,3.2147164499999996,4,2.0,0.5,0.046511627906976744,exploratory,False,,False,,False,,False,gitlab_planner,False,-0.7062973999468238,-0.6014799920341214,0.548,False,0.015384615384615385,0.9846153846153847,False,0.05,2.995732273553991
gitlab_strong_allocation_spruce_budget160_rep1_trial0_2026-07-02T12-22-26Z,spruce,1,160,True,True,87,task_h47,cautious,0.0,24,0.27586206896551724,10580.900000000001,3.2400239999999996,4,2.0,0.5,0.04597701149425287,exploratory,False,,False,,False,,False,,False,-0.7062973999468238,-0.6014799920341214,0.548,False,0.015384615384615385,0.9846153846153847,False,0.05,2.995732273553991
gitlab_strong_allocation_spruce_budget160_rep1_trial0_2026-07-02T12-22-26Z,spruce,1,160,True,True,88,task_h48,overthinker,0.0,24,0.2727272727272727,10752.7,3.2705732999999997,4,2.0,0.5,0.045454545454545456,exploratory,False,,False,,False,,False,,False,-0.7062973999468238,-0.6014799920341214,0.548,False,0.015384615384615385,0.9846153846153847,False,0.05,2.995732273553991
gitlab_strong_allocation_spruce_budget160_rep1_trial0_2026-07-02T12-22-26Z,spruce,1,160,True,True,89,task_h49,junior_reactive,1.0,25,0.2808988764044944,10832.800000000001,3.3289282499999997,4,2.0,0.5,0.0449438202247191,exploratory,False,,False,,False,,False,,False,-0.7062973999468238,-0.6014799920341214,0.548,False,0.015384615384615385,0.9846153846153847,False,0.05,2.995732273553991
gitlab_strong_allocation_spruce_budget160_rep1_trial0_2026-07-02T12-22-26Z,spruce,1,160,True,True,90,task_h50,gitlab_rapid_executor,0.0,25,0.2777777777777778,10903.6,3.3506930999999995,4,2.0,0.5,0.044444444444444446,exploratory,False,,False,,False,,False,gitlab_rapid_executor,False,-0.7062973999468238,-0.6014799920341214,0.548,False,0.015384615384615385,0.9846153846153847,False,0.05,2.995732273553991
gitlab_strong_allocation_spruce_budget160_rep1_trial0_2026-07-02T12-22-26Z,spruce,1,160,True,True,91,task_h51,planner,0.0,25,0.27472527472527475,11083.6,3.3826534499999994,4,2.0,0.5,0.04395604395604396,exploratory,False,,False,,False,,False,,False,-0.7062973999468238,-0.6014799920341214,0.548,False,0.015384615384615385,0.9846153846153847,False,0.05,2.995732273553991
gitlab_strong_allocation_spruce_budget160_rep1_trial0_2026-07-02T12-22-26Z,spruce,1,160,True,True,92,task_h52,explorer,0.0,25,0.2717391304347826,11149.2,3.393140249999999,4,2.0,0.5,0.043478260869565216,exploratory,False,,False,,False,,False,,False,-0.7062973999468238,-0.6014799920341214,0.548,False,0.015384615384615385,0.9846153846153847,False,0.05,2.995732273553991
gitlab_strong_allocation_spruce_budget160_rep1_trial0_2026-07-02T12-22-26Z,spruce,1,160,True,True,93,task_h53,verifier,0.0,25,0.26881720430107525,11329.2,3.457351949999999,4,2.0,0.5,0.043010752688172046,exploratory,False,,False,,False,,False,,False,-0.7062973999468238,-0.6014799920341214,0.548,False,0.015384615384615385,0.9846153846153847,False,0.05,2.995732273553991
gitlab_strong_allocation_spruce_budget160_rep1_trial0_2026-07-02T12-22-26Z,spruce,1,160,True,True,94,task_h54,gitlab_super_operator,0.0,25,0.26595744680851063,11497.6,3.4998641999999993,4,2.0,0.5,0.0425531914893617,exploratory,False,,False,,False,,False,,False,-0.7062973999468238,-0.6014799920341214,0.548,False,0.015384615384615385,0.9846153846153847,False,0.05,2.995732273553991
gitlab_strong_allocation_spruce_budget160_rep1_trial0_2026-07-02T12-22-26Z,spruce,1,160,True,True,95,task_h55,gitlab_oracle_operator,0.0,25,0.2631578947368421,11649.9,3.5664077999999995,5,2.0,0.4,0.05263157894736842,exploratory,False,,False,,False,,False,gitlab_oracle_operator,True,-0.7062973999468238,-0.6014799920341214,0.548,False,0.015384615384615385,0.9846153846153847,False,0.05,2.995732273553991
gitlab_strong_allocation_spruce_budget160_rep1_trial0_2026-07-02T12-22-26Z,spruce,1,160,True,True,96,task_h56,balanced,0.0,25,0.2604166666666667,11724.9,3.5776340999999996,5,2.0,0.4,0.052083333333333336,exploratory,False,balanced,False,,False,,False,,False,-0.7062973999468238,-0.6014799920341214,0.548,False,0.015384615384615385,0.9846153846153847,False,0.05,2.995732273553991
gitlab_strong_allocation_spruce_budget160_rep1_trial0_2026-07-02T12-22-26Z,spruce,1,160,True,True,97,task_h57,rapid,0.0,25,0.25773195876288657,11904.9,3.6213241499999995,5,2.0,0.4,0.05154639175257732,exploratory,False,,False,,False,,False,,False,-0.7062973999468238,-0.6014799920341214,0.548,False,0.015384615384615385,0.9846153846153847,False,0.05,2.995732273553991
gitlab_strong_allocation_spruce_budget160_rep1_trial0_2026-07-02T12-22-26Z,spruce,1,160,True,True,98,task_h58,algorithmic,0.0,25,0.25510204081632654,11983.1,3.6324994499999996,5,2.0,0.4,0.05102040816326531,exploratory,False,,False,,False,,False,,False,-0.7062973999468238,-0.6014799920341214,0.548,False,0.015384615384615385,0.9846153846153847,False,0.05,2.995732273553991
gitlab_strong_allocation_spruce_budget160_rep1_trial0_2026-07-02T12-22-26Z,spruce,1,160,True,True,99,task_h59,domain_expert,0.0,25,0.25252525252525254,12049.5,3.6431197499999994,5,2.0,0.4,0.050505050505050504,exploratory,False,,False,,False,,False,,False,-0.7062973999468238,-0.6014799920341214,0.548,False,0.015384615384615385,0.9846153846153847,False,0.05,2.995732273553991
gitlab_strong_allocation_spruce_budget160_rep1_trial0_2026-07-02T12-22-26Z,spruce,1,160,True,True,100,task_h60,gitlab_auditor,0.0,25,0.25,12229.5,3.6998207999999995,5,2.0,0.4,0.05,exploratory,False,,False,,False,,False,,False,-0.7062973999468238,-0.6014799920341214,0.548,False,0.015384615384615385,0.9846153846153847,False,0.05,2.995732273553991
gitlab_strong_allocation_spruce_budget160_rep1_trial0_2026-07-02T12-22-26Z,spruce,1,160,True,True,101,task_h61,gitlab_planner,0.0,25,0.24752475247524752,12397.1,3.7275518999999995,5,2.0,0.4,0.04950495049504951,exploratory,False,,False,,False,,False,gitlab_planner,False,-0.7062973999468238,-0.6014799920341214,0.548,False,0.015384615384615385,0.9846153846153847,False,0.05,2.995732273553991
gitlab_strong_allocation_spruce_budget160_rep1_trial0_2026-07-02T12-22-26Z,spruce,1,160,True,True,102,task_h62,exploratory,0.0,25,0.24509803921568626,12577.1,3.7514471999999994,5,2.0,0.4,0.049019607843137254,exploratory,False,,False,,False,,False,exploratory,False,-0.7062973999468238,-0.6014799920341214,0.548,False,0.015384615384615385,0.9846153846153847,False,0.05,2.995732273553991
gitlab_strong_allocation_spruce_budget160_rep1_trial0_2026-07-02T12-22-26Z,spruce,1,160,True,True,103,task_h63,cautious,0.0,25,0.24271844660194175,12651.2,3.7653653999999994,5,2.0,0.4,0.04854368932038835,exploratory,False,,False,,False,,False,,False,-0.7062973999468238,-0.6014799920341214,0.548,False,0.015384615384615385,0.9846153846153847,False,0.05,2.995732273553991
gitlab_strong_allocation_spruce_budget160_rep1_trial0_2026-07-02T12-22-26Z,spruce,1,160,True,True,104,task_h64,overthinker,0.0,25,0.2403846153846154,12831.2,3.7980572999999995,5,2.0,0.4,0.04807692307692308,exploratory,False,,False,,False,,False,,False,-0.7062973999468238,-0.6014799920341214,0.548,False,0.015384615384615385,0.9846153846153847,False,0.05,2.995732273553991
gitlab_strong_allocation_spruce_budget160_rep1_trial0_2026-07-02T12-22-26Z,spruce,1,160,True,True,105,task_h65,junior_reactive,0.0,25,0.23809523809523808,13011.2,3.8506856999999997,5,2.0,0.4,0.047619047619047616,exploratory,False,,False,,False,,False,,False,-0.7062973999468238,-0.6014799920341214,0.548,False,0.015384615384615385,0.9846153846153847,False,0.05,2.995732273553991
gitlab_strong_allocation_spruce_budget160_rep1_trial0_2026-07-02T12-22-26Z,spruce,1,160,True,True,106,task_h66,gitlab_rapid_executor,0.0,25,0.2358490566037736,13191.2,3.8892770999999997,5,2.0,0.4,0.04716981132075472,exploratory,False,,False,,False,,False,gitlab_rapid_executor,False,-0.7062973999468238,-0.6014799920341214,0.548,False,0.015384615384615385,0.9846153846153847,False,0.05,2.995732273553991
gitlab_strong_allocation_spruce_budget160_rep1_trial0_2026-07-02T12-22-26Z,spruce,1,160,True,True,107,task_h67,planner,0.0,25,0.2336448598130841,13371.2,3.9442289999999995,5,2.0,0.4,0.04672897196261682,exploratory,False,,False,,False,,False,,False,-0.7062973999468238,-0.6014799920341214,0.548,False,0.015384615384615385,0.9846153846153847,False,0.05,2.995732273553991
gitlab_strong_allocation_spruce_budget160_rep1_trial0_2026-07-02T12-22-26Z,spruce,1,160,True,True,108,task_h68,explorer,0.0,25,0.23148148148148148,13439.1,3.9549212999999996,5,2.0,0.4,0.046296296296296294,exploratory,False,,False,,False,,False,,False,-0.7062973999468238,-0.6014799920341214,0.548,False,0.015384615384615385,0.9846153846153847,False,0.05,2.995732273553991
gitlab_strong_allocation_spruce_budget160_rep1_trial0_2026-07-02T12-22-26Z,spruce,1,160,True,True,109,task_h69,verifier,0.0,25,0.22935779816513763,13619.1,3.98676015,5,2.0,0.4,0.045871559633027525,exploratory,False,,False,,False,,False,,False,-0.7062973999468238,-0.6014799920341214,0.548,False,0.015384615384615385,0.9846153846153847,False,0.05,2.995732273553991
gitlab_strong_allocation_spruce_budget160_rep1_trial0_2026-07-02T12-22-26Z,spruce,1,160,True,True,110,task_h70,gitlab_super_operator,0.0,25,0.22727272727272727,13799.1,4.0961722499999995,5,2.0,0.4,0.045454545454545456,exploratory,False,,False,,False,,False,,False,-0.7062973999468238,-0.6014799920341214,0.548,False,0.015384615384615385,0.9846153846153847,False,0.05,2.995732273553991
gitlab_strong_allocation_spruce_budget160_rep1_trial0_2026-07-02T12-22-26Z,spruce,1,160,True,True,111,task_h71,gitlab_oracle_operator,0.0,25,0.22522522522522523,13852.6,4.106607149999999,6,2.0,0.3333333333333333,0.05405405405405406,exploratory,False,,False,,False,,False,gitlab_oracle_operator,True,-0.7062973999468238,-0.6014799920341214,0.548,False,0.015384615384615385,0.9076923076923078,False,0.05,2.995732273553991
gitlab_strong_allocation_spruce_budget160_rep1_trial0_2026-07-02T12-22-26Z,spruce,1,160,True,True,112,task_h72,balanced,0.0,25,0.22321428571428573,14032.6,4.141862249999999,6,2.0,0.3333333333333333,0.05357142857142857,exploratory,False,balanced,False,,False,,False,,False,-0.7062973999468238,-0.6014799920341214,0.548,False,0.015384615384615385,0.9076923076923078,False,0.05,2.995732273553991
gitlab_strong_allocation_spruce_budget160_rep1_trial0_2026-07-02T12-22-26Z,spruce,1,160,True,True,113,task_h73,rapid,0.0,25,0.22123893805309736,14212.6,4.1725261499999995,6,2.0,0.3333333333333333,0.05309734513274336,exploratory,False,,False,,False,,False,,False,-0.7062973999468238,-0.6014799920341214,0.548,False,0.015384615384615385,0.9076923076923078,False,0.05,2.995732273553991
gitlab_strong_allocation_spruce_budget160_rep1_trial0_2026-07-02T12-22-26Z,spruce,1,160,True,True,114,task_h74,algorithmic,0.0,25,0.21929824561403508,14280.300000000001,4.18393695,6,2.0,0.3333333333333333,0.05263157894736842,exploratory,False,,False,,False,,False,,False,-0.7062973999468238,-0.6014799920341214,0.548,False,0.015384615384615385,0.9076923076923078,False,0.05,2.995732273553991
gitlab_strong_allocation_spruce_budget160_rep1_trial0_2026-07-02T12-22-26Z,spruce,1,160,True,True,115,task_h75,domain_expert,0.0,25,0.21739130434782608,14346.1,4.19427525,6,2.0,0.3333333333333333,0.05217391304347826,exploratory,False,,False,,False,,False,,False,-0.7062973999468238,-0.6014799920341214,0.548,False,0.015384615384615385,0.9076923076923078,False,0.05,2.995732273553991
gitlab_strong_allocation_spruce_budget160_rep1_trial0_2026-07-02T12-22-26Z,spruce,1,160,True,True,116,task_h76,gitlab_auditor,0.0,25,0.21551724137931033,14526.1,4.260292199999999,6,2.0,0.3333333333333333,0.05172413793103448,exploratory,False,,False,,False,,False,,False,-0.7062973999468238,-0.6014799920341214,0.548,False,0.015384615384615385,0.9076923076923078,False,0.05,2.995732273553991
gitlab_strong_allocation_spruce_budget160_rep1_trial0_2026-07-02T12-22-26Z,spruce,1,160,True,True,117,task_h77,gitlab_planner,0.0,25,0.21367521367521367,14575.0,4.2706807499999995,6,2.0,0.3333333333333333,0.05128205128205128,exploratory,False,,False,,False,,False,gitlab_planner,False,-0.7062973999468238,-0.6014799920341214,0.548,False,0.015384615384615385,0.9076923076923078,False,0.05,2.995732273553991
gitlab_strong_allocation_spruce_budget160_rep1_trial0_2026-07-02T12-22-26Z,spruce,1,160,True,True,118,task_h78,baseline,0.0,25,0.211864406779661,14755.0,4.3059959999999995,6,2.0,0.3333333333333333,0.05084745762711865,exploratory,False,,False,,False,,False,,False,-0.7062973999468238,-0.6014799920341214,0.548,False,0.015384615384615385,0.9076923076923078,False,0.05,2.995732273553991
gitlab_strong_allocation_spruce_budget160_rep1_trial0_2026-07-02T12-22-26Z,spruce,1,160,True,True,119,task_h79,gitlab_domain_expert,0.0,25,0.21008403361344538,14841.3,4.317228299999999,6,2.0,0.3333333333333333,0.05042016806722689,exploratory,False,,False,,False,,False,gitlab_domain_expert,False,-0.7062973999468238,-0.6014799920341214,0.548,False,0.015384615384615385,0.9076923076923078,False,0.05,2.995732273553991
gitlab_strong_allocation_spruce_budget160_rep1_trial0_2026-07-02T12-22-26Z,spruce,1,160,True,True,120,task_h80,cautious,0.0,25,0.20833333333333334,14906.0,4.329453599999999,6,2.0,0.3333333333333333,0.05,exploratory,False,,False,,False,,False,,False,-0.7062973999468238,-0.6014799920341214,0.548,False,0.015384615384615385,0.9076923076923078,False,0.05,2.995732273553991
gitlab_strong_allocation_spruce_budget160_rep1_trial0_2026-07-02T12-22-26Z,spruce,1,160,True,True,121,task_h81,overthinker,0.0,25,0.2066115702479339,14977.6,4.340244899999999,6,2.0,0.3333333333333333,0.049586776859504134,exploratory,False,,False,,False,,False,,False,-0.7062973999468238,-0.6014799920341214,0.548,False,0.015384615384615385,0.9076923076923078,False,0.05,2.995732273553991
gitlab_strong_allocation_spruce_budget160_rep1_trial0_2026-07-02T12-22-26Z,spruce,1,160,True,True,122,task_h82,junior_reactive,0.0,25,0.20491803278688525,15157.6,4.3960408499999994,6,2.0,0.3333333333333333,0.04918032786885246,exploratory,False,,False,,False,,False,,False,-0.7062973999468238,-0.6014799920341214,0.548,False,0.015384615384615385,0.9076923076923078,False,0.05,2.995732273553991
gitlab_strong_allocation_spruce_budget160_rep1_trial0_2026-07-02T12-22-26Z,spruce,1,160,True,True,123,task_h83,gitlab_rapid_executor,0.0,25,0.2032520325203252,15337.6,4.4510574,6,2.0,0.3333333333333333,0.04878048780487805,exploratory,False,,False,,False,,False,gitlab_rapid_executor,False,-0.7062973999468238,-0.6014799920341214,0.548,False,0.015384615384615385,0.9076923076923078,False,0.05,2.995732273553991
gitlab_strong_allocation_spruce_budget160_rep1_trial0_2026-07-02T12-22-26Z,spruce,1,160,True,True,124,task_h84,planner,0.0,25,0.20161290322580644,15517.6,4.4862564,6,2.0,0.3333333333333333,0.04838709677419355,exploratory,False,,False,,False,,False,,False,-0.7062973999468238,-0.6014799920341214,0.548,False,0.015384615384615385,0.9076923076923078,False,0.05,2.995732273553991
gitlab_strong_allocation_spruce_budget160_rep1_trial0_2026-07-02T12-22-26Z,spruce,1,160,True,True,125,task_h85,explorer,0.0,25,0.2,15697.6,4.529577000000001,6,2.0,0.3333333333333333,0.048,exploratory,False,,False,,False,,False,,False,-0.7062973999468238,-0.6014799920341214,0.548,False,0.015384615384615385,0.9076923076923078,False,0.05,2.995732273553991
gitlab_strong_allocation_spruce_budget160_rep1_trial0_2026-07-02T12-22-26Z,spruce,1,160,True,True,126,task_h86,verifier,0.0,25,0.1984126984126984,15877.6,4.585974300000001,6,2.0,0.3333333333333333,0.047619047619047616,exploratory,False,,False,,False,,False,,False,-0.7062973999468238,-0.6014799920341214,0.548,False,0.015384615384615385,0.9076923076923078,False,0.05,2.995732273553991
gitlab_strong_allocation_spruce_budget160_rep1_trial0_2026-07-02T12-22-26Z,spruce,1,160,True,True,127,task_h87,gitlab_super_operator,0.0,25,0.1968503937007874,16057.6,4.656405600000001,6,2.0,0.3333333333333333,0.047244094488188976,exploratory,False,,False,,False,,False,,False,-0.7062973999468238,-0.6014799920341214,0.548,False,0.015384615384615385,0.9076923076923078,False,0.05,2.995732273553991
gitlab_strong_allocation_spruce_budget160_rep1_trial0_2026-07-02T12-22-26Z,spruce,1,160,True,True,128,task_h88,gitlab_oracle_operator,0.0,25,0.1953125,16170.6,4.678760250000001,7,2.0,0.2857142857142857,0.0546875,exploratory,False,,False,,False,,False,gitlab_oracle_operator,True,-0.7062973999468238,-0.6014799920341214,0.548,False,0.015384615384615385,0.8307692307692308,False,0.05,2.995732273553991
gitlab_strong_allocation_spruce_budget160_rep1_trial0_2026-07-02T12-22-26Z,spruce,1,160,True,True,129,task_h89,balanced,1.0,26,0.20155038759689922,16243.6,4.728929700000001,7,2.0,0.2857142857142857,0.05426356589147287,exploratory,False,balanced,False,,False,,False,,False,-0.7062973999468238,-0.6014799920341214,0.548,False,0.015384615384615385,0.8307692307692308,False,0.05,2.995732273553991
gitlab_strong_allocation_spruce_budget160_rep1_trial0_2026-07-02T12-22-26Z,spruce,1,160,True,True,130,task_h90,rapid,0.0,26,0.2,16416.3,4.781012250000001,7,2.0,0.2857142857142857,0.05384615384615385,exploratory,False,,False,,False,,False,,False,-0.7062973999468238,-0.6014799920341214,0.548,False,0.015384615384615385,0.8307692307692308,False,0.05,2.995732273553991
gitlab_strong_allocation_spruce_budget160_rep1_trial0_2026-07-02T12-22-26Z,spruce,1,160,True,True,131,task_h91,algorithmic,0.0,26,0.1984732824427481,16596.3,4.829314650000001,7,2.0,0.2857142857142857,0.05343511450381679,exploratory,False,,False,,False,,False,,False,-0.7062973999468238,-0.6014799920341214,0.548,False,0.015384615384615385,0.8307692307692308,False,0.05,2.995732273553991
gitlab_strong_allocation_spruce_budget160_rep1_trial0_2026-07-02T12-22-26Z,spruce,1,160,True,True,132,task_h92,domain_expert,0.0,26,0.19696969696969696,16776.3,4.912066500000001,7,2.0,0.2857142857142857,0.05303030303030303,exploratory,False,,False,,False,,False,,False,-0.7062973999468238,-0.6014799920341214,0.548,False,0.015384615384615385,0.8307692307692308,False,0.05,2.995732273553991
gitlab_strong_allocation_spruce_budget160_rep1_trial0_2026-07-02T12-22-26Z,spruce,1,160,True,True,133,task_h93,gitlab_auditor,0.0,26,0.19548872180451127,16956.3,4.950673500000001,7,2.0,0.2857142857142857,0.05263157894736842,exploratory,False,,False,,False,,False,,False,-0.7062973999468238,-0.6014799920341214,0.548,False,0.015384615384615385,0.8307692307692308,False,0.05,2.995732273553991
gitlab_strong_allocation_spruce_budget160_rep1_trial0_2026-07-02T12-22-26Z,spruce,1,160,True,True,134,task_h94,gitlab_planner,0.0,26,0.19402985074626866,17136.3,4.9906626,7,2.0,0.2857142857142857,0.05223880597014925,exploratory,False,,False,,False,,False,gitlab_planner,False,-0.7062973999468238,-0.6014799920341214,0.548,False,0.015384615384615385,0.8307692307692308,False,0.05,2.995732273553991
gitlab_strong_allocation_spruce_budget160_rep1_trial0_2026-07-02T12-22-26Z,spruce,1,160,True,True,135,task_h95,baseline,0.0,26,0.1925925925925926,17219.899999999998,5.00905605,7,2.0,0.2857142857142857,0.05185185185185185,exploratory,False,,False,,False,,False,,False,-0.7062973999468238,-0.6014799920341214,0.548,False,0.015384615384615385,0.8307692307692308,False,0.05,2.995732273553991
gitlab_strong_allocation_spruce_budget160_rep1_trial0_2026-07-02T12-22-26Z,spruce,1,160,True,True,136,task_h96,gitlab_domain_expert,0.0,26,0.19117647058823528,17273.999999999996,5.0195631,7,2.0,0.2857142857142857,0.051470588235294115,exploratory,False,,False,,False,,False,gitlab_domain_expert,False,-0.7062973999468238,-0.6014799920341214,0.548,False,0.015384615384615385,0.8307692307692308,False,0.05,2.995732273553991
gitlab_strong_allocation_spruce_budget160_rep1_trial0_2026-07-02T12-22-26Z,spruce,1,160,True,True,137,task_h97,balanced,0.0,26,0.1897810218978102,17453.999999999996,5.03540565,7,2.0,0.2857142857142857,0.051094890510948905,exploratory,False,balanced,False,,False,,False,,False,-0.7062973999468238,-0.6014799920341214,0.548,False,0.015384615384615385,0.8307692307692308,False,0.05,2.995732273553991
gitlab_strong_allocation_spruce_budget160_rep1_trial0_2026-07-02T12-22-26Z,spruce,1,160,True,True,138,task_h98,cautious,0.0,26,0.18840579710144928,17633.999999999996,5.0784297,7,2.0,0.2857142857142857,0.050724637681159424,exploratory,False,balanced,False,,False,,False,,False,-0.7062973999468238,-0.6014799920341214,0.548,False,0.015384615384615385,0.8307692307692308,False,0.05,2.995732273553991
gitlab_strong_allocation_spruce_budget160_rep1_trial0_2026-07-02T12-22-26Z,spruce,1,160,True,True,139,task_h99,overthinker,0.0,26,0.18705035971223022,17692.099999999995,5.0886435,7,2.0,0.2857142857142857,0.050359712230215826,exploratory,False,balanced,False,,False,,False,,False,-0.7062973999468238,-0.6014799920341214,0.548,False,0.015384615384615385,0.8307692307692308,False,0.05,2.995732273553991
gitlab_strong_allocation_spruce_budget160_rep1_trial0_2026-07-02T12-22-26Z,spruce,1,160,True,True,140,task_h100,junior_reactive,0.0,26,0.18571428571428572,17825.699999999993,5.1228546,7,2.0,0.2857142857142857,0.05,exploratory,False,balanced,False,,False,,False,,False,-0.7062973999468238,-0.6014799920341214,0.548,False,0.015384615384615385,0.8307692307692308,False,0.05,2.995732273553991
gitlab_strong_allocation_spruce_budget160_rep1_trial0_2026-07-02T12-22-26Z,spruce,1,160,True,True,141,task_e1,gitlab_rapid_executor,1.0,27,0.19148936170212766,17841.399999999994,5.1393432,7,2.0,0.2857142857142857,0.04964539007092199,exploratory,False,balanced,False,,False,,False,gitlab_rapid_executor,False,-0.7062973999468238,-0.6014799920341214,0.548,False,0.015384615384615385,0.8307692307692308,False,0.05,2.995732273553991
gitlab_strong_allocation_spruce_budget160_rep1_trial0_2026-07-02T12-22-26Z,spruce,1,160,True,True,142,task_e2,rapid,1.0,28,0.19718309859154928,17874.499999999993,5.16637215,7,2.0,0.2857142857142857,0.04929577464788732,exploratory,False,,False,,False,,False,,False,-0.7062973999468238,-0.6014799920341214,0.548,False,0.015384615384615385,0.8307692307692308,False,0.05,2.995732273553991
gitlab_strong_allocation_spruce_budget160_rep1_trial0_2026-07-02T12-22-26Z,spruce,1,160,True,True,143,task_e3,algorithmic,1.0,29,0.20279720279720279,17897.199999999993,5.18160135,7,2.0,0.2857142857142857,0.04895104895104895,exploratory,False,,False,,False,,False,,False,-0.7062973999468238,-0.6014799920341214,0.548,False,0.015384615384615385,0.8307692307692308,False,0.05,2.995732273553991
gitlab_strong_allocation_spruce_budget160_rep1_trial0_2026-07-02T12-22-26Z,spruce,1,160,True,True,144,task_e4,domain_expert,0.0,29,0.2013888888888889,17937.099999999995,5.1914799,7,2.0,0.2857142857142857,0.04861111111111111,exploratory,False,,False,,False,,False,,False,-0.7062973999468238,-0.6014799920341214,0.548,False,0.015384615384615385,0.8307692307692308,False,0.05,2.995732273553991
gitlab_strong_allocation_spruce_budget160_rep1_trial0_2026-07-02T12-22-26Z,spruce,1,160,True,True,145,task_e5,gitlab_auditor,1.0,30,0.20689655172413793,17981.699999999993,5.2251519,7,2.0,0.2857142857142857,0.04827586206896552,exploratory,False,,False,,False,,False,,False,-0.7062973999468238,-0.6014799920341214,0.548,False,0.015384615384615385,0.8307692307692308,False,0.05,2.995732273553991
gitlab_strong_allocation_spruce_budget160_rep1_trial0_2026-07-02T12-22-26Z,spruce,1,160,True,True,146,task_e6,gitlab_planner,1.0,31,0.21232876712328766,18108.699999999993,5.28366465,7,2.0,0.2857142857142857,0.04794520547945205,exploratory,False,,False,,False,,False,gitlab_planner,False,-0.7062973999468238,-0.6014799920341214,0.548,False,0.015384615384615385,0.8307692307692308,False,0.05,2.995732273553991
gitlab_strong_allocation_spruce_budget160_rep1_trial0_2026-07-02T12-22-26Z,spruce,1,160,True,True,147,task_e7,planner,1.0,32,0.21768707482993196,18169.099999999995,5.315311650000001,7,2.0,0.2857142857142857,0.047619047619047616,exploratory,False,,False,,False,,False,,False,-0.7062973999468238,-0.6014799920341214,0.548,False,0.015384615384615385,0.8307692307692308,False,0.05,2.995732273553991
gitlab_strong_allocation_spruce_budget160_rep1_trial0_2026-07-02T12-22-26Z,spruce,1,160,True,True,148,task_e8,explorer,1.0,33,0.22297297297297297,18193.599999999995,5.333047950000001,7,2.0,0.2857142857142857,0.0472972972972973,exploratory,False,,False,,False,,False,,False,-0.7062973999468238,-0.6014799920341214,0.548,False,0.015384615384615385,0.8307692307692308,False,0.05,2.995732273553991
gitlab_strong_allocation_spruce_budget160_rep1_trial0_2026-07-02T12-22-26Z,spruce,1,160,True,True,149,task_e9,verifier,1.0,34,0.22818791946308725,18214.299999999996,5.3528452500000006,7,2.0,0.2857142857142857,0.04697986577181208,exploratory,False,,False,,False,,False,,False,-0.7062973999468238,-0.6014799920341214,0.548,False,0.015384615384615385,0.8307692307692308,False,0.05,2.995732273553991
gitlab_strong_allocation_spruce_budget160_rep1_trial0_2026-07-02T12-22-26Z,spruce,1,160,True,True,150,task_e10,gitlab_super_operator,0.0,34,0.22666666666666666,18394.299999999996,5.479908150000001,7,2.0,0.2857142857142857,0.04666666666666667,exploratory,False,,False,,False,,False,,False,-0.7062973999468238,-0.6014799920341214,0.548,False,0.015384615384615385,0.8307692307692308,False,0.05,2.995732273553991
gitlab_strong_allocation_spruce_budget160_rep1_trial0_2026-07-02T12-22-26Z,spruce,1,160,True,True,151,task_e11,gitlab_oracle_operator,1.0,35,0.23178807947019867,18431.499999999996,5.524754250000001,8,3.0,0.375,0.052980132450331126,exploratory,False,,False,,False,,False,gitlab_oracle_operator,True,-0.7062973999468238,-0.6014799920341214,0.548,False,0.015384615384615385,0.8615384615384616,False,0.05,2.995732273553991
gitlab_strong_allocation_spruce_budget160_rep1_trial0_2026-07-02T12-22-26Z,spruce,1,160,True,True,152,task_e12,exploratory,0.0,35,0.23026315789473684,18491.299999999996,5.562792000000001,8,3.0,0.375,0.05263157894736842,exploratory,False,,False,,False,,False,exploratory,False,-0.7062973999468238,-0.6014799920341214,0.548,False,0.015384615384615385,0.8615384615384616,False,0.05,2.995732273553991
gitlab_strong_allocation_spruce_budget160_rep1_trial0_2026-07-02T12-22-26Z,spruce,1,160,True,True,153,task_e13,baseline,1.0,36,0.23529411764705882,18527.299999999996,5.6000709,8,3.0,0.375,0.05228758169934641,exploratory,False,,False,,False,,False,,False,-0.7062973999468238,-0.6014799920341214,0.548,False,0.015384615384615385,0.8615384615384616,False,0.05,2.995732273553991
gitlab_strong_allocation_spruce_budget160_rep1_trial0_2026-07-02T12-22-26Z,spruce,1,160,True,True,154,task_e14,gitlab_domain_expert,1.0,37,0.24025974025974026,18547.499999999996,5.620283250000001,8,3.0,0.375,0.05194805194805195,exploratory,False,,False,,False,,False,gitlab_domain_expert,False,-0.7062973999468238,-0.6014799920341214,0.548,False,0.015384615384615385,0.8615384615384616,False,0.05,2.995732273553991
gitlab_strong_allocation_spruce_budget160_rep1_trial0_2026-07-02T12-22-26Z,spruce,1,160,True,True,155,task_e15,balanced,1.0,38,0.24516129032258063,18586.599999999995,5.651875200000001,8,3.0,0.375,0.05161290322580645,exploratory,False,balanced,False,,False,,False,,False,-0.7062973999468238,-0.6014799920341214,0.548,False,0.015384615384615385,0.8615384615384616,False,0.05,2.995732273553991
gitlab_strong_allocation_spruce_budget160_rep1_trial0_2026-07-02T12-22-26Z,spruce,1,160,True,True,156,task_e16,rapid,1.0,39,0.25,18608.999999999996,5.676660000000001,8,3.0,0.375,0.05128205128205128,exploratory,False,,False,,False,,False,,False,-0.7062973999468238,-0.6014799920341214,0.548,False,0.015384615384615385,0.8615384615384616,False,0.05,2.995732273553991
gitlab_strong_allocation_spruce_budget160_rep1_trial0_2026-07-02T12-22-26Z,spruce,1,160,True,True,157,task_e17,algorithmic,0.0,39,0.2484076433121019,18788.999999999996,5.731787400000001,8,3.0,0.375,0.050955414012738856,exploratory,False,,False,,False,,False,,False,-0.7062973999468238,-0.6014799920341214,0.548,False,0.015384615384615385,0.8615384615384616,False,0.05,2.995732273553991
gitlab_strong_allocation_spruce_budget160_rep1_trial0_2026-07-02T12-22-26Z,spruce,1,160,True,True,158,task_e18,domain_expert,0.0,39,0.2468354430379747,18968.999999999996,5.808595350000001,8,3.0,0.375,0.05063291139240506,exploratory,False,,False,,False,,False,,False,-0.7062973999468238,-0.6014799920341214,0.548,False,0.015384615384615385,0.8615384615384616,False,0.05,2.995732273553991
gitlab_strong_allocation_spruce_budget160_rep1_trial0_2026-07-02T12-22-26Z,spruce,1,160,True,True,159,task_e19,gitlab_auditor,0.0,39,0.24528301886792453,19046.899999999998,5.831445300000001,8,3.0,0.375,0.050314465408805034,exploratory,False,,False,,False,,False,,False,-0.7062973999468238,-0.6014799920341214,0.548,False,0.015384615384615385,0.8615384615384616,False,0.05,2.995732273553991
gitlab_strong_allocation_spruce_budget160_rep1_trial0_2026-07-02T12-22-26Z,spruce,1,160,True,True,160,task_e20,gitlab_planner,1.0,40,0.25,19103.6,5.8584621000000014,8,3.0,0.375,0.05,exploratory,False,,False,,False,,False,gitlab_planner,False,-0.7062973999468238,-0.6014799920341214,0.548,False,0.015384615384615385,0.8615384615384616,False,0.05,2.995732273553991
gitlab_strong_allocation_uniform_budget160_rep1_trial0_2026-07-02T06-33-24Z,uniform,1,160,True,True,1,task_e1,baseline,1.0,1,1.0,17.4,0.014002200000000001,0,0.0,,0.0,,False,baseline,False,,False,,False,,False,0.0,0.0,1.0,False,0.015384615384615385,0.9846153846153847,False,0.05,2.995732273553991
gitlab_strong_allocation_uniform_budget160_rep1_trial0_2026-07-02T06-33-24Z,uniform,1,160,True,True,2,task_e2,planner,1.0,2,1.0,84.9,0.0381138,0,0.0,,0.0,,False,,False,,False,,False,,False,0.0,0.0,1.0,False,0.015384615384615385,0.9846153846153847,False,0.05,2.995732273553991
gitlab_strong_allocation_uniform_budget160_rep1_trial0_2026-07-02T06-33-24Z,uniform,1,160,True,True,3,task_e3,cautious,1.0,3,1.0,110.7,0.0536895,0,0.0,,0.0,,False,,False,,False,,False,,False,0.0,0.0,1.0,False,0.015384615384615385,0.9846153846153847,False,0.05,2.995732273553991
gitlab_strong_allocation_uniform_budget160_rep1_trial0_2026-07-02T06-33-24Z,uniform,1,160,True,True,4,task_e4,explorer,1.0,4,1.0,128.8,0.07331535,0,0.0,,0.0,,False,,False,,False,,False,,False,0.0,0.0,1.0,False,0.015384615384615385,0.9846153846153847,False,0.05,2.995732273553991
gitlab_strong_allocation_uniform_budget160_rep1_trial0_2026-07-02T06-33-24Z,uniform,1,160,True,True,5,task_e5,balanced,1.0,5,1.0,216.20000000000002,0.1348953,0,0.0,,0.0,,False,,False,,False,,False,,False,0.0,0.0,1.0,False,0.015384615384615385,0.9846153846153847,False,0.05,2.995732273553991
gitlab_strong_allocation_uniform_budget160_rep1_trial0_2026-07-02T06-33-24Z,uniform,1,160,True,True,6,task_e6,overthinker,0.0,5,0.8333333333333334,396.20000000000005,0.16902465,0,0.0,,0.0,,False,,False,,False,,False,,False,0.0,0.0,1.0,False,0.015384615384615385,0.9846153846153847,False,0.05,2.995732273553991
gitlab_strong_allocation_uniform_budget160_rep1_trial0_2026-07-02T06-33-24Z,uniform,1,160,True,True,7,task_e7,rapid,1.0,6,0.8571428571428571,455.90000000000003,0.21862845,0,0.0,,0.0,,False,,False,,False,,False,,False,0.0,0.0,1.0,False,0.015384615384615385,0.9846153846153847,False,0.05,2.995732273553991
gitlab_strong_allocation_uniform_budget160_rep1_trial0_2026-07-02T06-33-24Z,uniform,1,160,True,True,8,task_e8,verifier,1.0,7,0.875,477.40000000000003,0.2375115,0,0.0,,0.0,,False,,False,,False,,False,,False,0.0,0.0,1.0,False,0.015384615384615385,0.9846153846153847,False,0.05,2.995732273553991
gitlab_strong_allocation_uniform_budget160_rep1_trial0_2026-07-02T06-33-24Z,uniform,1,160,True,True,9,task_e9,exploratory,1.0,8,0.8888888888888888,496.8,0.2554893,0,0.0,,0.0,,False,,False,,False,,False,,False,0.0,0.0,1.0,False,0.015384615384615385,0.9846153846153847,False,0.05,2.995732273553991
gitlab_strong_allocation_uniform_budget160_rep1_trial0_2026-07-02T06-33-24Z,uniform,1,160,True,True,10,task_e10,algorithmic,0.0,8,0.8,676.8,0.32458139999999996,0,0.0,,0.0,,False,,False,,False,,False,,False,0.0,0.0,1.0,False,0.015384615384615385,0.9846153846153847,False,0.05,2.995732273553991
gitlab_strong_allocation_uniform_budget160_rep1_trial0_2026-07-02T06-33-24Z,uniform,1,160,True,True,11,task_e11,junior_reactive,1.0,9,0.8181818181818182,745.6999999999999,0.38064719999999996,0,0.0,,0.0,,False,,False,,False,,False,,False,0.0,0.0,1.0,False,0.015384615384615385,0.9846153846153847,False,0.05,2.995732273553991
gitlab_strong_allocation_uniform_budget160_rep1_trial0_2026-07-02T06-33-24Z,uniform,1,160,True,True,12,task_e12,domain_expert,1.0,10,0.8333333333333334,899.0,0.43948649999999995,0,0.0,,0.0,,False,,False,,False,,False,,False,0.0,0.0,1.0,False,0.015384615384615385,0.9846153846153847,False,0.05,2.995732273553991
gitlab_strong_allocation_uniform_budget160_rep1_trial0_2026-07-02T06-33-24Z,uniform,1,160,True,True,13,task_e13,gitlab_domain_expert,1.0,11,0.8461538461538461,942.1,0.46119509999999997,0,0.0,,0.0,,False,,False,,False,,False,,False,0.0,0.0,1.0,False,0.015384615384615385,0.9846153846153847,False,0.05,2.995732273553991
gitlab_strong_allocation_uniform_budget160_rep1_trial0_2026-07-02T06-33-24Z,uniform,1,160,True,True,14,task_e14,gitlab_rapid_executor,1.0,12,0.8571428571428571,963.3000000000001,0.4802067,0,0.0,,0.0,,False,,False,,False,,False,,False,0.0,0.0,1.0,False,0.015384615384615385,0.9846153846153847,False,0.05,2.995732273553991
gitlab_strong_allocation_uniform_budget160_rep1_trial0_2026-07-02T06-33-24Z,uniform,1,160,True,True,15,task_e15,gitlab_auditor,1.0,13,0.8666666666666667,994.4000000000001,0.5031681,0,0.0,,0.0,,False,,False,,False,,False,,False,0.0,0.0,1.0,False,0.015384615384615385,0.9846153846153847,False,0.05,2.995732273553991
gitlab_strong_allocation_uniform_budget160_rep1_trial0_2026-07-02T06-33-24Z,uniform,1,160,True,True,16,task_e16,gitlab_planner,1.0,14,0.875,1037.1000000000001,0.52601265,0,0.0,,0.0,,False,,False,,False,,False,,False,0.0,0.0,1.0,False,0.015384615384615385,0.9846153846153847,False,0.05,2.995732273553991
gitlab_strong_allocation_uniform_budget160_rep1_trial0_2026-07-02T06-33-24Z,uniform,1,160,True,True,17,task_e17,gitlab_super_operator,1.0,15,0.8823529411764706,1116.9,0.5712108,0,0.0,,0.0,,False,,False,,False,,False,,False,0.0,0.0,1.0,False,0.015384615384615385,0.9846153846153847,False,0.05,2.995732273553991
gitlab_strong_allocation_uniform_budget160_rep1_trial0_2026-07-02T06-33-24Z,uniform,1,160,True,True,18,task_e18,gitlab_oracle_operator,1.0,16,0.8888888888888888,1131.8000000000002,0.5895861,1,1.0,1.0,0.05555555555555555,,False,,False,,False,,False,,False,0.0,0.0,1.0,False,0.015384615384615385,0.9846153846153847,False,0.05,2.995732273553991
gitlab_strong_allocation_uniform_budget160_rep1_trial0_2026-07-02T06-33-24Z,uniform,1,160,True,True,19,task_e19,baseline,0.0,16,0.8421052631578947,1311.8000000000002,0.6907755,1,1.0,1.0,0.05263157894736842,,False,baseline,False,,False,,False,,False,0.0,0.0,1.0,False,0.015384615384615385,0.9846153846153847,False,0.05,2.995732273553991
gitlab_strong_allocation_uniform_budget160_rep1_trial0_2026-07-02T06-33-24Z,uniform,1,160,True,True,20,task_e20,planner,1.0,17,0.85,1382.4,0.7170021,1,1.0,1.0,0.05,,False,,False,planner,False,planner,False,,False,0.0,0.0,1.0,False,0.015384615384615385,0.9846153846153847,False,0.05,2.995732273553991
gitlab_strong_allocation_uniform_budget160_rep1_trial0_2026-07-02T06-33-24Z,uniform,1,160,True,True,21,task_m1,cautious,0.0,17,0.8095238095238095,1562.4,0.7670136,1,1.0,1.0,0.047619047619047616,,False,,False,planner,False,planner,False,,False,0.0,0.0,1.0,False,0.015384615384615385,0.9846153846153847,False,0.05,2.995732273553991
gitlab_strong_allocation_uniform_budget160_rep1_trial0_2026-07-02T06-33-24Z,uniform,1,160,True,True,22,task_m2,explorer,0.0,17,0.7727272727272727,1640.7,0.78985065,1,1.0,1.0,0.045454545454545456,,False,,False,planner,False,planner,False,,False,0.0,0.0,1.0,False,0.015384615384615385,0.9846153846153847,False,0.05,2.995732273553991
gitlab_strong_allocation_uniform_budget160_rep1_trial0_2026-07-02T06-33-24Z,uniform,1,160,True,True,23,task_m3,balanced,1.0,18,0.782608695652174,1659.5,0.80802525,1,1.0,1.0,0.043478260869565216,,False,,False,,False,,False,,False,0.0,0.0,1.0,False,0.015384615384615385,0.9846153846153847,False,0.05,2.995732273553991
gitlab_strong_allocation_uniform_budget160_rep1_trial0_2026-07-02T06-33-24Z,uniform,1,160,True,True,24,task_m4,overthinker,1.0,19,0.7916666666666666,1824.5,0.8635266,1,1.0,1.0,0.041666666666666664,,False,,False,,False,,False,,False,0.0,0.0,1.0,False,0.015384615384615385,0.9846153846153847,False,0.05,2.995732273553991
gitlab_strong_allocation_uniform_budget160_rep1_trial0_2026-07-02T06-33-24Z,uniform,1,160,True,True,25,task_m5,rapid,0.0,19,0.76,2004.5,0.9067725,1,1.0,1.0,0.04,,False,,False,,False,,False,,False,0.0,0.0,1.0,False,0.015384615384615385,0.9846153846153847,False,0.05,2.995732273553991
gitlab_strong_allocation_uniform_budget160_rep1_trial0_2026-07-02T06-33-24Z,uniform,1,160,True,True,26,task_m6,verifier,1.0,20,0.7692307692307693,2030.3,0.92918895,1,1.0,1.0,0.038461538461538464,,False,,False,,False,,False,,False,0.0,0.0,1.0,False,0.015384615384615385,0.9846153846153847,False,0.05,2.995732273553991
gitlab_strong_allocation_uniform_budget160_rep1_trial0_2026-07-02T06-33-24Z,uniform,1,160,True,True,27,task_m7,exploratory,1.0,21,0.7777777777777778,2056.9,0.95484195,1,1.0,1.0,0.037037037037037035,,False,,False,,False,,False,,False,0.0,0.0,1.0,False,0.015384615384615385,0.9846153846153847,False,0.05,2.995732273553991
gitlab_strong_allocation_uniform_budget160_rep1_trial0_2026-07-02T06-33-24Z,uniform,1,160,True,True,28,task_m8,algorithmic,0.0,21,0.75,2120.2000000000003,0.9651885,1,1.0,1.0,0.03571428571428571,,False,,False,,False,,False,,False,0.0,0.0,1.0,False,0.015384615384615385,0.9846153846153847,False,0.05,2.995732273553991
gitlab_strong_allocation_uniform_budget160_rep1_trial0_2026-07-02T06-33-24Z,uniform,1,160,True,True,29,task_m9,junior_reactive,1.0,22,0.7586206896551724,2213.0000000000005,1.02501555,1,1.0,1.0,0.034482758620689655,,False,,False,,False,,False,,False,0.0,0.0,1.0,False,0.015384615384615385,0.9846153846153847,False,0.05,2.995732273553991
gitlab_strong_allocation_uniform_budget160_rep1_trial0_2026-07-02T06-33-24Z,uniform,1,160,True,True,30,task_m10,domain_expert,1.0,23,0.7666666666666667,2295.2000000000003,1.0659915,1,1.0,1.0,0.03333333333333333,,False,,False,,False,,False,,False,0.0,0.0,1.0,False,0.015384615384615385,0.9846153846153847,False,0.05,2.995732273553991
gitlab_strong_allocation_uniform_budget160_rep1_trial0_2026-07-02T06-33-24Z,uniform,1,160,True,True,31,task_m11,gitlab_domain_expert,0.0,23,0.7419354838709677,2475.2000000000003,1.1377077,1,1.0,1.0,0.03225806451612903,,False,,False,,False,,False,,False,0.0,0.0,1.0,False,0.015384615384615385,0.9846153846153847,False,0.05,2.995732273553991
gitlab_strong_allocation_uniform_budget160_rep1_trial0_2026-07-02T06-33-24Z,uniform,1,160,True,True,32,task_m12,gitlab_rapid_executor,1.0,24,0.75,2626.0000000000005,1.2001278,1,1.0,1.0,0.03125,,False,,False,,False,,False,,False,0.0,0.0,1.0,False,0.015384615384615385,0.9846153846153847,False,0.05,2.995732273553991
gitlab_strong_allocation_uniform_budget160_rep1_trial0_2026-07-02T06-33-24Z,uniform,1,160,True,True,33,task_m13,gitlab_auditor,0.0,24,0.7272727272727273,2806.0000000000005,1.2714410999999999,1,1.0,1.0,0.030303030303030304,,False,,False,,False,,False,,False,0.0,0.0,1.0,False,0.015384615384615385,0.9846153846153847,False,0.05,2.995732273553991
gitlab_strong_allocation_uniform_budget160_rep1_trial0_2026-07-02T06-33-24Z,uniform,1,160,True,True,34,task_m14,gitlab_planner,0.0,24,0.7058823529411765,2986.0000000000005,1.31558895,1,1.0,1.0,0.029411764705882353,,False,,False,,False,,False,,False,0.0,0.0,1.0,False,0.015384615384615385,0.9846153846153847,False,0.05,2.995732273553991
gitlab_strong_allocation_uniform_budget160_rep1_trial0_2026-07-02T06-33-24Z,uniform,1,160,True,True,35,task_m15,gitlab_super_operator,1.0,25,0.7142857142857143,3014.9000000000005,1.3390540499999999,1,1.0,1.0,0.02857142857142857,,False,,False,,False,,False,,False,0.0,0.0,1.0,False,0.015384615384615385,0.9846153846153847,False,0.05,2.995732273553991
gitlab_strong_allocation_uniform_budget160_rep1_trial0_2026-07-02T06-33-24Z,uniform,1,160,True,True,36,task_m16,gitlab_oracle_operator,1.0,26,0.7222222222222222,3033.2000000000007,1.35790635,2,2.0,1.0,0.05555555555555555,,False,,False,,False,,False,,False,0.4054651081081644,0.09166718852582387,1.096,False,0.015384615384615385,0.9846153846153847,False,0.05,2.995732273553991
gitlab_strong_allocation_uniform_budget160_rep1_trial0_2026-07-02T06-33-24Z,uniform,1,160,True,True,37,task_m17,baseline,1.0,27,0.7297297297297297,3056.000000000001,1.3803241499999999,2,2.0,1.0,0.05405405405405406,baseline,False,baseline,False,,False,,False,,False,0.4054651081081644,0.09166718852582387,1.096,False,0.015384615384615385,0.9846153846153847,False,0.05,2.995732273553991
gitlab_strong_allocation_uniform_budget160_rep1_trial0_2026-07-02T06-33-24Z,uniform,1,160,True,True,38,task_m18,planner,1.0,28,0.7368421052631579,3214.800000000001,1.42601805,2,2.0,1.0,0.05263157894736842,planner,False,,False,planner,False,planner,False,,False,0.4054651081081644,0.09166718852582387,1.096,False,0.015384615384615385,0.9846153846153847,False,0.05,2.995732273553991
gitlab_strong_allocation_uniform_budget160_rep1_trial0_2026-07-02T06-33-24Z,uniform,1,160,True,True,39,task_m19,cautious,0.0,28,0.717948717948718,3261.1000000000013,1.45413075,2,2.0,1.0,0.05128205128205128,planner,False,,False,planner,False,planner,False,,False,0.4054651081081644,0.09166718852582387,1.096,False,0.015384615384615385,0.9846153846153847,False,0.05,2.995732273553991
gitlab_strong_allocation_uniform_budget160_rep1_trial0_2026-07-02T06-33-24Z,uniform,1,160,True,True,40,task_m20,explorer,1.0,29,0.725,3281.700000000001,1.4736393,2,2.0,1.0,0.05,planner,False,,False,planner,False,planner,False,,False,0.4054651081081644,0.09166718852582387,1.096,False,0.015384615384615385,0.9846153846153847,False,0.05,2.995732273553991
gitlab_strong_allocation_uniform_budget160_rep1_trial0_2026-07-02T06-33-24Z,uniform,1,160,True,True,41,task_h1,balanced,0.0,29,0.7073170731707317,3461.700000000001,1.51653915,2,2.0,1.0,0.04878048780487805,planner,False,,False,planner,False,planner,False,,False,0.4054651081081644,0.09166718852582387,1.096,False,0.015384615384615385,0.9846153846153847,False,0.05,2.995732273553991
gitlab_strong_allocation_uniform_budget160_rep1_trial0_2026-07-02T06-33-24Z,uniform,1,160,True,True,42,task_h2,overthinker,0.0,29,0.6904761904761905,3527.400000000001,1.5268722000000001,2,2.0,1.0,0.047619047619047616,planner,False,,False,planner,False,planner,False,,False,0.4054651081081644,0.09166718852582387,1.096,False,0.015384615384615385,0.9846153846153847,False,0.05,2.995732273553991
gitlab_strong_allocation_uniform_budget160_rep1_trial0_2026-07-02T06-33-24Z,uniform,1,160,True,True,43,task_h3,rapid,0.0,29,0.6744186046511628,3707.400000000001,1.57127565,2,2.0,1.0,0.046511627906976744,planner,False,,False,planner,False,planner,False,,False,0.4054651081081644,0.09166718852582387,1.096,False,0.015384615384615385,0.9846153846153847,False,0.05,2.995732273553991
gitlab_strong_allocation_uniform_budget160_rep1_trial0_2026-07-02T06-33-24Z,uniform,1,160,True,True,44,task_h4,verifier,0.0,29,0.6590909090909091,3887.400000000001,1.6104603,2,2.0,1.0,0.045454545454545456,planner,False,,False,planner,False,planner,False,,False,0.4054651081081644,0.09166718852582387,1.096,False,0.015384615384615385,0.9846153846153847,False,0.05,2.995732273553991
gitlab_strong_allocation_uniform_budget160_rep1_trial0_2026-07-02T06-33-24Z,uniform,1,160,True,True,45,task_h5,exploratory,0.0,29,0.6444444444444445,3943.500000000001,1.62041985,2,2.0,1.0,0.044444444444444446,planner,False,,False,planner,False,planner,False,,False,0.4054651081081644,0.09166718852582387,1.096,False,0.015384615384615385,0.9846153846153847,False,0.05,2.995732273553991
gitlab_strong_allocation_uniform_budget160_rep1_trial0_2026-07-02T06-33-24Z,uniform,1,160,True,True,46,task_h6,algorithmic,0.0,29,0.6304347826086957,4006.400000000001,1.63047315,2,2.0,1.0,0.043478260869565216,planner,False,,False,planner,False,planner,False,,False,0.4054651081081644,0.09166718852582387,1.096,False,0.015384615384615385,0.9846153846153847,False,0.05,2.995732273553991
gitlab_strong_allocation_uniform_budget160_rep1_trial0_2026-07-02T06-33-24Z,uniform,1,160,True,True,47,task_h7,junior_reactive,1.0,30,0.6382978723404256,4034.800000000001,1.6545564000000001,2,2.0,1.0,0.0425531914893617,,False,,False,,False,,False,,False,0.4054651081081644,0.09166718852582387,1.096,False,0.015384615384615385,0.9846153846153847,False,0.05,2.995732273553991
gitlab_strong_allocation_uniform_budget160_rep1_trial0_2026-07-02T06-33-24Z,uniform,1,160,True,True,48,task_h8,domain_expert,1.0,31,0.6458333333333334,4103.600000000001,1.6885831500000001,2,2.0,1.0,0.041666666666666664,,False,,False,,False,,False,,False,0.4054651081081644,0.09166718852582387,1.096,False,0.015384615384615385,0.9846153846153847,False,0.05,2.995732273553991
gitlab_strong_allocation_uniform_budget160_rep1_trial0_2026-07-02T06-33-24Z,uniform,1,160,True,True,49,task_h9,gitlab_domain_expert,0.0,31,0.6326530612244898,4170.9000000000015,1.7028384,2,2.0,1.0,0.04081632653061224,,False,,False,,False,,False,,False,0.4054651081081644,0.09166718852582387,1.096,False,0.015384615384615385,0.9846153846153847,False,0.05,2.995732273553991
gitlab_strong_allocation_uniform_budget160_rep1_trial0_2026-07-02T06-33-24Z,uniform,1,160,True,True,50,task_h10,gitlab_rapid_executor,0.0,31,0.62,4248.000000000002,1.7418760500000001,2,2.0,1.0,0.04,,False,,False,,False,,False,,False,0.4054651081081644,0.09166718852582387,1.096,False,0.015384615384615385,0.9846153846153847,False,0.05,2.995732273553991
gitlab_strong_allocation_uniform_budget160_rep1_trial0_2026-07-02T06-33-24Z,uniform,1,160,True,True,51,task_h11,gitlab_auditor,0.0,31,0.6078431372549019,4300.100000000002,1.7533288500000002,2,2.0,1.0,0.0392156862745098,,False,,False,,False,,False,,False,0.4054651081081644,0.09166718852582387,1.096,False,0.015384615384615385,0.9846153846153847,False,0.05,2.995732273553991
gitlab_strong_allocation_uniform_budget160_rep1_trial0_2026-07-02T06-33-24Z,uniform,1,160,True,True,52,task_h12,gitlab_planner,0.0,31,0.5961538461538461,4480.100000000002,1.8022564500000002,2,2.0,1.0,0.038461538461538464,,False,,False,,False,,False,,False,0.4054651081081644,0.09166718852582387,1.096,False,0.015384615384615385,0.9846153846153847,False,0.05,2.995732273553991
gitlab_strong_allocation_uniform_budget160_rep1_trial0_2026-07-02T06-33-24Z,uniform,1,160,True,True,53,task_h13,gitlab_super_operator,0.0,31,0.5849056603773585,4660.100000000002,1.8497494500000002,2,2.0,1.0,0.03773584905660377,,False,,False,,False,,False,,False,0.4054651081081644,0.09166718852582387,1.096,False,0.015384615384615385,0.9846153846153847,False,0.05,2.995732273553991
gitlab_strong_allocation_uniform_budget160_rep1_trial0_2026-07-02T06-33-24Z,uniform,1,160,True,True,54,task_h14,gitlab_oracle_operator,1.0,32,0.5925925925925926,4707.000000000002,1.8784845000000003,3,3.0,1.0,0.05555555555555555,,False,,False,,False,,False,,False,0.8109302162163288,0.28582320296678143,1.3308571428571432,False,0.06153846153846154,0.9846153846153847,False,0.05,2.995732273553991
gitlab_strong_allocation_uniform_budget160_rep1_trial0_2026-07-02T06-33-24Z,uniform,1,160,True,True,55,task_h15,baseline,1.0,33,0.6,4805.700000000002,1.9302984000000003,3,3.0,1.0,0.05454545454545454,,False,baseline,False,,False,,False,,False,0.8109302162163288,0.28582320296678143,1.3308571428571432,False,0.06153846153846154,0.9846153846153847,False,0.05,2.995732273553991
gitlab_strong_allocation_uniform_budget160_rep1_trial0_2026-07-02T06-33-24Z,uniform,1,160,True,True,56,task_h16,planner,0.0,33,0.5892857142857143,4985.700000000002,1.9641121500000003,3,3.0,1.0,0.05357142857142857,,False,,False,,False,,False,,False,0.8109302162163288,0.28582320296678143,1.3308571428571432,False,0.06153846153846154,0.9846153846153847,False,0.05,2.995732273553991
gitlab_strong_allocation_uniform_budget160_rep1_trial0_2026-07-02T06-33-24Z,uniform,1,160,True,True,57,task_h17,cautious,0.0,33,0.5789473684210527,5042.800000000002,1.9742307000000003,3,3.0,1.0,0.05263157894736842,,False,,False,,False,,False,,False,0.8109302162163288,0.28582320296678143,1.3308571428571432,False,0.06153846153846154,0.9846153846153847,False,0.05,2.995732273553991
gitlab_strong_allocation_uniform_budget160_rep1_trial0_2026-07-02T06-33-24Z,uniform,1,160,True,True,58,task_h18,explorer,0.0,33,0.5689655172413793,5194.700000000002,1.9915266000000003,3,3.0,1.0,0.05172413793103448,,False,,False,,False,,False,,False,0.8109302162163288,0.28582320296678143,1.3308571428571432,False,0.06153846153846154,0.9846153846153847,False,0.05,2.995732273553991
gitlab_strong_allocation_uniform_budget160_rep1_trial0_2026-07-02T06-33-24Z,uniform,1,160,True,True,59,task_h19,balanced,0.0,33,0.559322033898305,5374.700000000002,2.0254488000000004,3,3.0,1.0,0.05084745762711865,,False,,False,,False,,False,,False,0.8109302162163288,0.28582320296678143,1.3308571428571432,False,0.06153846153846154,0.9846153846153847,False,0.05,2.995732273553991
gitlab_strong_allocation_uniform_budget160_rep1_trial0_2026-07-02T06-33-24Z,uniform,1,160,True,True,60,task_h20,overthinker,0.0,33,0.55,5554.700000000002,2.0569711500000003,3,3.0,1.0,0.05,,False,,False,,False,,False,,False,0.8109302162163288,0.28582320296678143,1.3308571428571432,False,0.06153846153846154,0.9846153846153847,False,0.05,2.995732273553991
gitlab_strong_allocation_uniform_budget160_rep1_trial0_2026-07-02T06-33-24Z,uniform,1,160,True,True,61,task_h21,rapid,1.0,34,0.5573770491803278,5591.600000000001,2.0964943500000004,3,3.0,1.0,0.04918032786885246,,False,,False,,False,,False,,False,0.8109302162163288,0.28582320296678143,1.3308571428571432,False,0.06153846153846154,0.9846153846153847,False,0.05,2.995732273553991
gitlab_strong_allocation_uniform_budget160_rep1_trial0_2026-07-02T06-33-24Z,uniform,1,160,True,True,62,task_h22,verifier,0.0,34,0.5483870967741935,5627.700000000002,2.1228664500000005,3,3.0,1.0,0.04838709677419355,,False,,False,,False,,False,,False,0.8109302162163288,0.28582320296678143,1.3308571428571432,False,0.06153846153846154,0.9846153846153847,False,0.05,2.995732273553991
gitlab_strong_allocation_uniform_budget160_rep1_trial0_2026-07-02T06-33-24Z,uniform,1,160,True,True,63,task_h23,exploratory,1.0,35,0.5555555555555556,5688.9000000000015,2.1547737000000007,3,3.0,1.0,0.047619047619047616,,False,,False,,False,,False,,False,0.8109302162163288,0.28582320296678143,1.3308571428571432,False,0.06153846153846154,0.9846153846153847,False,0.05,2.995732273553991
gitlab_strong_allocation_uniform_budget160_rep1_trial0_2026-07-02T06-33-24Z,uniform,1,160,True,True,64,task_h24,algorithmic,0.0,35,0.546875,5868.9000000000015,2.1849490500000006,3,3.0,1.0,0.046875,,False,,False,,False,,False,,False,0.8109302162163288,0.28582320296678143,1.3308571428571432,False,0.06153846153846154,0.9846153846153847,False,0.05,2.995732273553991
gitlab_strong_allocation_uniform_budget160_rep1_trial0_2026-07-02T06-33-24Z,uniform,1,160,True,True,65,task_h25,junior_reactive,0.0,35,0.5384615384615384,6003.200000000002,2.2290000000000005,3,3.0,1.0,0.046153846153846156,,False,,False,,False,,False,,False,0.8109302162163288,0.28582320296678143,1.3308571428571432,False,0.06153846153846154,0.9846153846153847,False,0.05,2.995732273553991
gitlab_strong_allocation_uniform_budget160_rep1_trial0_2026-07-02T06-33-24Z,uniform,1,160,True,True,66,task_h26,domain_expert,0.0,35,0.5303030303030303,6183.200000000002,2.2585701000000005,3,3.0,1.0,0.045454545454545456,gitlab_oracle_operator,True,,False,gitlab_oracle_operator,True,gitlab_oracle_operator,True,,False,0.8109302162163288,0.28582320296678143,1.3308571428571432,False,0.06153846153846154,0.9846153846153847,False,0.05,2.995732273553991
gitlab_strong_allocation_uniform_budget160_rep1_trial0_2026-07-02T06-33-24Z,uniform,1,160,True,True,67,task_h27,gitlab_domain_expert,1.0,36,0.5373134328358209,6239.300000000002,2.2800373500000006,3,3.0,1.0,0.04477611940298507,gitlab_oracle_operator,True,,False,gitlab_oracle_operator,True,gitlab_oracle_operator,True,,False,0.8109302162163288,0.28582320296678143,1.3308571428571432,False,0.06153846153846154,0.9846153846153847,False,0.05,2.995732273553991
gitlab_strong_allocation_uniform_budget160_rep1_trial0_2026-07-02T06-33-24Z,uniform,1,160,True,True,68,task_h28,gitlab_rapid_executor,0.0,36,0.5294117647058824,6339.000000000002,2.3066860500000006,3,3.0,1.0,0.04411764705882353,gitlab_oracle_operator,True,,False,gitlab_oracle_operator,True,gitlab_oracle_operator,True,,False,0.8109302162163288,0.28582320296678143,1.3308571428571432,False,0.06153846153846154,0.9846153846153847,False,0.05,2.995732273553991
gitlab_strong_allocation_uniform_budget160_rep1_trial0_2026-07-02T06-33-24Z,uniform,1,160,True,True,69,task_h29,gitlab_auditor,0.0,36,0.5217391304347826,6422.800000000002,2.3182543500000006,3,3.0,1.0,0.043478260869565216,gitlab_oracle_operator,True,,False,gitlab_oracle_operator,True,gitlab_oracle_operator,True,,False,0.8109302162163288,0.28582320296678143,1.3308571428571432,False,0.06153846153846154,0.9846153846153847,False,0.05,2.995732273553991
gitlab_strong_allocation_uniform_budget160_rep1_trial0_2026-07-02T06-33-24Z,uniform,1,160,True,True,70,task_h30,gitlab_planner,0.0,36,0.5142857142857142,6602.800000000002,2.3408872500000006,3,3.0,1.0,0.04285714285714286,gitlab_oracle_operator,True,,False,gitlab_oracle_operator,True,gitlab_oracle_operator,True,,False,0.8109302162163288,0.28582320296678143,1.3308571428571432,False,0.06153846153846154,0.9846153846153847,False,0.05,2.995732273553991
gitlab_strong_allocation_uniform_budget160_rep1_trial0_2026-07-02T06-33-24Z,uniform,1,160,True,True,71,task_h31,gitlab_super_operator,0.0,36,0.5070422535211268,6782.800000000002,2.4426712500000005,3,3.0,1.0,0.04225352112676056,gitlab_oracle_operator,True,,False,gitlab_oracle_operator,True,gitlab_oracle_operator,True,,False,0.8109302162163288,0.28582320296678143,1.3308571428571432,False,0.06153846153846154,0.9846153846153847,False,0.05,2.995732273553991
gitlab_strong_allocation_uniform_budget160_rep1_trial0_2026-07-02T06-33-24Z,uniform,1,160,True,True,72,task_h32,gitlab_oracle_operator,1.0,37,0.5138888888888888,6834.600000000002,2.5069810500000007,4,4.0,1.0,0.05555555555555555,gitlab_oracle_operator,True,,False,gitlab_oracle_operator,True,gitlab_oracle_operator,True,,False,1.2163953243244932,0.47997921740773897,1.616040816326531,False,0.18461538461538463,0.9846153846153847,False,0.05,2.995732273553991
gitlab_strong_allocation_uniform_budget160_rep1_trial0_2026-07-02T06-33-24Z,uniform,1,160,True,True,73,task_h33,baseline,1.0,38,0.5205479452054794,6936.000000000002,2.5772406000000005,4,4.0,1.0,0.0547945205479452,gitlab_oracle_operator,True,baseline,False,gitlab_oracle_operator,True,gitlab_oracle_operator,True,,False,1.2163953243244932,0.47997921740773897,1.616040816326531,False,0.18461538461538463,0.9846153846153847,False,0.05,2.995732273553991
gitlab_strong_allocation_uniform_budget160_rep1_trial0_2026-07-02T06-33-24Z,uniform,1,160,True,True,74,task_h34,planner,0.0,38,0.5135135135135135,7116.000000000002,2.6230044000000006,4,4.0,1.0,0.05405405405405406,gitlab_oracle_operator,True,,False,gitlab_oracle_operator,True,gitlab_oracle_operator,True,,False,1.2163953243244932,0.47997921740773897,1.616040816326531,False,0.18461538461538463,0.9846153846153847,False,0.05,2.995732273553991
gitlab_strong_allocation_uniform_budget160_rep1_trial0_2026-07-02T06-33-24Z,uniform,1,160,True,True,75,task_h35,cautious,1.0,39,0.52,7189.200000000002,2.6798623500000005,4,4.0,1.0,0.05333333333333334,gitlab_oracle_operator,True,,False,gitlab_oracle_operator,True,gitlab_oracle_operator,True,,False,1.2163953243244932,0.47997921740773897,1.616040816326531,False,0.18461538461538463,0.9846153846153847,False,0.05,2.995732273553991
gitlab_strong_allocation_uniform_budget160_rep1_trial0_2026-07-02T06-33-24Z,uniform,1,160,True,True,76,task_h36,explorer,0.0,39,0.5131578947368421,7369.200000000002,2.7156508500000003,4,4.0,1.0,0.05263157894736842,gitlab_oracle_operator,True,,False,gitlab_oracle_operator,True,gitlab_oracle_operator,True,,False,1.2163953243244932,0.47997921740773897,1.616040816326531,False,0.18461538461538463,0.9846153846153847,False,0.05,2.995732273553991
gitlab_strong_allocation_uniform_budget160_rep1_trial0_2026-07-02T06-33-24Z,uniform,1,160,True,True,77,task_h37,balanced,0.0,39,0.5064935064935064,7549.200000000002,2.7432768000000003,4,4.0,1.0,0.05194805194805195,gitlab_oracle_operator,True,,False,gitlab_oracle_operator,True,gitlab_oracle_operator,True,,False,1.2163953243244932,0.47997921740773897,1.616040816326531,False,0.18461538461538463,0.9846153846153847,False,0.05,2.995732273553991
gitlab_strong_allocation_uniform_budget160_rep1_trial0_2026-07-02T06-33-24Z,uniform,1,160,True,True,78,task_h38,overthinker,0.0,39,0.5,7622.800000000002,2.7562510500000004,4,4.0,1.0,0.05128205128205128,gitlab_oracle_operator,True,,False,gitlab_oracle_operator,True,gitlab_oracle_operator,True,,False,1.2163953243244932,0.47997921740773897,1.616040816326531,False,0.18461538461538463,0.9846153846153847,False,0.05,2.995732273553991
gitlab_strong_allocation_uniform_budget160_rep1_trial0_2026-07-02T06-33-24Z,uniform,1,160,True,True,79,task_h39,rapid,1.0,40,0.5063291139240507,7691.200000000002,2.7788424000000003,4,4.0,1.0,0.05063291139240506,gitlab_oracle_operator,True,,False,gitlab_oracle_operator,True,gitlab_oracle_operator,True,,False,1.2163953243244932,0.47997921740773897,1.616040816326531,False,0.18461538461538463,0.9846153846153847,False,0.05,2.995732273553991
gitlab_strong_allocation_uniform_budget160_rep1_trial0_2026-07-02T06-33-24Z,uniform,1,160,True,True,80,task_h40,verifier,0.0,40,0.5,7871.200000000002,2.8226560500000004,4,4.0,1.0,0.05,gitlab_oracle_operator,True,,False,gitlab_oracle_operator,True,gitlab_oracle_operator,True,,False,1.2163953243244932,0.47997921740773897,1.616040816326531,False,0.18461538461538463,0.9846153846153847,False,0.05,2.995732273553991
gitlab_strong_allocation_uniform_budget160_rep1_trial0_2026-07-02T06-33-24Z,uniform,1,160,True,True,81,task_h41,exploratory,0.0,40,0.49382716049382713,7946.500000000002,2.8339161000000006,4,4.0,1.0,0.04938271604938271,gitlab_oracle_operator,True,,False,gitlab_oracle_operator,True,gitlab_oracle_operator,True,,False,1.2163953243244932,0.47997921740773897,1.616040816326531,False,0.18461538461538463,0.9846153846153847,False,0.05,2.995732273553991
gitlab_strong_allocation_uniform_budget160_rep1_trial0_2026-07-02T06-33-24Z,uniform,1,160,True,True,82,task_h42,algorithmic,0.0,40,0.4878048780487805,8126.500000000002,2.8510483500000006,4,4.0,1.0,0.04878048780487805,gitlab_oracle_operator,True,,False,gitlab_oracle_operator,True,gitlab_oracle_operator,True,,False,1.2163953243244932,0.47997921740773897,1.616040816326531,False,0.18461538461538463,0.9846153846153847,False,0.05,2.995732273553991
gitlab_strong_allocation_uniform_budget160_rep1_trial0_2026-07-02T06-33-24Z,uniform,1,160,True,True,83,task_h43,junior_reactive,0.0,40,0.4819277108433735,8176.000000000002,2.8760974500000005,4,4.0,1.0,0.04819277108433735,gitlab_oracle_operator,True,,False,gitlab_oracle_operator,True,gitlab_oracle_operator,True,,False,1.2163953243244932,0.47997921740773897,1.616040816326531,False,0.18461538461538463,0.9846153846153847,False,0.05,2.995732273553991
gitlab_strong_allocation_uniform_budget160_rep1_trial0_2026-07-02T06-33-24Z,uniform,1,160,True,True,84,task_h44,domain_expert,0.0,40,0.47619047619047616,8231.300000000001,2.8863735000000004,4,4.0,1.0,0.047619047619047616,gitlab_oracle_operator,True,,False,gitlab_oracle_operator,True,gitlab_oracle_operator,True,,False,1.2163953243244932,0.47997921740773897,1.616040816326531,False,0.18461538461538463,0.9846153846153847,False,0.05,2.995732273553991
gitlab_strong_allocation_uniform_budget160_rep1_trial0_2026-07-02T06-33-24Z,uniform,1,160,True,True,85,task_h45,gitlab_domain_expert,0.0,40,0.47058823529411764,8275.500000000002,2.9128086000000004,4,4.0,1.0,0.047058823529411764,gitlab_oracle_operator,True,,False,gitlab_oracle_operator,True,gitlab_oracle_operator,True,,False,1.2163953243244932,0.47997921740773897,1.616040816326531,False,0.18461538461538463,0.9846153846153847,False,0.05,2.995732273553991
gitlab_strong_allocation_uniform_budget160_rep1_trial0_2026-07-02T06-33-24Z,uniform,1,160,True,True,86,task_h46,gitlab_rapid_executor,0.0,40,0.46511627906976744,8455.500000000002,2.9849280000000005,4,4.0,1.0,0.046511627906976744,gitlab_oracle_operator,True,,False,gitlab_oracle_operator,True,gitlab_oracle_operator,True,,False,1.2163953243244932,0.47997921740773897,1.616040816326531,False,0.18461538461538463,0.9846153846153847,False,0.05,2.995732273553991
gitlab_strong_allocation_uniform_budget160_rep1_trial0_2026-07-02T06-33-24Z,uniform,1,160,True,True,87,task_h47,gitlab_auditor,0.0,40,0.45977011494252873,8629.000000000002,3.0176121000000005,4,4.0,1.0,0.04597701149425287,gitlab_oracle_operator,True,,False,gitlab_oracle_operator,True,gitlab_oracle_operator,True,,False,1.2163953243244932,0.47997921740773897,1.616040816326531,False,0.18461538461538463,0.9846153846153847,False,0.05,2.995732273553991
gitlab_strong_allocation_uniform_budget160_rep1_trial0_2026-07-02T06-33-24Z,uniform,1,160,True,True,88,task_h48,gitlab_planner,0.0,40,0.45454545454545453,8809.000000000002,3.0390616500000003,4,4.0,1.0,0.045454545454545456,gitlab_oracle_operator,True,,False,gitlab_oracle_operator,True,gitlab_oracle_operator,True,,False,1.2163953243244932,0.47997921740773897,1.616040816326531,False,0.18461538461538463,0.9846153846153847,False,0.05,2.995732273553991
gitlab_strong_allocation_uniform_budget160_rep1_trial0_2026-07-02T06-33-24Z,uniform,1,160,True,True,89,task_h49,gitlab_super_operator,0.0,40,0.449438202247191,8956.700000000003,3.0958540500000002,4,4.0,1.0,0.0449438202247191,gitlab_oracle_operator,True,,False,gitlab_oracle_operator,True,gitlab_oracle_operator,True,,False,1.2163953243244932,0.47997921740773897,1.616040816326531,False,0.18461538461538463,0.9846153846153847,False,0.05,2.995732273553991
gitlab_strong_allocation_uniform_budget160_rep1_trial0_2026-07-02T06-33-24Z,uniform,1,160,True,True,90,task_h50,gitlab_oracle_operator,0.0,40,0.4444444444444444,9136.700000000003,3.1339767000000003,5,4.0,0.8,0.05555555555555555,,False,,False,gitlab_oracle_operator,True,,False,,False,0.5232481437645479,-0.21316796315220632,0.8080204081632655,False,0.13846153846153847,0.9846153846153847,False,0.05,2.995732273553991
gitlab_strong_allocation_uniform_budget160_rep1_trial0_2026-07-02T06-33-24Z,uniform,1,160,True,True,91,task_h51,baseline,0.0,40,0.43956043956043955,9316.700000000003,3.1862055000000002,5,4.0,0.8,0.054945054945054944,gitlab_oracle_operator,True,baseline,False,gitlab_oracle_operator,True,,False,,False,0.5232481437645479,-0.21316796315220632,0.8080204081632655,False,0.13846153846153847,0.9846153846153847,False,0.05,2.995732273553991
gitlab_strong_allocation_uniform_budget160_rep1_trial0_2026-07-02T06-33-24Z,uniform,1,160,True,True,92,task_h52,planner,0.0,40,0.43478260869565216,9397.700000000003,3.1982238,5,4.0,0.8,0.05434782608695652,gitlab_oracle_operator,True,,False,gitlab_oracle_operator,True,,False,,False,0.5232481437645479,-0.21316796315220632,0.8080204081632655,False,0.13846153846153847,0.9846153846153847,False,0.05,2.995732273553991
gitlab_strong_allocation_uniform_budget160_rep1_trial0_2026-07-02T06-33-24Z,uniform,1,160,True,True,93,task_h53,cautious,0.0,40,0.43010752688172044,9550.100000000002,3.24357405,5,4.0,0.8,0.053763440860215055,gitlab_oracle_operator,True,,False,gitlab_oracle_operator,True,,False,,False,0.5232481437645479,-0.21316796315220632,0.8080204081632655,False,0.13846153846153847,0.9846153846153847,False,0.05,2.995732273553991
gitlab_strong_allocation_uniform_budget160_rep1_trial0_2026-07-02T06-33-24Z,uniform,1,160,True,True,94,task_h54,explorer,0.0,40,0.425531914893617,9730.100000000002,3.2743062,5,4.0,0.8,0.05319148936170213,gitlab_oracle_operator,True,,False,gitlab_oracle_operator,True,,False,,False,0.5232481437645479,-0.21316796315220632,0.8080204081632655,False,0.13846153846153847,0.9846153846153847,False,0.05,2.995732273553991
gitlab_strong_allocation_uniform_budget160_rep1_trial0_2026-07-02T06-33-24Z,uniform,1,160,True,True,95,task_h55,balanced,0.0,40,0.42105263157894735,9910.100000000002,3.3125944499999997,5,4.0,0.8,0.05263157894736842,gitlab_oracle_operator,True,,False,gitlab_oracle_operator,True,,False,,False,0.5232481437645479,-0.21316796315220632,0.8080204081632655,False,0.13846153846153847,0.9846153846153847,False,0.05,2.995732273553991
gitlab_strong_allocation_uniform_budget160_rep1_trial0_2026-07-02T06-33-24Z,uniform,1,160,True,True,96,task_h56,overthinker,0.0,40,0.4166666666666667,10090.100000000002,3.3464229,5,4.0,0.8,0.052083333333333336,gitlab_oracle_operator,True,,False,gitlab_oracle_operator,True,,False,,False,0.5232481437645479,-0.21316796315220632,0.8080204081632655,False,0.13846153846153847,0.9846153846153847,False,0.05,2.995732273553991
gitlab_strong_allocation_uniform_budget160_rep1_trial0_2026-07-02T06-33-24Z,uniform,1,160,True,True,97,task_h57,rapid,0.0,40,0.41237113402061853,10170.000000000002,3.35694495,5,4.0,0.8,0.05154639175257732,gitlab_oracle_operator,True,,False,gitlab_oracle_operator,True,,False,,False,0.5232481437645479,-0.21316796315220632,0.8080204081632655,False,0.13846153846153847,0.9846153846153847,False,0.05,2.995732273553991
gitlab_strong_allocation_uniform_budget160_rep1_trial0_2026-07-02T06-33-24Z,uniform,1,160,True,True,98,task_h58,verifier,0.0,40,0.40816326530612246,10350.000000000002,3.3776584499999998,5,4.0,0.8,0.05102040816326531,gitlab_oracle_operator,True,,False,gitlab_oracle_operator,True,,False,,False,0.5232481437645479,-0.21316796315220632,0.8080204081632655,False,0.13846153846153847,0.9846153846153847,False,0.05,2.995732273553991
gitlab_strong_allocation_uniform_budget160_rep1_trial0_2026-07-02T06-33-24Z,uniform,1,160,True,True,99,task_h59,exploratory,0.0,40,0.40404040404040403,10427.000000000002,3.3883409999999996,5,4.0,0.8,0.050505050505050504,gitlab_oracle_operator,True,,False,gitlab_oracle_operator,True,,False,,False,0.5232481437645479,-0.21316796315220632,0.8080204081632655,False,0.13846153846153847,0.9846153846153847,False,0.05,2.995732273553991
gitlab_strong_allocation_uniform_budget160_rep1_trial0_2026-07-02T06-33-24Z,uniform,1,160,True,True,100,task_h60,algorithmic,0.0,40,0.4,10607.000000000002,3.4252357499999997,5,4.0,0.8,0.05,gitlab_oracle_operator,True,,False,gitlab_oracle_operator,True,,False,,False,0.5232481437645479,-0.21316796315220632,0.8080204081632655,False,0.13846153846153847,0.9846153846153847,False,0.05,2.995732273553991
gitlab_strong_allocation_uniform_budget160_rep1_trial0_2026-07-02T06-33-24Z,uniform,1,160,True,True,101,task_h61,junior_reactive,0.0,40,0.39603960396039606,10715.100000000002,3.4402826999999996,5,4.0,0.8,0.04950495049504951,gitlab_oracle_operator,True,,False,gitlab_oracle_operator,True,,False,,False,0.5232481437645479,-0.21316796315220632,0.8080204081632655,False,0.13846153846153847,0.9846153846153847,False,0.05,2.995732273553991
gitlab_strong_allocation_uniform_budget160_rep1_trial0_2026-07-02T06-33-24Z,uniform,1,160,True,True,102,task_h62,domain_expert,0.0,40,0.39215686274509803,10800.200000000003,3.4513207499999994,5,4.0,0.8,0.049019607843137254,gitlab_oracle_operator,True,,False,gitlab_oracle_operator,True,,False,,False,0.5232481437645479,-0.21316796315220632,0.8080204081632655,False,0.13846153846153847,0.9846153846153847,False,0.05,2.995732273553991
gitlab_strong_allocation_uniform_budget160_rep1_trial0_2026-07-02T06-33-24Z,uniform,1,160,True,True,103,task_h63,gitlab_domain_expert,0.0,40,0.3883495145631068,10872.800000000003,3.466982099999999,5,4.0,0.8,0.04854368932038835,gitlab_oracle_operator,True,,False,gitlab_oracle_operator,True,,False,,False,0.5232481437645479,-0.21316796315220632,0.8080204081632655,False,0.13846153846153847,0.9846153846153847,False,0.05,2.995732273553991
gitlab_strong_allocation_uniform_budget160_rep1_trial0_2026-07-02T06-33-24Z,uniform,1,160,True,True,104,task_h64,gitlab_rapid_executor,0.0,40,0.38461538461538464,11052.800000000003,3.514868999999999,5,4.0,0.8,0.04807692307692308,gitlab_oracle_operator,True,,False,gitlab_oracle_operator,True,,False,,False,0.5232481437645479,-0.21316796315220632,0.8080204081632655,False,0.13846153846153847,0.9846153846153847,False,0.05,2.995732273553991
gitlab_strong_allocation_uniform_budget160_rep1_trial0_2026-07-02T06-33-24Z,uniform,1,160,True,True,105,task_h65,gitlab_auditor,0.0,40,0.38095238095238093,11127.100000000002,3.525983549999999,5,4.0,0.8,0.047619047619047616,gitlab_oracle_operator,True,,False,gitlab_oracle_operator,True,,False,,False,0.5232481437645479,-0.21316796315220632,0.8080204081632655,False,0.13846153846153847,0.9846153846153847,False,0.05,2.995732273553991
gitlab_strong_allocation_uniform_budget160_rep1_trial0_2026-07-02T06-33-24Z,uniform,1,160,True,True,106,task_h66,gitlab_planner,0.0,40,0.37735849056603776,11222.100000000002,3.540405299999999,5,4.0,0.8,0.04716981132075472,gitlab_oracle_operator,True,,False,gitlab_oracle_operator,True,,False,,False,0.5232481437645479,-0.21316796315220632,0.8080204081632655,False,0.13846153846153847,0.9846153846153847,False,0.05,2.995732273553991
gitlab_strong_allocation_uniform_budget160_rep1_trial0_2026-07-02T06-33-24Z,uniform,1,160,True,True,107,task_h67,gitlab_super_operator,0.0,40,0.37383177570093457,11402.100000000002,3.6118124999999988,5,4.0,0.8,0.04672897196261682,gitlab_oracle_operator,True,,False,gitlab_oracle_operator,True,,False,,False,0.5232481437645479,-0.21316796315220632,0.8080204081632655,False,0.13846153846153847,0.9846153846153847,False,0.05,2.995732273553991
gitlab_strong_allocation_uniform_budget160_rep1_trial0_2026-07-02T06-33-24Z,uniform,1,160,True,True,108,task_h68,gitlab_oracle_operator,0.0,40,0.37037037037037035,11467.400000000001,3.622833899999999,6,4.0,0.6666666666666666,0.05555555555555555,,False,,False,,False,,False,,False,-0.16989903679539742,-0.4696032459556857,0.6252502896588361,False,0.1076923076923077,0.9846153846153847,False,0.05,2.995732273553991
gitlab_strong_allocation_uniform_budget160_rep1_trial0_2026-07-02T06-33-24Z,uniform,1,160,True,True,109,task_h69,baseline,0.0,40,0.3669724770642202,11647.400000000001,3.674486099999999,6,4.0,0.6666666666666666,0.05504587155963303,gitlab_oracle_operator,True,baseline,False,,False,,False,,False,-0.16989903679539742,-0.4696032459556857,0.6252502896588361,False,0.1076923076923077,0.9846153846153847,False,0.05,2.995732273553991
gitlab_strong_allocation_uniform_budget160_rep1_trial0_2026-07-02T06-33-24Z,uniform,1,160,True,True,110,task_h70,planner,0.0,40,0.36363636363636365,11827.400000000001,3.722878199999999,6,4.0,0.6666666666666666,0.05454545454545454,gitlab_oracle_operator,True,,False,,False,,False,,False,-0.16989903679539742,-0.4696032459556857,0.6252502896588361,False,0.1076923076923077,0.9846153846153847,False,0.05,2.995732273553991
gitlab_strong_allocation_uniform_budget160_rep1_trial0_2026-07-02T06-33-24Z,uniform,1,160,True,True,111,task_h71,cautious,0.0,40,0.36036036036036034,11902.800000000001,3.735751499999999,6,4.0,0.6666666666666666,0.05405405405405406,gitlab_oracle_operator,True,,False,,False,,False,,False,-0.16989903679539742,-0.4696032459556857,0.6252502896588361,False,0.1076923076923077,0.9846153846153847,False,0.05,2.995732273553991
gitlab_strong_allocation_uniform_budget160_rep1_trial0_2026-07-02T06-33-24Z,uniform,1,160,True,True,112,task_h72,explorer,0.0,40,0.35714285714285715,12082.800000000001,3.7749637499999986,6,4.0,0.6666666666666666,0.05357142857142857,gitlab_oracle_operator,True,,False,,False,,False,,False,-0.16989903679539742,-0.4696032459556857,0.6252502896588361,False,0.1076923076923077,0.9846153846153847,False,0.05,2.995732273553991
gitlab_strong_allocation_uniform_budget160_rep1_trial0_2026-07-02T06-33-24Z,uniform,1,160,True,True,113,task_h73,balanced,0.0,40,0.35398230088495575,12137.800000000001,3.7854610499999986,6,4.0,0.6666666666666666,0.05309734513274336,gitlab_oracle_operator,True,,False,,False,,False,,False,-0.16989903679539742,-0.4696032459556857,0.6252502896588361,False,0.1076923076923077,0.9846153846153847,False,0.05,2.995732273553991
gitlab_strong_allocation_uniform_budget160_rep1_trial0_2026-07-02T06-33-24Z,uniform,1,160,True,True,114,task_h74,overthinker,0.0,40,0.3508771929824561,12317.800000000001,3.8114159999999986,6,4.0,0.6666666666666666,0.05263157894736842,gitlab_oracle_operator,True,,False,,False,,False,,False,-0.16989903679539742,-0.4696032459556857,0.6252502896588361,False,0.1076923076923077,0.9846153846153847,False,0.05,2.995732273553991
gitlab_strong_allocation_uniform_budget160_rep1_trial0_2026-07-02T06-33-24Z,uniform,1,160,True,True,115,task_h75,rapid,0.0,40,0.34782608695652173,12497.800000000001,3.8513270999999984,6,4.0,0.6666666666666666,0.05217391304347826,gitlab_oracle_operator,True,,False,,False,,False,,False,-0.16989903679539742,-0.4696032459556857,0.6252502896588361,False,0.1076923076923077,0.9846153846153847,False,0.05,2.995732273553991
gitlab_strong_allocation_uniform_budget160_rep1_trial0_2026-07-02T06-33-24Z,uniform,1,160,True,True,116,task_h76,verifier,0.0,40,0.3448275862068966,12677.800000000001,3.8934572999999983,6,4.0,0.6666666666666666,0.05172413793103448,gitlab_oracle_operator,True,,False,,False,,False,,False,-0.16989903679539742,-0.4696032459556857,0.6252502896588361,False,0.1076923076923077,0.9846153846153847,False,0.05,2.995732273553991
gitlab_strong_allocation_uniform_budget160_rep1_trial0_2026-07-02T06-33-24Z,uniform,1,160,True,True,117,task_h77,exploratory,0.0,40,0.3418803418803419,12738.500000000002,3.9036418499999983,6,4.0,0.6666666666666666,0.05128205128205128,gitlab_oracle_operator,True,,False,,False,,False,,False,-0.16989903679539742,-0.4696032459556857,0.6252502896588361,False,0.1076923076923077,0.9846153846153847,False,0.05,2.995732273553991
gitlab_strong_allocation_uniform_budget160_rep1_trial0_2026-07-02T06-33-24Z,uniform,1,160,True,True,118,task_h78,algorithmic,0.0,40,0.3389830508474576,12909.400000000001,3.9487963499999985,6,4.0,0.6666666666666666,0.05084745762711865,gitlab_oracle_operator,True,,False,,False,,False,,False,-0.16989903679539742,-0.4696032459556857,0.6252502896588361,False,0.1076923076923077,0.9846153846153847,False,0.05,2.995732273553991
gitlab_strong_allocation_uniform_budget160_rep1_trial0_2026-07-02T06-33-24Z,uniform,1,160,True,True,119,task_h79,junior_reactive,0.0,40,0.33613445378151263,13005.500000000002,3.9631922999999984,6,4.0,0.6666666666666666,0.05042016806722689,gitlab_oracle_operator,True,,False,,False,,False,,False,-0.16989903679539742,-0.4696032459556857,0.6252502896588361,False,0.1076923076923077,0.9846153846153847,False,0.05,2.995732273553991
gitlab_strong_allocation_uniform_budget160_rep1_trial0_2026-07-02T06-33-24Z,uniform,1,160,True,True,120,task_h80,domain_expert,0.0,40,0.3333333333333333,13185.500000000002,3.9876643499999984,6,4.0,0.6666666666666666,0.05,gitlab_oracle_operator,True,,False,,False,,False,,False,-0.16989903679539742,-0.4696032459556857,0.6252502896588361,False,0.1076923076923077,0.9846153846153847,False,0.05,2.995732273553991
gitlab_strong_allocation_uniform_budget160_rep1_trial0_2026-07-02T06-33-24Z,uniform,1,160,True,True,121,task_h81,gitlab_domain_expert,0.0,40,0.3305785123966942,13365.500000000002,4.0793447999999985,6,4.0,0.6666666666666666,0.049586776859504134,gitlab_oracle_operator,True,,False,,False,,False,,False,-0.16989903679539742,-0.4696032459556857,0.6252502896588361,False,0.1076923076923077,0.9846153846153847,False,0.05,2.995732273553991
gitlab_strong_allocation_uniform_budget160_rep1_trial0_2026-07-02T06-33-24Z,uniform,1,160,True,True,122,task_h82,gitlab_rapid_executor,0.0,40,0.32786885245901637,13480.800000000001,4.149007199999999,6,4.0,0.6666666666666666,0.04918032786885246,gitlab_oracle_operator,True,,False,,False,,False,,False,-0.16989903679539742,-0.4696032459556857,0.6252502896588361,False,0.1076923076923077,0.9846153846153847,False,0.05,2.995732273553991
gitlab_strong_allocation_uniform_budget160_rep1_trial0_2026-07-02T06-33-24Z,uniform,1,160,True,True,123,task_h83,gitlab_auditor,0.0,40,0.3252032520325203,13660.800000000001,4.180092599999999,6,4.0,0.6666666666666666,0.04878048780487805,gitlab_oracle_operator,True,,False,,False,,False,,False,-0.16989903679539742,-0.4696032459556857,0.6252502896588361,False,0.1076923076923077,0.9846153846153847,False,0.05,2.995732273553991
gitlab_strong_allocation_uniform_budget160_rep1_trial0_2026-07-02T06-33-24Z,uniform,1,160,True,True,124,task_h84,gitlab_planner,0.0,40,0.3225806451612903,13768.500000000002,4.202461049999999,6,4.0,0.6666666666666666,0.04838709677419355,gitlab_oracle_operator,True,,False,,False,,False,,False,-0.16989903679539742,-0.4696032459556857,0.6252502896588361,False,0.1076923076923077,0.9846153846153847,False,0.05,2.995732273553991
gitlab_strong_allocation_uniform_budget160_rep1_trial0_2026-07-02T06-33-24Z,uniform,1,160,True,True,125,task_h85,gitlab_super_operator,0.0,40,0.32,13948.500000000002,4.224761549999999,6,4.0,0.6666666666666666,0.048,gitlab_oracle_operator,True,,False,,False,,False,,False,-0.16989903679539742,-0.4696032459556857,0.6252502896588361,False,0.1076923076923077,0.9846153846153847,False,0.05,2.995732273553991
gitlab_strong_allocation_uniform_budget160_rep1_trial0_2026-07-02T06-33-24Z,uniform,1,160,True,True,126,task_h86,gitlab_oracle_operator,0.0,40,0.31746031746031744,14128.500000000002,4.346972999999999,7,4.0,0.5714285714285714,0.05555555555555555,,False,,False,,False,,False,,False,-0.6361822574207576,-0.4696032459556857,0.6252502896588361,False,0.09230769230769231,0.9846153846153847,False,0.05,2.995732273553991
gitlab_strong_allocation_uniform_budget160_rep1_trial0_2026-07-02T06-33-24Z,uniform,1,160,True,True,127,task_h87,baseline,0.0,40,0.31496062992125984,14308.500000000002,4.389234449999999,7,4.0,0.5714285714285714,0.05511811023622047,gitlab_oracle_operator,True,baseline,False,,False,,False,,False,-0.6361822574207576,-0.4696032459556857,0.6252502896588361,False,0.09230769230769231,0.9846153846153847,False,0.05,2.995732273553991
gitlab_strong_allocation_uniform_budget160_rep1_trial0_2026-07-02T06-33-24Z,uniform,1,160,True,True,128,task_h88,planner,0.0,40,0.3125,14395.800000000001,4.419968399999999,7,4.0,0.5714285714285714,0.0546875,gitlab_oracle_operator,True,,False,,False,,False,,False,-0.6361822574207576,-0.4696032459556857,0.6252502896588361,False,0.09230769230769231,0.9846153846153847,False,0.05,2.995732273553991
gitlab_strong_allocation_uniform_budget160_rep1_trial0_2026-07-02T06-33-24Z,uniform,1,160,True,True,129,task_h89,cautious,1.0,41,0.3178294573643411,14485.2,4.4561733,7,4.0,0.5714285714285714,0.05426356589147287,gitlab_oracle_operator,True,,False,,False,,False,,False,-0.6361822574207576,-0.4696032459556857,0.6252502896588361,False,0.09230769230769231,0.9846153846153847,False,0.05,2.995732273553991
gitlab_strong_allocation_uniform_budget160_rep1_trial0_2026-07-02T06-33-24Z,uniform,1,160,True,True,130,task_h90,explorer,0.0,41,0.3153846153846154,14665.2,4.56196605,7,4.0,0.5714285714285714,0.05384615384615385,gitlab_oracle_operator,True,,False,,False,,False,,False,-0.6361822574207576,-0.4696032459556857,0.6252502896588361,False,0.09230769230769231,0.9846153846153847,False,0.05,2.995732273553991
gitlab_strong_allocation_uniform_budget160_rep1_trial0_2026-07-02T06-33-24Z,uniform,1,160,True,True,131,task_h91,balanced,1.0,42,0.32061068702290074,14838.2,4.6296186,7,4.0,0.5714285714285714,0.05343511450381679,gitlab_oracle_operator,True,,False,,False,,False,,False,-0.6361822574207576,-0.4696032459556857,0.6252502896588361,False,0.09230769230769231,0.9846153846153847,False,0.05,2.995732273553991
gitlab_strong_allocation_uniform_budget160_rep1_trial0_2026-07-02T06-33-24Z,uniform,1,160,True,True,132,task_h92,overthinker,0.0,42,0.3181818181818182,15018.2,4.65946545,7,4.0,0.5714285714285714,0.05303030303030303,gitlab_oracle_operator,True,,False,,False,,False,,False,-0.6361822574207576,-0.4696032459556857,0.6252502896588361,False,0.09230769230769231,0.9846153846153847,False,0.05,2.995732273553991
gitlab_strong_allocation_uniform_budget160_rep1_trial0_2026-07-02T06-33-24Z,uniform,1,160,True,True,133,task_h93,rapid,1.0,43,0.3233082706766917,15100.1,4.7111043,7,4.0,0.5714285714285714,0.05263157894736842,gitlab_oracle_operator,True,,False,,False,,False,,False,-0.6361822574207576,-0.4696032459556857,0.6252502896588361,False,0.09230769230769231,0.9846153846153847,False,0.05,2.995732273553991
gitlab_strong_allocation_uniform_budget160_rep1_trial0_2026-07-02T06-33-24Z,uniform,1,160,True,True,134,task_h94,verifier,0.0,43,0.3208955223880597,15249.300000000001,4.7490051,7,4.0,0.5714285714285714,0.05223880597014925,gitlab_oracle_operator,True,,False,,False,,False,,False,-0.6361822574207576,-0.4696032459556857,0.6252502896588361,False,0.09230769230769231,0.9846153846153847,False,0.05,2.995732273553991
gitlab_strong_allocation_uniform_budget160_rep1_trial0_2026-07-02T06-33-24Z,uniform,1,160,True,True,135,task_h95,exploratory,0.0,43,0.31851851851851853,15429.300000000001,4.8165702,7,4.0,0.5714285714285714,0.05185185185185185,gitlab_oracle_operator,True,,False,,False,,False,,False,-0.6361822574207576,-0.4696032459556857,0.6252502896588361,False,0.09230769230769231,0.9846153846153847,False,0.05,2.995732273553991
gitlab_strong_allocation_uniform_budget160_rep1_trial0_2026-07-02T06-33-24Z,uniform,1,160,True,True,136,task_h96,algorithmic,0.0,43,0.3161764705882353,15514.500000000002,4.83141915,7,4.0,0.5714285714285714,0.051470588235294115,gitlab_oracle_operator,True,,False,,False,,False,,False,-0.6361822574207576,-0.4696032459556857,0.6252502896588361,False,0.09230769230769231,0.9846153846153847,False,0.05,2.995732273553991
gitlab_strong_allocation_uniform_budget160_rep1_trial0_2026-07-02T06-33-24Z,uniform,1,160,True,True,137,task_h97,junior_reactive,0.0,43,0.31386861313868614,15694.500000000002,4.8730269,7,4.0,0.5714285714285714,0.051094890510948905,gitlab_oracle_operator,True,,False,,False,,False,,False,-0.6361822574207576,-0.4696032459556857,0.6252502896588361,False,0.09230769230769231,0.9846153846153847,False,0.05,2.995732273553991
gitlab_strong_allocation_uniform_budget160_rep1_trial0_2026-07-02T06-33-24Z,uniform,1,160,True,True,138,task_h98,domain_expert,0.0,43,0.3115942028985507,15874.500000000002,4.9394316,7,4.0,0.5714285714285714,0.050724637681159424,gitlab_oracle_operator,True,,False,,False,,False,,False,-0.6361822574207576,-0.4696032459556857,0.6252502896588361,False,0.09230769230769231,0.9846153846153847,False,0.05,2.995732273553991
gitlab_strong_allocation_uniform_budget160_rep1_trial0_2026-07-02T06-33-24Z,uniform,1,160,True,True,139,task_h99,gitlab_domain_expert,0.0,43,0.30935251798561153,16054.500000000002,4.9645458,7,4.0,0.5714285714285714,0.050359712230215826,gitlab_oracle_operator,True,,False,,False,,False,,False,-0.6361822574207576,-0.4696032459556857,0.6252502896588361,False,0.09230769230769231,0.9846153846153847,False,0.05,2.995732273553991
gitlab_strong_allocation_uniform_budget160_rep1_trial0_2026-07-02T06-33-24Z,uniform,1,160,True,True,140,task_h100,gitlab_rapid_executor,0.0,43,0.30714285714285716,16097.200000000003,4.9803114,7,4.0,0.5714285714285714,0.05,gitlab_oracle_operator,True,,False,,False,,False,,False,-0.6361822574207576,-0.4696032459556857,0.6252502896588361,False,0.09230769230769231,0.9846153846153847,False,0.05,2.995732273553991
gitlab_strong_allocation_uniform_budget160_rep1_trial0_2026-07-02T06-33-24Z,uniform,1,160,True,True,141,task_e1,gitlab_auditor,1.0,44,0.3120567375886525,16112.500000000002,4.997340299999999,7,4.0,0.5714285714285714,0.04964539007092199,gitlab_oracle_operator,True,,False,,False,,False,,False,-0.6361822574207576,-0.4696032459556857,0.6252502896588361,False,0.09230769230769231,0.9846153846153847,False,0.05,2.995732273553991
gitlab_strong_allocation_uniform_budget160_rep1_trial0_2026-07-02T06-33-24Z,uniform,1,160,True,True,142,task_e2,gitlab_planner,1.0,45,0.31690140845070425,16147.800000000001,5.016026699999999,7,4.0,0.5714285714285714,0.04929577464788732,gitlab_oracle_operator,True,,False,,False,,False,,False,-0.6361822574207576,-0.4696032459556857,0.6252502896588361,False,0.09230769230769231,0.9846153846153847,False,0.05,2.995732273553991
gitlab_strong_allocation_uniform_budget160_rep1_trial0_2026-07-02T06-33-24Z,uniform,1,160,True,True,143,task_e3,gitlab_super_operator,1.0,46,0.32167832167832167,16160.400000000001,5.03202915,7,4.0,0.5714285714285714,0.04895104895104895,gitlab_oracle_operator,True,,False,,False,,False,,False,-0.6361822574207576,-0.4696032459556857,0.6252502896588361,False,0.09230769230769231,0.9846153846153847,False,0.05,2.995732273553991
gitlab_strong_allocation_uniform_budget160_rep1_trial0_2026-07-02T06-33-24Z,uniform,1,160,True,True,144,task_e4,gitlab_oracle_operator,1.0,47,0.3263888888888889,16179.7,5.059771199999999,8,5.0,0.625,0.05555555555555555,gitlab_oracle_operator,True,,False,,False,,False,,False,-0.49574461526865776,-0.4696032459556857,0.6252502896588361,False,0.13846153846153847,0.9846153846153847,False,0.05,2.995732273553991
gitlab_strong_allocation_uniform_budget160_rep1_trial0_2026-07-02T06-33-24Z,uniform,1,160,True,True,145,task_e5,baseline,1.0,48,0.3310344827586207,16236.6,5.1021545999999995,8,5.0,0.625,0.05517241379310345,gitlab_oracle_operator,True,baseline,False,,False,,False,,False,-0.49574461526865776,-0.4696032459556857,0.6252502896588361,False,0.13846153846153847,0.9846153846153847,False,0.05,2.995732273553991
gitlab_strong_allocation_uniform_budget160_rep1_trial0_2026-07-02T06-33-24Z,uniform,1,160,True,True,146,task_e6,planner,0.0,48,0.3287671232876712,16310.9,5.112255899999999,8,5.0,0.625,0.0547945205479452,gitlab_oracle_operator,True,,False,,False,,False,,False,-0.49574461526865776,-0.4696032459556857,0.6252502896588361,False,0.13846153846153847,0.9846153846153847,False,0.05,2.995732273553991
gitlab_strong_allocation_uniform_budget160_rep1_trial0_2026-07-02T06-33-24Z,uniform,1,160,True,True,147,task_e7,cautious,1.0,49,0.3333333333333333,16344.4,5.140735949999999,8,5.0,0.625,0.05442176870748299,gitlab_oracle_operator,True,,False,,False,,False,,False,-0.49574461526865776,-0.4696032459556857,0.6252502896588361,False,0.13846153846153847,0.9846153846153847,False,0.05,2.995732273553991
gitlab_strong_allocation_uniform_budget160_rep1_trial0_2026-07-02T06-33-24Z,uniform,1,160,True,True,148,task_e8,explorer,1.0,50,0.33783783783783783,16365.199999999999,5.165136299999999,8,5.0,0.625,0.05405405405405406,gitlab_oracle_operator,True,,False,,False,,False,,False,-0.49574461526865776,-0.4696032459556857,0.6252502896588361,False,0.13846153846153847,0.9846153846153847,False,0.05,2.995732273553991
gitlab_strong_allocation_uniform_budget160_rep1_trial0_2026-07-02T06-33-24Z,uniform,1,160,True,True,149,task_e9,balanced,1.0,51,0.3422818791946309,16387.3,5.1834365999999985,8,5.0,0.625,0.053691275167785234,gitlab_oracle_operator,True,,False,,False,,False,,False,-0.49574461526865776,-0.4696032459556857,0.6252502896588361,False,0.13846153846153847,0.9846153846153847,False,0.05,2.995732273553991
gitlab_strong_allocation_uniform_budget160_rep1_trial0_2026-07-02T06-33-24Z,uniform,1,160,True,True,150,task_e10,overthinker,0.0,51,0.34,16567.3,5.243931299999998,8,5.0,0.625,0.05333333333333334,gitlab_oracle_operator,True,,False,,False,,False,,False,-0.49574461526865776,-0.4696032459556857,0.6252502896588361,False,0.13846153846153847,0.9846153846153847,False,0.05,2.995732273553991
gitlab_strong_allocation_uniform_budget160_rep1_trial0_2026-07-02T06-33-24Z,uniform,1,160,True,True,151,task_e11,rapid,0.0,51,0.33774834437086093,16706.1,5.286782249999998,8,5.0,0.625,0.052980132450331126,gitlab_oracle_operator,True,,False,,False,,False,,False,-0.49574461526865776,-0.4696032459556857,0.6252502896588361,False,0.13846153846153847,0.9846153846153847,False,0.05,2.995732273553991
gitlab_strong_allocation_uniform_budget160_rep1_trial0_2026-07-02T06-33-24Z,uniform,1,160,True,True,152,task_e12,verifier,1.0,52,0.34210526315789475,16722.6,5.303792849999998,8,5.0,0.625,0.05263157894736842,gitlab_oracle_operator,True,,False,,False,,False,,False,-0.49574461526865776,-0.4696032459556857,0.6252502896588361,False,0.13846153846153847,0.9846153846153847,False,0.05,2.995732273553991
gitlab_strong_allocation_uniform_budget160_rep1_trial0_2026-07-02T06-33-24Z,uniform,1,160,True,True,153,task_e13,exploratory,1.0,53,0.3464052287581699,16757.8,5.338265249999998,8,5.0,0.625,0.05228758169934641,gitlab_oracle_operator,True,,False,,False,,False,,False,-0.49574461526865776,-0.4696032459556857,0.6252502896588361,False,0.13846153846153847,0.9846153846153847,False,0.05,2.995732273553991
gitlab_strong_allocation_uniform_budget160_rep1_trial0_2026-07-02T06-33-24Z,uniform,1,160,True,True,154,task_e14,algorithmic,1.0,54,0.35064935064935066,16791.7,5.358093149999998,8,5.0,0.625,0.05194805194805195,gitlab_oracle_operator,True,,False,,False,,False,,False,-0.49574461526865776,-0.4696032459556857,0.6252502896588361,False,0.13846153846153847,0.9846153846153847,False,0.05,2.995732273553991
gitlab_strong_allocation_uniform_budget160_rep1_trial0_2026-07-02T06-33-24Z,uniform,1,160,True,True,155,task_e15,junior_reactive,1.0,55,0.3548387096774194,16824.600000000002,5.380067999999999,8,5.0,0.625,0.05161290322580645,gitlab_oracle_operator,True,,False,,False,,False,,False,-0.49574461526865776,-0.4696032459556857,0.6252502896588361,False,0.13846153846153847,0.9846153846153847,False,0.05,2.995732273553991
gitlab_strong_allocation_uniform_budget160_rep1_trial0_2026-07-02T06-33-24Z,uniform,1,160,True,True,156,task_e16,domain_expert,1.0,56,0.358974358974359,16860.500000000004,5.401309049999999,8,5.0,0.625,0.05128205128205128,gitlab_oracle_operator,True,,False,,False,,False,,False,-0.49574461526865776,-0.4696032459556857,0.6252502896588361,False,0.13846153846153847,0.9846153846153847,False,0.05,2.995732273553991
gitlab_strong_allocation_uniform_budget160_rep1_trial0_2026-07-02T06-33-24Z,uniform,1,160,True,True,157,task_e17,gitlab_domain_expert,0.0,56,0.35668789808917195,17040.500000000004,5.4498579,8,5.0,0.625,0.050955414012738856,gitlab_oracle_operator,True,,False,,False,,False,,False,-0.49574461526865776,-0.4696032459556857,0.6252502896588361,False,0.13846153846153847,0.9846153846153847,False,0.05,2.995732273553991
gitlab_strong_allocation_uniform_budget160_rep1_trial0_2026-07-02T06-33-24Z,uniform,1,160,True,True,158,task_e18,gitlab_rapid_executor,1.0,57,0.36075949367088606,17083.600000000002,5.48153565,8,5.0,0.625,0.05063291139240506,gitlab_oracle_operator,True,,False,,False,,False,,False,-0.49574461526865776,-0.4696032459556857,0.6252502896588361,False,0.13846153846153847,0.9846153846153847,False,0.05,2.995732273553991
gitlab_strong_allocation_uniform_budget160_rep1_trial0_2026-07-02T06-33-24Z,uniform,1,160,True,True,159,task_e19,gitlab_auditor,0.0,57,0.3584905660377358,17263.600000000002,5.5297358999999995,8,5.0,0.625,0.050314465408805034,gitlab_oracle_operator,True,,False,,False,,False,,False,-0.49574461526865776,-0.4696032459556857,0.6252502896588361,False,0.13846153846153847,0.9846153846153847,False,0.05,2.995732273553991
gitlab_strong_allocation_uniform_budget160_rep1_trial0_2026-07-02T06-33-24Z,uniform,1,160,True,True,160,task_e20,gitlab_planner,1.0,58,0.3625,17302.7,5.549078549999999,8,5.0,0.625,0.05,gitlab_oracle_operator,True,,False,,False,,False,,False,-0.49574461526865776,-0.4696032459556857,0.6252502896588361,False,0.13846153846153847,0.9846153846153847,False,0.05,2.995732273553991
gitlab_strong_allocation_spruce_budget160_rep2_trial0_2026-07-02T21-04-00Z,spruce,2,160,True,True,1,task_e1,baseline,1.0,1,1.0,22.8,0.0144432,0,0.0,,0.0,,False,baseline,False,,False,,False,,False,0.0,0.0,1.0,False,0.015384615384615385,0.9846153846153847,False,0.05,2.995732273553991
gitlab_strong_allocation_spruce_budget160_rep2_trial0_2026-07-02T21-04-00Z,spruce,2,160,True,True,2,task_e2,planner,1.0,2,1.0,52.3,0.0366132,0,0.0,,0.0,,False,,False,,False,,False,,False,0.0,0.0,1.0,False,0.015384615384615385,0.9846153846153847,False,0.05,2.995732273553991
gitlab_strong_allocation_spruce_budget160_rep2_trial0_2026-07-02T21-04-00Z,spruce,2,160,True,True,3,task_e3,cautious,1.0,3,1.0,69.0,0.0536748,0,0.0,,0.0,,False,,False,,False,,False,,False,0.0,0.0,1.0,False,0.015384615384615385,0.9846153846153847,False,0.05,2.995732273553991
gitlab_strong_allocation_spruce_budget160_rep2_trial0_2026-07-02T21-04-00Z,spruce,2,160,True,True,4,task_e4,explorer,0.0,3,0.75,145.0,0.0678894,0,0.0,,0.0,,False,,False,,False,,False,,False,0.0,0.0,1.0,False,0.015384615384615385,0.9846153846153847,False,0.05,2.995732273553991
gitlab_strong_allocation_spruce_budget160_rep2_trial0_2026-07-02T21-04-00Z,spruce,2,160,True,True,5,task_e5,balanced,1.0,4,0.8,170.7,0.0914361,0,0.0,,0.0,,False,,False,,False,,False,,False,0.0,0.0,1.0,False,0.015384615384615385,0.9846153846153847,False,0.05,2.995732273553991
gitlab_strong_allocation_spruce_budget160_rep2_trial0_2026-07-02T21-04-00Z,spruce,2,160,True,True,6,task_e6,overthinker,0.0,4,0.6666666666666666,350.7,0.13044885,0,0.0,,0.0,,False,,False,,False,,False,,False,0.0,0.0,1.0,False,0.015384615384615385,0.9846153846153847,False,0.05,2.995732273553991
gitlab_strong_allocation_spruce_budget160_rep2_trial0_2026-07-02T21-04-00Z,spruce,2,160,True,True,7,task_e7,rapid,1.0,5,0.7142857142857143,377.09999999999997,0.1528176,0,0.0,,0.0,,False,,False,,False,,False,,False,0.0,0.0,1.0,False,0.015384615384615385,0.9846153846153847,False,0.05,2.995732273553991
gitlab_strong_allocation_spruce_budget160_rep2_trial0_2026-07-02T21-04-00Z,spruce,2,160,True,True,8,task_e8,verifier,1.0,6,0.75,398.99999999999994,0.17139915,0,0.0,,0.0,,False,,False,,False,,False,,False,0.0,0.0,1.0,False,0.015384615384615385,0.9846153846153847,False,0.05,2.995732273553991
gitlab_strong_allocation_spruce_budget160_rep2_trial0_2026-07-02T21-04-00Z,spruce,2,160,True,True,9,task_e9,exploratory,1.0,7,0.7777777777777778,423.79999999999995,0.19041045,0,0.0,,0.0,,False,,False,,False,,False,,False,0.0,0.0,1.0,False,0.015384615384615385,0.9846153846153847,False,0.05,2.995732273553991
gitlab_strong_allocation_spruce_budget160_rep2_trial0_2026-07-02T21-04-00Z,spruce,2,160,True,True,10,task_e10,algorithmic,0.0,7,0.7,603.8,0.2602296,0,0.0,,0.0,,False,,False,,False,,False,,False,0.0,0.0,1.0,False,0.015384615384615385,0.9846153846153847,False,0.05,2.995732273553991
gitlab_strong_allocation_spruce_budget160_rep2_trial0_2026-07-02T21-04-00Z,spruce,2,160,True,True,11,task_e11,junior_reactive,1.0,8,0.7272727272727273,694.6999999999999,0.33720015000000003,0,0.0,,0.0,,False,,False,,False,,False,,False,0.0,0.0,1.0,False,0.015384615384615385,0.9846153846153847,False,0.05,2.995732273553991
gitlab_strong_allocation_spruce_budget160_rep2_trial0_2026-07-02T21-04-00Z,spruce,2,160,True,True,12,task_e12,domain_expert,1.0,9,0.75,762.4999999999999,0.37306785000000003,0,0.0,,0.0,,False,,False,,False,,False,,False,0.0,0.0,1.0,False,0.015384615384615385,0.9846153846153847,False,0.05,2.995732273553991
gitlab_strong_allocation_spruce_budget160_rep2_trial0_2026-07-02T21-04-00Z,spruce,2,160,True,True,13,task_e13,gitlab_domain_expert,1.0,10,0.7692307692307693,875.8999999999999,0.4163508,0,0.0,,0.0,,False,,False,,False,,False,,False,0.0,0.0,1.0,False,0.015384615384615385,0.9846153846153847,False,0.05,2.995732273553991
gitlab_strong_allocation_spruce_budget160_rep2_trial0_2026-07-02T21-04-00Z,spruce,2,160,True,True,14,task_e14,gitlab_rapid_executor,1.0,11,0.7857142857142857,897.1999999999998,0.43524465,0,0.0,,0.0,,False,,False,,False,,False,,False,0.0,0.0,1.0,False,0.015384615384615385,0.9846153846153847,False,0.05,2.995732273553991
gitlab_strong_allocation_spruce_budget160_rep2_trial0_2026-07-02T21-04-00Z,spruce,2,160,True,True,15,task_e15,gitlab_auditor,1.0,12,0.8,938.7999999999998,0.45745275,0,0.0,,0.0,,False,,False,,False,,False,,False,0.0,0.0,1.0,False,0.015384615384615385,0.9846153846153847,False,0.05,2.995732273553991
gitlab_strong_allocation_spruce_budget160_rep2_trial0_2026-07-02T21-04-00Z,spruce,2,160,True,True,16,task_e16,gitlab_planner,0.0,12,0.75,977.9999999999999,0.47548725000000003,0,0.0,,0.0,,False,,False,,False,,False,,False,0.0,0.0,1.0,False,0.015384615384615385,0.9846153846153847,False,0.05,2.995732273553991
gitlab_strong_allocation_spruce_budget160_rep2_trial0_2026-07-02T21-04-00Z,spruce,2,160,True,True,17,task_e17,gitlab_super_operator,0.0,12,0.7058823529411765,1158.0,0.55416555,0,0.0,,0.0,,False,,False,,False,,False,,False,0.0,0.0,1.0,False,0.015384615384615385,0.9846153846153847,False,0.05,2.995732273553991
gitlab_strong_allocation_spruce_budget160_rep2_trial0_2026-07-02T21-04-00Z,spruce,2,160,True,True,18,task_e18,gitlab_oracle_operator,1.0,13,0.7222222222222222,1176.9,0.5727291,1,1.0,1.0,0.05555555555555555,,False,,False,,False,,False,,False,0.0,0.0,1.0,False,0.015384615384615385,0.9846153846153847,False,0.05,2.995732273553991
gitlab_strong_allocation_spruce_budget160_rep2_trial0_2026-07-02T21-04-00Z,spruce,2,160,True,True,19,task_e19,baseline,0.0,13,0.6842105263157895,1356.9,0.6502761,1,1.0,1.0,0.05263157894736842,,False,baseline,False,,False,,False,,False,0.0,0.0,1.0,False,0.015384615384615385,0.9846153846153847,False,0.05,2.995732273553991
gitlab_strong_allocation_spruce_budget160_rep2_trial0_2026-07-02T21-04-00Z,spruce,2,160,True,True,20,task_e20,planner,1.0,14,0.7,1382.2,0.6741876,1,1.0,1.0,0.05,,False,,False,planner,False,planner,False,,False,0.0,0.0,1.0,False,0.015384615384615385,0.9846153846153847,False,0.05,2.995732273553991
gitlab_strong_allocation_spruce_budget160_rep2_trial0_2026-07-02T21-04-00Z,spruce,2,160,True,True,21,task_m1,cautious,1.0,15,0.7142857142857143,1485.7,0.713766,1,1.0,1.0,0.047619047619047616,,False,,False,,False,,False,,False,0.0,0.0,1.0,False,0.015384615384615385,0.9846153846153847,False,0.05,2.995732273553991
gitlab_strong_allocation_spruce_budget160_rep2_trial0_2026-07-02T21-04-00Z,spruce,2,160,True,True,22,task_m2,explorer,1.0,16,0.7272727272727273,1568.9,0.7537479,1,1.0,1.0,0.045454545454545456,,False,,False,,False,,False,,False,0.0,0.0,1.0,False,0.015384615384615385,0.9846153846153847,False,0.05,2.995732273553991
gitlab_strong_allocation_spruce_budget160_rep2_trial0_2026-07-02T21-04-00Z,spruce,2,160,True,True,23,task_m3,balanced,1.0,17,0.7391304347826086,1641.3000000000002,0.80371515,1,1.0,1.0,0.043478260869565216,,False,,False,,False,,False,,False,0.0,0.0,1.0,False,0.015384615384615385,0.9846153846153847,False,0.05,2.995732273553991
gitlab_strong_allocation_spruce_budget160_rep2_trial0_2026-07-02T21-04-00Z,spruce,2,160,True,True,24,task_m4,overthinker,1.0,18,0.75,1741.4,0.85914345,1,1.0,1.0,0.041666666666666664,,False,,False,,False,,False,,False,0.0,0.0,1.0,False,0.015384615384615385,0.9846153846153847,False,0.05,2.995732273553991
gitlab_strong_allocation_spruce_budget160_rep2_trial0_2026-07-02T21-04-00Z,spruce,2,160,True,True,25,task_m5,rapid,0.0,18,0.72,1921.4,0.9242619000000001,1,1.0,1.0,0.04,,False,,False,,False,,False,,False,0.0,0.0,1.0,False,0.015384615384615385,0.9846153846153847,False,0.05,2.995732273553991
gitlab_strong_allocation_spruce_budget160_rep2_trial0_2026-07-02T21-04-00Z,spruce,2,160,True,True,26,task_m6,verifier,1.0,19,0.7307692307692307,1943.3000000000002,0.9448894500000001,1,1.0,1.0,0.038461538461538464,,False,,False,,False,,False,,False,0.0,0.0,1.0,False,0.015384615384615385,0.9846153846153847,False,0.05,2.995732273553991
gitlab_strong_allocation_spruce_budget160_rep2_trial0_2026-07-02T21-04-00Z,spruce,2,160,True,True,27,task_m7,exploratory,1.0,20,0.7407407407407407,2004.4,0.9751135500000001,1,1.0,1.0,0.037037037037037035,,False,,False,,False,,False,,False,0.0,0.0,1.0,False,0.015384615384615385,0.9846153846153847,False,0.05,2.995732273553991
gitlab_strong_allocation_spruce_budget160_rep2_trial0_2026-07-02T21-04-00Z,spruce,2,160,True,True,28,task_m8,algorithmic,0.0,20,0.7142857142857143,2045.6000000000001,0.9942286500000002,1,1.0,1.0,0.03571428571428571,,False,,False,,False,,False,,False,0.0,0.0,1.0,False,0.015384615384615385,0.9846153846153847,False,0.05,2.995732273553991
gitlab_strong_allocation_spruce_budget160_rep2_trial0_2026-07-02T21-04-00Z,spruce,2,160,True,True,29,task_m9,junior_reactive,1.0,21,0.7241379310344828,2156.0,1.0564228500000001,1,1.0,1.0,0.034482758620689655,,False,,False,,False,,False,,False,0.0,0.0,1.0,False,0.015384615384615385,0.9846153846153847,False,0.05,2.995732273553991
gitlab_strong_allocation_spruce_budget160_rep2_trial0_2026-07-02T21-04-00Z,spruce,2,160,True,True,30,task_m10,domain_expert,0.0,21,0.7,2336.0,1.1081707500000002,1,1.0,1.0,0.03333333333333333,,False,,False,,False,,False,,False,0.0,0.0,1.0,False,0.015384615384615385,0.9846153846153847,False,0.05,2.995732273553991
gitlab_strong_allocation_spruce_budget160_rep2_trial0_2026-07-02T21-04-00Z,spruce,2,160,True,True,31,task_m11,gitlab_domain_expert,0.0,21,0.6774193548387096,2388.1,1.1359515000000002,1,1.0,1.0,0.03225806451612903,,False,,False,,False,,False,,False,0.0,0.0,1.0,False,0.015384615384615385,0.9846153846153847,False,0.05,2.995732273553991
gitlab_strong_allocation_spruce_budget160_rep2_trial0_2026-07-02T21-04-00Z,spruce,2,160,True,True,32,task_m12,gitlab_rapid_executor,0.0,21,0.65625,2568.1,1.1840932500000003,1,1.0,1.0,0.03125,,False,,False,,False,,False,,False,0.0,0.0,1.0,False,0.015384615384615385,0.9846153846153847,False,0.05,2.995732273553991
gitlab_strong_allocation_spruce_budget160_rep2_trial0_2026-07-02T21-04-00Z,spruce,2,160,True,True,33,task_m13,gitlab_auditor,0.0,21,0.6363636363636364,2748.1,1.2564210000000002,1,1.0,1.0,0.030303030303030304,,False,,False,,False,,False,,False,0.0,0.0,1.0,False,0.015384615384615385,0.9846153846153847,False,0.05,2.995732273553991
gitlab_strong_allocation_spruce_budget160_rep2_trial0_2026-07-02T21-04-00Z,spruce,2,160,True,True,34,task_m14,gitlab_planner,0.0,21,0.6176470588235294,2814.0,1.2708702000000003,1,1.0,1.0,0.029411764705882353,,False,,False,,False,,False,,False,0.0,0.0,1.0,False,0.015384615384615385,0.9846153846153847,False,0.05,2.995732273553991
gitlab_strong_allocation_spruce_budget160_rep2_trial0_2026-07-02T21-04-00Z,spruce,2,160,True,True,35,task_m15,gitlab_super_operator,1.0,22,0.6285714285714286,2839.4,1.2937758000000004,1,1.0,1.0,0.02857142857142857,,False,,False,,False,,False,,False,0.0,0.0,1.0,False,0.015384615384615385,0.9846153846153847,False,0.05,2.995732273553991
gitlab_strong_allocation_spruce_budget160_rep2_trial0_2026-07-02T21-04-00Z,spruce,2,160,True,True,36,task_m16,gitlab_oracle_operator,1.0,23,0.6388888888888888,2855.9,1.3124961000000004,2,2.0,1.0,0.05555555555555555,,False,,False,,False,,False,,False,0.4054651081081644,0.09166718852582387,1.096,False,0.015384615384615385,0.9846153846153847,False,0.05,2.995732273553991
gitlab_strong_allocation_spruce_budget160_rep2_trial0_2026-07-02T21-04-00Z,spruce,2,160,True,True,37,task_m17,baseline,1.0,24,0.6486486486486487,2879.3,1.3345359000000003,2,2.0,1.0,0.05405405405405406,baseline,False,baseline,False,,False,,False,,False,0.4054651081081644,0.09166718852582387,1.096,False,0.015384615384615385,0.9846153846153847,False,0.05,2.995732273553991
gitlab_strong_allocation_spruce_budget160_rep2_trial0_2026-07-02T21-04-00Z,spruce,2,160,True,True,38,task_m18,balanced,1.0,25,0.6578947368421053,2967.2000000000003,1.3669561500000003,2,2.0,1.0,0.05263157894736842,balanced,False,,False,balanced,False,balanced,False,,False,0.4054651081081644,0.09166718852582387,1.096,False,0.015384615384615385,0.9846153846153847,False,0.05,2.995732273553991
gitlab_strong_allocation_spruce_budget160_rep2_trial0_2026-07-02T21-04-00Z,spruce,2,160,True,True,39,task_m19,exploratory,0.0,25,0.6410256410256411,2997.4,1.4021473500000003,2,2.0,1.0,0.05128205128205128,balanced,False,,False,balanced,False,balanced,False,,False,0.4054651081081644,0.09166718852582387,1.096,False,0.015384615384615385,0.9846153846153847,False,0.05,2.995732273553991
gitlab_strong_allocation_spruce_budget160_rep2_trial0_2026-07-02T21-04-00Z,spruce,2,160,True,True,40,task_m20,gitlab_domain_expert,1.0,26,0.65,3018.2000000000003,1.4202681000000004,2,2.0,1.0,0.05,balanced,False,,False,balanced,False,balanced,False,,False,0.4054651081081644,0.09166718852582387,1.096,False,0.015384615384615385,0.9846153846153847,False,0.05,2.995732273553991
gitlab_strong_allocation_spruce_budget160_rep2_trial0_2026-07-02T21-04-00Z,spruce,2,160,True,True,41,task_h1,gitlab_super_operator,0.0,26,0.6341463414634146,3132.3,1.4424273000000003,2,2.0,1.0,0.04878048780487805,balanced,False,,False,balanced,False,balanced,False,,False,0.4054651081081644,0.09166718852582387,1.096,False,0.015384615384615385,0.9846153846153847,False,0.05,2.995732273553991
gitlab_strong_allocation_spruce_budget160_rep2_trial0_2026-07-02T21-04-00Z,spruce,2,160,True,True,42,task_h2,explorer,0.0,26,0.6190476190476191,3184.7000000000003,1.4522833500000003,2,2.0,1.0,0.047619047619047616,balanced,False,,False,balanced,False,balanced,False,,False,0.4054651081081644,0.09166718852582387,1.096,False,0.015384615384615385,0.9846153846153847,False,0.05,2.995732273553991
gitlab_strong_allocation_spruce_budget160_rep2_trial0_2026-07-02T21-04-00Z,spruce,2,160,True,True,43,task_h3,junior_reactive,0.0,26,0.6046511627906976,3248.4,1.4626831500000004,2,2.0,1.0,0.046511627906976744,balanced,False,,False,balanced,False,balanced,False,,False,0.4054651081081644,0.09166718852582387,1.096,False,0.015384615384615385,0.9846153846153847,False,0.05,2.995732273553991
gitlab_strong_allocation_spruce_budget160_rep2_trial0_2026-07-02T21-04-00Z,spruce,2,160,True,True,44,task_h4,gitlab_oracle_operator,1.0,27,0.6136363636363636,3385.5,1.5085302000000005,3,3.0,1.0,0.06818181818181818,,False,,False,,False,,False,,False,0.8109302162163288,0.28582320296678143,1.3308571428571432,False,0.06153846153846154,0.9846153846153847,False,0.05,2.995732273553991
gitlab_strong_allocation_spruce_budget160_rep2_trial0_2026-07-02T21-04-00Z,spruce,2,160,True,True,45,task_h5,verifier,0.0,27,0.6,3565.5,1.5541584000000004,3,3.0,1.0,0.06666666666666667,,False,,False,,False,,False,,False,0.8109302162163288,0.28582320296678143,1.3308571428571432,False,0.06153846153846154,0.9846153846153847,False,0.05,2.995732273553991
gitlab_strong_allocation_spruce_budget160_rep2_trial0_2026-07-02T21-04-00Z,spruce,2,160,True,True,46,task_h6,planner,0.0,27,0.5869565217391305,3658.7,1.5828789000000003,3,3.0,1.0,0.06521739130434782,,False,,False,,False,,False,,False,0.8109302162163288,0.28582320296678143,1.3308571428571432,False,0.06153846153846154,0.9846153846153847,False,0.05,2.995732273553991
gitlab_strong_allocation_spruce_budget160_rep2_trial0_2026-07-02T21-04-00Z,spruce,2,160,True,True,47,task_h7,gitlab_auditor,1.0,28,0.5957446808510638,3695.2,1.6096804500000004,3,3.0,1.0,0.06382978723404255,,False,,False,,False,,False,,False,0.8109302162163288,0.28582320296678143,1.3308571428571432,False,0.06153846153846154,0.9846153846153847,False,0.05,2.995732273553991
gitlab_strong_allocation_spruce_budget160_rep2_trial0_2026-07-02T21-04-00Z,spruce,2,160,True,True,48,task_h8,gitlab_rapid_executor,0.0,28,0.5833333333333334,3745.2,1.6371186000000004,3,3.0,1.0,0.0625,,False,,False,,False,,False,,False,0.8109302162163288,0.28582320296678143,1.3308571428571432,False,0.06153846153846154,0.9846153846153847,False,0.05,2.995732273553991
gitlab_strong_allocation_spruce_budget160_rep2_trial0_2026-07-02T21-04-00Z,spruce,2,160,True,True,49,task_h9,cautious,0.0,28,0.5714285714285714,3820.1,1.6659135000000005,3,3.0,1.0,0.061224489795918366,,False,,False,,False,,False,,False,0.8109302162163288,0.28582320296678143,1.3308571428571432,False,0.06153846153846154,0.9846153846153847,False,0.05,2.995732273553991
gitlab_strong_allocation_spruce_budget160_rep2_trial0_2026-07-02T21-04-00Z,spruce,2,160,True,True,50,task_h10,gitlab_planner,1.0,29,0.58,3990.6,1.7329353000000005,3,3.0,1.0,0.06,,False,,False,,False,,False,,False,0.8109302162163288,0.28582320296678143,1.3308571428571432,False,0.06153846153846154,0.9846153846153847,False,0.05,2.995732273553991
gitlab_strong_allocation_spruce_budget160_rep2_trial0_2026-07-02T21-04-00Z,spruce,2,160,True,True,51,task_h11,algorithmic,0.0,29,0.5686274509803921,4043.1,1.7440903500000005,3,3.0,1.0,0.058823529411764705,,False,,False,,False,,False,,False,0.8109302162163288,0.28582320296678143,1.3308571428571432,False,0.06153846153846154,0.9846153846153847,False,0.05,2.995732273553991
gitlab_strong_allocation_spruce_budget160_rep2_trial0_2026-07-02T21-04-00Z,spruce,2,160,True,True,52,task_h12,overthinker,0.0,29,0.5576923076923077,4223.1,1.7757390000000004,3,3.0,1.0,0.057692307692307696,,False,,False,,False,,False,,False,0.8109302162163288,0.28582320296678143,1.3308571428571432,False,0.06153846153846154,0.9846153846153847,False,0.05,2.995732273553991
gitlab_strong_allocation_spruce_budget160_rep2_trial0_2026-07-02T21-04-00Z,spruce,2,160,True,True,53,task_h13,rapid,0.0,29,0.5471698113207547,4329.0,1.8220264500000003,3,3.0,1.0,0.05660377358490566,,False,,False,,False,,False,,False,0.8109302162163288,0.28582320296678143,1.3308571428571432,False,0.06153846153846154,0.9846153846153847,False,0.05,2.995732273553991
gitlab_strong_allocation_spruce_budget160_rep2_trial0_2026-07-02T21-04-00Z,spruce,2,160,True,True,54,task_h14,domain_expert,1.0,30,0.5555555555555556,4417.7,1.8541848000000003,3,3.0,1.0,0.05555555555555555,,False,,False,,False,,False,,False,0.8109302162163288,0.28582320296678143,1.3308571428571432,False,0.06153846153846154,0.9846153846153847,False,0.05,2.995732273553991
gitlab_strong_allocation_spruce_budget160_rep2_trial0_2026-07-02T21-04-00Z,spruce,2,160,True,True,55,task_h15,balanced,1.0,31,0.5636363636363636,4496.5,1.9088124000000004,3,3.0,1.0,0.05454545454545454,,False,balanced,False,balanced,False,balanced,False,,False,0.8109302162163288,0.28582320296678143,1.3308571428571432,False,0.06153846153846154,0.9846153846153847,False,0.05,2.995732273553991
gitlab_strong_allocation_spruce_budget160_rep2_trial0_2026-07-02T21-04-00Z,spruce,2,160,True,True,56,task_h16,gitlab_oracle_operator,0.0,31,0.5535714285714286,4588.3,1.9332876000000003,4,3.0,0.75,0.07142857142857142,balanced,False,,False,balanced,False,balanced,False,gitlab_oracle_operator,True,0.11778303565638348,-0.40732397759316386,0.6654285714285716,False,0.015384615384615385,0.9846153846153847,False,0.05,2.995732273553991
gitlab_strong_allocation_spruce_budget160_rep2_trial0_2026-07-02T21-04-00Z,spruce,2,160,True,True,57,task_h17,balanced,0.0,31,0.543859649122807,4647.8,1.9437564000000003,4,3.0,0.75,0.07017543859649122,balanced,False,balanced,False,balanced,False,,False,balanced,False,0.11778303565638348,-0.40732397759316386,0.6654285714285716,False,0.015384615384615385,0.9846153846153847,False,0.05,2.995732273553991
gitlab_strong_allocation_spruce_budget160_rep2_trial0_2026-07-02T21-04-00Z,spruce,2,160,True,True,58,task_h18,explorer,0.0,31,0.5344827586206896,4699.5,1.9694505000000002,4,3.0,0.75,0.06896551724137931,balanced,False,balanced,False,balanced,False,,False,,False,0.11778303565638348,-0.40732397759316386,0.6654285714285716,False,0.015384615384615385,0.9846153846153847,False,0.05,2.995732273553991
gitlab_strong_allocation_spruce_budget160_rep2_trial0_2026-07-02T21-04-00Z,spruce,2,160,True,True,59,task_h19,overthinker,0.0,31,0.5254237288135594,4879.5,2.0039092500000004,4,3.0,0.75,0.06779661016949153,balanced,False,balanced,False,balanced,False,,False,,False,0.11778303565638348,-0.40732397759316386,0.6654285714285716,False,0.015384615384615385,0.9846153846153847,False,0.05,2.995732273553991
gitlab_strong_allocation_spruce_budget160_rep2_trial0_2026-07-02T21-04-00Z,spruce,2,160,True,True,60,task_h20,algorithmic,0.0,31,0.5166666666666667,5059.5,2.0627611500000005,4,3.0,0.75,0.06666666666666667,balanced,False,balanced,False,balanced,False,,False,,False,0.11778303565638348,-0.40732397759316386,0.6654285714285716,False,0.015384615384615385,0.9846153846153847,False,0.05,2.995732273553991
gitlab_strong_allocation_spruce_budget160_rep2_trial0_2026-07-02T21-04-00Z,spruce,2,160,True,True,61,task_h21,gitlab_planner,1.0,32,0.5245901639344263,5143.8,2.0937054000000006,4,3.0,0.75,0.06557377049180328,balanced,False,balanced,False,balanced,False,,False,,False,0.11778303565638348,-0.40732397759316386,0.6654285714285716,False,0.015384615384615385,0.9846153846153847,False,0.05,2.995732273553991
gitlab_strong_allocation_spruce_budget160_rep2_trial0_2026-07-02T21-04-00Z,spruce,2,160,True,True,62,task_h22,gitlab_super_operator,0.0,32,0.5161290322580645,5188.5,2.117380350000001,4,3.0,0.75,0.06451612903225806,balanced,False,balanced,False,balanced,False,,False,gitlab_super_operator,False,0.11778303565638348,-0.40732397759316386,0.6654285714285716,False,0.015384615384615385,0.9846153846153847,False,0.05,2.995732273553991
gitlab_strong_allocation_spruce_budget160_rep2_trial0_2026-07-02T21-04-00Z,spruce,2,160,True,True,63,task_h23,planner,1.0,33,0.5238095238095238,5231.1,2.151124050000001,4,3.0,0.75,0.06349206349206349,balanced,False,balanced,False,balanced,False,,False,,False,0.11778303565638348,-0.40732397759316386,0.6654285714285716,False,0.015384615384615385,0.9846153846153847,False,0.05,2.995732273553991
gitlab_strong_allocation_spruce_budget160_rep2_trial0_2026-07-02T21-04-00Z,spruce,2,160,True,True,64,task_h24,cautious,1.0,34,0.53125,5353.200000000001,2.197813800000001,4,3.0,0.75,0.0625,balanced,False,balanced,False,balanced,False,,False,,False,0.11778303565638348,-0.40732397759316386,0.6654285714285716,False,0.015384615384615385,0.9846153846153847,False,0.05,2.995732273553991
gitlab_strong_allocation_spruce_budget160_rep2_trial0_2026-07-02T21-04-00Z,spruce,2,160,True,True,65,task_h25,verifier,0.0,34,0.5230769230769231,5533.200000000001,2.245130100000001,4,3.0,0.75,0.06153846153846154,balanced,False,balanced,False,balanced,False,,False,,False,0.11778303565638348,-0.40732397759316386,0.6654285714285716,False,0.015384615384615385,0.9846153846153847,False,0.05,2.995732273553991
gitlab_strong_allocation_spruce_budget160_rep2_trial0_2026-07-02T21-04-00Z,spruce,2,160,True,True,66,task_h26,exploratory,0.0,34,0.5151515151515151,5713.200000000001,2.285767050000001,4,3.0,0.75,0.06060606060606061,balanced,False,balanced,False,balanced,False,,False,,False,0.11778303565638348,-0.40732397759316386,0.6654285714285716,False,0.015384615384615385,0.9846153846153847,False,0.05,2.995732273553991
gitlab_strong_allocation_spruce_budget160_rep2_trial0_2026-07-02T21-04-00Z,spruce,2,160,True,True,67,task_h27,junior_reactive,1.0,35,0.5223880597014925,5735.300000000001,2.307200550000001,4,3.0,0.75,0.05970149253731343,balanced,False,balanced,False,balanced,False,,False,junior_reactive,False,0.11778303565638348,-0.40732397759316386,0.6654285714285716,False,0.015384615384615385,0.9846153846153847,False,0.05,2.995732273553991
gitlab_strong_allocation_spruce_budget160_rep2_trial0_2026-07-02T21-04-00Z,spruce,2,160,True,True,68,task_h28,gitlab_oracle_operator,1.0,36,0.5294117647058824,5764.9000000000015,2.334619350000001,5,4.0,0.8,0.07352941176470588,,False,,False,,False,,False,gitlab_oracle_operator,True,0.5232481437645479,-0.40732397759316386,0.6654285714285716,False,0.13846153846153847,0.9846153846153847,False,0.05,2.995732273553991
gitlab_strong_allocation_spruce_budget160_rep2_trial0_2026-07-02T21-04-00Z,spruce,2,160,True,True,69,task_h29,planner,0.0,36,0.5217391304347826,5823.100000000001,2.344500150000001,5,4.0,0.8,0.07246376811594203,,False,,False,,False,,False,,False,0.5232481437645479,-0.40732397759316386,0.6654285714285716,False,0.13846153846153847,0.9846153846153847,False,0.05,2.995732273553991
gitlab_strong_allocation_spruce_budget160_rep2_trial0_2026-07-02T21-04-00Z,spruce,2,160,True,True,70,task_h30,cautious,0.0,36,0.5142857142857142,5894.300000000001,2.362691550000001,5,4.0,0.8,0.07142857142857142,,False,,False,,False,,False,,False,0.5232481437645479,-0.40732397759316386,0.6654285714285716,False,0.13846153846153847,0.9846153846153847,False,0.05,2.995732273553991
gitlab_strong_allocation_spruce_budget160_rep2_trial0_2026-07-02T21-04-00Z,spruce,2,160,True,True,71,task_h31,junior_reactive,0.0,36,0.5070422535211268,6074.300000000001,2.420827800000001,5,4.0,0.8,0.07042253521126761,,False,,False,,False,,False,junior_reactive,False,0.5232481437645479,-0.40732397759316386,0.6654285714285716,False,0.13846153846153847,0.9846153846153847,False,0.05,2.995732273553991
gitlab_strong_allocation_spruce_budget160_rep2_trial0_2026-07-02T21-04-00Z,spruce,2,160,True,True,72,task_h32,explorer,0.0,36,0.5,6254.300000000001,2.479838850000001,5,4.0,0.8,0.06944444444444445,,False,,False,,False,,False,,False,0.5232481437645479,-0.40732397759316386,0.6654285714285716,False,0.13846153846153847,0.9846153846153847,False,0.05,2.995732273553991
gitlab_strong_allocation_spruce_budget160_rep2_trial0_2026-07-02T21-04-00Z,spruce,2,160,True,True,73,task_h33,overthinker,0.0,36,0.4931506849315068,6429.800000000001,2.5243824000000012,5,4.0,0.8,0.0684931506849315,,False,,False,,False,,False,,False,0.5232481437645479,-0.40732397759316386,0.6654285714285716,False,0.13846153846153847,0.9846153846153847,False,0.05,2.995732273553991
gitlab_strong_allocation_spruce_budget160_rep2_trial0_2026-07-02T21-04-00Z,spruce,2,160,True,True,74,task_h34,algorithmic,0.0,36,0.4864864864864865,6526.700000000001,2.5480555500000013,5,4.0,0.8,0.06756756756756757,,False,,False,,False,,False,,False,0.5232481437645479,-0.40732397759316386,0.6654285714285716,False,0.13846153846153847,0.9846153846153847,False,0.05,2.995732273553991
gitlab_strong_allocation_spruce_budget160_rep2_trial0_2026-07-02T21-04-00Z,spruce,2,160,True,True,75,task_h35,gitlab_planner,1.0,37,0.49333333333333335,6553.500000000001,2.5749898500000015,5,4.0,0.8,0.06666666666666667,,False,,False,,False,,False,,False,0.5232481437645479,-0.40732397759316386,0.6654285714285716,False,0.13846153846153847,0.9846153846153847,False,0.05,2.995732273553991
gitlab_strong_allocation_spruce_budget160_rep2_trial0_2026-07-02T21-04-00Z,spruce,2,160,True,True,76,task_h36,gitlab_super_operator,0.0,37,0.4868421052631579,6610.500000000001,2.5857499500000016,5,4.0,0.8,0.06578947368421052,,False,,False,,False,,False,gitlab_super_operator,False,0.5232481437645479,-0.40732397759316386,0.6654285714285716,False,0.13846153846153847,0.9846153846153847,False,0.05,2.995732273553991
gitlab_strong_allocation_spruce_budget160_rep2_trial0_2026-07-02T21-04-00Z,spruce,2,160,True,True,77,task_h37,balanced,0.0,37,0.4805194805194805,6769.100000000001,2.6124780000000016,5,4.0,0.8,0.06493506493506493,gitlab_oracle_operator,True,balanced,False,gitlab_oracle_operator,True,,False,,False,0.5232481437645479,-0.40732397759316386,0.6654285714285716,False,0.13846153846153847,0.9846153846153847,False,0.05,2.995732273553991
gitlab_strong_allocation_spruce_budget160_rep2_trial0_2026-07-02T21-04-00Z,spruce,2,160,True,True,78,task_h38,gitlab_oracle_operator,0.0,37,0.47435897435897434,6817.800000000001,2.6219454000000018,6,4.0,0.6666666666666666,0.07692307692307693,,False,,False,,False,,False,gitlab_oracle_operator,True,-0.16989903679539742,-0.6702158638369108,0.5115981303307959,False,0.09230769230769231,0.9846153846153847,False,0.05,2.995732273553991
gitlab_strong_allocation_spruce_budget160_rep2_trial0_2026-07-02T21-04-00Z,spruce,2,160,True,True,79,task_h39,baseline,0.0,37,0.46835443037974683,6839.600000000001,2.6447701500000016,6,4.0,0.6666666666666666,0.0759493670886076,,False,,False,,False,,False,,False,-0.16989903679539742,-0.6702158638369108,0.5115981303307959,False,0.09230769230769231,0.9846153846153847,False,0.05,2.995732273553991
gitlab_strong_allocation_spruce_budget160_rep2_trial0_2026-07-02T21-04-00Z,spruce,2,160,True,True,80,task_h40,rapid,0.0,37,0.4625,7019.600000000001,2.6907852000000014,6,4.0,0.6666666666666666,0.075,,False,,False,,False,,False,,False,-0.16989903679539742,-0.6702158638369108,0.5115981303307959,False,0.09230769230769231,0.9846153846153847,False,0.05,2.995732273553991
gitlab_strong_allocation_spruce_budget160_rep2_trial0_2026-07-02T21-04-00Z,spruce,2,160,True,True,81,task_h41,domain_expert,0.0,37,0.4567901234567901,7199.600000000001,2.7288546000000014,6,4.0,0.6666666666666666,0.07407407407407407,,False,,False,,False,,False,,False,-0.16989903679539742,-0.6702158638369108,0.5115981303307959,False,0.09230769230769231,0.9846153846153847,False,0.05,2.995732273553991
gitlab_strong_allocation_spruce_budget160_rep2_trial0_2026-07-02T21-04-00Z,spruce,2,160,True,True,82,task_h42,gitlab_domain_expert,0.0,37,0.45121951219512196,7259.700000000002,2.739690900000001,6,4.0,0.6666666666666666,0.07317073170731707,,False,,False,,False,,False,,False,-0.16989903679539742,-0.6702158638369108,0.5115981303307959,False,0.09230769230769231,0.9846153846153847,False,0.05,2.995732273553991
gitlab_strong_allocation_spruce_budget160_rep2_trial0_2026-07-02T21-04-00Z,spruce,2,160,True,True,83,task_h43,gitlab_rapid_executor,0.0,37,0.4457831325301205,7300.9000000000015,2.770587900000001,6,4.0,0.6666666666666666,0.07228915662650602,,False,,False,,False,,False,,False,-0.16989903679539742,-0.6702158638369108,0.5115981303307959,False,0.09230769230769231,0.9846153846153847,False,0.05,2.995732273553991
gitlab_strong_allocation_spruce_budget160_rep2_trial0_2026-07-02T21-04-00Z,spruce,2,160,True,True,84,task_h44,gitlab_auditor,0.0,37,0.44047619047619047,7480.9000000000015,2.831853750000001,6,4.0,0.6666666666666666,0.07142857142857142,,False,,False,,False,,False,gitlab_auditor,False,-0.16989903679539742,-0.6702158638369108,0.5115981303307959,False,0.09230769230769231,0.9846153846153847,False,0.05,2.995732273553991
gitlab_strong_allocation_spruce_budget160_rep2_trial0_2026-07-02T21-04-00Z,spruce,2,160,True,True,85,task_h45,explorer,0.0,37,0.43529411764705883,7647.000000000002,2.9029006500000007,6,4.0,0.6666666666666666,0.07058823529411765,,False,,False,,False,,False,,False,-0.16989903679539742,-0.6702158638369108,0.5115981303307959,False,0.09230769230769231,0.9846153846153847,False,0.05,2.995732273553991
gitlab_strong_allocation_spruce_budget160_rep2_trial0_2026-07-02T21-04-00Z,spruce,2,160,True,True,86,task_h46,overthinker,0.0,37,0.43023255813953487,7699.000000000002,2.912927700000001,6,4.0,0.6666666666666666,0.06976744186046512,,False,,False,,False,,False,,False,-0.16989903679539742,-0.6702158638369108,0.5115981303307959,False,0.09230769230769231,0.9846153846153847,False,0.05,2.995732273553991
gitlab_strong_allocation_spruce_budget160_rep2_trial0_2026-07-02T21-04-00Z,spruce,2,160,True,True,87,task_h47,algorithmic,0.0,37,0.42528735632183906,7783.4000000000015,2.9281966500000007,6,4.0,0.6666666666666666,0.06896551724137931,,False,,False,,False,,False,,False,-0.16989903679539742,-0.6702158638369108,0.5115981303307959,False,0.09230769230769231,0.9846153846153847,False,0.05,2.995732273553991
gitlab_strong_allocation_spruce_budget160_rep2_trial0_2026-07-02T21-04-00Z,spruce,2,160,True,True,88,task_h48,gitlab_planner,0.0,37,0.42045454545454547,7836.600000000001,2.9385919500000006,6,4.0,0.6666666666666666,0.06818181818181818,,False,,False,,False,,False,,False,-0.16989903679539742,-0.6702158638369108,0.5115981303307959,False,0.09230769230769231,0.9846153846153847,False,0.05,2.995732273553991
gitlab_strong_allocation_spruce_budget160_rep2_trial0_2026-07-02T21-04-00Z,spruce,2,160,True,True,89,task_h49,gitlab_super_operator,0.0,37,0.4157303370786517,7899.500000000001,2.9563203000000007,6,4.0,0.6666666666666666,0.06741573033707865,,False,,False,,False,,False,gitlab_super_operator,False,-0.16989903679539742,-0.6702158638369108,0.5115981303307959,False,0.09230769230769231,0.9846153846153847,False,0.05,2.995732273553991
gitlab_strong_allocation_spruce_budget160_rep2_trial0_2026-07-02T21-04-00Z,spruce,2,160,True,True,90,task_h50,rapid,0.0,37,0.4111111111111111,8079.500000000001,2.9888052000000007,6,4.0,0.6666666666666666,0.06666666666666667,,False,,False,,False,,False,,False,-0.16989903679539742,-0.6702158638369108,0.5115981303307959,False,0.09230769230769231,0.9846153846153847,False,0.05,2.995732273553991
gitlab_strong_allocation_spruce_budget160_rep2_trial0_2026-07-02T21-04-00Z,spruce,2,160,True,True,91,task_h51,gitlab_rapid_executor,0.0,37,0.4065934065934066,8165.300000000001,3.0105232500000008,6,4.0,0.6666666666666666,0.06593406593406594,,False,,False,,False,,False,gitlab_rapid_executor,False,-0.16989903679539742,-0.6702158638369108,0.5115981303307959,False,0.09230769230769231,0.9846153846153847,False,0.05,2.995732273553991
gitlab_strong_allocation_spruce_budget160_rep2_trial0_2026-07-02T21-04-00Z,spruce,2,160,True,True,92,task_h52,verifier,0.0,37,0.40217391304347827,8225.1,3.0285793500000007,6,4.0,0.6666666666666666,0.06521739130434782,,False,,False,,False,,False,,False,-0.16989903679539742,-0.6702158638369108,0.5115981303307959,False,0.09230769230769231,0.9846153846153847,False,0.05,2.995732273553991
gitlab_strong_allocation_spruce_budget160_rep2_trial0_2026-07-02T21-04-00Z,spruce,2,160,True,True,93,task_h53,exploratory,0.0,37,0.3978494623655914,8405.1,3.0913644000000007,6,4.0,0.6666666666666666,0.06451612903225806,,False,,False,,False,,False,exploratory,False,-0.16989903679539742,-0.6702158638369108,0.5115981303307959,False,0.09230769230769231,0.9846153846153847,False,0.05,2.995732273553991
gitlab_strong_allocation_spruce_budget160_rep2_trial0_2026-07-02T21-04-00Z,spruce,2,160,True,True,94,task_h54,explorer,0.0,37,0.39361702127659576,8498.9,3.1247475000000007,6,4.0,0.6666666666666666,0.06382978723404255,,False,explorer,False,,False,,False,,False,-0.16989903679539742,-0.6702158638369108,0.5115981303307959,False,0.09230769230769231,0.9846153846153847,False,0.05,2.995732273553991
gitlab_strong_allocation_spruce_budget160_rep2_trial0_2026-07-02T21-04-00Z,spruce,2,160,True,True,95,task_h55,overthinker,0.0,37,0.3894736842105263,8546.6,3.1355283000000007,6,4.0,0.6666666666666666,0.06315789473684211,,False,,False,,False,,False,,False,-0.16989903679539742,-0.6702158638369108,0.5115981303307959,False,0.09230769230769231,0.9846153846153847,False,0.05,2.995732273553991
gitlab_strong_allocation_spruce_budget160_rep2_trial0_2026-07-02T21-04-00Z,spruce,2,160,True,True,96,task_h56,algorithmic,0.0,37,0.3854166666666667,8617.6,3.1465206000000006,6,4.0,0.6666666666666666,0.0625,,False,,False,,False,,False,,False,-0.16989903679539742,-0.6702158638369108,0.5115981303307959,False,0.09230769230769231,0.9846153846153847,False,0.05,2.995732273553991
gitlab_strong_allocation_spruce_budget160_rep2_trial0_2026-07-02T21-04-00Z,spruce,2,160,True,True,97,task_h57,gitlab_super_operator,0.0,37,0.38144329896907214,8666.0,3.1572732000000006,6,4.0,0.6666666666666666,0.061855670103092786,,False,,False,,False,,False,gitlab_super_operator,False,-0.16989903679539742,-0.6702158638369108,0.5115981303307959,False,0.09230769230769231,0.9846153846153847,False,0.05,2.995732273553991
gitlab_strong_allocation_spruce_budget160_rep2_trial0_2026-07-02T21-04-00Z,spruce,2,160,True,True,98,task_h58,balanced,0.0,37,0.37755102040816324,8846.0,3.1988505000000007,6,4.0,0.6666666666666666,0.061224489795918366,gitlab_oracle_operator,True,,False,,False,,False,,False,-0.16989903679539742,-0.6702158638369108,0.5115981303307959,False,0.09230769230769231,0.9846153846153847,False,0.05,2.995732273553991
gitlab_strong_allocation_spruce_budget160_rep2_trial0_2026-07-02T21-04-00Z,spruce,2,160,True,True,99,task_h59,gitlab_oracle_operator,0.0,37,0.37373737373737376,9026.0,3.2483142000000007,7,4.0,0.5714285714285714,0.0707070707070707,,False,,False,,False,,False,gitlab_oracle_operator,True,-0.6452124318684699,-0.6702158638369108,0.5115981303307959,False,0.07692307692307693,0.9846153846153847,False,0.05,2.995732273553991
gitlab_strong_allocation_spruce_budget160_rep2_trial0_2026-07-02T21-04-00Z,spruce,2,160,True,True,100,task_h60,gitlab_planner,0.0,37,0.37,9206.0,3.2981565000000006,7,4.0,0.5714285714285714,0.07,,False,,False,,False,,False,gitlab_planner,False,-0.6452124318684699,-0.6702158638369108,0.5115981303307959,False,0.07692307692307693,0.9846153846153847,False,0.05,2.995732273553991
gitlab_strong_allocation_spruce_budget160_rep2_trial0_2026-07-02T21-04-00Z,spruce,2,160,True,True,101,task_h61,planner,0.0,37,0.36633663366336633,9288.8,3.3085638000000004,7,4.0,0.5714285714285714,0.06930693069306931,,False,,False,,False,,False,,False,-0.6452124318684699,-0.6702158638369108,0.5115981303307959,False,0.07692307692307693,0.9846153846153847,False,0.05,2.995732273553991
gitlab_strong_allocation_spruce_budget160_rep2_trial0_2026-07-02T21-04-00Z,spruce,2,160,True,True,102,task_h62,cautious,0.0,37,0.3627450980392157,9468.8,3.3455998500000006,7,4.0,0.5714285714285714,0.06862745098039216,junior_reactive,False,,False,,False,,False,,False,-0.6452124318684699,-0.6702158638369108,0.5115981303307959,False,0.07692307692307693,0.9846153846153847,False,0.05,2.995732273553991
gitlab_strong_allocation_spruce_budget160_rep2_trial0_2026-07-02T21-04-00Z,spruce,2,160,True,True,103,task_h63,junior_reactive,0.0,37,0.3592233009708738,9648.8,3.409307250000001,7,4.0,0.5714285714285714,0.06796116504854369,,False,,False,,False,,False,junior_reactive,False,-0.6452124318684699,-0.6702158638369108,0.5115981303307959,False,0.07692307692307693,0.9846153846153847,False,0.05,2.995732273553991
gitlab_strong_allocation_spruce_budget160_rep2_trial0_2026-07-02T21-04-00Z,spruce,2,160,True,True,104,task_h64,rapid,0.0,37,0.3557692307692308,9781.5,3.440223600000001,7,4.0,0.5714285714285714,0.0673076923076923,,False,,False,,False,,False,,False,-0.6452124318684699,-0.6702158638369108,0.5115981303307959,False,0.07692307692307693,0.9846153846153847,False,0.05,2.995732273553991
gitlab_strong_allocation_spruce_budget160_rep2_trial0_2026-07-02T21-04-00Z,spruce,2,160,True,True,105,task_h65,gitlab_rapid_executor,0.0,37,0.3523809523809524,9961.5,3.526778850000001,7,4.0,0.5714285714285714,0.06666666666666667,,False,,False,,False,,False,gitlab_rapid_executor,False,-0.6452124318684699,-0.6702158638369108,0.5115981303307959,False,0.07692307692307693,0.9846153846153847,False,0.05,2.995732273553991
gitlab_strong_allocation_spruce_budget160_rep2_trial0_2026-07-02T21-04-00Z,spruce,2,160,True,True,106,task_h66,verifier,0.0,37,0.3490566037735849,10141.5,3.587821200000001,7,4.0,0.5714285714285714,0.0660377358490566,,False,,False,,False,,False,,False,-0.6452124318684699,-0.6702158638369108,0.5115981303307959,False,0.07692307692307693,0.9846153846153847,False,0.05,2.995732273553991
gitlab_strong_allocation_spruce_budget160_rep2_trial0_2026-07-02T21-04-00Z,spruce,2,160,True,True,107,task_h67,exploratory,1.0,38,0.35514018691588783,10213.4,3.624761100000001,7,4.0,0.5714285714285714,0.06542056074766354,,False,,False,,False,,False,exploratory,False,-0.6452124318684699,-0.6702158638369108,0.5115981303307959,False,0.07692307692307693,0.9846153846153847,False,0.05,2.995732273553991
gitlab_strong_allocation_spruce_budget160_rep2_trial0_2026-07-02T21-04-00Z,spruce,2,160,True,True,108,task_h68,explorer,0.0,38,0.35185185185185186,10251.8,3.634819650000001,7,4.0,0.5714285714285714,0.06481481481481481,,False,explorer,False,,False,,False,,False,-0.6452124318684699,-0.6702158638369108,0.5115981303307959,False,0.07692307692307693,0.9846153846153847,False,0.05,2.995732273553991
gitlab_strong_allocation_spruce_budget160_rep2_trial0_2026-07-02T21-04-00Z,spruce,2,160,True,True,109,task_h69,overthinker,0.0,38,0.3486238532110092,10431.8,3.659338350000001,7,4.0,0.5714285714285714,0.06422018348623854,,False,,False,,False,,False,,False,-0.6452124318684699,-0.6702158638369108,0.5115981303307959,False,0.07692307692307693,0.9846153846153847,False,0.05,2.995732273553991
gitlab_strong_allocation_spruce_budget160_rep2_trial0_2026-07-02T21-04-00Z,spruce,2,160,True,True,110,task_h70,algorithmic,0.0,38,0.34545454545454546,10537.099999999999,3.675560550000001,7,4.0,0.5714285714285714,0.06363636363636363,,False,,False,,False,,False,,False,-0.6452124318684699,-0.6702158638369108,0.5115981303307959,False,0.07692307692307693,0.9846153846153847,False,0.05,2.995732273553991
gitlab_strong_allocation_spruce_budget160_rep2_trial0_2026-07-02T21-04-00Z,spruce,2,160,True,True,111,task_h71,gitlab_super_operator,0.0,38,0.34234234234234234,10717.099999999999,3.720953550000001,7,4.0,0.5714285714285714,0.06306306306306306,,False,,False,,False,,False,gitlab_super_operator,False,-0.6452124318684699,-0.6702158638369108,0.5115981303307959,False,0.07692307692307693,0.9846153846153847,False,0.05,2.995732273553991
gitlab_strong_allocation_spruce_budget160_rep2_trial0_2026-07-02T21-04-00Z,spruce,2,160,True,True,112,task_h72,baseline,0.0,38,0.3392857142857143,10897.099999999999,3.7617715500000006,7,4.0,0.5714285714285714,0.0625,,False,,False,,False,,False,,False,-0.6452124318684699,-0.6702158638369108,0.5115981303307959,False,0.07692307692307693,0.9846153846153847,False,0.05,2.995732273553991
gitlab_strong_allocation_spruce_budget160_rep2_trial0_2026-07-02T21-04-00Z,spruce,2,160,True,True,113,task_h73,domain_expert,0.0,38,0.336283185840708,11077.099999999999,3.8135398500000006,7,4.0,0.5714285714285714,0.061946902654867256,,False,,False,,False,,False,,False,-0.6452124318684699,-0.6702158638369108,0.5115981303307959,False,0.07692307692307693,0.9846153846153847,False,0.05,2.995732273553991
gitlab_strong_allocation_spruce_budget160_rep2_trial0_2026-07-02T21-04-00Z,spruce,2,160,True,True,114,task_h74,gitlab_domain_expert,0.0,38,0.3333333333333333,11142.699999999999,3.8249176500000006,7,4.0,0.5714285714285714,0.06140350877192982,,False,,False,,False,,False,,False,-0.6452124318684699,-0.6702158638369108,0.5115981303307959,False,0.07692307692307693,0.9846153846153847,False,0.05,2.995732273553991
gitlab_strong_allocation_spruce_budget160_rep2_trial0_2026-07-02T21-04-00Z,spruce,2,160,True,True,115,task_h75,gitlab_auditor,0.0,38,0.33043478260869563,11200.499999999998,3.835157700000001,7,4.0,0.5714285714285714,0.06086956521739131,,False,,False,,False,,False,gitlab_auditor,False,-0.6452124318684699,-0.6702158638369108,0.5115981303307959,False,0.07692307692307693,0.9846153846153847,False,0.05,2.995732273553991
gitlab_strong_allocation_spruce_budget160_rep2_trial0_2026-07-02T21-04-00Z,spruce,2,160,True,True,116,task_h76,gitlab_planner,0.0,38,0.3275862068965517,11380.499999999998,3.8742538500000006,7,4.0,0.5714285714285714,0.0603448275862069,,False,,False,,False,,False,gitlab_planner,False,-0.6452124318684699,-0.6702158638369108,0.5115981303307959,False,0.07692307692307693,0.9846153846153847,False,0.05,2.995732273553991
gitlab_strong_allocation_spruce_budget160_rep2_trial0_2026-07-02T21-04-00Z,spruce,2,160,True,True,117,task_h77,rapid,0.0,38,0.3247863247863248,11440.199999999999,3.8884945500000008,7,4.0,0.5714285714285714,0.05982905982905983,,False,,False,,False,,False,,False,-0.6452124318684699,-0.6702158638369108,0.5115981303307959,False,0.07692307692307693,0.9846153846153847,False,0.05,2.995732273553991
gitlab_strong_allocation_spruce_budget160_rep2_trial0_2026-07-02T21-04-00Z,spruce,2,160,True,True,118,task_h78,gitlab_rapid_executor,0.0,38,0.3220338983050847,11509.4,3.905032200000001,7,4.0,0.5714285714285714,0.059322033898305086,,False,,False,,False,,False,gitlab_rapid_executor,False,-0.6452124318684699,-0.6702158638369108,0.5115981303307959,False,0.07692307692307693,0.9846153846153847,False,0.05,2.995732273553991
gitlab_strong_allocation_spruce_budget160_rep2_trial0_2026-07-02T21-04-00Z,spruce,2,160,True,True,119,task_h79,verifier,0.0,38,0.31932773109243695,11689.4,3.938054550000001,7,4.0,0.5714285714285714,0.058823529411764705,,False,,False,,False,,False,,False,-0.6452124318684699,-0.6702158638369108,0.5115981303307959,False,0.07692307692307693,0.9846153846153847,False,0.05,2.995732273553991
gitlab_strong_allocation_spruce_budget160_rep2_trial0_2026-07-02T21-04-00Z,spruce,2,160,True,True,120,task_h80,exploratory,0.0,38,0.31666666666666665,11747.4,3.948831600000001,7,4.0,0.5714285714285714,0.058333333333333334,,False,,False,,False,,False,exploratory,False,-0.6452124318684699,-0.6702158638369108,0.5115981303307959,False,0.07692307692307693,0.9846153846153847,False,0.05,2.995732273553991
gitlab_strong_allocation_spruce_budget160_rep2_trial0_2026-07-02T21-04-00Z,spruce,2,160,True,True,121,task_h81,explorer,0.0,38,0.3140495867768595,11864.199999999999,3.991407600000001,7,4.0,0.5714285714285714,0.05785123966942149,,False,explorer,False,,False,,False,,False,-0.6452124318684699,-0.6702158638369108,0.5115981303307959,False,0.07692307692307693,0.9846153846153847,False,0.05,2.995732273553991
gitlab_strong_allocation_spruce_budget160_rep2_trial0_2026-07-02T21-04-00Z,spruce,2,160,True,True,122,task_h82,overthinker,0.0,38,0.3114754098360656,11913.4,4.016802000000001,7,4.0,0.5714285714285714,0.05737704918032787,,False,,False,,False,,False,,False,-0.6452124318684699,-0.6702158638369108,0.5115981303307959,False,0.07692307692307693,0.9846153846153847,False,0.05,2.995732273553991
gitlab_strong_allocation_spruce_budget160_rep2_trial0_2026-07-02T21-04-00Z,spruce,2,160,True,True,123,task_h83,algorithmic,0.0,38,0.3089430894308943,11953.6,4.031765850000001,7,4.0,0.5714285714285714,0.056910569105691054,,False,,False,,False,,False,,False,-0.6452124318684699,-0.6702158638369108,0.5115981303307959,False,0.07692307692307693,0.9846153846153847,False,0.05,2.995732273553991
gitlab_strong_allocation_spruce_budget160_rep2_trial0_2026-07-02T21-04-00Z,spruce,2,160,True,True,124,task_h84,gitlab_super_operator,1.0,39,0.31451612903225806,12103.0,4.096639950000001,7,4.0,0.5714285714285714,0.056451612903225805,,False,,False,,False,,False,gitlab_super_operator,False,-0.6452124318684699,-0.6702158638369108,0.5115981303307959,False,0.07692307692307693,0.9846153846153847,False,0.05,2.995732273553991
gitlab_strong_allocation_spruce_budget160_rep2_trial0_2026-07-02T21-04-00Z,spruce,2,160,True,True,125,task_h85,baseline,0.0,39,0.312,12283.0,4.139542800000001,7,4.0,0.5714285714285714,0.056,,False,,False,,False,,False,,False,-0.6452124318684699,-0.6702158638369108,0.5115981303307959,False,0.07692307692307693,0.9846153846153847,False,0.05,2.995732273553991
gitlab_strong_allocation_spruce_budget160_rep2_trial0_2026-07-02T21-04-00Z,spruce,2,160,True,True,126,task_h86,domain_expert,0.0,39,0.30952380952380953,12463.0,4.201543650000001,7,4.0,0.5714285714285714,0.05555555555555555,,False,,False,,False,,False,,False,-0.6452124318684699,-0.6702158638369108,0.5115981303307959,False,0.07692307692307693,0.9846153846153847,False,0.05,2.995732273553991
gitlab_strong_allocation_spruce_budget160_rep2_trial0_2026-07-02T21-04-00Z,spruce,2,160,True,True,127,task_h87,gitlab_domain_expert,0.0,39,0.30708661417322836,12522.9,4.212067200000002,7,4.0,0.5714285714285714,0.05511811023622047,,False,,False,,False,,False,,False,-0.6452124318684699,-0.6702158638369108,0.5115981303307959,False,0.07692307692307693,0.9846153846153847,False,0.05,2.995732273553991
gitlab_strong_allocation_spruce_budget160_rep2_trial0_2026-07-02T21-04-00Z,spruce,2,160,True,True,128,task_h88,gitlab_auditor,0.0,39,0.3046875,12640.199999999999,4.241540250000002,7,4.0,0.5714285714285714,0.0546875,,False,,False,,False,,False,gitlab_auditor,False,-0.6452124318684699,-0.6702158638369108,0.5115981303307959,False,0.07692307692307693,0.9846153846153847,False,0.05,2.995732273553991
gitlab_strong_allocation_spruce_budget160_rep2_trial0_2026-07-02T21-04-00Z,spruce,2,160,True,True,129,task_h89,gitlab_planner,0.0,39,0.3023255813953488,12820.199999999999,4.277238600000001,7,4.0,0.5714285714285714,0.05426356589147287,,False,,False,,False,,False,gitlab_planner,False,-0.6452124318684699,-0.6702158638369108,0.5115981303307959,False,0.07692307692307693,0.9846153846153847,False,0.05,2.995732273553991
gitlab_strong_allocation_spruce_budget160_rep2_trial0_2026-07-02T21-04-00Z,spruce,2,160,True,True,130,task_h90,planner,0.0,39,0.3,12919.099999999999,4.320198750000001,7,4.0,0.5714285714285714,0.05384615384615385,,False,,False,,False,,False,,False,-0.6452124318684699,-0.6702158638369108,0.5115981303307959,False,0.07692307692307693,0.9846153846153847,False,0.05,2.995732273553991
gitlab_strong_allocation_spruce_budget160_rep2_trial0_2026-07-02T21-04-00Z,spruce,2,160,True,True,131,task_h91,cautious,0.0,39,0.29770992366412213,13099.099999999999,4.362823050000001,7,4.0,0.5714285714285714,0.05343511450381679,,False,,False,,False,,False,,False,-0.6452124318684699,-0.6702158638369108,0.5115981303307959,False,0.07692307692307693,0.9846153846153847,False,0.05,2.995732273553991
gitlab_strong_allocation_spruce_budget160_rep2_trial0_2026-07-02T21-04-00Z,spruce,2,160,True,True,132,task_h92,junior_reactive,1.0,40,0.30303030303030304,13234.3,4.416644850000001,7,4.0,0.5714285714285714,0.05303030303030303,,False,,False,,False,,False,junior_reactive,False,-0.6452124318684699,-0.6702158638369108,0.5115981303307959,False,0.07692307692307693,0.9846153846153847,False,0.05,2.995732273553991
gitlab_strong_allocation_spruce_budget160_rep2_trial0_2026-07-02T21-04-00Z,spruce,2,160,True,True,133,task_h93,balanced,0.0,40,0.3007518796992481,13414.3,4.467639900000001,7,4.0,0.5714285714285714,0.05263157894736842,,False,,False,,False,,False,balanced,False,-0.6452124318684699,-0.6702158638369108,0.5115981303307959,False,0.07692307692307693,0.9846153846153847,False,0.05,2.995732273553991
gitlab_strong_allocation_spruce_budget160_rep2_trial0_2026-07-02T21-04-00Z,spruce,2,160,True,True,134,task_h94,gitlab_oracle_operator,0.0,40,0.29850746268656714,13505.0,4.505154600000001,8,4.0,0.5,0.05970149253731343,junior_reactive,False,,False,,False,,False,gitlab_oracle_operator,True,-0.810816381827363,-0.6702158638369108,0.5115981303307959,False,0.07692307692307693,0.9692307692307693,False,0.05,2.995732273553991
gitlab_strong_allocation_spruce_budget160_rep2_trial0_2026-07-02T21-04-00Z,spruce,2,160,True,True,135,task_h95,explorer,0.0,40,0.2962962962962963,13674.7,4.575559350000001,8,4.0,0.5,0.05925925925925926,junior_reactive,False,explorer,False,,False,,False,,False,-0.810816381827363,-0.6702158638369108,0.5115981303307959,False,0.07692307692307693,0.9692307692307693,False,0.05,2.995732273553991
gitlab_strong_allocation_spruce_budget160_rep2_trial0_2026-07-02T21-04-00Z,spruce,2,160,True,True,136,task_h96,overthinker,0.0,40,0.29411764705882354,13744.900000000001,4.589561550000001,8,4.0,0.5,0.058823529411764705,junior_reactive,False,,False,,False,,False,,False,-0.810816381827363,-0.6702158638369108,0.5115981303307959,False,0.07692307692307693,0.9692307692307693,False,0.05,2.995732273553991
gitlab_strong_allocation_spruce_budget160_rep2_trial0_2026-07-02T21-04-00Z,spruce,2,160,True,True,137,task_h97,algorithmic,0.0,40,0.291970802919708,13812.100000000002,4.599608850000001,8,4.0,0.5,0.058394160583941604,junior_reactive,False,,False,,False,,False,,False,-0.810816381827363,-0.6702158638369108,0.5115981303307959,False,0.07692307692307693,0.9692307692307693,False,0.05,2.995732273553991
gitlab_strong_allocation_spruce_budget160_rep2_trial0_2026-07-02T21-04-00Z,spruce,2,160,True,True,138,task_h98,rapid,0.0,40,0.2898550724637681,13992.100000000002,4.675332300000001,8,4.0,0.5,0.057971014492753624,junior_reactive,False,,False,,False,,False,,False,-0.810816381827363,-0.6702158638369108,0.5115981303307959,False,0.07692307692307693,0.9692307692307693,False,0.05,2.995732273553991
gitlab_strong_allocation_spruce_budget160_rep2_trial0_2026-07-02T21-04-00Z,spruce,2,160,True,True,139,task_h99,gitlab_rapid_executor,0.0,40,0.28776978417266186,14172.100000000002,4.714644450000001,8,4.0,0.5,0.05755395683453238,junior_reactive,False,,False,,False,,False,gitlab_rapid_executor,False,-0.810816381827363,-0.6702158638369108,0.5115981303307959,False,0.07692307692307693,0.9692307692307693,False,0.05,2.995732273553991
gitlab_strong_allocation_spruce_budget160_rep2_trial0_2026-07-02T21-04-00Z,spruce,2,160,True,True,140,task_h100,gitlab_super_operator,0.0,40,0.2857142857142857,14352.100000000002,4.740115950000001,8,4.0,0.5,0.05714285714285714,junior_reactive,False,,False,,False,,False,gitlab_super_operator,False,-0.810816381827363,-0.6702158638369108,0.5115981303307959,False,0.07692307692307693,0.9692307692307693,False,0.05,2.995732273553991
gitlab_strong_allocation_spruce_budget160_rep2_trial0_2026-07-02T21-04-00Z,spruce,2,160,True,True,141,task_e1,verifier,1.0,41,0.2907801418439716,14376.700000000003,4.7553837,8,4.0,0.5,0.05673758865248227,junior_reactive,False,,False,,False,,False,,False,-0.810816381827363,-0.6702158638369108,0.5115981303307959,False,0.07692307692307693,0.9692307692307693,False,0.05,2.995732273553991
gitlab_strong_allocation_spruce_budget160_rep2_trial0_2026-07-02T21-04-00Z,spruce,2,160,True,True,142,task_e2,exploratory,1.0,42,0.29577464788732394,14398.000000000002,4.776262200000001,8,4.0,0.5,0.056338028169014086,junior_reactive,False,,False,,False,,False,exploratory,False,-0.810816381827363,-0.6702158638369108,0.5115981303307959,False,0.07692307692307693,0.9692307692307693,False,0.05,2.995732273553991
gitlab_strong_allocation_spruce_budget160_rep2_trial0_2026-07-02T21-04-00Z,spruce,2,160,True,True,143,task_e3,baseline,1.0,43,0.3006993006993007,14408.600000000002,4.792117050000001,8,4.0,0.5,0.055944055944055944,junior_reactive,False,,False,,False,,False,,False,-0.810816381827363,-0.6702158638369108,0.5115981303307959,False,0.07692307692307693,0.9692307692307693,False,0.05,2.995732273553991
gitlab_strong_allocation_spruce_budget160_rep2_trial0_2026-07-02T21-04-00Z,spruce,2,160,True,True,144,task_e4,domain_expert,0.0,43,0.2986111111111111,14588.600000000002,4.814839800000001,8,4.0,0.5,0.05555555555555555,junior_reactive,False,,False,,False,,False,,False,-0.810816381827363,-0.6702158638369108,0.5115981303307959,False,0.07692307692307693,0.9692307692307693,False,0.05,2.995732273553991
gitlab_strong_allocation_spruce_budget160_rep2_trial0_2026-07-02T21-04-00Z,spruce,2,160,True,True,145,task_e5,gitlab_domain_expert,0.0,43,0.296551724137931,14768.600000000002,4.887316650000001,8,4.0,0.5,0.05517241379310345,junior_reactive,False,,False,,False,,False,,False,-0.810816381827363,-0.6702158638369108,0.5115981303307959,False,0.07692307692307693,0.9692307692307693,False,0.05,2.995732273553991
gitlab_strong_allocation_spruce_budget160_rep2_trial0_2026-07-02T21-04-00Z,spruce,2,160,True,True,146,task_e6,gitlab_auditor,1.0,44,0.3013698630136986,14911.800000000003,5.009179950000001,8,4.0,0.5,0.0547945205479452,junior_reactive,False,,False,,False,,False,gitlab_auditor,False,-0.810816381827363,-0.6702158638369108,0.5115981303307959,False,0.07692307692307693,0.9692307692307693,False,0.05,2.995732273553991
gitlab_strong_allocation_spruce_budget160_rep2_trial0_2026-07-02T21-04-00Z,spruce,2,160,True,True,147,task_e7,gitlab_planner,1.0,45,0.30612244897959184,14953.000000000004,5.032797000000001,8,4.0,0.5,0.05442176870748299,junior_reactive,False,,False,,False,,False,gitlab_planner,False,-0.810816381827363,-0.6702158638369108,0.5115981303307959,False,0.07692307692307693,0.9692307692307693,False,0.05,2.995732273553991
gitlab_strong_allocation_spruce_budget160_rep2_trial0_2026-07-02T21-04-00Z,spruce,2,160,True,True,148,task_e8,planner,1.0,46,0.3108108108108108,14971.500000000004,5.052151800000002,8,4.0,0.5,0.05405405405405406,junior_reactive,False,,False,,False,,False,,False,-0.810816381827363,-0.6702158638369108,0.5115981303307959,False,0.07692307692307693,0.9692307692307693,False,0.05,2.995732273553991
gitlab_strong_allocation_spruce_budget160_rep2_trial0_2026-07-02T21-04-00Z,spruce,2,160,True,True,149,task_e9,cautious,1.0,47,0.31543624161073824,14989.800000000003,5.072688600000002,8,4.0,0.5,0.053691275167785234,junior_reactive,False,,False,,False,,False,,False,-0.810816381827363,-0.6702158638369108,0.5115981303307959,False,0.07692307692307693,0.9692307692307693,False,0.05,2.995732273553991
gitlab_strong_allocation_spruce_budget160_rep2_trial0_2026-07-02T21-04-00Z,spruce,2,160,True,True,150,task_e10,junior_reactive,0.0,47,0.31333333333333335,15169.800000000003,5.174704200000002,8,4.0,0.5,0.05333333333333334,,False,,False,,False,,False,junior_reactive,False,-0.810816381827363,-0.6702158638369108,0.5115981303307959,False,0.07692307692307693,0.9692307692307693,False,0.05,2.995732273553991
gitlab_strong_allocation_spruce_budget160_rep2_trial0_2026-07-02T21-04-00Z,spruce,2,160,True,True,151,task_e11,explorer,1.0,48,0.31788079470198677,15276.100000000002,5.257609500000002,8,4.0,0.5,0.052980132450331126,,False,explorer,False,,False,,False,,False,-0.810816381827363,-0.6702158638369108,0.5115981303307959,False,0.07692307692307693,0.9692307692307693,False,0.05,2.995732273553991
gitlab_strong_allocation_spruce_budget160_rep2_trial0_2026-07-02T21-04-00Z,spruce,2,160,True,True,152,task_e12,overthinker,1.0,49,0.3223684210526316,15291.900000000001,5.274766350000002,8,4.0,0.5,0.05263157894736842,,False,,False,,False,,False,,False,-0.810816381827363,-0.6702158638369108,0.5115981303307959,False,0.07692307692307693,0.9692307692307693,False,0.05,2.995732273553991
gitlab_strong_allocation_spruce_budget160_rep2_trial0_2026-07-02T21-04-00Z,spruce,2,160,True,True,153,task_e13,algorithmic,1.0,50,0.32679738562091504,15403.600000000002,5.315775300000002,8,4.0,0.5,0.05228758169934641,,False,,False,,False,,False,,False,-0.810816381827363,-0.6702158638369108,0.5115981303307959,False,0.07692307692307693,0.9692307692307693,False,0.05,2.995732273553991
gitlab_strong_allocation_spruce_budget160_rep2_trial0_2026-07-02T21-04-00Z,spruce,2,160,True,True,154,task_e14,gitlab_super_operator,1.0,51,0.33116883116883117,15420.900000000001,5.335305450000002,8,4.0,0.5,0.05194805194805195,,False,,False,,False,,False,gitlab_super_operator,False,-0.810816381827363,-0.6702158638369108,0.5115981303307959,False,0.07692307692307693,0.9692307692307693,False,0.05,2.995732273553991
gitlab_strong_allocation_spruce_budget160_rep2_trial0_2026-07-02T21-04-00Z,spruce,2,160,True,True,155,task_e15,rapid,1.0,52,0.33548387096774196,15437.500000000002,5.356071000000002,8,4.0,0.5,0.05161290322580645,,False,,False,,False,,False,,False,-0.810816381827363,-0.6702158638369108,0.5115981303307959,False,0.07692307692307693,0.9692307692307693,False,0.05,2.995732273553991
gitlab_strong_allocation_spruce_budget160_rep2_trial0_2026-07-02T21-04-00Z,spruce,2,160,True,True,156,task_e16,gitlab_rapid_executor,1.0,53,0.33974358974358976,15469.200000000003,5.372955150000002,8,4.0,0.5,0.05128205128205128,,False,,False,,False,,False,gitlab_rapid_executor,False,-0.810816381827363,-0.6702158638369108,0.5115981303307959,False,0.07692307692307693,0.9692307692307693,False,0.05,2.995732273553991
gitlab_strong_allocation_spruce_budget160_rep2_trial0_2026-07-02T21-04-00Z,spruce,2,160,True,True,157,task_e17,verifier,1.0,54,0.34394904458598724,15615.700000000003,5.446797450000002,8,4.0,0.5,0.050955414012738856,,False,,False,,False,,False,,False,-0.810816381827363,-0.6702158638369108,0.5115981303307959,False,0.07692307692307693,0.9692307692307693,False,0.05,2.995732273553991
gitlab_strong_allocation_spruce_budget160_rep2_trial0_2026-07-02T21-04-00Z,spruce,2,160,True,True,158,task_e18,exploratory,0.0,54,0.34177215189873417,15795.700000000003,5.5755691500000015,8,4.0,0.5,0.05063291139240506,,False,,False,,False,,False,exploratory,False,-0.810816381827363,-0.6702158638369108,0.5115981303307959,False,0.07692307692307693,0.9692307692307693,False,0.05,2.995732273553991
gitlab_strong_allocation_spruce_budget160_rep2_trial0_2026-07-02T21-04-00Z,spruce,2,160,True,True,159,task_e19,balanced,0.0,54,0.33962264150943394,15847.500000000002,5.592332400000002,8,4.0,0.5,0.050314465408805034,,False,,False,,False,,False,balanced,False,-0.810816381827363,-0.6702158638369108,0.5115981303307959,False,0.07692307692307693,0.9692307692307693,False,0.05,2.995732273553991
gitlab_strong_allocation_spruce_budget160_rep2_trial0_2026-07-02T21-04-00Z,spruce,2,160,True,True,160,task_e20,gitlab_oracle_operator,1.0,55,0.34375,15865.800000000001,5.612539200000002,9,5.0,0.5555555555555556,0.05625,gitlab_oracle_operator,True,,False,,False,,False,gitlab_oracle_operator,True,-0.810816381827363,-0.6702158638369108,0.5115981303307959,False,0.1076923076923077,0.9692307692307693,False,0.05,2.995732273553991
gitlab_strong_allocation_uniform_budget160_rep2_trial0_2026-07-02T18-43-33Z,uniform,2,160,True,True,1,task_e1,baseline,1.0,1,1.0,14.5,0.014770950000000001,0,0.0,,0.0,,False,baseline,False,,False,,False,,False,0.0,0.0,1.0,False,0.015384615384615385,0.9846153846153847,False,0.05,2.995732273553991
gitlab_strong_allocation_uniform_budget160_rep2_trial0_2026-07-02T18-43-33Z,uniform,2,160,True,True,2,task_e2,planner,1.0,2,1.0,32.9,0.034149750000000006,0,0.0,,0.0,,False,,False,,False,,False,,False,0.0,0.0,1.0,False,0.015384615384615385,0.9846153846153847,False,0.05,2.995732273553991
gitlab_strong_allocation_uniform_budget160_rep2_trial0_2026-07-02T18-43-33Z,uniform,2,160,True,True,3,task_e3,cautious,1.0,3,1.0,45.9,0.051311850000000006,0,0.0,,0.0,,False,,False,,False,,False,,False,0.0,0.0,1.0,False,0.015384615384615385,0.9846153846153847,False,0.05,2.995732273553991
gitlab_strong_allocation_uniform_budget160_rep2_trial0_2026-07-02T18-43-33Z,uniform,2,160,True,True,4,task_e4,explorer,0.0,3,0.75,99.19999999999999,0.06630795,0,0.0,,0.0,,False,,False,,False,,False,,False,0.0,0.0,1.0,False,0.015384615384615385,0.9846153846153847,False,0.05,2.995732273553991
gitlab_strong_allocation_uniform_budget160_rep2_trial0_2026-07-02T18-43-33Z,uniform,2,160,True,True,5,task_e5,balanced,0.0,3,0.6,279.2,0.116979,0,0.0,,0.0,,False,,False,,False,,False,,False,0.0,0.0,1.0,False,0.015384615384615385,0.9846153846153847,False,0.05,2.995732273553991
gitlab_strong_allocation_uniform_budget160_rep2_trial0_2026-07-02T18-43-33Z,uniform,2,160,True,True,6,task_e6,overthinker,0.0,3,0.5,334.2,0.12691605,0,0.0,,0.0,,False,,False,,False,,False,,False,0.0,0.0,1.0,False,0.015384615384615385,0.9846153846153847,False,0.05,2.995732273553991
gitlab_strong_allocation_uniform_budget160_rep2_trial0_2026-07-02T18-43-33Z,uniform,2,160,True,True,7,task_e7,rapid,1.0,4,0.5714285714285714,388.3,0.15936615,0,0.0,,0.0,,False,,False,,False,,False,,False,0.0,0.0,1.0,False,0.015384615384615385,0.9846153846153847,False,0.05,2.995732273553991
gitlab_strong_allocation_uniform_budget160_rep2_trial0_2026-07-02T18-43-33Z,uniform,2,160,True,True,8,task_e8,verifier,1.0,5,0.625,405.7,0.17839770000000002,0,0.0,,0.0,,False,,False,,False,,False,,False,0.0,0.0,1.0,False,0.015384615384615385,0.9846153846153847,False,0.05,2.995732273553991
gitlab_strong_allocation_uniform_budget160_rep2_trial0_2026-07-02T18-43-33Z,uniform,2,160,True,True,9,task_e9,exploratory,1.0,6,0.6666666666666666,421.9,0.196029,0,0.0,,0.0,,False,,False,,False,,False,,False,0.0,0.0,1.0,False,0.015384615384615385,0.9846153846153847,False,0.05,2.995732273553991
gitlab_strong_allocation_uniform_budget160_rep2_trial0_2026-07-02T18-43-33Z,uniform,2,160,True,True,10,task_e10,algorithmic,0.0,6,0.6,496.09999999999997,0.24804105,0,0.0,,0.0,,False,,False,,False,,False,,False,0.0,0.0,1.0,False,0.015384615384615385,0.9846153846153847,False,0.05,2.995732273553991
gitlab_strong_allocation_uniform_budget160_rep2_trial0_2026-07-02T18-43-33Z,uniform,2,160,True,True,11,task_e11,junior_reactive,1.0,7,0.6363636363636364,552.8,0.28288695,0,0.0,,0.0,,False,,False,,False,,False,,False,0.0,0.0,1.0,False,0.015384615384615385,0.9846153846153847,False,0.05,2.995732273553991
gitlab_strong_allocation_uniform_budget160_rep2_trial0_2026-07-02T18-43-33Z,uniform,2,160,True,True,12,task_e12,domain_expert,1.0,8,0.6666666666666666,567.1999999999999,0.29948040000000004,0,0.0,,0.0,,False,,False,,False,,False,,False,0.0,0.0,1.0,False,0.015384615384615385,0.9846153846153847,False,0.05,2.995732273553991
gitlab_strong_allocation_uniform_budget160_rep2_trial0_2026-07-02T18-43-33Z,uniform,2,160,True,True,13,task_e13,gitlab_domain_expert,1.0,9,0.6923076923076923,690.8,0.36744000000000004,0,0.0,,0.0,,False,,False,,False,,False,,False,0.0,0.0,1.0,False,0.015384615384615385,0.9846153846153847,False,0.05,2.995732273553991
gitlab_strong_allocation_uniform_budget160_rep2_trial0_2026-07-02T18-43-33Z,uniform,2,160,True,True,14,task_e14,gitlab_rapid_executor,1.0,10,0.7142857142857143,706.0999999999999,0.38602410000000004,0,0.0,,0.0,,False,,False,,False,,False,,False,0.0,0.0,1.0,False,0.015384615384615385,0.9846153846153847,False,0.05,2.995732273553991
gitlab_strong_allocation_uniform_budget160_rep2_trial0_2026-07-02T18-43-33Z,uniform,2,160,True,True,15,task_e15,gitlab_auditor,1.0,11,0.7333333333333333,756.9999999999999,0.40789680000000006,0,0.0,,0.0,,False,,False,,False,,False,,False,0.0,0.0,1.0,False,0.015384615384615385,0.9846153846153847,False,0.05,2.995732273553991
gitlab_strong_allocation_uniform_budget160_rep2_trial0_2026-07-02T18-43-33Z,uniform,2,160,True,True,16,task_e16,gitlab_planner,1.0,12,0.75,822.2999999999998,0.4285530000000001,0,0.0,,0.0,,False,,False,,False,,False,,False,0.0,0.0,1.0,False,0.015384615384615385,0.9846153846153847,False,0.05,2.995732273553991
gitlab_strong_allocation_uniform_budget160_rep2_trial0_2026-07-02T18-43-33Z,uniform,2,160,True,True,17,task_e17,gitlab_super_operator,1.0,13,0.7647058823529411,853.5999999999998,0.4591956000000001,0,0.0,,0.0,,False,,False,,False,,False,,False,0.0,0.0,1.0,False,0.015384615384615385,0.9846153846153847,False,0.05,2.995732273553991
gitlab_strong_allocation_uniform_budget160_rep2_trial0_2026-07-02T18-43-33Z,uniform,2,160,True,True,18,task_e18,gitlab_oracle_operator,1.0,14,0.7777777777777778,867.0999999999998,0.4775259000000001,1,1.0,1.0,0.05555555555555555,,False,,False,,False,,False,,False,0.0,0.0,1.0,False,0.015384615384615385,0.9846153846153847,False,0.05,2.995732273553991
gitlab_strong_allocation_uniform_budget160_rep2_trial0_2026-07-02T18-43-33Z,uniform,2,160,True,True,19,task_e19,baseline,0.0,14,0.7368421052631579,1047.1,0.5534674500000001,1,1.0,1.0,0.05263157894736842,,False,baseline,False,,False,,False,,False,0.0,0.0,1.0,False,0.015384615384615385,0.9846153846153847,False,0.05,2.995732273553991
gitlab_strong_allocation_uniform_budget160_rep2_trial0_2026-07-02T18-43-33Z,uniform,2,160,True,True,20,task_e20,planner,1.0,15,0.75,1106.3,0.5793223500000001,1,1.0,1.0,0.05,,False,,False,planner,False,planner,False,,False,0.0,0.0,1.0,False,0.015384615384615385,0.9846153846153847,False,0.05,2.995732273553991
gitlab_strong_allocation_uniform_budget160_rep2_trial0_2026-07-02T18-43-33Z,uniform,2,160,True,True,21,task_m1,cautious,0.0,15,0.7142857142857143,1261.3,0.6474967500000001,1,1.0,1.0,0.047619047619047616,,False,,False,planner,False,planner,False,,False,0.0,0.0,1.0,False,0.015384615384615385,0.9846153846153847,False,0.05,2.995732273553991
gitlab_strong_allocation_uniform_budget160_rep2_trial0_2026-07-02T18-43-33Z,uniform,2,160,True,True,22,task_m2,explorer,1.0,16,0.7272727272727273,1321.3,0.6802324500000001,1,1.0,1.0,0.045454545454545456,,False,,False,planner,False,planner,False,,False,0.0,0.0,1.0,False,0.015384615384615385,0.9846153846153847,False,0.05,2.995732273553991
gitlab_strong_allocation_uniform_budget160_rep2_trial0_2026-07-02T18-43-33Z,uniform,2,160,True,True,23,task_m3,balanced,1.0,17,0.7391304347826086,1338.0,0.6984640500000001,1,1.0,1.0,0.043478260869565216,,False,,False,planner,False,planner,False,,False,0.0,0.0,1.0,False,0.015384615384615385,0.9846153846153847,False,0.05,2.995732273553991
gitlab_strong_allocation_uniform_budget160_rep2_trial0_2026-07-02T18-43-33Z,uniform,2,160,True,True,24,task_m4,overthinker,0.0,17,0.7083333333333334,1417.4,0.7159290000000001,1,1.0,1.0,0.041666666666666664,,False,,False,planner,False,planner,False,,False,0.0,0.0,1.0,False,0.015384615384615385,0.9846153846153847,False,0.05,2.995732273553991
gitlab_strong_allocation_uniform_budget160_rep2_trial0_2026-07-02T18-43-33Z,uniform,2,160,True,True,25,task_m5,rapid,0.0,17,0.68,1597.4,0.7710442500000001,1,1.0,1.0,0.04,,False,,False,planner,False,planner,False,,False,0.0,0.0,1.0,False,0.015384615384615385,0.9846153846153847,False,0.05,2.995732273553991
gitlab_strong_allocation_uniform_budget160_rep2_trial0_2026-07-02T18-43-33Z,uniform,2,160,True,True,26,task_m6,verifier,1.0,18,0.6923076923076923,1617.4,0.7921075500000001,1,1.0,1.0,0.038461538461538464,,False,,False,,False,,False,,False,0.0,0.0,1.0,False,0.015384615384615385,0.9846153846153847,False,0.05,2.995732273553991
gitlab_strong_allocation_uniform_budget160_rep2_trial0_2026-07-02T18-43-33Z,uniform,2,160,True,True,27,task_m7,exploratory,1.0,19,0.7037037037037037,1758.4,0.8630550000000001,1,1.0,1.0,0.037037037037037035,,False,,False,,False,,False,,False,0.0,0.0,1.0,False,0.015384615384615385,0.9846153846153847,False,0.05,2.995732273553991
gitlab_strong_allocation_uniform_budget160_rep2_trial0_2026-07-02T18-43-33Z,uniform,2,160,True,True,28,task_m8,algorithmic,0.0,19,0.6785714285714286,1938.4,0.9105003000000002,1,1.0,1.0,0.03571428571428571,,False,,False,,False,,False,,False,0.0,0.0,1.0,False,0.015384615384615385,0.9846153846153847,False,0.05,2.995732273553991
gitlab_strong_allocation_uniform_budget160_rep2_trial0_2026-07-02T18-43-33Z,uniform,2,160,True,True,29,task_m9,junior_reactive,1.0,20,0.6896551724137931,2107.1,0.9767058000000002,1,1.0,1.0,0.034482758620689655,,False,,False,,False,,False,,False,0.0,0.0,1.0,False,0.015384615384615385,0.9846153846153847,False,0.05,2.995732273553991
gitlab_strong_allocation_uniform_budget160_rep2_trial0_2026-07-02T18-43-33Z,uniform,2,160,True,True,30,task_m10,domain_expert,0.0,20,0.6666666666666666,2287.1,1.0319155500000001,1,1.0,1.0,0.03333333333333333,,False,,False,,False,,False,,False,0.0,0.0,1.0,False,0.015384615384615385,0.9846153846153847,False,0.05,2.995732273553991
gitlab_strong_allocation_uniform_budget160_rep2_trial0_2026-07-02T18-43-33Z,uniform,2,160,True,True,31,task_m11,gitlab_domain_expert,0.0,20,0.6451612903225806,2367.2,1.0617273,1,1.0,1.0,0.03225806451612903,,False,,False,,False,,False,,False,0.0,0.0,1.0,False,0.015384615384615385,0.9846153846153847,False,0.05,2.995732273553991
gitlab_strong_allocation_uniform_budget160_rep2_trial0_2026-07-02T18-43-33Z,uniform,2,160,True,True,32,task_m12,gitlab_rapid_executor,0.0,20,0.625,2448.1,1.07182485,1,1.0,1.0,0.03125,,False,,False,,False,,False,,False,0.0,0.0,1.0,False,0.015384615384615385,0.9846153846153847,False,0.05,2.995732273553991
gitlab_strong_allocation_uniform_budget160_rep2_trial0_2026-07-02T18-43-33Z,uniform,2,160,True,True,33,task_m13,gitlab_auditor,0.0,20,0.6060606060606061,2628.1,1.15820445,1,1.0,1.0,0.030303030303030304,,False,,False,,False,,False,,False,0.0,0.0,1.0,False,0.015384615384615385,0.9846153846153847,False,0.05,2.995732273553991
gitlab_strong_allocation_uniform_budget160_rep2_trial0_2026-07-02T18-43-33Z,uniform,2,160,True,True,34,task_m14,gitlab_planner,0.0,20,0.5882352941176471,2717.2999999999997,1.1821864499999999,1,1.0,1.0,0.029411764705882353,,False,,False,,False,,False,,False,0.0,0.0,1.0,False,0.015384615384615385,0.9846153846153847,False,0.05,2.995732273553991
gitlab_strong_allocation_uniform_budget160_rep2_trial0_2026-07-02T18-43-33Z,uniform,2,160,True,True,35,task_m15,gitlab_super_operator,1.0,21,0.6,2741.3999999999996,1.20955485,1,1.0,1.0,0.02857142857142857,,False,,False,,False,,False,,False,0.0,0.0,1.0,False,0.015384615384615385,0.9846153846153847,False,0.05,2.995732273553991
gitlab_strong_allocation_uniform_budget160_rep2_trial0_2026-07-02T18-43-33Z,uniform,2,160,True,True,36,task_m16,gitlab_oracle_operator,1.0,22,0.6111111111111112,2758.9999999999995,1.22807865,2,2.0,1.0,0.05555555555555555,,False,,False,,False,,False,,False,0.4054651081081644,0.09166718852582387,1.096,False,0.015384615384615385,0.9846153846153847,False,0.05,2.995732273553991
gitlab_strong_allocation_uniform_budget160_rep2_trial0_2026-07-02T18-43-33Z,uniform,2,160,True,True,37,task_m17,baseline,0.0,22,0.5945945945945946,2798.3999999999996,1.25058045,2,2.0,1.0,0.05405405405405406,baseline,False,baseline,False,,False,,False,,False,0.4054651081081644,0.09166718852582387,1.096,False,0.015384615384615385,0.9846153846153847,False,0.05,2.995732273553991
gitlab_strong_allocation_uniform_budget160_rep2_trial0_2026-07-02T18-43-33Z,uniform,2,160,True,True,38,task_m18,planner,1.0,23,0.6052631578947368,2945.5999999999995,1.3085493,2,2.0,1.0,0.05263157894736842,planner,False,,False,planner,False,planner,False,,False,0.4054651081081644,0.09166718852582387,1.096,False,0.015384615384615385,0.9846153846153847,False,0.05,2.995732273553991
gitlab_strong_allocation_uniform_budget160_rep2_trial0_2026-07-02T18-43-33Z,uniform,2,160,True,True,39,task_m19,cautious,0.0,23,0.5897435897435898,2973.6999999999994,1.3295008499999998,2,2.0,1.0,0.05128205128205128,planner,False,,False,planner,False,planner,False,,False,0.4054651081081644,0.09166718852582387,1.096,False,0.015384615384615385,0.9846153846153847,False,0.05,2.995732273553991
gitlab_strong_allocation_uniform_budget160_rep2_trial0_2026-07-02T18-43-33Z,uniform,2,160,True,True,40,task_m20,explorer,1.0,24,0.6,2993.5999999999995,1.34837715,2,2.0,1.0,0.05,planner,False,,False,planner,False,planner,False,,False,0.4054651081081644,0.09166718852582387,1.096,False,0.015384615384615385,0.9846153846153847,False,0.05,2.995732273553991
gitlab_strong_allocation_uniform_budget160_rep2_trial0_2026-07-02T18-43-33Z,uniform,2,160,True,True,41,task_h1,balanced,0.0,24,0.5853658536585366,3123.7999999999993,1.37755695,2,2.0,1.0,0.04878048780487805,planner,False,,False,planner,False,planner,False,,False,0.4054651081081644,0.09166718852582387,1.096,False,0.015384615384615385,0.9846153846153847,False,0.05,2.995732273553991
gitlab_strong_allocation_uniform_budget160_rep2_trial0_2026-07-02T18-43-33Z,uniform,2,160,True,True,42,task_h2,overthinker,0.0,24,0.5714285714285714,3210.5999999999995,1.3877175,2,2.0,1.0,0.047619047619047616,planner,False,,False,planner,False,planner,False,,False,0.4054651081081644,0.09166718852582387,1.096,False,0.015384615384615385,0.9846153846153847,False,0.05,2.995732273553991
gitlab_strong_allocation_uniform_budget160_rep2_trial0_2026-07-02T18-43-33Z,uniform,2,160,True,True,43,task_h3,rapid,0.0,24,0.5581395348837209,3390.5999999999995,1.42216455,2,2.0,1.0,0.046511627906976744,planner,False,,False,planner,False,planner,False,,False,0.4054651081081644,0.09166718852582387,1.096,False,0.015384615384615385,0.9846153846153847,False,0.05,2.995732273553991
gitlab_strong_allocation_uniform_budget160_rep2_trial0_2026-07-02T18-43-33Z,uniform,2,160,True,True,44,task_h4,verifier,1.0,25,0.5681818181818182,3543.2999999999993,1.47162345,2,2.0,1.0,0.045454545454545456,,False,,False,,False,,False,,False,0.4054651081081644,0.09166718852582387,1.096,False,0.015384615384615385,0.9846153846153847,False,0.05,2.995732273553991
gitlab_strong_allocation_uniform_budget160_rep2_trial0_2026-07-02T18-43-33Z,uniform,2,160,True,True,45,task_h5,exploratory,0.0,25,0.5555555555555556,3723.2999999999993,1.5190720500000001,2,2.0,1.0,0.044444444444444446,,False,,False,,False,,False,,False,0.4054651081081644,0.09166718852582387,1.096,False,0.015384615384615385,0.9846153846153847,False,0.05,2.995732273553991
gitlab_strong_allocation_uniform_budget160_rep2_trial0_2026-07-02T18-43-33Z,uniform,2,160,True,True,46,task_h6,algorithmic,0.0,25,0.5434782608695652,3903.2999999999993,1.5689379,2,2.0,1.0,0.043478260869565216,,False,,False,,False,,False,,False,0.4054651081081644,0.09166718852582387,1.096,False,0.015384615384615385,0.9846153846153847,False,0.05,2.995732273553991
gitlab_strong_allocation_uniform_budget160_rep2_trial0_2026-07-02T18-43-33Z,uniform,2,160,True,True,47,task_h7,junior_reactive,1.0,26,0.5531914893617021,3937.2999999999993,1.5913807500000001,2,2.0,1.0,0.0425531914893617,,False,,False,,False,,False,,False,0.4054651081081644,0.09166718852582387,1.096,False,0.015384615384615385,0.9846153846153847,False,0.05,2.995732273553991
gitlab_strong_allocation_uniform_budget160_rep2_trial0_2026-07-02T18-43-33Z,uniform,2,160,True,True,48,task_h8,domain_expert,1.0,27,0.5625,4027.399999999999,1.6212793500000002,2,2.0,1.0,0.041666666666666664,,False,,False,,False,,False,,False,0.4054651081081644,0.09166718852582387,1.096,False,0.015384615384615385,0.9846153846153847,False,0.05,2.995732273553991
gitlab_strong_allocation_uniform_budget160_rep2_trial0_2026-07-02T18-43-33Z,uniform,2,160,True,True,49,task_h9,gitlab_domain_expert,0.0,27,0.5510204081632653,4088.1999999999994,1.6317669000000001,2,2.0,1.0,0.04081632653061224,,False,,False,,False,,False,,False,0.4054651081081644,0.09166718852582387,1.096,False,0.015384615384615385,0.9846153846153847,False,0.05,2.995732273553991
gitlab_strong_allocation_uniform_budget160_rep2_trial0_2026-07-02T18-43-33Z,uniform,2,160,True,True,50,task_h10,gitlab_rapid_executor,0.0,27,0.54,4268.199999999999,1.7530957500000002,2,2.0,1.0,0.04,,False,,False,,False,,False,,False,0.4054651081081644,0.09166718852582387,1.096,False,0.015384615384615385,0.9846153846153847,False,0.05,2.995732273553991
gitlab_strong_allocation_uniform_budget160_rep2_trial0_2026-07-02T18-43-33Z,uniform,2,160,True,True,51,task_h11,gitlab_auditor,0.0,27,0.5294117647058824,4448.199999999999,1.7830434000000002,2,2.0,1.0,0.0392156862745098,,False,,False,,False,,False,,False,0.4054651081081644,0.09166718852582387,1.096,False,0.015384615384615385,0.9846153846153847,False,0.05,2.995732273553991
gitlab_strong_allocation_uniform_budget160_rep2_trial0_2026-07-02T18-43-33Z,uniform,2,160,True,True,52,task_h12,gitlab_planner,0.0,27,0.5192307692307693,4602.899999999999,1.8077092500000003,2,2.0,1.0,0.038461538461538464,,False,,False,,False,,False,,False,0.4054651081081644,0.09166718852582387,1.096,False,0.015384615384615385,0.9846153846153847,False,0.05,2.995732273553991
gitlab_strong_allocation_uniform_budget160_rep2_trial0_2026-07-02T18-43-33Z,uniform,2,160,True,True,53,task_h13,gitlab_super_operator,0.0,27,0.5094339622641509,4782.899999999999,1.8607872000000003,2,2.0,1.0,0.03773584905660377,,False,,False,,False,,False,,False,0.4054651081081644,0.09166718852582387,1.096,False,0.015384615384615385,0.9846153846153847,False,0.05,2.995732273553991
gitlab_strong_allocation_uniform_budget160_rep2_trial0_2026-07-02T18-43-33Z,uniform,2,160,True,True,54,task_h14,gitlab_oracle_operator,1.0,28,0.5185185185185185,4827.899999999999,1.9020321000000002,3,3.0,1.0,0.05555555555555555,,False,,False,,False,,False,,False,0.8109302162163288,0.28582320296678143,1.3308571428571432,False,0.06153846153846154,0.9846153846153847,False,0.05,2.995732273553991
gitlab_strong_allocation_uniform_budget160_rep2_trial0_2026-07-02T18-43-33Z,uniform,2,160,True,True,55,task_h15,baseline,0.0,28,0.509090909090909,5007.899999999999,2.0365152,3,3.0,1.0,0.05454545454545454,,False,baseline,False,,False,,False,,False,0.8109302162163288,0.28582320296678143,1.3308571428571432,False,0.06153846153846154,0.9846153846153847,False,0.05,2.995732273553991
gitlab_strong_allocation_uniform_budget160_rep2_trial0_2026-07-02T18-43-33Z,uniform,2,160,True,True,56,task_h16,planner,0.0,28,0.5,5187.899999999999,2.0509485,3,3.0,1.0,0.05357142857142857,,False,,False,,False,,False,,False,0.8109302162163288,0.28582320296678143,1.3308571428571432,False,0.06153846153846154,0.9846153846153847,False,0.05,2.995732273553991
gitlab_strong_allocation_uniform_budget160_rep2_trial0_2026-07-02T18-43-33Z,uniform,2,160,True,True,57,task_h17,cautious,0.0,28,0.49122807017543857,5256.499999999999,2.0611698,3,3.0,1.0,0.05263157894736842,,False,,False,,False,,False,,False,0.8109302162163288,0.28582320296678143,1.3308571428571432,False,0.06153846153846154,0.9846153846153847,False,0.05,2.995732273553991
gitlab_strong_allocation_uniform_budget160_rep2_trial0_2026-07-02T18-43-33Z,uniform,2,160,True,True,58,task_h18,explorer,0.0,28,0.4827586206896552,5400.299999999999,2.0868111000000003,3,3.0,1.0,0.05172413793103448,,False,,False,,False,,False,,False,0.8109302162163288,0.28582320296678143,1.3308571428571432,False,0.06153846153846154,0.9846153846153847,False,0.05,2.995732273553991
gitlab_strong_allocation_uniform_budget160_rep2_trial0_2026-07-02T18-43-33Z,uniform,2,160,True,True,59,task_h19,balanced,0.0,28,0.4745762711864407,5580.299999999999,2.1104904,3,3.0,1.0,0.05084745762711865,,False,,False,,False,,False,,False,0.8109302162163288,0.28582320296678143,1.3308571428571432,False,0.06153846153846154,0.9846153846153847,False,0.05,2.995732273553991
gitlab_strong_allocation_uniform_budget160_rep2_trial0_2026-07-02T18-43-33Z,uniform,2,160,True,True,60,task_h20,overthinker,0.0,28,0.4666666666666667,5760.299999999999,2.1666732000000004,3,3.0,1.0,0.05,,False,,False,,False,,False,,False,0.8109302162163288,0.28582320296678143,1.3308571428571432,False,0.06153846153846154,0.9846153846153847,False,0.05,2.995732273553991
gitlab_strong_allocation_uniform_budget160_rep2_trial0_2026-07-02T18-43-33Z,uniform,2,160,True,True,61,task_h21,rapid,1.0,29,0.47540983606557374,5882.799999999999,2.2038396000000002,3,3.0,1.0,0.04918032786885246,,False,,False,,False,,False,,False,0.8109302162163288,0.28582320296678143,1.3308571428571432,False,0.06153846153846154,0.9846153846153847,False,0.05,2.995732273553991
gitlab_strong_allocation_uniform_budget160_rep2_trial0_2026-07-02T18-43-33Z,uniform,2,160,True,True,62,task_h22,verifier,0.0,29,0.46774193548387094,6010.599999999999,2.2382536500000003,3,3.0,1.0,0.04838709677419355,,False,,False,,False,,False,,False,0.8109302162163288,0.28582320296678143,1.3308571428571432,False,0.06153846153846154,0.9846153846153847,False,0.05,2.995732273553991
gitlab_strong_allocation_uniform_budget160_rep2_trial0_2026-07-02T18-43-33Z,uniform,2,160,True,True,63,task_h23,exploratory,1.0,30,0.47619047619047616,6045.299999999999,2.2698426000000005,3,3.0,1.0,0.047619047619047616,,False,,False,,False,,False,,False,0.8109302162163288,0.28582320296678143,1.3308571428571432,False,0.06153846153846154,0.9846153846153847,False,0.05,2.995732273553991
gitlab_strong_allocation_uniform_budget160_rep2_trial0_2026-07-02T18-43-33Z,uniform,2,160,True,True,64,task_h24,algorithmic,0.0,30,0.46875,6130.199999999999,2.2879588500000003,3,3.0,1.0,0.046875,,False,,False,,False,,False,,False,0.8109302162163288,0.28582320296678143,1.3308571428571432,False,0.06153846153846154,0.9846153846153847,False,0.05,2.995732273553991
gitlab_strong_allocation_uniform_budget160_rep2_trial0_2026-07-02T18-43-33Z,uniform,2,160,True,True,65,task_h25,junior_reactive,0.0,30,0.46153846153846156,6310.199999999999,2.3439910500000005,3,3.0,1.0,0.046153846153846156,gitlab_oracle_operator,True,,False,gitlab_oracle_operator,True,gitlab_oracle_operator,True,,False,0.8109302162163288,0.28582320296678143,1.3308571428571432,False,0.06153846153846154,0.9846153846153847,False,0.05,2.995732273553991
gitlab_strong_allocation_uniform_budget160_rep2_trial0_2026-07-02T18-43-33Z,uniform,2,160,True,True,66,task_h26,domain_expert,0.0,30,0.45454545454545453,6367.399999999999,2.3544906000000005,3,3.0,1.0,0.045454545454545456,gitlab_oracle_operator,True,,False,gitlab_oracle_operator,True,gitlab_oracle_operator,True,,False,0.8109302162163288,0.28582320296678143,1.3308571428571432,False,0.06153846153846154,0.9846153846153847,False,0.05,2.995732273553991
gitlab_strong_allocation_uniform_budget160_rep2_trial0_2026-07-02T18-43-33Z,uniform,2,160,True,True,67,task_h27,gitlab_domain_expert,1.0,31,0.4626865671641791,6408.5999999999985,2.3723514000000003,3,3.0,1.0,0.04477611940298507,gitlab_oracle_operator,True,,False,gitlab_oracle_operator,True,gitlab_oracle_operator,True,,False,0.8109302162163288,0.28582320296678143,1.3308571428571432,False,0.06153846153846154,0.9846153846153847,False,0.05,2.995732273553991
gitlab_strong_allocation_uniform_budget160_rep2_trial0_2026-07-02T18-43-33Z,uniform,2,160,True,True,68,task_h28,gitlab_rapid_executor,1.0,32,0.47058823529411764,6496.5999999999985,2.4142825500000002,3,3.0,1.0,0.04411764705882353,gitlab_oracle_operator,True,,False,gitlab_oracle_operator,True,gitlab_oracle_operator,True,,False,0.8109302162163288,0.28582320296678143,1.3308571428571432,False,0.06153846153846154,0.9846153846153847,False,0.05,2.995732273553991
gitlab_strong_allocation_uniform_budget160_rep2_trial0_2026-07-02T18-43-33Z,uniform,2,160,True,True,69,task_h29,gitlab_auditor,0.0,32,0.463768115942029,6552.5999999999985,2.4251113500000003,3,3.0,1.0,0.043478260869565216,gitlab_oracle_operator,True,,False,gitlab_oracle_operator,True,gitlab_oracle_operator,True,,False,0.8109302162163288,0.28582320296678143,1.3308571428571432,False,0.06153846153846154,0.9846153846153847,False,0.05,2.995732273553991
gitlab_strong_allocation_uniform_budget160_rep2_trial0_2026-07-02T18-43-33Z,uniform,2,160,True,True,70,task_h30,gitlab_planner,0.0,32,0.45714285714285713,6732.5999999999985,2.4394512,3,3.0,1.0,0.04285714285714286,gitlab_oracle_operator,True,,False,gitlab_oracle_operator,True,gitlab_oracle_operator,True,,False,0.8109302162163288,0.28582320296678143,1.3308571428571432,False,0.06153846153846154,0.9846153846153847,False,0.05,2.995732273553991
gitlab_strong_allocation_uniform_budget160_rep2_trial0_2026-07-02T18-43-33Z,uniform,2,160,True,True,71,task_h31,gitlab_super_operator,0.0,32,0.4507042253521127,6912.5999999999985,2.5162758000000003,3,3.0,1.0,0.04225352112676056,gitlab_oracle_operator,True,,False,gitlab_oracle_operator,True,gitlab_oracle_operator,True,,False,0.8109302162163288,0.28582320296678143,1.3308571428571432,False,0.06153846153846154,0.9846153846153847,False,0.05,2.995732273553991
gitlab_strong_allocation_uniform_budget160_rep2_trial0_2026-07-02T18-43-33Z,uniform,2,160,True,True,72,task_h32,gitlab_oracle_operator,1.0,33,0.4583333333333333,6959.399999999999,2.5581754500000002,4,4.0,1.0,0.05555555555555555,gitlab_oracle_operator,True,,False,gitlab_oracle_operator,True,gitlab_oracle_operator,True,,False,1.2163953243244932,0.47997921740773897,1.616040816326531,False,0.18461538461538463,0.9846153846153847,False,0.05,2.995732273553991
gitlab_strong_allocation_uniform_budget160_rep2_trial0_2026-07-02T18-43-33Z,uniform,2,160,True,True,73,task_h33,baseline,0.0,33,0.4520547945205479,6971.399999999999,2.566704,4,4.0,1.0,0.0547945205479452,gitlab_oracle_operator,True,baseline,False,gitlab_oracle_operator,True,gitlab_oracle_operator,True,,False,1.2163953243244932,0.47997921740773897,1.616040816326531,False,0.18461538461538463,0.9846153846153847,False,0.05,2.995732273553991
gitlab_strong_allocation_uniform_budget160_rep2_trial0_2026-07-02T18-43-33Z,uniform,2,160,True,True,74,task_h34,planner,0.0,33,0.44594594594594594,6971.5999999999985,2.566704,4,4.0,1.0,0.05405405405405406,gitlab_oracle_operator,True,,False,gitlab_oracle_operator,True,gitlab_oracle_operator,True,,False,1.2163953243244932,0.47997921740773897,1.616040816326531,False,0.18461538461538463,0.9846153846153847,False,0.05,2.995732273553991
gitlab_strong_allocation_uniform_budget160_rep2_trial0_2026-07-02T18-43-33Z,uniform,2,160,True,True,75,task_h35,cautious,0.0,33,0.44,6971.799999999998,2.566704,4,4.0,1.0,0.05333333333333334,gitlab_oracle_operator,True,,False,gitlab_oracle_operator,True,gitlab_oracle_operator,True,,False,1.2163953243244932,0.47997921740773897,1.616040816326531,False,0.18461538461538463,0.9846153846153847,False,0.05,2.995732273553991
gitlab_strong_allocation_uniform_budget160_rep2_trial0_2026-07-02T18-43-33Z,uniform,2,160,True,True,76,task_h36,explorer,0.0,33,0.4342105263157895,6971.999999999998,2.566704,4,4.0,1.0,0.05263157894736842,gitlab_oracle_operator,True,,False,gitlab_oracle_operator,True,gitlab_oracle_operator,True,,False,1.2163953243244932,0.47997921740773897,1.616040816326531,False,0.18461538461538463,0.9846153846153847,False,0.05,2.995732273553991
gitlab_strong_allocation_uniform_budget160_rep2_trial0_2026-07-02T18-43-33Z,uniform,2,160,True,True,77,task_h37,balanced,0.0,33,0.42857142857142855,6972.199999999998,2.566704,4,4.0,1.0,0.05194805194805195,gitlab_oracle_operator,True,,False,gitlab_oracle_operator,True,gitlab_oracle_operator,True,,False,1.2163953243244932,0.47997921740773897,1.616040816326531,False,0.18461538461538463,0.9846153846153847,False,0.05,2.995732273553991
gitlab_strong_allocation_uniform_budget160_rep2_trial0_2026-07-02T18-43-33Z,uniform,2,160,True,True,78,task_h38,overthinker,0.0,33,0.4230769230769231,6972.399999999998,2.566704,4,4.0,1.0,0.05128205128205128,gitlab_oracle_operator,True,,False,gitlab_oracle_operator,True,gitlab_oracle_operator,True,,False,1.2163953243244932,0.47997921740773897,1.616040816326531,False,0.18461538461538463,0.9846153846153847,False,0.05,2.995732273553991
gitlab_strong_allocation_uniform_budget160_rep2_trial0_2026-07-02T18-43-33Z,uniform,2,160,True,True,79,task_h39,rapid,0.0,33,0.4177215189873418,6972.599999999998,2.566704,4,4.0,1.0,0.05063291139240506,gitlab_oracle_operator,True,,False,gitlab_oracle_operator,True,gitlab_oracle_operator,True,,False,1.2163953243244932,0.47997921740773897,1.616040816326531,False,0.18461538461538463,0.9846153846153847,False,0.05,2.995732273553991
gitlab_strong_allocation_uniform_budget160_rep2_trial0_2026-07-02T18-43-33Z,uniform,2,160,True,True,80,task_h40,verifier,0.0,33,0.4125,6972.799999999997,2.566704,4,4.0,1.0,0.05,gitlab_oracle_operator,True,,False,gitlab_oracle_operator,True,gitlab_oracle_operator,True,,False,1.2163953243244932,0.47997921740773897,1.616040816326531,False,0.18461538461538463,0.9846153846153847,False,0.05,2.995732273553991
gitlab_strong_allocation_uniform_budget160_rep2_trial0_2026-07-02T18-43-33Z,uniform,2,160,True,True,81,task_h41,exploratory,0.0,33,0.4074074074074074,6972.999999999997,2.566704,4,4.0,1.0,0.04938271604938271,gitlab_oracle_operator,True,,False,gitlab_oracle_operator,True,gitlab_oracle_operator,True,,False,1.2163953243244932,0.47997921740773897,1.616040816326531,False,0.18461538461538463,0.9846153846153847,False,0.05,2.995732273553991
gitlab_strong_allocation_uniform_budget160_rep2_trial0_2026-07-02T18-43-33Z,uniform,2,160,True,True,82,task_h42,algorithmic,0.0,33,0.4024390243902439,6973.199999999997,2.566704,4,4.0,1.0,0.04878048780487805,gitlab_oracle_operator,True,,False,gitlab_oracle_operator,True,gitlab_oracle_operator,True,,False,1.2163953243244932,0.47997921740773897,1.616040816326531,False,0.18461538461538463,0.9846153846153847,False,0.05,2.995732273553991
gitlab_strong_allocation_uniform_budget160_rep2_trial0_2026-07-02T18-43-33Z,uniform,2,160,True,True,83,task_h43,junior_reactive,0.0,33,0.39759036144578314,6973.399999999997,2.566704,4,4.0,1.0,0.04819277108433735,gitlab_oracle_operator,True,,False,gitlab_oracle_operator,True,gitlab_oracle_operator,True,,False,1.2163953243244932,0.47997921740773897,1.616040816326531,False,0.18461538461538463,0.9846153846153847,False,0.05,2.995732273553991
gitlab_strong_allocation_uniform_budget160_rep2_trial0_2026-07-02T18-43-33Z,uniform,2,160,True,True,84,task_h44,domain_expert,0.0,33,0.39285714285714285,6973.599999999997,2.566704,4,4.0,1.0,0.047619047619047616,gitlab_oracle_operator,True,,False,gitlab_oracle_operator,True,gitlab_oracle_operator,True,,False,1.2163953243244932,0.47997921740773897,1.616040816326531,False,0.18461538461538463,0.9846153846153847,False,0.05,2.995732273553991
gitlab_strong_allocation_uniform_budget160_rep2_trial0_2026-07-02T18-43-33Z,uniform,2,160,True,True,85,task_h45,gitlab_domain_expert,0.0,33,0.38823529411764707,6973.7999999999965,2.566704,4,4.0,1.0,0.047058823529411764,gitlab_oracle_operator,True,,False,gitlab_oracle_operator,True,gitlab_oracle_operator,True,,False,1.2163953243244932,0.47997921740773897,1.616040816326531,False,0.18461538461538463,0.9846153846153847,False,0.05,2.995732273553991
gitlab_strong_allocation_uniform_budget160_rep2_trial0_2026-07-02T18-43-33Z,uniform,2,160,True,True,86,task_h46,gitlab_rapid_executor,0.0,33,0.38372093023255816,6973.999999999996,2.566704,4,4.0,1.0,0.046511627906976744,gitlab_oracle_operator,True,,False,gitlab_oracle_operator,True,gitlab_oracle_operator,True,,False,1.2163953243244932,0.47997921740773897,1.616040816326531,False,0.18461538461538463,0.9846153846153847,False,0.05,2.995732273553991
gitlab_strong_allocation_uniform_budget160_rep2_trial0_2026-07-02T18-43-33Z,uniform,2,160,True,True,87,task_h47,gitlab_auditor,0.0,33,0.3793103448275862,6974.199999999996,2.566704,4,4.0,1.0,0.04597701149425287,gitlab_oracle_operator,True,,False,gitlab_oracle_operator,True,gitlab_oracle_operator,True,,False,1.2163953243244932,0.47997921740773897,1.616040816326531,False,0.18461538461538463,0.9846153846153847,False,0.05,2.995732273553991
gitlab_strong_allocation_uniform_budget160_rep2_trial0_2026-07-02T18-43-33Z,uniform,2,160,True,True,88,task_h48,gitlab_planner,0.0,33,0.375,6974.399999999996,2.566704,4,4.0,1.0,0.045454545454545456,gitlab_oracle_operator,True,,False,gitlab_oracle_operator,True,gitlab_oracle_operator,True,,False,1.2163953243244932,0.47997921740773897,1.616040816326531,False,0.18461538461538463,0.9846153846153847,False,0.05,2.995732273553991
gitlab_strong_allocation_uniform_budget160_rep2_trial0_2026-07-02T18-43-33Z,uniform,2,160,True,True,89,task_h49,gitlab_super_operator,0.0,33,0.3707865168539326,6974.599999999996,2.566704,4,4.0,1.0,0.0449438202247191,gitlab_oracle_operator,True,,False,gitlab_oracle_operator,True,gitlab_oracle_operator,True,,False,1.2163953243244932,0.47997921740773897,1.616040816326531,False,0.18461538461538463,0.9846153846153847,False,0.05,2.995732273553991
gitlab_strong_allocation_uniform_budget160_rep2_trial0_2026-07-02T18-43-33Z,uniform,2,160,True,True,90,task_h50,gitlab_oracle_operator,0.0,33,0.36666666666666664,6974.799999999996,2.566704,5,4.0,0.8,0.05555555555555555,gitlab_oracle_operator,True,,False,gitlab_oracle_operator,True,,False,,False,0.5232481437645479,-0.21316796315220632,0.8080204081632655,False,0.13846153846153847,0.9846153846153847,False,0.05,2.995732273553991
gitlab_strong_allocation_uniform_budget160_rep2_trial0_2026-07-02T18-43-33Z,uniform,2,160,True,True,91,task_h51,baseline,0.0,33,0.3626373626373626,6974.999999999995,2.566704,5,4.0,0.8,0.054945054945054944,gitlab_oracle_operator,True,baseline,False,gitlab_oracle_operator,True,,False,,False,0.5232481437645479,-0.21316796315220632,0.8080204081632655,False,0.13846153846153847,0.9846153846153847,False,0.05,2.995732273553991
gitlab_strong_allocation_uniform_budget160_rep2_trial0_2026-07-02T18-43-33Z,uniform,2,160,True,True,92,task_h52,planner,0.0,33,0.358695652173913,6975.199999999995,2.566704,5,4.0,0.8,0.05434782608695652,gitlab_oracle_operator,True,,False,gitlab_oracle_operator,True,,False,,False,0.5232481437645479,-0.21316796315220632,0.8080204081632655,False,0.13846153846153847,0.9846153846153847,False,0.05,2.995732273553991
gitlab_strong_allocation_uniform_budget160_rep2_trial0_2026-07-02T18-43-33Z,uniform,2,160,True,True,93,task_h53,cautious,0.0,33,0.3548387096774194,6975.399999999995,2.566704,5,4.0,0.8,0.053763440860215055,gitlab_oracle_operator,True,,False,gitlab_oracle_operator,True,,False,,False,0.5232481437645479,-0.21316796315220632,0.8080204081632655,False,0.13846153846153847,0.9846153846153847,False,0.05,2.995732273553991
gitlab_strong_allocation_uniform_budget160_rep2_trial0_2026-07-02T18-43-33Z,uniform,2,160,True,True,94,task_h54,explorer,0.0,33,0.35106382978723405,6975.599999999995,2.566704,5,4.0,0.8,0.05319148936170213,gitlab_oracle_operator,True,,False,gitlab_oracle_operator,True,,False,,False,0.5232481437645479,-0.21316796315220632,0.8080204081632655,False,0.13846153846153847,0.9846153846153847,False,0.05,2.995732273553991
gitlab_strong_allocation_uniform_budget160_rep2_trial0_2026-07-02T18-43-33Z,uniform,2,160,True,True,95,task_h55,balanced,0.0,33,0.3473684210526316,6975.799999999995,2.566704,5,4.0,0.8,0.05263157894736842,gitlab_oracle_operator,True,,False,gitlab_oracle_operator,True,,False,,False,0.5232481437645479,-0.21316796315220632,0.8080204081632655,False,0.13846153846153847,0.9846153846153847,False,0.05,2.995732273553991
gitlab_strong_allocation_uniform_budget160_rep2_trial0_2026-07-02T18-43-33Z,uniform,2,160,True,True,96,task_h56,overthinker,0.0,33,0.34375,6975.9999999999945,2.566704,5,4.0,0.8,0.052083333333333336,gitlab_oracle_operator,True,,False,gitlab_oracle_operator,True,,False,,False,0.5232481437645479,-0.21316796315220632,0.8080204081632655,False,0.13846153846153847,0.9846153846153847,False,0.05,2.995732273553991
gitlab_strong_allocation_uniform_budget160_rep2_trial0_2026-07-02T18-43-33Z,uniform,2,160,True,True,97,task_h57,rapid,0.0,33,0.3402061855670103,6976.199999999994,2.566704,5,4.0,0.8,0.05154639175257732,gitlab_oracle_operator,True,,False,gitlab_oracle_operator,True,,False,,False,0.5232481437645479,-0.21316796315220632,0.8080204081632655,False,0.13846153846153847,0.9846153846153847,False,0.05,2.995732273553991
gitlab_strong_allocation_uniform_budget160_rep2_trial0_2026-07-02T18-43-33Z,uniform,2,160,True,True,98,task_h58,verifier,0.0,33,0.336734693877551,6976.399999999994,2.566704,5,4.0,0.8,0.05102040816326531,gitlab_oracle_operator,True,,False,gitlab_oracle_operator,True,,False,,False,0.5232481437645479,-0.21316796315220632,0.8080204081632655,False,0.13846153846153847,0.9846153846153847,False,0.05,2.995732273553991
gitlab_strong_allocation_uniform_budget160_rep2_trial0_2026-07-02T18-43-33Z,uniform,2,160,True,True,99,task_h59,exploratory,0.0,33,0.3333333333333333,6976.599999999994,2.566704,5,4.0,0.8,0.050505050505050504,gitlab_oracle_operator,True,,False,gitlab_oracle_operator,True,,False,,False,0.5232481437645479,-0.21316796315220632,0.8080204081632655,False,0.13846153846153847,0.9846153846153847,False,0.05,2.995732273553991
gitlab_strong_allocation_uniform_budget160_rep2_trial0_2026-07-02T18-43-33Z,uniform,2,160,True,True,100,task_h60,algorithmic,0.0,33,0.33,6976.799999999994,2.566704,5,4.0,0.8,0.05,gitlab_oracle_operator,True,,False,gitlab_oracle_operator,True,,False,,False,0.5232481437645479,-0.21316796315220632,0.8080204081632655,False,0.13846153846153847,0.9846153846153847,False,0.05,2.995732273553991
gitlab_strong_allocation_uniform_budget160_rep2_trial0_2026-07-02T18-43-33Z,uniform,2,160,True,True,101,task_h61,junior_reactive,0.0,33,0.32673267326732675,6976.999999999994,2.566704,5,4.0,0.8,0.04950495049504951,gitlab_oracle_operator,True,,False,gitlab_oracle_operator,True,,False,,False,0.5232481437645479,-0.21316796315220632,0.8080204081632655,False,0.13846153846153847,0.9846153846153847,False,0.05,2.995732273553991
gitlab_strong_allocation_uniform_budget160_rep2_trial0_2026-07-02T18-43-33Z,uniform,2,160,True,True,102,task_h62,domain_expert,0.0,33,0.3235294117647059,6977.199999999993,2.566704,5,4.0,0.8,0.049019607843137254,gitlab_oracle_operator,True,,False,gitlab_oracle_operator,True,,False,,False,0.5232481437645479,-0.21316796315220632,0.8080204081632655,False,0.13846153846153847,0.9846153846153847,False,0.05,2.995732273553991
gitlab_strong_allocation_uniform_budget160_rep2_trial0_2026-07-02T18-43-33Z,uniform,2,160,True,True,103,task_h63,gitlab_domain_expert,0.0,33,0.32038834951456313,6977.399999999993,2.566704,5,4.0,0.8,0.04854368932038835,gitlab_oracle_operator,True,,False,gitlab_oracle_operator,True,,False,,False,0.5232481437645479,-0.21316796315220632,0.8080204081632655,False,0.13846153846153847,0.9846153846153847,False,0.05,2.995732273553991
gitlab_strong_allocation_uniform_budget160_rep2_trial0_2026-07-02T18-43-33Z,uniform,2,160,True,True,104,task_h64,gitlab_rapid_executor,0.0,33,0.3173076923076923,6977.599999999993,2.566704,5,4.0,0.8,0.04807692307692308,gitlab_oracle_operator,True,,False,gitlab_oracle_operator,True,,False,,False,0.5232481437645479,-0.21316796315220632,0.8080204081632655,False,0.13846153846153847,0.9846153846153847,False,0.05,2.995732273553991
gitlab_strong_allocation_uniform_budget160_rep2_trial0_2026-07-02T18-43-33Z,uniform,2,160,True,True,105,task_h65,gitlab_auditor,0.0,33,0.3142857142857143,6977.799999999993,2.566704,5,4.0,0.8,0.047619047619047616,gitlab_oracle_operator,True,,False,gitlab_oracle_operator,True,,False,,False,0.5232481437645479,-0.21316796315220632,0.8080204081632655,False,0.13846153846153847,0.9846153846153847,False,0.05,2.995732273553991
gitlab_strong_allocation_uniform_budget160_rep2_trial0_2026-07-02T18-43-33Z,uniform,2,160,True,True,106,task_h66,gitlab_planner,0.0,33,0.3113207547169811,6977.999999999993,2.566704,5,4.0,0.8,0.04716981132075472,gitlab_oracle_operator,True,,False,gitlab_oracle_operator,True,,False,,False,0.5232481437645479,-0.21316796315220632,0.8080204081632655,False,0.13846153846153847,0.9846153846153847,False,0.05,2.995732273553991
gitlab_strong_allocation_uniform_budget160_rep2_trial0_2026-07-02T18-43-33Z,uniform,2,160,True,True,107,task_h67,gitlab_super_operator,0.0,33,0.308411214953271,6978.1999999999925,2.566704,5,4.0,0.8,0.04672897196261682,gitlab_oracle_operator,True,,False,gitlab_oracle_operator,True,,False,,False,0.5232481437645479,-0.21316796315220632,0.8080204081632655,False,0.13846153846153847,0.9846153846153847,False,0.05,2.995732273553991
gitlab_strong_allocation_uniform_budget160_rep2_trial0_2026-07-02T18-43-33Z,uniform,2,160,True,True,108,task_h68,gitlab_oracle_operator,0.0,33,0.3055555555555556,6978.399999999992,2.566704,6,4.0,0.6666666666666666,0.05555555555555555,gitlab_oracle_operator,True,,False,,False,,False,,False,-0.16989903679539742,-0.4696032459556857,0.6252502896588361,False,0.1076923076923077,0.9846153846153847,False,0.05,2.995732273553991
gitlab_strong_allocation_uniform_budget160_rep2_trial0_2026-07-02T18-43-33Z,uniform,2,160,True,True,109,task_h69,baseline,0.0,33,0.30275229357798167,6978.599999999992,2.566704,6,4.0,0.6666666666666666,0.05504587155963303,gitlab_oracle_operator,True,baseline,False,,False,,False,,False,-0.16989903679539742,-0.4696032459556857,0.6252502896588361,False,0.1076923076923077,0.9846153846153847,False,0.05,2.995732273553991
gitlab_strong_allocation_uniform_budget160_rep2_trial0_2026-07-02T18-43-33Z,uniform,2,160,True,True,110,task_h70,planner,0.0,33,0.3,6978.899999999992,2.566704,6,4.0,0.6666666666666666,0.05454545454545454,gitlab_oracle_operator,True,,False,,False,,False,,False,-0.16989903679539742,-0.4696032459556857,0.6252502896588361,False,0.1076923076923077,0.9846153846153847,False,0.05,2.995732273553991
gitlab_strong_allocation_uniform_budget160_rep2_trial0_2026-07-02T18-43-33Z,uniform,2,160,True,True,111,task_h71,cautious,0.0,33,0.2972972972972973,6979.099999999992,2.566704,6,4.0,0.6666666666666666,0.05405405405405406,gitlab_oracle_operator,True,,False,,False,,False,,False,-0.16989903679539742,-0.4696032459556857,0.6252502896588361,False,0.1076923076923077,0.9846153846153847,False,0.05,2.995732273553991
gitlab_strong_allocation_uniform_budget160_rep2_trial0_2026-07-02T18-43-33Z,uniform,2,160,True,True,112,task_h72,explorer,0.0,33,0.29464285714285715,6979.299999999992,2.566704,6,4.0,0.6666666666666666,0.05357142857142857,gitlab_oracle_operator,True,,False,,False,,False,,False,-0.16989903679539742,-0.4696032459556857,0.6252502896588361,False,0.1076923076923077,0.9846153846153847,False,0.05,2.995732273553991
gitlab_strong_allocation_uniform_budget160_rep2_trial0_2026-07-02T18-43-33Z,uniform,2,160,True,True,113,task_h73,balanced,0.0,33,0.2920353982300885,6979.499999999992,2.566704,6,4.0,0.6666666666666666,0.05309734513274336,gitlab_oracle_operator,True,,False,,False,,False,,False,-0.16989903679539742,-0.4696032459556857,0.6252502896588361,False,0.1076923076923077,0.9846153846153847,False,0.05,2.995732273553991
gitlab_strong_allocation_uniform_budget160_rep2_trial0_2026-07-02T18-43-33Z,uniform,2,160,True,True,114,task_h74,overthinker,0.0,33,0.2894736842105263,6979.699999999992,2.566704,6,4.0,0.6666666666666666,0.05263157894736842,gitlab_oracle_operator,True,,False,,False,,False,,False,-0.16989903679539742,-0.4696032459556857,0.6252502896588361,False,0.1076923076923077,0.9846153846153847,False,0.05,2.995732273553991
gitlab_strong_allocation_uniform_budget160_rep2_trial0_2026-07-02T18-43-33Z,uniform,2,160,True,True,115,task_h75,rapid,0.0,33,0.28695652173913044,6979.899999999991,2.566704,6,4.0,0.6666666666666666,0.05217391304347826,gitlab_oracle_operator,True,,False,,False,,False,,False,-0.16989903679539742,-0.4696032459556857,0.6252502896588361,False,0.1076923076923077,0.9846153846153847,False,0.05,2.995732273553991
gitlab_strong_allocation_uniform_budget160_rep2_trial0_2026-07-02T18-43-33Z,uniform,2,160,True,True,116,task_h76,verifier,0.0,33,0.28448275862068967,6980.099999999991,2.566704,6,4.0,0.6666666666666666,0.05172413793103448,gitlab_oracle_operator,True,,False,,False,,False,,False,-0.16989903679539742,-0.4696032459556857,0.6252502896588361,False,0.1076923076923077,0.9846153846153847,False,0.05,2.995732273553991
gitlab_strong_allocation_uniform_budget160_rep2_trial0_2026-07-02T18-43-33Z,uniform,2,160,True,True,117,task_h77,exploratory,0.0,33,0.28205128205128205,6980.299999999991,2.566704,6,4.0,0.6666666666666666,0.05128205128205128,gitlab_oracle_operator,True,,False,,False,,False,,False,-0.16989903679539742,-0.4696032459556857,0.6252502896588361,False,0.1076923076923077,0.9846153846153847,False,0.05,2.995732273553991
gitlab_strong_allocation_uniform_budget160_rep2_trial0_2026-07-02T18-43-33Z,uniform,2,160,True,True,118,task_h78,algorithmic,0.0,33,0.2796610169491525,6980.499999999991,2.566704,6,4.0,0.6666666666666666,0.05084745762711865,gitlab_oracle_operator,True,,False,,False,,False,,False,-0.16989903679539742,-0.4696032459556857,0.6252502896588361,False,0.1076923076923077,0.9846153846153847,False,0.05,2.995732273553991
gitlab_strong_allocation_uniform_budget160_rep2_trial0_2026-07-02T18-43-33Z,uniform,2,160,True,True,119,task_h79,junior_reactive,0.0,33,0.2773109243697479,6980.699999999991,2.566704,6,4.0,0.6666666666666666,0.05042016806722689,gitlab_oracle_operator,True,,False,,False,,False,,False,-0.16989903679539742,-0.4696032459556857,0.6252502896588361,False,0.1076923076923077,0.9846153846153847,False,0.05,2.995732273553991
gitlab_strong_allocation_uniform_budget160_rep2_trial0_2026-07-02T18-43-33Z,uniform,2,160,True,True,120,task_h80,domain_expert,0.0,33,0.275,6980.8999999999905,2.566704,6,4.0,0.6666666666666666,0.05,gitlab_oracle_operator,True,,False,,False,,False,,False,-0.16989903679539742,-0.4696032459556857,0.6252502896588361,False,0.1076923076923077,0.9846153846153847,False,0.05,2.995732273553991
gitlab_strong_allocation_uniform_budget160_rep2_trial0_2026-07-02T18-43-33Z,uniform,2,160,True,True,121,task_h81,gitlab_domain_expert,0.0,33,0.2727272727272727,6981.09999999999,2.566704,6,4.0,0.6666666666666666,0.049586776859504134,gitlab_oracle_operator,True,,False,,False,,False,,False,-0.16989903679539742,-0.4696032459556857,0.6252502896588361,False,0.1076923076923077,0.9846153846153847,False,0.05,2.995732273553991
gitlab_strong_allocation_uniform_budget160_rep2_trial0_2026-07-02T18-43-33Z,uniform,2,160,True,True,122,task_h82,gitlab_rapid_executor,0.0,33,0.27049180327868855,6981.29999999999,2.566704,6,4.0,0.6666666666666666,0.04918032786885246,gitlab_oracle_operator,True,,False,,False,,False,,False,-0.16989903679539742,-0.4696032459556857,0.6252502896588361,False,0.1076923076923077,0.9846153846153847,False,0.05,2.995732273553991
gitlab_strong_allocation_uniform_budget160_rep2_trial0_2026-07-02T18-43-33Z,uniform,2,160,True,True,123,task_h83,gitlab_auditor,0.0,33,0.2682926829268293,6981.49999999999,2.566704,6,4.0,0.6666666666666666,0.04878048780487805,gitlab_oracle_operator,True,,False,,False,,False,,False,-0.16989903679539742,-0.4696032459556857,0.6252502896588361,False,0.1076923076923077,0.9846153846153847,False,0.05,2.995732273553991
gitlab_strong_allocation_uniform_budget160_rep2_trial0_2026-07-02T18-43-33Z,uniform,2,160,True,True,124,task_h84,gitlab_planner,0.0,33,0.2661290322580645,6981.79999999999,2.566704,6,4.0,0.6666666666666666,0.04838709677419355,gitlab_oracle_operator,True,,False,,False,,False,,False,-0.16989903679539742,-0.4696032459556857,0.6252502896588361,False,0.1076923076923077,0.9846153846153847,False,0.05,2.995732273553991
gitlab_strong_allocation_uniform_budget160_rep2_trial0_2026-07-02T18-43-33Z,uniform,2,160,True,True,125,task_h85,gitlab_super_operator,0.0,33,0.264,6981.99999999999,2.566704,6,4.0,0.6666666666666666,0.048,gitlab_oracle_operator,True,,False,,False,,False,,False,-0.16989903679539742,-0.4696032459556857,0.6252502896588361,False,0.1076923076923077,0.9846153846153847,False,0.05,2.995732273553991
gitlab_strong_allocation_uniform_budget160_rep2_trial0_2026-07-02T18-43-33Z,uniform,2,160,True,True,126,task_h86,gitlab_oracle_operator,0.0,33,0.2619047619047619,6982.19999999999,2.566704,7,4.0,0.5714285714285714,0.05555555555555555,gitlab_oracle_operator,True,,False,,False,,False,,False,-0.6361822574207576,-0.4696032459556857,0.6252502896588361,False,0.09230769230769231,0.9846153846153847,False,0.05,2.995732273553991
gitlab_strong_allocation_uniform_budget160_rep2_trial0_2026-07-02T18-43-33Z,uniform,2,160,True,True,127,task_h87,baseline,0.0,33,0.25984251968503935,6982.39999999999,2.566704,7,4.0,0.5714285714285714,0.05511811023622047,gitlab_oracle_operator,True,baseline,False,,False,,False,,False,-0.6361822574207576,-0.4696032459556857,0.6252502896588361,False,0.09230769230769231,0.9846153846153847,False,0.05,2.995732273553991
gitlab_strong_allocation_uniform_budget160_rep2_trial0_2026-07-02T18-43-33Z,uniform,2,160,True,True,128,task_h88,planner,0.0,33,0.2578125,6982.599999999989,2.566704,7,4.0,0.5714285714285714,0.0546875,gitlab_oracle_operator,True,,False,,False,,False,,False,-0.6361822574207576,-0.4696032459556857,0.6252502896588361,False,0.09230769230769231,0.9846153846153847,False,0.05,2.995732273553991
gitlab_strong_allocation_uniform_budget160_rep2_trial0_2026-07-02T18-43-33Z,uniform,2,160,True,True,129,task_h89,cautious,0.0,33,0.2558139534883721,6982.799999999989,2.566704,7,4.0,0.5714285714285714,0.05426356589147287,gitlab_oracle_operator,True,,False,,False,,False,,False,-0.6361822574207576,-0.4696032459556857,0.6252502896588361,False,0.09230769230769231,0.9846153846153847,False,0.05,2.995732273553991
gitlab_strong_allocation_uniform_budget160_rep2_trial0_2026-07-02T18-43-33Z,uniform,2,160,True,True,130,task_h90,explorer,0.0,33,0.25384615384615383,6982.999999999989,2.566704,7,4.0,0.5714285714285714,0.05384615384615385,gitlab_oracle_operator,True,,False,,False,,False,,False,-0.6361822574207576,-0.4696032459556857,0.6252502896588361,False,0.09230769230769231,0.9846153846153847,False,0.05,2.995732273553991
gitlab_strong_allocation_uniform_budget160_rep2_trial0_2026-07-02T18-43-33Z,uniform,2,160,True,True,131,task_h91,balanced,0.0,33,0.25190839694656486,6983.199999999989,2.566704,7,4.0,0.5714285714285714,0.05343511450381679,gitlab_oracle_operator,True,,False,,False,,False,,False,-0.6361822574207576,-0.4696032459556857,0.6252502896588361,False,0.09230769230769231,0.9846153846153847,False,0.05,2.995732273553991
gitlab_strong_allocation_uniform_budget160_rep2_trial0_2026-07-02T18-43-33Z,uniform,2,160,True,True,132,task_h92,overthinker,0.0,33,0.25,6983.399999999989,2.566704,7,4.0,0.5714285714285714,0.05303030303030303,gitlab_oracle_operator,True,,False,,False,,False,,False,-0.6361822574207576,-0.4696032459556857,0.6252502896588361,False,0.09230769230769231,0.9846153846153847,False,0.05,2.995732273553991
gitlab_strong_allocation_uniform_budget160_rep2_trial0_2026-07-02T18-43-33Z,uniform,2,160,True,True,133,task_h93,rapid,0.0,33,0.24812030075187969,6983.5999999999885,2.566704,7,4.0,0.5714285714285714,0.05263157894736842,gitlab_oracle_operator,True,,False,,False,,False,,False,-0.6361822574207576,-0.4696032459556857,0.6252502896588361,False,0.09230769230769231,0.9846153846153847,False,0.05,2.995732273553991
gitlab_strong_allocation_uniform_budget160_rep2_trial0_2026-07-02T18-43-33Z,uniform,2,160,True,True,134,task_h94,verifier,0.0,33,0.2462686567164179,6983.799999999988,2.566704,7,4.0,0.5714285714285714,0.05223880597014925,gitlab_oracle_operator,True,,False,,False,,False,,False,-0.6361822574207576,-0.4696032459556857,0.6252502896588361,False,0.09230769230769231,0.9846153846153847,False,0.05,2.995732273553991
gitlab_strong_allocation_uniform_budget160_rep2_trial0_2026-07-02T18-43-33Z,uniform,2,160,True,True,135,task_h95,exploratory,0.0,33,0.24444444444444444,6983.999999999988,2.566704,7,4.0,0.5714285714285714,0.05185185185185185,gitlab_oracle_operator,True,,False,,False,,False,,False,-0.6361822574207576,-0.4696032459556857,0.6252502896588361,False,0.09230769230769231,0.9846153846153847,False,0.05,2.995732273553991
gitlab_strong_allocation_uniform_budget160_rep2_trial0_2026-07-02T18-43-33Z,uniform,2,160,True,True,136,task_h96,algorithmic,0.0,33,0.2426470588235294,6984.199999999988,2.566704,7,4.0,0.5714285714285714,0.051470588235294115,gitlab_oracle_operator,True,,False,,False,,False,,False,-0.6361822574207576,-0.4696032459556857,0.6252502896588361,False,0.09230769230769231,0.9846153846153847,False,0.05,2.995732273553991
gitlab_strong_allocation_uniform_budget160_rep2_trial0_2026-07-02T18-43-33Z,uniform,2,160,True,True,137,task_h97,junior_reactive,0.0,33,0.24087591240875914,6984.399999999988,2.566704,7,4.0,0.5714285714285714,0.051094890510948905,gitlab_oracle_operator,True,,False,,False,,False,,False,-0.6361822574207576,-0.4696032459556857,0.6252502896588361,False,0.09230769230769231,0.9846153846153847,False,0.05,2.995732273553991
gitlab_strong_allocation_uniform_budget160_rep2_trial0_2026-07-02T18-43-33Z,uniform,2,160,True,True,138,task_h98,domain_expert,0.0,33,0.2391304347826087,6984.599999999988,2.566704,7,4.0,0.5714285714285714,0.050724637681159424,gitlab_oracle_operator,True,,False,,False,,False,,False,-0.6361822574207576,-0.4696032459556857,0.6252502896588361,False,0.09230769230769231,0.9846153846153847,False,0.05,2.995732273553991
gitlab_strong_allocation_uniform_budget160_rep2_trial0_2026-07-02T18-43-33Z,uniform,2,160,True,True,139,task_h99,gitlab_domain_expert,0.0,33,0.23741007194244604,6984.799999999987,2.566704,7,4.0,0.5714285714285714,0.050359712230215826,gitlab_oracle_operator,True,,False,,False,,False,,False,-0.6361822574207576,-0.4696032459556857,0.6252502896588361,False,0.09230769230769231,0.9846153846153847,False,0.05,2.995732273553991
gitlab_strong_allocation_uniform_budget160_rep2_trial0_2026-07-02T18-43-33Z,uniform,2,160,True,True,140,task_h100,gitlab_rapid_executor,0.0,33,0.2357142857142857,6984.999999999987,2.566704,7,4.0,0.5714285714285714,0.05,gitlab_oracle_operator,True,,False,,False,,False,,False,-0.6361822574207576,-0.4696032459556857,0.6252502896588361,False,0.09230769230769231,0.9846153846153847,False,0.05,2.995732273553991
gitlab_strong_allocation_uniform_budget160_rep2_trial0_2026-07-02T18-43-33Z,uniform,2,160,True,True,141,task_e1,gitlab_auditor,0.0,33,0.23404255319148937,6985.199999999987,2.566704,7,4.0,0.5714285714285714,0.04964539007092199,gitlab_oracle_operator,True,,False,,False,,False,,False,-0.6361822574207576,-0.4696032459556857,0.6252502896588361,False,0.09230769230769231,0.9846153846153847,False,0.05,2.995732273553991
gitlab_strong_allocation_uniform_budget160_rep2_trial0_2026-07-02T18-43-33Z,uniform,2,160,True,True,142,task_e2,gitlab_planner,0.0,33,0.2323943661971831,6985.399999999987,2.566704,7,4.0,0.5714285714285714,0.04929577464788732,gitlab_oracle_operator,True,,False,,False,,False,,False,-0.6361822574207576,-0.4696032459556857,0.6252502896588361,False,0.09230769230769231,0.9846153846153847,False,0.05,2.995732273553991
gitlab_strong_allocation_uniform_budget160_rep2_trial0_2026-07-02T18-43-33Z,uniform,2,160,True,True,143,task_e3,gitlab_super_operator,0.0,33,0.23076923076923078,6985.599999999987,2.566704,7,4.0,0.5714285714285714,0.04895104895104895,gitlab_oracle_operator,True,,False,,False,,False,,False,-0.6361822574207576,-0.4696032459556857,0.6252502896588361,False,0.09230769230769231,0.9846153846153847,False,0.05,2.995732273553991
gitlab_strong_allocation_uniform_budget160_rep2_trial0_2026-07-02T18-43-33Z,uniform,2,160,True,True,144,task_e4,gitlab_oracle_operator,0.0,33,0.22916666666666666,6985.7999999999865,2.566704,8,4.0,0.5,0.05555555555555555,gitlab_oracle_operator,True,,False,,False,,False,,False,-0.7996160962975449,-0.4696032459556857,0.6252502896588361,False,0.09230769230769231,0.9692307692307693,False,0.05,2.995732273553991
gitlab_strong_allocation_uniform_budget160_rep2_trial0_2026-07-02T18-43-33Z,uniform,2,160,True,True,145,task_e5,baseline,0.0,33,0.22758620689655173,6985.999999999986,2.566704,8,4.0,0.5,0.05517241379310345,gitlab_oracle_operator,True,baseline,False,,False,,False,,False,-0.7996160962975449,-0.4696032459556857,0.6252502896588361,False,0.09230769230769231,0.9692307692307693,False,0.05,2.995732273553991
gitlab_strong_allocation_uniform_budget160_rep2_trial0_2026-07-02T18-43-33Z,uniform,2,160,True,True,146,task_e6,planner,0.0,33,0.22602739726027396,6986.199999999986,2.566704,8,4.0,0.5,0.0547945205479452,gitlab_oracle_operator,True,,False,,False,,False,,False,-0.7996160962975449,-0.4696032459556857,0.6252502896588361,False,0.09230769230769231,0.9692307692307693,False,0.05,2.995732273553991
gitlab_strong_allocation_uniform_budget160_rep2_trial0_2026-07-02T18-43-33Z,uniform,2,160,True,True,147,task_e7,cautious,0.0,33,0.22448979591836735,6986.399999999986,2.566704,8,4.0,0.5,0.05442176870748299,gitlab_oracle_operator,True,,False,,False,,False,,False,-0.7996160962975449,-0.4696032459556857,0.6252502896588361,False,0.09230769230769231,0.9692307692307693,False,0.05,2.995732273553991
gitlab_strong_allocation_uniform_budget160_rep2_trial0_2026-07-02T18-43-33Z,uniform,2,160,True,True,148,task_e8,explorer,0.0,33,0.22297297297297297,6986.599999999986,2.566704,8,4.0,0.5,0.05405405405405406,gitlab_oracle_operator,True,,False,,False,,False,,False,-0.7996160962975449,-0.4696032459556857,0.6252502896588361,False,0.09230769230769231,0.9692307692307693,False,0.05,2.995732273553991
gitlab_strong_allocation_uniform_budget160_rep2_trial0_2026-07-02T18-43-33Z,uniform,2,160,True,True,149,task_e9,balanced,0.0,33,0.2214765100671141,6986.799999999986,2.566704,8,4.0,0.5,0.053691275167785234,gitlab_oracle_operator,True,,False,,False,,False,,False,-0.7996160962975449,-0.4696032459556857,0.6252502896588361,False,0.09230769230769231,0.9692307692307693,False,0.05,2.995732273553991
gitlab_strong_allocation_uniform_budget160_rep2_trial0_2026-07-02T18-43-33Z,uniform,2,160,True,True,150,task_e10,overthinker,0.0,33,0.22,6986.999999999985,2.566704,8,4.0,0.5,0.05333333333333334,gitlab_oracle_operator,True,,False,,False,,False,,False,-0.7996160962975449,-0.4696032459556857,0.6252502896588361,False,0.09230769230769231,0.9692307692307693,False,0.05,2.995732273553991
gitlab_strong_allocation_uniform_budget160_rep2_trial0_2026-07-02T18-43-33Z,uniform,2,160,True,True,151,task_e11,rapid,0.0,33,0.2185430463576159,6987.199999999985,2.566704,8,4.0,0.5,0.052980132450331126,gitlab_oracle_operator,True,,False,,False,,False,,False,-0.7996160962975449,-0.4696032459556857,0.6252502896588361,False,0.09230769230769231,0.9692307692307693,False,0.05,2.995732273553991
gitlab_strong_allocation_uniform_budget160_rep2_trial0_2026-07-02T18-43-33Z,uniform,2,160,True,True,152,task_e12,verifier,0.0,33,0.21710526315789475,6987.399999999985,2.566704,8,4.0,0.5,0.05263157894736842,gitlab_oracle_operator,True,,False,,False,,False,,False,-0.7996160962975449,-0.4696032459556857,0.6252502896588361,False,0.09230769230769231,0.9692307692307693,False,0.05,2.995732273553991
gitlab_strong_allocation_uniform_budget160_rep2_trial0_2026-07-02T18-43-33Z,uniform,2,160,True,True,153,task_e13,exploratory,0.0,33,0.21568627450980393,6987.599999999985,2.566704,8,4.0,0.5,0.05228758169934641,gitlab_oracle_operator,True,,False,,False,,False,,False,-0.7996160962975449,-0.4696032459556857,0.6252502896588361,False,0.09230769230769231,0.9692307692307693,False,0.05,2.995732273553991
gitlab_strong_allocation_uniform_budget160_rep2_trial0_2026-07-02T18-43-33Z,uniform,2,160,True,True,154,task_e14,algorithmic,0.0,33,0.21428571428571427,6987.799999999985,2.566704,8,4.0,0.5,0.05194805194805195,gitlab_oracle_operator,True,,False,,False,,False,,False,-0.7996160962975449,-0.4696032459556857,0.6252502896588361,False,0.09230769230769231,0.9692307692307693,False,0.05,2.995732273553991
gitlab_strong_allocation_uniform_budget160_rep2_trial0_2026-07-02T18-43-33Z,uniform,2,160,True,True,155,task_e15,junior_reactive,0.0,33,0.2129032258064516,6987.9999999999845,2.566704,8,4.0,0.5,0.05161290322580645,gitlab_oracle_operator,True,,False,,False,,False,,False,-0.7996160962975449,-0.4696032459556857,0.6252502896588361,False,0.09230769230769231,0.9692307692307693,False,0.05,2.995732273553991
gitlab_strong_allocation_uniform_budget160_rep2_trial0_2026-07-02T18-43-33Z,uniform,2,160,True,True,156,task_e16,domain_expert,0.0,33,0.21153846153846154,6988.199999999984,2.566704,8,4.0,0.5,0.05128205128205128,gitlab_oracle_operator,True,,False,,False,,False,,False,-0.7996160962975449,-0.4696032459556857,0.6252502896588361,False,0.09230769230769231,0.9692307692307693,False,0.05,2.995732273553991
gitlab_strong_allocation_uniform_budget160_rep2_trial0_2026-07-02T18-43-33Z,uniform,2,160,True,True,157,task_e17,gitlab_domain_expert,0.0,33,0.21019108280254778,6988.399999999984,2.566704,8,4.0,0.5,0.050955414012738856,gitlab_oracle_operator,True,,False,,False,,False,,False,-0.7996160962975449,-0.4696032459556857,0.6252502896588361,False,0.09230769230769231,0.9692307692307693,False,0.05,2.995732273553991
gitlab_strong_allocation_uniform_budget160_rep2_trial0_2026-07-02T18-43-33Z,uniform,2,160,True,True,158,task_e18,gitlab_rapid_executor,0.0,33,0.2088607594936709,6988.599999999984,2.566704,8,4.0,0.5,0.05063291139240506,gitlab_oracle_operator,True,,False,,False,,False,,False,-0.7996160962975449,-0.4696032459556857,0.6252502896588361,False,0.09230769230769231,0.9692307692307693,False,0.05,2.995732273553991
gitlab_strong_allocation_uniform_budget160_rep2_trial0_2026-07-02T18-43-33Z,uniform,2,160,True,True,159,task_e19,gitlab_auditor,0.0,33,0.20754716981132076,6988.799999999984,2.566704,8,4.0,0.5,0.050314465408805034,gitlab_oracle_operator,True,,False,,False,,False,,False,-0.7996160962975449,-0.4696032459556857,0.6252502896588361,False,0.09230769230769231,0.9692307692307693,False,0.05,2.995732273553991
gitlab_strong_allocation_uniform_budget160_rep2_trial0_2026-07-02T18-43-33Z,uniform,2,160,True,True,160,task_e20,gitlab_planner,0.0,33,0.20625,6988.999999999984,2.566704,8,4.0,0.5,0.05,gitlab_oracle_operator,True,,False,,False,,False,,False,-0.7996160962975449,-0.4696032459556857,0.6252502896588361,False,0.09230769230769231,0.9692307692307693,False,0.05,2.995732273553991
