[2026-06-30T08:12:06-0700] watchdog starting interval=60s stale=600s
[2026-06-30T08:12:06-0700] merged planner FULL log: /Users/sanjay/projects/BerkeleyProjects/Research/IanWaudbySmith/coldStartPrompts/results/gitlab_strong_arm/paired/logs/gitlab_strong_paired_planner_trial0_2026-06-29T21-10-26Z_FULL.jsonl rows=40 successes=21
[2026-06-30T08:12:06-0700] no runner active; starting paired runner; completed=2/16
[2026-06-30T08:12:07-0700] launched paired runner session=gitlab_paired_40_continue
[2026-06-30T08:12:16-0700] watchdog starting interval=60s stale=600s
[2026-06-30T08:12:16-0700] runner active pids=[5910, 5911, 5940]; freshness=10s; completed=2/16; current=top-level
[2026-06-30T08:13:16-0700] runner active pids=[5910, 5911, 5940]; freshness=2s; completed=2/16; current=top-level
[2026-06-30T08:14:16-0700] runner active pids=[5910, 5911, 5940]; freshness=2s; completed=2/16; current=cautious
[2026-06-30T08:15:16-0700] runner active pids=[5910, 5911, 5940]; freshness=1s; completed=2/16; current=cautious
[2026-06-30T08:16:16-0700] runner active pids=[5910, 5911, 5940]; freshness=2s; completed=2/16; current=cautious
[2026-06-30T08:17:16-0700] runner active pids=[5910, 5911, 5940]; freshness=1s; completed=2/16; current=cautious
[2026-06-30T08:18:16-0700] runner active pids=[5910, 5911, 5940]; freshness=6s; completed=2/16; current=cautious
[2026-06-30T08:19:17-0700] runner active pids=[5910, 5911, 5940]; freshness=4s; completed=2/16; current=cautious
[2026-06-30T08:20:17-0700] runner active pids=[5910, 5911, 5940]; freshness=0s; completed=2/16; current=cautious
[2026-06-30T08:21:17-0700] runner active pids=[5910, 5911, 5940]; freshness=1s; completed=2/16; current=cautious
[2026-06-30T08:22:17-0700] runner active pids=[5910, 5911, 5940]; freshness=0s; completed=2/16; current=cautious
[2026-06-30T08:23:17-0700] runner active pids=[5910, 5911, 5940]; freshness=3s; completed=2/16; current=cautious
[2026-06-30T08:24:17-0700] runner active pids=[5910, 5911, 5940]; freshness=2s; completed=2/16; current=cautious
[2026-06-30T08:25:17-0700] runner active pids=[5910, 5911, 5940]; freshness=2s; completed=2/16; current=cautious
[2026-06-30T08:26:17-0700] runner active pids=[5910, 5911, 5940]; freshness=2s; completed=2/16; current=cautious
[2026-06-30T08:27:17-0700] runner active pids=[5910, 5911, 5940]; freshness=2s; completed=2/16; current=cautious
[2026-06-30T08:28:17-0700] runner active pids=[5910, 5911, 5940]; freshness=9s; completed=2/16; current=cautious
[2026-06-30T08:29:17-0700] runner active pids=[5910, 5911, 5940]; freshness=0s; completed=2/16; current=cautious
[2026-06-30T08:30:17-0700] runner active pids=[5910, 5911, 5940]; freshness=0s; completed=2/16; current=cautious
[2026-06-30T08:31:18-0700] runner active pids=[5910, 5911, 5940]; freshness=1s; completed=2/16; current=cautious
[2026-06-30T08:32:18-0700] runner active pids=[5910, 5911, 5940]; freshness=15s; completed=2/16; current=cautious
[2026-06-30T08:33:18-0700] runner active pids=[5910, 5911, 5940]; freshness=2s; completed=2/16; current=cautious
[2026-06-30T08:34:18-0700] runner active pids=[5910, 5911, 5940]; freshness=1s; completed=2/16; current=cautious
[2026-06-30T08:35:18-0700] runner active pids=[5910, 5911, 5940]; freshness=2s; completed=2/16; current=cautious
[2026-06-30T08:36:18-0700] runner active pids=[5910, 5911, 5940]; freshness=2s; completed=2/16; current=cautious
[2026-06-30T08:37:18-0700] runner active pids=[5910, 5911, 5940]; freshness=4s; completed=2/16; current=cautious
[2026-06-30T08:38:18-0700] runner active pids=[5910, 5911, 5940]; freshness=2s; completed=2/16; current=cautious
[2026-06-30T08:39:18-0700] runner active pids=[5910, 5911, 5940]; freshness=0s; completed=2/16; current=cautious
[2026-06-30T08:40:18-0700] runner active pids=[5910, 5911, 5940]; freshness=0s; completed=2/16; current=cautious
[2026-06-30T08:41:18-0700] runner active pids=[5910, 5911, 5940]; freshness=0s; completed=2/16; current=cautious
[2026-06-30T08:42:18-0700] runner active pids=[5910, 5911, 5940]; freshness=0s; completed=2/16; current=cautious
[2026-06-30T08:43:18-0700] runner active pids=[5910, 5911, 5940]; freshness=5s; completed=2/16; current=cautious
[2026-06-30T08:44:19-0700] runner active pids=[5910, 5911, 5940]; freshness=1s; completed=2/16; current=cautious
[2026-06-30T08:45:19-0700] runner active pids=[5910, 5911, 5940]; freshness=7s; completed=2/16; current=cautious
[2026-06-30T08:46:19-0700] runner active pids=[5910, 5911, 5940]; freshness=5s; completed=2/16; current=cautious
[2026-06-30T08:47:19-0700] runner active pids=[5910, 5911, 5940]; freshness=9s; completed=2/16; current=cautious
[2026-06-30T08:48:19-0700] runner active pids=[5910, 5911, 5940]; freshness=8s; completed=2/16; current=cautious
[2026-06-30T08:49:19-0700] runner active pids=[5910, 5911, 5940]; freshness=1s; completed=2/16; current=cautious
[2026-06-30T08:50:19-0700] runner active pids=[5910, 5911, 5940]; freshness=1s; completed=2/16; current=cautious
[2026-06-30T08:51:19-0700] runner active pids=[5910, 5911, 5940]; freshness=4s; completed=2/16; current=cautious
[2026-06-30T08:52:19-0700] runner active pids=[5910, 5911, 5940]; freshness=2s; completed=2/16; current=cautious
[2026-06-30T08:53:19-0700] runner active pids=[5910, 5911, 5940]; freshness=2s; completed=2/16; current=cautious
[2026-06-30T08:54:19-0700] runner active pids=[5910, 5911, 5940]; freshness=1s; completed=2/16; current=cautious
[2026-06-30T08:55:19-0700] runner active pids=[5910, 5911, 5940]; freshness=2s; completed=2/16; current=cautious
[2026-06-30T08:56:19-0700] runner active pids=[5910, 5911, 5940]; freshness=62s; completed=2/16; current=cautious
[2026-06-30T08:57:20-0700] runner active pids=[5910, 5911, 5940]; freshness=122s; completed=2/16; current=cautious
[2026-06-30T08:58:20-0700] runner active pids=[5910, 5911, 5940]; freshness=182s; completed=2/16; current=cautious
[2026-06-30T08:59:20-0700] runner active pids=[5910, 5911, 5940]; freshness=242s; completed=2/16; current=cautious
[2026-06-30T09:00:20-0700] runner active pids=[5910, 5911, 5940]; freshness=302s; completed=2/16; current=cautious
[2026-06-30T09:01:20-0700] runner active pids=[5910, 5911, 5940]; freshness=362s; completed=2/16; current=cautious
[2026-06-30T09:02:20-0700] runner active pids=[5910, 5911, 5940]; freshness=422s; completed=2/16; current=cautious
[2026-06-30T09:03:20-0700] runner active pids=[5910, 5911, 5940]; freshness=482s; completed=2/16; current=cautious
[2026-06-30T09:04:20-0700] runner active pids=[5910, 5911, 5940]; freshness=542s; completed=2/16; current=cautious
[2026-06-30T09:05:20-0700] stale runner detected age=603s pids=[5910, 5911, 5940]; terminating and resuming
[2026-06-30T09:05:26-0700] launched resume session=gitlab_cautious_resume_31 arm=cautious next_t=31 merged=/Users/sanjay/projects/BerkeleyProjects/Research/IanWaudbySmith/coldStartPrompts/results/gitlab_strong_arm/paired/logs/gitlab_strong_paired_cautious_trial0_2026-06-30T15-13-00Z_MERGED_SO_FAR.jsonl
[2026-06-30T09:06:26-0700] no runner active; resuming partial arm cautious
[2026-06-30T09:06:26-0700] quitting stale screen session gitlab_cautious_resume_31
[2026-06-30T09:06:26-0700] launched resume session=gitlab_cautious_resume_31 arm=cautious next_t=31 merged=/Users/sanjay/projects/BerkeleyProjects/Research/IanWaudbySmith/coldStartPrompts/results/gitlab_strong_arm/paired/logs/gitlab_strong_paired_cautious_trial0_2026-06-30T15-13-00Z_MERGED_SO_FAR.jsonl
[2026-06-30T09:07:26-0700] no runner active; resuming partial arm cautious
[2026-06-30T09:07:26-0700] quitting stale screen session gitlab_cautious_resume_31
[2026-06-30T09:07:26-0700] launched resume session=gitlab_cautious_resume_31 arm=cautious next_t=31 merged=/Users/sanjay/projects/BerkeleyProjects/Research/IanWaudbySmith/coldStartPrompts/results/gitlab_strong_arm/paired/logs/gitlab_strong_paired_cautious_trial0_2026-06-30T15-13-00Z_MERGED_SO_FAR.jsonl
[2026-06-30T09:08:26-0700] no runner active; resuming partial arm cautious
[2026-06-30T09:08:26-0700] quitting stale screen session gitlab_cautious_resume_31
[2026-06-30T09:08:26-0700] launched resume session=gitlab_cautious_resume_31 arm=cautious next_t=31 merged=/Users/sanjay/projects/BerkeleyProjects/Research/IanWaudbySmith/coldStartPrompts/results/gitlab_strong_arm/paired/logs/gitlab_strong_paired_cautious_trial0_2026-06-30T15-13-00Z_MERGED_SO_FAR.jsonl
[2026-06-30T09:09:26-0700] no runner active; resuming partial arm cautious
[2026-06-30T09:09:26-0700] quitting stale screen session gitlab_cautious_resume_31
[2026-06-30T09:09:27-0700] launched resume session=gitlab_cautious_resume_32 arm=cautious next_t=32 merged=/Users/sanjay/projects/BerkeleyProjects/Research/IanWaudbySmith/coldStartPrompts/results/gitlab_strong_arm/paired/logs/gitlab_strong_paired_cautious_trial0_2026-06-30T15-13-00Z_MERGED_SO_FAR.jsonl
[2026-06-30T09:10:27-0700] no runner active; resuming partial arm cautious
[2026-06-30T09:10:27-0700] quitting stale screen session gitlab_cautious_resume_32
[2026-06-30T09:10:27-0700] launched resume session=gitlab_cautious_resume_32 arm=cautious next_t=32 merged=/Users/sanjay/projects/BerkeleyProjects/Research/IanWaudbySmith/coldStartPrompts/results/gitlab_strong_arm/paired/logs/gitlab_strong_paired_cautious_trial0_2026-06-30T15-13-00Z_MERGED_SO_FAR.jsonl
[2026-06-30T09:11:27-0700] no runner active; resuming partial arm cautious
[2026-06-30T09:11:27-0700] quitting stale screen session gitlab_cautious_resume_32
[2026-06-30T09:11:27-0700] launched resume session=gitlab_cautious_resume_33 arm=cautious next_t=33 merged=/Users/sanjay/projects/BerkeleyProjects/Research/IanWaudbySmith/coldStartPrompts/results/gitlab_strong_arm/paired/logs/gitlab_strong_paired_cautious_trial0_2026-06-30T15-13-00Z_MERGED_SO_FAR.jsonl
[2026-06-30T09:12:27-0700] no runner active; resuming partial arm cautious
[2026-06-30T09:12:27-0700] quitting stale screen session gitlab_cautious_resume_33
[2026-06-30T09:12:27-0700] launched resume session=gitlab_cautious_resume_34 arm=cautious next_t=34 merged=/Users/sanjay/projects/BerkeleyProjects/Research/IanWaudbySmith/coldStartPrompts/results/gitlab_strong_arm/paired/logs/gitlab_strong_paired_cautious_trial0_2026-06-30T15-13-00Z_MERGED_SO_FAR.jsonl
[2026-06-30T09:13:27-0700] no runner active; resuming partial arm cautious
[2026-06-30T09:13:28-0700] quitting stale screen session gitlab_cautious_resume_34
[2026-06-30T09:13:28-0700] launched resume session=gitlab_cautious_resume_34 arm=cautious next_t=34 merged=/Users/sanjay/projects/BerkeleyProjects/Research/IanWaudbySmith/coldStartPrompts/results/gitlab_strong_arm/paired/logs/gitlab_strong_paired_cautious_trial0_2026-06-30T15-13-00Z_MERGED_SO_FAR.jsonl
[2026-06-30T09:14:28-0700] no runner active; resuming partial arm cautious
[2026-06-30T09:14:28-0700] quitting stale screen session gitlab_cautious_resume_34
[2026-06-30T09:14:28-0700] launched resume session=gitlab_cautious_resume_34 arm=cautious next_t=34 merged=/Users/sanjay/projects/BerkeleyProjects/Research/IanWaudbySmith/coldStartPrompts/results/gitlab_strong_arm/paired/logs/gitlab_strong_paired_cautious_trial0_2026-06-30T15-13-00Z_MERGED_SO_FAR.jsonl
[2026-06-30T09:15:28-0700] no runner active; resuming partial arm cautious
[2026-06-30T09:15:28-0700] quitting stale screen session gitlab_cautious_resume_34
[2026-06-30T09:15:28-0700] launched resume session=gitlab_cautious_resume_36 arm=cautious next_t=36 merged=/Users/sanjay/projects/BerkeleyProjects/Research/IanWaudbySmith/coldStartPrompts/results/gitlab_strong_arm/paired/logs/gitlab_strong_paired_cautious_trial0_2026-06-30T15-13-00Z_MERGED_SO_FAR.jsonl
[2026-06-30T09:16:28-0700] no runner active; resuming partial arm cautious
[2026-06-30T09:16:28-0700] quitting stale screen session gitlab_cautious_resume_36
[2026-06-30T09:16:28-0700] launched resume session=gitlab_cautious_resume_37 arm=cautious next_t=37 merged=/Users/sanjay/projects/BerkeleyProjects/Research/IanWaudbySmith/coldStartPrompts/results/gitlab_strong_arm/paired/logs/gitlab_strong_paired_cautious_trial0_2026-06-30T15-13-00Z_MERGED_SO_FAR.jsonl
[2026-06-30T09:17:29-0700] no runner active; resuming partial arm cautious
[2026-06-30T09:17:29-0700] quitting stale screen session gitlab_cautious_resume_37
[2026-06-30T09:17:29-0700] launched resume session=gitlab_cautious_resume_38 arm=cautious next_t=38 merged=/Users/sanjay/projects/BerkeleyProjects/Research/IanWaudbySmith/coldStartPrompts/results/gitlab_strong_arm/paired/logs/gitlab_strong_paired_cautious_trial0_2026-06-30T15-13-00Z_MERGED_SO_FAR.jsonl
[2026-06-30T09:18:29-0700] no runner active; resuming partial arm cautious
[2026-06-30T09:18:29-0700] quitting stale screen session gitlab_cautious_resume_38
[2026-06-30T09:18:29-0700] launched resume session=gitlab_cautious_resume_38 arm=cautious next_t=38 merged=/Users/sanjay/projects/BerkeleyProjects/Research/IanWaudbySmith/coldStartPrompts/results/gitlab_strong_arm/paired/logs/gitlab_strong_paired_cautious_trial0_2026-06-30T15-13-00Z_MERGED_SO_FAR.jsonl
[2026-06-30T09:19:29-0700] no runner active; resuming partial arm cautious
[2026-06-30T09:19:29-0700] quitting stale screen session gitlab_cautious_resume_38
[2026-06-30T09:19:29-0700] launched resume session=gitlab_cautious_resume_38 arm=cautious next_t=38 merged=/Users/sanjay/projects/BerkeleyProjects/Research/IanWaudbySmith/coldStartPrompts/results/gitlab_strong_arm/paired/logs/gitlab_strong_paired_cautious_trial0_2026-06-30T15-13-00Z_MERGED_SO_FAR.jsonl
[2026-06-30T09:20:29-0700] no runner active; resuming partial arm cautious
[2026-06-30T09:20:29-0700] quitting stale screen session gitlab_cautious_resume_38
[2026-06-30T09:20:29-0700] launched resume session=gitlab_cautious_resume_39 arm=cautious next_t=39 merged=/Users/sanjay/projects/BerkeleyProjects/Research/IanWaudbySmith/coldStartPrompts/results/gitlab_strong_arm/paired/logs/gitlab_strong_paired_cautious_trial0_2026-06-30T15-13-00Z_MERGED_SO_FAR.jsonl
[2026-06-30T09:21:30-0700] no runner active; resuming partial arm cautious
[2026-06-30T09:21:30-0700] quitting stale screen session gitlab_cautious_resume_39
[2026-06-30T09:21:30-0700] launched resume session=gitlab_cautious_resume_40 arm=cautious next_t=40 merged=/Users/sanjay/projects/BerkeleyProjects/Research/IanWaudbySmith/coldStartPrompts/results/gitlab_strong_arm/paired/logs/gitlab_strong_paired_cautious_trial0_2026-06-30T15-13-00Z_MERGED_SO_FAR.jsonl
[2026-06-30T09:22:30-0700] merged cautious FULL log: /Users/sanjay/projects/BerkeleyProjects/Research/IanWaudbySmith/coldStartPrompts/results/gitlab_strong_arm/paired/logs/gitlab_strong_paired_cautious_trial0_2026-06-30T15-13-00Z_FULL.jsonl rows=40 successes=19
[2026-06-30T09:22:30-0700] no runner active; starting paired runner; completed=3/16
[2026-06-30T09:22:30-0700] quitting stale screen session gitlab_cautious_resume_40
[2026-06-30T09:22:30-0700] launched paired runner session=gitlab_paired_40_continue
[2026-06-30T09:23:30-0700] runner active pids=[48721, 48722, 48725]; freshness=0s; completed=3/16; current=top-level
[2026-06-30T09:24:30-0700] runner active pids=[48721, 48722, 48725]; freshness=0s; completed=3/16; current=explorer
[2026-06-30T09:25:30-0700] runner active pids=[48721, 48722, 48725]; freshness=0s; completed=3/16; current=explorer
[2026-06-30T09:26:30-0700] runner active pids=[48721, 48722, 48725]; freshness=0s; completed=3/16; current=explorer
[2026-06-30T09:27:30-0700] runner active pids=[48721, 48722, 48725]; freshness=0s; completed=3/16; current=explorer
[2026-06-30T09:28:30-0700] runner active pids=[48721, 48722, 48725]; freshness=2s; completed=3/16; current=explorer
[2026-06-30T09:29:31-0700] runner active pids=[48721, 48722, 48725]; freshness=1s; completed=3/16; current=explorer
[2026-06-30T09:30:31-0700] runner active pids=[48721, 48722, 48725]; freshness=1s; completed=3/16; current=explorer
[2026-06-30T09:31:31-0700] runner active pids=[48721, 48722, 48725]; freshness=2s; completed=3/16; current=explorer
[2026-06-30T09:32:31-0700] runner active pids=[48721, 48722, 48725]; freshness=1s; completed=3/16; current=explorer
[2026-06-30T09:33:31-0700] runner active pids=[48721, 48722, 48725]; freshness=5s; completed=3/16; current=explorer
[2026-06-30T09:34:31-0700] runner active pids=[48721, 48722, 48725]; freshness=4s; completed=3/16; current=explorer
[2026-06-30T09:35:31-0700] runner active pids=[48721, 48722, 48725]; freshness=12s; completed=3/16; current=explorer
[2026-06-30T09:36:31-0700] runner active pids=[48721, 48722, 48725]; freshness=72s; completed=3/16; current=explorer
[2026-06-30T09:37:31-0700] runner active pids=[48721, 48722, 48725]; freshness=132s; completed=3/16; current=explorer
[2026-06-30T09:38:31-0700] runner active pids=[48721, 48722, 48725]; freshness=192s; completed=3/16; current=explorer
[2026-06-30T09:39:31-0700] runner active pids=[48721, 48722, 48725]; freshness=252s; completed=3/16; current=explorer
[2026-06-30T09:40:31-0700] runner active pids=[48721, 48722, 48725]; freshness=312s; completed=3/16; current=explorer
[2026-06-30T09:41:31-0700] runner active pids=[48721, 48722, 48725]; freshness=372s; completed=3/16; current=explorer
[2026-06-30T09:42:32-0700] runner active pids=[48721, 48722, 48725]; freshness=432s; completed=3/16; current=explorer
[2026-06-30T09:43:32-0700] runner active pids=[48721, 48722, 48725]; freshness=492s; completed=3/16; current=explorer
[2026-06-30T09:44:32-0700] runner active pids=[48721, 48722, 48725]; freshness=552s; completed=3/16; current=explorer
[2026-06-30T09:45:32-0700] stale runner detected age=612s pids=[48721, 48722, 48725]; terminating and resuming
[2026-06-30T09:45:37-0700] launched resume session=gitlab_explorer_resume_11 arm=explorer next_t=11 merged=/Users/sanjay/projects/BerkeleyProjects/Research/IanWaudbySmith/coldStartPrompts/results/gitlab_strong_arm/paired/logs/gitlab_strong_paired_explorer_trial0_2026-06-30T16-22-42Z_MERGED_SO_FAR.jsonl
[2026-06-30T09:46:37-0700] no runner active; resuming partial arm explorer
[2026-06-30T09:46:37-0700] quitting stale screen session gitlab_explorer_resume_11
[2026-06-30T09:46:37-0700] launched resume session=gitlab_explorer_resume_11 arm=explorer next_t=11 merged=/Users/sanjay/projects/BerkeleyProjects/Research/IanWaudbySmith/coldStartPrompts/results/gitlab_strong_arm/paired/logs/gitlab_strong_paired_explorer_trial0_2026-06-30T16-22-42Z_MERGED_SO_FAR.jsonl
[2026-06-30T09:47:37-0700] no runner active; resuming partial arm explorer
[2026-06-30T09:47:38-0700] quitting stale screen session gitlab_explorer_resume_11
[2026-06-30T09:47:38-0700] launched resume session=gitlab_explorer_resume_11 arm=explorer next_t=11 merged=/Users/sanjay/projects/BerkeleyProjects/Research/IanWaudbySmith/coldStartPrompts/results/gitlab_strong_arm/paired/logs/gitlab_strong_paired_explorer_trial0_2026-06-30T16-22-42Z_MERGED_SO_FAR.jsonl
[2026-06-30T09:48:38-0700] no runner active; resuming partial arm explorer
[2026-06-30T09:48:38-0700] quitting stale screen session gitlab_explorer_resume_11
[2026-06-30T09:48:38-0700] launched resume session=gitlab_explorer_resume_12 arm=explorer next_t=12 merged=/Users/sanjay/projects/BerkeleyProjects/Research/IanWaudbySmith/coldStartPrompts/results/gitlab_strong_arm/paired/logs/gitlab_strong_paired_explorer_trial0_2026-06-30T16-22-42Z_MERGED_SO_FAR.jsonl
[2026-06-30T09:49:38-0700] no runner active; resuming partial arm explorer
[2026-06-30T09:49:38-0700] quitting stale screen session gitlab_explorer_resume_12
[2026-06-30T09:49:38-0700] launched resume session=gitlab_explorer_resume_14 arm=explorer next_t=14 merged=/Users/sanjay/projects/BerkeleyProjects/Research/IanWaudbySmith/coldStartPrompts/results/gitlab_strong_arm/paired/logs/gitlab_strong_paired_explorer_trial0_2026-06-30T16-22-42Z_MERGED_SO_FAR.jsonl
[2026-06-30T09:50:38-0700] no runner active; resuming partial arm explorer
[2026-06-30T09:50:38-0700] quitting stale screen session gitlab_explorer_resume_14
[2026-06-30T09:50:38-0700] launched resume session=gitlab_explorer_resume_16 arm=explorer next_t=16 merged=/Users/sanjay/projects/BerkeleyProjects/Research/IanWaudbySmith/coldStartPrompts/results/gitlab_strong_arm/paired/logs/gitlab_strong_paired_explorer_trial0_2026-06-30T16-22-42Z_MERGED_SO_FAR.jsonl
[2026-06-30T09:51:38-0700] no runner active; resuming partial arm explorer
[2026-06-30T09:51:39-0700] quitting stale screen session gitlab_explorer_resume_16
[2026-06-30T09:51:39-0700] launched resume session=gitlab_explorer_resume_17 arm=explorer next_t=17 merged=/Users/sanjay/projects/BerkeleyProjects/Research/IanWaudbySmith/coldStartPrompts/results/gitlab_strong_arm/paired/logs/gitlab_strong_paired_explorer_trial0_2026-06-30T16-22-42Z_MERGED_SO_FAR.jsonl
[2026-06-30T09:52:39-0700] no runner active; resuming partial arm explorer
[2026-06-30T09:52:39-0700] quitting stale screen session gitlab_explorer_resume_17
[2026-06-30T09:52:39-0700] launched resume session=gitlab_explorer_resume_19 arm=explorer next_t=19 merged=/Users/sanjay/projects/BerkeleyProjects/Research/IanWaudbySmith/coldStartPrompts/results/gitlab_strong_arm/paired/logs/gitlab_strong_paired_explorer_trial0_2026-06-30T16-22-42Z_MERGED_SO_FAR.jsonl
[2026-06-30T09:53:39-0700] no runner active; resuming partial arm explorer
[2026-06-30T09:53:39-0700] quitting stale screen session gitlab_explorer_resume_19
[2026-06-30T09:53:39-0700] launched resume session=gitlab_explorer_resume_20 arm=explorer next_t=20 merged=/Users/sanjay/projects/BerkeleyProjects/Research/IanWaudbySmith/coldStartPrompts/results/gitlab_strong_arm/paired/logs/gitlab_strong_paired_explorer_trial0_2026-06-30T16-22-42Z_MERGED_SO_FAR.jsonl
[2026-06-30T09:54:39-0700] no runner active; resuming partial arm explorer
[2026-06-30T09:54:39-0700] quitting stale screen session gitlab_explorer_resume_20
[2026-06-30T09:54:39-0700] launched resume session=gitlab_explorer_resume_21 arm=explorer next_t=21 merged=/Users/sanjay/projects/BerkeleyProjects/Research/IanWaudbySmith/coldStartPrompts/results/gitlab_strong_arm/paired/logs/gitlab_strong_paired_explorer_trial0_2026-06-30T16-22-42Z_MERGED_SO_FAR.jsonl
[2026-06-30T09:55:40-0700] no runner active; resuming partial arm explorer
[2026-06-30T09:55:40-0700] quitting stale screen session gitlab_explorer_resume_21
[2026-06-30T09:55:40-0700] launched resume session=gitlab_explorer_resume_22 arm=explorer next_t=22 merged=/Users/sanjay/projects/BerkeleyProjects/Research/IanWaudbySmith/coldStartPrompts/results/gitlab_strong_arm/paired/logs/gitlab_strong_paired_explorer_trial0_2026-06-30T16-22-42Z_MERGED_SO_FAR.jsonl
[2026-06-30T09:56:40-0700] no runner active; resuming partial arm explorer
[2026-06-30T09:56:40-0700] quitting stale screen session gitlab_explorer_resume_22
[2026-06-30T09:56:40-0700] launched resume session=gitlab_explorer_resume_22 arm=explorer next_t=22 merged=/Users/sanjay/projects/BerkeleyProjects/Research/IanWaudbySmith/coldStartPrompts/results/gitlab_strong_arm/paired/logs/gitlab_strong_paired_explorer_trial0_2026-06-30T16-22-42Z_MERGED_SO_FAR.jsonl
[2026-06-30T09:57:40-0700] no runner active; resuming partial arm explorer
[2026-06-30T09:57:40-0700] quitting stale screen session gitlab_explorer_resume_22
[2026-06-30T09:57:40-0700] launched resume session=gitlab_explorer_resume_24 arm=explorer next_t=24 merged=/Users/sanjay/projects/BerkeleyProjects/Research/IanWaudbySmith/coldStartPrompts/results/gitlab_strong_arm/paired/logs/gitlab_strong_paired_explorer_trial0_2026-06-30T16-22-42Z_MERGED_SO_FAR.jsonl
[2026-06-30T09:58:40-0700] no runner active; resuming partial arm explorer
[2026-06-30T09:58:40-0700] quitting stale screen session gitlab_explorer_resume_24
[2026-06-30T09:58:40-0700] launched resume session=gitlab_explorer_resume_24 arm=explorer next_t=24 merged=/Users/sanjay/projects/BerkeleyProjects/Research/IanWaudbySmith/coldStartPrompts/results/gitlab_strong_arm/paired/logs/gitlab_strong_paired_explorer_trial0_2026-06-30T16-22-42Z_MERGED_SO_FAR.jsonl
[2026-06-30T09:59:41-0700] no runner active; resuming partial arm explorer
[2026-06-30T09:59:41-0700] quitting stale screen session gitlab_explorer_resume_24
[2026-06-30T09:59:41-0700] launched resume session=gitlab_explorer_resume_25 arm=explorer next_t=25 merged=/Users/sanjay/projects/BerkeleyProjects/Research/IanWaudbySmith/coldStartPrompts/results/gitlab_strong_arm/paired/logs/gitlab_strong_paired_explorer_trial0_2026-06-30T16-22-42Z_MERGED_SO_FAR.jsonl
[2026-06-30T10:00:41-0700] no runner active; resuming partial arm explorer
[2026-06-30T10:00:41-0700] quitting stale screen session gitlab_explorer_resume_25
[2026-06-30T10:00:41-0700] launched resume session=gitlab_explorer_resume_27 arm=explorer next_t=27 merged=/Users/sanjay/projects/BerkeleyProjects/Research/IanWaudbySmith/coldStartPrompts/results/gitlab_strong_arm/paired/logs/gitlab_strong_paired_explorer_trial0_2026-06-30T16-22-42Z_MERGED_SO_FAR.jsonl
[2026-06-30T10:01:41-0700] no runner active; resuming partial arm explorer
[2026-06-30T10:01:41-0700] quitting stale screen session gitlab_explorer_resume_27
[2026-06-30T10:01:41-0700] launched resume session=gitlab_explorer_resume_27 arm=explorer next_t=27 merged=/Users/sanjay/projects/BerkeleyProjects/Research/IanWaudbySmith/coldStartPrompts/results/gitlab_strong_arm/paired/logs/gitlab_strong_paired_explorer_trial0_2026-06-30T16-22-42Z_MERGED_SO_FAR.jsonl
[2026-06-30T10:02:41-0700] no runner active; resuming partial arm explorer
[2026-06-30T10:02:41-0700] quitting stale screen session gitlab_explorer_resume_27
[2026-06-30T10:02:42-0700] launched resume session=gitlab_explorer_resume_28 arm=explorer next_t=28 merged=/Users/sanjay/projects/BerkeleyProjects/Research/IanWaudbySmith/coldStartPrompts/results/gitlab_strong_arm/paired/logs/gitlab_strong_paired_explorer_trial0_2026-06-30T16-22-42Z_MERGED_SO_FAR.jsonl
[2026-06-30T10:03:42-0700] no runner active; resuming partial arm explorer
[2026-06-30T10:03:42-0700] quitting stale screen session gitlab_explorer_resume_28
[2026-06-30T10:03:42-0700] launched resume session=gitlab_explorer_resume_28 arm=explorer next_t=28 merged=/Users/sanjay/projects/BerkeleyProjects/Research/IanWaudbySmith/coldStartPrompts/results/gitlab_strong_arm/paired/logs/gitlab_strong_paired_explorer_trial0_2026-06-30T16-22-42Z_MERGED_SO_FAR.jsonl
[2026-06-30T10:04:42-0700] no runner active; resuming partial arm explorer
[2026-06-30T10:04:42-0700] quitting stale screen session gitlab_explorer_resume_28
[2026-06-30T10:04:42-0700] launched resume session=gitlab_explorer_resume_29 arm=explorer next_t=29 merged=/Users/sanjay/projects/BerkeleyProjects/Research/IanWaudbySmith/coldStartPrompts/results/gitlab_strong_arm/paired/logs/gitlab_strong_paired_explorer_trial0_2026-06-30T16-22-42Z_MERGED_SO_FAR.jsonl
[2026-06-30T10:05:42-0700] no runner active; resuming partial arm explorer
[2026-06-30T10:05:42-0700] quitting stale screen session gitlab_explorer_resume_29
[2026-06-30T10:05:43-0700] launched resume session=gitlab_explorer_resume_29 arm=explorer next_t=29 merged=/Users/sanjay/projects/BerkeleyProjects/Research/IanWaudbySmith/coldStartPrompts/results/gitlab_strong_arm/paired/logs/gitlab_strong_paired_explorer_trial0_2026-06-30T16-22-42Z_MERGED_SO_FAR.jsonl
[2026-06-30T10:06:43-0700] no runner active; resuming partial arm explorer
[2026-06-30T10:06:43-0700] quitting stale screen session gitlab_explorer_resume_29
[2026-06-30T10:06:43-0700] launched resume session=gitlab_explorer_resume_30 arm=explorer next_t=30 merged=/Users/sanjay/projects/BerkeleyProjects/Research/IanWaudbySmith/coldStartPrompts/results/gitlab_strong_arm/paired/logs/gitlab_strong_paired_explorer_trial0_2026-06-30T16-22-42Z_MERGED_SO_FAR.jsonl
[2026-06-30T10:07:44-0700] no runner active; resuming partial arm explorer
[2026-06-30T10:07:44-0700] quitting stale screen session gitlab_explorer_resume_30
[2026-06-30T10:07:44-0700] launched resume session=gitlab_explorer_resume_30 arm=explorer next_t=30 merged=/Users/sanjay/projects/BerkeleyProjects/Research/IanWaudbySmith/coldStartPrompts/results/gitlab_strong_arm/paired/logs/gitlab_strong_paired_explorer_trial0_2026-06-30T16-22-42Z_MERGED_SO_FAR.jsonl
[2026-06-30T10:08:44-0700] no runner active; resuming partial arm explorer
[2026-06-30T10:08:44-0700] quitting stale screen session gitlab_explorer_resume_30
[2026-06-30T10:08:44-0700] launched resume session=gitlab_explorer_resume_30 arm=explorer next_t=30 merged=/Users/sanjay/projects/BerkeleyProjects/Research/IanWaudbySmith/coldStartPrompts/results/gitlab_strong_arm/paired/logs/gitlab_strong_paired_explorer_trial0_2026-06-30T16-22-42Z_MERGED_SO_FAR.jsonl
[2026-06-30T10:09:44-0700] no runner active; resuming partial arm explorer
[2026-06-30T10:09:44-0700] quitting stale screen session gitlab_explorer_resume_30
[2026-06-30T10:09:44-0700] launched resume session=gitlab_explorer_resume_31 arm=explorer next_t=31 merged=/Users/sanjay/projects/BerkeleyProjects/Research/IanWaudbySmith/coldStartPrompts/results/gitlab_strong_arm/paired/logs/gitlab_strong_paired_explorer_trial0_2026-06-30T16-22-42Z_MERGED_SO_FAR.jsonl
[2026-06-30T10:10:44-0700] no runner active; resuming partial arm explorer
[2026-06-30T10:10:45-0700] quitting stale screen session gitlab_explorer_resume_31
[2026-06-30T10:10:45-0700] launched resume session=gitlab_explorer_resume_31 arm=explorer next_t=31 merged=/Users/sanjay/projects/BerkeleyProjects/Research/IanWaudbySmith/coldStartPrompts/results/gitlab_strong_arm/paired/logs/gitlab_strong_paired_explorer_trial0_2026-06-30T16-22-42Z_MERGED_SO_FAR.jsonl
[2026-06-30T10:11:45-0700] no runner active; resuming partial arm explorer
[2026-06-30T10:11:45-0700] quitting stale screen session gitlab_explorer_resume_31
[2026-06-30T10:11:45-0700] launched resume session=gitlab_explorer_resume_32 arm=explorer next_t=32 merged=/Users/sanjay/projects/BerkeleyProjects/Research/IanWaudbySmith/coldStartPrompts/results/gitlab_strong_arm/paired/logs/gitlab_strong_paired_explorer_trial0_2026-06-30T16-22-42Z_MERGED_SO_FAR.jsonl
[2026-06-30T10:12:45-0700] no runner active; resuming partial arm explorer
[2026-06-30T10:12:45-0700] quitting stale screen session gitlab_explorer_resume_32
[2026-06-30T10:12:45-0700] launched resume session=gitlab_explorer_resume_33 arm=explorer next_t=33 merged=/Users/sanjay/projects/BerkeleyProjects/Research/IanWaudbySmith/coldStartPrompts/results/gitlab_strong_arm/paired/logs/gitlab_strong_paired_explorer_trial0_2026-06-30T16-22-42Z_MERGED_SO_FAR.jsonl
[2026-06-30T10:13:45-0700] no runner active; resuming partial arm explorer
[2026-06-30T10:13:46-0700] quitting stale screen session gitlab_explorer_resume_33
[2026-06-30T10:13:46-0700] launched resume session=gitlab_explorer_resume_34 arm=explorer next_t=34 merged=/Users/sanjay/projects/BerkeleyProjects/Research/IanWaudbySmith/coldStartPrompts/results/gitlab_strong_arm/paired/logs/gitlab_strong_paired_explorer_trial0_2026-06-30T16-22-42Z_MERGED_SO_FAR.jsonl
[2026-06-30T10:14:46-0700] no runner active; resuming partial arm explorer
[2026-06-30T10:14:46-0700] quitting stale screen session gitlab_explorer_resume_34
[2026-06-30T10:14:46-0700] launched resume session=gitlab_explorer_resume_34 arm=explorer next_t=34 merged=/Users/sanjay/projects/BerkeleyProjects/Research/IanWaudbySmith/coldStartPrompts/results/gitlab_strong_arm/paired/logs/gitlab_strong_paired_explorer_trial0_2026-06-30T16-22-42Z_MERGED_SO_FAR.jsonl
[2026-06-30T10:15:46-0700] no runner active; resuming partial arm explorer
[2026-06-30T10:15:46-0700] quitting stale screen session gitlab_explorer_resume_34
[2026-06-30T10:15:47-0700] launched resume session=gitlab_explorer_resume_35 arm=explorer next_t=35 merged=/Users/sanjay/projects/BerkeleyProjects/Research/IanWaudbySmith/coldStartPrompts/results/gitlab_strong_arm/paired/logs/gitlab_strong_paired_explorer_trial0_2026-06-30T16-22-42Z_MERGED_SO_FAR.jsonl
[2026-06-30T10:16:47-0700] no runner active; resuming partial arm explorer
[2026-06-30T10:16:47-0700] quitting stale screen session gitlab_explorer_resume_35
[2026-06-30T10:16:47-0700] launched resume session=gitlab_explorer_resume_35 arm=explorer next_t=35 merged=/Users/sanjay/projects/BerkeleyProjects/Research/IanWaudbySmith/coldStartPrompts/results/gitlab_strong_arm/paired/logs/gitlab_strong_paired_explorer_trial0_2026-06-30T16-22-42Z_MERGED_SO_FAR.jsonl
[2026-06-30T10:17:47-0700] no runner active; resuming partial arm explorer
[2026-06-30T10:17:47-0700] quitting stale screen session gitlab_explorer_resume_35
[2026-06-30T10:17:47-0700] launched resume session=gitlab_explorer_resume_37 arm=explorer next_t=37 merged=/Users/sanjay/projects/BerkeleyProjects/Research/IanWaudbySmith/coldStartPrompts/results/gitlab_strong_arm/paired/logs/gitlab_strong_paired_explorer_trial0_2026-06-30T16-22-42Z_MERGED_SO_FAR.jsonl
[2026-06-30T10:19:03-0700] watchdog starting interval=60s stale=600s
[2026-06-30T10:19:03-0700] no runner active; resuming partial arm explorer
[2026-06-30T10:19:03-0700] launched resume session=gitlab_explorer_resume_38 arm=explorer next_t=38 merged=/Users/sanjay/projects/BerkeleyProjects/Research/IanWaudbySmith/coldStartPrompts/results/gitlab_strong_arm/paired/logs/gitlab_strong_paired_explorer_trial0_2026-06-30T16-22-42Z_MERGED_SO_FAR.jsonl
[2026-06-30T10:19:28-0700] watchdog starting interval=60s stale=600s
[2026-06-30T10:19:28-0700] runner active pids=[99687, 99688, 99689]; freshness=4s; completed=3/16; current=explorer
[2026-06-30T10:20:29-0700] runner active pids=[99687, 99688, 99689]; freshness=0s; completed=3/16; current=explorer
[2026-06-30T10:21:29-0700] runner active pids=[99687, 99688, 99689]; freshness=0s; completed=3/16; current=explorer
[2026-06-30T10:22:29-0700] merged explorer FULL log: /Users/sanjay/projects/BerkeleyProjects/Research/IanWaudbySmith/coldStartPrompts/results/gitlab_strong_arm/paired/logs/gitlab_strong_paired_explorer_trial0_2026-06-30T16-22-42Z_FULL.jsonl rows=40 successes=8
[2026-06-30T10:22:29-0700] no runner active; starting paired runner; completed=4/16
[2026-06-30T10:22:29-0700] launched paired runner session=gitlab_paired_40_continue
[2026-06-30T10:23:29-0700] runner active pids=[1941, 1942, 1943]; freshness=2s; completed=4/16; current=balanced
[2026-06-30T10:24:29-0700] runner active pids=[1941, 1942, 1943]; freshness=3s; completed=4/16; current=balanced
[2026-06-30T10:25:29-0700] runner active pids=[1941, 1942, 1943]; freshness=1s; completed=4/16; current=balanced
[2026-06-30T10:26:29-0700] runner active pids=[1941, 1942, 1943]; freshness=10s; completed=4/16; current=balanced
[2026-06-30T10:27:29-0700] runner active pids=[1941, 1942, 1943]; freshness=7s; completed=4/16; current=balanced
[2026-06-30T10:28:29-0700] runner active pids=[1941, 1942, 1943]; freshness=1s; completed=4/16; current=balanced
[2026-06-30T10:29:29-0700] runner active pids=[1941, 1942, 1943]; freshness=1s; completed=4/16; current=balanced
[2026-06-30T10:30:30-0700] runner active pids=[1941, 1942, 1943]; freshness=1s; completed=4/16; current=balanced
[2026-06-30T10:31:30-0700] runner active pids=[1941, 1942, 1943]; freshness=2s; completed=4/16; current=balanced
[2026-06-30T10:32:30-0700] runner active pids=[1941, 1942, 1943]; freshness=1s; completed=4/16; current=balanced
[2026-06-30T10:33:30-0700] runner active pids=[1941, 1942, 1943]; freshness=2s; completed=4/16; current=balanced
[2026-06-30T10:34:30-0700] runner active pids=[1941, 1942, 1943]; freshness=20s; completed=4/16; current=balanced
[2026-06-30T10:35:30-0700] runner active pids=[1941, 1942, 1943]; freshness=1s; completed=4/16; current=balanced
[2026-06-30T10:36:30-0700] runner active pids=[1941, 1942, 1943]; freshness=2s; completed=4/16; current=balanced
[2026-06-30T10:37:30-0700] runner active pids=[1941, 1942, 1943]; freshness=0s; completed=4/16; current=balanced
[2026-06-30T10:38:30-0700] runner active pids=[1941, 1942, 1943]; freshness=1s; completed=4/16; current=balanced
[2026-06-30T10:39:30-0700] runner active pids=[1941, 1942, 1943]; freshness=2s; completed=4/16; current=balanced
[2026-06-30T10:40:30-0700] runner active pids=[1941, 1942, 1943]; freshness=4s; completed=4/16; current=balanced
[2026-06-30T10:41:31-0700] runner active pids=[1941, 1942, 1943]; freshness=2s; completed=4/16; current=balanced
[2026-06-30T10:42:31-0700] runner active pids=[1941, 1942, 1943]; freshness=3s; completed=4/16; current=balanced
[2026-06-30T10:43:31-0700] runner active pids=[1941, 1942, 1943]; freshness=2s; completed=4/16; current=balanced
[2026-06-30T10:44:31-0700] runner active pids=[1941, 1942, 1943]; freshness=1s; completed=4/16; current=balanced
[2026-06-30T10:45:31-0700] runner active pids=[1941, 1942, 1943]; freshness=2s; completed=4/16; current=balanced
[2026-06-30T10:46:31-0700] runner active pids=[1941, 1942, 1943]; freshness=6s; completed=4/16; current=balanced
[2026-06-30T10:47:31-0700] runner active pids=[1941, 1942, 1943]; freshness=1s; completed=4/16; current=balanced
[2026-06-30T10:48:31-0700] runner active pids=[1941, 1942, 1943]; freshness=4s; completed=4/16; current=balanced
[2026-06-30T10:49:31-0700] runner active pids=[1941, 1942, 1943]; freshness=17s; completed=4/16; current=balanced
[2026-06-30T10:50:31-0700] runner active pids=[1941, 1942, 1943]; freshness=0s; completed=4/16; current=balanced
[2026-06-30T10:51:31-0700] runner active pids=[1941, 1942, 1943]; freshness=4s; completed=4/16; current=balanced
[2026-06-30T10:52:32-0700] runner active pids=[1941, 1942, 1943]; freshness=6s; completed=4/16; current=balanced
[2026-06-30T10:53:32-0700] runner active pids=[1941, 1942, 1943]; freshness=2s; completed=4/16; current=balanced
[2026-06-30T10:54:32-0700] runner active pids=[1941, 1942, 1943]; freshness=0s; completed=4/16; current=balanced
[2026-06-30T10:55:32-0700] runner active pids=[1941, 1942, 1943]; freshness=0s; completed=4/16; current=balanced
[2026-06-30T10:56:32-0700] runner active pids=[1941, 1942, 1943]; freshness=16s; completed=4/16; current=balanced
[2026-06-30T10:57:32-0700] runner active pids=[1941, 1942, 1943]; freshness=3s; completed=4/16; current=balanced
[2026-06-30T10:58:32-0700] runner active pids=[1941, 1942, 1943]; freshness=0s; completed=4/16; current=balanced
[2026-06-30T10:59:32-0700] runner active pids=[1941, 1942, 1943]; freshness=4s; completed=4/16; current=balanced
[2026-06-30T11:00:32-0700] runner active pids=[1941, 1942, 1943]; freshness=5s; completed=4/16; current=balanced
[2026-06-30T11:01:32-0700] runner active pids=[1941, 1942, 1943]; freshness=1s; completed=4/16; current=balanced
[2026-06-30T11:02:32-0700] runner active pids=[1941, 1942, 1943]; freshness=55s; completed=4/16; current=balanced
[2026-06-30T11:03:33-0700] runner active pids=[1941, 1942, 1943]; freshness=115s; completed=4/16; current=balanced
[2026-06-30T11:04:33-0700] runner active pids=[1941, 1942, 1943]; freshness=176s; completed=4/16; current=balanced
[2026-06-30T11:05:33-0700] runner active pids=[1941, 1942, 1943]; freshness=236s; completed=4/16; current=balanced
[2026-06-30T11:06:33-0700] runner active pids=[1941, 1942, 1943]; freshness=296s; completed=4/16; current=balanced
[2026-06-30T11:07:33-0700] runner active pids=[1941, 1942, 1943]; freshness=356s; completed=4/16; current=balanced
[2026-06-30T11:08:33-0700] runner active pids=[1941, 1942, 1943]; freshness=416s; completed=4/16; current=balanced
[2026-06-30T11:09:33-0700] runner active pids=[1941, 1942, 1943]; freshness=476s; completed=4/16; current=balanced
[2026-06-30T11:10:33-0700] runner active pids=[1941, 1942, 1943]; freshness=536s; completed=4/16; current=balanced
[2026-06-30T11:11:33-0700] runner active pids=[1941, 1942, 1943]; freshness=596s; completed=4/16; current=balanced
[2026-06-30T11:12:33-0700] stale runner detected age=656s pids=[1941, 1942, 1943]; terminating and resuming
[2026-06-30T11:12:39-0700] launched resume session=gitlab_balanced_resume_31 arm=balanced next_t=31 merged=/Users/sanjay/projects/BerkeleyProjects/Research/IanWaudbySmith/coldStartPrompts/results/gitlab_strong_arm/paired/logs/gitlab_strong_paired_balanced_trial0_2026-06-30T17-22-40Z_MERGED_SO_FAR.jsonl
[2026-06-30T11:13:39-0700] runner active pids=[25518, 25519, 25520]; freshness=2s; completed=4/16; current=balanced
[2026-06-30T11:14:39-0700] runner active pids=[25518, 25519, 25520]; freshness=2s; completed=4/16; current=balanced
[2026-06-30T11:15:39-0700] runner active pids=[25518, 25519, 25520]; freshness=7s; completed=4/16; current=balanced
[2026-06-30T11:16:39-0700] runner active pids=[25518, 25519, 25520]; freshness=16s; completed=4/16; current=balanced
[2026-06-30T11:17:39-0700] runner active pids=[25518, 25519, 25520]; freshness=1s; completed=4/16; current=balanced
[2026-06-30T11:18:39-0700] runner active pids=[25518, 25519, 25520]; freshness=3s; completed=4/16; current=balanced
[2026-06-30T11:19:39-0700] runner active pids=[25518, 25519, 25520]; freshness=7s; completed=4/16; current=balanced
[2026-06-30T11:20:39-0700] runner active pids=[25518, 25519, 25520]; freshness=16s; completed=4/16; current=balanced
[2026-06-30T11:21:40-0700] runner active pids=[25518, 25519, 25520]; freshness=3s; completed=4/16; current=balanced
[2026-06-30T11:22:40-0700] runner active pids=[25518, 25519, 25520]; freshness=1s; completed=4/16; current=balanced
[2026-06-30T11:23:40-0700] runner active pids=[25518, 25519, 25520]; freshness=3s; completed=4/16; current=balanced
[2026-06-30T11:24:40-0700] runner active pids=[25518, 25519, 25520]; freshness=1s; completed=4/16; current=balanced
[2026-06-30T11:25:40-0700] runner active pids=[25518, 25519, 25520]; freshness=3s; completed=4/16; current=balanced
[2026-06-30T11:26:40-0700] runner active pids=[25518, 25519, 25520]; freshness=7s; completed=4/16; current=balanced
[2026-06-30T11:27:40-0700] runner active pids=[25518, 25519, 25520]; freshness=3s; completed=4/16; current=balanced
[2026-06-30T11:28:40-0700] runner active pids=[25518, 25519, 25520]; freshness=6s; completed=4/16; current=balanced
[2026-06-30T11:29:40-0700] merged balanced FULL log: /Users/sanjay/projects/BerkeleyProjects/Research/IanWaudbySmith/coldStartPrompts/results/gitlab_strong_arm/paired/logs/gitlab_strong_paired_balanced_trial0_2026-06-30T17-22-40Z_FULL.jsonl rows=40 successes=22
[2026-06-30T11:29:40-0700] no runner active; starting paired runner; completed=5/16
[2026-06-30T11:29:40-0700] launched paired runner session=gitlab_paired_40_continue
[2026-06-30T11:30:41-0700] runner active pids=[32757, 32758, 32759]; freshness=0s; completed=5/16; current=overthinker
[2026-06-30T11:31:41-0700] runner active pids=[32757, 32758, 32759]; freshness=1s; completed=5/16; current=overthinker
[2026-06-30T11:32:41-0700] runner active pids=[32757, 32758, 32759]; freshness=2s; completed=5/16; current=overthinker
[2026-06-30T11:33:41-0700] runner active pids=[32757, 32758, 32759]; freshness=8s; completed=5/16; current=overthinker
[2026-06-30T11:34:41-0700] runner active pids=[32757, 32758, 32759]; freshness=3s; completed=5/16; current=overthinker
[2026-06-30T11:35:41-0700] runner active pids=[32757, 32758, 32759]; freshness=1s; completed=5/16; current=overthinker
[2026-06-30T11:36:41-0700] runner active pids=[32757, 32758, 32759]; freshness=4s; completed=5/16; current=overthinker
[2026-06-30T11:37:41-0700] runner active pids=[32757, 32758, 32759]; freshness=2s; completed=5/16; current=overthinker
[2026-06-30T11:38:41-0700] runner active pids=[32757, 32758, 32759]; freshness=2s; completed=5/16; current=overthinker
[2026-06-30T11:39:41-0700] runner active pids=[32757, 32758, 32759]; freshness=1s; completed=5/16; current=overthinker
[2026-06-30T11:40:41-0700] runner active pids=[32757, 32758, 32759]; freshness=12s; completed=5/16; current=overthinker
[2026-06-30T11:41:42-0700] runner active pids=[32757, 32758, 32759]; freshness=6s; completed=5/16; current=overthinker
[2026-06-30T11:42:42-0700] runner active pids=[32757, 32758, 32759]; freshness=2s; completed=5/16; current=overthinker
[2026-06-30T11:43:42-0700] runner active pids=[32757, 32758, 32759]; freshness=6s; completed=5/16; current=overthinker
[2026-06-30T11:44:42-0700] runner active pids=[32757, 32758, 32759]; freshness=1s; completed=5/16; current=overthinker
[2026-06-30T11:45:42-0700] runner active pids=[32757, 32758, 32759]; freshness=2s; completed=5/16; current=overthinker
[2026-06-30T11:46:42-0700] runner active pids=[32757, 32758, 32759]; freshness=4s; completed=5/16; current=overthinker
[2026-06-30T11:47:42-0700] runner active pids=[32757, 32758, 32759]; freshness=3s; completed=5/16; current=overthinker
[2026-06-30T11:48:42-0700] runner active pids=[32757, 32758, 32759]; freshness=0s; completed=5/16; current=overthinker
[2026-06-30T11:49:42-0700] runner active pids=[32757, 32758, 32759]; freshness=3s; completed=5/16; current=overthinker
[2026-06-30T11:50:42-0700] runner active pids=[32757, 32758, 32759]; freshness=0s; completed=5/16; current=overthinker
[2026-06-30T11:51:43-0700] runner active pids=[32757, 32758, 32759]; freshness=7s; completed=5/16; current=overthinker
[2026-06-30T11:52:43-0700] runner active pids=[32757, 32758, 32759]; freshness=4s; completed=5/16; current=overthinker
[2026-06-30T11:53:43-0700] runner active pids=[32757, 32758, 32759]; freshness=1s; completed=5/16; current=overthinker
[2026-06-30T11:54:43-0700] runner active pids=[32757, 32758, 32759]; freshness=0s; completed=5/16; current=overthinker
[2026-06-30T11:55:43-0700] runner active pids=[32757, 32758, 32759]; freshness=2s; completed=5/16; current=overthinker
[2026-06-30T11:56:43-0700] runner active pids=[32757, 32758, 32759]; freshness=0s; completed=5/16; current=overthinker
[2026-06-30T11:57:43-0700] runner active pids=[32757, 32758, 32759]; freshness=5s; completed=5/16; current=overthinker
[2026-06-30T11:58:43-0700] runner active pids=[32757, 32758, 32759]; freshness=2s; completed=5/16; current=overthinker
[2026-06-30T11:59:43-0700] runner active pids=[32757, 32758, 32759]; freshness=2s; completed=5/16; current=overthinker
[2026-06-30T12:00:43-0700] runner active pids=[32757, 32758, 32759]; freshness=1s; completed=5/16; current=overthinker
[2026-06-30T12:01:43-0700] runner active pids=[32757, 32758, 32759]; freshness=2s; completed=5/16; current=overthinker
[2026-06-30T12:02:44-0700] runner active pids=[32757, 32758, 32759]; freshness=5s; completed=5/16; current=overthinker
[2026-06-30T12:03:44-0700] runner active pids=[32757, 32758, 32759]; freshness=0s; completed=5/16; current=overthinker
[2026-06-30T12:04:44-0700] runner active pids=[32757, 32758, 32759]; freshness=0s; completed=5/16; current=overthinker
[2026-06-30T12:05:44-0700] runner active pids=[32757, 32758, 32759]; freshness=7s; completed=5/16; current=overthinker
[2026-06-30T12:06:44-0700] runner active pids=[32757, 32758, 32759]; freshness=3s; completed=5/16; current=overthinker
[2026-06-30T12:07:44-0700] runner active pids=[32757, 32758, 32759]; freshness=63s; completed=5/16; current=overthinker
[2026-06-30T12:08:44-0700] runner active pids=[32757, 32758, 32759]; freshness=124s; completed=5/16; current=overthinker
[2026-06-30T12:09:44-0700] runner active pids=[32757, 32758, 32759]; freshness=184s; completed=5/16; current=overthinker
[2026-06-30T12:10:44-0700] runner active pids=[32757, 32758, 32759]; freshness=244s; completed=5/16; current=overthinker
[2026-06-30T12:11:44-0700] runner active pids=[32757, 32758, 32759]; freshness=304s; completed=5/16; current=overthinker
[2026-06-30T12:12:44-0700] runner active pids=[32757, 32758, 32759]; freshness=364s; completed=5/16; current=overthinker
[2026-06-30T12:13:45-0700] runner active pids=[32757, 32758, 32759]; freshness=424s; completed=5/16; current=overthinker
[2026-06-30T12:14:45-0700] runner active pids=[32757, 32758, 32759]; freshness=484s; completed=5/16; current=overthinker
[2026-06-30T12:15:45-0700] runner active pids=[32757, 32758, 32759]; freshness=544s; completed=5/16; current=overthinker
[2026-06-30T12:16:45-0700] stale runner detected age=604s pids=[32757, 32758, 32759]; terminating and resuming
[2026-06-30T12:16:50-0700] launched resume session=gitlab_overthinker_resume_31 arm=overthinker next_t=31 merged=/Users/sanjay/projects/BerkeleyProjects/Research/IanWaudbySmith/coldStartPrompts/results/gitlab_strong_arm/paired/logs/gitlab_strong_paired_overthinker_trial0_2026-06-30T18-29-52Z_MERGED_SO_FAR.jsonl
[2026-06-30T12:17:50-0700] runner active pids=[52871, 52872, 52873]; freshness=1s; completed=5/16; current=overthinker
[2026-06-30T12:18:50-0700] runner active pids=[52871, 52872, 52873]; freshness=1s; completed=5/16; current=overthinker
[2026-06-30T12:19:51-0700] runner active pids=[52871, 52872, 52873]; freshness=4s; completed=5/16; current=overthinker
[2026-06-30T12:20:51-0700] runner active pids=[52871, 52872, 52873]; freshness=3s; completed=5/16; current=overthinker
[2026-06-30T12:21:51-0700] runner active pids=[52871, 52872, 52873]; freshness=4s; completed=5/16; current=overthinker
[2026-06-30T12:22:51-0700] runner active pids=[52871, 52872, 52873]; freshness=3s; completed=5/16; current=overthinker
[2026-06-30T12:23:51-0700] runner active pids=[52871, 52872, 52873]; freshness=0s; completed=5/16; current=overthinker
[2026-06-30T12:24:51-0700] runner active pids=[52871, 52872, 52873]; freshness=1s; completed=5/16; current=overthinker
[2026-06-30T12:25:51-0700] runner active pids=[52871, 52872, 52873]; freshness=1s; completed=5/16; current=overthinker
[2026-06-30T12:26:51-0700] runner active pids=[52871, 52872, 52873]; freshness=0s; completed=5/16; current=overthinker
[2026-06-30T12:27:51-0700] runner active pids=[52871, 52872, 52873]; freshness=3s; completed=5/16; current=overthinker
[2026-06-30T12:28:51-0700] runner active pids=[52871, 52872, 52873]; freshness=0s; completed=5/16; current=overthinker
[2026-06-30T12:29:52-0700] runner active pids=[52871, 52872, 52873]; freshness=1s; completed=5/16; current=overthinker
[2026-06-30T12:30:52-0700] runner active pids=[52871, 52872, 52873]; freshness=1s; completed=5/16; current=overthinker
[2026-06-30T12:31:52-0700] runner active pids=[52871, 52872, 52873]; freshness=0s; completed=5/16; current=overthinker
[2026-06-30T12:32:52-0700] merged overthinker FULL log: /Users/sanjay/projects/BerkeleyProjects/Research/IanWaudbySmith/coldStartPrompts/results/gitlab_strong_arm/paired/logs/gitlab_strong_paired_overthinker_trial0_2026-06-30T18-29-52Z_FULL.jsonl rows=40 successes=22
[2026-06-30T12:32:52-0700] no runner active; starting paired runner; completed=6/16
[2026-06-30T12:32:52-0700] launched paired runner session=gitlab_paired_40_continue
[2026-06-30T12:33:52-0700] runner active pids=[60680, 60681, 60682]; freshness=2s; completed=6/16; current=rapid
[2026-06-30T12:34:52-0700] runner active pids=[60680, 60681, 60682]; freshness=2s; completed=6/16; current=rapid
[2026-06-30T12:35:52-0700] runner active pids=[60680, 60681, 60682]; freshness=2s; completed=6/16; current=rapid
[2026-06-30T12:36:52-0700] runner active pids=[60680, 60681, 60682]; freshness=1s; completed=6/16; current=rapid
[2026-06-30T12:37:52-0700] runner active pids=[60680, 60681, 60682]; freshness=3s; completed=6/16; current=rapid
[2026-06-30T12:38:52-0700] runner active pids=[60680, 60681, 60682]; freshness=2s; completed=6/16; current=rapid
[2026-06-30T12:39:53-0700] runner active pids=[60680, 60681, 60682]; freshness=1s; completed=6/16; current=rapid
[2026-06-30T12:40:53-0700] runner active pids=[60680, 60681, 60682]; freshness=1s; completed=6/16; current=rapid
[2026-06-30T12:41:53-0700] runner active pids=[60680, 60681, 60682]; freshness=0s; completed=6/16; current=rapid
[2026-06-30T12:42:53-0700] runner active pids=[60680, 60681, 60682]; freshness=0s; completed=6/16; current=rapid
[2026-06-30T12:43:53-0700] runner active pids=[60680, 60681, 60682]; freshness=0s; completed=6/16; current=rapid
[2026-06-30T12:44:53-0700] runner active pids=[60680, 60681, 60682]; freshness=2s; completed=6/16; current=rapid
[2026-06-30T12:45:53-0700] runner active pids=[60680, 60681, 60682]; freshness=0s; completed=6/16; current=rapid
[2026-06-30T12:46:53-0700] runner active pids=[60680, 60681, 60682]; freshness=2s; completed=6/16; current=rapid
[2026-06-30T12:47:53-0700] runner active pids=[60680, 60681, 60682]; freshness=5s; completed=6/16; current=rapid
[2026-06-30T12:48:53-0700] runner active pids=[60680, 60681, 60682]; freshness=8s; completed=6/16; current=rapid
[2026-06-30T12:49:53-0700] runner active pids=[60680, 60681, 60682]; freshness=10s; completed=6/16; current=rapid
[2026-06-30T12:50:54-0700] runner active pids=[60680, 60681, 60682]; freshness=1s; completed=6/16; current=rapid
[2026-06-30T12:51:54-0700] runner active pids=[60680, 60681, 60682]; freshness=1s; completed=6/16; current=rapid
[2026-06-30T12:52:54-0700] runner active pids=[60680, 60681, 60682]; freshness=8s; completed=6/16; current=rapid
[2026-06-30T12:53:54-0700] runner active pids=[60680, 60681, 60682]; freshness=2s; completed=6/16; current=rapid
[2026-06-30T12:54:54-0700] runner active pids=[60680, 60681, 60682]; freshness=15s; completed=6/16; current=rapid
[2026-06-30T12:55:54-0700] runner active pids=[60680, 60681, 60682]; freshness=2s; completed=6/16; current=rapid
[2026-06-30T12:56:54-0700] runner active pids=[60680, 60681, 60682]; freshness=34s; completed=6/16; current=rapid
[2026-06-30T12:57:54-0700] runner active pids=[60680, 60681, 60682]; freshness=94s; completed=6/16; current=rapid
[2026-06-30T12:58:54-0700] runner active pids=[60680, 60681, 60682]; freshness=154s; completed=6/16; current=rapid
[2026-06-30T12:59:54-0700] runner active pids=[60680, 60681, 60682]; freshness=214s; completed=6/16; current=rapid
[2026-06-30T13:00:54-0700] runner active pids=[60680, 60681, 60682]; freshness=274s; completed=6/16; current=rapid
[2026-06-30T13:01:55-0700] runner active pids=[60680, 60681, 60682]; freshness=334s; completed=6/16; current=rapid
[2026-06-30T13:02:55-0700] runner active pids=[60680, 60681, 60682]; freshness=394s; completed=6/16; current=rapid
[2026-06-30T13:03:55-0700] runner active pids=[60680, 60681, 60682]; freshness=454s; completed=6/16; current=rapid
[2026-06-30T13:04:55-0700] runner active pids=[60680, 60681, 60682]; freshness=514s; completed=6/16; current=rapid
[2026-06-30T13:05:55-0700] runner active pids=[60680, 60681, 60682]; freshness=574s; completed=6/16; current=rapid
[2026-06-30T13:06:55-0700] stale runner detected age=635s pids=[60680, 60681, 60682]; terminating and resuming
[2026-06-30T13:07:00-0700] launched resume session=gitlab_rapid_resume_30 arm=rapid next_t=30 merged=/Users/sanjay/projects/BerkeleyProjects/Research/IanWaudbySmith/coldStartPrompts/results/gitlab_strong_arm/paired/logs/gitlab_strong_paired_rapid_trial0_2026-06-30T19-33-04Z_MERGED_SO_FAR.jsonl
[2026-06-30T13:08:01-0700] runner active pids=[77430, 77431, 77432]; freshness=0s; completed=6/16; current=rapid
[2026-06-30T13:09:01-0700] runner active pids=[77430, 77431, 77432]; freshness=3s; completed=6/16; current=rapid
[2026-06-30T13:10:01-0700] runner active pids=[77430, 77431, 77432]; freshness=1s; completed=6/16; current=rapid
[2026-06-30T13:11:01-0700] runner active pids=[77430, 77431, 77432]; freshness=14s; completed=6/16; current=rapid
[2026-06-30T13:12:01-0700] runner active pids=[77430, 77431, 77432]; freshness=17s; completed=6/16; current=rapid
[2026-06-30T13:13:01-0700] runner active pids=[77430, 77431, 77432]; freshness=1s; completed=6/16; current=rapid
[2026-06-30T13:14:01-0700] runner active pids=[77430, 77431, 77432]; freshness=2s; completed=6/16; current=rapid
[2026-06-30T13:15:01-0700] runner active pids=[77430, 77431, 77432]; freshness=1s; completed=6/16; current=rapid
[2026-06-30T13:16:01-0700] runner active pids=[77430, 77431, 77432]; freshness=0s; completed=6/16; current=rapid
[2026-06-30T13:17:01-0700] runner active pids=[77430, 77431, 77432]; freshness=0s; completed=6/16; current=rapid
[2026-06-30T13:18:02-0700] runner active pids=[77430, 77431, 77432]; freshness=0s; completed=6/16; current=rapid
[2026-06-30T13:19:02-0700] runner active pids=[77430, 77431, 77432]; freshness=0s; completed=6/16; current=rapid
[2026-06-30T13:20:02-0700] runner active pids=[77430, 77431, 77432]; freshness=1s; completed=6/16; current=rapid
[2026-06-30T13:21:02-0700] runner active pids=[77430, 77431, 77432]; freshness=2s; completed=6/16; current=rapid
[2026-06-30T13:22:02-0700] merged rapid FULL log: /Users/sanjay/projects/BerkeleyProjects/Research/IanWaudbySmith/coldStartPrompts/results/gitlab_strong_arm/paired/logs/gitlab_strong_paired_rapid_trial0_2026-06-30T19-33-04Z_FULL.jsonl rows=40 successes=28
[2026-06-30T13:22:02-0700] no runner active; starting paired runner; completed=7/16
[2026-06-30T13:22:02-0700] launched paired runner session=gitlab_paired_40_continue
[2026-06-30T13:23:02-0700] runner active pids=[84807, 84812, 84813]; freshness=3s; completed=7/16; current=verifier
[2026-06-30T13:24:02-0700] runner active pids=[84807, 84812, 84813]; freshness=2s; completed=7/16; current=verifier
[2026-06-30T13:25:02-0700] runner active pids=[84807, 84812, 84813]; freshness=3s; completed=7/16; current=verifier
[2026-06-30T13:26:02-0700] runner active pids=[84807, 84812, 84813]; freshness=3s; completed=7/16; current=verifier
[2026-06-30T13:27:03-0700] runner active pids=[84807, 84812, 84813]; freshness=1s; completed=7/16; current=verifier
[2026-06-30T13:28:03-0700] runner active pids=[84807, 84812, 84813]; freshness=1s; completed=7/16; current=verifier
[2026-06-30T13:29:03-0700] runner active pids=[84807, 84812, 84813]; freshness=1s; completed=7/16; current=verifier
[2026-06-30T13:30:03-0700] runner active pids=[84807, 84812, 84813]; freshness=3s; completed=7/16; current=verifier
[2026-06-30T13:31:03-0700] runner active pids=[84807, 84812, 84813]; freshness=0s; completed=7/16; current=verifier
[2026-06-30T13:32:03-0700] runner active pids=[84807, 84812, 84813]; freshness=2s; completed=7/16; current=verifier
[2026-06-30T13:33:03-0700] runner active pids=[84807, 84812, 84813]; freshness=4s; completed=7/16; current=verifier
[2026-06-30T13:34:03-0700] runner active pids=[84807, 84812, 84813]; freshness=0s; completed=7/16; current=verifier
[2026-06-30T13:35:03-0700] runner active pids=[84807, 84812, 84813]; freshness=0s; completed=7/16; current=verifier
[2026-06-30T13:36:03-0700] runner active pids=[84807, 84812, 84813]; freshness=11s; completed=7/16; current=verifier
[2026-06-30T13:37:04-0700] runner active pids=[84807, 84812, 84813]; freshness=1s; completed=7/16; current=verifier
[2026-06-30T13:38:04-0700] runner active pids=[84807, 84812, 84813]; freshness=2s; completed=7/16; current=verifier
[2026-06-30T13:39:04-0700] runner active pids=[84807, 84812, 84813]; freshness=1s; completed=7/16; current=verifier
[2026-06-30T13:40:04-0700] runner active pids=[84807, 84812, 84813]; freshness=2s; completed=7/16; current=verifier
[2026-06-30T13:41:04-0700] runner active pids=[84807, 84812, 84813]; freshness=5s; completed=7/16; current=verifier
[2026-06-30T13:42:04-0700] runner active pids=[84807, 84812, 84813]; freshness=8s; completed=7/16; current=verifier
[2026-06-30T13:43:04-0700] runner active pids=[84807, 84812, 84813]; freshness=4s; completed=7/16; current=verifier
[2026-06-30T13:44:04-0700] runner active pids=[84807, 84812, 84813]; freshness=5s; completed=7/16; current=verifier
[2026-06-30T13:45:04-0700] runner active pids=[84807, 84812, 84813]; freshness=4s; completed=7/16; current=verifier
[2026-06-30T13:46:04-0700] runner active pids=[84807, 84812, 84813]; freshness=0s; completed=7/16; current=verifier
[2026-06-30T13:47:04-0700] runner active pids=[84807, 84812, 84813]; freshness=2s; completed=7/16; current=verifier
[2026-06-30T13:48:05-0700] runner active pids=[84807, 84812, 84813]; freshness=1s; completed=7/16; current=verifier
[2026-06-30T13:49:05-0700] runner active pids=[84807, 84812, 84813]; freshness=1s; completed=7/16; current=verifier
[2026-06-30T13:50:05-0700] runner active pids=[84807, 84812, 84813]; freshness=7s; completed=7/16; current=verifier
[2026-06-30T13:51:05-0700] runner active pids=[84807, 84812, 84813]; freshness=2s; completed=7/16; current=verifier
[2026-06-30T13:52:05-0700] runner active pids=[84807, 84812, 84813]; freshness=4s; completed=7/16; current=verifier
[2026-06-30T13:53:05-0700] runner active pids=[84807, 84812, 84813]; freshness=2s; completed=7/16; current=verifier
[2026-06-30T13:54:05-0700] runner active pids=[84807, 84812, 84813]; freshness=4s; completed=7/16; current=verifier
[2026-06-30T13:55:05-0700] runner active pids=[84807, 84812, 84813]; freshness=10s; completed=7/16; current=verifier
[2026-06-30T13:56:05-0700] runner active pids=[84807, 84812, 84813]; freshness=15s; completed=7/16; current=verifier
[2026-06-30T13:57:05-0700] runner active pids=[84807, 84812, 84813]; freshness=0s; completed=7/16; current=verifier
[2026-06-30T13:58:06-0700] runner active pids=[84807, 84812, 84813]; freshness=0s; completed=7/16; current=verifier
[2026-06-30T13:59:06-0700] runner active pids=[84807, 84812, 84813]; freshness=9s; completed=7/16; current=verifier
[2026-06-30T14:00:06-0700] runner active pids=[84807, 84812, 84813]; freshness=14s; completed=7/16; current=verifier
[2026-06-30T14:01:06-0700] runner active pids=[84807, 84812, 84813]; freshness=17s; completed=7/16; current=verifier
[2026-06-30T14:02:06-0700] runner active pids=[84807, 84812, 84813]; freshness=5s; completed=7/16; current=verifier
[2026-06-30T14:03:06-0700] runner active pids=[84807, 84812, 84813]; freshness=4s; completed=7/16; current=verifier
[2026-06-30T14:04:06-0700] runner active pids=[84807, 84812, 84813]; freshness=3s; completed=7/16; current=verifier
[2026-06-30T14:05:06-0700] runner active pids=[84807, 84812, 84813]; freshness=4s; completed=7/16; current=verifier
[2026-06-30T14:06:06-0700] runner active pids=[84807, 84812, 84813]; freshness=54s; completed=7/16; current=verifier
[2026-06-30T14:07:06-0700] runner active pids=[84807, 84812, 84813]; freshness=114s; completed=7/16; current=verifier
[2026-06-30T14:08:06-0700] runner active pids=[84807, 84812, 84813]; freshness=174s; completed=7/16; current=verifier
[2026-06-30T14:09:07-0700] runner active pids=[84807, 84812, 84813]; freshness=234s; completed=7/16; current=verifier
[2026-06-30T14:10:07-0700] runner active pids=[84807, 84812, 84813]; freshness=294s; completed=7/16; current=verifier
[2026-06-30T14:11:07-0700] runner active pids=[84807, 84812, 84813]; freshness=354s; completed=7/16; current=verifier
[2026-06-30T14:12:07-0700] runner active pids=[84807, 84812, 84813]; freshness=414s; completed=7/16; current=verifier
[2026-06-30T14:13:07-0700] runner active pids=[84807, 84812, 84813]; freshness=474s; completed=7/16; current=verifier
[2026-06-30T14:14:07-0700] runner active pids=[84807, 84812, 84813]; freshness=534s; completed=7/16; current=verifier
[2026-06-30T14:15:07-0700] runner active pids=[84807, 84812, 84813]; freshness=595s; completed=7/16; current=verifier
[2026-06-30T14:16:07-0700] stale runner detected age=655s pids=[84807, 84812, 84813]; terminating and resuming
[2026-06-30T14:16:13-0700] launched resume session=gitlab_verifier_resume_30 arm=verifier next_t=30 merged=/Users/sanjay/projects/BerkeleyProjects/Research/IanWaudbySmith/coldStartPrompts/results/gitlab_strong_arm/paired/logs/gitlab_strong_paired_verifier_trial0_2026-06-30T20-22-13Z_MERGED_SO_FAR.jsonl
[2026-06-30T14:17:13-0700] runner active pids=[10756, 10758, 10759]; freshness=4s; completed=7/16; current=verifier
[2026-06-30T14:18:13-0700] runner active pids=[10756, 10758, 10759]; freshness=2s; completed=7/16; current=verifier
[2026-06-30T14:19:13-0700] runner active pids=[10756, 10758, 10759]; freshness=2s; completed=7/16; current=verifier
[2026-06-30T14:20:13-0700] runner active pids=[10756, 10758, 10759]; freshness=3s; completed=7/16; current=verifier
[2026-06-30T14:21:13-0700] runner active pids=[10756, 10758, 10759]; freshness=0s; completed=7/16; current=verifier
[2026-06-30T14:22:13-0700] runner active pids=[10756, 10758, 10759]; freshness=2s; completed=7/16; current=verifier
[2026-06-30T14:23:13-0700] runner active pids=[10756, 10758, 10759]; freshness=10s; completed=7/16; current=verifier
[2026-06-30T14:24:13-0700] runner active pids=[10756, 10758, 10759]; freshness=4s; completed=7/16; current=verifier
[2026-06-30T14:25:14-0700] runner active pids=[10756, 10758, 10759]; freshness=5s; completed=7/16; current=verifier
[2026-06-30T14:26:14-0700] runner active pids=[10756, 10758, 10759]; freshness=13s; completed=7/16; current=verifier
[2026-06-30T14:27:14-0700] runner active pids=[10756, 10758, 10759]; freshness=3s; completed=7/16; current=verifier
[2026-06-30T14:28:14-0700] runner active pids=[10756, 10758, 10759]; freshness=3s; completed=7/16; current=verifier
[2026-06-30T14:29:14-0700] runner active pids=[10756, 10758, 10759]; freshness=2s; completed=7/16; current=verifier
[2026-06-30T14:30:14-0700] runner active pids=[10756, 10758, 10759]; freshness=2s; completed=7/16; current=verifier
[2026-06-30T14:31:14-0700] runner active pids=[10756, 10758, 10759]; freshness=20s; completed=7/16; current=verifier
[2026-06-30T14:32:14-0700] runner active pids=[10756, 10758, 10759]; freshness=1s; completed=7/16; current=verifier
[2026-06-30T14:33:14-0700] runner active pids=[10756, 10758, 10759]; freshness=1s; completed=7/16; current=verifier
[2026-06-30T14:34:14-0700] runner active pids=[10756, 10758, 10759]; freshness=10s; completed=7/16; current=verifier
[2026-06-30T14:35:14-0700] merged verifier FULL log: /Users/sanjay/projects/BerkeleyProjects/Research/IanWaudbySmith/coldStartPrompts/results/gitlab_strong_arm/paired/logs/gitlab_strong_paired_verifier_trial0_2026-06-30T20-22-13Z_FULL.jsonl rows=40 successes=20
[2026-06-30T14:35:15-0700] no runner active; starting paired runner; completed=8/16
[2026-06-30T14:35:15-0700] launched paired runner session=gitlab_paired_40_continue
[2026-06-30T14:36:15-0700] runner active pids=[19637, 19638, 19639]; freshness=2s; completed=8/16; current=exploratory
[2026-06-30T14:37:15-0700] runner active pids=[19637, 19638, 19639]; freshness=6s; completed=8/16; current=exploratory
[2026-06-30T14:38:15-0700] runner active pids=[19637, 19638, 19639]; freshness=4s; completed=8/16; current=exploratory
[2026-06-30T14:39:15-0700] runner active pids=[19637, 19638, 19639]; freshness=11s; completed=8/16; current=exploratory
[2026-06-30T14:40:15-0700] runner active pids=[19637, 19638, 19639]; freshness=2s; completed=8/16; current=exploratory
[2026-06-30T14:41:15-0700] runner active pids=[19637, 19638, 19639]; freshness=1s; completed=8/16; current=exploratory
[2026-06-30T14:42:15-0700] runner active pids=[19637, 19638, 19639]; freshness=2s; completed=8/16; current=exploratory
[2026-06-30T14:43:16-0700] runner active pids=[19637, 19638, 19639]; freshness=8s; completed=8/16; current=exploratory
[2026-06-30T14:44:16-0700] runner active pids=[19637, 19638, 19639]; freshness=0s; completed=8/16; current=exploratory
[2026-06-30T14:45:16-0700] runner active pids=[19637, 19638, 19639]; freshness=4s; completed=8/16; current=exploratory
[2026-06-30T14:46:16-0700] runner active pids=[19637, 19638, 19639]; freshness=1s; completed=8/16; current=exploratory
[2026-06-30T14:47:16-0700] runner active pids=[19637, 19638, 19639]; freshness=15s; completed=8/16; current=exploratory
[2026-06-30T14:48:16-0700] runner active pids=[19637, 19638, 19639]; freshness=0s; completed=8/16; current=exploratory
[2026-06-30T14:49:16-0700] runner active pids=[19637, 19638, 19639]; freshness=1s; completed=8/16; current=exploratory
[2026-06-30T14:50:16-0700] runner active pids=[19637, 19638, 19639]; freshness=0s; completed=8/16; current=exploratory
[2026-06-30T14:51:16-0700] runner active pids=[19637, 19638, 19639]; freshness=2s; completed=8/16; current=exploratory
[2026-06-30T14:52:16-0700] runner active pids=[19637, 19638, 19639]; freshness=5s; completed=8/16; current=exploratory
[2026-06-30T14:53:16-0700] runner active pids=[19637, 19638, 19639]; freshness=2s; completed=8/16; current=exploratory
[2026-06-30T14:54:17-0700] runner active pids=[19637, 19638, 19639]; freshness=2s; completed=8/16; current=exploratory
[2026-06-30T14:55:17-0700] runner active pids=[19637, 19638, 19639]; freshness=1s; completed=8/16; current=exploratory
[2026-06-30T14:56:17-0700] runner active pids=[19637, 19638, 19639]; freshness=1s; completed=8/16; current=exploratory
[2026-06-30T14:57:17-0700] runner active pids=[19637, 19638, 19639]; freshness=1s; completed=8/16; current=exploratory
[2026-06-30T14:58:17-0700] runner active pids=[19637, 19638, 19639]; freshness=2s; completed=8/16; current=exploratory
[2026-06-30T14:59:17-0700] runner active pids=[19637, 19638, 19639]; freshness=13s; completed=8/16; current=exploratory
[2026-06-30T15:00:17-0700] runner active pids=[19637, 19638, 19639]; freshness=0s; completed=8/16; current=exploratory
[2026-06-30T15:01:17-0700] runner active pids=[19637, 19638, 19639]; freshness=1s; completed=8/16; current=exploratory
[2026-06-30T15:02:17-0700] runner active pids=[19637, 19638, 19639]; freshness=2s; completed=8/16; current=exploratory
[2026-06-30T15:03:17-0700] runner active pids=[19637, 19638, 19639]; freshness=3s; completed=8/16; current=exploratory
[2026-06-30T15:04:18-0700] runner active pids=[19637, 19638, 19639]; freshness=0s; completed=8/16; current=exploratory
[2026-06-30T15:05:18-0700] runner active pids=[19637, 19638, 19639]; freshness=1s; completed=8/16; current=exploratory
[2026-06-30T15:06:18-0700] runner active pids=[19637, 19638, 19639]; freshness=7s; completed=8/16; current=exploratory
[2026-06-30T15:07:18-0700] runner active pids=[19637, 19638, 19639]; freshness=1s; completed=8/16; current=exploratory
[2026-06-30T15:08:18-0700] runner active pids=[19637, 19638, 19639]; freshness=12s; completed=8/16; current=exploratory
[2026-06-30T15:09:18-0700] runner active pids=[19637, 19638, 19639]; freshness=8s; completed=8/16; current=exploratory
[2026-06-30T15:10:18-0700] runner active pids=[19637, 19638, 19639]; freshness=1s; completed=8/16; current=exploratory
[2026-06-30T15:11:18-0700] runner active pids=[19637, 19638, 19639]; freshness=2s; completed=8/16; current=exploratory
[2026-06-30T15:12:18-0700] runner active pids=[19637, 19638, 19639]; freshness=4s; completed=8/16; current=exploratory
[2026-06-30T15:13:18-0700] runner active pids=[19637, 19638, 19639]; freshness=3s; completed=8/16; current=exploratory
[2026-06-30T15:14:18-0700] runner active pids=[19637, 19638, 19639]; freshness=6s; completed=8/16; current=exploratory
[2026-06-30T15:15:19-0700] runner active pids=[19637, 19638, 19639]; freshness=5s; completed=8/16; current=exploratory
[2026-06-30T15:16:19-0700] runner active pids=[19637, 19638, 19639]; freshness=1s; completed=8/16; current=exploratory
[2026-06-30T15:17:19-0700] runner active pids=[19637, 19638, 19639]; freshness=1s; completed=8/16; current=exploratory
[2026-06-30T15:18:19-0700] runner active pids=[19637, 19638, 19639]; freshness=59s; completed=8/16; current=exploratory
[2026-06-30T15:19:19-0700] runner active pids=[19637, 19638, 19639]; freshness=119s; completed=8/16; current=exploratory
[2026-06-30T15:20:19-0700] runner active pids=[19637, 19638, 19639]; freshness=179s; completed=8/16; current=exploratory
[2026-06-30T15:21:19-0700] runner active pids=[19637, 19638, 19639]; freshness=239s; completed=8/16; current=exploratory
[2026-06-30T15:22:19-0700] runner active pids=[19637, 19638, 19639]; freshness=299s; completed=8/16; current=exploratory
[2026-06-30T15:23:19-0700] runner active pids=[19637, 19638, 19639]; freshness=359s; completed=8/16; current=exploratory
[2026-06-30T15:24:19-0700] runner active pids=[19637, 19638, 19639]; freshness=419s; completed=8/16; current=exploratory
[2026-06-30T15:25:20-0700] runner active pids=[19637, 19638, 19639]; freshness=479s; completed=8/16; current=exploratory
[2026-06-30T15:26:20-0700] runner active pids=[19637, 19638, 19639]; freshness=539s; completed=8/16; current=exploratory
[2026-06-30T15:27:20-0700] runner active pids=[19637, 19638, 19639]; freshness=599s; completed=8/16; current=exploratory
[2026-06-30T15:28:20-0700] stale runner detected age=660s pids=[19637, 19638, 19639]; terminating and resuming
[2026-06-30T15:28:25-0700] launched resume session=gitlab_exploratory_resume_30 arm=exploratory next_t=30 merged=/Users/sanjay/projects/BerkeleyProjects/Research/IanWaudbySmith/coldStartPrompts/results/gitlab_strong_arm/paired/logs/gitlab_strong_paired_exploratory_trial0_2026-06-30T21-35-26Z_MERGED_SO_FAR.jsonl
[2026-06-30T15:29:25-0700] runner active pids=[44106, 44107, 44112]; freshness=0s; completed=8/16; current=exploratory
[2026-06-30T15:30:26-0700] runner active pids=[44106, 44107, 44112]; freshness=13s; completed=8/16; current=exploratory
[2026-06-30T15:31:26-0700] runner active pids=[44106, 44107, 44112]; freshness=3s; completed=8/16; current=exploratory
[2026-06-30T15:32:26-0700] runner active pids=[44106, 44107, 44112]; freshness=2s; completed=8/16; current=exploratory
[2026-06-30T15:33:26-0700] runner active pids=[44106, 44107, 44112]; freshness=1s; completed=8/16; current=exploratory
[2026-06-30T15:34:26-0700] runner active pids=[44106, 44107, 44112]; freshness=2s; completed=8/16; current=exploratory
[2026-06-30T15:35:26-0700] runner active pids=[44106, 44107, 44112]; freshness=2s; completed=8/16; current=exploratory
[2026-06-30T15:36:26-0700] runner active pids=[44106, 44107, 44112]; freshness=7s; completed=8/16; current=exploratory
[2026-06-30T15:37:26-0700] runner active pids=[44106, 44107, 44112]; freshness=3s; completed=8/16; current=exploratory
[2026-06-30T15:38:26-0700] runner active pids=[44106, 44107, 44112]; freshness=0s; completed=8/16; current=exploratory
[2026-06-30T15:39:26-0700] runner active pids=[44106, 44107, 44112]; freshness=0s; completed=8/16; current=exploratory
[2026-06-30T15:40:27-0700] runner active pids=[44106, 44107, 44112]; freshness=4s; completed=8/16; current=exploratory
[2026-06-30T15:41:27-0700] runner active pids=[44106, 44107, 44112]; freshness=6s; completed=8/16; current=exploratory
[2026-06-30T15:42:27-0700] runner active pids=[44106, 44107, 44112]; freshness=2s; completed=8/16; current=exploratory
[2026-06-30T15:43:27-0700] runner active pids=[44106, 44107, 44112]; freshness=2s; completed=8/16; current=exploratory
[2026-06-30T15:44:27-0700] runner active pids=[44106, 44107, 44112]; freshness=1s; completed=8/16; current=exploratory
[2026-06-30T15:45:27-0700] merged exploratory FULL log: /Users/sanjay/projects/BerkeleyProjects/Research/IanWaudbySmith/coldStartPrompts/results/gitlab_strong_arm/paired/logs/gitlab_strong_paired_exploratory_trial0_2026-06-30T21-35-26Z_FULL.jsonl rows=40 successes=24
[2026-06-30T15:45:27-0700] no runner active; starting paired runner; completed=9/16
[2026-06-30T15:45:27-0700] launched paired runner session=gitlab_paired_40_continue
[2026-06-30T15:46:27-0700] runner active pids=[52328, 52329, 52330]; freshness=0s; completed=9/16; current=algorithmic
[2026-06-30T15:47:27-0700] runner active pids=[52328, 52329, 52330]; freshness=10s; completed=9/16; current=algorithmic
[2026-06-30T15:48:27-0700] runner active pids=[52328, 52329, 52330]; freshness=18s; completed=9/16; current=algorithmic
[2026-06-30T15:49:28-0700] runner active pids=[52328, 52329, 52330]; freshness=1s; completed=9/16; current=algorithmic
[2026-06-30T15:50:28-0700] runner active pids=[52328, 52329, 52330]; freshness=1s; completed=9/16; current=algorithmic
[2026-06-30T15:51:28-0700] runner active pids=[52328, 52329, 52330]; freshness=5s; completed=9/16; current=algorithmic
[2026-06-30T15:52:28-0700] runner active pids=[52328, 52329, 52330]; freshness=3s; completed=9/16; current=algorithmic
[2026-06-30T15:53:28-0700] runner active pids=[52328, 52329, 52330]; freshness=0s; completed=9/16; current=algorithmic
[2026-06-30T15:54:28-0700] runner active pids=[52328, 52329, 52330]; freshness=2s; completed=9/16; current=algorithmic
[2026-06-30T15:55:28-0700] runner active pids=[52328, 52329, 52330]; freshness=0s; completed=9/16; current=algorithmic
[2026-06-30T15:56:28-0700] runner active pids=[52328, 52329, 52330]; freshness=0s; completed=9/16; current=algorithmic
[2026-06-30T15:57:28-0700] runner active pids=[52328, 52329, 52330]; freshness=3s; completed=9/16; current=algorithmic
[2026-06-30T15:58:28-0700] runner active pids=[52328, 52329, 52330]; freshness=3s; completed=9/16; current=algorithmic
[2026-06-30T15:59:29-0700] runner active pids=[52328, 52329, 52330]; freshness=5s; completed=9/16; current=algorithmic
[2026-06-30T16:00:29-0700] runner active pids=[52328, 52329, 52330]; freshness=1s; completed=9/16; current=algorithmic
[2026-06-30T16:01:29-0700] runner active pids=[52328, 52329, 52330]; freshness=1s; completed=9/16; current=algorithmic
[2026-06-30T16:02:29-0700] runner active pids=[52328, 52329, 52330]; freshness=0s; completed=9/16; current=algorithmic
[2026-06-30T16:03:29-0700] runner active pids=[52328, 52329, 52330]; freshness=4s; completed=9/16; current=algorithmic
[2026-06-30T16:04:29-0700] runner active pids=[52328, 52329, 52330]; freshness=1s; completed=9/16; current=algorithmic
[2026-06-30T16:05:29-0700] runner active pids=[52328, 52329, 52330]; freshness=6s; completed=9/16; current=algorithmic
[2026-06-30T16:06:29-0700] runner active pids=[52328, 52329, 52330]; freshness=0s; completed=9/16; current=algorithmic
[2026-06-30T16:07:29-0700] runner active pids=[52328, 52329, 52330]; freshness=14s; completed=9/16; current=algorithmic
[2026-06-30T16:08:29-0700] runner active pids=[52328, 52329, 52330]; freshness=1s; completed=9/16; current=algorithmic
[2026-06-30T16:09:30-0700] runner active pids=[52328, 52329, 52330]; freshness=1s; completed=9/16; current=algorithmic
[2026-06-30T16:10:30-0700] runner active pids=[52328, 52329, 52330]; freshness=3s; completed=9/16; current=algorithmic
[2026-06-30T16:11:30-0700] runner active pids=[52328, 52329, 52330]; freshness=0s; completed=9/16; current=algorithmic
[2026-06-30T16:12:30-0700] runner active pids=[52328, 52329, 52330]; freshness=11s; completed=9/16; current=algorithmic
[2026-06-30T16:13:30-0700] runner active pids=[52328, 52329, 52330]; freshness=0s; completed=9/16; current=algorithmic
[2026-06-30T16:14:30-0700] runner active pids=[52328, 52329, 52330]; freshness=6s; completed=9/16; current=algorithmic
[2026-06-30T16:15:30-0700] runner active pids=[52328, 52329, 52330]; freshness=12s; completed=9/16; current=algorithmic
[2026-06-30T16:16:30-0700] runner active pids=[52328, 52329, 52330]; freshness=3s; completed=9/16; current=algorithmic
[2026-06-30T16:17:30-0700] runner active pids=[52328, 52329, 52330]; freshness=2s; completed=9/16; current=algorithmic
[2026-06-30T16:18:30-0700] runner active pids=[52328, 52329, 52330]; freshness=3s; completed=9/16; current=algorithmic
[2026-06-30T16:19:31-0700] runner active pids=[52328, 52329, 52330]; freshness=40s; completed=9/16; current=algorithmic
[2026-06-30T16:20:31-0700] runner active pids=[52328, 52329, 52330]; freshness=1s; completed=9/16; current=algorithmic
[2026-06-30T16:21:31-0700] runner active pids=[52328, 52329, 52330]; freshness=1s; completed=9/16; current=algorithmic
[2026-06-30T16:22:31-0700] runner active pids=[52328, 52329, 52330]; freshness=59s; completed=9/16; current=algorithmic
[2026-06-30T16:23:31-0700] runner active pids=[52328, 52329, 52330]; freshness=119s; completed=9/16; current=algorithmic
[2026-06-30T16:24:31-0700] runner active pids=[52328, 52329, 52330]; freshness=179s; completed=9/16; current=algorithmic
[2026-06-30T16:25:31-0700] runner active pids=[52328, 52329, 52330]; freshness=239s; completed=9/16; current=algorithmic
[2026-06-30T16:26:31-0700] runner active pids=[52328, 52329, 52330]; freshness=299s; completed=9/16; current=algorithmic
[2026-06-30T16:27:31-0700] runner active pids=[52328, 52329, 52330]; freshness=359s; completed=9/16; current=algorithmic
[2026-06-30T16:28:32-0700] runner active pids=[52328, 52329, 52330]; freshness=420s; completed=9/16; current=algorithmic
[2026-06-30T16:29:32-0700] runner active pids=[52328, 52329, 52330]; freshness=480s; completed=9/16; current=algorithmic
[2026-06-30T16:30:32-0700] runner active pids=[52328, 52329, 52330]; freshness=540s; completed=9/16; current=algorithmic
[2026-06-30T16:31:32-0700] runner active pids=[52328, 52329, 52330]; freshness=600s; completed=9/16; current=algorithmic
[2026-06-30T16:32:32-0700] stale runner detected age=660s pids=[52328, 52329, 52330]; terminating and resuming
[2026-06-30T16:32:37-0700] launched resume session=gitlab_algorithmic_resume_30 arm=algorithmic next_t=30 merged=/Users/sanjay/projects/BerkeleyProjects/Research/IanWaudbySmith/coldStartPrompts/results/gitlab_strong_arm/paired/logs/gitlab_strong_paired_algorithmic_trial0_2026-06-30T22-45-38Z_MERGED_SO_FAR.jsonl
[2026-06-30T16:33:37-0700] runner active pids=[73181, 73182, 73183]; freshness=1s; completed=9/16; current=algorithmic
[2026-06-30T16:34:38-0700] runner active pids=[73181, 73182, 73183]; freshness=2s; completed=9/16; current=algorithmic
[2026-06-30T16:35:38-0700] runner active pids=[73181, 73182, 73183]; freshness=1s; completed=9/16; current=algorithmic
[2026-06-30T16:36:38-0700] runner active pids=[73181, 73182, 73183]; freshness=5s; completed=9/16; current=algorithmic
[2026-06-30T16:37:38-0700] runner active pids=[73181, 73182, 73183]; freshness=2s; completed=9/16; current=algorithmic
[2026-06-30T16:38:38-0700] runner active pids=[73181, 73182, 73183]; freshness=0s; completed=9/16; current=algorithmic
[2026-06-30T16:39:38-0700] runner active pids=[73181, 73182, 73183]; freshness=7s; completed=9/16; current=algorithmic
[2026-06-30T16:40:38-0700] runner active pids=[73181, 73182, 73183]; freshness=8s; completed=9/16; current=algorithmic
[2026-06-30T16:41:38-0700] runner active pids=[73181, 73182, 73183]; freshness=2s; completed=9/16; current=algorithmic
[2026-06-30T16:42:38-0700] runner active pids=[73181, 73182, 73183]; freshness=2s; completed=9/16; current=algorithmic
[2026-06-30T16:43:38-0700] runner active pids=[73181, 73182, 73183]; freshness=3s; completed=9/16; current=algorithmic
[2026-06-30T16:44:39-0700] runner active pids=[73181, 73182, 73183]; freshness=1s; completed=9/16; current=algorithmic
[2026-06-30T16:45:39-0700] runner active pids=[73181, 73182, 73183]; freshness=7s; completed=9/16; current=algorithmic
[2026-06-30T16:46:39-0700] runner active pids=[73181, 73182, 73183]; freshness=8s; completed=9/16; current=algorithmic
[2026-06-30T16:47:39-0700] runner active pids=[73181, 73182, 73183]; freshness=7s; completed=9/16; current=algorithmic
[2026-06-30T16:48:39-0700] runner active pids=[73181, 73182, 73183]; freshness=2s; completed=9/16; current=algorithmic
[2026-06-30T16:49:39-0700] merged algorithmic FULL log: /Users/sanjay/projects/BerkeleyProjects/Research/IanWaudbySmith/coldStartPrompts/results/gitlab_strong_arm/paired/logs/gitlab_strong_paired_algorithmic_trial0_2026-06-30T22-45-38Z_FULL.jsonl rows=40 successes=17
[2026-06-30T16:49:39-0700] no runner active; starting paired runner; completed=10/16
[2026-06-30T16:49:39-0700] launched paired runner session=gitlab_paired_40_continue
[2026-06-30T16:50:39-0700] runner active pids=[80637, 80638, 80639]; freshness=1s; completed=10/16; current=junior_reactive
[2026-06-30T16:51:39-0700] runner active pids=[80637, 80638, 80639]; freshness=1s; completed=10/16; current=junior_reactive
[2026-06-30T16:52:39-0700] runner active pids=[80637, 80638, 80639]; freshness=2s; completed=10/16; current=junior_reactive
[2026-06-30T16:53:40-0700] runner active pids=[80637, 80638, 80639]; freshness=0s; completed=10/16; current=junior_reactive
[2026-06-30T16:54:40-0700] runner active pids=[80637, 80638, 80639]; freshness=3s; completed=10/16; current=junior_reactive
[2026-06-30T16:55:40-0700] runner active pids=[80637, 80638, 80639]; freshness=1s; completed=10/16; current=junior_reactive
[2026-06-30T16:56:40-0700] runner active pids=[80637, 80638, 80639]; freshness=2s; completed=10/16; current=junior_reactive
[2026-06-30T16:57:40-0700] runner active pids=[80637, 80638, 80639]; freshness=2s; completed=10/16; current=junior_reactive
[2026-06-30T16:58:40-0700] runner active pids=[80637, 80638, 80639]; freshness=0s; completed=10/16; current=junior_reactive
[2026-06-30T16:59:40-0700] runner active pids=[80637, 80638, 80639]; freshness=0s; completed=10/16; current=junior_reactive
[2026-06-30T17:00:40-0700] runner active pids=[80637, 80638, 80639]; freshness=1s; completed=10/16; current=junior_reactive
[2026-06-30T17:01:40-0700] runner active pids=[80637, 80638, 80639]; freshness=8s; completed=10/16; current=junior_reactive
[2026-06-30T17:02:41-0700] runner active pids=[80637, 80638, 80639]; freshness=0s; completed=10/16; current=junior_reactive
[2026-06-30T17:03:41-0700] runner active pids=[80637, 80638, 80639]; freshness=9s; completed=10/16; current=junior_reactive
[2026-06-30T17:04:41-0700] runner active pids=[80637, 80638, 80639]; freshness=1s; completed=10/16; current=junior_reactive
[2026-06-30T17:05:41-0700] runner active pids=[80637, 80638, 80639]; freshness=1s; completed=10/16; current=junior_reactive
[2026-06-30T17:06:41-0700] runner active pids=[80637, 80638, 80639]; freshness=0s; completed=10/16; current=junior_reactive
[2026-06-30T17:07:41-0700] runner active pids=[80637, 80638, 80639]; freshness=0s; completed=10/16; current=junior_reactive
[2026-06-30T17:08:41-0700] runner active pids=[80637, 80638, 80639]; freshness=1s; completed=10/16; current=junior_reactive
[2026-06-30T17:09:41-0700] runner active pids=[80637, 80638, 80639]; freshness=0s; completed=10/16; current=junior_reactive
[2026-06-30T17:10:41-0700] runner active pids=[80637, 80638, 80639]; freshness=11s; completed=10/16; current=junior_reactive
[2026-06-30T17:11:41-0700] runner active pids=[80637, 80638, 80639]; freshness=2s; completed=10/16; current=junior_reactive
[2026-06-30T17:12:42-0700] runner active pids=[80637, 80638, 80639]; freshness=2s; completed=10/16; current=junior_reactive
[2026-06-30T17:13:42-0700] runner active pids=[80637, 80638, 80639]; freshness=10s; completed=10/16; current=junior_reactive
[2026-06-30T17:14:42-0700] runner active pids=[80637, 80638, 80639]; freshness=3s; completed=10/16; current=junior_reactive
[2026-06-30T17:15:42-0700] runner active pids=[80637, 80638, 80639]; freshness=2s; completed=10/16; current=junior_reactive
[2026-06-30T17:16:42-0700] runner active pids=[80637, 80638, 80639]; freshness=0s; completed=10/16; current=junior_reactive
[2026-06-30T17:17:42-0700] runner active pids=[80637, 80638, 80639]; freshness=0s; completed=10/16; current=junior_reactive
[2026-06-30T17:18:42-0700] runner active pids=[80637, 80638, 80639]; freshness=5s; completed=10/16; current=junior_reactive
[2026-06-30T17:19:42-0700] runner active pids=[80637, 80638, 80639]; freshness=8s; completed=10/16; current=junior_reactive
[2026-06-30T17:20:42-0700] runner active pids=[80637, 80638, 80639]; freshness=3s; completed=10/16; current=junior_reactive
[2026-06-30T17:21:42-0700] runner active pids=[80637, 80638, 80639]; freshness=0s; completed=10/16; current=junior_reactive
[2026-06-30T17:22:42-0700] runner active pids=[80637, 80638, 80639]; freshness=18s; completed=10/16; current=junior_reactive
[2026-06-30T17:23:43-0700] runner active pids=[80637, 80638, 80639]; freshness=3s; completed=10/16; current=junior_reactive
[2026-06-30T17:24:43-0700] runner active pids=[80637, 80638, 80639]; freshness=14s; completed=10/16; current=junior_reactive
[2026-06-30T17:25:43-0700] runner active pids=[80637, 80638, 80639]; freshness=1s; completed=10/16; current=junior_reactive
[2026-06-30T17:26:43-0700] runner active pids=[80637, 80638, 80639]; freshness=11s; completed=10/16; current=junior_reactive
[2026-06-30T17:27:43-0700] runner active pids=[80637, 80638, 80639]; freshness=71s; completed=10/16; current=junior_reactive
[2026-06-30T17:28:43-0700] runner active pids=[80637, 80638, 80639]; freshness=131s; completed=10/16; current=junior_reactive
[2026-06-30T17:29:43-0700] runner active pids=[80637, 80638, 80639]; freshness=191s; completed=10/16; current=junior_reactive
[2026-06-30T17:30:43-0700] runner active pids=[80637, 80638, 80639]; freshness=251s; completed=10/16; current=junior_reactive
[2026-06-30T17:31:43-0700] runner active pids=[80637, 80638, 80639]; freshness=312s; completed=10/16; current=junior_reactive
[2026-06-30T17:32:43-0700] runner active pids=[80637, 80638, 80639]; freshness=372s; completed=10/16; current=junior_reactive
[2026-06-30T17:33:44-0700] runner active pids=[80637, 80638, 80639]; freshness=432s; completed=10/16; current=junior_reactive
[2026-06-30T17:34:44-0700] runner active pids=[80637, 80638, 80639]; freshness=492s; completed=10/16; current=junior_reactive
[2026-06-30T17:35:44-0700] runner active pids=[80637, 80638, 80639]; freshness=552s; completed=10/16; current=junior_reactive
[2026-06-30T17:36:44-0700] stale runner detected age=612s pids=[80637, 80638, 80639]; terminating and resuming
[2026-06-30T17:36:49-0700] launched resume session=gitlab_junior_reactive_resume_30 arm=junior_reactive next_t=30 merged=/Users/sanjay/projects/BerkeleyProjects/Research/IanWaudbySmith/coldStartPrompts/results/gitlab_strong_arm/paired/logs/gitlab_strong_paired_junior_reactive_trial0_2026-06-30T23-49-50Z_MERGED_SO_FAR.jsonl
[2026-06-30T17:37:49-0700] runner active pids=[1777, 1778, 1779]; freshness=3s; completed=10/16; current=junior_reactive
[2026-06-30T17:38:50-0700] runner active pids=[1777, 1778, 1779]; freshness=8s; completed=10/16; current=junior_reactive
[2026-06-30T17:39:50-0700] runner active pids=[1777, 1778, 1779]; freshness=10s; completed=10/16; current=junior_reactive
[2026-06-30T17:40:50-0700] runner active pids=[1777, 1778, 1779]; freshness=3s; completed=10/16; current=junior_reactive
[2026-06-30T17:41:50-0700] runner active pids=[1777, 1778, 1779]; freshness=6s; completed=10/16; current=junior_reactive
[2026-06-30T17:42:50-0700] runner active pids=[1777, 1778, 1779]; freshness=4s; completed=10/16; current=junior_reactive
[2026-06-30T17:43:50-0700] runner active pids=[1777, 1778, 1779]; freshness=6s; completed=10/16; current=junior_reactive
[2026-06-30T17:44:50-0700] runner active pids=[1777, 1778, 1779]; freshness=0s; completed=10/16; current=junior_reactive
[2026-06-30T17:45:50-0700] runner active pids=[1777, 1778, 1779]; freshness=11s; completed=10/16; current=junior_reactive
[2026-06-30T17:46:50-0700] runner active pids=[1777, 1778, 1779]; freshness=3s; completed=10/16; current=junior_reactive
[2026-06-30T17:47:50-0700] runner active pids=[1777, 1778, 1779]; freshness=3s; completed=10/16; current=junior_reactive
[2026-06-30T17:48:51-0700] runner active pids=[1777, 1778, 1779]; freshness=3s; completed=10/16; current=junior_reactive
[2026-06-30T17:49:51-0700] runner active pids=[1777, 1778, 1779]; freshness=6s; completed=10/16; current=junior_reactive
[2026-06-30T17:50:51-0700] runner active pids=[1777, 1778, 1779]; freshness=12s; completed=10/16; current=junior_reactive
[2026-06-30T17:51:51-0700] runner active pids=[1777, 1778, 1779]; freshness=1s; completed=10/16; current=junior_reactive
[2026-06-30T17:52:51-0700] merged junior_reactive FULL log: /Users/sanjay/projects/BerkeleyProjects/Research/IanWaudbySmith/coldStartPrompts/results/gitlab_strong_arm/paired/logs/gitlab_strong_paired_junior_reactive_trial0_2026-06-30T23-49-50Z_FULL.jsonl rows=40 successes=23
[2026-06-30T17:52:51-0700] no runner active; starting paired runner; completed=11/16
[2026-06-30T17:52:51-0700] launched paired runner session=gitlab_paired_40_continue
[2026-06-30T17:53:51-0700] runner active pids=[8877, 8878, 8879]; freshness=2s; completed=11/16; current=domain_expert
[2026-06-30T17:54:51-0700] runner active pids=[8877, 8878, 8879]; freshness=3s; completed=11/16; current=domain_expert
[2026-06-30T17:55:51-0700] runner active pids=[8877, 8878, 8879]; freshness=7s; completed=11/16; current=domain_expert
[2026-06-30T17:56:51-0700] runner active pids=[8877, 8878, 8879]; freshness=0s; completed=11/16; current=domain_expert
[2026-06-30T17:57:52-0700] runner active pids=[8877, 8878, 8879]; freshness=1s; completed=11/16; current=domain_expert
[2026-06-30T17:58:52-0700] runner active pids=[8877, 8878, 8879]; freshness=2s; completed=11/16; current=domain_expert
[2026-06-30T17:59:52-0700] runner active pids=[8877, 8878, 8879]; freshness=3s; completed=11/16; current=domain_expert
[2026-06-30T18:00:52-0700] runner active pids=[8877, 8878, 8879]; freshness=2s; completed=11/16; current=domain_expert
[2026-06-30T18:01:52-0700] runner active pids=[8877, 8878, 8879]; freshness=12s; completed=11/16; current=domain_expert
[2026-06-30T18:02:52-0700] runner active pids=[8877, 8878, 8879]; freshness=1s; completed=11/16; current=domain_expert
[2026-06-30T18:03:52-0700] runner active pids=[8877, 8878, 8879]; freshness=0s; completed=11/16; current=domain_expert
[2026-06-30T18:04:52-0700] runner active pids=[8877, 8878, 8879]; freshness=2s; completed=11/16; current=domain_expert
[2026-06-30T18:05:52-0700] runner active pids=[8877, 8878, 8879]; freshness=6s; completed=11/16; current=domain_expert
[2026-06-30T18:06:52-0700] runner active pids=[8877, 8878, 8879]; freshness=1s; completed=11/16; current=domain_expert
[2026-06-30T18:07:53-0700] runner active pids=[8877, 8878, 8879]; freshness=8s; completed=11/16; current=domain_expert
[2026-06-30T18:08:53-0700] runner active pids=[8877, 8878, 8879]; freshness=1s; completed=11/16; current=domain_expert
[2026-06-30T18:09:53-0700] runner active pids=[8877, 8878, 8879]; freshness=7s; completed=11/16; current=domain_expert
[2026-06-30T18:10:53-0700] runner active pids=[8877, 8878, 8879]; freshness=0s; completed=11/16; current=domain_expert
[2026-06-30T18:11:53-0700] runner active pids=[8877, 8878, 8879]; freshness=8s; completed=11/16; current=domain_expert
[2026-06-30T18:12:53-0700] runner active pids=[8877, 8878, 8879]; freshness=4s; completed=11/16; current=domain_expert
[2026-06-30T18:13:53-0700] runner active pids=[8877, 8878, 8879]; freshness=2s; completed=11/16; current=domain_expert
[2026-06-30T18:14:53-0700] runner active pids=[8877, 8878, 8879]; freshness=4s; completed=11/16; current=domain_expert
[2026-06-30T18:15:53-0700] runner active pids=[8877, 8878, 8879]; freshness=7s; completed=11/16; current=domain_expert
[2026-06-30T18:16:54-0700] runner active pids=[8877, 8878, 8879]; freshness=6s; completed=11/16; current=domain_expert
[2026-06-30T18:17:54-0700] runner active pids=[8877, 8878, 8879]; freshness=5s; completed=11/16; current=domain_expert
[2026-06-30T18:18:54-0700] runner active pids=[8877, 8878, 8879]; freshness=2s; completed=11/16; current=domain_expert
[2026-06-30T18:19:54-0700] runner active pids=[8877, 8878, 8879]; freshness=8s; completed=11/16; current=domain_expert
[2026-06-30T18:20:54-0700] runner active pids=[8877, 8878, 8879]; freshness=1s; completed=11/16; current=domain_expert
[2026-06-30T18:21:54-0700] runner active pids=[8877, 8878, 8879]; freshness=23s; completed=11/16; current=domain_expert
[2026-06-30T18:22:54-0700] runner active pids=[8877, 8878, 8879]; freshness=0s; completed=11/16; current=domain_expert
[2026-06-30T18:23:54-0700] runner active pids=[8877, 8878, 8879]; freshness=0s; completed=11/16; current=domain_expert
[2026-06-30T18:24:54-0700] runner active pids=[8877, 8878, 8879]; freshness=4s; completed=11/16; current=domain_expert
[2026-06-30T18:25:54-0700] runner active pids=[8877, 8878, 8879]; freshness=14s; completed=11/16; current=domain_expert
[2026-06-30T18:26:55-0700] runner active pids=[8877, 8878, 8879]; freshness=1s; completed=11/16; current=domain_expert
[2026-06-30T18:27:55-0700] runner active pids=[8877, 8878, 8879]; freshness=2s; completed=11/16; current=domain_expert
[2026-06-30T18:28:55-0700] runner active pids=[8877, 8878, 8879]; freshness=4s; completed=11/16; current=domain_expert
[2026-06-30T18:29:55-0700] runner active pids=[8877, 8878, 8879]; freshness=4s; completed=11/16; current=domain_expert
[2026-06-30T18:30:55-0700] runner active pids=[8877, 8878, 8879]; freshness=3s; completed=11/16; current=domain_expert
[2026-06-30T18:31:55-0700] runner active pids=[8877, 8878, 8879]; freshness=13s; completed=11/16; current=domain_expert
[2026-06-30T18:32:55-0700] runner active pids=[8877, 8878, 8879]; freshness=6s; completed=11/16; current=domain_expert
[2026-06-30T18:33:55-0700] runner active pids=[8877, 8878, 8879]; freshness=44s; completed=11/16; current=domain_expert
[2026-06-30T18:34:55-0700] runner active pids=[8877, 8878, 8879]; freshness=104s; completed=11/16; current=domain_expert
[2026-06-30T18:35:55-0700] runner active pids=[8877, 8878, 8879]; freshness=164s; completed=11/16; current=domain_expert
[2026-06-30T18:36:55-0700] runner active pids=[8877, 8878, 8879]; freshness=224s; completed=11/16; current=domain_expert
[2026-06-30T18:37:56-0700] runner active pids=[8877, 8878, 8879]; freshness=284s; completed=11/16; current=domain_expert
[2026-06-30T18:38:56-0700] runner active pids=[8877, 8878, 8879]; freshness=344s; completed=11/16; current=domain_expert
[2026-06-30T18:39:56-0700] runner active pids=[8877, 8878, 8879]; freshness=404s; completed=11/16; current=domain_expert
[2026-06-30T18:40:56-0700] runner active pids=[8877, 8878, 8879]; freshness=464s; completed=11/16; current=domain_expert
[2026-06-30T18:41:56-0700] runner active pids=[8877, 8878, 8879]; freshness=524s; completed=11/16; current=domain_expert
[2026-06-30T18:42:56-0700] runner active pids=[8877, 8878, 8879]; freshness=585s; completed=11/16; current=domain_expert
[2026-06-30T18:43:56-0700] stale runner detected age=645s pids=[8877, 8878, 8879]; terminating and resuming
[2026-06-30T18:44:02-0700] launched resume session=gitlab_domain_expert_resume_30 arm=domain_expert next_t=30 merged=/Users/sanjay/projects/BerkeleyProjects/Research/IanWaudbySmith/coldStartPrompts/results/gitlab_strong_arm/paired/logs/gitlab_strong_paired_domain_expert_trial0_2026-07-01T00-53-02Z_MERGED_SO_FAR.jsonl
[2026-06-30T18:45:02-0700] runner active pids=[29977, 29978, 29979]; freshness=6s; completed=11/16; current=domain_expert
[2026-06-30T18:46:02-0700] runner active pids=[29977, 29978, 29979]; freshness=4s; completed=11/16; current=domain_expert
[2026-06-30T18:47:02-0700] runner active pids=[29977, 29978, 29979]; freshness=6s; completed=11/16; current=domain_expert
[2026-06-30T18:48:02-0700] runner active pids=[29977, 29978, 29979]; freshness=1s; completed=11/16; current=domain_expert
[2026-06-30T18:49:02-0700] runner active pids=[29977, 29978, 29979]; freshness=11s; completed=11/16; current=domain_expert
[2026-06-30T18:50:02-0700] runner active pids=[29977, 29978, 29979]; freshness=2s; completed=11/16; current=domain_expert
[2026-06-30T18:51:02-0700] runner active pids=[29977, 29978, 29979]; freshness=3s; completed=11/16; current=domain_expert
[2026-06-30T18:52:03-0700] runner active pids=[29977, 29978, 29979]; freshness=1s; completed=11/16; current=domain_expert
[2026-06-30T18:53:03-0700] runner active pids=[29977, 29978, 29979]; freshness=4s; completed=11/16; current=domain_expert
[2026-06-30T18:54:03-0700] runner active pids=[29977, 29978, 29979]; freshness=8s; completed=11/16; current=domain_expert
[2026-06-30T18:55:03-0700] runner active pids=[29977, 29978, 29979]; freshness=0s; completed=11/16; current=domain_expert
[2026-06-30T18:56:03-0700] runner active pids=[29977, 29978, 29979]; freshness=3s; completed=11/16; current=domain_expert
[2026-06-30T18:57:03-0700] runner active pids=[29977, 29978, 29979]; freshness=8s; completed=11/16; current=domain_expert
[2026-06-30T18:58:03-0700] runner active pids=[29977, 29978, 29979]; freshness=2s; completed=11/16; current=domain_expert
[2026-06-30T18:59:03-0700] runner active pids=[29977, 29978, 29979]; freshness=0s; completed=11/16; current=domain_expert
[2026-06-30T19:00:03-0700] runner active pids=[29977, 29978, 29979]; freshness=21s; completed=11/16; current=domain_expert
[2026-06-30T19:01:03-0700] runner active pids=[29977, 29978, 29979]; freshness=0s; completed=11/16; current=domain_expert
[2026-06-30T19:02:04-0700] runner active pids=[29977, 29978, 29979]; freshness=1s; completed=11/16; current=domain_expert
[2026-06-30T19:03:04-0700] runner active pids=[29977, 29978, 29979]; freshness=1s; completed=11/16; current=domain_expert
[2026-06-30T19:04:04-0700] runner active pids=[29977, 29978, 29979]; freshness=2s; completed=11/16; current=domain_expert
[2026-06-30T19:05:04-0700] runner active pids=[29977, 29978, 29979]; freshness=4s; completed=11/16; current=domain_expert
[2026-06-30T19:06:04-0700] runner active pids=[29977, 29978, 29979]; freshness=10s; completed=11/16; current=domain_expert
[2026-06-30T19:07:04-0700] merged domain_expert FULL log: /Users/sanjay/projects/BerkeleyProjects/Research/IanWaudbySmith/coldStartPrompts/results/gitlab_strong_arm/paired/logs/gitlab_strong_paired_domain_expert_trial0_2026-07-01T00-53-02Z_FULL.jsonl rows=40 successes=20
[2026-06-30T19:07:04-0700] no runner active; starting paired runner; completed=12/16
[2026-06-30T19:07:04-0700] launched paired runner session=gitlab_paired_40_continue
[2026-06-30T19:08:04-0700] runner active pids=[39319, 39320, 39322]; freshness=1s; completed=12/16; current=top-level
[2026-06-30T19:09:04-0700] runner active pids=[39319, 39320, 39322]; freshness=3s; completed=12/16; current=gitlab_domain_expert
[2026-06-30T19:10:05-0700] runner active pids=[39319, 39320, 39322]; freshness=6s; completed=12/16; current=gitlab_domain_expert
[2026-06-30T19:11:05-0700] runner active pids=[39319, 39320, 39322]; freshness=0s; completed=12/16; current=gitlab_domain_expert
[2026-06-30T19:12:05-0700] runner active pids=[39319, 39320, 39322]; freshness=5s; completed=12/16; current=gitlab_domain_expert
[2026-06-30T19:13:05-0700] runner active pids=[39319, 39320, 39322]; freshness=25s; completed=12/16; current=gitlab_domain_expert
[2026-06-30T19:14:05-0700] runner active pids=[39319, 39320, 39322]; freshness=2s; completed=12/16; current=gitlab_domain_expert
[2026-06-30T19:15:05-0700] runner active pids=[39319, 39320, 39322]; freshness=7s; completed=12/16; current=gitlab_domain_expert
[2026-06-30T19:16:05-0700] runner active pids=[39319, 39320, 39322]; freshness=2s; completed=12/16; current=gitlab_domain_expert
[2026-06-30T19:17:05-0700] runner active pids=[39319, 39320, 39322]; freshness=12s; completed=12/16; current=gitlab_domain_expert
[2026-06-30T19:18:05-0700] runner active pids=[39319, 39320, 39322]; freshness=2s; completed=12/16; current=gitlab_domain_expert
[2026-06-30T19:19:05-0700] runner active pids=[39319, 39320, 39322]; freshness=5s; completed=12/16; current=gitlab_domain_expert
[2026-06-30T19:20:06-0700] runner active pids=[39319, 39320, 39322]; freshness=3s; completed=12/16; current=gitlab_domain_expert
[2026-06-30T19:21:06-0700] runner active pids=[39319, 39320, 39322]; freshness=1s; completed=12/16; current=gitlab_domain_expert
[2026-06-30T19:22:06-0700] runner active pids=[39319, 39320, 39322]; freshness=1s; completed=12/16; current=gitlab_domain_expert
[2026-06-30T19:23:06-0700] runner active pids=[39319, 39320, 39322]; freshness=13s; completed=12/16; current=gitlab_domain_expert
[2026-06-30T19:24:06-0700] runner active pids=[39319, 39320, 39322]; freshness=1s; completed=12/16; current=gitlab_domain_expert
[2026-06-30T19:25:06-0700] runner active pids=[39319, 39320, 39322]; freshness=3s; completed=12/16; current=gitlab_domain_expert
[2026-06-30T19:26:06-0700] runner active pids=[39319, 39320, 39322]; freshness=1s; completed=12/16; current=gitlab_domain_expert
[2026-06-30T19:27:06-0700] runner active pids=[39319, 39320, 39322]; freshness=3s; completed=12/16; current=gitlab_domain_expert
[2026-06-30T19:28:06-0700] runner active pids=[39319, 39320, 39322]; freshness=18s; completed=12/16; current=gitlab_domain_expert
[2026-06-30T19:29:06-0700] runner active pids=[39319, 39320, 39322]; freshness=1s; completed=12/16; current=gitlab_domain_expert
[2026-06-30T19:30:07-0700] runner active pids=[39319, 39320, 39322]; freshness=1s; completed=12/16; current=gitlab_domain_expert
[2026-06-30T19:31:07-0700] runner active pids=[39319, 39320, 39322]; freshness=4s; completed=12/16; current=gitlab_domain_expert
[2026-06-30T19:32:07-0700] runner active pids=[39319, 39320, 39322]; freshness=1s; completed=12/16; current=gitlab_domain_expert
[2026-06-30T19:33:07-0700] runner active pids=[39319, 39320, 39322]; freshness=0s; completed=12/16; current=gitlab_domain_expert
[2026-06-30T19:34:07-0700] runner active pids=[39319, 39320, 39322]; freshness=9s; completed=12/16; current=gitlab_domain_expert
[2026-06-30T19:35:07-0700] runner active pids=[39319, 39320, 39322]; freshness=0s; completed=12/16; current=gitlab_domain_expert
[2026-06-30T19:36:07-0700] runner active pids=[39319, 39320, 39322]; freshness=1s; completed=12/16; current=gitlab_domain_expert
[2026-06-30T19:37:07-0700] runner active pids=[39319, 39320, 39322]; freshness=1s; completed=12/16; current=gitlab_domain_expert
[2026-06-30T19:38:07-0700] runner active pids=[39319, 39320, 39322]; freshness=0s; completed=12/16; current=gitlab_domain_expert
[2026-06-30T19:39:07-0700] runner active pids=[39319, 39320, 39322]; freshness=2s; completed=12/16; current=gitlab_domain_expert
[2026-06-30T19:40:08-0700] runner active pids=[39319, 39320, 39322]; freshness=0s; completed=12/16; current=gitlab_domain_expert
[2026-06-30T19:41:08-0700] runner active pids=[39319, 39320, 39322]; freshness=3s; completed=12/16; current=gitlab_domain_expert
[2026-06-30T19:42:08-0700] runner active pids=[39319, 39320, 39322]; freshness=0s; completed=12/16; current=gitlab_domain_expert
[2026-06-30T19:43:08-0700] runner active pids=[39319, 39320, 39322]; freshness=16s; completed=12/16; current=gitlab_domain_expert
[2026-06-30T19:44:08-0700] runner active pids=[39319, 39320, 39322]; freshness=13s; completed=12/16; current=gitlab_domain_expert
[2026-06-30T19:45:08-0700] runner active pids=[39319, 39320, 39322]; freshness=0s; completed=12/16; current=gitlab_domain_expert
[2026-06-30T19:46:08-0700] runner active pids=[39319, 39320, 39322]; freshness=6s; completed=12/16; current=gitlab_domain_expert
[2026-06-30T19:47:08-0700] runner active pids=[39319, 39320, 39322]; freshness=7s; completed=12/16; current=gitlab_domain_expert
[2026-06-30T19:48:08-0700] runner active pids=[39319, 39320, 39322]; freshness=1s; completed=12/16; current=gitlab_domain_expert
[2026-06-30T19:49:09-0700] runner active pids=[39319, 39320, 39322]; freshness=0s; completed=12/16; current=gitlab_domain_expert
[2026-06-30T19:50:09-0700] runner active pids=[39319, 39320, 39322]; freshness=16s; completed=12/16; current=gitlab_domain_expert
[2026-06-30T19:51:09-0700] runner active pids=[39319, 39320, 39322]; freshness=76s; completed=12/16; current=gitlab_domain_expert
[2026-06-30T19:52:09-0700] runner active pids=[39319, 39320, 39322]; freshness=136s; completed=12/16; current=gitlab_domain_expert
[2026-06-30T19:53:09-0700] runner active pids=[39319, 39320, 39322]; freshness=196s; completed=12/16; current=gitlab_domain_expert
[2026-06-30T19:54:09-0700] runner active pids=[39319, 39320, 39322]; freshness=256s; completed=12/16; current=gitlab_domain_expert
[2026-06-30T19:55:09-0700] runner active pids=[39319, 39320, 39322]; freshness=317s; completed=12/16; current=gitlab_domain_expert
[2026-06-30T19:56:09-0700] runner active pids=[39319, 39320, 39322]; freshness=377s; completed=12/16; current=gitlab_domain_expert
[2026-06-30T19:57:09-0700] runner active pids=[39319, 39320, 39322]; freshness=437s; completed=12/16; current=gitlab_domain_expert
[2026-06-30T19:58:09-0700] runner active pids=[39319, 39320, 39322]; freshness=497s; completed=12/16; current=gitlab_domain_expert
[2026-06-30T19:59:10-0700] runner active pids=[39319, 39320, 39322]; freshness=557s; completed=12/16; current=gitlab_domain_expert
[2026-06-30T20:00:10-0700] stale runner detected age=617s pids=[39319, 39320, 39322]; terminating and resuming
[2026-06-30T20:00:15-0700] launched resume session=gitlab_gitlab_domain_expert_resume_30 arm=gitlab_domain_expert next_t=30 merged=/Users/sanjay/projects/BerkeleyProjects/Research/IanWaudbySmith/coldStartPrompts/results/gitlab_strong_arm/paired/logs/gitlab_strong_paired_gitlab_domain_expert_trial0_2026-07-01T02-07-16Z_MERGED_SO_FAR.jsonl
[2026-06-30T20:01:15-0700] runner active pids=[62612, 62613, 62618]; freshness=4s; completed=12/16; current=gitlab_domain_expert
[2026-06-30T20:02:15-0700] runner active pids=[62612, 62613, 62618]; freshness=4s; completed=12/16; current=gitlab_domain_expert
[2026-06-30T20:03:15-0700] runner active pids=[62612, 62613, 62618]; freshness=2s; completed=12/16; current=gitlab_domain_expert
[2026-06-30T20:04:16-0700] runner active pids=[62612, 62613, 62618]; freshness=1s; completed=12/16; current=gitlab_domain_expert
[2026-06-30T20:05:16-0700] runner active pids=[62612, 62613, 62618]; freshness=7s; completed=12/16; current=gitlab_domain_expert
[2026-06-30T20:06:16-0700] runner active pids=[62612, 62613, 62618]; freshness=0s; completed=12/16; current=gitlab_domain_expert
[2026-06-30T20:07:16-0700] runner active pids=[62612, 62613, 62618]; freshness=1s; completed=12/16; current=gitlab_domain_expert
[2026-06-30T20:08:16-0700] runner active pids=[62612, 62613, 62618]; freshness=1s; completed=12/16; current=gitlab_domain_expert
[2026-06-30T20:09:16-0700] runner active pids=[62612, 62613, 62618]; freshness=7s; completed=12/16; current=gitlab_domain_expert
[2026-06-30T20:10:16-0700] runner active pids=[62612, 62613, 62618]; freshness=5s; completed=12/16; current=gitlab_domain_expert
[2026-06-30T20:11:16-0700] merged gitlab_domain_expert FULL log: /Users/sanjay/projects/BerkeleyProjects/Research/IanWaudbySmith/coldStartPrompts/results/gitlab_strong_arm/paired/logs/gitlab_strong_paired_gitlab_domain_expert_trial0_2026-07-01T02-07-16Z_FULL.jsonl rows=40 successes=19
[2026-06-30T20:11:16-0700] no runner active; starting paired runner; completed=13/16
[2026-06-30T20:11:16-0700] launched paired runner session=gitlab_paired_40_continue
[2026-06-30T20:12:17-0700] runner active pids=[67948, 67949, 67951]; freshness=3s; completed=13/16; current=gitlab_rapid_executor
[2026-06-30T20:13:17-0700] runner active pids=[67948, 67949, 67951]; freshness=3s; completed=13/16; current=gitlab_rapid_executor
[2026-06-30T20:14:17-0700] runner active pids=[67948, 67949, 67951]; freshness=5s; completed=13/16; current=gitlab_rapid_executor
[2026-06-30T20:15:17-0700] runner active pids=[67948, 67949, 67951]; freshness=3s; completed=13/16; current=gitlab_rapid_executor
[2026-06-30T20:16:17-0700] runner active pids=[67948, 67949, 67951]; freshness=20s; completed=13/16; current=gitlab_rapid_executor
[2026-06-30T20:17:17-0700] runner active pids=[67948, 67949, 67951]; freshness=1s; completed=13/16; current=gitlab_rapid_executor
[2026-06-30T20:18:17-0700] runner active pids=[67948, 67949, 67951]; freshness=0s; completed=13/16; current=gitlab_rapid_executor
[2026-06-30T20:19:17-0700] runner active pids=[67948, 67949, 67951]; freshness=1s; completed=13/16; current=gitlab_rapid_executor
[2026-06-30T20:20:17-0700] runner active pids=[67948, 67949, 67951]; freshness=0s; completed=13/16; current=gitlab_rapid_executor
[2026-06-30T20:21:17-0700] runner active pids=[67948, 67949, 67951]; freshness=2s; completed=13/16; current=gitlab_rapid_executor
[2026-06-30T20:22:18-0700] runner active pids=[67948, 67949, 67951]; freshness=6s; completed=13/16; current=gitlab_rapid_executor
[2026-06-30T20:23:18-0700] runner active pids=[67948, 67949, 67951]; freshness=3s; completed=13/16; current=gitlab_rapid_executor
[2026-06-30T20:24:18-0700] runner active pids=[67948, 67949, 67951]; freshness=5s; completed=13/16; current=gitlab_rapid_executor
[2026-06-30T20:25:18-0700] runner active pids=[67948, 67949, 67951]; freshness=0s; completed=13/16; current=gitlab_rapid_executor
[2026-06-30T20:26:18-0700] runner active pids=[67948, 67949, 67951]; freshness=2s; completed=13/16; current=gitlab_rapid_executor
[2026-06-30T20:27:18-0700] runner active pids=[67948, 67949, 67951]; freshness=1s; completed=13/16; current=gitlab_rapid_executor
[2026-06-30T20:28:18-0700] runner active pids=[67948, 67949, 67951]; freshness=0s; completed=13/16; current=gitlab_rapid_executor
[2026-06-30T20:29:18-0700] runner active pids=[67948, 67949, 67951]; freshness=1s; completed=13/16; current=gitlab_rapid_executor
[2026-06-30T20:30:18-0700] runner active pids=[67948, 67949, 67951]; freshness=6s; completed=13/16; current=gitlab_rapid_executor
[2026-06-30T20:31:19-0700] runner active pids=[67948, 67949, 67951]; freshness=2s; completed=13/16; current=gitlab_rapid_executor
[2026-06-30T20:32:19-0700] runner active pids=[67948, 67949, 67951]; freshness=4s; completed=13/16; current=gitlab_rapid_executor
[2026-06-30T20:33:19-0700] runner active pids=[67948, 67949, 67951]; freshness=2s; completed=13/16; current=gitlab_rapid_executor
[2026-06-30T20:34:19-0700] runner active pids=[67948, 67949, 67951]; freshness=5s; completed=13/16; current=gitlab_rapid_executor
[2026-06-30T20:35:19-0700] runner active pids=[67948, 67949, 67951]; freshness=2s; completed=13/16; current=gitlab_rapid_executor
[2026-06-30T20:36:19-0700] runner active pids=[67948, 67949, 67951]; freshness=4s; completed=13/16; current=gitlab_rapid_executor
[2026-06-30T20:37:19-0700] runner active pids=[67948, 67949, 67951]; freshness=6s; completed=13/16; current=gitlab_rapid_executor
[2026-06-30T20:38:19-0700] runner active pids=[67948, 67949, 67951]; freshness=1s; completed=13/16; current=gitlab_rapid_executor
[2026-06-30T20:39:19-0700] runner active pids=[67948, 67949, 67951]; freshness=2s; completed=13/16; current=gitlab_rapid_executor
[2026-06-30T20:40:19-0700] runner active pids=[67948, 67949, 67951]; freshness=2s; completed=13/16; current=gitlab_rapid_executor
[2026-06-30T20:41:20-0700] runner active pids=[67948, 67949, 67951]; freshness=2s; completed=13/16; current=gitlab_rapid_executor
[2026-06-30T20:42:20-0700] runner active pids=[67948, 67949, 67951]; freshness=4s; completed=13/16; current=gitlab_rapid_executor
[2026-06-30T20:43:20-0700] runner active pids=[67948, 67949, 67951]; freshness=7s; completed=13/16; current=gitlab_rapid_executor
[2026-06-30T20:44:20-0700] runner active pids=[67948, 67949, 67951]; freshness=8s; completed=13/16; current=gitlab_rapid_executor
[2026-06-30T20:45:20-0700] runner active pids=[67948, 67949, 67951]; freshness=0s; completed=13/16; current=gitlab_rapid_executor
[2026-06-30T20:46:20-0700] runner active pids=[67948, 67949, 67951]; freshness=2s; completed=13/16; current=gitlab_rapid_executor
[2026-06-30T20:47:20-0700] runner active pids=[67948, 67949, 67951]; freshness=4s; completed=13/16; current=gitlab_rapid_executor
[2026-06-30T20:48:20-0700] runner active pids=[67948, 67949, 67951]; freshness=1s; completed=13/16; current=gitlab_rapid_executor
[2026-06-30T20:49:20-0700] runner active pids=[67948, 67949, 67951]; freshness=2s; completed=13/16; current=gitlab_rapid_executor
[2026-06-30T20:50:21-0700] runner active pids=[67948, 67949, 67951]; freshness=4s; completed=13/16; current=gitlab_rapid_executor
[2026-06-30T20:51:21-0700] runner active pids=[67948, 67949, 67951]; freshness=27s; completed=13/16; current=gitlab_rapid_executor
[2026-06-30T20:52:21-0700] runner active pids=[67948, 67949, 67951]; freshness=87s; completed=13/16; current=gitlab_rapid_executor
[2026-06-30T20:53:21-0700] runner active pids=[67948, 67949, 67951]; freshness=147s; completed=13/16; current=gitlab_rapid_executor
[2026-06-30T20:54:21-0700] runner active pids=[67948, 67949, 67951]; freshness=207s; completed=13/16; current=gitlab_rapid_executor
[2026-06-30T20:55:21-0700] runner active pids=[67948, 67949, 67951]; freshness=268s; completed=13/16; current=gitlab_rapid_executor
[2026-06-30T20:56:21-0700] runner active pids=[67948, 67949, 67951]; freshness=328s; completed=13/16; current=gitlab_rapid_executor
[2026-06-30T20:57:21-0700] runner active pids=[67948, 67949, 67951]; freshness=388s; completed=13/16; current=gitlab_rapid_executor
[2026-06-30T20:58:21-0700] runner active pids=[67948, 67949, 67951]; freshness=448s; completed=13/16; current=gitlab_rapid_executor
[2026-06-30T20:59:21-0700] runner active pids=[67948, 67949, 67951]; freshness=508s; completed=13/16; current=gitlab_rapid_executor
[2026-06-30T21:00:22-0700] runner active pids=[67948, 67949, 67951]; freshness=568s; completed=13/16; current=gitlab_rapid_executor
[2026-06-30T21:01:22-0700] stale runner detected age=628s pids=[67948, 67949, 67951]; terminating and resuming
[2026-06-30T21:01:27-0700] launched resume session=gitlab_gitlab_rapid_executor_resume_31 arm=gitlab_rapid_executor next_t=31 merged=/Users/sanjay/projects/BerkeleyProjects/Research/IanWaudbySmith/coldStartPrompts/results/gitlab_strong_arm/paired/logs/gitlab_strong_paired_gitlab_rapid_executor_trial0_2026-07-01T03-11-28Z_MERGED_SO_FAR.jsonl
[2026-06-30T21:02:27-0700] runner active pids=[82107, 82108, 82109]; freshness=5s; completed=13/16; current=gitlab_rapid_executor
[2026-06-30T21:03:27-0700] runner active pids=[82107, 82108, 82109]; freshness=1s; completed=13/16; current=gitlab_rapid_executor
[2026-06-30T21:04:27-0700] runner active pids=[82107, 82108, 82109]; freshness=8s; completed=13/16; current=gitlab_rapid_executor
[2026-06-30T21:05:28-0700] runner active pids=[82107, 82108, 82109]; freshness=8s; completed=13/16; current=gitlab_rapid_executor
[2026-06-30T21:06:28-0700] runner active pids=[82107, 82108, 82109]; freshness=2s; completed=13/16; current=gitlab_rapid_executor
[2026-06-30T21:07:28-0700] runner active pids=[82107, 82108, 82109]; freshness=15s; completed=13/16; current=gitlab_rapid_executor
[2026-06-30T21:08:28-0700] runner active pids=[82107, 82108, 82109]; freshness=15s; completed=13/16; current=gitlab_rapid_executor
[2026-06-30T21:09:28-0700] runner active pids=[82107, 82108, 82109]; freshness=10s; completed=13/16; current=gitlab_rapid_executor
[2026-06-30T21:10:28-0700] runner active pids=[82107, 82108, 82109]; freshness=4s; completed=13/16; current=gitlab_rapid_executor
[2026-06-30T21:11:28-0700] runner active pids=[82107, 82108, 82109]; freshness=1s; completed=13/16; current=gitlab_rapid_executor
[2026-06-30T21:12:28-0700] runner active pids=[82107, 82108, 82109]; freshness=1s; completed=13/16; current=gitlab_rapid_executor
[2026-06-30T21:13:28-0700] runner active pids=[82107, 82108, 82109]; freshness=2s; completed=13/16; current=gitlab_rapid_executor
[2026-06-30T21:14:28-0700] runner active pids=[82107, 82108, 82109]; freshness=0s; completed=13/16; current=gitlab_rapid_executor
[2026-06-30T21:15:29-0700] runner active pids=[82107, 82108, 82109]; freshness=4s; completed=13/16; current=gitlab_rapid_executor
[2026-06-30T21:16:29-0700] runner active pids=[82107, 82108, 82109]; freshness=8s; completed=13/16; current=gitlab_rapid_executor
[2026-06-30T21:17:29-0700] merged gitlab_rapid_executor FULL log: /Users/sanjay/projects/BerkeleyProjects/Research/IanWaudbySmith/coldStartPrompts/results/gitlab_strong_arm/paired/logs/gitlab_strong_paired_gitlab_rapid_executor_trial0_2026-07-01T03-11-28Z_FULL.jsonl rows=40 successes=24
[2026-06-30T21:17:29-0700] no runner active; starting paired runner; completed=14/16
[2026-06-30T21:17:29-0700] launched paired runner session=gitlab_paired_40_continue
[2026-06-30T21:18:29-0700] runner active pids=[84716, 84717, 84718]; freshness=5s; completed=14/16; current=gitlab_auditor
[2026-06-30T21:19:29-0700] runner active pids=[84716, 84717, 84718]; freshness=11s; completed=14/16; current=gitlab_auditor
[2026-06-30T21:20:29-0700] runner active pids=[84716, 84717, 84718]; freshness=5s; completed=14/16; current=gitlab_auditor
[2026-06-30T21:21:29-0700] runner active pids=[84716, 84717, 84718]; freshness=4s; completed=14/16; current=gitlab_auditor
[2026-06-30T21:22:29-0700] runner active pids=[84716, 84717, 84718]; freshness=1s; completed=14/16; current=gitlab_auditor
[2026-06-30T21:23:29-0700] runner active pids=[84716, 84717, 84718]; freshness=2s; completed=14/16; current=gitlab_auditor
[2026-06-30T21:24:29-0700] runner active pids=[84716, 84717, 84718]; freshness=2s; completed=14/16; current=gitlab_auditor
[2026-06-30T21:25:30-0700] runner active pids=[84716, 84717, 84718]; freshness=1s; completed=14/16; current=gitlab_auditor
[2026-06-30T21:26:30-0700] runner active pids=[84716, 84717, 84718]; freshness=1s; completed=14/16; current=gitlab_auditor
[2026-06-30T21:27:30-0700] runner active pids=[84716, 84717, 84718]; freshness=6s; completed=14/16; current=gitlab_auditor
[2026-06-30T21:28:30-0700] runner active pids=[84716, 84717, 84718]; freshness=1s; completed=14/16; current=gitlab_auditor
[2026-06-30T21:29:30-0700] runner active pids=[84716, 84717, 84718]; freshness=3s; completed=14/16; current=gitlab_auditor
[2026-06-30T21:30:30-0700] runner active pids=[84716, 84717, 84718]; freshness=1s; completed=14/16; current=gitlab_auditor
[2026-06-30T21:31:30-0700] runner active pids=[84716, 84717, 84718]; freshness=1s; completed=14/16; current=gitlab_auditor
[2026-06-30T21:32:30-0700] runner active pids=[84716, 84717, 84718]; freshness=3s; completed=14/16; current=gitlab_auditor
[2026-06-30T21:33:30-0700] runner active pids=[84716, 84717, 84718]; freshness=3s; completed=14/16; current=gitlab_auditor
[2026-06-30T21:34:30-0700] runner active pids=[84716, 84717, 84718]; freshness=3s; completed=14/16; current=gitlab_auditor
[2026-06-30T21:35:31-0700] runner active pids=[84716, 84717, 84718]; freshness=4s; completed=14/16; current=gitlab_auditor
[2026-06-30T21:36:31-0700] runner active pids=[84716, 84717, 84718]; freshness=0s; completed=14/16; current=gitlab_auditor
[2026-06-30T21:37:31-0700] runner active pids=[84716, 84717, 84718]; freshness=0s; completed=14/16; current=gitlab_auditor
[2026-06-30T21:38:31-0700] runner active pids=[84716, 84717, 84718]; freshness=2s; completed=14/16; current=gitlab_auditor
[2026-06-30T21:39:31-0700] runner active pids=[84716, 84717, 84718]; freshness=0s; completed=14/16; current=gitlab_auditor
[2026-06-30T21:40:31-0700] runner active pids=[84716, 84717, 84718]; freshness=4s; completed=14/16; current=gitlab_auditor
[2026-06-30T21:41:31-0700] runner active pids=[84716, 84717, 84718]; freshness=3s; completed=14/16; current=gitlab_auditor
[2026-06-30T21:42:31-0700] runner active pids=[84716, 84717, 84718]; freshness=4s; completed=14/16; current=gitlab_auditor
[2026-06-30T21:43:31-0700] runner active pids=[84716, 84717, 84718]; freshness=3s; completed=14/16; current=gitlab_auditor
[2026-06-30T21:44:31-0700] runner active pids=[84716, 84717, 84718]; freshness=5s; completed=14/16; current=gitlab_auditor
[2026-06-30T21:45:32-0700] runner active pids=[84716, 84717, 84718]; freshness=0s; completed=14/16; current=gitlab_auditor
[2026-06-30T21:46:32-0700] runner active pids=[84716, 84717, 84718]; freshness=1s; completed=14/16; current=gitlab_auditor
[2026-06-30T21:47:32-0700] runner active pids=[84716, 84717, 84718]; freshness=1s; completed=14/16; current=gitlab_auditor
[2026-06-30T21:48:32-0700] runner active pids=[84716, 84717, 84718]; freshness=5s; completed=14/16; current=gitlab_auditor
[2026-06-30T21:49:32-0700] runner active pids=[84716, 84717, 84718]; freshness=0s; completed=14/16; current=gitlab_auditor
[2026-06-30T21:50:32-0700] runner active pids=[84716, 84717, 84718]; freshness=9s; completed=14/16; current=gitlab_auditor
[2026-06-30T21:51:32-0700] runner active pids=[84716, 84717, 84718]; freshness=1s; completed=14/16; current=gitlab_auditor
[2026-06-30T21:52:32-0700] runner active pids=[84716, 84717, 84718]; freshness=0s; completed=14/16; current=gitlab_auditor
[2026-06-30T21:53:32-0700] runner active pids=[84716, 84717, 84718]; freshness=10s; completed=14/16; current=gitlab_auditor
[2026-06-30T21:54:32-0700] runner active pids=[84716, 84717, 84718]; freshness=3s; completed=14/16; current=gitlab_auditor
[2026-06-30T21:55:33-0700] runner active pids=[84716, 84717, 84718]; freshness=15s; completed=14/16; current=gitlab_auditor
[2026-06-30T21:56:33-0700] runner active pids=[84716, 84717, 84718]; freshness=29s; completed=14/16; current=gitlab_auditor
[2026-06-30T21:57:33-0700] runner active pids=[84716, 84717, 84718]; freshness=89s; completed=14/16; current=gitlab_auditor
[2026-06-30T21:58:33-0700] runner active pids=[84716, 84717, 84718]; freshness=149s; completed=14/16; current=gitlab_auditor
[2026-06-30T21:59:33-0700] runner active pids=[84716, 84717, 84718]; freshness=209s; completed=14/16; current=gitlab_auditor
[2026-06-30T22:00:33-0700] runner active pids=[84716, 84717, 84718]; freshness=269s; completed=14/16; current=gitlab_auditor
[2026-06-30T22:01:33-0700] runner active pids=[84716, 84717, 84718]; freshness=329s; completed=14/16; current=gitlab_auditor
[2026-06-30T22:02:33-0700] runner active pids=[84716, 84717, 84718]; freshness=389s; completed=14/16; current=gitlab_auditor
[2026-06-30T22:03:33-0700] runner active pids=[84716, 84717, 84718]; freshness=449s; completed=14/16; current=gitlab_auditor
[2026-06-30T22:04:34-0700] runner active pids=[84716, 84717, 84718]; freshness=509s; completed=14/16; current=gitlab_auditor
[2026-06-30T22:05:34-0700] runner active pids=[84716, 84717, 84718]; freshness=569s; completed=14/16; current=gitlab_auditor
[2026-06-30T22:06:34-0700] stale runner detected age=630s pids=[84716, 84717, 84718]; terminating and resuming
[2026-06-30T22:06:39-0700] launched resume session=gitlab_gitlab_auditor_resume_30 arm=gitlab_auditor next_t=30 merged=/Users/sanjay/projects/BerkeleyProjects/Research/IanWaudbySmith/coldStartPrompts/results/gitlab_strong_arm/paired/logs/gitlab_strong_paired_gitlab_auditor_trial0_2026-07-01T04-17-40Z_MERGED_SO_FAR.jsonl
[2026-06-30T22:07:39-0700] runner active pids=[90879, 90880, 90881]; freshness=9s; completed=14/16; current=gitlab_auditor
[2026-06-30T22:08:39-0700] runner active pids=[90879, 90880, 90881]; freshness=1s; completed=14/16; current=gitlab_auditor
[2026-06-30T22:09:39-0700] runner active pids=[90879, 90880, 90881]; freshness=1s; completed=14/16; current=gitlab_auditor
[2026-06-30T22:10:40-0700] runner active pids=[90879, 90880, 90881]; freshness=3s; completed=14/16; current=gitlab_auditor
[2026-06-30T22:11:40-0700] runner active pids=[90879, 90880, 90881]; freshness=10s; completed=14/16; current=gitlab_auditor
[2026-06-30T22:12:40-0700] runner active pids=[90879, 90880, 90881]; freshness=0s; completed=14/16; current=gitlab_auditor
[2026-06-30T22:13:40-0700] runner active pids=[90879, 90880, 90881]; freshness=9s; completed=14/16; current=gitlab_auditor
[2026-06-30T22:14:40-0700] runner active pids=[90879, 90880, 90881]; freshness=3s; completed=14/16; current=gitlab_auditor
[2026-06-30T22:15:40-0700] runner active pids=[90879, 90880, 90881]; freshness=6s; completed=14/16; current=gitlab_auditor
[2026-06-30T22:16:40-0700] runner active pids=[90879, 90880, 90881]; freshness=13s; completed=14/16; current=gitlab_auditor
[2026-06-30T22:17:40-0700] runner active pids=[90879, 90880, 90881]; freshness=0s; completed=14/16; current=gitlab_auditor
[2026-06-30T22:18:40-0700] runner active pids=[90879, 90880, 90881]; freshness=5s; completed=14/16; current=gitlab_auditor
[2026-06-30T22:19:41-0700] runner active pids=[90879, 90880, 90881]; freshness=10s; completed=14/16; current=gitlab_auditor
[2026-06-30T22:20:41-0700] runner active pids=[90879, 90880, 90881]; freshness=0s; completed=14/16; current=gitlab_auditor
[2026-06-30T22:21:41-0700] runner active pids=[90879, 90880, 90881]; freshness=5s; completed=14/16; current=gitlab_auditor
[2026-06-30T22:22:41-0700] runner active pids=[90879, 90880, 90881]; freshness=6s; completed=14/16; current=gitlab_auditor
[2026-06-30T22:23:41-0700] runner active pids=[90879, 90880, 90881]; freshness=5s; completed=14/16; current=gitlab_auditor
[2026-06-30T22:24:41-0700] runner active pids=[90879, 90880, 90881]; freshness=5s; completed=14/16; current=gitlab_auditor
[2026-06-30T22:25:41-0700] runner active pids=[90879, 90880, 90881]; freshness=11s; completed=14/16; current=gitlab_auditor
[2026-06-30T22:26:41-0700] runner active pids=[90879, 90880, 90881]; freshness=1s; completed=14/16; current=gitlab_auditor
[2026-06-30T22:27:41-0700] runner active pids=[90879, 90880, 90881]; freshness=5s; completed=14/16; current=gitlab_auditor
[2026-06-30T22:28:41-0700] runner active pids=[90879, 90880, 90881]; freshness=1s; completed=14/16; current=gitlab_auditor
[2026-06-30T22:29:41-0700] merged gitlab_auditor FULL log: /Users/sanjay/projects/BerkeleyProjects/Research/IanWaudbySmith/coldStartPrompts/results/gitlab_strong_arm/paired/logs/gitlab_strong_paired_gitlab_auditor_trial0_2026-07-01T04-17-40Z_FULL.jsonl rows=40 successes=21
[2026-06-30T22:29:42-0700] no runner active; starting paired runner; completed=15/16
[2026-06-30T22:29:42-0700] launched paired runner session=gitlab_paired_40_continue
[2026-06-30T22:30:42-0700] runner active pids=[93788, 93789, 93790]; freshness=1s; completed=15/16; current=gitlab_planner
[2026-06-30T22:31:42-0700] runner active pids=[93788, 93789, 93790]; freshness=4s; completed=15/16; current=gitlab_planner
[2026-06-30T22:32:42-0700] runner active pids=[93788, 93789, 93790]; freshness=13s; completed=15/16; current=gitlab_planner
[2026-06-30T22:33:42-0700] runner active pids=[93788, 93789, 93790]; freshness=0s; completed=15/16; current=gitlab_planner
[2026-06-30T22:34:42-0700] runner active pids=[93788, 93789, 93790]; freshness=4s; completed=15/16; current=gitlab_planner
[2026-06-30T22:35:42-0700] runner active pids=[93788, 93789, 93790]; freshness=1s; completed=15/16; current=gitlab_planner
[2026-06-30T22:36:42-0700] runner active pids=[93788, 93789, 93790]; freshness=0s; completed=15/16; current=gitlab_planner
[2026-06-30T22:37:42-0700] runner active pids=[93788, 93789, 93790]; freshness=3s; completed=15/16; current=gitlab_planner
[2026-06-30T22:38:43-0700] runner active pids=[93788, 93789, 93790]; freshness=1s; completed=15/16; current=gitlab_planner
[2026-06-30T22:39:43-0700] runner active pids=[93788, 93789, 93790]; freshness=1s; completed=15/16; current=gitlab_planner
[2026-06-30T22:40:43-0700] runner active pids=[93788, 93789, 93790]; freshness=2s; completed=15/16; current=gitlab_planner
[2026-06-30T22:41:43-0700] runner active pids=[93788, 93789, 93790]; freshness=10s; completed=15/16; current=gitlab_planner
[2026-06-30T22:42:43-0700] runner active pids=[93788, 93789, 93790]; freshness=4s; completed=15/16; current=gitlab_planner
[2026-06-30T22:43:43-0700] runner active pids=[93788, 93789, 93790]; freshness=1s; completed=15/16; current=gitlab_planner
[2026-06-30T22:44:43-0700] runner active pids=[93788, 93789, 93790]; freshness=10s; completed=15/16; current=gitlab_planner
[2026-06-30T22:45:43-0700] runner active pids=[93788, 93789, 93790]; freshness=3s; completed=15/16; current=gitlab_planner
[2026-06-30T22:46:43-0700] runner active pids=[93788, 93789, 93790]; freshness=2s; completed=15/16; current=gitlab_planner
[2026-06-30T22:47:44-0700] runner active pids=[93788, 93789, 93790]; freshness=3s; completed=15/16; current=gitlab_planner
[2026-06-30T22:48:44-0700] runner active pids=[93788, 93789, 93790]; freshness=1s; completed=15/16; current=gitlab_planner
[2026-06-30T22:49:44-0700] runner active pids=[93788, 93789, 93790]; freshness=0s; completed=15/16; current=gitlab_planner
[2026-06-30T22:50:44-0700] runner active pids=[93788, 93789, 93790]; freshness=0s; completed=15/16; current=gitlab_planner
[2026-06-30T22:51:44-0700] runner active pids=[93788, 93789, 93790]; freshness=6s; completed=15/16; current=gitlab_planner
[2026-06-30T22:52:44-0700] runner active pids=[93788, 93789, 93790]; freshness=5s; completed=15/16; current=gitlab_planner
[2026-06-30T22:53:44-0700] runner active pids=[93788, 93789, 93790]; freshness=4s; completed=15/16; current=gitlab_planner
[2026-06-30T22:54:44-0700] runner active pids=[93788, 93789, 93790]; freshness=2s; completed=15/16; current=gitlab_planner
[2026-06-30T22:55:44-0700] runner active pids=[93788, 93789, 93790]; freshness=2s; completed=15/16; current=gitlab_planner
[2026-06-30T22:56:44-0700] runner active pids=[93788, 93789, 93790]; freshness=0s; completed=15/16; current=gitlab_planner
[2026-06-30T22:57:45-0700] runner active pids=[93788, 93789, 93790]; freshness=1s; completed=15/16; current=gitlab_planner
[2026-06-30T22:58:45-0700] runner active pids=[93788, 93789, 93790]; freshness=5s; completed=15/16; current=gitlab_planner
[2026-06-30T22:59:45-0700] runner active pids=[93788, 93789, 93790]; freshness=5s; completed=15/16; current=gitlab_planner
[2026-06-30T23:00:45-0700] runner active pids=[93788, 93789, 93790]; freshness=0s; completed=15/16; current=gitlab_planner
[2026-06-30T23:01:45-0700] runner active pids=[93788, 93789, 93790]; freshness=0s; completed=15/16; current=gitlab_planner
[2026-06-30T23:02:45-0700] runner active pids=[93788, 93789, 93790]; freshness=0s; completed=15/16; current=gitlab_planner
[2026-06-30T23:03:45-0700] runner active pids=[93788, 93789, 93790]; freshness=18s; completed=15/16; current=gitlab_planner
[2026-06-30T23:04:45-0700] runner active pids=[93788, 93789, 93790]; freshness=0s; completed=15/16; current=gitlab_planner
[2026-06-30T23:05:45-0700] runner active pids=[93788, 93789, 93790]; freshness=1s; completed=15/16; current=gitlab_planner
[2026-06-30T23:06:45-0700] runner active pids=[93788, 93789, 93790]; freshness=3s; completed=15/16; current=gitlab_planner
[2026-06-30T23:07:46-0700] runner active pids=[93788, 93789, 93790]; freshness=0s; completed=15/16; current=gitlab_planner
[2026-06-30T23:08:46-0700] runner active pids=[93788, 93789, 93790]; freshness=4s; completed=15/16; current=gitlab_planner
[2026-06-30T23:09:46-0700] runner active pids=[93788, 93789, 93790]; freshness=1s; completed=15/16; current=gitlab_planner
[2026-06-30T23:10:46-0700] runner active pids=[93788, 93789, 93790]; freshness=10s; completed=15/16; current=gitlab_planner
[2026-06-30T23:11:46-0700] runner active pids=[93788, 93789, 93790]; freshness=0s; completed=15/16; current=gitlab_planner
[2026-06-30T23:12:46-0700] runner active pids=[93788, 93789, 93790]; freshness=14s; completed=15/16; current=gitlab_planner
[2026-06-30T23:13:46-0700] runner active pids=[93788, 93789, 93790]; freshness=1s; completed=15/16; current=gitlab_planner
[2026-06-30T23:14:46-0700] runner active pids=[93788, 93789, 93790]; freshness=3s; completed=15/16; current=gitlab_planner
[2026-06-30T23:15:46-0700] runner active pids=[93788, 93789, 93790]; freshness=2s; completed=15/16; current=gitlab_planner
[2026-06-30T23:16:47-0700] runner active pids=[93788, 93789, 93790]; freshness=12s; completed=15/16; current=gitlab_planner
[2026-06-30T23:17:47-0700] runner active pids=[93788, 93789, 93790]; freshness=5s; completed=15/16; current=gitlab_planner
[2026-06-30T23:18:47-0700] runner active pids=[93788, 93789, 93790]; freshness=65s; completed=15/16; current=gitlab_planner
[2026-06-30T23:19:47-0700] runner active pids=[93788, 93789, 93790]; freshness=125s; completed=15/16; current=gitlab_planner
[2026-06-30T23:20:47-0700] runner active pids=[93788, 93789, 93790]; freshness=185s; completed=15/16; current=gitlab_planner
[2026-06-30T23:21:47-0700] runner active pids=[93788, 93789, 93790]; freshness=245s; completed=15/16; current=gitlab_planner
[2026-06-30T23:22:47-0700] runner active pids=[93788, 93789, 93790]; freshness=305s; completed=15/16; current=gitlab_planner
[2026-06-30T23:23:47-0700] runner active pids=[93788, 93789, 93790]; freshness=365s; completed=15/16; current=gitlab_planner
[2026-06-30T23:24:47-0700] runner active pids=[93788, 93789, 93790]; freshness=426s; completed=15/16; current=gitlab_planner
[2026-06-30T23:25:48-0700] runner active pids=[93788, 93789, 93790]; freshness=486s; completed=15/16; current=gitlab_planner
[2026-06-30T23:26:48-0700] runner active pids=[93788, 93789, 93790]; freshness=546s; completed=15/16; current=gitlab_planner
[2026-06-30T23:27:48-0700] stale runner detected age=606s pids=[93788, 93789, 93790]; terminating and resuming
[2026-06-30T23:27:53-0700] launched resume session=gitlab_gitlab_planner_resume_30 arm=gitlab_planner next_t=30 merged=/Users/sanjay/projects/BerkeleyProjects/Research/IanWaudbySmith/coldStartPrompts/results/gitlab_strong_arm/paired/logs/gitlab_strong_paired_gitlab_planner_trial0_2026-07-01T05-29-53Z_MERGED_SO_FAR.jsonl
[2026-06-30T23:28:53-0700] runner active pids=[1313, 1314, 1315]; freshness=2s; completed=15/16; current=gitlab_planner
[2026-06-30T23:29:53-0700] runner active pids=[1313, 1314, 1315]; freshness=4s; completed=15/16; current=gitlab_planner
[2026-06-30T23:30:53-0700] runner active pids=[1313, 1314, 1315]; freshness=4s; completed=15/16; current=gitlab_planner
[2026-06-30T23:31:54-0700] runner active pids=[1313, 1314, 1315]; freshness=1s; completed=15/16; current=gitlab_planner
[2026-06-30T23:32:54-0700] runner active pids=[1313, 1314, 1315]; freshness=0s; completed=15/16; current=gitlab_planner
[2026-06-30T23:33:54-0700] runner active pids=[1313, 1314, 1315]; freshness=5s; completed=15/16; current=gitlab_planner
[2026-06-30T23:34:54-0700] runner active pids=[1313, 1314, 1315]; freshness=16s; completed=15/16; current=gitlab_planner
[2026-06-30T23:35:54-0700] runner active pids=[1313, 1314, 1315]; freshness=6s; completed=15/16; current=gitlab_planner
[2026-06-30T23:36:54-0700] runner active pids=[1313, 1314, 1315]; freshness=2s; completed=15/16; current=gitlab_planner
[2026-06-30T23:37:54-0700] runner active pids=[1313, 1314, 1315]; freshness=0s; completed=15/16; current=gitlab_planner
[2026-06-30T23:41:27-0700] runner active pids=[1313, 1314, 1315]; freshness=152s; completed=15/16; current=gitlab_planner
[2026-06-30T23:49:25-0700] stale runner detected age=631s pids=[1313, 1314, 1315]; terminating and resuming
[2026-06-30T23:49:31-0700] launched resume session=gitlab_gitlab_planner_resume_33 arm=gitlab_planner next_t=33 merged=/Users/sanjay/projects/BerkeleyProjects/Research/IanWaudbySmith/coldStartPrompts/results/gitlab_strong_arm/paired/logs/gitlab_strong_paired_gitlab_planner_trial0_2026-07-01T05-29-53Z_MERGED_SO_FAR.jsonl
[2026-06-30T23:52:09-0700] no runner active; resuming partial arm gitlab_planner
[2026-06-30T23:52:09-0700] launched resume session=gitlab_gitlab_planner_resume_33 arm=gitlab_planner next_t=33 merged=/Users/sanjay/projects/BerkeleyProjects/Research/IanWaudbySmith/coldStartPrompts/results/gitlab_strong_arm/paired/logs/gitlab_strong_paired_gitlab_planner_trial0_2026-07-01T05-29-53Z_MERGED_SO_FAR.jsonl
[2026-06-30T23:57:25-0700] runner active pids=[2787, 2788, 2789]; freshness=223s; completed=15/16; current=gitlab_planner
[2026-06-30T23:58:25-0700] runner active pids=[2787, 2788, 2789]; freshness=0s; completed=15/16; current=gitlab_planner
[2026-06-30T23:59:25-0700] runner active pids=[2787, 2788, 2789]; freshness=2s; completed=15/16; current=gitlab_planner
[2026-07-01T00:00:25-0700] runner active pids=[2787, 2788, 2789]; freshness=8s; completed=15/16; current=gitlab_planner
[2026-07-01T00:01:25-0700] runner active pids=[2787, 2788, 2789]; freshness=12s; completed=15/16; current=gitlab_planner
[2026-07-01T00:02:25-0700] runner active pids=[2787, 2788, 2789]; freshness=1s; completed=15/16; current=gitlab_planner
[2026-07-01T00:03:25-0700] runner active pids=[2787, 2788, 2789]; freshness=5s; completed=15/16; current=gitlab_planner
[2026-07-01T00:04:25-0700] runner active pids=[2787, 2788, 2789]; freshness=17s; completed=15/16; current=gitlab_planner
[2026-07-01T00:05:26-0700] runner active pids=[2787, 2788, 2789]; freshness=7s; completed=15/16; current=gitlab_planner
[2026-07-01T00:06:26-0700] runner active pids=[2787, 2788, 2789]; freshness=3s; completed=15/16; current=gitlab_planner
[2026-07-01T00:07:26-0700] runner active pids=[2787, 2788, 2789]; freshness=3s; completed=15/16; current=gitlab_planner
[2026-07-01T00:08:26-0700] runner active pids=[2787, 2788, 2789]; freshness=6s; completed=15/16; current=gitlab_planner
[2026-07-01T00:09:26-0700] runner active pids=[2787, 2788, 2789]; freshness=3s; completed=15/16; current=gitlab_planner
[2026-07-01T00:10:26-0700] runner active pids=[2787, 2788, 2789]; freshness=6s; completed=15/16; current=gitlab_planner
[2026-07-01T00:11:26-0700] merged gitlab_planner FULL log: /Users/sanjay/projects/BerkeleyProjects/Research/IanWaudbySmith/coldStartPrompts/results/gitlab_strong_arm/paired/logs/gitlab_strong_paired_gitlab_planner_trial0_2026-07-01T05-29-53Z_FULL.jsonl rows=40 successes=18
[2026-07-01T00:11:26-0700] all GitLab paired arms have complete FULL logs
[2026-07-01T00:12:26-0700] all GitLab paired arms have complete FULL logs
[2026-07-01T00:13:26-0700] all GitLab paired arms have complete FULL logs
[2026-07-01T00:14:27-0700] all GitLab paired arms have complete FULL logs
[2026-07-01T00:15:27-0700] all GitLab paired arms have complete FULL logs
[2026-07-01T00:16:27-0700] all GitLab paired arms have complete FULL logs
[2026-07-01T00:17:27-0700] all GitLab paired arms have complete FULL logs
[2026-07-01T00:18:27-0700] all GitLab paired arms have complete FULL logs
[2026-07-01T00:19:27-0700] all GitLab paired arms have complete FULL logs
[2026-07-01T00:20:27-0700] all GitLab paired arms have complete FULL logs
[2026-07-01T00:21:28-0700] all GitLab paired arms have complete FULL logs
[2026-07-01T00:22:28-0700] all GitLab paired arms have complete FULL logs
[2026-07-01T00:23:28-0700] all GitLab paired arms have complete FULL logs
[2026-07-01T00:24:28-0700] all GitLab paired arms have complete FULL logs
[2026-07-01T00:25:28-0700] all GitLab paired arms have complete FULL logs
[2026-07-01T00:26:28-0700] all GitLab paired arms have complete FULL logs
[2026-07-01T00:27:29-0700] all GitLab paired arms have complete FULL logs
[2026-07-01T00:28:29-0700] all GitLab paired arms have complete FULL logs
[2026-07-01T00:29:29-0700] all GitLab paired arms have complete FULL logs
[2026-07-01T00:30:29-0700] all GitLab paired arms have complete FULL logs
[2026-07-01T00:31:29-0700] all GitLab paired arms have complete FULL logs
[2026-07-01T00:32:29-0700] all GitLab paired arms have complete FULL logs
[2026-07-01T00:33:29-0700] all GitLab paired arms have complete FULL logs
[2026-07-01T00:34:30-0700] all GitLab paired arms have complete FULL logs
[2026-07-01T00:35:30-0700] all GitLab paired arms have complete FULL logs
[2026-07-01T00:36:30-0700] all GitLab paired arms have complete FULL logs
[2026-07-01T00:37:30-0700] all GitLab paired arms have complete FULL logs
[2026-07-01T00:38:30-0700] all GitLab paired arms have complete FULL logs
[2026-07-01T00:39:30-0700] all GitLab paired arms have complete FULL logs
[2026-07-01T00:40:31-0700] all GitLab paired arms have complete FULL logs
[2026-07-01T00:41:31-0700] all GitLab paired arms have complete FULL logs
[2026-07-01T00:42:31-0700] all GitLab paired arms have complete FULL logs
[2026-07-01T00:43:31-0700] all GitLab paired arms have complete FULL logs
[2026-07-01T00:44:31-0700] all GitLab paired arms have complete FULL logs
[2026-07-01T00:45:31-0700] all GitLab paired arms have complete FULL logs
[2026-07-01T00:46:31-0700] all GitLab paired arms have complete FULL logs
[2026-07-01T00:47:32-0700] all GitLab paired arms have complete FULL logs
[2026-07-01T00:48:32-0700] all GitLab paired arms have complete FULL logs
[2026-07-01T00:49:32-0700] all GitLab paired arms have complete FULL logs
[2026-07-01T00:50:32-0700] all GitLab paired arms have complete FULL logs
[2026-07-01T00:51:32-0700] all GitLab paired arms have complete FULL logs
[2026-07-01T00:52:32-0700] all GitLab paired arms have complete FULL logs
[2026-07-01T00:53:33-0700] all GitLab paired arms have complete FULL logs
[2026-07-01T00:54:33-0700] all GitLab paired arms have complete FULL logs
[2026-07-01T00:55:33-0700] all GitLab paired arms have complete FULL logs
[2026-07-01T00:56:33-0700] all GitLab paired arms have complete FULL logs
[2026-07-01T00:57:33-0700] all GitLab paired arms have complete FULL logs
[2026-07-01T00:58:33-0700] all GitLab paired arms have complete FULL logs
[2026-07-01T00:59:33-0700] all GitLab paired arms have complete FULL logs
[2026-07-01T01:00:34-0700] all GitLab paired arms have complete FULL logs
[2026-07-01T01:01:34-0700] all GitLab paired arms have complete FULL logs
[2026-07-01T01:02:34-0700] all GitLab paired arms have complete FULL logs
[2026-07-01T01:03:34-0700] all GitLab paired arms have complete FULL logs
[2026-07-01T01:04:34-0700] all GitLab paired arms have complete FULL logs
[2026-07-01T01:05:34-0700] all GitLab paired arms have complete FULL logs
[2026-07-01T01:06:35-0700] all GitLab paired arms have complete FULL logs
[2026-07-01T01:07:35-0700] all GitLab paired arms have complete FULL logs
[2026-07-01T01:08:35-0700] all GitLab paired arms have complete FULL logs
[2026-07-01T01:09:35-0700] all GitLab paired arms have complete FULL logs
[2026-07-01T01:10:35-0700] all GitLab paired arms have complete FULL logs
[2026-07-01T01:11:35-0700] all GitLab paired arms have complete FULL logs
[2026-07-01T01:12:35-0700] all GitLab paired arms have complete FULL logs
[2026-07-01T01:13:36-0700] all GitLab paired arms have complete FULL logs
[2026-07-01T01:14:36-0700] all GitLab paired arms have complete FULL logs
[2026-07-01T01:15:36-0700] all GitLab paired arms have complete FULL logs
[2026-07-01T01:16:36-0700] all GitLab paired arms have complete FULL logs
[2026-07-01T01:17:36-0700] all GitLab paired arms have complete FULL logs
[2026-07-01T01:18:36-0700] all GitLab paired arms have complete FULL logs
[2026-07-01T01:19:37-0700] all GitLab paired arms have complete FULL logs
[2026-07-01T01:20:37-0700] all GitLab paired arms have complete FULL logs
[2026-07-01T01:21:37-0700] all GitLab paired arms have complete FULL logs
[2026-07-01T01:22:37-0700] all GitLab paired arms have complete FULL logs
[2026-07-01T01:23:37-0700] all GitLab paired arms have complete FULL logs
[2026-07-01T01:24:37-0700] all GitLab paired arms have complete FULL logs
[2026-07-01T01:25:37-0700] all GitLab paired arms have complete FULL logs
[2026-07-01T01:26:38-0700] all GitLab paired arms have complete FULL logs
[2026-07-01T01:27:38-0700] all GitLab paired arms have complete FULL logs
[2026-07-01T01:28:38-0700] all GitLab paired arms have complete FULL logs
[2026-07-01T01:29:38-0700] all GitLab paired arms have complete FULL logs
[2026-07-01T01:30:38-0700] all GitLab paired arms have complete FULL logs
[2026-07-01T01:31:38-0700] all GitLab paired arms have complete FULL logs
[2026-07-01T01:32:39-0700] all GitLab paired arms have complete FULL logs
[2026-07-01T01:33:39-0700] all GitLab paired arms have complete FULL logs
[2026-07-01T01:34:39-0700] all GitLab paired arms have complete FULL logs
[2026-07-01T01:35:39-0700] all GitLab paired arms have complete FULL logs
[2026-07-01T01:36:39-0700] all GitLab paired arms have complete FULL logs
[2026-07-01T01:37:39-0700] all GitLab paired arms have complete FULL logs
[2026-07-01T01:38:39-0700] all GitLab paired arms have complete FULL logs
[2026-07-01T01:39:40-0700] all GitLab paired arms have complete FULL logs
[2026-07-01T01:40:40-0700] all GitLab paired arms have complete FULL logs
[2026-07-01T01:41:40-0700] all GitLab paired arms have complete FULL logs
[2026-07-01T01:42:40-0700] all GitLab paired arms have complete FULL logs
[2026-07-01T01:43:40-0700] all GitLab paired arms have complete FULL logs
[2026-07-01T01:44:40-0700] all GitLab paired arms have complete FULL logs
[2026-07-01T01:45:41-0700] all GitLab paired arms have complete FULL logs
[2026-07-01T01:46:41-0700] all GitLab paired arms have complete FULL logs
[2026-07-01T01:47:41-0700] all GitLab paired arms have complete FULL logs
[2026-07-01T01:48:41-0700] all GitLab paired arms have complete FULL logs
[2026-07-01T01:49:41-0700] all GitLab paired arms have complete FULL logs
[2026-07-01T01:50:41-0700] all GitLab paired arms have complete FULL logs
[2026-07-01T01:51:41-0700] all GitLab paired arms have complete FULL logs
[2026-07-01T01:52:42-0700] all GitLab paired arms have complete FULL logs
[2026-07-01T01:53:42-0700] all GitLab paired arms have complete FULL logs
[2026-07-01T01:54:42-0700] all GitLab paired arms have complete FULL logs
[2026-07-01T01:55:42-0700] all GitLab paired arms have complete FULL logs
[2026-07-01T01:56:42-0700] all GitLab paired arms have complete FULL logs
[2026-07-01T01:57:42-0700] all GitLab paired arms have complete FULL logs
[2026-07-01T01:58:43-0700] all GitLab paired arms have complete FULL logs
[2026-07-01T01:59:43-0700] all GitLab paired arms have complete FULL logs
[2026-07-01T02:00:43-0700] all GitLab paired arms have complete FULL logs
[2026-07-01T02:01:43-0700] all GitLab paired arms have complete FULL logs
[2026-07-01T02:02:43-0700] all GitLab paired arms have complete FULL logs
[2026-07-01T02:03:43-0700] all GitLab paired arms have complete FULL logs
[2026-07-01T02:04:43-0700] all GitLab paired arms have complete FULL logs
[2026-07-01T02:05:44-0700] all GitLab paired arms have complete FULL logs
[2026-07-01T02:06:44-0700] all GitLab paired arms have complete FULL logs
[2026-07-01T02:07:44-0700] all GitLab paired arms have complete FULL logs
[2026-07-01T02:08:44-0700] all GitLab paired arms have complete FULL logs
[2026-07-01T02:09:44-0700] all GitLab paired arms have complete FULL logs
[2026-07-01T02:10:44-0700] all GitLab paired arms have complete FULL logs
[2026-07-01T02:11:44-0700] all GitLab paired arms have complete FULL logs
[2026-07-01T02:12:45-0700] all GitLab paired arms have complete FULL logs
[2026-07-01T02:13:45-0700] all GitLab paired arms have complete FULL logs
[2026-07-01T02:14:45-0700] all GitLab paired arms have complete FULL logs
[2026-07-01T02:15:45-0700] all GitLab paired arms have complete FULL logs
[2026-07-01T02:16:45-0700] all GitLab paired arms have complete FULL logs
[2026-07-01T02:17:45-0700] all GitLab paired arms have complete FULL logs
[2026-07-01T02:18:46-0700] all GitLab paired arms have complete FULL logs
[2026-07-01T02:19:46-0700] all GitLab paired arms have complete FULL logs
[2026-07-01T02:20:46-0700] all GitLab paired arms have complete FULL logs
[2026-07-01T02:21:46-0700] all GitLab paired arms have complete FULL logs
[2026-07-01T02:22:46-0700] all GitLab paired arms have complete FULL logs
[2026-07-01T02:23:46-0700] all GitLab paired arms have complete FULL logs
[2026-07-01T02:24:46-0700] all GitLab paired arms have complete FULL logs
[2026-07-01T02:25:47-0700] all GitLab paired arms have complete FULL logs
[2026-07-01T02:26:47-0700] all GitLab paired arms have complete FULL logs
[2026-07-01T02:27:47-0700] all GitLab paired arms have complete FULL logs
[2026-07-01T02:28:47-0700] all GitLab paired arms have complete FULL logs
[2026-07-01T02:29:47-0700] all GitLab paired arms have complete FULL logs
[2026-07-01T02:30:47-0700] all GitLab paired arms have complete FULL logs
[2026-07-01T02:31:48-0700] all GitLab paired arms have complete FULL logs
[2026-07-01T02:32:48-0700] all GitLab paired arms have complete FULL logs
[2026-07-01T02:33:48-0700] all GitLab paired arms have complete FULL logs
[2026-07-01T02:34:48-0700] all GitLab paired arms have complete FULL logs
[2026-07-01T02:35:48-0700] all GitLab paired arms have complete FULL logs
[2026-07-01T02:36:48-0700] all GitLab paired arms have complete FULL logs
[2026-07-01T02:37:48-0700] all GitLab paired arms have complete FULL logs
[2026-07-01T02:38:49-0700] all GitLab paired arms have complete FULL logs
[2026-07-01T02:39:49-0700] all GitLab paired arms have complete FULL logs
[2026-07-01T02:40:49-0700] all GitLab paired arms have complete FULL logs
[2026-07-01T02:41:49-0700] all GitLab paired arms have complete FULL logs
[2026-07-01T02:42:49-0700] all GitLab paired arms have complete FULL logs
[2026-07-01T02:43:49-0700] all GitLab paired arms have complete FULL logs
[2026-07-01T02:44:49-0700] all GitLab paired arms have complete FULL logs
[2026-07-01T02:45:50-0700] all GitLab paired arms have complete FULL logs
[2026-07-01T02:46:50-0700] all GitLab paired arms have complete FULL logs
[2026-07-01T02:47:50-0700] all GitLab paired arms have complete FULL logs
[2026-07-01T02:48:50-0700] all GitLab paired arms have complete FULL logs
[2026-07-01T02:49:50-0700] all GitLab paired arms have complete FULL logs
[2026-07-01T02:50:50-0700] all GitLab paired arms have complete FULL logs
[2026-07-01T02:51:51-0700] all GitLab paired arms have complete FULL logs
[2026-07-01T02:52:51-0700] all GitLab paired arms have complete FULL logs
[2026-07-01T02:53:51-0700] all GitLab paired arms have complete FULL logs
[2026-07-01T02:54:51-0700] all GitLab paired arms have complete FULL logs
[2026-07-01T02:55:51-0700] all GitLab paired arms have complete FULL logs
[2026-07-01T02:56:51-0700] all GitLab paired arms have complete FULL logs
[2026-07-01T02:57:51-0700] all GitLab paired arms have complete FULL logs
[2026-07-01T02:58:52-0700] all GitLab paired arms have complete FULL logs
[2026-07-01T02:59:52-0700] all GitLab paired arms have complete FULL logs
[2026-07-01T03:00:52-0700] all GitLab paired arms have complete FULL logs
[2026-07-01T03:01:52-0700] all GitLab paired arms have complete FULL logs
[2026-07-01T03:02:52-0700] all GitLab paired arms have complete FULL logs
[2026-07-01T03:03:52-0700] all GitLab paired arms have complete FULL logs
[2026-07-01T03:04:53-0700] all GitLab paired arms have complete FULL logs
[2026-07-01T03:05:53-0700] all GitLab paired arms have complete FULL logs
[2026-07-01T03:06:53-0700] all GitLab paired arms have complete FULL logs
[2026-07-01T03:07:53-0700] all GitLab paired arms have complete FULL logs
[2026-07-01T03:08:53-0700] all GitLab paired arms have complete FULL logs
[2026-07-01T03:09:53-0700] all GitLab paired arms have complete FULL logs
[2026-07-01T03:10:53-0700] all GitLab paired arms have complete FULL logs
[2026-07-01T03:11:54-0700] all GitLab paired arms have complete FULL logs
[2026-07-01T03:12:54-0700] all GitLab paired arms have complete FULL logs
[2026-07-01T03:13:54-0700] all GitLab paired arms have complete FULL logs
[2026-07-01T03:14:54-0700] all GitLab paired arms have complete FULL logs
[2026-07-01T03:15:54-0700] all GitLab paired arms have complete FULL logs
[2026-07-01T03:16:54-0700] all GitLab paired arms have complete FULL logs
[2026-07-01T03:17:54-0700] all GitLab paired arms have complete FULL logs
[2026-07-01T03:18:55-0700] all GitLab paired arms have complete FULL logs
[2026-07-01T03:19:55-0700] all GitLab paired arms have complete FULL logs
[2026-07-01T03:20:55-0700] all GitLab paired arms have complete FULL logs
[2026-07-01T03:21:55-0700] all GitLab paired arms have complete FULL logs
[2026-07-01T03:22:55-0700] all GitLab paired arms have complete FULL logs
[2026-07-01T03:23:55-0700] all GitLab paired arms have complete FULL logs
[2026-07-01T03:24:56-0700] all GitLab paired arms have complete FULL logs
[2026-07-01T03:25:56-0700] all GitLab paired arms have complete FULL logs
[2026-07-01T03:26:56-0700] all GitLab paired arms have complete FULL logs
[2026-07-01T03:27:56-0700] all GitLab paired arms have complete FULL logs
[2026-07-01T03:28:56-0700] all GitLab paired arms have complete FULL logs
[2026-07-01T03:29:56-0700] all GitLab paired arms have complete FULL logs
[2026-07-01T03:30:56-0700] all GitLab paired arms have complete FULL logs
[2026-07-01T03:31:57-0700] all GitLab paired arms have complete FULL logs
[2026-07-01T03:32:57-0700] all GitLab paired arms have complete FULL logs
[2026-07-01T03:33:57-0700] all GitLab paired arms have complete FULL logs
[2026-07-01T03:34:57-0700] all GitLab paired arms have complete FULL logs
[2026-07-01T03:35:57-0700] all GitLab paired arms have complete FULL logs
[2026-07-01T03:36:57-0700] all GitLab paired arms have complete FULL logs
[2026-07-01T03:37:58-0700] all GitLab paired arms have complete FULL logs
[2026-07-01T03:38:58-0700] all GitLab paired arms have complete FULL logs
[2026-07-01T03:39:58-0700] all GitLab paired arms have complete FULL logs
[2026-07-01T03:40:58-0700] all GitLab paired arms have complete FULL logs
[2026-07-01T03:41:58-0700] all GitLab paired arms have complete FULL logs
[2026-07-01T03:42:58-0700] all GitLab paired arms have complete FULL logs
[2026-07-01T03:43:58-0700] all GitLab paired arms have complete FULL logs
[2026-07-01T03:44:59-0700] all GitLab paired arms have complete FULL logs
[2026-07-01T03:45:59-0700] all GitLab paired arms have complete FULL logs
[2026-07-01T03:46:59-0700] all GitLab paired arms have complete FULL logs
[2026-07-01T03:47:59-0700] all GitLab paired arms have complete FULL logs
[2026-07-01T03:48:59-0700] all GitLab paired arms have complete FULL logs
[2026-07-01T03:49:59-0700] all GitLab paired arms have complete FULL logs
[2026-07-01T03:51:00-0700] all GitLab paired arms have complete FULL logs
[2026-07-01T03:52:00-0700] all GitLab paired arms have complete FULL logs
[2026-07-01T03:53:00-0700] all GitLab paired arms have complete FULL logs
[2026-07-01T03:54:00-0700] all GitLab paired arms have complete FULL logs
[2026-07-01T03:55:00-0700] all GitLab paired arms have complete FULL logs
[2026-07-01T03:56:00-0700] all GitLab paired arms have complete FULL logs
[2026-07-01T03:57:00-0700] all GitLab paired arms have complete FULL logs
[2026-07-01T03:58:01-0700] all GitLab paired arms have complete FULL logs
[2026-07-01T03:59:01-0700] all GitLab paired arms have complete FULL logs
[2026-07-01T04:00:01-0700] all GitLab paired arms have complete FULL logs
[2026-07-01T04:01:01-0700] all GitLab paired arms have complete FULL logs
[2026-07-01T04:02:01-0700] all GitLab paired arms have complete FULL logs
[2026-07-01T04:03:01-0700] all GitLab paired arms have complete FULL logs
[2026-07-01T04:04:02-0700] all GitLab paired arms have complete FULL logs
[2026-07-01T04:05:02-0700] all GitLab paired arms have complete FULL logs
[2026-07-01T04:06:02-0700] all GitLab paired arms have complete FULL logs
[2026-07-01T04:07:02-0700] all GitLab paired arms have complete FULL logs
[2026-07-01T04:08:02-0700] all GitLab paired arms have complete FULL logs
[2026-07-01T04:09:02-0700] all GitLab paired arms have complete FULL logs
[2026-07-01T04:10:02-0700] all GitLab paired arms have complete FULL logs
[2026-07-01T04:11:03-0700] all GitLab paired arms have complete FULL logs
[2026-07-01T04:12:03-0700] all GitLab paired arms have complete FULL logs
[2026-07-01T04:13:03-0700] all GitLab paired arms have complete FULL logs
[2026-07-01T04:14:03-0700] all GitLab paired arms have complete FULL logs
[2026-07-01T04:15:03-0700] all GitLab paired arms have complete FULL logs
[2026-07-01T04:16:03-0700] all GitLab paired arms have complete FULL logs
[2026-07-01T04:17:04-0700] all GitLab paired arms have complete FULL logs
[2026-07-01T04:18:04-0700] all GitLab paired arms have complete FULL logs
[2026-07-01T04:19:04-0700] all GitLab paired arms have complete FULL logs
[2026-07-01T04:20:04-0700] all GitLab paired arms have complete FULL logs
[2026-07-01T04:21:04-0700] all GitLab paired arms have complete FULL logs
[2026-07-01T04:22:04-0700] all GitLab paired arms have complete FULL logs
[2026-07-01T04:23:04-0700] all GitLab paired arms have complete FULL logs
[2026-07-01T04:24:05-0700] all GitLab paired arms have complete FULL logs
[2026-07-01T04:25:05-0700] all GitLab paired arms have complete FULL logs
[2026-07-01T04:26:05-0700] all GitLab paired arms have complete FULL logs
[2026-07-01T04:27:05-0700] all GitLab paired arms have complete FULL logs
[2026-07-01T04:28:05-0700] all GitLab paired arms have complete FULL logs
[2026-07-01T04:29:05-0700] all GitLab paired arms have complete FULL logs
[2026-07-01T04:30:06-0700] all GitLab paired arms have complete FULL logs
[2026-07-01T04:31:06-0700] all GitLab paired arms have complete FULL logs
[2026-07-01T04:32:06-0700] all GitLab paired arms have complete FULL logs
[2026-07-01T04:33:06-0700] all GitLab paired arms have complete FULL logs
[2026-07-01T04:34:06-0700] all GitLab paired arms have complete FULL logs
[2026-07-01T04:35:06-0700] all GitLab paired arms have complete FULL logs
[2026-07-01T04:36:06-0700] all GitLab paired arms have complete FULL logs
[2026-07-01T04:37:07-0700] all GitLab paired arms have complete FULL logs
[2026-07-01T04:38:07-0700] all GitLab paired arms have complete FULL logs
[2026-07-01T04:39:07-0700] all GitLab paired arms have complete FULL logs
[2026-07-01T04:40:07-0700] all GitLab paired arms have complete FULL logs
[2026-07-01T04:41:07-0700] all GitLab paired arms have complete FULL logs
[2026-07-01T04:42:07-0700] all GitLab paired arms have complete FULL logs
[2026-07-01T04:43:08-0700] all GitLab paired arms have complete FULL logs
[2026-07-01T04:44:08-0700] all GitLab paired arms have complete FULL logs
[2026-07-01T04:45:08-0700] all GitLab paired arms have complete FULL logs
[2026-07-01T04:46:08-0700] all GitLab paired arms have complete FULL logs
[2026-07-01T04:47:08-0700] all GitLab paired arms have complete FULL logs
[2026-07-01T04:48:08-0700] all GitLab paired arms have complete FULL logs
[2026-07-01T04:49:08-0700] all GitLab paired arms have complete FULL logs
[2026-07-01T04:50:09-0700] all GitLab paired arms have complete FULL logs
[2026-07-01T04:51:09-0700] all GitLab paired arms have complete FULL logs
[2026-07-01T04:52:09-0700] all GitLab paired arms have complete FULL logs
[2026-07-01T04:53:09-0700] all GitLab paired arms have complete FULL logs
[2026-07-01T04:54:09-0700] all GitLab paired arms have complete FULL logs
[2026-07-01T04:55:09-0700] all GitLab paired arms have complete FULL logs
[2026-07-01T04:56:09-0700] all GitLab paired arms have complete FULL logs
[2026-07-01T04:57:10-0700] all GitLab paired arms have complete FULL logs
[2026-07-01T04:58:10-0700] all GitLab paired arms have complete FULL logs
[2026-07-01T04:59:10-0700] all GitLab paired arms have complete FULL logs
[2026-07-01T05:00:10-0700] all GitLab paired arms have complete FULL logs
[2026-07-01T05:01:10-0700] all GitLab paired arms have complete FULL logs
[2026-07-01T05:02:10-0700] all GitLab paired arms have complete FULL logs
[2026-07-01T05:03:11-0700] all GitLab paired arms have complete FULL logs
[2026-07-01T05:04:11-0700] all GitLab paired arms have complete FULL logs
[2026-07-01T05:05:11-0700] all GitLab paired arms have complete FULL logs
[2026-07-01T05:06:11-0700] all GitLab paired arms have complete FULL logs
[2026-07-01T05:07:11-0700] all GitLab paired arms have complete FULL logs
[2026-07-01T05:08:11-0700] all GitLab paired arms have complete FULL logs
[2026-07-01T05:09:11-0700] all GitLab paired arms have complete FULL logs
[2026-07-01T05:10:12-0700] all GitLab paired arms have complete FULL logs
[2026-07-01T05:11:12-0700] all GitLab paired arms have complete FULL logs
[2026-07-01T05:12:12-0700] all GitLab paired arms have complete FULL logs
[2026-07-01T05:13:12-0700] all GitLab paired arms have complete FULL logs
[2026-07-01T05:14:12-0700] all GitLab paired arms have complete FULL logs
[2026-07-01T05:15:12-0700] all GitLab paired arms have complete FULL logs
[2026-07-01T05:16:13-0700] all GitLab paired arms have complete FULL logs
[2026-07-01T05:17:13-0700] all GitLab paired arms have complete FULL logs
[2026-07-01T05:18:13-0700] all GitLab paired arms have complete FULL logs
[2026-07-01T05:19:13-0700] all GitLab paired arms have complete FULL logs
[2026-07-01T05:20:13-0700] all GitLab paired arms have complete FULL logs
[2026-07-01T05:21:13-0700] all GitLab paired arms have complete FULL logs
[2026-07-01T05:22:13-0700] all GitLab paired arms have complete FULL logs
[2026-07-01T05:23:14-0700] all GitLab paired arms have complete FULL logs
[2026-07-01T05:24:14-0700] all GitLab paired arms have complete FULL logs
[2026-07-01T05:25:14-0700] all GitLab paired arms have complete FULL logs
[2026-07-01T05:26:14-0700] all GitLab paired arms have complete FULL logs
[2026-07-01T05:27:14-0700] all GitLab paired arms have complete FULL logs
[2026-07-01T05:28:14-0700] all GitLab paired arms have complete FULL logs
[2026-07-01T05:29:15-0700] all GitLab paired arms have complete FULL logs
[2026-07-01T05:30:15-0700] all GitLab paired arms have complete FULL logs
[2026-07-01T05:31:15-0700] all GitLab paired arms have complete FULL logs
[2026-07-01T05:32:15-0700] all GitLab paired arms have complete FULL logs
[2026-07-01T05:33:15-0700] all GitLab paired arms have complete FULL logs
[2026-07-01T05:34:15-0700] all GitLab paired arms have complete FULL logs
[2026-07-01T05:35:15-0700] all GitLab paired arms have complete FULL logs
[2026-07-01T05:36:16-0700] all GitLab paired arms have complete FULL logs
[2026-07-01T05:37:16-0700] all GitLab paired arms have complete FULL logs
[2026-07-01T05:38:16-0700] all GitLab paired arms have complete FULL logs
[2026-07-01T05:39:16-0700] all GitLab paired arms have complete FULL logs
[2026-07-01T05:40:16-0700] all GitLab paired arms have complete FULL logs
[2026-07-01T05:41:16-0700] all GitLab paired arms have complete FULL logs
[2026-07-01T05:42:17-0700] all GitLab paired arms have complete FULL logs
[2026-07-01T05:43:17-0700] all GitLab paired arms have complete FULL logs
[2026-07-01T05:44:17-0700] all GitLab paired arms have complete FULL logs
[2026-07-01T05:45:17-0700] all GitLab paired arms have complete FULL logs
[2026-07-01T05:46:17-0700] all GitLab paired arms have complete FULL logs
[2026-07-01T05:47:17-0700] all GitLab paired arms have complete FULL logs
[2026-07-01T05:48:17-0700] all GitLab paired arms have complete FULL logs
[2026-07-01T05:49:18-0700] all GitLab paired arms have complete FULL logs
[2026-07-01T05:50:18-0700] all GitLab paired arms have complete FULL logs
[2026-07-01T05:51:18-0700] all GitLab paired arms have complete FULL logs
[2026-07-01T05:52:18-0700] all GitLab paired arms have complete FULL logs
[2026-07-01T05:53:18-0700] all GitLab paired arms have complete FULL logs
[2026-07-01T05:54:18-0700] all GitLab paired arms have complete FULL logs
[2026-07-01T05:55:18-0700] all GitLab paired arms have complete FULL logs
[2026-07-01T05:56:19-0700] all GitLab paired arms have complete FULL logs
[2026-07-01T05:57:19-0700] all GitLab paired arms have complete FULL logs
[2026-07-01T05:58:19-0700] all GitLab paired arms have complete FULL logs
[2026-07-01T05:59:19-0700] all GitLab paired arms have complete FULL logs
[2026-07-01T06:00:19-0700] all GitLab paired arms have complete FULL logs
[2026-07-01T06:01:19-0700] all GitLab paired arms have complete FULL logs
[2026-07-01T06:02:20-0700] all GitLab paired arms have complete FULL logs
[2026-07-01T06:03:20-0700] all GitLab paired arms have complete FULL logs
[2026-07-01T06:04:20-0700] all GitLab paired arms have complete FULL logs
[2026-07-01T06:05:20-0700] all GitLab paired arms have complete FULL logs
[2026-07-01T06:06:20-0700] all GitLab paired arms have complete FULL logs
[2026-07-01T06:07:20-0700] all GitLab paired arms have complete FULL logs
[2026-07-01T06:08:20-0700] all GitLab paired arms have complete FULL logs
[2026-07-01T06:09:21-0700] all GitLab paired arms have complete FULL logs
[2026-07-01T06:10:21-0700] all GitLab paired arms have complete FULL logs
[2026-07-01T06:11:21-0700] all GitLab paired arms have complete FULL logs
[2026-07-01T06:12:21-0700] all GitLab paired arms have complete FULL logs
[2026-07-01T06:13:21-0700] all GitLab paired arms have complete FULL logs
[2026-07-01T06:14:21-0700] all GitLab paired arms have complete FULL logs
[2026-07-01T06:15:21-0700] all GitLab paired arms have complete FULL logs
[2026-07-01T06:16:22-0700] all GitLab paired arms have complete FULL logs
[2026-07-01T06:17:22-0700] all GitLab paired arms have complete FULL logs
[2026-07-01T06:18:22-0700] all GitLab paired arms have complete FULL logs
[2026-07-01T06:19:22-0700] all GitLab paired arms have complete FULL logs
[2026-07-01T06:20:22-0700] all GitLab paired arms have complete FULL logs
[2026-07-01T06:21:22-0700] all GitLab paired arms have complete FULL logs
[2026-07-01T06:22:23-0700] all GitLab paired arms have complete FULL logs
[2026-07-01T06:23:23-0700] all GitLab paired arms have complete FULL logs
[2026-07-01T06:24:23-0700] all GitLab paired arms have complete FULL logs
[2026-07-01T06:25:23-0700] all GitLab paired arms have complete FULL logs
[2026-07-01T06:26:23-0700] all GitLab paired arms have complete FULL logs
[2026-07-01T06:27:23-0700] all GitLab paired arms have complete FULL logs
[2026-07-01T06:28:23-0700] all GitLab paired arms have complete FULL logs
[2026-07-01T06:29:24-0700] all GitLab paired arms have complete FULL logs
[2026-07-01T06:30:24-0700] all GitLab paired arms have complete FULL logs
[2026-07-01T06:31:24-0700] all GitLab paired arms have complete FULL logs
[2026-07-01T06:32:24-0700] all GitLab paired arms have complete FULL logs
[2026-07-01T06:33:24-0700] all GitLab paired arms have complete FULL logs
[2026-07-01T06:34:24-0700] all GitLab paired arms have complete FULL logs
[2026-07-01T06:35:25-0700] all GitLab paired arms have complete FULL logs
[2026-07-01T06:36:25-0700] all GitLab paired arms have complete FULL logs
[2026-07-01T06:37:25-0700] all GitLab paired arms have complete FULL logs
[2026-07-01T06:38:25-0700] all GitLab paired arms have complete FULL logs
[2026-07-01T06:39:25-0700] all GitLab paired arms have complete FULL logs
[2026-07-01T06:40:25-0700] all GitLab paired arms have complete FULL logs
[2026-07-01T06:41:25-0700] all GitLab paired arms have complete FULL logs
[2026-07-01T06:42:26-0700] all GitLab paired arms have complete FULL logs
[2026-07-01T06:43:26-0700] all GitLab paired arms have complete FULL logs
[2026-07-01T06:44:26-0700] all GitLab paired arms have complete FULL logs
[2026-07-01T06:45:26-0700] all GitLab paired arms have complete FULL logs
[2026-07-01T06:46:26-0700] all GitLab paired arms have complete FULL logs
[2026-07-01T06:47:26-0700] all GitLab paired arms have complete FULL logs
[2026-07-01T06:48:27-0700] all GitLab paired arms have complete FULL logs
[2026-07-01T06:49:27-0700] all GitLab paired arms have complete FULL logs
[2026-07-01T06:50:27-0700] all GitLab paired arms have complete FULL logs
[2026-07-01T06:51:27-0700] all GitLab paired arms have complete FULL logs
[2026-07-01T06:52:27-0700] all GitLab paired arms have complete FULL logs
[2026-07-01T06:53:27-0700] all GitLab paired arms have complete FULL logs
[2026-07-01T06:54:27-0700] all GitLab paired arms have complete FULL logs
[2026-07-01T06:55:28-0700] all GitLab paired arms have complete FULL logs
[2026-07-01T06:56:28-0700] all GitLab paired arms have complete FULL logs
[2026-07-01T06:57:28-0700] all GitLab paired arms have complete FULL logs
[2026-07-01T06:58:28-0700] all GitLab paired arms have complete FULL logs
[2026-07-01T06:59:28-0700] all GitLab paired arms have complete FULL logs
[2026-07-01T07:00:28-0700] all GitLab paired arms have complete FULL logs
[2026-07-01T07:01:28-0700] all GitLab paired arms have complete FULL logs
[2026-07-01T07:02:29-0700] all GitLab paired arms have complete FULL logs
[2026-07-01T07:03:29-0700] all GitLab paired arms have complete FULL logs
[2026-07-01T07:04:29-0700] all GitLab paired arms have complete FULL logs
[2026-07-01T07:05:29-0700] all GitLab paired arms have complete FULL logs
[2026-07-01T07:06:29-0700] all GitLab paired arms have complete FULL logs
[2026-07-01T07:07:29-0700] all GitLab paired arms have complete FULL logs
[2026-07-01T07:08:30-0700] all GitLab paired arms have complete FULL logs
[2026-07-01T07:09:30-0700] all GitLab paired arms have complete FULL logs
[2026-07-01T07:10:30-0700] all GitLab paired arms have complete FULL logs
[2026-07-01T07:11:30-0700] all GitLab paired arms have complete FULL logs
[2026-07-01T07:12:30-0700] all GitLab paired arms have complete FULL logs
[2026-07-01T07:13:30-0700] all GitLab paired arms have complete FULL logs
[2026-07-01T07:14:30-0700] all GitLab paired arms have complete FULL logs
[2026-07-01T07:15:31-0700] all GitLab paired arms have complete FULL logs
[2026-07-01T07:16:31-0700] all GitLab paired arms have complete FULL logs
[2026-07-01T07:17:31-0700] all GitLab paired arms have complete FULL logs
[2026-07-01T07:18:31-0700] all GitLab paired arms have complete FULL logs
[2026-07-01T07:19:31-0700] all GitLab paired arms have complete FULL logs
[2026-07-01T07:20:31-0700] all GitLab paired arms have complete FULL logs
[2026-07-01T07:21:32-0700] all GitLab paired arms have complete FULL logs
[2026-07-01T07:22:32-0700] all GitLab paired arms have complete FULL logs
[2026-07-01T07:23:32-0700] all GitLab paired arms have complete FULL logs
[2026-07-01T07:24:32-0700] all GitLab paired arms have complete FULL logs
[2026-07-01T07:25:32-0700] all GitLab paired arms have complete FULL logs
[2026-07-01T07:26:32-0700] all GitLab paired arms have complete FULL logs
[2026-07-01T07:27:32-0700] all GitLab paired arms have complete FULL logs
[2026-07-01T07:28:33-0700] all GitLab paired arms have complete FULL logs
[2026-07-01T07:29:33-0700] all GitLab paired arms have complete FULL logs
[2026-07-01T07:30:33-0700] all GitLab paired arms have complete FULL logs
[2026-07-01T07:31:33-0700] all GitLab paired arms have complete FULL logs
[2026-07-01T07:32:33-0700] all GitLab paired arms have complete FULL logs
[2026-07-01T07:33:33-0700] all GitLab paired arms have complete FULL logs
[2026-07-01T07:34:34-0700] all GitLab paired arms have complete FULL logs
[2026-07-01T07:35:34-0700] all GitLab paired arms have complete FULL logs
[2026-07-01T07:36:34-0700] all GitLab paired arms have complete FULL logs
[2026-07-01T07:37:34-0700] all GitLab paired arms have complete FULL logs
[2026-07-01T07:38:34-0700] all GitLab paired arms have complete FULL logs
[2026-07-01T07:39:34-0700] all GitLab paired arms have complete FULL logs
[2026-07-01T07:40:34-0700] all GitLab paired arms have complete FULL logs
[2026-07-01T07:41:35-0700] all GitLab paired arms have complete FULL logs
[2026-07-01T07:42:35-0700] all GitLab paired arms have complete FULL logs
[2026-07-01T07:43:35-0700] all GitLab paired arms have complete FULL logs
[2026-07-01T07:44:35-0700] all GitLab paired arms have complete FULL logs
[2026-07-01T07:45:35-0700] all GitLab paired arms have complete FULL logs
[2026-07-01T07:46:35-0700] all GitLab paired arms have complete FULL logs
[2026-07-01T07:47:36-0700] all GitLab paired arms have complete FULL logs
[2026-07-01T07:48:36-0700] all GitLab paired arms have complete FULL logs
[2026-07-01T07:49:36-0700] all GitLab paired arms have complete FULL logs
[2026-07-01T07:50:36-0700] all GitLab paired arms have complete FULL logs
[2026-07-01T07:51:36-0700] all GitLab paired arms have complete FULL logs
[2026-07-01T07:52:36-0700] all GitLab paired arms have complete FULL logs
[2026-07-01T07:53:36-0700] all GitLab paired arms have complete FULL logs
[2026-07-01T07:54:37-0700] all GitLab paired arms have complete FULL logs
[2026-07-01T07:55:37-0700] all GitLab paired arms have complete FULL logs
[2026-07-01T07:56:37-0700] all GitLab paired arms have complete FULL logs
[2026-07-01T07:57:37-0700] all GitLab paired arms have complete FULL logs
[2026-07-01T07:58:37-0700] all GitLab paired arms have complete FULL logs
[2026-07-01T07:59:37-0700] all GitLab paired arms have complete FULL logs
[2026-07-01T08:00:38-0700] all GitLab paired arms have complete FULL logs
[2026-07-01T08:01:38-0700] all GitLab paired arms have complete FULL logs
[2026-07-01T08:02:38-0700] all GitLab paired arms have complete FULL logs
[2026-07-01T08:03:38-0700] all GitLab paired arms have complete FULL logs
[2026-07-01T08:04:38-0700] all GitLab paired arms have complete FULL logs
[2026-07-01T08:05:38-0700] all GitLab paired arms have complete FULL logs
[2026-07-01T08:06:38-0700] all GitLab paired arms have complete FULL logs
[2026-07-01T08:07:39-0700] all GitLab paired arms have complete FULL logs
[2026-07-01T08:08:39-0700] all GitLab paired arms have complete FULL logs
[2026-07-01T08:09:39-0700] all GitLab paired arms have complete FULL logs
[2026-07-01T08:10:39-0700] all GitLab paired arms have complete FULL logs
[2026-07-01T08:11:39-0700] all GitLab paired arms have complete FULL logs
[2026-07-01T08:12:39-0700] all GitLab paired arms have complete FULL logs
[2026-07-01T08:13:39-0700] all GitLab paired arms have complete FULL logs
[2026-07-01T08:14:40-0700] all GitLab paired arms have complete FULL logs
[2026-07-01T08:15:40-0700] all GitLab paired arms have complete FULL logs
[2026-07-01T08:16:40-0700] all GitLab paired arms have complete FULL logs
[2026-07-01T08:17:40-0700] all GitLab paired arms have complete FULL logs
[2026-07-01T08:18:40-0700] all GitLab paired arms have complete FULL logs
[2026-07-01T08:19:40-0700] all GitLab paired arms have complete FULL logs
[2026-07-01T08:20:41-0700] all GitLab paired arms have complete FULL logs
[2026-07-01T08:21:41-0700] all GitLab paired arms have complete FULL logs
[2026-07-01T08:22:41-0700] all GitLab paired arms have complete FULL logs
[2026-07-01T08:23:41-0700] all GitLab paired arms have complete FULL logs
[2026-07-01T08:24:41-0700] all GitLab paired arms have complete FULL logs
[2026-07-01T08:25:41-0700] all GitLab paired arms have complete FULL logs
[2026-07-01T08:26:41-0700] all GitLab paired arms have complete FULL logs
[2026-07-01T08:27:42-0700] all GitLab paired arms have complete FULL logs
[2026-07-01T08:28:42-0700] all GitLab paired arms have complete FULL logs
[2026-07-01T08:29:42-0700] all GitLab paired arms have complete FULL logs
[2026-07-01T08:30:42-0700] all GitLab paired arms have complete FULL logs
[2026-07-01T08:31:42-0700] all GitLab paired arms have complete FULL logs
[2026-07-01T08:32:42-0700] all GitLab paired arms have complete FULL logs
[2026-07-01T08:33:43-0700] all GitLab paired arms have complete FULL logs
[2026-07-01T08:34:43-0700] all GitLab paired arms have complete FULL logs
[2026-07-01T08:35:43-0700] all GitLab paired arms have complete FULL logs
[2026-07-01T08:36:43-0700] all GitLab paired arms have complete FULL logs
[2026-07-01T08:37:43-0700] all GitLab paired arms have complete FULL logs
[2026-07-01T08:38:43-0700] all GitLab paired arms have complete FULL logs
[2026-07-01T08:39:43-0700] all GitLab paired arms have complete FULL logs
[2026-07-01T08:40:44-0700] all GitLab paired arms have complete FULL logs
[2026-07-01T08:41:44-0700] all GitLab paired arms have complete FULL logs
[2026-07-01T08:42:44-0700] all GitLab paired arms have complete FULL logs
[2026-07-01T08:43:44-0700] all GitLab paired arms have complete FULL logs
[2026-07-01T08:44:44-0700] all GitLab paired arms have complete FULL logs
[2026-07-01T08:45:44-0700] all GitLab paired arms have complete FULL logs
[2026-07-01T08:46:45-0700] all GitLab paired arms have complete FULL logs
[2026-07-01T08:47:45-0700] all GitLab paired arms have complete FULL logs
[2026-07-01T08:48:45-0700] all GitLab paired arms have complete FULL logs
[2026-07-01T08:49:45-0700] all GitLab paired arms have complete FULL logs
[2026-07-01T08:50:45-0700] all GitLab paired arms have complete FULL logs
[2026-07-01T08:51:45-0700] all GitLab paired arms have complete FULL logs
[2026-07-01T08:52:45-0700] all GitLab paired arms have complete FULL logs
[2026-07-01T08:53:46-0700] all GitLab paired arms have complete FULL logs
[2026-07-01T08:54:46-0700] all GitLab paired arms have complete FULL logs
[2026-07-01T08:55:46-0700] all GitLab paired arms have complete FULL logs
[2026-07-01T08:56:46-0700] all GitLab paired arms have complete FULL logs
[2026-07-01T08:57:46-0700] all GitLab paired arms have complete FULL logs
[2026-07-01T08:58:46-0700] all GitLab paired arms have complete FULL logs
[2026-07-01T08:59:46-0700] all GitLab paired arms have complete FULL logs
[2026-07-01T09:00:47-0700] all GitLab paired arms have complete FULL logs
[2026-07-01T09:01:47-0700] all GitLab paired arms have complete FULL logs
[2026-07-01T09:02:47-0700] all GitLab paired arms have complete FULL logs
[2026-07-01T09:03:47-0700] all GitLab paired arms have complete FULL logs
[2026-07-01T09:04:47-0700] all GitLab paired arms have complete FULL logs
[2026-07-01T09:05:47-0700] all GitLab paired arms have complete FULL logs
[2026-07-01T09:06:48-0700] all GitLab paired arms have complete FULL logs
[2026-07-01T09:07:48-0700] all GitLab paired arms have complete FULL logs
[2026-07-01T09:08:48-0700] all GitLab paired arms have complete FULL logs
[2026-07-01T09:09:48-0700] all GitLab paired arms have complete FULL logs
[2026-07-01T09:10:48-0700] all GitLab paired arms have complete FULL logs
[2026-07-01T09:11:48-0700] all GitLab paired arms have complete FULL logs
[2026-07-01T09:12:48-0700] all GitLab paired arms have complete FULL logs
[2026-07-01T09:13:49-0700] all GitLab paired arms have complete FULL logs
[2026-07-01T09:14:49-0700] all GitLab paired arms have complete FULL logs
[2026-07-01T09:15:49-0700] all GitLab paired arms have complete FULL logs
[2026-07-01T09:16:49-0700] all GitLab paired arms have complete FULL logs
[2026-07-01T09:17:49-0700] all GitLab paired arms have complete FULL logs
[2026-07-01T09:18:49-0700] all GitLab paired arms have complete FULL logs
[2026-07-01T09:19:50-0700] all GitLab paired arms have complete FULL logs
[2026-07-01T09:20:50-0700] all GitLab paired arms have complete FULL logs
[2026-07-01T09:21:50-0700] all GitLab paired arms have complete FULL logs
[2026-07-01T09:22:50-0700] all GitLab paired arms have complete FULL logs
[2026-07-01T09:23:50-0700] all GitLab paired arms have complete FULL logs
[2026-07-01T09:24:50-0700] all GitLab paired arms have complete FULL logs
[2026-07-01T09:25:50-0700] all GitLab paired arms have complete FULL logs
[2026-07-01T09:26:51-0700] all GitLab paired arms have complete FULL logs
[2026-07-01T09:27:51-0700] all GitLab paired arms have complete FULL logs
[2026-07-01T09:28:51-0700] all GitLab paired arms have complete FULL logs
[2026-07-01T09:29:51-0700] all GitLab paired arms have complete FULL logs
[2026-07-01T09:30:51-0700] all GitLab paired arms have complete FULL logs
[2026-07-01T09:31:51-0700] all GitLab paired arms have complete FULL logs
[2026-07-01T09:32:52-0700] all GitLab paired arms have complete FULL logs
[2026-07-01T09:33:52-0700] all GitLab paired arms have complete FULL logs
[2026-07-01T09:34:52-0700] all GitLab paired arms have complete FULL logs
[2026-07-01T09:35:52-0700] all GitLab paired arms have complete FULL logs
[2026-07-01T09:36:52-0700] all GitLab paired arms have complete FULL logs
[2026-07-01T09:37:52-0700] all GitLab paired arms have complete FULL logs
[2026-07-01T09:38:52-0700] all GitLab paired arms have complete FULL logs
[2026-07-01T09:42:42-0700] watchdog starting interval=60s stale=600s
[2026-07-01T09:42:42-0700] stale runner detected age=34276s pids=[28665, 28667, 28672]; terminating and resuming
[2026-07-01T09:42:47-0700] launched paired runner session=gitlab_paired_40_continue
[2026-07-01T09:43:48-0700] runner active pids=[28833, 28834, 28835]; freshness=10s; completed=16/17; current=gitlab_super_operator
[2026-07-01T09:44:48-0700] runner active pids=[28833, 28834, 28835]; freshness=2s; completed=16/17; current=gitlab_super_operator
[2026-07-01T09:45:48-0700] runner active pids=[28833, 28834, 28835]; freshness=3s; completed=16/17; current=gitlab_super_operator
[2026-07-01T09:46:48-0700] runner active pids=[28833, 28834, 28835]; freshness=1s; completed=16/17; current=gitlab_super_operator
[2026-07-01T09:47:48-0700] runner active pids=[28833, 28834, 28835]; freshness=2s; completed=16/17; current=gitlab_super_operator
[2026-07-01T09:48:48-0700] runner active pids=[28833, 28834, 28835]; freshness=2s; completed=16/17; current=gitlab_super_operator
[2026-07-01T09:50:00-0700] watchdog starting interval=60s stale=600s
[2026-07-01T09:50:00-0700] runner active pids=[30527, 30529, 30535]; freshness=0s; completed=16/17; current=top-level
[2026-07-01T09:51:00-0700] runner active pids=[30527, 30529, 30535]; freshness=4s; completed=16/17; current=gitlab_super_operator
[2026-07-01T09:52:00-0700] runner active pids=[30527, 30529, 30535]; freshness=0s; completed=16/17; current=gitlab_super_operator
[2026-07-01T09:53:00-0700] runner active pids=[30527, 30529, 30535]; freshness=2s; completed=16/17; current=gitlab_super_operator
[2026-07-01T09:54:01-0700] runner active pids=[30527, 30529, 30535]; freshness=9s; completed=16/17; current=gitlab_super_operator
[2026-07-01T09:55:01-0700] runner active pids=[30527, 30529, 30535]; freshness=2s; completed=16/17; current=gitlab_super_operator
[2026-07-01T09:56:01-0700] runner active pids=[30527, 30529, 30535]; freshness=0s; completed=16/17; current=gitlab_super_operator
[2026-07-01T09:57:01-0700] runner active pids=[30527, 30529, 30535]; freshness=2s; completed=16/17; current=gitlab_super_operator
[2026-07-01T09:58:01-0700] runner active pids=[30527, 30529, 30535]; freshness=0s; completed=16/17; current=gitlab_super_operator
[2026-07-01T09:59:01-0700] runner active pids=[30527, 30529, 30535]; freshness=4s; completed=16/17; current=gitlab_super_operator
[2026-07-01T10:00:01-0700] runner active pids=[30527, 30529, 30535]; freshness=5s; completed=16/17; current=gitlab_super_operator
[2026-07-01T10:01:01-0700] runner active pids=[30527, 30529, 30535]; freshness=0s; completed=16/17; current=gitlab_super_operator
[2026-07-01T10:02:01-0700] runner active pids=[30527, 30529, 30535]; freshness=3s; completed=16/17; current=gitlab_super_operator
[2026-07-01T10:03:01-0700] runner active pids=[30527, 30529, 30535]; freshness=2s; completed=16/17; current=gitlab_super_operator
[2026-07-01T10:04:02-0700] runner active pids=[30527, 30529, 30535]; freshness=0s; completed=16/17; current=gitlab_super_operator
[2026-07-01T10:05:02-0700] runner active pids=[30527, 30529, 30535]; freshness=1s; completed=16/17; current=gitlab_super_operator
[2026-07-01T10:06:02-0700] runner active pids=[30527, 30529, 30535]; freshness=1s; completed=16/17; current=gitlab_super_operator
[2026-07-01T10:07:02-0700] runner active pids=[30527, 30529, 30535]; freshness=3s; completed=16/17; current=gitlab_super_operator
[2026-07-01T10:08:02-0700] runner active pids=[30527, 30529, 30535]; freshness=0s; completed=16/17; current=gitlab_super_operator
[2026-07-01T10:09:02-0700] runner active pids=[30527, 30529, 30535]; freshness=1s; completed=16/17; current=gitlab_super_operator
[2026-07-01T10:10:02-0700] runner active pids=[30527, 30529, 30535]; freshness=1s; completed=16/17; current=gitlab_super_operator
[2026-07-01T10:11:02-0700] runner active pids=[30527, 30529, 30535]; freshness=7s; completed=16/17; current=gitlab_super_operator
[2026-07-01T10:12:02-0700] runner active pids=[30527, 30529, 30535]; freshness=2s; completed=16/17; current=gitlab_super_operator
[2026-07-01T10:13:02-0700] runner active pids=[30527, 30529, 30535]; freshness=2s; completed=16/17; current=gitlab_super_operator
[2026-07-01T10:14:03-0700] runner active pids=[30527, 30529, 30535]; freshness=0s; completed=16/17; current=gitlab_super_operator
[2026-07-01T10:15:03-0700] runner active pids=[30527, 30529, 30535]; freshness=3s; completed=16/17; current=gitlab_super_operator
[2026-07-01T10:16:03-0700] runner active pids=[30527, 30529, 30535]; freshness=6s; completed=16/17; current=gitlab_super_operator
[2026-07-01T10:17:03-0700] runner active pids=[30527, 30529, 30535]; freshness=2s; completed=16/17; current=gitlab_super_operator
[2026-07-01T10:18:03-0700] runner active pids=[30527, 30529, 30535]; freshness=1s; completed=16/17; current=gitlab_super_operator
[2026-07-01T10:19:03-0700] runner active pids=[30527, 30529, 30535]; freshness=2s; completed=16/17; current=gitlab_super_operator
[2026-07-01T10:20:03-0700] runner active pids=[30527, 30529, 30535]; freshness=7s; completed=16/17; current=gitlab_super_operator
[2026-07-01T10:21:03-0700] runner active pids=[30527, 30529, 30535]; freshness=8s; completed=16/17; current=gitlab_super_operator
[2026-07-01T10:22:03-0700] runner active pids=[30527, 30529, 30535]; freshness=2s; completed=16/17; current=gitlab_super_operator
[2026-07-01T10:23:04-0700] runner active pids=[30527, 30529, 30535]; freshness=13s; completed=16/17; current=gitlab_super_operator
[2026-07-01T10:24:04-0700] runner active pids=[30527, 30529, 30535]; freshness=1s; completed=16/17; current=gitlab_super_operator
[2026-07-01T10:25:04-0700] runner active pids=[30527, 30529, 30535]; freshness=10s; completed=16/17; current=gitlab_super_operator
[2026-07-01T10:26:04-0700] runner active pids=[30527, 30529, 30535]; freshness=0s; completed=16/17; current=gitlab_super_operator
[2026-07-01T10:27:04-0700] runner active pids=[30527, 30529, 30535]; freshness=46s; completed=16/17; current=gitlab_super_operator
[2026-07-01T10:28:04-0700] runner active pids=[30527, 30529, 30535]; freshness=106s; completed=16/17; current=gitlab_super_operator
[2026-07-01T10:29:04-0700] runner active pids=[30527, 30529, 30535]; freshness=167s; completed=16/17; current=gitlab_super_operator
[2026-07-01T10:30:04-0700] runner active pids=[30527, 30529, 30535]; freshness=227s; completed=16/17; current=gitlab_super_operator
[2026-07-01T10:31:04-0700] runner active pids=[30527, 30529, 30535]; freshness=287s; completed=16/17; current=gitlab_super_operator
[2026-07-01T10:32:04-0700] runner active pids=[30527, 30529, 30535]; freshness=347s; completed=16/17; current=gitlab_super_operator
[2026-07-01T10:33:05-0700] runner active pids=[30527, 30529, 30535]; freshness=407s; completed=16/17; current=gitlab_super_operator
[2026-07-01T10:34:05-0700] runner active pids=[30527, 30529, 30535]; freshness=467s; completed=16/17; current=gitlab_super_operator
[2026-07-01T10:35:05-0700] runner active pids=[30527, 30529, 30535]; freshness=527s; completed=16/17; current=gitlab_super_operator
[2026-07-01T10:36:05-0700] runner active pids=[30527, 30529, 30535]; freshness=587s; completed=16/17; current=gitlab_super_operator
[2026-07-01T10:37:05-0700] stale runner detected age=647s pids=[30527, 30529, 30535]; terminating and resuming
[2026-07-01T10:37:10-0700] launched resume session=gitlab_gitlab_super_operator_resume_30 arm=gitlab_super_operator next_t=30 merged=/Users/sanjay/projects/BerkeleyProjects/Research/IanWaudbySmith/coldStartPrompts/results/gitlab_strong_arm/paired/logs/gitlab_strong_paired_gitlab_super_operator_trial0_2026-07-01T16-50-10Z_MERGED_SO_FAR.jsonl
[2026-07-01T10:38:11-0700] runner active pids=[39611, 39612, 39613]; freshness=0s; completed=16/17; current=gitlab_super_operator
[2026-07-01T10:39:11-0700] runner active pids=[39611, 39612, 39613]; freshness=2s; completed=16/17; current=gitlab_super_operator
[2026-07-01T10:40:11-0700] runner active pids=[39611, 39612, 39613]; freshness=3s; completed=16/17; current=gitlab_super_operator
[2026-07-01T10:41:11-0700] runner active pids=[39611, 39612, 39613]; freshness=1s; completed=16/17; current=gitlab_super_operator
[2026-07-01T10:42:11-0700] runner active pids=[39611, 39612, 39613]; freshness=7s; completed=16/17; current=gitlab_super_operator
[2026-07-01T10:43:11-0700] runner active pids=[39611, 39612, 39613]; freshness=7s; completed=16/17; current=gitlab_super_operator
[2026-07-01T10:44:11-0700] runner active pids=[39611, 39612, 39613]; freshness=2s; completed=16/17; current=gitlab_super_operator
[2026-07-01T10:45:11-0700] runner active pids=[39611, 39612, 39613]; freshness=3s; completed=16/17; current=gitlab_super_operator
[2026-07-01T10:46:11-0700] runner active pids=[39611, 39612, 39613]; freshness=0s; completed=16/17; current=gitlab_super_operator
[2026-07-01T10:47:12-0700] runner active pids=[39611, 39612, 39613]; freshness=3s; completed=16/17; current=gitlab_super_operator
[2026-07-01T10:48:12-0700] runner active pids=[39611, 39612, 39613]; freshness=7s; completed=16/17; current=gitlab_super_operator
[2026-07-01T10:49:12-0700] runner active pids=[39611, 39612, 39613]; freshness=0s; completed=16/17; current=gitlab_super_operator
[2026-07-01T10:50:12-0700] runner active pids=[39611, 39612, 39613]; freshness=3s; completed=16/17; current=gitlab_super_operator
[2026-07-01T10:51:12-0700] runner active pids=[39611, 39612, 39613]; freshness=1s; completed=16/17; current=gitlab_super_operator
[2026-07-01T10:52:12-0700] merged gitlab_super_operator FULL log: /Users/sanjay/projects/BerkeleyProjects/Research/IanWaudbySmith/coldStartPrompts/results/gitlab_strong_arm/paired/logs/gitlab_strong_paired_gitlab_super_operator_trial0_2026-07-01T16-50-10Z_FULL.jsonl rows=40 successes=26
[2026-07-01T10:52:12-0700] all GitLab paired arms have complete FULL logs
[2026-07-01T10:53:12-0700] all GitLab paired arms have complete FULL logs
[2026-07-01T10:54:12-0700] all GitLab paired arms have complete FULL logs
[2026-07-01T10:55:13-0700] all GitLab paired arms have complete FULL logs
[2026-07-01T11:16:42-0700] watchdog starting interval=60s stale=600s
[2026-07-01T11:16:43-0700] runner active pids=[43284, 43286, 43291]; freshness=0s; completed=17/18; current=top-level
[2026-07-01T11:17:43-0700] runner active pids=[43284, 43286, 43291]; freshness=0s; completed=17/18; current=gitlab_oracle_operator
[2026-07-01T11:18:43-0700] runner active pids=[43284, 43286, 43291]; freshness=2s; completed=17/18; current=gitlab_oracle_operator
[2026-07-01T11:19:43-0700] runner active pids=[43284, 43286, 43291]; freshness=0s; completed=17/18; current=gitlab_oracle_operator
[2026-07-01T11:20:43-0700] runner active pids=[43284, 43286, 43291]; freshness=23s; completed=17/18; current=gitlab_oracle_operator
[2026-07-01T11:21:43-0700] runner active pids=[43284, 43286, 43291]; freshness=2s; completed=17/18; current=gitlab_oracle_operator
[2026-07-01T11:22:43-0700] runner active pids=[43284, 43286, 43291]; freshness=3s; completed=17/18; current=gitlab_oracle_operator
[2026-07-01T11:23:56-0700] watchdog starting interval=60s stale=600s
[2026-07-01T11:23:56-0700] runner active pids=[45432, 45434, 45439]; freshness=0s; completed=17/18; current=top-level
[2026-07-01T11:24:56-0700] runner active pids=[45432, 45434, 45439]; freshness=2s; completed=17/18; current=gitlab_oracle_operator
[2026-07-01T11:25:56-0700] runner active pids=[45432, 45434, 45439]; freshness=1s; completed=17/18; current=gitlab_oracle_operator
[2026-07-01T11:26:56-0700] runner active pids=[45432, 45434, 45439]; freshness=2s; completed=17/18; current=gitlab_oracle_operator
[2026-07-01T11:27:56-0700] runner active pids=[45432, 45434, 45439]; freshness=1s; completed=17/18; current=gitlab_oracle_operator
[2026-07-01T11:28:57-0700] runner active pids=[45432, 45434, 45439]; freshness=1s; completed=17/18; current=gitlab_oracle_operator
[2026-07-01T11:29:57-0700] runner active pids=[45432, 45434, 45439]; freshness=1s; completed=17/18; current=gitlab_oracle_operator
[2026-07-01T11:30:57-0700] runner active pids=[45432, 45434, 45439]; freshness=2s; completed=17/18; current=gitlab_oracle_operator
[2026-07-01T11:31:57-0700] runner active pids=[45432, 45434, 45439]; freshness=2s; completed=17/18; current=gitlab_oracle_operator
[2026-07-01T11:32:57-0700] runner active pids=[45432, 45434, 45439]; freshness=1s; completed=17/18; current=gitlab_oracle_operator
[2026-07-01T11:33:57-0700] runner active pids=[45432, 45434, 45439]; freshness=1s; completed=17/18; current=gitlab_oracle_operator
[2026-07-01T11:34:57-0700] runner active pids=[45432, 45434, 45439]; freshness=1s; completed=17/18; current=gitlab_oracle_operator
[2026-07-01T11:35:57-0700] runner active pids=[45432, 45434, 45439]; freshness=14s; completed=17/18; current=gitlab_oracle_operator
[2026-07-01T11:36:57-0700] runner active pids=[45432, 45434, 45439]; freshness=0s; completed=17/18; current=gitlab_oracle_operator
[2026-07-01T11:37:58-0700] runner active pids=[45432, 45434, 45439]; freshness=6s; completed=17/18; current=gitlab_oracle_operator
[2026-07-01T11:38:58-0700] runner active pids=[45432, 45434, 45439]; freshness=0s; completed=17/18; current=gitlab_oracle_operator
[2026-07-01T11:39:58-0700] runner active pids=[45432, 45434, 45439]; freshness=2s; completed=17/18; current=gitlab_oracle_operator
[2026-07-01T11:40:58-0700] runner active pids=[45432, 45434, 45439]; freshness=22s; completed=17/18; current=gitlab_oracle_operator
[2026-07-01T11:41:58-0700] runner active pids=[45432, 45434, 45439]; freshness=82s; completed=17/18; current=gitlab_oracle_operator
[2026-07-01T11:42:58-0700] runner active pids=[45432, 45434, 45439]; freshness=142s; completed=17/18; current=gitlab_oracle_operator
[2026-07-01T11:43:58-0700] runner active pids=[45432, 45434, 45439]; freshness=202s; completed=17/18; current=gitlab_oracle_operator
[2026-07-01T11:44:58-0700] runner active pids=[45432, 45434, 45439]; freshness=262s; completed=17/18; current=gitlab_oracle_operator
[2026-07-01T11:45:58-0700] runner active pids=[45432, 45434, 45439]; freshness=322s; completed=17/18; current=gitlab_oracle_operator
[2026-07-01T11:46:59-0700] runner active pids=[45432, 45434, 45439]; freshness=382s; completed=17/18; current=gitlab_oracle_operator
[2026-07-01T11:47:59-0700] runner active pids=[45432, 45434, 45439]; freshness=442s; completed=17/18; current=gitlab_oracle_operator
[2026-07-01T11:48:59-0700] runner active pids=[45432, 45434, 45439]; freshness=503s; completed=17/18; current=gitlab_oracle_operator
[2026-07-01T11:49:59-0700] runner active pids=[45432, 45434, 45439]; freshness=563s; completed=17/18; current=gitlab_oracle_operator
[2026-07-01T11:50:59-0700] stale runner detected age=623s pids=[45432, 45434, 45439]; terminating and resuming
[2026-07-01T11:51:04-0700] launched resume session=gitlab_gitlab_oracle_operator_resume_31 arm=gitlab_oracle_operator next_t=31 merged=/Users/sanjay/projects/BerkeleyProjects/Research/IanWaudbySmith/coldStartPrompts/results/gitlab_strong_arm/paired/logs/gitlab_strong_paired_gitlab_oracle_operator_trial0_2026-07-01T18-24-06Z_MERGED_SO_FAR.jsonl
[2026-07-01T11:52:05-0700] runner active pids=[50568, 50569, 50570]; freshness=1s; completed=17/18; current=gitlab_oracle_operator
[2026-07-01T11:53:05-0700] runner active pids=[50568, 50569, 50570]; freshness=6s; completed=17/18; current=gitlab_oracle_operator
[2026-07-01T11:54:05-0700] runner active pids=[50568, 50569, 50570]; freshness=6s; completed=17/18; current=gitlab_oracle_operator
[2026-07-01T11:55:05-0700] runner active pids=[50568, 50569, 50570]; freshness=8s; completed=17/18; current=gitlab_oracle_operator
[2026-07-01T11:56:05-0700] runner active pids=[50568, 50569, 50570]; freshness=14s; completed=17/18; current=gitlab_oracle_operator
[2026-07-01T11:57:05-0700] runner active pids=[50568, 50569, 50570]; freshness=2s; completed=17/18; current=gitlab_oracle_operator
[2026-07-01T11:58:05-0700] runner active pids=[50568, 50569, 50570]; freshness=7s; completed=17/18; current=gitlab_oracle_operator
[2026-07-01T11:59:05-0700] runner active pids=[50568, 50569, 50570]; freshness=2s; completed=17/18; current=gitlab_oracle_operator
[2026-07-01T12:00:05-0700] runner active pids=[50568, 50569, 50570]; freshness=3s; completed=17/18; current=gitlab_oracle_operator
[2026-07-01T12:01:05-0700] runner active pids=[50568, 50569, 50570]; freshness=2s; completed=17/18; current=gitlab_oracle_operator
[2026-07-01T12:02:06-0700] merged gitlab_oracle_operator FULL log: /Users/sanjay/projects/BerkeleyProjects/Research/IanWaudbySmith/coldStartPrompts/results/gitlab_strong_arm/paired/logs/gitlab_strong_paired_gitlab_oracle_operator_trial0_2026-07-01T18-24-06Z_FULL.jsonl rows=40 successes=35
[2026-07-01T12:02:06-0700] all GitLab paired arms have complete FULL logs
[2026-07-01T12:03:06-0700] all GitLab paired arms have complete FULL logs
[2026-07-01T12:04:06-0700] all GitLab paired arms have complete FULL logs
