split,env,T,cap,base_seed,n_replicates,policy,name,alpha,c,K0,recommender,mean_regret,se,mean_q,mean_regret_disc,mean_regret_sel,mean_mu_star,mean_k_final,mean_search_frac,cap_hit_frac,mean_n_demoted,mean_regret_posterior_mean_shrunk,mean_regret_lcb,mean_regret_posterior_mean,mean_regret_empirical,mean_regret_oracle_prior,seconds
val,tail_b1.0_mu0.9_c2.0,50,64,5271000,500,power,power_a0.2500_c9.38768,0.25,9.38768368,-1,posterior_mean_shrunk,0.0965003783106804,0.004093918730544417,0.7940800608992576,0.009705783843994141,0.08679459446668625,0.890580439209938,25.0,0.47916666666666674,0.0,-1.0,0.0965003783106804,0.0965003783106804,0.0965003783106804,0.10147892218828201,0.0965003783106804,0.02358458295930177
val,tail_b1.0_mu0.9_c2.0,50,64,5271000,500,power,power_a0.3333_c5.50804,0.3333333333333333,5.5080378048,-1,posterior_mean_shrunk,0.09195654875040055,0.003956735728470721,0.7986238904595375,0.013733124732971192,0.07822342401742935,0.890580439209938,21.0,0.3958333333333333,0.0,-1.0,0.09195654875040055,0.09195654875040055,0.09220339399576187,0.10884020555019379,0.09195654875040055,0.02567662496585399
val,tail_b1.0_mu0.9_c2.0,50,64,5271000,500,power,power_a0.5000_c2.90485,0.5,2.9048457122,-1,posterior_mean_shrunk,0.09585072666406631,0.004003917066292022,0.7947297125458718,0.013733124732971192,0.08211760193109513,0.890580439209938,21.0,0.3958333333333333,0.0,-1.0,0.09585072666406631,0.09585072666406631,0.09562768393754958,0.11027282679080963,0.09585072666406631,0.02464933297596872
val,tail_b1.0_mu0.9_c2.0,50,64,5271000,500,power,power_a0.6667_c1.53197,0.6666666666666666,1.5319663573,-1,posterior_mean_shrunk,0.09573090046644211,0.004130383022828599,0.794849538743496,0.013733124732971192,0.08199777573347092,0.890580439209938,21.0,0.3958333333333333,0.0,-1.0,0.09573090046644211,0.09573090046644211,0.09555896788835526,0.11059968811273575,0.09578201061487197,0.023729917011223733
val,tail_b1.0_mu0.9_c2.0,50,64,5271000,500,refine_after_init,refine_after_init_K8,0.0,8.0,8,posterior_mean_shrunk,0.09244824814796447,0.0039206301863066294,0.7981321910619735,0.04655411636829376,0.045894131779670715,0.890580439209938,8.0,0.125,0.0,-1.0,0.09244824814796447,0.09221983194351197,0.09244824814796447,0.09278007328510285,0.09244824814796447,0.0165154580026865
val,tail_b2.0_mu1.0_c1.0,50,64,5361000,500,power,power_a0.2500_c9.38768,0.25,9.38768368,-1,posterior_mean_shrunk,0.1427977964282036,0.006458991208653801,0.7367817000746727,0.05065896141529083,0.09213883501291276,0.8795794965028763,25.0,0.47916666666666674,0.0,-1.0,0.1427977964282036,0.1427977964282036,0.1427977964282036,0.14503494076430798,0.1427977964282036,0.02614016702864319
val,tail_b2.0_mu1.0_c1.0,50,64,5361000,500,power,power_a0.3333_c5.50804,0.3333333333333333,5.5080378048,-1,posterior_mean_shrunk,0.15688072502613068,0.007092404387436281,0.7226987714767457,0.06562669241428375,0.09125403261184692,0.8795794965028763,21.0,0.3958333333333333,0.0,-1.0,0.15688072502613068,0.15688072502613068,0.15897692599892616,0.1683974550664425,0.15492325192689896,0.021229124977253377
val,tail_b2.0_mu1.0_c1.0,50,64,5361000,500,power,power_a0.5000_c2.90485,0.5,2.9048457122,-1,posterior_mean_shrunk,0.1565840285420418,0.007130146071289072,0.7229954679608345,0.06562669241428375,0.09095733612775803,0.8795794965028763,21.0,0.3958333333333333,0.0,-1.0,0.1565840285420418,0.1565840285420418,0.15884833469986914,0.1715578187853098,0.15524997985363007,0.03098808298818767
val,tail_b2.0_mu1.0_c1.0,50,64,5361000,500,power,power_a0.6667_c1.53197,0.6666666666666666,1.5319663573,-1,posterior_mean_shrunk,0.16040221443772315,0.007181544490338411,0.7191772820651531,0.06562669241428375,0.0947755220234394,0.8795794965028763,21.0,0.3958333333333333,0.0,-1.0,0.16040221443772315,0.1604134900867939,0.16221311268210412,0.17273483695089817,0.15886326667666434,0.02627899998333305
val,tail_b2.0_mu1.0_c1.0,50,64,5361000,500,refine_after_init,refine_after_init_K8,0.0,8.0,8,posterior_mean_shrunk,0.2287087962925434,0.008485216555703046,0.6508707002103329,0.18370112425088883,0.04500767204165459,0.8795794965028763,8.0,0.125,0.0,-1.0,0.2287087962925434,0.2290031575858593,0.22913590416312218,0.22913590416312218,0.2287087962925434,0.018233791925013065
val,tail_b0.5_mu1.0_c1.0,50,64,5196000,500,power,power_a0.2500_c9.38768,0.25,9.38768368,-1,posterior_mean_shrunk,0.04540981364250183,0.0031258720735228033,0.953818259358406,0.0022172162532806397,0.04319259738922119,0.9992280730009079,25.0,0.47916666666666674,0.0,-1.0,0.04540981364250183,0.04540981364250183,0.04540981364250183,0.05853340050578117,0.04540981364250183,0.02784637501463294
val,tail_b0.5_mu1.0_c1.0,50,64,5196000,500,power,power_a0.3333_c5.50804,0.3333333333333333,5.5080378048,-1,posterior_mean_shrunk,0.03675048828125,0.002474740592763233,0.9624775847196579,0.0032885369062423705,0.03346195137500763,0.9992280730009079,21.0,0.3958333333333333,0.0,-1.0,0.03675048828125,0.03675048828125,0.03675048828125,0.05743585687875748,0.03675048828125,0.02326762501616031
val,tail_b0.5_mu1.0_c1.0,50,64,5196000,500,power,power_a0.5000_c2.90485,0.5,2.9048457122,-1,posterior_mean_shrunk,0.03873453485965729,0.00249989506200627,0.9604935381412506,0.0032885369062423705,0.035445997953414916,0.9992280730009079,21.0,0.3958333333333333,0.0,-1.0,0.03873453485965729,0.03873453485965729,0.03873453485965729,0.05797747248411179,0.03873453485965729,0.025574041064828634
val,tail_b0.5_mu1.0_c1.0,50,64,5196000,500,power,power_a0.6667_c1.53197,0.6666666666666666,1.5319663573,-1,posterior_mean_shrunk,0.04462285542488098,0.0029868452054527942,0.9546052175760269,0.0032885369062423705,0.04133431851863861,0.9992280730009079,21.0,0.3958333333333333,0.0,-1.0,0.04462285542488098,0.04462285542488098,0.04462285542488098,0.06300540947914124,0.04462285542488098,0.02926287497393787
val,tail_b0.5_mu1.0_c1.0,50,64,5196000,500,refine_after_init,refine_after_init_K8,0.0,8.0,8,posterior_mean_shrunk,0.04029392516613007,0.0026831926481894774,0.9589341478347778,0.024360381722450256,0.01593354344367981,0.9992280730009079,8.0,0.125,0.0,-1.0,0.04029392516613007,0.04029392516613007,0.04029392516613007,0.04258849930763245,0.04029392516613007,0.016951333032920957
val,tail_b8.0_mu1.0_c1.0,50,64,5466000,500,power,power_a0.2500_c9.38768,0.25,9.38768368,-1,posterior_mean_shrunk,0.1830595059134066,0.0057733932066423655,0.2361182380281389,0.04827395039796829,0.1347855555154383,0.4191777439415455,25.0,0.47916666666666674,0.0,-1.0,0.1830595059134066,0.1830595059134066,0.1830595059134066,0.1830595059134066,0.1830595059134066,0.025980791891925037
val,tail_b8.0_mu1.0_c1.0,50,64,5466000,500,power,power_a0.3333_c5.50804,0.3333333333333333,5.5080378048,-1,posterior_mean_shrunk,0.17868079340457915,0.005688699532249326,0.24049695053696632,0.06353253048658371,0.11514826291799546,0.4191777439415455,21.0,0.3958333333333333,0.0,-1.0,0.17868079340457915,0.17868079340457915,0.17871792430058123,0.17871792430058123,0.17868079340457915,0.02598254196345806
val,tail_b8.0_mu1.0_c1.0,50,64,5466000,500,power,power_a0.5000_c2.90485,0.5,2.9048457122,-1,posterior_mean_shrunk,0.17823086489737033,0.00567607177083642,0.24094687904417514,0.06353253048658371,0.11469833441078663,0.4191777439415455,21.0,0.3958333333333333,0.0,-1.0,0.17823086489737033,0.17823086489737033,0.17826799579337238,0.17826799579337238,0.17823086489737033,0.030446792021393776
val,tail_b8.0_mu1.0_c1.0,50,64,5466000,500,power,power_a0.6667_c1.53197,0.6666666666666666,1.5319663573,-1,posterior_mean_shrunk,0.18057431010901928,0.005711967273439277,0.23860343383252622,0.06353253048658371,0.11704177962243557,0.4191777439415455,21.0,0.3958333333333333,0.0,-1.0,0.18057431010901928,0.18057431010901928,0.1806476559229195,0.1806476559229195,0.18057431010901928,0.02441862493287772
val,tail_b8.0_mu1.0_c1.0,50,64,5466000,500,refine_after_init,refine_after_init_K8,0.0,8.0,8,posterior_mean_shrunk,0.18142427031509578,0.0058043789930884845,0.2377534736264497,0.13145191638171672,0.04997235393337905,0.4191777439415455,8.0,0.125,0.0,-1.0,0.18142427031509578,0.18142427031509578,0.18142427031509578,0.18142427031509578,0.18142427031509578,0.017700999975204468
val,beta_rare_excellent,50,64,5046000,500,power,power_a0.2500_c9.38768,0.25,9.38768368,-1,posterior_mean_shrunk,0.15980592629068996,0.005444488722027831,0.2263573145592818,0.04613859131932259,0.11366733497136738,0.3861632408499718,25.0,0.47916666666666674,0.0,-1.0,0.15980592629068996,0.15980592629068996,0.15980592629068996,0.15980592629068996,0.15980592629068996,0.026522375061176717
val,beta_rare_excellent,50,64,5046000,500,power,power_a0.3333_c5.50804,0.3333333333333333,5.5080378048,-1,posterior_mean_shrunk,0.1573308841222897,0.005389245932990128,0.22883235672768204,0.056421723395586015,0.10090916072670371,0.3861632408499718,21.0,0.3958333333333333,0.0,-1.0,0.1573308841222897,0.1573308841222897,0.15731360967550426,0.15731360967550426,0.1571715279156342,0.024777333019301295
val,beta_rare_excellent,50,64,5046000,500,power,power_a0.5000_c2.90485,0.5,2.9048457122,-1,posterior_mean_shrunk,0.15699004090670496,0.005402529411153386,0.22917319994326682,0.056421723395586015,0.10056831751111894,0.3861632408499718,21.0,0.3958333333333333,0.0,-1.0,0.15699004090670496,0.15699004090670496,0.157132122666575,0.157132122666575,0.15699004090670496,0.028782707988284528
val,beta_rare_excellent,50,64,5046000,500,power,power_a0.6667_c1.53197,0.6666666666666666,1.5319663573,-1,posterior_mean_shrunk,0.15760582339856774,0.005391172088135209,0.22855741745140404,0.056421723395586015,0.10118410000298173,0.3861632408499718,21.0,0.3958333333333333,0.0,-1.0,0.15760582339856774,0.15760582339856774,0.1575885489517823,0.1575885489517823,0.15760582339856774,0.025735708069987595
val,beta_rare_excellent,50,64,5046000,500,refine_after_init,refine_after_init_K8,0.0,8.0,8,posterior_mean_shrunk,0.17938772517815232,0.005525237594352071,0.20677551567181945,0.12327335041016341,0.05611437476798892,0.3861632408499718,8.0,0.125,0.0,-1.0,0.17938772517815232,0.17938772517815232,0.17961336461640895,0.17938772517815232,0.17938772517815232,0.016944166040048003
val,beta_mostly_mediocre,50,64,5031000,500,power,power_a0.2500_c9.38768,0.25,9.38768368,-1,posterior_mean_shrunk,0.1466366199851036,0.004602501353755107,0.6133679359555244,0.028405576586723328,0.11823104339838028,0.7600045559406281,25.0,0.47916666666666674,0.0,-1.0,0.1466366199851036,0.1466366199851036,0.1466366199851036,0.1488821873664856,0.1466366199851036,0.03336079197470099
val,beta_mostly_mediocre,50,64,5031000,500,power,power_a0.3333_c5.50804,0.3333333333333333,5.5080378048,-1,posterior_mean_shrunk,0.14774603694677352,0.0045567951786082755,0.6122585189938545,0.03601914060115814,0.11172689634561539,0.7600045559406281,21.0,0.3958333333333333,0.0,-1.0,0.14774603694677352,0.1482626622915268,0.14904943871498108,0.1625801587700844,0.14729144048690795,0.030619791010394692
val,beta_mostly_mediocre,50,64,5031000,500,power,power_a0.5000_c2.90485,0.5,2.9048457122,-1,posterior_mean_shrunk,0.14825715535879136,0.004638695545705833,0.6117474005818367,0.03601914060115814,0.1122380147576332,0.7600045559406281,21.0,0.3958333333333333,0.0,-1.0,0.14825715535879136,0.1493479002714157,0.1488008772134781,0.16285412710905076,0.147771490752697,0.02711283299140632
val,beta_mostly_mediocre,50,64,5031000,500,power,power_a0.6667_c1.53197,0.6666666666666666,1.5319663573,-1,posterior_mean_shrunk,0.14971861946582793,0.004658361720701174,0.6102859364748001,0.03601914060115814,0.1136994788646698,0.7600045559406281,21.0,0.3958333333333333,0.0,-1.0,0.14971861946582793,0.15057294964790344,0.1511017025709152,0.16195397770404815,0.1494134400486946,0.026289000059477985
val,beta_mostly_mediocre,50,64,5031000,500,refine_after_init,refine_after_init_K8,0.0,8.0,8,posterior_mean_shrunk,0.14974318319559096,0.004482293208443959,0.6102613727450371,0.08753198087215423,0.062211202323436736,0.7600045559406281,8.0,0.125,0.0,-1.0,0.14974318319559096,0.15017058849334716,0.14944892132282256,0.14931583917140961,0.14947271370887757,0.021904250024817884
val,beta_rare_excellent,100,64,5049000,500,power,power_a0.2500_c11.6194,0.25,11.6193828489,-1,posterior_mean_shrunk,0.17956348664313554,0.005590298192004554,0.2550980426594615,0.06917196077108383,0.11039152587205171,0.43466152930259705,37.0,0.3571428571428571,0.0,-1.0,0.17956348664313554,0.17956348664313554,0.17956348664313554,0.17956348664313554,0.17956348664313554,0.053328124922700226
val,beta_rare_excellent,100,64,5049000,500,power,power_a0.3333_c8.43813,0.3333333333333333,8.4381286119,-1,posterior_mean_shrunk,0.1798879012167454,0.005584045235721152,0.2547736280858517,0.06488597884774208,0.11500192236900329,0.43466152930259705,40.0,0.3877551020408162,0.0,-1.0,0.1798879012167454,0.1808794414177537,0.18560757918655874,0.18881700397934764,0.1808794414177537,0.063294833060354
val,beta_rare_excellent,100,64,5049000,500,power,power_a0.5000_c3.5954,0.5,3.5954038928,-1,posterior_mean_shrunk,0.17685687525942922,0.005490445714605458,0.2578046540431678,0.07009357157349587,0.10676330368593336,0.43466152930259705,36.0,0.34693877551020413,0.0,-1.0,0.17685687525942922,0.17685687525942922,0.17673555530980228,0.17673555530980228,0.17685687525942922,0.048735958989709616
val,beta_rare_excellent,100,64,5049000,500,power,power_a0.6667_c1.70436,0.6666666666666666,1.7043607929,-1,posterior_mean_shrunk,0.17858451764285566,0.00554486898709951,0.2560770116597414,0.06917196077108383,0.10941255687177182,0.43466152930259705,37.0,0.3571428571428571,0.0,-1.0,0.17858451764285566,0.17858451764285566,0.1812402713559568,0.1812402713559568,0.1782711114883423,0.051640916033647954
val,beta_rare_excellent,100,64,5049000,500,refine_after_init,refine_after_init_K8,0.0,8.0,8,posterior_mean_shrunk,0.2172275026831776,0.005766196710429671,0.21743402661941946,0.18675510430335998,0.030472398379817606,0.43466152930259705,8.0,0.06122448979591836,0.0,-1.0,0.2172275026831776,0.21726114016212522,0.21782667566277086,0.2172275026831776,0.2173989261481911,0.03248687507584691
val,beta_skewed,50,64,5061000,500,power,power_a0.2500_c9.38768,0.25,9.38768368,-1,posterior_mean_shrunk,0.19413925333321094,0.00797873123971491,0.46974860088527204,0.07593656677007675,0.1182026865631342,0.663887854218483,25.0,0.47916666666666674,0.0,-1.0,0.19413925333321094,0.19413925333321094,0.19413925333321094,0.19402697916328907,0.19413925333321094,0.03809962491504848
val,beta_skewed,50,64,5061000,500,power,power_a0.3333_c5.50804,0.3333333333333333,5.5080378048,-1,posterior_mean_shrunk,0.21530048486217856,0.008176200937991245,0.4485873693563044,0.09832554116845131,0.11697494369372725,0.663887854218483,21.0,0.3958333333333333,0.0,-1.0,0.21530048486217856,0.21530048486217856,0.21341043009981514,0.21474119117483498,0.21530048486217856,0.034313209005631506
val,beta_skewed,50,64,5061000,500,power,power_a0.5000_c2.90485,0.5,2.9048457122,-1,posterior_mean_shrunk,0.2163264993391931,0.00816574685356662,0.4475613548792899,0.09832554116845131,0.1180009581707418,0.663887854218483,21.0,0.3958333333333333,0.0,-1.0,0.2163264993391931,0.2163264993391931,0.2145428807400167,0.21587364181503654,0.2163264993391931,0.0341677499236539
val,beta_skewed,50,64,5061000,500,power,power_a0.6667_c1.53197,0.6666666666666666,1.5319663573,-1,posterior_mean_shrunk,0.21625406142696738,0.008210538570734055,0.4476337927915156,0.09832554116845131,0.11792852025851608,0.663887854218483,21.0,0.3958333333333333,0.0,-1.0,0.21625406142696738,0.21637041499838233,0.21388168012723327,0.21555502462014556,0.21625406142696738,0.03358116699382663
val,beta_skewed,50,64,5061000,500,refine_after_init,refine_after_init_K8,0.0,8.0,8,posterior_mean_shrunk,0.2603386948076077,0.008853836582950468,0.40354915941087527,0.22638914642482996,0.03394954838277772,0.663887854218483,8.0,0.125,0.0,-1.0,0.2603386948076077,0.2603386948076077,0.260185726639349,0.260185726639349,0.2603386948076077,0.019493084051646292
val,tail_b0.5_mu1.0_c1.0,100,64,5199000,500,power,power_a0.2500_c11.6194,0.25,11.6193828489,-1,posterior_mean_shrunk,0.02355439567565918,0.0013563437123574249,0.976246789097786,0.0011428576707839967,0.022411538004875182,0.9998011847734452,37.0,0.3571428571428571,0.0,-1.0,0.02355439567565918,0.02355439567565918,0.02355439567565918,0.04313056647777557,0.02355439567565918,0.05481104110367596
val,tail_b0.5_mu1.0_c1.0,100,64,5199000,500,power,power_a0.3333_c8.43813,0.3333333333333333,8.4381286119,-1,posterior_mean_shrunk,0.022091134905815126,0.0012248917056537374,0.97771004986763,0.000965681791305542,0.02112545311450958,0.9998011847734452,40.0,0.3877551020408162,0.0,-1.0,0.022091134905815126,0.022091134905815126,0.022091134905815126,0.05659045201539993,0.022091134905815126,0.05216870899312198
val,tail_b0.5_mu1.0_c1.0,100,64,5199000,500,power,power_a0.5000_c3.5954,0.5,3.5954038928,-1,posterior_mean_shrunk,0.023091410756111146,0.0015552393570332059,0.9767097740173339,0.001182471752166748,0.021908939003944396,0.9998011847734452,36.0,0.34693877551020413,0.0,-1.0,0.023091410756111146,0.023091410756111146,0.023091410756111146,0.0458662759065628,0.023091410756111146,0.04761420900467783
val,tail_b0.5_mu1.0_c1.0,100,64,5199000,500,power,power_a0.6667_c1.70436,0.6666666666666666,1.7043607929,-1,posterior_mean_shrunk,0.025421581983566283,0.0016783120349938428,0.9743796027898789,0.0011428576707839967,0.024278724312782288,0.9998011847734452,37.0,0.3571428571428571,0.0,-1.0,0.025421581983566283,0.025421581983566283,0.025421581983566283,0.05603124552965164,0.025421581983566283,0.05143562506418675
val,tail_b0.5_mu1.0_c1.0,100,64,5199000,500,refine_after_init,refine_after_init_K8,0.0,8.0,8,posterior_mean_shrunk,0.0297730633020401,0.002213781808830284,0.970028121471405,0.021131452083587646,0.008641611218452454,0.9998011847734452,8.0,0.06122448979591836,0.0,-1.0,0.0297730633020401,0.0297730633020401,0.0297730633020401,0.03069916594028473,0.030031760931015016,0.031390750082209706
val,tail_b8.0_mu1.0_c1.0,100,64,5469000,500,power,power_a0.2500_c11.6194,0.25,11.6193828489,-1,posterior_mean_shrunk,0.1710908534009941,0.005643555392913981,0.2992579801003449,0.07101611363887787,0.10007473976211623,0.47034883350133894,37.0,0.3571428571428571,0.0,-1.0,0.1710908534009941,0.1710908534009941,0.1710908534009941,0.1710908534009941,0.1710908534009941,0.0493052079109475
val,tail_b8.0_mu1.0_c1.0,100,64,5469000,500,power,power_a0.3333_c8.43813,0.3333333333333333,8.4381286119,-1,posterior_mean_shrunk,0.17349914353201165,0.0057379963151365145,0.2968496899693273,0.0667390008866787,0.10676014264533296,0.47034883350133894,40.0,0.3877551020408162,0.0,-1.0,0.17349914353201165,0.1723500356101431,0.1853379407436587,0.1883511541695334,0.1723500356101431,0.052509750006720424
val,tail_b8.0_mu1.0_c1.0,100,64,5469000,500,power,power_a0.5000_c3.5954,0.5,3.5954038928,-1,posterior_mean_shrunk,0.17439571554260327,0.005564770938174002,0.2959531179587357,0.0729986361861229,0.10139707935648039,0.47034883350133894,36.0,0.34693877551020413,0.0,-1.0,0.17439571554260327,0.17439571554260327,0.1749166682739742,0.1749166682739742,0.17439571554260327,0.05063245806377381
val,tail_b8.0_mu1.0_c1.0,100,64,5469000,500,power,power_a0.6667_c1.70436,0.6666666666666666,1.7043607929,-1,posterior_mean_shrunk,0.17412069249199702,0.005559988754353723,0.2962281410093419,0.07101611363887787,0.10310457885311916,0.47034883350133894,37.0,0.3571428571428571,0.0,-1.0,0.17412069249199702,0.1742989205722697,0.17479869701014833,0.17479869701014833,0.17425887820171193,0.04930100007914007
val,tail_b8.0_mu1.0_c1.0,100,64,5469000,500,refine_after_init,refine_after_init_K8,0.0,8.0,8,posterior_mean_shrunk,0.21973941551707685,0.005624685493158999,0.2506094179842621,0.19129874767363073,0.028440667843446135,0.47034883350133894,8.0,0.06122448979591836,0.0,-1.0,0.21973941551707685,0.21973941551707685,0.21983559471927583,0.21973941551707685,0.21973941551707685,0.030358124990016222
val,beta_mostly_mediocre,100,64,5034000,500,power,power_a0.2500_c11.6194,0.25,11.6193828489,-1,posterior_mean_shrunk,0.14127750915288925,0.004565285582651359,0.6428799505829811,0.031911593317985536,0.10936591583490372,0.7841574597358704,37.0,0.3571428571428571,0.0,-1.0,0.14127750915288925,0.14127750915288925,0.1419472519159317,0.1430901789665222,0.14151228588819503,0.05699075001757592
val,beta_mostly_mediocre,100,64,5034000,500,power,power_a0.3333_c8.43813,0.3333333333333333,8.4381286119,-1,posterior_mean_shrunk,0.14547848349809647,0.004652238876221448,0.6386789762377739,0.029632346987724306,0.11584613651037216,0.7841574597358704,40.0,0.3877551020408162,0.0,-1.0,0.14547848349809647,0.14547848349809647,0.14547848349809647,0.18072952991724014,0.1451530572772026,0.06347995798569173
val,beta_mostly_mediocre,100,64,5034000,500,power,power_a0.5000_c3.5954,0.5,3.5954038928,-1,posterior_mean_shrunk,0.1429466868042946,0.004566824487923711,0.6412107729315758,0.03358745205402374,0.10935923475027085,0.7841574597358704,36.0,0.34693877551020413,0.0,-1.0,0.1429466868042946,0.14243703961372375,0.14245492506027221,0.14379415434598922,0.1429466868042946,0.056573000038042665
val,beta_mostly_mediocre,100,64,5034000,500,power,power_a0.6667_c1.70436,0.6666666666666666,1.7043607929,-1,posterior_mean_shrunk,0.14503742498159408,0.0045446508841684614,0.6391200347542763,0.031911593317985536,0.11312583166360855,0.7841574597358704,37.0,0.3571428571428571,0.0,-1.0,0.14503742498159408,0.14418284046649932,0.14554684937000276,0.1592651060819626,0.14474830836057662,0.059821208007633686
val,beta_mostly_mediocre,100,64,5034000,500,refine_after_init,refine_after_init_K8,0.0,8.0,8,posterior_mean_shrunk,0.15636511093378067,0.004418087946633902,0.6277923488020897,0.11182271003723145,0.04454240089654923,0.7841574597358704,8.0,0.06122448979591836,0.0,-1.0,0.15636511093378067,0.1565665003657341,0.15654478305578232,0.15689784097671508,0.15607198840379716,0.03565566602628678
val,tail_b2.0_mu1.0_c1.0,100,64,5364000,500,power,power_a0.2500_c11.6194,0.25,11.6193828489,-1,posterior_mean_shrunk,0.11670492970943451,0.005276357014676497,0.792972049832344,0.05816967761516571,0.0585352520942688,0.9096769795417786,37.0,0.3571428571428571,0.0,-1.0,0.11670492970943451,0.11635744559764861,0.11644067227840424,0.118303739964962,0.11635744559764861,0.052936417050659657
val,tail_b2.0_mu1.0_c1.0,100,64,5364000,500,power,power_a0.3333_c8.43813,0.3333333333333333,8.4381286119,-1,posterior_mean_shrunk,0.11328906375169755,0.005375982245870308,0.7963879157900811,0.054277551651000976,0.059011512100696564,0.9096769795417786,40.0,0.3877551020408162,0.0,-1.0,0.11328906375169755,0.11318530410528183,0.11261546319723129,0.17497287886589766,0.11318530410528183,0.056126417010091245
val,tail_b2.0_mu1.0_c1.0,100,64,5364000,500,power,power_a0.5000_c3.5954,0.5,3.5954038928,-1,posterior_mean_shrunk,0.12073501980304718,0.005318063935696386,0.7889419597387314,0.06015471589565277,0.06058030390739441,0.9096769795417786,36.0,0.34693877551020413,0.0,-1.0,0.12073501980304718,0.1210214855670929,0.12000775802135467,0.12429298317432404,0.1210214855670929,0.05299041699618101
val,tail_b2.0_mu1.0_c1.0,100,64,5364000,500,power,power_a0.6667_c1.70436,0.6666666666666666,1.7043607929,-1,posterior_mean_shrunk,0.12419670224189758,0.005440079623240254,0.785480277299881,0.05816967761516571,0.06602702462673188,0.9096769795417786,37.0,0.3571428571428571,0.0,-1.0,0.12419670224189758,0.12377418768405914,0.1242705453634262,0.1535071359872818,0.12344715714454652,0.05044191691558808
val,tail_b2.0_mu1.0_c1.0,100,64,5364000,500,refine_after_init,refine_after_init_K8,0.0,8.0,8,posterior_mean_shrunk,0.2213182118833065,0.006650996063116525,0.688358767658472,0.2056895260810852,0.0156286858022213,0.9096769795417786,8.0,0.06122448979591836,0.0,-1.0,0.2213182118833065,0.2213182118833065,0.22159277656674384,0.22159277656674384,0.2213182118833065,0.0346201250795275
val,tail_b1.0_mu0.9_c2.0,100,64,5274000,500,power,power_a0.2500_c11.6194,0.25,11.6193828489,-1,posterior_mean_shrunk,0.07158512276411057,0.003240765738553108,0.8234735369086266,0.008365968346595764,0.0632191544175148,0.8950586596727371,37.0,0.3571428571428571,0.0,-1.0,0.07158512276411057,0.07155301350355148,0.07155301350355148,0.07560040026903153,0.07155301350355148,0.05291475006379187
val,tail_b1.0_mu0.9_c2.0,100,64,5274000,500,power,power_a0.3333_c8.43813,0.3333333333333333,8.4381286119,-1,posterior_mean_shrunk,0.07261647719144822,0.0031273759104092132,0.8224421824812889,0.007679374575614929,0.06493710261583328,0.8950586596727371,40.0,0.3877551020408162,0.0,-1.0,0.07261647719144822,0.07261647719144822,0.07261647719144822,0.10299374735355377,0.07261647719144822,0.04925241705495864
val,tail_b1.0_mu0.9_c2.0,100,64,5274000,500,power,power_a0.5000_c3.5954,0.5,3.5954038928,-1,posterior_mean_shrunk,0.07426641327142715,0.0032969768759099644,0.82079224640131,0.008593089699745178,0.06567332357168197,0.8950586596727371,36.0,0.34693877551020413,0.0,-1.0,0.07426641327142715,0.07426641327142715,0.0740810324549675,0.08124010401964188,0.07430645042657852,0.05331337498500943
val,tail_b1.0_mu0.9_c2.0,100,64,5274000,500,power,power_a0.6667_c1.70436,0.6666666666666666,1.7043607929,-1,posterior_mean_shrunk,0.07618903559446334,0.0033330885733294587,0.8188696240782738,0.008365968346595764,0.06782306724786759,0.8950586596727371,37.0,0.3571428571428571,0.0,-1.0,0.07618903559446334,0.07618903559446334,0.07630887168645858,0.09945677238702774,0.07644652491807938,0.05097070802003145
val,tail_b1.0_mu0.9_c2.0,100,64,5274000,500,refine_after_init,refine_after_init_K8,0.0,8.0,8,posterior_mean_shrunk,0.07552936333417892,0.003342463682853048,0.8195292963385582,0.04773895061016083,0.027790412724018096,0.8950586596727371,8.0,0.06122448979591836,0.0,-1.0,0.07552936333417892,0.07552936333417892,0.07575778180360794,0.0754638312458992,0.07552936333417892,0.03336387500166893
val,beta_good_common,50,64,5001000,500,power,power_a0.2500_c9.38768,0.25,9.38768368,-1,posterior_mean_shrunk,0.10251209801435471,0.003959973784408757,0.8632404282689095,0.014619720697402954,0.08789237731695175,0.9657525262832641,25.0,0.47916666666666674,0.0,-1.0,0.10251209801435471,0.10251209801435471,0.10251209801435471,0.11067045372724534,0.10251209801435471,0.05081566597800702
val,beta_good_common,50,64,5001000,500,power,power_a0.3333_c5.50804,0.3333333333333333,5.5080378048,-1,posterior_mean_shrunk,0.09870008218288422,0.003927455238057844,0.86705244410038,0.020044904112815856,0.07865517807006836,0.9657525262832641,21.0,0.3958333333333333,0.0,-1.0,0.09870008218288422,0.09870008218288422,0.09870008218288422,0.11970540404319763,0.09870008218288422,0.03937808400951326
val,beta_good_common,50,64,5001000,500,power,power_a0.5000_c2.90485,0.5,2.9048457122,-1,posterior_mean_shrunk,0.10119517540931702,0.003951107888977399,0.8645573508739471,0.020044904112815856,0.08115027129650115,0.9657525262832641,21.0,0.3958333333333333,0.0,-1.0,0.10119517540931702,0.10119517540931702,0.10119517540931702,0.12059051483869553,0.10119517540931702,0.04008366703055799
val,beta_good_common,50,64,5001000,500,power,power_a0.6667_c1.53197,0.6666666666666666,1.5319663573,-1,posterior_mean_shrunk,0.10322980678081513,0.0039233751630044795,0.8625227195024491,0.020044904112815856,0.08318490266799927,0.9657525262832641,21.0,0.3958333333333333,0.0,-1.0,0.10322980678081513,0.10322980678081513,0.10322980678081513,0.12383004975318909,0.10322980678081513,0.04246412497013807
val,beta_good_common,50,64,5001000,500,refine_after_init,refine_after_init_K8,0.0,8.0,8,posterior_mean_shrunk,0.09492770946025848,0.0038110391108928717,0.8708248168230057,0.05619882476329804,0.038728884696960446,0.9657525262832641,8.0,0.125,0.0,-1.0,0.09492770946025848,0.09518002641201019,0.09492770946025848,0.09525423943996429,0.09492770946025848,0.02509937505237758
val,beta_skewed,100,64,5064000,500,power,power_a0.2500_c11.6194,0.25,11.6193828489,-1,posterior_mean_shrunk,0.18517432083189486,0.007845549475239695,0.5418598189204932,0.0936409096121788,0.09153341121971607,0.727034139752388,37.0,0.3571428571428571,0.0,-1.0,0.18517432083189486,0.18517432083189486,0.18543709720671178,0.18543709720671178,0.18543709720671178,0.07320600003004074
val,beta_skewed,100,64,5064000,500,power,power_a0.3333_c8.43813,0.3333333333333333,8.4381286119,-1,posterior_mean_shrunk,0.18316099879145623,0.0076689456669808255,0.5438731409609318,0.08300267469882965,0.10015832409262657,0.727034139752388,40.0,0.3877551020408162,0.0,-1.0,0.18316099879145623,0.18270944419503213,0.18904228177294136,0.20485958949103952,0.18316099879145623,0.0738538330188021
val,beta_skewed,100,64,5064000,500,power,power_a0.5000_c3.5954,0.5,3.5954038928,-1,posterior_mean_shrunk,0.18387898121774196,0.007740437296982825,0.543155158534646,0.09493416303396225,0.08894481818377972,0.727034139752388,36.0,0.34693877551020413,0.0,-1.0,0.18387898121774196,0.18387898121774196,0.18415559415519236,0.18415559415519236,0.18415559415519236,0.06324941699858755
val,beta_skewed,100,64,5064000,500,power,power_a0.6667_c1.70436,0.6666666666666666,1.7043607929,-1,posterior_mean_shrunk,0.1862793126553297,0.007857215148712264,0.5407548270970582,0.0936409096121788,0.09263840304315091,0.727034139752388,37.0,0.3571428571428571,0.0,-1.0,0.1862793126553297,0.18483215682208537,0.18891881377995015,0.1932075436860323,0.1848808113783598,0.06769329204689711
val,beta_skewed,100,64,5064000,500,refine_after_init,refine_after_init_K8,0.0,8.0,8,posterior_mean_shrunk,0.3069609113931656,0.008638055970776472,0.4200732283592224,0.28854618954658506,0.018414721846580506,0.727034139752388,8.0,0.06122448979591836,0.0,-1.0,0.3069609113931656,0.30722764518857004,0.3069609113931656,0.3069609113931656,0.3069609113931656,0.035598166985437274
val,beta_good_common,100,64,5004000,500,power,power_a0.2500_c11.6194,0.25,11.6193828489,-1,posterior_mean_shrunk,0.08171716475486755,0.0033287759983303645,0.8945751223564148,0.016657944202423097,0.06505922055244445,0.9762922871112824,37.0,0.3571428571428571,0.0,-1.0,0.08171716475486755,0.08171716475486755,0.08171716475486755,0.08823618113994598,0.08171716475486755,0.08495100005529821
val,beta_good_common,100,64,5004000,500,power,power_a0.3333_c8.43813,0.3333333333333333,8.4381286119,-1,posterior_mean_shrunk,0.0799963299036026,0.003296013554414928,0.8962959572076797,0.014427620768547058,0.06556870913505554,0.9762922871112824,40.0,0.3877551020408162,0.0,-1.0,0.0799963299036026,0.0799963299036026,0.0799963299036026,0.11233576303720474,0.0799963299036026,0.07980875007342547
val,beta_good_common,100,64,5004000,500,power,power_a0.5000_c3.5954,0.5,3.5954038928,-1,posterior_mean_shrunk,0.07865229880809783,0.0032946371457757972,0.8976399883031845,0.017205777406692505,0.061446521401405337,0.9762922871112824,36.0,0.34693877551020413,0.0,-1.0,0.07865229880809783,0.07865229880809783,0.07865229880809783,0.09042690575122833,0.07865229880809783,0.07261454197578132
val,beta_good_common,100,64,5004000,500,power,power_a0.6667_c1.70436,0.6666666666666666,1.7043607929,-1,posterior_mean_shrunk,0.08362417292594909,0.0033716462798290803,0.8926681141853332,0.016657944202423097,0.066966228723526,0.9762922871112824,37.0,0.3571428571428571,0.0,-1.0,0.08362417292594909,0.08362417292594909,0.08362417292594909,0.10918869042396545,0.08362417292594909,0.07988337497226894
val,beta_good_common,100,64,5004000,500,refine_after_init,refine_after_init_K8,0.0,8.0,8,posterior_mean_shrunk,0.08726591765880584,0.003228398697441779,0.8890263694524765,0.06804374814033508,0.019222169518470764,0.9762922871112824,8.0,0.06122448979591836,0.0,-1.0,0.08726591765880584,0.08721839249134064,0.08726591765880584,0.08734977018833161,0.08726591765880584,0.03907070797868073
val,beta_rare_excellent,200,64,5052000,500,power,power_a0.2500_c16,0.25,16.0,-1,posterior_mean_shrunk,0.18304468348622321,0.0055048793141365075,0.2988344331681728,0.0790946300625801,0.10395005342364311,0.48187911665439603,61.0,0.2979797979797979,0.0,-1.0,0.18304468348622321,0.18333953654766083,0.185667678758502,0.185667678758502,0.1831140847802162,0.10411899990867823
val,beta_rare_excellent,200,64,5052000,500,power,power_a0.3333_c9.38768,0.3333333333333333,9.38768368,-1,posterior_mean_shrunk,0.18121787019819022,0.005504715140851994,0.30066124645620584,0.08551754751801491,0.09570032268017531,0.48187911665439603,55.0,0.26767676767676774,0.0,-1.0,0.18121787019819022,0.18121787019819022,0.18111580976098776,0.18111580976098776,0.18121787019819022,0.09826987504493445
val,beta_rare_excellent,200,64,5052000,500,power,power_a0.5000_c4,0.5,4.0,-1,posterior_mean_shrunk,0.1847273918390274,0.005473144194466233,0.29715172481536867,0.08370630449056625,0.10102108734846114,0.48187911665439603,57.0,0.2777777777777778,0.0,-1.0,0.1847273918390274,0.1847273918390274,0.1871843990907073,0.18719468661397695,0.18430011154711246,0.10325016698334366
val,beta_rare_excellent,200,64,5052000,500,power,power_a0.6667_c3.23173,0.6666666666666666,3.2317322881,-1,posterior_mean_shrunk,0.18082523410022258,0.005481078704956791,0.3010538825541735,0.07588834396004676,0.10493689014017582,0.48187911665439603,64.0,0.31313131313131315,1.0,-1.0,0.18082523410022258,0.18082523410022258,0.18130438123643397,0.18130438123643397,0.18082523410022258,0.1007688749814406
val,beta_rare_excellent,200,64,5052000,500,refine_after_init,refine_after_init_K8,0.0,8.0,8,posterior_mean_shrunk,0.23461507853120567,0.005465358322519788,0.2472640381231904,0.22274537117779256,0.011869707353413105,0.48187911665439603,8.0,0.030303030303030293,0.0,-1.0,0.23461507853120567,0.2347372976616025,0.23446075166016817,0.23461507853120567,0.23461507853120567,0.0664631670806557
val,tail_b0.5_mu1.0_c1.0,200,64,5202000,500,power,power_a0.2500_c16,0.25,16.0,-1,posterior_mean_shrunk,0.011889142394065856,0.0007982199479077688,0.9880632438659668,0.0004801454544067383,0.011408996939659119,0.9999523862600327,61.0,0.2979797979797979,0.0,-1.0,0.011889142394065856,0.011889142394065856,0.011889142394065856,0.04411503031849861,0.011889142394065856,0.09452595794573426
val,tail_b0.5_mu1.0_c1.0,200,64,5202000,500,power,power_a0.3333_c9.38768,0.3333333333333333,9.38768368,-1,posterior_mean_shrunk,0.012497339010238648,0.0008803939095332848,0.987455047249794,0.0005863485336303711,0.011910990476608277,0.9999523862600327,55.0,0.26767676767676774,0.0,-1.0,0.012497339010238648,0.012497339010238648,0.012497339010238648,0.03772021177411079,0.012497339010238648,0.09721441695000976
val,tail_b0.5_mu1.0_c1.0,200,64,5202000,500,power,power_a0.5000_c4,0.5,4.0,-1,posterior_mean_shrunk,0.012945032477378845,0.000922323988709993,0.9870073537826538,0.0005318880081176758,0.012413144469261169,0.9999523862600327,57.0,0.2777777777777778,0.0,-1.0,0.012945032477378845,0.012945032477378845,0.012945032477378845,0.04542915758490562,0.012945032477378845,0.10685016599018127
val,tail_b0.5_mu1.0_c1.0,200,64,5202000,500,power,power_a0.6667_c3.23173,0.6666666666666666,3.2317322881,-1,posterior_mean_shrunk,0.01259148907661438,0.0008489862583305442,0.9873608971834182,0.0004197145700454712,0.012171774506568908,0.9999523862600327,64.0,0.31313131313131315,1.0,-1.0,0.01259148907661438,0.01259148907661438,0.01259148907661438,0.03681830182671547,0.01259148907661438,0.10550387506373227
val,tail_b0.5_mu1.0_c1.0,200,64,5202000,500,refine_after_init,refine_after_init_K8,0.0,8.0,8,posterior_mean_shrunk,0.03031092083454132,0.0022410381898223353,0.9696414654254913,0.026239404916763305,0.004071515917778015,0.9999523862600327,8.0,0.030303030303030293,0.0,-1.0,0.03031092083454132,0.03031092083454132,0.03031092083454132,0.03237345001101494,0.03031092083454132,0.06247041595634073
val,tail_b2.0_mu1.0_c1.0,200,64,5367000,500,power,power_a0.2500_c16,0.25,16.0,-1,posterior_mean_shrunk,0.0921748878955841,0.004303919499405188,0.8448843418359756,0.04988119375705719,0.04229369413852692,0.9370592297315598,61.0,0.2979797979797979,0.0,-1.0,0.0921748878955841,0.0927811757326126,0.0927811757326126,0.12369036662578582,0.0927811757326126,0.11193354101851583
val,tail_b2.0_mu1.0_c1.0,200,64,5367000,500,power,power_a0.3333_c9.38768,0.3333333333333333,9.38768368,-1,posterior_mean_shrunk,0.09961597734689713,0.004475941685864075,0.8374432523846627,0.057551895022392274,0.04206408232450485,0.9370592297315598,55.0,0.26767676767676774,0.0,-1.0,0.09961597734689713,0.10001886802911758,0.1008921565413475,0.10178057247400284,0.1003564744591713,0.09366641705855727
val,tail_b2.0_mu1.0_c1.0,200,64,5367000,500,power,power_a0.5000_c4,0.5,4.0,-1,posterior_mean_shrunk,0.1010961641073227,0.004553698977880527,0.8359630656242371,0.05424400150775909,0.046852162599563596,0.9370592297315598,57.0,0.2777777777777778,0.0,-1.0,0.1010961641073227,0.1003614798784256,0.09940387272834778,0.10997355160117149,0.10011396086215973,0.10127929202280939
val,tail_b2.0_mu1.0_c1.0,200,64,5367000,500,power,power_a0.6667_c3.23173,0.6666666666666666,3.2317322881,-1,posterior_mean_shrunk,0.08695010113716126,0.0040701529626623045,0.8501091285943985,0.047617783784866335,0.03933231735229492,0.9370592297315598,64.0,0.31313131313131315,1.0,-1.0,0.08695010113716126,0.08695010113716126,0.08695010113716126,0.08685776472091675,0.08695010113716126,0.1018407919909805
val,tail_b2.0_mu1.0_c1.0,200,64,5367000,500,refine_after_init,refine_after_init_K8,0.0,8.0,8,posterior_mean_shrunk,0.23011957114934922,0.006664399820188708,0.7069396585822105,0.22372789484262467,0.006391676306724548,0.9370592297315598,8.0,0.030303030303030293,0.0,-1.0,0.23011957114934922,0.23025510799884796,0.23011957114934922,0.23011957114934922,0.23011957114934922,0.0626974580809474
val,tail_b1.0_mu0.9_c2.0,200,64,5277000,500,power,power_a0.2500_c16,0.25,16.0,-1,posterior_mean_shrunk,0.053889075756073,0.0025639585759651886,0.8434919527769089,0.00554726254940033,0.04834181320667267,0.8973810285329819,61.0,0.2979797979797979,0.0,-1.0,0.053889075756073,0.053889075756073,0.053889075756073,0.08654659527540207,0.053889075756073,0.10329829202964902
val,tail_b1.0_mu0.9_c2.0,200,64,5277000,500,power,power_a0.3333_c9.38768,0.3333333333333333,9.38768368,-1,posterior_mean_shrunk,0.0497245432138443,0.0024630150662209886,0.8476564853191376,0.006373698711395264,0.04335084450244903,0.8973810285329819,55.0,0.26767676767676774,0.0,-1.0,0.0497245432138443,0.04974570918083191,0.05034523260593414,0.05308146381378174,0.04974570918083191,0.1023389589972794
val,tail_b1.0_mu0.9_c2.0,200,64,5277000,500,power,power_a0.5000_c4,0.5,4.0,-1,posterior_mean_shrunk,0.05181404721736908,0.0024737110434431375,0.8455669813156128,0.006047838568687439,0.04576620864868164,0.8973810285329819,57.0,0.2777777777777778,0.0,-1.0,0.05181404721736908,0.051548168182373046,0.05212480056285858,0.07237021225690841,0.05168616628646851,0.09854266699403524
val,tail_b1.0_mu0.9_c2.0,200,64,5277000,500,power,power_a0.6667_c3.23173,0.6666666666666666,3.2317322881,-1,posterior_mean_shrunk,0.053312142372131346,0.0024588232518787854,0.8440688861608505,0.0053234676122665405,0.047988674759864805,0.8973810285329819,64.0,0.31313131313131315,1.0,-1.0,0.053312142372131346,0.053312142372131346,0.053312142372131346,0.057497223854064944,0.053312142372131346,0.11235866707284003
val,tail_b1.0_mu0.9_c2.0,200,64,5277000,500,refine_after_init,refine_after_init_K8,0.0,8.0,8,posterior_mean_shrunk,0.06999422878026962,0.003155566031517382,0.8273867997527122,0.054737997174263,0.015256231606006622,0.8973810285329819,8.0,0.030303030303030293,0.0,-1.0,0.06999422878026962,0.06999422878026962,0.0701463605761528,0.0701463605761528,0.06999422878026962,0.06506425002589822
val,tail_b8.0_mu1.0_c1.0,200,64,5472000,500,power,power_a0.2500_c16,0.25,16.0,-1,posterior_mean_shrunk,0.18112592067196964,0.0058458406366530165,0.33619595144316555,0.08022881376743317,0.10089710690453649,0.5173218721151351,61.0,0.2979797979797979,0.0,-1.0,0.18112592067196964,0.18001664106920362,0.18237314178422093,0.18237314178422093,0.18112592067196964,0.10547904099803418
val,tail_b8.0_mu1.0_c1.0,200,64,5472000,500,power,power_a0.3333_c9.38768,0.3333333333333333,9.38768368,-1,posterior_mean_shrunk,0.18338971362635492,0.005888753871812172,0.3339321584887803,0.08552201414108276,0.09786769948527217,0.5173218721151351,55.0,0.26767676767676774,0.0,-1.0,0.18338971362635492,0.18338971362635492,0.18340457521006465,0.18340457521006465,0.18338971362635492,0.09742779098451138
val,tail_b8.0_mu1.0_c1.0,200,64,5472000,500,power,power_a0.5000_c4,0.5,4.0,-1,posterior_mean_shrunk,0.18059176144376396,0.0058235558349531875,0.3367301106713712,0.08354730248451232,0.09704445895925164,0.5173218721151351,57.0,0.2777777777777778,0.0,-1.0,0.18059176144376396,0.18042991164699196,0.18093397899717092,0.1818804495111108,0.18059176144376396,0.10589870891999453
val,tail_b8.0_mu1.0_c1.0,200,64,5472000,500,power,power_a0.6667_c3.23173,0.6666666666666666,3.2317322881,-1,posterior_mean_shrunk,0.1776271768063307,0.005877029858378343,0.33969469530880453,0.0761584222316742,0.10146875457465648,0.5173218721151351,64.0,0.31313131313131315,1.0,-1.0,0.1776271768063307,0.1776271768063307,0.1790960977524519,0.1790960977524519,0.1776271768063307,0.107471292023547
val,tail_b8.0_mu1.0_c1.0,200,64,5472000,500,refine_after_init,refine_after_init_K8,0.0,8.0,8,posterior_mean_shrunk,0.2476698984466493,0.005869314058389657,0.26965197366848587,0.23363024158775805,0.014039656858891249,0.5173218721151351,8.0,0.030303030303030293,0.0,-1.0,0.2476698984466493,0.24756723148748278,0.24772980957850813,0.24772980957850813,0.2476698984466493,0.06499233306385577
val,beta_mostly_mediocre,200,64,5037000,500,power,power_a0.2500_c16,0.25,16.0,-1,posterior_mean_shrunk,0.1367432340979576,0.004248857150769586,0.6724560621380806,0.04000355052947998,0.09673968356847763,0.8091992962360383,61.0,0.2979797979797979,0.0,-1.0,0.1367432340979576,0.1367432340979576,0.13771557116508484,0.16614597618579866,0.1367432340979576,0.1128765830071643
val,beta_mostly_mediocre,200,64,5037000,500,power,power_a0.3333_c9.38768,0.3333333333333333,9.38768368,-1,posterior_mean_shrunk,0.13331425857543946,0.004090818487639526,0.6758850376605987,0.04449462425708771,0.08881963431835174,0.8091992962360383,55.0,0.26767676767676774,0.0,-1.0,0.13331425857543946,0.13368834340572358,0.13350598120689391,0.1340841736793518,0.13331425857543946,0.10996162495575845
val,beta_mostly_mediocre,200,64,5037000,500,power,power_a0.5000_c4,0.5,4.0,-1,posterior_mean_shrunk,0.1332025344967842,0.00409835676322617,0.675996761739254,0.042801467537879945,0.09040106695890426,0.8091992962360383,57.0,0.2777777777777778,0.0,-1.0,0.1332025344967842,0.13353626555204393,0.13628349781036378,0.14422120332717894,0.13323237973451615,0.11698145908303559
val,beta_mostly_mediocre,200,64,5037000,500,power,power_a0.6667_c3.23173,0.6666666666666666,3.2317322881,-1,posterior_mean_shrunk,0.14050221520662307,0.004370721816256659,0.6686970810294152,0.03770957922935486,0.10279263597726822,0.8091992962360383,64.0,0.31313131313131315,1.0,-1.0,0.14050221520662307,0.14050221520662307,0.14111166018247603,0.14093462651968003,0.14050221520662307,0.12029162491671741
val,beta_mostly_mediocre,200,64,5037000,500,refine_after_init,refine_after_init_K8,0.0,8.0,8,posterior_mean_shrunk,0.15484612387418747,0.003958956499273189,0.6543531723618508,0.13422481417655946,0.020621309697628022,0.8091992962360383,8.0,0.030303030303030293,0.0,-1.0,0.15484612387418747,0.1546602789759636,0.15455012565851212,0.15463034850358964,0.15476886588335037,0.06799029209651053
val,beta_skewed,200,64,5067000,500,power,power_a0.2500_c16,0.25,16.0,-1,posterior_mean_shrunk,0.1536394196152687,0.006434633516705571,0.6337233416438103,0.09850691938400269,0.05513250023126602,0.787362761259079,61.0,0.2979797979797979,0.0,-1.0,0.1536394196152687,0.1536394196152687,0.158696270391345,0.16076283049583434,0.1536394196152687,0.12910991697572172
val,beta_skewed,200,64,5067000,500,power,power_a0.3333_c9.38768,0.3333333333333333,9.38768368,-1,posterior_mean_shrunk,0.16354213684797286,0.006775678757874931,0.6238206244111061,0.10805744516849518,0.05548469167947769,0.787362761259079,55.0,0.26767676767676774,0.0,-1.0,0.16354213684797286,0.16414662408828734,0.16349136048555374,0.16347284799814224,0.16340416049957276,0.12414495798293501
val,beta_skewed,200,64,5067000,500,power,power_a0.5000_c4,0.5,4.0,-1,posterior_mean_shrunk,0.1590328072309494,0.006596679006235097,0.6283299540281295,0.1038376249074936,0.05519518232345581,0.787362761259079,57.0,0.2777777777777778,0.0,-1.0,0.1590328072309494,0.1592951585650444,0.16090190324187278,0.16431586322188377,0.1592951585650444,0.12037737492937595
val,beta_skewed,200,64,5067000,500,power,power_a0.6667_c3.23173,0.6666666666666666,3.2317322881,-1,posterior_mean_shrunk,0.14638127222657205,0.006150001875928399,0.640981489032507,0.09213673448562622,0.054244537740945814,0.787362761259079,64.0,0.31313131313131315,1.0,-1.0,0.14638127222657205,0.14638127222657205,0.14683388110995294,0.14683388110995294,0.14653123340010643,0.1276701670140028
val,beta_skewed,200,64,5067000,500,refine_after_init,refine_after_init_K8,0.0,8.0,8,posterior_mean_shrunk,0.3693395406473428,0.008347468753230903,0.4180232206117362,0.3587119481265545,0.010627592520788312,0.787362761259079,8.0,0.030303030303030293,0.0,-1.0,0.3693395406473428,0.369610806601122,0.3693395406473428,0.3693395406473428,0.3693395406473428,0.06627862504683435
val,beta_good_common,200,64,5007000,500,power,power_a0.2500_c16,0.25,16.0,-1,posterior_mean_shrunk,0.05796634423732758,0.002299008526389721,0.9255890941619873,0.013932635307312011,0.04403370893001556,0.9835554383993149,61.0,0.2979797979797979,0.0,-1.0,0.05796634423732758,0.05796634423732758,0.05796634423732758,0.08492189985513687,0.05796634423732758,0.14265808300115168
val,beta_good_common,200,64,5007000,500,power,power_a0.3333_c9.38768,0.3333333333333333,9.38768368,-1,posterior_mean_shrunk,0.05672076892852783,0.0022100566909295212,0.9268346694707871,0.015364505052566528,0.0413562638759613,0.9835554383993149,55.0,0.26767676767676774,0.0,-1.0,0.05672076892852783,0.05672076892852783,0.05663297522068024,0.06727434927225114,0.05672076892852783,0.14141116698738188
val,beta_good_common,200,64,5007000,500,power,power_a0.5000_c4,0.5,4.0,-1,posterior_mean_shrunk,0.05794818365573883,0.002260851352422149,0.9256072547435761,0.01492898964881897,0.043019194006919864,0.9835554383993149,57.0,0.2777777777777778,0.0,-1.0,0.05794818365573883,0.05794818365573883,0.05794818365573883,0.07654764842987061,0.05794818365573883,0.14047412504442036
val,beta_good_common,200,64,5007000,500,power,power_a0.6667_c3.23173,0.6666666666666666,3.2317322881,-1,posterior_mean_shrunk,0.05945620059967041,0.002432464530336046,0.9240992377996444,0.01304329514503479,0.04641290545463562,0.9835554383993149,64.0,0.31313131313131315,1.0,-1.0,0.05945620059967041,0.05945620059967041,0.05945620059967041,0.07026832044124603,0.05945620059967041,0.1534658329328522
val,beta_good_common,200,64,5007000,500,refine_after_init,refine_after_init_K8,0.0,8.0,8,posterior_mean_shrunk,0.08643989741802216,0.002773181052661784,0.8971155409812928,0.07523472046852112,0.011205176949501038,0.9835554383993149,8.0,0.030303030303030293,0.0,-1.0,0.08643989741802216,0.08664851689338685,0.08643989741802216,0.08643989741802216,0.08643989741802216,0.07048654090613127
val,beta_rare_excellent,500,64,5055000,500,power,power_a0.2500_c16,0.25,16.0,-1,posterior_mean_shrunk,0.15966445277631283,0.004854002256096899,0.3571788293868303,0.1130865530371666,0.04657789973914623,0.5168432821631431,64.0,0.12449799196787148,1.0,-1.0,0.15966445277631283,0.15966445277631283,0.16007954870164395,0.1602402501553297,0.1593896648734808,0.23072545905597508
val,beta_rare_excellent,500,64,5055000,500,power,power_a0.3333_c14.3816,0.3333333333333333,14.3816155711,-1,posterior_mean_shrunk,0.15966445277631283,0.004854002256096899,0.3571788293868303,0.1130865530371666,0.04657789973914623,0.5168432821631431,64.0,0.12449799196787148,1.0,-1.0,0.15966445277631283,0.15966445277631283,0.16007954870164395,0.1602402501553297,0.1593896648734808,0.228173749987036
val,beta_rare_excellent,500,64,5055000,500,power,power_a0.5000_c7.58462,0.5,7.5846201147,-1,posterior_mean_shrunk,0.15966445277631283,0.004854002256096899,0.3571788293868303,0.1130865530371666,0.04657789973914623,0.5168432821631431,64.0,0.12449799196787148,1.0,-1.0,0.15966445277631283,0.15966445277631283,0.16007954870164395,0.1602402501553297,0.1593896648734808,0.23384445800911635
val,beta_rare_excellent,500,64,5055000,500,power,power_a0.6667_c4,0.6666666666666666,4.0,-1,posterior_mean_shrunk,0.15966445277631283,0.004854002256096899,0.3571788293868303,0.1130865530371666,0.04657789973914623,0.5168432821631431,64.0,0.12449799196787148,1.0,-1.0,0.15966445277631283,0.15966445277631283,0.16007954870164395,0.1602402501553297,0.1593896648734808,0.2374062080634758
val,beta_rare_excellent,500,64,5055000,500,refine_after_init,refine_after_init_K8,0.0,8.0,8,posterior_mean_shrunk,0.2627236561998725,0.005243187684497007,0.25411962596327065,0.2572614636644721,0.005462192535400391,0.5168432821631431,8.0,0.01204819277108434,0.0,-1.0,0.2627236561998725,0.2627236561998725,0.26264775984734295,0.2627236561998725,0.2627236561998725,0.15454879100434482
val,tail_b0.5_mu1.0_c1.0,500,64,5205000,500,power,power_a0.2500_c16,0.25,16.0,-1,posterior_mean_shrunk,0.004243339538574219,0.00029550757441936405,0.9957472816705704,0.0004586191177368164,0.0037847204208374024,0.9999906212091446,64.0,0.12449799196787148,1.0,-1.0,0.004243339538574219,0.004243339538574219,0.004243339538574219,0.022817492097616195,0.004243339538574219,0.22400387504603714
val,tail_b0.5_mu1.0_c1.0,500,64,5205000,500,power,power_a0.3333_c14.3816,0.3333333333333333,14.3816155711,-1,posterior_mean_shrunk,0.0042477016448974605,0.0002958816564752504,0.9957429195642471,0.0004586191177368164,0.0037890825271606446,0.9999906212091446,64.0,0.12449799196787148,1.0,-1.0,0.0042477016448974605,0.0042477016448974605,0.0042477016448974605,0.022817178696393967,0.0042477016448974605,0.22530916705727577
val,tail_b0.5_mu1.0_c1.0,500,64,5205000,500,power,power_a0.5000_c7.58462,0.5,7.5846201147,-1,posterior_mean_shrunk,0.0042477016448974605,0.0002958816564752504,0.9957429195642471,0.0004586191177368164,0.0037890825271606446,0.9999906212091446,64.0,0.12449799196787148,1.0,-1.0,0.0042477016448974605,0.0042477016448974605,0.0042477016448974605,0.022817178696393967,0.0042477016448974605,0.2243704580469057
val,tail_b0.5_mu1.0_c1.0,500,64,5205000,500,power,power_a0.6667_c4,0.6666666666666666,4.0,-1,posterior_mean_shrunk,0.0042477016448974605,0.0002958816564752504,0.9957429195642471,0.0004586191177368164,0.0037890825271606446,0.9999906212091446,64.0,0.12449799196787148,1.0,-1.0,0.0042477016448974605,0.0042477016448974605,0.0042477016448974605,0.022817178696393967,0.0042477016448974605,0.2219382500043139
val,tail_b0.5_mu1.0_c1.0,500,64,5205000,500,refine_after_init,refine_after_init_K8,0.0,8.0,8,posterior_mean_shrunk,0.02515776777267456,0.001932288869146838,0.9748328534364701,0.023935240864753723,0.0012225269079208375,0.9999906212091446,8.0,0.01204819277108434,0.0,-1.0,0.02515776777267456,0.02513200557231903,0.02515776777267456,0.02518153941631317,0.02515776777267456,0.14482679194770753
val,beta_mostly_mediocre,500,64,5040000,500,power,power_a0.2500_c16,0.25,16.0,-1,posterior_mean_shrunk,0.10785292422771454,0.0031682745263328796,0.7233704092502594,0.06052272510528565,0.0473301991224289,0.831223333477974,64.0,0.12449799196787148,1.0,-1.0,0.10785292422771454,0.10785292422771454,0.10818780040740966,0.10846248209476471,0.10785292422771454,0.250271208002232
val,beta_mostly_mediocre,500,64,5040000,500,power,power_a0.3333_c14.3816,0.3333333333333333,14.3816155711,-1,posterior_mean_shrunk,0.10785292422771454,0.0031682745263328796,0.7233704092502594,0.06052272510528565,0.0473301991224289,0.831223333477974,64.0,0.12449799196787148,1.0,-1.0,0.10785292422771454,0.10785292422771454,0.10818780040740966,0.10846248209476471,0.10785292422771454,0.2442852919921279
val,beta_mostly_mediocre,500,64,5040000,500,power,power_a0.5000_c7.58462,0.5,7.5846201147,-1,posterior_mean_shrunk,0.10785292422771454,0.0031682745263328796,0.7233704092502594,0.06052272510528565,0.0473301991224289,0.831223333477974,64.0,0.12449799196787148,1.0,-1.0,0.10785292422771454,0.10785292422771454,0.10818780040740966,0.10846248209476471,0.10785292422771454,0.2462107090977952
val,beta_mostly_mediocre,500,64,5040000,500,power,power_a0.6667_c4,0.6666666666666666,4.0,-1,posterior_mean_shrunk,0.10785292422771454,0.0031682745263328796,0.7233704092502594,0.06052272510528565,0.0473301991224289,0.831223333477974,64.0,0.12449799196787148,1.0,-1.0,0.10785292422771454,0.10785292422771454,0.10818780040740966,0.10846248209476471,0.10785292422771454,0.24179216707125306
val,beta_mostly_mediocre,500,64,5040000,500,refine_after_init,refine_after_init_K8,0.0,8.0,8,posterior_mean_shrunk,0.16646231496334077,0.0036690239196951044,0.6647610185146332,0.15748664766550063,0.008975667297840119,0.831223333477974,8.0,0.01204819277108434,0.0,-1.0,0.16646231496334077,0.16646231496334077,0.16632999658584594,0.16632999658584594,0.16632999658584594,0.1539239160483703
val,tail_b2.0_mu1.0_c1.0,500,64,5370000,500,power,power_a0.2500_c16,0.25,16.0,-1,posterior_mean_shrunk,0.0757882118821144,0.002964911015576715,0.8854264449477196,0.06491722154617309,0.010870990335941315,0.961214656829834,64.0,0.12449799196787148,1.0,-1.0,0.0757882118821144,0.0757882118821144,0.07585391706228256,0.07585391706228256,0.07575859063863755,0.23102862504310906
val,tail_b2.0_mu1.0_c1.0,500,64,5370000,500,power,power_a0.3333_c14.3816,0.3333333333333333,14.3816155711,-1,posterior_mean_shrunk,0.0757882118821144,0.002964911015576715,0.8854264449477196,0.06491722154617309,0.010870990335941315,0.961214656829834,64.0,0.12449799196787148,1.0,-1.0,0.0757882118821144,0.0757882118821144,0.07585391706228256,0.07585391706228256,0.07575859063863755,0.22073279204778373
val,tail_b2.0_mu1.0_c1.0,500,64,5370000,500,power,power_a0.5000_c7.58462,0.5,7.5846201147,-1,posterior_mean_shrunk,0.0757882118821144,0.002964911015576715,0.8854264449477196,0.06491722154617309,0.010870990335941315,0.961214656829834,64.0,0.12449799196787148,1.0,-1.0,0.0757882118821144,0.0757882118821144,0.07585391706228256,0.07585391706228256,0.07575859063863755,0.2299070410663262
val,tail_b2.0_mu1.0_c1.0,500,64,5370000,500,power,power_a0.6667_c4,0.6666666666666666,4.0,-1,posterior_mean_shrunk,0.0757882118821144,0.002964911015576715,0.8854264449477196,0.06491722154617309,0.010870990335941315,0.961214656829834,64.0,0.12449799196787148,1.0,-1.0,0.0757882118821144,0.0757882118821144,0.07585391706228256,0.07585391706228256,0.07575859063863755,0.22554579097777605
val,tail_b2.0_mu1.0_c1.0,500,64,5370000,500,refine_after_init,refine_after_init_K8,0.0,8.0,8,posterior_mean_shrunk,0.2488766894340515,0.006511255651288422,0.7123379673957825,0.24651236057281495,0.0023643288612365723,0.961214656829834,8.0,0.01204819277108434,0.0,-1.0,0.2488766894340515,0.2488766894340515,0.2488766894340515,0.2488766894340515,0.2488766894340515,0.1580956659745425
val,tail_b1.0_mu0.9_c2.0,500,64,5280000,500,power,power_a0.2500_c16,0.25,16.0,-1,posterior_mean_shrunk,0.033184857606887816,0.0014776741017765744,0.8658514132499695,0.006895366787910462,0.026289490818977357,0.8990362708568573,64.0,0.12449799196787148,1.0,-1.0,0.033184857606887816,0.033184857606887816,0.03340697836875915,0.0335212459564209,0.033184857606887816,0.23065037501510233
val,tail_b1.0_mu0.9_c2.0,500,64,5280000,500,power,power_a0.3333_c14.3816,0.3333333333333333,14.3816155711,-1,posterior_mean_shrunk,0.033184857606887816,0.0014776741017765744,0.8658514132499695,0.006895366787910462,0.026289490818977357,0.8990362708568573,64.0,0.12449799196787148,1.0,-1.0,0.033184857606887816,0.033184857606887816,0.03340697836875915,0.0335212459564209,0.033184857606887816,0.22737966605927795
val,tail_b1.0_mu0.9_c2.0,500,64,5280000,500,power,power_a0.5000_c7.58462,0.5,7.5846201147,-1,posterior_mean_shrunk,0.033184857606887816,0.0014776741017765744,0.8658514132499695,0.006895366787910462,0.026289490818977357,0.8990362708568573,64.0,0.12449799196787148,1.0,-1.0,0.033184857606887816,0.033184857606887816,0.03340697836875915,0.0335212459564209,0.033184857606887816,0.2216817500302568
val,tail_b1.0_mu0.9_c2.0,500,64,5280000,500,power,power_a0.6667_c4,0.6666666666666666,4.0,-1,posterior_mean_shrunk,0.033184857606887816,0.0014776741017765744,0.8658514132499695,0.006895366787910462,0.026289490818977357,0.8990362708568573,64.0,0.12449799196787148,1.0,-1.0,0.033184857606887816,0.033184857606887816,0.03340697836875915,0.0335212459564209,0.033184857606887816,0.22979920904617757
val,tail_b1.0_mu0.9_c2.0,500,64,5280000,500,refine_after_init,refine_after_init_K8,0.0,8.0,8,posterior_mean_shrunk,0.061602760791778566,0.0024289938252044516,0.8374335100650787,0.054949959039688114,0.006652801752090454,0.8990362708568573,8.0,0.01204819277108434,0.0,-1.0,0.061602760791778566,0.061602760791778566,0.06164662182331085,0.0615764000415802,0.061602760791778566,0.15902812499552965
val,tail_b8.0_mu1.0_c1.0,500,64,5475000,500,power,power_a0.2500_c16,0.25,16.0,-1,posterior_mean_shrunk,0.1647478139549494,0.005143198189011625,0.40268106625974176,0.12264386162161828,0.042103952333331106,0.5674288802146912,64.0,0.12449799196787148,1.0,-1.0,0.1647478139549494,0.1647478139549494,0.1650539194792509,0.16499203880131244,0.16479406420886517,0.23671679198741913
val,tail_b8.0_mu1.0_c1.0,500,64,5475000,500,power,power_a0.3333_c14.3816,0.3333333333333333,14.3816155711,-1,posterior_mean_shrunk,0.1647478139549494,0.005143198189011625,0.40268106625974176,0.12264386162161828,0.042103952333331106,0.5674288802146912,64.0,0.12449799196787148,1.0,-1.0,0.1647478139549494,0.1647478139549494,0.1650539194792509,0.16499203880131244,0.16479406420886517,0.2263369580032304
val,tail_b8.0_mu1.0_c1.0,500,64,5475000,500,power,power_a0.5000_c7.58462,0.5,7.5846201147,-1,posterior_mean_shrunk,0.1647478139549494,0.005143198189011625,0.40268106625974176,0.12264386162161828,0.042103952333331106,0.5674288802146912,64.0,0.12449799196787148,1.0,-1.0,0.1647478139549494,0.1647478139549494,0.1650539194792509,0.16499203880131244,0.16479406420886517,0.230404166970402
val,tail_b8.0_mu1.0_c1.0,500,64,5475000,500,power,power_a0.6667_c4,0.6666666666666666,4.0,-1,posterior_mean_shrunk,0.1647478139549494,0.005143198189011625,0.40268106625974176,0.12264386162161828,0.042103952333331106,0.5674288802146912,64.0,0.12449799196787148,1.0,-1.0,0.1647478139549494,0.1647478139549494,0.1650539194792509,0.16499203880131244,0.16479406420886517,0.22710370901040733
val,tail_b8.0_mu1.0_c1.0,500,64,5475000,500,refine_after_init,refine_after_init_K8,0.0,8.0,8,posterior_mean_shrunk,0.29294884543120864,0.005530823581948989,0.27448003478348254,0.28824435609579085,0.0047044893354177475,0.5674288802146912,8.0,0.01204819277108434,0.0,-1.0,0.29294884543120864,0.29294884543120864,0.29294884543120864,0.29294884543120864,0.29294884543120864,0.15431820799130946
val,beta_good_common,500,64,5010000,500,power,power_a0.2500_c16,0.25,16.0,-1,posterior_mean_shrunk,0.03569364142417908,0.0013518973232750549,0.9540082341432572,0.020375285267829894,0.015318356156349182,0.9897018755674363,64.0,0.12449799196787148,1.0,-1.0,0.03569364142417908,0.03569364142417908,0.03570700585842133,0.03610692644119263,0.03569364142417908,0.2744507079478353
val,beta_good_common,500,64,5010000,500,power,power_a0.3333_c14.3816,0.3333333333333333,14.3816155711,-1,posterior_mean_shrunk,0.03569364142417908,0.0013518973232750549,0.9540082341432572,0.020375285267829894,0.015318356156349182,0.9897018755674363,64.0,0.12449799196787148,1.0,-1.0,0.03569364142417908,0.03569364142417908,0.03570700585842133,0.03610692644119263,0.03569364142417908,0.25996662490069866
val,beta_good_common,500,64,5010000,500,power,power_a0.5000_c7.58462,0.5,7.5846201147,-1,posterior_mean_shrunk,0.03569364142417908,0.0013518973232750549,0.9540082341432572,0.020375285267829894,0.015318356156349182,0.9897018755674363,64.0,0.12449799196787148,1.0,-1.0,0.03569364142417908,0.03569364142417908,0.03570700585842133,0.03610692644119263,0.03569364142417908,0.2828726670704782
val,beta_good_common,500,64,5010000,500,power,power_a0.6667_c4,0.6666666666666666,4.0,-1,posterior_mean_shrunk,0.03569364142417908,0.0013518973232750549,0.9540082341432572,0.020375285267829894,0.015318356156349182,0.9897018755674363,64.0,0.12449799196787148,1.0,-1.0,0.03569364142417908,0.03569364142417908,0.03570700585842133,0.03610692644119263,0.03569364142417908,0.2740744589827955
val,beta_good_common,500,64,5010000,500,refine_after_init,refine_after_init_K8,0.0,8.0,8,posterior_mean_shrunk,0.08247513651847839,0.00248042484741058,0.9072267390489578,0.07776171565055848,0.004713420867919922,0.9897018755674363,8.0,0.01204819277108434,0.0,-1.0,0.08247513651847839,0.08241557037830352,0.08247513651847839,0.08247513651847839,0.08247513651847839,0.15338541707023978
val,beta_skewed,500,64,5070000,500,power,power_a0.2500_c16,0.25,16.0,-1,posterior_mean_shrunk,0.15451632833480836,0.005564433698852353,0.682145765542984,0.14001157516241072,0.014504753172397614,0.8366620938777923,64.0,0.12449799196787148,1.0,-1.0,0.15451632833480836,0.15451632833480836,0.15451632833480836,0.15451632833480836,0.15451632833480836,0.27207474992610514
val,beta_skewed,500,64,5070000,500,power,power_a0.3333_c14.3816,0.3333333333333333,14.3816155711,-1,posterior_mean_shrunk,0.15451632833480836,0.005564433698852353,0.682145765542984,0.14001157516241072,0.014504753172397614,0.8366620938777923,64.0,0.12449799196787148,1.0,-1.0,0.15451632833480836,0.15451632833480836,0.15451632833480836,0.15451632833480836,0.15451632833480836,0.25608204200398177
val,beta_skewed,500,64,5070000,500,power,power_a0.5000_c7.58462,0.5,7.5846201147,-1,posterior_mean_shrunk,0.15451632833480836,0.005564433698852353,0.682145765542984,0.14001157516241072,0.014504753172397614,0.8366620938777923,64.0,0.12449799196787148,1.0,-1.0,0.15451632833480836,0.15451632833480836,0.15451632833480836,0.15451632833480836,0.15451632833480836,0.26212762494105846
val,beta_skewed,500,64,5070000,500,power,power_a0.6667_c4,0.6666666666666666,4.0,-1,posterior_mean_shrunk,0.15451632833480836,0.005564433698852353,0.682145765542984,0.14001157516241072,0.014504753172397614,0.8366620938777923,64.0,0.12449799196787148,1.0,-1.0,0.15451632833480836,0.15451632833480836,0.15451632833480836,0.15451632833480836,0.15451632833480836,0.25720954197458923
val,beta_skewed,500,64,5070000,500,refine_after_init,refine_after_init_K8,0.0,8.0,8,posterior_mean_shrunk,0.42164285826683046,0.008145849878968521,0.41501923561096193,0.41852371472120287,0.003119143545627594,0.8366620938777923,8.0,0.01204819277108434,0.0,-1.0,0.42164285826683046,0.42164285826683046,0.42164285826683046,0.42164285826683046,0.42164285826683046,0.14815404103137553
val,beta_rare_excellent,1000,64,5058000,500,power,power_a0.2500_c14.3816,0.25,14.3816155711,-1,posterior_mean_shrunk,0.17463481295108796,0.004521280682386279,0.3858664248585701,0.15792652490735054,0.01670828804373741,0.5605012378096581,64.0,0.062124248496993974,1.0,-1.0,0.17463481295108796,0.17463481295108796,0.1751422794163227,0.1751422794163227,0.1743692722916603,0.434640874969773
val,beta_rare_excellent,1000,64,5058000,500,power,power_a0.3333_c11.6194,0.3333333333333333,11.6193828489,-1,posterior_mean_shrunk,0.17463481295108796,0.004521280682386279,0.3858664248585701,0.15792652490735054,0.01670828804373741,0.5605012378096581,64.0,0.062124248496993974,1.0,-1.0,0.17463481295108796,0.17463481295108796,0.1751422794163227,0.1751422794163227,0.1743692722916603,0.4391404170310125
val,beta_rare_excellent,1000,64,5058000,500,power,power_a0.5000_c3.23173,0.5,3.2317322881,-1,posterior_mean_shrunk,0.17463481295108796,0.004521280682386279,0.3858664248585701,0.15792652490735054,0.01670828804373741,0.5605012378096581,64.0,0.062124248496993974,1.0,-1.0,0.17463481295108796,0.17463481295108796,0.1751422794163227,0.1751422794163227,0.1743692722916603,0.4261054580565542
val,beta_rare_excellent,1000,64,5058000,500,power,power_a0.6667_c1.23773,0.6666666666666666,1.2377262853,-1,posterior_mean_shrunk,0.17463481295108796,0.004521280682386279,0.3858664248585701,0.15792652490735054,0.01670828804373741,0.5605012378096581,64.0,0.062124248496993974,1.0,-1.0,0.17463481295108796,0.17463481295108796,0.1751422794163227,0.1751422794163227,0.1743692722916603,0.34667454194277525
val,beta_rare_excellent,1000,64,5058000,500,refine_after_init,refine_after_init_K8,0.0,8.0,8,posterior_mean_shrunk,0.3153093387261033,0.0047279087150747775,0.24519189908355474,0.3124724901244044,0.0028368486016988755,0.5605012378096581,8.0,0.006012024048096194,0.0,-1.0,0.3153093387261033,0.31533375637978317,0.3153093387261033,0.3153093387261033,0.3153093387261033,0.2595374999800697
val,beta_mostly_mediocre,1000,64,5043000,500,power,power_a0.2500_c14.3816,0.25,14.3816155711,-1,posterior_mean_shrunk,0.10313677322864533,0.0029738633463945482,0.7444177660942077,0.07767406129837036,0.025462711930274964,0.8475545393228531,64.0,0.062124248496993974,1.0,-1.0,0.10313677322864533,0.10313677322864533,0.10332601583003997,0.10354340672492982,0.10313677322864533,0.45346754195634276
val,beta_mostly_mediocre,1000,64,5043000,500,power,power_a0.3333_c11.6194,0.3333333333333333,11.6193828489,-1,posterior_mean_shrunk,0.10313677322864533,0.0029738633463945482,0.7444177660942077,0.07767406129837036,0.025462711930274964,0.8475545393228531,64.0,0.062124248496993974,1.0,-1.0,0.10313677322864533,0.10313677322864533,0.10332601583003997,0.10354340672492982,0.10313677322864533,0.4170817920239642
val,beta_mostly_mediocre,1000,64,5043000,500,power,power_a0.5000_c3.23173,0.5,3.2317322881,-1,posterior_mean_shrunk,0.10313677322864533,0.0029738633463945482,0.7444177660942077,0.07767406129837036,0.025462711930274964,0.8475545393228531,64.0,0.062124248496993974,1.0,-1.0,0.10313677322864533,0.10313677322864533,0.10332601583003997,0.10354340672492982,0.10313677322864533,0.36395154206547886
val,beta_mostly_mediocre,1000,64,5043000,500,power,power_a0.6667_c1.23773,0.6666666666666666,1.2377262853,-1,posterior_mean_shrunk,0.10313677322864533,0.0029738633463945482,0.7444177660942077,0.07767406129837036,0.025462711930274964,0.8475545393228531,64.0,0.062124248496993974,1.0,-1.0,0.10313677322864533,0.10313677322864533,0.10332601583003997,0.10354340672492982,0.10313677322864533,0.36418220796622336
val,beta_mostly_mediocre,1000,64,5043000,500,refine_after_init,refine_after_init_K8,0.0,8.0,8,posterior_mean_shrunk,0.17651296466588973,0.0033278063612435863,0.6710415746569633,0.1725198057293892,0.003993158936500549,0.8475545393228531,8.0,0.006012024048096194,0.0,-1.0,0.17651296466588973,0.17654734498262406,0.17651296466588973,0.17662161964178086,0.17651296466588973,0.25113895896356553
val,tail_b0.5_mu1.0_c1.0,1000,64,5208000,500,power,power_a0.2500_c14.3816,0.25,14.3816155711,-1,posterior_mean_shrunk,0.0017363440990447998,0.00010213694949723355,0.9982619287967682,0.00045669329166412356,0.0012796508073806762,0.999998272895813,64.0,0.062124248496993974,1.0,-1.0,0.0017363440990447998,0.0017363440990447998,0.0017363440990447998,0.01571205572783947,0.0017363440990447998,0.43579420901369303
val,tail_b0.5_mu1.0_c1.0,1000,64,5208000,500,power,power_a0.3333_c11.6194,0.3333333333333333,11.6193828489,-1,posterior_mean_shrunk,0.0017189360857009887,0.00010160724152880858,0.998279336810112,0.00045669329166412356,0.0012622427940368651,0.999998272895813,64.0,0.062124248496993974,1.0,-1.0,0.0017189360857009887,0.0017189360857009887,0.0017189360857009887,0.015693767592310906,0.0017189360857009887,0.36587945790961385
val,tail_b0.5_mu1.0_c1.0,1000,64,5208000,500,power,power_a0.5000_c3.23173,0.5,3.2317322881,-1,posterior_mean_shrunk,0.00178262197971344,0.00010894219237386922,0.9982156509160995,0.00045669329166412356,0.0013259286880493164,0.999998272895813,64.0,0.062124248496993974,1.0,-1.0,0.00178262197971344,0.00178262197971344,0.00178262197971344,0.01575396518409252,0.00178262197971344,0.36312066693790257
val,tail_b0.5_mu1.0_c1.0,1000,64,5208000,500,power,power_a0.6667_c1.23773,0.6666666666666666,1.2377262853,-1,posterior_mean_shrunk,0.001860601544380188,0.00011745340659589717,0.9981376713514328,0.00045669329166412356,0.0014039082527160644,0.999998272895813,64.0,0.062124248496993974,1.0,-1.0,0.001860601544380188,0.001860601544380188,0.001860601544380188,0.016653980061411857,0.001860601544380188,0.3335970420157537
val,tail_b0.5_mu1.0_c1.0,1000,64,5208000,500,refine_after_init,refine_after_init_K8,0.0,8.0,8,posterior_mean_shrunk,0.02277875542640686,0.0014802824040306313,0.9772195174694062,0.02206178653240204,0.0007169688940048218,0.999998272895813,8.0,0.006012024048096194,0.0,-1.0,0.02277875542640686,0.02277875542640686,0.02277875542640686,0.022793275594711303,0.02277875542640686,0.227054791059345
val,tail_b2.0_mu1.0_c1.0,1000,64,5373000,500,power,power_a0.2500_c14.3816,0.25,14.3816155711,-1,posterior_mean_shrunk,0.09056712126731872,0.002917999254600722,0.8821361887454987,0.08585728931427002,0.004709831953048706,0.9727033100128174,64.0,0.062124248496993974,1.0,-1.0,0.09056712126731872,0.09056712126731872,0.09056712126731872,0.09056712126731872,0.09056712126731872,0.42517695808783174
val,tail_b2.0_mu1.0_c1.0,1000,64,5373000,500,power,power_a0.3333_c11.6194,0.3333333333333333,11.6193828489,-1,posterior_mean_shrunk,0.09056712126731872,0.002917999254600722,0.8821361887454987,0.08585728931427002,0.004709831953048706,0.9727033100128174,64.0,0.062124248496993974,1.0,-1.0,0.09056712126731872,0.09056712126731872,0.09056712126731872,0.09056712126731872,0.09056712126731872,0.3584426249144599
val,tail_b2.0_mu1.0_c1.0,1000,64,5373000,500,power,power_a0.5000_c3.23173,0.5,3.2317322881,-1,posterior_mean_shrunk,0.09064079201221466,0.0029160495937650393,0.8820625180006028,0.08585728931427002,0.004783502697944641,0.9727033100128174,64.0,0.062124248496993974,1.0,-1.0,0.09064079201221466,0.09064079201221466,0.09064079201221466,0.09064079201221466,0.09064079201221466,0.3524224170250818
val,tail_b2.0_mu1.0_c1.0,1000,64,5373000,500,power,power_a0.6667_c1.23773,0.6666666666666666,1.2377262853,-1,posterior_mean_shrunk,0.09051399445533752,0.00291531457308152,0.8821893155574798,0.08585728931427002,0.004656705141067505,0.9727033100128174,64.0,0.062124248496993974,1.0,-1.0,0.09051399445533752,0.09051399445533752,0.09051399445533752,0.09051399445533752,0.09051399445533752,0.3347488750005141
val,tail_b2.0_mu1.0_c1.0,1000,64,5373000,500,refine_after_init,refine_after_init_K8,0.0,8.0,8,posterior_mean_shrunk,0.2783773193359375,0.006722514589648132,0.6943259906768798,0.2769084729552269,0.0014688463807106017,0.9727033100128174,8.0,0.006012024048096194,0.0,-1.0,0.2783773193359375,0.2783773193359375,0.2783773193359375,0.2783773193359375,0.2783773193359375,0.20899112499319017
val,tail_b8.0_mu1.0_c1.0,1000,64,5478000,500,power,power_a0.2500_c14.3816,0.25,14.3816155711,-1,posterior_mean_shrunk,0.1780911737680435,0.004654461750013894,0.4231123580932617,0.16356286758184432,0.014528306186199188,0.6012035318613053,64.0,0.062124248496993974,1.0,-1.0,0.1780911737680435,0.1780911737680435,0.1782634119987488,0.1782634119987488,0.1780911737680435,0.41608854103833437
val,tail_b8.0_mu1.0_c1.0,1000,64,5478000,500,power,power_a0.3333_c11.6194,0.3333333333333333,11.6193828489,-1,posterior_mean_shrunk,0.1780911737680435,0.004654461750013894,0.4231123580932617,0.16356286758184432,0.014528306186199188,0.6012035318613053,64.0,0.062124248496993974,1.0,-1.0,0.1780911737680435,0.1780911737680435,0.1782634119987488,0.1782634119987488,0.1780911737680435,0.3513208329677582
val,tail_b8.0_mu1.0_c1.0,1000,64,5478000,500,power,power_a0.5000_c3.23173,0.5,3.2317322881,-1,posterior_mean_shrunk,0.1780911737680435,0.004654461750013894,0.4231123580932617,0.16356286758184432,0.014528306186199188,0.6012035318613053,64.0,0.062124248496993974,1.0,-1.0,0.1780911737680435,0.1780911737680435,0.1782634119987488,0.1782634119987488,0.1780911737680435,0.35798450000584126
val,tail_b8.0_mu1.0_c1.0,1000,64,5478000,500,power,power_a0.6667_c1.23773,0.6666666666666666,1.2377262853,-1,posterior_mean_shrunk,0.1780911737680435,0.004654461750013894,0.4231123580932617,0.16356286758184432,0.014528306186199188,0.6012035318613053,64.0,0.062124248496993974,1.0,-1.0,0.1780911737680435,0.1780911737680435,0.1782634119987488,0.1782634119987488,0.1780911737680435,0.3373389590997249
val,tail_b8.0_mu1.0_c1.0,1000,64,5478000,500,refine_after_init,refine_after_init_K8,0.0,8.0,8,posterior_mean_shrunk,0.3276459437459707,0.005320799049585454,0.27355758811533454,0.3256463624984026,0.0019995812475681303,0.6012035318613053,8.0,0.006012024048096194,0.0,-1.0,0.3276459437459707,0.3276459437459707,0.3276459437459707,0.3276459437459707,0.3276459437459707,0.20085783291142434
val,beta_skewed,1000,64,5073000,500,power,power_a0.2500_c14.3816,0.25,14.3816155711,-1,posterior_mean_shrunk,0.19246283030509947,0.005192188665279675,0.6789750368595123,0.18712676852941512,0.005336061775684357,0.8714378671646118,64.0,0.062124248496993974,1.0,-1.0,0.19246283030509947,0.19246283030509947,0.19250578129291535,0.19250578129291535,0.19250578129291535,0.4508461660007015
val,beta_skewed,1000,64,5073000,500,power,power_a0.3333_c11.6194,0.3333333333333333,11.6193828489,-1,posterior_mean_shrunk,0.19246283030509947,0.005192188665279675,0.6789750368595123,0.18712676852941512,0.005336061775684357,0.8714378671646118,64.0,0.062124248496993974,1.0,-1.0,0.19246283030509947,0.19246283030509947,0.19250578129291535,0.19250578129291535,0.19250578129291535,0.3805547090014443
val,beta_skewed,1000,64,5073000,500,power,power_a0.5000_c3.23173,0.5,3.2317322881,-1,posterior_mean_shrunk,0.1924681376218796,0.005192069326606168,0.6789697295427323,0.18712676852941512,0.005341369092464447,0.8714378671646118,64.0,0.062124248496993974,1.0,-1.0,0.1924681376218796,0.1924681376218796,0.1925751974582672,0.1925751974582672,0.1925751974582672,0.3871204999741167
val,beta_skewed,1000,64,5073000,500,power,power_a0.6667_c1.23773,0.6666666666666666,1.2377262853,-1,posterior_mean_shrunk,0.19252693915367128,0.0051885364961231665,0.6789109280109406,0.18712676852941512,0.005400170624256134,0.8714378671646118,64.0,0.062124248496993974,1.0,-1.0,0.19252693915367128,0.19246283030509947,0.19256989014148712,0.19256989014148712,0.19256989014148712,0.3538891669595614
val,beta_skewed,1000,64,5073000,500,refine_after_init,refine_after_init_K8,0.0,8.0,8,posterior_mean_shrunk,0.4353464757502079,0.007992822601080214,0.4360913914144039,0.4340322447270155,0.0013142310231924058,0.8714378671646118,8.0,0.006012024048096194,0.0,-1.0,0.4353464757502079,0.4353880194723606,0.4353464757502079,0.4353464757502079,0.4353464757502079,0.1995942919747904
val,tail_b1.0_mu0.9_c2.0,1000,64,5283000,500,power,power_a0.2500_c14.3816,0.25,14.3816155711,-1,posterior_mean_shrunk,0.021574854612350463,0.0009385091596445826,0.8779049407243729,0.007079625725746155,0.01449522888660431,0.8994797953367233,64.0,0.062124248496993974,1.0,-1.0,0.021574854612350463,0.021590752243995665,0.021614057421684266,0.021739256620407106,0.021574854612350463,0.3969191659707576
val,tail_b1.0_mu0.9_c2.0,1000,64,5283000,500,power,power_a0.3333_c11.6194,0.3333333333333333,11.6193828489,-1,posterior_mean_shrunk,0.021574854612350463,0.0009385091596445826,0.8779049407243729,0.007079625725746155,0.01449522888660431,0.8994797953367233,64.0,0.062124248496993974,1.0,-1.0,0.021574854612350463,0.021590752243995665,0.021614057421684266,0.021739256620407106,0.021574854612350463,0.3650755420094356
val,tail_b1.0_mu0.9_c2.0,1000,64,5283000,500,power,power_a0.5000_c3.23173,0.5,3.2317322881,-1,posterior_mean_shrunk,0.021574854612350463,0.0009385091596445826,0.8779049407243729,0.007079625725746155,0.01449522888660431,0.8994797953367233,64.0,0.062124248496993974,1.0,-1.0,0.021574854612350463,0.021590752243995665,0.021614057421684266,0.021739256620407106,0.021574854612350463,0.34649741707835346
val,tail_b1.0_mu0.9_c2.0,1000,64,5283000,500,power,power_a0.6667_c1.23773,0.6666666666666666,1.2377262853,-1,posterior_mean_shrunk,0.021590752243995665,0.0009381441453663287,0.8778890430927276,0.007079625725746155,0.014511126518249512,0.8994797953367233,64.0,0.062124248496993974,1.0,-1.0,0.021590752243995665,0.021590752243995665,0.02162995505332947,0.02175515425205231,0.021590752243995665,0.3295586669119075
val,tail_b1.0_mu0.9_c2.0,1000,64,5283000,500,refine_after_init,refine_after_init_K8,0.0,8.0,8,posterior_mean_shrunk,0.05741766655445099,0.002177035990387621,0.8420621287822724,0.05419906008243561,0.003218606472015381,0.8994797953367233,8.0,0.006012024048096194,0.0,-1.0,0.05741766655445099,0.057505215883255,0.05741766655445099,0.05741766655445099,0.05741766655445099,0.2010020409943536
val,beta_good_common,1000,64,5013000,500,power,power_a0.2500_c14.3816,0.25,14.3816155711,-1,posterior_mean_shrunk,0.030013415813446045,0.0010785926439374881,0.9629621514081955,0.022995798349380495,0.007017617464065552,0.9929755672216415,64.0,0.062124248496993974,1.0,-1.0,0.030013415813446045,0.030109783411026003,0.029950037479400636,0.029950037479400636,0.029950037479400636,0.44898537499830127
val,beta_good_common,1000,64,5013000,500,power,power_a0.3333_c11.6194,0.3333333333333333,11.6193828489,-1,posterior_mean_shrunk,0.030013415813446045,0.0010785926439374881,0.9629621514081955,0.022995798349380495,0.007017617464065552,0.9929755672216415,64.0,0.062124248496993974,1.0,-1.0,0.030013415813446045,0.030109783411026003,0.029950037479400636,0.029950037479400636,0.029950037479400636,0.3918146659852937
val,beta_good_common,1000,64,5013000,500,power,power_a0.5000_c3.23173,0.5,3.2317322881,-1,posterior_mean_shrunk,0.030013415813446045,0.0010785926439374881,0.9629621514081955,0.022995798349380495,0.007017617464065552,0.9929755672216415,64.0,0.062124248496993974,1.0,-1.0,0.030013415813446045,0.030109783411026003,0.029950037479400636,0.029950037479400636,0.029950037479400636,0.3860412919893861
val,beta_good_common,1000,64,5013000,500,power,power_a0.6667_c1.23773,0.6666666666666666,1.2377262853,-1,posterior_mean_shrunk,0.02988093101978302,0.0010747302813044865,0.9630946362018585,0.022995798349380495,0.006885132670402526,0.9929755672216415,64.0,0.062124248496993974,1.0,-1.0,0.02988093101978302,0.029977298617362976,0.02981755268573761,0.02981755268573761,0.02981755268573761,0.35787562490440905
val,beta_good_common,1000,64,5013000,500,refine_after_init,refine_after_init_K8,0.0,8.0,8,posterior_mean_shrunk,0.08649299359321594,0.002385515558215765,0.9064825736284255,0.0834473524093628,0.0030456411838531493,0.9929755672216415,8.0,0.006012024048096194,0.0,-1.0,0.08649299359321594,0.08649299359321594,0.08649299359321594,0.08649299359321594,0.08649299359321594,0.19913404202088714
val,beta_good_common,50,64,5001000,500,power,power_a0.2500_c7.65377,0.25,7.6537682222,-1,posterior_mean_shrunk,0.09875695300102234,0.0039128203607243835,0.8669955732822419,0.020044904112815856,0.07871204888820649,0.9657525262832641,21.0,0.3958333333333333,0.0,-1.0,0.09875695300102234,0.09875695300102234,0.09875695300102234,0.11459812206029892,0.09875695300102234,0.12129220797214657
val,beta_good_common,50,64,5001000,500,power,power_a0.3333_c6.04501,0.3333333333333333,6.0450098106,-1,posterior_mean_shrunk,0.10172970581054687,0.0039251848520296135,0.8640228204727173,0.01713523817062378,0.0845944676399231,0.9657525262832641,23.0,0.4375,0.0,-1.0,0.10172970581054687,0.10172970581054687,0.10172970581054687,0.12787994760274887,0.10172970581054687,0.04460741695947945
val,beta_good_common,50,64,5001000,500,power,power_a0.5000_c2.97826,0.5,2.9782566545,-1,posterior_mean_shrunk,0.10075957727432251,0.0038441430159784087,0.8649929490089416,0.020044904112815856,0.08071467316150666,0.9657525262832641,21.0,0.3958333333333333,0.0,-1.0,0.10075957727432251,0.10075957727432251,0.10075957727432251,0.10935573661327362,0.10075957727432251,0.03676674992311746
val,beta_good_common,50,64,5001000,500,power,power_a0.6667_c1.85783,0.6666666666666666,1.8578281028,-1,posterior_mean_shrunk,0.1059829905629158,0.004116271810056637,0.8597695357203483,0.014619720697402954,0.09136326986551285,0.9657525262832641,25.0,0.47916666666666674,0.0,-1.0,0.1059829905629158,0.1059829905629158,0.1059829905629158,0.12249072670936584,0.1059829905629158,0.039720040978863835
val,beta_rare_excellent,50,64,5046000,500,power,power_a0.2500_c7.65377,0.25,7.6537682222,-1,posterior_mean_shrunk,0.1573490758119151,0.005362070035537645,0.22881416503805668,0.056421723395586015,0.10092735241632908,0.3861632408499718,21.0,0.3958333333333333,0.0,-1.0,0.1573490758119151,0.1573490758119151,0.1575084320185706,0.1575084320185706,0.1573490758119151,0.1406905840849504
val,beta_rare_excellent,50,64,5046000,500,power,power_a0.3333_c6.04501,0.3333333333333333,6.0450098106,-1,posterior_mean_shrunk,0.1623284667218104,0.0054437769428824665,0.22383477412816138,0.05047993287444115,0.11184853384736926,0.3861632408499718,23.0,0.4375,0.0,-1.0,0.1623284667218104,0.16233676705975086,0.16608537996094674,0.16817072750534862,0.16196522838715463,0.26888695906382054
val,beta_rare_excellent,50,64,5046000,500,power,power_a0.5000_c2.97826,0.5,2.9782566545,-1,posterior_mean_shrunk,0.15717148518841714,0.005358704672289685,0.22899175566155464,0.056421723395586015,0.10074976179283113,0.3861632408499718,21.0,0.3958333333333333,0.0,-1.0,0.15717148518841714,0.15717148518841714,0.15717148518841714,0.15717148518841714,0.15717148518841714,0.02386445796582848
val,beta_rare_excellent,50,64,5046000,500,power,power_a0.6667_c1.85783,0.6666666666666666,1.8578281028,-1,posterior_mean_shrunk,0.15953641149157194,0.005453636729894454,0.22662682935839984,0.04613859131932259,0.11339782017224934,0.3861632408499718,25.0,0.47916666666666674,0.0,-1.0,0.15953641149157194,0.15953641149157194,0.15953641149157194,0.15953641149157194,0.15953641149157194,0.18170666601508856
val,tail_b0.5_mu1.0_c1.0,50,64,5196000,500,power,power_a0.2500_c7.65377,0.25,7.6537682222,-1,posterior_mean_shrunk,0.03486602258682251,0.0023442215628663673,0.9643620504140854,0.0032885369062423705,0.031577485680580136,0.9992280730009079,21.0,0.3958333333333333,0.0,-1.0,0.03486602258682251,0.03486602258682251,0.03486602258682251,0.05208117973804474,0.03486602258682251,0.0247853749897331
val,tail_b0.5_mu1.0_c1.0,50,64,5196000,500,power,power_a0.3333_c6.04501,0.3333333333333333,6.0450098106,-1,posterior_mean_shrunk,0.03800854122638703,0.0025390433444291427,0.9612195317745209,0.0028016083240509034,0.03520693290233612,0.9992280730009079,23.0,0.4375,0.0,-1.0,0.03800854122638703,0.03800854122638703,0.03800854122638703,0.06489068703353405,0.03800854122638703,0.17181583400815725
val,tail_b0.5_mu1.0_c1.0,50,64,5196000,500,power,power_a0.5000_c2.97826,0.5,2.9782566545,-1,posterior_mean_shrunk,0.03974248147010803,0.0026296902718595284,0.9594855915307998,0.0032885369062423705,0.036453944563865665,0.9992280730009079,21.0,0.3958333333333333,0.0,-1.0,0.03974248147010803,0.03974248147010803,0.03974248147010803,0.05312032210826874,0.03974248147010803,0.08560395799577236
val,tail_b0.5_mu1.0_c1.0,50,64,5196000,500,power,power_a0.6667_c1.85783,0.6666666666666666,1.8578281028,-1,posterior_mean_shrunk,0.05330793344974518,0.0033542474691123313,0.9459201395511627,0.0022172162532806397,0.05109071719646454,0.9992280730009079,25.0,0.47916666666666674,0.0,-1.0,0.05330793344974518,0.05330793344974518,0.05330793344974518,0.07213800242543221,0.05330793344974518,0.09698666597250849
val,tail_b2.0_mu1.0_c1.0,50,64,5361000,500,power,power_a0.2500_c7.65377,0.25,7.6537682222,-1,posterior_mean_shrunk,0.15538462129235267,0.0070515885054925264,0.7241948752105236,0.06562669241428375,0.08975792887806892,0.8795794965028763,21.0,0.3958333333333333,0.0,-1.0,0.15538462129235267,0.15538462129235267,0.15304759466648102,0.15634758332371712,0.15572836938500403,0.06407104199752212
val,tail_b2.0_mu1.0_c1.0,50,64,5361000,500,power,power_a0.3333_c6.04501,0.3333333333333333,6.0450098106,-1,posterior_mean_shrunk,0.15112856394052507,0.006830123956633841,0.7284509325623513,0.057849013447761534,0.09327955049276351,0.8795794965028763,23.0,0.4375,0.0,-1.0,0.15112856394052507,0.15112856394052507,0.15020585876703263,0.20804237394034863,0.15112856394052507,0.11158841697033495
val,tail_b2.0_mu1.0_c1.0,50,64,5361000,500,power,power_a0.5000_c2.97826,0.5,2.9782566545,-1,posterior_mean_shrunk,0.1566418165564537,0.007082308399210804,0.7229376799464226,0.06562669241428375,0.09101512414216996,0.8795794965028763,21.0,0.3958333333333333,0.0,-1.0,0.1566418165564537,0.1566418165564537,0.15576720023155213,0.16011489821970462,0.15668184477090835,0.06563774996902794
val,tail_b2.0_mu1.0_c1.0,50,64,5361000,500,power,power_a0.6667_c1.85783,0.6666666666666666,1.8578281028,-1,posterior_mean_shrunk,0.1504182654619217,0.00681532566972284,0.7291612310409545,0.05065896141529083,0.09975930404663086,0.8795794965028763,25.0,0.47916666666666674,0.0,-1.0,0.1504182654619217,0.1504182654619217,0.15084551048278808,0.1609108766168356,0.1504182654619217,0.10402012499980628
val,tail_b8.0_mu1.0_c1.0,50,64,5466000,500,power,power_a0.2500_c7.65377,0.25,7.6537682222,-1,posterior_mean_shrunk,0.17903368159011007,0.005706539652243566,0.24014406235143543,0.06353253048658371,0.11550115110352635,0.4191777439415455,21.0,0.3958333333333333,0.0,-1.0,0.17903368159011007,0.17903368159011007,0.17898933329060673,0.17898933329060673,0.17903368159011007,0.10321850003674626
val,tail_b8.0_mu1.0_c1.0,50,64,5466000,500,power,power_a0.3333_c6.04501,0.3333333333333333,6.0450098106,-1,posterior_mean_shrunk,0.18322425442718668,0.0057494049968705805,0.2359534895143588,0.055467090934515,0.1277571634926717,0.4191777439415455,23.0,0.4375,0.0,-1.0,0.18322425442718668,0.18312450685322984,0.1869717760735075,0.18855880691081983,0.18298594856046838,0.0875189999351278
val,tail_b8.0_mu1.0_c1.0,50,64,5466000,500,power,power_a0.5000_c2.97826,0.5,2.9782566545,-1,posterior_mean_shrunk,0.178506126511842,0.005708581374339152,0.24067161742970347,0.06353253048658371,0.1149735960252583,0.4191777439415455,21.0,0.3958333333333333,0.0,-1.0,0.178506126511842,0.178506126511842,0.178506126511842,0.178506126511842,0.178506126511842,0.113378084031865
val,tail_b8.0_mu1.0_c1.0,50,64,5466000,500,power,power_a0.6667_c1.85783,0.6666666666666666,1.8578281028,-1,posterior_mean_shrunk,0.18401669448241592,0.005776646119801054,0.23516104945912958,0.04827395039796829,0.13574274408444761,0.4191777439415455,25.0,0.47916666666666674,0.0,-1.0,0.18401669448241592,0.18401669448241592,0.18401669448241592,0.18401669448241592,0.18401669448241592,0.12123225000686944
val,tail_b1.0_mu0.9_c2.0,50,64,5271000,500,power,power_a0.2500_c7.65377,0.25,7.6537682222,-1,posterior_mean_shrunk,0.09245391064882279,0.003936230354963949,0.7981265285611152,0.013733124732971192,0.07872078591585159,0.890580439209938,21.0,0.3958333333333333,0.0,-1.0,0.09245391064882279,0.09245391064882279,0.09187658804655074,0.105859126329422,0.09245391064882279,0.16794695903081447
val,tail_b1.0_mu0.9_c2.0,50,64,5271000,500,power,power_a0.3333_c6.04501,0.3333333333333333,6.0450098106,-1,posterior_mean_shrunk,0.09482111704349518,0.004041859269385099,0.7957593221664429,0.011552449703216552,0.08326866734027863,0.890580439209938,23.0,0.4375,0.0,-1.0,0.09482111704349518,0.09482111704349518,0.09482111704349518,0.12214467412233353,0.09482111704349518,0.159313999931328
val,tail_b1.0_mu0.9_c2.0,50,64,5271000,500,power,power_a0.5000_c2.97826,0.5,2.9782566545,-1,posterior_mean_shrunk,0.09274695366621018,0.003916224222594846,0.7978334855437279,0.013733124732971192,0.07901382893323898,0.890580439209938,21.0,0.3958333333333333,0.0,-1.0,0.09274695366621018,0.09274695366621018,0.09263349360227585,0.10436070817708969,0.09263349360227585,0.06715212506242096
val,tail_b1.0_mu0.9_c2.0,50,64,5271000,500,power,power_a0.6667_c1.85783,0.6666666666666666,1.8578281028,-1,posterior_mean_shrunk,0.10073631501197815,0.004082839146995251,0.7898441241979599,0.009705783843994141,0.09103053116798401,0.890580439209938,25.0,0.47916666666666674,0.0,-1.0,0.10073631501197815,0.10073631501197815,0.10073631501197815,0.11211088192462922,0.10073631501197815,0.11815024993848056
val,beta_rare_excellent,100,64,5049000,500,power,power_a0.2500_c12.2696,0.25,12.2696422264,-1,posterior_mean_shrunk,0.1810182337090373,0.005586970475775639,0.25364329559355975,0.06696281796693802,0.11405541574209929,0.43466152930259705,39.0,0.37755102040816324,0.0,-1.0,0.1810182337090373,0.1810182337090373,0.18153378813713789,0.18153378813713789,0.1810182337090373,0.1054104589857161
val,beta_rare_excellent,100,64,5049000,500,power,power_a0.3333_c7.65377,0.3333333333333333,7.6537682222,-1,posterior_mean_shrunk,0.17629376166686417,0.0054935093320165095,0.2583677676357329,0.07009357157349587,0.10620019009336829,0.43466152930259705,36.0,0.34693877551020413,0.0,-1.0,0.17629376166686417,0.17629376166686417,0.17615234864875673,0.17615234864875673,0.17629376166686417,0.04630104196257889
val,beta_rare_excellent,100,64,5049000,500,power,power_a0.5000_c3.77086,0.5,3.7708600737,-1,posterior_mean_shrunk,0.17991812029480933,0.005573205060623752,0.2547434090077877,0.06813923180103303,0.11177888849377632,0.43466152930259705,38.0,0.3673469387755102,0.0,-1.0,0.17991812029480933,0.17991812029480933,0.1800610942542553,0.18024957117438317,0.17984001770615576,0.2515008751070127
val,beta_rare_excellent,100,64,5049000,500,power,power_a0.6667_c1.65107,0.6666666666666666,1.6510733969,-1,posterior_mean_shrunk,0.17868318923190235,0.005537628103250628,0.2559783400706947,0.07009357157349587,0.1085896176584065,0.43466152930259705,36.0,0.34693877551020413,0.0,-1.0,0.17868318923190235,0.17873706175759435,0.18174082189798355,0.1815708955526352,0.1786815422065556,0.0878388750134036
val,beta_mostly_mediocre,50,64,5031000,500,power,power_a0.2500_c7.65377,0.25,7.6537682222,-1,posterior_mean_shrunk,0.14693534737825395,0.0046285762192722285,0.6130692085623741,0.03601914060115814,0.1109162067770958,0.7600045559406281,21.0,0.3958333333333333,0.0,-1.0,0.14693534737825395,0.14693534737825395,0.14601053047180176,0.15137617760896682,0.14693534737825395,0.16110704198945314
val,beta_mostly_mediocre,50,64,5031000,500,power,power_a0.3333_c6.04501,0.3333333333333333,6.0450098106,-1,posterior_mean_shrunk,0.14632178235054016,0.00455646733317802,0.6136827735900879,0.03174970889091492,0.11457207345962525,0.7600045559406281,23.0,0.4375,0.0,-1.0,0.14632178235054016,0.14632178235054016,0.14738249373435974,0.17719766426086425,0.14632178235054016,0.10388712503481656
val,beta_mostly_mediocre,50,64,5031000,500,power,power_a0.5000_c2.97826,0.5,2.9782566545,-1,posterior_mean_shrunk,0.1479254270195961,0.004570786205957468,0.612079128921032,0.03601914060115814,0.11190628641843796,0.7600045559406281,21.0,0.3958333333333333,0.0,-1.0,0.1479254270195961,0.1479254270195961,0.14841160839796066,0.15104362404346466,0.1479254270195961,0.1224071669857949
val,beta_mostly_mediocre,50,64,5031000,500,power,power_a0.6667_c1.85783,0.6666666666666666,1.8578281028,-1,posterior_mean_shrunk,0.15052195018529893,0.004555879525460197,0.6094826057553291,0.028405576586723328,0.12211637359857559,0.7600045559406281,25.0,0.47916666666666674,0.0,-1.0,0.15052195018529893,0.15052195018529893,0.15165021461248399,0.15746495240926742,0.15052195018529893,0.11041458393447101
val,tail_b0.5_mu1.0_c1.0,100,64,5199000,500,power,power_a0.2500_c12.2696,0.25,12.2696422264,-1,posterior_mean_shrunk,0.023868822336196898,0.0014040985655230116,0.9759323624372482,0.0010335603952407837,0.022835261940956114,0.9998011847734452,39.0,0.37755102040816324,0.0,-1.0,0.023868822336196898,0.023868822336196898,0.023868822336196898,0.04425463092327118,0.023868822336196898,0.06845962500665337
val,tail_b0.5_mu1.0_c1.0,100,64,5199000,500,power,power_a0.3333_c7.65377,0.3333333333333333,7.6537682222,-1,posterior_mean_shrunk,0.021475553750991822,0.0013550638377562393,0.9783256310224533,0.001182471752166748,0.020293081998825072,0.9998011847734452,36.0,0.34693877551020413,0.0,-1.0,0.021475553750991822,0.021475553750991822,0.021475553750991822,0.044736122846603395,0.021475553750991822,0.2089735409244895
val,tail_b0.5_mu1.0_c1.0,100,64,5199000,500,power,power_a0.5000_c3.77086,0.5,3.7708600737,-1,posterior_mean_shrunk,0.022817635416984557,0.001326049125470442,0.9769835493564606,0.001076128602027893,0.021741506814956665,0.9998011847734452,38.0,0.3673469387755102,0.0,-1.0,0.022817635416984557,0.022817635416984557,0.022817635416984557,0.051812337696552274,0.022817635416984557,0.2302563750417903
val,tail_b0.5_mu1.0_c1.0,100,64,5199000,500,power,power_a0.6667_c1.65107,0.6666666666666666,1.6510733969,-1,posterior_mean_shrunk,0.02576161551475525,0.0016557850229012656,0.9740395692586898,0.001182471752166748,0.0245791437625885,0.9998011847734452,36.0,0.34693877551020413,0.0,-1.0,0.02576161551475525,0.02576161551475525,0.02576161551475525,0.05209853208065033,0.02576161551475525,0.1294103330001235
val,beta_skewed,50,64,5061000,500,power,power_a0.2500_c7.65377,0.25,7.6537682222,-1,posterior_mean_shrunk,0.2128811474107206,0.008268178865278322,0.4510067068077624,0.09832554116845131,0.11455560624226928,0.663887854218483,21.0,0.3958333333333333,0.0,-1.0,0.2128811474107206,0.2128811474107206,0.21271569794043899,0.21404645901545882,0.2128811474107206,0.05963437503669411
val,beta_skewed,50,64,5061000,500,power,power_a0.3333_c6.04501,0.3333333333333333,6.0450098106,-1,posterior_mean_shrunk,0.20877448007464408,0.008186379999390009,0.4551133741438389,0.08800102376937866,0.12077345630526543,0.663887854218483,23.0,0.4375,0.0,-1.0,0.20877448007464408,0.20901324516627937,0.21585831213928758,0.22749971648957582,0.2089683657884598,0.0324575420236215
val,beta_skewed,50,64,5061000,500,power,power_a0.5000_c2.97826,0.5,2.9782566545,-1,posterior_mean_shrunk,0.21424734380468727,0.008226923999030085,0.4496405104137957,0.09832554116845131,0.11592180263623596,0.663887854218483,21.0,0.3958333333333333,0.0,-1.0,0.21424734380468727,0.21424734380468727,0.21424734380468727,0.21424734380468727,0.21424734380468727,0.10105858300812542
val,beta_skewed,50,64,5061000,500,power,power_a0.6667_c1.85783,0.6666666666666666,1.8578281028,-1,posterior_mean_shrunk,0.19735154685378076,0.007997182068767532,0.46653630736470225,0.07593656677007675,0.121414980083704,0.663887854218483,25.0,0.47916666666666674,0.0,-1.0,0.19735154685378076,0.19735154685378076,0.19735154685378076,0.197121503084898,0.19735154685378076,0.17009633406996727
val,tail_b2.0_mu1.0_c1.0,100,64,5364000,500,power,power_a0.2500_c12.2696,0.25,12.2696422264,-1,posterior_mean_shrunk,0.11274183714389802,0.005250031552921769,0.7969351423978805,0.055707000017166136,0.05703483712673187,0.9096769795417786,39.0,0.37755102040816324,0.0,-1.0,0.11274183714389802,0.11202534794807434,0.11187823593616486,0.11181181597709655,0.11202534794807434,0.12467695795930922
val,tail_b2.0_mu1.0_c1.0,100,64,5364000,500,power,power_a0.3333_c7.65377,0.3333333333333333,7.6537682222,-1,posterior_mean_shrunk,0.11913102930784225,0.005261963988137332,0.7905459502339363,0.06015471589565277,0.058976313412189486,0.9096769795417786,36.0,0.34693877551020413,0.0,-1.0,0.11913102930784225,0.11985641020536422,0.1211226686835289,0.1275020697414875,0.1204036101102829,0.2564522920874879
val,tail_b2.0_mu1.0_c1.0,100,64,5364000,500,power,power_a0.5000_c3.77086,0.5,3.7708600737,-1,posterior_mean_shrunk,0.11904645353555679,0.005374071457937738,0.7906305260062217,0.05695634841918945,0.06209010511636734,0.9096769795417786,38.0,0.3673469387755102,0.0,-1.0,0.11904645353555679,0.11795333445072174,0.11920043587684631,0.1297164077460766,0.1178705837726593,0.20851108292117715
val,tail_b2.0_mu1.0_c1.0,100,64,5364000,500,power,power_a0.6667_c1.65107,0.6666666666666666,1.6510733969,-1,posterior_mean_shrunk,0.1258669788837433,0.005432469224327561,0.7838100006580353,0.06015471589565277,0.06571226298809052,0.9096769795417786,36.0,0.34693877551020413,0.0,-1.0,0.1258669788837433,0.12445958364009857,0.12764803138375283,0.15462158097326756,0.12455554270744323,0.04544741602148861
val,tail_b8.0_mu1.0_c1.0,100,64,5469000,500,power,power_a0.2500_c12.2696,0.25,12.2696422264,-1,posterior_mean_shrunk,0.17230853176349775,0.005686171302459482,0.29804030173784124,0.0675669747889042,0.10474155697459354,0.47034883350133894,39.0,0.37755102040816324,0.0,-1.0,0.17230853176349775,0.17230853176349775,0.17230853176349775,0.17230853176349775,0.17230853176349775,0.20526920910924673
val,tail_b8.0_mu1.0_c1.0,100,64,5469000,500,power,power_a0.3333_c7.65377,0.3333333333333333,7.6537682222,-1,posterior_mean_shrunk,0.1743583039571531,0.00552404269179556,0.29599052954418587,0.0729986361861229,0.10135966777103021,0.47034883350133894,36.0,0.34693877551020413,0.0,-1.0,0.1743583039571531,0.1743583039571531,0.17419358374970034,0.17419358374970034,0.1743583039571531,0.17280666693113744
val,tail_b8.0_mu1.0_c1.0,100,64,5469000,500,power,power_a0.5000_c3.77086,0.5,3.7708600737,-1,posterior_mean_shrunk,0.17221623298572378,0.005742018073155634,0.2981326005156152,0.06918612703680992,0.10303010594891385,0.47034883350133894,38.0,0.3673469387755102,0.0,-1.0,0.17221623298572378,0.1723658973877318,0.1721679108743556,0.1721679108743556,0.17326633524941282,0.33923249994404614
val,tail_b8.0_mu1.0_c1.0,100,64,5469000,500,power,power_a0.6667_c1.65107,0.6666666666666666,1.6510733969,-1,posterior_mean_shrunk,0.1763561348025687,0.005623772300244815,0.29399269869877026,0.0729986361861229,0.1033574986164458,0.47034883350133894,36.0,0.34693877551020413,0.0,-1.0,0.1763561348025687,0.1763561348025687,0.17725036784866824,0.17725036784866824,0.1753087528650649,0.044997959048487246
val,tail_b1.0_mu0.9_c2.0,100,64,5274000,500,power,power_a0.2500_c12.2696,0.25,12.2696422264,-1,posterior_mean_shrunk,0.07314604634046555,0.003198711980243078,0.8219126133322716,0.00784246587753296,0.06530358046293258,0.8950586596727371,39.0,0.37755102040816324,0.0,-1.0,0.07314604634046555,0.07314604634046555,0.07314604634046555,0.07632687479257584,0.07314604634046555,0.1032772499602288
val,tail_b1.0_mu0.9_c2.0,100,64,5274000,500,power,power_a0.3333_c7.65377,0.3333333333333333,7.6537682222,-1,posterior_mean_shrunk,0.07281711131334305,0.0032546760089015034,0.8222415483593941,0.008593089699745178,0.06422402161359787,0.8950586596727371,36.0,0.34693877551020413,0.0,-1.0,0.07281711131334305,0.07281711131334305,0.07314973503351212,0.08275718539953232,0.07281711131334305,0.29922974994406104
val,tail_b1.0_mu0.9_c2.0,100,64,5274000,500,power,power_a0.5000_c3.77086,0.5,3.7708600737,-1,posterior_mean_shrunk,0.07446725445985794,0.003321585695230821,0.8205914052128792,0.00807500422000885,0.06639225023984908,0.8950586596727371,38.0,0.3673469387755102,0.0,-1.0,0.07446725445985794,0.07443514519929886,0.07443514519929886,0.08602493888139724,0.07443514519929886,0.08820029196795076
val,tail_b1.0_mu0.9_c2.0,100,64,5274000,500,power,power_a0.6667_c1.65107,0.6666666666666666,1.6510733969,-1,posterior_mean_shrunk,0.07516135793924332,0.0033417736538124496,0.8198973017334938,0.008593089699745178,0.06656826823949814,0.8950586596727371,36.0,0.34693877551020413,0.0,-1.0,0.07516135793924332,0.07516135793924332,0.07467563658952713,0.09725608003139496,0.07451300996541976,0.2941973339766264
val,beta_mostly_mediocre,100,64,5034000,500,power,power_a0.2500_c12.2696,0.25,12.2696422264,-1,posterior_mean_shrunk,0.14644067561626434,0.004672484760036345,0.637716784119606,0.030320602774620058,0.11612007284164429,0.7841574597358704,39.0,0.37755102040816324,0.0,-1.0,0.14644067561626434,0.146244931101799,0.146244931101799,0.14660761106014253,0.14644067561626434,0.09804745903238654
val,beta_mostly_mediocre,100,64,5034000,500,power,power_a0.3333_c7.65377,0.3333333333333333,7.6537682222,-1,posterior_mean_shrunk,0.14226142287254334,0.004533710893055112,0.6418960368633271,0.03358745205402374,0.1086739708185196,0.7841574597358704,36.0,0.34693877551020413,0.0,-1.0,0.14226142287254334,0.1425940576195717,0.14137219262123107,0.1433238074183464,0.14226142287254334,0.24173941696062684
val,beta_mostly_mediocre,100,64,5034000,500,power,power_a0.5000_c3.77086,0.5,3.7708600737,-1,posterior_mean_shrunk,0.14453010165691377,0.004648282216837279,0.6396273580789567,0.031007182002067566,0.11352291965484619,0.7841574597358704,38.0,0.3673469387755102,0.0,-1.0,0.14453010165691377,0.14491917872428894,0.1443532528281212,0.1491627900004387,0.14445741498470308,0.39861862489487976
val,beta_mostly_mediocre,100,64,5034000,500,power,power_a0.6667_c1.65107,0.6666666666666666,1.6510733969,-1,posterior_mean_shrunk,0.14334371602535248,0.00449844560859059,0.6408137437105179,0.03358745205402374,0.10975626397132873,0.7841574597358704,36.0,0.34693877551020413,0.0,-1.0,0.14334371602535248,0.14364880776405334,0.14507973462343215,0.16420586657524108,0.14320120120048524,0.09911916602868587
val,beta_skewed,100,64,5064000,500,power,power_a0.2500_c12.2696,0.25,12.2696422264,-1,posterior_mean_shrunk,0.18265177088975906,0.007617563216760515,0.5443823688626289,0.08657622480392456,0.0960755460858345,0.727034139752388,39.0,0.37755102040816324,0.0,-1.0,0.18265177088975906,0.18265177088975906,0.18265177088975906,0.18265177088975906,0.18265177088975906,0.2504715418908745
val,beta_skewed,100,64,5064000,500,power,power_a0.3333_c7.65377,0.3333333333333333,7.6537682222,-1,posterior_mean_shrunk,0.18332919324934482,0.007852461362799141,0.5437049465030431,0.09493416303396225,0.08839503021538257,0.727034139752388,36.0,0.34693877551020413,0.0,-1.0,0.18332919324934482,0.18332919324934482,0.1841511989980936,0.1841511989980936,0.18332919324934482,0.4644412079360336
val,beta_skewed,100,64,5064000,500,power,power_a0.5000_c3.77086,0.5,3.7708600737,-1,posterior_mean_shrunk,0.18483100997656585,0.007845784509720287,0.5422031297758222,0.09076021540164947,0.09407079457491636,0.727034139752388,38.0,0.3673469387755102,0.0,-1.0,0.18483100997656585,0.18435392688959837,0.1838547276481986,0.18416029243916274,0.18435392688959837,0.1510413329815492
val,beta_skewed,100,64,5064000,500,power,power_a0.6667_c1.65107,0.6666666666666666,1.6510733969,-1,posterior_mean_shrunk,0.1843530762195587,0.007711870388119998,0.5426810635328293,0.09493416303396225,0.08941891318559647,0.727034139752388,36.0,0.34693877551020413,0.0,-1.0,0.1843530762195587,0.18446177804470063,0.18592406453192234,0.189063258305192,0.18445074486732482,0.2569305000361055
val,beta_rare_excellent,200,64,5052000,500,power,power_a0.2500_c15.535,0.25,15.5349620122,-1,posterior_mean_shrunk,0.18327482192218303,0.005517722885428709,0.298604294732213,0.08117168295383453,0.10210313896834851,0.48187911665439603,59.0,0.28787878787878796,0.0,-1.0,0.18327482192218303,0.18327482192218303,0.1836385812908411,0.1836385812908411,0.18327482192218303,0.1968932079616934
val,beta_rare_excellent,200,64,5052000,500,power,power_a0.3333_c9.69067,0.3333333333333333,9.6906654968,-1,posterior_mean_shrunk,0.18455090421438217,0.005504373623620566,0.2973282124400139,0.08370630449056625,0.10084459972381592,0.48187911665439603,57.0,0.2777777777777778,0.0,-1.0,0.18455090421438217,0.18455090421438217,0.1849694638848305,0.1849694638848305,0.18455090421438217,0.5431549999630079
val,beta_rare_excellent,200,64,5052000,500,power,power_a0.5000_c6.04501,0.5,6.0450098106,-1,posterior_mean_shrunk,0.18082523410022258,0.005481078704956791,0.3010538825541735,0.07588834396004676,0.10493689014017582,0.48187911665439603,64.0,0.31313131313131315,1.0,-1.0,0.18082523410022258,0.18082523410022258,0.18130438123643397,0.18130438123643397,0.18082523410022258,0.33018312498461455
val,beta_rare_excellent,200,64,5052000,500,power,power_a0.6667_c3.77086,0.6666666666666666,3.7708600737,-1,posterior_mean_shrunk,0.18082523410022258,0.005481078704956791,0.3010538825541735,0.07588834396004676,0.10493689014017582,0.48187911665439603,64.0,0.31313131313131315,1.0,-1.0,0.18082523410022258,0.18082523410022258,0.18130438123643397,0.18130438123643397,0.18082523410022258,0.3729233330814168
val,beta_good_common,100,64,5004000,500,power,power_a0.2500_c12.2696,0.25,12.2696422264,-1,posterior_mean_shrunk,0.08168124723434449,0.0033292777852907255,0.8946110398769379,0.015314924120903016,0.06636632311344147,0.9762922871112824,39.0,0.37755102040816324,0.0,-1.0,0.08168124723434449,0.08168124723434449,0.08168124723434449,0.08668315887451172,0.08168124723434449,0.2698131250217557
val,beta_good_common,100,64,5004000,500,power,power_a0.3333_c7.65377,0.3333333333333333,7.6537682222,-1,posterior_mean_shrunk,0.07742419862747192,0.0032059081572657676,0.8988680884838104,0.017205777406692505,0.06021842122077942,0.9762922871112824,36.0,0.34693877551020413,0.0,-1.0,0.07742419862747192,0.07742419862747192,0.07770720911026001,0.09035314744710922,0.07770720911026001,0.18713937501888722
val,beta_good_common,100,64,5004000,500,power,power_a0.5000_c3.77086,0.5,3.7708600737,-1,posterior_mean_shrunk,0.08118736100196838,0.0033233982263830993,0.8951049261093139,0.01596511423587799,0.0652222467660904,0.9762922871112824,38.0,0.3673469387755102,0.0,-1.0,0.08118736100196838,0.08118736100196838,0.08118736100196838,0.09599017131328583,0.08118736100196838,0.07228183397091925
val,beta_good_common,100,64,5004000,500,power,power_a0.6667_c1.65107,0.6666666666666666,1.6510733969,-1,posterior_mean_shrunk,0.08351696026325225,0.0033335185618703954,0.8927753268480301,0.017205777406692505,0.06631118285655975,0.9762922871112824,36.0,0.34693877551020413,0.0,-1.0,0.08351696026325225,0.08351696026325225,0.08351696026325225,0.10813945072889328,0.08351696026325225,0.38407837494742125
val,tail_b2.0_mu1.0_c1.0,200,64,5367000,500,power,power_a0.2500_c15.535,0.25,15.5349620122,-1,posterior_mean_shrunk,0.09528070843219758,0.004437299816338526,0.8417785212993621,0.05129895579814911,0.04398175263404846,0.9370592297315598,59.0,0.28787878787878796,0.0,-1.0,0.09528070843219758,0.095234121799469,0.09775647670030593,0.0997789078950882,0.09584645533561706,0.1276015000184998
val,tail_b2.0_mu1.0_c1.0,200,64,5367000,500,power,power_a0.3333_c9.69067,0.3333333333333333,9.6906654968,-1,posterior_mean_shrunk,0.09879585123062133,0.004512584727212269,0.8382633785009385,0.05424400150775909,0.04455184972286225,0.9370592297315598,57.0,0.2777777777777778,0.0,-1.0,0.09879585123062133,0.09799732279777527,0.09677677702903748,0.0987223961353302,0.09775094246864319,0.2329604170517996
val,tail_b2.0_mu1.0_c1.0,200,64,5367000,500,power,power_a0.5000_c6.04501,0.5,6.0450098106,-1,posterior_mean_shrunk,0.08695010113716126,0.0040701529626623045,0.8501091285943985,0.047617783784866335,0.03933231735229492,0.9370592297315598,64.0,0.31313131313131315,1.0,-1.0,0.08695010113716126,0.08695010113716126,0.08695010113716126,0.08685776472091675,0.08695010113716126,0.3778549589915201
val,tail_b2.0_mu1.0_c1.0,200,64,5367000,500,power,power_a0.6667_c3.77086,0.6666666666666666,3.7708600737,-1,posterior_mean_shrunk,0.08695010113716126,0.0040701529626623045,0.8501091285943985,0.047617783784866335,0.03933231735229492,0.9370592297315598,64.0,0.31313131313131315,1.0,-1.0,0.08695010113716126,0.08695010113716126,0.08695010113716126,0.08685776472091675,0.08695010113716126,0.41771612502634525
val,tail_b8.0_mu1.0_c1.0,200,64,5472000,500,power,power_a0.2500_c15.535,0.25,15.5349620122,-1,posterior_mean_shrunk,0.18043041436746715,0.005807151877341234,0.33689145774766804,0.08179889231920243,0.09863152204826474,0.5173218721151351,59.0,0.28787878787878796,0.0,-1.0,0.18043041436746715,0.18118897213414312,0.18218451879546047,0.18226739863678812,0.18043041436746715,0.3748634159564972
val,tail_b8.0_mu1.0_c1.0,200,64,5472000,500,power,power_a0.3333_c9.69067,0.3333333333333333,9.6906654968,-1,posterior_mean_shrunk,0.17912726559117437,0.005845198343978353,0.33819460652396083,0.08354730248451232,0.09557996310666203,0.5173218721151351,57.0,0.2777777777777778,0.0,-1.0,0.17912726559117437,0.17912726559117437,0.17946374781802296,0.17946374781802296,0.17912726559117437,0.3873476249864325
val,tail_b8.0_mu1.0_c1.0,200,64,5472000,500,power,power_a0.5000_c6.04501,0.5,6.0450098106,-1,posterior_mean_shrunk,0.1776271768063307,0.005877029858378343,0.33969469530880453,0.0761584222316742,0.10146875457465648,0.5173218721151351,64.0,0.31313131313131315,1.0,-1.0,0.1776271768063307,0.1776271768063307,0.1790960977524519,0.1790960977524519,0.1776271768063307,0.27949029207229614
val,tail_b8.0_mu1.0_c1.0,200,64,5472000,500,power,power_a0.6667_c3.77086,0.6666666666666666,3.7708600737,-1,posterior_mean_shrunk,0.1776271768063307,0.005877029858378343,0.33969469530880453,0.0761584222316742,0.10146875457465648,0.5173218721151351,64.0,0.31313131313131315,1.0,-1.0,0.1776271768063307,0.1776271768063307,0.1790960977524519,0.1790960977524519,0.1776271768063307,0.09160704200621694
val,beta_mostly_mediocre,200,64,5037000,500,power,power_a0.2500_c15.535,0.25,15.5349620122,-1,posterior_mean_shrunk,0.13467899811267853,0.004189643452469177,0.6745202981233597,0.041240804553031925,0.09343819355964661,0.8091992962360383,59.0,0.28787878787878796,0.0,-1.0,0.13467899811267853,0.1347961243391037,0.13639221674203872,0.13778500980138778,0.13467899811267853,0.21212983399163932
val,beta_mostly_mediocre,200,64,5037000,500,power,power_a0.3333_c9.69067,0.3333333333333333,9.6906654968,-1,posterior_mean_shrunk,0.13172676628828048,0.00412875936439945,0.6774725299477578,0.042801467537879945,0.08892529875040055,0.8091992962360383,57.0,0.2777777777777778,0.0,-1.0,0.13172676628828048,0.13161323672533035,0.13179612904787064,0.1334277281165123,0.13172676628828048,0.4448601249605417
val,beta_mostly_mediocre,200,64,5037000,500,power,power_a0.5000_c6.04501,0.5,6.0450098106,-1,posterior_mean_shrunk,0.14050221520662307,0.004370721816256659,0.6686970810294152,0.03770957922935486,0.10279263597726822,0.8091992962360383,64.0,0.31313131313131315,1.0,-1.0,0.14050221520662307,0.14050221520662307,0.14111166018247603,0.14093462651968003,0.14050221520662307,0.45216570794582367
val,beta_mostly_mediocre,200,64,5037000,500,power,power_a0.6667_c3.77086,0.6666666666666666,3.7708600737,-1,posterior_mean_shrunk,0.14050221520662307,0.004370721816256659,0.6686970810294152,0.03770957922935486,0.10279263597726822,0.8091992962360383,64.0,0.31313131313131315,1.0,-1.0,0.14050221520662307,0.14050221520662307,0.14111166018247603,0.14093462651968003,0.14050221520662307,0.3419521669857204
val,tail_b0.5_mu1.0_c1.0,200,64,5202000,500,power,power_a0.2500_c15.535,0.25,15.5349620122,-1,posterior_mean_shrunk,0.011219830870628358,0.0007428903335886503,0.9887325553894043,0.0005099956989288331,0.010709835171699524,0.9999523862600327,59.0,0.28787878787878796,0.0,-1.0,0.011219830870628358,0.011219830870628358,0.011219830870628358,0.039685763627290725,0.011219830870628358,0.35053929197601974
val,tail_b0.5_mu1.0_c1.0,200,64,5202000,500,power,power_a0.3333_c9.69067,0.3333333333333333,9.6906654968,-1,posterior_mean_shrunk,0.012227818489074707,0.000900926010751368,0.987724567770958,0.0005318880081176758,0.011695930480957031,0.9999523862600327,57.0,0.2777777777777778,0.0,-1.0,0.012227818489074707,0.012227818489074707,0.012227818489074707,0.03875883176922798,0.012227818489074707,0.39733737509232014
val,tail_b0.5_mu1.0_c1.0,200,64,5202000,500,power,power_a0.5000_c6.04501,0.5,6.0450098106,-1,posterior_mean_shrunk,0.012895660400390625,0.0008635470140123234,0.987056725859642,0.0004197145700454712,0.012475945830345154,0.9999523862600327,64.0,0.31313131313131315,1.0,-1.0,0.012895660400390625,0.012895660400390625,0.012895660400390625,0.03681830182671547,0.012895660400390625,0.2496671249391511
val,tail_b0.5_mu1.0_c1.0,200,64,5202000,500,power,power_a0.6667_c3.77086,0.6666666666666666,3.7708600737,-1,posterior_mean_shrunk,0.012708128452301026,0.0008596662586148562,0.9872442578077316,0.0004197145700454712,0.012288413882255555,0.9999523862600327,64.0,0.31313131313131315,1.0,-1.0,0.012708128452301026,0.012708128452301026,0.012708128452301026,0.03681830182671547,0.012708128452301026,0.5036344579420984
val,tail_b1.0_mu0.9_c2.0,200,64,5277000,500,power,power_a0.2500_c15.535,0.25,15.5349620122,-1,posterior_mean_shrunk,0.05422352397441864,0.002533681568417237,0.8431575045585632,0.005686381816864014,0.04853714215755463,0.8973810285329819,59.0,0.28787878787878796,0.0,-1.0,0.05422352397441864,0.05422352397441864,0.05423227667808533,0.0626717044711113,0.05422352397441864,0.35256954201031476
val,tail_b1.0_mu0.9_c2.0,200,64,5277000,500,power,power_a0.3333_c9.69067,0.3333333333333333,9.6906654968,-1,posterior_mean_shrunk,0.05082417798042298,0.002444519410052885,0.8465568505525589,0.006047838568687439,0.04477633941173553,0.8973810285329819,57.0,0.2777777777777778,0.0,-1.0,0.05082417798042298,0.05082417798042298,0.051067575216293334,0.05481493127346039,0.05082417798042298,0.3454622080316767
val,tail_b1.0_mu0.9_c2.0,200,64,5277000,500,power,power_a0.5000_c6.04501,0.5,6.0450098106,-1,posterior_mean_shrunk,0.053312142372131346,0.0024588232518787854,0.8440688861608505,0.0053234676122665405,0.047988674759864805,0.8973810285329819,64.0,0.31313131313131315,1.0,-1.0,0.053312142372131346,0.053312142372131346,0.053312142372131346,0.057497223854064944,0.053312142372131346,0.520901000010781
val,tail_b1.0_mu0.9_c2.0,200,64,5277000,500,power,power_a0.6667_c3.77086,0.6666666666666666,3.7708600737,-1,posterior_mean_shrunk,0.053312142372131346,0.0024588232518787854,0.8440688861608505,0.0053234676122665405,0.047988674759864805,0.8973810285329819,64.0,0.31313131313131315,1.0,-1.0,0.053312142372131346,0.053312142372131346,0.053312142372131346,0.057497223854064944,0.053312142372131346,0.4280947500374168
val,beta_skewed,200,64,5067000,500,power,power_a0.2500_c15.535,0.25,15.5349620122,-1,posterior_mean_shrunk,0.15538789446651935,0.006529367363228233,0.6319748667925597,0.10109154188632966,0.05429635258018971,0.787362761259079,59.0,0.28787878787878796,0.0,-1.0,0.15538789446651935,0.15586986990273,0.15713517187535764,0.15699217139184474,0.15586986990273,0.37075100000947714
val,beta_skewed,200,64,5067000,500,power,power_a0.3333_c9.69067,0.3333333333333333,9.6906654968,-1,posterior_mean_shrunk,0.15770089197158813,0.006540053549412395,0.6296618692874908,0.1038376249074936,0.05386326706409454,0.787362761259079,57.0,0.2777777777777778,0.0,-1.0,0.15770089197158813,0.1565320472717285,0.1565762484073639,0.1565762484073639,0.15668487286567687,0.5199827910400927
val,beta_skewed,200,64,5067000,500,power,power_a0.5000_c6.04501,0.5,6.0450098106,-1,posterior_mean_shrunk,0.14638127222657205,0.006150001875928399,0.640981489032507,0.09213673448562622,0.054244537740945814,0.787362761259079,64.0,0.31313131313131315,1.0,-1.0,0.14638127222657205,0.14638127222657205,0.14683388110995294,0.14683388110995294,0.14653123340010643,0.12827183294575661
val,beta_skewed,200,64,5067000,500,power,power_a0.6667_c3.77086,0.6666666666666666,3.7708600737,-1,posterior_mean_shrunk,0.14638127222657205,0.006150001875928399,0.640981489032507,0.09213673448562622,0.054244537740945814,0.787362761259079,64.0,0.31313131313131315,1.0,-1.0,0.14638127222657205,0.14638127222657205,0.14683388110995294,0.14683388110995294,0.14653123340010643,0.5828496660105884
val,beta_good_common,200,64,5007000,500,power,power_a0.2500_c15.535,0.25,15.5349620122,-1,posterior_mean_shrunk,0.057487473964691164,0.0023019533951125675,0.9260679644346237,0.014324029922485352,0.04316344404220581,0.9835554383993149,59.0,0.28787878787878796,0.0,-1.0,0.057487473964691164,0.057487473964691164,0.057487473964691164,0.07520189809799194,0.057487473964691164,0.4776778749655932
val,beta_good_common,200,64,5007000,500,power,power_a0.3333_c9.69067,0.3333333333333333,9.6906654968,-1,posterior_mean_shrunk,0.05782998466491699,0.002300014001752366,0.9257254537343979,0.01492898964881897,0.04290099501609802,0.9835554383993149,57.0,0.2777777777777778,0.0,-1.0,0.05782998466491699,0.05782998466491699,0.05782998466491699,0.06480110323429107,0.05782998466491699,0.25591691699810326
val,beta_good_common,200,64,5007000,500,power,power_a0.5000_c6.04501,0.5,6.0450098106,-1,posterior_mean_shrunk,0.059419487118721005,0.002433335430324419,0.9241359512805939,0.01304329514503479,0.04637619197368622,0.9835554383993149,64.0,0.31313131313131315,1.0,-1.0,0.059419487118721005,0.059419487118721005,0.059419487118721005,0.07026832044124603,0.059419487118721005,0.5455479170195758
val,beta_good_common,200,64,5007000,500,power,power_a0.6667_c3.77086,0.6666666666666666,3.7708600737,-1,posterior_mean_shrunk,0.059376564860343935,0.0024350551802188917,0.924178873538971,0.01304329514503479,0.04633326971530914,0.9835554383993149,64.0,0.31313131313131315,1.0,-1.0,0.059376564860343935,0.059376564860343935,0.059376564860343935,0.07026832044124603,0.059376564860343935,0.4775521670235321
val,beta_rare_excellent,500,64,5055000,500,power,power_a0.2500_c22.1324,0.25,22.132355641,-1,posterior_mean_shrunk,0.15966445277631283,0.004854002256096899,0.3571788293868303,0.1130865530371666,0.04657789973914623,0.5168432821631431,64.0,0.12449799196787148,1.0,-1.0,0.15966445277631283,0.15966445277631283,0.16007954870164395,0.1602402501553297,0.1593896648734808,0.8499435409903526
val,beta_rare_excellent,500,64,5055000,500,power,power_a0.3333_c15.535,0.3333333333333333,15.5349620122,-1,posterior_mean_shrunk,0.15966445277631283,0.004854002256096899,0.3571788293868303,0.1130865530371666,0.04657789973914623,0.5168432821631431,64.0,0.12449799196787148,1.0,-1.0,0.15966445277631283,0.15966445277631283,0.16007954870164395,0.1602402501553297,0.1593896648734808,0.840961292036809
val,beta_rare_excellent,500,64,5055000,500,power,power_a0.5000_c7.65377,0.5,7.6537682222,-1,posterior_mean_shrunk,0.15966445277631283,0.004854002256096899,0.3571788293868303,0.1130865530371666,0.04657789973914623,0.5168432821631431,64.0,0.12449799196787148,1.0,-1.0,0.15966445277631283,0.15966445277631283,0.16007954870164395,0.1602402501553297,0.1593896648734808,0.7692601670278236
val,beta_rare_excellent,500,64,5055000,500,power,power_a0.6667_c3.77086,0.6666666666666666,3.7708600737,-1,posterior_mean_shrunk,0.15966445277631283,0.004854002256096899,0.3571788293868303,0.1130865530371666,0.04657789973914623,0.5168432821631431,64.0,0.12449799196787148,1.0,-1.0,0.15966445277631283,0.15966445277631283,0.16007954870164395,0.1602402501553297,0.1593896648734808,0.8419249169528484
val,tail_b0.5_mu1.0_c1.0,500,64,5205000,500,power,power_a0.2500_c22.1324,0.25,22.132355641,-1,posterior_mean_shrunk,0.004256041646003723,0.0002958246292692921,0.9957345795631408,0.0004586191177368164,0.0037974225282669067,0.9999906212091446,64.0,0.12449799196787148,1.0,-1.0,0.004256041646003723,0.004256041646003723,0.004256041646003723,0.022817178696393967,0.004256041646003723,0.7079564169980586
val,tail_b0.5_mu1.0_c1.0,500,64,5205000,500,power,power_a0.3333_c15.535,0.3333333333333333,15.5349620122,-1,posterior_mean_shrunk,0.0042477016448974605,0.0002958816564752504,0.9957429195642471,0.0004586191177368164,0.0037890825271606446,0.9999906212091446,64.0,0.12449799196787148,1.0,-1.0,0.0042477016448974605,0.0042477016448974605,0.0042477016448974605,0.022817178696393967,0.0042477016448974605,0.7618875419721007
val,tail_b0.5_mu1.0_c1.0,500,64,5205000,500,power,power_a0.5000_c7.65377,0.5,7.6537682222,-1,posterior_mean_shrunk,0.004256041646003723,0.0002958246292692921,0.9957345795631408,0.0004586191177368164,0.0037974225282669067,0.9999906212091446,64.0,0.12449799196787148,1.0,-1.0,0.004256041646003723,0.004256041646003723,0.004256041646003723,0.022817178696393967,0.004256041646003723,0.7586756250821054
val,tail_b0.5_mu1.0_c1.0,500,64,5205000,500,power,power_a0.6667_c3.77086,0.6666666666666666,3.7708600737,-1,posterior_mean_shrunk,0.0042477016448974605,0.0002958816564752504,0.9957429195642471,0.0004586191177368164,0.0037890825271606446,0.9999906212091446,64.0,0.12449799196787148,1.0,-1.0,0.0042477016448974605,0.0042477016448974605,0.0042477016448974605,0.022817178696393967,0.0042477016448974605,0.5644973330199718
val,beta_mostly_mediocre,500,64,5040000,500,power,power_a0.2500_c22.1324,0.25,22.132355641,-1,posterior_mean_shrunk,0.10785292422771454,0.0031682745263328796,0.7233704092502594,0.06052272510528565,0.0473301991224289,0.831223333477974,64.0,0.12449799196787148,1.0,-1.0,0.10785292422771454,0.10785292422771454,0.10818780040740966,0.10846248209476471,0.10785292422771454,0.8100220420164987
val,beta_mostly_mediocre,500,64,5040000,500,power,power_a0.3333_c15.535,0.3333333333333333,15.5349620122,-1,posterior_mean_shrunk,0.10785292422771454,0.0031682745263328796,0.7233704092502594,0.06052272510528565,0.0473301991224289,0.831223333477974,64.0,0.12449799196787148,1.0,-1.0,0.10785292422771454,0.10785292422771454,0.10818780040740966,0.10846248209476471,0.10785292422771454,0.7097469170112163
val,beta_mostly_mediocre,500,64,5040000,500,power,power_a0.5000_c7.65377,0.5,7.6537682222,-1,posterior_mean_shrunk,0.10785292422771454,0.0031682745263328796,0.7233704092502594,0.06052272510528565,0.0473301991224289,0.831223333477974,64.0,0.12449799196787148,1.0,-1.0,0.10785292422771454,0.10785292422771454,0.10818780040740966,0.10846248209476471,0.10785292422771454,0.6977917089825496
val,beta_mostly_mediocre,500,64,5040000,500,power,power_a0.6667_c3.77086,0.6666666666666666,3.7708600737,-1,posterior_mean_shrunk,0.10785292422771454,0.0031682745263328796,0.7233704092502594,0.06052272510528565,0.0473301991224289,0.831223333477974,64.0,0.12449799196787148,1.0,-1.0,0.10785292422771454,0.10785292422771454,0.10818780040740966,0.10846248209476471,0.10785292422771454,0.6341112910304219
val,tail_b8.0_mu1.0_c1.0,500,64,5475000,500,power,power_a0.2500_c22.1324,0.25,22.132355641,-1,posterior_mean_shrunk,0.1647478139549494,0.005143198189011625,0.40268106625974176,0.12264386162161828,0.042103952333331106,0.5674288802146912,64.0,0.12449799196787148,1.0,-1.0,0.1647478139549494,0.1647478139549494,0.1650539194792509,0.16499203880131244,0.16479406420886517,0.6561837500194088
val,tail_b8.0_mu1.0_c1.0,500,64,5475000,500,power,power_a0.3333_c15.535,0.3333333333333333,15.5349620122,-1,posterior_mean_shrunk,0.1647478139549494,0.005143198189011625,0.40268106625974176,0.12264386162161828,0.042103952333331106,0.5674288802146912,64.0,0.12449799196787148,1.0,-1.0,0.1647478139549494,0.1647478139549494,0.1650539194792509,0.16499203880131244,0.16479406420886517,0.7750361249782145
val,tail_b8.0_mu1.0_c1.0,500,64,5475000,500,power,power_a0.5000_c7.65377,0.5,7.6537682222,-1,posterior_mean_shrunk,0.1647478139549494,0.005143198189011625,0.40268106625974176,0.12264386162161828,0.042103952333331106,0.5674288802146912,64.0,0.12449799196787148,1.0,-1.0,0.1647478139549494,0.1647478139549494,0.1650539194792509,0.16499203880131244,0.16479406420886517,0.6712661249330267
val,tail_b8.0_mu1.0_c1.0,500,64,5475000,500,power,power_a0.6667_c3.77086,0.6666666666666666,3.7708600737,-1,posterior_mean_shrunk,0.1647478139549494,0.005143198189011625,0.40268106625974176,0.12264386162161828,0.042103952333331106,0.5674288802146912,64.0,0.12449799196787148,1.0,-1.0,0.1647478139549494,0.1647478139549494,0.1650539194792509,0.16499203880131244,0.16479406420886517,0.7186072079930454
val,tail_b2.0_mu1.0_c1.0,500,64,5370000,500,power,power_a0.2500_c22.1324,0.25,22.132355641,-1,posterior_mean_shrunk,0.0757882118821144,0.002964911015576715,0.8854264449477196,0.06491722154617309,0.010870990335941315,0.961214656829834,64.0,0.12449799196787148,1.0,-1.0,0.0757882118821144,0.0757882118821144,0.07585391706228256,0.07585391706228256,0.07575859063863755,0.804308749968186
val,tail_b2.0_mu1.0_c1.0,500,64,5370000,500,power,power_a0.3333_c15.535,0.3333333333333333,15.5349620122,-1,posterior_mean_shrunk,0.0757882118821144,0.002964911015576715,0.8854264449477196,0.06491722154617309,0.010870990335941315,0.961214656829834,64.0,0.12449799196787148,1.0,-1.0,0.0757882118821144,0.0757882118821144,0.07585391706228256,0.07585391706228256,0.07575859063863755,0.5346458329586312
val,tail_b2.0_mu1.0_c1.0,500,64,5370000,500,power,power_a0.5000_c7.65377,0.5,7.6537682222,-1,posterior_mean_shrunk,0.0757882118821144,0.002964911015576715,0.8854264449477196,0.06491722154617309,0.010870990335941315,0.961214656829834,64.0,0.12449799196787148,1.0,-1.0,0.0757882118821144,0.0757882118821144,0.07585391706228256,0.07585391706228256,0.07575859063863755,0.8582040839828551
val,tail_b2.0_mu1.0_c1.0,500,64,5370000,500,power,power_a0.6667_c3.77086,0.6666666666666666,3.7708600737,-1,posterior_mean_shrunk,0.0757882118821144,0.002964911015576715,0.8854264449477196,0.06491722154617309,0.010870990335941315,0.961214656829834,64.0,0.12449799196787148,1.0,-1.0,0.0757882118821144,0.0757882118821144,0.07585391706228256,0.07585391706228256,0.07575859063863755,0.7635999589692801
val,tail_b1.0_mu0.9_c2.0,500,64,5280000,500,power,power_a0.2500_c22.1324,0.25,22.132355641,-1,posterior_mean_shrunk,0.033184857606887816,0.0014776741017765744,0.8658514132499695,0.006895366787910462,0.026289490818977357,0.8990362708568573,64.0,0.12449799196787148,1.0,-1.0,0.033184857606887816,0.033184857606887816,0.03340697836875915,0.0335212459564209,0.033184857606887816,0.7627612919313833
val,tail_b1.0_mu0.9_c2.0,500,64,5280000,500,power,power_a0.3333_c15.535,0.3333333333333333,15.5349620122,-1,posterior_mean_shrunk,0.033184857606887816,0.0014776741017765744,0.8658514132499695,0.006895366787910462,0.026289490818977357,0.8990362708568573,64.0,0.12449799196787148,1.0,-1.0,0.033184857606887816,0.033184857606887816,0.03340697836875915,0.0335212459564209,0.033184857606887816,0.6172122500138357
val,tail_b1.0_mu0.9_c2.0,500,64,5280000,500,power,power_a0.5000_c7.65377,0.5,7.6537682222,-1,posterior_mean_shrunk,0.033184857606887816,0.0014776741017765744,0.8658514132499695,0.006895366787910462,0.026289490818977357,0.8990362708568573,64.0,0.12449799196787148,1.0,-1.0,0.033184857606887816,0.033184857606887816,0.03340697836875915,0.0335212459564209,0.033184857606887816,0.7365102079929784
val,tail_b1.0_mu0.9_c2.0,500,64,5280000,500,power,power_a0.6667_c3.77086,0.6666666666666666,3.7708600737,-1,posterior_mean_shrunk,0.033184857606887816,0.0014776741017765744,0.8658514132499695,0.006895366787910462,0.026289490818977357,0.8990362708568573,64.0,0.12449799196787148,1.0,-1.0,0.033184857606887816,0.033184857606887816,0.03340697836875915,0.0335212459564209,0.033184857606887816,0.7792502079391852
val,beta_skewed,500,64,5070000,500,power,power_a0.2500_c22.1324,0.25,22.132355641,-1,posterior_mean_shrunk,0.15451632833480836,0.005564433698852353,0.682145765542984,0.14001157516241072,0.014504753172397614,0.8366620938777923,64.0,0.12449799196787148,1.0,-1.0,0.15451632833480836,0.15451632833480836,0.15451632833480836,0.15451632833480836,0.15451632833480836,0.7587305000051856
val,beta_skewed,500,64,5070000,500,power,power_a0.3333_c15.535,0.3333333333333333,15.5349620122,-1,posterior_mean_shrunk,0.15451632833480836,0.005564433698852353,0.682145765542984,0.14001157516241072,0.014504753172397614,0.8366620938777923,64.0,0.12449799196787148,1.0,-1.0,0.15451632833480836,0.15451632833480836,0.15451632833480836,0.15451632833480836,0.15451632833480836,0.8485939169768244
val,beta_skewed,500,64,5070000,500,power,power_a0.5000_c7.65377,0.5,7.6537682222,-1,posterior_mean_shrunk,0.15451632833480836,0.005564433698852353,0.682145765542984,0.14001157516241072,0.014504753172397614,0.8366620938777923,64.0,0.12449799196787148,1.0,-1.0,0.15451632833480836,0.15451632833480836,0.15451632833480836,0.15451632833480836,0.15451632833480836,0.5746645000763237
val,beta_skewed,500,64,5070000,500,power,power_a0.6667_c3.77086,0.6666666666666666,3.7708600737,-1,posterior_mean_shrunk,0.15451632833480836,0.005564433698852353,0.682145765542984,0.14001157516241072,0.014504753172397614,0.8366620938777923,64.0,0.12449799196787148,1.0,-1.0,0.15451632833480836,0.15451632833480836,0.15451632833480836,0.15451632833480836,0.15451632833480836,0.9049825830152258
val,beta_good_common,500,64,5010000,500,power,power_a0.2500_c22.1324,0.25,22.132355641,-1,posterior_mean_shrunk,0.03569364142417908,0.0013518973232750549,0.9540082341432572,0.020375285267829894,0.015318356156349182,0.9897018755674363,64.0,0.12449799196787148,1.0,-1.0,0.03569364142417908,0.03569364142417908,0.03570700585842133,0.03610692644119263,0.03569364142417908,0.8367301250109449
val,beta_good_common,500,64,5010000,500,power,power_a0.3333_c15.535,0.3333333333333333,15.5349620122,-1,posterior_mean_shrunk,0.03569364142417908,0.0013518973232750549,0.9540082341432572,0.020375285267829894,0.015318356156349182,0.9897018755674363,64.0,0.12449799196787148,1.0,-1.0,0.03569364142417908,0.03569364142417908,0.03570700585842133,0.03610692644119263,0.03569364142417908,0.9071507500484586
val,beta_good_common,500,64,5010000,500,power,power_a0.5000_c7.65377,0.5,7.6537682222,-1,posterior_mean_shrunk,0.03569364142417908,0.0013518973232750549,0.9540082341432572,0.020375285267829894,0.015318356156349182,0.9897018755674363,64.0,0.12449799196787148,1.0,-1.0,0.03569364142417908,0.03569364142417908,0.03570700585842133,0.03610692644119263,0.03569364142417908,0.8391731249867007
val,beta_good_common,500,64,5010000,500,power,power_a0.6667_c3.77086,0.6666666666666666,3.7708600737,-1,posterior_mean_shrunk,0.03569364142417908,0.0013518973232750549,0.9540082341432572,0.020375285267829894,0.015318356156349182,0.9897018755674363,64.0,0.12449799196787148,1.0,-1.0,0.03569364142417908,0.03569364142417908,0.03570700585842133,0.03610692644119263,0.03569364142417908,0.8595899590291083
val,beta_rare_excellent,1000,64,5058000,500,power,power_a0.2500_c15.535,0.25,15.5349620122,-1,posterior_mean_shrunk,0.17463481295108796,0.004521280682386279,0.3858664248585701,0.15792652490735054,0.01670828804373741,0.5605012378096581,64.0,0.062124248496993974,1.0,-1.0,0.17463481295108796,0.17463481295108796,0.1751422794163227,0.1751422794163227,0.1743692722916603,1.6316225830232725
val,beta_rare_excellent,1000,64,5058000,500,power,power_a0.3333_c8.61221,0.3333333333333333,8.6122068967,-1,posterior_mean_shrunk,0.17463481295108796,0.004521280682386279,0.3858664248585701,0.15792652490735054,0.01670828804373741,0.5605012378096581,64.0,0.062124248496993974,1.0,-1.0,0.17463481295108796,0.17463481295108796,0.1751422794163227,0.1751422794163227,0.1743692722916603,1.2687237079953775
val,beta_rare_excellent,1000,64,5058000,500,power,power_a0.5000_c6.80199,0.5,6.8019926485,-1,posterior_mean_shrunk,0.17463481295108796,0.004521280682386279,0.3858664248585701,0.15792652490735054,0.01670828804373741,0.5605012378096581,64.0,0.062124248496993974,1.0,-1.0,0.17463481295108796,0.17463481295108796,0.1751422794163227,0.1751422794163227,0.1743692722916603,1.431066249962896
val,beta_rare_excellent,1000,64,5058000,500,power,power_a0.6667_c1.02993,0.6666666666666666,1.0299349292,-1,posterior_mean_shrunk,0.17463481295108796,0.004521280682386279,0.3858664248585701,0.15792652490735054,0.01670828804373741,0.5605012378096581,64.0,0.062124248496993974,1.0,-1.0,0.17463481295108796,0.17463481295108796,0.1751422794163227,0.1751422794163227,0.1743692722916603,1.7625005829613656
val,beta_mostly_mediocre,1000,64,5043000,500,power,power_a0.2500_c15.535,0.25,15.5349620122,-1,posterior_mean_shrunk,0.10313677322864533,0.0029738633463945482,0.7444177660942077,0.07767406129837036,0.025462711930274964,0.8475545393228531,64.0,0.062124248496993974,1.0,-1.0,0.10313677322864533,0.10313677322864533,0.10332601583003997,0.10354340672492982,0.10313677322864533,1.5039182079490274
val,beta_mostly_mediocre,1000,64,5043000,500,power,power_a0.3333_c8.61221,0.3333333333333333,8.6122068967,-1,posterior_mean_shrunk,0.10313677322864533,0.0029738633463945482,0.7444177660942077,0.07767406129837036,0.025462711930274964,0.8475545393228531,64.0,0.062124248496993974,1.0,-1.0,0.10313677322864533,0.10313677322864533,0.10332601583003997,0.10354340672492982,0.10313677322864533,1.4601176250725985
val,beta_mostly_mediocre,1000,64,5043000,500,power,power_a0.5000_c6.80199,0.5,6.8019926485,-1,posterior_mean_shrunk,0.10313677322864533,0.0029738633463945482,0.7444177660942077,0.07767406129837036,0.025462711930274964,0.8475545393228531,64.0,0.062124248496993974,1.0,-1.0,0.10313677322864533,0.10313677322864533,0.10332601583003997,0.10354340672492982,0.10313677322864533,1.7373992080101743
val,beta_mostly_mediocre,1000,64,5043000,500,power,power_a0.6667_c1.02993,0.6666666666666666,1.0299349292,-1,posterior_mean_shrunk,0.10313677322864533,0.0029738633463945482,0.7444177660942077,0.07767406129837036,0.025462711930274964,0.8475545393228531,64.0,0.062124248496993974,1.0,-1.0,0.10313677322864533,0.10313677322864533,0.10332601583003997,0.10354340672492982,0.10313677322864533,1.5444639170309529
val,tail_b0.5_mu1.0_c1.0,1000,64,5208000,500,power,power_a0.2500_c15.535,0.25,15.5349620122,-1,posterior_mean_shrunk,0.001708047866821289,0.00010108193097881992,0.9982902250289917,0.00045669329166412356,0.0012513545751571655,0.999998272895813,64.0,0.062124248496993974,1.0,-1.0,0.001708047866821289,0.001708047866821289,0.001708047866821289,0.015694264575839043,0.001708047866821289,1.142574124969542
val,tail_b0.5_mu1.0_c1.0,1000,64,5208000,500,power,power_a0.3333_c8.61221,0.3333333333333333,8.6122068967,-1,posterior_mean_shrunk,0.001715417981147766,0.00010189366516747139,0.9982828549146652,0.00045669329166412356,0.0012587246894836426,0.999998272895813,64.0,0.062124248496993974,1.0,-1.0,0.001715417981147766,0.001715417981147766,0.001715417981147766,0.015889399692416192,0.001715417981147766,1.393707541981712
val,tail_b0.5_mu1.0_c1.0,1000,64,5208000,500,power,power_a0.5000_c6.80199,0.5,6.8019926485,-1,posterior_mean_shrunk,0.001729286551475525,0.00010164623495287048,0.9982689863443375,0.00045669329166412356,0.0012725932598114014,0.999998272895813,64.0,0.062124248496993974,1.0,-1.0,0.001729286551475525,0.001729286551475525,0.001729286551475525,0.01510189764201641,0.001729286551475525,1.3872820829274133
val,tail_b0.5_mu1.0_c1.0,1000,64,5208000,500,power,power_a0.6667_c1.02993,0.6666666666666666,1.0299349292,-1,posterior_mean_shrunk,0.001924506902694702,0.0001173408425379653,0.9980737659931183,0.00045669329166412356,0.0014678136110305787,0.999998272895813,64.0,0.062124248496993974,1.0,-1.0,0.001924506902694702,0.001924506902694702,0.001924506902694702,0.01709914307296276,0.001924506902694702,1.6144742090255022
val,tail_b1.0_mu0.9_c2.0,1000,64,5283000,500,power,power_a0.2500_c15.535,0.25,15.5349620122,-1,posterior_mean_shrunk,0.021574854612350463,0.0009385091596445826,0.8779049407243729,0.007079625725746155,0.01449522888660431,0.8994797953367233,64.0,0.062124248496993974,1.0,-1.0,0.021574854612350463,0.021590752243995665,0.021614057421684266,0.021739256620407106,0.021574854612350463,1.175208583008498
val,tail_b1.0_mu0.9_c2.0,1000,64,5283000,500,power,power_a0.3333_c8.61221,0.3333333333333333,8.6122068967,-1,posterior_mean_shrunk,0.021574854612350463,0.0009385091596445826,0.8779049407243729,0.007079625725746155,0.01449522888660431,0.8994797953367233,64.0,0.062124248496993974,1.0,-1.0,0.021574854612350463,0.021590752243995665,0.021614057421684266,0.021739256620407106,0.021574854612350463,1.5220167089719325
val,tail_b1.0_mu0.9_c2.0,1000,64,5283000,500,power,power_a0.5000_c6.80199,0.5,6.8019926485,-1,posterior_mean_shrunk,0.021574854612350463,0.0009385091596445826,0.8779049407243729,0.007079625725746155,0.01449522888660431,0.8994797953367233,64.0,0.062124248496993974,1.0,-1.0,0.021574854612350463,0.021590752243995665,0.021614057421684266,0.021739256620407106,0.021574854612350463,1.5790740000084043
val,tail_b1.0_mu0.9_c2.0,1000,64,5283000,500,power,power_a0.6667_c1.02993,0.6666666666666666,1.0299349292,-1,posterior_mean_shrunk,0.021590752243995665,0.0009381441453663287,0.8778890430927276,0.007079625725746155,0.014511126518249512,0.8994797953367233,64.0,0.062124248496993974,1.0,-1.0,0.021590752243995665,0.021590752243995665,0.02162995505332947,0.02175515425205231,0.021590752243995665,0.9757242910563946
val,tail_b8.0_mu1.0_c1.0,1000,64,5478000,500,power,power_a0.2500_c15.535,0.25,15.5349620122,-1,posterior_mean_shrunk,0.1780911737680435,0.004654461750013894,0.4231123580932617,0.16356286758184432,0.014528306186199188,0.6012035318613053,64.0,0.062124248496993974,1.0,-1.0,0.1780911737680435,0.1780911737680435,0.1782634119987488,0.1782634119987488,0.1780911737680435,1.5544486250728369
val,tail_b8.0_mu1.0_c1.0,1000,64,5478000,500,power,power_a0.3333_c8.61221,0.3333333333333333,8.6122068967,-1,posterior_mean_shrunk,0.1780911737680435,0.004654461750013894,0.4231123580932617,0.16356286758184432,0.014528306186199188,0.6012035318613053,64.0,0.062124248496993974,1.0,-1.0,0.1780911737680435,0.1780911737680435,0.1782634119987488,0.1782634119987488,0.1780911737680435,1.2445043330080807
val,tail_b8.0_mu1.0_c1.0,1000,64,5478000,500,power,power_a0.5000_c6.80199,0.5,6.8019926485,-1,posterior_mean_shrunk,0.1780911737680435,0.004654461750013894,0.4231123580932617,0.16356286758184432,0.014528306186199188,0.6012035318613053,64.0,0.062124248496993974,1.0,-1.0,0.1780911737680435,0.1780911737680435,0.1782634119987488,0.1782634119987488,0.1780911737680435,1.415335708996281
val,tail_b8.0_mu1.0_c1.0,1000,64,5478000,500,power,power_a0.6667_c1.02993,0.6666666666666666,1.0299349292,-1,posterior_mean_shrunk,0.1782589387893677,0.004648384859509379,0.42294459307193755,0.16356286758184432,0.014696071207523346,0.6012035318613053,64.0,0.062124248496993974,1.0,-1.0,0.1782589387893677,0.1782589387893677,0.17843117702007294,0.17843117702007294,0.1782589387893677,1.0565864170202985
val,tail_b2.0_mu1.0_c1.0,1000,64,5373000,500,power,power_a0.2500_c15.535,0.25,15.5349620122,-1,posterior_mean_shrunk,0.09056712126731872,0.002917999254600722,0.8821361887454987,0.08585728931427002,0.004709831953048706,0.9727033100128174,64.0,0.062124248496993974,1.0,-1.0,0.09056712126731872,0.09056712126731872,0.09056712126731872,0.09056712126731872,0.09056712126731872,1.362108709057793
val,tail_b2.0_mu1.0_c1.0,1000,64,5373000,500,power,power_a0.3333_c8.61221,0.3333333333333333,8.6122068967,-1,posterior_mean_shrunk,0.09064079201221466,0.0029160495937650393,0.8820625180006028,0.08585728931427002,0.004783502697944641,0.9727033100128174,64.0,0.062124248496993974,1.0,-1.0,0.09064079201221466,0.09064079201221466,0.09064079201221466,0.09064079201221466,0.09064079201221466,1.3875571670942008
val,tail_b2.0_mu1.0_c1.0,1000,64,5373000,500,power,power_a0.5000_c6.80199,0.5,6.8019926485,-1,posterior_mean_shrunk,0.09056712126731872,0.002917999254600722,0.8821361887454987,0.08585728931427002,0.004709831953048706,0.9727033100128174,64.0,0.062124248496993974,1.0,-1.0,0.09056712126731872,0.09056712126731872,0.09056712126731872,0.09056712126731872,0.09056712126731872,1.9195410829270259
val,tail_b2.0_mu1.0_c1.0,1000,64,5373000,500,power,power_a0.6667_c1.02993,0.6666666666666666,1.0299349292,-1,posterior_mean_shrunk,0.09085738849639892,0.0029174532792475326,0.8818459215164185,0.08585728931427002,0.005000099182128907,0.9727033100128174,64.0,0.062124248496993974,1.0,-1.0,0.09085738849639892,0.09085738849639892,0.09085738849639892,0.09085738849639892,0.09085738849639892,0.816397708025761
val,beta_good_common,1000,64,5013000,500,power,power_a0.2500_c15.535,0.25,15.5349620122,-1,posterior_mean_shrunk,0.030013415813446045,0.0010785926439374881,0.9629621514081955,0.022995798349380495,0.007017617464065552,0.9929755672216415,64.0,0.062124248496993974,1.0,-1.0,0.030013415813446045,0.030109783411026003,0.029950037479400636,0.029950037479400636,0.029950037479400636,1.498837957973592
val,beta_good_common,1000,64,5013000,500,power,power_a0.3333_c8.61221,0.3333333333333333,8.6122068967,-1,posterior_mean_shrunk,0.030013415813446045,0.0010785926439374881,0.9629621514081955,0.022995798349380495,0.007017617464065552,0.9929755672216415,64.0,0.062124248496993974,1.0,-1.0,0.030013415813446045,0.030109783411026003,0.029950037479400636,0.029950037479400636,0.029950037479400636,1.8126315000699833
val,beta_good_common,1000,64,5013000,500,power,power_a0.5000_c6.80199,0.5,6.8019926485,-1,posterior_mean_shrunk,0.030013415813446045,0.0010785926439374881,0.9629621514081955,0.022995798349380495,0.007017617464065552,0.9929755672216415,64.0,0.062124248496993974,1.0,-1.0,0.030013415813446045,0.030109783411026003,0.029950037479400636,0.029950037479400636,0.029950037479400636,1.3089634579373524
val,beta_good_common,1000,64,5013000,500,power,power_a0.6667_c1.02993,0.6666666666666666,1.0299349292,-1,posterior_mean_shrunk,0.02994762647151947,0.0010758349505925445,0.9630279407501221,0.022995798349380495,0.006951828122138977,0.9929755672216415,64.0,0.062124248496993974,1.0,-1.0,0.02994762647151947,0.030043994069099425,0.02988424813747406,0.029914702534675597,0.02988424813747406,0.7855206669773906
val,beta_skewed,1000,64,5073000,500,power,power_a0.2500_c15.535,0.25,15.5349620122,-1,posterior_mean_shrunk,0.19246283030509947,0.005192188665279675,0.6789750368595123,0.18712676852941512,0.005336061775684357,0.8714378671646118,64.0,0.062124248496993974,1.0,-1.0,0.19246283030509947,0.19246283030509947,0.19250578129291535,0.19250578129291535,0.19250578129291535,1.6435312499525025
val,beta_skewed,1000,64,5073000,500,power,power_a0.3333_c8.61221,0.3333333333333333,8.6122068967,-1,posterior_mean_shrunk,0.19246283030509947,0.005192188665279675,0.6789750368595123,0.18712676852941512,0.005336061775684357,0.8714378671646118,64.0,0.062124248496993974,1.0,-1.0,0.19246283030509947,0.19246283030509947,0.19250578129291535,0.19250578129291535,0.19250578129291535,1.622597249923274
val,beta_skewed,1000,64,5073000,500,power,power_a0.5000_c6.80199,0.5,6.8019926485,-1,posterior_mean_shrunk,0.19246283030509947,0.005192188665279675,0.6789750368595123,0.18712676852941512,0.005336061775684357,0.8714378671646118,64.0,0.062124248496993974,1.0,-1.0,0.19246283030509947,0.19246283030509947,0.19250578129291535,0.19250578129291535,0.19250578129291535,1.5983566669747233
val,beta_skewed,1000,64,5073000,500,power,power_a0.6667_c1.02993,0.6666666666666666,1.0299349292,-1,posterior_mean_shrunk,0.19225122725963592,0.005197921107790149,0.6791866399049759,0.18712676852941512,0.0051244587302207946,0.8714378671646118,64.0,0.062124248496993974,1.0,-1.0,0.19225122725963592,0.19220827627182008,0.19225122725963592,0.19225122725963592,0.19225122725963592,0.5574000830529258
val,tail_b0.5_mu1.0_c1.0,2000,64,5535000,500,power,power_a0.2500_c13.8061,0.25,13.8061010387,-1,posterior_mean_shrunk,0.001121204972267151,7.199373680915312e-05,0.9988782337903976,0.000510159969329834,0.0006110450029373169,0.9999994387626648,64.0,0.031031031031031032,1.0,-1.0,0.001121204972267151,0.001121204972267151,0.001121204972267151,0.00978914225101471,0.0011150305271148682,0.8112787909340113
val,tail_b0.5_mu1.0_c1.0,2000,64,5535000,500,power,power_a0.3333_c5.37227,0.3333333333333333,5.3722703769,-1,posterior_mean_shrunk,0.0011465080976486206,7.404319003343171e-05,0.9988529306650161,0.000510159969329834,0.0006363481283187866,0.9999994387626648,64.0,0.031031031031031032,1.0,-1.0,0.0011465080976486206,0.0011465080976486206,0.0011465080976486206,0.010484274506568908,0.0011403336524963379,0.8073970830300823
val,tail_b0.5_mu1.0_c1.0,2000,64,5535000,500,power,power_a0.5000_c1.85783,0.5,1.8578281028,-1,posterior_mean_shrunk,0.0011600029468536376,7.63586096787329e-05,0.9988394358158111,0.000510159969329834,0.0006498429775238037,0.9999994387626648,64.0,0.031031031031031032,1.0,-1.0,0.0011600029468536376,0.0011600029468536376,0.0011600029468536376,0.010467607498168946,0.001153828501701355,0.8055770830251276
val,tail_b0.5_mu1.0_c1.0,2000,64,5535000,500,power,power_a0.6667_c0.915315,0.6666666666666666,0.915315125,-1,posterior_mean_shrunk,0.0010428903102874755,6.68496282434336e-05,0.9989565484523774,0.000510159969329834,0.0005327303409576416,0.9999994387626648,64.0,0.031031031031031032,1.0,-1.0,0.0010428903102874755,0.0010428903102874755,0.0010428903102874755,0.01051786470413208,0.0010367158651351928,0.7623547909315675
val,tail_b0.5_mu1.0_c1.0,2000,64,5535000,500,refine_after_init,refine_after_init_K8,0.0,8.0,8,posterior_mean_shrunk,0.021804550170898437,0.0016792915902848107,0.9781948885917664,0.021407968521118165,0.00039658164978027344,0.9999994387626648,8.0,0.003003003003003004,0.0,-1.0,0.021804550170898437,0.021805277109146117,0.021805277109146117,0.021809723258018495,0.021804550170898437,0.5781252080341801
val,beta_rare_excellent,2000,64,5505000,500,power,power_a0.2500_c13.8061,0.25,13.8061010387,-1,posterior_mean_shrunk,0.1991810646057129,0.004375490548774715,0.39680149739980697,0.19292827048897743,0.006252794116735458,0.5959825620055199,64.0,0.031031031031031032,1.0,-1.0,0.1991810646057129,0.1991810646057129,0.19912916320562363,0.19912916320562363,0.1991810646057129,0.84063412505202
val,beta_rare_excellent,2000,64,5505000,500,power,power_a0.3333_c5.37227,0.3333333333333333,5.3722703769,-1,posterior_mean_shrunk,0.19912118875980378,0.004370464694079981,0.3968613732457161,0.19292827048897743,0.00619291827082634,0.5959825620055199,64.0,0.031031031031031032,1.0,-1.0,0.19912118875980378,0.19912118875980378,0.19912118875980378,0.19912118875980378,0.19912118875980378,0.8322208330500871
val,beta_rare_excellent,2000,64,5505000,500,power,power_a0.5000_c1.85783,0.5,1.8578281028,-1,posterior_mean_shrunk,0.19928041750192643,0.004370378627674772,0.3967021445035934,0.19292827048897743,0.00635214701294899,0.5959825620055199,64.0,0.031031031031031032,1.0,-1.0,0.19928041750192643,0.19928041750192643,0.19922851610183717,0.19922851610183717,0.19928041750192643,0.7995726249646395
val,beta_rare_excellent,2000,64,5505000,500,power,power_a0.6667_c0.915315,0.6666666666666666,0.915315125,-1,posterior_mean_shrunk,0.1991810646057129,0.004375490548774715,0.39680149739980697,0.19292827048897743,0.006252794116735458,0.5959825620055199,64.0,0.031031031031031032,1.0,-1.0,0.1991810646057129,0.1991810646057129,0.19912916320562363,0.19912916320562363,0.1991810646057129,0.7781487919855863
val,beta_rare_excellent,2000,64,5505000,500,refine_after_init,refine_after_init_K8,0.0,8.0,8,posterior_mean_shrunk,0.34438731490075586,0.004854072168738251,0.251595247104764,0.3434516474828124,0.0009356674179434776,0.5959825620055199,8.0,0.003003003003003004,0.0,-1.0,0.34438731490075586,0.34438731490075586,0.34438731490075586,0.34438731490075586,0.34438731490075586,0.5841847079573199
val,tail_b2.0_mu1.0_c1.0,2000,64,5568000,500,power,power_a0.2500_c13.8061,0.25,13.8061010387,-1,posterior_mean_shrunk,0.09125786638259888,0.0025933157400394743,0.8881292262077332,0.08950660073757172,0.0017512656450271607,0.9793870925903321,64.0,0.031031031031031032,1.0,-1.0,0.09125786638259888,0.09121633923053742,0.09125786638259888,0.09125786638259888,0.09125786638259888,0.8526389170438051
val,tail_b2.0_mu1.0_c1.0,2000,64,5568000,500,power,power_a0.3333_c5.37227,0.3333333333333333,5.3722703769,-1,posterior_mean_shrunk,0.09148813426494598,0.002603438754095059,0.887898958325386,0.08950660073757172,0.0019815335273742677,0.9793870925903321,64.0,0.031031031031031032,1.0,-1.0,0.09148813426494598,0.09155644977092743,0.09148813426494598,0.09148813426494598,0.09148813426494598,0.809919707942754
val,tail_b2.0_mu1.0_c1.0,2000,64,5568000,500,power,power_a0.5000_c1.85783,0.5,1.8578281028,-1,posterior_mean_shrunk,0.09144789135456086,0.0026069345798433842,0.8879392012357712,0.08950660073757172,0.0019412906169891358,0.9793870925903321,64.0,0.031031031031031032,1.0,-1.0,0.09144789135456086,0.09127840197086334,0.09144789135456086,0.09144789135456086,0.09144789135456086,0.8032383340178058
val,tail_b2.0_mu1.0_c1.0,2000,64,5568000,500,power,power_a0.6667_c0.915315,0.6666666666666666,0.915315125,-1,posterior_mean_shrunk,0.09131019973754882,0.0025932876292353757,0.8880768928527832,0.08950660073757172,0.0018035989999771118,0.9793870925903321,64.0,0.031031031031031032,1.0,-1.0,0.09131019973754882,0.09126867258548736,0.09131019973754882,0.09131019973754882,0.09131019973754882,0.7906689998926595
val,tail_b2.0_mu1.0_c1.0,2000,64,5568000,500,refine_after_init,refine_after_init_K8,0.0,8.0,8,posterior_mean_shrunk,0.2784511896967888,0.006592312133965322,0.7009359028935432,0.27744826656579974,0.0010029231309890748,0.9793870925903321,8.0,0.003003003003003004,0.0,-1.0,0.2784511896967888,0.2784511896967888,0.2784511896967888,0.2784511896967888,0.2784511896967888,0.5656138749327511
val,tail_b1.0_mu0.9_c2.0,2000,64,5550000,500,power,power_a0.2500_c13.8061,0.25,13.8061010387,-1,posterior_mean_shrunk,0.014738506197929383,0.0006081291620378275,0.8850185983180999,0.007463709592819214,0.007274796605110169,0.8997571045160293,64.0,0.031031031031031032,1.0,-1.0,0.014738506197929383,0.014745367169380188,0.014674308896064758,0.014659973025321961,0.014745367169380188,0.8240184169262648
val,tail_b1.0_mu0.9_c2.0,2000,64,5550000,500,power,power_a0.3333_c5.37227,0.3333333333333333,5.3722703769,-1,posterior_mean_shrunk,0.014770846724510192,0.0006157105823830711,0.8849862577915192,0.007463709592819214,0.007307137131690979,0.8997571045160293,64.0,0.031031031031031032,1.0,-1.0,0.014770846724510192,0.014777707695960998,0.014706649422645568,0.01469231355190277,0.014777707695960998,0.825575791997835
val,tail_b1.0_mu0.9_c2.0,2000,64,5550000,500,power,power_a0.5000_c1.85783,0.5,1.8578281028,-1,posterior_mean_shrunk,0.014738506197929383,0.0006081291620378275,0.8850185983180999,0.007463709592819214,0.007274796605110169,0.8997571045160293,64.0,0.031031031031031032,1.0,-1.0,0.014738506197929383,0.014745367169380188,0.014674308896064758,0.014659973025321961,0.014745367169380188,0.8136504999129102
val,tail_b1.0_mu0.9_c2.0,2000,64,5550000,500,power,power_a0.6667_c0.915315,0.6666666666666666,0.915315125,-1,posterior_mean_shrunk,0.014738506197929383,0.0006081291620378275,0.8850185983180999,0.007463709592819214,0.007274796605110169,0.8997571045160293,64.0,0.031031031031031032,1.0,-1.0,0.014738506197929383,0.014745367169380188,0.014674308896064758,0.014659973025321961,0.014745367169380188,0.8026875830255449
val,tail_b1.0_mu0.9_c2.0,2000,64,5550000,500,refine_after_init,refine_after_init_K8,0.0,8.0,8,posterior_mean_shrunk,0.0579114773273468,0.002308888916912026,0.8418456271886826,0.056472127676010134,0.0014393496513366699,0.8997571045160293,8.0,0.003003003003003004,0.0,-1.0,0.0579114773273468,0.05786338603496551,0.0579114773273468,0.0579114773273468,0.05786338603496551,0.5612057499820367
val,tail_b8.0_mu1.0_c1.0,2000,64,5589000,500,power,power_a0.2500_c13.8061,0.25,13.8061010387,-1,posterior_mean_shrunk,0.2001989200413227,0.004488924266810285,0.43903233560919763,0.1961796145439148,0.004019305497407913,0.6392312556505203,64.0,0.031031031031031032,1.0,-1.0,0.2001989200413227,0.20026475223898887,0.2001989200413227,0.2001989200413227,0.2001989200413227,0.8320359589997679
val,tail_b8.0_mu1.0_c1.0,2000,64,5589000,500,power,power_a0.3333_c5.37227,0.3333333333333333,5.3722703769,-1,posterior_mean_shrunk,0.20021340093016624,0.0044869185341878245,0.4390178547203541,0.1961796145439148,0.004033786386251449,0.6392312556505203,64.0,0.031031031031031032,1.0,-1.0,0.20021340093016624,0.20021340093016624,0.20021340093016624,0.20021340093016624,0.20021340093016624,0.831123249954544
val,tail_b8.0_mu1.0_c1.0,2000,64,5589000,500,power,power_a0.5000_c1.85783,0.5,1.8578281028,-1,posterior_mean_shrunk,0.20013532033562662,0.004484910359702399,0.4390959353148937,0.1961796145439148,0.0039557057917118076,0.6392312556505203,64.0,0.031031031031031032,1.0,-1.0,0.20013532033562662,0.20020115253329276,0.20013532033562662,0.20013532033562662,0.20013532033562662,0.8438956249738112
val,tail_b8.0_mu1.0_c1.0,2000,64,5589000,500,power,power_a0.6667_c0.915315,0.6666666666666666,0.915315125,-1,posterior_mean_shrunk,0.2001989200413227,0.004488924266810285,0.43903233560919763,0.1961796145439148,0.004019305497407913,0.6392312556505203,64.0,0.031031031031031032,1.0,-1.0,0.2001989200413227,0.20026475223898887,0.2001989200413227,0.2001989200413227,0.2001989200413227,0.8045867499895394
val,tail_b8.0_mu1.0_c1.0,2000,64,5589000,500,refine_after_init,refine_after_init_K8,0.0,8.0,8,posterior_mean_shrunk,0.3614755858331919,0.005237419406299796,0.27775566981732847,0.3604791526645422,0.0009964331686496736,0.6392312556505203,8.0,0.003003003003003004,0.0,-1.0,0.3614755858331919,0.3614755858331919,0.3614755858331919,0.3614755858331919,0.3614755858331919,0.5553740840405226
val,beta_mostly_mediocre,2000,64,5502000,500,power,power_a0.2500_c13.8061,0.25,13.8061010387,-1,posterior_mean_shrunk,0.09854600417613983,0.0022814588943504783,0.765110060930252,0.09087177121639252,0.007674232959747314,0.8636560651063919,64.0,0.031031031031031032,1.0,-1.0,0.09854600417613983,0.09858206653594971,0.09863987600803376,0.09863987600803376,0.09856215119361877,0.903627417050302
val,beta_mostly_mediocre,2000,64,5502000,500,power,power_a0.3333_c5.37227,0.3333333333333333,5.3722703769,-1,posterior_mean_shrunk,0.0985217958688736,0.002282159001288382,0.7651342692375183,0.09087177121639252,0.007650024652481079,0.8636560651063919,64.0,0.031031031031031032,1.0,-1.0,0.0985217958688736,0.09855785822868347,0.09861566770076752,0.09861566770076752,0.09853794288635254,0.8390347920358181
val,beta_mostly_mediocre,2000,64,5502000,500,power,power_a0.5000_c1.85783,0.5,1.8578281028,-1,posterior_mean_shrunk,0.0985217958688736,0.002282159001288382,0.7651342692375183,0.09087177121639252,0.007650024652481079,0.8636560651063919,64.0,0.031031031031031032,1.0,-1.0,0.0985217958688736,0.09855785822868347,0.09861566770076752,0.09861566770076752,0.09853794288635254,0.8095061249332502
val,beta_mostly_mediocre,2000,64,5502000,500,power,power_a0.6667_c0.915315,0.6666666666666666,0.915315125,-1,posterior_mean_shrunk,0.09854600417613983,0.0022814588943504783,0.765110060930252,0.09087177121639252,0.007674232959747314,0.8636560651063919,64.0,0.031031031031031032,1.0,-1.0,0.09854600417613983,0.09858206653594971,0.09863987600803376,0.09863987600803376,0.09856215119361877,0.8126022500218824
val,beta_mostly_mediocre,2000,64,5502000,500,refine_after_init,refine_after_init_K8,0.0,8.0,8,posterior_mean_shrunk,0.19428150957822798,0.0033283354248556346,0.6693745555281639,0.1914926795363426,0.0027888300418853758,0.8636560651063919,8.0,0.003003003003003004,0.0,-1.0,0.19428150957822798,0.19428150957822798,0.19428150957822798,0.19428150957822798,0.19428150957822798,0.43052012496627867
val,beta_skewed,2000,64,5508000,500,power,power_a0.2500_c13.8061,0.25,13.8061010387,-1,posterior_mean_shrunk,0.20562851971387863,0.005095053071841637,0.6913265226483345,0.20356730586290359,0.0020612138509750366,0.8969550423622131,64.0,0.031031031031031032,1.0,-1.0,0.20562851971387863,0.20562851971387863,0.20562851971387863,0.20562851971387863,0.20562851971387863,0.8790997079340741
val,beta_skewed,2000,64,5508000,500,power,power_a0.3333_c5.37227,0.3333333333333333,5.3722703769,-1,posterior_mean_shrunk,0.2058153851032257,0.005099959052470134,0.6911396572589874,0.20356730586290359,0.002248079240322113,0.8969550423622131,64.0,0.031031031031031032,1.0,-1.0,0.2058153851032257,0.20589512050151826,0.2058153851032257,0.2058153851032257,0.2058153851032257,0.8577762499917299
val,beta_skewed,2000,64,5508000,500,power,power_a0.5000_c1.85783,0.5,1.8578281028,-1,posterior_mean_shrunk,0.20578689509630202,0.005103068379000093,0.6911681472659111,0.20356730586290359,0.0022195892333984374,0.8969550423622131,64.0,0.031031031031031032,1.0,-1.0,0.20578689509630202,0.20570715969800948,0.20578689509630202,0.20578689509630202,0.20578689509630202,0.8285881669726223
val,beta_skewed,2000,64,5508000,500,power,power_a0.6667_c0.915315,0.6666666666666666,0.915315125,-1,posterior_mean_shrunk,0.20556987434625626,0.005096340079740886,0.6913851680159568,0.20356730586290359,0.002002568483352661,0.8969550423622131,64.0,0.031031031031031032,1.0,-1.0,0.20556987434625626,0.20556987434625626,0.20556987434625626,0.20556987434625626,0.20556987434625626,0.6720222919248044
val,beta_skewed,2000,64,5508000,500,refine_after_init,refine_after_init_K8,0.0,8.0,8,posterior_mean_shrunk,0.46783652977645396,0.007956474960924685,0.42911851258575917,0.46655475206673147,0.0012817777097225188,0.8969550423622131,8.0,0.003003003003003004,0.0,-1.0,0.46783652977645396,0.46783652977645396,0.46783652977645396,0.46783652977645396,0.46783652977645396,0.3927088750060648
val,beta_good_common,2000,64,5496000,500,power,power_a0.2500_c13.8061,0.25,13.8061010387,-1,posterior_mean_shrunk,0.02716161859035492,0.0008769595037289691,0.9677539702653885,0.02443124806880951,0.0027303705215454104,0.9949155888557434,64.0,0.031031031031031032,1.0,-1.0,0.02716161859035492,0.02716161859035492,0.027133991599082946,0.027133991599082946,0.02716161859035492,0.8887087079929188
val,beta_good_common,2000,64,5496000,500,power,power_a0.3333_c5.37227,0.3333333333333333,5.3722703769,-1,posterior_mean_shrunk,0.027298131465911864,0.0008804041318108228,0.9676174573898315,0.02443124806880951,0.002866883397102356,0.9949155888557434,64.0,0.031031031031031032,1.0,-1.0,0.027298131465911864,0.027298131465911864,0.02727050447463989,0.02727050447463989,0.027298131465911864,0.8040807079523802
val,beta_good_common,2000,64,5496000,500,power,power_a0.5000_c1.85783,0.5,1.8578281028,-1,posterior_mean_shrunk,0.0271125363111496,0.0008777479673221781,0.9678030525445938,0.02443124806880951,0.002681288242340088,0.9949155888557434,64.0,0.031031031031031032,1.0,-1.0,0.0271125363111496,0.0271125363111496,0.027084909319877625,0.027084909319877625,0.0271125363111496,0.7667562090791762
val,beta_good_common,2000,64,5496000,500,power,power_a0.6667_c0.915315,0.6666666666666666,0.915315125,-1,posterior_mean_shrunk,0.027222901344299315,0.0008824322153910954,0.9676926875114441,0.02443124806880951,0.002791653275489807,0.9949155888557434,64.0,0.031031031031031032,1.0,-1.0,0.027222901344299315,0.027222901344299315,0.027195274353027345,0.027181825041770934,0.027222901344299315,0.5533734579803422
val,beta_good_common,2000,64,5496000,500,refine_after_init,refine_after_init_K8,0.0,8.0,8,posterior_mean_shrunk,0.09075885331630706,0.00236702875854648,0.9041567355394363,0.08998527312278748,0.0007735801935195923,0.9949155888557434,8.0,0.003003003003003004,0.0,-1.0,0.09075885331630706,0.09075885331630706,0.09075885331630706,0.09075885331630706,0.09075885331630706,0.3842109169345349
