policy,replicate,budget,n_arms,task,timestep,selected_arm,reward,cumulative_successes,cumulative_success_rate,instantaneous_regret,cumulative_regret,current_most_pulled_arm,true_best_arm,selected_true_best,entropy,normalized_entropy,best_arm_pull_share,runtime,cost,cumulative_runtime,cumulative_cost,global_log_e,log_path
uniform,0,160,13,task_e1,1,baseline,1.0,1,1.0,0.19999999999999996,0.19999999999999996,baseline,gitlab_oracle_operator,False,-0.0,-0.0,0.0,26.2,0.014571450000000001,26.2,0.014571450000000001,0.0,results/gitlab_strong_arm/allocation_160_generic12_oracle_fast/logs/gitlab_strong_allocation_uniform_budget160_rep0_trial0_2026-07-03T19-17-07Z_FULL.jsonl
uniform,0,160,13,task_e2,2,planner,1.0,2,1.0,0.35,0.5499999999999999,,gitlab_oracle_operator,False,0.6931471805599453,0.27023815442731974,0.0,41.4,0.024185250000000002,67.6,0.038756700000000005,0.0,results/gitlab_strong_arm/allocation_160_generic12_oracle_fast/logs/gitlab_strong_allocation_uniform_budget160_rep0_trial0_2026-07-03T19-17-07Z_FULL.jsonl
uniform,0,160,13,task_e3,3,cautious,1.0,3,1.0,0.4,0.95,,gitlab_oracle_operator,False,1.0986122886681096,0.4283173410313946,0.0,15.7,0.017341350000000002,83.3,0.05609805000000001,0.0,results/gitlab_strong_arm/allocation_160_generic12_oracle_fast/logs/gitlab_strong_allocation_uniform_budget160_rep0_trial0_2026-07-03T19-17-07Z_FULL.jsonl
uniform,0,160,13,task_e4,4,explorer,0.0,3,0.75,0.675,1.625,,gitlab_oracle_operator,False,1.3862943611198906,0.5404763088546395,0.0,178.9,0.03584205,262.2,0.09194010000000001,0.0,results/gitlab_strong_arm/allocation_160_generic12_oracle_fast/logs/gitlab_strong_allocation_uniform_budget160_rep0_trial0_2026-07-03T19-17-07Z_FULL.jsonl
uniform,0,160,13,task_e5,5,balanced,1.0,4,0.8,0.32499999999999996,1.95,,gitlab_oracle_operator,False,1.6094379124341005,0.6274735630753034,0.0,26.0,0.02424045,288.2,0.11618055000000001,0.0,results/gitlab_strong_arm/allocation_160_generic12_oracle_fast/logs/gitlab_strong_allocation_uniform_budget160_rep0_trial0_2026-07-03T19-17-07Z_FULL.jsonl
uniform,0,160,13,task_e6,6,overthinker,0.0,4,0.6666666666666666,0.32499999999999996,2.275,,gitlab_oracle_operator,False,1.791759469228055,0.6985554954587144,0.0,89.0,0.033282900000000004,377.2,0.14946345,0.0,results/gitlab_strong_arm/allocation_160_generic12_oracle_fast/logs/gitlab_strong_allocation_uniform_budget160_rep0_trial0_2026-07-03T19-17-07Z_FULL.jsonl
uniform,0,160,13,task_e7,7,rapid,1.0,5,0.7142857142857143,0.17500000000000004,2.45,,gitlab_oracle_operator,False,1.9459101490553132,0.7586544129592989,0.0,68.4,0.0436974,445.6,0.19316085,0.0,results/gitlab_strong_arm/allocation_160_generic12_oracle_fast/logs/gitlab_strong_allocation_uniform_budget160_rep0_trial0_2026-07-03T19-17-07Z_FULL.jsonl
uniform,0,160,13,task_e8,8,verifier,0.0,5,0.625,0.375,2.825,,gitlab_oracle_operator,False,2.0794415416798357,0.8107144632819592,0.0,42.4,0.014585100000000002,488.0,0.20774594999999998,0.0,results/gitlab_strong_arm/allocation_160_generic12_oracle_fast/logs/gitlab_strong_allocation_uniform_budget160_rep0_trial0_2026-07-03T19-17-07Z_FULL.jsonl
uniform,0,160,13,task_e9,9,exploratory,1.0,6,0.6666666666666666,0.275,3.1,,gitlab_oracle_operator,False,2.1972245773362196,0.8566346820627895,0.0,22.2,0.0190203,510.2,0.22676624999999997,0.0,results/gitlab_strong_arm/allocation_160_generic12_oracle_fast/logs/gitlab_strong_allocation_uniform_budget160_rep0_trial0_2026-07-03T19-17-07Z_FULL.jsonl
uniform,0,160,13,task_e10,10,algorithmic,0.0,6,0.6,0.45,3.5500000000000003,,gitlab_oracle_operator,False,2.3025850929940455,0.897711717502623,0.0,180.0,0.069996,690.2,0.29676225,0.0,results/gitlab_strong_arm/allocation_160_generic12_oracle_fast/logs/gitlab_strong_allocation_uniform_budget160_rep0_trial0_2026-07-03T19-17-07Z_FULL.jsonl
uniform,0,160,13,task_e11,11,junior_reactive,1.0,7,0.6363636363636364,0.30000000000000004,3.8500000000000005,,gitlab_oracle_operator,False,2.3978952727983707,0.9348704159880586,0.0,94.6,0.07073565,784.8000000000001,0.3674979,0.0,results/gitlab_strong_arm/allocation_160_generic12_oracle_fast/logs/gitlab_strong_allocation_uniform_budget160_rep0_trial0_2026-07-03T19-17-07Z_FULL.jsonl
uniform,0,160,13,task_e12,12,domain_expert,0.0,7,0.5833333333333334,0.375,4.2250000000000005,,gitlab_oracle_operator,False,2.4849066497880004,0.9687936498860342,0.0,87.6,0.0469149,872.4000000000001,0.41441279999999997,0.0,results/gitlab_strong_arm/allocation_160_generic12_oracle_fast/logs/gitlab_strong_allocation_uniform_budget160_rep0_trial0_2026-07-03T19-17-07Z_FULL.jsonl
uniform,0,160,13,task_e13,13,gitlab_oracle_operator,1.0,8,0.6153846153846154,0.0,4.2250000000000005,,gitlab_oracle_operator,True,2.564949357461537,1.0000000000000002,0.07692307692307693,15.1,0.0188988,887.5000000000001,0.43331159999999996,0.0,results/gitlab_strong_arm/allocation_160_generic12_oracle_fast/logs/gitlab_strong_allocation_uniform_budget160_rep0_trial0_2026-07-03T19-17-07Z_FULL.jsonl
uniform,0,160,13,task_e14,14,baseline,1.0,9,0.6428571428571429,0.19999999999999996,4.425000000000001,baseline,gitlab_oracle_operator,False,2.5400363038209806,0.9902871167541444,0.07142857142857142,18.1,0.0179184,905.6000000000001,0.45122999999999996,0.03774032798284699,results/gitlab_strong_arm/allocation_160_generic12_oracle_fast/logs/gitlab_strong_allocation_uniform_budget160_rep0_trial0_2026-07-03T19-17-07Z_FULL.jsonl
uniform,0,160,13,task_e15,15,planner,1.0,10,0.6666666666666666,0.35,4.775,,gitlab_oracle_operator,False,2.5232109529528914,0.9837273962594129,0.06666666666666667,37.3,0.0215994,942.9000000000001,0.47282939999999996,0.07410797215372211,results/gitlab_strong_arm/allocation_160_generic12_oracle_fast/logs/gitlab_strong_allocation_uniform_budget160_rep0_trial0_2026-07-03T19-17-07Z_FULL.jsonl
uniform,0,160,13,task_e16,16,cautious,1.0,11,0.6875,0.4,5.175000000000001,,gitlab_oracle_operator,False,2.5126585295298014,0.9796133097990339,0.0625,42.7,0.02102835,985.6000000000001,0.49385775,0.109199291964992,results/gitlab_strong_arm/allocation_160_generic12_oracle_fast/logs/gitlab_strong_allocation_uniform_budget160_rep0_trial0_2026-07-03T19-17-07Z_FULL.jsonl
uniform,0,160,13,task_e17,17,explorer,1.0,12,0.7058823529411765,0.675,5.8500000000000005,,gitlab_oracle_operator,False,2.5070264355574183,0.9774175183086488,0.058823529411764705,68.3,0.03179295,1053.9,0.5256507,0.109199291964992,results/gitlab_strong_arm/allocation_160_generic12_oracle_fast/logs/gitlab_strong_allocation_uniform_budget160_rep0_trial0_2026-07-03T19-17-07Z_FULL.jsonl
uniform,0,160,13,task_e18,18,balanced,1.0,13,0.7222222222222222,0.32499999999999996,6.175000000000001,,gitlab_oracle_operator,False,2.5052899909184174,0.9767405284749315,0.05555555555555555,60.2,0.0327579,1114.1000000000001,0.5584086,0.14310084364067333,results/gitlab_strong_arm/allocation_160_generic12_oracle_fast/logs/gitlab_strong_allocation_uniform_budget160_rep0_trial0_2026-07-03T19-17-07Z_FULL.jsonl
uniform,0,160,13,task_e19,19,overthinker,0.0,13,0.6842105263157895,0.32499999999999996,6.500000000000001,,gitlab_oracle_operator,False,2.5066618124970015,0.9772753622620367,0.05263157894736842,180.0,0.07030635,1294.1000000000001,0.62871495,0.14310084364067333,results/gitlab_strong_arm/allocation_160_generic12_oracle_fast/logs/gitlab_strong_allocation_uniform_budget160_rep0_trial0_2026-07-03T19-17-07Z_FULL.jsonl
uniform,0,160,13,task_e20,20,rapid,0.0,13,0.65,0.17500000000000004,6.675000000000001,,gitlab_oracle_operator,False,2.510529247162029,0.978783163830819,0.05,162.5,0.04954499999999999,1456.6000000000001,0.67825995,0.109199291964992,results/gitlab_strong_arm/allocation_160_generic12_oracle_fast/logs/gitlab_strong_allocation_uniform_budget160_rep0_trial0_2026-07-03T19-17-07Z_FULL.jsonl
uniform,0,160,13,task_m1,21,verifier,1.0,14,0.6666666666666666,0.375,7.050000000000001,,gitlab_oracle_operator,False,2.516410300153941,0.9810760172841644,0.047619047619047616,22.3,0.01988115,1478.9,0.6981411,0.109199291964992,results/gitlab_strong_arm/allocation_160_generic12_oracle_fast/logs/gitlab_strong_allocation_uniform_budget160_rep0_trial0_2026-07-03T19-17-07Z_FULL.jsonl
uniform,0,160,13,task_m2,22,exploratory,1.0,15,0.6818181818181818,0.275,7.325000000000001,,gitlab_oracle_operator,False,2.523922032900179,0.984004625883935,0.045454545454545456,51.2,0.03145695,1530.1000000000001,0.72959805,0.14310084364067333,results/gitlab_strong_arm/allocation_160_generic12_oracle_fast/logs/gitlab_strong_allocation_uniform_budget160_rep0_trial0_2026-07-03T19-17-07Z_FULL.jsonl
uniform,0,160,13,task_m3,23,algorithmic,1.0,16,0.6956521739130435,0.45,7.775000000000001,,gitlab_oracle_operator,False,2.532757537181371,0.9874493349404664,0.043478260869565216,18.3,0.017614949999999997,1548.4,0.747213,0.14310084364067333,results/gitlab_strong_arm/allocation_160_generic12_oracle_fast/logs/gitlab_strong_allocation_uniform_budget160_rep0_trial0_2026-07-03T19-17-07Z_FULL.jsonl
uniform,0,160,13,task_m4,24,junior_reactive,1.0,17,0.7083333333333334,0.30000000000000004,8.075000000000001,,gitlab_oracle_operator,False,2.5426689148346626,0.9913134960883109,0.041666666666666664,101.2,0.04995735,1649.6000000000001,0.79717035,0.17589066646366414,results/gitlab_strong_arm/allocation_160_generic12_oracle_fast/logs/gitlab_strong_allocation_uniform_budget160_rep0_trial0_2026-07-03T19-17-07Z_FULL.jsonl
uniform,0,160,13,task_m5,25,domain_expert,0.0,17,0.68,0.375,8.450000000000001,,gitlab_oracle_operator,False,2.5534545315306536,0.9955184979003799,0.04,180.0,0.0427767,1829.6000000000001,0.83994705,0.17589066646366414,results/gitlab_strong_arm/allocation_160_generic12_oracle_fast/logs/gitlab_strong_allocation_uniform_budget160_rep0_trial0_2026-07-03T19-17-07Z_FULL.jsonl
uniform,0,160,13,task_m6,26,gitlab_oracle_operator,1.0,18,0.6923076923076923,0.0,8.450000000000001,,gitlab_oracle_operator,True,2.564949357461537,1.0000000000000002,0.07692307692307693,19.5,0.017172,1849.1000000000001,0.85711905,0.2076393647782444,results/gitlab_strong_arm/allocation_160_generic12_oracle_fast/logs/gitlab_strong_allocation_uniform_budget160_rep0_trial0_2026-07-03T19-17-07Z_FULL.jsonl
uniform,0,160,13,task_m7,27,baseline,0.0,18,0.6666666666666666,0.19999999999999996,8.65,baseline,gitlab_oracle_operator,False,2.5576380067656985,0.9971495145997448,0.07407407407407407,81.1,0.034786050000000006,1930.2,0.8919051,0.15963014559188382,results/gitlab_strong_arm/allocation_160_generic12_oracle_fast/logs/gitlab_strong_allocation_uniform_budget160_rep0_trial0_2026-07-03T19-17-07Z_FULL.jsonl
uniform,0,160,13,task_m8,28,planner,0.0,18,0.6428571428571429,0.35,9.0,,gitlab_oracle_operator,False,2.5521719493063664,0.9950184559714599,0.07142857142857142,59.3,0.0099063,1989.5,0.9018114,0.109199291964992,results/gitlab_strong_arm/allocation_160_generic12_oracle_fast/logs/gitlab_strong_allocation_uniform_budget160_rep0_trial0_2026-07-03T19-17-07Z_FULL.jsonl
uniform,0,160,13,task_m9,29,cautious,0.0,18,0.6206896551724138,0.4,9.4,,gitlab_oracle_operator,False,2.5483146503584777,0.9935146060273401,0.06896551724137931,180.0,0.04609799999999999,2169.5,0.9479094,0.05608946665104364,results/gitlab_strong_arm/allocation_160_generic12_oracle_fast/logs/gitlab_strong_allocation_uniform_budget160_rep0_trial0_2026-07-03T19-17-07Z_FULL.jsonl
uniform,0,160,13,task_m10,30,explorer,0.0,18,0.6,0.675,10.075000000000001,,gitlab_oracle_operator,False,2.5458641578589445,0.9925592294650681,0.06666666666666667,180.0,0.07573905,2349.5,1.02364845,0.05608946665104364,results/gitlab_strong_arm/allocation_160_generic12_oracle_fast/logs/gitlab_strong_allocation_uniform_budget160_rep0_trial0_2026-07-03T19-17-07Z_FULL.jsonl
uniform,0,160,13,task_m11,31,balanced,0.0,18,0.5806451612903226,0.32499999999999996,10.4,,gitlab_oracle_operator,False,2.544647229679315,0.9920847841602946,0.06451612903225806,180.0,0.06136005,2529.5,1.0850085,0.0,results/gitlab_strong_arm/allocation_160_generic12_oracle_fast/logs/gitlab_strong_allocation_uniform_budget160_rep0_trial0_2026-07-03T19-17-07Z_FULL.jsonl
uniform,0,160,13,task_m12,32,overthinker,0.0,18,0.5625,0.32499999999999996,10.725,,gitlab_oracle_operator,False,2.544514598928939,0.9920330752444868,0.0625,157.0,0.034132800000000005,2686.5,1.1191413000000001,0.0,results/gitlab_strong_arm/allocation_160_generic12_oracle_fast/logs/gitlab_strong_allocation_uniform_budget160_rep0_trial0_2026-07-03T19-17-07Z_FULL.jsonl
uniform,0,160,13,task_m13,33,rapid,1.0,19,0.5757575757575758,0.17500000000000004,10.9,,gitlab_oracle_operator,False,2.5453371302922485,0.9923537565713586,0.06060606060606061,52.5,0.05244315,2739.0,1.17158445,0.0,results/gitlab_strong_arm/allocation_160_generic12_oracle_fast/logs/gitlab_strong_allocation_uniform_budget160_rep0_trial0_2026-07-03T19-17-07Z_FULL.jsonl
uniform,0,160,13,task_m14,34,verifier,0.0,19,0.5588235294117647,0.375,11.275,,gitlab_oracle_operator,False,2.547002679509277,0.9930031063186288,0.058823529411764705,180.0,0.0458532,2919.0,1.2174376500000001,0.0,results/gitlab_strong_arm/allocation_160_generic12_oracle_fast/logs/gitlab_strong_allocation_uniform_budget160_rep0_trial0_2026-07-03T19-17-07Z_FULL.jsonl
uniform,0,160,13,task_m15,35,exploratory,0.0,19,0.5428571428571428,0.275,11.55,,gitlab_oracle_operator,False,2.549413511817456,0.9939430205127106,0.05714285714285714,20.6,0.01922355,2939.6,1.2366612000000001,-0.059423420470800625,results/gitlab_strong_arm/allocation_160_generic12_oracle_fast/logs/gitlab_strong_allocation_uniform_budget160_rep0_trial0_2026-07-03T19-17-07Z_FULL.jsonl
uniform,0,160,13,task_m16,36,algorithmic,0.0,19,0.5277777777777778,0.45,12.0,,gitlab_oracle_operator,False,2.552484167806028,0.9951401809867134,0.05555555555555555,88.0,0.01844175,3027.6,1.2551029500000002,-0.059423420470800625,results/gitlab_strong_arm/allocation_160_generic12_oracle_fast/logs/gitlab_strong_allocation_uniform_budget160_rep0_trial0_2026-07-03T19-17-07Z_FULL.jsonl
uniform,0,160,13,task_m17,37,junior_reactive,0.0,19,0.5135135135135135,0.30000000000000004,12.3,,gitlab_oracle_operator,False,2.556139689717538,0.9965653638663973,0.05405405405405406,30.7,0.02424525,3058.2999999999997,1.2793482000000003,-0.12260232209233246,results/gitlab_strong_arm/allocation_160_generic12_oracle_fast/logs/gitlab_strong_allocation_uniform_budget160_rep0_trial0_2026-07-03T19-17-07Z_FULL.jsonl
uniform,0,160,13,task_m18,38,domain_expert,0.0,19,0.5,0.375,12.675,,gitlab_oracle_operator,False,2.5603141399060743,0.9981928619596413,0.05263157894736842,180.0,0.06388005000000001,3238.2999999999997,1.3432282500000003,-0.12260232209233246,results/gitlab_strong_arm/allocation_160_generic12_oracle_fast/logs/gitlab_strong_allocation_uniform_budget160_rep0_trial0_2026-07-03T19-17-07Z_FULL.jsonl
uniform,0,160,13,task_m19,39,gitlab_oracle_operator,1.0,20,0.5128205128205128,0.0,12.675,,gitlab_oracle_operator,True,2.564949357461537,1.0000000000000002,0.07692307692307693,22.7,0.0196263,3260.9999999999995,1.3628545500000004,-0.059423420470800625,results/gitlab_strong_arm/allocation_160_generic12_oracle_fast/logs/gitlab_strong_allocation_uniform_budget160_rep0_trial0_2026-07-03T19-17-07Z_FULL.jsonl
uniform,0,160,13,task_m20,40,baseline,1.0,21,0.525,0.19999999999999996,12.875,baseline,gitlab_oracle_operator,False,2.5614989582006484,0.9986547885435434,0.075,18.7,0.018269550000000002,3279.6999999999994,1.3811241000000005,-0.03869828432232558,results/gitlab_strong_arm/allocation_160_generic12_oracle_fast/logs/gitlab_strong_allocation_uniform_budget160_rep0_trial0_2026-07-03T19-17-07Z_FULL.jsonl
uniform,0,160,13,task_e1,41,planner,1.0,22,0.5365853658536586,0.35,13.225,,gitlab_oracle_operator,False,2.5588266907285337,0.9976129482965456,0.07317073170731707,17.2,0.0183036,3296.899999999999,1.3994277000000006,-0.018393972556532967,results/gitlab_strong_arm/allocation_160_generic12_oracle_fast/logs/gitlab_strong_allocation_uniform_budget160_rep0_trial0_2026-07-03T19-17-07Z_FULL.jsonl
uniform,0,160,13,task_e2,42,cautious,1.0,23,0.5476190476190477,0.4,13.625,,gitlab_oracle_operator,False,2.5568624517718925,0.9968471480085488,0.07142857142857142,22.9,0.021821999999999998,3319.7999999999993,1.4212497000000006,0.0015062649765749114,results/gitlab_strong_arm/allocation_160_generic12_oracle_fast/logs/gitlab_strong_allocation_uniform_budget160_rep0_trial0_2026-07-03T19-17-07Z_FULL.jsonl
uniform,0,160,13,task_e3,43,explorer,1.0,24,0.5581395348837209,0.675,14.3,,gitlab_oracle_operator,False,2.5555433349503716,0.9963328622907105,0.06976744186046512,14.0,0.013764450000000001,3333.7999999999993,1.4350141500000007,0.0015062649765749114,results/gitlab_strong_arm/allocation_160_generic12_oracle_fast/logs/gitlab_strong_allocation_uniform_budget160_rep0_trial0_2026-07-03T19-17-07Z_FULL.jsonl
uniform,0,160,13,task_e4,44,balanced,0.0,24,0.5454545454545454,0.32499999999999996,14.625,,gitlab_oracle_operator,False,2.5548127668629785,0.9960480348007377,0.06818181818181818,180.0,0.0425685,3513.7999999999993,1.4775826500000007,-0.018393972556532967,results/gitlab_strong_arm/allocation_160_generic12_oracle_fast/logs/gitlab_strong_allocation_uniform_budget160_rep0_trial0_2026-07-03T19-17-07Z_FULL.jsonl
uniform,0,160,13,task_e5,45,overthinker,0.0,24,0.5333333333333333,0.32499999999999996,14.95,,gitlab_oracle_operator,False,2.5546197624612605,0.9959727879343009,0.06666666666666667,180.0,0.06881925,3693.7999999999993,1.5464019000000007,-0.018393972556532967,results/gitlab_strong_arm/allocation_160_generic12_oracle_fast/logs/gitlab_strong_allocation_uniform_budget160_rep0_trial0_2026-07-03T19-17-07Z_FULL.jsonl
uniform,0,160,13,task_e6,46,rapid,1.0,25,0.5434782608695652,0.17500000000000004,15.125,,gitlab_oracle_operator,False,2.5549182811112057,0.9960891717720858,0.06521739130434782,111.5,0.06745319999999999,3805.2999999999993,1.6138551000000008,-0.004561007847273979,results/gitlab_strong_arm/allocation_160_generic12_oracle_fast/logs/gitlab_strong_allocation_uniform_budget160_rep0_trial0_2026-07-03T19-17-07Z_FULL.jsonl
uniform,0,160,13,task_e7,47,verifier,1.0,26,0.5531914893617021,0.375,15.5,,gitlab_oracle_operator,False,2.5556666679683957,0.9963809462880281,0.06382978723404255,35.1,0.02450685,3840.399999999999,1.6383619500000008,-0.004561007847273979,results/gitlab_strong_arm/allocation_160_generic12_oracle_fast/logs/gitlab_strong_allocation_uniform_budget160_rep0_trial0_2026-07-03T19-17-07Z_FULL.jsonl
uniform,0,160,13,task_e8,48,exploratory,1.0,27,0.5625,0.275,15.775,,gitlab_oracle_operator,False,2.5568271679009458,0.9968333918418455,0.0625,17.6,0.0166764,3857.999999999999,1.6550383500000008,0.015068511225949877,results/gitlab_strong_arm/allocation_160_generic12_oracle_fast/logs/gitlab_strong_allocation_uniform_budget160_rep0_trial0_2026-07-03T19-17-07Z_FULL.jsonl
uniform,0,160,13,task_e9,49,algorithmic,1.0,28,0.5714285714285714,0.45,16.225,,gitlab_oracle_operator,False,2.558365501318614,0.9974331438070034,0.061224489795918366,42.8,0.01849395,3900.7999999999993,1.6735323000000009,0.015068511225949877,results/gitlab_strong_arm/allocation_160_generic12_oracle_fast/logs/gitlab_strong_allocation_uniform_budget160_rep0_trial0_2026-07-03T19-17-07Z_FULL.jsonl
uniform,0,160,13,task_e10,50,junior_reactive,0.0,28,0.56,0.30000000000000004,16.525000000000002,,gitlab_oracle_operator,False,2.5602504930024694,0.9981680478620765,0.06,180.0,0.11364375000000002,4080.7999999999993,1.787176050000001,-0.004561007847273979,results/gitlab_strong_arm/allocation_160_generic12_oracle_fast/logs/gitlab_strong_allocation_uniform_budget160_rep0_trial0_2026-07-03T19-17-07Z_FULL.jsonl
uniform,0,160,13,task_e11,51,domain_expert,0.0,28,0.5490196078431373,0.375,16.900000000000002,,gitlab_oracle_operator,False,2.56245374645454,0.9990270330290394,0.058823529411764705,61.6,0.02160435,4142.4,1.808780400000001,-0.004561007847273979,results/gitlab_strong_arm/allocation_160_generic12_oracle_fast/logs/gitlab_strong_allocation_uniform_budget160_rep0_trial0_2026-07-03T19-17-07Z_FULL.jsonl
uniform,0,160,13,task_e12,52,gitlab_oracle_operator,1.0,29,0.5576923076923077,0.0,16.900000000000002,,gitlab_oracle_operator,True,2.564949357461537,1.0000000000000002,0.07692307692307693,14.9,0.014280000000000001,4157.299999999999,1.823060400000001,0.07879994125935363,results/gitlab_strong_arm/allocation_160_generic12_oracle_fast/logs/gitlab_strong_allocation_uniform_budget160_rep0_trial0_2026-07-03T19-17-07Z_FULL.jsonl
uniform,0,160,13,task_e13,53,baseline,1.0,30,0.5660377358490566,0.19999999999999996,17.1,baseline,gitlab_oracle_operator,False,2.562946274006362,0.9992190553589889,0.07547169811320754,76.9,0.0628203,4234.199999999999,1.885880700000001,0.1139540353426356,results/gitlab_strong_arm/allocation_160_generic12_oracle_fast/logs/gitlab_strong_allocation_uniform_budget160_rep0_trial0_2026-07-03T19-17-07Z_FULL.jsonl
uniform,0,160,13,task_e14,54,planner,1.0,31,0.5740740740740741,0.35,17.450000000000003,,gitlab_oracle_operator,False,2.5613668055713816,0.9986032660334079,0.07407407407407407,25.8,0.0202629,4259.999999999999,1.9061436000000012,0.14791417278376962,results/gitlab_strong_arm/allocation_160_generic12_oracle_fast/logs/gitlab_strong_allocation_uniform_budget160_rep0_trial0_2026-07-03T19-17-07Z_FULL.jsonl
uniform,0,160,13,task_e15,55,cautious,1.0,32,0.5818181818181818,0.4,17.85,,gitlab_oracle_operator,False,2.5601814919359778,0.9981411463303597,0.07272727272727272,18.9,0.021668399999999997,4278.899999999999,1.9278120000000012,0.1807587985383059,results/gitlab_strong_arm/allocation_160_generic12_oracle_fast/logs/gitlab_strong_allocation_uniform_budget160_rep0_trial0_2026-07-03T19-17-07Z_FULL.jsonl
uniform,0,160,13,task_e16,56,explorer,1.0,33,0.5892857142857143,0.675,18.525000000000002,,gitlab_oracle_operator,False,2.559363204145898,0.9978221194506672,0.07142857142857142,23.2,0.02108355,4302.0999999999985,1.9488955500000011,0.1807587985383059,results/gitlab_strong_arm/allocation_160_generic12_oracle_fast/logs/gitlab_strong_allocation_uniform_budget160_rep0_trial0_2026-07-03T19-17-07Z_FULL.jsonl
uniform,0,160,13,task_e17,57,balanced,1.0,34,0.5964912280701754,0.32499999999999996,18.85,,gitlab_oracle_operator,False,2.558886928068076,0.9976364331031234,0.07017543859649122,116.0,0.048011849999999995,4418.0999999999985,1.996907400000001,0.1807587985383059,results/gitlab_strong_arm/allocation_160_generic12_oracle_fast/logs/gitlab_strong_allocation_uniform_budget160_rep0_trial0_2026-07-03T19-17-07Z_FULL.jsonl
uniform,0,160,13,task_e18,58,overthinker,0.0,34,0.5862068965517241,0.32499999999999996,19.175,,gitlab_oracle_operator,False,2.558729571160558,0.9975750841696406,0.06896551724137931,180.0,0.053698949999999995,4598.0999999999985,2.050606350000001,0.1807587985383059,results/gitlab_strong_arm/allocation_160_generic12_oracle_fast/logs/gitlab_strong_allocation_uniform_budget160_rep0_trial0_2026-07-03T19-17-07Z_FULL.jsonl
uniform,0,160,13,task_e19,59,rapid,0.0,34,0.576271186440678,0.17500000000000004,19.35,,gitlab_oracle_operator,False,2.5588697896333317,0.997629751320228,0.06779661016949153,180.0,0.07869870000000001,4778.0999999999985,2.129305050000001,0.1587609890777515,results/gitlab_strong_arm/allocation_160_generic12_oracle_fast/logs/gitlab_strong_allocation_uniform_budget160_rep0_trial0_2026-07-03T19-17-07Z_FULL.jsonl
uniform,0,160,13,task_e20,60,verifier,1.0,35,0.5833333333333334,0.375,19.725,,gitlab_oracle_operator,False,2.5592878335594036,0.9977927346262555,0.06666666666666667,21.1,0.021016800000000002,4799.199999999999,2.150321850000001,0.1587609890777515,results/gitlab_strong_arm/allocation_160_generic12_oracle_fast/logs/gitlab_strong_allocation_uniform_budget160_rep0_trial0_2026-07-03T19-17-07Z_FULL.jsonl
uniform,0,160,13,task_m1,61,exploratory,0.0,35,0.5737704918032787,0.275,20.0,,gitlab_oracle_operator,False,2.5599654078216263,0.9980569013476185,0.06557377049180328,180.0,0.08630460000000001,4979.199999999999,2.236626450000001,0.12517344301954592,results/gitlab_strong_arm/allocation_160_generic12_oracle_fast/logs/gitlab_strong_allocation_uniform_budget160_rep0_trial0_2026-07-03T19-17-07Z_FULL.jsonl
uniform,0,160,13,task_m2,62,algorithmic,1.0,36,0.5806451612903226,0.45,20.45,,gitlab_oracle_operator,False,2.5608855470589025,0.9984156371778599,0.06451612903225806,75.2,0.0401988,5054.399999999999,2.2768252500000012,0.12517344301954592,results/gitlab_strong_arm/allocation_160_generic12_oracle_fast/logs/gitlab_strong_allocation_uniform_budget160_rep0_trial0_2026-07-03T19-17-07Z_FULL.jsonl
uniform,0,160,13,task_m3,63,junior_reactive,1.0,37,0.5873015873015873,0.30000000000000004,20.75,,gitlab_oracle_operator,False,2.562032503013205,0.9988628023240123,0.06349206349206349,14.8,0.01813935,5069.199999999999,2.294964600000001,0.12517344301954592,results/gitlab_strong_arm/allocation_160_generic12_oracle_fast/logs/gitlab_strong_allocation_uniform_budget160_rep0_trial0_2026-07-03T19-17-07Z_FULL.jsonl
uniform,0,160,13,task_m4,64,domain_expert,1.0,38,0.59375,0.375,21.125,,gitlab_oracle_operator,False,2.5633916428827095,0.9993926918774065,0.0625,71.9,0.038653650000000005,5141.0999999999985,2.333618250000001,0.12517344301954592,results/gitlab_strong_arm/allocation_160_generic12_oracle_fast/logs/gitlab_strong_allocation_uniform_budget160_rep0_trial0_2026-07-03T19-17-07Z_FULL.jsonl
uniform,0,160,13,task_m5,65,gitlab_oracle_operator,1.0,39,0.6,0.0,21.125,,gitlab_oracle_operator,True,2.564949357461537,1.0000000000000002,0.07692307692307693,48.7,0.05215004999999999,5189.799999999998,2.385768300000001,0.2336107379674779,results/gitlab_strong_arm/allocation_160_generic12_oracle_fast/logs/gitlab_strong_allocation_uniform_budget160_rep0_trial0_2026-07-03T19-17-07Z_FULL.jsonl
uniform,0,160,13,task_m6,66,baseline,1.0,40,0.6060606060606061,0.19999999999999996,21.325,baseline,gitlab_oracle_operator,False,2.5636421426110565,0.9994903545184323,0.07575757575757576,15.1,0.0186963,5204.899999999999,2.4044646000000007,0.27855695753414933,results/gitlab_strong_arm/allocation_160_generic12_oracle_fast/logs/gitlab_strong_allocation_uniform_budget160_rep0_trial0_2026-07-03T19-17-07Z_FULL.jsonl
uniform,0,160,13,task_m7,67,planner,0.0,40,0.5970149253731343,0.35,21.675,,gitlab_oracle_operator,False,2.5626000997698886,0.999084091978341,0.07462686567164178,180.0,0.062250299999999995,5384.899999999999,2.466714900000001,0.2336107379674779,results/gitlab_strong_arm/allocation_160_generic12_oracle_fast/logs/gitlab_strong_allocation_uniform_budget160_rep0_trial0_2026-07-03T19-17-07Z_FULL.jsonl
uniform,0,160,13,task_m8,68,cautious,0.0,40,0.5882352941176471,0.4,22.075,,gitlab_oracle_operator,False,2.561808204178901,0.9987753546581737,0.07352941176470588,180.0,0.051288150000000005,5564.899999999999,2.518003050000001,0.18654889352336257,results/gitlab_strong_arm/allocation_160_generic12_oracle_fast/logs/gitlab_strong_allocation_uniform_budget160_rep0_trial0_2026-07-03T19-17-07Z_FULL.jsonl
uniform,0,160,13,task_m9,69,explorer,1.0,41,0.5942028985507246,0.675,22.75,,gitlab_oracle_operator,False,2.5612523984956965,0.998558662004345,0.07246376811594203,93.8,0.04994715,5658.699999999999,2.5679502000000007,0.2006126006466713,results/gitlab_strong_arm/allocation_160_generic12_oracle_fast/logs/gitlab_strong_allocation_uniform_budget160_rep0_trial0_2026-07-03T19-17-07Z_FULL.jsonl
uniform,0,160,13,task_m10,70,balanced,0.0,41,0.5857142857142857,0.32499999999999996,23.075,,gitlab_oracle_operator,False,2.5609195195607066,0.9984288820794426,0.07142857142857142,180.0,0.044617199999999996,5838.699999999999,2.6125674000000005,0.19386427484151336,results/gitlab_strong_arm/allocation_160_generic12_oracle_fast/logs/gitlab_strong_allocation_uniform_budget160_rep0_trial0_2026-07-03T19-17-07Z_FULL.jsonl
uniform,0,160,13,task_m11,71,overthinker,0.0,41,0.5774647887323944,0.32499999999999996,23.4,,gitlab_oracle_operator,False,2.560797231584928,0.9983812055140465,0.07042253521126761,180.0,0.04226505,6018.699999999999,2.6548324500000007,0.19386427484151336,results/gitlab_strong_arm/allocation_160_generic12_oracle_fast/logs/gitlab_strong_allocation_uniform_budget160_rep0_trial0_2026-07-03T19-17-07Z_FULL.jsonl
uniform,0,160,13,task_m12,72,rapid,0.0,41,0.5694444444444444,0.17500000000000004,23.575,,gitlab_oracle_operator,False,2.560873965118815,0.9984111217124556,0.06944444444444445,92.0,0.0426645,6110.699999999999,2.6974969500000006,0.18911632496991393,results/gitlab_strong_arm/allocation_160_generic12_oracle_fast/logs/gitlab_strong_allocation_uniform_budget160_rep0_trial0_2026-07-03T19-17-07Z_FULL.jsonl
uniform,0,160,13,task_m13,73,verifier,1.0,42,0.5753424657534246,0.375,23.95,,gitlab_oracle_operator,False,2.561138861233334,0.9985143970904853,0.0684931506849315,22.1,0.0270735,6132.799999999999,2.7245704500000008,0.20314422255354359,results/gitlab_strong_arm/allocation_160_generic12_oracle_fast/logs/gitlab_strong_allocation_uniform_budget160_rep0_trial0_2026-07-03T19-17-07Z_FULL.jsonl
uniform,0,160,13,task_m14,74,exploratory,0.0,42,0.5675675675675675,0.275,24.224999999999998,,gitlab_oracle_operator,False,2.5615817204069136,0.9986870551479597,0.06756756756756757,180.0,0.06739425,6312.799999999999,2.7919647000000007,0.19631845554740046,results/gitlab_strong_arm/allocation_160_generic12_oracle_fast/logs/gitlab_strong_allocation_uniform_budget160_rep0_trial0_2026-07-03T19-17-07Z_FULL.jsonl
uniform,0,160,13,task_m15,75,algorithmic,1.0,43,0.5733333333333334,0.45,24.674999999999997,,gitlab_oracle_operator,False,2.5621929556670464,0.9989253581999692,0.06666666666666667,21.1,0.024064500000000003,6333.9,2.816029200000001,0.21024638311931088,results/gitlab_strong_arm/allocation_160_generic12_oracle_fast/logs/gitlab_strong_allocation_uniform_budget160_rep0_trial0_2026-07-03T19-17-07Z_FULL.jsonl
uniform,0,160,13,task_m16,76,junior_reactive,1.0,44,0.5789473684210527,0.30000000000000004,24.974999999999998,,gitlab_oracle_operator,False,2.562963549583796,0.9992257906098755,0.06578947368421052,89.3,0.037975800000000004,6423.2,2.854005000000001,0.21688542090999152,results/gitlab_strong_arm/allocation_160_generic12_oracle_fast/logs/gitlab_strong_allocation_uniform_budget160_rep0_trial0_2026-07-03T19-17-07Z_FULL.jsonl
uniform,0,160,13,task_m17,77,domain_expert,1.0,45,0.5844155844155844,0.375,25.349999999999998,,gitlab_oracle_operator,False,2.563885014755106,0.9995850433836697,0.06493506493506493,23.7,0.027103499999999996,6446.9,2.8811085000000007,0.21688542090999152,results/gitlab_strong_arm/allocation_160_generic12_oracle_fast/logs/gitlab_strong_allocation_uniform_budget160_rep0_trial0_2026-07-03T19-17-07Z_FULL.jsonl
uniform,0,160,13,task_m18,78,gitlab_oracle_operator,1.0,46,0.5897435897435898,0.0,25.349999999999998,,gitlab_oracle_operator,True,2.564949357461537,1.0000000000000002,0.07692307692307693,33.8,0.0416484,6480.7,2.922756900000001,0.362497272707053,results/gitlab_strong_arm/allocation_160_generic12_oracle_fast/logs/gitlab_strong_allocation_uniform_budget160_rep0_trial0_2026-07-03T19-17-07Z_FULL.jsonl
uniform,0,160,13,task_m19,79,baseline,1.0,47,0.5949367088607594,0.19999999999999996,25.549999999999997,baseline,gitlab_oracle_operator,False,2.564029462241615,0.9996413593051083,0.0759493670886076,35.6,0.0356814,6516.3,2.958438300000001,0.4213496374001351,results/gitlab_strong_arm/allocation_160_generic12_oracle_fast/logs/gitlab_strong_allocation_uniform_budget160_rep0_trial0_2026-07-03T19-17-07Z_FULL.jsonl
uniform,0,160,13,task_m20,80,planner,1.0,48,0.6,0.35,25.9,,gitlab_oracle_operator,False,2.563290796476056,0.9993533747632655,0.075,17.2,0.02130705,6533.5,2.979745350000001,0.4359352879259677,results/gitlab_strong_arm/allocation_160_generic12_oracle_fast/logs/gitlab_strong_allocation_uniform_budget160_rep0_trial0_2026-07-03T19-17-07Z_FULL.jsonl
uniform,0,160,13,task_e1,81,cautious,1.0,49,0.6049382716049383,0.4,26.299999999999997,,gitlab_oracle_operator,False,2.5627246943780575,0.9991326678333794,0.07407407407407407,24.9,0.01801635,6558.4,2.9977617000000008,0.45031125199991406,results/gitlab_strong_arm/allocation_160_generic12_oracle_fast/logs/gitlab_strong_allocation_uniform_budget160_rep0_trial0_2026-07-03T19-17-07Z_FULL.jsonl
uniform,0,160,13,task_e2,82,explorer,1.0,50,0.6097560975609756,0.675,26.974999999999998,,gitlab_oracle_operator,False,2.5623229605342077,0.9989760433594181,0.07317073170731707,14.8,0.016095900000000003,6573.2,3.0138576000000006,0.47391360050381715,results/gitlab_strong_arm/allocation_160_generic12_oracle_fast/logs/gitlab_strong_allocation_uniform_budget160_rep0_trial0_2026-07-03T19-17-07Z_FULL.jsonl
uniform,0,160,13,task_e3,83,balanced,1.0,51,0.6144578313253012,0.32499999999999996,27.299999999999997,,gitlab_oracle_operator,False,2.562077839846205,0.9988804778515497,0.07228915662650602,27.8,0.028651500000000003,6601.0,3.0425091000000006,0.47391360050381715,results/gitlab_strong_arm/allocation_160_generic12_oracle_fast/logs/gitlab_strong_allocation_uniform_budget160_rep0_trial0_2026-07-03T19-17-07Z_FULL.jsonl
uniform,0,160,13,task_e4,84,overthinker,0.0,51,0.6071428571428571,0.32499999999999996,27.624999999999996,,gitlab_oracle_operator,False,2.5619819897016294,0.9988431086363264,0.07142857142857142,145.5,0.0215502,6746.5,3.0640593000000007,0.47391360050381715,results/gitlab_strong_arm/allocation_160_generic12_oracle_fast/logs/gitlab_strong_allocation_uniform_budget160_rep0_trial0_2026-07-03T19-17-07Z_FULL.jsonl
uniform,0,160,13,task_e5,85,rapid,0.0,51,0.6,0.17500000000000004,27.799999999999997,,gitlab_oracle_operator,False,2.5620284541853713,0.9988612238024628,0.07058823529411765,0.2,0.0,6746.7,3.0640593000000007,0.47391360050381715,results/gitlab_strong_arm/allocation_160_generic12_oracle_fast/logs/gitlab_strong_allocation_uniform_budget160_rep0_trial0_2026-07-03T19-17-07Z_FULL.jsonl
uniform,0,160,13,task_e6,86,verifier,0.0,51,0.5930232558139535,0.375,28.174999999999997,,gitlab_oracle_operator,False,2.5622106401611915,0.9989322528757232,0.06976744186046512,0.3,0.0,6747.0,3.0640593000000007,0.45031125199991395,results/gitlab_strong_arm/allocation_160_generic12_oracle_fast/logs/gitlab_strong_allocation_uniform_budget160_rep0_trial0_2026-07-03T19-17-07Z_FULL.jsonl
uniform,0,160,13,task_e7,87,exploratory,0.0,51,0.5862068965517241,0.275,28.449999999999996,,gitlab_oracle_operator,False,2.5625222950688586,0.9990537581626641,0.06896551724137931,0.2,0.0,6747.2,3.0640593000000007,0.45031125199991395,results/gitlab_strong_arm/allocation_160_generic12_oracle_fast/logs/gitlab_strong_allocation_uniform_budget160_rep0_trial0_2026-07-03T19-17-07Z_FULL.jsonl
uniform,0,160,13,task_e8,88,algorithmic,0.0,51,0.5795454545454546,0.45,28.899999999999995,,gitlab_oracle_operator,False,2.5629574862966504,0.9992234267085657,0.06818181818181818,0.2,0.0,6747.4,3.0640593000000007,0.42613833884886065,results/gitlab_strong_arm/allocation_160_generic12_oracle_fast/logs/gitlab_strong_allocation_uniform_budget160_rep0_trial0_2026-07-03T19-17-07Z_FULL.jsonl
uniform,0,160,13,task_e9,89,junior_reactive,0.0,51,0.5730337078651685,0.30000000000000004,29.199999999999996,,gitlab_oracle_operator,False,2.5635105820018502,0.999439062819895,0.06741573033707865,0.3,0.0,6747.7,3.0640593000000007,0.4143079416012201,results/gitlab_strong_arm/allocation_160_generic12_oracle_fast/logs/gitlab_strong_allocation_uniform_budget160_rep0_trial0_2026-07-03T19-17-07Z_FULL.jsonl
uniform,0,160,13,task_e10,90,domain_expert,0.0,51,0.5666666666666667,0.375,29.574999999999996,,gitlab_oracle_operator,False,2.5641762332634355,0.9996985811061524,0.06666666666666667,0.2,0.0,6747.9,3.0640593000000007,0.4143079416012201,results/gitlab_strong_arm/allocation_160_generic12_oracle_fast/logs/gitlab_strong_allocation_uniform_budget160_rep0_trial0_2026-07-03T19-17-07Z_FULL.jsonl
uniform,0,160,13,task_e11,91,gitlab_oracle_operator,0.0,51,0.5604395604395604,0.0,29.574999999999996,,gitlab_oracle_operator,True,2.564949357461537,1.0000000000000002,0.07692307692307693,0.2,0.0,6748.099999999999,3.0640593000000007,0.19987964295217786,results/gitlab_strong_arm/allocation_160_generic12_oracle_fast/logs/gitlab_strong_allocation_uniform_budget160_rep0_trial0_2026-07-03T19-17-07Z_FULL.jsonl
uniform,0,160,13,task_e12,92,baseline,0.0,51,0.5543478260869565,0.19999999999999996,29.774999999999995,baseline,gitlab_oracle_operator,False,2.5642670025481165,0.9997339694402015,0.07608695652173914,0.5,0.0,6748.599999999999,3.0640593000000007,0.08672814819073582,results/gitlab_strong_arm/allocation_160_generic12_oracle_fast/logs/gitlab_strong_allocation_uniform_budget160_rep0_trial0_2026-07-03T19-17-07Z_FULL.jsonl
uniform,0,160,13,task_e13,93,planner,0.0,51,0.5483870967741935,0.35,30.124999999999996,,gitlab_oracle_operator,False,2.5637162012808203,0.9995192278642347,0.07526881720430108,0.2,0.0,6748.799999999999,3.0640593000000007,0.04914223376711857,results/gitlab_strong_arm/allocation_160_generic12_oracle_fast/logs/gitlab_strong_allocation_uniform_budget160_rep0_trial0_2026-07-03T19-17-07Z_FULL.jsonl
uniform,0,160,13,task_e14,94,cautious,0.0,51,0.5425531914893617,0.4,30.524999999999995,,gitlab_oracle_operator,False,2.563291511693536,0.9993536536059949,0.07446808510638298,0.2,0.0,6748.999999999999,3.0640593000000007,0.010088260481088351,results/gitlab_strong_arm/allocation_160_generic12_oracle_fast/logs/gitlab_strong_allocation_uniform_budget160_rep0_trial0_2026-07-03T19-17-07Z_FULL.jsonl
uniform,0,160,13,task_e15,95,explorer,0.0,51,0.5368421052631579,0.675,31.199999999999996,,gitlab_oracle_operator,False,2.562987747134862,0.9992352245392416,0.07368421052631578,0.2,0.0,6749.199999999999,3.0640593000000007,-0.0571948408554499,results/gitlab_strong_arm/allocation_160_generic12_oracle_fast/logs/gitlab_strong_allocation_uniform_budget160_rep0_trial0_2026-07-03T19-17-07Z_FULL.jsonl
uniform,0,160,13,task_e16,96,balanced,0.0,51,0.53125,0.32499999999999996,31.524999999999995,,gitlab_oracle_operator,False,2.562799962152305,0.9991620125742525,0.07291666666666667,0.2,0.0,6749.399999999999,3.0640593000000007,-0.062139920464372445,results/gitlab_strong_arm/allocation_160_generic12_oracle_fast/logs/gitlab_strong_allocation_uniform_budget160_rep0_trial0_2026-07-03T19-17-07Z_FULL.jsonl
uniform,0,160,13,task_e17,97,overthinker,0.0,51,0.5257731958762887,0.32499999999999996,31.849999999999994,,gitlab_oracle_operator,False,2.5627234392833573,0.9991321785080457,0.07216494845360824,0.2,0.0,6749.5999999999985,3.0640593000000007,-0.062139920464372445,results/gitlab_strong_arm/allocation_160_generic12_oracle_fast/logs/gitlab_strong_allocation_uniform_budget160_rep0_trial0_2026-07-03T19-17-07Z_FULL.jsonl
uniform,0,160,13,task_e18,98,rapid,0.0,51,0.5204081632653061,0.17500000000000004,32.02499999999999,,gitlab_oracle_operator,False,2.56275367668696,0.9991439672022415,0.07142857142857142,0.3,0.0,6749.899999999999,3.0640593000000007,-0.062139920464372445,results/gitlab_strong_arm/allocation_160_generic12_oracle_fast/logs/gitlab_strong_allocation_uniform_budget160_rep0_trial0_2026-07-03T19-17-07Z_FULL.jsonl
uniform,0,160,13,task_e19,99,verifier,0.0,51,0.5151515151515151,0.375,32.39999999999999,,gitlab_oracle_operator,False,2.562886376554333,0.9991957030647788,0.0707070707070707,0.4,0.0,6750.299999999998,3.0640593000000007,-0.07175931283335335,results/gitlab_strong_arm/allocation_160_generic12_oracle_fast/logs/gitlab_strong_allocation_uniform_budget160_rep0_trial0_2026-07-03T19-17-07Z_FULL.jsonl
uniform,0,160,13,task_e20,100,exploratory,0.0,51,0.51,0.275,32.67499999999999,,gitlab_oracle_operator,False,2.563117434243122,0.9992857858136319,0.07,0.2,0.0,6750.499999999998,3.0640593000000007,-0.07175931283335335,results/gitlab_strong_arm/allocation_160_generic12_oracle_fast/logs/gitlab_strong_allocation_uniform_budget160_rep0_trial0_2026-07-03T19-17-07Z_FULL.jsonl
uniform,0,160,13,task_m1,101,algorithmic,0.0,51,0.504950495049505,0.45,33.12499999999999,,gitlab_oracle_operator,False,2.563442928083354,0.9994126865024447,0.06930693069306931,0.3,0.0,6750.799999999998,3.0640593000000007,-0.08147213740031067,results/gitlab_strong_arm/allocation_160_generic12_oracle_fast/logs/gitlab_strong_allocation_uniform_budget160_rep0_trial0_2026-07-03T19-17-07Z_FULL.jsonl
uniform,0,160,13,task_m2,102,junior_reactive,0.0,51,0.5,0.30000000000000004,33.42499999999999,,gitlab_oracle_operator,False,2.563859109807801,0.9995749437896058,0.06862745098039216,0.3,0.0,6751.0999999999985,3.0640593000000007,-0.08626321609845178,results/gitlab_strong_arm/allocation_160_generic12_oracle_fast/logs/gitlab_strong_allocation_uniform_budget160_rep0_trial0_2026-07-03T19-17-07Z_FULL.jsonl
uniform,0,160,13,task_m3,103,domain_expert,0.0,51,0.49514563106796117,0.375,33.79999999999999,,gitlab_oracle_operator,False,2.564362395563117,0.999771160433748,0.06796116504854369,0.2,0.0,6751.299999999998,3.0640593000000007,-0.08626321609845178,results/gitlab_strong_arm/allocation_160_generic12_oracle_fast/logs/gitlab_strong_allocation_uniform_budget160_rep0_trial0_2026-07-03T19-17-07Z_FULL.jsonl
uniform,0,160,13,task_m4,104,gitlab_oracle_operator,0.0,51,0.49038461538461536,0.0,33.79999999999999,,gitlab_oracle_operator,True,2.564949357461537,1.0000000000000002,0.07692307692307693,0.2,0.0,6751.499999999998,3.0640593000000007,-0.2596531342447841,results/gitlab_strong_arm/allocation_160_generic12_oracle_fast/logs/gitlab_strong_allocation_uniform_budget160_rep0_trial0_2026-07-03T19-17-07Z_FULL.jsonl
uniform,0,160,13,task_m5,105,baseline,0.0,51,0.4857142857142857,0.19999999999999996,33.99999999999999,baseline,gitlab_oracle_operator,False,2.5644231197071403,0.9997948350313952,0.0761904761904762,0.2,0.0,6751.699999999998,3.0640593000000007,-0.34815239115318874,results/gitlab_strong_arm/allocation_160_generic12_oracle_fast/logs/gitlab_strong_allocation_uniform_budget160_rep0_trial0_2026-07-03T19-17-07Z_FULL.jsonl
uniform,0,160,13,task_m6,106,planner,0.0,51,0.4811320754716981,0.35,34.349999999999994,,gitlab_oracle_operator,False,2.563996659584921,0.9996285704924955,0.07547169811320754,0.2,0.0,6751.899999999998,3.0640593000000007,-0.36440115525250016,results/gitlab_strong_arm/allocation_160_generic12_oracle_fast/logs/gitlab_strong_allocation_uniform_budget160_rep0_trial0_2026-07-03T19-17-07Z_FULL.jsonl
uniform,0,160,13,task_m7,107,cautious,0.0,51,0.4766355140186916,0.4,34.74999999999999,,gitlab_oracle_operator,False,2.5636663398594317,0.999499788329788,0.07476635514018691,0.3,0.0,6752.199999999998,3.0640593000000007,-0.3809183086840344,results/gitlab_strong_arm/allocation_160_generic12_oracle_fast/logs/gitlab_strong_allocation_uniform_budget160_rep0_trial0_2026-07-03T19-17-07Z_FULL.jsonl
uniform,0,160,13,task_m8,108,explorer,0.0,51,0.4722222222222222,0.675,35.42499999999999,,gitlab_oracle_operator,False,2.5634286735589225,0.9994071290732542,0.07407407407407407,0.2,0.0,6752.399999999998,3.0640593000000007,-0.4091928133138054,results/gitlab_strong_arm/allocation_160_generic12_oracle_fast/logs/gitlab_strong_allocation_uniform_budget160_rep0_trial0_2026-07-03T19-17-07Z_FULL.jsonl
uniform,0,160,13,task_m9,109,balanced,0.0,51,0.46788990825688076,0.32499999999999996,35.74999999999999,,gitlab_oracle_operator,False,2.5632803166544704,0.9993492889821739,0.07339449541284404,0.2,0.0,6752.599999999998,3.0640593000000007,-0.4091928133138054,results/gitlab_strong_arm/allocation_160_generic12_oracle_fast/logs/gitlab_strong_allocation_uniform_budget160_rep0_trial0_2026-07-03T19-17-07Z_FULL.jsonl
uniform,0,160,13,task_m10,110,overthinker,0.0,51,0.4636363636363636,0.32499999999999996,36.074999999999996,,gitlab_oracle_operator,False,2.563218061153992,0.9993250173526786,0.07272727272727272,0.2,0.0,6752.799999999997,3.0640593000000007,-0.4091928133138054,results/gitlab_strong_arm/allocation_160_generic12_oracle_fast/logs/gitlab_strong_allocation_uniform_budget160_rep0_trial0_2026-07-03T19-17-07Z_FULL.jsonl
uniform,0,160,13,task_m11,111,rapid,0.0,51,0.4594594594594595,0.17500000000000004,36.24999999999999,,gitlab_oracle_operator,False,2.563238828584281,0.999333113976586,0.07207207207207207,0.2,0.0,6752.999999999997,3.0640593000000007,-0.4091928133138054,results/gitlab_strong_arm/allocation_160_generic12_oracle_fast/logs/gitlab_strong_allocation_uniform_budget160_rep0_trial0_2026-07-03T19-17-07Z_FULL.jsonl
uniform,0,160,13,task_m12,112,verifier,0.0,51,0.45535714285714285,0.375,36.62499999999999,,gitlab_oracle_operator,False,2.563339663836155,0.9993724267417994,0.07142857142857142,0.3,0.0,6753.299999999997,3.0640593000000007,-0.4091928133138054,results/gitlab_strong_arm/allocation_160_generic12_oracle_fast/logs/gitlab_strong_allocation_uniform_budget160_rep0_trial0_2026-07-03T19-17-07Z_FULL.jsonl
uniform,0,160,13,task_m13,113,exploratory,0.0,51,0.45132743362831856,0.275,36.89999999999999,,gitlab_oracle_operator,False,2.5635177293496105,0.9994418493652666,0.07079646017699115,0.2,0.0,6753.499999999997,3.0640593000000007,-0.4091928133138054,results/gitlab_strong_arm/allocation_160_generic12_oracle_fast/logs/gitlab_strong_allocation_uniform_budget160_rep0_trial0_2026-07-03T19-17-07Z_FULL.jsonl
uniform,0,160,13,task_m14,114,algorithmic,0.0,51,0.4473684210526316,0.45,37.349999999999994,,gitlab_oracle_operator,False,2.5637702996175147,0.9995403192501279,0.07017543859649122,0.2,0.0,6753.699999999997,3.0640593000000007,-0.4091928133138054,results/gitlab_strong_arm/allocation_160_generic12_oracle_fast/logs/gitlab_strong_allocation_uniform_budget160_rep0_trial0_2026-07-03T19-17-07Z_FULL.jsonl
uniform,0,160,13,task_m15,115,junior_reactive,0.0,51,0.4434782608695652,0.30000000000000004,37.64999999999999,,gitlab_oracle_operator,False,2.564094755987919,0.999666815459287,0.06956521739130435,0.2,0.0,6753.899999999997,3.0640593000000007,-0.4091928133138054,results/gitlab_strong_arm/allocation_160_generic12_oracle_fast/logs/gitlab_strong_allocation_uniform_budget160_rep0_trial0_2026-07-03T19-17-07Z_FULL.jsonl
uniform,0,160,13,task_m16,116,domain_expert,0.0,51,0.4396551724137931,0.375,38.02499999999999,,gitlab_oracle_operator,False,2.564488581746448,0.9998203567981767,0.06896551724137931,0.2,0.0,6754.099999999997,3.0640593000000007,-0.4091928133138054,results/gitlab_strong_arm/allocation_160_generic12_oracle_fast/logs/gitlab_strong_allocation_uniform_budget160_rep0_trial0_2026-07-03T19-17-07Z_FULL.jsonl
uniform,0,160,13,task_m17,117,gitlab_oracle_operator,0.0,51,0.4358974358974359,0.0,38.02499999999999,,gitlab_oracle_operator,True,2.564949357461537,1.0000000000000002,0.07692307692307693,0.2,0.0,6754.2999999999965,3.0640593000000007,-0.525652789722324,results/gitlab_strong_arm/allocation_160_generic12_oracle_fast/logs/gitlab_strong_allocation_uniform_budget160_rep0_trial0_2026-07-03T19-17-07Z_FULL.jsonl
uniform,0,160,13,task_m18,118,baseline,0.0,51,0.4322033898305085,0.19999999999999996,38.224999999999994,baseline,gitlab_oracle_operator,False,2.5645311898703076,0.9998369684804838,0.07627118644067797,0.2,0.0,6754.499999999996,3.0640593000000007,-0.5700485262080517,results/gitlab_strong_arm/allocation_160_generic12_oracle_fast/logs/gitlab_strong_allocation_uniform_budget160_rep0_trial0_2026-07-03T19-17-07Z_FULL.jsonl
uniform,0,160,13,task_m19,119,planner,0.0,51,0.42857142857142855,0.35,38.574999999999996,,gitlab_oracle_operator,False,2.564191266084919,0.9997044419709838,0.07563025210084033,0.2,0.0,6754.699999999996,3.0640593000000007,-0.5762285657600141,results/gitlab_strong_arm/allocation_160_generic12_oracle_fast/logs/gitlab_strong_allocation_uniform_budget160_rep0_trial0_2026-07-03T19-17-07Z_FULL.jsonl
uniform,0,160,13,task_m20,120,cautious,0.0,51,0.425,0.4,38.974999999999994,,gitlab_oracle_operator,False,2.56392703653137,0.9996014264659094,0.075,0.2,0.0,6754.899999999996,3.0640593000000007,-0.5824470358260119,results/gitlab_strong_arm/allocation_160_generic12_oracle_fast/logs/gitlab_strong_allocation_uniform_budget160_rep0_trial0_2026-07-03T19-17-07Z_FULL.jsonl
uniform,0,160,13,task_e1,121,explorer,0.0,51,0.4214876033057851,0.675,39.64999999999999,,gitlab_oracle_operator,False,2.563736045729009,0.9995269646439614,0.0743801652892562,0.2,0.0,6755.099999999996,3.0640593000000007,-0.5928042036424703,results/gitlab_strong_arm/allocation_160_generic12_oracle_fast/logs/gitlab_strong_allocation_uniform_budget160_rep0_trial0_2026-07-03T19-17-07Z_FULL.jsonl
uniform,0,160,13,task_e2,122,balanced,0.0,51,0.4180327868852459,0.32499999999999996,39.974999999999994,,gitlab_oracle_operator,False,2.56361592819301,0.999480134270625,0.07377049180327869,0.2,0.0,6755.299999999996,3.0640593000000007,-0.5928042036424703,results/gitlab_strong_arm/allocation_160_generic12_oracle_fast/logs/gitlab_strong_allocation_uniform_budget160_rep0_trial0_2026-07-03T19-17-07Z_FULL.jsonl
uniform,0,160,13,task_e3,123,overthinker,0.0,51,0.4146341463414634,0.32499999999999996,40.3,,gitlab_oracle_operator,False,2.5635644045445756,0.99946004668165,0.07317073170731707,0.2,0.0,6755.499999999995,3.0640593000000007,-0.5928042036424703,results/gitlab_strong_arm/allocation_160_generic12_oracle_fast/logs/gitlab_strong_allocation_uniform_budget160_rep0_trial0_2026-07-03T19-17-07Z_FULL.jsonl
uniform,0,160,13,task_e4,124,rapid,0.0,51,0.4112903225806452,0.17500000000000004,40.474999999999994,,gitlab_oracle_operator,False,2.5635792778168187,0.9994658453428203,0.07258064516129033,0.2,0.0,6755.699999999995,3.0640593000000007,-0.5928042036424703,results/gitlab_strong_arm/allocation_160_generic12_oracle_fast/logs/gitlab_strong_allocation_uniform_budget160_rep0_trial0_2026-07-03T19-17-07Z_FULL.jsonl
uniform,0,160,13,task_e5,125,verifier,0.0,51,0.408,0.375,40.849999999999994,,gitlab_oracle_operator,False,2.563658429945073,0.9994967044816272,0.072,0.2,0.0,6755.899999999995,3.0640593000000007,-0.5928042036424703,results/gitlab_strong_arm/allocation_160_generic12_oracle_fast/logs/gitlab_strong_allocation_uniform_budget160_rep0_trial0_2026-07-03T19-17-07Z_FULL.jsonl
uniform,0,160,13,task_e6,126,exploratory,0.0,51,0.40476190476190477,0.275,41.12499999999999,,gitlab_oracle_operator,False,2.563799818431097,0.9995518277867376,0.07142857142857142,0.3,0.0,6756.199999999995,3.0640593000000007,-0.5928042036424703,results/gitlab_strong_arm/allocation_160_generic12_oracle_fast/logs/gitlab_strong_allocation_uniform_budget160_rep0_trial0_2026-07-03T19-17-07Z_FULL.jsonl
uniform,0,160,13,task_e7,127,algorithmic,0.0,51,0.4015748031496063,0.45,41.574999999999996,,gitlab_oracle_operator,False,2.5640014731713276,0.999630447171422,0.07086614173228346,0.2,0.0,6756.399999999995,3.0640593000000007,-0.5928042036424703,results/gitlab_strong_arm/allocation_160_generic12_oracle_fast/logs/gitlab_strong_allocation_uniform_budget160_rep0_trial0_2026-07-03T19-17-07Z_FULL.jsonl
uniform,0,160,13,task_e8,128,junior_reactive,0.0,51,0.3984375,0.30000000000000004,41.87499999999999,,gitlab_oracle_operator,False,2.564261493439953,0.9997318215973416,0.0703125,0.2,0.0,6756.599999999995,3.0640593000000007,-0.5928042036424703,results/gitlab_strong_arm/allocation_160_generic12_oracle_fast/logs/gitlab_strong_allocation_uniform_budget160_rep0_trial0_2026-07-03T19-17-07Z_FULL.jsonl
uniform,0,160,13,task_e9,129,domain_expert,0.0,51,0.3953488372093023,0.375,42.24999999999999,,gitlab_oracle_operator,False,2.5645780450181723,0.9998552359553282,0.06976744186046512,0.4,0.0,6756.9999999999945,3.0640593000000007,-0.5928042036424703,results/gitlab_strong_arm/allocation_160_generic12_oracle_fast/logs/gitlab_strong_allocation_uniform_budget160_rep0_trial0_2026-07-03T19-17-07Z_FULL.jsonl
uniform,0,160,13,task_e10,130,gitlab_oracle_operator,1.0,52,0.4,0.0,42.24999999999999,,gitlab_oracle_operator,True,2.564949357461537,1.0000000000000002,0.07692307692307693,126.5,0.10932494999999999,6883.4999999999945,3.1733842500000007,-0.5440342051869518,results/gitlab_strong_arm/allocation_160_generic12_oracle_fast/logs/gitlab_strong_allocation_uniform_budget160_rep0_trial0_2026-07-03T19-17-07Z_FULL.jsonl
uniform,0,160,13,task_e11,131,baseline,1.0,53,0.40458015267175573,0.19999999999999996,42.449999999999996,baseline,gitlab_oracle_operator,False,2.5646090853380406,0.9998673376834882,0.07633587786259542,46.3,0.04242375,6929.799999999995,3.215808000000001,-0.5290161768030333,results/gitlab_strong_arm/allocation_160_generic12_oracle_fast/logs/gitlab_strong_allocation_uniform_budget160_rep0_trial0_2026-07-03T19-17-07Z_FULL.jsonl
uniform,0,160,13,task_e12,132,planner,1.0,54,0.4090909090909091,0.35,42.8,,gitlab_oracle_operator,False,2.564331799624938,0.9997592319572306,0.07575757575757576,15.1,0.01576395,6944.899999999995,3.231571950000001,-0.5290161768030333,results/gitlab_strong_arm/allocation_160_generic12_oracle_fast/logs/gitlab_strong_allocation_uniform_budget160_rep0_trial0_2026-07-03T19-17-07Z_FULL.jsonl
uniform,0,160,13,task_e13,133,cautious,1.0,55,0.41353383458646614,0.4,43.199999999999996,,gitlab_oracle_operator,False,2.5641156447499434,0.9996749593869493,0.07518796992481203,95.3,0.03202785,7040.199999999995,3.263599800000001,-0.5290161768030333,results/gitlab_strong_arm/allocation_160_generic12_oracle_fast/logs/gitlab_strong_allocation_uniform_budget160_rep0_trial0_2026-07-03T19-17-07Z_FULL.jsonl
uniform,0,160,13,task_e14,134,explorer,1.0,56,0.417910447761194,0.675,43.87499999999999,,gitlab_oracle_operator,False,2.563958827021117,0.9996138206637342,0.07462686567164178,18.9,0.0195843,7059.099999999995,3.283184100000001,-0.5290161768030333,results/gitlab_strong_arm/allocation_160_generic12_oracle_fast/logs/gitlab_strong_allocation_uniform_budget160_rep0_trial0_2026-07-03T19-17-07Z_FULL.jsonl
uniform,0,160,13,task_e15,135,balanced,1.0,57,0.4222222222222222,0.32499999999999996,44.199999999999996,,gitlab_oracle_operator,False,2.56385961219077,0.9995751396542795,0.07407407407407407,20.2,0.02864775,7079.299999999995,3.3118318500000012,-0.5290161768030333,results/gitlab_strong_arm/allocation_160_generic12_oracle_fast/logs/gitlab_strong_allocation_uniform_budget160_rep0_trial0_2026-07-03T19-17-07Z_FULL.jsonl
uniform,0,160,13,task_e16,136,overthinker,1.0,58,0.4264705882352941,0.32499999999999996,44.525,,gitlab_oracle_operator,False,2.563816323131084,0.999558262494674,0.07352941176470588,28.3,0.01943385,7107.599999999995,3.331265700000001,-0.5290161768030333,results/gitlab_strong_arm/allocation_160_generic12_oracle_fast/logs/gitlab_strong_allocation_uniform_budget160_rep0_trial0_2026-07-03T19-17-07Z_FULL.jsonl
uniform,0,160,13,task_e17,137,rapid,0.0,58,0.4233576642335766,0.17500000000000004,44.699999999999996,,gitlab_oracle_operator,False,2.56382733761559,0.9995625567254641,0.072992700729927,63.7,0.019919100000000002,7171.299999999995,3.3511848000000013,-0.5290161768030333,results/gitlab_strong_arm/allocation_160_generic12_oracle_fast/logs/gitlab_strong_allocation_uniform_budget160_rep0_trial0_2026-07-03T19-17-07Z_FULL.jsonl
uniform,0,160,13,task_e18,138,verifier,1.0,59,0.427536231884058,0.375,45.074999999999996,,gitlab_oracle_operator,False,2.563891086200981,0.9995874104658334,0.07246376811594203,52.1,0.0322149,7223.399999999995,3.3833997000000013,-0.5290161768030333,results/gitlab_strong_arm/allocation_160_generic12_oracle_fast/logs/gitlab_strong_allocation_uniform_budget160_rep0_trial0_2026-07-03T19-17-07Z_FULL.jsonl
uniform,0,160,13,task_e19,139,exploratory,0.0,59,0.4244604316546763,0.275,45.349999999999994,,gitlab_oracle_operator,False,2.5640060502040694,0.9996322316248766,0.07194244604316546,23.6,0.022678499999999997,7246.999999999995,3.4060782000000014,-0.5290161768030333,results/gitlab_strong_arm/allocation_160_generic12_oracle_fast/logs/gitlab_strong_allocation_uniform_budget160_rep0_trial0_2026-07-03T19-17-07Z_FULL.jsonl
uniform,0,160,13,task_e20,140,algorithmic,1.0,60,0.42857142857142855,0.45,45.8,,gitlab_oracle_operator,False,2.564170759769003,0.9996964471480622,0.07142857142857142,53.9,0.035134349999999995,7300.899999999995,3.4412125500000013,-0.5290161768030333,results/gitlab_strong_arm/allocation_160_generic12_oracle_fast/logs/gitlab_strong_allocation_uniform_budget160_rep0_trial0_2026-07-03T19-17-07Z_FULL.jsonl
uniform,0,160,13,task_m1,141,junior_reactive,0.0,60,0.425531914893617,0.30000000000000004,46.099999999999994,,gitlab_oracle_operator,False,2.5643837920201276,0.9997795022970867,0.07092198581560284,180.0,0.0721311,7480.899999999995,3.5133436500000013,-0.5290161768030333,results/gitlab_strong_arm/allocation_160_generic12_oracle_fast/logs/gitlab_strong_allocation_uniform_budget160_rep0_trial0_2026-07-03T19-17-07Z_FULL.jsonl
uniform,0,160,13,task_m2,142,domain_expert,0.0,60,0.4225352112676056,0.375,46.474999999999994,,gitlab_oracle_operator,False,2.5646437692961523,0.9998808599614275,0.07042253521126761,96.9,0.03207255,7577.799999999995,3.5454162000000013,-0.5290161768030333,results/gitlab_strong_arm/allocation_160_generic12_oracle_fast/logs/gitlab_strong_allocation_uniform_budget160_rep0_trial0_2026-07-03T19-17-07Z_FULL.jsonl
uniform,0,160,13,task_m3,143,gitlab_oracle_operator,1.0,61,0.42657342657342656,0.0,46.474999999999994,,gitlab_oracle_operator,True,2.564949357461537,1.0000000000000002,0.07692307692307693,17.0,0.01628925,7594.799999999995,3.561705450000001,-0.45021560737105326,results/gitlab_strong_arm/allocation_160_generic12_oracle_fast/logs/gitlab_strong_allocation_uniform_budget160_rep0_trial0_2026-07-03T19-17-07Z_FULL.jsonl
uniform,0,160,13,task_m4,144,baseline,0.0,61,0.4236111111111111,0.19999999999999996,46.675,baseline,gitlab_oracle_operator,False,2.564667078695161,0.9998899476258452,0.0763888888888889,73.1,0.02883795,7667.899999999995,3.5905434000000014,-0.474263309214052,results/gitlab_strong_arm/allocation_160_generic12_oracle_fast/logs/gitlab_strong_allocation_uniform_budget160_rep0_trial0_2026-07-03T19-17-07Z_FULL.jsonl
uniform,0,160,13,task_m5,145,planner,0.0,61,0.4206896551724138,0.35,47.025,,gitlab_oracle_operator,False,2.5644365865342653,0.999800085360056,0.07586206896551724,180.0,0.06318345,7847.899999999995,3.6537268500000013,-0.4782986918805221,results/gitlab_strong_arm/allocation_160_generic12_oracle_fast/logs/gitlab_strong_allocation_uniform_budget160_rep0_trial0_2026-07-03T19-17-07Z_FULL.jsonl
uniform,0,160,13,task_m6,146,cautious,1.0,62,0.4246575342465753,0.4,47.425,,gitlab_oracle_operator,False,2.564256488830331,0.9997298704439563,0.07534246575342465,30.5,0.026224349999999997,7878.399999999995,3.6799512000000014,-0.474263309214052,results/gitlab_strong_arm/allocation_160_generic12_oracle_fast/logs/gitlab_strong_allocation_uniform_budget160_rep0_trial0_2026-07-03T19-17-07Z_FULL.jsonl
uniform,0,160,13,task_m7,147,explorer,1.0,63,0.42857142857142855,0.675,48.099999999999994,,gitlab_oracle_operator,False,2.5641254357796703,0.9996787766279012,0.07482993197278912,25.9,0.02703255,7904.299999999995,3.7069837500000014,-0.46767700713521454,results/gitlab_strong_arm/allocation_160_generic12_oracle_fast/logs/gitlab_strong_allocation_uniform_budget160_rep0_trial0_2026-07-03T19-17-07Z_FULL.jsonl
uniform,0,160,13,task_m8,148,balanced,0.0,63,0.42567567567567566,0.32499999999999996,48.425,,gitlab_oracle_operator,False,2.5640421184023814,0.9996462935782665,0.07432432432432433,180.0,0.06486525,8084.299999999995,3.7718490000000013,-0.46767700713521454,results/gitlab_strong_arm/allocation_160_generic12_oracle_fast/logs/gitlab_strong_allocation_uniform_budget160_rep0_trial0_2026-07-03T19-17-07Z_FULL.jsonl
uniform,0,160,13,task_m9,149,overthinker,0.0,63,0.4228187919463087,0.32499999999999996,48.75,,gitlab_oracle_operator,False,2.5640052670849856,0.9996319263092642,0.0738255033557047,180.0,0.030440099999999998,8264.299999999996,3.802289100000001,-0.46767700713521454,results/gitlab_strong_arm/allocation_160_generic12_oracle_fast/logs/gitlab_strong_allocation_uniform_budget160_rep0_trial0_2026-07-03T19-17-07Z_FULL.jsonl
uniform,0,160,13,task_m10,150,rapid,0.0,63,0.42,0.17500000000000004,48.925,,gitlab_oracle_operator,False,2.5640136501836928,0.9996351946383962,0.07333333333333333,180.0,0.07579424999999998,8444.299999999996,3.878083350000001,-0.46767700713521454,results/gitlab_strong_arm/allocation_160_generic12_oracle_fast/logs/gitlab_strong_allocation_uniform_budget160_rep0_trial0_2026-07-03T19-17-07Z_FULL.jsonl
uniform,0,160,13,task_m11,151,verifier,0.0,63,0.41721854304635764,0.375,49.3,,gitlab_oracle_operator,False,2.5640660726853985,0.9996556326644155,0.0728476821192053,180.0,0.0673185,8624.299999999996,3.945401850000001,-0.46767700713521454,results/gitlab_strong_arm/allocation_160_generic12_oracle_fast/logs/gitlab_strong_allocation_uniform_budget160_rep0_trial0_2026-07-03T19-17-07Z_FULL.jsonl
uniform,0,160,13,task_m12,152,exploratory,0.0,63,0.4144736842105263,0.275,49.574999999999996,,gitlab_oracle_operator,False,2.564161374923695,0.9996927882667355,0.07236842105263158,180.0,0.05038305,8804.299999999996,3.995784900000001,-0.46767700713521454,results/gitlab_strong_arm/allocation_160_generic12_oracle_fast/logs/gitlab_strong_allocation_uniform_budget160_rep0_trial0_2026-07-03T19-17-07Z_FULL.jsonl
uniform,0,160,13,task_m13,153,algorithmic,1.0,64,0.41830065359477125,0.45,50.025,,gitlab_oracle_operator,False,2.5642984313472965,0.9997462226252746,0.0718954248366013,162.6,0.07146134999999999,8966.899999999996,4.067246250000001,-0.46767700713521454,results/gitlab_strong_arm/allocation_160_generic12_oracle_fast/logs/gitlab_strong_allocation_uniform_budget160_rep0_trial0_2026-07-03T19-17-07Z_FULL.jsonl
uniform,0,160,13,task_m14,154,junior_reactive,0.0,64,0.4155844155844156,0.30000000000000004,50.324999999999996,,gitlab_oracle_operator,False,2.5644761493384327,0.9998155097597824,0.07142857142857142,180.0,0.06965879999999999,9146.899999999996,4.136905050000001,-0.46767700713521454,results/gitlab_strong_arm/allocation_160_generic12_oracle_fast/logs/gitlab_strong_allocation_uniform_budget160_rep0_trial0_2026-07-03T19-17-07Z_FULL.jsonl
uniform,0,160,13,task_m15,155,domain_expert,1.0,65,0.41935483870967744,0.375,50.699999999999996,,gitlab_oracle_operator,False,2.5646934680788975,0.9999002360877439,0.07096774193548387,26.0,0.024490800000000004,9172.899999999996,4.161395850000001,-0.46767700713521454,results/gitlab_strong_arm/allocation_160_generic12_oracle_fast/logs/gitlab_strong_allocation_uniform_budget160_rep0_trial0_2026-07-03T19-17-07Z_FULL.jsonl
uniform,0,160,13,task_m16,156,gitlab_oracle_operator,1.0,66,0.4230769230769231,0.0,50.699999999999996,,gitlab_oracle_operator,True,2.564949357461537,1.0000000000000002,0.07692307692307693,23.3,0.0272133,9196.199999999995,4.1886091500000004,-0.35534590741530425,results/gitlab_strong_arm/allocation_160_generic12_oracle_fast/logs/gitlab_strong_allocation_uniform_budget160_rep0_trial0_2026-07-03T19-17-07Z_FULL.jsonl
uniform,0,160,13,task_m17,157,baseline,1.0,67,0.4267515923566879,0.19999999999999996,50.9,baseline,gitlab_oracle_operator,False,2.5647114154344735,0.9999072332456113,0.07643312101910828,20.0,0.02360775,9216.199999999995,4.2122169000000005,-0.34668847879888687,results/gitlab_strong_arm/allocation_160_generic12_oracle_fast/logs/gitlab_strong_allocation_uniform_budget160_rep0_trial0_2026-07-03T19-17-07Z_FULL.jsonl
uniform,0,160,13,task_m18,158,planner,1.0,68,0.43037974683544306,0.35,51.25,,gitlab_oracle_operator,False,2.5645167984319293,0.9998313576724822,0.0759493670886076,31.8,0.034009950000000004,9247.999999999995,4.24622685,-0.34668847879888687,results/gitlab_strong_arm/allocation_160_generic12_oracle_fast/logs/gitlab_strong_allocation_uniform_budget160_rep0_trial0_2026-07-03T19-17-07Z_FULL.jsonl
uniform,0,160,13,task_m19,159,cautious,0.0,68,0.4276729559748428,0.4,51.65,,gitlab_oracle_operator,False,2.5643644354557034,0.9997719557292108,0.07547169811320754,20.4,0.02050665,9268.399999999994,4.2667335,-0.3539906782194078,results/gitlab_strong_arm/allocation_160_generic12_oracle_fast/logs/gitlab_strong_allocation_uniform_budget160_rep0_trial0_2026-07-03T19-17-07Z_FULL.jsonl
uniform,0,160,13,task_m20,160,explorer,1.0,69,0.43125,0.675,52.324999999999996,,gitlab_oracle_operator,False,2.5642532854519273,0.999728621538829,0.075,18.6,0.017679149999999998,9286.999999999995,4.28441265,-0.34203205907958867,results/gitlab_strong_arm/allocation_160_generic12_oracle_fast/logs/gitlab_strong_allocation_uniform_budget160_rep0_trial0_2026-07-03T19-17-07Z_FULL.jsonl
spruce_fast,0,160,13,task_e1,1,baseline,1.0,1,1.0,0.19999999999999996,0.19999999999999996,baseline,gitlab_oracle_operator,False,-0.0,-0.0,0.0,16.0,0.01455795,16.0,0.01455795,0.0,results/gitlab_strong_arm/allocation_160_generic12_oracle_fast/logs/gitlab_strong_allocation_spruce_fast_budget160_rep0_trial0_2026-07-03T22-39-51Z_FULL.jsonl
spruce_fast,0,160,13,task_e2,2,planner,1.0,2,1.0,0.35,0.5499999999999999,,gitlab_oracle_operator,False,0.6931471805599453,0.27023815442731974,0.0,28.4,0.01902765,44.4,0.0335856,0.0,results/gitlab_strong_arm/allocation_160_generic12_oracle_fast/logs/gitlab_strong_allocation_spruce_fast_budget160_rep0_trial0_2026-07-03T22-39-51Z_FULL.jsonl
spruce_fast,0,160,13,task_e3,3,cautious,0.0,2,0.6666666666666666,0.4,0.95,,gitlab_oracle_operator,False,1.0986122886681096,0.4283173410313946,0.0,22.0,0.025427850000000002,66.4,0.05901345,0.0,results/gitlab_strong_arm/allocation_160_generic12_oracle_fast/logs/gitlab_strong_allocation_spruce_fast_budget160_rep0_trial0_2026-07-03T22-39-51Z_FULL.jsonl
spruce_fast,0,160,13,task_e4,4,explorer,0.0,2,0.5,0.675,1.625,,gitlab_oracle_operator,False,1.3862943611198906,0.5404763088546395,0.0,62.0,0.013032450000000001,128.4,0.0720459,0.0,results/gitlab_strong_arm/allocation_160_generic12_oracle_fast/logs/gitlab_strong_allocation_spruce_fast_budget160_rep0_trial0_2026-07-03T22-39-51Z_FULL.jsonl
spruce_fast,0,160,13,task_e5,5,balanced,0.0,2,0.4,0.32499999999999996,1.95,,gitlab_oracle_operator,False,1.6094379124341005,0.6274735630753034,0.0,180.0,0.060443250000000004,308.4,0.13248915,0.0,results/gitlab_strong_arm/allocation_160_generic12_oracle_fast/logs/gitlab_strong_allocation_spruce_fast_budget160_rep0_trial0_2026-07-03T22-39-51Z_FULL.jsonl
spruce_fast,0,160,13,task_e6,6,overthinker,1.0,3,0.5,0.32499999999999996,2.275,,gitlab_oracle_operator,False,1.791759469228055,0.6985554954587144,0.0,238.3,0.04744425000000001,546.7,0.17993340000000002,0.0,results/gitlab_strong_arm/allocation_160_generic12_oracle_fast/logs/gitlab_strong_allocation_spruce_fast_budget160_rep0_trial0_2026-07-03T22-39-51Z_FULL.jsonl
spruce_fast,0,160,13,task_e7,7,rapid,1.0,4,0.5714285714285714,0.17500000000000004,2.45,,gitlab_oracle_operator,False,1.9459101490553132,0.7586544129592989,0.0,82.2,0.03829035,628.9000000000001,0.21822375000000002,0.0,results/gitlab_strong_arm/allocation_160_generic12_oracle_fast/logs/gitlab_strong_allocation_spruce_fast_budget160_rep0_trial0_2026-07-03T22-39-51Z_FULL.jsonl
spruce_fast,0,160,13,task_e8,8,verifier,1.0,5,0.625,0.375,2.825,,gitlab_oracle_operator,False,2.0794415416798357,0.8107144632819592,0.0,15.8,0.018931049999999998,644.7,0.23715480000000003,0.0,results/gitlab_strong_arm/allocation_160_generic12_oracle_fast/logs/gitlab_strong_allocation_spruce_fast_budget160_rep0_trial0_2026-07-03T22-39-51Z_FULL.jsonl
spruce_fast,0,160,13,task_e9,9,exploratory,1.0,6,0.6666666666666666,0.275,3.1,,gitlab_oracle_operator,False,2.1972245773362196,0.8566346820627895,0.0,27.1,0.02750265,671.8000000000001,0.26465745,0.0,results/gitlab_strong_arm/allocation_160_generic12_oracle_fast/logs/gitlab_strong_allocation_spruce_fast_budget160_rep0_trial0_2026-07-03T22-39-51Z_FULL.jsonl
spruce_fast,0,160,13,task_e10,10,algorithmic,0.0,6,0.6,0.45,3.5500000000000003,,gitlab_oracle_operator,False,2.3025850929940455,0.897711717502623,0.0,180.0,0.06604499999999999,851.8000000000001,0.33070245,0.0,results/gitlab_strong_arm/allocation_160_generic12_oracle_fast/logs/gitlab_strong_allocation_spruce_fast_budget160_rep0_trial0_2026-07-03T22-39-51Z_FULL.jsonl
spruce_fast,0,160,13,task_e11,11,junior_reactive,1.0,7,0.6363636363636364,0.30000000000000004,3.8500000000000005,,gitlab_oracle_operator,False,2.3978952727983707,0.9348704159880586,0.0,78.0,0.04188225,929.8000000000001,0.3725847,0.0,results/gitlab_strong_arm/allocation_160_generic12_oracle_fast/logs/gitlab_strong_allocation_spruce_fast_budget160_rep0_trial0_2026-07-03T22-39-51Z_FULL.jsonl
spruce_fast,0,160,13,task_e12,12,domain_expert,1.0,8,0.6666666666666666,0.375,4.2250000000000005,,gitlab_oracle_operator,False,2.4849066497880004,0.9687936498860342,0.0,13.1,0.017798849999999998,942.9000000000001,0.39038354999999997,0.0,results/gitlab_strong_arm/allocation_160_generic12_oracle_fast/logs/gitlab_strong_allocation_spruce_fast_budget160_rep0_trial0_2026-07-03T22-39-51Z_FULL.jsonl
spruce_fast,0,160,13,task_e13,13,gitlab_oracle_operator,1.0,9,0.6923076923076923,0.0,4.2250000000000005,,gitlab_oracle_operator,True,2.564949357461537,1.0000000000000002,0.07692307692307693,12.0,0.0177468,954.9000000000001,0.40813035,0.0,results/gitlab_strong_arm/allocation_160_generic12_oracle_fast/logs/gitlab_strong_allocation_spruce_fast_budget160_rep0_trial0_2026-07-03T22-39-51Z_FULL.jsonl
spruce_fast,0,160,13,task_e14,14,baseline,1.0,10,0.7142857142857143,0.19999999999999996,4.425000000000001,baseline,gitlab_oracle_operator,False,2.5400363038209806,0.9902871167541444,0.07142857142857142,22.0,0.0189498,976.9000000000001,0.42708015,0.03774032798284699,results/gitlab_strong_arm/allocation_160_generic12_oracle_fast/logs/gitlab_strong_allocation_spruce_fast_budget160_rep0_trial0_2026-07-03T22-39-51Z_FULL.jsonl
spruce_fast,0,160,13,task_e15,15,explorer,1.0,11,0.7333333333333333,0.675,5.1000000000000005,,gitlab_oracle_operator,False,2.5232109529528914,0.9837273962594129,0.06666666666666667,13.5,0.02132805,990.4000000000001,0.4484082,0.03774032798284699,results/gitlab_strong_arm/allocation_160_generic12_oracle_fast/logs/gitlab_strong_allocation_spruce_fast_budget160_rep0_trial0_2026-07-03T22-39-51Z_FULL.jsonl
spruce_fast,0,160,13,task_e16,16,rapid,1.0,12,0.75,0.17500000000000004,5.275,,gitlab_oracle_operator,False,2.5126585295298014,0.9796133097990339,0.0625,25.7,0.020004300000000003,1016.1000000000001,0.4684125,0.07410797215372211,results/gitlab_strong_arm/allocation_160_generic12_oracle_fast/logs/gitlab_strong_allocation_spruce_fast_budget160_rep0_trial0_2026-07-03T22-39-51Z_FULL.jsonl
spruce_fast,0,160,13,task_e17,17,algorithmic,1.0,13,0.7647058823529411,0.45,5.7250000000000005,,gitlab_oracle_operator,False,2.5070264355574183,0.9774175183086488,0.058823529411764705,132.0,0.0392976,1148.1000000000001,0.5077101,0.07410797215372211,results/gitlab_strong_arm/allocation_160_generic12_oracle_fast/logs/gitlab_strong_allocation_spruce_fast_budget160_rep0_trial0_2026-07-03T22-39-51Z_FULL.jsonl
spruce_fast,0,160,13,task_e18,18,gitlab_oracle_operator,1.0,14,0.7777777777777778,0.0,5.7250000000000005,,gitlab_oracle_operator,True,2.5052899909184174,0.9767405284749315,0.1111111111111111,27.6,0.02661375,1175.7,0.53432385,0.109199291964992,results/gitlab_strong_arm/allocation_160_generic12_oracle_fast/logs/gitlab_strong_allocation_spruce_fast_budget160_rep0_trial0_2026-07-03T22-39-51Z_FULL.jsonl
spruce_fast,0,160,13,task_e19,19,balanced,0.0,14,0.7368421052631579,0.32499999999999996,6.050000000000001,,gitlab_oracle_operator,False,2.5066618124970015,0.9772753622620367,0.10526315789473684,180.0,0.041440199999999996,1355.7,0.5757640500000001,0.109199291964992,results/gitlab_strong_arm/allocation_160_generic12_oracle_fast/logs/gitlab_strong_allocation_spruce_fast_budget160_rep0_trial0_2026-07-03T22-39-51Z_FULL.jsonl
spruce_fast,0,160,13,task_e20,20,junior_reactive,1.0,15,0.75,0.30000000000000004,6.3500000000000005,,gitlab_oracle_operator,False,2.510529247162029,0.978783163830819,0.1,20.7,0.017526899999999998,1376.4,0.5932909500000001,0.14310084364067333,results/gitlab_strong_arm/allocation_160_generic12_oracle_fast/logs/gitlab_strong_allocation_spruce_fast_budget160_rep0_trial0_2026-07-03T22-39-51Z_FULL.jsonl
spruce_fast,0,160,13,task_m1,21,overthinker,1.0,16,0.7619047619047619,0.32499999999999996,6.675000000000001,,gitlab_oracle_operator,False,2.516410300153941,0.9810760172841644,0.09523809523809523,106.7,0.03922095,1483.1000000000001,0.6325119000000001,0.17589066646366414,results/gitlab_strong_arm/allocation_160_generic12_oracle_fast/logs/gitlab_strong_allocation_spruce_fast_budget160_rep0_trial0_2026-07-03T22-39-51Z_FULL.jsonl
spruce_fast,0,160,13,task_m2,22,cautious,1.0,17,0.7727272727272727,0.4,7.075000000000001,,gitlab_oracle_operator,False,2.523922032900179,0.984004625883935,0.09090909090909091,80.1,0.043767150000000005,1563.2,0.6762790500000001,0.17589066646366414,results/gitlab_strong_arm/allocation_160_generic12_oracle_fast/logs/gitlab_strong_allocation_spruce_fast_budget160_rep0_trial0_2026-07-03T22-39-51Z_FULL.jsonl
spruce_fast,0,160,13,task_m3,23,exploratory,1.0,18,0.782608695652174,0.275,7.350000000000001,,gitlab_oracle_operator,False,2.532757537181371,0.9874493349404664,0.08695652173913043,14.8,0.0169587,1578.0,0.6932377500000001,0.2076393647782444,results/gitlab_strong_arm/allocation_160_generic12_oracle_fast/logs/gitlab_strong_allocation_spruce_fast_budget160_rep0_trial0_2026-07-03T22-39-51Z_FULL.jsonl
spruce_fast,0,160,13,task_m4,24,domain_expert,1.0,19,0.7916666666666666,0.375,7.725000000000001,,gitlab_oracle_operator,False,2.5426689148346626,0.9913134960883109,0.08333333333333333,85.4,0.0293958,1663.4,0.7226335500000001,0.2384110234449981,results/gitlab_strong_arm/allocation_160_generic12_oracle_fast/logs/gitlab_strong_allocation_spruce_fast_budget160_rep0_trial0_2026-07-03T22-39-51Z_FULL.jsonl
spruce_fast,0,160,13,task_m5,25,planner,0.0,19,0.76,0.35,8.075000000000001,,gitlab_oracle_operator,False,2.5534545315306536,0.9955184979003799,0.08,180.0,0.050944649999999994,1843.4,0.7735782000000001,0.2076393647782444,results/gitlab_strong_arm/allocation_160_generic12_oracle_fast/logs/gitlab_strong_allocation_spruce_fast_budget160_rep0_trial0_2026-07-03T22-39-51Z_FULL.jsonl
spruce_fast,0,160,13,task_m6,26,verifier,1.0,20,0.7692307692307693,0.375,8.450000000000001,,gitlab_oracle_operator,False,2.564949357461537,1.0000000000000002,0.07692307692307693,29.0,0.02022465,1872.4,0.7938028500000001,0.2384110234449981,results/gitlab_strong_arm/allocation_160_generic12_oracle_fast/logs/gitlab_strong_allocation_spruce_fast_budget160_rep0_trial0_2026-07-03T22-39-51Z_FULL.jsonl
spruce_fast,0,160,13,task_m7,27,domain_expert,1.0,21,0.7777777777777778,0.375,8.825000000000001,domain_expert,gitlab_oracle_operator,False,2.5576380067656985,0.9971495145997448,0.07407407407407407,25.0,0.01938165,1897.4,0.8131845000000001,0.2828627860158317,results/gitlab_strong_arm/allocation_160_generic12_oracle_fast/logs/gitlab_strong_allocation_spruce_fast_budget160_rep0_trial0_2026-07-03T22-39-51Z_FULL.jsonl
spruce_fast,0,160,13,task_m8,28,domain_expert,0.0,21,0.75,0.375,9.200000000000001,domain_expert,gitlab_oracle_operator,False,2.5400363038209806,0.9902871167541444,0.07142857142857142,69.8,0.02902095,1967.2,0.8422054500000001,0.21542150522029901,results/gitlab_strong_arm/allocation_160_generic12_oracle_fast/logs/gitlab_strong_allocation_spruce_fast_budget160_rep0_trial0_2026-07-03T22-39-51Z_FULL.jsonl
spruce_fast,0,160,13,task_m9,29,baseline,0.0,21,0.7241379310344828,0.19999999999999996,9.4,domain_expert,gitlab_oracle_operator,False,2.536597475407071,0.988946416438208,0.06896551724137931,180.0,0.06660285,2147.2,0.9088083000000001,0.16779345623104458,results/gitlab_strong_arm/allocation_160_generic12_oracle_fast/logs/gitlab_strong_allocation_spruce_fast_budget160_rep0_trial0_2026-07-03T22-39-51Z_FULL.jsonl
spruce_fast,0,160,13,task_m10,30,gitlab_oracle_operator,0.0,21,0.7,0.0,9.4,domain_expert,gitlab_oracle_operator,True,2.534537555405918,0.9881433128622404,0.1,180.0,0.0732318,2327.2,0.9820401000000001,0.11778303565638337,results/gitlab_strong_arm/allocation_160_generic12_oracle_fast/logs/gitlab_strong_allocation_spruce_fast_budget160_rep0_trial0_2026-07-03T22-39-51Z_FULL.jsonl
spruce_fast,0,160,13,task_m11,31,overthinker,0.0,21,0.6774193548387096,0.32499999999999996,9.725,domain_expert,gitlab_oracle_operator,False,2.5336860014989666,0.9878113164801388,0.0967741935483871,120.1,0.07697205,2447.2999999999997,1.05901215,0.06513930217096142,results/gitlab_strong_arm/allocation_160_generic12_oracle_fast/logs/gitlab_strong_allocation_spruce_fast_budget160_rep0_trial0_2026-07-03T22-39-51Z_FULL.jsonl
spruce_fast,0,160,13,task_m12,32,verifier,0.0,21,0.65625,0.375,10.1,domain_expert,gitlab_oracle_operator,False,2.5338959091292264,0.9878931534293358,0.09375,58.7,0.0100248,2505.9999999999995,1.06903695,0.009569451016150587,results/gitlab_strong_arm/allocation_160_generic12_oracle_fast/logs/gitlab_strong_allocation_spruce_fast_budget160_rep0_trial0_2026-07-03T22-39-51Z_FULL.jsonl
spruce_fast,0,160,13,task_m13,33,rapid,0.0,21,0.6363636363636364,0.17500000000000004,10.275,domain_expert,gitlab_oracle_operator,False,2.5350402189713153,0.9883392869324243,0.09090909090909091,180.0,0.09376440000000001,2685.9999999999995,1.16280135,-0.0492710490067827,results/gitlab_strong_arm/allocation_160_generic12_oracle_fast/logs/gitlab_strong_allocation_spruce_fast_budget160_rep0_trial0_2026-07-03T22-39-51Z_FULL.jsonl
spruce_fast,0,160,13,task_m14,34,junior_reactive,0.0,21,0.6176470588235294,0.30000000000000004,10.575000000000001,domain_expert,gitlab_oracle_operator,False,2.537008618521312,0.9891067093161336,0.08823529411764706,180.0,0.047054849999999995,2865.9999999999995,1.2098562000000002,-0.11179140598811665,results/gitlab_strong_arm/allocation_160_generic12_oracle_fast/logs/gitlab_strong_allocation_spruce_fast_budget160_rep0_trial0_2026-07-03T22-39-51Z_FULL.jsonl
spruce_fast,0,160,13,task_m15,35,exploratory,0.0,21,0.6,0.275,10.850000000000001,domain_expert,gitlab_oracle_operator,False,2.5397049954291475,0.9901579491388582,0.08571428571428572,22.7,0.027231,2888.6999999999994,1.2370872000000002,-0.17848278048678878,results/gitlab_strong_arm/allocation_160_generic12_oracle_fast/logs/gitlab_strong_allocation_spruce_fast_budget160_rep0_trial0_2026-07-03T22-39-51Z_FULL.jsonl
spruce_fast,0,160,13,task_m16,36,cautious,0.0,21,0.5833333333333334,0.4,11.250000000000002,domain_expert,gitlab_oracle_operator,False,2.543045332428506,0.991460250484357,0.08333333333333333,88.8,0.0190782,2977.4999999999995,1.2561654000000002,-0.17848278048678878,results/gitlab_strong_arm/allocation_160_generic12_oracle_fast/logs/gitlab_strong_allocation_spruce_fast_budget160_rep0_trial0_2026-07-03T22-39-51Z_FULL.jsonl
spruce_fast,0,160,13,task_m17,37,algorithmic,0.0,21,0.5675675675675675,0.45,11.700000000000001,domain_expert,gitlab_oracle_operator,False,2.546955957998868,0.9929848909451856,0.08108108108108109,76.2,0.018853349999999998,3053.6999999999994,1.2750187500000003,-0.17848278048678878,results/gitlab_strong_arm/allocation_160_generic12_oracle_fast/logs/gitlab_strong_allocation_spruce_fast_budget160_rep0_trial0_2026-07-03T22-39-51Z_FULL.jsonl
spruce_fast,0,160,13,task_m18,38,explorer,1.0,22,0.5789473684210527,0.675,12.375000000000002,domain_expert,gitlab_oracle_operator,False,2.5513720853378956,0.9947066120100405,0.07894736842105263,102.5,0.05853855000000001,3156.1999999999994,1.3335573000000003,-0.17848278048678878,results/gitlab_strong_arm/allocation_160_generic12_oracle_fast/logs/gitlab_strong_allocation_spruce_fast_budget160_rep0_trial0_2026-07-03T22-39-51Z_FULL.jsonl
spruce_fast,0,160,13,task_m19,39,balanced,0.0,22,0.5641025641025641,0.32499999999999996,12.700000000000001,domain_expert,gitlab_oracle_operator,False,2.5562365863438243,0.9966031410747481,0.07692307692307693,17.6,0.02020305,3173.7999999999993,1.3537603500000004,-0.17848278048678878,results/gitlab_strong_arm/allocation_160_generic12_oracle_fast/logs/gitlab_strong_allocation_spruce_fast_budget160_rep0_trial0_2026-07-03T22-39-51Z_FULL.jsonl
spruce_fast,0,160,13,task_m20,40,domain_expert,1.0,23,0.575,0.375,13.075000000000001,domain_expert,gitlab_oracle_operator,False,2.546687217880486,0.9928801169005831,0.075,15.6,0.0203238,3189.399999999999,1.3740841500000003,-0.12805192685989697,results/gitlab_strong_arm/allocation_160_generic12_oracle_fast/logs/gitlab_strong_allocation_spruce_fast_budget160_rep0_trial0_2026-07-03T22-39-51Z_FULL.jsonl
spruce_fast,0,160,13,task_e1,41,domain_expert,1.0,24,0.5853658536585366,0.375,13.450000000000001,domain_expert,gitlab_oracle_operator,False,2.533302391032702,0.9876617577899648,0.07317073170731707,21.8,0.016665450000000002,3211.1999999999994,1.3907496000000004,-0.0568756483920021,results/gitlab_strong_arm/allocation_160_generic12_oracle_fast/logs/gitlab_strong_allocation_spruce_fast_budget160_rep0_trial0_2026-07-03T22-39-51Z_FULL.jsonl
spruce_fast,0,160,13,task_e2,42,domain_expert,1.0,25,0.5952380952380952,0.375,13.825000000000001,domain_expert,gitlab_oracle_operator,False,2.5171488818415897,0.9813639690464477,0.07142857142857142,19.8,0.01726215,3230.9999999999995,1.4080117500000005,0.041206535959333435,results/gitlab_strong_arm/allocation_160_generic12_oracle_fast/logs/gitlab_strong_allocation_spruce_fast_budget160_rep0_trial0_2026-07-03T22-39-51Z_FULL.jsonl
spruce_fast,0,160,13,task_e3,43,domain_expert,1.0,26,0.6046511627906976,0.375,14.200000000000001,domain_expert,gitlab_oracle_operator,False,2.4989668082376046,0.9742753013692117,0.06976744186046512,11.3,0.014982450000000001,3242.2999999999997,1.4229942000000004,0.1723562017894631,results/gitlab_strong_arm/allocation_160_generic12_oracle_fast/logs/gitlab_strong_allocation_spruce_fast_budget160_rep0_trial0_2026-07-03T22-39-51Z_FULL.jsonl
spruce_fast,0,160,13,task_e4,44,domain_expert,0.0,26,0.5909090909090909,0.375,14.575000000000001,domain_expert,gitlab_oracle_operator,False,2.4792914274820457,0.9666044361732489,0.06818181818181818,91.1,0.0214224,3333.3999999999996,1.4444166000000005,-0.031438572711226076,results/gitlab_strong_arm/allocation_160_generic12_oracle_fast/logs/gitlab_strong_allocation_spruce_fast_budget160_rep0_trial0_2026-07-03T22-39-51Z_FULL.jsonl
spruce_fast,0,160,13,task_e5,45,domain_expert,1.0,27,0.6,0.375,14.950000000000001,domain_expert,gitlab_oracle_operator,False,2.458521360501254,0.9585067842954951,0.06666666666666667,28.9,0.029601000000000002,3362.2999999999997,1.4740176000000005,0.07564139407543857,results/gitlab_strong_arm/allocation_160_generic12_oracle_fast/logs/gitlab_strong_allocation_spruce_fast_budget160_rep0_trial0_2026-07-03T22-39-51Z_FULL.jsonl
spruce_fast,0,160,13,task_e6,46,domain_expert,0.0,27,0.5869565217391305,0.375,15.325000000000001,domain_expert,gitlab_oracle_operator,False,2.4369599206641044,0.950100598896775,0.06521739130434782,180.0,0.0498507,3542.2999999999997,1.5238683000000004,-0.08960981118643274,results/gitlab_strong_arm/allocation_160_generic12_oracle_fast/logs/gitlab_strong_allocation_spruce_fast_budget160_rep0_trial0_2026-07-03T22-39-51Z_FULL.jsonl
spruce_fast,0,160,13,task_e7,47,domain_expert,1.0,28,0.5957446808510638,0.375,15.700000000000001,domain_expert,gitlab_oracle_operator,False,2.414841650973388,0.9414773215496518,0.06382978723404255,22.0,0.022683150000000003,3564.2999999999997,1.5465514500000004,-0.003574590377090292,results/gitlab_strong_arm/allocation_160_generic12_oracle_fast/logs/gitlab_strong_allocation_spruce_fast_budget160_rep0_trial0_2026-07-03T22-39-51Z_FULL.jsonl
spruce_fast,0,160,13,task_e8,48,domain_expert,1.0,29,0.6041666666666666,0.375,16.075000000000003,domain_expert,gitlab_oracle_operator,False,2.3923501456127347,0.9327085303471181,0.0625,14.8,0.01764315,3579.1,1.5641946000000004,0.11301407001551378,results/gitlab_strong_arm/allocation_160_generic12_oracle_fast/logs/gitlab_strong_allocation_spruce_fast_budget160_rep0_trial0_2026-07-03T22-39-51Z_FULL.jsonl
spruce_fast,0,160,13,task_e9,49,domain_expert,1.0,30,0.6122448979591837,0.375,16.450000000000003,domain_expert,gitlab_oracle_operator,False,2.3696304511355013,0.9238507747695505,0.061224489795918366,41.3,0.01979145,3620.4,1.5839860500000005,0.2657980004788376,results/gitlab_strong_arm/allocation_160_generic12_oracle_fast/logs/gitlab_strong_allocation_spruce_fast_budget160_rep0_trial0_2026-07-03T22-39-51Z_FULL.jsonl
spruce_fast,0,160,13,task_e10,50,domain_expert,0.0,30,0.6,0.375,16.825000000000003,domain_expert,gitlab_oracle_operator,False,2.346797947354133,0.9149490380881038,0.06,180.0,0.10479270000000002,3800.4,1.6887787500000004,0.026871471030029515,results/gitlab_strong_arm/allocation_160_generic12_oracle_fast/logs/gitlab_strong_allocation_spruce_fast_budget160_rep0_trial0_2026-07-03T22-39-51Z_FULL.jsonl
spruce_fast,0,160,13,task_e11,51,domain_expert,1.0,31,0.6078431372549019,0.375,17.200000000000003,domain_expert,gitlab_oracle_operator,False,2.3239448593320904,0.906039276203113,0.058823529411764705,53.2,0.04174155,3853.6,1.7305203000000005,0.1534535629709015,results/gitlab_strong_arm/allocation_160_generic12_oracle_fast/logs/gitlab_strong_allocation_spruce_fast_budget160_rep0_trial0_2026-07-03T22-39-51Z_FULL.jsonl
spruce_fast,0,160,13,task_e12,52,domain_expert,0.0,31,0.5961538461538461,0.375,17.575000000000003,domain_expert,gitlab_oracle_operator,False,2.3011451275021355,0.8971503163631732,0.057692307692307696,77.7,0.01965045,3931.2999999999997,1.7501707500000006,-0.04298388853972268,results/gitlab_strong_arm/allocation_160_generic12_oracle_fast/logs/gitlab_strong_allocation_spruce_fast_budget160_rep0_trial0_2026-07-03T22-39-51Z_FULL.jsonl
spruce_fast,0,160,13,task_e13,53,cautious,1.0,32,0.6037735849056604,0.4,17.975,domain_expert,gitlab_oracle_operator,False,2.308886869880453,0.9001685991046225,0.05660377358490566,35.8,0.030608250000000004,3967.1,1.7807790000000006,-0.04298388853972268,results/gitlab_strong_arm/allocation_160_generic12_oracle_fast/logs/gitlab_strong_allocation_spruce_fast_budget160_rep0_trial0_2026-07-03T22-39-51Z_FULL.jsonl
spruce_fast,0,160,13,task_e14,54,explorer,1.0,33,0.6111111111111112,0.675,18.650000000000002,domain_expert,gitlab_oracle_operator,False,2.316691307803651,0.903211325036226,0.05555555555555555,13.8,0.019263299999999997,3980.9,1.8000423000000005,-0.014832204428223417,results/gitlab_strong_arm/allocation_160_generic12_oracle_fast/logs/gitlab_strong_allocation_spruce_fast_budget160_rep0_trial0_2026-07-03T22-39-51Z_FULL.jsonl
spruce_fast,0,160,13,task_e15,55,explorer,1.0,34,0.6181818181818182,0.675,19.325000000000003,domain_expert,gitlab_oracle_operator,False,2.3199546395822055,0.9044836042603991,0.05454545454545454,16.0,0.021626099999999995,3996.9,1.8216684000000005,0.03673108104133305,results/gitlab_strong_arm/allocation_160_generic12_oracle_fast/logs/gitlab_strong_allocation_spruce_fast_budget160_rep0_trial0_2026-07-03T22-39-51Z_FULL.jsonl
spruce_fast,0,160,13,task_e16,56,explorer,1.0,35,0.625,0.675,20.000000000000004,domain_expert,gitlab_oracle_operator,False,2.319830489592963,0.9044352017494952,0.05357142857142857,22.9,0.017747100000000002,4019.8,1.8394155000000005,0.10940952545436189,results/gitlab_strong_arm/allocation_160_generic12_oracle_fast/logs/gitlab_strong_allocation_spruce_fast_budget160_rep0_trial0_2026-07-03T22-39-51Z_FULL.jsonl
spruce_fast,0,160,13,task_e17,57,explorer,1.0,36,0.631578947368421,0.675,20.675000000000004,domain_expert,gitlab_oracle_operator,False,2.3170863293787383,0.9033653325896064,0.05263157894736842,116.1,0.1104213,4135.900000000001,1.9498368000000006,0.20939087411824397,results/gitlab_strong_arm/allocation_160_generic12_oracle_fast/logs/gitlab_strong_allocation_spruce_fast_budget160_rep0_trial0_2026-07-03T22-39-51Z_FULL.jsonl
spruce_fast,0,160,13,task_e18,58,explorer,1.0,37,0.6379310344827587,0.675,21.350000000000005,domain_expert,gitlab_oracle_operator,False,2.3122677901665436,0.9014867227066559,0.05172413793103448,28.1,0.029241450000000002,4164.000000000001,1.9790782500000006,0.342800997701013,results/gitlab_strong_arm/allocation_160_generic12_oracle_fast/logs/gitlab_strong_allocation_spruce_fast_budget160_rep0_trial0_2026-07-03T22-39-51Z_FULL.jsonl
spruce_fast,0,160,13,task_e19,59,explorer,0.0,37,0.6271186440677966,0.675,22.025000000000006,domain_expert,gitlab_oracle_operator,False,2.305780636369786,0.8989575679777775,0.05084745762711865,180.0,0.1022421,4344.000000000001,2.0813203500000004,0.1353575217582179,results/gitlab_strong_arm/allocation_160_generic12_oracle_fast/logs/gitlab_strong_allocation_spruce_fast_budget160_rep0_trial0_2026-07-03T22-39-51Z_FULL.jsonl
spruce_fast,0,160,13,task_e20,60,explorer,1.0,38,0.6333333333333333,0.675,22.700000000000006,domain_expert,gitlab_oracle_operator,False,2.2979365392465247,0.8958993800644596,0.05,15.3,0.01752315,4359.300000000001,2.0988435000000005,0.2444487418695973,results/gitlab_strong_arm/allocation_160_generic12_oracle_fast/logs/gitlab_strong_allocation_spruce_fast_budget160_rep0_trial0_2026-07-03T22-39-51Z_FULL.jsonl
spruce_fast,0,160,13,task_m1,61,explorer,1.0,39,0.639344262295082,0.675,23.375000000000007,domain_expert,gitlab_oracle_operator,False,2.288980774839276,0.8924077850428284,0.04918032786885246,26.1,0.025624499999999998,4385.4000000000015,2.1244680000000007,0.38857252100538553,results/gitlab_strong_arm/allocation_160_generic12_oracle_fast/logs/gitlab_strong_allocation_spruce_fast_budget160_rep0_trial0_2026-07-03T22-39-51Z_FULL.jsonl
spruce_fast,0,160,13,task_m2,62,explorer,1.0,40,0.6451612903225806,0.675,24.050000000000008,domain_expert,gitlab_oracle_operator,False,2.279110026237832,0.8885594639940212,0.04838709677419355,54.5,0.026432249999999997,4439.9000000000015,2.1509002500000007,0.5720010783625933,results/gitlab_strong_arm/allocation_160_generic12_oracle_fast/logs/gitlab_strong_allocation_spruce_fast_budget160_rep0_trial0_2026-07-03T22-39-51Z_FULL.jsonl
spruce_fast,0,160,13,task_m3,63,explorer,1.0,41,0.6507936507936508,0.675,24.72500000000001,domain_expert,gitlab_oracle_operator,False,2.2684843756678172,0.8844168283746845,0.047619047619047616,29.7,0.027853500000000003,4469.600000000001,2.1787537500000007,0.7962504061447586,results/gitlab_strong_arm/allocation_160_generic12_oracle_fast/logs/gitlab_strong_allocation_spruce_fast_budget160_rep0_trial0_2026-07-03T22-39-51Z_FULL.jsonl
spruce_fast,0,160,13,task_m4,64,explorer,1.0,42,0.65625,0.675,25.40000000000001,domain_expert,gitlab_oracle_operator,False,2.2572356917470517,0.8800312899670576,0.046875,33.5,0.04095615,4503.100000000001,2.2197099000000007,1.059634303215535,results/gitlab_strong_arm/allocation_160_generic12_oracle_fast/logs/gitlab_strong_allocation_spruce_fast_budget160_rep0_trial0_2026-07-03T22-39-51Z_FULL.jsonl
spruce_fast,0,160,13,task_m5,65,explorer,0.0,42,0.6461538461538462,0.675,26.07500000000001,domain_expert,gitlab_oracle_operator,False,2.2454736781244486,0.8754456190693508,0.046153846153846156,180.0,0.028920750000000002,4683.100000000001,2.248630650000001,0.632951055499411,results/gitlab_strong_arm/allocation_160_generic12_oracle_fast/logs/gitlab_strong_allocation_spruce_fast_budget160_rep0_trial0_2026-07-03T22-39-51Z_FULL.jsonl
spruce_fast,0,160,13,task_m6,66,explorer,1.0,43,0.6515151515151515,0.675,26.75000000000001,domain_expert,gitlab_oracle_operator,False,2.2332903480199016,0.8706956889901837,0.045454545454545456,15.3,0.0172374,4698.4000000000015,2.265868050000001,0.868879438402778,results/gitlab_strong_arm/allocation_160_generic12_oracle_fast/logs/gitlab_strong_allocation_spruce_fast_budget160_rep0_trial0_2026-07-03T22-39-51Z_FULL.jsonl
spruce_fast,0,160,13,task_m7,67,explorer,0.0,43,0.6417910447761194,0.675,27.42500000000001,,gitlab_oracle_operator,False,2.2207634059947012,0.8658117945036282,0.04477611940298507,87.8,0.07137045,4786.200000000002,2.3372385000000007,0.4901865204818142,results/gitlab_strong_arm/allocation_160_generic12_oracle_fast/logs/gitlab_strong_allocation_spruce_fast_budget160_rep0_trial0_2026-07-03T22-39-51Z_FULL.jsonl
spruce_fast,0,160,13,task_m8,68,explorer,1.0,44,0.6470588235294118,0.675,28.100000000000012,explorer,gitlab_oracle_operator,False,2.2079588509007384,0.8608196666642562,0.04411764705882353,124.8,0.05665875000000001,4911.000000000002,2.3938972500000006,0.6973529189448983,results/gitlab_strong_arm/allocation_160_generic12_oracle_fast/logs/gitlab_strong_allocation_spruce_fast_budget160_rep0_trial0_2026-07-03T22-39-51Z_FULL.jsonl
spruce_fast,0,160,13,task_m9,69,explorer,1.0,45,0.6521739130434783,0.675,28.775000000000013,explorer,gitlab_oracle_operator,False,2.19493301107905,0.8557412662725309,0.043478260869565216,94.9,0.05494845000000001,5005.9000000000015,2.4488457000000006,0.9447389803716484,results/gitlab_strong_arm/allocation_160_generic12_oracle_fast/logs/gitlab_strong_allocation_spruce_fast_budget160_rep0_trial0_2026-07-03T22-39-51Z_FULL.jsonl
spruce_fast,0,160,13,task_m10,70,explorer,0.0,45,0.6428571428571429,0.675,29.450000000000014,explorer,gitlab_oracle_operator,False,2.181734157482589,0.8505954127849893,0.04285714285714286,180.0,0.06619875,5185.9000000000015,2.5150444500000004,0.5461384200027964,results/gitlab_strong_arm/allocation_160_generic12_oracle_fast/logs/gitlab_strong_allocation_spruce_fast_budget160_rep0_trial0_2026-07-03T22-39-51Z_FULL.jsonl
spruce_fast,0,160,13,task_m11,71,explorer,0.0,45,0.6338028169014085,0.675,30.125000000000014,explorer,gitlab_oracle_operator,False,2.168403797593626,0.8453982887754316,0.04225352112676056,180.0,0.123054,5365.9000000000015,2.63809845,0.265274094359361,results/gitlab_strong_arm/allocation_160_generic12_oracle_fast/logs/gitlab_strong_allocation_spruce_fast_budget160_rep0_trial0_2026-07-03T22-39-51Z_FULL.jsonl
spruce_fast,0,160,13,task_m12,72,explorer,0.0,45,0.625,0.675,30.800000000000015,explorer,gitlab_oracle_operator,False,2.15497772425943,0.8401638488457935,0.041666666666666664,57.2,0.01754595,5423.100000000001,2.6556444000000003,0.08837346471302254,results/gitlab_strong_arm/allocation_160_generic12_oracle_fast/logs/gitlab_strong_allocation_spruce_fast_budget160_rep0_trial0_2026-07-03T22-39-51Z_FULL.jsonl
spruce_fast,0,160,13,task_m13,73,algorithmic,0.0,45,0.6164383561643836,0.45,31.250000000000014,explorer,gitlab_oracle_operator,False,2.167022386340826,0.8448597162500983,0.0410958904109589,180.0,0.07705455,5603.100000000001,2.7326989500000005,0.08837346471302254,results/gitlab_strong_arm/allocation_160_generic12_oracle_fast/logs/gitlab_strong_allocation_spruce_fast_budget160_rep0_trial0_2026-07-03T22-39-51Z_FULL.jsonl
spruce_fast,0,160,13,task_m14,74,balanced,0.0,45,0.6081081081081081,0.32499999999999996,31.575000000000014,explorer,gitlab_oracle_operator,False,2.1789266394281226,0.8495008422250291,0.04054054054054054,180.0,0.05590275,5783.100000000001,2.7886017000000005,0.08837346471302254,results/gitlab_strong_arm/allocation_160_generic12_oracle_fast/logs/gitlab_strong_allocation_spruce_fast_budget160_rep0_trial0_2026-07-03T22-39-51Z_FULL.jsonl
spruce_fast,0,160,13,task_m15,75,domain_expert,1.0,46,0.6133333333333333,0.375,31.950000000000014,explorer,gitlab_oracle_operator,False,2.1691906419016065,0.8457050567456028,0.04,82.3,0.03078135,5865.4000000000015,2.8193830500000003,0.1792831362931504,results/gitlab_strong_arm/allocation_160_generic12_oracle_fast/logs/gitlab_strong_allocation_spruce_fast_budget160_rep0_trial0_2026-07-03T22-39-51Z_FULL.jsonl
spruce_fast,0,160,13,task_m16,76,domain_expert,0.0,46,0.6052631578947368,0.375,32.32500000000002,explorer,gitlab_oracle_operator,False,2.1591549279885127,0.8417924204653194,0.039473684210526314,29.0,0.020250900000000002,5894.4000000000015,2.8396339500000005,0.03961901010678415,results/gitlab_strong_arm/allocation_160_generic12_oracle_fast/logs/gitlab_strong_allocation_spruce_fast_budget160_rep0_trial0_2026-07-03T22-39-51Z_FULL.jsonl
spruce_fast,0,160,13,task_m17,77,cautious,1.0,47,0.6103896103896104,0.4,32.725000000000016,explorer,gitlab_oracle_operator,False,2.167935662732578,0.8452157764542093,0.03896103896103896,24.9,0.02400285,5919.300000000001,2.8636368000000005,0.03961901010678415,results/gitlab_strong_arm/allocation_160_generic12_oracle_fast/logs/gitlab_strong_allocation_spruce_fast_budget160_rep0_trial0_2026-07-03T22-39-51Z_FULL.jsonl
spruce_fast,0,160,13,task_m18,78,balanced,1.0,48,0.6153846153846154,0.32499999999999996,33.05000000000002,explorer,gitlab_oracle_operator,False,2.176657755279129,0.84861626953653,0.038461538461538464,143.2,0.0576321,6062.500000000001,2.9212689000000007,0.03961901010678415,results/gitlab_strong_arm/allocation_160_generic12_oracle_fast/logs/gitlab_strong_allocation_spruce_fast_budget160_rep0_trial0_2026-07-03T22-39-51Z_FULL.jsonl
spruce_fast,0,160,13,task_m19,79,algorithmic,1.0,49,0.620253164556962,0.45,33.50000000000002,explorer,gitlab_oracle_operator,False,2.185321324774528,0.8519939461640221,0.0379746835443038,128.3,0.04849455,6190.800000000001,2.9697634500000007,0.03961901010678415,results/gitlab_strong_arm/allocation_160_generic12_oracle_fast/logs/gitlab_strong_allocation_spruce_fast_budget160_rep0_trial0_2026-07-03T22-39-51Z_FULL.jsonl
spruce_fast,0,160,13,task_m20,80,cautious,1.0,50,0.625,0.4,33.90000000000002,explorer,gitlab_oracle_operator,False,2.191409597912571,0.854367588793781,0.0375,20.7,0.020375400000000002,6211.500000000001,2.9901388500000006,0.05589060051218819,results/gitlab_strong_arm/allocation_160_generic12_oracle_fast/logs/gitlab_strong_allocation_spruce_fast_budget160_rep0_trial0_2026-07-03T22-39-51Z_FULL.jsonl
spruce_fast,0,160,13,task_e1,81,cautious,1.0,51,0.6296296296296297,0.4,34.30000000000002,explorer,gitlab_oracle_operator,False,2.195434621722763,0.8559368298388267,0.037037037037037035,11.4,0.016316700000000003,6222.900000000001,3.0064555500000005,0.09070850643570716,results/gitlab_strong_arm/allocation_160_generic12_oracle_fast/logs/gitlab_strong_allocation_spruce_fast_budget160_rep0_trial0_2026-07-03T22-39-51Z_FULL.jsonl
spruce_fast,0,160,13,task_e2,82,cautious,1.0,52,0.6341463414634146,0.4,34.70000000000002,explorer,gitlab_oracle_operator,False,2.19776390020358,0.8568449485406796,0.036585365853658534,17.5,0.01660695,6240.400000000001,3.0230625000000004,0.14900523441824265,results/gitlab_strong_arm/allocation_160_generic12_oracle_fast/logs/gitlab_strong_allocation_spruce_fast_budget160_rep0_trial0_2026-07-03T22-39-51Z_FULL.jsonl
spruce_fast,0,160,13,task_e3,83,cautious,1.0,53,0.6385542168674698,0.4,35.100000000000016,explorer,gitlab_oracle_operator,False,2.1986740135609053,0.8571997755686199,0.03614457831325301,34.9,0.016675950000000002,6275.3,3.0397384500000006,0.23053455427838765,results/gitlab_strong_arm/allocation_160_generic12_oracle_fast/logs/gitlab_strong_allocation_spruce_fast_budget160_rep0_trial0_2026-07-03T22-39-51Z_FULL.jsonl
spruce_fast,0,160,13,task_e4,84,cautious,1.0,54,0.6428571428571429,0.4,35.500000000000014,explorer,gitlab_oracle_operator,False,2.1983804053257305,0.8570853061603564,0.03571428571428571,25.5,0.02392515,6300.8,3.063663600000001,0.3415762265744864,results/gitlab_strong_arm/allocation_160_generic12_oracle_fast/logs/gitlab_strong_allocation_spruce_fast_budget160_rep0_trial0_2026-07-03T22-39-51Z_FULL.jsonl
spruce_fast,0,160,13,task_e5,85,cautious,0.0,54,0.6352941176470588,0.4,35.90000000000001,explorer,gitlab_oracle_operator,False,2.197055325592451,0.8565686956746854,0.03529411764705882,180.0,0.12565515000000002,6480.8,3.189318750000001,0.17001914437268018,results/gitlab_strong_arm/allocation_160_generic12_oracle_fast/logs/gitlab_strong_allocation_spruce_fast_budget160_rep0_trial0_2026-07-03T22-39-51Z_FULL.jsonl
spruce_fast,0,160,13,task_e6,86,cautious,1.0,55,0.6395348837209303,0.4,36.30000000000001,explorer,gitlab_oracle_operator,False,2.194839320404758,0.8557047389726762,0.03488372093023256,86.2,0.041682300000000005,6567.0,3.231001050000001,0.2594721617339575,results/gitlab_strong_arm/allocation_160_generic12_oracle_fast/logs/gitlab_strong_allocation_spruce_fast_budget160_rep0_trial0_2026-07-03T22-39-51Z_FULL.jsonl
spruce_fast,0,160,13,task_e7,87,cautious,1.0,56,0.6436781609195402,0.4,36.70000000000001,explorer,gitlab_oracle_operator,False,2.1918489488553137,0.8545388790929304,0.034482758620689655,83.0,0.04614615,6650.0,3.277147200000001,0.38023135112751105,results/gitlab_strong_arm/allocation_160_generic12_oracle_fast/logs/gitlab_strong_allocation_spruce_fast_budget160_rep0_trial0_2026-07-03T22-39-51Z_FULL.jsonl
spruce_fast,0,160,13,task_e8,88,cautious,1.0,57,0.6477272727272727,0.4,37.10000000000001,explorer,gitlab_oracle_operator,False,2.188182169703773,0.8531093073390579,0.03409090909090909,57.4,0.029032800000000004,6707.4,3.306180000000001,0.5377725388322269,results/gitlab_strong_arm/allocation_160_generic12_oracle_fast/logs/gitlab_strong_allocation_spruce_fast_budget160_rep0_trial0_2026-07-03T22-39-51Z_FULL.jsonl
spruce_fast,0,160,13,task_e9,89,cautious,1.0,58,0.651685393258427,0.4,37.50000000000001,explorer,gitlab_oracle_operator,False,2.1839222220684356,0.8514484762497636,0.033707865168539325,25.2,0.0231096,6732.599999999999,3.329289600000001,0.735506017025521,results/gitlab_strong_arm/allocation_160_generic12_oracle_fast/logs/gitlab_strong_allocation_spruce_fast_budget160_rep0_trial0_2026-07-03T22-39-51Z_FULL.jsonl
spruce_fast,0,160,13,task_e10,90,cautious,0.0,58,0.6444444444444445,0.4,37.900000000000006,explorer,gitlab_oracle_operator,False,2.179140496092787,0.8495842187891871,0.03333333333333333,180.0,0.08026439999999999,6912.599999999999,3.409554000000001,0.42200384718023987,results/gitlab_strong_arm/allocation_160_generic12_oracle_fast/logs/gitlab_strong_allocation_spruce_fast_budget160_rep0_trial0_2026-07-03T22-39-51Z_FULL.jsonl
spruce_fast,0,160,13,task_e11,91,cautious,1.0,59,0.6483516483516484,0.4,38.300000000000004,explorer,gitlab_oracle_operator,False,2.1738987045993534,0.8475405950122945,0.03296703296703297,148.6,0.052419900000000005,7061.2,3.4619739000000007,0.5909903998526318,results/gitlab_strong_arm/allocation_160_generic12_oracle_fast/logs/gitlab_strong_allocation_spruce_fast_budget160_rep0_trial0_2026-07-03T22-39-51Z_FULL.jsonl
spruce_fast,0,160,13,task_e12,92,cautious,1.0,60,0.6521739130434783,0.4,38.7,explorer,gitlab_oracle_operator,False,2.1682505578352633,0.8453385450000167,0.03260869565217391,54.4,0.02411745,7115.599999999999,3.4860913500000006,0.8006187186572689,results/gitlab_strong_arm/allocation_160_generic12_oracle_fast/logs/gitlab_strong_allocation_spruce_fast_budget160_rep0_trial0_2026-07-03T22-39-51Z_FULL.jsonl
spruce_fast,0,160,13,task_e13,93,cautious,0.0,60,0.6451612903225806,0.4,39.1,explorer,gitlab_oracle_operator,False,2.162243076704881,0.842996400850891,0.03225806451612903,63.5,0.03290595,7179.099999999999,3.5189973000000005,0.4670021206818874,results/gitlab_strong_arm/allocation_160_generic12_oracle_fast/logs/gitlab_strong_allocation_spruce_fast_budget160_rep0_trial0_2026-07-03T22-39-51Z_FULL.jsonl
spruce_fast,0,160,13,task_e14,94,cautious,1.0,61,0.648936170212766,0.4,39.5,explorer,gitlab_oracle_operator,False,2.155917637625149,0.8405302940401149,0.031914893617021274,18.1,0.0201084,7197.2,3.5391057000000004,0.6476588794418626,results/gitlab_strong_arm/allocation_160_generic12_oracle_fast/logs/gitlab_strong_allocation_spruce_fast_budget160_rep0_trial0_2026-07-03T22-39-51Z_FULL.jsonl
spruce_fast,0,160,13,task_e15,95,cautious,1.0,62,0.6526315789473685,0.4,39.9,explorer,gitlab_oracle_operator,False,2.149310814571821,0.8379544837091589,0.031578947368421054,26.0,0.0223794,7223.2,3.5614851000000005,0.8691348565471864,results/gitlab_strong_arm/allocation_160_generic12_oracle_fast/logs/gitlab_strong_allocation_spruce_fast_budget160_rep0_trial0_2026-07-03T22-39-51Z_FULL.jsonl
spruce_fast,0,160,13,task_e16,96,cautious,1.0,63,0.65625,0.4,40.3,,gitlab_oracle_operator,False,2.142455065432217,0.8352816242549711,0.03125,29.7,0.02297655,7252.9,3.5844616500000006,1.1299573496644733,results/gitlab_strong_arm/allocation_160_generic12_oracle_fast/logs/gitlab_strong_allocation_spruce_fast_budget160_rep0_trial0_2026-07-03T22-39-51Z_FULL.jsonl
spruce_fast,0,160,13,task_e17,97,cautious,1.0,64,0.6597938144329897,0.4,40.699999999999996,cautious,gitlab_oracle_operator,False,2.1353792971435173,0.8325229856611462,0.030927835051546393,66.1,0.03346425,7319.0,3.617925900000001,1.4258854602442914,results/gitlab_strong_arm/allocation_160_generic12_oracle_fast/logs/gitlab_strong_allocation_spruce_fast_budget160_rep0_trial0_2026-07-03T22-39-51Z_FULL.jsonl
spruce_fast,0,160,13,task_e18,98,cautious,1.0,65,0.6632653061224489,0.4,41.099999999999994,cautious,gitlab_oracle_operator,False,2.1281093352635594,0.8296886365700777,0.030612244897959183,55.9,0.0267654,7374.9,3.6446913000000007,1.751035737123979,results/gitlab_strong_arm/allocation_160_generic12_oracle_fast/logs/gitlab_strong_allocation_spruce_fast_budget160_rep0_trial0_2026-07-03T22-39-51Z_FULL.jsonl
spruce_fast,0,160,13,task_e19,99,cautious,0.0,65,0.6565656565656566,0.4,41.49999999999999,cautious,gitlab_oracle_operator,False,2.1206683173341703,0.8267875976440097,0.030303030303030304,180.0,0.060509099999999996,7554.9,3.7052004000000007,1.212544549783384,results/gitlab_strong_arm/allocation_160_generic12_oracle_fast/logs/gitlab_strong_allocation_spruce_fast_budget160_rep0_trial0_2026-07-03T22-39-51Z_FULL.jsonl
spruce_fast,0,160,13,task_e20,100,cautious,1.0,66,0.66,0.4,41.89999999999999,cautious,gitlab_oracle_operator,False,2.113077024847141,0.8238279709890248,0.03,33.7,0.019101150000000004,7588.599999999999,3.7243015500000007,1.5176070837429496,results/gitlab_strong_arm/allocation_160_generic12_oracle_fast/logs/gitlab_strong_allocation_spruce_fast_budget160_rep0_trial0_2026-07-03T22-39-51Z_FULL.jsonl
spruce_fast,0,160,13,task_m1,101,cautious,0.0,66,0.6534653465346535,0.4,42.29999999999999,cautious,gitlab_oracle_operator,False,2.1053541652803345,0.8208170501128133,0.0297029702970297,180.0,0.05125665,7768.599999999999,3.7755582000000008,1.0160977959776438,results/gitlab_strong_arm/allocation_160_generic12_oracle_fast/logs/gitlab_strong_allocation_spruce_fast_budget160_rep0_trial0_2026-07-03T22-39-51Z_FULL.jsonl
spruce_fast,0,160,13,task_m2,102,cautious,1.0,67,0.6568627450980392,0.4,42.69999999999999,cautious,gitlab_oracle_operator,False,2.0975166131818965,0.8177614139164735,0.029411764705882353,86.9,0.028352550000000004,7855.499999999999,3.803910750000001,1.2979673374810883,results/gitlab_strong_arm/allocation_160_generic12_oracle_fast/logs/gitlab_strong_allocation_spruce_fast_budget160_rep0_trial0_2026-07-03T22-39-51Z_FULL.jsonl
spruce_fast,0,160,13,task_m3,103,cautious,1.0,68,0.6601941747572816,0.4,43.09999999999999,cautious,gitlab_oracle_operator,False,2.0895796174029924,0.814667007488598,0.02912621359223301,17.7,0.01761795,7873.199999999999,3.821528700000001,1.6116401026688796,results/gitlab_strong_arm/allocation_160_generic12_oracle_fast/logs/gitlab_strong_allocation_spruce_fast_budget160_rep0_trial0_2026-07-03T22-39-51Z_FULL.jsonl
spruce_fast,0,160,13,task_m4,104,cautious,1.0,69,0.6634615384615384,0.4,43.499999999999986,cautious,gitlab_oracle_operator,False,2.0815569801471305,0.8115392119114558,0.028846153846153848,54.2,0.0365295,7927.399999999999,3.8580582000000008,1.9508676985129811,results/gitlab_strong_arm/allocation_160_generic12_oracle_fast/logs/gitlab_strong_allocation_spruce_fast_budget160_rep0_trial0_2026-07-03T22-39-51Z_FULL.jsonl
spruce_fast,0,160,13,task_m5,105,cautious,0.0,69,0.6571428571428571,0.4,43.899999999999984,cautious,gitlab_oracle_operator,False,2.073461212399656,0.8083829048584829,0.02857142857142857,180.0,0.06772424999999999,8107.399999999999,3.9257824500000007,1.3860793684457635,results/gitlab_strong_arm/allocation_160_generic12_oracle_fast/logs/gitlab_strong_allocation_spruce_fast_budget160_rep0_trial0_2026-07-03T22-39-51Z_FULL.jsonl
spruce_fast,0,160,13,task_m6,106,cautious,1.0,70,0.660377358490566,0.4,44.29999999999998,cautious,gitlab_oracle_operator,False,2.0653036694410507,0.8052025134270205,0.02830188679245283,33.7,0.018652200000000004,8141.0999999999985,3.9444346500000007,1.7078278114682486,results/gitlab_strong_arm/allocation_160_generic12_oracle_fast/logs/gitlab_strong_allocation_spruce_fast_budget160_rep0_trial0_2026-07-03T22-39-51Z_FULL.jsonl
spruce_fast,0,160,13,task_m7,107,cautious,0.0,70,0.6542056074766355,0.4,44.69999999999998,cautious,gitlab_oracle_operator,False,2.057094669471903,0.8020020603867812,0.028037383177570093,115.3,0.03369435,8256.399999999998,3.978129000000001,1.1756436668084853,results/gitlab_strong_arm/allocation_160_generic12_oracle_fast/logs/gitlab_strong_allocation_spruce_fast_budget160_rep0_trial0_2026-07-03T22-39-51Z_FULL.jsonl
spruce_fast,0,160,13,task_m8,108,cautious,0.0,70,0.6481481481481481,0.4,45.09999999999998,cautious,gitlab_oracle_operator,False,2.048843597841942,0.7987852048157508,0.027777777777777776,75.9,0.0106518,8332.299999999997,3.988780800000001,0.7428224610700088,results/gitlab_strong_arm/allocation_160_generic12_oracle_fast/logs/gitlab_strong_allocation_spruce_fast_budget160_rep0_trial0_2026-07-03T22-39-51Z_FULL.jsonl
spruce_fast,0,160,13,task_m9,109,cautious,0.0,70,0.6422018348623854,0.4,45.49999999999998,cautious,gitlab_oracle_operator,False,2.0405589989478043,0.795555277928486,0.027522935779816515,87.1,0.030333150000000003,8419.399999999998,4.019113950000001,0.4270148362994626,results/gitlab_strong_arm/allocation_160_generic12_oracle_fast/logs/gitlab_strong_allocation_spruce_fast_budget160_rep0_trial0_2026-07-03T22-39-51Z_FULL.jsonl
spruce_fast,0,160,13,task_m10,110,algorithmic,0.0,70,0.6363636363636364,0.45,45.94999999999998,cautious,gitlab_oracle_operator,False,2.049213497330018,0.7989294179897848,0.02727272727272727,180.0,0.0514737,8599.399999999998,4.070587650000001,0.4270148362994626,results/gitlab_strong_arm/allocation_160_generic12_oracle_fast/logs/gitlab_strong_allocation_spruce_fast_budget160_rep0_trial0_2026-07-03T22-39-51Z_FULL.jsonl
spruce_fast,0,160,13,task_m11,111,balanced,0.0,70,0.6306306306306306,0.32499999999999996,46.274999999999984,cautious,gitlab_oracle_operator,False,2.0577939600144814,0.8022746936614087,0.02702702702702703,53.8,0.018979350000000002,8653.199999999997,4.0895670000000015,0.4270148362994626,results/gitlab_strong_arm/allocation_160_generic12_oracle_fast/logs/gitlab_strong_allocation_spruce_fast_budget160_rep0_trial0_2026-07-03T22-39-51Z_FULL.jsonl
spruce_fast,0,160,13,task_m12,112,cautious,0.0,70,0.625,0.4,46.67499999999998,cautious,gitlab_oracle_operator,False,2.0496397425776647,0.7990955987552673,0.026785714285714284,120.9,0.0364815,8774.099999999997,4.126048500000001,0.24294110285024217,results/gitlab_strong_arm/allocation_160_generic12_oracle_fast/logs/gitlab_strong_allocation_spruce_fast_budget160_rep0_trial0_2026-07-03T22-39-51Z_FULL.jsonl
spruce_fast,0,160,13,task_m13,113,explorer,1.0,71,0.6283185840707964,0.675,47.34999999999998,cautious,gitlab_oracle_operator,False,2.045744850492521,0.7975770923279129,0.02654867256637168,20.8,0.024195750000000002,8794.899999999996,4.150244250000001,0.31349650366891435,results/gitlab_strong_arm/allocation_160_generic12_oracle_fast/logs/gitlab_strong_allocation_spruce_fast_budget160_rep0_trial0_2026-07-03T22-39-51Z_FULL.jsonl
spruce_fast,0,160,13,task_m14,114,explorer,0.0,71,0.6228070175438597,0.675,48.02499999999998,cautious,gitlab_oracle_operator,False,2.0416144100539704,0.7959667523706989,0.02631578947368421,180.0,0.05458590000000001,8974.899999999996,4.204830150000001,0.19909094675546468,results/gitlab_strong_arm/allocation_160_generic12_oracle_fast/logs/gitlab_strong_allocation_spruce_fast_budget160_rep0_trial0_2026-07-03T22-39-51Z_FULL.jsonl
spruce_fast,0,160,13,task_m15,115,balanced,0.0,71,0.6173913043478261,0.32499999999999996,48.34999999999998,cautious,gitlab_oracle_operator,False,2.048815653590739,0.7987743101557367,0.02608695652173913,18.0,0.01807815,8992.899999999996,4.222908300000001,0.19909094675546468,results/gitlab_strong_arm/allocation_160_generic12_oracle_fast/logs/gitlab_strong_allocation_spruce_fast_budget160_rep0_trial0_2026-07-03T22-39-51Z_FULL.jsonl
spruce_fast,0,160,13,task_m16,116,algorithmic,1.0,72,0.6206896551724138,0.45,48.79999999999998,cautious,gitlab_oracle_operator,False,2.0559677012196613,0.8015626878709211,0.02586206896551724,62.5,0.02143245,9055.399999999996,4.244340750000001,0.19909094675546468,results/gitlab_strong_arm/allocation_160_generic12_oracle_fast/logs/gitlab_strong_allocation_spruce_fast_budget160_rep0_trial0_2026-07-03T22-39-51Z_FULL.jsonl
spruce_fast,0,160,13,task_m17,117,domain_expert,1.0,73,0.6239316239316239,0.375,49.17499999999998,cautious,gitlab_oracle_operator,False,2.053673817756944,0.80066836866885,0.02564102564102564,134.7,0.06417329999999999,9190.099999999997,4.308514050000001,0.2544235442686127,results/gitlab_strong_arm/allocation_160_generic12_oracle_fast/logs/gitlab_strong_allocation_spruce_fast_budget160_rep0_trial0_2026-07-03T22-39-51Z_FULL.jsonl
spruce_fast,0,160,13,task_m18,118,domain_expert,1.0,74,0.6271186440677966,0.375,49.54999999999998,cautious,gitlab_oracle_operator,False,2.0510673412886553,0.7996521784424403,0.025423728813559324,85.7,0.0524589,9275.799999999997,4.360972950000002,0.33765381224820445,results/gitlab_strong_arm/allocation_160_generic12_oracle_fast/logs/gitlab_strong_allocation_spruce_fast_budget160_rep0_trial0_2026-07-03T22-39-51Z_FULL.jsonl
spruce_fast,0,160,13,task_m19,119,domain_expert,0.0,74,0.6218487394957983,0.375,49.92499999999998,cautious,gitlab_oracle_operator,False,2.048175575493225,0.7985247621108008,0.025210084033613446,23.1,0.021410400000000003,9298.899999999998,4.382383350000001,0.20945144414400985,results/gitlab_strong_arm/allocation_160_generic12_oracle_fast/logs/gitlab_strong_allocation_spruce_fast_budget160_rep0_trial0_2026-07-03T22-39-51Z_FULL.jsonl
spruce_fast,0,160,13,task_m20,120,algorithmic,1.0,75,0.625,0.45,50.374999999999986,cautious,gitlab_oracle_operator,False,2.0541837137267986,0.800867162445566,0.025,31.5,0.020813699999999997,9330.399999999998,4.403197050000001,0.20945144414400985,results/gitlab_strong_arm/allocation_160_generic12_oracle_fast/logs/gitlab_strong_allocation_spruce_fast_budget160_rep0_trial0_2026-07-03T22-39-51Z_FULL.jsonl
spruce_fast,0,160,13,task_e1,121,balanced,1.0,76,0.628099173553719,0.32499999999999996,50.69999999999999,cautious,gitlab_oracle_operator,False,2.0601614152109464,0.8031976963669311,0.024793388429752067,24.9,0.01525095,9355.299999999997,4.4184480000000015,0.20945144414400985,results/gitlab_strong_arm/allocation_160_generic12_oracle_fast/logs/gitlab_strong_allocation_spruce_fast_budget160_rep0_trial0_2026-07-03T22-39-51Z_FULL.jsonl
spruce_fast,0,160,13,task_e2,122,domain_expert,1.0,77,0.6311475409836066,0.375,51.07499999999999,cautious,gitlab_oracle_operator,False,2.0570984400679397,0.8020035304337534,0.02459016393442623,48.5,0.040928250000000006,9403.799999999997,4.459376250000002,0.2676120426224169,results/gitlab_strong_arm/allocation_160_generic12_oracle_fast/logs/gitlab_strong_allocation_spruce_fast_budget160_rep0_trial0_2026-07-03T22-39-51Z_FULL.jsonl
spruce_fast,0,160,13,task_e3,123,domain_expert,1.0,78,0.6341463414634146,0.375,51.44999999999999,cautious,gitlab_oracle_operator,False,2.053798316907792,0.800716907307824,0.024390243902439025,26.3,0.0164052,9430.099999999997,4.475781450000002,0.3533131095125015,results/gitlab_strong_arm/allocation_160_generic12_oracle_fast/logs/gitlab_strong_allocation_spruce_fast_budget160_rep0_trial0_2026-07-03T22-39-51Z_FULL.jsonl
spruce_fast,0,160,13,task_e4,124,domain_expert,0.0,78,0.6290322580645161,0.375,51.82499999999999,cautious,gitlab_oracle_operator,False,2.0502808686332363,0.799345555368916,0.024193548387096774,180.0,0.03545835,9610.099999999997,4.511239800000002,0.21838211227788107,results/gitlab_strong_arm/allocation_160_generic12_oracle_fast/logs/gitlab_strong_allocation_spruce_fast_budget160_rep0_trial0_2026-07-03T22-39-51Z_FULL.jsonl
spruce_fast,0,160,13,task_e5,125,domain_expert,0.0,78,0.624,0.375,52.19999999999999,cautious,gitlab_oracle_operator,False,2.046564130971447,0.7978965062284419,0.024,180.0,0.08547270000000001,9790.099999999997,4.596712500000002,0.1539508700171277,results/gitlab_strong_arm/allocation_160_generic12_oracle_fast/logs/gitlab_strong_allocation_spruce_fast_budget160_rep0_trial0_2026-07-03T22-39-51Z_FULL.jsonl
spruce_fast,0,160,13,task_e6,126,balanced,0.0,78,0.6190476190476191,0.32499999999999996,52.52499999999999,cautious,gitlab_oracle_operator,False,2.0516931001741443,0.799896143838353,0.023809523809523808,180.0,0.07668915,9970.099999999997,4.673401650000002,0.1539508700171277,results/gitlab_strong_arm/allocation_160_generic12_oracle_fast/logs/gitlab_strong_allocation_spruce_fast_budget160_rep0_trial0_2026-07-03T22-39-51Z_FULL.jsonl
spruce_fast,0,160,13,task_e7,127,algorithmic,1.0,79,0.6220472440944882,0.45,52.974999999999994,cautious,gitlab_oracle_operator,False,2.056803791052833,0.8018886552553216,0.023622047244094488,134.8,0.0334317,10104.899999999996,4.706833350000003,0.1539508700171277,results/gitlab_strong_arm/allocation_160_generic12_oracle_fast/logs/gitlab_strong_allocation_spruce_fast_budget160_rep0_trial0_2026-07-03T22-39-51Z_FULL.jsonl
spruce_fast,0,160,13,task_e8,128,cautious,1.0,80,0.625,0.4,53.37499999999999,cautious,gitlab_oracle_operator,False,2.050507142826276,0.7994337731703247,0.0234375,54.1,0.02640375,10158.999999999996,4.733237100000003,0.2539569386489575,results/gitlab_strong_arm/allocation_160_generic12_oracle_fast/logs/gitlab_strong_allocation_spruce_fast_budget160_rep0_trial0_2026-07-03T22-39-51Z_FULL.jsonl
spruce_fast,0,160,13,task_e9,129,cautious,1.0,81,0.627906976744186,0.4,53.77499999999999,cautious,gitlab_oracle_operator,False,2.044159142332881,0.796958870313109,0.023255813953488372,19.4,0.01945965,10178.399999999996,4.752696750000003,0.38646708349524284,results/gitlab_strong_arm/allocation_160_generic12_oracle_fast/logs/gitlab_strong_allocation_spruce_fast_budget160_rep0_trial0_2026-07-03T22-39-51Z_FULL.jsonl
spruce_fast,0,160,13,task_e10,130,cautious,1.0,82,0.6307692307692307,0.4,54.17499999999999,cautious,gitlab_oracle_operator,False,2.0377659817542932,0.7944663608372435,0.023076923076923078,109.9,0.05189895,10288.299999999996,4.804595700000003,0.5582218485563952,results/gitlab_strong_arm/allocation_160_generic12_oracle_fast/logs/gitlab_strong_allocation_spruce_fast_budget160_rep0_trial0_2026-07-03T22-39-51Z_FULL.jsonl
spruce_fast,0,160,13,task_e11,131,cautious,1.0,83,0.6335877862595419,0.4,54.57499999999999,cautious,gitlab_oracle_operator,False,2.031333392692229,0.7919584793294268,0.022900763358778626,103.0,0.04347795,10391.299999999996,4.848073650000003,0.774679807253576,results/gitlab_strong_arm/allocation_160_generic12_oracle_fast/logs/gitlab_strong_allocation_spruce_fast_budget160_rep0_trial0_2026-07-03T22-39-51Z_FULL.jsonl
spruce_fast,0,160,13,task_e12,132,cautious,1.0,84,0.6363636363636364,0.4,54.97499999999999,cautious,gitlab_oracle_operator,False,2.024866684200098,0.7894372956369228,0.022727272727272728,106.4,0.053032499999999996,10497.699999999995,4.901106150000002,1.0388049920382199,results/gitlab_strong_arm/allocation_160_generic12_oracle_fast/logs/gitlab_strong_allocation_spruce_fast_budget160_rep0_trial0_2026-07-03T22-39-51Z_FULL.jsonl
spruce_fast,0,160,13,task_e13,133,cautious,1.0,85,0.6390977443609023,0.4,55.374999999999986,cautious,gitlab_oracle_operator,False,2.0183707770938377,0.7869047282443683,0.022556390977443608,84.8,0.048612,10582.499999999995,4.9497181500000025,1.3379681088561175,results/gitlab_strong_arm/allocation_160_generic12_oracle_fast/logs/gitlab_strong_allocation_spruce_fast_budget160_rep0_trial0_2026-07-03T22-39-51Z_FULL.jsonl
spruce_fast,0,160,13,task_e14,134,cautious,1.0,86,0.6417910447761194,0.4,55.774999999999984,cautious,gitlab_oracle_operator,False,2.011850234973788,0.7843625563683111,0.022388059701492536,18.2,0.01962765,10600.699999999995,4.969345800000003,1.6657183566100335,results/gitlab_strong_arm/allocation_160_generic12_oracle_fast/logs/gitlab_strong_allocation_spruce_fast_budget160_rep0_trial0_2026-07-03T22-39-51Z_FULL.jsonl
spruce_fast,0,160,13,task_e15,135,cautious,1.0,87,0.6444444444444445,0.4,56.17499999999998,cautious,gitlab_oracle_operator,False,2.005309292330912,0.7818124309150158,0.022222222222222223,17.4,0.0206739,10618.099999999995,4.990019700000003,2.015801520244719,results/gitlab_strong_arm/allocation_160_generic12_oracle_fast/logs/gitlab_strong_allocation_spruce_fast_budget160_rep0_trial0_2026-07-03T22-39-51Z_FULL.jsonl
spruce_fast,0,160,13,task_e16,136,cautious,1.0,88,0.6470588235294118,0.4,56.57499999999998,cautious,gitlab_oracle_operator,False,1.9987518800612303,0.779255884427809,0.022058823529411766,20.7,0.01972335,10638.799999999996,5.009743050000003,2.3825644468302,results/gitlab_strong_arm/allocation_160_generic12_oracle_fast/logs/gitlab_strong_allocation_spruce_fast_budget160_rep0_trial0_2026-07-03T22-39-51Z_FULL.jsonl
spruce_fast,0,160,13,task_e17,137,cautious,0.0,88,0.6423357664233577,0.4,56.97499999999998,cautious,gitlab_oracle_operator,False,1.9921816486703896,0.776694340133873,0.021897810218978103,180.0,0.042562199999999994,10818.799999999996,5.0523052500000025,1.7653794140396664,results/gitlab_strong_arm/allocation_160_generic12_oracle_fast/logs/gitlab_strong_allocation_spruce_fast_budget160_rep0_trial0_2026-07-03T22-39-51Z_FULL.jsonl
spruce_fast,0,160,13,task_e18,138,cautious,0.0,88,0.6376811594202898,0.4,57.37499999999998,cautious,gitlab_oracle_operator,False,1.9856019894145662,0.774129120186476,0.021739130434782608,180.0,0.08457119999999999,10998.799999999996,5.136876450000003,1.2087693481453365,results/gitlab_strong_arm/allocation_160_generic12_oracle_fast/logs/gitlab_strong_allocation_spruce_fast_budget160_rep0_trial0_2026-07-03T22-39-51Z_FULL.jsonl
spruce_fast,0,160,13,task_e19,139,cautious,0.0,88,0.6330935251798561,0.4,57.77499999999998,cautious,gitlab_oracle_operator,False,1.9790160535933528,0.7715614531867144,0.02158273381294964,180.0,0.050697900000000004,11178.799999999996,5.187574350000003,0.742958609568627,results/gitlab_strong_arm/allocation_160_generic12_oracle_fast/logs/gitlab_strong_allocation_spruce_fast_budget160_rep0_trial0_2026-07-03T22-39-51Z_FULL.jsonl
spruce_fast,0,160,13,task_e20,140,cautious,1.0,89,0.6357142857142857,0.4,58.174999999999976,cautious,gitlab_oracle_operator,False,1.9724267701840752,0.7689924810586258,0.02142857142857143,28.9,0.0239676,11207.699999999995,5.211541950000003,0.9820247730621701,results/gitlab_strong_arm/allocation_160_generic12_oracle_fast/logs/gitlab_strong_allocation_spruce_fast_budget160_rep0_trial0_2026-07-03T22-39-51Z_FULL.jsonl
spruce_fast,0,160,13,task_m1,141,cautious,1.0,90,0.6382978723404256,0.4,58.574999999999974,cautious,gitlab_oracle_operator,False,1.9658368619844189,0.7664232653427342,0.02127659574468085,35.1,0.020265,11242.799999999996,5.231806950000003,1.2622833857064886,results/gitlab_strong_arm/allocation_160_generic12_oracle_fast/logs/gitlab_strong_allocation_spruce_fast_budget160_rep0_trial0_2026-07-03T22-39-51Z_FULL.jsonl
spruce_fast,0,160,13,task_m2,142,cautious,1.0,91,0.6408450704225352,0.4,58.97499999999997,cautious,gitlab_oracle_operator,False,1.9592488604107536,0.7638547929654919,0.02112676056338028,85.0,0.03607200000000001,11327.799999999996,5.267878950000003,1.5816222334495278,results/gitlab_strong_arm/allocation_160_generic12_oracle_fast/logs/gitlab_strong_allocation_spruce_fast_budget160_rep0_trial0_2026-07-03T22-39-51Z_FULL.jsonl
spruce_fast,0,160,13,task_m3,143,cautious,1.0,92,0.6433566433566433,0.4,59.37499999999997,cautious,gitlab_oracle_operator,False,1.9526651190826654,0.7612879815354978,0.02097902097902098,24.9,0.018154200000000002,11352.699999999995,5.286033150000002,1.9266969621666168,results/gitlab_strong_arm/allocation_160_generic12_oracle_fast/logs/gitlab_strong_allocation_spruce_fast_budget160_rep0_trial0_2026-07-03T22-39-51Z_FULL.jsonl
spruce_fast,0,160,13,task_m4,144,cautious,1.0,93,0.6458333333333334,0.4,59.77499999999997,cautious,gitlab_oracle_operator,False,1.9460878263095156,0.7587236842116477,0.020833333333333332,115.5,0.04641675000000001,11468.199999999995,5.332449900000002,2.2897755563026587,results/gitlab_strong_arm/allocation_160_generic12_oracle_fast/logs/gitlab_strong_allocation_spruce_fast_budget160_rep0_trial0_2026-07-03T22-39-51Z_FULL.jsonl
spruce_fast,0,160,13,task_m5,145,cautious,0.0,93,0.6413793103448275,0.4,60.17499999999997,cautious,gitlab_oracle_operator,False,1.9395190165820766,0.7561626941833923,0.020689655172413793,180.0,0.044488200000000006,11648.199999999995,5.376938100000002,1.6796776053558176,results/gitlab_strong_arm/allocation_160_generic12_oracle_fast/logs/gitlab_strong_allocation_spruce_fast_budget160_rep0_trial0_2026-07-03T22-39-51Z_FULL.jsonl
spruce_fast,0,160,13,task_m6,146,cautious,1.0,94,0.6438356164383562,0.4,60.57499999999997,cautious,gitlab_oracle_operator,False,1.9329605811610948,0.7536057487989141,0.02054794520547945,20.8,0.0198009,11668.999999999995,5.396739000000002,2.0305498339220063,results/gitlab_strong_arm/allocation_160_generic12_oracle_fast/logs/gitlab_strong_allocation_spruce_fast_budget160_rep0_trial0_2026-07-03T22-39-51Z_FULL.jsonl
spruce_fast,0,160,13,task_m7,147,cautious,0.0,94,0.6394557823129252,0.4,60.974999999999966,cautious,gitlab_oracle_operator,False,1.9264142778448605,0.7510535333732212,0.02040816326530612,69.1,0.017501700000000002,11738.099999999995,5.414240700000002,1.4437616836012552,results/gitlab_strong_arm/allocation_160_generic12_oracle_fast/logs/gitlab_strong_allocation_spruce_fast_budget160_rep0_trial0_2026-07-03T22-39-51Z_FULL.jsonl
spruce_fast,0,160,13,task_m8,148,cautious,0.0,94,0.6351351351351351,0.4,61.374999999999964,cautious,gitlab_oracle_operator,False,1.9198817399892454,0.7485066847048014,0.02027027027027027,78.9,0.0099273,11816.999999999995,5.4241680000000025,0.9568313414088911,results/gitlab_strong_arm/allocation_160_generic12_oracle_fast/logs/gitlab_strong_allocation_spruce_fast_budget160_rep0_trial0_2026-07-03T22-39-51Z_FULL.jsonl
spruce_fast,0,160,13,task_m9,149,cautious,0.0,94,0.6308724832214765,0.4,61.77499999999996,cautious,gitlab_oracle_operator,False,1.9133644848461056,0.7459657943265251,0.020134228187919462,99.6,0.030717,11916.599999999995,5.454885000000003,0.6037287972207456,results/gitlab_strong_arm/allocation_160_generic12_oracle_fast/logs/gitlab_strong_allocation_spruce_fast_budget160_rep0_trial0_2026-07-03T22-39-51Z_FULL.jsonl
spruce_fast,0,160,13,task_m10,150,explorer,0.0,94,0.6266666666666667,0.675,62.44999999999996,cautious,gitlab_oracle_operator,False,1.9126666605152023,0.7456937326856693,0.02,180.0,0.04691055000000001,12096.599999999995,5.501795550000002,0.5693426176313974,results/gitlab_strong_arm/allocation_160_generic12_oracle_fast/logs/gitlab_strong_allocation_spruce_fast_budget160_rep0_trial0_2026-07-03T22-39-51Z_FULL.jsonl
spruce_fast,0,160,13,task_m11,151,algorithmic,0.0,94,0.6225165562913907,0.45,62.89999999999996,cautious,gitlab_oracle_operator,False,1.9182988780660999,0.7478895723557638,0.019867549668874173,85.9,0.024819600000000004,12182.499999999995,5.526615150000002,0.5639669179456938,results/gitlab_strong_arm/allocation_160_generic12_oracle_fast/logs/gitlab_strong_allocation_spruce_fast_budget160_rep0_trial0_2026-07-03T22-39-51Z_FULL.jsonl
spruce_fast,0,160,13,task_m12,152,balanced,0.0,94,0.618421052631579,0.32499999999999996,63.224999999999966,cautious,gitlab_oracle_operator,False,1.923900556997678,0.750073505896316,0.019736842105263157,75.7,0.01039155,12258.199999999995,5.537006700000002,0.5639669179456938,results/gitlab_strong_arm/allocation_160_generic12_oracle_fast/logs/gitlab_strong_allocation_spruce_fast_budget160_rep0_trial0_2026-07-03T22-39-51Z_FULL.jsonl
spruce_fast,0,160,13,task_m13,153,cautious,0.0,94,0.6143790849673203,0.4,63.624999999999964,cautious,gitlab_oracle_operator,False,1.9175884502569316,0.7476125969811422,0.0196078431372549,180.0,0.0969294,12438.199999999995,5.6339361000000014,0.3087430027367811,results/gitlab_strong_arm/allocation_160_generic12_oracle_fast/logs/gitlab_strong_allocation_spruce_fast_budget160_rep0_trial0_2026-07-03T22-39-51Z_FULL.jsonl
spruce_fast,0,160,13,task_m14,154,balanced,0.0,94,0.6103896103896104,0.32499999999999996,63.94999999999997,cautious,gitlab_oracle_operator,False,1.9225567182930206,0.7495495818271144,0.01948051948051948,104.6,0.0271815,12542.799999999996,5.661117600000002,0.3087430027367811,results/gitlab_strong_arm/allocation_160_generic12_oracle_fast/logs/gitlab_strong_allocation_spruce_fast_budget160_rep0_trial0_2026-07-03T22-39-51Z_FULL.jsonl
spruce_fast,0,160,13,task_m15,155,balanced,0.0,94,0.6064516129032258,0.32499999999999996,64.27499999999996,cautious,gitlab_oracle_operator,False,1.9269154527176489,0.7512489270449638,0.01935483870967742,19.9,0.0186114,12562.699999999995,5.679729000000002,0.3087430027367811,results/gitlab_strong_arm/allocation_160_generic12_oracle_fast/logs/gitlab_strong_allocation_spruce_fast_budget160_rep0_trial0_2026-07-03T22-39-51Z_FULL.jsonl
spruce_fast,0,160,13,task_m16,156,balanced,0.0,94,0.6025641025641025,0.32499999999999996,64.59999999999997,cautious,gitlab_oracle_operator,False,1.93072485468036,0.7527341033318287,0.019230769230769232,38.2,0.026355600000000007,12600.899999999996,5.706084600000001,0.3087430027367811,results/gitlab_strong_arm/allocation_160_generic12_oracle_fast/logs/gitlab_strong_allocation_spruce_fast_budget160_rep0_trial0_2026-07-03T22-39-51Z_FULL.jsonl
spruce_fast,0,160,13,task_m17,157,cautious,1.0,95,0.6050955414012739,0.4,64.99999999999997,cautious,gitlab_oracle_operator,False,1.9245870515669052,0.7503411503888789,0.01910828025477707,152.5,0.08180399999999999,12753.399999999996,5.787888600000001,0.45574449682354123,results/gitlab_strong_arm/allocation_160_generic12_oracle_fast/logs/gitlab_strong_allocation_spruce_fast_budget160_rep0_trial0_2026-07-03T22-39-51Z_FULL.jsonl
spruce_fast,0,160,13,task_m18,158,cautious,0.0,95,0.6012658227848101,0.4,65.39999999999998,cautious,gitlab_oracle_operator,False,1.9184617651476872,0.7479530773450976,0.0189873417721519,92.0,0.031022400000000002,12845.399999999996,5.818911000000002,0.2377822648969562,results/gitlab_strong_arm/allocation_160_generic12_oracle_fast/logs/gitlab_strong_allocation_spruce_fast_budget160_rep0_trial0_2026-07-03T22-39-51Z_FULL.jsonl
spruce_fast,0,160,13,task_m19,159,balanced,0.0,95,0.5974842767295597,0.32499999999999996,65.72499999999998,cautious,gitlab_oracle_operator,False,1.9218883701916791,0.7492890121205831,0.018867924528301886,47.6,0.026467500000000005,12892.999999999996,5.845378500000002,0.2377822648969562,results/gitlab_strong_arm/allocation_160_generic12_oracle_fast/logs/gitlab_strong_allocation_spruce_fast_budget160_rep0_trial0_2026-07-03T22-39-51Z_FULL.jsonl
spruce_fast,0,160,13,task_m20,160,balanced,1.0,96,0.6,0.32499999999999996,66.04999999999998,cautious,gitlab_oracle_operator,False,1.924864642143456,0.7504493749726288,0.01875,19.4,0.01840365,12912.399999999996,5.863782150000001,0.2377822648969562,results/gitlab_strong_arm/allocation_160_generic12_oracle_fast/logs/gitlab_strong_allocation_spruce_fast_budget160_rep0_trial0_2026-07-03T22-39-51Z_FULL.jsonl
