[2026-07-03T12:16:56-0700] watchdog starting interval=60s stale=600s
[2026-07-03T12:16:56-0700] runner active pids=[23022, 23024, 23029]; freshness=0s; completed=0/2; current=top-level
[2026-07-03T12:17:56-0700] runner active pids=[23022, 23024, 23029]; freshness=3s; completed=0/2; current=gitlab_strong_allocation_uniform_budget160_rep0
[2026-07-03T12:18:56-0700] runner active pids=[23022, 23024, 23029]; freshness=2s; completed=0/2; current=gitlab_strong_allocation_uniform_budget160_rep0
[2026-07-03T12:19:56-0700] runner active pids=[23022, 23024, 23029]; freshness=8s; completed=0/2; current=gitlab_strong_allocation_uniform_budget160_rep0
[2026-07-03T12:20:56-0700] runner active pids=[23022, 23024, 23029]; freshness=5s; completed=0/2; current=gitlab_strong_allocation_uniform_budget160_rep0
[2026-07-03T12:21:57-0700] runner active pids=[23022, 23024, 23029]; freshness=1s; completed=0/2; current=gitlab_strong_allocation_uniform_budget160_rep0
[2026-07-03T12:22:57-0700] runner active pids=[23022, 23024, 23029]; freshness=7s; completed=0/2; current=gitlab_strong_allocation_uniform_budget160_rep0
[2026-07-03T12:23:57-0700] runner active pids=[23022, 23024, 23029]; freshness=0s; completed=0/2; current=gitlab_strong_allocation_uniform_budget160_rep0
[2026-07-03T12:24:57-0700] runner active pids=[23022, 23024, 23029]; freshness=1s; completed=0/2; current=gitlab_strong_allocation_uniform_budget160_rep0
[2026-07-03T12:25:57-0700] runner active pids=[23022, 23024, 23029]; freshness=2s; completed=0/2; current=gitlab_strong_allocation_uniform_budget160_rep0
[2026-07-03T12:26:57-0700] runner active pids=[23022, 23024, 23029]; freshness=3s; completed=0/2; current=gitlab_strong_allocation_uniform_budget160_rep0
[2026-07-03T12:27:57-0700] runner active pids=[23022, 23024, 23029]; freshness=8s; completed=0/2; current=gitlab_strong_allocation_uniform_budget160_rep0
[2026-07-03T12:28:57-0700] runner active pids=[23022, 23024, 23029]; freshness=0s; completed=0/2; current=gitlab_strong_allocation_uniform_budget160_rep0
[2026-07-03T12:29:57-0700] runner active pids=[23022, 23024, 23029]; freshness=3s; completed=0/2; current=gitlab_strong_allocation_uniform_budget160_rep0
[2026-07-03T12:30:57-0700] runner active pids=[23022, 23024, 23029]; freshness=9s; completed=0/2; current=gitlab_strong_allocation_uniform_budget160_rep0
[2026-07-03T12:31:58-0700] runner active pids=[23022, 23024, 23029]; freshness=1s; completed=0/2; current=gitlab_strong_allocation_uniform_budget160_rep0
[2026-07-03T12:32:58-0700] runner active pids=[23022, 23024, 23029]; freshness=2s; completed=0/2; current=gitlab_strong_allocation_uniform_budget160_rep0
[2026-07-03T12:33:58-0700] runner active pids=[23022, 23024, 23029]; freshness=0s; completed=0/2; current=gitlab_strong_allocation_uniform_budget160_rep0
[2026-07-03T12:34:58-0700] runner active pids=[23022, 23024, 23029]; freshness=4s; completed=0/2; current=gitlab_strong_allocation_uniform_budget160_rep0
[2026-07-03T12:35:58-0700] runner active pids=[23022, 23024, 23029]; freshness=0s; completed=0/2; current=gitlab_strong_allocation_uniform_budget160_rep0
[2026-07-03T12:36:58-0700] runner active pids=[23022, 23024, 23029]; freshness=3s; completed=0/2; current=gitlab_strong_allocation_uniform_budget160_rep0
[2026-07-03T12:37:58-0700] runner active pids=[23022, 23024, 23029]; freshness=5s; completed=0/2; current=gitlab_strong_allocation_uniform_budget160_rep0
[2026-07-03T12:38:58-0700] runner active pids=[23022, 23024, 23029]; freshness=3s; completed=0/2; current=gitlab_strong_allocation_uniform_budget160_rep0
[2026-07-03T12:39:58-0700] runner active pids=[23022, 23024, 23029]; freshness=4s; completed=0/2; current=gitlab_strong_allocation_uniform_budget160_rep0
[2026-07-03T12:40:58-0700] runner active pids=[23022, 23024, 23029]; freshness=5s; completed=0/2; current=gitlab_strong_allocation_uniform_budget160_rep0
[2026-07-03T12:41:58-0700] runner active pids=[23022, 23024, 23029]; freshness=0s; completed=0/2; current=gitlab_strong_allocation_uniform_budget160_rep0
[2026-07-03T12:42:59-0700] runner active pids=[23022, 23024, 23029]; freshness=2s; completed=0/2; current=gitlab_strong_allocation_uniform_budget160_rep0
[2026-07-03T12:43:59-0700] runner active pids=[23022, 23024, 23029]; freshness=9s; completed=0/2; current=gitlab_strong_allocation_uniform_budget160_rep0
[2026-07-03T12:44:59-0700] runner active pids=[23022, 23024, 23029]; freshness=5s; completed=0/2; current=gitlab_strong_allocation_uniform_budget160_rep0
[2026-07-03T12:45:59-0700] runner active pids=[23022, 23024, 23029]; freshness=0s; completed=0/2; current=gitlab_strong_allocation_uniform_budget160_rep0
[2026-07-03T12:46:59-0700] runner active pids=[23022, 23024, 23029]; freshness=6s; completed=0/2; current=gitlab_strong_allocation_uniform_budget160_rep0
[2026-07-03T12:47:59-0700] runner active pids=[23022, 23024, 23029]; freshness=1s; completed=0/2; current=gitlab_strong_allocation_uniform_budget160_rep0
[2026-07-03T12:48:59-0700] runner active pids=[23022, 23024, 23029]; freshness=5s; completed=0/2; current=gitlab_strong_allocation_uniform_budget160_rep0
[2026-07-03T12:49:59-0700] runner active pids=[23022, 23024, 23029]; freshness=8s; completed=0/2; current=gitlab_strong_allocation_uniform_budget160_rep0
[2026-07-03T12:50:59-0700] runner active pids=[23022, 23024, 23029]; freshness=0s; completed=0/2; current=gitlab_strong_allocation_uniform_budget160_rep0
[2026-07-03T12:51:59-0700] runner active pids=[23022, 23024, 23029]; freshness=7s; completed=0/2; current=gitlab_strong_allocation_uniform_budget160_rep0
[2026-07-03T12:53:00-0700] runner active pids=[23022, 23024, 23029]; freshness=0s; completed=0/2; current=gitlab_strong_allocation_uniform_budget160_rep0
[2026-07-03T12:54:00-0700] runner active pids=[23022, 23024, 23029]; freshness=2s; completed=0/2; current=gitlab_strong_allocation_uniform_budget160_rep0
[2026-07-03T12:55:00-0700] runner active pids=[23022, 23024, 23029]; freshness=2s; completed=0/2; current=gitlab_strong_allocation_uniform_budget160_rep0
[2026-07-03T12:56:00-0700] runner active pids=[23022, 23024, 23029]; freshness=1s; completed=0/2; current=gitlab_strong_allocation_uniform_budget160_rep0
[2026-07-03T12:57:00-0700] runner active pids=[23022, 23024, 23029]; freshness=27s; completed=0/2; current=gitlab_strong_allocation_uniform_budget160_rep0
[2026-07-03T12:58:00-0700] runner active pids=[23022, 23024, 23029]; freshness=87s; completed=0/2; current=gitlab_strong_allocation_uniform_budget160_rep0
[2026-07-03T12:59:00-0700] runner active pids=[23022, 23024, 23029]; freshness=147s; completed=0/2; current=gitlab_strong_allocation_uniform_budget160_rep0
[2026-07-03T13:00:00-0700] runner active pids=[23022, 23024, 23029]; freshness=207s; completed=0/2; current=gitlab_strong_allocation_uniform_budget160_rep0
[2026-07-03T13:01:00-0700] runner active pids=[23022, 23024, 23029]; freshness=267s; completed=0/2; current=gitlab_strong_allocation_uniform_budget160_rep0
[2026-07-03T13:02:00-0700] runner active pids=[23022, 23024, 23029]; freshness=327s; completed=0/2; current=gitlab_strong_allocation_uniform_budget160_rep0
[2026-07-03T13:03:01-0700] runner active pids=[23022, 23024, 23029]; freshness=388s; completed=0/2; current=gitlab_strong_allocation_uniform_budget160_rep0
[2026-07-03T13:04:01-0700] runner active pids=[23022, 23024, 23029]; freshness=448s; completed=0/2; current=gitlab_strong_allocation_uniform_budget160_rep0
[2026-07-03T13:05:01-0700] runner active pids=[23022, 23024, 23029]; freshness=508s; completed=0/2; current=gitlab_strong_allocation_uniform_budget160_rep0
[2026-07-03T13:06:01-0700] runner active pids=[23022, 23024, 23029]; freshness=568s; completed=0/2; current=gitlab_strong_allocation_uniform_budget160_rep0
[2026-07-03T13:07:01-0700] stale runner detected age=628s pids=[23022, 23024, 23029]; terminating and resuming
[2026-07-03T13:07:07-0700] launched resume session=gitlab_alloc_resume_orm_budget160_rep0_30 job=gitlab_strong_allocation_uniform_budget160_rep0 next_t=30 merged=/Users/sanjay/projects/BerkeleyProjects/Research/IanWaudbySmith/coldStartPrompts/results/gitlab_strong_arm/allocation_160_generic12_oracle_fast/logs/gitlab_strong_allocation_uniform_budget160_rep0_trial0_2026-07-03T19-17-07Z_MERGED_SO_FAR.jsonl
[2026-07-03T13:08:07-0700] runner active pids=[30539, 30540, 30541]; freshness=2s; completed=0/2; current=gitlab_strong_allocation_uniform_budget160_rep0
[2026-07-03T13:09:07-0700] runner active pids=[30539, 30540, 30541]; freshness=2s; completed=0/2; current=gitlab_strong_allocation_uniform_budget160_rep0
[2026-07-03T13:10:07-0700] runner active pids=[30539, 30540, 30541]; freshness=4s; completed=0/2; current=gitlab_strong_allocation_uniform_budget160_rep0
[2026-07-03T13:11:07-0700] runner active pids=[30539, 30540, 30541]; freshness=1s; completed=0/2; current=gitlab_strong_allocation_uniform_budget160_rep0
[2026-07-03T13:12:07-0700] runner active pids=[30539, 30540, 30541]; freshness=1s; completed=0/2; current=gitlab_strong_allocation_uniform_budget160_rep0
[2026-07-03T13:13:07-0700] runner active pids=[30539, 30540, 30541]; freshness=1s; completed=0/2; current=gitlab_strong_allocation_uniform_budget160_rep0
[2026-07-03T13:14:07-0700] runner active pids=[30539, 30540, 30541]; freshness=0s; completed=0/2; current=gitlab_strong_allocation_uniform_budget160_rep0
[2026-07-03T13:15:07-0700] runner active pids=[30539, 30540, 30541]; freshness=3s; completed=0/2; current=gitlab_strong_allocation_uniform_budget160_rep0
[2026-07-03T13:16:07-0700] runner active pids=[30539, 30540, 30541]; freshness=1s; completed=0/2; current=gitlab_strong_allocation_uniform_budget160_rep0
[2026-07-03T13:17:07-0700] runner active pids=[30539, 30540, 30541]; freshness=1s; completed=0/2; current=gitlab_strong_allocation_uniform_budget160_rep0
[2026-07-03T13:18:08-0700] runner active pids=[30539, 30540, 30541]; freshness=1s; completed=0/2; current=gitlab_strong_allocation_uniform_budget160_rep0
[2026-07-03T13:19:08-0700] runner active pids=[30539, 30540, 30541]; freshness=6s; completed=0/2; current=gitlab_strong_allocation_uniform_budget160_rep0
[2026-07-03T13:20:08-0700] runner active pids=[30539, 30540, 30541]; freshness=2s; completed=0/2; current=gitlab_strong_allocation_uniform_budget160_rep0
[2026-07-03T13:21:08-0700] runner active pids=[30539, 30540, 30541]; freshness=4s; completed=0/2; current=gitlab_strong_allocation_uniform_budget160_rep0
[2026-07-03T13:22:08-0700] runner active pids=[30539, 30540, 30541]; freshness=3s; completed=0/2; current=gitlab_strong_allocation_uniform_budget160_rep0
[2026-07-03T13:23:08-0700] runner active pids=[30539, 30540, 30541]; freshness=12s; completed=0/2; current=gitlab_strong_allocation_uniform_budget160_rep0
[2026-07-03T13:24:08-0700] runner active pids=[30539, 30540, 30541]; freshness=10s; completed=0/2; current=gitlab_strong_allocation_uniform_budget160_rep0
[2026-07-03T13:25:08-0700] runner active pids=[30539, 30540, 30541]; freshness=1s; completed=0/2; current=gitlab_strong_allocation_uniform_budget160_rep0
[2026-07-03T13:26:08-0700] runner active pids=[30539, 30540, 30541]; freshness=2s; completed=0/2; current=gitlab_strong_allocation_uniform_budget160_rep0
[2026-07-03T13:27:08-0700] runner active pids=[30539, 30540, 30541]; freshness=3s; completed=0/2; current=gitlab_strong_allocation_uniform_budget160_rep0
[2026-07-03T13:28:09-0700] runner active pids=[30539, 30540, 30541]; freshness=16s; completed=0/2; current=gitlab_strong_allocation_uniform_budget160_rep0
[2026-07-03T13:29:09-0700] runner active pids=[30539, 30540, 30541]; freshness=2s; completed=0/2; current=gitlab_strong_allocation_uniform_budget160_rep0
[2026-07-03T13:30:09-0700] runner active pids=[30539, 30540, 30541]; freshness=0s; completed=0/2; current=gitlab_strong_allocation_uniform_budget160_rep0
[2026-07-03T13:31:09-0700] runner active pids=[30539, 30540, 30541]; freshness=3s; completed=0/2; current=gitlab_strong_allocation_uniform_budget160_rep0
[2026-07-03T13:32:09-0700] runner active pids=[30539, 30540, 30541]; freshness=2s; completed=0/2; current=gitlab_strong_allocation_uniform_budget160_rep0
[2026-07-03T13:33:09-0700] runner active pids=[30539, 30540, 30541]; freshness=2s; completed=0/2; current=gitlab_strong_allocation_uniform_budget160_rep0
[2026-07-03T13:34:09-0700] runner active pids=[30539, 30540, 30541]; freshness=1s; completed=0/2; current=gitlab_strong_allocation_uniform_budget160_rep0
[2026-07-03T13:35:09-0700] runner active pids=[30539, 30540, 30541]; freshness=1s; completed=0/2; current=gitlab_strong_allocation_uniform_budget160_rep0
[2026-07-03T13:36:09-0700] runner active pids=[30539, 30540, 30541]; freshness=0s; completed=0/2; current=gitlab_strong_allocation_uniform_budget160_rep0
[2026-07-03T13:37:10-0700] runner active pids=[30539, 30540, 30541]; freshness=0s; completed=0/2; current=gitlab_strong_allocation_uniform_budget160_rep0
[2026-07-03T13:38:10-0700] runner active pids=[30539, 30540, 30541]; freshness=4s; completed=0/2; current=gitlab_strong_allocation_uniform_budget160_rep0
[2026-07-03T13:39:10-0700] runner active pids=[30539, 30540, 30541]; freshness=2s; completed=0/2; current=gitlab_strong_allocation_uniform_budget160_rep0
[2026-07-03T13:40:10-0700] runner active pids=[30539, 30540, 30541]; freshness=5s; completed=0/2; current=gitlab_strong_allocation_uniform_budget160_rep0
[2026-07-03T13:41:10-0700] runner active pids=[30539, 30540, 30541]; freshness=5s; completed=0/2; current=gitlab_strong_allocation_uniform_budget160_rep0
[2026-07-03T13:42:10-0700] runner active pids=[30539, 30540, 30541]; freshness=0s; completed=0/2; current=gitlab_strong_allocation_uniform_budget160_rep0
[2026-07-03T13:43:10-0700] runner active pids=[30539, 30540, 30541]; freshness=1s; completed=0/2; current=gitlab_strong_allocation_uniform_budget160_rep0
[2026-07-03T13:44:10-0700] runner active pids=[30539, 30540, 30541]; freshness=1s; completed=0/2; current=gitlab_strong_allocation_uniform_budget160_rep0
[2026-07-03T13:45:10-0700] runner active pids=[30539, 30540, 30541]; freshness=4s; completed=0/2; current=gitlab_strong_allocation_uniform_budget160_rep0
[2026-07-03T13:46:10-0700] runner active pids=[30539, 30540, 30541]; freshness=1s; completed=0/2; current=gitlab_strong_allocation_uniform_budget160_rep0
[2026-07-03T13:47:11-0700] runner active pids=[30539, 30540, 30541]; freshness=1s; completed=0/2; current=gitlab_strong_allocation_uniform_budget160_rep0
[2026-07-03T13:48:11-0700] runner active pids=[30539, 30540, 30541]; freshness=1s; completed=0/2; current=gitlab_strong_allocation_uniform_budget160_rep0
[2026-07-03T13:49:11-0700] runner active pids=[30539, 30540, 30541]; freshness=0s; completed=0/2; current=gitlab_strong_allocation_uniform_budget160_rep0
[2026-07-03T13:50:11-0700] runner active pids=[30539, 30540, 30541]; freshness=1s; completed=0/2; current=gitlab_strong_allocation_uniform_budget160_rep0
[2026-07-03T13:51:11-0700] runner active pids=[30539, 30540, 30541]; freshness=7s; completed=0/2; current=gitlab_strong_allocation_uniform_budget160_rep0
[2026-07-03T13:52:11-0700] runner active pids=[30539, 30540, 30541]; freshness=67s; completed=0/2; current=gitlab_strong_allocation_uniform_budget160_rep0
[2026-07-03T13:53:11-0700] runner active pids=[30539, 30540, 30541]; freshness=128s; completed=0/2; current=gitlab_strong_allocation_uniform_budget160_rep0
[2026-07-03T13:54:11-0700] runner active pids=[30539, 30540, 30541]; freshness=188s; completed=0/2; current=gitlab_strong_allocation_uniform_budget160_rep0
[2026-07-03T13:55:11-0700] runner active pids=[30539, 30540, 30541]; freshness=248s; completed=0/2; current=gitlab_strong_allocation_uniform_budget160_rep0
[2026-07-03T13:56:11-0700] runner active pids=[30539, 30540, 30541]; freshness=308s; completed=0/2; current=gitlab_strong_allocation_uniform_budget160_rep0
[2026-07-03T13:57:12-0700] runner active pids=[30539, 30540, 30541]; freshness=368s; completed=0/2; current=gitlab_strong_allocation_uniform_budget160_rep0
[2026-07-03T13:58:12-0700] runner active pids=[30539, 30540, 30541]; freshness=428s; completed=0/2; current=gitlab_strong_allocation_uniform_budget160_rep0
[2026-07-03T13:59:12-0700] runner active pids=[30539, 30540, 30541]; freshness=488s; completed=0/2; current=gitlab_strong_allocation_uniform_budget160_rep0
[2026-07-03T14:00:12-0700] runner active pids=[30539, 30540, 30541]; freshness=548s; completed=0/2; current=gitlab_strong_allocation_uniform_budget160_rep0
[2026-07-03T14:01:12-0700] stale runner detected age=608s pids=[30539, 30540, 30541]; terminating and resuming
[2026-07-03T14:01:17-0700] launched resume session=gitlab_alloc_resume_orm_budget160_rep0_60 job=gitlab_strong_allocation_uniform_budget160_rep0 next_t=60 merged=/Users/sanjay/projects/BerkeleyProjects/Research/IanWaudbySmith/coldStartPrompts/results/gitlab_strong_arm/allocation_160_generic12_oracle_fast/logs/gitlab_strong_allocation_uniform_budget160_rep0_trial0_2026-07-03T19-17-07Z_MERGED_SO_FAR.jsonl
[2026-07-03T14:02:18-0700] runner active pids=[40070, 40071, 40072]; freshness=2s; completed=0/2; current=gitlab_strong_allocation_uniform_budget160_rep0
[2026-07-03T14:03:18-0700] runner active pids=[40070, 40071, 40072]; freshness=1s; completed=0/2; current=gitlab_strong_allocation_uniform_budget160_rep0
[2026-07-03T14:04:18-0700] runner active pids=[40070, 40071, 40072]; freshness=3s; completed=0/2; current=gitlab_strong_allocation_uniform_budget160_rep0
[2026-07-03T14:05:18-0700] runner active pids=[40070, 40071, 40072]; freshness=1s; completed=0/2; current=gitlab_strong_allocation_uniform_budget160_rep0
[2026-07-03T14:06:18-0700] runner active pids=[40070, 40071, 40072]; freshness=2s; completed=0/2; current=gitlab_strong_allocation_uniform_budget160_rep0
[2026-07-03T14:07:18-0700] runner active pids=[40070, 40071, 40072]; freshness=0s; completed=0/2; current=gitlab_strong_allocation_uniform_budget160_rep0
[2026-07-03T14:08:18-0700] runner active pids=[40070, 40071, 40072]; freshness=0s; completed=0/2; current=gitlab_strong_allocation_uniform_budget160_rep0
[2026-07-03T14:09:18-0700] runner active pids=[40070, 40071, 40072]; freshness=3s; completed=0/2; current=gitlab_strong_allocation_uniform_budget160_rep0
[2026-07-03T14:10:18-0700] runner active pids=[40070, 40071, 40072]; freshness=5s; completed=0/2; current=gitlab_strong_allocation_uniform_budget160_rep0
[2026-07-03T14:11:18-0700] runner active pids=[40070, 40071, 40072]; freshness=1s; completed=0/2; current=gitlab_strong_allocation_uniform_budget160_rep0
[2026-07-03T14:12:19-0700] runner active pids=[40070, 40071, 40072]; freshness=0s; completed=0/2; current=gitlab_strong_allocation_uniform_budget160_rep0
[2026-07-03T14:13:19-0700] runner active pids=[40070, 40071, 40072]; freshness=16s; completed=0/2; current=gitlab_strong_allocation_uniform_budget160_rep0
[2026-07-03T14:14:19-0700] runner active pids=[40070, 40071, 40072]; freshness=3s; completed=0/2; current=gitlab_strong_allocation_uniform_budget160_rep0
[2026-07-03T14:15:19-0700] runner active pids=[40070, 40071, 40072]; freshness=6s; completed=0/2; current=gitlab_strong_allocation_uniform_budget160_rep0
[2026-07-03T14:16:19-0700] runner active pids=[40070, 40071, 40072]; freshness=3s; completed=0/2; current=gitlab_strong_allocation_uniform_budget160_rep0
[2026-07-03T14:17:19-0700] runner active pids=[40070, 40071, 40072]; freshness=3s; completed=0/2; current=gitlab_strong_allocation_uniform_budget160_rep0
[2026-07-03T14:18:19-0700] runner active pids=[40070, 40071, 40072]; freshness=0s; completed=0/2; current=gitlab_strong_allocation_uniform_budget160_rep0
[2026-07-03T14:19:19-0700] runner active pids=[40070, 40071, 40072]; freshness=3s; completed=0/2; current=gitlab_strong_allocation_uniform_budget160_rep0
[2026-07-03T14:20:19-0700] runner active pids=[40070, 40071, 40072]; freshness=0s; completed=0/2; current=gitlab_strong_allocation_uniform_budget160_rep0
[2026-07-03T14:21:20-0700] runner active pids=[40070, 40071, 40072]; freshness=2s; completed=0/2; current=gitlab_strong_allocation_uniform_budget160_rep0
[2026-07-03T14:22:20-0700] runner active pids=[40070, 40071, 40072]; freshness=3s; completed=0/2; current=gitlab_strong_allocation_uniform_budget160_rep0
[2026-07-03T14:23:20-0700] runner active pids=[40070, 40071, 40072]; freshness=4s; completed=0/2; current=gitlab_strong_allocation_uniform_budget160_rep0
[2026-07-03T14:24:20-0700] runner active pids=[40070, 40071, 40072]; freshness=1s; completed=0/2; current=gitlab_strong_allocation_uniform_budget160_rep0
[2026-07-03T14:25:20-0700] runner active pids=[40070, 40071, 40072]; freshness=2s; completed=0/2; current=gitlab_strong_allocation_uniform_budget160_rep0
[2026-07-03T14:26:20-0700] runner active pids=[40070, 40071, 40072]; freshness=3s; completed=0/2; current=gitlab_strong_allocation_uniform_budget160_rep0
[2026-07-03T14:27:20-0700] runner active pids=[40070, 40071, 40072]; freshness=0s; completed=0/2; current=gitlab_strong_allocation_uniform_budget160_rep0
[2026-07-03T14:28:20-0700] runner active pids=[40070, 40071, 40072]; freshness=8s; completed=0/2; current=gitlab_strong_allocation_uniform_budget160_rep0
[2026-07-03T14:29:20-0700] runner active pids=[40070, 40071, 40072]; freshness=1s; completed=0/2; current=gitlab_strong_allocation_uniform_budget160_rep0
[2026-07-03T14:30:20-0700] runner active pids=[40070, 40071, 40072]; freshness=0s; completed=0/2; current=gitlab_strong_allocation_uniform_budget160_rep0
[2026-07-03T14:31:21-0700] runner active pids=[40070, 40071, 40072]; freshness=1s; completed=0/2; current=gitlab_strong_allocation_uniform_budget160_rep0
[2026-07-03T14:32:21-0700] runner active pids=[40070, 40071, 40072]; freshness=10s; completed=0/2; current=gitlab_strong_allocation_uniform_budget160_rep0
[2026-07-03T14:33:21-0700] runner active pids=[40070, 40071, 40072]; freshness=7s; completed=0/2; current=gitlab_strong_allocation_uniform_budget160_rep0
[2026-07-03T14:34:21-0700] runner active pids=[40070, 40071, 40072]; freshness=2s; completed=0/2; current=gitlab_strong_allocation_uniform_budget160_rep0
[2026-07-03T14:35:21-0700] runner active pids=[40070, 40071, 40072]; freshness=15s; completed=0/2; current=gitlab_strong_allocation_uniform_budget160_rep0
[2026-07-03T14:36:21-0700] runner active pids=[40070, 40071, 40072]; freshness=75s; completed=0/2; current=gitlab_strong_allocation_uniform_budget160_rep0
[2026-07-03T14:37:21-0700] runner active pids=[40070, 40071, 40072]; freshness=135s; completed=0/2; current=gitlab_strong_allocation_uniform_budget160_rep0
[2026-07-03T14:38:21-0700] runner active pids=[40070, 40071, 40072]; freshness=195s; completed=0/2; current=gitlab_strong_allocation_uniform_budget160_rep0
[2026-07-03T14:39:21-0700] runner active pids=[40070, 40071, 40072]; freshness=256s; completed=0/2; current=gitlab_strong_allocation_uniform_budget160_rep0
[2026-07-03T14:40:22-0700] runner active pids=[40070, 40071, 40072]; freshness=316s; completed=0/2; current=gitlab_strong_allocation_uniform_budget160_rep0
[2026-07-03T14:41:22-0700] runner active pids=[40070, 40071, 40072]; freshness=376s; completed=0/2; current=gitlab_strong_allocation_uniform_budget160_rep0
[2026-07-03T14:42:22-0700] runner active pids=[40070, 40071, 40072]; freshness=436s; completed=0/2; current=gitlab_strong_allocation_uniform_budget160_rep0
[2026-07-03T14:43:22-0700] runner active pids=[40070, 40071, 40072]; freshness=496s; completed=0/2; current=gitlab_strong_allocation_uniform_budget160_rep0
[2026-07-03T14:44:22-0700] runner active pids=[40070, 40071, 40072]; freshness=556s; completed=0/2; current=gitlab_strong_allocation_uniform_budget160_rep0
[2026-07-03T14:45:22-0700] stale runner detected age=616s pids=[40070, 40071, 40072]; terminating and resuming
[2026-07-03T14:45:28-0700] launched resume session=gitlab_alloc_resume_orm_budget160_rep0_130 job=gitlab_strong_allocation_uniform_budget160_rep0 next_t=130 merged=/Users/sanjay/projects/BerkeleyProjects/Research/IanWaudbySmith/coldStartPrompts/results/gitlab_strong_arm/allocation_160_generic12_oracle_fast/logs/gitlab_strong_allocation_uniform_budget160_rep0_trial0_2026-07-03T19-17-07Z_MERGED_SO_FAR.jsonl
[2026-07-03T14:46:28-0700] runner active pids=[50353, 50354, 50355]; freshness=0s; completed=0/2; current=gitlab_strong_allocation_uniform_budget160_rep0
[2026-07-03T14:47:28-0700] runner active pids=[50353, 50354, 50355]; freshness=0s; completed=0/2; current=gitlab_strong_allocation_uniform_budget160_rep0
[2026-07-03T14:48:28-0700] runner active pids=[50353, 50354, 50355]; freshness=0s; completed=0/2; current=gitlab_strong_allocation_uniform_budget160_rep0
[2026-07-03T14:49:28-0700] runner active pids=[50353, 50354, 50355]; freshness=1s; completed=0/2; current=gitlab_strong_allocation_uniform_budget160_rep0
[2026-07-03T14:50:28-0700] runner active pids=[50353, 50354, 50355]; freshness=3s; completed=0/2; current=gitlab_strong_allocation_uniform_budget160_rep0
[2026-07-03T14:51:28-0700] runner active pids=[50353, 50354, 50355]; freshness=0s; completed=0/2; current=gitlab_strong_allocation_uniform_budget160_rep0
[2026-07-03T14:52:28-0700] runner active pids=[50353, 50354, 50355]; freshness=8s; completed=0/2; current=gitlab_strong_allocation_uniform_budget160_rep0
[2026-07-03T14:53:28-0700] runner active pids=[50353, 50354, 50355]; freshness=3s; completed=0/2; current=gitlab_strong_allocation_uniform_budget160_rep0
[2026-07-03T14:54:29-0700] runner active pids=[50353, 50354, 50355]; freshness=0s; completed=0/2; current=gitlab_strong_allocation_uniform_budget160_rep0
[2026-07-03T14:55:29-0700] runner active pids=[50353, 50354, 50355]; freshness=3s; completed=0/2; current=gitlab_strong_allocation_uniform_budget160_rep0
[2026-07-03T14:56:29-0700] runner active pids=[50353, 50354, 50355]; freshness=0s; completed=0/2; current=gitlab_strong_allocation_uniform_budget160_rep0
[2026-07-03T14:57:29-0700] runner active pids=[50353, 50354, 50355]; freshness=4s; completed=0/2; current=gitlab_strong_allocation_uniform_budget160_rep0
[2026-07-03T14:58:29-0700] runner active pids=[50353, 50354, 50355]; freshness=3s; completed=0/2; current=gitlab_strong_allocation_uniform_budget160_rep0
[2026-07-03T14:59:29-0700] runner active pids=[50353, 50354, 50355]; freshness=1s; completed=0/2; current=gitlab_strong_allocation_uniform_budget160_rep0
[2026-07-03T15:00:29-0700] runner active pids=[50353, 50354, 50355]; freshness=4s; completed=0/2; current=gitlab_strong_allocation_uniform_budget160_rep0
[2026-07-03T15:01:29-0700] runner active pids=[50353, 50354, 50355]; freshness=3s; completed=0/2; current=gitlab_strong_allocation_uniform_budget160_rep0
[2026-07-03T15:02:29-0700] runner active pids=[50353, 50354, 50355]; freshness=3s; completed=0/2; current=gitlab_strong_allocation_uniform_budget160_rep0
[2026-07-03T15:03:30-0700] runner active pids=[50353, 50354, 50355]; freshness=2s; completed=0/2; current=gitlab_strong_allocation_uniform_budget160_rep0
[2026-07-03T15:04:30-0700] runner active pids=[50353, 50354, 50355]; freshness=2s; completed=0/2; current=gitlab_strong_allocation_uniform_budget160_rep0
[2026-07-03T15:05:30-0700] runner active pids=[50353, 50354, 50355]; freshness=16s; completed=0/2; current=gitlab_strong_allocation_uniform_budget160_rep0
[2026-07-03T15:06:30-0700] runner active pids=[50353, 50354, 50355]; freshness=0s; completed=0/2; current=gitlab_strong_allocation_uniform_budget160_rep0
[2026-07-03T15:07:30-0700] runner active pids=[50353, 50354, 50355]; freshness=2s; completed=0/2; current=gitlab_strong_allocation_uniform_budget160_rep0
[2026-07-03T15:08:30-0700] runner active pids=[50353, 50354, 50355]; freshness=1s; completed=0/2; current=gitlab_strong_allocation_uniform_budget160_rep0
[2026-07-03T15:09:30-0700] runner active pids=[50353, 50354, 50355]; freshness=7s; completed=0/2; current=gitlab_strong_allocation_uniform_budget160_rep0
[2026-07-03T15:10:30-0700] runner active pids=[50353, 50354, 50355]; freshness=11s; completed=0/2; current=gitlab_strong_allocation_uniform_budget160_rep0
[2026-07-03T15:11:30-0700] runner active pids=[50353, 50354, 50355]; freshness=0s; completed=0/2; current=gitlab_strong_allocation_uniform_budget160_rep0
[2026-07-03T15:12:31-0700] runner active pids=[50353, 50354, 50355]; freshness=1s; completed=0/2; current=gitlab_strong_allocation_uniform_budget160_rep0
[2026-07-03T15:13:31-0700] runner active pids=[50353, 50354, 50355]; freshness=11s; completed=0/2; current=gitlab_strong_allocation_uniform_budget160_rep0
[2026-07-03T15:14:31-0700] runner active pids=[50353, 50354, 50355]; freshness=0s; completed=0/2; current=gitlab_strong_allocation_uniform_budget160_rep0
[2026-07-03T15:15:31-0700] runner active pids=[50353, 50354, 50355]; freshness=4s; completed=0/2; current=gitlab_strong_allocation_uniform_budget160_rep0
[2026-07-03T15:16:31-0700] runner active pids=[50353, 50354, 50355]; freshness=4s; completed=0/2; current=gitlab_strong_allocation_uniform_budget160_rep0
[2026-07-03T15:17:31-0700] runner active pids=[50353, 50354, 50355]; freshness=21s; completed=0/2; current=gitlab_strong_allocation_uniform_budget160_rep0
[2026-07-03T15:18:31-0700] runner active pids=[50353, 50354, 50355]; freshness=10s; completed=0/2; current=gitlab_strong_allocation_uniform_budget160_rep0
[2026-07-03T15:19:31-0700] runner active pids=[50353, 50354, 50355]; freshness=7s; completed=0/2; current=gitlab_strong_allocation_uniform_budget160_rep0
[2026-07-03T15:20:31-0700] runner active pids=[50353, 50354, 50355]; freshness=1s; completed=0/2; current=gitlab_strong_allocation_uniform_budget160_rep0
[2026-07-03T15:21:32-0700] runner active pids=[50353, 50354, 50355]; freshness=3s; completed=0/2; current=gitlab_strong_allocation_uniform_budget160_rep0
[2026-07-03T15:22:32-0700] runner active pids=[50353, 50354, 50355]; freshness=0s; completed=0/2; current=gitlab_strong_allocation_uniform_budget160_rep0
[2026-07-03T15:23:32-0700] runner active pids=[50353, 50354, 50355]; freshness=2s; completed=0/2; current=gitlab_strong_allocation_uniform_budget160_rep0
[2026-07-03T15:24:32-0700] runner active pids=[50353, 50354, 50355]; freshness=0s; completed=0/2; current=gitlab_strong_allocation_uniform_budget160_rep0
[2026-07-03T15:25:32-0700] runner active pids=[50353, 50354, 50355]; freshness=9s; completed=0/2; current=gitlab_strong_allocation_uniform_budget160_rep0
[2026-07-03T15:26:32-0700] runner active pids=[50353, 50354, 50355]; freshness=0s; completed=0/2; current=gitlab_strong_allocation_uniform_budget160_rep0
[2026-07-03T15:27:32-0700] runner active pids=[50353, 50354, 50355]; freshness=4s; completed=0/2; current=gitlab_strong_allocation_uniform_budget160_rep0
[2026-07-03T15:28:32-0700] runner active pids=[50353, 50354, 50355]; freshness=25s; completed=0/2; current=gitlab_strong_allocation_uniform_budget160_rep0
[2026-07-03T15:29:32-0700] runner active pids=[50353, 50354, 50355]; freshness=85s; completed=0/2; current=gitlab_strong_allocation_uniform_budget160_rep0
[2026-07-03T15:30:33-0700] runner active pids=[50353, 50354, 50355]; freshness=145s; completed=0/2; current=gitlab_strong_allocation_uniform_budget160_rep0
[2026-07-03T15:31:33-0700] runner active pids=[50353, 50354, 50355]; freshness=205s; completed=0/2; current=gitlab_strong_allocation_uniform_budget160_rep0
[2026-07-03T15:32:33-0700] runner active pids=[50353, 50354, 50355]; freshness=265s; completed=0/2; current=gitlab_strong_allocation_uniform_budget160_rep0
[2026-07-03T15:33:33-0700] runner active pids=[50353, 50354, 50355]; freshness=325s; completed=0/2; current=gitlab_strong_allocation_uniform_budget160_rep0
[2026-07-03T15:34:33-0700] runner active pids=[50353, 50354, 50355]; freshness=386s; completed=0/2; current=gitlab_strong_allocation_uniform_budget160_rep0
[2026-07-03T15:35:33-0700] runner active pids=[50353, 50354, 50355]; freshness=446s; completed=0/2; current=gitlab_strong_allocation_uniform_budget160_rep0
[2026-07-03T15:36:33-0700] runner active pids=[50353, 50354, 50355]; freshness=506s; completed=0/2; current=gitlab_strong_allocation_uniform_budget160_rep0
[2026-07-03T15:37:33-0700] runner active pids=[50353, 50354, 50355]; freshness=566s; completed=0/2; current=gitlab_strong_allocation_uniform_budget160_rep0
[2026-07-03T15:38:33-0700] stale runner detected age=626s pids=[50353, 50354, 50355]; terminating and resuming
[2026-07-03T15:38:39-0700] launched resume session=gitlab_alloc_resume_orm_budget160_rep0_159 job=gitlab_strong_allocation_uniform_budget160_rep0 next_t=159 merged=/Users/sanjay/projects/BerkeleyProjects/Research/IanWaudbySmith/coldStartPrompts/results/gitlab_strong_arm/allocation_160_generic12_oracle_fast/logs/gitlab_strong_allocation_uniform_budget160_rep0_trial0_2026-07-03T19-17-07Z_MERGED_SO_FAR.jsonl
[2026-07-03T15:39:39-0700] merged gitlab_strong_allocation_uniform_budget160_rep0 FULL log: /Users/sanjay/projects/BerkeleyProjects/Research/IanWaudbySmith/coldStartPrompts/results/gitlab_strong_arm/allocation_160_generic12_oracle_fast/logs/gitlab_strong_allocation_uniform_budget160_rep0_trial0_2026-07-03T19-17-07Z_FULL.jsonl rows=160 successes=69
[2026-07-03T15:39:39-0700] no runner active; starting allocation runner; completed=1/2
[2026-07-03T15:39:39-0700] launched allocation runner session=gitlab_generic_oracle_160_continue
[2026-07-03T15:40:39-0700] runner active pids=[62471, 62472, 62473]; freshness=2s; completed=1/2; current=gitlab_strong_allocation_spruce_fast_budget160_rep0
[2026-07-03T15:41:39-0700] runner active pids=[62471, 62472, 62473]; freshness=2s; completed=1/2; current=gitlab_strong_allocation_spruce_fast_budget160_rep0
[2026-07-03T15:51:24-0700] runner active pids=[62471, 62472, 62473]; freshness=1s; completed=1/2; current=gitlab_strong_allocation_spruce_fast_budget160_rep0
[2026-07-03T15:52:24-0700] runner active pids=[62471, 62472, 62473]; freshness=0s; completed=1/2; current=gitlab_strong_allocation_spruce_fast_budget160_rep0
[2026-07-03T15:56:24-0700] runner active pids=[62471, 62472, 62473]; freshness=229s; completed=1/2; current=gitlab_strong_allocation_spruce_fast_budget160_rep0
[2026-07-03T15:58:46-0700] runner active pids=[62471, 62472, 62473]; freshness=103s; completed=1/2; current=gitlab_strong_allocation_spruce_fast_budget160_rep0
[2026-07-03T16:00:06-0700] runner active pids=[62471, 62472, 62473]; freshness=0s; completed=1/2; current=gitlab_strong_allocation_spruce_fast_budget160_rep0
[2026-07-03T16:01:06-0700] runner active pids=[62471, 62472, 62473]; freshness=2s; completed=1/2; current=gitlab_strong_allocation_spruce_fast_budget160_rep0
[2026-07-03T16:02:06-0700] runner active pids=[62471, 62472, 62473]; freshness=2s; completed=1/2; current=gitlab_strong_allocation_spruce_fast_budget160_rep0
[2026-07-03T16:03:07-0700] runner active pids=[62471, 62472, 62473]; freshness=0s; completed=1/2; current=gitlab_strong_allocation_spruce_fast_budget160_rep0
[2026-07-03T16:04:07-0700] runner active pids=[62471, 62472, 62473]; freshness=3s; completed=1/2; current=gitlab_strong_allocation_spruce_fast_budget160_rep0
[2026-07-03T16:05:07-0700] runner active pids=[62471, 62472, 62473]; freshness=0s; completed=1/2; current=gitlab_strong_allocation_spruce_fast_budget160_rep0
[2026-07-03T16:06:07-0700] runner active pids=[62471, 62472, 62473]; freshness=3s; completed=1/2; current=gitlab_strong_allocation_spruce_fast_budget160_rep0
[2026-07-03T16:07:07-0700] runner active pids=[62471, 62472, 62473]; freshness=1s; completed=1/2; current=gitlab_strong_allocation_spruce_fast_budget160_rep0
[2026-07-03T16:08:07-0700] runner active pids=[62471, 62472, 62473]; freshness=0s; completed=1/2; current=gitlab_strong_allocation_spruce_fast_budget160_rep0
[2026-07-03T16:09:07-0700] runner active pids=[62471, 62472, 62473]; freshness=11s; completed=1/2; current=gitlab_strong_allocation_spruce_fast_budget160_rep0
[2026-07-03T16:10:07-0700] runner active pids=[62471, 62472, 62473]; freshness=1s; completed=1/2; current=gitlab_strong_allocation_spruce_fast_budget160_rep0
[2026-07-03T16:11:07-0700] runner active pids=[62471, 62472, 62473]; freshness=1s; completed=1/2; current=gitlab_strong_allocation_spruce_fast_budget160_rep0
[2026-07-03T16:12:08-0700] runner active pids=[62471, 62472, 62473]; freshness=3s; completed=1/2; current=gitlab_strong_allocation_spruce_fast_budget160_rep0
[2026-07-03T16:13:08-0700] runner active pids=[62471, 62472, 62473]; freshness=2s; completed=1/2; current=gitlab_strong_allocation_spruce_fast_budget160_rep0
[2026-07-03T16:14:08-0700] runner active pids=[62471, 62472, 62473]; freshness=2s; completed=1/2; current=gitlab_strong_allocation_spruce_fast_budget160_rep0
[2026-07-03T16:15:08-0700] runner active pids=[62471, 62472, 62473]; freshness=1s; completed=1/2; current=gitlab_strong_allocation_spruce_fast_budget160_rep0
[2026-07-03T16:16:08-0700] runner active pids=[62471, 62472, 62473]; freshness=3s; completed=1/2; current=gitlab_strong_allocation_spruce_fast_budget160_rep0
[2026-07-03T16:17:08-0700] runner active pids=[62471, 62472, 62473]; freshness=4s; completed=1/2; current=gitlab_strong_allocation_spruce_fast_budget160_rep0
[2026-07-03T16:18:08-0700] runner active pids=[62471, 62472, 62473]; freshness=1s; completed=1/2; current=gitlab_strong_allocation_spruce_fast_budget160_rep0
[2026-07-03T16:19:08-0700] runner active pids=[62471, 62472, 62473]; freshness=2s; completed=1/2; current=gitlab_strong_allocation_spruce_fast_budget160_rep0
[2026-07-03T16:20:08-0700] runner active pids=[62471, 62472, 62473]; freshness=12s; completed=1/2; current=gitlab_strong_allocation_spruce_fast_budget160_rep0
[2026-07-03T16:21:09-0700] runner active pids=[62471, 62472, 62473]; freshness=2s; completed=1/2; current=gitlab_strong_allocation_spruce_fast_budget160_rep0
[2026-07-03T16:22:09-0700] runner active pids=[62471, 62472, 62473]; freshness=1s; completed=1/2; current=gitlab_strong_allocation_spruce_fast_budget160_rep0
[2026-07-03T16:23:09-0700] runner active pids=[62471, 62472, 62473]; freshness=5s; completed=1/2; current=gitlab_strong_allocation_spruce_fast_budget160_rep0
[2026-07-03T16:24:09-0700] runner active pids=[62471, 62472, 62473]; freshness=10s; completed=1/2; current=gitlab_strong_allocation_spruce_fast_budget160_rep0
[2026-07-03T16:25:09-0700] runner active pids=[62471, 62472, 62473]; freshness=5s; completed=1/2; current=gitlab_strong_allocation_spruce_fast_budget160_rep0
[2026-07-03T16:26:09-0700] runner active pids=[62471, 62472, 62473]; freshness=1s; completed=1/2; current=gitlab_strong_allocation_spruce_fast_budget160_rep0
[2026-07-03T16:27:09-0700] runner active pids=[62471, 62472, 62473]; freshness=2s; completed=1/2; current=gitlab_strong_allocation_spruce_fast_budget160_rep0
[2026-07-03T16:28:09-0700] runner active pids=[62471, 62472, 62473]; freshness=30s; completed=1/2; current=gitlab_strong_allocation_spruce_fast_budget160_rep0
[2026-07-03T16:29:09-0700] runner active pids=[62471, 62472, 62473]; freshness=90s; completed=1/2; current=gitlab_strong_allocation_spruce_fast_budget160_rep0
[2026-07-03T16:30:09-0700] runner active pids=[62471, 62472, 62473]; freshness=151s; completed=1/2; current=gitlab_strong_allocation_spruce_fast_budget160_rep0
[2026-07-03T16:31:10-0700] runner active pids=[62471, 62472, 62473]; freshness=211s; completed=1/2; current=gitlab_strong_allocation_spruce_fast_budget160_rep0
[2026-07-03T16:32:10-0700] runner active pids=[62471, 62472, 62473]; freshness=271s; completed=1/2; current=gitlab_strong_allocation_spruce_fast_budget160_rep0
[2026-07-03T16:33:10-0700] runner active pids=[62471, 62472, 62473]; freshness=331s; completed=1/2; current=gitlab_strong_allocation_spruce_fast_budget160_rep0
[2026-07-03T16:34:10-0700] runner active pids=[62471, 62472, 62473]; freshness=391s; completed=1/2; current=gitlab_strong_allocation_spruce_fast_budget160_rep0
[2026-07-03T16:35:10-0700] runner active pids=[62471, 62472, 62473]; freshness=451s; completed=1/2; current=gitlab_strong_allocation_spruce_fast_budget160_rep0
[2026-07-03T16:36:10-0700] runner active pids=[62471, 62472, 62473]; freshness=511s; completed=1/2; current=gitlab_strong_allocation_spruce_fast_budget160_rep0
[2026-07-03T16:37:10-0700] runner active pids=[62471, 62472, 62473]; freshness=571s; completed=1/2; current=gitlab_strong_allocation_spruce_fast_budget160_rep0
[2026-07-03T16:38:10-0700] stale runner detected age=631s pids=[62471, 62472, 62473]; terminating and resuming
[2026-07-03T16:38:16-0700] launched resume session=gitlab_alloc_resume_ast_budget160_rep0_30 job=gitlab_strong_allocation_spruce_fast_budget160_rep0 next_t=30 merged=/Users/sanjay/projects/BerkeleyProjects/Research/IanWaudbySmith/coldStartPrompts/results/gitlab_strong_arm/allocation_160_generic12_oracle_fast/logs/gitlab_strong_allocation_spruce_fast_budget160_rep0_trial0_2026-07-03T22-39-51Z_MERGED_SO_FAR.jsonl
[2026-07-03T16:39:16-0700] runner active pids=[70397, 70398, 70399]; freshness=1s; completed=1/2; current=gitlab_strong_allocation_spruce_fast_budget160_rep0
[2026-07-03T16:40:16-0700] runner active pids=[70397, 70398, 70399]; freshness=0s; completed=1/2; current=gitlab_strong_allocation_spruce_fast_budget160_rep0
[2026-07-03T16:41:16-0700] runner active pids=[70397, 70398, 70399]; freshness=0s; completed=1/2; current=gitlab_strong_allocation_spruce_fast_budget160_rep0
[2026-07-03T16:42:16-0700] runner active pids=[70397, 70398, 70399]; freshness=3s; completed=1/2; current=gitlab_strong_allocation_spruce_fast_budget160_rep0
[2026-07-03T16:43:16-0700] runner active pids=[70397, 70398, 70399]; freshness=5s; completed=1/2; current=gitlab_strong_allocation_spruce_fast_budget160_rep0
[2026-07-03T16:44:16-0700] runner active pids=[70397, 70398, 70399]; freshness=10s; completed=1/2; current=gitlab_strong_allocation_spruce_fast_budget160_rep0
[2026-07-03T16:45:17-0700] runner active pids=[70397, 70398, 70399]; freshness=1s; completed=1/2; current=gitlab_strong_allocation_spruce_fast_budget160_rep0
[2026-07-03T16:46:17-0700] runner active pids=[70397, 70398, 70399]; freshness=6s; completed=1/2; current=gitlab_strong_allocation_spruce_fast_budget160_rep0
[2026-07-03T16:47:17-0700] runner active pids=[70397, 70398, 70399]; freshness=4s; completed=1/2; current=gitlab_strong_allocation_spruce_fast_budget160_rep0
[2026-07-03T16:48:17-0700] runner active pids=[70397, 70398, 70399]; freshness=2s; completed=1/2; current=gitlab_strong_allocation_spruce_fast_budget160_rep0
[2026-07-03T16:49:17-0700] runner active pids=[70397, 70398, 70399]; freshness=6s; completed=1/2; current=gitlab_strong_allocation_spruce_fast_budget160_rep0
[2026-07-03T16:50:17-0700] runner active pids=[70397, 70398, 70399]; freshness=10s; completed=1/2; current=gitlab_strong_allocation_spruce_fast_budget160_rep0
[2026-07-03T16:51:17-0700] runner active pids=[70397, 70398, 70399]; freshness=5s; completed=1/2; current=gitlab_strong_allocation_spruce_fast_budget160_rep0
[2026-07-03T16:52:17-0700] runner active pids=[70397, 70398, 70399]; freshness=3s; completed=1/2; current=gitlab_strong_allocation_spruce_fast_budget160_rep0
[2026-07-03T16:53:17-0700] runner active pids=[70397, 70398, 70399]; freshness=15s; completed=1/2; current=gitlab_strong_allocation_spruce_fast_budget160_rep0
[2026-07-03T16:54:18-0700] runner active pids=[70397, 70398, 70399]; freshness=1s; completed=1/2; current=gitlab_strong_allocation_spruce_fast_budget160_rep0
[2026-07-03T16:55:18-0700] runner active pids=[70397, 70398, 70399]; freshness=2s; completed=1/2; current=gitlab_strong_allocation_spruce_fast_budget160_rep0
[2026-07-03T16:56:18-0700] runner active pids=[70397, 70398, 70399]; freshness=0s; completed=1/2; current=gitlab_strong_allocation_spruce_fast_budget160_rep0
[2026-07-03T16:57:18-0700] runner active pids=[70397, 70398, 70399]; freshness=4s; completed=1/2; current=gitlab_strong_allocation_spruce_fast_budget160_rep0
[2026-07-03T16:58:18-0700] runner active pids=[70397, 70398, 70399]; freshness=3s; completed=1/2; current=gitlab_strong_allocation_spruce_fast_budget160_rep0
[2026-07-03T16:59:18-0700] runner active pids=[70397, 70398, 70399]; freshness=3s; completed=1/2; current=gitlab_strong_allocation_spruce_fast_budget160_rep0
[2026-07-03T17:00:18-0700] runner active pids=[70397, 70398, 70399]; freshness=1s; completed=1/2; current=gitlab_strong_allocation_spruce_fast_budget160_rep0
[2026-07-03T17:01:18-0700] runner active pids=[70397, 70398, 70399]; freshness=8s; completed=1/2; current=gitlab_strong_allocation_spruce_fast_budget160_rep0
[2026-07-03T17:02:18-0700] runner active pids=[70397, 70398, 70399]; freshness=0s; completed=1/2; current=gitlab_strong_allocation_spruce_fast_budget160_rep0
[2026-07-03T17:03:18-0700] runner active pids=[70397, 70398, 70399]; freshness=0s; completed=1/2; current=gitlab_strong_allocation_spruce_fast_budget160_rep0
[2026-07-03T17:04:19-0700] runner active pids=[70397, 70398, 70399]; freshness=1s; completed=1/2; current=gitlab_strong_allocation_spruce_fast_budget160_rep0
[2026-07-03T17:05:19-0700] runner active pids=[70397, 70398, 70399]; freshness=2s; completed=1/2; current=gitlab_strong_allocation_spruce_fast_budget160_rep0
[2026-07-03T17:06:19-0700] runner active pids=[70397, 70398, 70399]; freshness=2s; completed=1/2; current=gitlab_strong_allocation_spruce_fast_budget160_rep0
[2026-07-03T17:07:19-0700] runner active pids=[70397, 70398, 70399]; freshness=3s; completed=1/2; current=gitlab_strong_allocation_spruce_fast_budget160_rep0
[2026-07-03T17:08:19-0700] runner active pids=[70397, 70398, 70399]; freshness=3s; completed=1/2; current=gitlab_strong_allocation_spruce_fast_budget160_rep0
[2026-07-03T17:09:19-0700] runner active pids=[70397, 70398, 70399]; freshness=0s; completed=1/2; current=gitlab_strong_allocation_spruce_fast_budget160_rep0
[2026-07-03T17:10:19-0700] runner active pids=[70397, 70398, 70399]; freshness=1s; completed=1/2; current=gitlab_strong_allocation_spruce_fast_budget160_rep0
[2026-07-03T17:11:19-0700] runner active pids=[70397, 70398, 70399]; freshness=0s; completed=1/2; current=gitlab_strong_allocation_spruce_fast_budget160_rep0
[2026-07-03T17:12:19-0700] runner active pids=[70397, 70398, 70399]; freshness=2s; completed=1/2; current=gitlab_strong_allocation_spruce_fast_budget160_rep0
[2026-07-03T17:13:20-0700] runner active pids=[70397, 70398, 70399]; freshness=1s; completed=1/2; current=gitlab_strong_allocation_spruce_fast_budget160_rep0
[2026-07-03T17:14:20-0700] runner active pids=[70397, 70398, 70399]; freshness=3s; completed=1/2; current=gitlab_strong_allocation_spruce_fast_budget160_rep0
[2026-07-03T17:15:20-0700] runner active pids=[70397, 70398, 70399]; freshness=2s; completed=1/2; current=gitlab_strong_allocation_spruce_fast_budget160_rep0
[2026-07-03T17:16:20-0700] runner active pids=[70397, 70398, 70399]; freshness=46s; completed=1/2; current=gitlab_strong_allocation_spruce_fast_budget160_rep0
[2026-07-03T17:17:20-0700] runner active pids=[70397, 70398, 70399]; freshness=106s; completed=1/2; current=gitlab_strong_allocation_spruce_fast_budget160_rep0
[2026-07-03T17:18:20-0700] runner active pids=[70397, 70398, 70399]; freshness=166s; completed=1/2; current=gitlab_strong_allocation_spruce_fast_budget160_rep0
[2026-07-03T17:19:20-0700] runner active pids=[70397, 70398, 70399]; freshness=226s; completed=1/2; current=gitlab_strong_allocation_spruce_fast_budget160_rep0
[2026-07-03T17:20:20-0700] runner active pids=[70397, 70398, 70399]; freshness=286s; completed=1/2; current=gitlab_strong_allocation_spruce_fast_budget160_rep0
[2026-07-03T17:21:20-0700] runner active pids=[70397, 70398, 70399]; freshness=346s; completed=1/2; current=gitlab_strong_allocation_spruce_fast_budget160_rep0
[2026-07-03T17:22:21-0700] runner active pids=[70397, 70398, 70399]; freshness=407s; completed=1/2; current=gitlab_strong_allocation_spruce_fast_budget160_rep0
[2026-07-03T17:23:21-0700] runner active pids=[70397, 70398, 70399]; freshness=467s; completed=1/2; current=gitlab_strong_allocation_spruce_fast_budget160_rep0
[2026-07-03T17:24:21-0700] runner active pids=[70397, 70398, 70399]; freshness=527s; completed=1/2; current=gitlab_strong_allocation_spruce_fast_budget160_rep0
[2026-07-03T17:25:21-0700] runner active pids=[70397, 70398, 70399]; freshness=587s; completed=1/2; current=gitlab_strong_allocation_spruce_fast_budget160_rep0
[2026-07-03T17:26:21-0700] stale runner detected age=647s pids=[70397, 70398, 70399]; terminating and resuming
[2026-07-03T17:26:27-0700] launched resume session=gitlab_alloc_resume_ast_budget160_rep0_60 job=gitlab_strong_allocation_spruce_fast_budget160_rep0 next_t=60 merged=/Users/sanjay/projects/BerkeleyProjects/Research/IanWaudbySmith/coldStartPrompts/results/gitlab_strong_arm/allocation_160_generic12_oracle_fast/logs/gitlab_strong_allocation_spruce_fast_budget160_rep0_trial0_2026-07-03T22-39-51Z_MERGED_SO_FAR.jsonl
[2026-07-03T17:27:27-0700] runner active pids=[77794, 77795, 77796]; freshness=6s; completed=1/2; current=gitlab_strong_allocation_spruce_fast_budget160_rep0
[2026-07-03T17:28:27-0700] runner active pids=[77794, 77795, 77796]; freshness=2s; completed=1/2; current=gitlab_strong_allocation_spruce_fast_budget160_rep0
[2026-07-03T17:29:27-0700] runner active pids=[77794, 77795, 77796]; freshness=5s; completed=1/2; current=gitlab_strong_allocation_spruce_fast_budget160_rep0
[2026-07-03T17:30:27-0700] runner active pids=[77794, 77795, 77796]; freshness=13s; completed=1/2; current=gitlab_strong_allocation_spruce_fast_budget160_rep0
[2026-07-03T17:31:27-0700] runner active pids=[77794, 77795, 77796]; freshness=9s; completed=1/2; current=gitlab_strong_allocation_spruce_fast_budget160_rep0
[2026-07-03T17:32:27-0700] runner active pids=[77794, 77795, 77796]; freshness=0s; completed=1/2; current=gitlab_strong_allocation_spruce_fast_budget160_rep0
[2026-07-03T17:33:27-0700] runner active pids=[77794, 77795, 77796]; freshness=1s; completed=1/2; current=gitlab_strong_allocation_spruce_fast_budget160_rep0
[2026-07-03T17:34:27-0700] runner active pids=[77794, 77795, 77796]; freshness=2s; completed=1/2; current=gitlab_strong_allocation_spruce_fast_budget160_rep0
[2026-07-03T17:35:28-0700] runner active pids=[77794, 77795, 77796]; freshness=2s; completed=1/2; current=gitlab_strong_allocation_spruce_fast_budget160_rep0
[2026-07-03T17:36:28-0700] runner active pids=[77794, 77795, 77796]; freshness=2s; completed=1/2; current=gitlab_strong_allocation_spruce_fast_budget160_rep0
[2026-07-03T17:37:28-0700] runner active pids=[77794, 77795, 77796]; freshness=7s; completed=1/2; current=gitlab_strong_allocation_spruce_fast_budget160_rep0
[2026-07-03T17:38:28-0700] runner active pids=[77794, 77795, 77796]; freshness=3s; completed=1/2; current=gitlab_strong_allocation_spruce_fast_budget160_rep0
[2026-07-03T17:39:28-0700] runner active pids=[77794, 77795, 77796]; freshness=7s; completed=1/2; current=gitlab_strong_allocation_spruce_fast_budget160_rep0
[2026-07-03T17:40:28-0700] runner active pids=[77794, 77795, 77796]; freshness=2s; completed=1/2; current=gitlab_strong_allocation_spruce_fast_budget160_rep0
[2026-07-03T17:41:28-0700] runner active pids=[77794, 77795, 77796]; freshness=1s; completed=1/2; current=gitlab_strong_allocation_spruce_fast_budget160_rep0
[2026-07-03T17:42:28-0700] runner active pids=[77794, 77795, 77796]; freshness=2s; completed=1/2; current=gitlab_strong_allocation_spruce_fast_budget160_rep0
[2026-07-03T17:43:28-0700] runner active pids=[77794, 77795, 77796]; freshness=8s; completed=1/2; current=gitlab_strong_allocation_spruce_fast_budget160_rep0
[2026-07-03T17:44:29-0700] runner active pids=[77794, 77795, 77796]; freshness=1s; completed=1/2; current=gitlab_strong_allocation_spruce_fast_budget160_rep0
[2026-07-03T17:45:29-0700] runner active pids=[77794, 77795, 77796]; freshness=0s; completed=1/2; current=gitlab_strong_allocation_spruce_fast_budget160_rep0
[2026-07-03T17:46:29-0700] runner active pids=[77794, 77795, 77796]; freshness=4s; completed=1/2; current=gitlab_strong_allocation_spruce_fast_budget160_rep0
[2026-07-03T17:47:29-0700] runner active pids=[77794, 77795, 77796]; freshness=0s; completed=1/2; current=gitlab_strong_allocation_spruce_fast_budget160_rep0
[2026-07-03T17:48:29-0700] runner active pids=[77794, 77795, 77796]; freshness=8s; completed=1/2; current=gitlab_strong_allocation_spruce_fast_budget160_rep0
[2026-07-03T17:49:29-0700] runner active pids=[77794, 77795, 77796]; freshness=1s; completed=1/2; current=gitlab_strong_allocation_spruce_fast_budget160_rep0
[2026-07-03T17:50:29-0700] runner active pids=[77794, 77795, 77796]; freshness=1s; completed=1/2; current=gitlab_strong_allocation_spruce_fast_budget160_rep0
[2026-07-03T17:51:29-0700] runner active pids=[77794, 77795, 77796]; freshness=2s; completed=1/2; current=gitlab_strong_allocation_spruce_fast_budget160_rep0
[2026-07-03T17:52:29-0700] runner active pids=[77794, 77795, 77796]; freshness=0s; completed=1/2; current=gitlab_strong_allocation_spruce_fast_budget160_rep0
[2026-07-03T17:53:30-0700] runner active pids=[77794, 77795, 77796]; freshness=3s; completed=1/2; current=gitlab_strong_allocation_spruce_fast_budget160_rep0
[2026-07-03T17:54:30-0700] runner active pids=[77794, 77795, 77796]; freshness=1s; completed=1/2; current=gitlab_strong_allocation_spruce_fast_budget160_rep0
[2026-07-03T17:55:30-0700] runner active pids=[77794, 77795, 77796]; freshness=2s; completed=1/2; current=gitlab_strong_allocation_spruce_fast_budget160_rep0
[2026-07-03T17:56:30-0700] runner active pids=[77794, 77795, 77796]; freshness=0s; completed=1/2; current=gitlab_strong_allocation_spruce_fast_budget160_rep0
[2026-07-03T17:57:30-0700] runner active pids=[77794, 77795, 77796]; freshness=0s; completed=1/2; current=gitlab_strong_allocation_spruce_fast_budget160_rep0
[2026-07-03T17:58:30-0700] runner active pids=[77794, 77795, 77796]; freshness=2s; completed=1/2; current=gitlab_strong_allocation_spruce_fast_budget160_rep0
[2026-07-03T17:59:30-0700] runner active pids=[77794, 77795, 77796]; freshness=1s; completed=1/2; current=gitlab_strong_allocation_spruce_fast_budget160_rep0
[2026-07-03T18:00:30-0700] runner active pids=[77794, 77795, 77796]; freshness=3s; completed=1/2; current=gitlab_strong_allocation_spruce_fast_budget160_rep0
[2026-07-03T18:01:30-0700] runner active pids=[77794, 77795, 77796]; freshness=1s; completed=1/2; current=gitlab_strong_allocation_spruce_fast_budget160_rep0
[2026-07-03T18:02:31-0700] runner active pids=[77794, 77795, 77796]; freshness=1s; completed=1/2; current=gitlab_strong_allocation_spruce_fast_budget160_rep0
[2026-07-03T18:03:31-0700] runner active pids=[77794, 77795, 77796]; freshness=8s; completed=1/2; current=gitlab_strong_allocation_spruce_fast_budget160_rep0
[2026-07-03T18:04:31-0700] runner active pids=[77794, 77795, 77796]; freshness=7s; completed=1/2; current=gitlab_strong_allocation_spruce_fast_budget160_rep0
[2026-07-03T18:05:31-0700] runner active pids=[77794, 77795, 77796]; freshness=8s; completed=1/2; current=gitlab_strong_allocation_spruce_fast_budget160_rep0
[2026-07-03T18:06:31-0700] runner active pids=[77794, 77795, 77796]; freshness=14s; completed=1/2; current=gitlab_strong_allocation_spruce_fast_budget160_rep0
[2026-07-03T18:07:31-0700] runner active pids=[77794, 77795, 77796]; freshness=74s; completed=1/2; current=gitlab_strong_allocation_spruce_fast_budget160_rep0
[2026-07-03T18:08:31-0700] runner active pids=[77794, 77795, 77796]; freshness=134s; completed=1/2; current=gitlab_strong_allocation_spruce_fast_budget160_rep0
[2026-07-03T18:09:31-0700] runner active pids=[77794, 77795, 77796]; freshness=194s; completed=1/2; current=gitlab_strong_allocation_spruce_fast_budget160_rep0
[2026-07-03T18:10:32-0700] runner active pids=[77794, 77795, 77796]; freshness=254s; completed=1/2; current=gitlab_strong_allocation_spruce_fast_budget160_rep0
[2026-07-03T18:11:32-0700] runner active pids=[77794, 77795, 77796]; freshness=315s; completed=1/2; current=gitlab_strong_allocation_spruce_fast_budget160_rep0
[2026-07-03T18:12:32-0700] runner active pids=[77794, 77795, 77796]; freshness=375s; completed=1/2; current=gitlab_strong_allocation_spruce_fast_budget160_rep0
[2026-07-03T18:13:32-0700] runner active pids=[77794, 77795, 77796]; freshness=435s; completed=1/2; current=gitlab_strong_allocation_spruce_fast_budget160_rep0
[2026-07-03T18:14:32-0700] runner active pids=[77794, 77795, 77796]; freshness=495s; completed=1/2; current=gitlab_strong_allocation_spruce_fast_budget160_rep0
[2026-07-03T18:15:32-0700] runner active pids=[77794, 77795, 77796]; freshness=555s; completed=1/2; current=gitlab_strong_allocation_spruce_fast_budget160_rep0
[2026-07-03T18:16:32-0700] stale runner detected age=615s pids=[77794, 77795, 77796]; terminating and resuming
[2026-07-03T18:16:38-0700] launched resume session=gitlab_alloc_resume_ast_budget160_rep0_89 job=gitlab_strong_allocation_spruce_fast_budget160_rep0 next_t=89 merged=/Users/sanjay/projects/BerkeleyProjects/Research/IanWaudbySmith/coldStartPrompts/results/gitlab_strong_arm/allocation_160_generic12_oracle_fast/logs/gitlab_strong_allocation_spruce_fast_budget160_rep0_trial0_2026-07-03T22-39-51Z_MERGED_SO_FAR.jsonl
[2026-07-03T18:17:38-0700] runner active pids=[85833, 85834, 85835]; freshness=1s; completed=1/2; current=gitlab_strong_allocation_spruce_fast_budget160_rep0
[2026-07-03T18:18:38-0700] runner active pids=[85833, 85834, 85835]; freshness=4s; completed=1/2; current=gitlab_strong_allocation_spruce_fast_budget160_rep0
[2026-07-03T18:19:38-0700] runner active pids=[85833, 85834, 85835]; freshness=2s; completed=1/2; current=gitlab_strong_allocation_spruce_fast_budget160_rep0
[2026-07-03T18:20:38-0700] runner active pids=[85833, 85834, 85835]; freshness=6s; completed=1/2; current=gitlab_strong_allocation_spruce_fast_budget160_rep0
[2026-07-03T18:21:38-0700] runner active pids=[85833, 85834, 85835]; freshness=9s; completed=1/2; current=gitlab_strong_allocation_spruce_fast_budget160_rep0
[2026-07-03T18:22:38-0700] runner active pids=[85833, 85834, 85835]; freshness=0s; completed=1/2; current=gitlab_strong_allocation_spruce_fast_budget160_rep0
[2026-07-03T18:23:39-0700] runner active pids=[85833, 85834, 85835]; freshness=0s; completed=1/2; current=gitlab_strong_allocation_spruce_fast_budget160_rep0
[2026-07-03T18:24:39-0700] runner active pids=[85833, 85834, 85835]; freshness=1s; completed=1/2; current=gitlab_strong_allocation_spruce_fast_budget160_rep0
[2026-07-03T18:25:39-0700] runner active pids=[85833, 85834, 85835]; freshness=1s; completed=1/2; current=gitlab_strong_allocation_spruce_fast_budget160_rep0
[2026-07-03T18:26:39-0700] runner active pids=[85833, 85834, 85835]; freshness=0s; completed=1/2; current=gitlab_strong_allocation_spruce_fast_budget160_rep0
[2026-07-03T18:27:39-0700] runner active pids=[85833, 85834, 85835]; freshness=1s; completed=1/2; current=gitlab_strong_allocation_spruce_fast_budget160_rep0
[2026-07-03T18:28:39-0700] runner active pids=[85833, 85834, 85835]; freshness=2s; completed=1/2; current=gitlab_strong_allocation_spruce_fast_budget160_rep0
[2026-07-03T18:29:39-0700] runner active pids=[85833, 85834, 85835]; freshness=3s; completed=1/2; current=gitlab_strong_allocation_spruce_fast_budget160_rep0
[2026-07-03T18:30:39-0700] runner active pids=[85833, 85834, 85835]; freshness=1s; completed=1/2; current=gitlab_strong_allocation_spruce_fast_budget160_rep0
[2026-07-03T18:31:39-0700] runner active pids=[85833, 85834, 85835]; freshness=3s; completed=1/2; current=gitlab_strong_allocation_spruce_fast_budget160_rep0
[2026-07-03T18:32:40-0700] runner active pids=[85833, 85834, 85835]; freshness=1s; completed=1/2; current=gitlab_strong_allocation_spruce_fast_budget160_rep0
[2026-07-03T18:33:40-0700] runner active pids=[85833, 85834, 85835]; freshness=2s; completed=1/2; current=gitlab_strong_allocation_spruce_fast_budget160_rep0
[2026-07-03T18:34:40-0700] runner active pids=[85833, 85834, 85835]; freshness=3s; completed=1/2; current=gitlab_strong_allocation_spruce_fast_budget160_rep0
[2026-07-03T18:35:40-0700] runner active pids=[85833, 85834, 85835]; freshness=2s; completed=1/2; current=gitlab_strong_allocation_spruce_fast_budget160_rep0
[2026-07-03T18:36:40-0700] runner active pids=[85833, 85834, 85835]; freshness=4s; completed=1/2; current=gitlab_strong_allocation_spruce_fast_budget160_rep0
[2026-07-03T18:37:40-0700] runner active pids=[85833, 85834, 85835]; freshness=4s; completed=1/2; current=gitlab_strong_allocation_spruce_fast_budget160_rep0
[2026-07-03T18:38:40-0700] runner active pids=[85833, 85834, 85835]; freshness=0s; completed=1/2; current=gitlab_strong_allocation_spruce_fast_budget160_rep0
[2026-07-03T18:39:40-0700] runner active pids=[85833, 85834, 85835]; freshness=0s; completed=1/2; current=gitlab_strong_allocation_spruce_fast_budget160_rep0
[2026-07-03T18:40:41-0700] runner active pids=[85833, 85834, 85835]; freshness=0s; completed=1/2; current=gitlab_strong_allocation_spruce_fast_budget160_rep0
[2026-07-03T18:41:41-0700] runner active pids=[85833, 85834, 85835]; freshness=4s; completed=1/2; current=gitlab_strong_allocation_spruce_fast_budget160_rep0
[2026-07-03T18:42:41-0700] runner active pids=[85833, 85834, 85835]; freshness=6s; completed=1/2; current=gitlab_strong_allocation_spruce_fast_budget160_rep0
[2026-07-03T18:43:41-0700] runner active pids=[85833, 85834, 85835]; freshness=12s; completed=1/2; current=gitlab_strong_allocation_spruce_fast_budget160_rep0
[2026-07-03T18:44:41-0700] runner active pids=[85833, 85834, 85835]; freshness=12s; completed=1/2; current=gitlab_strong_allocation_spruce_fast_budget160_rep0
[2026-07-03T18:45:41-0700] runner active pids=[85833, 85834, 85835]; freshness=2s; completed=1/2; current=gitlab_strong_allocation_spruce_fast_budget160_rep0
[2026-07-03T18:46:41-0700] runner active pids=[85833, 85834, 85835]; freshness=0s; completed=1/2; current=gitlab_strong_allocation_spruce_fast_budget160_rep0
[2026-07-03T18:47:41-0700] runner active pids=[85833, 85834, 85835]; freshness=3s; completed=1/2; current=gitlab_strong_allocation_spruce_fast_budget160_rep0
[2026-07-03T18:48:41-0700] runner active pids=[85833, 85834, 85835]; freshness=2s; completed=1/2; current=gitlab_strong_allocation_spruce_fast_budget160_rep0
[2026-07-03T18:49:42-0700] runner active pids=[85833, 85834, 85835]; freshness=2s; completed=1/2; current=gitlab_strong_allocation_spruce_fast_budget160_rep0
[2026-07-03T18:50:42-0700] runner active pids=[85833, 85834, 85835]; freshness=2s; completed=1/2; current=gitlab_strong_allocation_spruce_fast_budget160_rep0
[2026-07-03T18:51:42-0700] runner active pids=[85833, 85834, 85835]; freshness=0s; completed=1/2; current=gitlab_strong_allocation_spruce_fast_budget160_rep0
[2026-07-03T18:52:42-0700] runner active pids=[85833, 85834, 85835]; freshness=9s; completed=1/2; current=gitlab_strong_allocation_spruce_fast_budget160_rep0
[2026-07-03T18:53:42-0700] runner active pids=[85833, 85834, 85835]; freshness=4s; completed=1/2; current=gitlab_strong_allocation_spruce_fast_budget160_rep0
[2026-07-03T18:54:42-0700] runner active pids=[85833, 85834, 85835]; freshness=1s; completed=1/2; current=gitlab_strong_allocation_spruce_fast_budget160_rep0
[2026-07-03T18:55:42-0700] runner active pids=[85833, 85834, 85835]; freshness=5s; completed=1/2; current=gitlab_strong_allocation_spruce_fast_budget160_rep0
[2026-07-03T18:56:42-0700] runner active pids=[85833, 85834, 85835]; freshness=4s; completed=1/2; current=gitlab_strong_allocation_spruce_fast_budget160_rep0
[2026-07-03T18:57:42-0700] runner active pids=[85833, 85834, 85835]; freshness=4s; completed=1/2; current=gitlab_strong_allocation_spruce_fast_budget160_rep0
[2026-07-03T18:58:43-0700] runner active pids=[85833, 85834, 85835]; freshness=1s; completed=1/2; current=gitlab_strong_allocation_spruce_fast_budget160_rep0
[2026-07-03T18:59:43-0700] runner active pids=[85833, 85834, 85835]; freshness=1s; completed=1/2; current=gitlab_strong_allocation_spruce_fast_budget160_rep0
[2026-07-03T19:00:43-0700] runner active pids=[85833, 85834, 85835]; freshness=42s; completed=1/2; current=gitlab_strong_allocation_spruce_fast_budget160_rep0
[2026-07-03T19:01:43-0700] runner active pids=[85833, 85834, 85835]; freshness=102s; completed=1/2; current=gitlab_strong_allocation_spruce_fast_budget160_rep0
[2026-07-03T19:02:43-0700] runner active pids=[85833, 85834, 85835]; freshness=162s; completed=1/2; current=gitlab_strong_allocation_spruce_fast_budget160_rep0
[2026-07-03T19:03:43-0700] runner active pids=[85833, 85834, 85835]; freshness=222s; completed=1/2; current=gitlab_strong_allocation_spruce_fast_budget160_rep0
[2026-07-03T19:04:43-0700] runner active pids=[85833, 85834, 85835]; freshness=282s; completed=1/2; current=gitlab_strong_allocation_spruce_fast_budget160_rep0
[2026-07-03T19:05:43-0700] runner active pids=[85833, 85834, 85835]; freshness=342s; completed=1/2; current=gitlab_strong_allocation_spruce_fast_budget160_rep0
[2026-07-03T19:06:43-0700] runner active pids=[85833, 85834, 85835]; freshness=402s; completed=1/2; current=gitlab_strong_allocation_spruce_fast_budget160_rep0
[2026-07-03T19:07:44-0700] runner active pids=[85833, 85834, 85835]; freshness=463s; completed=1/2; current=gitlab_strong_allocation_spruce_fast_budget160_rep0
[2026-07-03T19:08:44-0700] runner active pids=[85833, 85834, 85835]; freshness=523s; completed=1/2; current=gitlab_strong_allocation_spruce_fast_budget160_rep0
[2026-07-03T19:09:44-0700] runner active pids=[85833, 85834, 85835]; freshness=583s; completed=1/2; current=gitlab_strong_allocation_spruce_fast_budget160_rep0
[2026-07-03T19:10:44-0700] stale runner detected age=643s pids=[85833, 85834, 85835]; terminating and resuming
[2026-07-03T19:10:49-0700] launched resume session=gitlab_alloc_resume_ast_budget160_rep0_118 job=gitlab_strong_allocation_spruce_fast_budget160_rep0 next_t=118 merged=/Users/sanjay/projects/BerkeleyProjects/Research/IanWaudbySmith/coldStartPrompts/results/gitlab_strong_arm/allocation_160_generic12_oracle_fast/logs/gitlab_strong_allocation_spruce_fast_budget160_rep0_trial0_2026-07-03T22-39-51Z_MERGED_SO_FAR.jsonl
[2026-07-03T19:11:50-0700] runner active pids=[92928, 92929, 92931]; freshness=2s; completed=1/2; current=gitlab_strong_allocation_spruce_fast_budget160_rep0
[2026-07-03T19:12:50-0700] runner active pids=[92928, 92929, 92931]; freshness=0s; completed=1/2; current=gitlab_strong_allocation_spruce_fast_budget160_rep0
[2026-07-03T19:13:50-0700] runner active pids=[92928, 92929, 92931]; freshness=2s; completed=1/2; current=gitlab_strong_allocation_spruce_fast_budget160_rep0
[2026-07-03T19:14:50-0700] runner active pids=[92928, 92929, 92931]; freshness=1s; completed=1/2; current=gitlab_strong_allocation_spruce_fast_budget160_rep0
[2026-07-03T19:15:50-0700] runner active pids=[92928, 92929, 92931]; freshness=1s; completed=1/2; current=gitlab_strong_allocation_spruce_fast_budget160_rep0
[2026-07-03T19:16:50-0700] runner active pids=[92928, 92929, 92931]; freshness=6s; completed=1/2; current=gitlab_strong_allocation_spruce_fast_budget160_rep0
[2026-07-03T19:17:50-0700] runner active pids=[92928, 92929, 92931]; freshness=0s; completed=1/2; current=gitlab_strong_allocation_spruce_fast_budget160_rep0
[2026-07-03T19:18:50-0700] runner active pids=[92928, 92929, 92931]; freshness=1s; completed=1/2; current=gitlab_strong_allocation_spruce_fast_budget160_rep0
[2026-07-03T19:19:50-0700] runner active pids=[92928, 92929, 92931]; freshness=1s; completed=1/2; current=gitlab_strong_allocation_spruce_fast_budget160_rep0
[2026-07-03T19:20:50-0700] runner active pids=[92928, 92929, 92931]; freshness=0s; completed=1/2; current=gitlab_strong_allocation_spruce_fast_budget160_rep0
[2026-07-03T19:21:51-0700] runner active pids=[92928, 92929, 92931]; freshness=1s; completed=1/2; current=gitlab_strong_allocation_spruce_fast_budget160_rep0
[2026-07-03T19:22:51-0700] runner active pids=[92928, 92929, 92931]; freshness=2s; completed=1/2; current=gitlab_strong_allocation_spruce_fast_budget160_rep0
[2026-07-03T19:23:51-0700] runner active pids=[92928, 92929, 92931]; freshness=3s; completed=1/2; current=gitlab_strong_allocation_spruce_fast_budget160_rep0
[2026-07-03T19:24:51-0700] runner active pids=[92928, 92929, 92931]; freshness=2s; completed=1/2; current=gitlab_strong_allocation_spruce_fast_budget160_rep0
[2026-07-03T19:25:51-0700] runner active pids=[92928, 92929, 92931]; freshness=6s; completed=1/2; current=gitlab_strong_allocation_spruce_fast_budget160_rep0
[2026-07-03T19:26:51-0700] runner active pids=[92928, 92929, 92931]; freshness=1s; completed=1/2; current=gitlab_strong_allocation_spruce_fast_budget160_rep0
[2026-07-03T19:27:51-0700] runner active pids=[92928, 92929, 92931]; freshness=2s; completed=1/2; current=gitlab_strong_allocation_spruce_fast_budget160_rep0
[2026-07-03T19:28:51-0700] runner active pids=[92928, 92929, 92931]; freshness=0s; completed=1/2; current=gitlab_strong_allocation_spruce_fast_budget160_rep0
[2026-07-03T19:29:52-0700] runner active pids=[92928, 92929, 92931]; freshness=6s; completed=1/2; current=gitlab_strong_allocation_spruce_fast_budget160_rep0
[2026-07-03T19:30:52-0700] runner active pids=[92928, 92929, 92931]; freshness=4s; completed=1/2; current=gitlab_strong_allocation_spruce_fast_budget160_rep0
[2026-07-03T19:31:52-0700] runner active pids=[92928, 92929, 92931]; freshness=1s; completed=1/2; current=gitlab_strong_allocation_spruce_fast_budget160_rep0
[2026-07-03T19:32:52-0700] runner active pids=[92928, 92929, 92931]; freshness=0s; completed=1/2; current=gitlab_strong_allocation_spruce_fast_budget160_rep0
[2026-07-03T19:33:52-0700] runner active pids=[92928, 92929, 92931]; freshness=3s; completed=1/2; current=gitlab_strong_allocation_spruce_fast_budget160_rep0
[2026-07-03T19:34:52-0700] runner active pids=[92928, 92929, 92931]; freshness=2s; completed=1/2; current=gitlab_strong_allocation_spruce_fast_budget160_rep0
[2026-07-03T19:35:52-0700] runner active pids=[92928, 92929, 92931]; freshness=1s; completed=1/2; current=gitlab_strong_allocation_spruce_fast_budget160_rep0
[2026-07-03T19:36:52-0700] runner active pids=[92928, 92929, 92931]; freshness=4s; completed=1/2; current=gitlab_strong_allocation_spruce_fast_budget160_rep0
[2026-07-03T19:37:52-0700] runner active pids=[92928, 92929, 92931]; freshness=14s; completed=1/2; current=gitlab_strong_allocation_spruce_fast_budget160_rep0
[2026-07-03T19:38:53-0700] runner active pids=[92928, 92929, 92931]; freshness=2s; completed=1/2; current=gitlab_strong_allocation_spruce_fast_budget160_rep0
[2026-07-03T19:39:53-0700] runner active pids=[92928, 92929, 92931]; freshness=4s; completed=1/2; current=gitlab_strong_allocation_spruce_fast_budget160_rep0
[2026-07-03T19:40:53-0700] runner active pids=[92928, 92929, 92931]; freshness=0s; completed=1/2; current=gitlab_strong_allocation_spruce_fast_budget160_rep0
[2026-07-03T19:41:53-0700] runner active pids=[92928, 92929, 92931]; freshness=4s; completed=1/2; current=gitlab_strong_allocation_spruce_fast_budget160_rep0
[2026-07-03T19:42:53-0700] runner active pids=[92928, 92929, 92931]; freshness=1s; completed=1/2; current=gitlab_strong_allocation_spruce_fast_budget160_rep0
[2026-07-03T19:43:53-0700] runner active pids=[92928, 92929, 92931]; freshness=1s; completed=1/2; current=gitlab_strong_allocation_spruce_fast_budget160_rep0
[2026-07-03T19:44:53-0700] runner active pids=[92928, 92929, 92931]; freshness=2s; completed=1/2; current=gitlab_strong_allocation_spruce_fast_budget160_rep0
[2026-07-03T19:45:53-0700] runner active pids=[92928, 92929, 92931]; freshness=2s; completed=1/2; current=gitlab_strong_allocation_spruce_fast_budget160_rep0
[2026-07-03T19:46:54-0700] runner active pids=[92928, 92929, 92931]; freshness=1s; completed=1/2; current=gitlab_strong_allocation_spruce_fast_budget160_rep0
[2026-07-03T19:47:54-0700] runner active pids=[92928, 92929, 92931]; freshness=18s; completed=1/2; current=gitlab_strong_allocation_spruce_fast_budget160_rep0
[2026-07-03T19:48:54-0700] runner active pids=[92928, 92929, 92931]; freshness=1s; completed=1/2; current=gitlab_strong_allocation_spruce_fast_budget160_rep0
[2026-07-03T19:49:54-0700] runner active pids=[92928, 92929, 92931]; freshness=6s; completed=1/2; current=gitlab_strong_allocation_spruce_fast_budget160_rep0
[2026-07-03T19:50:54-0700] runner active pids=[92928, 92929, 92931]; freshness=7s; completed=1/2; current=gitlab_strong_allocation_spruce_fast_budget160_rep0
[2026-07-03T19:51:54-0700] runner active pids=[92928, 92929, 92931]; freshness=4s; completed=1/2; current=gitlab_strong_allocation_spruce_fast_budget160_rep0
[2026-07-03T19:52:54-0700] runner active pids=[92928, 92929, 92931]; freshness=14s; completed=1/2; current=gitlab_strong_allocation_spruce_fast_budget160_rep0
[2026-07-03T19:53:54-0700] runner active pids=[92928, 92929, 92931]; freshness=5s; completed=1/2; current=gitlab_strong_allocation_spruce_fast_budget160_rep0
[2026-07-03T19:54:54-0700] runner active pids=[92928, 92929, 92931]; freshness=14s; completed=1/2; current=gitlab_strong_allocation_spruce_fast_budget160_rep0
[2026-07-03T19:55:55-0700] runner active pids=[92928, 92929, 92931]; freshness=48s; completed=1/2; current=gitlab_strong_allocation_spruce_fast_budget160_rep0
[2026-07-03T19:56:55-0700] runner active pids=[92928, 92929, 92931]; freshness=108s; completed=1/2; current=gitlab_strong_allocation_spruce_fast_budget160_rep0
[2026-07-03T19:57:55-0700] runner active pids=[92928, 92929, 92931]; freshness=168s; completed=1/2; current=gitlab_strong_allocation_spruce_fast_budget160_rep0
[2026-07-03T19:58:55-0700] runner active pids=[92928, 92929, 92931]; freshness=228s; completed=1/2; current=gitlab_strong_allocation_spruce_fast_budget160_rep0
[2026-07-03T19:59:55-0700] runner active pids=[92928, 92929, 92931]; freshness=288s; completed=1/2; current=gitlab_strong_allocation_spruce_fast_budget160_rep0
[2026-07-03T20:00:55-0700] runner active pids=[92928, 92929, 92931]; freshness=348s; completed=1/2; current=gitlab_strong_allocation_spruce_fast_budget160_rep0
[2026-07-03T20:01:55-0700] runner active pids=[92928, 92929, 92931]; freshness=408s; completed=1/2; current=gitlab_strong_allocation_spruce_fast_budget160_rep0
[2026-07-03T20:02:55-0700] runner active pids=[92928, 92929, 92931]; freshness=468s; completed=1/2; current=gitlab_strong_allocation_spruce_fast_budget160_rep0
[2026-07-03T20:03:55-0700] runner active pids=[92928, 92929, 92931]; freshness=528s; completed=1/2; current=gitlab_strong_allocation_spruce_fast_budget160_rep0
[2026-07-03T20:04:56-0700] runner active pids=[92928, 92929, 92931]; freshness=589s; completed=1/2; current=gitlab_strong_allocation_spruce_fast_budget160_rep0
[2026-07-03T20:05:56-0700] stale runner detected age=649s pids=[92928, 92929, 92931]; terminating and resuming
[2026-07-03T20:06:01-0700] launched resume session=gitlab_alloc_resume_ast_budget160_rep0_148 job=gitlab_strong_allocation_spruce_fast_budget160_rep0 next_t=148 merged=/Users/sanjay/projects/BerkeleyProjects/Research/IanWaudbySmith/coldStartPrompts/results/gitlab_strong_arm/allocation_160_generic12_oracle_fast/logs/gitlab_strong_allocation_spruce_fast_budget160_rep0_trial0_2026-07-03T22-39-51Z_MERGED_SO_FAR.jsonl
[2026-07-03T20:07:01-0700] runner active pids=[287, 288, 289]; freshness=4s; completed=1/2; current=gitlab_strong_allocation_spruce_fast_budget160_rep0
[2026-07-03T20:08:01-0700] runner active pids=[287, 288, 289]; freshness=7s; completed=1/2; current=gitlab_strong_allocation_spruce_fast_budget160_rep0
[2026-07-03T20:09:02-0700] runner active pids=[287, 288, 289]; freshness=0s; completed=1/2; current=gitlab_strong_allocation_spruce_fast_budget160_rep0
[2026-07-03T20:10:02-0700] runner active pids=[287, 288, 289]; freshness=5s; completed=1/2; current=gitlab_strong_allocation_spruce_fast_budget160_rep0
[2026-07-03T20:11:02-0700] runner active pids=[287, 288, 289]; freshness=2s; completed=1/2; current=gitlab_strong_allocation_spruce_fast_budget160_rep0
[2026-07-03T20:12:02-0700] runner active pids=[287, 288, 289]; freshness=0s; completed=1/2; current=gitlab_strong_allocation_spruce_fast_budget160_rep0
[2026-07-03T20:13:02-0700] runner active pids=[287, 288, 289]; freshness=4s; completed=1/2; current=gitlab_strong_allocation_spruce_fast_budget160_rep0
[2026-07-03T20:14:02-0700] runner active pids=[287, 288, 289]; freshness=20s; completed=1/2; current=gitlab_strong_allocation_spruce_fast_budget160_rep0
[2026-07-03T20:15:02-0700] runner active pids=[287, 288, 289]; freshness=1s; completed=1/2; current=gitlab_strong_allocation_spruce_fast_budget160_rep0
[2026-07-03T20:16:02-0700] runner active pids=[287, 288, 289]; freshness=1s; completed=1/2; current=gitlab_strong_allocation_spruce_fast_budget160_rep0
[2026-07-03T20:17:02-0700] runner active pids=[287, 288, 289]; freshness=2s; completed=1/2; current=gitlab_strong_allocation_spruce_fast_budget160_rep0
[2026-07-03T20:18:03-0700] runner active pids=[287, 288, 289]; freshness=0s; completed=1/2; current=gitlab_strong_allocation_spruce_fast_budget160_rep0
[2026-07-03T20:19:03-0700] runner active pids=[287, 288, 289]; freshness=4s; completed=1/2; current=gitlab_strong_allocation_spruce_fast_budget160_rep0
[2026-07-03T20:20:03-0700] runner active pids=[287, 288, 289]; freshness=2s; completed=1/2; current=gitlab_strong_allocation_spruce_fast_budget160_rep0
[2026-07-03T20:21:03-0700] runner active pids=[287, 288, 289]; freshness=0s; completed=1/2; current=gitlab_strong_allocation_spruce_fast_budget160_rep0
[2026-07-03T20:22:03-0700] runner active pids=[287, 288, 289]; freshness=3s; completed=1/2; current=gitlab_strong_allocation_spruce_fast_budget160_rep0
[2026-07-03T20:23:03-0700] runner active pids=[287, 288, 289]; freshness=4s; completed=1/2; current=gitlab_strong_allocation_spruce_fast_budget160_rep0
[2026-07-03T20:24:03-0700] runner active pids=[287, 288, 289]; freshness=2s; completed=1/2; current=gitlab_strong_allocation_spruce_fast_budget160_rep0
[2026-07-03T20:25:03-0700] runner active pids=[287, 288, 289]; freshness=11s; completed=1/2; current=gitlab_strong_allocation_spruce_fast_budget160_rep0
[2026-07-03T20:26:03-0700] merged gitlab_strong_allocation_spruce_fast_budget160_rep0 FULL log: /Users/sanjay/projects/BerkeleyProjects/Research/IanWaudbySmith/coldStartPrompts/results/gitlab_strong_arm/allocation_160_generic12_oracle_fast/logs/gitlab_strong_allocation_spruce_fast_budget160_rep0_trial0_2026-07-03T22-39-51Z_FULL.jsonl rows=160 successes=96
[2026-07-03T20:26:03-0700] all GitLab allocation 160 jobs have complete FULL logs
[2026-07-03T20:27:04-0700] all GitLab allocation 160 jobs have complete FULL logs
[2026-07-03T20:28:04-0700] all GitLab allocation 160 jobs have complete FULL logs
[2026-07-03T20:29:04-0700] all GitLab allocation 160 jobs have complete FULL logs
[2026-07-03T20:30:04-0700] all GitLab allocation 160 jobs have complete FULL logs
[2026-07-03T20:31:04-0700] all GitLab allocation 160 jobs have complete FULL logs
[2026-07-03T20:32:04-0700] all GitLab allocation 160 jobs have complete FULL logs
[2026-07-03T20:33:05-0700] all GitLab allocation 160 jobs have complete FULL logs
[2026-07-03T20:34:05-0700] all GitLab allocation 160 jobs have complete FULL logs
[2026-07-03T20:35:05-0700] all GitLab allocation 160 jobs have complete FULL logs
[2026-07-03T20:36:05-0700] all GitLab allocation 160 jobs have complete FULL logs
[2026-07-03T20:37:05-0700] all GitLab allocation 160 jobs have complete FULL logs
[2026-07-03T20:38:05-0700] all GitLab allocation 160 jobs have complete FULL logs
[2026-07-03T20:39:06-0700] all GitLab allocation 160 jobs have complete FULL logs
[2026-07-03T20:40:06-0700] all GitLab allocation 160 jobs have complete FULL logs
[2026-07-03T20:41:06-0700] all GitLab allocation 160 jobs have complete FULL logs
[2026-07-03T20:42:06-0700] all GitLab allocation 160 jobs have complete FULL logs
[2026-07-03T20:43:06-0700] all GitLab allocation 160 jobs have complete FULL logs
[2026-07-03T20:44:06-0700] all GitLab allocation 160 jobs have complete FULL logs
[2026-07-03T20:45:06-0700] all GitLab allocation 160 jobs have complete FULL logs
[2026-07-03T20:46:07-0700] all GitLab allocation 160 jobs have complete FULL logs
[2026-07-03T20:47:07-0700] all GitLab allocation 160 jobs have complete FULL logs
[2026-07-03T20:48:07-0700] all GitLab allocation 160 jobs have complete FULL logs
[2026-07-03T20:49:07-0700] all GitLab allocation 160 jobs have complete FULL logs
[2026-07-03T20:50:07-0700] all GitLab allocation 160 jobs have complete FULL logs
[2026-07-03T20:51:07-0700] all GitLab allocation 160 jobs have complete FULL logs
[2026-07-03T20:52:08-0700] all GitLab allocation 160 jobs have complete FULL logs
[2026-07-03T20:53:08-0700] all GitLab allocation 160 jobs have complete FULL logs
[2026-07-03T20:54:08-0700] all GitLab allocation 160 jobs have complete FULL logs
[2026-07-03T20:55:08-0700] all GitLab allocation 160 jobs have complete FULL logs
[2026-07-03T20:56:08-0700] all GitLab allocation 160 jobs have complete FULL logs
[2026-07-03T20:57:08-0700] all GitLab allocation 160 jobs have complete FULL logs
[2026-07-03T20:58:09-0700] all GitLab allocation 160 jobs have complete FULL logs
[2026-07-03T20:59:09-0700] all GitLab allocation 160 jobs have complete FULL logs
[2026-07-03T21:00:09-0700] all GitLab allocation 160 jobs have complete FULL logs
[2026-07-03T21:01:09-0700] all GitLab allocation 160 jobs have complete FULL logs
[2026-07-03T21:02:09-0700] all GitLab allocation 160 jobs have complete FULL logs
[2026-07-03T21:03:09-0700] all GitLab allocation 160 jobs have complete FULL logs
[2026-07-03T21:04:09-0700] all GitLab allocation 160 jobs have complete FULL logs
[2026-07-03T21:05:10-0700] all GitLab allocation 160 jobs have complete FULL logs
[2026-07-03T21:06:10-0700] all GitLab allocation 160 jobs have complete FULL logs
[2026-07-03T21:07:10-0700] all GitLab allocation 160 jobs have complete FULL logs
[2026-07-03T21:08:10-0700] all GitLab allocation 160 jobs have complete FULL logs
[2026-07-03T21:09:10-0700] all GitLab allocation 160 jobs have complete FULL logs
[2026-07-03T21:10:10-0700] all GitLab allocation 160 jobs have complete FULL logs
[2026-07-03T21:11:11-0700] all GitLab allocation 160 jobs have complete FULL logs
[2026-07-03T21:12:11-0700] all GitLab allocation 160 jobs have complete FULL logs
[2026-07-03T21:13:11-0700] all GitLab allocation 160 jobs have complete FULL logs
[2026-07-03T21:14:11-0700] all GitLab allocation 160 jobs have complete FULL logs
[2026-07-03T21:15:11-0700] all GitLab allocation 160 jobs have complete FULL logs
[2026-07-03T21:16:11-0700] all GitLab allocation 160 jobs have complete FULL logs
[2026-07-03T21:17:12-0700] all GitLab allocation 160 jobs have complete FULL logs
[2026-07-03T21:18:12-0700] all GitLab allocation 160 jobs have complete FULL logs
[2026-07-03T21:19:12-0700] all GitLab allocation 160 jobs have complete FULL logs
[2026-07-03T21:20:12-0700] all GitLab allocation 160 jobs have complete FULL logs
[2026-07-03T21:21:12-0700] all GitLab allocation 160 jobs have complete FULL logs
[2026-07-03T21:22:12-0700] all GitLab allocation 160 jobs have complete FULL logs
[2026-07-03T21:23:12-0700] all GitLab allocation 160 jobs have complete FULL logs
[2026-07-03T21:24:13-0700] all GitLab allocation 160 jobs have complete FULL logs
[2026-07-03T21:25:13-0700] all GitLab allocation 160 jobs have complete FULL logs
[2026-07-03T21:26:13-0700] all GitLab allocation 160 jobs have complete FULL logs
[2026-07-03T21:27:13-0700] all GitLab allocation 160 jobs have complete FULL logs
[2026-07-03T21:28:13-0700] all GitLab allocation 160 jobs have complete FULL logs
[2026-07-03T21:29:13-0700] all GitLab allocation 160 jobs have complete FULL logs
[2026-07-03T21:30:14-0700] all GitLab allocation 160 jobs have complete FULL logs
[2026-07-03T21:31:14-0700] all GitLab allocation 160 jobs have complete FULL logs
[2026-07-03T21:32:14-0700] all GitLab allocation 160 jobs have complete FULL logs
[2026-07-03T21:33:14-0700] all GitLab allocation 160 jobs have complete FULL logs
[2026-07-03T21:34:14-0700] all GitLab allocation 160 jobs have complete FULL logs
[2026-07-03T21:35:14-0700] all GitLab allocation 160 jobs have complete FULL logs
[2026-07-03T21:36:15-0700] all GitLab allocation 160 jobs have complete FULL logs
[2026-07-03T21:37:15-0700] all GitLab allocation 160 jobs have complete FULL logs
[2026-07-03T21:38:15-0700] all GitLab allocation 160 jobs have complete FULL logs
[2026-07-03T21:39:15-0700] all GitLab allocation 160 jobs have complete FULL logs
[2026-07-03T21:40:15-0700] all GitLab allocation 160 jobs have complete FULL logs
[2026-07-03T21:41:15-0700] all GitLab allocation 160 jobs have complete FULL logs
[2026-07-03T21:42:16-0700] all GitLab allocation 160 jobs have complete FULL logs
[2026-07-03T21:43:16-0700] all GitLab allocation 160 jobs have complete FULL logs
[2026-07-03T21:44:16-0700] all GitLab allocation 160 jobs have complete FULL logs
[2026-07-03T21:45:16-0700] all GitLab allocation 160 jobs have complete FULL logs
[2026-07-03T21:46:16-0700] all GitLab allocation 160 jobs have complete FULL logs
[2026-07-03T21:47:16-0700] all GitLab allocation 160 jobs have complete FULL logs
[2026-07-03T21:48:17-0700] all GitLab allocation 160 jobs have complete FULL logs
[2026-07-03T21:49:17-0700] all GitLab allocation 160 jobs have complete FULL logs
[2026-07-03T21:50:17-0700] all GitLab allocation 160 jobs have complete FULL logs
[2026-07-03T21:51:17-0700] all GitLab allocation 160 jobs have complete FULL logs
[2026-07-03T21:52:17-0700] all GitLab allocation 160 jobs have complete FULL logs
[2026-07-03T21:53:17-0700] all GitLab allocation 160 jobs have complete FULL logs
[2026-07-03T21:54:17-0700] all GitLab allocation 160 jobs have complete FULL logs
[2026-07-03T21:55:18-0700] all GitLab allocation 160 jobs have complete FULL logs
[2026-07-03T21:56:18-0700] all GitLab allocation 160 jobs have complete FULL logs
[2026-07-03T21:57:18-0700] all GitLab allocation 160 jobs have complete FULL logs
[2026-07-03T21:58:18-0700] all GitLab allocation 160 jobs have complete FULL logs
[2026-07-03T21:59:18-0700] all GitLab allocation 160 jobs have complete FULL logs
[2026-07-03T22:00:18-0700] all GitLab allocation 160 jobs have complete FULL logs
[2026-07-03T22:01:19-0700] all GitLab allocation 160 jobs have complete FULL logs
[2026-07-03T22:02:19-0700] all GitLab allocation 160 jobs have complete FULL logs
[2026-07-03T22:03:19-0700] all GitLab allocation 160 jobs have complete FULL logs
[2026-07-03T22:04:19-0700] all GitLab allocation 160 jobs have complete FULL logs
[2026-07-03T22:05:19-0700] all GitLab allocation 160 jobs have complete FULL logs
[2026-07-03T22:06:19-0700] all GitLab allocation 160 jobs have complete FULL logs
[2026-07-03T22:07:20-0700] all GitLab allocation 160 jobs have complete FULL logs
[2026-07-03T22:08:20-0700] all GitLab allocation 160 jobs have complete FULL logs
[2026-07-03T22:09:20-0700] all GitLab allocation 160 jobs have complete FULL logs
[2026-07-03T22:10:20-0700] all GitLab allocation 160 jobs have complete FULL logs
[2026-07-03T22:11:20-0700] all GitLab allocation 160 jobs have complete FULL logs
[2026-07-03T22:12:20-0700] all GitLab allocation 160 jobs have complete FULL logs
[2026-07-03T22:13:21-0700] all GitLab allocation 160 jobs have complete FULL logs
[2026-07-03T22:14:21-0700] all GitLab allocation 160 jobs have complete FULL logs
[2026-07-03T22:15:21-0700] all GitLab allocation 160 jobs have complete FULL logs
[2026-07-03T22:16:21-0700] all GitLab allocation 160 jobs have complete FULL logs
[2026-07-03T22:17:21-0700] all GitLab allocation 160 jobs have complete FULL logs
[2026-07-03T22:18:21-0700] all GitLab allocation 160 jobs have complete FULL logs
[2026-07-03T22:19:21-0700] all GitLab allocation 160 jobs have complete FULL logs
[2026-07-03T22:20:22-0700] all GitLab allocation 160 jobs have complete FULL logs
[2026-07-03T22:21:22-0700] all GitLab allocation 160 jobs have complete FULL logs
[2026-07-03T22:22:22-0700] all GitLab allocation 160 jobs have complete FULL logs
[2026-07-03T22:23:22-0700] all GitLab allocation 160 jobs have complete FULL logs
[2026-07-03T22:24:22-0700] all GitLab allocation 160 jobs have complete FULL logs
[2026-07-03T22:25:22-0700] all GitLab allocation 160 jobs have complete FULL logs
[2026-07-03T22:26:23-0700] all GitLab allocation 160 jobs have complete FULL logs
[2026-07-03T22:27:23-0700] all GitLab allocation 160 jobs have complete FULL logs
[2026-07-03T22:28:23-0700] all GitLab allocation 160 jobs have complete FULL logs
[2026-07-03T22:29:23-0700] all GitLab allocation 160 jobs have complete FULL logs
[2026-07-03T22:30:23-0700] all GitLab allocation 160 jobs have complete FULL logs
[2026-07-03T22:31:23-0700] all GitLab allocation 160 jobs have complete FULL logs
[2026-07-03T22:32:24-0700] all GitLab allocation 160 jobs have complete FULL logs
[2026-07-03T22:33:24-0700] all GitLab allocation 160 jobs have complete FULL logs
[2026-07-03T22:34:24-0700] all GitLab allocation 160 jobs have complete FULL logs
[2026-07-03T22:35:24-0700] all GitLab allocation 160 jobs have complete FULL logs
[2026-07-03T22:36:24-0700] all GitLab allocation 160 jobs have complete FULL logs
[2026-07-03T22:37:24-0700] all GitLab allocation 160 jobs have complete FULL logs
[2026-07-03T22:38:25-0700] all GitLab allocation 160 jobs have complete FULL logs
[2026-07-03T22:39:25-0700] all GitLab allocation 160 jobs have complete FULL logs
[2026-07-03T22:40:25-0700] all GitLab allocation 160 jobs have complete FULL logs
[2026-07-03T22:41:25-0700] all GitLab allocation 160 jobs have complete FULL logs
[2026-07-03T22:42:25-0700] all GitLab allocation 160 jobs have complete FULL logs
[2026-07-03T22:43:25-0700] all GitLab allocation 160 jobs have complete FULL logs
[2026-07-03T22:44:25-0700] all GitLab allocation 160 jobs have complete FULL logs
[2026-07-03T22:45:26-0700] all GitLab allocation 160 jobs have complete FULL logs
[2026-07-03T22:46:26-0700] all GitLab allocation 160 jobs have complete FULL logs
[2026-07-03T22:47:26-0700] all GitLab allocation 160 jobs have complete FULL logs
[2026-07-03T22:48:26-0700] all GitLab allocation 160 jobs have complete FULL logs
[2026-07-03T22:49:26-0700] all GitLab allocation 160 jobs have complete FULL logs
[2026-07-03T22:50:26-0700] all GitLab allocation 160 jobs have complete FULL logs
[2026-07-03T22:51:27-0700] all GitLab allocation 160 jobs have complete FULL logs
[2026-07-03T22:52:27-0700] all GitLab allocation 160 jobs have complete FULL logs
[2026-07-03T22:53:27-0700] all GitLab allocation 160 jobs have complete FULL logs
[2026-07-03T22:54:27-0700] all GitLab allocation 160 jobs have complete FULL logs
[2026-07-03T22:55:27-0700] all GitLab allocation 160 jobs have complete FULL logs
[2026-07-03T22:56:27-0700] all GitLab allocation 160 jobs have complete FULL logs
[2026-07-03T22:57:28-0700] all GitLab allocation 160 jobs have complete FULL logs
[2026-07-03T22:58:28-0700] all GitLab allocation 160 jobs have complete FULL logs
[2026-07-03T22:59:28-0700] all GitLab allocation 160 jobs have complete FULL logs
[2026-07-03T23:00:28-0700] all GitLab allocation 160 jobs have complete FULL logs
[2026-07-03T23:01:28-0700] all GitLab allocation 160 jobs have complete FULL logs
[2026-07-03T23:02:28-0700] all GitLab allocation 160 jobs have complete FULL logs
[2026-07-03T23:03:28-0700] all GitLab allocation 160 jobs have complete FULL logs
[2026-07-03T23:04:29-0700] all GitLab allocation 160 jobs have complete FULL logs
[2026-07-03T23:05:29-0700] all GitLab allocation 160 jobs have complete FULL logs
[2026-07-03T23:06:29-0700] all GitLab allocation 160 jobs have complete FULL logs
[2026-07-03T23:07:29-0700] all GitLab allocation 160 jobs have complete FULL logs
[2026-07-03T23:08:29-0700] all GitLab allocation 160 jobs have complete FULL logs
[2026-07-03T23:09:29-0700] all GitLab allocation 160 jobs have complete FULL logs
[2026-07-03T23:10:30-0700] all GitLab allocation 160 jobs have complete FULL logs
[2026-07-03T23:11:30-0700] all GitLab allocation 160 jobs have complete FULL logs
[2026-07-03T23:12:30-0700] all GitLab allocation 160 jobs have complete FULL logs
[2026-07-03T23:13:30-0700] all GitLab allocation 160 jobs have complete FULL logs
[2026-07-03T23:14:30-0700] all GitLab allocation 160 jobs have complete FULL logs
[2026-07-03T23:15:30-0700] all GitLab allocation 160 jobs have complete FULL logs
[2026-07-03T23:16:31-0700] all GitLab allocation 160 jobs have complete FULL logs
[2026-07-03T23:17:31-0700] all GitLab allocation 160 jobs have complete FULL logs
[2026-07-03T23:18:31-0700] all GitLab allocation 160 jobs have complete FULL logs
[2026-07-03T23:19:31-0700] all GitLab allocation 160 jobs have complete FULL logs
[2026-07-03T23:20:31-0700] all GitLab allocation 160 jobs have complete FULL logs
[2026-07-03T23:21:31-0700] all GitLab allocation 160 jobs have complete FULL logs
[2026-07-03T23:22:32-0700] all GitLab allocation 160 jobs have complete FULL logs
[2026-07-03T23:23:32-0700] all GitLab allocation 160 jobs have complete FULL logs
[2026-07-03T23:24:32-0700] all GitLab allocation 160 jobs have complete FULL logs
[2026-07-03T23:25:32-0700] all GitLab allocation 160 jobs have complete FULL logs
[2026-07-03T23:26:32-0700] all GitLab allocation 160 jobs have complete FULL logs
[2026-07-03T23:27:32-0700] all GitLab allocation 160 jobs have complete FULL logs
[2026-07-03T23:28:32-0700] all GitLab allocation 160 jobs have complete FULL logs
[2026-07-03T23:29:33-0700] all GitLab allocation 160 jobs have complete FULL logs
[2026-07-03T23:30:33-0700] all GitLab allocation 160 jobs have complete FULL logs
[2026-07-03T23:31:33-0700] all GitLab allocation 160 jobs have complete FULL logs
[2026-07-03T23:32:33-0700] all GitLab allocation 160 jobs have complete FULL logs
[2026-07-03T23:33:33-0700] all GitLab allocation 160 jobs have complete FULL logs
[2026-07-03T23:34:33-0700] all GitLab allocation 160 jobs have complete FULL logs
[2026-07-03T23:35:34-0700] all GitLab allocation 160 jobs have complete FULL logs
[2026-07-03T23:36:34-0700] all GitLab allocation 160 jobs have complete FULL logs
[2026-07-03T23:37:34-0700] all GitLab allocation 160 jobs have complete FULL logs
[2026-07-03T23:38:34-0700] all GitLab allocation 160 jobs have complete FULL logs
[2026-07-03T23:39:34-0700] all GitLab allocation 160 jobs have complete FULL logs
[2026-07-03T23:40:34-0700] all GitLab allocation 160 jobs have complete FULL logs
[2026-07-03T23:41:35-0700] all GitLab allocation 160 jobs have complete FULL logs
[2026-07-03T23:42:35-0700] all GitLab allocation 160 jobs have complete FULL logs
[2026-07-03T23:43:35-0700] all GitLab allocation 160 jobs have complete FULL logs
[2026-07-03T23:44:35-0700] all GitLab allocation 160 jobs have complete FULL logs
[2026-07-03T23:45:35-0700] all GitLab allocation 160 jobs have complete FULL logs
[2026-07-03T23:46:35-0700] all GitLab allocation 160 jobs have complete FULL logs
[2026-07-03T23:47:36-0700] all GitLab allocation 160 jobs have complete FULL logs
[2026-07-03T23:48:36-0700] all GitLab allocation 160 jobs have complete FULL logs
[2026-07-03T23:49:36-0700] all GitLab allocation 160 jobs have complete FULL logs
[2026-07-03T23:50:36-0700] all GitLab allocation 160 jobs have complete FULL logs
[2026-07-03T23:51:36-0700] all GitLab allocation 160 jobs have complete FULL logs
[2026-07-03T23:52:36-0700] all GitLab allocation 160 jobs have complete FULL logs
[2026-07-03T23:53:36-0700] all GitLab allocation 160 jobs have complete FULL logs
[2026-07-03T23:54:37-0700] all GitLab allocation 160 jobs have complete FULL logs
[2026-07-03T23:55:37-0700] all GitLab allocation 160 jobs have complete FULL logs
[2026-07-03T23:56:37-0700] all GitLab allocation 160 jobs have complete FULL logs
[2026-07-03T23:57:37-0700] all GitLab allocation 160 jobs have complete FULL logs
[2026-07-03T23:58:37-0700] all GitLab allocation 160 jobs have complete FULL logs
[2026-07-03T23:59:37-0700] all GitLab allocation 160 jobs have complete FULL logs
[2026-07-04T00:00:38-0700] all GitLab allocation 160 jobs have complete FULL logs
[2026-07-04T00:01:38-0700] all GitLab allocation 160 jobs have complete FULL logs
[2026-07-04T00:02:38-0700] all GitLab allocation 160 jobs have complete FULL logs
[2026-07-04T00:03:38-0700] all GitLab allocation 160 jobs have complete FULL logs
[2026-07-04T00:04:38-0700] all GitLab allocation 160 jobs have complete FULL logs
[2026-07-04T00:05:38-0700] all GitLab allocation 160 jobs have complete FULL logs
[2026-07-04T00:06:39-0700] all GitLab allocation 160 jobs have complete FULL logs
[2026-07-04T00:07:39-0700] all GitLab allocation 160 jobs have complete FULL logs
[2026-07-04T00:08:39-0700] all GitLab allocation 160 jobs have complete FULL logs
[2026-07-04T00:09:39-0700] all GitLab allocation 160 jobs have complete FULL logs
[2026-07-04T00:10:39-0700] all GitLab allocation 160 jobs have complete FULL logs
[2026-07-04T00:11:39-0700] all GitLab allocation 160 jobs have complete FULL logs
[2026-07-04T00:12:39-0700] all GitLab allocation 160 jobs have complete FULL logs
[2026-07-04T00:13:40-0700] all GitLab allocation 160 jobs have complete FULL logs
[2026-07-04T00:14:40-0700] all GitLab allocation 160 jobs have complete FULL logs
[2026-07-04T00:15:40-0700] all GitLab allocation 160 jobs have complete FULL logs
[2026-07-04T00:16:40-0700] all GitLab allocation 160 jobs have complete FULL logs
[2026-07-04T00:17:40-0700] all GitLab allocation 160 jobs have complete FULL logs
[2026-07-04T00:18:40-0700] all GitLab allocation 160 jobs have complete FULL logs
[2026-07-04T00:19:41-0700] all GitLab allocation 160 jobs have complete FULL logs
[2026-07-04T00:20:41-0700] all GitLab allocation 160 jobs have complete FULL logs
[2026-07-04T00:21:41-0700] all GitLab allocation 160 jobs have complete FULL logs
[2026-07-04T00:22:41-0700] all GitLab allocation 160 jobs have complete FULL logs
[2026-07-04T00:23:41-0700] all GitLab allocation 160 jobs have complete FULL logs
[2026-07-04T00:24:41-0700] all GitLab allocation 160 jobs have complete FULL logs
[2026-07-04T00:25:42-0700] all GitLab allocation 160 jobs have complete FULL logs
[2026-07-04T00:26:42-0700] all GitLab allocation 160 jobs have complete FULL logs
[2026-07-04T00:27:42-0700] all GitLab allocation 160 jobs have complete FULL logs
[2026-07-04T00:28:42-0700] all GitLab allocation 160 jobs have complete FULL logs
[2026-07-04T00:29:42-0700] all GitLab allocation 160 jobs have complete FULL logs
[2026-07-04T00:30:42-0700] all GitLab allocation 160 jobs have complete FULL logs
[2026-07-04T00:31:43-0700] all GitLab allocation 160 jobs have complete FULL logs
[2026-07-04T00:32:43-0700] all GitLab allocation 160 jobs have complete FULL logs
[2026-07-04T00:33:43-0700] all GitLab allocation 160 jobs have complete FULL logs
[2026-07-04T00:34:43-0700] all GitLab allocation 160 jobs have complete FULL logs
[2026-07-04T00:35:43-0700] all GitLab allocation 160 jobs have complete FULL logs
[2026-07-04T00:36:43-0700] all GitLab allocation 160 jobs have complete FULL logs
[2026-07-04T00:37:43-0700] all GitLab allocation 160 jobs have complete FULL logs
[2026-07-04T00:38:44-0700] all GitLab allocation 160 jobs have complete FULL logs
[2026-07-04T00:39:44-0700] all GitLab allocation 160 jobs have complete FULL logs
[2026-07-04T00:40:44-0700] all GitLab allocation 160 jobs have complete FULL logs
[2026-07-04T00:41:44-0700] all GitLab allocation 160 jobs have complete FULL logs
[2026-07-04T00:42:44-0700] all GitLab allocation 160 jobs have complete FULL logs
[2026-07-04T00:43:44-0700] all GitLab allocation 160 jobs have complete FULL logs
[2026-07-04T00:44:45-0700] all GitLab allocation 160 jobs have complete FULL logs
[2026-07-04T00:45:45-0700] all GitLab allocation 160 jobs have complete FULL logs
[2026-07-04T00:46:45-0700] all GitLab allocation 160 jobs have complete FULL logs
[2026-07-04T00:47:45-0700] all GitLab allocation 160 jobs have complete FULL logs
[2026-07-04T00:48:45-0700] all GitLab allocation 160 jobs have complete FULL logs
[2026-07-04T00:49:45-0700] all GitLab allocation 160 jobs have complete FULL logs
[2026-07-04T00:50:46-0700] all GitLab allocation 160 jobs have complete FULL logs
[2026-07-04T00:51:46-0700] all GitLab allocation 160 jobs have complete FULL logs
[2026-07-04T00:52:46-0700] all GitLab allocation 160 jobs have complete FULL logs
[2026-07-04T00:53:46-0700] all GitLab allocation 160 jobs have complete FULL logs
[2026-07-04T00:54:46-0700] all GitLab allocation 160 jobs have complete FULL logs
[2026-07-04T00:55:46-0700] all GitLab allocation 160 jobs have complete FULL logs
[2026-07-04T00:56:47-0700] all GitLab allocation 160 jobs have complete FULL logs
[2026-07-04T00:57:47-0700] all GitLab allocation 160 jobs have complete FULL logs
[2026-07-04T00:58:47-0700] all GitLab allocation 160 jobs have complete FULL logs
[2026-07-04T00:59:47-0700] all GitLab allocation 160 jobs have complete FULL logs
[2026-07-04T01:00:47-0700] all GitLab allocation 160 jobs have complete FULL logs
[2026-07-04T01:01:47-0700] all GitLab allocation 160 jobs have complete FULL logs
[2026-07-04T01:02:47-0700] all GitLab allocation 160 jobs have complete FULL logs
[2026-07-04T01:03:48-0700] all GitLab allocation 160 jobs have complete FULL logs
[2026-07-04T01:04:48-0700] all GitLab allocation 160 jobs have complete FULL logs
[2026-07-04T01:05:48-0700] all GitLab allocation 160 jobs have complete FULL logs
[2026-07-04T01:06:48-0700] all GitLab allocation 160 jobs have complete FULL logs
[2026-07-04T01:07:48-0700] all GitLab allocation 160 jobs have complete FULL logs
[2026-07-04T01:08:48-0700] all GitLab allocation 160 jobs have complete FULL logs
[2026-07-04T01:09:49-0700] all GitLab allocation 160 jobs have complete FULL logs
[2026-07-04T01:10:49-0700] all GitLab allocation 160 jobs have complete FULL logs
[2026-07-04T01:11:49-0700] all GitLab allocation 160 jobs have complete FULL logs
[2026-07-04T01:12:49-0700] all GitLab allocation 160 jobs have complete FULL logs
[2026-07-04T01:13:49-0700] all GitLab allocation 160 jobs have complete FULL logs
[2026-07-04T01:14:49-0700] all GitLab allocation 160 jobs have complete FULL logs
[2026-07-04T01:15:50-0700] all GitLab allocation 160 jobs have complete FULL logs
[2026-07-04T01:16:50-0700] all GitLab allocation 160 jobs have complete FULL logs
[2026-07-04T01:17:50-0700] all GitLab allocation 160 jobs have complete FULL logs
[2026-07-04T01:18:50-0700] all GitLab allocation 160 jobs have complete FULL logs
[2026-07-04T01:19:50-0700] all GitLab allocation 160 jobs have complete FULL logs
[2026-07-04T01:20:50-0700] all GitLab allocation 160 jobs have complete FULL logs
[2026-07-04T01:21:51-0700] all GitLab allocation 160 jobs have complete FULL logs
[2026-07-04T01:22:51-0700] all GitLab allocation 160 jobs have complete FULL logs
[2026-07-04T01:23:51-0700] all GitLab allocation 160 jobs have complete FULL logs
[2026-07-04T01:24:51-0700] all GitLab allocation 160 jobs have complete FULL logs
[2026-07-04T01:25:51-0700] all GitLab allocation 160 jobs have complete FULL logs
[2026-07-04T01:26:51-0700] all GitLab allocation 160 jobs have complete FULL logs
[2026-07-04T01:27:51-0700] all GitLab allocation 160 jobs have complete FULL logs
[2026-07-04T01:28:52-0700] all GitLab allocation 160 jobs have complete FULL logs
[2026-07-04T01:29:52-0700] all GitLab allocation 160 jobs have complete FULL logs
[2026-07-04T01:30:52-0700] all GitLab allocation 160 jobs have complete FULL logs
[2026-07-04T01:31:52-0700] all GitLab allocation 160 jobs have complete FULL logs
[2026-07-04T01:32:52-0700] all GitLab allocation 160 jobs have complete FULL logs
[2026-07-04T01:33:52-0700] all GitLab allocation 160 jobs have complete FULL logs
[2026-07-04T01:34:53-0700] all GitLab allocation 160 jobs have complete FULL logs
[2026-07-04T01:35:53-0700] all GitLab allocation 160 jobs have complete FULL logs
[2026-07-04T01:36:53-0700] all GitLab allocation 160 jobs have complete FULL logs
[2026-07-04T01:37:53-0700] all GitLab allocation 160 jobs have complete FULL logs
[2026-07-04T01:38:53-0700] all GitLab allocation 160 jobs have complete FULL logs
[2026-07-04T01:39:53-0700] all GitLab allocation 160 jobs have complete FULL logs
[2026-07-04T01:40:54-0700] all GitLab allocation 160 jobs have complete FULL logs
[2026-07-04T01:41:54-0700] all GitLab allocation 160 jobs have complete FULL logs
[2026-07-04T01:42:54-0700] all GitLab allocation 160 jobs have complete FULL logs
[2026-07-04T01:43:54-0700] all GitLab allocation 160 jobs have complete FULL logs
[2026-07-04T01:44:54-0700] all GitLab allocation 160 jobs have complete FULL logs
[2026-07-04T01:45:54-0700] all GitLab allocation 160 jobs have complete FULL logs
[2026-07-04T01:46:55-0700] all GitLab allocation 160 jobs have complete FULL logs
[2026-07-04T01:47:55-0700] all GitLab allocation 160 jobs have complete FULL logs
[2026-07-04T01:48:55-0700] all GitLab allocation 160 jobs have complete FULL logs
[2026-07-04T01:49:55-0700] all GitLab allocation 160 jobs have complete FULL logs
[2026-07-04T01:50:55-0700] all GitLab allocation 160 jobs have complete FULL logs
[2026-07-04T01:51:55-0700] all GitLab allocation 160 jobs have complete FULL logs
[2026-07-04T01:52:55-0700] all GitLab allocation 160 jobs have complete FULL logs
[2026-07-04T01:53:56-0700] all GitLab allocation 160 jobs have complete FULL logs
[2026-07-04T01:54:56-0700] all GitLab allocation 160 jobs have complete FULL logs
[2026-07-04T01:55:56-0700] all GitLab allocation 160 jobs have complete FULL logs
[2026-07-04T01:56:56-0700] all GitLab allocation 160 jobs have complete FULL logs
[2026-07-04T01:57:56-0700] all GitLab allocation 160 jobs have complete FULL logs
[2026-07-04T01:58:56-0700] all GitLab allocation 160 jobs have complete FULL logs
[2026-07-04T01:59:57-0700] all GitLab allocation 160 jobs have complete FULL logs
[2026-07-04T02:00:57-0700] all GitLab allocation 160 jobs have complete FULL logs
[2026-07-04T02:01:57-0700] all GitLab allocation 160 jobs have complete FULL logs
[2026-07-04T02:02:57-0700] all GitLab allocation 160 jobs have complete FULL logs
[2026-07-04T02:03:57-0700] all GitLab allocation 160 jobs have complete FULL logs
[2026-07-04T02:04:57-0700] all GitLab allocation 160 jobs have complete FULL logs
[2026-07-04T02:05:58-0700] all GitLab allocation 160 jobs have complete FULL logs
[2026-07-04T02:06:58-0700] all GitLab allocation 160 jobs have complete FULL logs
[2026-07-04T02:07:58-0700] all GitLab allocation 160 jobs have complete FULL logs
[2026-07-04T02:08:58-0700] all GitLab allocation 160 jobs have complete FULL logs
[2026-07-04T02:09:58-0700] all GitLab allocation 160 jobs have complete FULL logs
[2026-07-04T02:10:58-0700] all GitLab allocation 160 jobs have complete FULL logs
[2026-07-04T02:11:58-0700] all GitLab allocation 160 jobs have complete FULL logs
[2026-07-04T02:12:59-0700] all GitLab allocation 160 jobs have complete FULL logs
[2026-07-04T02:13:59-0700] all GitLab allocation 160 jobs have complete FULL logs
[2026-07-04T02:14:59-0700] all GitLab allocation 160 jobs have complete FULL logs
[2026-07-04T02:15:59-0700] all GitLab allocation 160 jobs have complete FULL logs
[2026-07-04T02:16:59-0700] all GitLab allocation 160 jobs have complete FULL logs
[2026-07-04T02:17:59-0700] all GitLab allocation 160 jobs have complete FULL logs
[2026-07-04T02:19:00-0700] all GitLab allocation 160 jobs have complete FULL logs
[2026-07-04T02:20:00-0700] all GitLab allocation 160 jobs have complete FULL logs
[2026-07-04T02:21:00-0700] all GitLab allocation 160 jobs have complete FULL logs
[2026-07-04T02:22:00-0700] all GitLab allocation 160 jobs have complete FULL logs
[2026-07-04T02:23:00-0700] all GitLab allocation 160 jobs have complete FULL logs
[2026-07-04T02:24:00-0700] all GitLab allocation 160 jobs have complete FULL logs
[2026-07-04T02:25:01-0700] all GitLab allocation 160 jobs have complete FULL logs
[2026-07-04T02:26:01-0700] all GitLab allocation 160 jobs have complete FULL logs
[2026-07-04T02:27:01-0700] all GitLab allocation 160 jobs have complete FULL logs
[2026-07-04T02:28:01-0700] all GitLab allocation 160 jobs have complete FULL logs
[2026-07-04T02:29:01-0700] all GitLab allocation 160 jobs have complete FULL logs
[2026-07-04T02:30:01-0700] all GitLab allocation 160 jobs have complete FULL logs
[2026-07-04T02:31:02-0700] all GitLab allocation 160 jobs have complete FULL logs
[2026-07-04T02:32:02-0700] all GitLab allocation 160 jobs have complete FULL logs
[2026-07-04T02:33:02-0700] all GitLab allocation 160 jobs have complete FULL logs
[2026-07-04T02:34:02-0700] all GitLab allocation 160 jobs have complete FULL logs
[2026-07-04T02:35:02-0700] all GitLab allocation 160 jobs have complete FULL logs
[2026-07-04T02:36:02-0700] all GitLab allocation 160 jobs have complete FULL logs
[2026-07-04T02:37:03-0700] all GitLab allocation 160 jobs have complete FULL logs
[2026-07-04T02:38:03-0700] all GitLab allocation 160 jobs have complete FULL logs
[2026-07-04T02:39:03-0700] all GitLab allocation 160 jobs have complete FULL logs
[2026-07-04T02:40:03-0700] all GitLab allocation 160 jobs have complete FULL logs
[2026-07-04T02:41:03-0700] all GitLab allocation 160 jobs have complete FULL logs
[2026-07-04T02:42:03-0700] all GitLab allocation 160 jobs have complete FULL logs
[2026-07-04T02:43:03-0700] all GitLab allocation 160 jobs have complete FULL logs
[2026-07-04T02:44:04-0700] all GitLab allocation 160 jobs have complete FULL logs
[2026-07-04T02:45:04-0700] all GitLab allocation 160 jobs have complete FULL logs
[2026-07-04T02:46:04-0700] all GitLab allocation 160 jobs have complete FULL logs
[2026-07-04T02:47:04-0700] all GitLab allocation 160 jobs have complete FULL logs
[2026-07-04T02:48:04-0700] all GitLab allocation 160 jobs have complete FULL logs
[2026-07-04T02:49:04-0700] all GitLab allocation 160 jobs have complete FULL logs
[2026-07-04T02:50:05-0700] all GitLab allocation 160 jobs have complete FULL logs
[2026-07-04T02:51:05-0700] all GitLab allocation 160 jobs have complete FULL logs
[2026-07-04T02:52:05-0700] all GitLab allocation 160 jobs have complete FULL logs
[2026-07-04T02:53:05-0700] all GitLab allocation 160 jobs have complete FULL logs
[2026-07-04T02:54:05-0700] all GitLab allocation 160 jobs have complete FULL logs
[2026-07-04T02:55:05-0700] all GitLab allocation 160 jobs have complete FULL logs
[2026-07-04T02:56:06-0700] all GitLab allocation 160 jobs have complete FULL logs
[2026-07-04T02:57:06-0700] all GitLab allocation 160 jobs have complete FULL logs
[2026-07-04T02:58:06-0700] all GitLab allocation 160 jobs have complete FULL logs
[2026-07-04T02:59:06-0700] all GitLab allocation 160 jobs have complete FULL logs
[2026-07-04T03:00:06-0700] all GitLab allocation 160 jobs have complete FULL logs
[2026-07-04T03:01:06-0700] all GitLab allocation 160 jobs have complete FULL logs
[2026-07-04T03:02:06-0700] all GitLab allocation 160 jobs have complete FULL logs
[2026-07-04T03:03:07-0700] all GitLab allocation 160 jobs have complete FULL logs
[2026-07-04T03:04:07-0700] all GitLab allocation 160 jobs have complete FULL logs
[2026-07-04T03:05:07-0700] all GitLab allocation 160 jobs have complete FULL logs
[2026-07-04T03:06:07-0700] all GitLab allocation 160 jobs have complete FULL logs
[2026-07-04T03:07:07-0700] all GitLab allocation 160 jobs have complete FULL logs
[2026-07-04T03:08:07-0700] all GitLab allocation 160 jobs have complete FULL logs
[2026-07-04T03:09:08-0700] all GitLab allocation 160 jobs have complete FULL logs
[2026-07-04T03:10:08-0700] all GitLab allocation 160 jobs have complete FULL logs
[2026-07-04T03:11:08-0700] all GitLab allocation 160 jobs have complete FULL logs
[2026-07-04T03:12:08-0700] all GitLab allocation 160 jobs have complete FULL logs
[2026-07-04T03:13:08-0700] all GitLab allocation 160 jobs have complete FULL logs
[2026-07-04T03:14:08-0700] all GitLab allocation 160 jobs have complete FULL logs
[2026-07-04T03:15:09-0700] all GitLab allocation 160 jobs have complete FULL logs
[2026-07-04T03:16:09-0700] all GitLab allocation 160 jobs have complete FULL logs
[2026-07-04T03:17:09-0700] all GitLab allocation 160 jobs have complete FULL logs
[2026-07-04T03:18:09-0700] all GitLab allocation 160 jobs have complete FULL logs
[2026-07-04T03:19:09-0700] all GitLab allocation 160 jobs have complete FULL logs
[2026-07-04T03:20:09-0700] all GitLab allocation 160 jobs have complete FULL logs
[2026-07-04T03:21:10-0700] all GitLab allocation 160 jobs have complete FULL logs
[2026-07-04T03:22:10-0700] all GitLab allocation 160 jobs have complete FULL logs
[2026-07-04T03:23:10-0700] all GitLab allocation 160 jobs have complete FULL logs
[2026-07-04T03:24:10-0700] all GitLab allocation 160 jobs have complete FULL logs
[2026-07-04T03:25:10-0700] all GitLab allocation 160 jobs have complete FULL logs
[2026-07-04T03:26:10-0700] all GitLab allocation 160 jobs have complete FULL logs
[2026-07-04T03:27:10-0700] all GitLab allocation 160 jobs have complete FULL logs
[2026-07-04T03:28:11-0700] all GitLab allocation 160 jobs have complete FULL logs
[2026-07-04T03:29:11-0700] all GitLab allocation 160 jobs have complete FULL logs
[2026-07-04T03:30:11-0700] all GitLab allocation 160 jobs have complete FULL logs
[2026-07-04T03:31:11-0700] all GitLab allocation 160 jobs have complete FULL logs
[2026-07-04T03:32:11-0700] all GitLab allocation 160 jobs have complete FULL logs
[2026-07-04T03:33:11-0700] all GitLab allocation 160 jobs have complete FULL logs
[2026-07-04T03:34:12-0700] all GitLab allocation 160 jobs have complete FULL logs
[2026-07-04T03:35:12-0700] all GitLab allocation 160 jobs have complete FULL logs
[2026-07-04T03:36:12-0700] all GitLab allocation 160 jobs have complete FULL logs
[2026-07-04T03:37:12-0700] all GitLab allocation 160 jobs have complete FULL logs
[2026-07-04T03:38:12-0700] all GitLab allocation 160 jobs have complete FULL logs
[2026-07-04T03:39:12-0700] all GitLab allocation 160 jobs have complete FULL logs
[2026-07-04T03:40:12-0700] all GitLab allocation 160 jobs have complete FULL logs
[2026-07-04T03:41:13-0700] all GitLab allocation 160 jobs have complete FULL logs
[2026-07-04T03:42:13-0700] all GitLab allocation 160 jobs have complete FULL logs
[2026-07-04T03:43:13-0700] all GitLab allocation 160 jobs have complete FULL logs
[2026-07-04T03:44:13-0700] all GitLab allocation 160 jobs have complete FULL logs
[2026-07-04T03:45:13-0700] all GitLab allocation 160 jobs have complete FULL logs
[2026-07-04T03:46:13-0700] all GitLab allocation 160 jobs have complete FULL logs
[2026-07-04T03:47:14-0700] all GitLab allocation 160 jobs have complete FULL logs
[2026-07-04T03:48:14-0700] all GitLab allocation 160 jobs have complete FULL logs
[2026-07-04T03:49:14-0700] all GitLab allocation 160 jobs have complete FULL logs
[2026-07-04T03:50:14-0700] all GitLab allocation 160 jobs have complete FULL logs
[2026-07-04T03:51:14-0700] all GitLab allocation 160 jobs have complete FULL logs
[2026-07-04T03:52:14-0700] all GitLab allocation 160 jobs have complete FULL logs
[2026-07-04T03:53:15-0700] all GitLab allocation 160 jobs have complete FULL logs
[2026-07-04T03:54:15-0700] all GitLab allocation 160 jobs have complete FULL logs
[2026-07-04T03:55:15-0700] all GitLab allocation 160 jobs have complete FULL logs
[2026-07-04T03:56:15-0700] all GitLab allocation 160 jobs have complete FULL logs
[2026-07-04T03:57:15-0700] all GitLab allocation 160 jobs have complete FULL logs
[2026-07-04T03:58:15-0700] all GitLab allocation 160 jobs have complete FULL logs
[2026-07-04T03:59:16-0700] all GitLab allocation 160 jobs have complete FULL logs
[2026-07-04T04:00:16-0700] all GitLab allocation 160 jobs have complete FULL logs
[2026-07-04T04:01:16-0700] all GitLab allocation 160 jobs have complete FULL logs
[2026-07-04T04:02:16-0700] all GitLab allocation 160 jobs have complete FULL logs
[2026-07-04T04:03:16-0700] all GitLab allocation 160 jobs have complete FULL logs
[2026-07-04T04:04:16-0700] all GitLab allocation 160 jobs have complete FULL logs
[2026-07-04T04:05:17-0700] all GitLab allocation 160 jobs have complete FULL logs
[2026-07-04T04:06:17-0700] all GitLab allocation 160 jobs have complete FULL logs
[2026-07-04T04:07:17-0700] all GitLab allocation 160 jobs have complete FULL logs
[2026-07-04T04:08:17-0700] all GitLab allocation 160 jobs have complete FULL logs
[2026-07-04T04:09:17-0700] all GitLab allocation 160 jobs have complete FULL logs
[2026-07-04T04:10:17-0700] all GitLab allocation 160 jobs have complete FULL logs
[2026-07-04T04:11:17-0700] all GitLab allocation 160 jobs have complete FULL logs
[2026-07-04T04:12:18-0700] all GitLab allocation 160 jobs have complete FULL logs
[2026-07-04T04:13:18-0700] all GitLab allocation 160 jobs have complete FULL logs
[2026-07-04T04:14:18-0700] all GitLab allocation 160 jobs have complete FULL logs
[2026-07-04T04:15:18-0700] all GitLab allocation 160 jobs have complete FULL logs
[2026-07-04T04:16:18-0700] all GitLab allocation 160 jobs have complete FULL logs
[2026-07-04T04:17:18-0700] all GitLab allocation 160 jobs have complete FULL logs
[2026-07-04T04:18:19-0700] all GitLab allocation 160 jobs have complete FULL logs
[2026-07-04T04:19:19-0700] all GitLab allocation 160 jobs have complete FULL logs
[2026-07-04T04:20:19-0700] all GitLab allocation 160 jobs have complete FULL logs
[2026-07-04T04:21:19-0700] all GitLab allocation 160 jobs have complete FULL logs
[2026-07-04T04:22:19-0700] all GitLab allocation 160 jobs have complete FULL logs
[2026-07-04T04:23:19-0700] all GitLab allocation 160 jobs have complete FULL logs
[2026-07-04T04:24:20-0700] all GitLab allocation 160 jobs have complete FULL logs
[2026-07-04T04:25:20-0700] all GitLab allocation 160 jobs have complete FULL logs
[2026-07-04T04:26:20-0700] all GitLab allocation 160 jobs have complete FULL logs
[2026-07-04T04:27:20-0700] all GitLab allocation 160 jobs have complete FULL logs
[2026-07-04T04:28:20-0700] all GitLab allocation 160 jobs have complete FULL logs
[2026-07-04T04:29:20-0700] all GitLab allocation 160 jobs have complete FULL logs
[2026-07-04T04:30:21-0700] all GitLab allocation 160 jobs have complete FULL logs
[2026-07-04T04:31:21-0700] all GitLab allocation 160 jobs have complete FULL logs
[2026-07-04T04:32:21-0700] all GitLab allocation 160 jobs have complete FULL logs
[2026-07-04T04:33:21-0700] all GitLab allocation 160 jobs have complete FULL logs
[2026-07-04T04:34:21-0700] all GitLab allocation 160 jobs have complete FULL logs
[2026-07-04T04:35:21-0700] all GitLab allocation 160 jobs have complete FULL logs
[2026-07-04T04:36:22-0700] all GitLab allocation 160 jobs have complete FULL logs
[2026-07-04T04:37:22-0700] all GitLab allocation 160 jobs have complete FULL logs
[2026-07-04T04:38:22-0700] all GitLab allocation 160 jobs have complete FULL logs
[2026-07-04T04:39:22-0700] all GitLab allocation 160 jobs have complete FULL logs
[2026-07-04T04:40:22-0700] all GitLab allocation 160 jobs have complete FULL logs
[2026-07-04T04:41:22-0700] all GitLab allocation 160 jobs have complete FULL logs
[2026-07-04T04:42:22-0700] all GitLab allocation 160 jobs have complete FULL logs
[2026-07-04T04:43:23-0700] all GitLab allocation 160 jobs have complete FULL logs
[2026-07-04T04:44:23-0700] all GitLab allocation 160 jobs have complete FULL logs
[2026-07-04T04:45:23-0700] all GitLab allocation 160 jobs have complete FULL logs
[2026-07-04T04:46:23-0700] all GitLab allocation 160 jobs have complete FULL logs
[2026-07-04T04:47:23-0700] all GitLab allocation 160 jobs have complete FULL logs
[2026-07-04T04:48:23-0700] all GitLab allocation 160 jobs have complete FULL logs
[2026-07-04T04:49:24-0700] all GitLab allocation 160 jobs have complete FULL logs
[2026-07-04T04:50:24-0700] all GitLab allocation 160 jobs have complete FULL logs
[2026-07-04T04:51:24-0700] all GitLab allocation 160 jobs have complete FULL logs
[2026-07-04T04:52:24-0700] all GitLab allocation 160 jobs have complete FULL logs
[2026-07-04T04:53:24-0700] all GitLab allocation 160 jobs have complete FULL logs
[2026-07-04T04:54:24-0700] all GitLab allocation 160 jobs have complete FULL logs
[2026-07-04T04:55:25-0700] all GitLab allocation 160 jobs have complete FULL logs
[2026-07-04T04:56:25-0700] all GitLab allocation 160 jobs have complete FULL logs
[2026-07-04T04:57:25-0700] all GitLab allocation 160 jobs have complete FULL logs
[2026-07-04T04:58:25-0700] all GitLab allocation 160 jobs have complete FULL logs
[2026-07-04T04:59:25-0700] all GitLab allocation 160 jobs have complete FULL logs
[2026-07-04T05:00:25-0700] all GitLab allocation 160 jobs have complete FULL logs
[2026-07-04T05:01:26-0700] all GitLab allocation 160 jobs have complete FULL logs
[2026-07-04T05:02:26-0700] all GitLab allocation 160 jobs have complete FULL logs
[2026-07-04T05:03:26-0700] all GitLab allocation 160 jobs have complete FULL logs
[2026-07-04T05:04:26-0700] all GitLab allocation 160 jobs have complete FULL logs
[2026-07-04T05:05:26-0700] all GitLab allocation 160 jobs have complete FULL logs
[2026-07-04T05:06:26-0700] all GitLab allocation 160 jobs have complete FULL logs
[2026-07-04T05:07:26-0700] all GitLab allocation 160 jobs have complete FULL logs
[2026-07-04T05:08:27-0700] all GitLab allocation 160 jobs have complete FULL logs
[2026-07-04T05:09:27-0700] all GitLab allocation 160 jobs have complete FULL logs
[2026-07-04T05:10:27-0700] all GitLab allocation 160 jobs have complete FULL logs
[2026-07-04T05:11:27-0700] all GitLab allocation 160 jobs have complete FULL logs
[2026-07-04T05:12:27-0700] all GitLab allocation 160 jobs have complete FULL logs
[2026-07-04T05:13:27-0700] all GitLab allocation 160 jobs have complete FULL logs
[2026-07-04T05:14:28-0700] all GitLab allocation 160 jobs have complete FULL logs
[2026-07-04T05:15:28-0700] all GitLab allocation 160 jobs have complete FULL logs
[2026-07-04T05:16:28-0700] all GitLab allocation 160 jobs have complete FULL logs
[2026-07-04T05:17:28-0700] all GitLab allocation 160 jobs have complete FULL logs
[2026-07-04T05:18:28-0700] all GitLab allocation 160 jobs have complete FULL logs
[2026-07-04T05:19:28-0700] all GitLab allocation 160 jobs have complete FULL logs
[2026-07-04T05:20:29-0700] all GitLab allocation 160 jobs have complete FULL logs
[2026-07-04T05:21:29-0700] all GitLab allocation 160 jobs have complete FULL logs
[2026-07-04T05:22:29-0700] all GitLab allocation 160 jobs have complete FULL logs
[2026-07-04T05:23:29-0700] all GitLab allocation 160 jobs have complete FULL logs
[2026-07-04T05:24:29-0700] all GitLab allocation 160 jobs have complete FULL logs
[2026-07-04T05:25:29-0700] all GitLab allocation 160 jobs have complete FULL logs
[2026-07-04T05:26:29-0700] all GitLab allocation 160 jobs have complete FULL logs
[2026-07-04T05:27:30-0700] all GitLab allocation 160 jobs have complete FULL logs
[2026-07-04T05:28:30-0700] all GitLab allocation 160 jobs have complete FULL logs
[2026-07-04T05:29:30-0700] all GitLab allocation 160 jobs have complete FULL logs
[2026-07-04T05:30:30-0700] all GitLab allocation 160 jobs have complete FULL logs
[2026-07-04T05:31:30-0700] all GitLab allocation 160 jobs have complete FULL logs
[2026-07-04T05:32:30-0700] all GitLab allocation 160 jobs have complete FULL logs
[2026-07-04T05:33:31-0700] all GitLab allocation 160 jobs have complete FULL logs
[2026-07-04T05:34:31-0700] all GitLab allocation 160 jobs have complete FULL logs
[2026-07-04T05:35:31-0700] all GitLab allocation 160 jobs have complete FULL logs
[2026-07-04T05:36:31-0700] all GitLab allocation 160 jobs have complete FULL logs
[2026-07-04T05:37:31-0700] all GitLab allocation 160 jobs have complete FULL logs
[2026-07-04T05:38:31-0700] all GitLab allocation 160 jobs have complete FULL logs
[2026-07-04T05:39:32-0700] all GitLab allocation 160 jobs have complete FULL logs
[2026-07-04T05:40:32-0700] all GitLab allocation 160 jobs have complete FULL logs
[2026-07-04T05:41:32-0700] all GitLab allocation 160 jobs have complete FULL logs
[2026-07-04T05:42:32-0700] all GitLab allocation 160 jobs have complete FULL logs
[2026-07-04T05:43:32-0700] all GitLab allocation 160 jobs have complete FULL logs
[2026-07-04T05:44:32-0700] all GitLab allocation 160 jobs have complete FULL logs
[2026-07-04T05:45:33-0700] all GitLab allocation 160 jobs have complete FULL logs
[2026-07-04T05:46:33-0700] all GitLab allocation 160 jobs have complete FULL logs
[2026-07-04T05:47:33-0700] all GitLab allocation 160 jobs have complete FULL logs
[2026-07-04T05:48:33-0700] all GitLab allocation 160 jobs have complete FULL logs
[2026-07-04T05:49:33-0700] all GitLab allocation 160 jobs have complete FULL logs
[2026-07-04T05:50:33-0700] all GitLab allocation 160 jobs have complete FULL logs
[2026-07-04T05:51:33-0700] all GitLab allocation 160 jobs have complete FULL logs
[2026-07-04T05:52:34-0700] all GitLab allocation 160 jobs have complete FULL logs
[2026-07-04T05:53:34-0700] all GitLab allocation 160 jobs have complete FULL logs
[2026-07-04T05:54:34-0700] all GitLab allocation 160 jobs have complete FULL logs
[2026-07-04T05:55:34-0700] all GitLab allocation 160 jobs have complete FULL logs
[2026-07-04T05:56:34-0700] all GitLab allocation 160 jobs have complete FULL logs
[2026-07-04T05:57:34-0700] all GitLab allocation 160 jobs have complete FULL logs
[2026-07-04T05:58:35-0700] all GitLab allocation 160 jobs have complete FULL logs
[2026-07-04T05:59:35-0700] all GitLab allocation 160 jobs have complete FULL logs
[2026-07-04T06:00:35-0700] all GitLab allocation 160 jobs have complete FULL logs
[2026-07-04T06:01:35-0700] all GitLab allocation 160 jobs have complete FULL logs
[2026-07-04T06:02:35-0700] all GitLab allocation 160 jobs have complete FULL logs
[2026-07-04T06:03:35-0700] all GitLab allocation 160 jobs have complete FULL logs
[2026-07-04T06:04:36-0700] all GitLab allocation 160 jobs have complete FULL logs
[2026-07-04T06:05:36-0700] all GitLab allocation 160 jobs have complete FULL logs
[2026-07-04T06:06:36-0700] all GitLab allocation 160 jobs have complete FULL logs
[2026-07-04T06:07:36-0700] all GitLab allocation 160 jobs have complete FULL logs
[2026-07-04T06:08:36-0700] all GitLab allocation 160 jobs have complete FULL logs
[2026-07-04T06:09:36-0700] all GitLab allocation 160 jobs have complete FULL logs
[2026-07-04T06:10:37-0700] all GitLab allocation 160 jobs have complete FULL logs
[2026-07-04T06:11:37-0700] all GitLab allocation 160 jobs have complete FULL logs
[2026-07-04T06:12:37-0700] all GitLab allocation 160 jobs have complete FULL logs
[2026-07-04T06:13:37-0700] all GitLab allocation 160 jobs have complete FULL logs
[2026-07-04T06:14:37-0700] all GitLab allocation 160 jobs have complete FULL logs
[2026-07-04T06:15:37-0700] all GitLab allocation 160 jobs have complete FULL logs
[2026-07-04T06:16:38-0700] all GitLab allocation 160 jobs have complete FULL logs
[2026-07-04T06:17:38-0700] all GitLab allocation 160 jobs have complete FULL logs
[2026-07-04T06:18:38-0700] all GitLab allocation 160 jobs have complete FULL logs
[2026-07-04T06:19:38-0700] all GitLab allocation 160 jobs have complete FULL logs
[2026-07-04T06:20:38-0700] all GitLab allocation 160 jobs have complete FULL logs
[2026-07-04T06:21:38-0700] all GitLab allocation 160 jobs have complete FULL logs
[2026-07-04T06:22:39-0700] all GitLab allocation 160 jobs have complete FULL logs
[2026-07-04T06:23:39-0700] all GitLab allocation 160 jobs have complete FULL logs
[2026-07-04T06:24:39-0700] all GitLab allocation 160 jobs have complete FULL logs
[2026-07-04T06:25:39-0700] all GitLab allocation 160 jobs have complete FULL logs
[2026-07-04T06:26:39-0700] all GitLab allocation 160 jobs have complete FULL logs
[2026-07-04T06:27:39-0700] all GitLab allocation 160 jobs have complete FULL logs
[2026-07-04T06:28:39-0700] all GitLab allocation 160 jobs have complete FULL logs
[2026-07-04T06:29:40-0700] all GitLab allocation 160 jobs have complete FULL logs
[2026-07-04T06:30:40-0700] all GitLab allocation 160 jobs have complete FULL logs
[2026-07-04T06:31:40-0700] all GitLab allocation 160 jobs have complete FULL logs
[2026-07-04T06:32:40-0700] all GitLab allocation 160 jobs have complete FULL logs
[2026-07-04T06:33:40-0700] all GitLab allocation 160 jobs have complete FULL logs
[2026-07-04T06:34:40-0700] all GitLab allocation 160 jobs have complete FULL logs
[2026-07-04T06:35:41-0700] all GitLab allocation 160 jobs have complete FULL logs
[2026-07-04T06:36:41-0700] all GitLab allocation 160 jobs have complete FULL logs
[2026-07-04T06:37:41-0700] all GitLab allocation 160 jobs have complete FULL logs
[2026-07-04T06:38:41-0700] all GitLab allocation 160 jobs have complete FULL logs
[2026-07-04T06:39:41-0700] all GitLab allocation 160 jobs have complete FULL logs
[2026-07-04T06:40:41-0700] all GitLab allocation 160 jobs have complete FULL logs
[2026-07-04T06:41:42-0700] all GitLab allocation 160 jobs have complete FULL logs
[2026-07-04T06:42:42-0700] all GitLab allocation 160 jobs have complete FULL logs
[2026-07-04T06:43:42-0700] all GitLab allocation 160 jobs have complete FULL logs
[2026-07-04T06:44:42-0700] all GitLab allocation 160 jobs have complete FULL logs
[2026-07-04T06:45:42-0700] all GitLab allocation 160 jobs have complete FULL logs
[2026-07-04T06:46:42-0700] all GitLab allocation 160 jobs have complete FULL logs
[2026-07-04T06:47:43-0700] all GitLab allocation 160 jobs have complete FULL logs
[2026-07-04T06:48:43-0700] all GitLab allocation 160 jobs have complete FULL logs
[2026-07-04T06:49:43-0700] all GitLab allocation 160 jobs have complete FULL logs
[2026-07-04T06:50:43-0700] all GitLab allocation 160 jobs have complete FULL logs
[2026-07-04T06:51:43-0700] all GitLab allocation 160 jobs have complete FULL logs
[2026-07-04T06:52:43-0700] all GitLab allocation 160 jobs have complete FULL logs
[2026-07-04T06:53:43-0700] all GitLab allocation 160 jobs have complete FULL logs
[2026-07-04T06:54:44-0700] all GitLab allocation 160 jobs have complete FULL logs
[2026-07-04T06:55:44-0700] all GitLab allocation 160 jobs have complete FULL logs
[2026-07-04T06:56:44-0700] all GitLab allocation 160 jobs have complete FULL logs
[2026-07-04T06:57:44-0700] all GitLab allocation 160 jobs have complete FULL logs
[2026-07-04T06:58:44-0700] all GitLab allocation 160 jobs have complete FULL logs
[2026-07-04T06:59:44-0700] all GitLab allocation 160 jobs have complete FULL logs
[2026-07-04T07:00:45-0700] all GitLab allocation 160 jobs have complete FULL logs
[2026-07-04T07:01:45-0700] all GitLab allocation 160 jobs have complete FULL logs
[2026-07-04T07:02:45-0700] all GitLab allocation 160 jobs have complete FULL logs
[2026-07-04T07:03:45-0700] all GitLab allocation 160 jobs have complete FULL logs
[2026-07-04T07:04:45-0700] all GitLab allocation 160 jobs have complete FULL logs
[2026-07-04T07:05:45-0700] all GitLab allocation 160 jobs have complete FULL logs
[2026-07-04T07:06:46-0700] all GitLab allocation 160 jobs have complete FULL logs
[2026-07-04T07:07:46-0700] all GitLab allocation 160 jobs have complete FULL logs
[2026-07-04T07:08:46-0700] all GitLab allocation 160 jobs have complete FULL logs
[2026-07-04T07:09:46-0700] all GitLab allocation 160 jobs have complete FULL logs
[2026-07-04T07:10:46-0700] all GitLab allocation 160 jobs have complete FULL logs
[2026-07-04T07:11:46-0700] all GitLab allocation 160 jobs have complete FULL logs
[2026-07-04T07:12:47-0700] all GitLab allocation 160 jobs have complete FULL logs
[2026-07-04T07:13:47-0700] all GitLab allocation 160 jobs have complete FULL logs
[2026-07-04T07:14:47-0700] all GitLab allocation 160 jobs have complete FULL logs
[2026-07-04T07:15:47-0700] all GitLab allocation 160 jobs have complete FULL logs
[2026-07-04T07:16:47-0700] all GitLab allocation 160 jobs have complete FULL logs
[2026-07-04T07:17:47-0700] all GitLab allocation 160 jobs have complete FULL logs
[2026-07-04T07:18:47-0700] all GitLab allocation 160 jobs have complete FULL logs
[2026-07-04T07:19:48-0700] all GitLab allocation 160 jobs have complete FULL logs
[2026-07-04T07:20:48-0700] all GitLab allocation 160 jobs have complete FULL logs
[2026-07-04T07:21:48-0700] all GitLab allocation 160 jobs have complete FULL logs
[2026-07-04T07:22:48-0700] all GitLab allocation 160 jobs have complete FULL logs
[2026-07-04T07:23:48-0700] all GitLab allocation 160 jobs have complete FULL logs
[2026-07-04T07:24:48-0700] all GitLab allocation 160 jobs have complete FULL logs
[2026-07-04T07:25:49-0700] all GitLab allocation 160 jobs have complete FULL logs
[2026-07-04T07:26:49-0700] all GitLab allocation 160 jobs have complete FULL logs
[2026-07-04T07:27:49-0700] all GitLab allocation 160 jobs have complete FULL logs
[2026-07-04T07:28:49-0700] all GitLab allocation 160 jobs have complete FULL logs
[2026-07-04T07:29:49-0700] all GitLab allocation 160 jobs have complete FULL logs
[2026-07-04T07:30:49-0700] all GitLab allocation 160 jobs have complete FULL logs
[2026-07-04T07:31:50-0700] all GitLab allocation 160 jobs have complete FULL logs
[2026-07-04T07:32:50-0700] all GitLab allocation 160 jobs have complete FULL logs
[2026-07-04T07:33:50-0700] all GitLab allocation 160 jobs have complete FULL logs
[2026-07-04T07:34:50-0700] all GitLab allocation 160 jobs have complete FULL logs
[2026-07-04T07:35:50-0700] all GitLab allocation 160 jobs have complete FULL logs
[2026-07-04T07:36:50-0700] all GitLab allocation 160 jobs have complete FULL logs
[2026-07-04T07:37:51-0700] all GitLab allocation 160 jobs have complete FULL logs
[2026-07-04T07:38:51-0700] all GitLab allocation 160 jobs have complete FULL logs
[2026-07-04T07:39:51-0700] all GitLab allocation 160 jobs have complete FULL logs
[2026-07-04T07:40:51-0700] all GitLab allocation 160 jobs have complete FULL logs
[2026-07-04T07:41:51-0700] all GitLab allocation 160 jobs have complete FULL logs
[2026-07-04T07:42:51-0700] all GitLab allocation 160 jobs have complete FULL logs
[2026-07-04T07:43:51-0700] all GitLab allocation 160 jobs have complete FULL logs
[2026-07-04T07:44:52-0700] all GitLab allocation 160 jobs have complete FULL logs
[2026-07-04T07:45:52-0700] all GitLab allocation 160 jobs have complete FULL logs
[2026-07-04T07:46:52-0700] all GitLab allocation 160 jobs have complete FULL logs
[2026-07-04T07:47:52-0700] all GitLab allocation 160 jobs have complete FULL logs
[2026-07-04T07:48:52-0700] all GitLab allocation 160 jobs have complete FULL logs
[2026-07-04T07:49:52-0700] all GitLab allocation 160 jobs have complete FULL logs
[2026-07-04T07:50:53-0700] all GitLab allocation 160 jobs have complete FULL logs
[2026-07-04T07:51:53-0700] all GitLab allocation 160 jobs have complete FULL logs
[2026-07-04T07:52:53-0700] all GitLab allocation 160 jobs have complete FULL logs
[2026-07-04T07:53:53-0700] all GitLab allocation 160 jobs have complete FULL logs
[2026-07-04T07:54:53-0700] all GitLab allocation 160 jobs have complete FULL logs
[2026-07-04T07:55:53-0700] all GitLab allocation 160 jobs have complete FULL logs
[2026-07-04T07:56:54-0700] all GitLab allocation 160 jobs have complete FULL logs
[2026-07-04T07:57:54-0700] all GitLab allocation 160 jobs have complete FULL logs
[2026-07-04T07:58:54-0700] all GitLab allocation 160 jobs have complete FULL logs
[2026-07-04T07:59:54-0700] all GitLab allocation 160 jobs have complete FULL logs
[2026-07-04T08:00:54-0700] all GitLab allocation 160 jobs have complete FULL logs
[2026-07-04T08:01:54-0700] all GitLab allocation 160 jobs have complete FULL logs
[2026-07-04T08:02:54-0700] all GitLab allocation 160 jobs have complete FULL logs
[2026-07-04T08:03:55-0700] all GitLab allocation 160 jobs have complete FULL logs
[2026-07-04T08:04:55-0700] all GitLab allocation 160 jobs have complete FULL logs
[2026-07-04T08:05:55-0700] all GitLab allocation 160 jobs have complete FULL logs
[2026-07-04T08:06:55-0700] all GitLab allocation 160 jobs have complete FULL logs
[2026-07-04T08:07:55-0700] all GitLab allocation 160 jobs have complete FULL logs
[2026-07-04T08:08:55-0700] all GitLab allocation 160 jobs have complete FULL logs
[2026-07-04T08:09:56-0700] all GitLab allocation 160 jobs have complete FULL logs
[2026-07-04T08:10:56-0700] all GitLab allocation 160 jobs have complete FULL logs
[2026-07-04T08:11:56-0700] all GitLab allocation 160 jobs have complete FULL logs
[2026-07-04T08:12:56-0700] all GitLab allocation 160 jobs have complete FULL logs
[2026-07-04T08:13:56-0700] all GitLab allocation 160 jobs have complete FULL logs
[2026-07-04T08:14:56-0700] all GitLab allocation 160 jobs have complete FULL logs
[2026-07-04T08:15:57-0700] all GitLab allocation 160 jobs have complete FULL logs
[2026-07-04T08:16:57-0700] all GitLab allocation 160 jobs have complete FULL logs
[2026-07-04T08:17:57-0700] all GitLab allocation 160 jobs have complete FULL logs
[2026-07-04T08:18:57-0700] all GitLab allocation 160 jobs have complete FULL logs
[2026-07-04T08:19:57-0700] all GitLab allocation 160 jobs have complete FULL logs
[2026-07-04T08:20:57-0700] all GitLab allocation 160 jobs have complete FULL logs
[2026-07-04T08:21:58-0700] all GitLab allocation 160 jobs have complete FULL logs
[2026-07-04T08:22:58-0700] all GitLab allocation 160 jobs have complete FULL logs
[2026-07-04T08:23:58-0700] all GitLab allocation 160 jobs have complete FULL logs
[2026-07-04T08:24:58-0700] all GitLab allocation 160 jobs have complete FULL logs
[2026-07-04T08:25:58-0700] all GitLab allocation 160 jobs have complete FULL logs
[2026-07-04T08:26:58-0700] all GitLab allocation 160 jobs have complete FULL logs
[2026-07-04T08:27:58-0700] all GitLab allocation 160 jobs have complete FULL logs
[2026-07-04T08:28:59-0700] all GitLab allocation 160 jobs have complete FULL logs
[2026-07-04T08:29:59-0700] all GitLab allocation 160 jobs have complete FULL logs
[2026-07-04T08:30:59-0700] all GitLab allocation 160 jobs have complete FULL logs
[2026-07-04T08:31:59-0700] all GitLab allocation 160 jobs have complete FULL logs
[2026-07-04T08:32:59-0700] all GitLab allocation 160 jobs have complete FULL logs
[2026-07-04T08:33:59-0700] all GitLab allocation 160 jobs have complete FULL logs
[2026-07-04T08:35:00-0700] all GitLab allocation 160 jobs have complete FULL logs
[2026-07-04T08:36:00-0700] all GitLab allocation 160 jobs have complete FULL logs
[2026-07-04T08:37:00-0700] all GitLab allocation 160 jobs have complete FULL logs
[2026-07-04T08:38:00-0700] all GitLab allocation 160 jobs have complete FULL logs
[2026-07-04T08:39:00-0700] all GitLab allocation 160 jobs have complete FULL logs
[2026-07-04T08:40:00-0700] all GitLab allocation 160 jobs have complete FULL logs
[2026-07-04T08:41:00-0700] all GitLab allocation 160 jobs have complete FULL logs
[2026-07-04T08:42:01-0700] all GitLab allocation 160 jobs have complete FULL logs
[2026-07-04T08:43:01-0700] all GitLab allocation 160 jobs have complete FULL logs
[2026-07-04T08:44:01-0700] all GitLab allocation 160 jobs have complete FULL logs
[2026-07-04T08:45:01-0700] all GitLab allocation 160 jobs have complete FULL logs
[2026-07-04T08:46:01-0700] all GitLab allocation 160 jobs have complete FULL logs
[2026-07-04T08:47:01-0700] all GitLab allocation 160 jobs have complete FULL logs
[2026-07-04T08:48:02-0700] all GitLab allocation 160 jobs have complete FULL logs
[2026-07-04T08:49:02-0700] all GitLab allocation 160 jobs have complete FULL logs
[2026-07-04T08:50:02-0700] all GitLab allocation 160 jobs have complete FULL logs
[2026-07-04T08:51:02-0700] all GitLab allocation 160 jobs have complete FULL logs
[2026-07-04T08:52:02-0700] all GitLab allocation 160 jobs have complete FULL logs
[2026-07-04T08:53:02-0700] all GitLab allocation 160 jobs have complete FULL logs
[2026-07-04T08:54:03-0700] all GitLab allocation 160 jobs have complete FULL logs
[2026-07-04T08:55:03-0700] all GitLab allocation 160 jobs have complete FULL logs
[2026-07-04T08:56:03-0700] all GitLab allocation 160 jobs have complete FULL logs
[2026-07-04T08:57:03-0700] all GitLab allocation 160 jobs have complete FULL logs
[2026-07-04T08:58:03-0700] all GitLab allocation 160 jobs have complete FULL logs
[2026-07-04T08:59:03-0700] all GitLab allocation 160 jobs have complete FULL logs
[2026-07-04T09:00:04-0700] all GitLab allocation 160 jobs have complete FULL logs
[2026-07-04T09:01:04-0700] all GitLab allocation 160 jobs have complete FULL logs
[2026-07-04T09:02:04-0700] all GitLab allocation 160 jobs have complete FULL logs
[2026-07-04T09:03:04-0700] all GitLab allocation 160 jobs have complete FULL logs
[2026-07-04T09:04:04-0700] all GitLab allocation 160 jobs have complete FULL logs
[2026-07-04T09:05:04-0700] all GitLab allocation 160 jobs have complete FULL logs
[2026-07-04T09:06:05-0700] all GitLab allocation 160 jobs have complete FULL logs
[2026-07-04T09:07:05-0700] all GitLab allocation 160 jobs have complete FULL logs
[2026-07-04T09:08:05-0700] all GitLab allocation 160 jobs have complete FULL logs
[2026-07-04T09:09:05-0700] all GitLab allocation 160 jobs have complete FULL logs
[2026-07-04T09:10:05-0700] all GitLab allocation 160 jobs have complete FULL logs
[2026-07-04T09:11:05-0700] all GitLab allocation 160 jobs have complete FULL logs
[2026-07-04T09:12:06-0700] all GitLab allocation 160 jobs have complete FULL logs
[2026-07-04T09:13:06-0700] all GitLab allocation 160 jobs have complete FULL logs
[2026-07-04T09:14:06-0700] all GitLab allocation 160 jobs have complete FULL logs
[2026-07-04T09:15:06-0700] all GitLab allocation 160 jobs have complete FULL logs
[2026-07-04T09:16:06-0700] all GitLab allocation 160 jobs have complete FULL logs
[2026-07-04T09:17:06-0700] all GitLab allocation 160 jobs have complete FULL logs
[2026-07-04T09:18:06-0700] all GitLab allocation 160 jobs have complete FULL logs
[2026-07-04T09:19:07-0700] all GitLab allocation 160 jobs have complete FULL logs
[2026-07-04T09:20:07-0700] all GitLab allocation 160 jobs have complete FULL logs
[2026-07-04T09:21:07-0700] all GitLab allocation 160 jobs have complete FULL logs
[2026-07-04T09:22:07-0700] all GitLab allocation 160 jobs have complete FULL logs
[2026-07-04T09:23:07-0700] all GitLab allocation 160 jobs have complete FULL logs
[2026-07-04T09:24:07-0700] all GitLab allocation 160 jobs have complete FULL logs
[2026-07-04T09:25:08-0700] all GitLab allocation 160 jobs have complete FULL logs
[2026-07-04T09:26:08-0700] all GitLab allocation 160 jobs have complete FULL logs
[2026-07-04T09:27:08-0700] all GitLab allocation 160 jobs have complete FULL logs
[2026-07-04T09:28:08-0700] all GitLab allocation 160 jobs have complete FULL logs
[2026-07-04T09:29:08-0700] all GitLab allocation 160 jobs have complete FULL logs
[2026-07-04T09:30:08-0700] all GitLab allocation 160 jobs have complete FULL logs
[2026-07-04T09:31:09-0700] all GitLab allocation 160 jobs have complete FULL logs
[2026-07-04T09:32:09-0700] all GitLab allocation 160 jobs have complete FULL logs
[2026-07-04T09:33:09-0700] all GitLab allocation 160 jobs have complete FULL logs
[2026-07-04T09:34:09-0700] all GitLab allocation 160 jobs have complete FULL logs
[2026-07-04T09:35:09-0700] all GitLab allocation 160 jobs have complete FULL logs
[2026-07-04T09:36:09-0700] all GitLab allocation 160 jobs have complete FULL logs
[2026-07-04T09:37:09-0700] all GitLab allocation 160 jobs have complete FULL logs
[2026-07-04T09:38:10-0700] all GitLab allocation 160 jobs have complete FULL logs
[2026-07-04T09:39:10-0700] all GitLab allocation 160 jobs have complete FULL logs
[2026-07-04T09:40:10-0700] all GitLab allocation 160 jobs have complete FULL logs
[2026-07-04T09:41:10-0700] all GitLab allocation 160 jobs have complete FULL logs
[2026-07-04T09:42:10-0700] all GitLab allocation 160 jobs have complete FULL logs
[2026-07-04T09:43:10-0700] all GitLab allocation 160 jobs have complete FULL logs
[2026-07-04T09:44:11-0700] all GitLab allocation 160 jobs have complete FULL logs
[2026-07-04T09:45:11-0700] all GitLab allocation 160 jobs have complete FULL logs
[2026-07-04T09:46:11-0700] all GitLab allocation 160 jobs have complete FULL logs
[2026-07-04T09:47:11-0700] all GitLab allocation 160 jobs have complete FULL logs
[2026-07-04T09:48:11-0700] all GitLab allocation 160 jobs have complete FULL logs
[2026-07-04T09:49:11-0700] all GitLab allocation 160 jobs have complete FULL logs
[2026-07-04T09:50:12-0700] all GitLab allocation 160 jobs have complete FULL logs
[2026-07-04T09:51:12-0700] all GitLab allocation 160 jobs have complete FULL logs
[2026-07-04T09:52:12-0700] all GitLab allocation 160 jobs have complete FULL logs
[2026-07-04T09:53:12-0700] all GitLab allocation 160 jobs have complete FULL logs
[2026-07-04T09:54:12-0700] all GitLab allocation 160 jobs have complete FULL logs
[2026-07-04T09:55:12-0700] all GitLab allocation 160 jobs have complete FULL logs
[2026-07-04T09:56:13-0700] all GitLab allocation 160 jobs have complete FULL logs
[2026-07-04T09:57:13-0700] all GitLab allocation 160 jobs have complete FULL logs
[2026-07-04T09:58:13-0700] all GitLab allocation 160 jobs have complete FULL logs
[2026-07-04T09:59:13-0700] all GitLab allocation 160 jobs have complete FULL logs
[2026-07-04T10:00:13-0700] all GitLab allocation 160 jobs have complete FULL logs
[2026-07-04T10:01:13-0700] all GitLab allocation 160 jobs have complete FULL logs
[2026-07-04T10:02:14-0700] all GitLab allocation 160 jobs have complete FULL logs
[2026-07-04T10:03:14-0700] all GitLab allocation 160 jobs have complete FULL logs
[2026-07-04T10:04:14-0700] all GitLab allocation 160 jobs have complete FULL logs
[2026-07-04T10:05:14-0700] all GitLab allocation 160 jobs have complete FULL logs
[2026-07-04T10:06:14-0700] all GitLab allocation 160 jobs have complete FULL logs
[2026-07-04T10:07:14-0700] all GitLab allocation 160 jobs have complete FULL logs
[2026-07-04T10:08:14-0700] all GitLab allocation 160 jobs have complete FULL logs
[2026-07-04T10:09:15-0700] all GitLab allocation 160 jobs have complete FULL logs
[2026-07-04T10:10:15-0700] all GitLab allocation 160 jobs have complete FULL logs
[2026-07-04T10:11:15-0700] all GitLab allocation 160 jobs have complete FULL logs
[2026-07-04T10:12:15-0700] all GitLab allocation 160 jobs have complete FULL logs
