[2026-07-01T12:50:14-0700] watchdog starting interval=60s stale=600s
[2026-07-01T12:50:15-0700] runner active pids=[54360, 54362, 54367]; freshness=0s; completed=0/6; current=top-level
[2026-07-01T12:51:15-0700] runner active pids=[54360, 54362, 54367]; freshness=2s; completed=0/6; current=gitlab_strong_allocation_uniform_budget160_rep0
[2026-07-01T12:52:15-0700] runner active pids=[54360, 54362, 54367]; freshness=1s; completed=0/6; current=gitlab_strong_allocation_uniform_budget160_rep0
[2026-07-01T12:53:15-0700] runner active pids=[54360, 54362, 54367]; freshness=0s; completed=0/6; current=gitlab_strong_allocation_uniform_budget160_rep0
[2026-07-01T12:54:15-0700] runner active pids=[54360, 54362, 54367]; freshness=3s; completed=0/6; current=gitlab_strong_allocation_uniform_budget160_rep0
[2026-07-01T12:55:15-0700] runner active pids=[54360, 54362, 54367]; freshness=8s; completed=0/6; current=gitlab_strong_allocation_uniform_budget160_rep0
[2026-07-01T12:56:15-0700] runner active pids=[54360, 54362, 54367]; freshness=0s; completed=0/6; current=gitlab_strong_allocation_uniform_budget160_rep0
[2026-07-01T12:57:15-0700] runner active pids=[54360, 54362, 54367]; freshness=0s; completed=0/6; current=gitlab_strong_allocation_uniform_budget160_rep0
[2026-07-01T12:58:15-0700] runner active pids=[54360, 54362, 54367]; freshness=2s; completed=0/6; current=gitlab_strong_allocation_uniform_budget160_rep0
[2026-07-01T12:59:15-0700] runner active pids=[54360, 54362, 54367]; freshness=0s; completed=0/6; current=gitlab_strong_allocation_uniform_budget160_rep0
[2026-07-01T13:00:15-0700] runner active pids=[54360, 54362, 54367]; freshness=9s; completed=0/6; current=gitlab_strong_allocation_uniform_budget160_rep0
[2026-07-01T13:01:15-0700] runner active pids=[54360, 54362, 54367]; freshness=14s; completed=0/6; current=gitlab_strong_allocation_uniform_budget160_rep0
[2026-07-01T13:02:16-0700] runner active pids=[54360, 54362, 54367]; freshness=2s; completed=0/6; current=gitlab_strong_allocation_uniform_budget160_rep0
[2026-07-01T13:03:16-0700] runner active pids=[54360, 54362, 54367]; freshness=0s; completed=0/6; current=gitlab_strong_allocation_uniform_budget160_rep0
[2026-07-01T13:04:16-0700] runner active pids=[54360, 54362, 54367]; freshness=3s; completed=0/6; current=gitlab_strong_allocation_uniform_budget160_rep0
[2026-07-01T13:05:16-0700] runner active pids=[54360, 54362, 54367]; freshness=0s; completed=0/6; current=gitlab_strong_allocation_uniform_budget160_rep0
[2026-07-01T13:06:16-0700] runner active pids=[54360, 54362, 54367]; freshness=2s; completed=0/6; current=gitlab_strong_allocation_uniform_budget160_rep0
[2026-07-01T13:07:16-0700] runner active pids=[54360, 54362, 54367]; freshness=6s; completed=0/6; current=gitlab_strong_allocation_uniform_budget160_rep0
[2026-07-01T13:08:16-0700] runner active pids=[54360, 54362, 54367]; freshness=4s; completed=0/6; current=gitlab_strong_allocation_uniform_budget160_rep0
[2026-07-01T13:09:16-0700] runner active pids=[54360, 54362, 54367]; freshness=0s; completed=0/6; current=gitlab_strong_allocation_uniform_budget160_rep0
[2026-07-01T13:10:16-0700] runner active pids=[54360, 54362, 54367]; freshness=4s; completed=0/6; current=gitlab_strong_allocation_uniform_budget160_rep0
[2026-07-01T13:11:16-0700] runner active pids=[54360, 54362, 54367]; freshness=2s; completed=0/6; current=gitlab_strong_allocation_uniform_budget160_rep0
[2026-07-01T13:12:16-0700] runner active pids=[54360, 54362, 54367]; freshness=2s; completed=0/6; current=gitlab_strong_allocation_uniform_budget160_rep0
[2026-07-01T13:13:17-0700] runner active pids=[54360, 54362, 54367]; freshness=8s; completed=0/6; current=gitlab_strong_allocation_uniform_budget160_rep0
[2026-07-01T13:14:17-0700] runner active pids=[54360, 54362, 54367]; freshness=1s; completed=0/6; current=gitlab_strong_allocation_uniform_budget160_rep0
[2026-07-01T13:15:17-0700] runner active pids=[54360, 54362, 54367]; freshness=2s; completed=0/6; current=gitlab_strong_allocation_uniform_budget160_rep0
[2026-07-01T13:16:17-0700] runner active pids=[54360, 54362, 54367]; freshness=14s; completed=0/6; current=gitlab_strong_allocation_uniform_budget160_rep0
[2026-07-01T13:17:17-0700] runner active pids=[54360, 54362, 54367]; freshness=2s; completed=0/6; current=gitlab_strong_allocation_uniform_budget160_rep0
[2026-07-01T13:18:17-0700] runner active pids=[54360, 54362, 54367]; freshness=11s; completed=0/6; current=gitlab_strong_allocation_uniform_budget160_rep0
[2026-07-01T13:19:17-0700] runner active pids=[54360, 54362, 54367]; freshness=3s; completed=0/6; current=gitlab_strong_allocation_uniform_budget160_rep0
[2026-07-01T13:20:17-0700] runner active pids=[54360, 54362, 54367]; freshness=5s; completed=0/6; current=gitlab_strong_allocation_uniform_budget160_rep0
[2026-07-01T13:21:17-0700] runner active pids=[54360, 54362, 54367]; freshness=3s; completed=0/6; current=gitlab_strong_allocation_uniform_budget160_rep0
[2026-07-01T13:22:17-0700] runner active pids=[54360, 54362, 54367]; freshness=2s; completed=0/6; current=gitlab_strong_allocation_uniform_budget160_rep0
[2026-07-01T13:23:18-0700] runner active pids=[54360, 54362, 54367]; freshness=3s; completed=0/6; current=gitlab_strong_allocation_uniform_budget160_rep0
[2026-07-01T13:24:18-0700] runner active pids=[54360, 54362, 54367]; freshness=3s; completed=0/6; current=gitlab_strong_allocation_uniform_budget160_rep0
[2026-07-01T13:25:18-0700] runner active pids=[54360, 54362, 54367]; freshness=39s; completed=0/6; current=gitlab_strong_allocation_uniform_budget160_rep0
[2026-07-01T13:26:18-0700] runner active pids=[54360, 54362, 54367]; freshness=99s; completed=0/6; current=gitlab_strong_allocation_uniform_budget160_rep0
[2026-07-01T13:27:18-0700] runner active pids=[54360, 54362, 54367]; freshness=159s; completed=0/6; current=gitlab_strong_allocation_uniform_budget160_rep0
[2026-07-01T13:28:18-0700] runner active pids=[54360, 54362, 54367]; freshness=219s; completed=0/6; current=gitlab_strong_allocation_uniform_budget160_rep0
[2026-07-01T13:29:18-0700] runner active pids=[54360, 54362, 54367]; freshness=279s; completed=0/6; current=gitlab_strong_allocation_uniform_budget160_rep0
[2026-07-01T13:30:18-0700] runner active pids=[54360, 54362, 54367]; freshness=339s; completed=0/6; current=gitlab_strong_allocation_uniform_budget160_rep0
[2026-07-01T13:31:18-0700] runner active pids=[54360, 54362, 54367]; freshness=399s; completed=0/6; current=gitlab_strong_allocation_uniform_budget160_rep0
[2026-07-01T13:32:18-0700] runner active pids=[54360, 54362, 54367]; freshness=459s; completed=0/6; current=gitlab_strong_allocation_uniform_budget160_rep0
[2026-07-01T13:33:18-0700] runner active pids=[54360, 54362, 54367]; freshness=519s; completed=0/6; current=gitlab_strong_allocation_uniform_budget160_rep0
[2026-07-01T13:34:19-0700] runner active pids=[54360, 54362, 54367]; freshness=580s; completed=0/6; current=gitlab_strong_allocation_uniform_budget160_rep0
[2026-07-01T13:35:19-0700] stale runner detected age=640s pids=[54360, 54362, 54367]; terminating and resuming
[2026-07-01T13:35:24-0700] launched resume session=gitlab_alloc_resume_orm_budget160_rep0_30 job=gitlab_strong_allocation_uniform_budget160_rep0 next_t=30 merged=/Users/sanjay/projects/BerkeleyProjects/Research/IanWaudbySmith/coldStartPrompts/results/gitlab_strong_arm/allocation_160/logs/gitlab_strong_allocation_uniform_budget160_rep0_trial0_2026-07-01T19-50-27Z_MERGED_SO_FAR.jsonl
[2026-07-01T13:36:24-0700] runner active pids=[63204, 63205, 63206]; freshness=0s; completed=0/6; current=gitlab_strong_allocation_uniform_budget160_rep0
[2026-07-01T13:37:24-0700] runner active pids=[63204, 63205, 63206]; freshness=3s; completed=0/6; current=gitlab_strong_allocation_uniform_budget160_rep0
[2026-07-01T13:38:24-0700] runner active pids=[63204, 63205, 63206]; freshness=14s; completed=0/6; current=gitlab_strong_allocation_uniform_budget160_rep0
[2026-07-01T13:39:24-0700] runner active pids=[63204, 63205, 63206]; freshness=6s; completed=0/6; current=gitlab_strong_allocation_uniform_budget160_rep0
[2026-07-01T13:40:25-0700] runner active pids=[63204, 63205, 63206]; freshness=9s; completed=0/6; current=gitlab_strong_allocation_uniform_budget160_rep0
[2026-07-01T13:41:25-0700] runner active pids=[63204, 63205, 63206]; freshness=0s; completed=0/6; current=gitlab_strong_allocation_uniform_budget160_rep0
[2026-07-01T13:42:25-0700] runner active pids=[63204, 63205, 63206]; freshness=6s; completed=0/6; current=gitlab_strong_allocation_uniform_budget160_rep0
[2026-07-01T13:43:25-0700] runner active pids=[63204, 63205, 63206]; freshness=0s; completed=0/6; current=gitlab_strong_allocation_uniform_budget160_rep0
[2026-07-01T13:44:25-0700] runner active pids=[63204, 63205, 63206]; freshness=1s; completed=0/6; current=gitlab_strong_allocation_uniform_budget160_rep0
[2026-07-01T13:45:25-0700] runner active pids=[63204, 63205, 63206]; freshness=15s; completed=0/6; current=gitlab_strong_allocation_uniform_budget160_rep0
[2026-07-01T13:46:25-0700] runner active pids=[63204, 63205, 63206]; freshness=5s; completed=0/6; current=gitlab_strong_allocation_uniform_budget160_rep0
[2026-07-01T13:47:25-0700] runner active pids=[63204, 63205, 63206]; freshness=0s; completed=0/6; current=gitlab_strong_allocation_uniform_budget160_rep0
[2026-07-01T13:48:25-0700] runner active pids=[63204, 63205, 63206]; freshness=2s; completed=0/6; current=gitlab_strong_allocation_uniform_budget160_rep0
[2026-07-01T13:49:25-0700] runner active pids=[63204, 63205, 63206]; freshness=5s; completed=0/6; current=gitlab_strong_allocation_uniform_budget160_rep0
[2026-07-01T13:50:25-0700] runner active pids=[63204, 63205, 63206]; freshness=8s; completed=0/6; current=gitlab_strong_allocation_uniform_budget160_rep0
[2026-07-01T13:51:26-0700] runner active pids=[63204, 63205, 63206]; freshness=2s; completed=0/6; current=gitlab_strong_allocation_uniform_budget160_rep0
[2026-07-01T13:52:26-0700] runner active pids=[63204, 63205, 63206]; freshness=1s; completed=0/6; current=gitlab_strong_allocation_uniform_budget160_rep0
[2026-07-01T13:53:26-0700] runner active pids=[63204, 63205, 63206]; freshness=2s; completed=0/6; current=gitlab_strong_allocation_uniform_budget160_rep0
[2026-07-01T13:54:26-0700] runner active pids=[63204, 63205, 63206]; freshness=1s; completed=0/6; current=gitlab_strong_allocation_uniform_budget160_rep0
[2026-07-01T13:55:26-0700] runner active pids=[63204, 63205, 63206]; freshness=1s; completed=0/6; current=gitlab_strong_allocation_uniform_budget160_rep0
[2026-07-01T13:56:26-0700] runner active pids=[63204, 63205, 63206]; freshness=1s; completed=0/6; current=gitlab_strong_allocation_uniform_budget160_rep0
[2026-07-01T13:57:26-0700] runner active pids=[63204, 63205, 63206]; freshness=10s; completed=0/6; current=gitlab_strong_allocation_uniform_budget160_rep0
[2026-07-01T13:58:26-0700] runner active pids=[63204, 63205, 63206]; freshness=1s; completed=0/6; current=gitlab_strong_allocation_uniform_budget160_rep0
[2026-07-01T13:59:26-0700] runner active pids=[63204, 63205, 63206]; freshness=4s; completed=0/6; current=gitlab_strong_allocation_uniform_budget160_rep0
[2026-07-01T14:00:26-0700] runner active pids=[63204, 63205, 63206]; freshness=1s; completed=0/6; current=gitlab_strong_allocation_uniform_budget160_rep0
[2026-07-01T14:01:26-0700] runner active pids=[63204, 63205, 63206]; freshness=1s; completed=0/6; current=gitlab_strong_allocation_uniform_budget160_rep0
[2026-07-01T14:02:27-0700] runner active pids=[63204, 63205, 63206]; freshness=23s; completed=0/6; current=gitlab_strong_allocation_uniform_budget160_rep0
[2026-07-01T14:03:27-0700] runner active pids=[63204, 63205, 63206]; freshness=11s; completed=0/6; current=gitlab_strong_allocation_uniform_budget160_rep0
[2026-07-01T14:04:27-0700] runner active pids=[63204, 63205, 63206]; freshness=14s; completed=0/6; current=gitlab_strong_allocation_uniform_budget160_rep0
[2026-07-01T14:05:27-0700] runner active pids=[63204, 63205, 63206]; freshness=5s; completed=0/6; current=gitlab_strong_allocation_uniform_budget160_rep0
[2026-07-01T14:06:27-0700] runner active pids=[63204, 63205, 63206]; freshness=0s; completed=0/6; current=gitlab_strong_allocation_uniform_budget160_rep0
[2026-07-01T14:07:27-0700] runner active pids=[63204, 63205, 63206]; freshness=2s; completed=0/6; current=gitlab_strong_allocation_uniform_budget160_rep0
[2026-07-01T14:08:27-0700] runner active pids=[63204, 63205, 63206]; freshness=2s; completed=0/6; current=gitlab_strong_allocation_uniform_budget160_rep0
[2026-07-01T14:09:27-0700] runner active pids=[63204, 63205, 63206]; freshness=11s; completed=0/6; current=gitlab_strong_allocation_uniform_budget160_rep0
[2026-07-01T14:10:27-0700] runner active pids=[63204, 63205, 63206]; freshness=5s; completed=0/6; current=gitlab_strong_allocation_uniform_budget160_rep0
[2026-07-01T14:11:27-0700] runner active pids=[63204, 63205, 63206]; freshness=1s; completed=0/6; current=gitlab_strong_allocation_uniform_budget160_rep0
[2026-07-01T14:12:27-0700] runner active pids=[63204, 63205, 63206]; freshness=0s; completed=0/6; current=gitlab_strong_allocation_uniform_budget160_rep0
[2026-07-01T14:13:28-0700] runner active pids=[63204, 63205, 63206]; freshness=7s; completed=0/6; current=gitlab_strong_allocation_uniform_budget160_rep0
[2026-07-01T14:14:28-0700] runner active pids=[63204, 63205, 63206]; freshness=1s; completed=0/6; current=gitlab_strong_allocation_uniform_budget160_rep0
[2026-07-01T14:15:28-0700] runner active pids=[63204, 63205, 63206]; freshness=6s; completed=0/6; current=gitlab_strong_allocation_uniform_budget160_rep0
[2026-07-01T14:16:28-0700] runner active pids=[63204, 63205, 63206]; freshness=3s; completed=0/6; current=gitlab_strong_allocation_uniform_budget160_rep0
[2026-07-01T14:17:28-0700] runner active pids=[63204, 63205, 63206]; freshness=1s; completed=0/6; current=gitlab_strong_allocation_uniform_budget160_rep0
[2026-07-01T14:18:28-0700] runner active pids=[63204, 63205, 63206]; freshness=49s; completed=0/6; current=gitlab_strong_allocation_uniform_budget160_rep0
[2026-07-01T14:19:28-0700] runner active pids=[63204, 63205, 63206]; freshness=109s; completed=0/6; current=gitlab_strong_allocation_uniform_budget160_rep0
[2026-07-01T14:20:28-0700] runner active pids=[63204, 63205, 63206]; freshness=169s; completed=0/6; current=gitlab_strong_allocation_uniform_budget160_rep0
[2026-07-01T14:21:28-0700] runner active pids=[63204, 63205, 63206]; freshness=229s; completed=0/6; current=gitlab_strong_allocation_uniform_budget160_rep0
[2026-07-01T14:22:28-0700] runner active pids=[63204, 63205, 63206]; freshness=290s; completed=0/6; current=gitlab_strong_allocation_uniform_budget160_rep0
[2026-07-01T14:23:29-0700] runner active pids=[63204, 63205, 63206]; freshness=350s; completed=0/6; current=gitlab_strong_allocation_uniform_budget160_rep0
[2026-07-01T14:24:29-0700] runner active pids=[63204, 63205, 63206]; freshness=410s; completed=0/6; current=gitlab_strong_allocation_uniform_budget160_rep0
[2026-07-01T14:25:29-0700] runner active pids=[63204, 63205, 63206]; freshness=470s; completed=0/6; current=gitlab_strong_allocation_uniform_budget160_rep0
[2026-07-01T14:26:29-0700] runner active pids=[63204, 63205, 63206]; freshness=530s; completed=0/6; current=gitlab_strong_allocation_uniform_budget160_rep0
[2026-07-01T14:27:29-0700] runner active pids=[63204, 63205, 63206]; freshness=590s; completed=0/6; current=gitlab_strong_allocation_uniform_budget160_rep0
[2026-07-01T14:28:29-0700] stale runner detected age=650s pids=[63204, 63205, 63206]; terminating and resuming
[2026-07-01T14:28:34-0700] launched resume session=gitlab_alloc_resume_orm_budget160_rep0_59 job=gitlab_strong_allocation_uniform_budget160_rep0 next_t=59 merged=/Users/sanjay/projects/BerkeleyProjects/Research/IanWaudbySmith/coldStartPrompts/results/gitlab_strong_arm/allocation_160/logs/gitlab_strong_allocation_uniform_budget160_rep0_trial0_2026-07-01T19-50-27Z_MERGED_SO_FAR.jsonl
[2026-07-01T14:29:35-0700] runner active pids=[68768, 68769, 68770]; freshness=2s; completed=0/6; current=gitlab_strong_allocation_uniform_budget160_rep0
[2026-07-01T14:30:35-0700] runner active pids=[68768, 68769, 68770]; freshness=0s; completed=0/6; current=gitlab_strong_allocation_uniform_budget160_rep0
[2026-07-01T14:31:35-0700] runner active pids=[68768, 68769, 68770]; freshness=9s; completed=0/6; current=gitlab_strong_allocation_uniform_budget160_rep0
[2026-07-01T14:32:35-0700] runner active pids=[68768, 68769, 68770]; freshness=0s; completed=0/6; current=gitlab_strong_allocation_uniform_budget160_rep0
[2026-07-01T14:33:35-0700] runner active pids=[68768, 68769, 68770]; freshness=1s; completed=0/6; current=gitlab_strong_allocation_uniform_budget160_rep0
[2026-07-01T14:34:35-0700] runner active pids=[68768, 68769, 68770]; freshness=5s; completed=0/6; current=gitlab_strong_allocation_uniform_budget160_rep0
[2026-07-01T14:35:35-0700] runner active pids=[68768, 68769, 68770]; freshness=9s; completed=0/6; current=gitlab_strong_allocation_uniform_budget160_rep0
[2026-07-01T14:36:35-0700] runner active pids=[68768, 68769, 68770]; freshness=1s; completed=0/6; current=gitlab_strong_allocation_uniform_budget160_rep0
[2026-07-01T14:37:35-0700] runner active pids=[68768, 68769, 68770]; freshness=11s; completed=0/6; current=gitlab_strong_allocation_uniform_budget160_rep0
[2026-07-01T14:38:35-0700] runner active pids=[68768, 68769, 68770]; freshness=0s; completed=0/6; current=gitlab_strong_allocation_uniform_budget160_rep0
[2026-07-01T14:39:36-0700] runner active pids=[68768, 68769, 68770]; freshness=2s; completed=0/6; current=gitlab_strong_allocation_uniform_budget160_rep0
[2026-07-01T14:40:36-0700] runner active pids=[68768, 68769, 68770]; freshness=11s; completed=0/6; current=gitlab_strong_allocation_uniform_budget160_rep0
[2026-07-01T14:41:36-0700] runner active pids=[68768, 68769, 68770]; freshness=1s; completed=0/6; current=gitlab_strong_allocation_uniform_budget160_rep0
[2026-07-01T14:42:36-0700] runner active pids=[68768, 68769, 68770]; freshness=1s; completed=0/6; current=gitlab_strong_allocation_uniform_budget160_rep0
[2026-07-01T14:43:36-0700] runner active pids=[68768, 68769, 68770]; freshness=1s; completed=0/6; current=gitlab_strong_allocation_uniform_budget160_rep0
[2026-07-01T14:44:36-0700] runner active pids=[68768, 68769, 68770]; freshness=2s; completed=0/6; current=gitlab_strong_allocation_uniform_budget160_rep0
[2026-07-01T14:45:36-0700] runner active pids=[68768, 68769, 68770]; freshness=1s; completed=0/6; current=gitlab_strong_allocation_uniform_budget160_rep0
[2026-07-01T14:46:36-0700] runner active pids=[68768, 68769, 68770]; freshness=5s; completed=0/6; current=gitlab_strong_allocation_uniform_budget160_rep0
[2026-07-01T14:47:36-0700] runner active pids=[68768, 68769, 68770]; freshness=11s; completed=0/6; current=gitlab_strong_allocation_uniform_budget160_rep0
[2026-07-01T14:48:36-0700] runner active pids=[68768, 68769, 68770]; freshness=5s; completed=0/6; current=gitlab_strong_allocation_uniform_budget160_rep0
[2026-07-01T14:49:37-0700] runner active pids=[68768, 68769, 68770]; freshness=10s; completed=0/6; current=gitlab_strong_allocation_uniform_budget160_rep0
[2026-07-01T14:50:37-0700] runner active pids=[68768, 68769, 68770]; freshness=0s; completed=0/6; current=gitlab_strong_allocation_uniform_budget160_rep0
[2026-07-01T14:51:37-0700] runner active pids=[68768, 68769, 68770]; freshness=2s; completed=0/6; current=gitlab_strong_allocation_uniform_budget160_rep0
[2026-07-01T14:52:37-0700] runner active pids=[68768, 68769, 68770]; freshness=1s; completed=0/6; current=gitlab_strong_allocation_uniform_budget160_rep0
[2026-07-01T14:53:37-0700] runner active pids=[68768, 68769, 68770]; freshness=3s; completed=0/6; current=gitlab_strong_allocation_uniform_budget160_rep0
[2026-07-01T14:54:37-0700] runner active pids=[68768, 68769, 68770]; freshness=3s; completed=0/6; current=gitlab_strong_allocation_uniform_budget160_rep0
[2026-07-01T14:55:37-0700] runner active pids=[68768, 68769, 68770]; freshness=1s; completed=0/6; current=gitlab_strong_allocation_uniform_budget160_rep0
[2026-07-01T14:56:37-0700] runner active pids=[68768, 68769, 68770]; freshness=1s; completed=0/6; current=gitlab_strong_allocation_uniform_budget160_rep0
[2026-07-01T14:57:37-0700] runner active pids=[68768, 68769, 68770]; freshness=0s; completed=0/6; current=gitlab_strong_allocation_uniform_budget160_rep0
[2026-07-01T14:58:37-0700] runner active pids=[68768, 68769, 68770]; freshness=1s; completed=0/6; current=gitlab_strong_allocation_uniform_budget160_rep0
[2026-07-01T14:59:38-0700] runner active pids=[68768, 68769, 68770]; freshness=11s; completed=0/6; current=gitlab_strong_allocation_uniform_budget160_rep0
[2026-07-01T15:00:38-0700] runner active pids=[68768, 68769, 68770]; freshness=4s; completed=0/6; current=gitlab_strong_allocation_uniform_budget160_rep0
[2026-07-01T15:01:38-0700] runner active pids=[68768, 68769, 68770]; freshness=4s; completed=0/6; current=gitlab_strong_allocation_uniform_budget160_rep0
[2026-07-01T15:02:38-0700] runner active pids=[68768, 68769, 68770]; freshness=12s; completed=0/6; current=gitlab_strong_allocation_uniform_budget160_rep0
[2026-07-01T15:03:38-0700] runner active pids=[68768, 68769, 68770]; freshness=2s; completed=0/6; current=gitlab_strong_allocation_uniform_budget160_rep0
[2026-07-01T15:04:38-0700] runner active pids=[68768, 68769, 68770]; freshness=7s; completed=0/6; current=gitlab_strong_allocation_uniform_budget160_rep0
[2026-07-01T15:05:38-0700] runner active pids=[68768, 68769, 68770]; freshness=3s; completed=0/6; current=gitlab_strong_allocation_uniform_budget160_rep0
[2026-07-01T15:06:38-0700] runner active pids=[68768, 68769, 68770]; freshness=4s; completed=0/6; current=gitlab_strong_allocation_uniform_budget160_rep0
[2026-07-01T15:07:38-0700] runner active pids=[68768, 68769, 68770]; freshness=3s; completed=0/6; current=gitlab_strong_allocation_uniform_budget160_rep0
[2026-07-01T15:08:38-0700] runner active pids=[68768, 68769, 68770]; freshness=3s; completed=0/6; current=gitlab_strong_allocation_uniform_budget160_rep0
[2026-07-01T15:09:38-0700] runner active pids=[68768, 68769, 68770]; freshness=4s; completed=0/6; current=gitlab_strong_allocation_uniform_budget160_rep0
[2026-07-01T15:10:39-0700] runner active pids=[68768, 68769, 68770]; freshness=1s; completed=0/6; current=gitlab_strong_allocation_uniform_budget160_rep0
[2026-07-01T15:11:39-0700] runner active pids=[68768, 68769, 68770]; freshness=0s; completed=0/6; current=gitlab_strong_allocation_uniform_budget160_rep0
[2026-07-01T15:12:39-0700] runner active pids=[68768, 68769, 68770]; freshness=0s; completed=0/6; current=gitlab_strong_allocation_uniform_budget160_rep0
[2026-07-01T15:13:39-0700] runner active pids=[68768, 68769, 68770]; freshness=6s; completed=0/6; current=gitlab_strong_allocation_uniform_budget160_rep0
[2026-07-01T15:14:39-0700] runner active pids=[68768, 68769, 68770]; freshness=7s; completed=0/6; current=gitlab_strong_allocation_uniform_budget160_rep0
[2026-07-01T15:15:39-0700] runner active pids=[68768, 68769, 68770]; freshness=1s; completed=0/6; current=gitlab_strong_allocation_uniform_budget160_rep0
[2026-07-01T15:16:39-0700] runner active pids=[68768, 68769, 68770]; freshness=5s; completed=0/6; current=gitlab_strong_allocation_uniform_budget160_rep0
[2026-07-01T15:17:39-0700] runner active pids=[68768, 68769, 68770]; freshness=6s; completed=0/6; current=gitlab_strong_allocation_uniform_budget160_rep0
[2026-07-01T15:18:39-0700] runner active pids=[68768, 68769, 68770]; freshness=18s; completed=0/6; current=gitlab_strong_allocation_uniform_budget160_rep0
[2026-07-01T15:19:39-0700] runner active pids=[68768, 68769, 68770]; freshness=4s; completed=0/6; current=gitlab_strong_allocation_uniform_budget160_rep0
[2026-07-01T15:20:40-0700] runner active pids=[68768, 68769, 68770]; freshness=2s; completed=0/6; current=gitlab_strong_allocation_uniform_budget160_rep0
[2026-07-01T15:21:40-0700] runner active pids=[68768, 68769, 68770]; freshness=9s; completed=0/6; current=gitlab_strong_allocation_uniform_budget160_rep0
[2026-07-01T15:22:40-0700] runner active pids=[68768, 68769, 68770]; freshness=12s; completed=0/6; current=gitlab_strong_allocation_uniform_budget160_rep0
[2026-07-01T15:23:40-0700] runner active pids=[68768, 68769, 68770]; freshness=34s; completed=0/6; current=gitlab_strong_allocation_uniform_budget160_rep0
[2026-07-01T15:24:40-0700] runner active pids=[68768, 68769, 68770]; freshness=94s; completed=0/6; current=gitlab_strong_allocation_uniform_budget160_rep0
[2026-07-01T15:25:40-0700] runner active pids=[68768, 68769, 68770]; freshness=154s; completed=0/6; current=gitlab_strong_allocation_uniform_budget160_rep0
[2026-07-01T15:26:40-0700] runner active pids=[68768, 68769, 68770]; freshness=214s; completed=0/6; current=gitlab_strong_allocation_uniform_budget160_rep0
[2026-07-01T15:27:40-0700] runner active pids=[68768, 68769, 68770]; freshness=274s; completed=0/6; current=gitlab_strong_allocation_uniform_budget160_rep0
[2026-07-01T15:28:40-0700] runner active pids=[68768, 68769, 68770]; freshness=334s; completed=0/6; current=gitlab_strong_allocation_uniform_budget160_rep0
[2026-07-01T15:29:40-0700] runner active pids=[68768, 68769, 68770]; freshness=395s; completed=0/6; current=gitlab_strong_allocation_uniform_budget160_rep0
[2026-07-01T15:30:41-0700] runner active pids=[68768, 68769, 68770]; freshness=455s; completed=0/6; current=gitlab_strong_allocation_uniform_budget160_rep0
[2026-07-01T15:31:41-0700] runner active pids=[68768, 68769, 68770]; freshness=515s; completed=0/6; current=gitlab_strong_allocation_uniform_budget160_rep0
[2026-07-01T15:32:41-0700] runner active pids=[68768, 68769, 68770]; freshness=575s; completed=0/6; current=gitlab_strong_allocation_uniform_budget160_rep0
[2026-07-01T15:33:41-0700] stale runner detected age=635s pids=[68768, 68769, 68770]; terminating and resuming
[2026-07-01T15:33:46-0700] launched resume session=gitlab_alloc_resume_orm_budget160_rep0_88 job=gitlab_strong_allocation_uniform_budget160_rep0 next_t=88 merged=/Users/sanjay/projects/BerkeleyProjects/Research/IanWaudbySmith/coldStartPrompts/results/gitlab_strong_arm/allocation_160/logs/gitlab_strong_allocation_uniform_budget160_rep0_trial0_2026-07-01T19-50-27Z_MERGED_SO_FAR.jsonl
[2026-07-01T15:34:46-0700] runner active pids=[75062, 75063, 75064]; freshness=7s; completed=0/6; current=gitlab_strong_allocation_uniform_budget160_rep0
[2026-07-01T15:35:46-0700] runner active pids=[75062, 75063, 75064]; freshness=3s; completed=0/6; current=gitlab_strong_allocation_uniform_budget160_rep0
[2026-07-01T15:36:47-0700] runner active pids=[75062, 75063, 75064]; freshness=3s; completed=0/6; current=gitlab_strong_allocation_uniform_budget160_rep0
[2026-07-01T15:37:47-0700] runner active pids=[75062, 75063, 75064]; freshness=7s; completed=0/6; current=gitlab_strong_allocation_uniform_budget160_rep0
[2026-07-01T15:38:47-0700] runner active pids=[75062, 75063, 75064]; freshness=6s; completed=0/6; current=gitlab_strong_allocation_uniform_budget160_rep0
[2026-07-01T15:39:47-0700] runner active pids=[75062, 75063, 75064]; freshness=0s; completed=0/6; current=gitlab_strong_allocation_uniform_budget160_rep0
[2026-07-01T15:40:47-0700] runner active pids=[75062, 75063, 75064]; freshness=4s; completed=0/6; current=gitlab_strong_allocation_uniform_budget160_rep0
[2026-07-01T15:41:47-0700] runner active pids=[75062, 75063, 75064]; freshness=1s; completed=0/6; current=gitlab_strong_allocation_uniform_budget160_rep0
[2026-07-01T15:42:47-0700] runner active pids=[75062, 75063, 75064]; freshness=0s; completed=0/6; current=gitlab_strong_allocation_uniform_budget160_rep0
[2026-07-01T15:43:47-0700] runner active pids=[75062, 75063, 75064]; freshness=3s; completed=0/6; current=gitlab_strong_allocation_uniform_budget160_rep0
[2026-07-01T15:44:47-0700] runner active pids=[75062, 75063, 75064]; freshness=3s; completed=0/6; current=gitlab_strong_allocation_uniform_budget160_rep0
[2026-07-01T15:45:47-0700] runner active pids=[75062, 75063, 75064]; freshness=11s; completed=0/6; current=gitlab_strong_allocation_uniform_budget160_rep0
[2026-07-01T15:46:48-0700] runner active pids=[75062, 75063, 75064]; freshness=3s; completed=0/6; current=gitlab_strong_allocation_uniform_budget160_rep0
[2026-07-01T15:47:48-0700] runner active pids=[75062, 75063, 75064]; freshness=0s; completed=0/6; current=gitlab_strong_allocation_uniform_budget160_rep0
[2026-07-01T15:48:48-0700] runner active pids=[75062, 75063, 75064]; freshness=2s; completed=0/6; current=gitlab_strong_allocation_uniform_budget160_rep0
[2026-07-01T15:49:48-0700] runner active pids=[75062, 75063, 75064]; freshness=2s; completed=0/6; current=gitlab_strong_allocation_uniform_budget160_rep0
[2026-07-01T15:50:48-0700] runner active pids=[75062, 75063, 75064]; freshness=0s; completed=0/6; current=gitlab_strong_allocation_uniform_budget160_rep0
[2026-07-01T15:51:48-0700] runner active pids=[75062, 75063, 75064]; freshness=3s; completed=0/6; current=gitlab_strong_allocation_uniform_budget160_rep0
[2026-07-01T15:52:48-0700] runner active pids=[75062, 75063, 75064]; freshness=6s; completed=0/6; current=gitlab_strong_allocation_uniform_budget160_rep0
[2026-07-01T15:53:48-0700] runner active pids=[75062, 75063, 75064]; freshness=0s; completed=0/6; current=gitlab_strong_allocation_uniform_budget160_rep0
[2026-07-01T15:54:48-0700] runner active pids=[75062, 75063, 75064]; freshness=0s; completed=0/6; current=gitlab_strong_allocation_uniform_budget160_rep0
[2026-07-01T15:55:48-0700] runner active pids=[75062, 75063, 75064]; freshness=5s; completed=0/6; current=gitlab_strong_allocation_uniform_budget160_rep0
[2026-07-01T15:56:48-0700] runner active pids=[75062, 75063, 75064]; freshness=2s; completed=0/6; current=gitlab_strong_allocation_uniform_budget160_rep0
[2026-07-01T15:57:49-0700] runner active pids=[75062, 75063, 75064]; freshness=4s; completed=0/6; current=gitlab_strong_allocation_uniform_budget160_rep0
[2026-07-01T15:58:49-0700] runner active pids=[75062, 75063, 75064]; freshness=2s; completed=0/6; current=gitlab_strong_allocation_uniform_budget160_rep0
[2026-07-01T15:59:49-0700] runner active pids=[75062, 75063, 75064]; freshness=1s; completed=0/6; current=gitlab_strong_allocation_uniform_budget160_rep0
[2026-07-01T16:00:49-0700] runner active pids=[75062, 75063, 75064]; freshness=6s; completed=0/6; current=gitlab_strong_allocation_uniform_budget160_rep0
[2026-07-01T16:01:49-0700] runner active pids=[75062, 75063, 75064]; freshness=14s; completed=0/6; current=gitlab_strong_allocation_uniform_budget160_rep0
[2026-07-01T16:02:49-0700] runner active pids=[75062, 75063, 75064]; freshness=15s; completed=0/6; current=gitlab_strong_allocation_uniform_budget160_rep0
[2026-07-01T16:03:49-0700] runner active pids=[75062, 75063, 75064]; freshness=14s; completed=0/6; current=gitlab_strong_allocation_uniform_budget160_rep0
[2026-07-01T16:04:49-0700] runner active pids=[75062, 75063, 75064]; freshness=5s; completed=0/6; current=gitlab_strong_allocation_uniform_budget160_rep0
[2026-07-01T16:05:49-0700] runner active pids=[75062, 75063, 75064]; freshness=5s; completed=0/6; current=gitlab_strong_allocation_uniform_budget160_rep0
[2026-07-01T16:06:49-0700] runner active pids=[75062, 75063, 75064]; freshness=1s; completed=0/6; current=gitlab_strong_allocation_uniform_budget160_rep0
[2026-07-01T16:07:50-0700] runner active pids=[75062, 75063, 75064]; freshness=8s; completed=0/6; current=gitlab_strong_allocation_uniform_budget160_rep0
[2026-07-01T16:08:50-0700] runner active pids=[75062, 75063, 75064]; freshness=2s; completed=0/6; current=gitlab_strong_allocation_uniform_budget160_rep0
[2026-07-01T16:09:50-0700] runner active pids=[75062, 75063, 75064]; freshness=3s; completed=0/6; current=gitlab_strong_allocation_uniform_budget160_rep0
[2026-07-01T16:10:50-0700] runner active pids=[75062, 75063, 75064]; freshness=5s; completed=0/6; current=gitlab_strong_allocation_uniform_budget160_rep0
[2026-07-01T16:11:50-0700] runner active pids=[75062, 75063, 75064]; freshness=7s; completed=0/6; current=gitlab_strong_allocation_uniform_budget160_rep0
[2026-07-01T16:12:50-0700] runner active pids=[75062, 75063, 75064]; freshness=1s; completed=0/6; current=gitlab_strong_allocation_uniform_budget160_rep0
[2026-07-01T16:13:50-0700] runner active pids=[75062, 75063, 75064]; freshness=2s; completed=0/6; current=gitlab_strong_allocation_uniform_budget160_rep0
[2026-07-01T16:14:50-0700] runner active pids=[75062, 75063, 75064]; freshness=5s; completed=0/6; current=gitlab_strong_allocation_uniform_budget160_rep0
[2026-07-01T16:15:50-0700] runner active pids=[75062, 75063, 75064]; freshness=1s; completed=0/6; current=gitlab_strong_allocation_uniform_budget160_rep0
[2026-07-01T16:16:50-0700] runner active pids=[75062, 75063, 75064]; freshness=16s; completed=0/6; current=gitlab_strong_allocation_uniform_budget160_rep0
[2026-07-01T16:17:50-0700] runner active pids=[75062, 75063, 75064]; freshness=9s; completed=0/6; current=gitlab_strong_allocation_uniform_budget160_rep0
[2026-07-01T16:18:51-0700] runner active pids=[75062, 75063, 75064]; freshness=2s; completed=0/6; current=gitlab_strong_allocation_uniform_budget160_rep0
[2026-07-01T16:19:51-0700] runner active pids=[75062, 75063, 75064]; freshness=0s; completed=0/6; current=gitlab_strong_allocation_uniform_budget160_rep0
[2026-07-01T16:20:51-0700] runner active pids=[75062, 75063, 75064]; freshness=3s; completed=0/6; current=gitlab_strong_allocation_uniform_budget160_rep0
[2026-07-01T16:21:51-0700] runner active pids=[75062, 75063, 75064]; freshness=7s; completed=0/6; current=gitlab_strong_allocation_uniform_budget160_rep0
[2026-07-01T16:22:51-0700] runner active pids=[75062, 75063, 75064]; freshness=8s; completed=0/6; current=gitlab_strong_allocation_uniform_budget160_rep0
[2026-07-01T16:23:51-0700] runner active pids=[75062, 75063, 75064]; freshness=5s; completed=0/6; current=gitlab_strong_allocation_uniform_budget160_rep0
[2026-07-01T16:24:51-0700] runner active pids=[75062, 75063, 75064]; freshness=7s; completed=0/6; current=gitlab_strong_allocation_uniform_budget160_rep0
[2026-07-01T16:25:51-0700] runner active pids=[75062, 75063, 75064]; freshness=4s; completed=0/6; current=gitlab_strong_allocation_uniform_budget160_rep0
[2026-07-01T16:26:51-0700] runner active pids=[75062, 75063, 75064]; freshness=2s; completed=0/6; current=gitlab_strong_allocation_uniform_budget160_rep0
[2026-07-01T16:27:51-0700] runner active pids=[75062, 75063, 75064]; freshness=3s; completed=0/6; current=gitlab_strong_allocation_uniform_budget160_rep0
[2026-07-01T16:28:52-0700] runner active pids=[75062, 75063, 75064]; freshness=41s; completed=0/6; current=gitlab_strong_allocation_uniform_budget160_rep0
[2026-07-01T16:29:52-0700] runner active pids=[75062, 75063, 75064]; freshness=101s; completed=0/6; current=gitlab_strong_allocation_uniform_budget160_rep0
[2026-07-01T16:30:52-0700] runner active pids=[75062, 75063, 75064]; freshness=161s; completed=0/6; current=gitlab_strong_allocation_uniform_budget160_rep0
[2026-07-01T16:31:52-0700] runner active pids=[75062, 75063, 75064]; freshness=221s; completed=0/6; current=gitlab_strong_allocation_uniform_budget160_rep0
[2026-07-01T16:32:52-0700] runner active pids=[75062, 75063, 75064]; freshness=281s; completed=0/6; current=gitlab_strong_allocation_uniform_budget160_rep0
[2026-07-01T16:33:52-0700] runner active pids=[75062, 75063, 75064]; freshness=342s; completed=0/6; current=gitlab_strong_allocation_uniform_budget160_rep0
[2026-07-01T16:34:52-0700] runner active pids=[75062, 75063, 75064]; freshness=402s; completed=0/6; current=gitlab_strong_allocation_uniform_budget160_rep0
[2026-07-01T16:35:52-0700] runner active pids=[75062, 75063, 75064]; freshness=462s; completed=0/6; current=gitlab_strong_allocation_uniform_budget160_rep0
[2026-07-01T16:36:52-0700] runner active pids=[75062, 75063, 75064]; freshness=522s; completed=0/6; current=gitlab_strong_allocation_uniform_budget160_rep0
[2026-07-01T16:37:53-0700] runner active pids=[75062, 75063, 75064]; freshness=582s; completed=0/6; current=gitlab_strong_allocation_uniform_budget160_rep0
[2026-07-01T16:38:53-0700] stale runner detected age=642s pids=[75062, 75063, 75064]; terminating and resuming
[2026-07-01T16:38:58-0700] launched resume session=gitlab_alloc_resume_orm_budget160_rep0_118 job=gitlab_strong_allocation_uniform_budget160_rep0 next_t=118 merged=/Users/sanjay/projects/BerkeleyProjects/Research/IanWaudbySmith/coldStartPrompts/results/gitlab_strong_arm/allocation_160/logs/gitlab_strong_allocation_uniform_budget160_rep0_trial0_2026-07-01T19-50-27Z_MERGED_SO_FAR.jsonl
[2026-07-01T16:39:58-0700] runner active pids=[81031, 81032, 81033]; freshness=6s; completed=0/6; current=gitlab_strong_allocation_uniform_budget160_rep0
[2026-07-01T16:40:58-0700] runner active pids=[81031, 81032, 81033]; freshness=2s; completed=0/6; current=gitlab_strong_allocation_uniform_budget160_rep0
[2026-07-01T16:41:58-0700] runner active pids=[81031, 81032, 81033]; freshness=2s; completed=0/6; current=gitlab_strong_allocation_uniform_budget160_rep0
[2026-07-01T16:42:59-0700] runner active pids=[81031, 81032, 81033]; freshness=4s; completed=0/6; current=gitlab_strong_allocation_uniform_budget160_rep0
[2026-07-01T16:43:59-0700] runner active pids=[81031, 81032, 81033]; freshness=2s; completed=0/6; current=gitlab_strong_allocation_uniform_budget160_rep0
[2026-07-01T16:44:59-0700] runner active pids=[81031, 81032, 81033]; freshness=0s; completed=0/6; current=gitlab_strong_allocation_uniform_budget160_rep0
[2026-07-01T16:45:59-0700] runner active pids=[81031, 81032, 81033]; freshness=0s; completed=0/6; current=gitlab_strong_allocation_uniform_budget160_rep0
[2026-07-01T16:46:59-0700] runner active pids=[81031, 81032, 81033]; freshness=1s; completed=0/6; current=gitlab_strong_allocation_uniform_budget160_rep0
[2026-07-01T16:47:59-0700] runner active pids=[81031, 81032, 81033]; freshness=2s; completed=0/6; current=gitlab_strong_allocation_uniform_budget160_rep0
[2026-07-01T16:48:59-0700] runner active pids=[81031, 81032, 81033]; freshness=7s; completed=0/6; current=gitlab_strong_allocation_uniform_budget160_rep0
[2026-07-01T16:49:59-0700] runner active pids=[81031, 81032, 81033]; freshness=12s; completed=0/6; current=gitlab_strong_allocation_uniform_budget160_rep0
[2026-07-01T16:50:59-0700] runner active pids=[81031, 81032, 81033]; freshness=9s; completed=0/6; current=gitlab_strong_allocation_uniform_budget160_rep0
[2026-07-01T16:51:59-0700] runner active pids=[81031, 81032, 81033]; freshness=7s; completed=0/6; current=gitlab_strong_allocation_uniform_budget160_rep0
[2026-07-01T16:52:59-0700] runner active pids=[81031, 81032, 81033]; freshness=0s; completed=0/6; current=gitlab_strong_allocation_uniform_budget160_rep0
[2026-07-01T16:54:00-0700] runner active pids=[81031, 81032, 81033]; freshness=2s; completed=0/6; current=gitlab_strong_allocation_uniform_budget160_rep0
[2026-07-01T16:55:00-0700] runner active pids=[81031, 81032, 81033]; freshness=1s; completed=0/6; current=gitlab_strong_allocation_uniform_budget160_rep0
[2026-07-01T16:56:00-0700] runner active pids=[81031, 81032, 81033]; freshness=2s; completed=0/6; current=gitlab_strong_allocation_uniform_budget160_rep0
[2026-07-01T16:57:00-0700] runner active pids=[81031, 81032, 81033]; freshness=2s; completed=0/6; current=gitlab_strong_allocation_uniform_budget160_rep0
[2026-07-01T16:58:00-0700] runner active pids=[81031, 81032, 81033]; freshness=4s; completed=0/6; current=gitlab_strong_allocation_uniform_budget160_rep0
[2026-07-01T16:59:00-0700] runner active pids=[81031, 81032, 81033]; freshness=0s; completed=0/6; current=gitlab_strong_allocation_uniform_budget160_rep0
[2026-07-01T17:00:00-0700] runner active pids=[81031, 81032, 81033]; freshness=16s; completed=0/6; current=gitlab_strong_allocation_uniform_budget160_rep0
[2026-07-01T17:01:00-0700] runner active pids=[81031, 81032, 81033]; freshness=3s; completed=0/6; current=gitlab_strong_allocation_uniform_budget160_rep0
[2026-07-01T17:02:00-0700] runner active pids=[81031, 81032, 81033]; freshness=1s; completed=0/6; current=gitlab_strong_allocation_uniform_budget160_rep0
[2026-07-01T17:03:00-0700] runner active pids=[81031, 81032, 81033]; freshness=3s; completed=0/6; current=gitlab_strong_allocation_uniform_budget160_rep0
[2026-07-01T17:04:01-0700] runner active pids=[81031, 81032, 81033]; freshness=1s; completed=0/6; current=gitlab_strong_allocation_uniform_budget160_rep0
[2026-07-01T17:05:01-0700] runner active pids=[81031, 81032, 81033]; freshness=6s; completed=0/6; current=gitlab_strong_allocation_uniform_budget160_rep0
[2026-07-01T17:06:01-0700] runner active pids=[81031, 81032, 81033]; freshness=2s; completed=0/6; current=gitlab_strong_allocation_uniform_budget160_rep0
[2026-07-01T17:07:01-0700] runner active pids=[81031, 81032, 81033]; freshness=2s; completed=0/6; current=gitlab_strong_allocation_uniform_budget160_rep0
[2026-07-01T17:08:01-0700] runner active pids=[81031, 81032, 81033]; freshness=6s; completed=0/6; current=gitlab_strong_allocation_uniform_budget160_rep0
[2026-07-01T17:09:01-0700] runner active pids=[81031, 81032, 81033]; freshness=5s; completed=0/6; current=gitlab_strong_allocation_uniform_budget160_rep0
[2026-07-01T17:10:01-0700] runner active pids=[81031, 81032, 81033]; freshness=5s; completed=0/6; current=gitlab_strong_allocation_uniform_budget160_rep0
[2026-07-01T17:11:01-0700] runner active pids=[81031, 81032, 81033]; freshness=11s; completed=0/6; current=gitlab_strong_allocation_uniform_budget160_rep0
[2026-07-01T17:12:01-0700] runner active pids=[81031, 81032, 81033]; freshness=4s; completed=0/6; current=gitlab_strong_allocation_uniform_budget160_rep0
[2026-07-01T17:13:01-0700] runner active pids=[81031, 81032, 81033]; freshness=10s; completed=0/6; current=gitlab_strong_allocation_uniform_budget160_rep0
[2026-07-01T17:14:02-0700] runner active pids=[81031, 81032, 81033]; freshness=2s; completed=0/6; current=gitlab_strong_allocation_uniform_budget160_rep0
[2026-07-01T17:15:02-0700] runner active pids=[81031, 81032, 81033]; freshness=6s; completed=0/6; current=gitlab_strong_allocation_uniform_budget160_rep0
[2026-07-01T17:16:02-0700] runner active pids=[81031, 81032, 81033]; freshness=6s; completed=0/6; current=gitlab_strong_allocation_uniform_budget160_rep0
[2026-07-01T17:17:02-0700] runner active pids=[81031, 81032, 81033]; freshness=6s; completed=0/6; current=gitlab_strong_allocation_uniform_budget160_rep0
[2026-07-01T17:18:02-0700] runner active pids=[81031, 81032, 81033]; freshness=1s; completed=0/6; current=gitlab_strong_allocation_uniform_budget160_rep0
[2026-07-01T17:19:02-0700] runner active pids=[81031, 81032, 81033]; freshness=4s; completed=0/6; current=gitlab_strong_allocation_uniform_budget160_rep0
[2026-07-01T17:20:02-0700] runner active pids=[81031, 81032, 81033]; freshness=3s; completed=0/6; current=gitlab_strong_allocation_uniform_budget160_rep0
[2026-07-01T17:21:02-0700] runner active pids=[81031, 81032, 81033]; freshness=0s; completed=0/6; current=gitlab_strong_allocation_uniform_budget160_rep0
[2026-07-01T17:22:02-0700] runner active pids=[81031, 81032, 81033]; freshness=3s; completed=0/6; current=gitlab_strong_allocation_uniform_budget160_rep0
[2026-07-01T17:23:02-0700] runner active pids=[81031, 81032, 81033]; freshness=7s; completed=0/6; current=gitlab_strong_allocation_uniform_budget160_rep0
[2026-07-01T17:24:03-0700] runner active pids=[81031, 81032, 81033]; freshness=1s; completed=0/6; current=gitlab_strong_allocation_uniform_budget160_rep0
[2026-07-01T17:25:03-0700] runner active pids=[81031, 81032, 81033]; freshness=0s; completed=0/6; current=gitlab_strong_allocation_uniform_budget160_rep0
[2026-07-01T17:26:03-0700] runner active pids=[81031, 81032, 81033]; freshness=0s; completed=0/6; current=gitlab_strong_allocation_uniform_budget160_rep0
[2026-07-01T17:27:03-0700] runner active pids=[81031, 81032, 81033]; freshness=1s; completed=0/6; current=gitlab_strong_allocation_uniform_budget160_rep0
[2026-07-01T17:28:03-0700] runner active pids=[81031, 81032, 81033]; freshness=1s; completed=0/6; current=gitlab_strong_allocation_uniform_budget160_rep0
[2026-07-01T17:29:03-0700] runner active pids=[81031, 81032, 81033]; freshness=3s; completed=0/6; current=gitlab_strong_allocation_uniform_budget160_rep0
[2026-07-01T17:30:03-0700] runner active pids=[81031, 81032, 81033]; freshness=1s; completed=0/6; current=gitlab_strong_allocation_uniform_budget160_rep0
[2026-07-01T17:31:03-0700] runner active pids=[81031, 81032, 81033]; freshness=0s; completed=0/6; current=gitlab_strong_allocation_uniform_budget160_rep0
[2026-07-01T17:32:03-0700] runner active pids=[81031, 81032, 81033]; freshness=37s; completed=0/6; current=gitlab_strong_allocation_uniform_budget160_rep0
[2026-07-01T17:33:03-0700] runner active pids=[81031, 81032, 81033]; freshness=97s; completed=0/6; current=gitlab_strong_allocation_uniform_budget160_rep0
[2026-07-01T17:34:04-0700] runner active pids=[81031, 81032, 81033]; freshness=157s; completed=0/6; current=gitlab_strong_allocation_uniform_budget160_rep0
[2026-07-01T17:35:04-0700] runner active pids=[81031, 81032, 81033]; freshness=217s; completed=0/6; current=gitlab_strong_allocation_uniform_budget160_rep0
[2026-07-01T17:36:04-0700] runner active pids=[81031, 81032, 81033]; freshness=277s; completed=0/6; current=gitlab_strong_allocation_uniform_budget160_rep0
[2026-07-01T17:37:04-0700] runner active pids=[81031, 81032, 81033]; freshness=337s; completed=0/6; current=gitlab_strong_allocation_uniform_budget160_rep0
[2026-07-01T17:38:04-0700] runner active pids=[81031, 81032, 81033]; freshness=397s; completed=0/6; current=gitlab_strong_allocation_uniform_budget160_rep0
[2026-07-01T17:39:04-0700] runner active pids=[81031, 81032, 81033]; freshness=457s; completed=0/6; current=gitlab_strong_allocation_uniform_budget160_rep0
[2026-07-01T17:40:04-0700] runner active pids=[81031, 81032, 81033]; freshness=517s; completed=0/6; current=gitlab_strong_allocation_uniform_budget160_rep0
[2026-07-01T17:41:04-0700] runner active pids=[81031, 81032, 81033]; freshness=577s; completed=0/6; current=gitlab_strong_allocation_uniform_budget160_rep0
[2026-07-01T17:42:04-0700] stale runner detected age=638s pids=[81031, 81032, 81033]; terminating and resuming
[2026-07-01T17:42:10-0700] launched resume session=gitlab_alloc_resume_orm_budget160_rep0_147 job=gitlab_strong_allocation_uniform_budget160_rep0 next_t=147 merged=/Users/sanjay/projects/BerkeleyProjects/Research/IanWaudbySmith/coldStartPrompts/results/gitlab_strong_arm/allocation_160/logs/gitlab_strong_allocation_uniform_budget160_rep0_trial0_2026-07-01T19-50-27Z_MERGED_SO_FAR.jsonl
[2026-07-01T17:43:10-0700] runner active pids=[87844, 87845, 87846]; freshness=0s; completed=0/6; current=gitlab_strong_allocation_uniform_budget160_rep0
[2026-07-01T17:44:10-0700] runner active pids=[87844, 87845, 87846]; freshness=4s; completed=0/6; current=gitlab_strong_allocation_uniform_budget160_rep0
[2026-07-01T17:45:10-0700] runner active pids=[87844, 87845, 87846]; freshness=1s; completed=0/6; current=gitlab_strong_allocation_uniform_budget160_rep0
[2026-07-01T17:46:10-0700] runner active pids=[87844, 87845, 87846]; freshness=3s; completed=0/6; current=gitlab_strong_allocation_uniform_budget160_rep0
[2026-07-01T17:47:10-0700] runner active pids=[87844, 87845, 87846]; freshness=0s; completed=0/6; current=gitlab_strong_allocation_uniform_budget160_rep0
[2026-07-01T17:48:10-0700] runner active pids=[87844, 87845, 87846]; freshness=1s; completed=0/6; current=gitlab_strong_allocation_uniform_budget160_rep0
[2026-07-01T17:49:11-0700] runner active pids=[87844, 87845, 87846]; freshness=3s; completed=0/6; current=gitlab_strong_allocation_uniform_budget160_rep0
[2026-07-01T17:50:11-0700] runner active pids=[87844, 87845, 87846]; freshness=2s; completed=0/6; current=gitlab_strong_allocation_uniform_budget160_rep0
[2026-07-01T17:51:11-0700] runner active pids=[87844, 87845, 87846]; freshness=1s; completed=0/6; current=gitlab_strong_allocation_uniform_budget160_rep0
[2026-07-01T17:52:11-0700] runner active pids=[87844, 87845, 87846]; freshness=1s; completed=0/6; current=gitlab_strong_allocation_uniform_budget160_rep0
[2026-07-01T17:53:11-0700] runner active pids=[87844, 87845, 87846]; freshness=6s; completed=0/6; current=gitlab_strong_allocation_uniform_budget160_rep0
[2026-07-01T17:54:11-0700] runner active pids=[87844, 87845, 87846]; freshness=3s; completed=0/6; current=gitlab_strong_allocation_uniform_budget160_rep0
[2026-07-01T17:55:11-0700] merged gitlab_strong_allocation_uniform_budget160_rep0 FULL log: /Users/sanjay/projects/BerkeleyProjects/Research/IanWaudbySmith/coldStartPrompts/results/gitlab_strong_arm/allocation_160/logs/gitlab_strong_allocation_uniform_budget160_rep0_trial0_2026-07-01T19-50-27Z_FULL.jsonl rows=160 successes=43
[2026-07-01T17:55:11-0700] no runner active; starting allocation runner; completed=1/6
[2026-07-01T17:55:11-0700] launched allocation runner session=gitlab_allocation_160_continue
[2026-07-01T17:56:11-0700] runner active pids=[90300, 90301, 90302]; freshness=2s; completed=1/6; current=gitlab_strong_allocation_spruce_budget160_rep0
[2026-07-01T17:57:12-0700] runner active pids=[90300, 90301, 90302]; freshness=0s; completed=1/6; current=gitlab_strong_allocation_spruce_budget160_rep0
[2026-07-01T17:58:12-0700] runner active pids=[90300, 90301, 90302]; freshness=2s; completed=1/6; current=gitlab_strong_allocation_spruce_budget160_rep0
[2026-07-01T17:59:12-0700] runner active pids=[90300, 90301, 90302]; freshness=4s; completed=1/6; current=gitlab_strong_allocation_spruce_budget160_rep0
[2026-07-01T18:00:12-0700] runner active pids=[90300, 90301, 90302]; freshness=0s; completed=1/6; current=gitlab_strong_allocation_spruce_budget160_rep0
[2026-07-01T18:01:12-0700] runner active pids=[90300, 90301, 90302]; freshness=0s; completed=1/6; current=gitlab_strong_allocation_spruce_budget160_rep0
[2026-07-01T18:02:12-0700] runner active pids=[90300, 90301, 90302]; freshness=2s; completed=1/6; current=gitlab_strong_allocation_spruce_budget160_rep0
[2026-07-01T18:03:12-0700] runner active pids=[90300, 90301, 90302]; freshness=1s; completed=1/6; current=gitlab_strong_allocation_spruce_budget160_rep0
[2026-07-01T18:04:12-0700] runner active pids=[90300, 90301, 90302]; freshness=6s; completed=1/6; current=gitlab_strong_allocation_spruce_budget160_rep0
[2026-07-01T18:05:12-0700] runner active pids=[90300, 90301, 90302]; freshness=1s; completed=1/6; current=gitlab_strong_allocation_spruce_budget160_rep0
[2026-07-01T18:06:12-0700] runner active pids=[90300, 90301, 90302]; freshness=0s; completed=1/6; current=gitlab_strong_allocation_spruce_budget160_rep0
[2026-07-01T18:07:12-0700] runner active pids=[90300, 90301, 90302]; freshness=0s; completed=1/6; current=gitlab_strong_allocation_spruce_budget160_rep0
[2026-07-01T18:08:12-0700] runner active pids=[90300, 90301, 90302]; freshness=0s; completed=1/6; current=gitlab_strong_allocation_spruce_budget160_rep0
[2026-07-01T18:09:13-0700] runner active pids=[90300, 90301, 90302]; freshness=2s; completed=1/6; current=gitlab_strong_allocation_spruce_budget160_rep0
[2026-07-01T18:10:13-0700] runner active pids=[90300, 90301, 90302]; freshness=1s; completed=1/6; current=gitlab_strong_allocation_spruce_budget160_rep0
[2026-07-01T18:11:13-0700] runner active pids=[90300, 90301, 90302]; freshness=1s; completed=1/6; current=gitlab_strong_allocation_spruce_budget160_rep0
[2026-07-01T18:12:13-0700] runner active pids=[90300, 90301, 90302]; freshness=0s; completed=1/6; current=gitlab_strong_allocation_spruce_budget160_rep0
[2026-07-01T18:13:13-0700] runner active pids=[90300, 90301, 90302]; freshness=0s; completed=1/6; current=gitlab_strong_allocation_spruce_budget160_rep0
[2026-07-01T18:14:13-0700] runner active pids=[90300, 90301, 90302]; freshness=0s; completed=1/6; current=gitlab_strong_allocation_spruce_budget160_rep0
[2026-07-01T18:15:13-0700] runner active pids=[90300, 90301, 90302]; freshness=1s; completed=1/6; current=gitlab_strong_allocation_spruce_budget160_rep0
[2026-07-01T18:16:13-0700] runner active pids=[90300, 90301, 90302]; freshness=5s; completed=1/6; current=gitlab_strong_allocation_spruce_budget160_rep0
[2026-07-01T18:17:13-0700] runner active pids=[90300, 90301, 90302]; freshness=3s; completed=1/6; current=gitlab_strong_allocation_spruce_budget160_rep0
[2026-07-01T18:18:13-0700] runner active pids=[90300, 90301, 90302]; freshness=7s; completed=1/6; current=gitlab_strong_allocation_spruce_budget160_rep0
[2026-07-01T18:19:14-0700] runner active pids=[90300, 90301, 90302]; freshness=1s; completed=1/6; current=gitlab_strong_allocation_spruce_budget160_rep0
[2026-07-01T18:20:14-0700] runner active pids=[90300, 90301, 90302]; freshness=3s; completed=1/6; current=gitlab_strong_allocation_spruce_budget160_rep0
[2026-07-01T18:21:14-0700] runner active pids=[90300, 90301, 90302]; freshness=0s; completed=1/6; current=gitlab_strong_allocation_spruce_budget160_rep0
[2026-07-01T18:22:14-0700] runner active pids=[90300, 90301, 90302]; freshness=2s; completed=1/6; current=gitlab_strong_allocation_spruce_budget160_rep0
[2026-07-01T18:23:14-0700] runner active pids=[90300, 90301, 90302]; freshness=1s; completed=1/6; current=gitlab_strong_allocation_spruce_budget160_rep0
[2026-07-01T18:24:14-0700] runner active pids=[90300, 90301, 90302]; freshness=0s; completed=1/6; current=gitlab_strong_allocation_spruce_budget160_rep0
[2026-07-01T18:25:14-0700] runner active pids=[90300, 90301, 90302]; freshness=4s; completed=1/6; current=gitlab_strong_allocation_spruce_budget160_rep0
[2026-07-01T18:26:14-0700] runner active pids=[90300, 90301, 90302]; freshness=7s; completed=1/6; current=gitlab_strong_allocation_spruce_budget160_rep0
[2026-07-01T18:27:14-0700] runner active pids=[90300, 90301, 90302]; freshness=2s; completed=1/6; current=gitlab_strong_allocation_spruce_budget160_rep0
[2026-07-01T18:28:14-0700] runner active pids=[90300, 90301, 90302]; freshness=3s; completed=1/6; current=gitlab_strong_allocation_spruce_budget160_rep0
[2026-07-01T18:29:14-0700] runner active pids=[90300, 90301, 90302]; freshness=4s; completed=1/6; current=gitlab_strong_allocation_spruce_budget160_rep0
[2026-07-01T18:30:15-0700] runner active pids=[90300, 90301, 90302]; freshness=3s; completed=1/6; current=gitlab_strong_allocation_spruce_budget160_rep0
[2026-07-01T18:31:15-0700] runner active pids=[90300, 90301, 90302]; freshness=0s; completed=1/6; current=gitlab_strong_allocation_spruce_budget160_rep0
[2026-07-01T18:32:15-0700] runner active pids=[90300, 90301, 90302]; freshness=2s; completed=1/6; current=gitlab_strong_allocation_spruce_budget160_rep0
[2026-07-01T18:33:15-0700] runner active pids=[90300, 90301, 90302]; freshness=52s; completed=1/6; current=gitlab_strong_allocation_spruce_budget160_rep0
[2026-07-01T18:34:15-0700] runner active pids=[90300, 90301, 90302]; freshness=113s; completed=1/6; current=gitlab_strong_allocation_spruce_budget160_rep0
[2026-07-01T18:35:15-0700] runner active pids=[90300, 90301, 90302]; freshness=173s; completed=1/6; current=gitlab_strong_allocation_spruce_budget160_rep0
[2026-07-01T18:36:15-0700] runner active pids=[90300, 90301, 90302]; freshness=233s; completed=1/6; current=gitlab_strong_allocation_spruce_budget160_rep0
[2026-07-01T18:37:15-0700] runner active pids=[90300, 90301, 90302]; freshness=293s; completed=1/6; current=gitlab_strong_allocation_spruce_budget160_rep0
[2026-07-01T18:38:15-0700] runner active pids=[90300, 90301, 90302]; freshness=353s; completed=1/6; current=gitlab_strong_allocation_spruce_budget160_rep0
[2026-07-01T18:39:15-0700] runner active pids=[90300, 90301, 90302]; freshness=413s; completed=1/6; current=gitlab_strong_allocation_spruce_budget160_rep0
[2026-07-01T18:40:16-0700] runner active pids=[90300, 90301, 90302]; freshness=473s; completed=1/6; current=gitlab_strong_allocation_spruce_budget160_rep0
[2026-07-01T18:41:16-0700] runner active pids=[90300, 90301, 90302]; freshness=533s; completed=1/6; current=gitlab_strong_allocation_spruce_budget160_rep0
[2026-07-01T18:42:16-0700] runner active pids=[90300, 90301, 90302]; freshness=593s; completed=1/6; current=gitlab_strong_allocation_spruce_budget160_rep0
[2026-07-01T18:43:16-0700] stale runner detected age=653s pids=[90300, 90301, 90302]; terminating and resuming
[2026-07-01T18:43:21-0700] launched resume session=gitlab_alloc_resume_uce_budget160_rep0_31 job=gitlab_strong_allocation_spruce_budget160_rep0 next_t=31 merged=/Users/sanjay/projects/BerkeleyProjects/Research/IanWaudbySmith/coldStartPrompts/results/gitlab_strong_arm/allocation_160/logs/gitlab_strong_allocation_spruce_budget160_rep0_trial0_2026-07-02T00-55-23Z_MERGED_SO_FAR.jsonl
[2026-07-01T18:44:21-0700] runner active pids=[98004, 98005, 98006]; freshness=6s; completed=1/6; current=gitlab_strong_allocation_spruce_budget160_rep0
[2026-07-01T18:45:21-0700] runner active pids=[98004, 98005, 98006]; freshness=2s; completed=1/6; current=gitlab_strong_allocation_spruce_budget160_rep0
[2026-07-01T18:46:22-0700] runner active pids=[98004, 98005, 98006]; freshness=6s; completed=1/6; current=gitlab_strong_allocation_spruce_budget160_rep0
[2026-07-01T18:47:22-0700] runner active pids=[98004, 98005, 98006]; freshness=8s; completed=1/6; current=gitlab_strong_allocation_spruce_budget160_rep0
[2026-07-01T18:48:22-0700] runner active pids=[98004, 98005, 98006]; freshness=4s; completed=1/6; current=gitlab_strong_allocation_spruce_budget160_rep0
[2026-07-01T18:49:22-0700] runner active pids=[98004, 98005, 98006]; freshness=3s; completed=1/6; current=gitlab_strong_allocation_spruce_budget160_rep0
[2026-07-01T18:50:22-0700] runner active pids=[98004, 98005, 98006]; freshness=5s; completed=1/6; current=gitlab_strong_allocation_spruce_budget160_rep0
[2026-07-01T18:51:22-0700] runner active pids=[98004, 98005, 98006]; freshness=6s; completed=1/6; current=gitlab_strong_allocation_spruce_budget160_rep0
[2026-07-01T18:52:22-0700] runner active pids=[98004, 98005, 98006]; freshness=5s; completed=1/6; current=gitlab_strong_allocation_spruce_budget160_rep0
[2026-07-01T18:53:22-0700] runner active pids=[98004, 98005, 98006]; freshness=2s; completed=1/6; current=gitlab_strong_allocation_spruce_budget160_rep0
[2026-07-01T18:54:22-0700] runner active pids=[98004, 98005, 98006]; freshness=8s; completed=1/6; current=gitlab_strong_allocation_spruce_budget160_rep0
[2026-07-01T18:55:22-0700] runner active pids=[98004, 98005, 98006]; freshness=1s; completed=1/6; current=gitlab_strong_allocation_spruce_budget160_rep0
[2026-07-01T18:56:22-0700] runner active pids=[98004, 98005, 98006]; freshness=2s; completed=1/6; current=gitlab_strong_allocation_spruce_budget160_rep0
[2026-07-01T18:57:23-0700] runner active pids=[98004, 98005, 98006]; freshness=0s; completed=1/6; current=gitlab_strong_allocation_spruce_budget160_rep0
[2026-07-01T18:58:23-0700] runner active pids=[98004, 98005, 98006]; freshness=11s; completed=1/6; current=gitlab_strong_allocation_spruce_budget160_rep0
[2026-07-01T18:59:23-0700] runner active pids=[98004, 98005, 98006]; freshness=16s; completed=1/6; current=gitlab_strong_allocation_spruce_budget160_rep0
[2026-07-01T19:00:23-0700] runner active pids=[98004, 98005, 98006]; freshness=1s; completed=1/6; current=gitlab_strong_allocation_spruce_budget160_rep0
[2026-07-01T19:01:23-0700] runner active pids=[98004, 98005, 98006]; freshness=4s; completed=1/6; current=gitlab_strong_allocation_spruce_budget160_rep0
[2026-07-01T19:02:23-0700] runner active pids=[98004, 98005, 98006]; freshness=2s; completed=1/6; current=gitlab_strong_allocation_spruce_budget160_rep0
[2026-07-01T19:03:23-0700] runner active pids=[98004, 98005, 98006]; freshness=0s; completed=1/6; current=gitlab_strong_allocation_spruce_budget160_rep0
[2026-07-01T19:04:23-0700] runner active pids=[98004, 98005, 98006]; freshness=5s; completed=1/6; current=gitlab_strong_allocation_spruce_budget160_rep0
[2026-07-01T19:05:23-0700] runner active pids=[98004, 98005, 98006]; freshness=14s; completed=1/6; current=gitlab_strong_allocation_spruce_budget160_rep0
[2026-07-01T19:06:23-0700] runner active pids=[98004, 98005, 98006]; freshness=7s; completed=1/6; current=gitlab_strong_allocation_spruce_budget160_rep0
[2026-07-01T19:07:24-0700] runner active pids=[98004, 98005, 98006]; freshness=1s; completed=1/6; current=gitlab_strong_allocation_spruce_budget160_rep0
[2026-07-01T19:08:24-0700] runner active pids=[98004, 98005, 98006]; freshness=5s; completed=1/6; current=gitlab_strong_allocation_spruce_budget160_rep0
[2026-07-01T19:09:24-0700] runner active pids=[98004, 98005, 98006]; freshness=0s; completed=1/6; current=gitlab_strong_allocation_spruce_budget160_rep0
[2026-07-01T19:10:24-0700] runner active pids=[98004, 98005, 98006]; freshness=0s; completed=1/6; current=gitlab_strong_allocation_spruce_budget160_rep0
[2026-07-01T19:11:24-0700] runner active pids=[98004, 98005, 98006]; freshness=8s; completed=1/6; current=gitlab_strong_allocation_spruce_budget160_rep0
[2026-07-01T19:12:24-0700] runner active pids=[98004, 98005, 98006]; freshness=0s; completed=1/6; current=gitlab_strong_allocation_spruce_budget160_rep0
[2026-07-01T19:13:24-0700] runner active pids=[98004, 98005, 98006]; freshness=1s; completed=1/6; current=gitlab_strong_allocation_spruce_budget160_rep0
[2026-07-01T19:14:24-0700] runner active pids=[98004, 98005, 98006]; freshness=6s; completed=1/6; current=gitlab_strong_allocation_spruce_budget160_rep0
[2026-07-01T19:15:24-0700] runner active pids=[98004, 98005, 98006]; freshness=9s; completed=1/6; current=gitlab_strong_allocation_spruce_budget160_rep0
[2026-07-01T19:16:24-0700] runner active pids=[98004, 98005, 98006]; freshness=4s; completed=1/6; current=gitlab_strong_allocation_spruce_budget160_rep0
[2026-07-01T19:17:24-0700] runner active pids=[98004, 98005, 98006]; freshness=2s; completed=1/6; current=gitlab_strong_allocation_spruce_budget160_rep0
[2026-07-01T19:18:25-0700] runner active pids=[98004, 98005, 98006]; freshness=3s; completed=1/6; current=gitlab_strong_allocation_spruce_budget160_rep0
[2026-07-01T19:19:25-0700] runner active pids=[98004, 98005, 98006]; freshness=2s; completed=1/6; current=gitlab_strong_allocation_spruce_budget160_rep0
[2026-07-01T19:20:25-0700] runner active pids=[98004, 98005, 98006]; freshness=1s; completed=1/6; current=gitlab_strong_allocation_spruce_budget160_rep0
[2026-07-01T19:21:25-0700] runner active pids=[98004, 98005, 98006]; freshness=1s; completed=1/6; current=gitlab_strong_allocation_spruce_budget160_rep0
[2026-07-01T19:22:25-0700] runner active pids=[98004, 98005, 98006]; freshness=3s; completed=1/6; current=gitlab_strong_allocation_spruce_budget160_rep0
[2026-07-01T19:23:25-0700] runner active pids=[98004, 98005, 98006]; freshness=8s; completed=1/6; current=gitlab_strong_allocation_spruce_budget160_rep0
[2026-07-01T19:24:25-0700] runner active pids=[98004, 98005, 98006]; freshness=6s; completed=1/6; current=gitlab_strong_allocation_spruce_budget160_rep0
[2026-07-01T19:25:25-0700] runner active pids=[98004, 98005, 98006]; freshness=4s; completed=1/6; current=gitlab_strong_allocation_spruce_budget160_rep0
[2026-07-01T19:26:25-0700] runner active pids=[98004, 98005, 98006]; freshness=4s; completed=1/6; current=gitlab_strong_allocation_spruce_budget160_rep0
[2026-07-01T19:27:25-0700] runner active pids=[98004, 98005, 98006]; freshness=1s; completed=1/6; current=gitlab_strong_allocation_spruce_budget160_rep0
[2026-07-01T19:28:26-0700] runner active pids=[98004, 98005, 98006]; freshness=2s; completed=1/6; current=gitlab_strong_allocation_spruce_budget160_rep0
[2026-07-01T19:29:26-0700] runner active pids=[98004, 98005, 98006]; freshness=3s; completed=1/6; current=gitlab_strong_allocation_spruce_budget160_rep0
[2026-07-01T19:30:26-0700] runner active pids=[98004, 98005, 98006]; freshness=6s; completed=1/6; current=gitlab_strong_allocation_spruce_budget160_rep0
[2026-07-01T19:31:26-0700] runner active pids=[98004, 98005, 98006]; freshness=4s; completed=1/6; current=gitlab_strong_allocation_spruce_budget160_rep0
[2026-07-01T19:32:26-0700] runner active pids=[98004, 98005, 98006]; freshness=1s; completed=1/6; current=gitlab_strong_allocation_spruce_budget160_rep0
[2026-07-01T19:33:26-0700] runner active pids=[98004, 98005, 98006]; freshness=2s; completed=1/6; current=gitlab_strong_allocation_spruce_budget160_rep0
[2026-07-01T19:34:26-0700] runner active pids=[98004, 98005, 98006]; freshness=5s; completed=1/6; current=gitlab_strong_allocation_spruce_budget160_rep0
[2026-07-01T19:35:26-0700] runner active pids=[98004, 98005, 98006]; freshness=1s; completed=1/6; current=gitlab_strong_allocation_spruce_budget160_rep0
[2026-07-01T19:36:26-0700] runner active pids=[98004, 98005, 98006]; freshness=8s; completed=1/6; current=gitlab_strong_allocation_spruce_budget160_rep0
[2026-07-01T19:37:26-0700] runner active pids=[98004, 98005, 98006]; freshness=6s; completed=1/6; current=gitlab_strong_allocation_spruce_budget160_rep0
[2026-07-01T19:38:27-0700] runner active pids=[98004, 98005, 98006]; freshness=12s; completed=1/6; current=gitlab_strong_allocation_spruce_budget160_rep0
[2026-07-01T19:39:27-0700] runner active pids=[98004, 98005, 98006]; freshness=1s; completed=1/6; current=gitlab_strong_allocation_spruce_budget160_rep0
[2026-07-01T19:40:27-0700] runner active pids=[98004, 98005, 98006]; freshness=59s; completed=1/6; current=gitlab_strong_allocation_spruce_budget160_rep0
[2026-07-01T19:41:27-0700] runner active pids=[98004, 98005, 98006]; freshness=119s; completed=1/6; current=gitlab_strong_allocation_spruce_budget160_rep0
[2026-07-01T19:42:27-0700] runner active pids=[98004, 98005, 98006]; freshness=179s; completed=1/6; current=gitlab_strong_allocation_spruce_budget160_rep0
[2026-07-01T19:43:27-0700] runner active pids=[98004, 98005, 98006]; freshness=239s; completed=1/6; current=gitlab_strong_allocation_spruce_budget160_rep0
[2026-07-01T19:44:27-0700] runner active pids=[98004, 98005, 98006]; freshness=299s; completed=1/6; current=gitlab_strong_allocation_spruce_budget160_rep0
[2026-07-01T19:45:27-0700] runner active pids=[98004, 98005, 98006]; freshness=359s; completed=1/6; current=gitlab_strong_allocation_spruce_budget160_rep0
[2026-07-01T19:46:27-0700] runner active pids=[98004, 98005, 98006]; freshness=419s; completed=1/6; current=gitlab_strong_allocation_spruce_budget160_rep0
[2026-07-01T19:47:27-0700] runner active pids=[98004, 98005, 98006]; freshness=480s; completed=1/6; current=gitlab_strong_allocation_spruce_budget160_rep0
[2026-07-01T19:48:28-0700] runner active pids=[98004, 98005, 98006]; freshness=540s; completed=1/6; current=gitlab_strong_allocation_spruce_budget160_rep0
[2026-07-01T19:49:28-0700] runner active pids=[98004, 98005, 98006]; freshness=600s; completed=1/6; current=gitlab_strong_allocation_spruce_budget160_rep0
[2026-07-01T19:50:28-0700] stale runner detected age=660s pids=[98004, 98005, 98006]; terminating and resuming
[2026-07-01T19:50:33-0700] launched resume session=gitlab_alloc_resume_uce_budget160_rep0_61 job=gitlab_strong_allocation_spruce_budget160_rep0 next_t=61 merged=/Users/sanjay/projects/BerkeleyProjects/Research/IanWaudbySmith/coldStartPrompts/results/gitlab_strong_arm/allocation_160/logs/gitlab_strong_allocation_spruce_budget160_rep0_trial0_2026-07-02T00-55-23Z_MERGED_SO_FAR.jsonl
[2026-07-01T19:51:33-0700] runner active pids=[5351, 5352, 5353]; freshness=1s; completed=1/6; current=gitlab_strong_allocation_spruce_budget160_rep0
[2026-07-01T19:52:33-0700] runner active pids=[5351, 5352, 5353]; freshness=3s; completed=1/6; current=gitlab_strong_allocation_spruce_budget160_rep0
[2026-07-01T19:53:34-0700] runner active pids=[5351, 5352, 5353]; freshness=2s; completed=1/6; current=gitlab_strong_allocation_spruce_budget160_rep0
[2026-07-01T19:54:34-0700] runner active pids=[5351, 5352, 5353]; freshness=1s; completed=1/6; current=gitlab_strong_allocation_spruce_budget160_rep0
[2026-07-01T19:55:34-0700] runner active pids=[5351, 5352, 5353]; freshness=3s; completed=1/6; current=gitlab_strong_allocation_spruce_budget160_rep0
[2026-07-01T19:56:34-0700] runner active pids=[5351, 5352, 5353]; freshness=4s; completed=1/6; current=gitlab_strong_allocation_spruce_budget160_rep0
[2026-07-01T19:57:34-0700] runner active pids=[5351, 5352, 5353]; freshness=3s; completed=1/6; current=gitlab_strong_allocation_spruce_budget160_rep0
[2026-07-01T19:58:34-0700] runner active pids=[5351, 5352, 5353]; freshness=8s; completed=1/6; current=gitlab_strong_allocation_spruce_budget160_rep0
[2026-07-01T19:59:34-0700] runner active pids=[5351, 5352, 5353]; freshness=3s; completed=1/6; current=gitlab_strong_allocation_spruce_budget160_rep0
[2026-07-01T20:00:34-0700] runner active pids=[5351, 5352, 5353]; freshness=2s; completed=1/6; current=gitlab_strong_allocation_spruce_budget160_rep0
[2026-07-01T20:01:34-0700] runner active pids=[5351, 5352, 5353]; freshness=19s; completed=1/6; current=gitlab_strong_allocation_spruce_budget160_rep0
[2026-07-01T20:02:34-0700] runner active pids=[5351, 5352, 5353]; freshness=2s; completed=1/6; current=gitlab_strong_allocation_spruce_budget160_rep0
[2026-07-01T20:03:34-0700] runner active pids=[5351, 5352, 5353]; freshness=2s; completed=1/6; current=gitlab_strong_allocation_spruce_budget160_rep0
[2026-07-01T20:04:35-0700] runner active pids=[5351, 5352, 5353]; freshness=10s; completed=1/6; current=gitlab_strong_allocation_spruce_budget160_rep0
[2026-07-01T20:05:35-0700] runner active pids=[5351, 5352, 5353]; freshness=7s; completed=1/6; current=gitlab_strong_allocation_spruce_budget160_rep0
[2026-07-01T20:06:35-0700] runner active pids=[5351, 5352, 5353]; freshness=4s; completed=1/6; current=gitlab_strong_allocation_spruce_budget160_rep0
[2026-07-01T20:07:35-0700] runner active pids=[5351, 5352, 5353]; freshness=3s; completed=1/6; current=gitlab_strong_allocation_spruce_budget160_rep0
[2026-07-01T20:08:35-0700] runner active pids=[5351, 5352, 5353]; freshness=0s; completed=1/6; current=gitlab_strong_allocation_spruce_budget160_rep0
[2026-07-01T20:09:35-0700] runner active pids=[5351, 5352, 5353]; freshness=1s; completed=1/6; current=gitlab_strong_allocation_spruce_budget160_rep0
[2026-07-01T20:10:35-0700] runner active pids=[5351, 5352, 5353]; freshness=1s; completed=1/6; current=gitlab_strong_allocation_spruce_budget160_rep0
[2026-07-01T20:11:35-0700] runner active pids=[5351, 5352, 5353]; freshness=5s; completed=1/6; current=gitlab_strong_allocation_spruce_budget160_rep0
[2026-07-01T20:12:35-0700] runner active pids=[5351, 5352, 5353]; freshness=4s; completed=1/6; current=gitlab_strong_allocation_spruce_budget160_rep0
[2026-07-01T20:13:35-0700] runner active pids=[5351, 5352, 5353]; freshness=12s; completed=1/6; current=gitlab_strong_allocation_spruce_budget160_rep0
[2026-07-01T20:14:36-0700] runner active pids=[5351, 5352, 5353]; freshness=2s; completed=1/6; current=gitlab_strong_allocation_spruce_budget160_rep0
[2026-07-01T20:15:36-0700] runner active pids=[5351, 5352, 5353]; freshness=0s; completed=1/6; current=gitlab_strong_allocation_spruce_budget160_rep0
[2026-07-01T20:16:36-0700] runner active pids=[5351, 5352, 5353]; freshness=1s; completed=1/6; current=gitlab_strong_allocation_spruce_budget160_rep0
[2026-07-01T20:17:36-0700] runner active pids=[5351, 5352, 5353]; freshness=1s; completed=1/6; current=gitlab_strong_allocation_spruce_budget160_rep0
[2026-07-01T20:18:36-0700] runner active pids=[5351, 5352, 5353]; freshness=0s; completed=1/6; current=gitlab_strong_allocation_spruce_budget160_rep0
[2026-07-01T20:19:36-0700] runner active pids=[5351, 5352, 5353]; freshness=1s; completed=1/6; current=gitlab_strong_allocation_spruce_budget160_rep0
[2026-07-01T20:20:36-0700] runner active pids=[5351, 5352, 5353]; freshness=1s; completed=1/6; current=gitlab_strong_allocation_spruce_budget160_rep0
[2026-07-01T20:21:36-0700] runner active pids=[5351, 5352, 5353]; freshness=19s; completed=1/6; current=gitlab_strong_allocation_spruce_budget160_rep0
[2026-07-01T20:22:36-0700] runner active pids=[5351, 5352, 5353]; freshness=1s; completed=1/6; current=gitlab_strong_allocation_spruce_budget160_rep0
[2026-07-01T20:23:36-0700] runner active pids=[5351, 5352, 5353]; freshness=3s; completed=1/6; current=gitlab_strong_allocation_spruce_budget160_rep0
[2026-07-01T20:24:37-0700] runner active pids=[5351, 5352, 5353]; freshness=10s; completed=1/6; current=gitlab_strong_allocation_spruce_budget160_rep0
[2026-07-01T20:25:37-0700] runner active pids=[5351, 5352, 5353]; freshness=2s; completed=1/6; current=gitlab_strong_allocation_spruce_budget160_rep0
[2026-07-01T20:26:37-0700] runner active pids=[5351, 5352, 5353]; freshness=4s; completed=1/6; current=gitlab_strong_allocation_spruce_budget160_rep0
[2026-07-01T20:27:37-0700] runner active pids=[5351, 5352, 5353]; freshness=3s; completed=1/6; current=gitlab_strong_allocation_spruce_budget160_rep0
[2026-07-01T20:28:37-0700] runner active pids=[5351, 5352, 5353]; freshness=3s; completed=1/6; current=gitlab_strong_allocation_spruce_budget160_rep0
[2026-07-01T20:29:37-0700] runner active pids=[5351, 5352, 5353]; freshness=0s; completed=1/6; current=gitlab_strong_allocation_spruce_budget160_rep0
[2026-07-01T20:30:37-0700] runner active pids=[5351, 5352, 5353]; freshness=1s; completed=1/6; current=gitlab_strong_allocation_spruce_budget160_rep0
[2026-07-01T20:31:37-0700] runner active pids=[5351, 5352, 5353]; freshness=5s; completed=1/6; current=gitlab_strong_allocation_spruce_budget160_rep0
[2026-07-01T20:32:37-0700] runner active pids=[5351, 5352, 5353]; freshness=11s; completed=1/6; current=gitlab_strong_allocation_spruce_budget160_rep0
[2026-07-01T20:33:37-0700] runner active pids=[5351, 5352, 5353]; freshness=2s; completed=1/6; current=gitlab_strong_allocation_spruce_budget160_rep0
[2026-07-01T20:34:38-0700] runner active pids=[5351, 5352, 5353]; freshness=5s; completed=1/6; current=gitlab_strong_allocation_spruce_budget160_rep0
[2026-07-01T20:35:38-0700] runner active pids=[5351, 5352, 5353]; freshness=3s; completed=1/6; current=gitlab_strong_allocation_spruce_budget160_rep0
[2026-07-01T20:36:38-0700] runner active pids=[5351, 5352, 5353]; freshness=12s; completed=1/6; current=gitlab_strong_allocation_spruce_budget160_rep0
[2026-07-01T20:37:38-0700] runner active pids=[5351, 5352, 5353]; freshness=3s; completed=1/6; current=gitlab_strong_allocation_spruce_budget160_rep0
[2026-07-01T20:38:38-0700] runner active pids=[5351, 5352, 5353]; freshness=4s; completed=1/6; current=gitlab_strong_allocation_spruce_budget160_rep0
[2026-07-01T20:39:38-0700] runner active pids=[5351, 5352, 5353]; freshness=3s; completed=1/6; current=gitlab_strong_allocation_spruce_budget160_rep0
[2026-07-01T20:40:38-0700] runner active pids=[5351, 5352, 5353]; freshness=4s; completed=1/6; current=gitlab_strong_allocation_spruce_budget160_rep0
[2026-07-01T20:41:38-0700] runner active pids=[5351, 5352, 5353]; freshness=1s; completed=1/6; current=gitlab_strong_allocation_spruce_budget160_rep0
[2026-07-01T20:42:38-0700] runner active pids=[5351, 5352, 5353]; freshness=2s; completed=1/6; current=gitlab_strong_allocation_spruce_budget160_rep0
[2026-07-01T20:43:38-0700] runner active pids=[5351, 5352, 5353]; freshness=43s; completed=1/6; current=gitlab_strong_allocation_spruce_budget160_rep0
[2026-07-01T20:44:39-0700] runner active pids=[5351, 5352, 5353]; freshness=103s; completed=1/6; current=gitlab_strong_allocation_spruce_budget160_rep0
[2026-07-01T20:45:39-0700] runner active pids=[5351, 5352, 5353]; freshness=163s; completed=1/6; current=gitlab_strong_allocation_spruce_budget160_rep0
[2026-07-01T20:46:39-0700] runner active pids=[5351, 5352, 5353]; freshness=223s; completed=1/6; current=gitlab_strong_allocation_spruce_budget160_rep0
[2026-07-01T20:47:39-0700] runner active pids=[5351, 5352, 5353]; freshness=284s; completed=1/6; current=gitlab_strong_allocation_spruce_budget160_rep0
[2026-07-01T20:48:39-0700] runner active pids=[5351, 5352, 5353]; freshness=344s; completed=1/6; current=gitlab_strong_allocation_spruce_budget160_rep0
[2026-07-01T20:49:39-0700] runner active pids=[5351, 5352, 5353]; freshness=404s; completed=1/6; current=gitlab_strong_allocation_spruce_budget160_rep0
[2026-07-01T20:50:39-0700] runner active pids=[5351, 5352, 5353]; freshness=464s; completed=1/6; current=gitlab_strong_allocation_spruce_budget160_rep0
[2026-07-01T20:51:39-0700] runner active pids=[5351, 5352, 5353]; freshness=524s; completed=1/6; current=gitlab_strong_allocation_spruce_budget160_rep0
[2026-07-01T20:52:39-0700] runner active pids=[5351, 5352, 5353]; freshness=584s; completed=1/6; current=gitlab_strong_allocation_spruce_budget160_rep0
[2026-07-01T20:53:39-0700] stale runner detected age=644s pids=[5351, 5352, 5353]; terminating and resuming
[2026-07-01T20:53:45-0700] launched resume session=gitlab_alloc_resume_uce_budget160_rep0_90 job=gitlab_strong_allocation_spruce_budget160_rep0 next_t=90 merged=/Users/sanjay/projects/BerkeleyProjects/Research/IanWaudbySmith/coldStartPrompts/results/gitlab_strong_arm/allocation_160/logs/gitlab_strong_allocation_spruce_budget160_rep0_trial0_2026-07-02T00-55-23Z_MERGED_SO_FAR.jsonl
[2026-07-01T20:54:45-0700] runner active pids=[11813, 11814, 11815]; freshness=3s; completed=1/6; current=gitlab_strong_allocation_spruce_budget160_rep0
[2026-07-01T20:55:45-0700] runner active pids=[11813, 11814, 11815]; freshness=5s; completed=1/6; current=gitlab_strong_allocation_spruce_budget160_rep0
[2026-07-01T20:56:45-0700] runner active pids=[11813, 11814, 11815]; freshness=6s; completed=1/6; current=gitlab_strong_allocation_spruce_budget160_rep0
[2026-07-01T20:57:45-0700] runner active pids=[11813, 11814, 11815]; freshness=3s; completed=1/6; current=gitlab_strong_allocation_spruce_budget160_rep0
[2026-07-01T20:58:45-0700] runner active pids=[11813, 11814, 11815]; freshness=4s; completed=1/6; current=gitlab_strong_allocation_spruce_budget160_rep0
[2026-07-01T20:59:46-0700] runner active pids=[11813, 11814, 11815]; freshness=1s; completed=1/6; current=gitlab_strong_allocation_spruce_budget160_rep0
[2026-07-01T21:00:46-0700] runner active pids=[11813, 11814, 11815]; freshness=12s; completed=1/6; current=gitlab_strong_allocation_spruce_budget160_rep0
[2026-07-01T21:01:46-0700] runner active pids=[11813, 11814, 11815]; freshness=5s; completed=1/6; current=gitlab_strong_allocation_spruce_budget160_rep0
[2026-07-01T21:02:46-0700] runner active pids=[11813, 11814, 11815]; freshness=4s; completed=1/6; current=gitlab_strong_allocation_spruce_budget160_rep0
[2026-07-01T21:03:46-0700] runner active pids=[11813, 11814, 11815]; freshness=2s; completed=1/6; current=gitlab_strong_allocation_spruce_budget160_rep0
[2026-07-01T21:04:46-0700] runner active pids=[11813, 11814, 11815]; freshness=0s; completed=1/6; current=gitlab_strong_allocation_spruce_budget160_rep0
[2026-07-01T21:05:46-0700] runner active pids=[11813, 11814, 11815]; freshness=4s; completed=1/6; current=gitlab_strong_allocation_spruce_budget160_rep0
[2026-07-01T21:06:46-0700] runner active pids=[11813, 11814, 11815]; freshness=4s; completed=1/6; current=gitlab_strong_allocation_spruce_budget160_rep0
[2026-07-01T21:07:46-0700] runner active pids=[11813, 11814, 11815]; freshness=7s; completed=1/6; current=gitlab_strong_allocation_spruce_budget160_rep0
[2026-07-01T21:08:46-0700] runner active pids=[11813, 11814, 11815]; freshness=2s; completed=1/6; current=gitlab_strong_allocation_spruce_budget160_rep0
[2026-07-01T21:09:47-0700] runner active pids=[11813, 11814, 11815]; freshness=3s; completed=1/6; current=gitlab_strong_allocation_spruce_budget160_rep0
[2026-07-01T21:10:47-0700] runner active pids=[11813, 11814, 11815]; freshness=3s; completed=1/6; current=gitlab_strong_allocation_spruce_budget160_rep0
[2026-07-01T21:11:47-0700] runner active pids=[11813, 11814, 11815]; freshness=7s; completed=1/6; current=gitlab_strong_allocation_spruce_budget160_rep0
[2026-07-01T21:12:47-0700] runner active pids=[11813, 11814, 11815]; freshness=2s; completed=1/6; current=gitlab_strong_allocation_spruce_budget160_rep0
[2026-07-01T21:13:47-0700] runner active pids=[11813, 11814, 11815]; freshness=3s; completed=1/6; current=gitlab_strong_allocation_spruce_budget160_rep0
[2026-07-01T21:14:47-0700] runner active pids=[11813, 11814, 11815]; freshness=2s; completed=1/6; current=gitlab_strong_allocation_spruce_budget160_rep0
[2026-07-01T21:15:47-0700] runner active pids=[11813, 11814, 11815]; freshness=2s; completed=1/6; current=gitlab_strong_allocation_spruce_budget160_rep0
[2026-07-01T21:16:47-0700] runner active pids=[11813, 11814, 11815]; freshness=2s; completed=1/6; current=gitlab_strong_allocation_spruce_budget160_rep0
[2026-07-01T21:17:47-0700] runner active pids=[11813, 11814, 11815]; freshness=4s; completed=1/6; current=gitlab_strong_allocation_spruce_budget160_rep0
[2026-07-01T21:18:47-0700] runner active pids=[11813, 11814, 11815]; freshness=1s; completed=1/6; current=gitlab_strong_allocation_spruce_budget160_rep0
[2026-07-01T21:19:48-0700] runner active pids=[11813, 11814, 11815]; freshness=5s; completed=1/6; current=gitlab_strong_allocation_spruce_budget160_rep0
[2026-07-01T21:20:48-0700] runner active pids=[11813, 11814, 11815]; freshness=2s; completed=1/6; current=gitlab_strong_allocation_spruce_budget160_rep0
[2026-07-01T21:21:48-0700] runner active pids=[11813, 11814, 11815]; freshness=15s; completed=1/6; current=gitlab_strong_allocation_spruce_budget160_rep0
[2026-07-01T21:22:48-0700] runner active pids=[11813, 11814, 11815]; freshness=6s; completed=1/6; current=gitlab_strong_allocation_spruce_budget160_rep0
[2026-07-01T21:23:48-0700] runner active pids=[11813, 11814, 11815]; freshness=2s; completed=1/6; current=gitlab_strong_allocation_spruce_budget160_rep0
[2026-07-01T21:24:48-0700] runner active pids=[11813, 11814, 11815]; freshness=3s; completed=1/6; current=gitlab_strong_allocation_spruce_budget160_rep0
[2026-07-01T21:25:48-0700] runner active pids=[11813, 11814, 11815]; freshness=0s; completed=1/6; current=gitlab_strong_allocation_spruce_budget160_rep0
[2026-07-01T21:26:48-0700] runner active pids=[11813, 11814, 11815]; freshness=5s; completed=1/6; current=gitlab_strong_allocation_spruce_budget160_rep0
[2026-07-01T21:27:48-0700] runner active pids=[11813, 11814, 11815]; freshness=7s; completed=1/6; current=gitlab_strong_allocation_spruce_budget160_rep0
[2026-07-01T21:28:48-0700] runner active pids=[11813, 11814, 11815]; freshness=6s; completed=1/6; current=gitlab_strong_allocation_spruce_budget160_rep0
[2026-07-01T21:29:49-0700] runner active pids=[11813, 11814, 11815]; freshness=16s; completed=1/6; current=gitlab_strong_allocation_spruce_budget160_rep0
[2026-07-01T21:30:49-0700] runner active pids=[11813, 11814, 11815]; freshness=4s; completed=1/6; current=gitlab_strong_allocation_spruce_budget160_rep0
[2026-07-01T21:31:49-0700] runner active pids=[11813, 11814, 11815]; freshness=1s; completed=1/6; current=gitlab_strong_allocation_spruce_budget160_rep0
[2026-07-01T21:32:49-0700] runner active pids=[11813, 11814, 11815]; freshness=0s; completed=1/6; current=gitlab_strong_allocation_spruce_budget160_rep0
[2026-07-01T21:33:49-0700] runner active pids=[11813, 11814, 11815]; freshness=5s; completed=1/6; current=gitlab_strong_allocation_spruce_budget160_rep0
[2026-07-01T21:34:49-0700] runner active pids=[11813, 11814, 11815]; freshness=9s; completed=1/6; current=gitlab_strong_allocation_spruce_budget160_rep0
[2026-07-01T21:35:49-0700] runner active pids=[11813, 11814, 11815]; freshness=5s; completed=1/6; current=gitlab_strong_allocation_spruce_budget160_rep0
[2026-07-01T21:36:49-0700] runner active pids=[11813, 11814, 11815]; freshness=4s; completed=1/6; current=gitlab_strong_allocation_spruce_budget160_rep0
[2026-07-01T21:37:49-0700] runner active pids=[11813, 11814, 11815]; freshness=2s; completed=1/6; current=gitlab_strong_allocation_spruce_budget160_rep0
[2026-07-01T21:38:49-0700] runner active pids=[11813, 11814, 11815]; freshness=7s; completed=1/6; current=gitlab_strong_allocation_spruce_budget160_rep0
[2026-07-01T21:39:50-0700] runner active pids=[11813, 11814, 11815]; freshness=3s; completed=1/6; current=gitlab_strong_allocation_spruce_budget160_rep0
[2026-07-01T21:40:50-0700] runner active pids=[11813, 11814, 11815]; freshness=7s; completed=1/6; current=gitlab_strong_allocation_spruce_budget160_rep0
[2026-07-01T21:41:50-0700] runner active pids=[11813, 11814, 11815]; freshness=0s; completed=1/6; current=gitlab_strong_allocation_spruce_budget160_rep0
[2026-07-01T21:42:50-0700] runner active pids=[11813, 11814, 11815]; freshness=2s; completed=1/6; current=gitlab_strong_allocation_spruce_budget160_rep0
[2026-07-01T21:43:50-0700] runner active pids=[11813, 11814, 11815]; freshness=3s; completed=1/6; current=gitlab_strong_allocation_spruce_budget160_rep0
[2026-07-01T21:44:50-0700] runner active pids=[11813, 11814, 11815]; freshness=1s; completed=1/6; current=gitlab_strong_allocation_spruce_budget160_rep0
[2026-07-01T21:45:50-0700] runner active pids=[11813, 11814, 11815]; freshness=5s; completed=1/6; current=gitlab_strong_allocation_spruce_budget160_rep0
[2026-07-01T21:46:50-0700] runner active pids=[11813, 11814, 11815]; freshness=3s; completed=1/6; current=gitlab_strong_allocation_spruce_budget160_rep0
[2026-07-01T21:47:50-0700] runner active pids=[11813, 11814, 11815]; freshness=3s; completed=1/6; current=gitlab_strong_allocation_spruce_budget160_rep0
[2026-07-01T21:48:50-0700] runner active pids=[11813, 11814, 11815]; freshness=0s; completed=1/6; current=gitlab_strong_allocation_spruce_budget160_rep0
[2026-07-01T21:49:51-0700] runner active pids=[11813, 11814, 11815]; freshness=2s; completed=1/6; current=gitlab_strong_allocation_spruce_budget160_rep0
[2026-07-01T21:50:51-0700] runner active pids=[11813, 11814, 11815]; freshness=6s; completed=1/6; current=gitlab_strong_allocation_spruce_budget160_rep0
[2026-07-01T21:51:51-0700] runner active pids=[11813, 11814, 11815]; freshness=1s; completed=1/6; current=gitlab_strong_allocation_spruce_budget160_rep0
[2026-07-01T21:52:51-0700] runner active pids=[11813, 11814, 11815]; freshness=2s; completed=1/6; current=gitlab_strong_allocation_spruce_budget160_rep0
[2026-07-01T21:53:51-0700] runner active pids=[11813, 11814, 11815]; freshness=1s; completed=1/6; current=gitlab_strong_allocation_spruce_budget160_rep0
[2026-07-01T21:54:51-0700] runner active pids=[11813, 11814, 11815]; freshness=0s; completed=1/6; current=gitlab_strong_allocation_spruce_budget160_rep0
[2026-07-01T21:55:51-0700] runner active pids=[11813, 11814, 11815]; freshness=3s; completed=1/6; current=gitlab_strong_allocation_spruce_budget160_rep0
[2026-07-01T21:56:51-0700] runner active pids=[11813, 11814, 11815]; freshness=13s; completed=1/6; current=gitlab_strong_allocation_spruce_budget160_rep0
[2026-07-01T21:57:51-0700] runner active pids=[11813, 11814, 11815]; freshness=1s; completed=1/6; current=gitlab_strong_allocation_spruce_budget160_rep0
[2026-07-01T21:58:51-0700] runner active pids=[11813, 11814, 11815]; freshness=21s; completed=1/6; current=gitlab_strong_allocation_spruce_budget160_rep0
[2026-07-01T21:59:52-0700] runner active pids=[11813, 11814, 11815]; freshness=81s; completed=1/6; current=gitlab_strong_allocation_spruce_budget160_rep0
[2026-07-01T22:00:52-0700] runner active pids=[11813, 11814, 11815]; freshness=141s; completed=1/6; current=gitlab_strong_allocation_spruce_budget160_rep0
[2026-07-01T22:01:52-0700] runner active pids=[11813, 11814, 11815]; freshness=201s; completed=1/6; current=gitlab_strong_allocation_spruce_budget160_rep0
[2026-07-01T22:02:52-0700] runner active pids=[11813, 11814, 11815]; freshness=261s; completed=1/6; current=gitlab_strong_allocation_spruce_budget160_rep0
[2026-07-01T22:03:52-0700] runner active pids=[11813, 11814, 11815]; freshness=321s; completed=1/6; current=gitlab_strong_allocation_spruce_budget160_rep0
[2026-07-01T22:04:52-0700] runner active pids=[11813, 11814, 11815]; freshness=381s; completed=1/6; current=gitlab_strong_allocation_spruce_budget160_rep0
[2026-07-01T22:05:52-0700] runner active pids=[11813, 11814, 11815]; freshness=442s; completed=1/6; current=gitlab_strong_allocation_spruce_budget160_rep0
[2026-07-01T22:06:52-0700] runner active pids=[11813, 11814, 11815]; freshness=502s; completed=1/6; current=gitlab_strong_allocation_spruce_budget160_rep0
[2026-07-01T22:07:52-0700] runner active pids=[11813, 11814, 11815]; freshness=562s; completed=1/6; current=gitlab_strong_allocation_spruce_budget160_rep0
[2026-07-01T22:08:52-0700] stale runner detected age=622s pids=[11813, 11814, 11815]; terminating and resuming
[2026-07-01T22:08:58-0700] launched resume session=gitlab_alloc_resume_uce_budget160_rep0_121 job=gitlab_strong_allocation_spruce_budget160_rep0 next_t=121 merged=/Users/sanjay/projects/BerkeleyProjects/Research/IanWaudbySmith/coldStartPrompts/results/gitlab_strong_arm/allocation_160/logs/gitlab_strong_allocation_spruce_budget160_rep0_trial0_2026-07-02T00-55-23Z_MERGED_SO_FAR.jsonl
[2026-07-01T22:09:58-0700] runner active pids=[19090, 19091, 19092]; freshness=1s; completed=1/6; current=gitlab_strong_allocation_spruce_budget160_rep0
[2026-07-01T22:10:58-0700] runner active pids=[19090, 19091, 19092]; freshness=4s; completed=1/6; current=gitlab_strong_allocation_spruce_budget160_rep0
[2026-07-01T22:11:58-0700] runner active pids=[19090, 19091, 19092]; freshness=2s; completed=1/6; current=gitlab_strong_allocation_spruce_budget160_rep0
[2026-07-01T22:12:58-0700] runner active pids=[19090, 19091, 19092]; freshness=0s; completed=1/6; current=gitlab_strong_allocation_spruce_budget160_rep0
[2026-07-01T22:13:58-0700] runner active pids=[19090, 19091, 19092]; freshness=0s; completed=1/6; current=gitlab_strong_allocation_spruce_budget160_rep0
[2026-07-01T22:14:59-0700] runner active pids=[19090, 19091, 19092]; freshness=2s; completed=1/6; current=gitlab_strong_allocation_spruce_budget160_rep0
[2026-07-01T22:15:59-0700] runner active pids=[19090, 19091, 19092]; freshness=8s; completed=1/6; current=gitlab_strong_allocation_spruce_budget160_rep0
[2026-07-01T22:16:59-0700] runner active pids=[19090, 19091, 19092]; freshness=3s; completed=1/6; current=gitlab_strong_allocation_spruce_budget160_rep0
[2026-07-01T22:17:59-0700] runner active pids=[19090, 19091, 19092]; freshness=1s; completed=1/6; current=gitlab_strong_allocation_spruce_budget160_rep0
[2026-07-01T22:18:59-0700] runner active pids=[19090, 19091, 19092]; freshness=5s; completed=1/6; current=gitlab_strong_allocation_spruce_budget160_rep0
[2026-07-01T22:19:59-0700] runner active pids=[19090, 19091, 19092]; freshness=10s; completed=1/6; current=gitlab_strong_allocation_spruce_budget160_rep0
[2026-07-01T22:20:59-0700] runner active pids=[19090, 19091, 19092]; freshness=0s; completed=1/6; current=gitlab_strong_allocation_spruce_budget160_rep0
[2026-07-01T22:21:59-0700] runner active pids=[19090, 19091, 19092]; freshness=6s; completed=1/6; current=gitlab_strong_allocation_spruce_budget160_rep0
[2026-07-01T22:22:59-0700] runner active pids=[19090, 19091, 19092]; freshness=0s; completed=1/6; current=gitlab_strong_allocation_spruce_budget160_rep0
[2026-07-01T22:23:59-0700] runner active pids=[19090, 19091, 19092]; freshness=2s; completed=1/6; current=gitlab_strong_allocation_spruce_budget160_rep0
[2026-07-01T22:25:00-0700] runner active pids=[19090, 19091, 19092]; freshness=1s; completed=1/6; current=gitlab_strong_allocation_spruce_budget160_rep0
[2026-07-01T22:26:00-0700] runner active pids=[19090, 19091, 19092]; freshness=12s; completed=1/6; current=gitlab_strong_allocation_spruce_budget160_rep0
[2026-07-01T22:27:00-0700] runner active pids=[19090, 19091, 19092]; freshness=3s; completed=1/6; current=gitlab_strong_allocation_spruce_budget160_rep0
[2026-07-01T22:28:00-0700] runner active pids=[19090, 19091, 19092]; freshness=11s; completed=1/6; current=gitlab_strong_allocation_spruce_budget160_rep0
[2026-07-01T22:29:00-0700] runner active pids=[19090, 19091, 19092]; freshness=5s; completed=1/6; current=gitlab_strong_allocation_spruce_budget160_rep0
[2026-07-01T22:30:00-0700] runner active pids=[19090, 19091, 19092]; freshness=3s; completed=1/6; current=gitlab_strong_allocation_spruce_budget160_rep0
[2026-07-01T22:31:00-0700] runner active pids=[19090, 19091, 19092]; freshness=14s; completed=1/6; current=gitlab_strong_allocation_spruce_budget160_rep0
[2026-07-01T22:32:00-0700] runner active pids=[19090, 19091, 19092]; freshness=4s; completed=1/6; current=gitlab_strong_allocation_spruce_budget160_rep0
[2026-07-01T22:33:00-0700] runner active pids=[19090, 19091, 19092]; freshness=0s; completed=1/6; current=gitlab_strong_allocation_spruce_budget160_rep0
[2026-07-01T22:34:01-0700] runner active pids=[19090, 19091, 19092]; freshness=4s; completed=1/6; current=gitlab_strong_allocation_spruce_budget160_rep0
[2026-07-01T22:35:01-0700] runner active pids=[19090, 19091, 19092]; freshness=0s; completed=1/6; current=gitlab_strong_allocation_spruce_budget160_rep0
[2026-07-01T22:36:01-0700] runner active pids=[19090, 19091, 19092]; freshness=27s; completed=1/6; current=gitlab_strong_allocation_spruce_budget160_rep0
[2026-07-01T22:37:01-0700] runner active pids=[19090, 19091, 19092]; freshness=9s; completed=1/6; current=gitlab_strong_allocation_spruce_budget160_rep0
[2026-07-01T22:38:01-0700] runner active pids=[19090, 19091, 19092]; freshness=1s; completed=1/6; current=gitlab_strong_allocation_spruce_budget160_rep0
[2026-07-01T22:39:01-0700] runner active pids=[19090, 19091, 19092]; freshness=3s; completed=1/6; current=gitlab_strong_allocation_spruce_budget160_rep0
[2026-07-01T22:40:01-0700] runner active pids=[19090, 19091, 19092]; freshness=2s; completed=1/6; current=gitlab_strong_allocation_spruce_budget160_rep0
[2026-07-01T22:41:01-0700] runner active pids=[19090, 19091, 19092]; freshness=5s; completed=1/6; current=gitlab_strong_allocation_spruce_budget160_rep0
[2026-07-01T22:42:01-0700] runner active pids=[19090, 19091, 19092]; freshness=0s; completed=1/6; current=gitlab_strong_allocation_spruce_budget160_rep0
[2026-07-01T22:43:02-0700] runner active pids=[19090, 19091, 19092]; freshness=0s; completed=1/6; current=gitlab_strong_allocation_spruce_budget160_rep0
[2026-07-01T22:44:02-0700] runner active pids=[19090, 19091, 19092]; freshness=4s; completed=1/6; current=gitlab_strong_allocation_spruce_budget160_rep0
[2026-07-01T22:45:02-0700] runner active pids=[19090, 19091, 19092]; freshness=0s; completed=1/6; current=gitlab_strong_allocation_spruce_budget160_rep0
[2026-07-01T22:46:02-0700] runner active pids=[19090, 19091, 19092]; freshness=1s; completed=1/6; current=gitlab_strong_allocation_spruce_budget160_rep0
[2026-07-01T22:47:02-0700] runner active pids=[19090, 19091, 19092]; freshness=3s; completed=1/6; current=gitlab_strong_allocation_spruce_budget160_rep0
[2026-07-01T22:48:02-0700] runner active pids=[19090, 19091, 19092]; freshness=4s; completed=1/6; current=gitlab_strong_allocation_spruce_budget160_rep0
[2026-07-01T22:49:02-0700] runner active pids=[19090, 19091, 19092]; freshness=5s; completed=1/6; current=gitlab_strong_allocation_spruce_budget160_rep0
[2026-07-01T22:50:02-0700] runner active pids=[19090, 19091, 19092]; freshness=14s; completed=1/6; current=gitlab_strong_allocation_spruce_budget160_rep0
[2026-07-01T22:51:02-0700] runner active pids=[19090, 19091, 19092]; freshness=1s; completed=1/6; current=gitlab_strong_allocation_spruce_budget160_rep0
[2026-07-01T22:52:03-0700] runner active pids=[19090, 19091, 19092]; freshness=0s; completed=1/6; current=gitlab_strong_allocation_spruce_budget160_rep0
[2026-07-01T22:53:03-0700] runner active pids=[19090, 19091, 19092]; freshness=9s; completed=1/6; current=gitlab_strong_allocation_spruce_budget160_rep0
[2026-07-01T22:54:03-0700] runner active pids=[19090, 19091, 19092]; freshness=2s; completed=1/6; current=gitlab_strong_allocation_spruce_budget160_rep0
[2026-07-01T22:55:03-0700] runner active pids=[19090, 19091, 19092]; freshness=11s; completed=1/6; current=gitlab_strong_allocation_spruce_budget160_rep0
[2026-07-01T22:56:03-0700] runner active pids=[19090, 19091, 19092]; freshness=4s; completed=1/6; current=gitlab_strong_allocation_spruce_budget160_rep0
[2026-07-01T22:57:03-0700] runner active pids=[19090, 19091, 19092]; freshness=4s; completed=1/6; current=gitlab_strong_allocation_spruce_budget160_rep0
[2026-07-01T22:58:03-0700] runner active pids=[19090, 19091, 19092]; freshness=3s; completed=1/6; current=gitlab_strong_allocation_spruce_budget160_rep0
[2026-07-01T22:59:03-0700] runner active pids=[19090, 19091, 19092]; freshness=13s; completed=1/6; current=gitlab_strong_allocation_spruce_budget160_rep0
[2026-07-01T23:00:03-0700] runner active pids=[19090, 19091, 19092]; freshness=0s; completed=1/6; current=gitlab_strong_allocation_spruce_budget160_rep0
[2026-07-01T23:01:03-0700] runner active pids=[19090, 19091, 19092]; freshness=5s; completed=1/6; current=gitlab_strong_allocation_spruce_budget160_rep0
[2026-07-01T23:02:04-0700] runner active pids=[19090, 19091, 19092]; freshness=0s; completed=1/6; current=gitlab_strong_allocation_spruce_budget160_rep0
[2026-07-01T23:03:04-0700] runner active pids=[19090, 19091, 19092]; freshness=6s; completed=1/6; current=gitlab_strong_allocation_spruce_budget160_rep0
[2026-07-01T23:04:04-0700] runner active pids=[19090, 19091, 19092]; freshness=1s; completed=1/6; current=gitlab_strong_allocation_spruce_budget160_rep0
[2026-07-01T23:05:04-0700] runner active pids=[19090, 19091, 19092]; freshness=1s; completed=1/6; current=gitlab_strong_allocation_spruce_budget160_rep0
[2026-07-01T23:06:04-0700] runner active pids=[19090, 19091, 19092]; freshness=3s; completed=1/6; current=gitlab_strong_allocation_spruce_budget160_rep0
[2026-07-01T23:07:04-0700] runner active pids=[19090, 19091, 19092]; freshness=4s; completed=1/6; current=gitlab_strong_allocation_spruce_budget160_rep0
[2026-07-01T23:08:04-0700] runner active pids=[19090, 19091, 19092]; freshness=1s; completed=1/6; current=gitlab_strong_allocation_spruce_budget160_rep0
[2026-07-01T23:09:04-0700] runner active pids=[19090, 19091, 19092]; freshness=2s; completed=1/6; current=gitlab_strong_allocation_spruce_budget160_rep0
[2026-07-01T23:10:04-0700] runner active pids=[19090, 19091, 19092]; freshness=59s; completed=1/6; current=gitlab_strong_allocation_spruce_budget160_rep0
[2026-07-01T23:11:05-0700] runner active pids=[19090, 19091, 19092]; freshness=119s; completed=1/6; current=gitlab_strong_allocation_spruce_budget160_rep0
[2026-07-01T23:12:05-0700] runner active pids=[19090, 19091, 19092]; freshness=179s; completed=1/6; current=gitlab_strong_allocation_spruce_budget160_rep0
[2026-07-01T23:13:05-0700] runner active pids=[19090, 19091, 19092]; freshness=239s; completed=1/6; current=gitlab_strong_allocation_spruce_budget160_rep0
[2026-07-01T23:14:05-0700] runner active pids=[19090, 19091, 19092]; freshness=299s; completed=1/6; current=gitlab_strong_allocation_spruce_budget160_rep0
[2026-07-01T23:15:05-0700] runner active pids=[19090, 19091, 19092]; freshness=360s; completed=1/6; current=gitlab_strong_allocation_spruce_budget160_rep0
[2026-07-01T23:16:05-0700] runner active pids=[19090, 19091, 19092]; freshness=420s; completed=1/6; current=gitlab_strong_allocation_spruce_budget160_rep0
[2026-07-01T23:17:05-0700] runner active pids=[19090, 19091, 19092]; freshness=480s; completed=1/6; current=gitlab_strong_allocation_spruce_budget160_rep0
[2026-07-01T23:18:05-0700] runner active pids=[19090, 19091, 19092]; freshness=540s; completed=1/6; current=gitlab_strong_allocation_spruce_budget160_rep0
[2026-07-01T23:19:05-0700] stale runner detected age=600s pids=[19090, 19091, 19092]; terminating and resuming
[2026-07-01T23:19:11-0700] launched resume session=gitlab_alloc_resume_uce_budget160_rep0_151 job=gitlab_strong_allocation_spruce_budget160_rep0 next_t=151 merged=/Users/sanjay/projects/BerkeleyProjects/Research/IanWaudbySmith/coldStartPrompts/results/gitlab_strong_arm/allocation_160/logs/gitlab_strong_allocation_spruce_budget160_rep0_trial0_2026-07-02T00-55-23Z_MERGED_SO_FAR.jsonl
[2026-07-01T23:20:11-0700] runner active pids=[28266, 28267, 28268]; freshness=0s; completed=1/6; current=gitlab_strong_allocation_spruce_budget160_rep0
[2026-07-01T23:21:11-0700] runner active pids=[28266, 28267, 28268]; freshness=4s; completed=1/6; current=gitlab_strong_allocation_spruce_budget160_rep0
[2026-07-01T23:22:11-0700] runner active pids=[28266, 28267, 28268]; freshness=1s; completed=1/6; current=gitlab_strong_allocation_spruce_budget160_rep0
[2026-07-01T23:23:11-0700] runner active pids=[28266, 28267, 28268]; freshness=4s; completed=1/6; current=gitlab_strong_allocation_spruce_budget160_rep0
[2026-07-01T23:24:11-0700] runner active pids=[28266, 28267, 28268]; freshness=3s; completed=1/6; current=gitlab_strong_allocation_spruce_budget160_rep0
[2026-07-01T23:25:12-0700] runner active pids=[28266, 28267, 28268]; freshness=1s; completed=1/6; current=gitlab_strong_allocation_spruce_budget160_rep0
[2026-07-01T23:26:12-0700] runner active pids=[28266, 28267, 28268]; freshness=0s; completed=1/6; current=gitlab_strong_allocation_spruce_budget160_rep0
[2026-07-01T23:27:12-0700] runner active pids=[28266, 28267, 28268]; freshness=0s; completed=1/6; current=gitlab_strong_allocation_spruce_budget160_rep0
[2026-07-01T23:28:12-0700] runner active pids=[28266, 28267, 28268]; freshness=4s; completed=1/6; current=gitlab_strong_allocation_spruce_budget160_rep0
[2026-07-01T23:29:12-0700] runner active pids=[28266, 28267, 28268]; freshness=3s; completed=1/6; current=gitlab_strong_allocation_spruce_budget160_rep0
[2026-07-01T23:30:12-0700] runner active pids=[28266, 28267, 28268]; freshness=1s; completed=1/6; current=gitlab_strong_allocation_spruce_budget160_rep0
[2026-07-01T23:31:12-0700] runner active pids=[28266, 28267, 28268]; freshness=0s; completed=1/6; current=gitlab_strong_allocation_spruce_budget160_rep0
[2026-07-01T23:32:12-0700] runner active pids=[28266, 28267, 28268]; freshness=1s; completed=1/6; current=gitlab_strong_allocation_spruce_budget160_rep0
[2026-07-01T23:33:12-0700] merged gitlab_strong_allocation_spruce_budget160_rep0 FULL log: /Users/sanjay/projects/BerkeleyProjects/Research/IanWaudbySmith/coldStartPrompts/results/gitlab_strong_arm/allocation_160/logs/gitlab_strong_allocation_spruce_budget160_rep0_trial0_2026-07-02T00-55-23Z_FULL.jsonl rows=160 successes=56
[2026-07-01T23:33:12-0700] no runner active; starting allocation runner; completed=2/6
[2026-07-01T23:33:13-0700] launched allocation runner session=gitlab_allocation_160_continue
[2026-07-01T23:34:13-0700] runner active pids=[31009, 31010, 31011]; freshness=3s; completed=2/6; current=gitlab_strong_allocation_uniform_budget160_rep1
[2026-07-01T23:35:13-0700] runner active pids=[31009, 31010, 31011]; freshness=1s; completed=2/6; current=gitlab_strong_allocation_uniform_budget160_rep1
[2026-07-01T23:36:13-0700] runner active pids=[31009, 31010, 31011]; freshness=0s; completed=2/6; current=gitlab_strong_allocation_uniform_budget160_rep1
[2026-07-01T23:37:13-0700] runner active pids=[31009, 31010, 31011]; freshness=1s; completed=2/6; current=gitlab_strong_allocation_uniform_budget160_rep1
[2026-07-01T23:38:13-0700] runner active pids=[31009, 31010, 31011]; freshness=3s; completed=2/6; current=gitlab_strong_allocation_uniform_budget160_rep1
[2026-07-01T23:39:13-0700] runner active pids=[31009, 31010, 31011]; freshness=4s; completed=2/6; current=gitlab_strong_allocation_uniform_budget160_rep1
[2026-07-01T23:40:13-0700] runner active pids=[31009, 31010, 31011]; freshness=2s; completed=2/6; current=gitlab_strong_allocation_uniform_budget160_rep1
[2026-07-01T23:41:13-0700] runner active pids=[31009, 31010, 31011]; freshness=0s; completed=2/6; current=gitlab_strong_allocation_uniform_budget160_rep1
[2026-07-01T23:42:13-0700] runner active pids=[31009, 31010, 31011]; freshness=0s; completed=2/6; current=gitlab_strong_allocation_uniform_budget160_rep1
[2026-07-01T23:43:13-0700] runner active pids=[31009, 31010, 31011]; freshness=2s; completed=2/6; current=gitlab_strong_allocation_uniform_budget160_rep1
[2026-07-01T23:44:14-0700] runner active pids=[31009, 31010, 31011]; freshness=6s; completed=2/6; current=gitlab_strong_allocation_uniform_budget160_rep1
[2026-07-01T23:45:14-0700] runner active pids=[31009, 31010, 31011]; freshness=0s; completed=2/6; current=gitlab_strong_allocation_uniform_budget160_rep1
[2026-07-01T23:46:14-0700] runner active pids=[31009, 31010, 31011]; freshness=9s; completed=2/6; current=gitlab_strong_allocation_uniform_budget160_rep1
[2026-07-01T23:47:14-0700] runner active pids=[31009, 31010, 31011]; freshness=2s; completed=2/6; current=gitlab_strong_allocation_uniform_budget160_rep1
[2026-07-01T23:48:14-0700] runner active pids=[31009, 31010, 31011]; freshness=0s; completed=2/6; current=gitlab_strong_allocation_uniform_budget160_rep1
[2026-07-01T23:49:14-0700] runner active pids=[31009, 31010, 31011]; freshness=2s; completed=2/6; current=gitlab_strong_allocation_uniform_budget160_rep1
[2026-07-01T23:50:14-0700] runner active pids=[31009, 31010, 31011]; freshness=3s; completed=2/6; current=gitlab_strong_allocation_uniform_budget160_rep1
[2026-07-01T23:51:14-0700] runner active pids=[31009, 31010, 31011]; freshness=1s; completed=2/6; current=gitlab_strong_allocation_uniform_budget160_rep1
[2026-07-01T23:52:14-0700] runner active pids=[31009, 31010, 31011]; freshness=3s; completed=2/6; current=gitlab_strong_allocation_uniform_budget160_rep1
[2026-07-01T23:53:14-0700] runner active pids=[31009, 31010, 31011]; freshness=0s; completed=2/6; current=gitlab_strong_allocation_uniform_budget160_rep1
[2026-07-01T23:54:14-0700] runner active pids=[31009, 31010, 31011]; freshness=8s; completed=2/6; current=gitlab_strong_allocation_uniform_budget160_rep1
[2026-07-01T23:55:15-0700] runner active pids=[31009, 31010, 31011]; freshness=1s; completed=2/6; current=gitlab_strong_allocation_uniform_budget160_rep1
[2026-07-01T23:56:15-0700] runner active pids=[31009, 31010, 31011]; freshness=3s; completed=2/6; current=gitlab_strong_allocation_uniform_budget160_rep1
[2026-07-01T23:57:15-0700] runner active pids=[31009, 31010, 31011]; freshness=11s; completed=2/6; current=gitlab_strong_allocation_uniform_budget160_rep1
[2026-07-01T23:58:15-0700] runner active pids=[31009, 31010, 31011]; freshness=1s; completed=2/6; current=gitlab_strong_allocation_uniform_budget160_rep1
[2026-07-01T23:59:15-0700] runner active pids=[31009, 31010, 31011]; freshness=1s; completed=2/6; current=gitlab_strong_allocation_uniform_budget160_rep1
[2026-07-02T00:00:15-0700] runner active pids=[31009, 31010, 31011]; freshness=1s; completed=2/6; current=gitlab_strong_allocation_uniform_budget160_rep1
[2026-07-02T00:01:15-0700] runner active pids=[31009, 31010, 31011]; freshness=1s; completed=2/6; current=gitlab_strong_allocation_uniform_budget160_rep1
[2026-07-02T00:02:15-0700] runner active pids=[31009, 31010, 31011]; freshness=3s; completed=2/6; current=gitlab_strong_allocation_uniform_budget160_rep1
[2026-07-02T00:03:15-0700] runner active pids=[31009, 31010, 31011]; freshness=2s; completed=2/6; current=gitlab_strong_allocation_uniform_budget160_rep1
[2026-07-02T00:04:15-0700] runner active pids=[31009, 31010, 31011]; freshness=8s; completed=2/6; current=gitlab_strong_allocation_uniform_budget160_rep1
[2026-07-02T00:05:16-0700] runner active pids=[31009, 31010, 31011]; freshness=3s; completed=2/6; current=gitlab_strong_allocation_uniform_budget160_rep1
[2026-07-02T00:06:16-0700] runner active pids=[31009, 31010, 31011]; freshness=2s; completed=2/6; current=gitlab_strong_allocation_uniform_budget160_rep1
[2026-07-02T00:07:16-0700] runner active pids=[31009, 31010, 31011]; freshness=0s; completed=2/6; current=gitlab_strong_allocation_uniform_budget160_rep1
[2026-07-02T00:08:16-0700] runner active pids=[31009, 31010, 31011]; freshness=4s; completed=2/6; current=gitlab_strong_allocation_uniform_budget160_rep1
[2026-07-02T00:09:16-0700] runner active pids=[31009, 31010, 31011]; freshness=11s; completed=2/6; current=gitlab_strong_allocation_uniform_budget160_rep1
[2026-07-02T00:10:16-0700] runner active pids=[31009, 31010, 31011]; freshness=2s; completed=2/6; current=gitlab_strong_allocation_uniform_budget160_rep1
[2026-07-02T00:11:16-0700] runner active pids=[31009, 31010, 31011]; freshness=11s; completed=2/6; current=gitlab_strong_allocation_uniform_budget160_rep1
[2026-07-02T00:12:16-0700] runner active pids=[31009, 31010, 31011]; freshness=71s; completed=2/6; current=gitlab_strong_allocation_uniform_budget160_rep1
[2026-07-02T00:13:16-0700] runner active pids=[31009, 31010, 31011]; freshness=131s; completed=2/6; current=gitlab_strong_allocation_uniform_budget160_rep1
[2026-07-02T00:14:16-0700] runner active pids=[31009, 31010, 31011]; freshness=191s; completed=2/6; current=gitlab_strong_allocation_uniform_budget160_rep1
[2026-07-02T00:15:17-0700] runner active pids=[31009, 31010, 31011]; freshness=251s; completed=2/6; current=gitlab_strong_allocation_uniform_budget160_rep1
[2026-07-02T00:16:17-0700] runner active pids=[31009, 31010, 31011]; freshness=311s; completed=2/6; current=gitlab_strong_allocation_uniform_budget160_rep1
[2026-07-02T00:17:17-0700] runner active pids=[31009, 31010, 31011]; freshness=371s; completed=2/6; current=gitlab_strong_allocation_uniform_budget160_rep1
[2026-07-02T00:18:17-0700] runner active pids=[31009, 31010, 31011]; freshness=431s; completed=2/6; current=gitlab_strong_allocation_uniform_budget160_rep1
[2026-07-02T00:19:17-0700] runner active pids=[31009, 31010, 31011]; freshness=491s; completed=2/6; current=gitlab_strong_allocation_uniform_budget160_rep1
[2026-07-02T00:20:17-0700] runner active pids=[31009, 31010, 31011]; freshness=552s; completed=2/6; current=gitlab_strong_allocation_uniform_budget160_rep1
[2026-07-02T00:21:17-0700] stale runner detected age=612s pids=[31009, 31010, 31011]; terminating and resuming
[2026-07-02T00:21:23-0700] launched resume session=gitlab_alloc_resume_orm_budget160_rep1_30 job=gitlab_strong_allocation_uniform_budget160_rep1 next_t=30 merged=/Users/sanjay/projects/BerkeleyProjects/Research/IanWaudbySmith/coldStartPrompts/results/gitlab_strong_arm/allocation_160/logs/gitlab_strong_allocation_uniform_budget160_rep1_trial0_2026-07-02T06-33-24Z_MERGED_SO_FAR.jsonl
[2026-07-02T00:22:23-0700] runner active pids=[37941, 37942, 37943]; freshness=10s; completed=2/6; current=gitlab_strong_allocation_uniform_budget160_rep1
[2026-07-02T00:23:23-0700] runner active pids=[37941, 37942, 37943]; freshness=4s; completed=2/6; current=gitlab_strong_allocation_uniform_budget160_rep1
[2026-07-02T00:24:23-0700] runner active pids=[37941, 37942, 37943]; freshness=3s; completed=2/6; current=gitlab_strong_allocation_uniform_budget160_rep1
[2026-07-02T00:25:23-0700] runner active pids=[37941, 37942, 37943]; freshness=1s; completed=2/6; current=gitlab_strong_allocation_uniform_budget160_rep1
[2026-07-02T00:26:23-0700] runner active pids=[37941, 37942, 37943]; freshness=8s; completed=2/6; current=gitlab_strong_allocation_uniform_budget160_rep1
[2026-07-02T00:27:23-0700] runner active pids=[37941, 37942, 37943]; freshness=1s; completed=2/6; current=gitlab_strong_allocation_uniform_budget160_rep1
[2026-07-02T00:28:23-0700] runner active pids=[37941, 37942, 37943]; freshness=1s; completed=2/6; current=gitlab_strong_allocation_uniform_budget160_rep1
[2026-07-02T00:29:23-0700] runner active pids=[37941, 37942, 37943]; freshness=3s; completed=2/6; current=gitlab_strong_allocation_uniform_budget160_rep1
[2026-07-02T00:30:24-0700] runner active pids=[37941, 37942, 37943]; freshness=4s; completed=2/6; current=gitlab_strong_allocation_uniform_budget160_rep1
[2026-07-02T00:31:24-0700] runner active pids=[37941, 37942, 37943]; freshness=16s; completed=2/6; current=gitlab_strong_allocation_uniform_budget160_rep1
[2026-07-02T00:32:24-0700] runner active pids=[37941, 37942, 37943]; freshness=6s; completed=2/6; current=gitlab_strong_allocation_uniform_budget160_rep1
[2026-07-02T00:33:24-0700] runner active pids=[37941, 37942, 37943]; freshness=3s; completed=2/6; current=gitlab_strong_allocation_uniform_budget160_rep1
[2026-07-02T00:34:24-0700] runner active pids=[37941, 37942, 37943]; freshness=19s; completed=2/6; current=gitlab_strong_allocation_uniform_budget160_rep1
[2026-07-02T00:35:24-0700] runner active pids=[37941, 37942, 37943]; freshness=3s; completed=2/6; current=gitlab_strong_allocation_uniform_budget160_rep1
[2026-07-02T00:36:24-0700] runner active pids=[37941, 37942, 37943]; freshness=18s; completed=2/6; current=gitlab_strong_allocation_uniform_budget160_rep1
[2026-07-02T00:37:24-0700] runner active pids=[37941, 37942, 37943]; freshness=12s; completed=2/6; current=gitlab_strong_allocation_uniform_budget160_rep1
[2026-07-02T00:38:24-0700] runner active pids=[37941, 37942, 37943]; freshness=0s; completed=2/6; current=gitlab_strong_allocation_uniform_budget160_rep1
[2026-07-02T00:39:24-0700] runner active pids=[37941, 37942, 37943]; freshness=1s; completed=2/6; current=gitlab_strong_allocation_uniform_budget160_rep1
[2026-07-02T00:40:24-0700] runner active pids=[37941, 37942, 37943]; freshness=7s; completed=2/6; current=gitlab_strong_allocation_uniform_budget160_rep1
[2026-07-02T00:41:25-0700] runner active pids=[37941, 37942, 37943]; freshness=0s; completed=2/6; current=gitlab_strong_allocation_uniform_budget160_rep1
[2026-07-02T00:42:25-0700] runner active pids=[37941, 37942, 37943]; freshness=0s; completed=2/6; current=gitlab_strong_allocation_uniform_budget160_rep1
[2026-07-02T00:43:25-0700] runner active pids=[37941, 37942, 37943]; freshness=8s; completed=2/6; current=gitlab_strong_allocation_uniform_budget160_rep1
[2026-07-02T00:44:25-0700] runner active pids=[37941, 37942, 37943]; freshness=1s; completed=2/6; current=gitlab_strong_allocation_uniform_budget160_rep1
[2026-07-02T00:45:25-0700] runner active pids=[37941, 37942, 37943]; freshness=0s; completed=2/6; current=gitlab_strong_allocation_uniform_budget160_rep1
[2026-07-02T00:46:25-0700] runner active pids=[37941, 37942, 37943]; freshness=0s; completed=2/6; current=gitlab_strong_allocation_uniform_budget160_rep1
[2026-07-02T00:47:25-0700] runner active pids=[37941, 37942, 37943]; freshness=5s; completed=2/6; current=gitlab_strong_allocation_uniform_budget160_rep1
[2026-07-02T00:48:25-0700] runner active pids=[37941, 37942, 37943]; freshness=4s; completed=2/6; current=gitlab_strong_allocation_uniform_budget160_rep1
[2026-07-02T00:49:25-0700] runner active pids=[37941, 37942, 37943]; freshness=0s; completed=2/6; current=gitlab_strong_allocation_uniform_budget160_rep1
[2026-07-02T00:50:25-0700] runner active pids=[37941, 37942, 37943]; freshness=10s; completed=2/6; current=gitlab_strong_allocation_uniform_budget160_rep1
[2026-07-02T00:51:26-0700] runner active pids=[37941, 37942, 37943]; freshness=2s; completed=2/6; current=gitlab_strong_allocation_uniform_budget160_rep1
[2026-07-02T00:52:26-0700] runner active pids=[37941, 37942, 37943]; freshness=1s; completed=2/6; current=gitlab_strong_allocation_uniform_budget160_rep1
[2026-07-02T00:53:26-0700] runner active pids=[37941, 37942, 37943]; freshness=7s; completed=2/6; current=gitlab_strong_allocation_uniform_budget160_rep1
[2026-07-02T00:54:26-0700] runner active pids=[37941, 37942, 37943]; freshness=2s; completed=2/6; current=gitlab_strong_allocation_uniform_budget160_rep1
[2026-07-02T00:55:26-0700] runner active pids=[37941, 37942, 37943]; freshness=3s; completed=2/6; current=gitlab_strong_allocation_uniform_budget160_rep1
[2026-07-02T00:56:26-0700] runner active pids=[37941, 37942, 37943]; freshness=2s; completed=2/6; current=gitlab_strong_allocation_uniform_budget160_rep1
[2026-07-02T00:57:26-0700] runner active pids=[37941, 37942, 37943]; freshness=19s; completed=2/6; current=gitlab_strong_allocation_uniform_budget160_rep1
[2026-07-02T00:58:26-0700] runner active pids=[37941, 37942, 37943]; freshness=3s; completed=2/6; current=gitlab_strong_allocation_uniform_budget160_rep1
[2026-07-02T00:59:26-0700] runner active pids=[37941, 37942, 37943]; freshness=1s; completed=2/6; current=gitlab_strong_allocation_uniform_budget160_rep1
[2026-07-02T01:00:26-0700] runner active pids=[37941, 37942, 37943]; freshness=6s; completed=2/6; current=gitlab_strong_allocation_uniform_budget160_rep1
[2026-07-02T01:01:27-0700] runner active pids=[37941, 37942, 37943]; freshness=1s; completed=2/6; current=gitlab_strong_allocation_uniform_budget160_rep1
[2026-07-02T01:02:27-0700] runner active pids=[37941, 37942, 37943]; freshness=5s; completed=2/6; current=gitlab_strong_allocation_uniform_budget160_rep1
[2026-07-02T01:03:27-0700] runner active pids=[37941, 37942, 37943]; freshness=1s; completed=2/6; current=gitlab_strong_allocation_uniform_budget160_rep1
[2026-07-02T01:04:27-0700] runner active pids=[37941, 37942, 37943]; freshness=0s; completed=2/6; current=gitlab_strong_allocation_uniform_budget160_rep1
[2026-07-02T01:05:27-0700] runner active pids=[37941, 37942, 37943]; freshness=1s; completed=2/6; current=gitlab_strong_allocation_uniform_budget160_rep1
[2026-07-02T01:06:27-0700] runner active pids=[37941, 37942, 37943]; freshness=17s; completed=2/6; current=gitlab_strong_allocation_uniform_budget160_rep1
[2026-07-02T01:07:27-0700] runner active pids=[37941, 37942, 37943]; freshness=2s; completed=2/6; current=gitlab_strong_allocation_uniform_budget160_rep1
[2026-07-02T01:08:27-0700] runner active pids=[37941, 37942, 37943]; freshness=13s; completed=2/6; current=gitlab_strong_allocation_uniform_budget160_rep1
[2026-07-02T01:09:27-0700] runner active pids=[37941, 37942, 37943]; freshness=5s; completed=2/6; current=gitlab_strong_allocation_uniform_budget160_rep1
[2026-07-02T01:10:27-0700] runner active pids=[37941, 37942, 37943]; freshness=1s; completed=2/6; current=gitlab_strong_allocation_uniform_budget160_rep1
[2026-07-02T01:11:28-0700] runner active pids=[37941, 37942, 37943]; freshness=3s; completed=2/6; current=gitlab_strong_allocation_uniform_budget160_rep1
[2026-07-02T01:12:28-0700] runner active pids=[37941, 37942, 37943]; freshness=1s; completed=2/6; current=gitlab_strong_allocation_uniform_budget160_rep1
[2026-07-02T01:13:28-0700] runner active pids=[37941, 37942, 37943]; freshness=25s; completed=2/6; current=gitlab_strong_allocation_uniform_budget160_rep1
[2026-07-02T01:14:28-0700] runner active pids=[37941, 37942, 37943]; freshness=85s; completed=2/6; current=gitlab_strong_allocation_uniform_budget160_rep1
[2026-07-02T01:15:28-0700] runner active pids=[37941, 37942, 37943]; freshness=145s; completed=2/6; current=gitlab_strong_allocation_uniform_budget160_rep1
[2026-07-02T01:16:28-0700] runner active pids=[37941, 37942, 37943]; freshness=205s; completed=2/6; current=gitlab_strong_allocation_uniform_budget160_rep1
[2026-07-02T01:17:28-0700] runner active pids=[37941, 37942, 37943]; freshness=265s; completed=2/6; current=gitlab_strong_allocation_uniform_budget160_rep1
[2026-07-02T01:18:28-0700] runner active pids=[37941, 37942, 37943]; freshness=326s; completed=2/6; current=gitlab_strong_allocation_uniform_budget160_rep1
[2026-07-02T01:19:28-0700] runner active pids=[37941, 37942, 37943]; freshness=386s; completed=2/6; current=gitlab_strong_allocation_uniform_budget160_rep1
[2026-07-02T01:20:28-0700] runner active pids=[37941, 37942, 37943]; freshness=446s; completed=2/6; current=gitlab_strong_allocation_uniform_budget160_rep1
[2026-07-02T01:21:29-0700] runner active pids=[37941, 37942, 37943]; freshness=506s; completed=2/6; current=gitlab_strong_allocation_uniform_budget160_rep1
[2026-07-02T01:22:29-0700] runner active pids=[37941, 37942, 37943]; freshness=566s; completed=2/6; current=gitlab_strong_allocation_uniform_budget160_rep1
[2026-07-02T01:23:29-0700] stale runner detected age=626s pids=[37941, 37942, 37943]; terminating and resuming
[2026-07-02T01:23:34-0700] launched resume session=gitlab_alloc_resume_orm_budget160_rep1_59 job=gitlab_strong_allocation_uniform_budget160_rep1 next_t=59 merged=/Users/sanjay/projects/BerkeleyProjects/Research/IanWaudbySmith/coldStartPrompts/results/gitlab_strong_arm/allocation_160/logs/gitlab_strong_allocation_uniform_budget160_rep1_trial0_2026-07-02T06-33-24Z_MERGED_SO_FAR.jsonl
[2026-07-02T01:24:34-0700] runner active pids=[44824, 44825, 44826]; freshness=8s; completed=2/6; current=gitlab_strong_allocation_uniform_budget160_rep1
[2026-07-02T01:25:34-0700] runner active pids=[44824, 44825, 44826]; freshness=0s; completed=2/6; current=gitlab_strong_allocation_uniform_budget160_rep1
[2026-07-02T01:26:35-0700] runner active pids=[44824, 44825, 44826]; freshness=11s; completed=2/6; current=gitlab_strong_allocation_uniform_budget160_rep1
[2026-07-02T01:27:35-0700] runner active pids=[44824, 44825, 44826]; freshness=2s; completed=2/6; current=gitlab_strong_allocation_uniform_budget160_rep1
[2026-07-02T01:28:35-0700] runner active pids=[44824, 44825, 44826]; freshness=2s; completed=2/6; current=gitlab_strong_allocation_uniform_budget160_rep1
[2026-07-02T01:29:35-0700] runner active pids=[44824, 44825, 44826]; freshness=8s; completed=2/6; current=gitlab_strong_allocation_uniform_budget160_rep1
[2026-07-02T01:30:35-0700] runner active pids=[44824, 44825, 44826]; freshness=0s; completed=2/6; current=gitlab_strong_allocation_uniform_budget160_rep1
[2026-07-02T01:31:35-0700] runner active pids=[44824, 44825, 44826]; freshness=1s; completed=2/6; current=gitlab_strong_allocation_uniform_budget160_rep1
[2026-07-02T01:32:35-0700] runner active pids=[44824, 44825, 44826]; freshness=10s; completed=2/6; current=gitlab_strong_allocation_uniform_budget160_rep1
[2026-07-02T01:33:35-0700] runner active pids=[44824, 44825, 44826]; freshness=5s; completed=2/6; current=gitlab_strong_allocation_uniform_budget160_rep1
[2026-07-02T01:34:35-0700] runner active pids=[44824, 44825, 44826]; freshness=5s; completed=2/6; current=gitlab_strong_allocation_uniform_budget160_rep1
[2026-07-02T01:35:35-0700] runner active pids=[44824, 44825, 44826]; freshness=5s; completed=2/6; current=gitlab_strong_allocation_uniform_budget160_rep1
[2026-07-02T01:36:36-0700] runner active pids=[44824, 44825, 44826]; freshness=0s; completed=2/6; current=gitlab_strong_allocation_uniform_budget160_rep1
[2026-07-02T01:37:36-0700] runner active pids=[44824, 44825, 44826]; freshness=8s; completed=2/6; current=gitlab_strong_allocation_uniform_budget160_rep1
[2026-07-02T01:38:36-0700] runner active pids=[44824, 44825, 44826]; freshness=5s; completed=2/6; current=gitlab_strong_allocation_uniform_budget160_rep1
[2026-07-02T01:39:36-0700] runner active pids=[44824, 44825, 44826]; freshness=3s; completed=2/6; current=gitlab_strong_allocation_uniform_budget160_rep1
[2026-07-02T01:40:36-0700] runner active pids=[44824, 44825, 44826]; freshness=12s; completed=2/6; current=gitlab_strong_allocation_uniform_budget160_rep1
[2026-07-02T01:41:36-0700] runner active pids=[44824, 44825, 44826]; freshness=5s; completed=2/6; current=gitlab_strong_allocation_uniform_budget160_rep1
[2026-07-02T01:42:36-0700] runner active pids=[44824, 44825, 44826]; freshness=2s; completed=2/6; current=gitlab_strong_allocation_uniform_budget160_rep1
[2026-07-02T01:43:36-0700] runner active pids=[44824, 44825, 44826]; freshness=6s; completed=2/6; current=gitlab_strong_allocation_uniform_budget160_rep1
[2026-07-02T01:44:36-0700] runner active pids=[44824, 44825, 44826]; freshness=6s; completed=2/6; current=gitlab_strong_allocation_uniform_budget160_rep1
[2026-07-02T01:45:36-0700] runner active pids=[44824, 44825, 44826]; freshness=3s; completed=2/6; current=gitlab_strong_allocation_uniform_budget160_rep1
[2026-07-02T01:46:36-0700] runner active pids=[44824, 44825, 44826]; freshness=7s; completed=2/6; current=gitlab_strong_allocation_uniform_budget160_rep1
[2026-07-02T01:47:37-0700] runner active pids=[44824, 44825, 44826]; freshness=0s; completed=2/6; current=gitlab_strong_allocation_uniform_budget160_rep1
[2026-07-02T01:48:37-0700] runner active pids=[44824, 44825, 44826]; freshness=1s; completed=2/6; current=gitlab_strong_allocation_uniform_budget160_rep1
[2026-07-02T01:49:37-0700] runner active pids=[44824, 44825, 44826]; freshness=0s; completed=2/6; current=gitlab_strong_allocation_uniform_budget160_rep1
[2026-07-02T01:50:37-0700] runner active pids=[44824, 44825, 44826]; freshness=3s; completed=2/6; current=gitlab_strong_allocation_uniform_budget160_rep1
[2026-07-02T01:51:37-0700] runner active pids=[44824, 44825, 44826]; freshness=0s; completed=2/6; current=gitlab_strong_allocation_uniform_budget160_rep1
[2026-07-02T01:52:37-0700] runner active pids=[44824, 44825, 44826]; freshness=1s; completed=2/6; current=gitlab_strong_allocation_uniform_budget160_rep1
[2026-07-02T01:53:37-0700] runner active pids=[44824, 44825, 44826]; freshness=3s; completed=2/6; current=gitlab_strong_allocation_uniform_budget160_rep1
[2026-07-02T01:54:37-0700] runner active pids=[44824, 44825, 44826]; freshness=1s; completed=2/6; current=gitlab_strong_allocation_uniform_budget160_rep1
[2026-07-02T01:55:37-0700] runner active pids=[44824, 44825, 44826]; freshness=14s; completed=2/6; current=gitlab_strong_allocation_uniform_budget160_rep1
[2026-07-02T01:56:37-0700] runner active pids=[44824, 44825, 44826]; freshness=3s; completed=2/6; current=gitlab_strong_allocation_uniform_budget160_rep1
[2026-07-02T01:57:38-0700] runner active pids=[44824, 44825, 44826]; freshness=3s; completed=2/6; current=gitlab_strong_allocation_uniform_budget160_rep1
[2026-07-02T01:58:38-0700] runner active pids=[44824, 44825, 44826]; freshness=5s; completed=2/6; current=gitlab_strong_allocation_uniform_budget160_rep1
[2026-07-02T01:59:38-0700] runner active pids=[44824, 44825, 44826]; freshness=11s; completed=2/6; current=gitlab_strong_allocation_uniform_budget160_rep1
[2026-07-02T02:00:38-0700] runner active pids=[44824, 44825, 44826]; freshness=17s; completed=2/6; current=gitlab_strong_allocation_uniform_budget160_rep1
[2026-07-02T02:01:38-0700] runner active pids=[44824, 44825, 44826]; freshness=9s; completed=2/6; current=gitlab_strong_allocation_uniform_budget160_rep1
[2026-07-02T02:02:38-0700] runner active pids=[44824, 44825, 44826]; freshness=4s; completed=2/6; current=gitlab_strong_allocation_uniform_budget160_rep1
[2026-07-02T02:03:38-0700] runner active pids=[44824, 44825, 44826]; freshness=26s; completed=2/6; current=gitlab_strong_allocation_uniform_budget160_rep1
[2026-07-02T02:04:38-0700] runner active pids=[44824, 44825, 44826]; freshness=12s; completed=2/6; current=gitlab_strong_allocation_uniform_budget160_rep1
[2026-07-02T02:05:38-0700] runner active pids=[44824, 44825, 44826]; freshness=3s; completed=2/6; current=gitlab_strong_allocation_uniform_budget160_rep1
[2026-07-02T02:06:38-0700] runner active pids=[44824, 44825, 44826]; freshness=0s; completed=2/6; current=gitlab_strong_allocation_uniform_budget160_rep1
[2026-07-02T02:07:39-0700] runner active pids=[44824, 44825, 44826]; freshness=0s; completed=2/6; current=gitlab_strong_allocation_uniform_budget160_rep1
[2026-07-02T02:08:39-0700] runner active pids=[44824, 44825, 44826]; freshness=3s; completed=2/6; current=gitlab_strong_allocation_uniform_budget160_rep1
[2026-07-02T02:09:39-0700] runner active pids=[44824, 44825, 44826]; freshness=18s; completed=2/6; current=gitlab_strong_allocation_uniform_budget160_rep1
[2026-07-02T02:10:39-0700] runner active pids=[44824, 44825, 44826]; freshness=2s; completed=2/6; current=gitlab_strong_allocation_uniform_budget160_rep1
[2026-07-02T02:11:39-0700] runner active pids=[44824, 44825, 44826]; freshness=39s; completed=2/6; current=gitlab_strong_allocation_uniform_budget160_rep1
[2026-07-02T02:12:39-0700] runner active pids=[44824, 44825, 44826]; freshness=4s; completed=2/6; current=gitlab_strong_allocation_uniform_budget160_rep1
[2026-07-02T02:13:39-0700] runner active pids=[44824, 44825, 44826]; freshness=0s; completed=2/6; current=gitlab_strong_allocation_uniform_budget160_rep1
[2026-07-02T02:14:39-0700] runner active pids=[44824, 44825, 44826]; freshness=1s; completed=2/6; current=gitlab_strong_allocation_uniform_budget160_rep1
[2026-07-02T02:15:39-0700] runner active pids=[44824, 44825, 44826]; freshness=1s; completed=2/6; current=gitlab_strong_allocation_uniform_budget160_rep1
[2026-07-02T02:16:39-0700] runner active pids=[44824, 44825, 44826]; freshness=2s; completed=2/6; current=gitlab_strong_allocation_uniform_budget160_rep1
[2026-07-02T02:17:40-0700] runner active pids=[44824, 44825, 44826]; freshness=1s; completed=2/6; current=gitlab_strong_allocation_uniform_budget160_rep1
[2026-07-02T02:18:40-0700] runner active pids=[44824, 44825, 44826]; freshness=6s; completed=2/6; current=gitlab_strong_allocation_uniform_budget160_rep1
[2026-07-02T02:19:40-0700] runner active pids=[44824, 44825, 44826]; freshness=7s; completed=2/6; current=gitlab_strong_allocation_uniform_budget160_rep1
[2026-07-02T02:20:40-0700] runner active pids=[44824, 44825, 44826]; freshness=3s; completed=2/6; current=gitlab_strong_allocation_uniform_budget160_rep1
[2026-07-02T02:21:40-0700] runner active pids=[44824, 44825, 44826]; freshness=10s; completed=2/6; current=gitlab_strong_allocation_uniform_budget160_rep1
[2026-07-02T02:22:40-0700] runner active pids=[44824, 44825, 44826]; freshness=23s; completed=2/6; current=gitlab_strong_allocation_uniform_budget160_rep1
[2026-07-02T02:23:40-0700] runner active pids=[44824, 44825, 44826]; freshness=83s; completed=2/6; current=gitlab_strong_allocation_uniform_budget160_rep1
[2026-07-02T02:24:40-0700] runner active pids=[44824, 44825, 44826]; freshness=143s; completed=2/6; current=gitlab_strong_allocation_uniform_budget160_rep1
[2026-07-02T02:25:40-0700] runner active pids=[44824, 44825, 44826]; freshness=203s; completed=2/6; current=gitlab_strong_allocation_uniform_budget160_rep1
[2026-07-02T02:26:40-0700] runner active pids=[44824, 44825, 44826]; freshness=263s; completed=2/6; current=gitlab_strong_allocation_uniform_budget160_rep1
[2026-07-02T02:27:41-0700] runner active pids=[44824, 44825, 44826]; freshness=323s; completed=2/6; current=gitlab_strong_allocation_uniform_budget160_rep1
[2026-07-02T02:28:41-0700] runner active pids=[44824, 44825, 44826]; freshness=384s; completed=2/6; current=gitlab_strong_allocation_uniform_budget160_rep1
[2026-07-02T02:29:41-0700] runner active pids=[44824, 44825, 44826]; freshness=444s; completed=2/6; current=gitlab_strong_allocation_uniform_budget160_rep1
[2026-07-02T02:30:41-0700] runner active pids=[44824, 44825, 44826]; freshness=504s; completed=2/6; current=gitlab_strong_allocation_uniform_budget160_rep1
[2026-07-02T02:31:41-0700] runner active pids=[44824, 44825, 44826]; freshness=564s; completed=2/6; current=gitlab_strong_allocation_uniform_budget160_rep1
[2026-07-02T02:32:41-0700] stale runner detected age=624s pids=[44824, 44825, 44826]; terminating and resuming
[2026-07-02T02:32:47-0700] launched resume session=gitlab_alloc_resume_orm_budget160_rep1_88 job=gitlab_strong_allocation_uniform_budget160_rep1 next_t=88 merged=/Users/sanjay/projects/BerkeleyProjects/Research/IanWaudbySmith/coldStartPrompts/results/gitlab_strong_arm/allocation_160/logs/gitlab_strong_allocation_uniform_budget160_rep1_trial0_2026-07-02T06-33-24Z_MERGED_SO_FAR.jsonl
[2026-07-02T02:33:47-0700] runner active pids=[52111, 52112, 52113]; freshness=4s; completed=2/6; current=gitlab_strong_allocation_uniform_budget160_rep1
[2026-07-02T02:34:47-0700] runner active pids=[52111, 52112, 52113]; freshness=3s; completed=2/6; current=gitlab_strong_allocation_uniform_budget160_rep1
[2026-07-02T02:35:47-0700] runner active pids=[52111, 52112, 52113]; freshness=5s; completed=2/6; current=gitlab_strong_allocation_uniform_budget160_rep1
[2026-07-02T02:36:47-0700] runner active pids=[52111, 52112, 52113]; freshness=1s; completed=2/6; current=gitlab_strong_allocation_uniform_budget160_rep1
[2026-07-02T02:37:47-0700] runner active pids=[52111, 52112, 52113]; freshness=10s; completed=2/6; current=gitlab_strong_allocation_uniform_budget160_rep1
[2026-07-02T02:38:47-0700] runner active pids=[52111, 52112, 52113]; freshness=17s; completed=2/6; current=gitlab_strong_allocation_uniform_budget160_rep1
[2026-07-02T02:39:47-0700] runner active pids=[52111, 52112, 52113]; freshness=22s; completed=2/6; current=gitlab_strong_allocation_uniform_budget160_rep1
[2026-07-02T02:40:47-0700] runner active pids=[52111, 52112, 52113]; freshness=0s; completed=2/6; current=gitlab_strong_allocation_uniform_budget160_rep1
[2026-07-02T02:41:47-0700] runner active pids=[52111, 52112, 52113]; freshness=10s; completed=2/6; current=gitlab_strong_allocation_uniform_budget160_rep1
[2026-07-02T02:42:48-0700] runner active pids=[52111, 52112, 52113]; freshness=6s; completed=2/6; current=gitlab_strong_allocation_uniform_budget160_rep1
[2026-07-02T02:43:48-0700] runner active pids=[52111, 52112, 52113]; freshness=17s; completed=2/6; current=gitlab_strong_allocation_uniform_budget160_rep1
[2026-07-02T02:44:48-0700] runner active pids=[52111, 52112, 52113]; freshness=6s; completed=2/6; current=gitlab_strong_allocation_uniform_budget160_rep1
[2026-07-02T02:45:48-0700] runner active pids=[52111, 52112, 52113]; freshness=2s; completed=2/6; current=gitlab_strong_allocation_uniform_budget160_rep1
[2026-07-02T02:46:48-0700] runner active pids=[52111, 52112, 52113]; freshness=4s; completed=2/6; current=gitlab_strong_allocation_uniform_budget160_rep1
[2026-07-02T02:47:48-0700] runner active pids=[52111, 52112, 52113]; freshness=15s; completed=2/6; current=gitlab_strong_allocation_uniform_budget160_rep1
[2026-07-02T02:48:48-0700] runner active pids=[52111, 52112, 52113]; freshness=6s; completed=2/6; current=gitlab_strong_allocation_uniform_budget160_rep1
[2026-07-02T02:49:48-0700] runner active pids=[52111, 52112, 52113]; freshness=1s; completed=2/6; current=gitlab_strong_allocation_uniform_budget160_rep1
[2026-07-02T02:50:48-0700] runner active pids=[52111, 52112, 52113]; freshness=2s; completed=2/6; current=gitlab_strong_allocation_uniform_budget160_rep1
[2026-07-02T02:51:48-0700] runner active pids=[52111, 52112, 52113]; freshness=8s; completed=2/6; current=gitlab_strong_allocation_uniform_budget160_rep1
[2026-07-02T02:52:48-0700] runner active pids=[52111, 52112, 52113]; freshness=4s; completed=2/6; current=gitlab_strong_allocation_uniform_budget160_rep1
[2026-07-02T02:53:49-0700] runner active pids=[52111, 52112, 52113]; freshness=2s; completed=2/6; current=gitlab_strong_allocation_uniform_budget160_rep1
[2026-07-02T02:54:49-0700] runner active pids=[52111, 52112, 52113]; freshness=5s; completed=2/6; current=gitlab_strong_allocation_uniform_budget160_rep1
[2026-07-02T02:55:49-0700] runner active pids=[52111, 52112, 52113]; freshness=2s; completed=2/6; current=gitlab_strong_allocation_uniform_budget160_rep1
[2026-07-02T02:56:49-0700] runner active pids=[52111, 52112, 52113]; freshness=2s; completed=2/6; current=gitlab_strong_allocation_uniform_budget160_rep1
[2026-07-02T02:57:49-0700] runner active pids=[52111, 52112, 52113]; freshness=10s; completed=2/6; current=gitlab_strong_allocation_uniform_budget160_rep1
[2026-07-02T02:58:49-0700] runner active pids=[52111, 52112, 52113]; freshness=1s; completed=2/6; current=gitlab_strong_allocation_uniform_budget160_rep1
[2026-07-02T02:59:49-0700] runner active pids=[52111, 52112, 52113]; freshness=4s; completed=2/6; current=gitlab_strong_allocation_uniform_budget160_rep1
[2026-07-02T03:00:49-0700] runner active pids=[52111, 52112, 52113]; freshness=3s; completed=2/6; current=gitlab_strong_allocation_uniform_budget160_rep1
[2026-07-02T03:01:49-0700] runner active pids=[52111, 52112, 52113]; freshness=0s; completed=2/6; current=gitlab_strong_allocation_uniform_budget160_rep1
[2026-07-02T03:02:49-0700] runner active pids=[52111, 52112, 52113]; freshness=14s; completed=2/6; current=gitlab_strong_allocation_uniform_budget160_rep1
[2026-07-02T03:03:50-0700] runner active pids=[52111, 52112, 52113]; freshness=2s; completed=2/6; current=gitlab_strong_allocation_uniform_budget160_rep1
[2026-07-02T03:04:50-0700] runner active pids=[52111, 52112, 52113]; freshness=7s; completed=2/6; current=gitlab_strong_allocation_uniform_budget160_rep1
[2026-07-02T03:05:50-0700] runner active pids=[52111, 52112, 52113]; freshness=0s; completed=2/6; current=gitlab_strong_allocation_uniform_budget160_rep1
[2026-07-02T03:06:50-0700] runner active pids=[52111, 52112, 52113]; freshness=11s; completed=2/6; current=gitlab_strong_allocation_uniform_budget160_rep1
[2026-07-02T03:07:50-0700] runner active pids=[52111, 52112, 52113]; freshness=1s; completed=2/6; current=gitlab_strong_allocation_uniform_budget160_rep1
[2026-07-02T03:08:50-0700] runner active pids=[52111, 52112, 52113]; freshness=10s; completed=2/6; current=gitlab_strong_allocation_uniform_budget160_rep1
[2026-07-02T03:09:50-0700] runner active pids=[52111, 52112, 52113]; freshness=0s; completed=2/6; current=gitlab_strong_allocation_uniform_budget160_rep1
[2026-07-02T03:10:50-0700] runner active pids=[52111, 52112, 52113]; freshness=16s; completed=2/6; current=gitlab_strong_allocation_uniform_budget160_rep1
[2026-07-02T03:11:50-0700] runner active pids=[52111, 52112, 52113]; freshness=1s; completed=2/6; current=gitlab_strong_allocation_uniform_budget160_rep1
[2026-07-02T03:12:50-0700] runner active pids=[52111, 52112, 52113]; freshness=3s; completed=2/6; current=gitlab_strong_allocation_uniform_budget160_rep1
[2026-07-02T03:13:51-0700] runner active pids=[52111, 52112, 52113]; freshness=15s; completed=2/6; current=gitlab_strong_allocation_uniform_budget160_rep1
[2026-07-02T03:14:51-0700] runner active pids=[52111, 52112, 52113]; freshness=0s; completed=2/6; current=gitlab_strong_allocation_uniform_budget160_rep1
[2026-07-02T03:15:51-0700] runner active pids=[52111, 52112, 52113]; freshness=1s; completed=2/6; current=gitlab_strong_allocation_uniform_budget160_rep1
[2026-07-02T03:16:51-0700] runner active pids=[52111, 52112, 52113]; freshness=11s; completed=2/6; current=gitlab_strong_allocation_uniform_budget160_rep1
[2026-07-02T03:17:51-0700] runner active pids=[52111, 52112, 52113]; freshness=2s; completed=2/6; current=gitlab_strong_allocation_uniform_budget160_rep1
[2026-07-02T03:18:51-0700] runner active pids=[52111, 52112, 52113]; freshness=0s; completed=2/6; current=gitlab_strong_allocation_uniform_budget160_rep1
[2026-07-02T03:19:51-0700] runner active pids=[52111, 52112, 52113]; freshness=4s; completed=2/6; current=gitlab_strong_allocation_uniform_budget160_rep1
[2026-07-02T03:20:51-0700] runner active pids=[52111, 52112, 52113]; freshness=2s; completed=2/6; current=gitlab_strong_allocation_uniform_budget160_rep1
[2026-07-02T03:21:51-0700] runner active pids=[52111, 52112, 52113]; freshness=12s; completed=2/6; current=gitlab_strong_allocation_uniform_budget160_rep1
[2026-07-02T03:22:51-0700] runner active pids=[52111, 52112, 52113]; freshness=3s; completed=2/6; current=gitlab_strong_allocation_uniform_budget160_rep1
[2026-07-02T03:23:52-0700] runner active pids=[52111, 52112, 52113]; freshness=1s; completed=2/6; current=gitlab_strong_allocation_uniform_budget160_rep1
[2026-07-02T03:24:52-0700] runner active pids=[52111, 52112, 52113]; freshness=5s; completed=2/6; current=gitlab_strong_allocation_uniform_budget160_rep1
[2026-07-02T03:25:52-0700] runner active pids=[52111, 52112, 52113]; freshness=10s; completed=2/6; current=gitlab_strong_allocation_uniform_budget160_rep1
[2026-07-02T03:26:52-0700] runner active pids=[52111, 52112, 52113]; freshness=7s; completed=2/6; current=gitlab_strong_allocation_uniform_budget160_rep1
[2026-07-02T03:27:52-0700] runner active pids=[52111, 52112, 52113]; freshness=2s; completed=2/6; current=gitlab_strong_allocation_uniform_budget160_rep1
[2026-07-02T03:28:52-0700] runner active pids=[52111, 52112, 52113]; freshness=12s; completed=2/6; current=gitlab_strong_allocation_uniform_budget160_rep1
[2026-07-02T03:29:52-0700] runner active pids=[52111, 52112, 52113]; freshness=3s; completed=2/6; current=gitlab_strong_allocation_uniform_budget160_rep1
[2026-07-02T03:30:52-0700] runner active pids=[52111, 52112, 52113]; freshness=1s; completed=2/6; current=gitlab_strong_allocation_uniform_budget160_rep1
[2026-07-02T03:31:52-0700] runner active pids=[52111, 52112, 52113]; freshness=6s; completed=2/6; current=gitlab_strong_allocation_uniform_budget160_rep1
[2026-07-02T03:32:52-0700] runner active pids=[52111, 52112, 52113]; freshness=8s; completed=2/6; current=gitlab_strong_allocation_uniform_budget160_rep1
[2026-07-02T03:33:53-0700] runner active pids=[52111, 52112, 52113]; freshness=1s; completed=2/6; current=gitlab_strong_allocation_uniform_budget160_rep1
[2026-07-02T03:34:53-0700] runner active pids=[52111, 52112, 52113]; freshness=1s; completed=2/6; current=gitlab_strong_allocation_uniform_budget160_rep1
[2026-07-02T03:35:53-0700] runner active pids=[52111, 52112, 52113]; freshness=3s; completed=2/6; current=gitlab_strong_allocation_uniform_budget160_rep1
[2026-07-02T03:36:53-0700] runner active pids=[52111, 52112, 52113]; freshness=2s; completed=2/6; current=gitlab_strong_allocation_uniform_budget160_rep1
[2026-07-02T03:37:53-0700] runner active pids=[52111, 52112, 52113]; freshness=1s; completed=2/6; current=gitlab_strong_allocation_uniform_budget160_rep1
[2026-07-02T03:38:53-0700] runner active pids=[52111, 52112, 52113]; freshness=2s; completed=2/6; current=gitlab_strong_allocation_uniform_budget160_rep1
[2026-07-02T03:39:53-0700] runner active pids=[52111, 52112, 52113]; freshness=4s; completed=2/6; current=gitlab_strong_allocation_uniform_budget160_rep1
[2026-07-02T03:40:53-0700] runner active pids=[52111, 52112, 52113]; freshness=4s; completed=2/6; current=gitlab_strong_allocation_uniform_budget160_rep1
[2026-07-02T03:41:53-0700] runner active pids=[52111, 52112, 52113]; freshness=3s; completed=2/6; current=gitlab_strong_allocation_uniform_budget160_rep1
[2026-07-02T03:42:53-0700] runner active pids=[52111, 52112, 52113]; freshness=4s; completed=2/6; current=gitlab_strong_allocation_uniform_budget160_rep1
[2026-07-02T03:43:54-0700] runner active pids=[52111, 52112, 52113]; freshness=8s; completed=2/6; current=gitlab_strong_allocation_uniform_budget160_rep1
[2026-07-02T03:44:54-0700] runner active pids=[52111, 52112, 52113]; freshness=68s; completed=2/6; current=gitlab_strong_allocation_uniform_budget160_rep1
[2026-07-02T03:45:54-0700] runner active pids=[52111, 52112, 52113]; freshness=128s; completed=2/6; current=gitlab_strong_allocation_uniform_budget160_rep1
[2026-07-02T03:46:54-0700] runner active pids=[52111, 52112, 52113]; freshness=188s; completed=2/6; current=gitlab_strong_allocation_uniform_budget160_rep1
[2026-07-02T03:47:54-0700] runner active pids=[52111, 52112, 52113]; freshness=248s; completed=2/6; current=gitlab_strong_allocation_uniform_budget160_rep1
[2026-07-02T03:48:54-0700] runner active pids=[52111, 52112, 52113]; freshness=308s; completed=2/6; current=gitlab_strong_allocation_uniform_budget160_rep1
[2026-07-02T03:49:54-0700] runner active pids=[52111, 52112, 52113]; freshness=369s; completed=2/6; current=gitlab_strong_allocation_uniform_budget160_rep1
[2026-07-02T03:50:54-0700] runner active pids=[52111, 52112, 52113]; freshness=429s; completed=2/6; current=gitlab_strong_allocation_uniform_budget160_rep1
[2026-07-02T03:51:54-0700] runner active pids=[52111, 52112, 52113]; freshness=489s; completed=2/6; current=gitlab_strong_allocation_uniform_budget160_rep1
[2026-07-02T03:52:55-0700] runner active pids=[52111, 52112, 52113]; freshness=549s; completed=2/6; current=gitlab_strong_allocation_uniform_budget160_rep1
[2026-07-02T03:53:55-0700] stale runner detected age=609s pids=[52111, 52112, 52113]; terminating and resuming
[2026-07-02T03:54:00-0700] launched resume session=gitlab_alloc_resume_orm_budget160_rep1_118 job=gitlab_strong_allocation_uniform_budget160_rep1 next_t=118 merged=/Users/sanjay/projects/BerkeleyProjects/Research/IanWaudbySmith/coldStartPrompts/results/gitlab_strong_arm/allocation_160/logs/gitlab_strong_allocation_uniform_budget160_rep1_trial0_2026-07-02T06-33-24Z_MERGED_SO_FAR.jsonl
[2026-07-02T03:55:00-0700] runner active pids=[59300, 59301, 59302]; freshness=1s; completed=2/6; current=gitlab_strong_allocation_uniform_budget160_rep1
[2026-07-02T03:56:00-0700] runner active pids=[59300, 59301, 59302]; freshness=5s; completed=2/6; current=gitlab_strong_allocation_uniform_budget160_rep1
[2026-07-02T03:57:00-0700] runner active pids=[59300, 59301, 59302]; freshness=1s; completed=2/6; current=gitlab_strong_allocation_uniform_budget160_rep1
[2026-07-02T03:58:01-0700] runner active pids=[59300, 59301, 59302]; freshness=3s; completed=2/6; current=gitlab_strong_allocation_uniform_budget160_rep1
[2026-07-02T03:59:01-0700] runner active pids=[59300, 59301, 59302]; freshness=1s; completed=2/6; current=gitlab_strong_allocation_uniform_budget160_rep1
[2026-07-02T04:00:01-0700] runner active pids=[59300, 59301, 59302]; freshness=3s; completed=2/6; current=gitlab_strong_allocation_uniform_budget160_rep1
[2026-07-02T04:01:01-0700] runner active pids=[59300, 59301, 59302]; freshness=12s; completed=2/6; current=gitlab_strong_allocation_uniform_budget160_rep1
[2026-07-02T04:02:01-0700] runner active pids=[59300, 59301, 59302]; freshness=2s; completed=2/6; current=gitlab_strong_allocation_uniform_budget160_rep1
[2026-07-02T04:03:01-0700] runner active pids=[59300, 59301, 59302]; freshness=0s; completed=2/6; current=gitlab_strong_allocation_uniform_budget160_rep1
[2026-07-02T04:04:01-0700] runner active pids=[59300, 59301, 59302]; freshness=2s; completed=2/6; current=gitlab_strong_allocation_uniform_budget160_rep1
[2026-07-02T04:05:01-0700] runner active pids=[59300, 59301, 59302]; freshness=0s; completed=2/6; current=gitlab_strong_allocation_uniform_budget160_rep1
[2026-07-02T04:06:01-0700] runner active pids=[59300, 59301, 59302]; freshness=3s; completed=2/6; current=gitlab_strong_allocation_uniform_budget160_rep1
[2026-07-02T04:07:01-0700] runner active pids=[59300, 59301, 59302]; freshness=4s; completed=2/6; current=gitlab_strong_allocation_uniform_budget160_rep1
[2026-07-02T04:08:02-0700] runner active pids=[59300, 59301, 59302]; freshness=14s; completed=2/6; current=gitlab_strong_allocation_uniform_budget160_rep1
[2026-07-02T04:09:02-0700] runner active pids=[59300, 59301, 59302]; freshness=5s; completed=2/6; current=gitlab_strong_allocation_uniform_budget160_rep1
[2026-07-02T04:10:02-0700] runner active pids=[59300, 59301, 59302]; freshness=2s; completed=2/6; current=gitlab_strong_allocation_uniform_budget160_rep1
[2026-07-02T04:11:02-0700] runner active pids=[59300, 59301, 59302]; freshness=2s; completed=2/6; current=gitlab_strong_allocation_uniform_budget160_rep1
[2026-07-02T04:12:02-0700] runner active pids=[59300, 59301, 59302]; freshness=13s; completed=2/6; current=gitlab_strong_allocation_uniform_budget160_rep1
[2026-07-02T04:13:02-0700] runner active pids=[59300, 59301, 59302]; freshness=13s; completed=2/6; current=gitlab_strong_allocation_uniform_budget160_rep1
[2026-07-02T04:14:02-0700] runner active pids=[59300, 59301, 59302]; freshness=1s; completed=2/6; current=gitlab_strong_allocation_uniform_budget160_rep1
[2026-07-02T04:15:02-0700] runner active pids=[59300, 59301, 59302]; freshness=20s; completed=2/6; current=gitlab_strong_allocation_uniform_budget160_rep1
[2026-07-02T04:16:02-0700] runner active pids=[59300, 59301, 59302]; freshness=4s; completed=2/6; current=gitlab_strong_allocation_uniform_budget160_rep1
[2026-07-02T04:17:02-0700] runner active pids=[59300, 59301, 59302]; freshness=1s; completed=2/6; current=gitlab_strong_allocation_uniform_budget160_rep1
[2026-07-02T04:18:03-0700] runner active pids=[59300, 59301, 59302]; freshness=14s; completed=2/6; current=gitlab_strong_allocation_uniform_budget160_rep1
[2026-07-02T04:19:03-0700] runner active pids=[59300, 59301, 59302]; freshness=7s; completed=2/6; current=gitlab_strong_allocation_uniform_budget160_rep1
[2026-07-02T04:20:03-0700] runner active pids=[59300, 59301, 59302]; freshness=5s; completed=2/6; current=gitlab_strong_allocation_uniform_budget160_rep1
[2026-07-02T04:21:03-0700] runner active pids=[59300, 59301, 59302]; freshness=10s; completed=2/6; current=gitlab_strong_allocation_uniform_budget160_rep1
[2026-07-02T04:22:03-0700] runner active pids=[59300, 59301, 59302]; freshness=4s; completed=2/6; current=gitlab_strong_allocation_uniform_budget160_rep1
[2026-07-02T04:23:03-0700] runner active pids=[59300, 59301, 59302]; freshness=2s; completed=2/6; current=gitlab_strong_allocation_uniform_budget160_rep1
[2026-07-02T04:24:03-0700] runner active pids=[59300, 59301, 59302]; freshness=3s; completed=2/6; current=gitlab_strong_allocation_uniform_budget160_rep1
[2026-07-02T04:25:03-0700] runner active pids=[59300, 59301, 59302]; freshness=2s; completed=2/6; current=gitlab_strong_allocation_uniform_budget160_rep1
[2026-07-02T04:26:03-0700] runner active pids=[59300, 59301, 59302]; freshness=0s; completed=2/6; current=gitlab_strong_allocation_uniform_budget160_rep1
[2026-07-02T04:27:04-0700] runner active pids=[59300, 59301, 59302]; freshness=2s; completed=2/6; current=gitlab_strong_allocation_uniform_budget160_rep1
[2026-07-02T04:28:04-0700] runner active pids=[59300, 59301, 59302]; freshness=4s; completed=2/6; current=gitlab_strong_allocation_uniform_budget160_rep1
[2026-07-02T04:29:04-0700] runner active pids=[59300, 59301, 59302]; freshness=0s; completed=2/6; current=gitlab_strong_allocation_uniform_budget160_rep1
[2026-07-02T04:30:04-0700] runner active pids=[59300, 59301, 59302]; freshness=19s; completed=2/6; current=gitlab_strong_allocation_uniform_budget160_rep1
[2026-07-02T04:31:04-0700] runner active pids=[59300, 59301, 59302]; freshness=8s; completed=2/6; current=gitlab_strong_allocation_uniform_budget160_rep1
[2026-07-02T04:32:04-0700] runner active pids=[59300, 59301, 59302]; freshness=5s; completed=2/6; current=gitlab_strong_allocation_uniform_budget160_rep1
[2026-07-02T04:33:04-0700] runner active pids=[59300, 59301, 59302]; freshness=3s; completed=2/6; current=gitlab_strong_allocation_uniform_budget160_rep1
[2026-07-02T04:34:04-0700] runner active pids=[59300, 59301, 59302]; freshness=1s; completed=2/6; current=gitlab_strong_allocation_uniform_budget160_rep1
[2026-07-02T04:35:04-0700] runner active pids=[59300, 59301, 59302]; freshness=10s; completed=2/6; current=gitlab_strong_allocation_uniform_budget160_rep1
[2026-07-02T04:36:04-0700] runner active pids=[59300, 59301, 59302]; freshness=8s; completed=2/6; current=gitlab_strong_allocation_uniform_budget160_rep1
[2026-07-02T04:37:05-0700] runner active pids=[59300, 59301, 59302]; freshness=5s; completed=2/6; current=gitlab_strong_allocation_uniform_budget160_rep1
[2026-07-02T04:38:05-0700] runner active pids=[59300, 59301, 59302]; freshness=12s; completed=2/6; current=gitlab_strong_allocation_uniform_budget160_rep1
[2026-07-02T04:39:05-0700] runner active pids=[59300, 59301, 59302]; freshness=1s; completed=2/6; current=gitlab_strong_allocation_uniform_budget160_rep1
[2026-07-02T04:40:05-0700] runner active pids=[59300, 59301, 59302]; freshness=7s; completed=2/6; current=gitlab_strong_allocation_uniform_budget160_rep1
[2026-07-02T04:41:05-0700] runner active pids=[59300, 59301, 59302]; freshness=15s; completed=2/6; current=gitlab_strong_allocation_uniform_budget160_rep1
[2026-07-02T04:42:05-0700] runner active pids=[59300, 59301, 59302]; freshness=8s; completed=2/6; current=gitlab_strong_allocation_uniform_budget160_rep1
[2026-07-02T04:43:05-0700] runner active pids=[59300, 59301, 59302]; freshness=4s; completed=2/6; current=gitlab_strong_allocation_uniform_budget160_rep1
[2026-07-02T04:44:05-0700] runner active pids=[59300, 59301, 59302]; freshness=12s; completed=2/6; current=gitlab_strong_allocation_uniform_budget160_rep1
[2026-07-02T04:45:05-0700] runner active pids=[59300, 59301, 59302]; freshness=5s; completed=2/6; current=gitlab_strong_allocation_uniform_budget160_rep1
[2026-07-02T04:46:06-0700] runner active pids=[59300, 59301, 59302]; freshness=15s; completed=2/6; current=gitlab_strong_allocation_uniform_budget160_rep1
[2026-07-02T04:47:06-0700] runner active pids=[59300, 59301, 59302]; freshness=0s; completed=2/6; current=gitlab_strong_allocation_uniform_budget160_rep1
[2026-07-02T04:48:06-0700] runner active pids=[59300, 59301, 59302]; freshness=8s; completed=2/6; current=gitlab_strong_allocation_uniform_budget160_rep1
[2026-07-02T04:49:06-0700] runner active pids=[59300, 59301, 59302]; freshness=8s; completed=2/6; current=gitlab_strong_allocation_uniform_budget160_rep1
[2026-07-02T04:50:06-0700] runner active pids=[59300, 59301, 59302]; freshness=6s; completed=2/6; current=gitlab_strong_allocation_uniform_budget160_rep1
[2026-07-02T04:51:06-0700] runner active pids=[59300, 59301, 59302]; freshness=4s; completed=2/6; current=gitlab_strong_allocation_uniform_budget160_rep1
[2026-07-02T04:52:06-0700] runner active pids=[59300, 59301, 59302]; freshness=0s; completed=2/6; current=gitlab_strong_allocation_uniform_budget160_rep1
[2026-07-02T04:53:06-0700] runner active pids=[59300, 59301, 59302]; freshness=18s; completed=2/6; current=gitlab_strong_allocation_uniform_budget160_rep1
[2026-07-02T04:54:06-0700] runner active pids=[59300, 59301, 59302]; freshness=0s; completed=2/6; current=gitlab_strong_allocation_uniform_budget160_rep1
[2026-07-02T04:55:07-0700] runner active pids=[59300, 59301, 59302]; freshness=22s; completed=2/6; current=gitlab_strong_allocation_uniform_budget160_rep1
[2026-07-02T04:56:07-0700] runner active pids=[59300, 59301, 59302]; freshness=82s; completed=2/6; current=gitlab_strong_allocation_uniform_budget160_rep1
[2026-07-02T04:57:07-0700] runner active pids=[59300, 59301, 59302]; freshness=143s; completed=2/6; current=gitlab_strong_allocation_uniform_budget160_rep1
[2026-07-02T04:58:07-0700] runner active pids=[59300, 59301, 59302]; freshness=203s; completed=2/6; current=gitlab_strong_allocation_uniform_budget160_rep1
[2026-07-02T04:59:07-0700] runner active pids=[59300, 59301, 59302]; freshness=263s; completed=2/6; current=gitlab_strong_allocation_uniform_budget160_rep1
[2026-07-02T05:00:07-0700] runner active pids=[59300, 59301, 59302]; freshness=323s; completed=2/6; current=gitlab_strong_allocation_uniform_budget160_rep1
[2026-07-02T05:01:07-0700] runner active pids=[59300, 59301, 59302]; freshness=383s; completed=2/6; current=gitlab_strong_allocation_uniform_budget160_rep1
[2026-07-02T05:02:07-0700] runner active pids=[59300, 59301, 59302]; freshness=443s; completed=2/6; current=gitlab_strong_allocation_uniform_budget160_rep1
[2026-07-02T05:03:07-0700] runner active pids=[59300, 59301, 59302]; freshness=503s; completed=2/6; current=gitlab_strong_allocation_uniform_budget160_rep1
[2026-07-02T05:04:07-0700] runner active pids=[59300, 59301, 59302]; freshness=563s; completed=2/6; current=gitlab_strong_allocation_uniform_budget160_rep1
[2026-07-02T05:05:08-0700] stale runner detected age=623s pids=[59300, 59301, 59302]; terminating and resuming
[2026-07-02T05:05:13-0700] launched resume session=gitlab_alloc_resume_orm_budget160_rep1_147 job=gitlab_strong_allocation_uniform_budget160_rep1 next_t=147 merged=/Users/sanjay/projects/BerkeleyProjects/Research/IanWaudbySmith/coldStartPrompts/results/gitlab_strong_arm/allocation_160/logs/gitlab_strong_allocation_uniform_budget160_rep1_trial0_2026-07-02T06-33-24Z_MERGED_SO_FAR.jsonl
[2026-07-02T05:06:13-0700] runner active pids=[67333, 67334, 67335]; freshness=1s; completed=2/6; current=gitlab_strong_allocation_uniform_budget160_rep1
[2026-07-02T05:07:13-0700] runner active pids=[67333, 67334, 67335]; freshness=0s; completed=2/6; current=gitlab_strong_allocation_uniform_budget160_rep1
[2026-07-02T05:08:13-0700] runner active pids=[67333, 67334, 67335]; freshness=2s; completed=2/6; current=gitlab_strong_allocation_uniform_budget160_rep1
[2026-07-02T05:09:13-0700] runner active pids=[67333, 67334, 67335]; freshness=3s; completed=2/6; current=gitlab_strong_allocation_uniform_budget160_rep1
[2026-07-02T05:10:14-0700] runner active pids=[67333, 67334, 67335]; freshness=6s; completed=2/6; current=gitlab_strong_allocation_uniform_budget160_rep1
[2026-07-02T05:11:14-0700] runner active pids=[67333, 67334, 67335]; freshness=9s; completed=2/6; current=gitlab_strong_allocation_uniform_budget160_rep1
[2026-07-02T05:12:14-0700] runner active pids=[67333, 67334, 67335]; freshness=0s; completed=2/6; current=gitlab_strong_allocation_uniform_budget160_rep1
[2026-07-02T05:13:14-0700] runner active pids=[67333, 67334, 67335]; freshness=1s; completed=2/6; current=gitlab_strong_allocation_uniform_budget160_rep1
[2026-07-02T05:14:14-0700] runner active pids=[67333, 67334, 67335]; freshness=4s; completed=2/6; current=gitlab_strong_allocation_uniform_budget160_rep1
[2026-07-02T05:15:14-0700] runner active pids=[67333, 67334, 67335]; freshness=12s; completed=2/6; current=gitlab_strong_allocation_uniform_budget160_rep1
[2026-07-02T05:16:14-0700] runner active pids=[67333, 67334, 67335]; freshness=3s; completed=2/6; current=gitlab_strong_allocation_uniform_budget160_rep1
[2026-07-02T05:17:14-0700] runner active pids=[67333, 67334, 67335]; freshness=0s; completed=2/6; current=gitlab_strong_allocation_uniform_budget160_rep1
[2026-07-02T05:18:14-0700] runner active pids=[67333, 67334, 67335]; freshness=2s; completed=2/6; current=gitlab_strong_allocation_uniform_budget160_rep1
[2026-07-02T05:19:15-0700] runner active pids=[67333, 67334, 67335]; freshness=1s; completed=2/6; current=gitlab_strong_allocation_uniform_budget160_rep1
[2026-07-02T05:20:15-0700] runner active pids=[67333, 67334, 67335]; freshness=4s; completed=2/6; current=gitlab_strong_allocation_uniform_budget160_rep1
[2026-07-02T05:21:15-0700] runner active pids=[67333, 67334, 67335]; freshness=6s; completed=2/6; current=gitlab_strong_allocation_uniform_budget160_rep1
[2026-07-02T05:22:15-0700] merged gitlab_strong_allocation_uniform_budget160_rep1 FULL log: /Users/sanjay/projects/BerkeleyProjects/Research/IanWaudbySmith/coldStartPrompts/results/gitlab_strong_arm/allocation_160/logs/gitlab_strong_allocation_uniform_budget160_rep1_trial0_2026-07-02T06-33-24Z_FULL.jsonl rows=160 successes=58
[2026-07-02T05:22:15-0700] no runner active; starting allocation runner; completed=3/6
[2026-07-02T05:22:15-0700] launched allocation runner session=gitlab_allocation_160_continue
[2026-07-02T05:23:15-0700] runner active pids=[70182, 70183, 70184]; freshness=0s; completed=3/6; current=gitlab_strong_allocation_spruce_budget160_rep1
[2026-07-02T05:24:15-0700] runner active pids=[70182, 70183, 70184]; freshness=1s; completed=3/6; current=gitlab_strong_allocation_spruce_budget160_rep1
[2026-07-02T05:25:15-0700] runner active pids=[70182, 70183, 70184]; freshness=3s; completed=3/6; current=gitlab_strong_allocation_spruce_budget160_rep1
[2026-07-02T05:26:15-0700] runner active pids=[70182, 70183, 70184]; freshness=4s; completed=3/6; current=gitlab_strong_allocation_spruce_budget160_rep1
[2026-07-02T05:27:15-0700] runner active pids=[70182, 70183, 70184]; freshness=3s; completed=3/6; current=gitlab_strong_allocation_spruce_budget160_rep1
[2026-07-02T05:28:16-0700] runner active pids=[70182, 70183, 70184]; freshness=4s; completed=3/6; current=gitlab_strong_allocation_spruce_budget160_rep1
[2026-07-02T05:29:16-0700] runner active pids=[70182, 70183, 70184]; freshness=0s; completed=3/6; current=gitlab_strong_allocation_spruce_budget160_rep1
[2026-07-02T05:30:16-0700] runner active pids=[70182, 70183, 70184]; freshness=2s; completed=3/6; current=gitlab_strong_allocation_spruce_budget160_rep1
[2026-07-02T05:31:16-0700] runner active pids=[70182, 70183, 70184]; freshness=6s; completed=3/6; current=gitlab_strong_allocation_spruce_budget160_rep1
[2026-07-02T05:32:16-0700] runner active pids=[70182, 70183, 70184]; freshness=8s; completed=3/6; current=gitlab_strong_allocation_spruce_budget160_rep1
[2026-07-02T05:33:16-0700] runner active pids=[70182, 70183, 70184]; freshness=1s; completed=3/6; current=gitlab_strong_allocation_spruce_budget160_rep1
[2026-07-02T05:34:16-0700] runner active pids=[70182, 70183, 70184]; freshness=1s; completed=3/6; current=gitlab_strong_allocation_spruce_budget160_rep1
[2026-07-02T05:35:16-0700] runner active pids=[70182, 70183, 70184]; freshness=1s; completed=3/6; current=gitlab_strong_allocation_spruce_budget160_rep1
[2026-07-02T05:36:16-0700] runner active pids=[70182, 70183, 70184]; freshness=5s; completed=3/6; current=gitlab_strong_allocation_spruce_budget160_rep1
[2026-07-02T05:37:16-0700] runner active pids=[70182, 70183, 70184]; freshness=15s; completed=3/6; current=gitlab_strong_allocation_spruce_budget160_rep1
[2026-07-02T05:38:17-0700] runner active pids=[70182, 70183, 70184]; freshness=5s; completed=3/6; current=gitlab_strong_allocation_spruce_budget160_rep1
[2026-07-02T05:39:17-0700] runner active pids=[70182, 70183, 70184]; freshness=4s; completed=3/6; current=gitlab_strong_allocation_spruce_budget160_rep1
[2026-07-02T05:40:17-0700] runner active pids=[70182, 70183, 70184]; freshness=8s; completed=3/6; current=gitlab_strong_allocation_spruce_budget160_rep1
[2026-07-02T05:41:17-0700] runner active pids=[70182, 70183, 70184]; freshness=4s; completed=3/6; current=gitlab_strong_allocation_spruce_budget160_rep1
[2026-07-02T05:42:17-0700] runner active pids=[70182, 70183, 70184]; freshness=4s; completed=3/6; current=gitlab_strong_allocation_spruce_budget160_rep1
[2026-07-02T05:43:17-0700] runner active pids=[70182, 70183, 70184]; freshness=1s; completed=3/6; current=gitlab_strong_allocation_spruce_budget160_rep1
[2026-07-02T05:44:17-0700] runner active pids=[70182, 70183, 70184]; freshness=1s; completed=3/6; current=gitlab_strong_allocation_spruce_budget160_rep1
[2026-07-02T05:45:17-0700] runner active pids=[70182, 70183, 70184]; freshness=0s; completed=3/6; current=gitlab_strong_allocation_spruce_budget160_rep1
[2026-07-02T05:46:17-0700] runner active pids=[70182, 70183, 70184]; freshness=6s; completed=3/6; current=gitlab_strong_allocation_spruce_budget160_rep1
[2026-07-02T05:47:17-0700] runner active pids=[70182, 70183, 70184]; freshness=4s; completed=3/6; current=gitlab_strong_allocation_spruce_budget160_rep1
[2026-07-02T05:48:18-0700] runner active pids=[70182, 70183, 70184]; freshness=1s; completed=3/6; current=gitlab_strong_allocation_spruce_budget160_rep1
[2026-07-02T05:49:18-0700] runner active pids=[70182, 70183, 70184]; freshness=3s; completed=3/6; current=gitlab_strong_allocation_spruce_budget160_rep1
[2026-07-02T05:50:18-0700] runner active pids=[70182, 70183, 70184]; freshness=2s; completed=3/6; current=gitlab_strong_allocation_spruce_budget160_rep1
[2026-07-02T05:51:18-0700] runner active pids=[70182, 70183, 70184]; freshness=1s; completed=3/6; current=gitlab_strong_allocation_spruce_budget160_rep1
[2026-07-02T05:52:18-0700] runner active pids=[70182, 70183, 70184]; freshness=2s; completed=3/6; current=gitlab_strong_allocation_spruce_budget160_rep1
[2026-07-02T05:53:18-0700] runner active pids=[70182, 70183, 70184]; freshness=6s; completed=3/6; current=gitlab_strong_allocation_spruce_budget160_rep1
[2026-07-02T05:54:18-0700] runner active pids=[70182, 70183, 70184]; freshness=2s; completed=3/6; current=gitlab_strong_allocation_spruce_budget160_rep1
[2026-07-02T05:55:18-0700] runner active pids=[70182, 70183, 70184]; freshness=6s; completed=3/6; current=gitlab_strong_allocation_spruce_budget160_rep1
[2026-07-02T05:56:18-0700] runner active pids=[70182, 70183, 70184]; freshness=4s; completed=3/6; current=gitlab_strong_allocation_spruce_budget160_rep1
[2026-07-02T05:57:18-0700] runner active pids=[70182, 70183, 70184]; freshness=2s; completed=3/6; current=gitlab_strong_allocation_spruce_budget160_rep1
[2026-07-02T05:58:19-0700] runner active pids=[70182, 70183, 70184]; freshness=4s; completed=3/6; current=gitlab_strong_allocation_spruce_budget160_rep1
[2026-07-02T05:59:19-0700] runner active pids=[70182, 70183, 70184]; freshness=0s; completed=3/6; current=gitlab_strong_allocation_spruce_budget160_rep1
[2026-07-02T06:00:19-0700] runner active pids=[70182, 70183, 70184]; freshness=5s; completed=3/6; current=gitlab_strong_allocation_spruce_budget160_rep1
[2026-07-02T06:01:19-0700] runner active pids=[70182, 70183, 70184]; freshness=0s; completed=3/6; current=gitlab_strong_allocation_spruce_budget160_rep1
[2026-07-02T06:02:19-0700] runner active pids=[70182, 70183, 70184]; freshness=14s; completed=3/6; current=gitlab_strong_allocation_spruce_budget160_rep1
[2026-07-02T06:03:19-0700] runner active pids=[70182, 70183, 70184]; freshness=11s; completed=3/6; current=gitlab_strong_allocation_spruce_budget160_rep1
[2026-07-02T06:04:19-0700] runner active pids=[70182, 70183, 70184]; freshness=7s; completed=3/6; current=gitlab_strong_allocation_spruce_budget160_rep1
[2026-07-02T06:05:19-0700] runner active pids=[70182, 70183, 70184]; freshness=20s; completed=3/6; current=gitlab_strong_allocation_spruce_budget160_rep1
[2026-07-02T06:06:19-0700] runner active pids=[70182, 70183, 70184]; freshness=3s; completed=3/6; current=gitlab_strong_allocation_spruce_budget160_rep1
[2026-07-02T06:07:19-0700] runner active pids=[70182, 70183, 70184]; freshness=4s; completed=3/6; current=gitlab_strong_allocation_spruce_budget160_rep1
[2026-07-02T06:08:20-0700] runner active pids=[70182, 70183, 70184]; freshness=0s; completed=3/6; current=gitlab_strong_allocation_spruce_budget160_rep1
[2026-07-02T06:09:20-0700] runner active pids=[70182, 70183, 70184]; freshness=32s; completed=3/6; current=gitlab_strong_allocation_spruce_budget160_rep1
[2026-07-02T06:10:20-0700] runner active pids=[70182, 70183, 70184]; freshness=92s; completed=3/6; current=gitlab_strong_allocation_spruce_budget160_rep1
[2026-07-02T06:11:20-0700] runner active pids=[70182, 70183, 70184]; freshness=152s; completed=3/6; current=gitlab_strong_allocation_spruce_budget160_rep1
[2026-07-02T06:12:20-0700] runner active pids=[70182, 70183, 70184]; freshness=212s; completed=3/6; current=gitlab_strong_allocation_spruce_budget160_rep1
[2026-07-02T06:13:20-0700] runner active pids=[70182, 70183, 70184]; freshness=272s; completed=3/6; current=gitlab_strong_allocation_spruce_budget160_rep1
[2026-07-02T06:14:20-0700] runner active pids=[70182, 70183, 70184]; freshness=332s; completed=3/6; current=gitlab_strong_allocation_spruce_budget160_rep1
[2026-07-02T06:15:20-0700] runner active pids=[70182, 70183, 70184]; freshness=392s; completed=3/6; current=gitlab_strong_allocation_spruce_budget160_rep1
[2026-07-02T06:16:20-0700] runner active pids=[70182, 70183, 70184]; freshness=453s; completed=3/6; current=gitlab_strong_allocation_spruce_budget160_rep1
[2026-07-02T06:17:20-0700] runner active pids=[70182, 70183, 70184]; freshness=513s; completed=3/6; current=gitlab_strong_allocation_spruce_budget160_rep1
[2026-07-02T06:18:21-0700] runner active pids=[70182, 70183, 70184]; freshness=573s; completed=3/6; current=gitlab_strong_allocation_spruce_budget160_rep1
[2026-07-02T06:19:21-0700] stale runner detected age=633s pids=[70182, 70183, 70184]; terminating and resuming
[2026-07-02T06:19:26-0700] launched resume session=gitlab_alloc_resume_uce_budget160_rep1_30 job=gitlab_strong_allocation_spruce_budget160_rep1 next_t=30 merged=/Users/sanjay/projects/BerkeleyProjects/Research/IanWaudbySmith/coldStartPrompts/results/gitlab_strong_arm/allocation_160/logs/gitlab_strong_allocation_spruce_budget160_rep1_trial0_2026-07-02T12-22-26Z_MERGED_SO_FAR.jsonl
[2026-07-02T06:20:26-0700] runner active pids=[77264, 77265, 77266]; freshness=22s; completed=3/6; current=gitlab_strong_allocation_spruce_budget160_rep1
[2026-07-02T06:21:26-0700] runner active pids=[77264, 77265, 77266]; freshness=16s; completed=3/6; current=gitlab_strong_allocation_spruce_budget160_rep1
[2026-07-02T06:22:26-0700] runner active pids=[77264, 77265, 77266]; freshness=3s; completed=3/6; current=gitlab_strong_allocation_spruce_budget160_rep1
[2026-07-02T06:23:26-0700] runner active pids=[77264, 77265, 77266]; freshness=6s; completed=3/6; current=gitlab_strong_allocation_spruce_budget160_rep1
[2026-07-02T06:24:27-0700] runner active pids=[77264, 77265, 77266]; freshness=0s; completed=3/6; current=gitlab_strong_allocation_spruce_budget160_rep1
[2026-07-02T06:25:27-0700] runner active pids=[77264, 77265, 77266]; freshness=3s; completed=3/6; current=gitlab_strong_allocation_spruce_budget160_rep1
[2026-07-02T06:26:27-0700] runner active pids=[77264, 77265, 77266]; freshness=1s; completed=3/6; current=gitlab_strong_allocation_spruce_budget160_rep1
[2026-07-02T06:27:27-0700] runner active pids=[77264, 77265, 77266]; freshness=2s; completed=3/6; current=gitlab_strong_allocation_spruce_budget160_rep1
[2026-07-02T06:28:27-0700] runner active pids=[77264, 77265, 77266]; freshness=0s; completed=3/6; current=gitlab_strong_allocation_spruce_budget160_rep1
[2026-07-02T06:29:27-0700] runner active pids=[77264, 77265, 77266]; freshness=2s; completed=3/6; current=gitlab_strong_allocation_spruce_budget160_rep1
[2026-07-02T06:30:27-0700] runner active pids=[77264, 77265, 77266]; freshness=0s; completed=3/6; current=gitlab_strong_allocation_spruce_budget160_rep1
[2026-07-02T06:31:27-0700] runner active pids=[77264, 77265, 77266]; freshness=3s; completed=3/6; current=gitlab_strong_allocation_spruce_budget160_rep1
[2026-07-02T06:32:27-0700] runner active pids=[77264, 77265, 77266]; freshness=1s; completed=3/6; current=gitlab_strong_allocation_spruce_budget160_rep1
[2026-07-02T06:33:27-0700] runner active pids=[77264, 77265, 77266]; freshness=1s; completed=3/6; current=gitlab_strong_allocation_spruce_budget160_rep1
[2026-07-02T06:34:28-0700] runner active pids=[77264, 77265, 77266]; freshness=0s; completed=3/6; current=gitlab_strong_allocation_spruce_budget160_rep1
[2026-07-02T06:35:28-0700] runner active pids=[77264, 77265, 77266]; freshness=0s; completed=3/6; current=gitlab_strong_allocation_spruce_budget160_rep1
[2026-07-02T06:36:28-0700] runner active pids=[77264, 77265, 77266]; freshness=4s; completed=3/6; current=gitlab_strong_allocation_spruce_budget160_rep1
[2026-07-02T06:37:28-0700] runner active pids=[77264, 77265, 77266]; freshness=0s; completed=3/6; current=gitlab_strong_allocation_spruce_budget160_rep1
[2026-07-02T06:38:28-0700] runner active pids=[77264, 77265, 77266]; freshness=3s; completed=3/6; current=gitlab_strong_allocation_spruce_budget160_rep1
[2026-07-02T06:39:28-0700] runner active pids=[77264, 77265, 77266]; freshness=2s; completed=3/6; current=gitlab_strong_allocation_spruce_budget160_rep1
[2026-07-02T06:40:28-0700] runner active pids=[77264, 77265, 77266]; freshness=21s; completed=3/6; current=gitlab_strong_allocation_spruce_budget160_rep1
[2026-07-02T06:41:28-0700] runner active pids=[77264, 77265, 77266]; freshness=6s; completed=3/6; current=gitlab_strong_allocation_spruce_budget160_rep1
[2026-07-02T06:42:28-0700] runner active pids=[77264, 77265, 77266]; freshness=1s; completed=3/6; current=gitlab_strong_allocation_spruce_budget160_rep1
[2026-07-02T06:43:28-0700] runner active pids=[77264, 77265, 77266]; freshness=3s; completed=3/6; current=gitlab_strong_allocation_spruce_budget160_rep1
[2026-07-02T06:44:29-0700] runner active pids=[77264, 77265, 77266]; freshness=2s; completed=3/6; current=gitlab_strong_allocation_spruce_budget160_rep1
[2026-07-02T06:45:29-0700] runner active pids=[77264, 77265, 77266]; freshness=0s; completed=3/6; current=gitlab_strong_allocation_spruce_budget160_rep1
[2026-07-02T06:46:29-0700] runner active pids=[77264, 77265, 77266]; freshness=6s; completed=3/6; current=gitlab_strong_allocation_spruce_budget160_rep1
[2026-07-02T06:47:29-0700] runner active pids=[77264, 77265, 77266]; freshness=0s; completed=3/6; current=gitlab_strong_allocation_spruce_budget160_rep1
[2026-07-02T06:48:29-0700] runner active pids=[77264, 77265, 77266]; freshness=3s; completed=3/6; current=gitlab_strong_allocation_spruce_budget160_rep1
[2026-07-02T06:49:29-0700] runner active pids=[77264, 77265, 77266]; freshness=4s; completed=3/6; current=gitlab_strong_allocation_spruce_budget160_rep1
[2026-07-02T06:50:29-0700] runner active pids=[77264, 77265, 77266]; freshness=0s; completed=3/6; current=gitlab_strong_allocation_spruce_budget160_rep1
[2026-07-02T06:51:29-0700] runner active pids=[77264, 77265, 77266]; freshness=12s; completed=3/6; current=gitlab_strong_allocation_spruce_budget160_rep1
[2026-07-02T06:52:29-0700] runner active pids=[77264, 77265, 77266]; freshness=5s; completed=3/6; current=gitlab_strong_allocation_spruce_budget160_rep1
[2026-07-02T06:53:29-0700] runner active pids=[77264, 77265, 77266]; freshness=6s; completed=3/6; current=gitlab_strong_allocation_spruce_budget160_rep1
[2026-07-02T06:54:30-0700] runner active pids=[77264, 77265, 77266]; freshness=2s; completed=3/6; current=gitlab_strong_allocation_spruce_budget160_rep1
[2026-07-02T06:55:30-0700] runner active pids=[77264, 77265, 77266]; freshness=5s; completed=3/6; current=gitlab_strong_allocation_spruce_budget160_rep1
[2026-07-02T06:56:30-0700] runner active pids=[77264, 77265, 77266]; freshness=1s; completed=3/6; current=gitlab_strong_allocation_spruce_budget160_rep1
[2026-07-02T06:57:30-0700] runner active pids=[77264, 77265, 77266]; freshness=15s; completed=3/6; current=gitlab_strong_allocation_spruce_budget160_rep1
[2026-07-02T06:58:30-0700] runner active pids=[77264, 77265, 77266]; freshness=2s; completed=3/6; current=gitlab_strong_allocation_spruce_budget160_rep1
[2026-07-02T06:59:30-0700] runner active pids=[77264, 77265, 77266]; freshness=1s; completed=3/6; current=gitlab_strong_allocation_spruce_budget160_rep1
[2026-07-02T07:00:30-0700] runner active pids=[77264, 77265, 77266]; freshness=1s; completed=3/6; current=gitlab_strong_allocation_spruce_budget160_rep1
[2026-07-02T07:01:30-0700] runner active pids=[77264, 77265, 77266]; freshness=11s; completed=3/6; current=gitlab_strong_allocation_spruce_budget160_rep1
[2026-07-02T07:02:30-0700] runner active pids=[77264, 77265, 77266]; freshness=1s; completed=3/6; current=gitlab_strong_allocation_spruce_budget160_rep1
[2026-07-02T07:03:30-0700] runner active pids=[77264, 77265, 77266]; freshness=4s; completed=3/6; current=gitlab_strong_allocation_spruce_budget160_rep1
[2026-07-02T07:04:31-0700] runner active pids=[77264, 77265, 77266]; freshness=10s; completed=3/6; current=gitlab_strong_allocation_spruce_budget160_rep1
[2026-07-02T07:05:31-0700] runner active pids=[77264, 77265, 77266]; freshness=4s; completed=3/6; current=gitlab_strong_allocation_spruce_budget160_rep1
[2026-07-02T07:06:31-0700] runner active pids=[77264, 77265, 77266]; freshness=22s; completed=3/6; current=gitlab_strong_allocation_spruce_budget160_rep1
[2026-07-02T07:07:31-0700] runner active pids=[77264, 77265, 77266]; freshness=20s; completed=3/6; current=gitlab_strong_allocation_spruce_budget160_rep1
[2026-07-02T07:08:31-0700] runner active pids=[77264, 77265, 77266]; freshness=7s; completed=3/6; current=gitlab_strong_allocation_spruce_budget160_rep1
[2026-07-02T07:09:31-0700] runner active pids=[77264, 77265, 77266]; freshness=4s; completed=3/6; current=gitlab_strong_allocation_spruce_budget160_rep1
[2026-07-02T07:10:31-0700] runner active pids=[77264, 77265, 77266]; freshness=1s; completed=3/6; current=gitlab_strong_allocation_spruce_budget160_rep1
[2026-07-02T07:11:31-0700] runner active pids=[77264, 77265, 77266]; freshness=4s; completed=3/6; current=gitlab_strong_allocation_spruce_budget160_rep1
[2026-07-02T07:12:31-0700] runner active pids=[77264, 77265, 77266]; freshness=0s; completed=3/6; current=gitlab_strong_allocation_spruce_budget160_rep1
[2026-07-02T07:13:31-0700] runner active pids=[77264, 77265, 77266]; freshness=28s; completed=3/6; current=gitlab_strong_allocation_spruce_budget160_rep1
[2026-07-02T07:14:32-0700] runner active pids=[77264, 77265, 77266]; freshness=1s; completed=3/6; current=gitlab_strong_allocation_spruce_budget160_rep1
[2026-07-02T07:15:32-0700] runner active pids=[77264, 77265, 77266]; freshness=52s; completed=3/6; current=gitlab_strong_allocation_spruce_budget160_rep1
[2026-07-02T07:16:32-0700] runner active pids=[77264, 77265, 77266]; freshness=10s; completed=3/6; current=gitlab_strong_allocation_spruce_budget160_rep1
[2026-07-02T07:17:32-0700] runner active pids=[77264, 77265, 77266]; freshness=0s; completed=3/6; current=gitlab_strong_allocation_spruce_budget160_rep1
[2026-07-02T07:18:32-0700] runner active pids=[77264, 77265, 77266]; freshness=2s; completed=3/6; current=gitlab_strong_allocation_spruce_budget160_rep1
[2026-07-02T07:19:32-0700] runner active pids=[77264, 77265, 77266]; freshness=1s; completed=3/6; current=gitlab_strong_allocation_spruce_budget160_rep1
[2026-07-02T07:20:32-0700] runner active pids=[77264, 77265, 77266]; freshness=3s; completed=3/6; current=gitlab_strong_allocation_spruce_budget160_rep1
[2026-07-02T07:21:32-0700] runner active pids=[77264, 77265, 77266]; freshness=5s; completed=3/6; current=gitlab_strong_allocation_spruce_budget160_rep1
[2026-07-02T07:22:32-0700] runner active pids=[77264, 77265, 77266]; freshness=1s; completed=3/6; current=gitlab_strong_allocation_spruce_budget160_rep1
[2026-07-02T07:23:32-0700] runner active pids=[77264, 77265, 77266]; freshness=3s; completed=3/6; current=gitlab_strong_allocation_spruce_budget160_rep1
[2026-07-02T07:24:33-0700] runner active pids=[77264, 77265, 77266]; freshness=7s; completed=3/6; current=gitlab_strong_allocation_spruce_budget160_rep1
[2026-07-02T07:25:33-0700] runner active pids=[77264, 77265, 77266]; freshness=0s; completed=3/6; current=gitlab_strong_allocation_spruce_budget160_rep1
[2026-07-02T07:26:33-0700] runner active pids=[77264, 77265, 77266]; freshness=7s; completed=3/6; current=gitlab_strong_allocation_spruce_budget160_rep1
[2026-07-02T07:27:33-0700] runner active pids=[77264, 77265, 77266]; freshness=13s; completed=3/6; current=gitlab_strong_allocation_spruce_budget160_rep1
[2026-07-02T07:28:33-0700] runner active pids=[77264, 77265, 77266]; freshness=53s; completed=3/6; current=gitlab_strong_allocation_spruce_budget160_rep1
[2026-07-02T07:29:33-0700] runner active pids=[77264, 77265, 77266]; freshness=113s; completed=3/6; current=gitlab_strong_allocation_spruce_budget160_rep1
[2026-07-02T07:30:33-0700] runner active pids=[77264, 77265, 77266]; freshness=173s; completed=3/6; current=gitlab_strong_allocation_spruce_budget160_rep1
[2026-07-02T07:31:33-0700] runner active pids=[77264, 77265, 77266]; freshness=234s; completed=3/6; current=gitlab_strong_allocation_spruce_budget160_rep1
[2026-07-02T07:32:33-0700] runner active pids=[77264, 77265, 77266]; freshness=294s; completed=3/6; current=gitlab_strong_allocation_spruce_budget160_rep1
[2026-07-02T07:33:33-0700] runner active pids=[77264, 77265, 77266]; freshness=354s; completed=3/6; current=gitlab_strong_allocation_spruce_budget160_rep1
[2026-07-02T07:34:34-0700] runner active pids=[77264, 77265, 77266]; freshness=414s; completed=3/6; current=gitlab_strong_allocation_spruce_budget160_rep1
[2026-07-02T07:35:34-0700] runner active pids=[77264, 77265, 77266]; freshness=474s; completed=3/6; current=gitlab_strong_allocation_spruce_budget160_rep1
[2026-07-02T07:36:34-0700] runner active pids=[77264, 77265, 77266]; freshness=534s; completed=3/6; current=gitlab_strong_allocation_spruce_budget160_rep1
[2026-07-02T07:37:34-0700] runner active pids=[77264, 77265, 77266]; freshness=594s; completed=3/6; current=gitlab_strong_allocation_spruce_budget160_rep1
[2026-07-02T07:38:34-0700] stale runner detected age=654s pids=[77264, 77265, 77266]; terminating and resuming
[2026-07-02T07:38:39-0700] launched resume session=gitlab_alloc_resume_uce_budget160_rep1_59 job=gitlab_strong_allocation_spruce_budget160_rep1 next_t=59 merged=/Users/sanjay/projects/BerkeleyProjects/Research/IanWaudbySmith/coldStartPrompts/results/gitlab_strong_arm/allocation_160/logs/gitlab_strong_allocation_spruce_budget160_rep1_trial0_2026-07-02T12-22-26Z_MERGED_SO_FAR.jsonl
[2026-07-02T07:39:39-0700] runner active pids=[85428, 85429, 85430]; freshness=0s; completed=3/6; current=gitlab_strong_allocation_spruce_budget160_rep1
[2026-07-02T07:40:40-0700] runner active pids=[85428, 85429, 85430]; freshness=4s; completed=3/6; current=gitlab_strong_allocation_spruce_budget160_rep1
[2026-07-02T07:41:40-0700] runner active pids=[85428, 85429, 85430]; freshness=10s; completed=3/6; current=gitlab_strong_allocation_spruce_budget160_rep1
[2026-07-02T07:42:40-0700] runner active pids=[85428, 85429, 85430]; freshness=3s; completed=3/6; current=gitlab_strong_allocation_spruce_budget160_rep1
[2026-07-02T07:43:40-0700] runner active pids=[85428, 85429, 85430]; freshness=1s; completed=3/6; current=gitlab_strong_allocation_spruce_budget160_rep1
[2026-07-02T07:44:40-0700] runner active pids=[85428, 85429, 85430]; freshness=6s; completed=3/6; current=gitlab_strong_allocation_spruce_budget160_rep1
[2026-07-02T07:45:40-0700] runner active pids=[85428, 85429, 85430]; freshness=11s; completed=3/6; current=gitlab_strong_allocation_spruce_budget160_rep1
[2026-07-02T07:46:40-0700] runner active pids=[85428, 85429, 85430]; freshness=4s; completed=3/6; current=gitlab_strong_allocation_spruce_budget160_rep1
[2026-07-02T07:47:40-0700] runner active pids=[85428, 85429, 85430]; freshness=12s; completed=3/6; current=gitlab_strong_allocation_spruce_budget160_rep1
[2026-07-02T07:48:40-0700] runner active pids=[85428, 85429, 85430]; freshness=6s; completed=3/6; current=gitlab_strong_allocation_spruce_budget160_rep1
[2026-07-02T07:49:40-0700] runner active pids=[85428, 85429, 85430]; freshness=3s; completed=3/6; current=gitlab_strong_allocation_spruce_budget160_rep1
[2026-07-02T07:50:41-0700] runner active pids=[85428, 85429, 85430]; freshness=19s; completed=3/6; current=gitlab_strong_allocation_spruce_budget160_rep1
[2026-07-02T07:51:41-0700] runner active pids=[85428, 85429, 85430]; freshness=52s; completed=3/6; current=gitlab_strong_allocation_spruce_budget160_rep1
[2026-07-02T07:52:41-0700] runner active pids=[85428, 85429, 85430]; freshness=2s; completed=3/6; current=gitlab_strong_allocation_spruce_budget160_rep1
[2026-07-02T07:53:41-0700] runner active pids=[85428, 85429, 85430]; freshness=0s; completed=3/6; current=gitlab_strong_allocation_spruce_budget160_rep1
[2026-07-02T07:54:41-0700] runner active pids=[85428, 85429, 85430]; freshness=0s; completed=3/6; current=gitlab_strong_allocation_spruce_budget160_rep1
[2026-07-02T07:55:41-0700] runner active pids=[85428, 85429, 85430]; freshness=0s; completed=3/6; current=gitlab_strong_allocation_spruce_budget160_rep1
[2026-07-02T07:56:41-0700] runner active pids=[85428, 85429, 85430]; freshness=7s; completed=3/6; current=gitlab_strong_allocation_spruce_budget160_rep1
[2026-07-02T07:57:41-0700] runner active pids=[85428, 85429, 85430]; freshness=0s; completed=3/6; current=gitlab_strong_allocation_spruce_budget160_rep1
[2026-07-02T07:58:41-0700] runner active pids=[85428, 85429, 85430]; freshness=22s; completed=3/6; current=gitlab_strong_allocation_spruce_budget160_rep1
[2026-07-02T07:59:41-0700] runner active pids=[85428, 85429, 85430]; freshness=6s; completed=3/6; current=gitlab_strong_allocation_spruce_budget160_rep1
[2026-07-02T08:00:41-0700] runner active pids=[85428, 85429, 85430]; freshness=0s; completed=3/6; current=gitlab_strong_allocation_spruce_budget160_rep1
[2026-07-02T08:01:42-0700] runner active pids=[85428, 85429, 85430]; freshness=2s; completed=3/6; current=gitlab_strong_allocation_spruce_budget160_rep1
[2026-07-02T08:02:42-0700] runner active pids=[85428, 85429, 85430]; freshness=8s; completed=3/6; current=gitlab_strong_allocation_spruce_budget160_rep1
[2026-07-02T08:03:42-0700] runner active pids=[85428, 85429, 85430]; freshness=3s; completed=3/6; current=gitlab_strong_allocation_spruce_budget160_rep1
[2026-07-02T08:04:42-0700] runner active pids=[85428, 85429, 85430]; freshness=0s; completed=3/6; current=gitlab_strong_allocation_spruce_budget160_rep1
[2026-07-02T08:05:42-0700] runner active pids=[85428, 85429, 85430]; freshness=6s; completed=3/6; current=gitlab_strong_allocation_spruce_budget160_rep1
[2026-07-02T08:06:42-0700] runner active pids=[85428, 85429, 85430]; freshness=5s; completed=3/6; current=gitlab_strong_allocation_spruce_budget160_rep1
[2026-07-02T08:07:42-0700] runner active pids=[85428, 85429, 85430]; freshness=5s; completed=3/6; current=gitlab_strong_allocation_spruce_budget160_rep1
[2026-07-02T08:08:42-0700] runner active pids=[85428, 85429, 85430]; freshness=24s; completed=3/6; current=gitlab_strong_allocation_spruce_budget160_rep1
[2026-07-02T08:09:42-0700] runner active pids=[85428, 85429, 85430]; freshness=3s; completed=3/6; current=gitlab_strong_allocation_spruce_budget160_rep1
[2026-07-02T08:10:43-0700] runner active pids=[85428, 85429, 85430]; freshness=2s; completed=3/6; current=gitlab_strong_allocation_spruce_budget160_rep1
[2026-07-02T08:11:43-0700] runner active pids=[85428, 85429, 85430]; freshness=5s; completed=3/6; current=gitlab_strong_allocation_spruce_budget160_rep1
[2026-07-02T08:12:43-0700] runner active pids=[85428, 85429, 85430]; freshness=28s; completed=3/6; current=gitlab_strong_allocation_spruce_budget160_rep1
[2026-07-02T08:13:43-0700] runner active pids=[85428, 85429, 85430]; freshness=9s; completed=3/6; current=gitlab_strong_allocation_spruce_budget160_rep1
[2026-07-02T08:14:43-0700] runner active pids=[85428, 85429, 85430]; freshness=5s; completed=3/6; current=gitlab_strong_allocation_spruce_budget160_rep1
[2026-07-02T08:15:43-0700] runner active pids=[85428, 85429, 85430]; freshness=1s; completed=3/6; current=gitlab_strong_allocation_spruce_budget160_rep1
[2026-07-02T08:16:43-0700] runner active pids=[85428, 85429, 85430]; freshness=1s; completed=3/6; current=gitlab_strong_allocation_spruce_budget160_rep1
[2026-07-02T08:17:43-0700] runner active pids=[85428, 85429, 85430]; freshness=6s; completed=3/6; current=gitlab_strong_allocation_spruce_budget160_rep1
[2026-07-02T08:18:43-0700] runner active pids=[85428, 85429, 85430]; freshness=0s; completed=3/6; current=gitlab_strong_allocation_spruce_budget160_rep1
[2026-07-02T08:19:43-0700] runner active pids=[85428, 85429, 85430]; freshness=7s; completed=3/6; current=gitlab_strong_allocation_spruce_budget160_rep1
[2026-07-02T08:20:44-0700] runner active pids=[85428, 85429, 85430]; freshness=0s; completed=3/6; current=gitlab_strong_allocation_spruce_budget160_rep1
[2026-07-02T08:21:44-0700] runner active pids=[85428, 85429, 85430]; freshness=6s; completed=3/6; current=gitlab_strong_allocation_spruce_budget160_rep1
[2026-07-02T08:22:44-0700] runner active pids=[85428, 85429, 85430]; freshness=1s; completed=3/6; current=gitlab_strong_allocation_spruce_budget160_rep1
[2026-07-02T08:23:44-0700] runner active pids=[85428, 85429, 85430]; freshness=3s; completed=3/6; current=gitlab_strong_allocation_spruce_budget160_rep1
[2026-07-02T08:24:44-0700] runner active pids=[85428, 85429, 85430]; freshness=0s; completed=3/6; current=gitlab_strong_allocation_spruce_budget160_rep1
[2026-07-02T08:25:44-0700] runner active pids=[85428, 85429, 85430]; freshness=3s; completed=3/6; current=gitlab_strong_allocation_spruce_budget160_rep1
[2026-07-02T08:26:44-0700] runner active pids=[85428, 85429, 85430]; freshness=3s; completed=3/6; current=gitlab_strong_allocation_spruce_budget160_rep1
[2026-07-02T08:27:44-0700] runner active pids=[85428, 85429, 85430]; freshness=5s; completed=3/6; current=gitlab_strong_allocation_spruce_budget160_rep1
[2026-07-02T08:28:44-0700] runner active pids=[85428, 85429, 85430]; freshness=12s; completed=3/6; current=gitlab_strong_allocation_spruce_budget160_rep1
[2026-07-02T08:29:44-0700] runner active pids=[85428, 85429, 85430]; freshness=3s; completed=3/6; current=gitlab_strong_allocation_spruce_budget160_rep1
[2026-07-02T08:30:45-0700] runner active pids=[85428, 85429, 85430]; freshness=14s; completed=3/6; current=gitlab_strong_allocation_spruce_budget160_rep1
[2026-07-02T08:31:45-0700] runner active pids=[85428, 85429, 85430]; freshness=0s; completed=3/6; current=gitlab_strong_allocation_spruce_budget160_rep1
[2026-07-02T08:32:45-0700] runner active pids=[85428, 85429, 85430]; freshness=8s; completed=3/6; current=gitlab_strong_allocation_spruce_budget160_rep1
[2026-07-02T08:33:45-0700] runner active pids=[85428, 85429, 85430]; freshness=11s; completed=3/6; current=gitlab_strong_allocation_spruce_budget160_rep1
[2026-07-02T08:34:45-0700] runner active pids=[85428, 85429, 85430]; freshness=7s; completed=3/6; current=gitlab_strong_allocation_spruce_budget160_rep1
[2026-07-02T08:35:45-0700] runner active pids=[85428, 85429, 85430]; freshness=1s; completed=3/6; current=gitlab_strong_allocation_spruce_budget160_rep1
[2026-07-02T08:36:45-0700] runner active pids=[85428, 85429, 85430]; freshness=4s; completed=3/6; current=gitlab_strong_allocation_spruce_budget160_rep1
[2026-07-02T08:37:45-0700] runner active pids=[85428, 85429, 85430]; freshness=4s; completed=3/6; current=gitlab_strong_allocation_spruce_budget160_rep1
[2026-07-02T08:38:45-0700] runner active pids=[85428, 85429, 85430]; freshness=9s; completed=3/6; current=gitlab_strong_allocation_spruce_budget160_rep1
[2026-07-02T08:39:45-0700] runner active pids=[85428, 85429, 85430]; freshness=42s; completed=3/6; current=gitlab_strong_allocation_spruce_budget160_rep1
[2026-07-02T08:40:46-0700] runner active pids=[85428, 85429, 85430]; freshness=11s; completed=3/6; current=gitlab_strong_allocation_spruce_budget160_rep1
[2026-07-02T08:41:46-0700] runner active pids=[85428, 85429, 85430]; freshness=13s; completed=3/6; current=gitlab_strong_allocation_spruce_budget160_rep1
[2026-07-02T08:42:46-0700] runner active pids=[85428, 85429, 85430]; freshness=0s; completed=3/6; current=gitlab_strong_allocation_spruce_budget160_rep1
[2026-07-02T08:43:46-0700] runner active pids=[85428, 85429, 85430]; freshness=1s; completed=3/6; current=gitlab_strong_allocation_spruce_budget160_rep1
[2026-07-02T08:44:46-0700] runner active pids=[85428, 85429, 85430]; freshness=0s; completed=3/6; current=gitlab_strong_allocation_spruce_budget160_rep1
[2026-07-02T08:45:46-0700] runner active pids=[85428, 85429, 85430]; freshness=4s; completed=3/6; current=gitlab_strong_allocation_spruce_budget160_rep1
[2026-07-02T08:46:46-0700] runner active pids=[85428, 85429, 85430]; freshness=3s; completed=3/6; current=gitlab_strong_allocation_spruce_budget160_rep1
[2026-07-02T08:47:46-0700] runner active pids=[85428, 85429, 85430]; freshness=12s; completed=3/6; current=gitlab_strong_allocation_spruce_budget160_rep1
[2026-07-02T08:48:46-0700] runner active pids=[85428, 85429, 85430]; freshness=33s; completed=3/6; current=gitlab_strong_allocation_spruce_budget160_rep1
[2026-07-02T08:49:46-0700] runner active pids=[85428, 85429, 85430]; freshness=93s; completed=3/6; current=gitlab_strong_allocation_spruce_budget160_rep1
[2026-07-02T08:50:47-0700] runner active pids=[85428, 85429, 85430]; freshness=153s; completed=3/6; current=gitlab_strong_allocation_spruce_budget160_rep1
[2026-07-02T08:51:47-0700] runner active pids=[85428, 85429, 85430]; freshness=213s; completed=3/6; current=gitlab_strong_allocation_spruce_budget160_rep1
[2026-07-02T08:52:47-0700] runner active pids=[85428, 85429, 85430]; freshness=273s; completed=3/6; current=gitlab_strong_allocation_spruce_budget160_rep1
[2026-07-02T08:53:47-0700] runner active pids=[85428, 85429, 85430]; freshness=333s; completed=3/6; current=gitlab_strong_allocation_spruce_budget160_rep1
[2026-07-02T08:54:47-0700] runner active pids=[85428, 85429, 85430]; freshness=393s; completed=3/6; current=gitlab_strong_allocation_spruce_budget160_rep1
[2026-07-02T08:55:47-0700] runner active pids=[85428, 85429, 85430]; freshness=453s; completed=3/6; current=gitlab_strong_allocation_spruce_budget160_rep1
[2026-07-02T08:56:47-0700] runner active pids=[85428, 85429, 85430]; freshness=513s; completed=3/6; current=gitlab_strong_allocation_spruce_budget160_rep1
[2026-07-02T08:57:47-0700] runner active pids=[85428, 85429, 85430]; freshness=573s; completed=3/6; current=gitlab_strong_allocation_spruce_budget160_rep1
[2026-07-02T08:58:47-0700] stale runner detected age=634s pids=[85428, 85429, 85430]; terminating and resuming
[2026-07-02T08:58:53-0700] launched resume session=gitlab_alloc_resume_uce_budget160_rep1_89 job=gitlab_strong_allocation_spruce_budget160_rep1 next_t=89 merged=/Users/sanjay/projects/BerkeleyProjects/Research/IanWaudbySmith/coldStartPrompts/results/gitlab_strong_arm/allocation_160/logs/gitlab_strong_allocation_spruce_budget160_rep1_trial0_2026-07-02T12-22-26Z_MERGED_SO_FAR.jsonl
[2026-07-02T08:59:53-0700] runner active pids=[93101, 93102, 93103]; freshness=0s; completed=3/6; current=gitlab_strong_allocation_spruce_budget160_rep1
[2026-07-02T09:00:53-0700] runner active pids=[93101, 93102, 93103]; freshness=0s; completed=3/6; current=gitlab_strong_allocation_spruce_budget160_rep1
[2026-07-02T09:01:53-0700] runner active pids=[93101, 93102, 93103]; freshness=5s; completed=3/6; current=gitlab_strong_allocation_spruce_budget160_rep1
[2026-07-02T09:02:53-0700] runner active pids=[93101, 93102, 93103]; freshness=16s; completed=3/6; current=gitlab_strong_allocation_spruce_budget160_rep1
[2026-07-02T09:03:53-0700] runner active pids=[93101, 93102, 93103]; freshness=7s; completed=3/6; current=gitlab_strong_allocation_spruce_budget160_rep1
[2026-07-02T09:04:53-0700] runner active pids=[93101, 93102, 93103]; freshness=0s; completed=3/6; current=gitlab_strong_allocation_spruce_budget160_rep1
[2026-07-02T09:05:54-0700] runner active pids=[93101, 93102, 93103]; freshness=1s; completed=3/6; current=gitlab_strong_allocation_spruce_budget160_rep1
[2026-07-02T09:06:54-0700] runner active pids=[93101, 93102, 93103]; freshness=4s; completed=3/6; current=gitlab_strong_allocation_spruce_budget160_rep1
[2026-07-02T09:07:54-0700] runner active pids=[93101, 93102, 93103]; freshness=8s; completed=3/6; current=gitlab_strong_allocation_spruce_budget160_rep1
[2026-07-02T09:08:54-0700] runner active pids=[93101, 93102, 93103]; freshness=0s; completed=3/6; current=gitlab_strong_allocation_spruce_budget160_rep1
[2026-07-02T09:09:54-0700] runner active pids=[93101, 93102, 93103]; freshness=0s; completed=3/6; current=gitlab_strong_allocation_spruce_budget160_rep1
[2026-07-02T09:10:54-0700] runner active pids=[93101, 93102, 93103]; freshness=5s; completed=3/6; current=gitlab_strong_allocation_spruce_budget160_rep1
[2026-07-02T09:11:54-0700] runner active pids=[93101, 93102, 93103]; freshness=18s; completed=3/6; current=gitlab_strong_allocation_spruce_budget160_rep1
[2026-07-02T09:12:54-0700] runner active pids=[93101, 93102, 93103]; freshness=0s; completed=3/6; current=gitlab_strong_allocation_spruce_budget160_rep1
[2026-07-02T09:13:54-0700] runner active pids=[93101, 93102, 93103]; freshness=6s; completed=3/6; current=gitlab_strong_allocation_spruce_budget160_rep1
[2026-07-02T09:14:54-0700] runner active pids=[93101, 93102, 93103]; freshness=2s; completed=3/6; current=gitlab_strong_allocation_spruce_budget160_rep1
[2026-07-02T09:15:55-0700] runner active pids=[93101, 93102, 93103]; freshness=0s; completed=3/6; current=gitlab_strong_allocation_spruce_budget160_rep1
[2026-07-02T09:16:55-0700] runner active pids=[93101, 93102, 93103]; freshness=1s; completed=3/6; current=gitlab_strong_allocation_spruce_budget160_rep1
[2026-07-02T09:17:55-0700] runner active pids=[93101, 93102, 93103]; freshness=2s; completed=3/6; current=gitlab_strong_allocation_spruce_budget160_rep1
[2026-07-02T09:18:55-0700] runner active pids=[93101, 93102, 93103]; freshness=16s; completed=3/6; current=gitlab_strong_allocation_spruce_budget160_rep1
[2026-07-02T09:19:55-0700] runner active pids=[93101, 93102, 93103]; freshness=11s; completed=3/6; current=gitlab_strong_allocation_spruce_budget160_rep1
[2026-07-02T09:20:55-0700] runner active pids=[93101, 93102, 93103]; freshness=1s; completed=3/6; current=gitlab_strong_allocation_spruce_budget160_rep1
[2026-07-02T09:21:55-0700] runner active pids=[93101, 93102, 93103]; freshness=2s; completed=3/6; current=gitlab_strong_allocation_spruce_budget160_rep1
[2026-07-02T09:22:55-0700] runner active pids=[93101, 93102, 93103]; freshness=10s; completed=3/6; current=gitlab_strong_allocation_spruce_budget160_rep1
[2026-07-02T09:23:55-0700] runner active pids=[93101, 93102, 93103]; freshness=4s; completed=3/6; current=gitlab_strong_allocation_spruce_budget160_rep1
[2026-07-02T09:24:55-0700] runner active pids=[93101, 93102, 93103]; freshness=11s; completed=3/6; current=gitlab_strong_allocation_spruce_budget160_rep1
[2026-07-02T09:25:56-0700] runner active pids=[93101, 93102, 93103]; freshness=17s; completed=3/6; current=gitlab_strong_allocation_spruce_budget160_rep1
[2026-07-02T09:26:56-0700] runner active pids=[93101, 93102, 93103]; freshness=16s; completed=3/6; current=gitlab_strong_allocation_spruce_budget160_rep1
[2026-07-02T09:27:56-0700] runner active pids=[93101, 93102, 93103]; freshness=6s; completed=3/6; current=gitlab_strong_allocation_spruce_budget160_rep1
[2026-07-02T09:28:56-0700] runner active pids=[93101, 93102, 93103]; freshness=1s; completed=3/6; current=gitlab_strong_allocation_spruce_budget160_rep1
[2026-07-02T09:29:56-0700] runner active pids=[93101, 93102, 93103]; freshness=1s; completed=3/6; current=gitlab_strong_allocation_spruce_budget160_rep1
[2026-07-02T09:30:56-0700] runner active pids=[93101, 93102, 93103]; freshness=1s; completed=3/6; current=gitlab_strong_allocation_spruce_budget160_rep1
[2026-07-02T09:31:56-0700] runner active pids=[93101, 93102, 93103]; freshness=1s; completed=3/6; current=gitlab_strong_allocation_spruce_budget160_rep1
[2026-07-02T09:32:56-0700] runner active pids=[93101, 93102, 93103]; freshness=2s; completed=3/6; current=gitlab_strong_allocation_spruce_budget160_rep1
[2026-07-02T09:33:56-0700] runner active pids=[93101, 93102, 93103]; freshness=1s; completed=3/6; current=gitlab_strong_allocation_spruce_budget160_rep1
[2026-07-02T09:34:57-0700] runner active pids=[93101, 93102, 93103]; freshness=5s; completed=3/6; current=gitlab_strong_allocation_spruce_budget160_rep1
[2026-07-02T09:35:57-0700] runner active pids=[93101, 93102, 93103]; freshness=1s; completed=3/6; current=gitlab_strong_allocation_spruce_budget160_rep1
[2026-07-02T09:36:57-0700] runner active pids=[93101, 93102, 93103]; freshness=0s; completed=3/6; current=gitlab_strong_allocation_spruce_budget160_rep1
[2026-07-02T09:37:57-0700] runner active pids=[93101, 93102, 93103]; freshness=0s; completed=3/6; current=gitlab_strong_allocation_spruce_budget160_rep1
[2026-07-02T09:38:57-0700] runner active pids=[93101, 93102, 93103]; freshness=8s; completed=3/6; current=gitlab_strong_allocation_spruce_budget160_rep1
[2026-07-02T09:39:57-0700] runner active pids=[93101, 93102, 93103]; freshness=0s; completed=3/6; current=gitlab_strong_allocation_spruce_budget160_rep1
[2026-07-02T09:40:57-0700] runner active pids=[93101, 93102, 93103]; freshness=1s; completed=3/6; current=gitlab_strong_allocation_spruce_budget160_rep1
[2026-07-02T09:41:57-0700] runner active pids=[93101, 93102, 93103]; freshness=12s; completed=3/6; current=gitlab_strong_allocation_spruce_budget160_rep1
[2026-07-02T09:42:58-0700] runner active pids=[93101, 93102, 93103]; freshness=0s; completed=3/6; current=gitlab_strong_allocation_spruce_budget160_rep1
[2026-07-02T09:43:58-0700] runner active pids=[93101, 93102, 93103]; freshness=2s; completed=3/6; current=gitlab_strong_allocation_spruce_budget160_rep1
[2026-07-02T09:44:58-0700] runner active pids=[93101, 93102, 93103]; freshness=5s; completed=3/6; current=gitlab_strong_allocation_spruce_budget160_rep1
[2026-07-02T09:45:58-0700] runner active pids=[93101, 93102, 93103]; freshness=7s; completed=3/6; current=gitlab_strong_allocation_spruce_budget160_rep1
[2026-07-02T09:46:58-0700] runner active pids=[93101, 93102, 93103]; freshness=0s; completed=3/6; current=gitlab_strong_allocation_spruce_budget160_rep1
[2026-07-02T09:47:58-0700] runner active pids=[93101, 93102, 93103]; freshness=3s; completed=3/6; current=gitlab_strong_allocation_spruce_budget160_rep1
[2026-07-02T09:48:58-0700] runner active pids=[93101, 93102, 93103]; freshness=8s; completed=3/6; current=gitlab_strong_allocation_spruce_budget160_rep1
[2026-07-02T09:49:58-0700] runner active pids=[93101, 93102, 93103]; freshness=2s; completed=3/6; current=gitlab_strong_allocation_spruce_budget160_rep1
[2026-07-02T09:50:58-0700] runner active pids=[93101, 93102, 93103]; freshness=0s; completed=3/6; current=gitlab_strong_allocation_spruce_budget160_rep1
[2026-07-02T09:51:58-0700] runner active pids=[93101, 93102, 93103]; freshness=2s; completed=3/6; current=gitlab_strong_allocation_spruce_budget160_rep1
[2026-07-02T09:52:59-0700] runner active pids=[93101, 93102, 93103]; freshness=2s; completed=3/6; current=gitlab_strong_allocation_spruce_budget160_rep1
[2026-07-02T09:53:59-0700] runner active pids=[93101, 93102, 93103]; freshness=0s; completed=3/6; current=gitlab_strong_allocation_spruce_budget160_rep1
[2026-07-02T09:54:59-0700] runner active pids=[93101, 93102, 93103]; freshness=3s; completed=3/6; current=gitlab_strong_allocation_spruce_budget160_rep1
[2026-07-02T09:55:59-0700] runner active pids=[93101, 93102, 93103]; freshness=11s; completed=3/6; current=gitlab_strong_allocation_spruce_budget160_rep1
[2026-07-02T09:56:59-0700] runner active pids=[93101, 93102, 93103]; freshness=27s; completed=3/6; current=gitlab_strong_allocation_spruce_budget160_rep1
[2026-07-02T09:57:59-0700] runner active pids=[93101, 93102, 93103]; freshness=3s; completed=3/6; current=gitlab_strong_allocation_spruce_budget160_rep1
[2026-07-02T09:58:59-0700] runner active pids=[93101, 93102, 93103]; freshness=2s; completed=3/6; current=gitlab_strong_allocation_spruce_budget160_rep1
[2026-07-02T09:59:59-0700] runner active pids=[93101, 93102, 93103]; freshness=2s; completed=3/6; current=gitlab_strong_allocation_spruce_budget160_rep1
[2026-07-02T10:00:59-0700] runner active pids=[93101, 93102, 93103]; freshness=1s; completed=3/6; current=gitlab_strong_allocation_spruce_budget160_rep1
[2026-07-02T10:02:00-0700] runner active pids=[93101, 93102, 93103]; freshness=6s; completed=3/6; current=gitlab_strong_allocation_spruce_budget160_rep1
[2026-07-02T10:03:00-0700] runner active pids=[93101, 93102, 93103]; freshness=2s; completed=3/6; current=gitlab_strong_allocation_spruce_budget160_rep1
[2026-07-02T10:04:00-0700] runner active pids=[93101, 93102, 93103]; freshness=14s; completed=3/6; current=gitlab_strong_allocation_spruce_budget160_rep1
[2026-07-02T10:05:00-0700] runner active pids=[93101, 93102, 93103]; freshness=1s; completed=3/6; current=gitlab_strong_allocation_spruce_budget160_rep1
[2026-07-02T10:06:00-0700] runner active pids=[93101, 93102, 93103]; freshness=3s; completed=3/6; current=gitlab_strong_allocation_spruce_budget160_rep1
[2026-07-02T10:07:00-0700] runner active pids=[93101, 93102, 93103]; freshness=7s; completed=3/6; current=gitlab_strong_allocation_spruce_budget160_rep1
[2026-07-02T10:08:00-0700] runner active pids=[93101, 93102, 93103]; freshness=53s; completed=3/6; current=gitlab_strong_allocation_spruce_budget160_rep1
[2026-07-02T10:09:00-0700] runner active pids=[93101, 93102, 93103]; freshness=113s; completed=3/6; current=gitlab_strong_allocation_spruce_budget160_rep1
[2026-07-02T10:10:00-0700] runner active pids=[93101, 93102, 93103]; freshness=173s; completed=3/6; current=gitlab_strong_allocation_spruce_budget160_rep1
[2026-07-02T10:11:01-0700] runner active pids=[93101, 93102, 93103]; freshness=233s; completed=3/6; current=gitlab_strong_allocation_spruce_budget160_rep1
[2026-07-02T10:12:01-0700] runner active pids=[93101, 93102, 93103]; freshness=293s; completed=3/6; current=gitlab_strong_allocation_spruce_budget160_rep1
[2026-07-02T10:13:01-0700] runner active pids=[93101, 93102, 93103]; freshness=353s; completed=3/6; current=gitlab_strong_allocation_spruce_budget160_rep1
[2026-07-02T10:14:01-0700] runner active pids=[93101, 93102, 93103]; freshness=413s; completed=3/6; current=gitlab_strong_allocation_spruce_budget160_rep1
[2026-07-02T10:15:01-0700] runner active pids=[93101, 93102, 93103]; freshness=473s; completed=3/6; current=gitlab_strong_allocation_spruce_budget160_rep1
[2026-07-02T10:16:01-0700] runner active pids=[93101, 93102, 93103]; freshness=533s; completed=3/6; current=gitlab_strong_allocation_spruce_budget160_rep1
[2026-07-02T10:17:01-0700] runner active pids=[93101, 93102, 93103]; freshness=594s; completed=3/6; current=gitlab_strong_allocation_spruce_budget160_rep1
[2026-07-02T10:18:01-0700] stale runner detected age=654s pids=[93101, 93102, 93103]; terminating and resuming
[2026-07-02T10:18:07-0700] launched resume session=gitlab_alloc_resume_uce_budget160_rep1_119 job=gitlab_strong_allocation_spruce_budget160_rep1 next_t=119 merged=/Users/sanjay/projects/BerkeleyProjects/Research/IanWaudbySmith/coldStartPrompts/results/gitlab_strong_arm/allocation_160/logs/gitlab_strong_allocation_spruce_budget160_rep1_trial0_2026-07-02T12-22-26Z_MERGED_SO_FAR.jsonl
[2026-07-02T10:19:07-0700] runner active pids=[1144, 1145, 1146]; freshness=16s; completed=3/6; current=gitlab_strong_allocation_spruce_budget160_rep1
[2026-07-02T10:20:07-0700] runner active pids=[1144, 1145, 1146]; freshness=0s; completed=3/6; current=gitlab_strong_allocation_spruce_budget160_rep1
[2026-07-02T10:21:07-0700] runner active pids=[1144, 1145, 1146]; freshness=14s; completed=3/6; current=gitlab_strong_allocation_spruce_budget160_rep1
[2026-07-02T10:22:07-0700] runner active pids=[1144, 1145, 1146]; freshness=2s; completed=3/6; current=gitlab_strong_allocation_spruce_budget160_rep1
[2026-07-02T10:23:07-0700] runner active pids=[1144, 1145, 1146]; freshness=5s; completed=3/6; current=gitlab_strong_allocation_spruce_budget160_rep1
[2026-07-02T10:24:07-0700] runner active pids=[1144, 1145, 1146]; freshness=2s; completed=3/6; current=gitlab_strong_allocation_spruce_budget160_rep1
[2026-07-02T10:25:08-0700] runner active pids=[1144, 1145, 1146]; freshness=1s; completed=3/6; current=gitlab_strong_allocation_spruce_budget160_rep1
[2026-07-02T10:26:08-0700] runner active pids=[1144, 1145, 1146]; freshness=10s; completed=3/6; current=gitlab_strong_allocation_spruce_budget160_rep1
[2026-07-02T10:27:08-0700] runner active pids=[1144, 1145, 1146]; freshness=7s; completed=3/6; current=gitlab_strong_allocation_spruce_budget160_rep1
[2026-07-02T10:28:08-0700] runner active pids=[1144, 1145, 1146]; freshness=1s; completed=3/6; current=gitlab_strong_allocation_spruce_budget160_rep1
[2026-07-02T10:29:08-0700] runner active pids=[1144, 1145, 1146]; freshness=6s; completed=3/6; current=gitlab_strong_allocation_spruce_budget160_rep1
[2026-07-02T10:30:08-0700] runner active pids=[1144, 1145, 1146]; freshness=12s; completed=3/6; current=gitlab_strong_allocation_spruce_budget160_rep1
[2026-07-02T10:31:08-0700] runner active pids=[1144, 1145, 1146]; freshness=1s; completed=3/6; current=gitlab_strong_allocation_spruce_budget160_rep1
[2026-07-02T10:32:08-0700] runner active pids=[1144, 1145, 1146]; freshness=40s; completed=3/6; current=gitlab_strong_allocation_spruce_budget160_rep1
[2026-07-02T10:33:09-0700] runner active pids=[1144, 1145, 1146]; freshness=3s; completed=3/6; current=gitlab_strong_allocation_spruce_budget160_rep1
[2026-07-02T10:34:09-0700] runner active pids=[1144, 1145, 1146]; freshness=0s; completed=3/6; current=gitlab_strong_allocation_spruce_budget160_rep1
[2026-07-02T10:35:09-0700] runner active pids=[1144, 1145, 1146]; freshness=7s; completed=3/6; current=gitlab_strong_allocation_spruce_budget160_rep1
[2026-07-02T10:36:09-0700] runner active pids=[1144, 1145, 1146]; freshness=3s; completed=3/6; current=gitlab_strong_allocation_spruce_budget160_rep1
[2026-07-02T10:37:09-0700] runner active pids=[1144, 1145, 1146]; freshness=0s; completed=3/6; current=gitlab_strong_allocation_spruce_budget160_rep1
[2026-07-02T10:38:09-0700] runner active pids=[1144, 1145, 1146]; freshness=4s; completed=3/6; current=gitlab_strong_allocation_spruce_budget160_rep1
[2026-07-02T10:39:09-0700] runner active pids=[1144, 1145, 1146]; freshness=0s; completed=3/6; current=gitlab_strong_allocation_spruce_budget160_rep1
[2026-07-02T10:40:09-0700] runner active pids=[1144, 1145, 1146]; freshness=3s; completed=3/6; current=gitlab_strong_allocation_spruce_budget160_rep1
[2026-07-02T10:41:09-0700] runner active pids=[1144, 1145, 1146]; freshness=1s; completed=3/6; current=gitlab_strong_allocation_spruce_budget160_rep1
[2026-07-02T10:42:10-0700] runner active pids=[1144, 1145, 1146]; freshness=2s; completed=3/6; current=gitlab_strong_allocation_spruce_budget160_rep1
[2026-07-02T10:43:10-0700] runner active pids=[1144, 1145, 1146]; freshness=3s; completed=3/6; current=gitlab_strong_allocation_spruce_budget160_rep1
[2026-07-02T10:44:10-0700] runner active pids=[1144, 1145, 1146]; freshness=16s; completed=3/6; current=gitlab_strong_allocation_spruce_budget160_rep1
[2026-07-02T10:45:10-0700] runner active pids=[1144, 1145, 1146]; freshness=4s; completed=3/6; current=gitlab_strong_allocation_spruce_budget160_rep1
[2026-07-02T10:46:10-0700] runner active pids=[1144, 1145, 1146]; freshness=0s; completed=3/6; current=gitlab_strong_allocation_spruce_budget160_rep1
[2026-07-02T10:47:10-0700] runner active pids=[1144, 1145, 1146]; freshness=3s; completed=3/6; current=gitlab_strong_allocation_spruce_budget160_rep1
[2026-07-02T10:48:10-0700] runner active pids=[1144, 1145, 1146]; freshness=5s; completed=3/6; current=gitlab_strong_allocation_spruce_budget160_rep1
[2026-07-02T10:49:10-0700] runner active pids=[1144, 1145, 1146]; freshness=3s; completed=3/6; current=gitlab_strong_allocation_spruce_budget160_rep1
[2026-07-02T10:50:10-0700] runner active pids=[1144, 1145, 1146]; freshness=4s; completed=3/6; current=gitlab_strong_allocation_spruce_budget160_rep1
[2026-07-02T10:51:11-0700] runner active pids=[1144, 1145, 1146]; freshness=12s; completed=3/6; current=gitlab_strong_allocation_spruce_budget160_rep1
[2026-07-02T10:52:11-0700] runner active pids=[1144, 1145, 1146]; freshness=2s; completed=3/6; current=gitlab_strong_allocation_spruce_budget160_rep1
[2026-07-02T10:53:11-0700] runner active pids=[1144, 1145, 1146]; freshness=17s; completed=3/6; current=gitlab_strong_allocation_spruce_budget160_rep1
[2026-07-02T10:54:11-0700] runner active pids=[1144, 1145, 1146]; freshness=1s; completed=3/6; current=gitlab_strong_allocation_spruce_budget160_rep1
[2026-07-02T10:55:11-0700] runner active pids=[1144, 1145, 1146]; freshness=2s; completed=3/6; current=gitlab_strong_allocation_spruce_budget160_rep1
[2026-07-02T10:56:11-0700] runner active pids=[1144, 1145, 1146]; freshness=0s; completed=3/6; current=gitlab_strong_allocation_spruce_budget160_rep1
[2026-07-02T10:57:11-0700] runner active pids=[1144, 1145, 1146]; freshness=1s; completed=3/6; current=gitlab_strong_allocation_spruce_budget160_rep1
[2026-07-02T10:58:11-0700] runner active pids=[1144, 1145, 1146]; freshness=1s; completed=3/6; current=gitlab_strong_allocation_spruce_budget160_rep1
[2026-07-02T10:59:11-0700] runner active pids=[1144, 1145, 1146]; freshness=0s; completed=3/6; current=gitlab_strong_allocation_spruce_budget160_rep1
[2026-07-02T11:00:12-0700] runner active pids=[1144, 1145, 1146]; freshness=6s; completed=3/6; current=gitlab_strong_allocation_spruce_budget160_rep1
[2026-07-02T11:01:12-0700] runner active pids=[1144, 1145, 1146]; freshness=6s; completed=3/6; current=gitlab_strong_allocation_spruce_budget160_rep1
[2026-07-02T11:02:12-0700] runner active pids=[1144, 1145, 1146]; freshness=8s; completed=3/6; current=gitlab_strong_allocation_spruce_budget160_rep1
[2026-07-02T11:03:12-0700] runner active pids=[1144, 1145, 1146]; freshness=9s; completed=3/6; current=gitlab_strong_allocation_spruce_budget160_rep1
[2026-07-02T11:04:12-0700] runner active pids=[1144, 1145, 1146]; freshness=3s; completed=3/6; current=gitlab_strong_allocation_spruce_budget160_rep1
[2026-07-02T11:05:12-0700] runner active pids=[1144, 1145, 1146]; freshness=5s; completed=3/6; current=gitlab_strong_allocation_spruce_budget160_rep1
[2026-07-02T11:06:12-0700] runner active pids=[1144, 1145, 1146]; freshness=7s; completed=3/6; current=gitlab_strong_allocation_spruce_budget160_rep1
[2026-07-02T11:07:12-0700] runner active pids=[1144, 1145, 1146]; freshness=5s; completed=3/6; current=gitlab_strong_allocation_spruce_budget160_rep1
[2026-07-02T11:08:12-0700] runner active pids=[1144, 1145, 1146]; freshness=0s; completed=3/6; current=gitlab_strong_allocation_spruce_budget160_rep1
[2026-07-02T11:09:13-0700] runner active pids=[1144, 1145, 1146]; freshness=0s; completed=3/6; current=gitlab_strong_allocation_spruce_budget160_rep1
[2026-07-02T11:10:13-0700] runner active pids=[1144, 1145, 1146]; freshness=1s; completed=3/6; current=gitlab_strong_allocation_spruce_budget160_rep1
[2026-07-02T11:11:13-0700] runner active pids=[1144, 1145, 1146]; freshness=0s; completed=3/6; current=gitlab_strong_allocation_spruce_budget160_rep1
[2026-07-02T11:12:13-0700] runner active pids=[1144, 1145, 1146]; freshness=0s; completed=3/6; current=gitlab_strong_allocation_spruce_budget160_rep1
[2026-07-02T11:13:13-0700] runner active pids=[1144, 1145, 1146]; freshness=4s; completed=3/6; current=gitlab_strong_allocation_spruce_budget160_rep1
[2026-07-02T11:14:13-0700] runner active pids=[1144, 1145, 1146]; freshness=3s; completed=3/6; current=gitlab_strong_allocation_spruce_budget160_rep1
[2026-07-02T11:15:13-0700] runner active pids=[1144, 1145, 1146]; freshness=2s; completed=3/6; current=gitlab_strong_allocation_spruce_budget160_rep1
[2026-07-02T11:16:13-0700] runner active pids=[1144, 1145, 1146]; freshness=0s; completed=3/6; current=gitlab_strong_allocation_spruce_budget160_rep1
[2026-07-02T11:17:14-0700] runner active pids=[1144, 1145, 1146]; freshness=3s; completed=3/6; current=gitlab_strong_allocation_spruce_budget160_rep1
[2026-07-02T11:18:14-0700] runner active pids=[1144, 1145, 1146]; freshness=4s; completed=3/6; current=gitlab_strong_allocation_spruce_budget160_rep1
[2026-07-02T11:19:14-0700] runner active pids=[1144, 1145, 1146]; freshness=0s; completed=3/6; current=gitlab_strong_allocation_spruce_budget160_rep1
[2026-07-02T11:20:14-0700] runner active pids=[1144, 1145, 1146]; freshness=57s; completed=3/6; current=gitlab_strong_allocation_spruce_budget160_rep1
[2026-07-02T11:21:14-0700] runner active pids=[1144, 1145, 1146]; freshness=117s; completed=3/6; current=gitlab_strong_allocation_spruce_budget160_rep1
[2026-07-02T11:22:14-0700] runner active pids=[1144, 1145, 1146]; freshness=177s; completed=3/6; current=gitlab_strong_allocation_spruce_budget160_rep1
[2026-07-02T11:23:14-0700] runner active pids=[1144, 1145, 1146]; freshness=237s; completed=3/6; current=gitlab_strong_allocation_spruce_budget160_rep1
[2026-07-02T11:24:14-0700] runner active pids=[1144, 1145, 1146]; freshness=297s; completed=3/6; current=gitlab_strong_allocation_spruce_budget160_rep1
[2026-07-02T11:25:14-0700] runner active pids=[1144, 1145, 1146]; freshness=357s; completed=3/6; current=gitlab_strong_allocation_spruce_budget160_rep1
[2026-07-02T11:26:14-0700] runner active pids=[1144, 1145, 1146]; freshness=417s; completed=3/6; current=gitlab_strong_allocation_spruce_budget160_rep1
[2026-07-02T11:27:15-0700] runner active pids=[1144, 1145, 1146]; freshness=478s; completed=3/6; current=gitlab_strong_allocation_spruce_budget160_rep1
[2026-07-02T11:28:15-0700] runner active pids=[1144, 1145, 1146]; freshness=538s; completed=3/6; current=gitlab_strong_allocation_spruce_budget160_rep1
[2026-07-02T11:29:15-0700] runner active pids=[1144, 1145, 1146]; freshness=598s; completed=3/6; current=gitlab_strong_allocation_spruce_budget160_rep1
[2026-07-02T11:30:15-0700] stale runner detected age=658s pids=[1144, 1145, 1146]; terminating and resuming
[2026-07-02T11:30:20-0700] launched resume session=gitlab_alloc_resume_uce_budget160_rep1_151 job=gitlab_strong_allocation_spruce_budget160_rep1 next_t=151 merged=/Users/sanjay/projects/BerkeleyProjects/Research/IanWaudbySmith/coldStartPrompts/results/gitlab_strong_arm/allocation_160/logs/gitlab_strong_allocation_spruce_budget160_rep1_trial0_2026-07-02T12-22-26Z_MERGED_SO_FAR.jsonl
[2026-07-02T11:31:21-0700] runner active pids=[10264, 10265, 10266]; freshness=5s; completed=3/6; current=gitlab_strong_allocation_spruce_budget160_rep1
[2026-07-02T11:32:21-0700] runner active pids=[10264, 10265, 10266]; freshness=1s; completed=3/6; current=gitlab_strong_allocation_spruce_budget160_rep1
[2026-07-02T11:33:21-0700] runner active pids=[10264, 10265, 10266]; freshness=3s; completed=3/6; current=gitlab_strong_allocation_spruce_budget160_rep1
[2026-07-02T11:34:21-0700] runner active pids=[10264, 10265, 10266]; freshness=1s; completed=3/6; current=gitlab_strong_allocation_spruce_budget160_rep1
[2026-07-02T11:35:21-0700] runner active pids=[10264, 10265, 10266]; freshness=1s; completed=3/6; current=gitlab_strong_allocation_spruce_budget160_rep1
[2026-07-02T11:36:21-0700] runner active pids=[10264, 10265, 10266]; freshness=7s; completed=3/6; current=gitlab_strong_allocation_spruce_budget160_rep1
[2026-07-02T11:37:21-0700] runner active pids=[10264, 10265, 10266]; freshness=4s; completed=3/6; current=gitlab_strong_allocation_spruce_budget160_rep1
[2026-07-02T11:38:21-0700] runner active pids=[10264, 10265, 10266]; freshness=2s; completed=3/6; current=gitlab_strong_allocation_spruce_budget160_rep1
[2026-07-02T11:39:21-0700] runner active pids=[10264, 10265, 10266]; freshness=2s; completed=3/6; current=gitlab_strong_allocation_spruce_budget160_rep1
[2026-07-02T11:40:22-0700] runner active pids=[10264, 10265, 10266]; freshness=2s; completed=3/6; current=gitlab_strong_allocation_spruce_budget160_rep1
[2026-07-02T11:41:22-0700] runner active pids=[10264, 10265, 10266]; freshness=3s; completed=3/6; current=gitlab_strong_allocation_spruce_budget160_rep1
[2026-07-02T11:42:22-0700] runner active pids=[10264, 10265, 10266]; freshness=3s; completed=3/6; current=gitlab_strong_allocation_spruce_budget160_rep1
[2026-07-02T11:43:22-0700] merged gitlab_strong_allocation_spruce_budget160_rep1 FULL log: /Users/sanjay/projects/BerkeleyProjects/Research/IanWaudbySmith/coldStartPrompts/results/gitlab_strong_arm/allocation_160/logs/gitlab_strong_allocation_spruce_budget160_rep1_trial0_2026-07-02T12-22-26Z_FULL.jsonl rows=160 successes=40
[2026-07-02T11:43:22-0700] no runner active; starting allocation runner; completed=4/6
[2026-07-02T11:43:22-0700] launched allocation runner session=gitlab_allocation_160_continue
[2026-07-02T11:44:22-0700] runner active pids=[12491, 12492, 12493]; freshness=1s; completed=4/6; current=gitlab_strong_allocation_uniform_budget160_rep2
[2026-07-02T11:45:22-0700] runner active pids=[12491, 12492, 12493]; freshness=0s; completed=4/6; current=gitlab_strong_allocation_uniform_budget160_rep2
[2026-07-02T11:46:22-0700] runner active pids=[12491, 12492, 12493]; freshness=2s; completed=4/6; current=gitlab_strong_allocation_uniform_budget160_rep2
[2026-07-02T11:47:22-0700] runner active pids=[12491, 12492, 12493]; freshness=3s; completed=4/6; current=gitlab_strong_allocation_uniform_budget160_rep2
[2026-07-02T11:48:22-0700] runner active pids=[12491, 12492, 12493]; freshness=6s; completed=4/6; current=gitlab_strong_allocation_uniform_budget160_rep2
[2026-07-02T11:49:23-0700] runner active pids=[12491, 12492, 12493]; freshness=2s; completed=4/6; current=gitlab_strong_allocation_uniform_budget160_rep2
[2026-07-02T11:50:23-0700] runner active pids=[12491, 12492, 12493]; freshness=2s; completed=4/6; current=gitlab_strong_allocation_uniform_budget160_rep2
[2026-07-02T11:51:23-0700] runner active pids=[12491, 12492, 12493]; freshness=4s; completed=4/6; current=gitlab_strong_allocation_uniform_budget160_rep2
[2026-07-02T11:52:23-0700] runner active pids=[12491, 12492, 12493]; freshness=2s; completed=4/6; current=gitlab_strong_allocation_uniform_budget160_rep2
[2026-07-02T11:53:23-0700] runner active pids=[12491, 12492, 12493]; freshness=0s; completed=4/6; current=gitlab_strong_allocation_uniform_budget160_rep2
[2026-07-02T11:54:23-0700] runner active pids=[12491, 12492, 12493]; freshness=11s; completed=4/6; current=gitlab_strong_allocation_uniform_budget160_rep2
[2026-07-02T11:55:23-0700] runner active pids=[12491, 12492, 12493]; freshness=1s; completed=4/6; current=gitlab_strong_allocation_uniform_budget160_rep2
[2026-07-02T11:56:23-0700] runner active pids=[12491, 12492, 12493]; freshness=4s; completed=4/6; current=gitlab_strong_allocation_uniform_budget160_rep2
[2026-07-02T11:57:23-0700] runner active pids=[12491, 12492, 12493]; freshness=3s; completed=4/6; current=gitlab_strong_allocation_uniform_budget160_rep2
[2026-07-02T11:58:23-0700] runner active pids=[12491, 12492, 12493]; freshness=1s; completed=4/6; current=gitlab_strong_allocation_uniform_budget160_rep2
[2026-07-02T11:59:24-0700] runner active pids=[12491, 12492, 12493]; freshness=3s; completed=4/6; current=gitlab_strong_allocation_uniform_budget160_rep2
[2026-07-02T12:00:24-0700] runner active pids=[12491, 12492, 12493]; freshness=1s; completed=4/6; current=gitlab_strong_allocation_uniform_budget160_rep2
[2026-07-02T12:01:24-0700] runner active pids=[12491, 12492, 12493]; freshness=3s; completed=4/6; current=gitlab_strong_allocation_uniform_budget160_rep2
[2026-07-02T12:02:24-0700] runner active pids=[12491, 12492, 12493]; freshness=3s; completed=4/6; current=gitlab_strong_allocation_uniform_budget160_rep2
[2026-07-02T12:03:24-0700] runner active pids=[12491, 12492, 12493]; freshness=3s; completed=4/6; current=gitlab_strong_allocation_uniform_budget160_rep2
[2026-07-02T12:04:24-0700] runner active pids=[12491, 12492, 12493]; freshness=2s; completed=4/6; current=gitlab_strong_allocation_uniform_budget160_rep2
[2026-07-02T12:05:24-0700] runner active pids=[12491, 12492, 12493]; freshness=2s; completed=4/6; current=gitlab_strong_allocation_uniform_budget160_rep2
[2026-07-02T12:06:24-0700] runner active pids=[12491, 12492, 12493]; freshness=19s; completed=4/6; current=gitlab_strong_allocation_uniform_budget160_rep2
[2026-07-02T12:07:24-0700] runner active pids=[12491, 12492, 12493]; freshness=0s; completed=4/6; current=gitlab_strong_allocation_uniform_budget160_rep2
[2026-07-02T12:08:24-0700] runner active pids=[12491, 12492, 12493]; freshness=10s; completed=4/6; current=gitlab_strong_allocation_uniform_budget160_rep2
[2026-07-02T12:09:24-0700] runner active pids=[12491, 12492, 12493]; freshness=0s; completed=4/6; current=gitlab_strong_allocation_uniform_budget160_rep2
[2026-07-02T12:10:25-0700] runner active pids=[12491, 12492, 12493]; freshness=0s; completed=4/6; current=gitlab_strong_allocation_uniform_budget160_rep2
[2026-07-02T12:11:25-0700] runner active pids=[12491, 12492, 12493]; freshness=2s; completed=4/6; current=gitlab_strong_allocation_uniform_budget160_rep2
[2026-07-02T12:12:25-0700] runner active pids=[12491, 12492, 12493]; freshness=2s; completed=4/6; current=gitlab_strong_allocation_uniform_budget160_rep2
[2026-07-02T12:13:25-0700] runner active pids=[12491, 12492, 12493]; freshness=1s; completed=4/6; current=gitlab_strong_allocation_uniform_budget160_rep2
[2026-07-02T12:14:25-0700] runner active pids=[12491, 12492, 12493]; freshness=1s; completed=4/6; current=gitlab_strong_allocation_uniform_budget160_rep2
[2026-07-02T12:15:25-0700] runner active pids=[12491, 12492, 12493]; freshness=1s; completed=4/6; current=gitlab_strong_allocation_uniform_budget160_rep2
[2026-07-02T12:16:25-0700] runner active pids=[12491, 12492, 12493]; freshness=0s; completed=4/6; current=gitlab_strong_allocation_uniform_budget160_rep2
[2026-07-02T12:17:25-0700] runner active pids=[12491, 12492, 12493]; freshness=9s; completed=4/6; current=gitlab_strong_allocation_uniform_budget160_rep2
[2026-07-02T12:18:25-0700] runner active pids=[12491, 12492, 12493]; freshness=0s; completed=4/6; current=gitlab_strong_allocation_uniform_budget160_rep2
[2026-07-02T12:19:25-0700] runner active pids=[12491, 12492, 12493]; freshness=1s; completed=4/6; current=gitlab_strong_allocation_uniform_budget160_rep2
[2026-07-02T12:20:26-0700] runner active pids=[12491, 12492, 12493]; freshness=1s; completed=4/6; current=gitlab_strong_allocation_uniform_budget160_rep2
[2026-07-02T12:21:26-0700] runner active pids=[12491, 12492, 12493]; freshness=4s; completed=4/6; current=gitlab_strong_allocation_uniform_budget160_rep2
[2026-07-02T12:22:26-0700] runner active pids=[12491, 12492, 12493]; freshness=28s; completed=4/6; current=gitlab_strong_allocation_uniform_budget160_rep2
[2026-07-02T12:23:26-0700] runner active pids=[12491, 12492, 12493]; freshness=88s; completed=4/6; current=gitlab_strong_allocation_uniform_budget160_rep2
[2026-07-02T12:24:26-0700] runner active pids=[12491, 12492, 12493]; freshness=149s; completed=4/6; current=gitlab_strong_allocation_uniform_budget160_rep2
[2026-07-02T12:25:26-0700] runner active pids=[12491, 12492, 12493]; freshness=209s; completed=4/6; current=gitlab_strong_allocation_uniform_budget160_rep2
[2026-07-02T12:26:26-0700] runner active pids=[12491, 12492, 12493]; freshness=269s; completed=4/6; current=gitlab_strong_allocation_uniform_budget160_rep2
[2026-07-02T12:27:26-0700] runner active pids=[12491, 12492, 12493]; freshness=329s; completed=4/6; current=gitlab_strong_allocation_uniform_budget160_rep2
[2026-07-02T12:28:26-0700] runner active pids=[12491, 12492, 12493]; freshness=389s; completed=4/6; current=gitlab_strong_allocation_uniform_budget160_rep2
[2026-07-02T12:29:26-0700] runner active pids=[12491, 12492, 12493]; freshness=449s; completed=4/6; current=gitlab_strong_allocation_uniform_budget160_rep2
[2026-07-02T12:30:27-0700] runner active pids=[12491, 12492, 12493]; freshness=509s; completed=4/6; current=gitlab_strong_allocation_uniform_budget160_rep2
[2026-07-02T12:31:27-0700] runner active pids=[12491, 12492, 12493]; freshness=569s; completed=4/6; current=gitlab_strong_allocation_uniform_budget160_rep2
[2026-07-02T12:32:27-0700] stale runner detected age=629s pids=[12491, 12492, 12493]; terminating and resuming
[2026-07-02T12:32:32-0700] launched resume session=gitlab_alloc_resume_orm_budget160_rep2_31 job=gitlab_strong_allocation_uniform_budget160_rep2 next_t=31 merged=/Users/sanjay/projects/BerkeleyProjects/Research/IanWaudbySmith/coldStartPrompts/results/gitlab_strong_arm/allocation_160/logs/gitlab_strong_allocation_uniform_budget160_rep2_trial0_2026-07-02T18-43-33Z_MERGED_SO_FAR.jsonl
[2026-07-02T12:33:32-0700] runner active pids=[19316, 19317, 19318]; freshness=4s; completed=4/6; current=gitlab_strong_allocation_uniform_budget160_rep2
[2026-07-02T12:34:32-0700] runner active pids=[19316, 19317, 19318]; freshness=25s; completed=4/6; current=gitlab_strong_allocation_uniform_budget160_rep2
[2026-07-02T12:35:33-0700] runner active pids=[19316, 19317, 19318]; freshness=1s; completed=4/6; current=gitlab_strong_allocation_uniform_budget160_rep2
[2026-07-02T12:36:33-0700] runner active pids=[19316, 19317, 19318]; freshness=4s; completed=4/6; current=gitlab_strong_allocation_uniform_budget160_rep2
[2026-07-02T12:37:33-0700] runner active pids=[19316, 19317, 19318]; freshness=1s; completed=4/6; current=gitlab_strong_allocation_uniform_budget160_rep2
[2026-07-02T12:38:33-0700] runner active pids=[19316, 19317, 19318]; freshness=3s; completed=4/6; current=gitlab_strong_allocation_uniform_budget160_rep2
[2026-07-02T12:39:33-0700] runner active pids=[19316, 19317, 19318]; freshness=0s; completed=4/6; current=gitlab_strong_allocation_uniform_budget160_rep2
[2026-07-02T12:40:33-0700] runner active pids=[19316, 19317, 19318]; freshness=1s; completed=4/6; current=gitlab_strong_allocation_uniform_budget160_rep2
[2026-07-02T12:41:33-0700] runner active pids=[19316, 19317, 19318]; freshness=2s; completed=4/6; current=gitlab_strong_allocation_uniform_budget160_rep2
[2026-07-02T12:42:33-0700] runner active pids=[19316, 19317, 19318]; freshness=3s; completed=4/6; current=gitlab_strong_allocation_uniform_budget160_rep2
[2026-07-02T12:43:33-0700] runner active pids=[19316, 19317, 19318]; freshness=2s; completed=4/6; current=gitlab_strong_allocation_uniform_budget160_rep2
[2026-07-02T12:44:33-0700] runner active pids=[19316, 19317, 19318]; freshness=1s; completed=4/6; current=gitlab_strong_allocation_uniform_budget160_rep2
[2026-07-02T12:45:34-0700] runner active pids=[19316, 19317, 19318]; freshness=3s; completed=4/6; current=gitlab_strong_allocation_uniform_budget160_rep2
[2026-07-02T12:46:34-0700] runner active pids=[19316, 19317, 19318]; freshness=3s; completed=4/6; current=gitlab_strong_allocation_uniform_budget160_rep2
[2026-07-02T12:47:34-0700] runner active pids=[19316, 19317, 19318]; freshness=5s; completed=4/6; current=gitlab_strong_allocation_uniform_budget160_rep2
[2026-07-02T12:48:34-0700] runner active pids=[19316, 19317, 19318]; freshness=11s; completed=4/6; current=gitlab_strong_allocation_uniform_budget160_rep2
[2026-07-02T12:49:34-0700] runner active pids=[19316, 19317, 19318]; freshness=0s; completed=4/6; current=gitlab_strong_allocation_uniform_budget160_rep2
[2026-07-02T12:50:34-0700] runner active pids=[19316, 19317, 19318]; freshness=0s; completed=4/6; current=gitlab_strong_allocation_uniform_budget160_rep2
[2026-07-02T12:51:34-0700] runner active pids=[19316, 19317, 19318]; freshness=12s; completed=4/6; current=gitlab_strong_allocation_uniform_budget160_rep2
[2026-07-02T12:52:34-0700] runner active pids=[19316, 19317, 19318]; freshness=3s; completed=4/6; current=gitlab_strong_allocation_uniform_budget160_rep2
[2026-07-02T12:53:34-0700] runner active pids=[19316, 19317, 19318]; freshness=1s; completed=4/6; current=gitlab_strong_allocation_uniform_budget160_rep2
[2026-07-02T12:54:34-0700] runner active pids=[19316, 19317, 19318]; freshness=2s; completed=4/6; current=gitlab_strong_allocation_uniform_budget160_rep2
[2026-07-02T12:55:34-0700] runner active pids=[19316, 19317, 19318]; freshness=0s; completed=4/6; current=gitlab_strong_allocation_uniform_budget160_rep2
[2026-07-02T12:56:35-0700] runner active pids=[19316, 19317, 19318]; freshness=6s; completed=4/6; current=gitlab_strong_allocation_uniform_budget160_rep2
[2026-07-02T12:57:35-0700] runner active pids=[19316, 19317, 19318]; freshness=4s; completed=4/6; current=gitlab_strong_allocation_uniform_budget160_rep2
[2026-07-02T12:58:35-0700] runner active pids=[19316, 19317, 19318]; freshness=5s; completed=4/6; current=gitlab_strong_allocation_uniform_budget160_rep2
[2026-07-02T12:59:35-0700] runner active pids=[19316, 19317, 19318]; freshness=6s; completed=4/6; current=gitlab_strong_allocation_uniform_budget160_rep2
[2026-07-02T13:00:35-0700] runner active pids=[19316, 19317, 19318]; freshness=3s; completed=4/6; current=gitlab_strong_allocation_uniform_budget160_rep2
[2026-07-02T13:01:35-0700] runner active pids=[19316, 19317, 19318]; freshness=13s; completed=4/6; current=gitlab_strong_allocation_uniform_budget160_rep2
[2026-07-02T13:02:35-0700] runner active pids=[19316, 19317, 19318]; freshness=5s; completed=4/6; current=gitlab_strong_allocation_uniform_budget160_rep2
[2026-07-02T13:03:35-0700] runner active pids=[19316, 19317, 19318]; freshness=1s; completed=4/6; current=gitlab_strong_allocation_uniform_budget160_rep2
[2026-07-02T13:04:35-0700] runner active pids=[19316, 19317, 19318]; freshness=1s; completed=4/6; current=gitlab_strong_allocation_uniform_budget160_rep2
[2026-07-02T13:05:35-0700] runner active pids=[19316, 19317, 19318]; freshness=2s; completed=4/6; current=gitlab_strong_allocation_uniform_budget160_rep2
[2026-07-02T13:06:36-0700] runner active pids=[19316, 19317, 19318]; freshness=18s; completed=4/6; current=gitlab_strong_allocation_uniform_budget160_rep2
[2026-07-02T13:07:36-0700] runner active pids=[19316, 19317, 19318]; freshness=13s; completed=4/6; current=gitlab_strong_allocation_uniform_budget160_rep2
[2026-07-02T13:08:36-0700] runner active pids=[19316, 19317, 19318]; freshness=10s; completed=4/6; current=gitlab_strong_allocation_uniform_budget160_rep2
[2026-07-02T13:09:36-0700] runner active pids=[19316, 19317, 19318]; freshness=3s; completed=4/6; current=gitlab_strong_allocation_uniform_budget160_rep2
[2026-07-02T13:10:36-0700] runner active pids=[19316, 19317, 19318]; freshness=3s; completed=4/6; current=gitlab_strong_allocation_uniform_budget160_rep2
[2026-07-02T13:11:36-0700] runner active pids=[19316, 19317, 19318]; freshness=0s; completed=4/6; current=gitlab_strong_allocation_uniform_budget160_rep2
[2026-07-02T13:12:36-0700] runner active pids=[19316, 19317, 19318]; freshness=2s; completed=4/6; current=gitlab_strong_allocation_uniform_budget160_rep2
[2026-07-02T13:13:36-0700] runner active pids=[19316, 19317, 19318]; freshness=0s; completed=4/6; current=gitlab_strong_allocation_uniform_budget160_rep2
[2026-07-02T13:14:36-0700] runner active pids=[19316, 19317, 19318]; freshness=3s; completed=4/6; current=gitlab_strong_allocation_uniform_budget160_rep2
[2026-07-02T13:15:37-0700] runner active pids=[19316, 19317, 19318]; freshness=3s; completed=4/6; current=gitlab_strong_allocation_uniform_budget160_rep2
[2026-07-02T13:16:37-0700] runner active pids=[19316, 19317, 19318]; freshness=2s; completed=4/6; current=gitlab_strong_allocation_uniform_budget160_rep2
[2026-07-02T13:17:37-0700] runner active pids=[19316, 19317, 19318]; freshness=1s; completed=4/6; current=gitlab_strong_allocation_uniform_budget160_rep2
[2026-07-02T13:18:37-0700] runner active pids=[19316, 19317, 19318]; freshness=6s; completed=4/6; current=gitlab_strong_allocation_uniform_budget160_rep2
[2026-07-02T13:19:37-0700] runner active pids=[19316, 19317, 19318]; freshness=0s; completed=4/6; current=gitlab_strong_allocation_uniform_budget160_rep2
[2026-07-02T13:20:37-0700] runner active pids=[19316, 19317, 19318]; freshness=4s; completed=4/6; current=gitlab_strong_allocation_uniform_budget160_rep2
[2026-07-02T13:21:37-0700] runner active pids=[19316, 19317, 19318]; freshness=6s; completed=4/6; current=gitlab_strong_allocation_uniform_budget160_rep2
[2026-07-02T13:22:37-0700] runner active pids=[19316, 19317, 19318]; freshness=4s; completed=4/6; current=gitlab_strong_allocation_uniform_budget160_rep2
[2026-07-02T13:23:37-0700] runner active pids=[19316, 19317, 19318]; freshness=3s; completed=4/6; current=gitlab_strong_allocation_uniform_budget160_rep2
[2026-07-02T13:24:37-0700] runner active pids=[19316, 19317, 19318]; freshness=4s; completed=4/6; current=gitlab_strong_allocation_uniform_budget160_rep2
[2026-07-02T13:25:37-0700] runner active pids=[19316, 19317, 19318]; freshness=5s; completed=4/6; current=gitlab_strong_allocation_uniform_budget160_rep2
[2026-07-02T13:26:38-0700] runner active pids=[19316, 19317, 19318]; freshness=10s; completed=4/6; current=gitlab_strong_allocation_uniform_budget160_rep2
[2026-07-02T13:27:38-0700] runner active pids=[19316, 19317, 19318]; freshness=14s; completed=4/6; current=gitlab_strong_allocation_uniform_budget160_rep2
[2026-07-02T13:28:38-0700] runner active pids=[19316, 19317, 19318]; freshness=0s; completed=4/6; current=gitlab_strong_allocation_uniform_budget160_rep2
[2026-07-02T13:29:38-0700] runner active pids=[19316, 19317, 19318]; freshness=1s; completed=4/6; current=gitlab_strong_allocation_uniform_budget160_rep2
[2026-07-02T13:30:38-0700] runner active pids=[19316, 19317, 19318]; freshness=3s; completed=4/6; current=gitlab_strong_allocation_uniform_budget160_rep2
[2026-07-02T13:31:38-0700] runner active pids=[19316, 19317, 19318]; freshness=43s; completed=4/6; current=gitlab_strong_allocation_uniform_budget160_rep2
[2026-07-02T13:32:38-0700] runner active pids=[19316, 19317, 19318]; freshness=103s; completed=4/6; current=gitlab_strong_allocation_uniform_budget160_rep2
[2026-07-02T13:33:38-0700] runner active pids=[19316, 19317, 19318]; freshness=163s; completed=4/6; current=gitlab_strong_allocation_uniform_budget160_rep2
[2026-07-02T13:34:38-0700] runner active pids=[19316, 19317, 19318]; freshness=223s; completed=4/6; current=gitlab_strong_allocation_uniform_budget160_rep2
[2026-07-02T13:35:38-0700] runner active pids=[19316, 19317, 19318]; freshness=283s; completed=4/6; current=gitlab_strong_allocation_uniform_budget160_rep2
[2026-07-02T13:36:39-0700] runner active pids=[19316, 19317, 19318]; freshness=343s; completed=4/6; current=gitlab_strong_allocation_uniform_budget160_rep2
[2026-07-02T13:37:39-0700] runner active pids=[19316, 19317, 19318]; freshness=403s; completed=4/6; current=gitlab_strong_allocation_uniform_budget160_rep2
[2026-07-02T13:38:39-0700] runner active pids=[19316, 19317, 19318]; freshness=464s; completed=4/6; current=gitlab_strong_allocation_uniform_budget160_rep2
[2026-07-02T13:39:39-0700] runner active pids=[19316, 19317, 19318]; freshness=524s; completed=4/6; current=gitlab_strong_allocation_uniform_budget160_rep2
[2026-07-02T13:40:39-0700] runner active pids=[19316, 19317, 19318]; freshness=584s; completed=4/6; current=gitlab_strong_allocation_uniform_budget160_rep2
[2026-07-02T13:41:39-0700] stale runner detected age=644s pids=[19316, 19317, 19318]; terminating and resuming
[2026-07-02T13:41:45-0700] launched resume session=gitlab_alloc_resume_orm_budget160_rep2_61 job=gitlab_strong_allocation_uniform_budget160_rep2 next_t=61 merged=/Users/sanjay/projects/BerkeleyProjects/Research/IanWaudbySmith/coldStartPrompts/results/gitlab_strong_arm/allocation_160/logs/gitlab_strong_allocation_uniform_budget160_rep2_trial0_2026-07-02T18-43-33Z_MERGED_SO_FAR.jsonl
[2026-07-02T13:42:45-0700] runner active pids=[27175, 27176, 27177]; freshness=4s; completed=4/6; current=gitlab_strong_allocation_uniform_budget160_rep2
[2026-07-02T13:43:45-0700] runner active pids=[27175, 27176, 27177]; freshness=3s; completed=4/6; current=gitlab_strong_allocation_uniform_budget160_rep2
[2026-07-02T13:44:45-0700] runner active pids=[27175, 27176, 27177]; freshness=5s; completed=4/6; current=gitlab_strong_allocation_uniform_budget160_rep2
[2026-07-02T13:45:45-0700] runner active pids=[27175, 27176, 27177]; freshness=2s; completed=4/6; current=gitlab_strong_allocation_uniform_budget160_rep2
[2026-07-02T13:46:45-0700] runner active pids=[27175, 27176, 27177]; freshness=3s; completed=4/6; current=gitlab_strong_allocation_uniform_budget160_rep2
[2026-07-02T13:47:45-0700] runner active pids=[27175, 27176, 27177]; freshness=3s; completed=4/6; current=gitlab_strong_allocation_uniform_budget160_rep2
[2026-07-02T13:48:45-0700] runner active pids=[27175, 27176, 27177]; freshness=15s; completed=4/6; current=gitlab_strong_allocation_uniform_budget160_rep2
[2026-07-02T13:49:45-0700] runner active pids=[27175, 27176, 27177]; freshness=1s; completed=4/6; current=gitlab_strong_allocation_uniform_budget160_rep2
[2026-07-02T13:50:45-0700] runner active pids=[27175, 27176, 27177]; freshness=0s; completed=4/6; current=gitlab_strong_allocation_uniform_budget160_rep2
[2026-07-02T13:51:46-0700] runner active pids=[27175, 27176, 27177]; freshness=5s; completed=4/6; current=gitlab_strong_allocation_uniform_budget160_rep2
[2026-07-02T13:52:46-0700] runner active pids=[27175, 27176, 27177]; freshness=1s; completed=4/6; current=gitlab_strong_allocation_uniform_budget160_rep2
[2026-07-02T13:53:46-0700] runner active pids=[27175, 27176, 27177]; freshness=3s; completed=4/6; current=gitlab_strong_allocation_uniform_budget160_rep2
[2026-07-02T13:54:46-0700] runner active pids=[27175, 27176, 27177]; freshness=2s; completed=4/6; current=gitlab_strong_allocation_uniform_budget160_rep2
[2026-07-02T13:55:46-0700] runner active pids=[27175, 27176, 27177]; freshness=6s; completed=4/6; current=gitlab_strong_allocation_uniform_budget160_rep2
[2026-07-02T13:56:46-0700] runner active pids=[27175, 27176, 27177]; freshness=14s; completed=4/6; current=gitlab_strong_allocation_uniform_budget160_rep2
[2026-07-02T13:57:46-0700] runner active pids=[27175, 27176, 27177]; freshness=1s; completed=4/6; current=gitlab_strong_allocation_uniform_budget160_rep2
[2026-07-02T13:58:46-0700] runner active pids=[27175, 27176, 27177]; freshness=1s; completed=4/6; current=gitlab_strong_allocation_uniform_budget160_rep2
[2026-07-02T13:59:46-0700] runner active pids=[27175, 27176, 27177]; freshness=5s; completed=4/6; current=gitlab_strong_allocation_uniform_budget160_rep2
[2026-07-02T14:00:47-0700] runner active pids=[27175, 27176, 27177]; freshness=5s; completed=4/6; current=gitlab_strong_allocation_uniform_budget160_rep2
[2026-07-02T14:01:47-0700] runner active pids=[27175, 27176, 27177]; freshness=0s; completed=4/6; current=gitlab_strong_allocation_uniform_budget160_rep2
[2026-07-02T14:02:47-0700] runner active pids=[27175, 27176, 27177]; freshness=0s; completed=4/6; current=gitlab_strong_allocation_uniform_budget160_rep2
[2026-07-02T14:03:47-0700] merged gitlab_strong_allocation_uniform_budget160_rep2 FULL log: /Users/sanjay/projects/BerkeleyProjects/Research/IanWaudbySmith/coldStartPrompts/results/gitlab_strong_arm/allocation_160/logs/gitlab_strong_allocation_uniform_budget160_rep2_trial0_2026-07-02T18-43-33Z_FULL.jsonl rows=160 successes=33
[2026-07-02T14:03:47-0700] no runner active; starting allocation runner; completed=5/6
[2026-07-02T14:03:47-0700] launched allocation runner session=gitlab_allocation_160_continue
[2026-07-02T14:04:47-0700] runner active pids=[31817, 31818, 31819]; freshness=0s; completed=5/6; current=gitlab_strong_allocation_spruce_budget160_rep2
[2026-07-02T14:05:47-0700] runner active pids=[31817, 31818, 31819]; freshness=23s; completed=5/6; current=gitlab_strong_allocation_spruce_budget160_rep2
[2026-07-02T14:06:47-0700] runner active pids=[31817, 31818, 31819]; freshness=3s; completed=5/6; current=gitlab_strong_allocation_spruce_budget160_rep2
[2026-07-02T14:07:47-0700] runner active pids=[31817, 31818, 31819]; freshness=7s; completed=5/6; current=gitlab_strong_allocation_spruce_budget160_rep2
[2026-07-02T14:08:48-0700] runner active pids=[31817, 31818, 31819]; freshness=0s; completed=5/6; current=gitlab_strong_allocation_spruce_budget160_rep2
[2026-07-02T14:09:48-0700] runner active pids=[31817, 31818, 31819]; freshness=1s; completed=5/6; current=gitlab_strong_allocation_spruce_budget160_rep2
[2026-07-02T14:10:48-0700] runner active pids=[31817, 31818, 31819]; freshness=0s; completed=5/6; current=gitlab_strong_allocation_spruce_budget160_rep2
[2026-07-02T14:11:48-0700] runner active pids=[31817, 31818, 31819]; freshness=0s; completed=5/6; current=gitlab_strong_allocation_spruce_budget160_rep2
[2026-07-02T14:12:48-0700] runner active pids=[31817, 31818, 31819]; freshness=5s; completed=5/6; current=gitlab_strong_allocation_spruce_budget160_rep2
[2026-07-02T14:13:48-0700] runner active pids=[31817, 31818, 31819]; freshness=3s; completed=5/6; current=gitlab_strong_allocation_spruce_budget160_rep2
[2026-07-02T14:14:48-0700] runner active pids=[31817, 31818, 31819]; freshness=3s; completed=5/6; current=gitlab_strong_allocation_spruce_budget160_rep2
[2026-07-02T14:15:48-0700] runner active pids=[31817, 31818, 31819]; freshness=3s; completed=5/6; current=gitlab_strong_allocation_spruce_budget160_rep2
[2026-07-02T14:16:48-0700] runner active pids=[31817, 31818, 31819]; freshness=1s; completed=5/6; current=gitlab_strong_allocation_spruce_budget160_rep2
[2026-07-02T14:17:48-0700] runner active pids=[31817, 31818, 31819]; freshness=3s; completed=5/6; current=gitlab_strong_allocation_spruce_budget160_rep2
[2026-07-02T14:18:48-0700] runner active pids=[31817, 31818, 31819]; freshness=1s; completed=5/6; current=gitlab_strong_allocation_spruce_budget160_rep2
[2026-07-02T14:19:49-0700] runner active pids=[31817, 31818, 31819]; freshness=1s; completed=5/6; current=gitlab_strong_allocation_spruce_budget160_rep2
[2026-07-02T14:20:49-0700] runner active pids=[31817, 31818, 31819]; freshness=4s; completed=5/6; current=gitlab_strong_allocation_spruce_budget160_rep2
[2026-07-02T14:21:49-0700] runner active pids=[31817, 31818, 31819]; freshness=1s; completed=5/6; current=gitlab_strong_allocation_spruce_budget160_rep2
[2026-07-02T14:22:49-0700] runner active pids=[31817, 31818, 31819]; freshness=2s; completed=5/6; current=gitlab_strong_allocation_spruce_budget160_rep2
[2026-07-02T14:23:49-0700] runner active pids=[31817, 31818, 31819]; freshness=1s; completed=5/6; current=gitlab_strong_allocation_spruce_budget160_rep2
[2026-07-02T14:24:49-0700] runner active pids=[31817, 31818, 31819]; freshness=2s; completed=5/6; current=gitlab_strong_allocation_spruce_budget160_rep2
[2026-07-02T14:25:49-0700] runner active pids=[31817, 31818, 31819]; freshness=0s; completed=5/6; current=gitlab_strong_allocation_spruce_budget160_rep2
[2026-07-02T14:26:49-0700] runner active pids=[31817, 31818, 31819]; freshness=1s; completed=5/6; current=gitlab_strong_allocation_spruce_budget160_rep2
[2026-07-02T14:27:49-0700] runner active pids=[31817, 31818, 31819]; freshness=1s; completed=5/6; current=gitlab_strong_allocation_spruce_budget160_rep2
[2026-07-02T14:28:50-0700] runner active pids=[31817, 31818, 31819]; freshness=2s; completed=5/6; current=gitlab_strong_allocation_spruce_budget160_rep2
[2026-07-02T14:29:50-0700] runner active pids=[31817, 31818, 31819]; freshness=2s; completed=5/6; current=gitlab_strong_allocation_spruce_budget160_rep2
[2026-07-02T14:30:50-0700] runner active pids=[31817, 31818, 31819]; freshness=0s; completed=5/6; current=gitlab_strong_allocation_spruce_budget160_rep2
[2026-07-02T14:31:50-0700] runner active pids=[31817, 31818, 31819]; freshness=5s; completed=5/6; current=gitlab_strong_allocation_spruce_budget160_rep2
[2026-07-02T14:32:50-0700] runner active pids=[31817, 31818, 31819]; freshness=1s; completed=5/6; current=gitlab_strong_allocation_spruce_budget160_rep2
[2026-07-02T14:33:50-0700] runner active pids=[31817, 31818, 31819]; freshness=4s; completed=5/6; current=gitlab_strong_allocation_spruce_budget160_rep2
[2026-07-02T14:34:50-0700] runner active pids=[31817, 31818, 31819]; freshness=0s; completed=5/6; current=gitlab_strong_allocation_spruce_budget160_rep2
[2026-07-02T14:35:50-0700] runner active pids=[31817, 31818, 31819]; freshness=2s; completed=5/6; current=gitlab_strong_allocation_spruce_budget160_rep2
[2026-07-02T14:36:50-0700] runner active pids=[31817, 31818, 31819]; freshness=2s; completed=5/6; current=gitlab_strong_allocation_spruce_budget160_rep2
[2026-07-02T14:37:50-0700] runner active pids=[31817, 31818, 31819]; freshness=2s; completed=5/6; current=gitlab_strong_allocation_spruce_budget160_rep2
[2026-07-02T14:38:51-0700] runner active pids=[31817, 31818, 31819]; freshness=9s; completed=5/6; current=gitlab_strong_allocation_spruce_budget160_rep2
[2026-07-02T14:39:51-0700] runner active pids=[31817, 31818, 31819]; freshness=1s; completed=5/6; current=gitlab_strong_allocation_spruce_budget160_rep2
[2026-07-02T14:40:51-0700] runner active pids=[31817, 31818, 31819]; freshness=2s; completed=5/6; current=gitlab_strong_allocation_spruce_budget160_rep2
[2026-07-02T14:41:51-0700] runner active pids=[31817, 31818, 31819]; freshness=6s; completed=5/6; current=gitlab_strong_allocation_spruce_budget160_rep2
[2026-07-02T14:42:51-0700] runner active pids=[31817, 31818, 31819]; freshness=0s; completed=5/6; current=gitlab_strong_allocation_spruce_budget160_rep2
[2026-07-02T14:43:51-0700] runner active pids=[31817, 31818, 31819]; freshness=37s; completed=5/6; current=gitlab_strong_allocation_spruce_budget160_rep2
[2026-07-02T14:44:51-0700] runner active pids=[31817, 31818, 31819]; freshness=97s; completed=5/6; current=gitlab_strong_allocation_spruce_budget160_rep2
[2026-07-02T14:45:51-0700] runner active pids=[31817, 31818, 31819]; freshness=157s; completed=5/6; current=gitlab_strong_allocation_spruce_budget160_rep2
[2026-07-02T14:46:51-0700] runner active pids=[31817, 31818, 31819]; freshness=217s; completed=5/6; current=gitlab_strong_allocation_spruce_budget160_rep2
[2026-07-02T14:47:52-0700] runner active pids=[31817, 31818, 31819]; freshness=277s; completed=5/6; current=gitlab_strong_allocation_spruce_budget160_rep2
[2026-07-02T14:48:52-0700] runner active pids=[31817, 31818, 31819]; freshness=337s; completed=5/6; current=gitlab_strong_allocation_spruce_budget160_rep2
[2026-07-02T14:49:52-0700] runner active pids=[31817, 31818, 31819]; freshness=398s; completed=5/6; current=gitlab_strong_allocation_spruce_budget160_rep2
[2026-07-02T14:50:52-0700] runner active pids=[31817, 31818, 31819]; freshness=458s; completed=5/6; current=gitlab_strong_allocation_spruce_budget160_rep2
[2026-07-02T14:51:52-0700] runner active pids=[31817, 31818, 31819]; freshness=518s; completed=5/6; current=gitlab_strong_allocation_spruce_budget160_rep2
[2026-07-02T14:52:52-0700] runner active pids=[31817, 31818, 31819]; freshness=578s; completed=5/6; current=gitlab_strong_allocation_spruce_budget160_rep2
[2026-07-02T14:53:52-0700] stale runner detected age=638s pids=[31817, 31818, 31819]; terminating and resuming
[2026-07-02T14:53:58-0700] launched resume session=gitlab_alloc_resume_uce_budget160_rep2_31 job=gitlab_strong_allocation_spruce_budget160_rep2 next_t=31 merged=/Users/sanjay/projects/BerkeleyProjects/Research/IanWaudbySmith/coldStartPrompts/results/gitlab_strong_arm/allocation_160/logs/gitlab_strong_allocation_spruce_budget160_rep2_trial0_2026-07-02T21-04-00Z_MERGED_SO_FAR.jsonl
[2026-07-02T14:54:58-0700] runner active pids=[39409, 39410, 39411]; freshness=3s; completed=5/6; current=gitlab_strong_allocation_spruce_budget160_rep2
[2026-07-02T14:55:58-0700] runner active pids=[39409, 39410, 39411]; freshness=1s; completed=5/6; current=gitlab_strong_allocation_spruce_budget160_rep2
[2026-07-02T14:56:58-0700] runner active pids=[39409, 39410, 39411]; freshness=1s; completed=5/6; current=gitlab_strong_allocation_spruce_budget160_rep2
[2026-07-02T14:57:58-0700] runner active pids=[39409, 39410, 39411]; freshness=2s; completed=5/6; current=gitlab_strong_allocation_spruce_budget160_rep2
[2026-07-02T14:58:58-0700] runner active pids=[39409, 39410, 39411]; freshness=1s; completed=5/6; current=gitlab_strong_allocation_spruce_budget160_rep2
[2026-07-02T14:59:58-0700] runner active pids=[39409, 39410, 39411]; freshness=5s; completed=5/6; current=gitlab_strong_allocation_spruce_budget160_rep2
[2026-07-02T15:00:58-0700] runner active pids=[39409, 39410, 39411]; freshness=3s; completed=5/6; current=gitlab_strong_allocation_spruce_budget160_rep2
[2026-07-02T15:01:59-0700] runner active pids=[39409, 39410, 39411]; freshness=2s; completed=5/6; current=gitlab_strong_allocation_spruce_budget160_rep2
[2026-07-02T15:02:59-0700] runner active pids=[39409, 39410, 39411]; freshness=3s; completed=5/6; current=gitlab_strong_allocation_spruce_budget160_rep2
[2026-07-02T15:03:59-0700] runner active pids=[39409, 39410, 39411]; freshness=6s; completed=5/6; current=gitlab_strong_allocation_spruce_budget160_rep2
[2026-07-02T15:04:59-0700] runner active pids=[39409, 39410, 39411]; freshness=3s; completed=5/6; current=gitlab_strong_allocation_spruce_budget160_rep2
[2026-07-02T15:05:59-0700] runner active pids=[39409, 39410, 39411]; freshness=10s; completed=5/6; current=gitlab_strong_allocation_spruce_budget160_rep2
[2026-07-02T15:06:59-0700] runner active pids=[39409, 39410, 39411]; freshness=3s; completed=5/6; current=gitlab_strong_allocation_spruce_budget160_rep2
[2026-07-02T15:07:59-0700] runner active pids=[39409, 39410, 39411]; freshness=2s; completed=5/6; current=gitlab_strong_allocation_spruce_budget160_rep2
[2026-07-02T15:08:59-0700] runner active pids=[39409, 39410, 39411]; freshness=4s; completed=5/6; current=gitlab_strong_allocation_spruce_budget160_rep2
[2026-07-02T15:09:59-0700] runner active pids=[39409, 39410, 39411]; freshness=1s; completed=5/6; current=gitlab_strong_allocation_spruce_budget160_rep2
[2026-07-02T15:10:59-0700] runner active pids=[39409, 39410, 39411]; freshness=0s; completed=5/6; current=gitlab_strong_allocation_spruce_budget160_rep2
[2026-07-02T15:12:00-0700] runner active pids=[39409, 39410, 39411]; freshness=10s; completed=5/6; current=gitlab_strong_allocation_spruce_budget160_rep2
[2026-07-02T15:13:00-0700] runner active pids=[39409, 39410, 39411]; freshness=1s; completed=5/6; current=gitlab_strong_allocation_spruce_budget160_rep2
[2026-07-02T15:14:00-0700] runner active pids=[39409, 39410, 39411]; freshness=2s; completed=5/6; current=gitlab_strong_allocation_spruce_budget160_rep2
[2026-07-02T15:15:00-0700] runner active pids=[39409, 39410, 39411]; freshness=2s; completed=5/6; current=gitlab_strong_allocation_spruce_budget160_rep2
[2026-07-02T15:16:00-0700] runner active pids=[39409, 39410, 39411]; freshness=6s; completed=5/6; current=gitlab_strong_allocation_spruce_budget160_rep2
[2026-07-02T15:17:00-0700] runner active pids=[39409, 39410, 39411]; freshness=2s; completed=5/6; current=gitlab_strong_allocation_spruce_budget160_rep2
[2026-07-02T15:18:00-0700] runner active pids=[39409, 39410, 39411]; freshness=3s; completed=5/6; current=gitlab_strong_allocation_spruce_budget160_rep2
[2026-07-02T15:19:00-0700] runner active pids=[39409, 39410, 39411]; freshness=3s; completed=5/6; current=gitlab_strong_allocation_spruce_budget160_rep2
[2026-07-02T15:20:00-0700] runner active pids=[39409, 39410, 39411]; freshness=10s; completed=5/6; current=gitlab_strong_allocation_spruce_budget160_rep2
[2026-07-02T15:21:01-0700] runner active pids=[39409, 39410, 39411]; freshness=1s; completed=5/6; current=gitlab_strong_allocation_spruce_budget160_rep2
[2026-07-02T15:22:01-0700] runner active pids=[39409, 39410, 39411]; freshness=3s; completed=5/6; current=gitlab_strong_allocation_spruce_budget160_rep2
[2026-07-02T15:23:01-0700] runner active pids=[39409, 39410, 39411]; freshness=2s; completed=5/6; current=gitlab_strong_allocation_spruce_budget160_rep2
[2026-07-02T15:24:01-0700] runner active pids=[39409, 39410, 39411]; freshness=1s; completed=5/6; current=gitlab_strong_allocation_spruce_budget160_rep2
[2026-07-02T15:25:01-0700] runner active pids=[39409, 39410, 39411]; freshness=0s; completed=5/6; current=gitlab_strong_allocation_spruce_budget160_rep2
[2026-07-02T15:26:01-0700] runner active pids=[39409, 39410, 39411]; freshness=2s; completed=5/6; current=gitlab_strong_allocation_spruce_budget160_rep2
[2026-07-02T15:27:01-0700] runner active pids=[39409, 39410, 39411]; freshness=2s; completed=5/6; current=gitlab_strong_allocation_spruce_budget160_rep2
[2026-07-02T15:28:01-0700] runner active pids=[39409, 39410, 39411]; freshness=1s; completed=5/6; current=gitlab_strong_allocation_spruce_budget160_rep2
[2026-07-02T15:29:01-0700] runner active pids=[39409, 39410, 39411]; freshness=1s; completed=5/6; current=gitlab_strong_allocation_spruce_budget160_rep2
[2026-07-02T15:30:01-0700] runner active pids=[39409, 39410, 39411]; freshness=3s; completed=5/6; current=gitlab_strong_allocation_spruce_budget160_rep2
[2026-07-02T15:31:02-0700] runner active pids=[39409, 39410, 39411]; freshness=7s; completed=5/6; current=gitlab_strong_allocation_spruce_budget160_rep2
[2026-07-02T15:32:02-0700] runner active pids=[39409, 39410, 39411]; freshness=5s; completed=5/6; current=gitlab_strong_allocation_spruce_budget160_rep2
[2026-07-02T15:33:02-0700] runner active pids=[39409, 39410, 39411]; freshness=1s; completed=5/6; current=gitlab_strong_allocation_spruce_budget160_rep2
[2026-07-02T15:34:02-0700] runner active pids=[39409, 39410, 39411]; freshness=1s; completed=5/6; current=gitlab_strong_allocation_spruce_budget160_rep2
[2026-07-02T15:35:02-0700] runner active pids=[39409, 39410, 39411]; freshness=1s; completed=5/6; current=gitlab_strong_allocation_spruce_budget160_rep2
[2026-07-02T15:36:02-0700] runner active pids=[39409, 39410, 39411]; freshness=1s; completed=5/6; current=gitlab_strong_allocation_spruce_budget160_rep2
[2026-07-02T15:37:02-0700] runner active pids=[39409, 39410, 39411]; freshness=0s; completed=5/6; current=gitlab_strong_allocation_spruce_budget160_rep2
[2026-07-02T15:38:02-0700] runner active pids=[39409, 39410, 39411]; freshness=2s; completed=5/6; current=gitlab_strong_allocation_spruce_budget160_rep2
[2026-07-02T15:39:02-0700] runner active pids=[39409, 39410, 39411]; freshness=2s; completed=5/6; current=gitlab_strong_allocation_spruce_budget160_rep2
[2026-07-02T15:40:03-0700] runner active pids=[39409, 39410, 39411]; freshness=13s; completed=5/6; current=gitlab_strong_allocation_spruce_budget160_rep2
[2026-07-02T15:41:03-0700] runner active pids=[39409, 39410, 39411]; freshness=74s; completed=5/6; current=gitlab_strong_allocation_spruce_budget160_rep2
[2026-07-02T15:42:03-0700] runner active pids=[39409, 39410, 39411]; freshness=134s; completed=5/6; current=gitlab_strong_allocation_spruce_budget160_rep2
[2026-07-02T15:43:03-0700] runner active pids=[39409, 39410, 39411]; freshness=194s; completed=5/6; current=gitlab_strong_allocation_spruce_budget160_rep2
[2026-07-02T15:44:03-0700] runner active pids=[39409, 39410, 39411]; freshness=254s; completed=5/6; current=gitlab_strong_allocation_spruce_budget160_rep2
[2026-07-02T15:45:03-0700] runner active pids=[39409, 39410, 39411]; freshness=314s; completed=5/6; current=gitlab_strong_allocation_spruce_budget160_rep2
[2026-07-02T15:46:03-0700] runner active pids=[39409, 39410, 39411]; freshness=374s; completed=5/6; current=gitlab_strong_allocation_spruce_budget160_rep2
[2026-07-02T15:47:03-0700] runner active pids=[39409, 39410, 39411]; freshness=434s; completed=5/6; current=gitlab_strong_allocation_spruce_budget160_rep2
[2026-07-02T15:48:04-0700] runner active pids=[39409, 39410, 39411]; freshness=494s; completed=5/6; current=gitlab_strong_allocation_spruce_budget160_rep2
[2026-07-02T15:49:04-0700] runner active pids=[39409, 39410, 39411]; freshness=554s; completed=5/6; current=gitlab_strong_allocation_spruce_budget160_rep2
[2026-07-02T15:50:04-0700] stale runner detected age=615s pids=[39409, 39410, 39411]; terminating and resuming
[2026-07-02T15:50:09-0700] launched resume session=gitlab_alloc_resume_uce_budget160_rep2_61 job=gitlab_strong_allocation_spruce_budget160_rep2 next_t=61 merged=/Users/sanjay/projects/BerkeleyProjects/Research/IanWaudbySmith/coldStartPrompts/results/gitlab_strong_arm/allocation_160/logs/gitlab_strong_allocation_spruce_budget160_rep2_trial0_2026-07-02T21-04-00Z_MERGED_SO_FAR.jsonl
[2026-07-02T15:51:09-0700] runner active pids=[46402, 46403, 46404]; freshness=4s; completed=5/6; current=gitlab_strong_allocation_spruce_budget160_rep2
[2026-07-02T15:52:09-0700] runner active pids=[46402, 46403, 46404]; freshness=2s; completed=5/6; current=gitlab_strong_allocation_spruce_budget160_rep2
[2026-07-02T15:53:10-0700] runner active pids=[46402, 46403, 46404]; freshness=2s; completed=5/6; current=gitlab_strong_allocation_spruce_budget160_rep2
[2026-07-02T15:54:10-0700] runner active pids=[46402, 46403, 46404]; freshness=5s; completed=5/6; current=gitlab_strong_allocation_spruce_budget160_rep2
[2026-07-02T15:55:10-0700] runner active pids=[46402, 46403, 46404]; freshness=1s; completed=5/6; current=gitlab_strong_allocation_spruce_budget160_rep2
[2026-07-02T15:56:10-0700] runner active pids=[46402, 46403, 46404]; freshness=5s; completed=5/6; current=gitlab_strong_allocation_spruce_budget160_rep2
[2026-07-02T15:57:10-0700] runner active pids=[46402, 46403, 46404]; freshness=1s; completed=5/6; current=gitlab_strong_allocation_spruce_budget160_rep2
[2026-07-02T15:58:10-0700] runner active pids=[46402, 46403, 46404]; freshness=5s; completed=5/6; current=gitlab_strong_allocation_spruce_budget160_rep2
[2026-07-02T15:59:10-0700] runner active pids=[46402, 46403, 46404]; freshness=5s; completed=5/6; current=gitlab_strong_allocation_spruce_budget160_rep2
[2026-07-02T16:00:10-0700] runner active pids=[46402, 46403, 46404]; freshness=7s; completed=5/6; current=gitlab_strong_allocation_spruce_budget160_rep2
[2026-07-02T16:01:10-0700] runner active pids=[46402, 46403, 46404]; freshness=4s; completed=5/6; current=gitlab_strong_allocation_spruce_budget160_rep2
[2026-07-02T16:02:11-0700] runner active pids=[46402, 46403, 46404]; freshness=0s; completed=5/6; current=gitlab_strong_allocation_spruce_budget160_rep2
[2026-07-02T16:03:11-0700] runner active pids=[46402, 46403, 46404]; freshness=1s; completed=5/6; current=gitlab_strong_allocation_spruce_budget160_rep2
[2026-07-02T16:04:11-0700] runner active pids=[46402, 46403, 46404]; freshness=4s; completed=5/6; current=gitlab_strong_allocation_spruce_budget160_rep2
[2026-07-02T16:05:11-0700] runner active pids=[46402, 46403, 46404]; freshness=1s; completed=5/6; current=gitlab_strong_allocation_spruce_budget160_rep2
[2026-07-02T16:06:11-0700] runner active pids=[46402, 46403, 46404]; freshness=6s; completed=5/6; current=gitlab_strong_allocation_spruce_budget160_rep2
[2026-07-02T16:07:11-0700] runner active pids=[46402, 46403, 46404]; freshness=2s; completed=5/6; current=gitlab_strong_allocation_spruce_budget160_rep2
[2026-07-02T16:08:11-0700] runner active pids=[46402, 46403, 46404]; freshness=9s; completed=5/6; current=gitlab_strong_allocation_spruce_budget160_rep2
[2026-07-02T16:09:11-0700] runner active pids=[46402, 46403, 46404]; freshness=0s; completed=5/6; current=gitlab_strong_allocation_spruce_budget160_rep2
[2026-07-02T16:10:11-0700] runner active pids=[46402, 46403, 46404]; freshness=2s; completed=5/6; current=gitlab_strong_allocation_spruce_budget160_rep2
[2026-07-02T16:11:11-0700] runner active pids=[46402, 46403, 46404]; freshness=2s; completed=5/6; current=gitlab_strong_allocation_spruce_budget160_rep2
[2026-07-02T16:12:12-0700] runner active pids=[46402, 46403, 46404]; freshness=0s; completed=5/6; current=gitlab_strong_allocation_spruce_budget160_rep2
[2026-07-02T16:13:12-0700] runner active pids=[46402, 46403, 46404]; freshness=0s; completed=5/6; current=gitlab_strong_allocation_spruce_budget160_rep2
[2026-07-02T16:14:12-0700] runner active pids=[46402, 46403, 46404]; freshness=4s; completed=5/6; current=gitlab_strong_allocation_spruce_budget160_rep2
[2026-07-02T16:15:12-0700] runner active pids=[46402, 46403, 46404]; freshness=1s; completed=5/6; current=gitlab_strong_allocation_spruce_budget160_rep2
[2026-07-02T16:16:12-0700] runner active pids=[46402, 46403, 46404]; freshness=5s; completed=5/6; current=gitlab_strong_allocation_spruce_budget160_rep2
[2026-07-02T16:17:12-0700] runner active pids=[46402, 46403, 46404]; freshness=2s; completed=5/6; current=gitlab_strong_allocation_spruce_budget160_rep2
[2026-07-02T16:18:12-0700] runner active pids=[46402, 46403, 46404]; freshness=19s; completed=5/6; current=gitlab_strong_allocation_spruce_budget160_rep2
[2026-07-02T16:19:12-0700] runner active pids=[46402, 46403, 46404]; freshness=4s; completed=5/6; current=gitlab_strong_allocation_spruce_budget160_rep2
[2026-07-02T16:20:12-0700] runner active pids=[46402, 46403, 46404]; freshness=0s; completed=5/6; current=gitlab_strong_allocation_spruce_budget160_rep2
[2026-07-02T16:21:13-0700] runner active pids=[46402, 46403, 46404]; freshness=4s; completed=5/6; current=gitlab_strong_allocation_spruce_budget160_rep2
[2026-07-02T16:22:13-0700] runner active pids=[46402, 46403, 46404]; freshness=6s; completed=5/6; current=gitlab_strong_allocation_spruce_budget160_rep2
[2026-07-02T16:23:13-0700] runner active pids=[46402, 46403, 46404]; freshness=0s; completed=5/6; current=gitlab_strong_allocation_spruce_budget160_rep2
[2026-07-02T16:24:13-0700] runner active pids=[46402, 46403, 46404]; freshness=6s; completed=5/6; current=gitlab_strong_allocation_spruce_budget160_rep2
[2026-07-02T16:25:13-0700] runner active pids=[46402, 46403, 46404]; freshness=7s; completed=5/6; current=gitlab_strong_allocation_spruce_budget160_rep2
[2026-07-02T16:26:13-0700] runner active pids=[46402, 46403, 46404]; freshness=0s; completed=5/6; current=gitlab_strong_allocation_spruce_budget160_rep2
[2026-07-02T16:27:13-0700] runner active pids=[46402, 46403, 46404]; freshness=2s; completed=5/6; current=gitlab_strong_allocation_spruce_budget160_rep2
[2026-07-02T16:28:13-0700] runner active pids=[46402, 46403, 46404]; freshness=1s; completed=5/6; current=gitlab_strong_allocation_spruce_budget160_rep2
[2026-07-02T16:29:13-0700] runner active pids=[46402, 46403, 46404]; freshness=2s; completed=5/6; current=gitlab_strong_allocation_spruce_budget160_rep2
[2026-07-02T16:30:14-0700] runner active pids=[46402, 46403, 46404]; freshness=4s; completed=5/6; current=gitlab_strong_allocation_spruce_budget160_rep2
[2026-07-02T16:31:14-0700] runner active pids=[46402, 46403, 46404]; freshness=2s; completed=5/6; current=gitlab_strong_allocation_spruce_budget160_rep2
[2026-07-02T16:32:14-0700] runner active pids=[46402, 46403, 46404]; freshness=8s; completed=5/6; current=gitlab_strong_allocation_spruce_budget160_rep2
[2026-07-02T16:33:14-0700] runner active pids=[46402, 46403, 46404]; freshness=3s; completed=5/6; current=gitlab_strong_allocation_spruce_budget160_rep2
[2026-07-02T16:34:14-0700] runner active pids=[46402, 46403, 46404]; freshness=0s; completed=5/6; current=gitlab_strong_allocation_spruce_budget160_rep2
[2026-07-02T16:35:14-0700] runner active pids=[46402, 46403, 46404]; freshness=7s; completed=5/6; current=gitlab_strong_allocation_spruce_budget160_rep2
[2026-07-02T16:36:14-0700] runner active pids=[46402, 46403, 46404]; freshness=1s; completed=5/6; current=gitlab_strong_allocation_spruce_budget160_rep2
[2026-07-02T16:37:14-0700] runner active pids=[46402, 46403, 46404]; freshness=12s; completed=5/6; current=gitlab_strong_allocation_spruce_budget160_rep2
[2026-07-02T16:38:14-0700] runner active pids=[46402, 46403, 46404]; freshness=0s; completed=5/6; current=gitlab_strong_allocation_spruce_budget160_rep2
[2026-07-02T16:39:14-0700] runner active pids=[46402, 46403, 46404]; freshness=1s; completed=5/6; current=gitlab_strong_allocation_spruce_budget160_rep2
[2026-07-02T16:40:15-0700] runner active pids=[46402, 46403, 46404]; freshness=7s; completed=5/6; current=gitlab_strong_allocation_spruce_budget160_rep2
[2026-07-02T16:41:15-0700] runner active pids=[46402, 46403, 46404]; freshness=17s; completed=5/6; current=gitlab_strong_allocation_spruce_budget160_rep2
[2026-07-02T16:42:15-0700] runner active pids=[46402, 46403, 46404]; freshness=77s; completed=5/6; current=gitlab_strong_allocation_spruce_budget160_rep2
[2026-07-02T16:43:15-0700] runner active pids=[46402, 46403, 46404]; freshness=137s; completed=5/6; current=gitlab_strong_allocation_spruce_budget160_rep2
[2026-07-02T16:44:15-0700] runner active pids=[46402, 46403, 46404]; freshness=197s; completed=5/6; current=gitlab_strong_allocation_spruce_budget160_rep2
[2026-07-02T16:45:15-0700] runner active pids=[46402, 46403, 46404]; freshness=257s; completed=5/6; current=gitlab_strong_allocation_spruce_budget160_rep2
[2026-07-02T16:46:15-0700] runner active pids=[46402, 46403, 46404]; freshness=317s; completed=5/6; current=gitlab_strong_allocation_spruce_budget160_rep2
[2026-07-02T16:47:15-0700] runner active pids=[46402, 46403, 46404]; freshness=377s; completed=5/6; current=gitlab_strong_allocation_spruce_budget160_rep2
[2026-07-02T16:48:15-0700] runner active pids=[46402, 46403, 46404]; freshness=437s; completed=5/6; current=gitlab_strong_allocation_spruce_budget160_rep2
[2026-07-02T16:49:16-0700] runner active pids=[46402, 46403, 46404]; freshness=497s; completed=5/6; current=gitlab_strong_allocation_spruce_budget160_rep2
[2026-07-02T16:50:16-0700] runner active pids=[46402, 46403, 46404]; freshness=558s; completed=5/6; current=gitlab_strong_allocation_spruce_budget160_rep2
[2026-07-02T16:51:16-0700] stale runner detected age=618s pids=[46402, 46403, 46404]; terminating and resuming
[2026-07-02T16:51:21-0700] launched resume session=gitlab_alloc_resume_uce_budget160_rep2_91 job=gitlab_strong_allocation_spruce_budget160_rep2 next_t=91 merged=/Users/sanjay/projects/BerkeleyProjects/Research/IanWaudbySmith/coldStartPrompts/results/gitlab_strong_arm/allocation_160/logs/gitlab_strong_allocation_spruce_budget160_rep2_trial0_2026-07-02T21-04-00Z_MERGED_SO_FAR.jsonl
[2026-07-02T16:52:21-0700] runner active pids=[53717, 53718, 53719]; freshness=5s; completed=5/6; current=gitlab_strong_allocation_spruce_budget160_rep2
[2026-07-02T16:53:21-0700] runner active pids=[53717, 53718, 53719]; freshness=6s; completed=5/6; current=gitlab_strong_allocation_spruce_budget160_rep2
[2026-07-02T16:54:22-0700] runner active pids=[53717, 53718, 53719]; freshness=3s; completed=5/6; current=gitlab_strong_allocation_spruce_budget160_rep2
[2026-07-02T16:55:22-0700] runner active pids=[53717, 53718, 53719]; freshness=2s; completed=5/6; current=gitlab_strong_allocation_spruce_budget160_rep2
[2026-07-02T16:56:22-0700] runner active pids=[53717, 53718, 53719]; freshness=5s; completed=5/6; current=gitlab_strong_allocation_spruce_budget160_rep2
[2026-07-02T16:57:22-0700] runner active pids=[53717, 53718, 53719]; freshness=3s; completed=5/6; current=gitlab_strong_allocation_spruce_budget160_rep2
[2026-07-02T16:58:22-0700] runner active pids=[53717, 53718, 53719]; freshness=3s; completed=5/6; current=gitlab_strong_allocation_spruce_budget160_rep2
[2026-07-02T16:59:22-0700] runner active pids=[53717, 53718, 53719]; freshness=0s; completed=5/6; current=gitlab_strong_allocation_spruce_budget160_rep2
[2026-07-02T17:00:22-0700] runner active pids=[53717, 53718, 53719]; freshness=4s; completed=5/6; current=gitlab_strong_allocation_spruce_budget160_rep2
[2026-07-02T17:01:22-0700] runner active pids=[53717, 53718, 53719]; freshness=0s; completed=5/6; current=gitlab_strong_allocation_spruce_budget160_rep2
[2026-07-02T17:02:22-0700] runner active pids=[53717, 53718, 53719]; freshness=1s; completed=5/6; current=gitlab_strong_allocation_spruce_budget160_rep2
[2026-07-02T17:03:23-0700] runner active pids=[53717, 53718, 53719]; freshness=2s; completed=5/6; current=gitlab_strong_allocation_spruce_budget160_rep2
[2026-07-02T17:04:23-0700] runner active pids=[53717, 53718, 53719]; freshness=0s; completed=5/6; current=gitlab_strong_allocation_spruce_budget160_rep2
[2026-07-02T17:05:23-0700] runner active pids=[53717, 53718, 53719]; freshness=7s; completed=5/6; current=gitlab_strong_allocation_spruce_budget160_rep2
[2026-07-02T17:06:23-0700] runner active pids=[53717, 53718, 53719]; freshness=6s; completed=5/6; current=gitlab_strong_allocation_spruce_budget160_rep2
[2026-07-02T17:07:23-0700] runner active pids=[53717, 53718, 53719]; freshness=5s; completed=5/6; current=gitlab_strong_allocation_spruce_budget160_rep2
[2026-07-02T17:08:23-0700] runner active pids=[53717, 53718, 53719]; freshness=4s; completed=5/6; current=gitlab_strong_allocation_spruce_budget160_rep2
[2026-07-02T17:09:23-0700] runner active pids=[53717, 53718, 53719]; freshness=1s; completed=5/6; current=gitlab_strong_allocation_spruce_budget160_rep2
[2026-07-02T17:10:23-0700] runner active pids=[53717, 53718, 53719]; freshness=8s; completed=5/6; current=gitlab_strong_allocation_spruce_budget160_rep2
[2026-07-02T17:11:23-0700] runner active pids=[53717, 53718, 53719]; freshness=3s; completed=5/6; current=gitlab_strong_allocation_spruce_budget160_rep2
[2026-07-02T17:12:24-0700] runner active pids=[53717, 53718, 53719]; freshness=7s; completed=5/6; current=gitlab_strong_allocation_spruce_budget160_rep2
[2026-07-02T17:13:24-0700] runner active pids=[53717, 53718, 53719]; freshness=1s; completed=5/6; current=gitlab_strong_allocation_spruce_budget160_rep2
[2026-07-02T17:14:24-0700] runner active pids=[53717, 53718, 53719]; freshness=0s; completed=5/6; current=gitlab_strong_allocation_spruce_budget160_rep2
[2026-07-02T17:15:24-0700] runner active pids=[53717, 53718, 53719]; freshness=16s; completed=5/6; current=gitlab_strong_allocation_spruce_budget160_rep2
[2026-07-02T17:16:24-0700] runner active pids=[53717, 53718, 53719]; freshness=5s; completed=5/6; current=gitlab_strong_allocation_spruce_budget160_rep2
[2026-07-02T17:17:24-0700] runner active pids=[53717, 53718, 53719]; freshness=0s; completed=5/6; current=gitlab_strong_allocation_spruce_budget160_rep2
[2026-07-02T17:18:24-0700] runner active pids=[53717, 53718, 53719]; freshness=6s; completed=5/6; current=gitlab_strong_allocation_spruce_budget160_rep2
[2026-07-02T17:19:24-0700] runner active pids=[53717, 53718, 53719]; freshness=1s; completed=5/6; current=gitlab_strong_allocation_spruce_budget160_rep2
[2026-07-02T17:20:24-0700] runner active pids=[53717, 53718, 53719]; freshness=7s; completed=5/6; current=gitlab_strong_allocation_spruce_budget160_rep2
[2026-07-02T17:21:24-0700] runner active pids=[53717, 53718, 53719]; freshness=19s; completed=5/6; current=gitlab_strong_allocation_spruce_budget160_rep2
[2026-07-02T17:22:25-0700] runner active pids=[53717, 53718, 53719]; freshness=4s; completed=5/6; current=gitlab_strong_allocation_spruce_budget160_rep2
[2026-07-02T17:23:25-0700] runner active pids=[53717, 53718, 53719]; freshness=3s; completed=5/6; current=gitlab_strong_allocation_spruce_budget160_rep2
[2026-07-02T17:24:25-0700] runner active pids=[53717, 53718, 53719]; freshness=11s; completed=5/6; current=gitlab_strong_allocation_spruce_budget160_rep2
[2026-07-02T17:25:25-0700] runner active pids=[53717, 53718, 53719]; freshness=2s; completed=5/6; current=gitlab_strong_allocation_spruce_budget160_rep2
[2026-07-02T17:26:25-0700] runner active pids=[53717, 53718, 53719]; freshness=1s; completed=5/6; current=gitlab_strong_allocation_spruce_budget160_rep2
[2026-07-02T17:27:25-0700] runner active pids=[53717, 53718, 53719]; freshness=2s; completed=5/6; current=gitlab_strong_allocation_spruce_budget160_rep2
[2026-07-02T17:28:25-0700] runner active pids=[53717, 53718, 53719]; freshness=13s; completed=5/6; current=gitlab_strong_allocation_spruce_budget160_rep2
[2026-07-02T17:29:25-0700] runner active pids=[53717, 53718, 53719]; freshness=3s; completed=5/6; current=gitlab_strong_allocation_spruce_budget160_rep2
[2026-07-02T17:30:25-0700] runner active pids=[53717, 53718, 53719]; freshness=0s; completed=5/6; current=gitlab_strong_allocation_spruce_budget160_rep2
[2026-07-02T17:31:26-0700] runner active pids=[53717, 53718, 53719]; freshness=7s; completed=5/6; current=gitlab_strong_allocation_spruce_budget160_rep2
[2026-07-02T17:32:26-0700] runner active pids=[53717, 53718, 53719]; freshness=3s; completed=5/6; current=gitlab_strong_allocation_spruce_budget160_rep2
[2026-07-02T17:33:26-0700] runner active pids=[53717, 53718, 53719]; freshness=6s; completed=5/6; current=gitlab_strong_allocation_spruce_budget160_rep2
[2026-07-02T17:34:26-0700] runner active pids=[53717, 53718, 53719]; freshness=12s; completed=5/6; current=gitlab_strong_allocation_spruce_budget160_rep2
[2026-07-02T17:35:26-0700] runner active pids=[53717, 53718, 53719]; freshness=4s; completed=5/6; current=gitlab_strong_allocation_spruce_budget160_rep2
[2026-07-02T17:36:26-0700] runner active pids=[53717, 53718, 53719]; freshness=7s; completed=5/6; current=gitlab_strong_allocation_spruce_budget160_rep2
[2026-07-02T17:37:26-0700] runner active pids=[53717, 53718, 53719]; freshness=3s; completed=5/6; current=gitlab_strong_allocation_spruce_budget160_rep2
[2026-07-02T17:38:26-0700] runner active pids=[53717, 53718, 53719]; freshness=5s; completed=5/6; current=gitlab_strong_allocation_spruce_budget160_rep2
[2026-07-02T17:39:26-0700] runner active pids=[53717, 53718, 53719]; freshness=1s; completed=5/6; current=gitlab_strong_allocation_spruce_budget160_rep2
[2026-07-02T17:40:26-0700] runner active pids=[53717, 53718, 53719]; freshness=4s; completed=5/6; current=gitlab_strong_allocation_spruce_budget160_rep2
[2026-07-02T17:41:27-0700] runner active pids=[53717, 53718, 53719]; freshness=4s; completed=5/6; current=gitlab_strong_allocation_spruce_budget160_rep2
[2026-07-02T17:42:27-0700] runner active pids=[53717, 53718, 53719]; freshness=2s; completed=5/6; current=gitlab_strong_allocation_spruce_budget160_rep2
[2026-07-02T17:43:27-0700] runner active pids=[53717, 53718, 53719]; freshness=0s; completed=5/6; current=gitlab_strong_allocation_spruce_budget160_rep2
[2026-07-02T17:44:27-0700] runner active pids=[53717, 53718, 53719]; freshness=4s; completed=5/6; current=gitlab_strong_allocation_spruce_budget160_rep2
[2026-07-02T17:45:27-0700] runner active pids=[53717, 53718, 53719]; freshness=1s; completed=5/6; current=gitlab_strong_allocation_spruce_budget160_rep2
[2026-07-02T17:46:27-0700] runner active pids=[53717, 53718, 53719]; freshness=1s; completed=5/6; current=gitlab_strong_allocation_spruce_budget160_rep2
[2026-07-02T17:47:27-0700] runner active pids=[53717, 53718, 53719]; freshness=4s; completed=5/6; current=gitlab_strong_allocation_spruce_budget160_rep2
[2026-07-02T17:48:27-0700] runner active pids=[53717, 53718, 53719]; freshness=0s; completed=5/6; current=gitlab_strong_allocation_spruce_budget160_rep2
[2026-07-02T17:49:27-0700] runner active pids=[53717, 53718, 53719]; freshness=8s; completed=5/6; current=gitlab_strong_allocation_spruce_budget160_rep2
[2026-07-02T17:50:27-0700] runner active pids=[53717, 53718, 53719]; freshness=7s; completed=5/6; current=gitlab_strong_allocation_spruce_budget160_rep2
[2026-07-02T17:51:28-0700] runner active pids=[53717, 53718, 53719]; freshness=5s; completed=5/6; current=gitlab_strong_allocation_spruce_budget160_rep2
[2026-07-02T17:52:28-0700] runner active pids=[53717, 53718, 53719]; freshness=3s; completed=5/6; current=gitlab_strong_allocation_spruce_budget160_rep2
[2026-07-02T17:53:28-0700] runner active pids=[53717, 53718, 53719]; freshness=5s; completed=5/6; current=gitlab_strong_allocation_spruce_budget160_rep2
[2026-07-02T17:54:28-0700] runner active pids=[53717, 53718, 53719]; freshness=10s; completed=5/6; current=gitlab_strong_allocation_spruce_budget160_rep2
[2026-07-02T17:55:28-0700] runner active pids=[53717, 53718, 53719]; freshness=1s; completed=5/6; current=gitlab_strong_allocation_spruce_budget160_rep2
[2026-07-02T17:56:28-0700] runner active pids=[53717, 53718, 53719]; freshness=2s; completed=5/6; current=gitlab_strong_allocation_spruce_budget160_rep2
[2026-07-02T17:57:28-0700] runner active pids=[53717, 53718, 53719]; freshness=62s; completed=5/6; current=gitlab_strong_allocation_spruce_budget160_rep2
[2026-07-02T17:58:28-0700] runner active pids=[53717, 53718, 53719]; freshness=122s; completed=5/6; current=gitlab_strong_allocation_spruce_budget160_rep2
[2026-07-02T17:59:28-0700] runner active pids=[53717, 53718, 53719]; freshness=182s; completed=5/6; current=gitlab_strong_allocation_spruce_budget160_rep2
[2026-07-02T18:00:29-0700] runner active pids=[53717, 53718, 53719]; freshness=242s; completed=5/6; current=gitlab_strong_allocation_spruce_budget160_rep2
[2026-07-02T18:01:29-0700] runner active pids=[53717, 53718, 53719]; freshness=302s; completed=5/6; current=gitlab_strong_allocation_spruce_budget160_rep2
[2026-07-02T18:02:29-0700] runner active pids=[53717, 53718, 53719]; freshness=362s; completed=5/6; current=gitlab_strong_allocation_spruce_budget160_rep2
[2026-07-02T18:03:29-0700] runner active pids=[53717, 53718, 53719]; freshness=422s; completed=5/6; current=gitlab_strong_allocation_spruce_budget160_rep2
[2026-07-02T18:04:29-0700] runner active pids=[53717, 53718, 53719]; freshness=483s; completed=5/6; current=gitlab_strong_allocation_spruce_budget160_rep2
[2026-07-02T18:05:29-0700] runner active pids=[53717, 53718, 53719]; freshness=543s; completed=5/6; current=gitlab_strong_allocation_spruce_budget160_rep2
[2026-07-02T18:06:29-0700] stale runner detected age=603s pids=[53717, 53718, 53719]; terminating and resuming
[2026-07-02T18:06:35-0700] launched resume session=gitlab_alloc_resume_uce_budget160_rep2_122 job=gitlab_strong_allocation_spruce_budget160_rep2 next_t=122 merged=/Users/sanjay/projects/BerkeleyProjects/Research/IanWaudbySmith/coldStartPrompts/results/gitlab_strong_arm/allocation_160/logs/gitlab_strong_allocation_spruce_budget160_rep2_trial0_2026-07-02T21-04-00Z_MERGED_SO_FAR.jsonl
[2026-07-02T18:07:35-0700] runner active pids=[61251, 61252, 61253]; freshness=0s; completed=5/6; current=gitlab_strong_allocation_spruce_budget160_rep2
[2026-07-02T18:08:35-0700] runner active pids=[61251, 61252, 61253]; freshness=3s; completed=5/6; current=gitlab_strong_allocation_spruce_budget160_rep2
[2026-07-02T18:09:35-0700] runner active pids=[61251, 61252, 61253]; freshness=1s; completed=5/6; current=gitlab_strong_allocation_spruce_budget160_rep2
[2026-07-02T18:10:35-0700] runner active pids=[61251, 61252, 61253]; freshness=1s; completed=5/6; current=gitlab_strong_allocation_spruce_budget160_rep2
[2026-07-02T18:11:35-0700] runner active pids=[61251, 61252, 61253]; freshness=4s; completed=5/6; current=gitlab_strong_allocation_spruce_budget160_rep2
[2026-07-02T18:12:35-0700] runner active pids=[61251, 61252, 61253]; freshness=4s; completed=5/6; current=gitlab_strong_allocation_spruce_budget160_rep2
[2026-07-02T18:13:35-0700] runner active pids=[61251, 61252, 61253]; freshness=13s; completed=5/6; current=gitlab_strong_allocation_spruce_budget160_rep2
[2026-07-02T18:14:36-0700] runner active pids=[61251, 61252, 61253]; freshness=3s; completed=5/6; current=gitlab_strong_allocation_spruce_budget160_rep2
[2026-07-02T18:15:36-0700] runner active pids=[61251, 61252, 61253]; freshness=6s; completed=5/6; current=gitlab_strong_allocation_spruce_budget160_rep2
[2026-07-02T18:16:36-0700] runner active pids=[61251, 61252, 61253]; freshness=0s; completed=5/6; current=gitlab_strong_allocation_spruce_budget160_rep2
[2026-07-02T18:17:36-0700] runner active pids=[61251, 61252, 61253]; freshness=5s; completed=5/6; current=gitlab_strong_allocation_spruce_budget160_rep2
[2026-07-02T18:18:36-0700] runner active pids=[61251, 61252, 61253]; freshness=1s; completed=5/6; current=gitlab_strong_allocation_spruce_budget160_rep2
[2026-07-02T18:19:36-0700] runner active pids=[61251, 61252, 61253]; freshness=4s; completed=5/6; current=gitlab_strong_allocation_spruce_budget160_rep2
[2026-07-02T18:20:36-0700] runner active pids=[61251, 61252, 61253]; freshness=1s; completed=5/6; current=gitlab_strong_allocation_spruce_budget160_rep2
[2026-07-02T18:21:36-0700] runner active pids=[61251, 61252, 61253]; freshness=10s; completed=5/6; current=gitlab_strong_allocation_spruce_budget160_rep2
[2026-07-02T18:22:36-0700] runner active pids=[61251, 61252, 61253]; freshness=2s; completed=5/6; current=gitlab_strong_allocation_spruce_budget160_rep2
[2026-07-02T18:23:37-0700] runner active pids=[61251, 61252, 61253]; freshness=3s; completed=5/6; current=gitlab_strong_allocation_spruce_budget160_rep2
[2026-07-02T18:24:37-0700] runner active pids=[61251, 61252, 61253]; freshness=1s; completed=5/6; current=gitlab_strong_allocation_spruce_budget160_rep2
[2026-07-02T18:25:37-0700] runner active pids=[61251, 61252, 61253]; freshness=14s; completed=5/6; current=gitlab_strong_allocation_spruce_budget160_rep2
[2026-07-02T18:26:37-0700] runner active pids=[61251, 61252, 61253]; freshness=12s; completed=5/6; current=gitlab_strong_allocation_spruce_budget160_rep2
[2026-07-02T18:27:37-0700] runner active pids=[61251, 61252, 61253]; freshness=4s; completed=5/6; current=gitlab_strong_allocation_spruce_budget160_rep2
[2026-07-02T18:28:37-0700] runner active pids=[61251, 61252, 61253]; freshness=3s; completed=5/6; current=gitlab_strong_allocation_spruce_budget160_rep2
[2026-07-02T18:29:37-0700] runner active pids=[61251, 61252, 61253]; freshness=0s; completed=5/6; current=gitlab_strong_allocation_spruce_budget160_rep2
[2026-07-02T18:30:37-0700] runner active pids=[61251, 61252, 61253]; freshness=1s; completed=5/6; current=gitlab_strong_allocation_spruce_budget160_rep2
[2026-07-02T18:31:37-0700] runner active pids=[61251, 61252, 61253]; freshness=2s; completed=5/6; current=gitlab_strong_allocation_spruce_budget160_rep2
[2026-07-02T18:32:38-0700] runner active pids=[61251, 61252, 61253]; freshness=7s; completed=5/6; current=gitlab_strong_allocation_spruce_budget160_rep2
[2026-07-02T18:33:38-0700] runner active pids=[61251, 61252, 61253]; freshness=2s; completed=5/6; current=gitlab_strong_allocation_spruce_budget160_rep2
[2026-07-02T18:34:38-0700] runner active pids=[61251, 61252, 61253]; freshness=10s; completed=5/6; current=gitlab_strong_allocation_spruce_budget160_rep2
[2026-07-02T18:35:38-0700] runner active pids=[61251, 61252, 61253]; freshness=3s; completed=5/6; current=gitlab_strong_allocation_spruce_budget160_rep2
[2026-07-02T18:36:38-0700] runner active pids=[61251, 61252, 61253]; freshness=1s; completed=5/6; current=gitlab_strong_allocation_spruce_budget160_rep2
[2026-07-02T18:37:38-0700] runner active pids=[61251, 61252, 61253]; freshness=1s; completed=5/6; current=gitlab_strong_allocation_spruce_budget160_rep2
[2026-07-02T18:38:38-0700] runner active pids=[61251, 61252, 61253]; freshness=3s; completed=5/6; current=gitlab_strong_allocation_spruce_budget160_rep2
[2026-07-02T18:39:38-0700] runner active pids=[61251, 61252, 61253]; freshness=0s; completed=5/6; current=gitlab_strong_allocation_spruce_budget160_rep2
[2026-07-02T18:40:38-0700] runner active pids=[61251, 61252, 61253]; freshness=1s; completed=5/6; current=gitlab_strong_allocation_spruce_budget160_rep2
[2026-07-02T18:41:38-0700] runner active pids=[61251, 61252, 61253]; freshness=5s; completed=5/6; current=gitlab_strong_allocation_spruce_budget160_rep2
[2026-07-02T18:42:39-0700] runner active pids=[61251, 61252, 61253]; freshness=7s; completed=5/6; current=gitlab_strong_allocation_spruce_budget160_rep2
[2026-07-02T18:43:39-0700] runner active pids=[61251, 61252, 61253]; freshness=8s; completed=5/6; current=gitlab_strong_allocation_spruce_budget160_rep2
[2026-07-02T18:44:39-0700] runner active pids=[61251, 61252, 61253]; freshness=1s; completed=5/6; current=gitlab_strong_allocation_spruce_budget160_rep2
[2026-07-02T18:45:39-0700] runner active pids=[61251, 61252, 61253]; freshness=6s; completed=5/6; current=gitlab_strong_allocation_spruce_budget160_rep2
[2026-07-02T18:46:39-0700] runner active pids=[61251, 61252, 61253]; freshness=8s; completed=5/6; current=gitlab_strong_allocation_spruce_budget160_rep2
[2026-07-02T18:47:39-0700] runner active pids=[61251, 61252, 61253]; freshness=4s; completed=5/6; current=gitlab_strong_allocation_spruce_budget160_rep2
[2026-07-02T18:48:39-0700] runner active pids=[61251, 61252, 61253]; freshness=2s; completed=5/6; current=gitlab_strong_allocation_spruce_budget160_rep2
[2026-07-02T18:49:39-0700] runner active pids=[61251, 61252, 61253]; freshness=2s; completed=5/6; current=gitlab_strong_allocation_spruce_budget160_rep2
[2026-07-02T18:50:39-0700] runner active pids=[61251, 61252, 61253]; freshness=0s; completed=5/6; current=gitlab_strong_allocation_spruce_budget160_rep2
[2026-07-02T18:51:40-0700] runner active pids=[61251, 61252, 61253]; freshness=15s; completed=5/6; current=gitlab_strong_allocation_spruce_budget160_rep2
[2026-07-02T18:52:40-0700] runner active pids=[61251, 61252, 61253]; freshness=2s; completed=5/6; current=gitlab_strong_allocation_spruce_budget160_rep2
[2026-07-02T18:53:40-0700] runner active pids=[61251, 61252, 61253]; freshness=8s; completed=5/6; current=gitlab_strong_allocation_spruce_budget160_rep2
[2026-07-02T18:54:40-0700] runner active pids=[61251, 61252, 61253]; freshness=6s; completed=5/6; current=gitlab_strong_allocation_spruce_budget160_rep2
[2026-07-02T18:55:40-0700] runner active pids=[61251, 61252, 61253]; freshness=7s; completed=5/6; current=gitlab_strong_allocation_spruce_budget160_rep2
[2026-07-02T18:56:40-0700] runner active pids=[61251, 61252, 61253]; freshness=3s; completed=5/6; current=gitlab_strong_allocation_spruce_budget160_rep2
[2026-07-02T18:57:40-0700] runner active pids=[61251, 61252, 61253]; freshness=2s; completed=5/6; current=gitlab_strong_allocation_spruce_budget160_rep2
[2026-07-02T18:58:40-0700] runner active pids=[61251, 61252, 61253]; freshness=0s; completed=5/6; current=gitlab_strong_allocation_spruce_budget160_rep2
[2026-07-02T18:59:40-0700] runner active pids=[61251, 61252, 61253]; freshness=0s; completed=5/6; current=gitlab_strong_allocation_spruce_budget160_rep2
[2026-07-02T19:00:41-0700] runner active pids=[61251, 61252, 61253]; freshness=7s; completed=5/6; current=gitlab_strong_allocation_spruce_budget160_rep2
[2026-07-02T19:01:41-0700] runner active pids=[61251, 61252, 61253]; freshness=2s; completed=5/6; current=gitlab_strong_allocation_spruce_budget160_rep2
[2026-07-02T19:02:41-0700] runner active pids=[61251, 61252, 61253]; freshness=0s; completed=5/6; current=gitlab_strong_allocation_spruce_budget160_rep2
[2026-07-02T19:03:41-0700] runner active pids=[61251, 61252, 61253]; freshness=52s; completed=5/6; current=gitlab_strong_allocation_spruce_budget160_rep2
[2026-07-02T19:04:41-0700] runner active pids=[61251, 61252, 61253]; freshness=112s; completed=5/6; current=gitlab_strong_allocation_spruce_budget160_rep2
[2026-07-02T19:05:41-0700] runner active pids=[61251, 61252, 61253]; freshness=172s; completed=5/6; current=gitlab_strong_allocation_spruce_budget160_rep2
[2026-07-02T19:06:41-0700] runner active pids=[61251, 61252, 61253]; freshness=233s; completed=5/6; current=gitlab_strong_allocation_spruce_budget160_rep2
[2026-07-02T19:07:41-0700] runner active pids=[61251, 61252, 61253]; freshness=293s; completed=5/6; current=gitlab_strong_allocation_spruce_budget160_rep2
[2026-07-02T19:08:41-0700] runner active pids=[61251, 61252, 61253]; freshness=353s; completed=5/6; current=gitlab_strong_allocation_spruce_budget160_rep2
[2026-07-02T19:09:41-0700] runner active pids=[61251, 61252, 61253]; freshness=413s; completed=5/6; current=gitlab_strong_allocation_spruce_budget160_rep2
[2026-07-02T19:10:42-0700] runner active pids=[61251, 61252, 61253]; freshness=473s; completed=5/6; current=gitlab_strong_allocation_spruce_budget160_rep2
[2026-07-02T19:11:42-0700] runner active pids=[61251, 61252, 61253]; freshness=533s; completed=5/6; current=gitlab_strong_allocation_spruce_budget160_rep2
[2026-07-02T19:12:42-0700] runner active pids=[61251, 61252, 61253]; freshness=593s; completed=5/6; current=gitlab_strong_allocation_spruce_budget160_rep2
[2026-07-02T19:13:42-0700] stale runner detected age=653s pids=[61251, 61252, 61253]; terminating and resuming
[2026-07-02T19:13:47-0700] launched resume session=gitlab_alloc_resume_uce_budget160_rep2_151 job=gitlab_strong_allocation_spruce_budget160_rep2 next_t=151 merged=/Users/sanjay/projects/BerkeleyProjects/Research/IanWaudbySmith/coldStartPrompts/results/gitlab_strong_arm/allocation_160/logs/gitlab_strong_allocation_spruce_budget160_rep2_trial0_2026-07-02T21-04-00Z_MERGED_SO_FAR.jsonl
[2026-07-02T19:14:47-0700] runner active pids=[69408, 69409, 69410]; freshness=3s; completed=5/6; current=gitlab_strong_allocation_spruce_budget160_rep2
[2026-07-02T19:15:48-0700] runner active pids=[69408, 69409, 69410]; freshness=3s; completed=5/6; current=gitlab_strong_allocation_spruce_budget160_rep2
[2026-07-02T19:16:48-0700] runner active pids=[69408, 69409, 69410]; freshness=0s; completed=5/6; current=gitlab_strong_allocation_spruce_budget160_rep2
[2026-07-02T19:17:48-0700] runner active pids=[69408, 69409, 69410]; freshness=1s; completed=5/6; current=gitlab_strong_allocation_spruce_budget160_rep2
[2026-07-02T19:18:48-0700] runner active pids=[69408, 69409, 69410]; freshness=6s; completed=5/6; current=gitlab_strong_allocation_spruce_budget160_rep2
[2026-07-02T19:19:48-0700] runner active pids=[69408, 69409, 69410]; freshness=5s; completed=5/6; current=gitlab_strong_allocation_spruce_budget160_rep2
[2026-07-02T19:20:48-0700] runner active pids=[69408, 69409, 69410]; freshness=4s; completed=5/6; current=gitlab_strong_allocation_spruce_budget160_rep2
[2026-07-02T19:21:48-0700] runner active pids=[69408, 69409, 69410]; freshness=3s; completed=5/6; current=gitlab_strong_allocation_spruce_budget160_rep2
[2026-07-02T19:22:48-0700] runner active pids=[69408, 69409, 69410]; freshness=2s; completed=5/6; current=gitlab_strong_allocation_spruce_budget160_rep2
[2026-07-02T19:23:48-0700] runner active pids=[69408, 69409, 69410]; freshness=0s; completed=5/6; current=gitlab_strong_allocation_spruce_budget160_rep2
[2026-07-02T19:24:49-0700] runner active pids=[69408, 69409, 69410]; freshness=4s; completed=5/6; current=gitlab_strong_allocation_spruce_budget160_rep2
[2026-07-02T19:25:49-0700] merged gitlab_strong_allocation_spruce_budget160_rep2 FULL log: /Users/sanjay/projects/BerkeleyProjects/Research/IanWaudbySmith/coldStartPrompts/results/gitlab_strong_arm/allocation_160/logs/gitlab_strong_allocation_spruce_budget160_rep2_trial0_2026-07-02T21-04-00Z_FULL.jsonl rows=160 successes=55
[2026-07-02T19:25:49-0700] all GitLab allocation 160 jobs have complete FULL logs
[2026-07-02T19:26:49-0700] all GitLab allocation 160 jobs have complete FULL logs
[2026-07-02T19:27:49-0700] all GitLab allocation 160 jobs have complete FULL logs
[2026-07-02T19:28:49-0700] all GitLab allocation 160 jobs have complete FULL logs
[2026-07-02T19:29:49-0700] all GitLab allocation 160 jobs have complete FULL logs
[2026-07-02T19:30:49-0700] all GitLab allocation 160 jobs have complete FULL logs
[2026-07-02T19:31:50-0700] all GitLab allocation 160 jobs have complete FULL logs
[2026-07-02T19:32:50-0700] all GitLab allocation 160 jobs have complete FULL logs
[2026-07-02T19:33:50-0700] all GitLab allocation 160 jobs have complete FULL logs
[2026-07-02T19:34:50-0700] all GitLab allocation 160 jobs have complete FULL logs
[2026-07-02T19:35:50-0700] all GitLab allocation 160 jobs have complete FULL logs
[2026-07-02T19:36:50-0700] all GitLab allocation 160 jobs have complete FULL logs
[2026-07-02T19:37:50-0700] all GitLab allocation 160 jobs have complete FULL logs
[2026-07-02T19:38:51-0700] all GitLab allocation 160 jobs have complete FULL logs
[2026-07-02T19:39:51-0700] all GitLab allocation 160 jobs have complete FULL logs
[2026-07-02T19:40:51-0700] all GitLab allocation 160 jobs have complete FULL logs
[2026-07-02T19:41:51-0700] all GitLab allocation 160 jobs have complete FULL logs
[2026-07-02T19:42:51-0700] all GitLab allocation 160 jobs have complete FULL logs
[2026-07-02T19:43:51-0700] all GitLab allocation 160 jobs have complete FULL logs
[2026-07-02T19:44:51-0700] all GitLab allocation 160 jobs have complete FULL logs
[2026-07-02T19:45:52-0700] all GitLab allocation 160 jobs have complete FULL logs
[2026-07-02T19:46:52-0700] all GitLab allocation 160 jobs have complete FULL logs
[2026-07-02T19:47:52-0700] all GitLab allocation 160 jobs have complete FULL logs
[2026-07-02T19:48:52-0700] all GitLab allocation 160 jobs have complete FULL logs
[2026-07-02T19:49:52-0700] all GitLab allocation 160 jobs have complete FULL logs
[2026-07-02T19:50:52-0700] all GitLab allocation 160 jobs have complete FULL logs
[2026-07-02T19:51:53-0700] all GitLab allocation 160 jobs have complete FULL logs
[2026-07-02T19:52:53-0700] all GitLab allocation 160 jobs have complete FULL logs
[2026-07-02T19:53:53-0700] all GitLab allocation 160 jobs have complete FULL logs
[2026-07-02T19:54:53-0700] all GitLab allocation 160 jobs have complete FULL logs
[2026-07-02T19:55:53-0700] all GitLab allocation 160 jobs have complete FULL logs
[2026-07-02T19:56:53-0700] all GitLab allocation 160 jobs have complete FULL logs
[2026-07-02T19:57:53-0700] all GitLab allocation 160 jobs have complete FULL logs
[2026-07-02T19:58:54-0700] all GitLab allocation 160 jobs have complete FULL logs
[2026-07-02T19:59:54-0700] all GitLab allocation 160 jobs have complete FULL logs
[2026-07-02T20:00:54-0700] all GitLab allocation 160 jobs have complete FULL logs
[2026-07-02T20:01:54-0700] all GitLab allocation 160 jobs have complete FULL logs
[2026-07-02T20:02:54-0700] all GitLab allocation 160 jobs have complete FULL logs
[2026-07-02T20:03:54-0700] all GitLab allocation 160 jobs have complete FULL logs
[2026-07-02T20:04:55-0700] all GitLab allocation 160 jobs have complete FULL logs
[2026-07-02T20:05:55-0700] all GitLab allocation 160 jobs have complete FULL logs
[2026-07-02T20:06:55-0700] all GitLab allocation 160 jobs have complete FULL logs
[2026-07-02T20:07:55-0700] all GitLab allocation 160 jobs have complete FULL logs
[2026-07-02T20:08:55-0700] all GitLab allocation 160 jobs have complete FULL logs
[2026-07-02T20:09:55-0700] all GitLab allocation 160 jobs have complete FULL logs
[2026-07-02T20:10:55-0700] all GitLab allocation 160 jobs have complete FULL logs
[2026-07-02T20:11:56-0700] all GitLab allocation 160 jobs have complete FULL logs
[2026-07-02T20:12:56-0700] all GitLab allocation 160 jobs have complete FULL logs
[2026-07-02T20:13:56-0700] all GitLab allocation 160 jobs have complete FULL logs
[2026-07-02T20:14:56-0700] all GitLab allocation 160 jobs have complete FULL logs
[2026-07-02T20:15:56-0700] all GitLab allocation 160 jobs have complete FULL logs
[2026-07-02T20:16:56-0700] all GitLab allocation 160 jobs have complete FULL logs
[2026-07-02T20:17:56-0700] all GitLab allocation 160 jobs have complete FULL logs
[2026-07-02T20:18:57-0700] all GitLab allocation 160 jobs have complete FULL logs
[2026-07-02T20:19:57-0700] all GitLab allocation 160 jobs have complete FULL logs
[2026-07-02T20:20:57-0700] all GitLab allocation 160 jobs have complete FULL logs
[2026-07-02T20:21:57-0700] all GitLab allocation 160 jobs have complete FULL logs
[2026-07-02T20:22:57-0700] all GitLab allocation 160 jobs have complete FULL logs
[2026-07-02T20:23:57-0700] all GitLab allocation 160 jobs have complete FULL logs
[2026-07-02T20:24:58-0700] all GitLab allocation 160 jobs have complete FULL logs
[2026-07-02T20:25:58-0700] all GitLab allocation 160 jobs have complete FULL logs
[2026-07-02T20:26:58-0700] all GitLab allocation 160 jobs have complete FULL logs
[2026-07-02T20:27:58-0700] all GitLab allocation 160 jobs have complete FULL logs
[2026-07-02T20:28:58-0700] all GitLab allocation 160 jobs have complete FULL logs
[2026-07-02T20:29:58-0700] all GitLab allocation 160 jobs have complete FULL logs
[2026-07-02T20:30:58-0700] all GitLab allocation 160 jobs have complete FULL logs
[2026-07-02T20:31:59-0700] all GitLab allocation 160 jobs have complete FULL logs
[2026-07-02T20:32:59-0700] all GitLab allocation 160 jobs have complete FULL logs
[2026-07-02T20:33:59-0700] all GitLab allocation 160 jobs have complete FULL logs
[2026-07-02T20:34:59-0700] all GitLab allocation 160 jobs have complete FULL logs
[2026-07-02T20:35:59-0700] all GitLab allocation 160 jobs have complete FULL logs
[2026-07-02T20:36:59-0700] all GitLab allocation 160 jobs have complete FULL logs
[2026-07-02T20:37:59-0700] all GitLab allocation 160 jobs have complete FULL logs
[2026-07-02T20:39:00-0700] all GitLab allocation 160 jobs have complete FULL logs
[2026-07-02T20:40:00-0700] all GitLab allocation 160 jobs have complete FULL logs
[2026-07-02T20:41:00-0700] all GitLab allocation 160 jobs have complete FULL logs
[2026-07-02T20:42:00-0700] all GitLab allocation 160 jobs have complete FULL logs
[2026-07-02T20:43:00-0700] all GitLab allocation 160 jobs have complete FULL logs
[2026-07-02T20:44:00-0700] all GitLab allocation 160 jobs have complete FULL logs
[2026-07-02T20:45:01-0700] all GitLab allocation 160 jobs have complete FULL logs
[2026-07-02T20:46:01-0700] all GitLab allocation 160 jobs have complete FULL logs
[2026-07-02T20:47:01-0700] all GitLab allocation 160 jobs have complete FULL logs
[2026-07-02T20:48:01-0700] all GitLab allocation 160 jobs have complete FULL logs
[2026-07-02T20:49:01-0700] all GitLab allocation 160 jobs have complete FULL logs
[2026-07-02T20:50:01-0700] all GitLab allocation 160 jobs have complete FULL logs
[2026-07-02T20:51:01-0700] all GitLab allocation 160 jobs have complete FULL logs
[2026-07-02T20:52:02-0700] all GitLab allocation 160 jobs have complete FULL logs
[2026-07-02T20:53:02-0700] all GitLab allocation 160 jobs have complete FULL logs
[2026-07-02T20:54:02-0700] all GitLab allocation 160 jobs have complete FULL logs
[2026-07-02T20:55:02-0700] all GitLab allocation 160 jobs have complete FULL logs
[2026-07-02T20:56:02-0700] all GitLab allocation 160 jobs have complete FULL logs
[2026-07-02T20:57:02-0700] all GitLab allocation 160 jobs have complete FULL logs
[2026-07-02T20:58:02-0700] all GitLab allocation 160 jobs have complete FULL logs
[2026-07-02T20:59:03-0700] all GitLab allocation 160 jobs have complete FULL logs
[2026-07-02T21:00:03-0700] all GitLab allocation 160 jobs have complete FULL logs
[2026-07-02T21:01:03-0700] all GitLab allocation 160 jobs have complete FULL logs
[2026-07-02T21:02:03-0700] all GitLab allocation 160 jobs have complete FULL logs
[2026-07-02T21:03:03-0700] all GitLab allocation 160 jobs have complete FULL logs
[2026-07-02T21:04:03-0700] all GitLab allocation 160 jobs have complete FULL logs
[2026-07-02T21:05:04-0700] all GitLab allocation 160 jobs have complete FULL logs
[2026-07-02T21:06:04-0700] all GitLab allocation 160 jobs have complete FULL logs
[2026-07-02T21:07:04-0700] all GitLab allocation 160 jobs have complete FULL logs
[2026-07-02T21:08:04-0700] all GitLab allocation 160 jobs have complete FULL logs
[2026-07-02T21:09:04-0700] all GitLab allocation 160 jobs have complete FULL logs
[2026-07-02T21:10:04-0700] all GitLab allocation 160 jobs have complete FULL logs
[2026-07-02T21:11:04-0700] all GitLab allocation 160 jobs have complete FULL logs
[2026-07-02T21:12:05-0700] all GitLab allocation 160 jobs have complete FULL logs
[2026-07-02T21:13:05-0700] all GitLab allocation 160 jobs have complete FULL logs
[2026-07-02T21:14:05-0700] all GitLab allocation 160 jobs have complete FULL logs
[2026-07-02T21:15:05-0700] all GitLab allocation 160 jobs have complete FULL logs
[2026-07-02T21:16:05-0700] all GitLab allocation 160 jobs have complete FULL logs
[2026-07-02T21:17:05-0700] all GitLab allocation 160 jobs have complete FULL logs
[2026-07-02T21:18:06-0700] all GitLab allocation 160 jobs have complete FULL logs
[2026-07-02T21:19:06-0700] all GitLab allocation 160 jobs have complete FULL logs
[2026-07-02T21:20:06-0700] all GitLab allocation 160 jobs have complete FULL logs
[2026-07-02T21:21:06-0700] all GitLab allocation 160 jobs have complete FULL logs
[2026-07-02T21:22:06-0700] all GitLab allocation 160 jobs have complete FULL logs
[2026-07-02T21:23:06-0700] all GitLab allocation 160 jobs have complete FULL logs
[2026-07-02T21:24:06-0700] all GitLab allocation 160 jobs have complete FULL logs
[2026-07-02T21:25:07-0700] all GitLab allocation 160 jobs have complete FULL logs
[2026-07-02T21:26:07-0700] all GitLab allocation 160 jobs have complete FULL logs
[2026-07-02T21:27:07-0700] all GitLab allocation 160 jobs have complete FULL logs
[2026-07-02T21:28:07-0700] all GitLab allocation 160 jobs have complete FULL logs
[2026-07-02T21:29:07-0700] all GitLab allocation 160 jobs have complete FULL logs
[2026-07-02T21:30:07-0700] all GitLab allocation 160 jobs have complete FULL logs
[2026-07-02T21:31:07-0700] all GitLab allocation 160 jobs have complete FULL logs
[2026-07-02T21:32:08-0700] all GitLab allocation 160 jobs have complete FULL logs
[2026-07-02T21:33:08-0700] all GitLab allocation 160 jobs have complete FULL logs
[2026-07-02T21:34:08-0700] all GitLab allocation 160 jobs have complete FULL logs
[2026-07-02T21:35:08-0700] all GitLab allocation 160 jobs have complete FULL logs
[2026-07-02T21:36:08-0700] all GitLab allocation 160 jobs have complete FULL logs
[2026-07-02T21:37:08-0700] all GitLab allocation 160 jobs have complete FULL logs
[2026-07-02T21:38:08-0700] all GitLab allocation 160 jobs have complete FULL logs
[2026-07-02T21:39:09-0700] all GitLab allocation 160 jobs have complete FULL logs
[2026-07-02T21:40:09-0700] all GitLab allocation 160 jobs have complete FULL logs
[2026-07-02T21:41:09-0700] all GitLab allocation 160 jobs have complete FULL logs
[2026-07-02T21:42:09-0700] all GitLab allocation 160 jobs have complete FULL logs
[2026-07-02T21:43:09-0700] all GitLab allocation 160 jobs have complete FULL logs
[2026-07-02T21:44:09-0700] all GitLab allocation 160 jobs have complete FULL logs
[2026-07-02T21:45:10-0700] all GitLab allocation 160 jobs have complete FULL logs
[2026-07-02T21:46:10-0700] all GitLab allocation 160 jobs have complete FULL logs
[2026-07-02T21:47:10-0700] all GitLab allocation 160 jobs have complete FULL logs
[2026-07-02T21:48:10-0700] all GitLab allocation 160 jobs have complete FULL logs
[2026-07-02T21:49:10-0700] all GitLab allocation 160 jobs have complete FULL logs
[2026-07-02T21:50:10-0700] all GitLab allocation 160 jobs have complete FULL logs
[2026-07-02T21:51:10-0700] all GitLab allocation 160 jobs have complete FULL logs
[2026-07-02T21:52:11-0700] all GitLab allocation 160 jobs have complete FULL logs
[2026-07-02T21:53:11-0700] all GitLab allocation 160 jobs have complete FULL logs
[2026-07-02T21:54:11-0700] all GitLab allocation 160 jobs have complete FULL logs
[2026-07-02T21:55:11-0700] all GitLab allocation 160 jobs have complete FULL logs
[2026-07-02T21:56:11-0700] all GitLab allocation 160 jobs have complete FULL logs
[2026-07-02T21:57:11-0700] all GitLab allocation 160 jobs have complete FULL logs
[2026-07-02T21:58:12-0700] all GitLab allocation 160 jobs have complete FULL logs
[2026-07-02T21:59:12-0700] all GitLab allocation 160 jobs have complete FULL logs
[2026-07-02T22:00:12-0700] all GitLab allocation 160 jobs have complete FULL logs
[2026-07-02T22:01:12-0700] all GitLab allocation 160 jobs have complete FULL logs
[2026-07-02T22:02:12-0700] all GitLab allocation 160 jobs have complete FULL logs
[2026-07-02T22:03:12-0700] all GitLab allocation 160 jobs have complete FULL logs
[2026-07-02T22:04:12-0700] all GitLab allocation 160 jobs have complete FULL logs
[2026-07-02T22:05:13-0700] all GitLab allocation 160 jobs have complete FULL logs
[2026-07-02T22:06:13-0700] all GitLab allocation 160 jobs have complete FULL logs
[2026-07-02T22:07:13-0700] all GitLab allocation 160 jobs have complete FULL logs
[2026-07-02T22:08:13-0700] all GitLab allocation 160 jobs have complete FULL logs
[2026-07-02T22:09:13-0700] all GitLab allocation 160 jobs have complete FULL logs
[2026-07-02T22:10:13-0700] all GitLab allocation 160 jobs have complete FULL logs
[2026-07-02T22:11:14-0700] all GitLab allocation 160 jobs have complete FULL logs
[2026-07-02T22:12:14-0700] all GitLab allocation 160 jobs have complete FULL logs
[2026-07-02T22:13:14-0700] all GitLab allocation 160 jobs have complete FULL logs
[2026-07-02T22:14:14-0700] all GitLab allocation 160 jobs have complete FULL logs
[2026-07-02T22:15:14-0700] all GitLab allocation 160 jobs have complete FULL logs
[2026-07-02T22:16:14-0700] all GitLab allocation 160 jobs have complete FULL logs
[2026-07-02T22:17:14-0700] all GitLab allocation 160 jobs have complete FULL logs
[2026-07-02T22:18:15-0700] all GitLab allocation 160 jobs have complete FULL logs
[2026-07-02T22:19:15-0700] all GitLab allocation 160 jobs have complete FULL logs
[2026-07-02T22:20:15-0700] all GitLab allocation 160 jobs have complete FULL logs
[2026-07-02T22:21:15-0700] all GitLab allocation 160 jobs have complete FULL logs
[2026-07-02T22:22:15-0700] all GitLab allocation 160 jobs have complete FULL logs
[2026-07-02T22:23:15-0700] all GitLab allocation 160 jobs have complete FULL logs
[2026-07-02T22:24:15-0700] all GitLab allocation 160 jobs have complete FULL logs
[2026-07-02T22:25:16-0700] all GitLab allocation 160 jobs have complete FULL logs
[2026-07-02T22:26:16-0700] all GitLab allocation 160 jobs have complete FULL logs
[2026-07-02T22:27:16-0700] all GitLab allocation 160 jobs have complete FULL logs
[2026-07-02T22:28:16-0700] all GitLab allocation 160 jobs have complete FULL logs
[2026-07-02T22:29:16-0700] all GitLab allocation 160 jobs have complete FULL logs
[2026-07-02T22:30:16-0700] all GitLab allocation 160 jobs have complete FULL logs
[2026-07-02T22:31:17-0700] all GitLab allocation 160 jobs have complete FULL logs
[2026-07-02T22:32:17-0700] all GitLab allocation 160 jobs have complete FULL logs
[2026-07-02T22:33:17-0700] all GitLab allocation 160 jobs have complete FULL logs
[2026-07-02T22:34:17-0700] all GitLab allocation 160 jobs have complete FULL logs
[2026-07-02T22:35:17-0700] all GitLab allocation 160 jobs have complete FULL logs
[2026-07-02T22:36:17-0700] all GitLab allocation 160 jobs have complete FULL logs
[2026-07-02T22:37:17-0700] all GitLab allocation 160 jobs have complete FULL logs
[2026-07-02T22:38:18-0700] all GitLab allocation 160 jobs have complete FULL logs
[2026-07-02T22:39:18-0700] all GitLab allocation 160 jobs have complete FULL logs
[2026-07-02T22:40:18-0700] all GitLab allocation 160 jobs have complete FULL logs
[2026-07-02T22:41:18-0700] all GitLab allocation 160 jobs have complete FULL logs
[2026-07-02T22:42:18-0700] all GitLab allocation 160 jobs have complete FULL logs
[2026-07-02T22:43:18-0700] all GitLab allocation 160 jobs have complete FULL logs
[2026-07-02T22:44:19-0700] all GitLab allocation 160 jobs have complete FULL logs
[2026-07-02T22:45:19-0700] all GitLab allocation 160 jobs have complete FULL logs
[2026-07-02T22:46:19-0700] all GitLab allocation 160 jobs have complete FULL logs
[2026-07-02T22:47:19-0700] all GitLab allocation 160 jobs have complete FULL logs
[2026-07-02T22:48:19-0700] all GitLab allocation 160 jobs have complete FULL logs
[2026-07-02T22:49:19-0700] all GitLab allocation 160 jobs have complete FULL logs
[2026-07-02T22:50:19-0700] all GitLab allocation 160 jobs have complete FULL logs
[2026-07-02T22:51:20-0700] all GitLab allocation 160 jobs have complete FULL logs
[2026-07-02T22:52:20-0700] all GitLab allocation 160 jobs have complete FULL logs
[2026-07-02T22:53:20-0700] all GitLab allocation 160 jobs have complete FULL logs
[2026-07-02T22:54:20-0700] all GitLab allocation 160 jobs have complete FULL logs
[2026-07-02T22:55:20-0700] all GitLab allocation 160 jobs have complete FULL logs
[2026-07-02T22:56:20-0700] all GitLab allocation 160 jobs have complete FULL logs
[2026-07-02T22:57:20-0700] all GitLab allocation 160 jobs have complete FULL logs
[2026-07-02T22:58:21-0700] all GitLab allocation 160 jobs have complete FULL logs
[2026-07-02T22:59:21-0700] all GitLab allocation 160 jobs have complete FULL logs
[2026-07-02T23:00:21-0700] all GitLab allocation 160 jobs have complete FULL logs
[2026-07-02T23:01:21-0700] all GitLab allocation 160 jobs have complete FULL logs
[2026-07-02T23:02:21-0700] all GitLab allocation 160 jobs have complete FULL logs
[2026-07-02T23:03:21-0700] all GitLab allocation 160 jobs have complete FULL logs
[2026-07-02T23:04:22-0700] all GitLab allocation 160 jobs have complete FULL logs
[2026-07-02T23:05:22-0700] all GitLab allocation 160 jobs have complete FULL logs
[2026-07-02T23:06:22-0700] all GitLab allocation 160 jobs have complete FULL logs
[2026-07-02T23:07:22-0700] all GitLab allocation 160 jobs have complete FULL logs
[2026-07-02T23:08:22-0700] all GitLab allocation 160 jobs have complete FULL logs
[2026-07-02T23:09:22-0700] all GitLab allocation 160 jobs have complete FULL logs
[2026-07-02T23:10:22-0700] all GitLab allocation 160 jobs have complete FULL logs
[2026-07-02T23:11:23-0700] all GitLab allocation 160 jobs have complete FULL logs
[2026-07-02T23:12:23-0700] all GitLab allocation 160 jobs have complete FULL logs
[2026-07-02T23:13:23-0700] all GitLab allocation 160 jobs have complete FULL logs
[2026-07-02T23:14:23-0700] all GitLab allocation 160 jobs have complete FULL logs
[2026-07-02T23:15:23-0700] all GitLab allocation 160 jobs have complete FULL logs
[2026-07-02T23:16:23-0700] all GitLab allocation 160 jobs have complete FULL logs
[2026-07-02T23:17:24-0700] all GitLab allocation 160 jobs have complete FULL logs
[2026-07-02T23:18:24-0700] all GitLab allocation 160 jobs have complete FULL logs
[2026-07-02T23:19:24-0700] all GitLab allocation 160 jobs have complete FULL logs
[2026-07-02T23:20:24-0700] all GitLab allocation 160 jobs have complete FULL logs
[2026-07-02T23:21:24-0700] all GitLab allocation 160 jobs have complete FULL logs
[2026-07-02T23:22:24-0700] all GitLab allocation 160 jobs have complete FULL logs
[2026-07-02T23:23:24-0700] all GitLab allocation 160 jobs have complete FULL logs
[2026-07-02T23:24:25-0700] all GitLab allocation 160 jobs have complete FULL logs
[2026-07-02T23:25:25-0700] all GitLab allocation 160 jobs have complete FULL logs
[2026-07-02T23:26:25-0700] all GitLab allocation 160 jobs have complete FULL logs
[2026-07-02T23:27:25-0700] all GitLab allocation 160 jobs have complete FULL logs
[2026-07-02T23:28:25-0700] all GitLab allocation 160 jobs have complete FULL logs
[2026-07-02T23:29:25-0700] all GitLab allocation 160 jobs have complete FULL logs
[2026-07-02T23:30:26-0700] all GitLab allocation 160 jobs have complete FULL logs
[2026-07-02T23:31:26-0700] all GitLab allocation 160 jobs have complete FULL logs
[2026-07-02T23:32:26-0700] all GitLab allocation 160 jobs have complete FULL logs
[2026-07-02T23:33:26-0700] all GitLab allocation 160 jobs have complete FULL logs
[2026-07-02T23:34:26-0700] all GitLab allocation 160 jobs have complete FULL logs
[2026-07-02T23:35:26-0700] all GitLab allocation 160 jobs have complete FULL logs
[2026-07-02T23:36:26-0700] all GitLab allocation 160 jobs have complete FULL logs
[2026-07-02T23:37:27-0700] all GitLab allocation 160 jobs have complete FULL logs
[2026-07-02T23:38:27-0700] all GitLab allocation 160 jobs have complete FULL logs
[2026-07-02T23:39:27-0700] all GitLab allocation 160 jobs have complete FULL logs
[2026-07-02T23:40:27-0700] all GitLab allocation 160 jobs have complete FULL logs
[2026-07-02T23:41:27-0700] all GitLab allocation 160 jobs have complete FULL logs
[2026-07-02T23:42:27-0700] all GitLab allocation 160 jobs have complete FULL logs
[2026-07-02T23:43:27-0700] all GitLab allocation 160 jobs have complete FULL logs
[2026-07-02T23:44:28-0700] all GitLab allocation 160 jobs have complete FULL logs
[2026-07-02T23:45:28-0700] all GitLab allocation 160 jobs have complete FULL logs
[2026-07-02T23:46:28-0700] all GitLab allocation 160 jobs have complete FULL logs
[2026-07-02T23:47:28-0700] all GitLab allocation 160 jobs have complete FULL logs
[2026-07-02T23:48:28-0700] all GitLab allocation 160 jobs have complete FULL logs
[2026-07-02T23:49:28-0700] all GitLab allocation 160 jobs have complete FULL logs
[2026-07-02T23:50:29-0700] all GitLab allocation 160 jobs have complete FULL logs
[2026-07-02T23:51:29-0700] all GitLab allocation 160 jobs have complete FULL logs
[2026-07-02T23:52:29-0700] all GitLab allocation 160 jobs have complete FULL logs
[2026-07-02T23:53:29-0700] all GitLab allocation 160 jobs have complete FULL logs
[2026-07-02T23:54:29-0700] all GitLab allocation 160 jobs have complete FULL logs
[2026-07-02T23:55:29-0700] all GitLab allocation 160 jobs have complete FULL logs
[2026-07-02T23:56:30-0700] all GitLab allocation 160 jobs have complete FULL logs
[2026-07-02T23:57:30-0700] all GitLab allocation 160 jobs have complete FULL logs
[2026-07-02T23:58:30-0700] all GitLab allocation 160 jobs have complete FULL logs
[2026-07-02T23:59:30-0700] all GitLab allocation 160 jobs have complete FULL logs
[2026-07-03T00:00:30-0700] all GitLab allocation 160 jobs have complete FULL logs
[2026-07-03T00:01:30-0700] all GitLab allocation 160 jobs have complete FULL logs
[2026-07-03T00:02:30-0700] all GitLab allocation 160 jobs have complete FULL logs
[2026-07-03T00:03:31-0700] all GitLab allocation 160 jobs have complete FULL logs
[2026-07-03T00:04:31-0700] all GitLab allocation 160 jobs have complete FULL logs
[2026-07-03T00:05:31-0700] all GitLab allocation 160 jobs have complete FULL logs
[2026-07-03T00:06:31-0700] all GitLab allocation 160 jobs have complete FULL logs
[2026-07-03T00:07:31-0700] all GitLab allocation 160 jobs have complete FULL logs
[2026-07-03T00:08:31-0700] all GitLab allocation 160 jobs have complete FULL logs
[2026-07-03T00:09:31-0700] all GitLab allocation 160 jobs have complete FULL logs
[2026-07-03T00:10:32-0700] all GitLab allocation 160 jobs have complete FULL logs
[2026-07-03T00:11:32-0700] all GitLab allocation 160 jobs have complete FULL logs
[2026-07-03T00:12:32-0700] all GitLab allocation 160 jobs have complete FULL logs
[2026-07-03T00:13:32-0700] all GitLab allocation 160 jobs have complete FULL logs
[2026-07-03T00:14:32-0700] all GitLab allocation 160 jobs have complete FULL logs
[2026-07-03T00:15:32-0700] all GitLab allocation 160 jobs have complete FULL logs
[2026-07-03T00:16:32-0700] all GitLab allocation 160 jobs have complete FULL logs
[2026-07-03T00:17:33-0700] all GitLab allocation 160 jobs have complete FULL logs
[2026-07-03T00:18:33-0700] all GitLab allocation 160 jobs have complete FULL logs
[2026-07-03T00:19:33-0700] all GitLab allocation 160 jobs have complete FULL logs
[2026-07-03T00:20:33-0700] all GitLab allocation 160 jobs have complete FULL logs
[2026-07-03T00:21:33-0700] all GitLab allocation 160 jobs have complete FULL logs
[2026-07-03T00:22:33-0700] all GitLab allocation 160 jobs have complete FULL logs
[2026-07-03T00:23:34-0700] all GitLab allocation 160 jobs have complete FULL logs
[2026-07-03T00:24:34-0700] all GitLab allocation 160 jobs have complete FULL logs
[2026-07-03T00:25:34-0700] all GitLab allocation 160 jobs have complete FULL logs
[2026-07-03T00:26:34-0700] all GitLab allocation 160 jobs have complete FULL logs
[2026-07-03T00:27:34-0700] all GitLab allocation 160 jobs have complete FULL logs
[2026-07-03T00:28:34-0700] all GitLab allocation 160 jobs have complete FULL logs
[2026-07-03T00:29:34-0700] all GitLab allocation 160 jobs have complete FULL logs
[2026-07-03T00:30:35-0700] all GitLab allocation 160 jobs have complete FULL logs
[2026-07-03T00:31:35-0700] all GitLab allocation 160 jobs have complete FULL logs
[2026-07-03T00:32:35-0700] all GitLab allocation 160 jobs have complete FULL logs
[2026-07-03T00:33:35-0700] all GitLab allocation 160 jobs have complete FULL logs
[2026-07-03T00:34:35-0700] all GitLab allocation 160 jobs have complete FULL logs
[2026-07-03T00:35:35-0700] all GitLab allocation 160 jobs have complete FULL logs
[2026-07-03T00:36:35-0700] all GitLab allocation 160 jobs have complete FULL logs
[2026-07-03T00:37:36-0700] all GitLab allocation 160 jobs have complete FULL logs
[2026-07-03T00:38:36-0700] all GitLab allocation 160 jobs have complete FULL logs
[2026-07-03T00:39:36-0700] all GitLab allocation 160 jobs have complete FULL logs
[2026-07-03T00:40:36-0700] all GitLab allocation 160 jobs have complete FULL logs
[2026-07-03T00:41:36-0700] all GitLab allocation 160 jobs have complete FULL logs
[2026-07-03T00:42:36-0700] all GitLab allocation 160 jobs have complete FULL logs
[2026-07-03T00:43:37-0700] all GitLab allocation 160 jobs have complete FULL logs
[2026-07-03T00:44:37-0700] all GitLab allocation 160 jobs have complete FULL logs
[2026-07-03T00:45:37-0700] all GitLab allocation 160 jobs have complete FULL logs
[2026-07-03T00:46:37-0700] all GitLab allocation 160 jobs have complete FULL logs
[2026-07-03T00:47:37-0700] all GitLab allocation 160 jobs have complete FULL logs
[2026-07-03T00:48:37-0700] all GitLab allocation 160 jobs have complete FULL logs
[2026-07-03T00:49:37-0700] all GitLab allocation 160 jobs have complete FULL logs
[2026-07-03T00:50:38-0700] all GitLab allocation 160 jobs have complete FULL logs
[2026-07-03T00:51:38-0700] all GitLab allocation 160 jobs have complete FULL logs
[2026-07-03T00:52:38-0700] all GitLab allocation 160 jobs have complete FULL logs
[2026-07-03T00:53:38-0700] all GitLab allocation 160 jobs have complete FULL logs
[2026-07-03T00:54:38-0700] all GitLab allocation 160 jobs have complete FULL logs
[2026-07-03T00:55:38-0700] all GitLab allocation 160 jobs have complete FULL logs
[2026-07-03T00:56:39-0700] all GitLab allocation 160 jobs have complete FULL logs
[2026-07-03T00:57:39-0700] all GitLab allocation 160 jobs have complete FULL logs
[2026-07-03T00:58:39-0700] all GitLab allocation 160 jobs have complete FULL logs
[2026-07-03T00:59:39-0700] all GitLab allocation 160 jobs have complete FULL logs
[2026-07-03T01:00:39-0700] all GitLab allocation 160 jobs have complete FULL logs
[2026-07-03T01:01:39-0700] all GitLab allocation 160 jobs have complete FULL logs
[2026-07-03T01:02:39-0700] all GitLab allocation 160 jobs have complete FULL logs
[2026-07-03T01:03:40-0700] all GitLab allocation 160 jobs have complete FULL logs
[2026-07-03T01:04:40-0700] all GitLab allocation 160 jobs have complete FULL logs
[2026-07-03T01:05:40-0700] all GitLab allocation 160 jobs have complete FULL logs
[2026-07-03T01:06:40-0700] all GitLab allocation 160 jobs have complete FULL logs
[2026-07-03T01:07:40-0700] all GitLab allocation 160 jobs have complete FULL logs
[2026-07-03T01:08:40-0700] all GitLab allocation 160 jobs have complete FULL logs
[2026-07-03T01:09:40-0700] all GitLab allocation 160 jobs have complete FULL logs
[2026-07-03T01:10:41-0700] all GitLab allocation 160 jobs have complete FULL logs
[2026-07-03T01:11:41-0700] all GitLab allocation 160 jobs have complete FULL logs
[2026-07-03T01:12:41-0700] all GitLab allocation 160 jobs have complete FULL logs
[2026-07-03T01:13:41-0700] all GitLab allocation 160 jobs have complete FULL logs
[2026-07-03T01:14:41-0700] all GitLab allocation 160 jobs have complete FULL logs
[2026-07-03T01:15:41-0700] all GitLab allocation 160 jobs have complete FULL logs
[2026-07-03T01:16:42-0700] all GitLab allocation 160 jobs have complete FULL logs
[2026-07-03T01:17:42-0700] all GitLab allocation 160 jobs have complete FULL logs
[2026-07-03T01:18:42-0700] all GitLab allocation 160 jobs have complete FULL logs
[2026-07-03T01:19:42-0700] all GitLab allocation 160 jobs have complete FULL logs
[2026-07-03T01:20:42-0700] all GitLab allocation 160 jobs have complete FULL logs
[2026-07-03T01:21:42-0700] all GitLab allocation 160 jobs have complete FULL logs
[2026-07-03T01:22:42-0700] all GitLab allocation 160 jobs have complete FULL logs
[2026-07-03T01:23:43-0700] all GitLab allocation 160 jobs have complete FULL logs
[2026-07-03T01:24:43-0700] all GitLab allocation 160 jobs have complete FULL logs
[2026-07-03T01:25:43-0700] all GitLab allocation 160 jobs have complete FULL logs
[2026-07-03T01:26:43-0700] all GitLab allocation 160 jobs have complete FULL logs
[2026-07-03T01:27:43-0700] all GitLab allocation 160 jobs have complete FULL logs
[2026-07-03T01:28:43-0700] all GitLab allocation 160 jobs have complete FULL logs
[2026-07-03T01:29:43-0700] all GitLab allocation 160 jobs have complete FULL logs
[2026-07-03T01:30:44-0700] all GitLab allocation 160 jobs have complete FULL logs
[2026-07-03T01:31:44-0700] all GitLab allocation 160 jobs have complete FULL logs
[2026-07-03T01:32:44-0700] all GitLab allocation 160 jobs have complete FULL logs
[2026-07-03T01:33:44-0700] all GitLab allocation 160 jobs have complete FULL logs
[2026-07-03T01:34:44-0700] all GitLab allocation 160 jobs have complete FULL logs
[2026-07-03T01:35:44-0700] all GitLab allocation 160 jobs have complete FULL logs
[2026-07-03T01:36:45-0700] all GitLab allocation 160 jobs have complete FULL logs
[2026-07-03T01:37:45-0700] all GitLab allocation 160 jobs have complete FULL logs
[2026-07-03T01:38:45-0700] all GitLab allocation 160 jobs have complete FULL logs
[2026-07-03T01:39:45-0700] all GitLab allocation 160 jobs have complete FULL logs
[2026-07-03T01:40:45-0700] all GitLab allocation 160 jobs have complete FULL logs
[2026-07-03T01:41:45-0700] all GitLab allocation 160 jobs have complete FULL logs
[2026-07-03T01:42:45-0700] all GitLab allocation 160 jobs have complete FULL logs
[2026-07-03T01:43:46-0700] all GitLab allocation 160 jobs have complete FULL logs
[2026-07-03T01:44:46-0700] all GitLab allocation 160 jobs have complete FULL logs
[2026-07-03T01:45:46-0700] all GitLab allocation 160 jobs have complete FULL logs
[2026-07-03T01:46:46-0700] all GitLab allocation 160 jobs have complete FULL logs
[2026-07-03T01:47:46-0700] all GitLab allocation 160 jobs have complete FULL logs
[2026-07-03T01:48:46-0700] all GitLab allocation 160 jobs have complete FULL logs
[2026-07-03T01:49:47-0700] all GitLab allocation 160 jobs have complete FULL logs
[2026-07-03T01:50:47-0700] all GitLab allocation 160 jobs have complete FULL logs
[2026-07-03T01:51:47-0700] all GitLab allocation 160 jobs have complete FULL logs
[2026-07-03T01:52:47-0700] all GitLab allocation 160 jobs have complete FULL logs
[2026-07-03T01:53:47-0700] all GitLab allocation 160 jobs have complete FULL logs
[2026-07-03T01:54:47-0700] all GitLab allocation 160 jobs have complete FULL logs
[2026-07-03T01:55:47-0700] all GitLab allocation 160 jobs have complete FULL logs
[2026-07-03T01:56:48-0700] all GitLab allocation 160 jobs have complete FULL logs
[2026-07-03T01:57:48-0700] all GitLab allocation 160 jobs have complete FULL logs
[2026-07-03T01:58:48-0700] all GitLab allocation 160 jobs have complete FULL logs
[2026-07-03T01:59:48-0700] all GitLab allocation 160 jobs have complete FULL logs
[2026-07-03T02:00:48-0700] all GitLab allocation 160 jobs have complete FULL logs
[2026-07-03T02:01:48-0700] all GitLab allocation 160 jobs have complete FULL logs
[2026-07-03T02:02:49-0700] all GitLab allocation 160 jobs have complete FULL logs
[2026-07-03T02:03:49-0700] all GitLab allocation 160 jobs have complete FULL logs
[2026-07-03T02:04:49-0700] all GitLab allocation 160 jobs have complete FULL logs
[2026-07-03T02:05:49-0700] all GitLab allocation 160 jobs have complete FULL logs
[2026-07-03T02:06:49-0700] all GitLab allocation 160 jobs have complete FULL logs
[2026-07-03T02:07:49-0700] all GitLab allocation 160 jobs have complete FULL logs
[2026-07-03T02:08:49-0700] all GitLab allocation 160 jobs have complete FULL logs
[2026-07-03T02:09:50-0700] all GitLab allocation 160 jobs have complete FULL logs
[2026-07-03T02:10:50-0700] all GitLab allocation 160 jobs have complete FULL logs
[2026-07-03T02:11:50-0700] all GitLab allocation 160 jobs have complete FULL logs
[2026-07-03T02:12:50-0700] all GitLab allocation 160 jobs have complete FULL logs
[2026-07-03T02:13:50-0700] all GitLab allocation 160 jobs have complete FULL logs
[2026-07-03T02:14:50-0700] all GitLab allocation 160 jobs have complete FULL logs
[2026-07-03T02:15:50-0700] all GitLab allocation 160 jobs have complete FULL logs
[2026-07-03T02:16:51-0700] all GitLab allocation 160 jobs have complete FULL logs
[2026-07-03T02:17:51-0700] all GitLab allocation 160 jobs have complete FULL logs
[2026-07-03T02:18:51-0700] all GitLab allocation 160 jobs have complete FULL logs
[2026-07-03T02:19:51-0700] all GitLab allocation 160 jobs have complete FULL logs
[2026-07-03T02:20:51-0700] all GitLab allocation 160 jobs have complete FULL logs
[2026-07-03T02:21:51-0700] all GitLab allocation 160 jobs have complete FULL logs
[2026-07-03T02:22:51-0700] all GitLab allocation 160 jobs have complete FULL logs
[2026-07-03T02:23:52-0700] all GitLab allocation 160 jobs have complete FULL logs
[2026-07-03T02:24:52-0700] all GitLab allocation 160 jobs have complete FULL logs
[2026-07-03T02:25:52-0700] all GitLab allocation 160 jobs have complete FULL logs
[2026-07-03T02:26:52-0700] all GitLab allocation 160 jobs have complete FULL logs
[2026-07-03T02:27:52-0700] all GitLab allocation 160 jobs have complete FULL logs
[2026-07-03T02:28:52-0700] all GitLab allocation 160 jobs have complete FULL logs
[2026-07-03T02:29:53-0700] all GitLab allocation 160 jobs have complete FULL logs
[2026-07-03T02:30:53-0700] all GitLab allocation 160 jobs have complete FULL logs
[2026-07-03T02:31:53-0700] all GitLab allocation 160 jobs have complete FULL logs
[2026-07-03T02:32:53-0700] all GitLab allocation 160 jobs have complete FULL logs
[2026-07-03T02:33:53-0700] all GitLab allocation 160 jobs have complete FULL logs
[2026-07-03T02:34:53-0700] all GitLab allocation 160 jobs have complete FULL logs
[2026-07-03T02:35:53-0700] all GitLab allocation 160 jobs have complete FULL logs
[2026-07-03T02:36:54-0700] all GitLab allocation 160 jobs have complete FULL logs
[2026-07-03T02:37:54-0700] all GitLab allocation 160 jobs have complete FULL logs
[2026-07-03T02:38:54-0700] all GitLab allocation 160 jobs have complete FULL logs
[2026-07-03T02:39:54-0700] all GitLab allocation 160 jobs have complete FULL logs
[2026-07-03T02:40:54-0700] all GitLab allocation 160 jobs have complete FULL logs
[2026-07-03T02:41:54-0700] all GitLab allocation 160 jobs have complete FULL logs
[2026-07-03T02:42:54-0700] all GitLab allocation 160 jobs have complete FULL logs
[2026-07-03T02:43:55-0700] all GitLab allocation 160 jobs have complete FULL logs
[2026-07-03T02:44:55-0700] all GitLab allocation 160 jobs have complete FULL logs
[2026-07-03T02:45:55-0700] all GitLab allocation 160 jobs have complete FULL logs
[2026-07-03T02:46:55-0700] all GitLab allocation 160 jobs have complete FULL logs
[2026-07-03T02:47:55-0700] all GitLab allocation 160 jobs have complete FULL logs
[2026-07-03T02:48:55-0700] all GitLab allocation 160 jobs have complete FULL logs
[2026-07-03T02:49:56-0700] all GitLab allocation 160 jobs have complete FULL logs
[2026-07-03T02:50:56-0700] all GitLab allocation 160 jobs have complete FULL logs
[2026-07-03T02:51:56-0700] all GitLab allocation 160 jobs have complete FULL logs
[2026-07-03T02:52:56-0700] all GitLab allocation 160 jobs have complete FULL logs
[2026-07-03T02:53:56-0700] all GitLab allocation 160 jobs have complete FULL logs
[2026-07-03T02:54:56-0700] all GitLab allocation 160 jobs have complete FULL logs
[2026-07-03T02:55:56-0700] all GitLab allocation 160 jobs have complete FULL logs
[2026-07-03T02:56:57-0700] all GitLab allocation 160 jobs have complete FULL logs
[2026-07-03T02:57:57-0700] all GitLab allocation 160 jobs have complete FULL logs
[2026-07-03T02:58:57-0700] all GitLab allocation 160 jobs have complete FULL logs
[2026-07-03T02:59:57-0700] all GitLab allocation 160 jobs have complete FULL logs
[2026-07-03T03:00:57-0700] all GitLab allocation 160 jobs have complete FULL logs
[2026-07-03T03:01:57-0700] all GitLab allocation 160 jobs have complete FULL logs
[2026-07-03T03:02:57-0700] all GitLab allocation 160 jobs have complete FULL logs
[2026-07-03T03:03:58-0700] all GitLab allocation 160 jobs have complete FULL logs
[2026-07-03T03:04:58-0700] all GitLab allocation 160 jobs have complete FULL logs
[2026-07-03T03:05:58-0700] all GitLab allocation 160 jobs have complete FULL logs
[2026-07-03T03:06:58-0700] all GitLab allocation 160 jobs have complete FULL logs
[2026-07-03T03:07:58-0700] all GitLab allocation 160 jobs have complete FULL logs
[2026-07-03T03:08:58-0700] all GitLab allocation 160 jobs have complete FULL logs
[2026-07-03T03:09:59-0700] all GitLab allocation 160 jobs have complete FULL logs
[2026-07-03T03:10:59-0700] all GitLab allocation 160 jobs have complete FULL logs
[2026-07-03T03:11:59-0700] all GitLab allocation 160 jobs have complete FULL logs
[2026-07-03T03:12:59-0700] all GitLab allocation 160 jobs have complete FULL logs
[2026-07-03T03:13:59-0700] all GitLab allocation 160 jobs have complete FULL logs
[2026-07-03T03:14:59-0700] all GitLab allocation 160 jobs have complete FULL logs
[2026-07-03T03:15:59-0700] all GitLab allocation 160 jobs have complete FULL logs
[2026-07-03T03:17:00-0700] all GitLab allocation 160 jobs have complete FULL logs
[2026-07-03T03:18:00-0700] all GitLab allocation 160 jobs have complete FULL logs
[2026-07-03T03:19:00-0700] all GitLab allocation 160 jobs have complete FULL logs
[2026-07-03T03:20:00-0700] all GitLab allocation 160 jobs have complete FULL logs
[2026-07-03T03:21:00-0700] all GitLab allocation 160 jobs have complete FULL logs
[2026-07-03T03:22:00-0700] all GitLab allocation 160 jobs have complete FULL logs
[2026-07-03T03:23:00-0700] all GitLab allocation 160 jobs have complete FULL logs
[2026-07-03T03:24:01-0700] all GitLab allocation 160 jobs have complete FULL logs
[2026-07-03T03:25:01-0700] all GitLab allocation 160 jobs have complete FULL logs
[2026-07-03T03:26:01-0700] all GitLab allocation 160 jobs have complete FULL logs
[2026-07-03T03:27:01-0700] all GitLab allocation 160 jobs have complete FULL logs
[2026-07-03T03:28:01-0700] all GitLab allocation 160 jobs have complete FULL logs
[2026-07-03T03:29:01-0700] all GitLab allocation 160 jobs have complete FULL logs
[2026-07-03T03:30:02-0700] all GitLab allocation 160 jobs have complete FULL logs
[2026-07-03T03:31:02-0700] all GitLab allocation 160 jobs have complete FULL logs
[2026-07-03T03:32:02-0700] all GitLab allocation 160 jobs have complete FULL logs
[2026-07-03T03:33:02-0700] all GitLab allocation 160 jobs have complete FULL logs
[2026-07-03T03:34:02-0700] all GitLab allocation 160 jobs have complete FULL logs
[2026-07-03T03:35:02-0700] all GitLab allocation 160 jobs have complete FULL logs
[2026-07-03T03:36:02-0700] all GitLab allocation 160 jobs have complete FULL logs
[2026-07-03T03:37:03-0700] all GitLab allocation 160 jobs have complete FULL logs
[2026-07-03T03:38:03-0700] all GitLab allocation 160 jobs have complete FULL logs
[2026-07-03T03:39:03-0700] all GitLab allocation 160 jobs have complete FULL logs
[2026-07-03T03:40:03-0700] all GitLab allocation 160 jobs have complete FULL logs
[2026-07-03T03:41:03-0700] all GitLab allocation 160 jobs have complete FULL logs
[2026-07-03T03:42:03-0700] all GitLab allocation 160 jobs have complete FULL logs
[2026-07-03T03:43:04-0700] all GitLab allocation 160 jobs have complete FULL logs
[2026-07-03T03:44:04-0700] all GitLab allocation 160 jobs have complete FULL logs
[2026-07-03T03:45:04-0700] all GitLab allocation 160 jobs have complete FULL logs
[2026-07-03T03:46:04-0700] all GitLab allocation 160 jobs have complete FULL logs
[2026-07-03T03:47:04-0700] all GitLab allocation 160 jobs have complete FULL logs
[2026-07-03T03:48:04-0700] all GitLab allocation 160 jobs have complete FULL logs
[2026-07-03T03:49:04-0700] all GitLab allocation 160 jobs have complete FULL logs
[2026-07-03T03:50:05-0700] all GitLab allocation 160 jobs have complete FULL logs
[2026-07-03T03:51:05-0700] all GitLab allocation 160 jobs have complete FULL logs
[2026-07-03T03:52:05-0700] all GitLab allocation 160 jobs have complete FULL logs
[2026-07-03T03:53:05-0700] all GitLab allocation 160 jobs have complete FULL logs
[2026-07-03T03:54:05-0700] all GitLab allocation 160 jobs have complete FULL logs
[2026-07-03T03:55:05-0700] all GitLab allocation 160 jobs have complete FULL logs
[2026-07-03T03:56:05-0700] all GitLab allocation 160 jobs have complete FULL logs
[2026-07-03T03:57:06-0700] all GitLab allocation 160 jobs have complete FULL logs
[2026-07-03T03:58:06-0700] all GitLab allocation 160 jobs have complete FULL logs
[2026-07-03T03:59:06-0700] all GitLab allocation 160 jobs have complete FULL logs
[2026-07-03T04:00:06-0700] all GitLab allocation 160 jobs have complete FULL logs
[2026-07-03T04:01:06-0700] all GitLab allocation 160 jobs have complete FULL logs
[2026-07-03T04:02:06-0700] all GitLab allocation 160 jobs have complete FULL logs
[2026-07-03T04:03:07-0700] all GitLab allocation 160 jobs have complete FULL logs
[2026-07-03T04:04:07-0700] all GitLab allocation 160 jobs have complete FULL logs
[2026-07-03T04:05:07-0700] all GitLab allocation 160 jobs have complete FULL logs
[2026-07-03T04:06:07-0700] all GitLab allocation 160 jobs have complete FULL logs
[2026-07-03T04:07:07-0700] all GitLab allocation 160 jobs have complete FULL logs
[2026-07-03T04:08:07-0700] all GitLab allocation 160 jobs have complete FULL logs
[2026-07-03T04:09:07-0700] all GitLab allocation 160 jobs have complete FULL logs
[2026-07-03T04:10:08-0700] all GitLab allocation 160 jobs have complete FULL logs
[2026-07-03T04:11:08-0700] all GitLab allocation 160 jobs have complete FULL logs
[2026-07-03T04:12:08-0700] all GitLab allocation 160 jobs have complete FULL logs
[2026-07-03T04:13:08-0700] all GitLab allocation 160 jobs have complete FULL logs
[2026-07-03T04:14:08-0700] all GitLab allocation 160 jobs have complete FULL logs
[2026-07-03T04:15:08-0700] all GitLab allocation 160 jobs have complete FULL logs
[2026-07-03T04:16:09-0700] all GitLab allocation 160 jobs have complete FULL logs
[2026-07-03T04:17:09-0700] all GitLab allocation 160 jobs have complete FULL logs
[2026-07-03T04:18:09-0700] all GitLab allocation 160 jobs have complete FULL logs
[2026-07-03T04:19:09-0700] all GitLab allocation 160 jobs have complete FULL logs
[2026-07-03T04:20:09-0700] all GitLab allocation 160 jobs have complete FULL logs
[2026-07-03T04:21:09-0700] all GitLab allocation 160 jobs have complete FULL logs
[2026-07-03T04:22:09-0700] all GitLab allocation 160 jobs have complete FULL logs
[2026-07-03T04:23:10-0700] all GitLab allocation 160 jobs have complete FULL logs
[2026-07-03T04:24:10-0700] all GitLab allocation 160 jobs have complete FULL logs
[2026-07-03T04:25:10-0700] all GitLab allocation 160 jobs have complete FULL logs
[2026-07-03T04:26:10-0700] all GitLab allocation 160 jobs have complete FULL logs
[2026-07-03T04:27:10-0700] all GitLab allocation 160 jobs have complete FULL logs
[2026-07-03T04:28:10-0700] all GitLab allocation 160 jobs have complete FULL logs
[2026-07-03T04:29:10-0700] all GitLab allocation 160 jobs have complete FULL logs
[2026-07-03T04:30:11-0700] all GitLab allocation 160 jobs have complete FULL logs
[2026-07-03T04:31:11-0700] all GitLab allocation 160 jobs have complete FULL logs
[2026-07-03T04:32:11-0700] all GitLab allocation 160 jobs have complete FULL logs
[2026-07-03T04:33:11-0700] all GitLab allocation 160 jobs have complete FULL logs
[2026-07-03T04:34:11-0700] all GitLab allocation 160 jobs have complete FULL logs
[2026-07-03T04:35:11-0700] all GitLab allocation 160 jobs have complete FULL logs
[2026-07-03T04:36:11-0700] all GitLab allocation 160 jobs have complete FULL logs
[2026-07-03T04:37:12-0700] all GitLab allocation 160 jobs have complete FULL logs
[2026-07-03T04:38:12-0700] all GitLab allocation 160 jobs have complete FULL logs
[2026-07-03T04:39:12-0700] all GitLab allocation 160 jobs have complete FULL logs
[2026-07-03T04:40:12-0700] all GitLab allocation 160 jobs have complete FULL logs
[2026-07-03T04:41:12-0700] all GitLab allocation 160 jobs have complete FULL logs
[2026-07-03T04:42:12-0700] all GitLab allocation 160 jobs have complete FULL logs
[2026-07-03T04:43:13-0700] all GitLab allocation 160 jobs have complete FULL logs
[2026-07-03T04:44:13-0700] all GitLab allocation 160 jobs have complete FULL logs
[2026-07-03T04:45:13-0700] all GitLab allocation 160 jobs have complete FULL logs
[2026-07-03T04:46:13-0700] all GitLab allocation 160 jobs have complete FULL logs
[2026-07-03T04:47:13-0700] all GitLab allocation 160 jobs have complete FULL logs
[2026-07-03T04:48:13-0700] all GitLab allocation 160 jobs have complete FULL logs
[2026-07-03T04:49:13-0700] all GitLab allocation 160 jobs have complete FULL logs
[2026-07-03T04:50:14-0700] all GitLab allocation 160 jobs have complete FULL logs
[2026-07-03T04:51:14-0700] all GitLab allocation 160 jobs have complete FULL logs
[2026-07-03T04:52:14-0700] all GitLab allocation 160 jobs have complete FULL logs
[2026-07-03T04:53:14-0700] all GitLab allocation 160 jobs have complete FULL logs
[2026-07-03T04:54:14-0700] all GitLab allocation 160 jobs have complete FULL logs
[2026-07-03T04:55:14-0700] all GitLab allocation 160 jobs have complete FULL logs
[2026-07-03T04:56:15-0700] all GitLab allocation 160 jobs have complete FULL logs
[2026-07-03T04:57:15-0700] all GitLab allocation 160 jobs have complete FULL logs
[2026-07-03T04:58:15-0700] all GitLab allocation 160 jobs have complete FULL logs
[2026-07-03T04:59:15-0700] all GitLab allocation 160 jobs have complete FULL logs
[2026-07-03T05:00:15-0700] all GitLab allocation 160 jobs have complete FULL logs
[2026-07-03T05:01:15-0700] all GitLab allocation 160 jobs have complete FULL logs
[2026-07-03T05:02:15-0700] all GitLab allocation 160 jobs have complete FULL logs
[2026-07-03T05:03:16-0700] all GitLab allocation 160 jobs have complete FULL logs
[2026-07-03T05:04:16-0700] all GitLab allocation 160 jobs have complete FULL logs
[2026-07-03T05:05:16-0700] all GitLab allocation 160 jobs have complete FULL logs
[2026-07-03T05:06:16-0700] all GitLab allocation 160 jobs have complete FULL logs
[2026-07-03T05:07:16-0700] all GitLab allocation 160 jobs have complete FULL logs
[2026-07-03T05:08:16-0700] all GitLab allocation 160 jobs have complete FULL logs
[2026-07-03T05:09:17-0700] all GitLab allocation 160 jobs have complete FULL logs
[2026-07-03T05:10:17-0700] all GitLab allocation 160 jobs have complete FULL logs
[2026-07-03T05:11:17-0700] all GitLab allocation 160 jobs have complete FULL logs
[2026-07-03T05:12:17-0700] all GitLab allocation 160 jobs have complete FULL logs
[2026-07-03T05:13:17-0700] all GitLab allocation 160 jobs have complete FULL logs
[2026-07-03T05:14:17-0700] all GitLab allocation 160 jobs have complete FULL logs
[2026-07-03T05:15:17-0700] all GitLab allocation 160 jobs have complete FULL logs
[2026-07-03T05:16:18-0700] all GitLab allocation 160 jobs have complete FULL logs
[2026-07-03T05:17:18-0700] all GitLab allocation 160 jobs have complete FULL logs
[2026-07-03T05:18:18-0700] all GitLab allocation 160 jobs have complete FULL logs
[2026-07-03T05:19:18-0700] all GitLab allocation 160 jobs have complete FULL logs
[2026-07-03T05:20:18-0700] all GitLab allocation 160 jobs have complete FULL logs
[2026-07-03T05:21:18-0700] all GitLab allocation 160 jobs have complete FULL logs
[2026-07-03T05:22:18-0700] all GitLab allocation 160 jobs have complete FULL logs
[2026-07-03T05:23:19-0700] all GitLab allocation 160 jobs have complete FULL logs
[2026-07-03T05:24:19-0700] all GitLab allocation 160 jobs have complete FULL logs
[2026-07-03T05:25:19-0700] all GitLab allocation 160 jobs have complete FULL logs
[2026-07-03T05:26:19-0700] all GitLab allocation 160 jobs have complete FULL logs
[2026-07-03T05:27:19-0700] all GitLab allocation 160 jobs have complete FULL logs
[2026-07-03T05:28:19-0700] all GitLab allocation 160 jobs have complete FULL logs
[2026-07-03T05:29:20-0700] all GitLab allocation 160 jobs have complete FULL logs
[2026-07-03T05:30:20-0700] all GitLab allocation 160 jobs have complete FULL logs
[2026-07-03T05:31:20-0700] all GitLab allocation 160 jobs have complete FULL logs
[2026-07-03T05:32:20-0700] all GitLab allocation 160 jobs have complete FULL logs
[2026-07-03T05:33:20-0700] all GitLab allocation 160 jobs have complete FULL logs
[2026-07-03T05:34:20-0700] all GitLab allocation 160 jobs have complete FULL logs
[2026-07-03T05:35:20-0700] all GitLab allocation 160 jobs have complete FULL logs
[2026-07-03T05:36:21-0700] all GitLab allocation 160 jobs have complete FULL logs
[2026-07-03T05:37:21-0700] all GitLab allocation 160 jobs have complete FULL logs
[2026-07-03T05:38:21-0700] all GitLab allocation 160 jobs have complete FULL logs
[2026-07-03T05:39:21-0700] all GitLab allocation 160 jobs have complete FULL logs
[2026-07-03T05:40:21-0700] all GitLab allocation 160 jobs have complete FULL logs
[2026-07-03T05:41:21-0700] all GitLab allocation 160 jobs have complete FULL logs
[2026-07-03T05:42:21-0700] all GitLab allocation 160 jobs have complete FULL logs
[2026-07-03T05:43:22-0700] all GitLab allocation 160 jobs have complete FULL logs
[2026-07-03T05:44:22-0700] all GitLab allocation 160 jobs have complete FULL logs
[2026-07-03T05:45:22-0700] all GitLab allocation 160 jobs have complete FULL logs
[2026-07-03T05:46:22-0700] all GitLab allocation 160 jobs have complete FULL logs
[2026-07-03T05:47:22-0700] all GitLab allocation 160 jobs have complete FULL logs
[2026-07-03T05:48:22-0700] all GitLab allocation 160 jobs have complete FULL logs
[2026-07-03T05:49:23-0700] all GitLab allocation 160 jobs have complete FULL logs
[2026-07-03T05:50:23-0700] all GitLab allocation 160 jobs have complete FULL logs
[2026-07-03T05:51:23-0700] all GitLab allocation 160 jobs have complete FULL logs
[2026-07-03T05:52:23-0700] all GitLab allocation 160 jobs have complete FULL logs
[2026-07-03T05:53:23-0700] all GitLab allocation 160 jobs have complete FULL logs
[2026-07-03T05:54:23-0700] all GitLab allocation 160 jobs have complete FULL logs
[2026-07-03T05:55:23-0700] all GitLab allocation 160 jobs have complete FULL logs
[2026-07-03T05:56:24-0700] all GitLab allocation 160 jobs have complete FULL logs
[2026-07-03T05:57:24-0700] all GitLab allocation 160 jobs have complete FULL logs
[2026-07-03T05:58:24-0700] all GitLab allocation 160 jobs have complete FULL logs
[2026-07-03T05:59:24-0700] all GitLab allocation 160 jobs have complete FULL logs
[2026-07-03T06:00:24-0700] all GitLab allocation 160 jobs have complete FULL logs
[2026-07-03T06:01:24-0700] all GitLab allocation 160 jobs have complete FULL logs
[2026-07-03T06:02:25-0700] all GitLab allocation 160 jobs have complete FULL logs
[2026-07-03T06:03:25-0700] all GitLab allocation 160 jobs have complete FULL logs
[2026-07-03T06:04:25-0700] all GitLab allocation 160 jobs have complete FULL logs
[2026-07-03T06:05:25-0700] all GitLab allocation 160 jobs have complete FULL logs
[2026-07-03T06:06:25-0700] all GitLab allocation 160 jobs have complete FULL logs
[2026-07-03T06:07:25-0700] all GitLab allocation 160 jobs have complete FULL logs
[2026-07-03T06:08:25-0700] all GitLab allocation 160 jobs have complete FULL logs
[2026-07-03T06:09:26-0700] all GitLab allocation 160 jobs have complete FULL logs
[2026-07-03T06:10:26-0700] all GitLab allocation 160 jobs have complete FULL logs
[2026-07-03T06:11:26-0700] all GitLab allocation 160 jobs have complete FULL logs
[2026-07-03T06:12:26-0700] all GitLab allocation 160 jobs have complete FULL logs
[2026-07-03T06:13:26-0700] all GitLab allocation 160 jobs have complete FULL logs
[2026-07-03T06:14:26-0700] all GitLab allocation 160 jobs have complete FULL logs
[2026-07-03T06:15:27-0700] all GitLab allocation 160 jobs have complete FULL logs
[2026-07-03T06:16:27-0700] all GitLab allocation 160 jobs have complete FULL logs
[2026-07-03T06:17:27-0700] all GitLab allocation 160 jobs have complete FULL logs
[2026-07-03T06:18:27-0700] all GitLab allocation 160 jobs have complete FULL logs
[2026-07-03T06:19:27-0700] all GitLab allocation 160 jobs have complete FULL logs
[2026-07-03T06:20:27-0700] all GitLab allocation 160 jobs have complete FULL logs
[2026-07-03T06:21:27-0700] all GitLab allocation 160 jobs have complete FULL logs
[2026-07-03T06:22:28-0700] all GitLab allocation 160 jobs have complete FULL logs
[2026-07-03T06:23:28-0700] all GitLab allocation 160 jobs have complete FULL logs
[2026-07-03T06:24:28-0700] all GitLab allocation 160 jobs have complete FULL logs
[2026-07-03T06:25:28-0700] all GitLab allocation 160 jobs have complete FULL logs
[2026-07-03T06:26:28-0700] all GitLab allocation 160 jobs have complete FULL logs
[2026-07-03T06:27:28-0700] all GitLab allocation 160 jobs have complete FULL logs
[2026-07-03T06:28:28-0700] all GitLab allocation 160 jobs have complete FULL logs
[2026-07-03T06:29:29-0700] all GitLab allocation 160 jobs have complete FULL logs
[2026-07-03T06:30:29-0700] all GitLab allocation 160 jobs have complete FULL logs
[2026-07-03T06:31:29-0700] all GitLab allocation 160 jobs have complete FULL logs
[2026-07-03T06:32:29-0700] all GitLab allocation 160 jobs have complete FULL logs
[2026-07-03T06:33:29-0700] all GitLab allocation 160 jobs have complete FULL logs
[2026-07-03T06:34:29-0700] all GitLab allocation 160 jobs have complete FULL logs
[2026-07-03T06:35:29-0700] all GitLab allocation 160 jobs have complete FULL logs
[2026-07-03T06:36:30-0700] all GitLab allocation 160 jobs have complete FULL logs
[2026-07-03T06:37:30-0700] all GitLab allocation 160 jobs have complete FULL logs
[2026-07-03T06:38:30-0700] all GitLab allocation 160 jobs have complete FULL logs
[2026-07-03T06:39:30-0700] all GitLab allocation 160 jobs have complete FULL logs
[2026-07-03T06:40:30-0700] all GitLab allocation 160 jobs have complete FULL logs
[2026-07-03T06:41:30-0700] all GitLab allocation 160 jobs have complete FULL logs
[2026-07-03T06:42:30-0700] all GitLab allocation 160 jobs have complete FULL logs
[2026-07-03T06:43:31-0700] all GitLab allocation 160 jobs have complete FULL logs
[2026-07-03T06:44:31-0700] all GitLab allocation 160 jobs have complete FULL logs
[2026-07-03T06:45:31-0700] all GitLab allocation 160 jobs have complete FULL logs
[2026-07-03T06:46:31-0700] all GitLab allocation 160 jobs have complete FULL logs
[2026-07-03T06:47:31-0700] all GitLab allocation 160 jobs have complete FULL logs
[2026-07-03T06:48:31-0700] all GitLab allocation 160 jobs have complete FULL logs
[2026-07-03T06:49:32-0700] all GitLab allocation 160 jobs have complete FULL logs
[2026-07-03T06:50:32-0700] all GitLab allocation 160 jobs have complete FULL logs
[2026-07-03T06:51:32-0700] all GitLab allocation 160 jobs have complete FULL logs
[2026-07-03T06:52:32-0700] all GitLab allocation 160 jobs have complete FULL logs
[2026-07-03T06:53:32-0700] all GitLab allocation 160 jobs have complete FULL logs
[2026-07-03T06:54:32-0700] all GitLab allocation 160 jobs have complete FULL logs
[2026-07-03T06:55:32-0700] all GitLab allocation 160 jobs have complete FULL logs
[2026-07-03T06:56:33-0700] all GitLab allocation 160 jobs have complete FULL logs
[2026-07-03T06:57:33-0700] all GitLab allocation 160 jobs have complete FULL logs
[2026-07-03T06:58:33-0700] all GitLab allocation 160 jobs have complete FULL logs
[2026-07-03T06:59:33-0700] all GitLab allocation 160 jobs have complete FULL logs
[2026-07-03T07:00:33-0700] all GitLab allocation 160 jobs have complete FULL logs
[2026-07-03T07:01:33-0700] all GitLab allocation 160 jobs have complete FULL logs
[2026-07-03T07:02:33-0700] all GitLab allocation 160 jobs have complete FULL logs
[2026-07-03T07:03:34-0700] all GitLab allocation 160 jobs have complete FULL logs
[2026-07-03T07:04:34-0700] all GitLab allocation 160 jobs have complete FULL logs
[2026-07-03T07:05:34-0700] all GitLab allocation 160 jobs have complete FULL logs
[2026-07-03T07:06:34-0700] all GitLab allocation 160 jobs have complete FULL logs
[2026-07-03T07:07:34-0700] all GitLab allocation 160 jobs have complete FULL logs
[2026-07-03T07:08:34-0700] all GitLab allocation 160 jobs have complete FULL logs
[2026-07-03T07:09:35-0700] all GitLab allocation 160 jobs have complete FULL logs
[2026-07-03T07:10:35-0700] all GitLab allocation 160 jobs have complete FULL logs
[2026-07-03T07:11:35-0700] all GitLab allocation 160 jobs have complete FULL logs
[2026-07-03T07:12:35-0700] all GitLab allocation 160 jobs have complete FULL logs
[2026-07-03T07:13:35-0700] all GitLab allocation 160 jobs have complete FULL logs
[2026-07-03T07:14:35-0700] all GitLab allocation 160 jobs have complete FULL logs
[2026-07-03T07:15:35-0700] all GitLab allocation 160 jobs have complete FULL logs
[2026-07-03T07:16:36-0700] all GitLab allocation 160 jobs have complete FULL logs
[2026-07-03T07:17:36-0700] all GitLab allocation 160 jobs have complete FULL logs
[2026-07-03T07:18:36-0700] all GitLab allocation 160 jobs have complete FULL logs
[2026-07-03T07:19:36-0700] all GitLab allocation 160 jobs have complete FULL logs
[2026-07-03T07:20:36-0700] all GitLab allocation 160 jobs have complete FULL logs
[2026-07-03T07:21:36-0700] all GitLab allocation 160 jobs have complete FULL logs
[2026-07-03T07:22:36-0700] all GitLab allocation 160 jobs have complete FULL logs
[2026-07-03T07:23:37-0700] all GitLab allocation 160 jobs have complete FULL logs
[2026-07-03T07:24:37-0700] all GitLab allocation 160 jobs have complete FULL logs
[2026-07-03T07:25:37-0700] all GitLab allocation 160 jobs have complete FULL logs
[2026-07-03T07:26:37-0700] all GitLab allocation 160 jobs have complete FULL logs
[2026-07-03T07:27:37-0700] all GitLab allocation 160 jobs have complete FULL logs
[2026-07-03T07:28:37-0700] all GitLab allocation 160 jobs have complete FULL logs
[2026-07-03T07:29:38-0700] all GitLab allocation 160 jobs have complete FULL logs
[2026-07-03T07:30:38-0700] all GitLab allocation 160 jobs have complete FULL logs
[2026-07-03T07:31:38-0700] all GitLab allocation 160 jobs have complete FULL logs
[2026-07-03T07:32:38-0700] all GitLab allocation 160 jobs have complete FULL logs
[2026-07-03T07:33:38-0700] all GitLab allocation 160 jobs have complete FULL logs
[2026-07-03T07:34:38-0700] all GitLab allocation 160 jobs have complete FULL logs
[2026-07-03T07:35:38-0700] all GitLab allocation 160 jobs have complete FULL logs
[2026-07-03T07:36:39-0700] all GitLab allocation 160 jobs have complete FULL logs
[2026-07-03T07:37:39-0700] all GitLab allocation 160 jobs have complete FULL logs
[2026-07-03T07:38:39-0700] all GitLab allocation 160 jobs have complete FULL logs
[2026-07-03T07:39:39-0700] all GitLab allocation 160 jobs have complete FULL logs
[2026-07-03T07:40:39-0700] all GitLab allocation 160 jobs have complete FULL logs
[2026-07-03T07:41:39-0700] all GitLab allocation 160 jobs have complete FULL logs
[2026-07-03T07:42:40-0700] all GitLab allocation 160 jobs have complete FULL logs
[2026-07-03T07:43:40-0700] all GitLab allocation 160 jobs have complete FULL logs
[2026-07-03T07:44:40-0700] all GitLab allocation 160 jobs have complete FULL logs
[2026-07-03T07:45:40-0700] all GitLab allocation 160 jobs have complete FULL logs
[2026-07-03T07:46:40-0700] all GitLab allocation 160 jobs have complete FULL logs
[2026-07-03T07:47:40-0700] all GitLab allocation 160 jobs have complete FULL logs
[2026-07-03T07:48:40-0700] all GitLab allocation 160 jobs have complete FULL logs
[2026-07-03T07:49:41-0700] all GitLab allocation 160 jobs have complete FULL logs
[2026-07-03T07:50:41-0700] all GitLab allocation 160 jobs have complete FULL logs
[2026-07-03T07:51:41-0700] all GitLab allocation 160 jobs have complete FULL logs
[2026-07-03T07:52:41-0700] all GitLab allocation 160 jobs have complete FULL logs
[2026-07-03T07:53:41-0700] all GitLab allocation 160 jobs have complete FULL logs
[2026-07-03T07:54:41-0700] all GitLab allocation 160 jobs have complete FULL logs
[2026-07-03T07:55:42-0700] all GitLab allocation 160 jobs have complete FULL logs
[2026-07-03T07:56:42-0700] all GitLab allocation 160 jobs have complete FULL logs
[2026-07-03T07:57:42-0700] all GitLab allocation 160 jobs have complete FULL logs
[2026-07-03T07:58:42-0700] all GitLab allocation 160 jobs have complete FULL logs
[2026-07-03T07:59:42-0700] all GitLab allocation 160 jobs have complete FULL logs
[2026-07-03T08:00:42-0700] all GitLab allocation 160 jobs have complete FULL logs
[2026-07-03T08:01:42-0700] all GitLab allocation 160 jobs have complete FULL logs
[2026-07-03T08:02:43-0700] all GitLab allocation 160 jobs have complete FULL logs
[2026-07-03T08:03:43-0700] all GitLab allocation 160 jobs have complete FULL logs
[2026-07-03T08:04:43-0700] all GitLab allocation 160 jobs have complete FULL logs
[2026-07-03T08:05:43-0700] all GitLab allocation 160 jobs have complete FULL logs
[2026-07-03T08:06:43-0700] all GitLab allocation 160 jobs have complete FULL logs
[2026-07-03T08:07:43-0700] all GitLab allocation 160 jobs have complete FULL logs
[2026-07-03T08:08:43-0700] all GitLab allocation 160 jobs have complete FULL logs
[2026-07-03T08:09:44-0700] all GitLab allocation 160 jobs have complete FULL logs
[2026-07-03T08:10:44-0700] all GitLab allocation 160 jobs have complete FULL logs
[2026-07-03T08:11:44-0700] all GitLab allocation 160 jobs have complete FULL logs
[2026-07-03T08:12:44-0700] all GitLab allocation 160 jobs have complete FULL logs
[2026-07-03T08:13:44-0700] all GitLab allocation 160 jobs have complete FULL logs
[2026-07-03T08:14:44-0700] all GitLab allocation 160 jobs have complete FULL logs
[2026-07-03T08:15:45-0700] all GitLab allocation 160 jobs have complete FULL logs
[2026-07-03T08:16:45-0700] all GitLab allocation 160 jobs have complete FULL logs
[2026-07-03T08:17:45-0700] all GitLab allocation 160 jobs have complete FULL logs
[2026-07-03T08:18:45-0700] all GitLab allocation 160 jobs have complete FULL logs
[2026-07-03T08:19:45-0700] all GitLab allocation 160 jobs have complete FULL logs
[2026-07-03T08:20:45-0700] all GitLab allocation 160 jobs have complete FULL logs
[2026-07-03T08:21:45-0700] all GitLab allocation 160 jobs have complete FULL logs
[2026-07-03T08:22:46-0700] all GitLab allocation 160 jobs have complete FULL logs
[2026-07-03T08:23:46-0700] all GitLab allocation 160 jobs have complete FULL logs
[2026-07-03T08:24:46-0700] all GitLab allocation 160 jobs have complete FULL logs
[2026-07-03T08:25:46-0700] all GitLab allocation 160 jobs have complete FULL logs
[2026-07-03T08:26:46-0700] all GitLab allocation 160 jobs have complete FULL logs
[2026-07-03T08:27:46-0700] all GitLab allocation 160 jobs have complete FULL logs
[2026-07-03T08:28:46-0700] all GitLab allocation 160 jobs have complete FULL logs
[2026-07-03T08:29:47-0700] all GitLab allocation 160 jobs have complete FULL logs
[2026-07-03T08:30:47-0700] all GitLab allocation 160 jobs have complete FULL logs
[2026-07-03T08:31:47-0700] all GitLab allocation 160 jobs have complete FULL logs
[2026-07-03T08:32:47-0700] all GitLab allocation 160 jobs have complete FULL logs
[2026-07-03T08:33:47-0700] all GitLab allocation 160 jobs have complete FULL logs
[2026-07-03T08:34:47-0700] all GitLab allocation 160 jobs have complete FULL logs
[2026-07-03T08:35:48-0700] all GitLab allocation 160 jobs have complete FULL logs
[2026-07-03T08:36:48-0700] all GitLab allocation 160 jobs have complete FULL logs
[2026-07-03T08:37:48-0700] all GitLab allocation 160 jobs have complete FULL logs
[2026-07-03T08:38:48-0700] all GitLab allocation 160 jobs have complete FULL logs
[2026-07-03T08:39:48-0700] all GitLab allocation 160 jobs have complete FULL logs
[2026-07-03T08:40:48-0700] all GitLab allocation 160 jobs have complete FULL logs
[2026-07-03T08:41:48-0700] all GitLab allocation 160 jobs have complete FULL logs
[2026-07-03T08:42:49-0700] all GitLab allocation 160 jobs have complete FULL logs
[2026-07-03T08:43:49-0700] all GitLab allocation 160 jobs have complete FULL logs
[2026-07-03T08:44:49-0700] all GitLab allocation 160 jobs have complete FULL logs
[2026-07-03T08:45:49-0700] all GitLab allocation 160 jobs have complete FULL logs
[2026-07-03T08:46:49-0700] all GitLab allocation 160 jobs have complete FULL logs
[2026-07-03T08:47:49-0700] all GitLab allocation 160 jobs have complete FULL logs
[2026-07-03T08:48:49-0700] all GitLab allocation 160 jobs have complete FULL logs
[2026-07-03T08:49:50-0700] all GitLab allocation 160 jobs have complete FULL logs
[2026-07-03T08:50:50-0700] all GitLab allocation 160 jobs have complete FULL logs
[2026-07-03T08:51:50-0700] all GitLab allocation 160 jobs have complete FULL logs
[2026-07-03T08:52:50-0700] all GitLab allocation 160 jobs have complete FULL logs
[2026-07-03T08:53:50-0700] all GitLab allocation 160 jobs have complete FULL logs
[2026-07-03T08:54:50-0700] all GitLab allocation 160 jobs have complete FULL logs
[2026-07-03T08:55:51-0700] all GitLab allocation 160 jobs have complete FULL logs
[2026-07-03T08:56:51-0700] all GitLab allocation 160 jobs have complete FULL logs
[2026-07-03T08:57:51-0700] all GitLab allocation 160 jobs have complete FULL logs
[2026-07-03T08:58:51-0700] all GitLab allocation 160 jobs have complete FULL logs
[2026-07-03T08:59:51-0700] all GitLab allocation 160 jobs have complete FULL logs
[2026-07-03T09:00:51-0700] all GitLab allocation 160 jobs have complete FULL logs
[2026-07-03T09:01:51-0700] all GitLab allocation 160 jobs have complete FULL logs
[2026-07-03T09:02:52-0700] all GitLab allocation 160 jobs have complete FULL logs
[2026-07-03T09:03:52-0700] all GitLab allocation 160 jobs have complete FULL logs
[2026-07-03T09:04:52-0700] all GitLab allocation 160 jobs have complete FULL logs
[2026-07-03T09:05:52-0700] all GitLab allocation 160 jobs have complete FULL logs
[2026-07-03T09:06:52-0700] all GitLab allocation 160 jobs have complete FULL logs
[2026-07-03T09:07:52-0700] all GitLab allocation 160 jobs have complete FULL logs
[2026-07-03T09:08:53-0700] all GitLab allocation 160 jobs have complete FULL logs
[2026-07-03T09:09:53-0700] all GitLab allocation 160 jobs have complete FULL logs
[2026-07-03T09:10:53-0700] all GitLab allocation 160 jobs have complete FULL logs
[2026-07-03T09:11:53-0700] all GitLab allocation 160 jobs have complete FULL logs
[2026-07-03T09:12:53-0700] all GitLab allocation 160 jobs have complete FULL logs
[2026-07-03T09:13:53-0700] all GitLab allocation 160 jobs have complete FULL logs
[2026-07-03T09:14:53-0700] all GitLab allocation 160 jobs have complete FULL logs
[2026-07-03T09:15:54-0700] all GitLab allocation 160 jobs have complete FULL logs
[2026-07-03T09:16:54-0700] all GitLab allocation 160 jobs have complete FULL logs
[2026-07-03T09:17:54-0700] all GitLab allocation 160 jobs have complete FULL logs
[2026-07-03T09:18:54-0700] all GitLab allocation 160 jobs have complete FULL logs
[2026-07-03T09:19:54-0700] all GitLab allocation 160 jobs have complete FULL logs
[2026-07-03T09:20:54-0700] all GitLab allocation 160 jobs have complete FULL logs
[2026-07-03T09:21:54-0700] all GitLab allocation 160 jobs have complete FULL logs
[2026-07-03T09:22:55-0700] all GitLab allocation 160 jobs have complete FULL logs
[2026-07-03T09:23:55-0700] all GitLab allocation 160 jobs have complete FULL logs
[2026-07-03T09:24:55-0700] all GitLab allocation 160 jobs have complete FULL logs
[2026-07-03T09:25:55-0700] all GitLab allocation 160 jobs have complete FULL logs
[2026-07-03T09:26:55-0700] all GitLab allocation 160 jobs have complete FULL logs
[2026-07-03T09:27:55-0700] all GitLab allocation 160 jobs have complete FULL logs
[2026-07-03T09:28:56-0700] all GitLab allocation 160 jobs have complete FULL logs
[2026-07-03T09:29:56-0700] all GitLab allocation 160 jobs have complete FULL logs
[2026-07-03T09:30:56-0700] all GitLab allocation 160 jobs have complete FULL logs
[2026-07-03T09:31:56-0700] all GitLab allocation 160 jobs have complete FULL logs
[2026-07-03T09:32:56-0700] all GitLab allocation 160 jobs have complete FULL logs
[2026-07-03T09:33:56-0700] all GitLab allocation 160 jobs have complete FULL logs
[2026-07-03T09:34:56-0700] all GitLab allocation 160 jobs have complete FULL logs
[2026-07-03T09:35:57-0700] all GitLab allocation 160 jobs have complete FULL logs
[2026-07-03T09:36:57-0700] all GitLab allocation 160 jobs have complete FULL logs
[2026-07-03T09:37:57-0700] all GitLab allocation 160 jobs have complete FULL logs
[2026-07-03T09:38:57-0700] all GitLab allocation 160 jobs have complete FULL logs
[2026-07-03T09:39:57-0700] all GitLab allocation 160 jobs have complete FULL logs
[2026-07-03T09:40:57-0700] all GitLab allocation 160 jobs have complete FULL logs
[2026-07-03T09:41:57-0700] all GitLab allocation 160 jobs have complete FULL logs
[2026-07-03T09:42:58-0700] all GitLab allocation 160 jobs have complete FULL logs
[2026-07-03T09:43:58-0700] all GitLab allocation 160 jobs have complete FULL logs
[2026-07-03T09:44:58-0700] all GitLab allocation 160 jobs have complete FULL logs
[2026-07-03T09:45:58-0700] all GitLab allocation 160 jobs have complete FULL logs
[2026-07-03T09:46:58-0700] all GitLab allocation 160 jobs have complete FULL logs
[2026-07-03T09:47:58-0700] all GitLab allocation 160 jobs have complete FULL logs
[2026-07-03T09:48:58-0700] all GitLab allocation 160 jobs have complete FULL logs
[2026-07-03T09:49:59-0700] all GitLab allocation 160 jobs have complete FULL logs
[2026-07-03T09:50:59-0700] all GitLab allocation 160 jobs have complete FULL logs
[2026-07-03T09:51:59-0700] all GitLab allocation 160 jobs have complete FULL logs
[2026-07-03T09:52:59-0700] all GitLab allocation 160 jobs have complete FULL logs
[2026-07-03T09:53:59-0700] all GitLab allocation 160 jobs have complete FULL logs
[2026-07-03T09:54:59-0700] all GitLab allocation 160 jobs have complete FULL logs
[2026-07-03T09:55:59-0700] all GitLab allocation 160 jobs have complete FULL logs
[2026-07-03T09:57:00-0700] all GitLab allocation 160 jobs have complete FULL logs
[2026-07-03T09:58:00-0700] all GitLab allocation 160 jobs have complete FULL logs
[2026-07-03T09:59:00-0700] all GitLab allocation 160 jobs have complete FULL logs
[2026-07-03T10:00:00-0700] all GitLab allocation 160 jobs have complete FULL logs
[2026-07-03T10:01:00-0700] all GitLab allocation 160 jobs have complete FULL logs
[2026-07-03T10:02:00-0700] all GitLab allocation 160 jobs have complete FULL logs
[2026-07-03T10:03:01-0700] all GitLab allocation 160 jobs have complete FULL logs
[2026-07-03T10:04:01-0700] all GitLab allocation 160 jobs have complete FULL logs
[2026-07-03T10:05:01-0700] all GitLab allocation 160 jobs have complete FULL logs
[2026-07-03T10:06:01-0700] all GitLab allocation 160 jobs have complete FULL logs
[2026-07-03T10:07:01-0700] all GitLab allocation 160 jobs have complete FULL logs
[2026-07-03T10:08:01-0700] all GitLab allocation 160 jobs have complete FULL logs
[2026-07-03T10:09:01-0700] all GitLab allocation 160 jobs have complete FULL logs
[2026-07-03T10:10:02-0700] all GitLab allocation 160 jobs have complete FULL logs
[2026-07-03T10:11:02-0700] all GitLab allocation 160 jobs have complete FULL logs
[2026-07-03T10:12:02-0700] all GitLab allocation 160 jobs have complete FULL logs
[2026-07-03T10:13:02-0700] all GitLab allocation 160 jobs have complete FULL logs
[2026-07-03T10:14:02-0700] all GitLab allocation 160 jobs have complete FULL logs
[2026-07-03T10:15:02-0700] all GitLab allocation 160 jobs have complete FULL logs
[2026-07-03T10:16:02-0700] all GitLab allocation 160 jobs have complete FULL logs
[2026-07-03T10:17:03-0700] all GitLab allocation 160 jobs have complete FULL logs
[2026-07-03T10:18:03-0700] all GitLab allocation 160 jobs have complete FULL logs
[2026-07-03T10:19:03-0700] all GitLab allocation 160 jobs have complete FULL logs
[2026-07-03T10:20:03-0700] all GitLab allocation 160 jobs have complete FULL logs
[2026-07-03T10:21:03-0700] all GitLab allocation 160 jobs have complete FULL logs
[2026-07-03T10:22:03-0700] all GitLab allocation 160 jobs have complete FULL logs
[2026-07-03T10:23:04-0700] all GitLab allocation 160 jobs have complete FULL logs
[2026-07-03T10:24:04-0700] all GitLab allocation 160 jobs have complete FULL logs
[2026-07-03T10:25:04-0700] all GitLab allocation 160 jobs have complete FULL logs
[2026-07-03T10:26:04-0700] all GitLab allocation 160 jobs have complete FULL logs
[2026-07-03T10:27:04-0700] all GitLab allocation 160 jobs have complete FULL logs
[2026-07-03T10:28:04-0700] all GitLab allocation 160 jobs have complete FULL logs
[2026-07-03T10:29:04-0700] all GitLab allocation 160 jobs have complete FULL logs
[2026-07-03T10:30:05-0700] all GitLab allocation 160 jobs have complete FULL logs
[2026-07-03T10:31:05-0700] all GitLab allocation 160 jobs have complete FULL logs
[2026-07-03T10:32:05-0700] all GitLab allocation 160 jobs have complete FULL logs
[2026-07-03T10:33:05-0700] all GitLab allocation 160 jobs have complete FULL logs
[2026-07-03T10:34:05-0700] all GitLab allocation 160 jobs have complete FULL logs
[2026-07-03T10:35:05-0700] all GitLab allocation 160 jobs have complete FULL logs
[2026-07-03T10:36:05-0700] all GitLab allocation 160 jobs have complete FULL logs
[2026-07-03T10:37:06-0700] all GitLab allocation 160 jobs have complete FULL logs
[2026-07-03T10:38:06-0700] all GitLab allocation 160 jobs have complete FULL logs
[2026-07-03T10:39:06-0700] all GitLab allocation 160 jobs have complete FULL logs
[2026-07-03T10:40:06-0700] all GitLab allocation 160 jobs have complete FULL logs
[2026-07-03T10:41:07-0700] all GitLab allocation 160 jobs have complete FULL logs
[2026-07-03T10:42:07-0700] all GitLab allocation 160 jobs have complete FULL logs
[2026-07-03T10:43:07-0700] all GitLab allocation 160 jobs have complete FULL logs
[2026-07-03T10:44:07-0700] all GitLab allocation 160 jobs have complete FULL logs
[2026-07-03T10:45:08-0700] all GitLab allocation 160 jobs have complete FULL logs
[2026-07-03T10:46:08-0700] all GitLab allocation 160 jobs have complete FULL logs
[2026-07-03T10:47:08-0700] all GitLab allocation 160 jobs have complete FULL logs
[2026-07-03T10:48:08-0700] all GitLab allocation 160 jobs have complete FULL logs
[2026-07-03T10:49:09-0700] all GitLab allocation 160 jobs have complete FULL logs
[2026-07-03T10:50:09-0700] all GitLab allocation 160 jobs have complete FULL logs
[2026-07-03T10:51:09-0700] all GitLab allocation 160 jobs have complete FULL logs
[2026-07-03T10:52:10-0700] all GitLab allocation 160 jobs have complete FULL logs
[2026-07-03T10:53:31-0700] all GitLab allocation 160 jobs have complete FULL logs
[2026-07-03T10:54:32-0700] all GitLab allocation 160 jobs have complete FULL logs
[2026-07-03T10:55:32-0700] all GitLab allocation 160 jobs have complete FULL logs
[2026-07-03T10:56:32-0700] all GitLab allocation 160 jobs have complete FULL logs
[2026-07-03T10:57:32-0700] all GitLab allocation 160 jobs have complete FULL logs
[2026-07-03T10:58:32-0700] all GitLab allocation 160 jobs have complete FULL logs
[2026-07-03T10:59:32-0700] all GitLab allocation 160 jobs have complete FULL logs
[2026-07-03T11:00:32-0700] all GitLab allocation 160 jobs have complete FULL logs
[2026-07-03T11:01:33-0700] all GitLab allocation 160 jobs have complete FULL logs
[2026-07-03T11:02:33-0700] all GitLab allocation 160 jobs have complete FULL logs
[2026-07-03T11:03:33-0700] all GitLab allocation 160 jobs have complete FULL logs
[2026-07-03T11:04:33-0700] all GitLab allocation 160 jobs have complete FULL logs
[2026-07-03T11:05:33-0700] all GitLab allocation 160 jobs have complete FULL logs
[2026-07-03T11:06:33-0700] all GitLab allocation 160 jobs have complete FULL logs
[2026-07-03T11:07:34-0700] all GitLab allocation 160 jobs have complete FULL logs
[2026-07-03T11:08:34-0700] all GitLab allocation 160 jobs have complete FULL logs
[2026-07-03T11:09:34-0700] all GitLab allocation 160 jobs have complete FULL logs
[2026-07-03T11:10:34-0700] all GitLab allocation 160 jobs have complete FULL logs
[2026-07-03T11:11:34-0700] all GitLab allocation 160 jobs have complete FULL logs
[2026-07-03T11:12:34-0700] all GitLab allocation 160 jobs have complete FULL logs
[2026-07-03T11:13:35-0700] all GitLab allocation 160 jobs have complete FULL logs
[2026-07-03T11:14:35-0700] all GitLab allocation 160 jobs have complete FULL logs
[2026-07-03T11:15:35-0700] all GitLab allocation 160 jobs have complete FULL logs
